snapshot_date,job_id,job_url,job_title_raw,role_bucket,store_number,store_name,street_address,city,state,postal_code,country,posted_text,posted_ts_raw,posted_date,days_since_posted,fetched_date,creation_ts_raw,req_created_date,req_age_days,reposted_requisition,latitude,longitude,position_id,dedup_key,store_key,department,work_location_option,location_raw,n_locations,all_states,search_ids,n_searches
2026-10-01,260057347,https://apply.starbucks.com/careers/job/481079587774,"shift supervisor - Store# 08454, 796 FIFTH AVE",SHIFT_SUPERVISOR,08454,796 FIFTH AVE,"796 5th Ave S, 796 Fifth Avenue, #101",Naples,FL,,US,,1784347200,2026-07-18,75,2026-10-01,1784468481,2026-07-19,74,False,26.1415342,-81.79652519999999,481079587774,id:260057347,store:08454,Shift Supervisor,onsite,"796 5th Ave S, 796 Fifth Avenue, #101, Naples, Florida, United States",1,FL,CONUS_L0_001_007,1
2026-10-01,260059970,https://apply.starbucks.com/careers/job/481080079159,"barista - Store# 08454, 796 FIFTH AVE",BARISTA,08454,796 FIFTH AVE,"796 5th Ave S, 796 Fifth Avenue, #101",Naples,FL,,US,,1786161600,2026-08-08,54,2026-10-01,1786283249,2026-08-09,53,False,26.1415342,-81.79652519999999,481080079159,id:260059970,store:08454,Barista,onsite,"796 5th Ave S, 796 Fifth Avenue, #101, Naples, Florida, United States",1,FL,CONUS_L0_001_007,1
2026-10-01,260055291,https://apply.starbucks.com/careers/job/481079453814,"barista - Store# 29622, OLD TRAIL DRIVE & US 41",BARISTA,29622,OLD TRAIL DRIVE & US 41,830 Old Trail Dr,Naples,FL,,US,,1783828800,2026-07-12,81,2026-10-01,1783950479,2026-07-13,80,False,26.1971009,-81.80172549999999,481079453814,id:260055291,store:29622,Barista,onsite,"830 Old Trail Dr, Naples, Florida, United States",1,FL,CONUS_L0_001_007,1
2026-10-01,260080010,https://apply.starbucks.com/careers/job/481081029596,"shift supervisor - Store# 29622, OLD TRAIL DRIVE & US 41",SHIFT_SUPERVISOR,29622,OLD TRAIL DRIVE & US 41,830 Old Trail Dr,Naples,FL,,US,,1790481600,2026-09-27,4,2026-10-01,1790603395,2026-09-28,3,False,26.1971009,-81.80172549999999,481081029596,id:260080010,store:29622,Shift Supervisor,onsite,"830 Old Trail Dr, Naples, Florida, United States",1,FL,CONUS_L0_001_007,1
2026-10-01,260061006,https://apply.starbucks.com/careers/job/481080238128,"store manager - North Naples, FL",STORE_MANAGER,,,,Naples,FL,,US,,1789402004,2026-09-14,17,2026-10-01,1786995766,2026-08-17,45,True,26.1420358,-81.7948103,481080238128,id:260061006,,Coffeehouse Leader,onsite,"Naples, Florida, United States",1,FL,CONUS_L0_001_007,1
2026-10-01,260057434,https://apply.starbucks.com/careers/job/481079604804,"barista - Store# 08519, IMMOKALEE & 41",BARISTA,08519,IMMOKALEE & 41,"11232 Tamiami Trl N, RiverChase Shopping Center",Naples,FL,,US,,1784433600,2026-07-19,74,2026-10-01,1784554760,2026-07-20,73,False,26.2747827,-81.8002948,481079604804,id:260057434,store:08519,Barista,onsite,"11232 Tamiami Trl N, RiverChase Shopping Center, Naples, Florida, United States",1,FL,CONUS_L0_001_007,1
2026-10-01,260078986,https://apply.starbucks.com/careers/job/481080965102,"shift supervisor - Store# 08519, IMMOKALEE & 41",SHIFT_SUPERVISOR,08519,IMMOKALEE & 41,"11232 Tamiami Trl N, RiverChase Shopping Center",Naples,FL,,US,,1790049600,2026-09-22,9,2026-10-01,1790171093,2026-09-23,8,False,26.2747827,-81.8002948,481080965102,id:260078986,store:08519,Shift Supervisor,onsite,"11232 Tamiami Trl N, RiverChase Shopping Center, Naples, Florida, United States",1,FL,CONUS_L0_001_007,1
2026-10-01,260076465,https://apply.starbucks.com/careers/job/481080862216,"barista - Store# 11607, VETERANS PKWY & SURFSIDE BLVD-CAPE CORAL",BARISTA,11607,VETERANS PKWY & SURFSIDE BLVD-CAPE CORAL,"2390 Surfside Blvd, Ste 101",Cape Coral,FL,,US,,1789444800,2026-09-15,16,2026-10-01,1789566893,2026-09-16,15,False,26.6076941,-82.024929,481080862216,id:260076465,store:11607,Barista,onsite,"2390 Surfside Blvd, Ste 101, Cape Coral, Florida, United States",1,FL,CONUS_L0_001_007,1
2026-10-01,260064704,https://apply.starbucks.com/careers/job/481080613737,"shift supervisor - Store# 11607, VETERANS PKWY & SURFSIDE BLVD-CAPE CORAL",SHIFT_SUPERVISOR,11607,VETERANS PKWY & SURFSIDE BLVD-CAPE CORAL,"2390 Surfside Blvd, Ste 101",Cape Coral,FL,,US,,1788062400,2026-08-30,32,2026-10-01,1788184038,2026-08-31,31,False,26.6076941,-82.024929,481080613737,id:260064704,store:11607,Shift Supervisor,onsite,"2390 Surfside Blvd, Ste 101, Cape Coral, Florida, United States",1,FL,CONUS_L0_001_007,1
2026-10-01,260068948,https://apply.starbucks.com/careers/job/481080710302,"shift supervisor - Store# 52131, US 41 & AIRPORT",SHIFT_SUPERVISOR,52131,US 41 & AIRPORT,3260 Tamiami Trl E,Naples,FL,,US,,1788408000,2026-09-03,28,2026-10-01,1788530170,2026-09-04,27,False,26.1266322,-81.76654309999999,481080710302,id:260068948,store:52131,Shift Supervisor,onsite,"3260 Tamiami Trl E, Naples, Florida, United States",1,FL,CONUS_L0_001_007,1
2026-10-01,260070126,https://apply.starbucks.com/careers/job/481080731084,"barista - Store# 52131, US 41 & AIRPORT",BARISTA,52131,US 41 & AIRPORT,3260 Tamiami Trl E,Naples,FL,,US,,1788580800,2026-09-05,26,2026-10-01,1788702645,2026-09-06,25,False,26.1266322,-81.76654309999999,481080731084,id:260070126,store:52131,Barista,onsite,"3260 Tamiami Trl E, Naples, Florida, United States",1,FL,CONUS_L0_001_007,1
2026-10-01,260057220,https://apply.starbucks.com/careers/job/481079587589,"shift supervisor - Store# 81961, AIRPORT PULLING & GOLDEN GATE",SHIFT_SUPERVISOR,81961,AIRPORT PULLING & GOLDEN GATE,2180 Airport Pulling Rd N,Naples,FL,,US,,1784347200,2026-07-18,75,2026-10-01,1784468385,2026-07-19,74,False,26.184138,-81.7673987,481079587589,id:260057220,store:81961,Shift Supervisor,onsite,"2180 Airport Pulling Rd N, Naples, Florida, United States",1,FL,CONUS_L0_001_007,1
2026-10-01,260057286,https://apply.starbucks.com/careers/job/481079587665,"barista - Store# 81961, AIRPORT PULLING & GOLDEN GATE",BARISTA,81961,AIRPORT PULLING & GOLDEN GATE,2180 Airport Pulling Rd N,Naples,FL,,US,,1784347200,2026-07-18,75,2026-10-01,1784468435,2026-07-19,74,False,26.184138,-81.7673987,481079587665,id:260057286,store:81961,Barista,onsite,"2180 Airport Pulling Rd N, Naples, Florida, United States",1,FL,CONUS_L0_001_007,1
2026-10-01,260067949,https://apply.starbucks.com/careers/job/481080699818,"barista - Store# 21921, CAPE CORAL PKWY",BARISTA,21921,CAPE CORAL PKWY,4802 Chester St,Cape Coral,FL,,US,,1788321600,2026-09-02,29,2026-10-01,1788456777,2026-09-03,28,False,26.56242,-81.95618,481080699818,id:260067949,store:21921,Barista,onsite,"4802 Chester St, Cape Coral, Florida, United States",1,FL,CONUS_L0_001_007,1
2026-10-01,260070666,https://apply.starbucks.com/careers/job/481080741823,"shift supervisor - Store# 21921, CAPE CORAL PKWY",SHIFT_SUPERVISOR,21921,CAPE CORAL PKWY,4802 Chester St,Cape Coral,FL,,US,,1788667200,2026-09-06,25,2026-10-01,1788788597,2026-09-07,24,False,26.56242,-81.95618,481080741823,id:260070666,store:21921,Shift Supervisor,onsite,"4802 Chester St, Cape Coral, Florida, United States",1,FL,CONUS_L0_001_007,1
2026-10-01,260066456,https://apply.starbucks.com/careers/job/481080679594,"shift supervisor - Store# 22555, US 41 & W TERRY",SHIFT_SUPERVISOR,22555,US 41 & W TERRY,27250 Bay Landing Dr,Bonita Springs,FL,,US,,1788321600,2026-09-02,29,2026-10-01,1788357993,2026-09-02,29,False,26.34383,-81.80648,481080679594,id:260066456,store:22555,Shift Supervisor,onsite,"27250 Bay Landing Dr, Bonita Springs, Florida, United States",1,FL,CONUS_L0_001_007,1
2026-10-01,260067978,https://apply.starbucks.com/careers/job/481080699732,"shift supervisor - Store# 22555, US 41 & W TERRY",SHIFT_SUPERVISOR,22555,US 41 & W TERRY,27250 Bay Landing Dr,Bonita Springs,FL,,US,,1788321600,2026-09-02,29,2026-10-01,1788456805,2026-09-03,28,False,26.34383,-81.80648,481080699732,id:260067978,store:22555,Shift Supervisor,onsite,"27250 Bay Landing Dr, Bonita Springs, Florida, United States",1,FL,CONUS_L0_001_007,1
2026-10-01,260079451,https://apply.starbucks.com/careers/job/481080998723,"barista - Store# 22555, US 41 & W TERRY",BARISTA,22555,US 41 & W TERRY,27250 Bay Landing Dr,Bonita Springs,FL,,US,,1790222400,2026-09-24,7,2026-10-01,1790344022,2026-09-25,6,False,26.34383,-81.80648,481080998723,id:260079451,store:22555,Barista,onsite,"27250 Bay Landing Dr, Bonita Springs, Florida, United States",1,FL,CONUS_L0_001_007,1
2026-10-01,260063380,https://apply.starbucks.com/careers/job/481080566209,"shift supervisor - Store# 10359, VANDERBILT & AIRPORT-NAPLES",SHIFT_SUPERVISOR,10359,VANDERBILT & AIRPORT-NAPLES,"2315 Vanderbilt Beach Rd, 308",Naples,FL,,US,,1787803200,2026-08-27,35,2026-10-01,1787924876,2026-08-28,34,False,26.244234,-81.772296,481080566209,id:260063380,store:10359,Shift Supervisor,onsite,"2315 Vanderbilt Beach Rd, 308, Naples, Florida, United States",1,FL,CONUS_L0_001_007,1
2026-10-01,260063281,https://apply.starbucks.com/careers/job/481080566057,"barista - Store# 10359, VANDERBILT & AIRPORT-NAPLES",BARISTA,10359,VANDERBILT & AIRPORT-NAPLES,"2315 Vanderbilt Beach Rd, 308",Naples,FL,,US,,1787803200,2026-08-27,35,2026-10-01,1787924797,2026-08-28,34,False,26.244234,-81.772296,481080566057,id:260063281,store:10359,Barista,onsite,"2315 Vanderbilt Beach Rd, 308, Naples, Florida, United States",1,FL,CONUS_L0_001_007,1
2026-10-01,260067966,https://apply.starbucks.com/careers/job/481080699859,"shift supervisor - Store# 10726, 4810 DAVIS BLVD",SHIFT_SUPERVISOR,10726,4810 DAVIS BLVD,4810 Davis Blvd,Naples,FL,,US,,1788321600,2026-09-02,29,2026-10-01,1788456794,2026-09-03,28,False,26.13818,-81.74933,481080699859,id:260067966,store:10726,Shift Supervisor,onsite,"4810 Davis Blvd, Naples, Florida, United States",1,FL,CONUS_L0_001_007,1
2026-10-01,260061687,https://apply.starbucks.com/careers/job/481080415965,"barista - Store# 10726, 4810 DAVIS BLVD",BARISTA,10726,4810 DAVIS BLVD,4810 Davis Blvd,Naples,FL,,US,,1787371200,2026-08-22,40,2026-10-01,1787492368,2026-08-23,39,False,26.13818,-81.74933,481080415965,id:260061687,store:10726,Barista,onsite,"4810 Davis Blvd, Naples, Florida, United States",1,FL,CONUS_L0_001_007,1
2026-10-01,260070972,https://apply.starbucks.com/careers/job/481080742154,"barista - Store# 10360, PINERIDGE & LIVINGSTON",BARISTA,10360,PINERIDGE & LIVINGSTON,3370 Pine Ridge Rd,Naples,FL,,US,,1788667200,2026-09-06,25,2026-10-01,1788788841,2026-09-07,24,False,26.2110823,-81.7498592,481080742154,id:260070972,store:10360,Barista,onsite,"3370 Pine Ridge Rd, Naples, Florida, United States",1,FL,CONUS_L0_001_007,1
2026-10-01,260063117,https://apply.starbucks.com/careers/job/481080565406,"shift supervisor - Store# 10360, PINERIDGE & LIVINGSTON",SHIFT_SUPERVISOR,10360,PINERIDGE & LIVINGSTON,3370 Pine Ridge Rd,Naples,FL,,US,,1787803200,2026-08-27,35,2026-10-01,1787924665,2026-08-28,34,False,26.2110823,-81.7498592,481080565406,id:260063117,store:10360,Shift Supervisor,onsite,"3370 Pine Ridge Rd, Naples, Florida, United States",1,FL,CONUS_L0_001_007,1
2026-10-01,260059111,https://apply.starbucks.com/careers/job/481079980402,"barista - Store# 68265, TAMIAMI & VIA RAPALLO",BARISTA,68265,TAMIAMI & VIA RAPALLO,"22790 Via Villagio, 101",Estero,FL,,US,,1785643200,2026-08-02,60,2026-10-01,1785753016,2026-08-03,59,False,26.4131632,-81.81051459999999,481079980402,id:260059111,store:68265,Barista,onsite,"22790 Via Villagio, 101, Estero, Florida, United States",1,FL,CONUS_L0_001_007,1
2026-10-01,260080006,https://apply.starbucks.com/careers/job/481081029598,"shift supervisor - Store# 54916, US 41 & ESTERO PKWY",SHIFT_SUPERVISOR,54916,US 41 & ESTERO PKWY,"20000 S Tamiami Trl, Unit 201",Estero,FL,,US,,1790481600,2026-09-27,4,2026-10-01,1790603390,2026-09-28,3,False,26.4475,-81.81776,481081029598,id:260080006,store:54916,Shift Supervisor,onsite,"20000 S Tamiami Trl, Unit 201, Estero, Florida, United States",1,FL,CONUS_L0_001_007,1
2026-10-01,260069789,https://apply.starbucks.com/careers/job/481080730684,"barista - Store# 54916, US 41 & ESTERO PKWY",BARISTA,54916,US 41 & ESTERO PKWY,"20000 S Tamiami Trl, Unit 201",Estero,FL,,US,,1788580800,2026-09-05,26,2026-10-01,1788702380,2026-09-06,25,False,26.4475,-81.81776,481080730684,id:260069789,store:54916,Barista,onsite,"20000 S Tamiami Trl, Unit 201, Estero, Florida, United States",1,FL,CONUS_L0_001_007,1
2026-10-01,260070767,https://apply.starbucks.com/careers/job/481080741991,"barista - Store# 10152, COLLEGE & WINKLER",BARISTA,10152,COLLEGE & WINKLER,"8609 College Pkwy, 340",Fort Myers,FL,,US,,1788667200,2026-09-06,25,2026-10-01,1788788677,2026-09-07,24,False,26.5562659,-81.89706460000001,481080741991,id:260070767,store:10152,Barista,onsite,"8609 College Pkwy, 340, Fort Myers, Florida, United States",1,FL,CONUS_L0_001_007,1
2026-10-01,260063716,https://apply.starbucks.com/careers/job/481080567144,"shift supervisor - Store# 10152, COLLEGE & WINKLER",SHIFT_SUPERVISOR,10152,COLLEGE & WINKLER,"8609 College Pkwy, 340",Fort Myers,FL,,US,,1787803200,2026-08-27,35,2026-10-01,1787925144,2026-08-28,34,False,26.5562659,-81.89706460000001,481080567144,id:260063716,store:10152,Shift Supervisor,onsite,"8609 College Pkwy, 340, Fort Myers, Florida, United States",1,FL,CONUS_L0_001_007,1
2026-10-01,260053069,https://apply.starbucks.com/careers/job/481079230173,"barista - Store# 09694, RADIO RD & SANTA BARBARA BLVD",BARISTA,09694,RADIO RD & SANTA BARBARA BLVD,"7335 Radio Rd, Unit #1",Naples,FL,,US,,1783137600,2026-07-04,89,2026-10-01,1783258840,2026-07-05,88,False,26.1566938,-81.72027829999999,481079230173,id:260053069,store:09694,Barista,onsite,"7335 Radio Rd, Unit #1, Naples, Florida, United States",1,FL,CONUS_L0_001_007,1
2026-10-01,260063534,https://apply.starbucks.com/careers/job/481080566469,"shift supervisor - Store# 09694, RADIO RD & SANTA BARBARA BLVD",SHIFT_SUPERVISOR,09694,RADIO RD & SANTA BARBARA BLVD,"7335 Radio Rd, Unit #1",Naples,FL,,US,,1787803200,2026-08-27,35,2026-10-01,1787924999,2026-08-28,34,False,26.1566938,-81.72027829999999,481080566469,id:260063534,store:09694,Shift Supervisor,onsite,"7335 Radio Rd, Unit #1, Naples, Florida, United States",1,FL,CONUS_L0_001_007,1
2026-10-01,260068210,https://apply.starbucks.com/careers/job/481080709069,"shift supervisor - Store# 51936, BONITA BEACH & I-75",SHIFT_SUPERVISOR,51936,BONITA BEACH & I-75,"12031 Bonita Beach Rd SE, Ste 110",Bonita Springs,FL,,US,,1788408000,2026-09-03,28,2026-10-01,1788529537,2026-09-04,27,False,26.3307426,-81.75398659999999,481080709069,id:260068210,store:51936,Shift Supervisor,onsite,"12031 Bonita Beach Rd SE, Ste 110, Bonita Springs, Florida, United States",1,FL,CONUS_L0_001_007,1
2026-10-01,260069268,https://apply.starbucks.com/careers/job/481080730070,"barista - Store# 51936, BONITA BEACH & I-75",BARISTA,51936,BONITA BEACH & I-75,"12031 Bonita Beach Rd SE, Ste 110",Bonita Springs,FL,,US,,1788580800,2026-09-05,26,2026-10-01,1788701965,2026-09-06,25,False,26.3307426,-81.75398659999999,481080730070,id:260069268,store:51936,Barista,onsite,"12031 Bonita Beach Rd SE, Ste 110, Bonita Springs, Florida, United States",1,FL,CONUS_L0_001_007,1
2026-10-01,260068193,https://apply.starbucks.com/careers/job/481080709045,"shift supervisor - Store# 29496, DEL PRADO BLVD - CAPE CORAL",SHIFT_SUPERVISOR,29496,DEL PRADO BLVD - CAPE CORAL,"2207 Del Prado Blvd S, Unit 1",Cape Coral,FL,,US,,1788408000,2026-09-03,28,2026-10-01,1788529522,2026-09-04,27,False,26.61104,-81.94039,481080709045,id:260068193,store:29496,Shift Supervisor,onsite,"2207 Del Prado Blvd S, Unit 1, Cape Coral, Florida, United States",1,FL,CONUS_L0_001_007,1
2026-10-01,260053096,https://apply.starbucks.com/careers/job/481079230192,"barista - Store# 29496, DEL PRADO BLVD - CAPE CORAL",BARISTA,29496,DEL PRADO BLVD - CAPE CORAL,"2207 Del Prado Blvd S, Unit 1",Cape Coral,FL,,US,,1783137600,2026-07-04,89,2026-10-01,1783258861,2026-07-05,88,False,26.61104,-81.94039,481079230192,id:260053096,store:29496,Barista,onsite,"2207 Del Prado Blvd S, Unit 1, Cape Coral, Florida, United States",1,FL,CONUS_L0_001_007,1
2026-10-01,260064129,https://apply.starbucks.com/careers/job/481080612675,"barista - Store# 10443, US 41 & DANIELS",BARISTA,10443,US 41 & DANIELS,"5100 Daniels Pkwy, 100",Fort Myers,FL,,US,,1788062400,2026-08-30,32,2026-10-01,1788183558,2026-08-31,31,False,26.5456669,-81.8686297,481080612675,id:260064129,store:10443,Barista,onsite,"5100 Daniels Pkwy, 100, Fort Myers, Florida, United States",1,FL,CONUS_L0_001_007,1
2026-10-01,260080566,https://apply.starbucks.com/careers/job/481081091685,"shift supervisor - Store# 10443, US 41 & DANIELS",SHIFT_SUPERVISOR,10443,US 41 & DANIELS,"5100 Daniels Pkwy, 100",Fort Myers,FL,,US,,1790740800,2026-09-30,1,2026-10-01,1790836057,2026-10-01,0,False,26.5456669,-81.8686297,481081091685,id:260080566,store:10443,Shift Supervisor,onsite,"5100 Daniels Pkwy, 100, Fort Myers, Florida, United States",1,FL,CONUS_L0_001_007,1
2026-10-01,260077562,https://apply.starbucks.com/careers/job/481080891224,"shift supervisor - Store# 08570, COLLIER BLVD & ELKCAM CIRCLE",SHIFT_SUPERVISOR,08570,COLLIER BLVD & ELKCAM CIRCLE,"1080 N Collier Blvd, Suite 112",Marco Island,FL,,US,,1789617600,2026-09-17,14,2026-10-01,1789739262,2026-09-18,13,False,25.9555367,-81.7227525,481080891224,id:260077562,store:08570,Shift Supervisor,onsite,"1080 N Collier Blvd, Suite 112, Marco Island, Florida, United States",1,FL,CONUS_L0_001_007,1
2026-10-01,260077899,https://apply.starbucks.com/careers/job/481080922997,"barista - Store# 08570, COLLIER BLVD & ELKCAM CIRCLE",BARISTA,08570,COLLIER BLVD & ELKCAM CIRCLE,"1080 N Collier Blvd, Suite 112",Marco Island,FL,,US,,1789790400,2026-09-19,12,2026-10-01,1789911573,2026-09-20,11,False,25.9555367,-81.7227525,481080922997,id:260077899,store:08570,Barista,onsite,"1080 N Collier Blvd, Suite 112, Marco Island, Florida, United States",1,FL,CONUS_L0_001_007,1
2026-10-01,260058209,https://apply.starbucks.com/careers/job/481079849721,"shift supervisor - Store# 78964, CORKSCREW RD & THREE OAKS",SHIFT_SUPERVISOR,78964,CORKSCREW RD & THREE OAKS,21301 Town Commons Dr,Estero,FL,,US,,1784952000,2026-07-25,68,2026-10-01,1785073471,2026-07-26,67,False,26.4309543,-81.7855051,481079849721,id:260058209,store:78964,Shift Supervisor,onsite,"21301 Town Commons Dr, Estero, Florida, United States",1,FL,CONUS_L0_001_007,1
2026-10-01,260070447,https://apply.starbucks.com/careers/job/481080741471,"shift supervisor - Store# 67834, METRO PKWY & 6 MILE CYPRESS PKWY",SHIFT_SUPERVISOR,67834,METRO PKWY & 6 MILE CYPRESS PKWY,14721 Hope Center Loop,Fort Myers,FL,,US,,1788667200,2026-09-06,25,2026-10-01,1788788425,2026-09-07,24,False,26.52942,-81.84861,481080741471,id:260070447,store:67834,Shift Supervisor,onsite,"14721 Hope Center Loop, Fort Myers, Florida, United States",1,FL,CONUS_L0_001_007,1
2026-10-01,260069163,https://apply.starbucks.com/careers/job/481080710761,"shift supervisor - Store# 26924, COLLIER & TRIANGLE - NAPLES",SHIFT_SUPERVISOR,26924,COLLIER & TRIANGLE - NAPLES,"6839 Collier Blvd, Ste 101",Naples,FL,,US,,1788408000,2026-09-03,28,2026-10-01,1788530351,2026-09-04,27,False,26.0667588,-81.6976274,481080710761,id:260069163,store:26924,Shift Supervisor,onsite,"6839 Collier Blvd, Ste 101, Naples, Florida, United States",1,FL,CONUS_L0_001_007,1
2026-10-01,260059629,https://apply.starbucks.com/careers/job/481080017664,"barista - Store# 26924, COLLIER & TRIANGLE - NAPLES",BARISTA,26924,COLLIER & TRIANGLE - NAPLES,"6839 Collier Blvd, Ste 101",Naples,FL,,US,,1785816000,2026-08-04,58,2026-10-01,1785937721,2026-08-05,57,False,26.0667588,-81.6976274,481080017664,id:260059629,store:26924,Barista,onsite,"6839 Collier Blvd, Ste 101, Naples, Florida, United States",1,FL,CONUS_L0_001_007,1
2026-10-01,260060341,https://apply.starbucks.com/careers/job/481080125969,"barista - Store# 47042, S CLEVELAND AVENUE & TRAILWINDS",BARISTA,47042,S CLEVELAND AVENUE & TRAILWINDS,"11801 S Cleveland Ave, Unit 100",Fort Myers,FL,,US,,1786420800,2026-08-11,51,2026-10-01,1786542320,2026-08-12,50,False,26.56862,-81.8714,481080125969,id:260060341,store:47042,Barista,onsite,"11801 S Cleveland Ave, Unit 100, Fort Myers, Florida, United States",1,FL,CONUS_L0_001_007,1
2026-10-01,260068185,https://apply.starbucks.com/careers/job/481080709043,"shift supervisor - Store# 47042, S CLEVELAND AVENUE & TRAILWINDS",SHIFT_SUPERVISOR,47042,S CLEVELAND AVENUE & TRAILWINDS,"11801 S Cleveland Ave, Unit 100",Fort Myers,FL,,US,,1788408000,2026-09-03,28,2026-10-01,1788529514,2026-09-04,27,False,26.56862,-81.8714,481080709043,id:260068185,store:47042,Shift Supervisor,onsite,"11801 S Cleveland Ave, Unit 100, Fort Myers, Florida, United States",1,FL,CONUS_L0_001_007,1
2026-10-01,260080335,https://apply.starbucks.com/careers/job/481081059226,"barista - Store# 52053, BEN HILL GRIFFIN PARKWAY",BARISTA,52053,BEN HILL GRIFFIN PARKWAY,"19533 Highland Oaks Dr, Ste 104",Estero,FL,,US,,1790568000,2026-09-28,3,2026-10-01,1790689736,2026-09-29,2,False,26.4402202,-81.77216539999999,481081059226,id:260080335,store:52053,Barista,onsite,"19533 Highland Oaks Dr, Ste 104, Estero, Florida, United States",1,FL,CONUS_L0_001_007,1
2026-10-01,260068263,https://apply.starbucks.com/careers/job/481080709184,"shift supervisor - Store# 52053, BEN HILL GRIFFIN PARKWAY",SHIFT_SUPERVISOR,52053,BEN HILL GRIFFIN PARKWAY,"19533 Highland Oaks Dr, Ste 104",Estero,FL,,US,,1788408000,2026-09-03,28,2026-10-01,1788529584,2026-09-04,27,False,26.4402202,-81.77216539999999,481080709184,id:260068263,store:52053,Shift Supervisor,onsite,"19533 Highland Oaks Dr, Ste 104, Estero, Florida, United States",1,FL,CONUS_L0_001_007,1
2026-10-01,260074165,https://apply.starbucks.com/careers/job/481080813944,"barista - Store# 81615, ALICO & ORIOLE",BARISTA,81615,ALICO & ORIOLE,"17021 Three Oaks Marketplace Dr, Unit 102",Fort Myers,FL,,US,,1789185600,2026-09-12,19,2026-10-01,1789307581,2026-09-13,18,False,26.493536,-81.80516,481080813944,id:260074165,store:81615,Barista,onsite,"17021 Three Oaks Marketplace Dr, Unit 102, Fort Myers, Florida, United States",1,FL,CONUS_L0_001_007,1
2026-10-01,260072713,https://apply.starbucks.com/careers/job/481080796191,"shift supervisor - Store# 81615, ALICO & ORIOLE",SHIFT_SUPERVISOR,81615,ALICO & ORIOLE,"17021 Three Oaks Marketplace Dr, Unit 102",Fort Myers,FL,,US,,1789012800,2026-09-10,21,2026-10-01,1789135289,2026-09-11,20,False,26.493536,-81.80516,481080796191,id:260072713,store:81615,Shift Supervisor,onsite,"17021 Three Oaks Marketplace Dr, Unit 102, Fort Myers, Florida, United States",1,FL,CONUS_L0_001_007,1
2026-10-01,260072134,https://apply.starbucks.com/careers/job/481080765196,"shift supervisor - Store# 21155, Gulf Coast Town Center",SHIFT_SUPERVISOR,21155,Gulf Coast Town Center,"10010 University Plaza Dr, Ste 100",Fort Myers,FL,,US,,1788840000,2026-09-08,23,2026-10-01,1788961687,2026-09-09,22,False,26.4918329,-81.7866693,481080765196,id:260072134,store:21155,Shift Supervisor,onsite,"10010 University Plaza Dr, Ste 100, Fort Myers, Florida, United States",1,FL,CONUS_L0_001_007,1
2026-10-01,260078538,https://apply.starbucks.com/careers/job/481080936561,"barista - Store# 21155, Gulf Coast Town Center",BARISTA,21155,Gulf Coast Town Center,"10010 University Plaza Dr, Ste 100",Fort Myers,FL,,US,,1789876800,2026-09-20,11,2026-10-01,1789998355,2026-09-21,10,False,26.4918329,-81.7866693,481080936561,id:260078538,store:21155,Barista,onsite,"10010 University Plaza Dr, Ste 100, Fort Myers, Florida, United States",1,FL,CONUS_L0_001_007,1
2026-10-01,260060072,https://apply.starbucks.com/careers/job/481080087821,"barista - Store# 26974, COLLIER & IMMOKALEE - NAPLES",BARISTA,26974,COLLIER & IMMOKALEE - NAPLES,"8867 Immokalee Rd, unit 101",Naples,FL,,US,,1786248000,2026-08-09,53,2026-10-01,1786369518,2026-08-10,52,False,26.27384,-81.68625,481080087821,id:260060072,store:26974,Barista,onsite,"8867 Immokalee Rd, unit 101, Naples, Florida, United States",1,FL,CONUS_L0_001_007,1
2026-10-01,260069924,https://apply.starbucks.com/careers/job/481080730843,"shift supervisor - Store# 26974, COLLIER & IMMOKALEE - NAPLES",SHIFT_SUPERVISOR,26974,COLLIER & IMMOKALEE - NAPLES,"8867 Immokalee Rd, unit 101",Naples,FL,,US,,1788580800,2026-09-05,26,2026-10-01,1788702485,2026-09-06,25,False,26.27384,-81.68625,481080730843,id:260069924,store:26974,Shift Supervisor,onsite,"8867 Immokalee Rd, unit 101, Naples, Florida, United States",1,FL,CONUS_L0_001_007,1
2026-10-01,260063369,https://apply.starbucks.com/careers/job/481080566124,"shift supervisor - Store# 10233, COLONIAL BLVD & FOWLER ST-FT MYERS",SHIFT_SUPERVISOR,10233,COLONIAL BLVD & FOWLER ST-FT MYERS,4450 Fowler St,Fort Myers,FL,,US,,1787803200,2026-08-27,35,2026-10-01,1787924867,2026-08-28,34,False,26.5975369,-81.8632954,481080566124,id:260063369,store:10233,Shift Supervisor,onsite,"4450 Fowler St, Fort Myers, Florida, United States",1,FL,CONUS_L0_001_007,1
2026-10-01,260073602,https://apply.starbucks.com/careers/job/481080812962,"barista - Store# 10233, COLONIAL BLVD & FOWLER ST-FT MYERS",BARISTA,10233,COLONIAL BLVD & FOWLER ST-FT MYERS,4450 Fowler St,Fort Myers,FL,,US,,1789185600,2026-09-12,19,2026-10-01,1789307058,2026-09-13,18,False,26.5975369,-81.8632954,481080812962,id:260073602,store:10233,Barista,onsite,"4450 Fowler St, Fort Myers, Florida, United States",1,FL,CONUS_L0_001_007,1
2026-10-01,260079151,https://apply.starbucks.com/careers/job/481080965585,"barista - Store# 11783, Pine Island & Pondella",BARISTA,11783,Pine Island & Pondella,1731 NE Pine Island Rd,Cape Coral,FL,,US,,1790049600,2026-09-22,9,2026-10-01,1790171232,2026-09-23,8,False,26.66997,-81.93738,481080965585,id:260079151,store:11783,Barista,onsite,"1731 NE Pine Island Rd, Cape Coral, Florida, United States",1,FL,CONUS_L0_001_007,1
2026-10-01,260069573,https://apply.starbucks.com/careers/job/481080730452,"shift supervisor - Store# 11783, Pine Island & Pondella",SHIFT_SUPERVISOR,11783,Pine Island & Pondella,1731 NE Pine Island Rd,Cape Coral,FL,,US,,1788580800,2026-09-05,26,2026-10-01,1788702206,2026-09-06,25,False,26.66997,-81.93738,481080730452,id:260069573,store:11783,Shift Supervisor,onsite,"1731 NE Pine Island Rd, Cape Coral, Florida, United States",1,FL,CONUS_L0_001_007,1
2026-10-01,260065816,https://apply.starbucks.com/careers/job/481080678244,"shift supervisor - Store# 19296, PALOMINO DR & DANIELS PKWY",SHIFT_SUPERVISOR,19296,PALOMINO DR & DANIELS PKWY,"9011 Daniels Pkwy, Suite 101",Fort Myers,FL,,US,,1788321600,2026-09-02,29,2026-10-01,1788357421,2026-09-02,29,False,26.54786,-81.8059,481080678244,id:260065816,store:19296,Shift Supervisor,onsite,"9011 Daniels Pkwy, Suite 101, Fort Myers, Florida, United States",1,FL,CONUS_L0_001_007,1
2026-10-01,260060213,https://apply.starbucks.com/careers/job/481080108597,"barista - Store# 19296, PALOMINO DR & DANIELS PKWY",BARISTA,19296,PALOMINO DR & DANIELS PKWY,"9011 Daniels Pkwy, Suite 101",Fort Myers,FL,,US,,1786334400,2026-08-10,52,2026-10-01,1786455926,2026-08-11,51,False,26.54786,-81.8059,481080108597,id:260060213,store:19296,Barista,onsite,"9011 Daniels Pkwy, Suite 101, Fort Myers, Florida, United States",1,FL,CONUS_L0_001_007,1
2026-10-01,260063624,https://apply.starbucks.com/careers/job/481080567668,"shift supervisor - Store# 10440, FIRST ST & BROADWAY",SHIFT_SUPERVISOR,10440,FIRST ST & BROADWAY,1514 Broadway,Fort Myers,FL,,US,,1787803200,2026-08-27,35,2026-10-01,1787925072,2026-08-28,34,False,26.6436027,-81.8708279,481080567668,id:260063624,store:10440,Shift Supervisor,onsite,"1514 Broadway, Fort Myers, Florida, United States",1,FL,CONUS_L0_001_007,1
2026-10-01,260063044,https://apply.starbucks.com/careers/job/481080565249,"barista - Store# 10440, FIRST ST & BROADWAY",BARISTA,10440,FIRST ST & BROADWAY,1514 Broadway,Fort Myers,FL,,US,,1787803200,2026-08-27,35,2026-10-01,1787924607,2026-08-28,34,False,26.6436027,-81.8708279,481080565249,id:260063044,store:10440,Barista,onsite,"1514 Broadway, Fort Myers, Florida, United States",1,FL,CONUS_L0_001_007,1
2026-10-01,260075746,https://apply.starbucks.com/careers/job/481080840535,"shift supervisor - Store# 69074, MERCHANTS CROSSING",SHIFT_SUPERVISOR,69074,MERCHANTS CROSSING,3141 NE Pine Island Rd,Cape Coral,FL,,US,,1789358400,2026-09-14,17,2026-10-01,1789480008,2026-09-15,16,False,26.682702,-81.903069,481080840535,id:260075746,store:69074,Shift Supervisor,onsite,"3141 NE Pine Island Rd, Cape Coral, Florida, United States",1,FL,CONUS_L0_001_007,1
2026-10-01,260074211,https://apply.starbucks.com/careers/job/481080814010,"barista - Store# 69074, MERCHANTS CROSSING",BARISTA,69074,MERCHANTS CROSSING,3141 NE Pine Island Rd,Cape Coral,FL,,US,,1789185600,2026-09-12,19,2026-10-01,1789307623,2026-09-13,18,False,26.682702,-81.903069,481080814010,id:260074211,store:69074,Barista,onsite,"3141 NE Pine Island Rd, Cape Coral, Florida, United States",1,FL,CONUS_L0_001_007,1
2026-10-01,260071863,https://apply.starbucks.com/careers/job/481080764765,"shift supervisor - Store# 73040, SIX MILE CYPRESS PKWY & DANI DRIVE",SHIFT_SUPERVISOR,73040,SIX MILE CYPRESS PKWY & DANI DRIVE,"7935 Dani Dr, Ste 100",Fort Myers,FL,,US,,1788840000,2026-09-08,23,2026-10-01,1788961465,2026-09-09,22,False,26.602669,-81.8103864,481080764765,id:260071863,store:73040,Shift Supervisor,onsite,"7935 Dani Dr, Ste 100, Fort Myers, Florida, United States",1,FL,CONUS_L0_001_007,1
2026-10-01,260054657,https://apply.starbucks.com/careers/job/481079405757,"barista - Store# 73040, SIX MILE CYPRESS PKWY & DANI DRIVE",BARISTA,73040,SIX MILE CYPRESS PKWY & DANI DRIVE,"7935 Dani Dr, Ste 100",Fort Myers,FL,,US,,1783569600,2026-07-09,84,2026-10-01,1783691498,2026-07-10,83,False,26.602669,-81.8103864,481079405757,id:260054657,store:73040,Barista,onsite,"7935 Dani Dr, Ste 100, Fort Myers, Florida, United States",1,FL,CONUS_L0_001_007,1
2026-10-01,260072205,https://apply.starbucks.com/careers/job/481080765348,"shift supervisor - Store# 78513, COLONIAL BLVD & SIX MILE",SHIFT_SUPERVISOR,78513,COLONIAL BLVD & SIX MILE,4790 Colonial Blvd,Fort Myers,FL,,US,,1788840000,2026-09-08,23,2026-10-01,1788961742,2026-09-09,22,False,26.6126175,-81.8129438,481080765348,id:260072205,store:78513,Shift Supervisor,onsite,"4790 Colonial Blvd, Fort Myers, Florida, United States",1,FL,CONUS_L0_001_007,1
2026-10-01,260072208,https://apply.starbucks.com/careers/job/481080765356,"barista - Store# 78513, COLONIAL BLVD & SIX MILE",BARISTA,78513,COLONIAL BLVD & SIX MILE,4790 Colonial Blvd,Fort Myers,FL,,US,,1788840000,2026-09-08,23,2026-10-01,1788961745,2026-09-09,22,False,26.6126175,-81.8129438,481080765356,id:260072208,store:78513,Barista,onsite,"4790 Colonial Blvd, Fort Myers, Florida, United States",1,FL,CONUS_L0_001_007,1
2026-10-01,260059929,https://apply.starbucks.com/careers/job/481080079115,"barista - Store# 11482, FORUM BLVD & DYNASTY DR",BARISTA,11482,FORUM BLVD & DYNASTY DR,"3405 Forum Blvd, Unit 110",Fort Myers,FL,,US,,1786161600,2026-08-08,54,2026-10-01,1786283217,2026-08-09,53,False,26.61568,-81.79657,481080079115,id:260059929,store:11482,Barista,onsite,"3405 Forum Blvd, Unit 110, Fort Myers, Florida, United States",1,FL,CONUS_L0_001_007,1
2026-10-01,260067278,https://apply.starbucks.com/careers/job/481080699043,"shift supervisor - Store# 11482, FORUM BLVD & DYNASTY DR",SHIFT_SUPERVISOR,11482,FORUM BLVD & DYNASTY DR,"3405 Forum Blvd, Unit 110",Fort Myers,FL,,US,,1788321600,2026-09-02,29,2026-10-01,1788456147,2026-09-03,28,False,26.61568,-81.79657,481080699043,id:260067278,store:11482,Shift Supervisor,onsite,"3405 Forum Blvd, Unit 110, Fort Myers, Florida, United States",1,FL,CONUS_L0_001_007,1
2026-10-01,260070821,https://apply.starbucks.com/careers/job/481080741914,"barista - Store# 64987, S. MCCALL RD & ORIOLE BLVD",BARISTA,64987,S. MCCALL RD & ORIOLE BLVD,2901 S McCall Rd,Englewood,FL,,US,,1788667200,2026-09-06,25,2026-10-01,1788788720,2026-09-07,24,False,26.93415,-82.31151,481080741914,id:260070821,store:64987,Barista,onsite,"2901 S McCall Rd, Englewood, Florida, United States",1,FL,CONUS_L0_001_007,1
2026-10-01,260070621,https://apply.starbucks.com/careers/job/481080741706,"shift supervisor - Store# 64987, S. MCCALL RD & ORIOLE BLVD",SHIFT_SUPERVISOR,64987,S. MCCALL RD & ORIOLE BLVD,2901 S McCall Rd,Englewood,FL,,US,,1788667200,2026-09-06,25,2026-10-01,1788788562,2026-09-07,24,False,26.93415,-82.31151,481080741706,id:260070621,store:64987,Shift Supervisor,onsite,"2901 S McCall Rd, Englewood, Florida, United States",1,FL,CONUS_L0_001_007,1
2026-10-01,260080250,https://apply.starbucks.com/careers/job/481081059082,"barista - Store# 68267, PALM BEACH BLVD & I-75",BARISTA,68267,PALM BEACH BLVD & I-75,4030 Boatways Rd,Fort Myers,FL,,US,,1790568000,2026-09-28,3,2026-10-01,1790689660,2026-09-29,2,False,26.6850961,-81.79593779999999,481081059082,id:260080250,store:68267,Barista,onsite,"4030 Boatways Rd, Fort Myers, Florida, United States",1,FL,CONUS_L0_001_007,1
2026-10-01,260070424,https://apply.starbucks.com/careers/job/481080741439,"shift supervisor - Store# 68267, PALM BEACH BLVD & I-75",SHIFT_SUPERVISOR,68267,PALM BEACH BLVD & I-75,4030 Boatways Rd,Fort Myers,FL,,US,,1788667200,2026-09-06,25,2026-10-01,1788788407,2026-09-07,24,False,26.6850961,-81.79593779999999,481080741439,id:260070424,store:68267,Shift Supervisor,onsite,"4030 Boatways Rd, Fort Myers, Florida, United States",1,FL,CONUS_L0_001_007,1
2026-10-01,260062924,https://apply.starbucks.com/careers/job/481080532493,"shift supervisor - Store# 87602, JONES LOOP RD & INDIAN SPRINGS",SHIFT_SUPERVISOR,87602,JONES LOOP RD & INDIAN SPRINGS,"26280 Jones Loop Rd, Unit A",Punta Gorda,FL,,US,,1787716800,2026-08-26,36,2026-10-01,1787838317,2026-08-27,35,False,26.8953248,-82.0157546,481080532493,id:260062924,store:87602,Shift Supervisor,onsite,"26280 Jones Loop Rd, Unit A, Punta Gorda, Florida, United States",1,FL,CONUS_L0_001_007,1
2026-10-01,260080637,https://apply.starbucks.com/careers/job/481081091769,"barista - Store# 87602, JONES LOOP RD & INDIAN SPRINGS",BARISTA,87602,JONES LOOP RD & INDIAN SPRINGS,"26280 Jones Loop Rd, Unit A",Punta Gorda,FL,,US,,1790740800,2026-09-30,1,2026-10-01,1790836118,2026-10-01,0,False,26.8953248,-82.0157546,481081091769,id:260080637,store:87602,Barista,onsite,"26280 Jones Loop Rd, Unit A, Punta Gorda, Florida, United States",1,FL,CONUS_L0_001_007,1
2026-10-01,260070752,https://apply.starbucks.com/careers/job/481080741949,"shift supervisor - Store# 66454, LEE BLVD & HANNA AVE",SHIFT_SUPERVISOR,66454,LEE BLVD & HANNA AVE,350 Hanna Ave N,Lehigh Acres,FL,,US,,1788667200,2026-09-06,25,2026-10-01,1788788665,2026-09-07,24,False,26.61685,-81.67023,481080741949,id:260070752,store:66454,Shift Supervisor,onsite,"350 Hanna Ave N, Lehigh Acres, Florida, United States",1,FL,CONUS_L0_001_007,1
2026-10-01,260060919,https://apply.starbucks.com/careers/job/481080183433,"shift supervisor - Store# 50314, US 41 & W HELEN AVE",SHIFT_SUPERVISOR,50314,US 41 & W HELEN AVE,"1001 Tamiami Trl, Unit 111",Punta Gorda,FL,,US,,1786766400,2026-08-15,47,2026-10-01,1786887969,2026-08-16,46,False,26.92931,-82.04796,481080183433,id:260060919,store:50314,Shift Supervisor,onsite,"1001 Tamiami Trl, Unit 111, Punta Gorda, Florida, United States",1,FL,CONUS_L0_001_007,1
2026-10-01,260058077,https://apply.starbucks.com/careers/job/481079849279,"shift supervisor - Store# 71794, US 41 & MURDOCK",SHIFT_SUPERVISOR,71794,US 41 & MURDOCK,18551 Murdock Cir,Port Charlotte,FL,,US,,1784952000,2026-07-25,68,2026-10-01,1785073363,2026-07-26,67,False,27.010379,-82.141916,481079849279,id:260058077,store:71794,Shift Supervisor,onsite,"18551 Murdock Cir, Port Charlotte, Florida, United States",1,FL,CONUS_L0_001_007,1
2026-10-01,260059602,https://apply.starbucks.com/careers/job/481080017619,"barista - Store# 71794, US 41 & MURDOCK",BARISTA,71794,US 41 & MURDOCK,18551 Murdock Cir,Port Charlotte,FL,,US,,1785816000,2026-08-04,58,2026-10-01,1785937699,2026-08-05,57,False,27.010379,-82.141916,481080017619,id:260059602,store:71794,Barista,onsite,"18551 Murdock Cir, Port Charlotte, Florida, United States",1,FL,CONUS_L0_001_007,1
2026-10-01,260055898,https://apply.starbucks.com/careers/job/481079473221,"barista - Store# 69073, SR 31 & CYPRESS PKWY",BARISTA,69073,SR 31 & CYPRESS PKWY,42071 Cypress Pkwy,Punta Gorda,FL,,US,,1783915200,2026-07-13,80,2026-10-01,1784037115,2026-07-14,79,False,26.7815166,-81.7414473,481079473221,id:260055898,store:69073,Barista,onsite,"42071 Cypress Pkwy, Punta Gorda, Florida, United States",1,FL,CONUS_L0_001_007,1
2026-10-01,260070760,https://apply.starbucks.com/careers/job/481080741934,"shift supervisor - Store# 69073, SR 31 & CYPRESS PKWY",SHIFT_SUPERVISOR,69073,SR 31 & CYPRESS PKWY,42071 Cypress Pkwy,Punta Gorda,FL,,US,,1788667200,2026-09-06,25,2026-10-01,1788788671,2026-09-07,24,False,26.7815166,-81.7414473,481080741934,id:260070760,store:69073,Shift Supervisor,onsite,"42071 Cypress Pkwy, Punta Gorda, Florida, United States",1,FL,CONUS_L0_001_007,1
2026-10-01,260066432,https://apply.starbucks.com/careers/job/481080679469,"shift supervisor - Store# 22269, COCOPLUM VILLAGE",SHIFT_SUPERVISOR,22269,COCOPLUM VILLAGE,17739 Tamiami Trl,North Port,FL,,US,,1788321600,2026-09-02,29,2026-10-01,1788357972,2026-09-02,29,False,27.03645,-82.21336,481080679469,id:260066432,store:22269,Shift Supervisor,onsite,"17739 Tamiami Trl, North Port, Florida, United States",1,FL,CONUS_L0_001_007,1
2026-10-01,260054171,https://apply.starbucks.com/careers/job/481079404903,"barista - Store# 22269, COCOPLUM VILLAGE",BARISTA,22269,COCOPLUM VILLAGE,17739 Tamiami Trl,North Port,FL,,US,,1783569600,2026-07-09,84,2026-10-01,1783691154,2026-07-10,83,False,27.03645,-82.21336,481079404903,id:260054171,store:22269,Barista,onsite,"17739 Tamiami Trl, North Port, Florida, United States",1,FL,CONUS_L0_001_007,1
2026-10-01,260064512,https://apply.starbucks.com/careers/job/481080613604,"shift supervisor - Store# 09976, 41 & CENTER RD-VENICE",SHIFT_SUPERVISOR,09976,41 & CENTER RD-VENICE,"1500 US Highway 41 Bypass S, Sivertsen Commercial Bldg.",Venice,FL,,US,,1788062400,2026-08-30,32,2026-10-01,1788183875,2026-08-31,31,False,27.0786018,-82.4254668,481080613604,id:260064512,store:09976,Shift Supervisor,onsite,"1500 US Highway 41 Bypass S, Sivertsen Commercial Bldg., Venice, Florida, United States",1,FL,CONUS_L0_001_007,1
2026-10-01,260080768,https://apply.starbucks.com/careers/job/481081098027,"barista - Store# 09976, 41 & CENTER RD-VENICE",BARISTA,09976,41 & CENTER RD-VENICE,"1500 US Highway 41 Bypass S, Sivertsen Commercial Bldg.",Venice,FL,,US,,1790740800,2026-09-30,1,2026-10-01,1790861977,2026-10-01,0,False,27.0786018,-82.4254668,481081098027,id:260080768,store:09976,Barista,onsite,"1500 US Highway 41 Bypass S, Sivertsen Commercial Bldg., Venice, Florida, United States",1,FL,CONUS_L0_001_007,1
2026-10-01,260080374,https://apply.starbucks.com/careers/job/481081063426,"store manager - Venice, FL",STORE_MANAGER,,,,Venice,FL,,US,,1790702930,2026-09-29,2,2026-10-01,1790701786,2026-09-29,2,False,27.0997775,-82.4542632,481081063426,id:260080374,,Coffeehouse Leader,onsite,"Venice, Florida, United States",1,FL,CONUS_L0_001_007,1
2026-10-01,260070441,https://apply.starbucks.com/careers/job/481080741456,"shift supervisor - Store# 14313, KINGS HWY & I-75",SHIFT_SUPERVISOR,14313,KINGS HWY & I-75,925 Kings Hwy,Punta Gorda,FL,,US,,1788667200,2026-09-06,25,2026-10-01,1788788421,2026-09-07,24,False,27.01618,-82.05289,481080741456,id:260070441,store:14313,Shift Supervisor,onsite,"925 Kings Hwy, Punta Gorda, Florida, United States",1,FL,CONUS_L0_001_007,1
2026-10-01,260069324,https://apply.starbucks.com/careers/job/481080730134,"barista - Store# 14313, KINGS HWY & I-75",BARISTA,14313,KINGS HWY & I-75,925 Kings Hwy,Punta Gorda,FL,,US,,1788580800,2026-09-05,26,2026-10-01,1788702012,2026-09-06,25,False,27.01618,-82.05289,481080730134,id:260069324,store:14313,Barista,onsite,"925 Kings Hwy, Punta Gorda, Florida, United States",1,FL,CONUS_L0_001_007,1
2026-10-01,260053364,https://apply.starbucks.com/careers/job/481079320161,"barista - Store# 64972, JACARANDA BLVD & CRESTVIEW",BARISTA,64972,JACARANDA BLVD & CRESTVIEW,19451 Times Cir,Venice,FL,,US,,1783310400,2026-07-06,87,2026-10-01,1783432019,2026-07-07,86,False,27.10201,-82.38367,481079320161,id:260053364,store:64972,Barista,onsite,"19451 Times Cir, Venice, Florida, United States",1,FL,CONUS_L0_001_007,1
2026-10-01,260070709,https://apply.starbucks.com/careers/job/481080741856,"shift supervisor - Store# 64972, JACARANDA BLVD & CRESTVIEW",SHIFT_SUPERVISOR,64972,JACARANDA BLVD & CRESTVIEW,19451 Times Cir,Venice,FL,,US,,1788667200,2026-09-06,25,2026-10-01,1788788631,2026-09-07,24,False,27.10201,-82.38367,481080741856,id:260070709,store:64972,Shift Supervisor,onsite,"19451 Times Cir, Venice, Florida, United States",1,FL,CONUS_L0_001_007,1
2026-10-01,260060255,https://apply.starbucks.com/careers/job/481080108639,"barista - Store# 67729, SUMTER & PRICE",BARISTA,67729,SUMTER & PRICE,1595 Grand Venture Dr,North Port,FL,,US,,1786334400,2026-08-10,52,2026-10-01,1786455970,2026-08-11,51,False,27.0730351,-82.20839020000001,481080108639,id:260060255,store:67729,Barista,onsite,"1595 Grand Venture Dr, North Port, Florida, United States",1,FL,CONUS_L0_001_007,1
2026-10-01,260073661,https://apply.starbucks.com/careers/job/481080813070,"shift supervisor - Store# 67729, SUMTER & PRICE",SHIFT_SUPERVISOR,67729,SUMTER & PRICE,1595 Grand Venture Dr,North Port,FL,,US,,1789185600,2026-09-12,19,2026-10-01,1789307113,2026-09-13,18,False,27.0730351,-82.20839020000001,481080813070,id:260073661,store:67729,Shift Supervisor,onsite,"1595 Grand Venture Dr, North Port, Florida, United States",1,FL,CONUS_L0_001_007,1
2026-10-01,260066927,https://apply.starbucks.com/careers/job/481080698500,"shift supervisor - Store# 82181, TOLEDO BLADE & SUN GARDEN",SHIFT_SUPERVISOR,82181,TOLEDO BLADE & SUN GARDEN,"1475 Sun Market Pl, TBD",North Port,FL,,US,,1788321600,2026-09-02,29,2026-10-01,1788455813,2026-09-03,28,False,27.063691,-82.15635,481080698500,id:260066927,store:82181,Shift Supervisor,onsite,"1475 Sun Market Pl, TBD, North Port, Florida, United States",1,FL,CONUS_L0_001_007,1
2026-10-01,260067730,https://apply.starbucks.com/careers/job/481080699547,"barista - Store# 82181, TOLEDO BLADE & SUN GARDEN",BARISTA,82181,TOLEDO BLADE & SUN GARDEN,"1475 Sun Market Pl, TBD",North Port,FL,,US,,1788321600,2026-09-02,29,2026-10-01,1788456571,2026-09-03,28,False,27.063691,-82.15635,481080699547,id:260067730,store:82181,Barista,onsite,"1475 Sun Market Pl, TBD, North Port, Florida, United States",1,FL,CONUS_L0_001_007,1
2026-10-01,260062256,https://apply.starbucks.com/careers/job/481080460505,"barista - Store# 26800, 1183 N TAMIAMI TRAIL",BARISTA,26800,1183 N TAMIAMI TRAIL,1183 N Tamiami Trl,Nokomis,FL,,US,,1787544000,2026-08-24,38,2026-10-01,1787665432,2026-08-25,37,False,27.1398253,-82.4599168,481080460505,id:260062256,store:26800,Barista,onsite,"1183 N Tamiami Trl, Nokomis, Florida, United States",1,FL,CONUS_L0_001_007,1
2026-10-01,260057375,https://apply.starbucks.com/careers/job/481079587855,"shift supervisor - Store# 26800, 1183 N TAMIAMI TRAIL",SHIFT_SUPERVISOR,26800,1183 N TAMIAMI TRAIL,1183 N Tamiami Trl,Nokomis,FL,,US,,1784347200,2026-07-18,75,2026-10-01,1784468502,2026-07-19,74,False,27.1398253,-82.4599168,481079587855,id:260057375,store:26800,Shift Supervisor,onsite,"1183 N Tamiami Trl, Nokomis, Florida, United States",1,FL,CONUS_L0_001_007,1
2026-10-01,260080212,https://apply.starbucks.com/careers/job/481081059092,"barista - Store# 28863, S. TAMIAMI TRAIL & BENEVA - SARASOTA",BARISTA,28863,S. TAMIAMI TRAIL & BENEVA - SARASOTA,8394 S Tamiami Trl,Sarasota,FL,,US,,1790568000,2026-09-28,3,2026-10-01,1790689625,2026-09-29,2,False,27.2300735,-82.4954035,481081059092,id:260080212,store:28863,Barista,onsite,"8394 S Tamiami Trl, Sarasota, Florida, United States",1,FL,CONUS_L0_001_007,1
2026-10-01,260068569,https://apply.starbucks.com/careers/job/481080709694,"shift supervisor - Store# 28863, S. TAMIAMI TRAIL & BENEVA - SARASOTA",SHIFT_SUPERVISOR,28863,S. TAMIAMI TRAIL & BENEVA - SARASOTA,8394 S Tamiami Trl,Sarasota,FL,,US,,1788408000,2026-09-03,28,2026-10-01,1788529849,2026-09-04,27,False,27.2300735,-82.4954035,481080709694,id:260068569,store:28863,Shift Supervisor,onsite,"8394 S Tamiami Trl, Sarasota, Florida, United States",1,FL,CONUS_L0_001_007,1
2026-10-01,260054469,https://apply.starbucks.com/careers/job/481079405372,"barista - Store# 08596, HONORE & CLARK",BARISTA,08596,HONORE & CLARK,5825 Derek Ave,Sarasota,FL,,US,,1783569600,2026-07-09,84,2026-10-01,1783691365,2026-07-10,83,False,27.2688825,-82.48292579999999,481079405372,id:260054469,store:08596,Barista,onsite,"5825 Derek Ave, Sarasota, Florida, United States",1,FL,CONUS_L0_001_007,1
2026-10-01,260080492,https://apply.starbucks.com/careers/job/481081091596,"shift supervisor - Store# 08596, HONORE & CLARK",SHIFT_SUPERVISOR,08596,HONORE & CLARK,5825 Derek Ave,Sarasota,FL,,US,,1790740800,2026-09-30,1,2026-10-01,1790835988,2026-10-01,0,False,27.2688825,-82.48292579999999,481081091596,id:260080492,store:08596,Shift Supervisor,onsite,"5825 Derek Ave, Sarasota, Florida, United States",1,FL,CONUS_L0_001_007,1
2026-10-01,260075043,https://apply.starbucks.com/careers/job/481080820932,"shift supervisor - Store# 02966, US41 & PROCTOR",SHIFT_SUPERVISOR,02966,US41 & PROCTOR,4972 S Tamiami Trl,Sarasota,FL,,US,,1789272000,2026-09-13,18,2026-10-01,1789394592,2026-09-14,17,False,27.2818401,-82.53115199999999,481080820932,id:260075043,store:02966,Shift Supervisor,onsite,"4972 S Tamiami Trl, Sarasota, Florida, United States",1,FL,CONUS_L0_001_007,1
2026-10-01,260076067,https://apply.starbucks.com/careers/job/481080861357,"barista - Store# 02966, US41 & PROCTOR",BARISTA,02966,US41 & PROCTOR,4972 S Tamiami Trl,Sarasota,FL,,US,,1789444800,2026-09-15,16,2026-10-01,1789566548,2026-09-16,15,False,27.2818401,-82.53115199999999,481080861357,id:260076067,store:02966,Barista,onsite,"4972 S Tamiami Trl, Sarasota, Florida, United States",1,FL,CONUS_L0_001_007,1
2026-10-01,260077596,https://apply.starbucks.com/careers/job/481080891246,"shift supervisor - Store# 08435, BEE RIDGE & BENEVA",SHIFT_SUPERVISOR,08435,BEE RIDGE & BENEVA,3571 Bee Ridge Rd,Sarasota,FL,,US,,1789617600,2026-09-17,14,2026-10-01,1789739292,2026-09-18,13,False,27.2992073,-82.4980064,481080891246,id:260077596,store:08435,Shift Supervisor,onsite,"3571 Bee Ridge Rd, Sarasota, Florida, United States",1,FL,CONUS_L0_001_007,1
2026-10-01,260080329,https://apply.starbucks.com/careers/job/481081059207,"barista - Store# 08435, BEE RIDGE & BENEVA",BARISTA,08435,BEE RIDGE & BENEVA,3571 Bee Ridge Rd,Sarasota,FL,,US,,1790568000,2026-09-28,3,2026-10-01,1790689730,2026-09-29,2,False,27.2992073,-82.4980064,481081059207,id:260080329,store:08435,Barista,onsite,"3571 Bee Ridge Rd, Sarasota, Florida, United States",1,FL,CONUS_L0_001_007,1
2026-10-01,260065359,https://apply.starbucks.com/careers/job/481080677586,"shift supervisor - Store# 15716, BEE RIDGE RD & CATTLEMEN RD",SHIFT_SUPERVISOR,15716,BEE RIDGE RD & CATTLEMEN RD,3700 Cattlemen Rd,Sarasota,FL,,US,,1788321600,2026-09-02,29,2026-10-01,1788357019,2026-09-02,29,False,27.3002345,-82.4519399,481080677586,id:260065359,store:15716,Shift Supervisor,onsite,"3700 Cattlemen Rd, Sarasota, Florida, United States",1,FL,CONUS_L0_001_007,1
2026-10-01,260064371,https://apply.starbucks.com/careers/job/481080613329,"barista - Store# 15716, BEE RIDGE RD & CATTLEMEN RD",BARISTA,15716,BEE RIDGE RD & CATTLEMEN RD,3700 Cattlemen Rd,Sarasota,FL,,US,,1788062400,2026-08-30,32,2026-10-01,1788183759,2026-08-31,31,False,27.3002345,-82.4519399,481080613329,id:260064371,store:15716,Barista,onsite,"3700 Cattlemen Rd, Sarasota, Florida, United States",1,FL,CONUS_L0_001_007,1
2026-10-01,260059941,https://apply.starbucks.com/careers/job/481080079129,"shift supervisor - Store# 08308, MIDTOWN PLAZA",SHIFT_SUPERVISOR,08308,MIDTOWN PLAZA,"1375 S Tamiami Trl, Midtown Plaza Shopping Center",Sarasota,FL,,US,,1786161600,2026-08-08,54,2026-10-01,1786283226,2026-08-09,53,False,27.3225212,-82.52850339999999,481080079129,id:260059941,store:08308,Shift Supervisor,onsite,"1375 S Tamiami Trl, Midtown Plaza Shopping Center, Sarasota, Florida, United States",1,FL,CONUS_L0_001_007,1
2026-10-01,260077638,https://apply.starbucks.com/careers/job/481080891346,"barista - Store# 08308, MIDTOWN PLAZA",BARISTA,08308,MIDTOWN PLAZA,"1375 S Tamiami Trl, Midtown Plaza Shopping Center",Sarasota,FL,,US,,1789617600,2026-09-17,14,2026-10-01,1789739328,2026-09-18,13,False,27.3225212,-82.52850339999999,481080891346,id:260077638,store:08308,Barista,onsite,"1375 S Tamiami Trl, Midtown Plaza Shopping Center, Sarasota, Florida, United States",1,FL,CONUS_L0_001_007,1
2026-10-01,260077770,https://apply.starbucks.com/careers/job/481080891589,"shift supervisor - Store# 08629, 1ST ST & CENTRAL AVE",SHIFT_SUPERVISOR,08629,1ST ST & CENTRAL AVE,"1401 1st St, 1020",Sarasota,FL,,US,,1789617600,2026-09-17,14,2026-10-01,1789739439,2026-09-18,13,False,27.337383,-82.54254499999999,481080891589,id:260077770,store:08629,Shift Supervisor,onsite,"1401 1st St, 1020, Sarasota, Florida, United States",1,FL,CONUS_L0_001_007,1
2026-10-01,260078012,https://apply.starbucks.com/careers/job/481080923367,"barista - Store# 08629, 1ST ST & CENTRAL AVE",BARISTA,08629,1ST ST & CENTRAL AVE,"1401 1st St, 1020",Sarasota,FL,,US,,1789790400,2026-09-19,12,2026-10-01,1789911667,2026-09-20,11,False,27.337383,-82.54254499999999,481080923367,id:260078012,store:08629,Barista,onsite,"1401 1st St, 1020, Sarasota, Florida, United States",1,FL,CONUS_L0_001_007,1
2026-10-01,260071684,https://apply.starbucks.com/careers/job/481080764522,"shift supervisor - Store# 75081, FRUITVILLE AND BENEVA",SHIFT_SUPERVISOR,75081,FRUITVILLE AND BENEVA,501 N Beneva Rd,Sarasota,FL,,US,,1788840000,2026-09-08,23,2026-10-01,1788961323,2026-09-09,22,False,27.3385142,-82.4979068,481080764522,id:260071684,store:75081,Shift Supervisor,onsite,"501 N Beneva Rd, Sarasota, Florida, United States",1,FL,CONUS_L0_001_007,1
2026-10-01,260070610,https://apply.starbucks.com/careers/job/481080741691,"shift supervisor - Store# 69405, FRUITVILLE RD & CATTLEMEN",SHIFT_SUPERVISOR,69405,FRUITVILLE RD & CATTLEMEN,5901 Fruitville Rd,Sarasota,FL,,US,,1788667200,2026-09-06,25,2026-10-01,1788788553,2026-09-07,24,False,27.3391523,-82.4513288,481080741691,id:260070610,store:69405,Shift Supervisor,onsite,"5901 Fruitville Rd, Sarasota, Florida, United States",1,FL,CONUS_L0_001_007,1
2026-10-01,260071580,https://apply.starbucks.com/careers/job/481080764352,"barista - Store# 69405, FRUITVILLE RD & CATTLEMEN",BARISTA,69405,FRUITVILLE RD & CATTLEMEN,5901 Fruitville Rd,Sarasota,FL,,US,,1788840000,2026-09-08,23,2026-10-01,1788961240,2026-09-09,22,False,27.3391523,-82.4513288,481080764352,id:260071580,store:69405,Barista,onsite,"5901 Fruitville Rd, Sarasota, Florida, United States",1,FL,CONUS_L0_001_007,1
2026-10-01,260061892,https://apply.starbucks.com/careers/job/481080429723,"barista - Store# 08687, FRUITVILLE RD & HONORE AVE",BARISTA,08687,FRUITVILLE RD & HONORE AVE,5329 Fruitville Rd,Sarasota,FL,,US,,1787457600,2026-08-23,39,2026-10-01,1787579230,2026-08-24,38,False,27.3396607,-82.4598745,481080429723,id:260061892,store:08687,Barista,onsite,"5329 Fruitville Rd, Sarasota, Florida, United States",1,FL,CONUS_L0_001_007,1
2026-10-01,260077320,https://apply.starbucks.com/careers/job/481080890894,"shift supervisor - Store# 08687, FRUITVILLE RD & HONORE AVE",SHIFT_SUPERVISOR,08687,FRUITVILLE RD & HONORE AVE,5329 Fruitville Rd,Sarasota,FL,,US,,1789617600,2026-09-17,14,2026-10-01,1789739052,2026-09-18,13,False,27.3396607,-82.4598745,481080890894,id:260077320,store:08687,Shift Supervisor,onsite,"5329 Fruitville Rd, Sarasota, Florida, United States",1,FL,CONUS_L0_001_007,1
2026-10-01,260057383,https://apply.starbucks.com/careers/job/481079587805,"barista - Store# 52860, TAMIAMI & N. 25TH ST.",BARISTA,52860,TAMIAMI & N. 25TH ST.,2455 N Tamiami Trl,Sarasota,FL,,US,,1784347200,2026-07-18,75,2026-10-01,1784468508,2026-07-19,74,False,27.3588492,-82.549162,481079587805,id:260057383,store:52860,Barista,onsite,"2455 N Tamiami Trl, Sarasota, Florida, United States",1,FL,CONUS_L0_001_007,1
2026-10-01,260069787,https://apply.starbucks.com/careers/job/481080730680,"shift supervisor - Store# 52860, TAMIAMI & N. 25TH ST.",SHIFT_SUPERVISOR,52860,TAMIAMI & N. 25TH ST.,2455 N Tamiami Trl,Sarasota,FL,,US,,1788580800,2026-09-05,26,2026-10-01,1788702378,2026-09-06,25,False,27.3588492,-82.549162,481080730680,id:260069787,store:52860,Shift Supervisor,onsite,"2455 N Tamiami Trl, Sarasota, Florida, United States",1,FL,CONUS_L0_001_007,1
2026-10-01,260073667,https://apply.starbucks.com/careers/job/481080813085,"shift supervisor - Store# 22554, UNIVERSITY TOWN CENTER MALL - SARASOTA",SHIFT_SUPERVISOR,22554,UNIVERSITY TOWN CENTER MALL - SARASOTA,140 University Town Center Dr,Sarasota,FL,,US,,1789185600,2026-09-12,19,2026-10-01,1789307119,2026-09-13,18,False,27.3812135,-82.4543204,481080813085,id:260073667,store:22554,Shift Supervisor,onsite,"140 University Town Center Dr, Sarasota, Florida, United States",1,FL,CONUS_L0_001_007,1
2026-10-01,260073535,https://apply.starbucks.com/careers/job/481080812857,"barista - Store# 22554, UNIVERSITY TOWN CENTER MALL - SARASOTA",BARISTA,22554,UNIVERSITY TOWN CENTER MALL - SARASOTA,140 University Town Center Dr,Sarasota,FL,,US,,1789185600,2026-09-12,19,2026-10-01,1789306995,2026-09-13,18,False,27.3812135,-82.4543204,481080812857,id:260073535,store:22554,Barista,onsite,"140 University Town Center Dr, Sarasota, Florida, United States",1,FL,CONUS_L0_001_007,1
2026-10-01,260057970,https://apply.starbucks.com/careers/job/481079710339,"barista - Store# 08562, UNIVERSITY PARKWAY",BARISTA,08562,UNIVERSITY PARKWAY,5485 University Pkwy,Bradenton,FL,,US,,1784779200,2026-07-23,70,2026-10-01,1784900721,2026-07-24,69,False,27.3889038,-82.46048809999999,481079710339,id:260057970,store:08562,Barista,onsite,"5485 University Pkwy, Bradenton, Florida, United States",1,FL,CONUS_L0_001_007,1
2026-10-01,260077524,https://apply.starbucks.com/careers/job/481080891211,"shift supervisor - Store# 08562, UNIVERSITY PARKWAY",SHIFT_SUPERVISOR,08562,UNIVERSITY PARKWAY,5485 University Pkwy,Bradenton,FL,,US,,1789617600,2026-09-17,14,2026-10-01,1789739230,2026-09-18,13,False,27.3889038,-82.46048809999999,481080891211,id:260077524,store:08562,Shift Supervisor,onsite,"5485 University Pkwy, Bradenton, Florida, United States",1,FL,CONUS_L0_001_007,1
2026-10-01,260058062,https://apply.starbucks.com/careers/job/481079849290,"barista - Store# 63129, UNIVERSITY PKWY & LORRAINE",BARISTA,63129,UNIVERSITY PKWY & LORRAINE,7224 University Pkwy,Sarasota,FL,,US,,1784952000,2026-07-25,68,2026-10-01,1785073348,2026-07-26,67,False,27.38587,-82.39641,481079849290,id:260058062,store:63129,Barista,onsite,"7224 University Pkwy, Sarasota, Florida, United States",1,FL,CONUS_L0_001_007,1
2026-10-01,260070580,https://apply.starbucks.com/careers/job/481080741649,"shift supervisor - Store# 63129, UNIVERSITY PKWY & LORRAINE",SHIFT_SUPERVISOR,63129,UNIVERSITY PKWY & LORRAINE,7224 University Pkwy,Sarasota,FL,,US,,1788667200,2026-09-06,25,2026-10-01,1788788530,2026-09-07,24,False,27.38587,-82.39641,481080741649,id:260070580,store:63129,Shift Supervisor,onsite,"7224 University Pkwy, Sarasota, Florida, United States",1,FL,CONUS_L0_001_007,1
2026-10-01,260063102,https://apply.starbucks.com/careers/job/481080565375,"shift supervisor - Store# 10444, UNVERSITY PKWY & TUTTLE",SHIFT_SUPERVISOR,10444,UNVERSITY PKWY & TUTTLE,"3604 84th Avenue Cir E, University Walk",Sarasota,FL,,US,,1787803200,2026-08-27,35,2026-10-01,1787924653,2026-08-28,34,False,27.3895412,-82.5168561,481080565375,id:260063102,store:10444,Shift Supervisor,onsite,"3604 84th Avenue Cir E, University Walk, Sarasota, Florida, United States",1,FL,CONUS_L0_001_007,1
2026-10-01,260076446,https://apply.starbucks.com/careers/job/481080861917,"barista - Store# 10444, UNVERSITY PKWY & TUTTLE",BARISTA,10444,UNVERSITY PKWY & TUTTLE,"3604 84th Avenue Cir E, University Walk",Sarasota,FL,,US,,1789444800,2026-09-15,16,2026-10-01,1789566876,2026-09-16,15,False,27.3895412,-82.5168561,481080861917,id:260076446,store:10444,Barista,onsite,"3604 84th Avenue Cir E, University Walk, Sarasota, Florida, United States",1,FL,CONUS_L0_001_007,1
2026-10-01,260055931,https://apply.starbucks.com/careers/job/481079473262,"shift supervisor - Store# 13874, LAKEWOOD RANCH BLVD & MAIN ST-BRADENTON",SHIFT_SUPERVISOR,13874,LAKEWOOD RANCH BLVD & MAIN ST-BRADENTON,"8155 Lakewood Main St, Space P-102",Bradenton,FL,,US,,1783915200,2026-07-13,80,2026-10-01,1784037144,2026-07-14,79,False,27.393323,-82.435571,481079473262,id:260055931,store:13874,Shift Supervisor,onsite,"8155 Lakewood Main St, Space P-102, Bradenton, Florida, United States",1,FL,CONUS_L0_001_007,1
2026-10-01,260055994,https://apply.starbucks.com/careers/job/481079473353,"barista - Store# 13874, LAKEWOOD RANCH BLVD & MAIN ST-BRADENTON",BARISTA,13874,LAKEWOOD RANCH BLVD & MAIN ST-BRADENTON,"8155 Lakewood Main St, Space P-102",Bradenton,FL,,US,,1783915200,2026-07-13,80,2026-10-01,1784037198,2026-07-14,79,False,27.393323,-82.435571,481079473353,id:260055994,store:13874,Barista,onsite,"8155 Lakewood Main St, Space P-102, Bradenton, Florida, United States",1,FL,CONUS_L0_001_007,1
2026-10-01,260059342,https://apply.starbucks.com/careers/job/481079982969,"barista - Store# 55143, SR 70 AND LAKEWOOD RANCH",BARISTA,55143,SR 70 AND LAKEWOOD RANCH,11707 State Road 70 E,Bradenton,FL,,US,,1785643200,2026-08-02,60,2026-10-01,1785764549,2026-08-03,59,False,27.4233961,-82.3708097,481079982969,id:260059342,store:55143,Barista,onsite,"11707 State Road 70 E, Bradenton, Florida, United States",1,FL,CONUS_L0_001_007,1
2026-10-01,260069300,https://apply.starbucks.com/careers/job/481080730117,"shift supervisor - Store# 55143, SR 70 AND LAKEWOOD RANCH",SHIFT_SUPERVISOR,55143,SR 70 AND LAKEWOOD RANCH,11707 State Road 70 E,Bradenton,FL,,US,,1788580800,2026-09-05,26,2026-10-01,1788701993,2026-09-06,25,False,27.4233961,-82.3708097,481080730117,id:260069300,store:55143,Shift Supervisor,onsite,"11707 State Road 70 E, Bradenton, Florida, United States",1,FL,CONUS_L0_001_007,1
2026-10-01,260062617,https://apply.starbucks.com/careers/job/481080494682,"barista - Store# 11248, SR 70 & I-75",BARISTA,11248,SR 70 & I-75,7386 52nd Pl E,Bradenton,FL,,US,,1787630400,2026-08-25,37,2026-10-01,1787752363,2026-08-26,36,False,27.4434754,-82.4641271,481080494682,id:260062617,store:11248,Barista,onsite,"7386 52nd Pl E, Bradenton, Florida, United States",1,FL,CONUS_L0_001_007,1
2026-10-01,260062562,https://apply.starbucks.com/careers/job/481080494718,"shift supervisor - Store# 11248, SR 70 & I-75",SHIFT_SUPERVISOR,11248,SR 70 & I-75,7386 52nd Pl E,Bradenton,FL,,US,,1787630400,2026-08-25,37,2026-10-01,1787752320,2026-08-26,36,False,27.4434754,-82.4641271,481080494718,id:260062562,store:11248,Shift Supervisor,onsite,"7386 52nd Pl E, Bradenton, Florida, United States",1,FL,CONUS_L0_001_007,1
2026-10-01,260068785,https://apply.starbucks.com/careers/job/481080710035,"shift supervisor - Store# 26774, SR 70 & LOCKWOOD COMMONS - BRADENTON",SHIFT_SUPERVISOR,26774,SR 70 & LOCKWOOD COMMONS - BRADENTON,"4220 53rd Ave E, Unit 101",Bradenton,FL,,US,,1788408000,2026-09-03,28,2026-10-01,1788530034,2026-09-04,27,False,27.44574,-82.50807,481080710035,id:260068785,store:26774,Shift Supervisor,onsite,"4220 53rd Ave E, Unit 101, Bradenton, Florida, United States",1,FL,CONUS_L0_001_007,1
2026-10-01,260075045,https://apply.starbucks.com/careers/job/481080820922,"barista - Store# 26774, SR 70 & LOCKWOOD COMMONS - BRADENTON",BARISTA,26774,SR 70 & LOCKWOOD COMMONS - BRADENTON,"4220 53rd Ave E, Unit 101",Bradenton,FL,,US,,1789272000,2026-09-13,18,2026-10-01,1789394594,2026-09-14,17,False,27.44574,-82.50807,481080820922,id:260075045,store:26774,Barista,onsite,"4220 53rd Ave E, Unit 101, Bradenton, Florida, United States",1,FL,CONUS_L0_001_007,1
2026-10-01,260077504,https://apply.starbucks.com/careers/job/481080891280,"shift supervisor - Store# 08541, 1401 CORTEZ RD",SHIFT_SUPERVISOR,08541,1401 CORTEZ RD,5250 14th St W,Bradenton,FL,,US,,1789617600,2026-09-17,14,2026-10-01,1789739213,2026-09-18,13,False,27.448038,-82.57585,481080891280,id:260077504,store:08541,Shift Supervisor,onsite,"5250 14th St W, Bradenton, Florida, United States",1,FL,CONUS_L0_001_007,1
2026-10-01,260060382,https://apply.starbucks.com/careers/job/481080126027,"barista - Store# 08541, 1401 CORTEZ RD",BARISTA,08541,1401 CORTEZ RD,5250 14th St W,Bradenton,FL,,US,,1786420800,2026-08-11,51,2026-10-01,1786542353,2026-08-12,50,False,27.448038,-82.57585,481080126027,id:260060382,store:08541,Barista,onsite,"5250 14th St W, Bradenton, Florida, United States",1,FL,CONUS_L0_001_007,1
2026-10-01,260080004,https://apply.starbucks.com/careers/job/481081029573,"barista - Store# 68190, CORTEZ & 9TH ST WEST",BARISTA,68190,CORTEZ & 9TH ST WEST,901 Cortez Rd W,Bradenton,FL,,US,,1790481600,2026-09-27,4,2026-10-01,1790603388,2026-09-28,3,False,27.4620214,-82.5716032,481081029573,id:260080004,store:68190,Barista,onsite,"901 Cortez Rd W, Bradenton, Florida, United States",1,FL,CONUS_L0_001_007,1
2026-10-01,260073312,https://apply.starbucks.com/careers/job/481080798426,"shift supervisor - Store# 68190, CORTEZ & 9TH ST WEST",SHIFT_SUPERVISOR,68190,CORTEZ & 9TH ST WEST,901 Cortez Rd W,Bradenton,FL,,US,,1789012800,2026-09-10,21,2026-10-01,1789135797,2026-09-11,20,False,27.4620214,-82.5716032,481080798426,id:260073312,store:68190,Shift Supervisor,onsite,"901 Cortez Rd W, Bradenton, Florida, United States",1,FL,CONUS_L0_001_007,1
2026-10-01,260078373,https://apply.starbucks.com/careers/job/481080936229,"barista - Store# 03485, 75TH ST & CORTEZ RD",BARISTA,03485,75TH ST & CORTEZ RD,7484 Cortez Rd W,Bradenton,FL,,US,,1789876800,2026-09-20,11,2026-10-01,1789998217,2026-09-21,10,False,27.4629621,-82.6365484,481080936229,id:260078373,store:03485,Barista,onsite,"7484 Cortez Rd W, Bradenton, Florida, United States",1,FL,CONUS_L0_001_007,1
2026-10-01,260078232,https://apply.starbucks.com/careers/job/481080923882,"shift supervisor - Store# 03485, 75TH ST & CORTEZ RD",SHIFT_SUPERVISOR,03485,75TH ST & CORTEZ RD,7484 Cortez Rd W,Bradenton,FL,,US,,1789790400,2026-09-19,12,2026-10-01,1789911850,2026-09-20,11,False,27.4629621,-82.6365484,481080923882,id:260078232,store:03485,Shift Supervisor,onsite,"7484 Cortez Rd W, Bradenton, Florida, United States",1,FL,CONUS_L0_001_007,1
2026-10-01,260070921,https://apply.starbucks.com/careers/job/481080742090,"shift supervisor - Store# 66203, UPPER MANATEE RIVER",SHIFT_SUPERVISOR,66203,UPPER MANATEE RIVER,10715 State Road 64 E,Bradenton,FL,,US,,1788667200,2026-09-06,25,2026-10-01,1788788800,2026-09-07,24,False,27.4859033,-82.4353501,481080742090,id:260070921,store:66203,Shift Supervisor,onsite,"10715 State Road 64 E, Bradenton, Florida, United States",1,FL,CONUS_L0_001_007,1
2026-10-01,260075318,https://apply.starbucks.com/careers/job/481080821523,"barista - Store# 66203, UPPER MANATEE RIVER",BARISTA,66203,UPPER MANATEE RIVER,10715 State Road 64 E,Bradenton,FL,,US,,1789272000,2026-09-13,18,2026-10-01,1789394833,2026-09-14,17,False,27.4859033,-82.4353501,481080821523,id:260075318,store:66203,Barista,onsite,"10715 State Road 64 E, Bradenton, Florida, United States",1,FL,CONUS_L0_001_007,1
2026-10-01,260070125,https://apply.starbucks.com/careers/job/481080731081,"barista - Store# 19070, SR 64 & I-75",BARISTA,19070,SR 64 & I-75,6521 SR 64,Bradenton,FL,,US,,1788580800,2026-09-05,26,2026-10-01,1788702644,2026-09-06,25,False,27.49285,-82.47917,481080731081,id:260070125,store:19070,Barista,onsite,"6521 SR 64, Bradenton, Florida, United States",1,FL,CONUS_L0_001_007,1
2026-10-01,260067284,https://apply.starbucks.com/careers/job/481080699107,"shift supervisor - Store# 19070, SR 64 & I-75",SHIFT_SUPERVISOR,19070,SR 64 & I-75,6521 SR 64,Bradenton,FL,,US,,1788321600,2026-09-02,29,2026-10-01,1788456153,2026-09-03,28,False,27.49285,-82.47917,481080699107,id:260067284,store:19070,Shift Supervisor,onsite,"6521 SR 64, Bradenton, Florida, United States",1,FL,CONUS_L0_001_007,1
2026-10-01,260056985,https://apply.starbucks.com/careers/job/481079556072,"barista - Store# 11679, US 41 & MANATEE AVE-BRADENTON",BARISTA,11679,US 41 & MANATEE AVE-BRADENTON,102 Manatee Ave E,Bradenton,FL,,US,,1784174400,2026-07-16,77,2026-10-01,1784295816,2026-07-17,76,False,27.4949263,-82.56255379999999,481079556072,id:260056985,store:11679,Barista,onsite,"102 Manatee Ave E, Bradenton, Florida, United States",1,FL,CONUS_L0_001_007,1
2026-10-01,260064336,https://apply.starbucks.com/careers/job/481080613142,"shift supervisor - Store# 11679, US 41 & MANATEE AVE-BRADENTON",SHIFT_SUPERVISOR,11679,US 41 & MANATEE AVE-BRADENTON,102 Manatee Ave E,Bradenton,FL,,US,,1788062400,2026-08-30,32,2026-10-01,1788183730,2026-08-31,31,False,27.4949263,-82.56255379999999,481080613142,id:260064336,store:11679,Shift Supervisor,onsite,"102 Manatee Ave E, Bradenton, Florida, United States",1,FL,CONUS_L0_001_007,1
2026-10-01,260062451,https://apply.starbucks.com/careers/job/481080494308,"barista - Store# 13236, Manatee Ave & 75th St W",BARISTA,13236,Manatee Ave & 75th St W,7493 Manatee Ave W,Bradenton,FL,,US,,1787630400,2026-08-25,37,2026-10-01,1787752228,2026-08-26,36,False,27.4953506,-82.63641290000001,481080494308,id:260062451,store:13236,Barista,onsite,"7493 Manatee Ave W, Bradenton, Florida, United States",1,FL,CONUS_L0_001_007,1
2026-10-01,260062734,https://apply.starbucks.com/careers/job/481080495169,"shift supervisor - Store# 13236, Manatee Ave & 75th St W",SHIFT_SUPERVISOR,13236,Manatee Ave & 75th St W,7493 Manatee Ave W,Bradenton,FL,,US,,1787630400,2026-08-25,37,2026-10-01,1787752455,2026-08-26,36,False,27.4953506,-82.63641290000001,481080495169,id:260062734,store:13236,Shift Supervisor,onsite,"7493 Manatee Ave W, Bradenton, Florida, United States",1,FL,CONUS_L0_001_007,1
2026-10-01,260076436,https://apply.starbucks.com/careers/job/481080861955,"barista - Store# 56879, US 301 & 60TH AVE",BARISTA,56879,US 301 & 60TH AVE,6285 US 301 N,Ellenton,FL,,US,,1789444800,2026-09-15,16,2026-10-01,1789566868,2026-09-16,15,False,27.53123,-82.50026,481080861955,id:260076436,store:56879,Barista,onsite,"6285 US 301 N, Ellenton, Florida, United States",1,FL,CONUS_L0_001_007,1
2026-10-01,260069274,https://apply.starbucks.com/careers/job/481080730085,"shift supervisor - Store# 56879, US 301 & 60TH AVE",SHIFT_SUPERVISOR,56879,US 301 & 60TH AVE,6285 US 301 N,Ellenton,FL,,US,,1788580800,2026-09-05,26,2026-10-01,1788701970,2026-09-06,25,False,27.53123,-82.50026,481080730085,id:260069274,store:56879,Shift Supervisor,onsite,"6285 US 301 N, Ellenton, Florida, United States",1,FL,CONUS_L0_001_007,1
2026-10-01,260073224,https://apply.starbucks.com/careers/job/481080798028,"shift supervisor - Store# 13239, US 27 & THUNDERBIRD RD-SEBRING",SHIFT_SUPERVISOR,13239,US 27 & THUNDERBIRD RD-SEBRING,1768 N Highway 27,Sebring,FL,,US,,1789012800,2026-09-10,21,2026-10-01,1789135721,2026-09-11,20,False,27.3366765,-81.3868421,481080798028,id:260073224,store:13239,Shift Supervisor,onsite,"1768 N Highway 27, Sebring, Florida, United States",1,FL,CONUS_L0_001_007,1
2026-10-01,260071068,https://apply.starbucks.com/careers/job/481080742295,"shift supervisor - Store# 67062, US 19 & 46TH AVE S",SHIFT_SUPERVISOR,67062,US 19 & 46TH AVE S,4601 34th St S,Saint Petersburg,FL,,US,,1788667200,2026-09-06,25,2026-10-01,1788788920,2026-09-07,24,False,27.7261326,-82.6807036,481080742295,id:260071068,store:67062,Shift Supervisor,onsite,"4601 34th St S, Saint Petersburg, Florida, United States",1,FL,CONUS_L0_001_007,1
2026-10-01,260076752,https://apply.starbucks.com/careers/job/481080862603,"barista - Store# 67062, US 19 & 46TH AVE S",BARISTA,67062,US 19 & 46TH AVE S,4601 34th St S,Saint Petersburg,FL,,US,,1789444800,2026-09-15,16,2026-10-01,1789567142,2026-09-16,15,False,27.7261326,-82.6807036,481080862603,id:260076752,store:67062,Barista,onsite,"4601 34th St S, Saint Petersburg, Florida, United States",1,FL,CONUS_L0_001_007,1
2026-10-01,260073526,https://apply.starbucks.com/careers/job/481080812865,"barista - Store# 62532, GULF BLVD & DOLPHIN VILLAGE",BARISTA,62532,GULF BLVD & DOLPHIN VILLAGE,4811 Gulf Blvd,Saint Petersburg,FL,,US,,1789185600,2026-09-12,19,2026-10-01,1789306985,2026-09-13,18,False,27.72309,-82.74031,481080812865,id:260073526,store:62532,Barista,onsite,"4811 Gulf Blvd, Saint Petersburg, Florida, United States",1,FL,CONUS_L0_001_007,1
2026-10-01,260069682,https://apply.starbucks.com/careers/job/481080730567,"shift supervisor - Store# 62532, GULF BLVD & DOLPHIN VILLAGE",SHIFT_SUPERVISOR,62532,GULF BLVD & DOLPHIN VILLAGE,4811 Gulf Blvd,Saint Petersburg,FL,,US,,1788580800,2026-09-05,26,2026-10-01,1788702295,2026-09-06,25,False,27.72309,-82.74031,481080730567,id:260069682,store:62532,Shift Supervisor,onsite,"4811 Gulf Blvd, Saint Petersburg, Florida, United States",1,FL,CONUS_L0_001_007,1
2026-10-01,260069833,https://apply.starbucks.com/careers/job/481080730735,"shift supervisor - Store# 62556, US 41 & APOLLO BEACH BLVD",SHIFT_SUPERVISOR,62556,US 41 & APOLLO BEACH BLVD,6184 N US Hwy 41,Apollo Beach,FL,,US,,1788580800,2026-09-05,26,2026-10-01,1788702415,2026-09-06,25,False,27.76777,-82.39347,481080730735,id:260069833,store:62556,Shift Supervisor,onsite,"6184 N US Hwy 41, Apollo Beach, Florida, United States",1,FL,CONUS_L0_001_007,1
2026-10-01,260069448,https://apply.starbucks.com/careers/job/481080730273,"barista - Store# 62556, US 41 & APOLLO BEACH BLVD",BARISTA,62556,US 41 & APOLLO BEACH BLVD,6184 N US Hwy 41,Apollo Beach,FL,,US,,1788580800,2026-09-05,26,2026-10-01,1788702110,2026-09-06,25,False,27.76777,-82.39347,481080730273,id:260069448,store:62556,Barista,onsite,"6184 N US Hwy 41, Apollo Beach, Florida, United States",1,FL,CONUS_L0_001_007,1
2026-10-01,260054912,https://apply.starbucks.com/careers/job/481079409199,"store manager - Clearwater, FL",STORE_MANAGER,,,,Saint Petersburg,FL,,US,,1787581147,2026-08-24,38,2026-10-01,1783712461,2026-07-10,83,True,27.7676008,-82.64029149999999,481079409199,id:260054912,,Coffeehouse Leader,onsite,"Saint Petersburg, Florida, United States",5,FL,CONUS_L0_001_007,1
2026-10-01,260062716,https://apply.starbucks.com/careers/job/481080494995,"barista - Store# 08353, BAYWALK",BARISTA,08353,BAYWALK,199 1st Ave N,Saint Petersburg,FL,,US,,1787630400,2026-08-25,37,2026-10-01,1787752441,2026-08-26,36,False,27.7722769,-82.6353475,481080494995,id:260062716,store:08353,Barista,onsite,"199 1st Ave N, Saint Petersburg, Florida, United States",1,FL,CONUS_L0_001_007,1
2026-10-01,260077281,https://apply.starbucks.com/careers/job/481080890849,"shift supervisor - Store# 08353, BAYWALK",SHIFT_SUPERVISOR,08353,BAYWALK,199 1st Ave N,Saint Petersburg,FL,,US,,1789617600,2026-09-17,14,2026-10-01,1789739018,2026-09-18,13,False,27.7722769,-82.6353475,481080890849,id:260077281,store:08353,Shift Supervisor,onsite,"199 1st Ave N, Saint Petersburg, Florida, United States",1,FL,CONUS_L0_001_007,1
2026-10-01,260078334,https://apply.starbucks.com/careers/job/481080936188,"barista - Store# 67423, US 301 & BALM RD",BARISTA,67423,US 301 & BALM RD,14202 US Highway 301 S,Riverview,FL,,US,,1789876800,2026-09-20,11,2026-10-01,1789998184,2026-09-21,10,False,27.7716046,-82.3340175,481080936188,id:260078334,store:67423,Barista,onsite,"14202 US Highway 301 S, Riverview, Florida, United States",1,FL,CONUS_L0_001_007,1
2026-10-01,260070781,https://apply.starbucks.com/careers/job/481080741877,"shift supervisor - Store# 67423, US 301 & BALM RD",SHIFT_SUPERVISOR,67423,US 301 & BALM RD,14202 US Highway 301 S,Riverview,FL,,US,,1788667200,2026-09-06,25,2026-10-01,1788788687,2026-09-07,24,False,27.7716046,-82.3340175,481080741877,id:260070781,store:67423,Shift Supervisor,onsite,"14202 US Highway 301 S, Riverview, Florida, United States",1,FL,CONUS_L0_001_007,1
2026-10-01,260077207,https://apply.starbucks.com/careers/job/481080890746,"barista - Store# 09396, CENTRAL AVE & 66TH ST",BARISTA,09396,CENTRAL AVE & 66TH ST,6575 Central Ave,Saint Petersburg,FL,,US,,1789617600,2026-09-17,14,2026-10-01,1789738954,2026-09-18,13,False,27.7711814,-82.7280937,481080890746,id:260077207,store:09396,Barista,onsite,"6575 Central Ave, Saint Petersburg, Florida, United States",1,FL,CONUS_L0_001_007,1
2026-10-01,260063359,https://apply.starbucks.com/careers/job/481080566167,"shift supervisor - Store# 09396, CENTRAL AVE & 66TH ST",SHIFT_SUPERVISOR,09396,CENTRAL AVE & 66TH ST,6575 Central Ave,Saint Petersburg,FL,,US,,1787803200,2026-08-27,35,2026-10-01,1787924859,2026-08-28,34,False,27.7711814,-82.7280937,481080566167,id:260063359,store:09396,Shift Supervisor,onsite,"6575 Central Ave, Saint Petersburg, Florida, United States",1,FL,CONUS_L0_001_007,1
2026-10-01,260062102,https://apply.starbucks.com/careers/job/481080430098,"barista - Store# 08535, 4TH STREET & 9TH AVE",BARISTA,08535,4TH STREET & 9TH AVE,"900 4th St N, A",Saint Petersburg,FL,,US,,1787457600,2026-08-23,39,2026-10-01,1787579410,2026-08-24,38,False,27.7813669,-82.6387431,481080430098,id:260062102,store:08535,Barista,onsite,"900 4th St N, A, Saint Petersburg, Florida, United States",1,FL,CONUS_L0_001_007,1
2026-10-01,260080021,https://apply.starbucks.com/careers/job/481081029626,"shift supervisor - Store# 08535, 4TH STREET & 9TH AVE",SHIFT_SUPERVISOR,08535,4TH STREET & 9TH AVE,"900 4th St N, A",Saint Petersburg,FL,,US,,1790481600,2026-09-27,4,2026-10-01,1790603406,2026-09-28,3,False,27.7813669,-82.6387431,481081029626,id:260080021,store:08535,Shift Supervisor,onsite,"900 4th St N, A, Saint Petersburg, Florida, United States",1,FL,CONUS_L0_001_007,1
2026-10-01,260079369,https://apply.starbucks.com/careers/job/481080998533,"shift supervisor - Store# 80964, 34TH ST & 9TH AVE N",SHIFT_SUPERVISOR,80964,34TH ST & 9TH AVE N,3355 9th Ave N,Saint Petersburg,FL,,US,,1790222400,2026-09-24,7,2026-10-01,1790343948,2026-09-25,6,False,27.7812794,-82.6789656,481080998533,id:260079369,store:80964,Shift Supervisor,onsite,"3355 9th Ave N, Saint Petersburg, Florida, United States",1,FL,CONUS_L0_001_007,1
2026-10-01,260072865,https://apply.starbucks.com/careers/job/481080796543,"barista - Store# 80964, 34TH ST & 9TH AVE N",BARISTA,80964,34TH ST & 9TH AVE N,3355 9th Ave N,Saint Petersburg,FL,,US,,1789012800,2026-09-10,21,2026-10-01,1789135419,2026-09-11,20,False,27.7812794,-82.6789656,481080796543,id:260072865,store:80964,Barista,onsite,"3355 9th Ave N, Saint Petersburg, Florida, United States",1,FL,CONUS_L0_001_007,1
2026-10-01,260064092,https://apply.starbucks.com/careers/job/481080594548,"barista - Store# 22270, 2500 N ROOSEVELT BLVD - KEY WEST",BARISTA,22270,2500 N ROOSEVELT BLVD - KEY WEST,2500 N Roosevelt Blvd,Key West,FL,,US,,1787976000,2026-08-29,33,2026-10-01,1788097420,2026-08-30,32,False,24.56293,-81.77605,481080594548,id:260064092,store:22270,Barista,onsite,"2500 N Roosevelt Blvd, Key West, Florida, United States",1,FL,CONUS_L0_001_007,1
2026-10-01,260062727,https://apply.starbucks.com/careers/job/481080495175,"shift supervisor - Store# 22270, 2500 N ROOSEVELT BLVD - KEY WEST",SHIFT_SUPERVISOR,22270,2500 N ROOSEVELT BLVD - KEY WEST,2500 N Roosevelt Blvd,Key West,FL,,US,,1787630400,2026-08-25,37,2026-10-01,1787752450,2026-08-26,36,False,24.56293,-81.77605,481080495175,id:260062727,store:22270,Shift Supervisor,onsite,"2500 N Roosevelt Blvd, Key West, Florida, United States",1,FL,CONUS_L0_001_007,1
2026-10-01,260079035,https://apply.starbucks.com/careers/job/481080965230,"barista - Store# 79869, BIG BEND RD & WATERSET BLVD",BARISTA,79869,BIG BEND RD & WATERSET BLVD,7090 Waterset Blvd,Apollo Beach,FL,,US,,1790049600,2026-09-22,9,2026-10-01,1790171134,2026-09-23,8,False,27.79174,-82.37265,481080965230,id:260079035,store:79869,Barista,onsite,"7090 Waterset Blvd, Apollo Beach, Florida, United States",1,FL,CONUS_L0_001_007,1
2026-10-01,260072877,https://apply.starbucks.com/careers/job/481080796674,"shift supervisor - Store# 79869, BIG BEND RD & WATERSET BLVD",SHIFT_SUPERVISOR,79869,BIG BEND RD & WATERSET BLVD,7090 Waterset Blvd,Apollo Beach,FL,,US,,1789012800,2026-09-10,21,2026-10-01,1789135429,2026-09-11,20,False,27.79174,-82.37265,481080796674,id:260072877,store:79869,Shift Supervisor,onsite,"7090 Waterset Blvd, Apollo Beach, Florida, United States",1,FL,CONUS_L0_001_007,1
2026-10-01,260068348,https://apply.starbucks.com/careers/job/481080709337,"shift supervisor - Store# 29900, US 19 & 22nd Ave - St. Petersburg",SHIFT_SUPERVISOR,29900,US 19 & 22nd Ave - St. Petersburg,2190 34th St N,Saint Petersburg,FL,,US,,1788408000,2026-09-03,28,2026-10-01,1788529658,2026-09-04,27,False,27.791481,-82.679819,481080709337,id:260068348,store:29900,Shift Supervisor,onsite,"2190 34th St N, Saint Petersburg, Florida, United States",1,FL,CONUS_L0_001_007,1
2026-10-01,260068450,https://apply.starbucks.com/careers/job/481080709960,"barista - Store# 29900, US 19 & 22nd Ave - St. Petersburg",BARISTA,29900,US 19 & 22nd Ave - St. Petersburg,2190 34th St N,Saint Petersburg,FL,,US,,1788408000,2026-09-03,28,2026-10-01,1788529746,2026-09-04,27,False,27.791481,-82.679819,481080709960,id:260068450,store:29900,Barista,onsite,"2190 34th St N, Saint Petersburg, Florida, United States",1,FL,CONUS_L0_001_007,1
2026-10-01,260071125,https://apply.starbucks.com/careers/job/481080742398,"barista - Store# 69057, BIG BEND RD & SUMMERFIELD CROSSING",BARISTA,69057,BIG BEND RD & SUMMERFIELD CROSSING,10754 Big Bend Rd,Riverview,FL,,US,,1788667200,2026-09-06,25,2026-10-01,1788788966,2026-09-07,24,False,27.79243,-82.329,481080742398,id:260071125,store:69057,Barista,onsite,"10754 Big Bend Rd, Riverview, Florida, United States",1,FL,CONUS_L0_001_007,1
2026-10-01,260060377,https://apply.starbucks.com/careers/job/481080126026,"shift supervisor - Store# 69057, BIG BEND RD & SUMMERFIELD CROSSING",SHIFT_SUPERVISOR,69057,BIG BEND RD & SUMMERFIELD CROSSING,10754 Big Bend Rd,Riverview,FL,,US,,1786420800,2026-08-11,51,2026-10-01,1786542349,2026-08-12,50,False,27.79243,-82.329,481080126026,id:260060377,store:69057,Shift Supervisor,onsite,"10754 Big Bend Rd, Riverview, Florida, United States",1,FL,CONUS_L0_001_007,1
2026-10-01,260077609,https://apply.starbucks.com/careers/job/481080891279,"shift supervisor - Store# 08440, MARKETPLACE SHOPPING CENTER",SHIFT_SUPERVISOR,08440,MARKETPLACE SHOPPING CENTER,2186 Tyrone Blvd N,Saint Petersburg,FL,,US,,1789617600,2026-09-17,14,2026-10-01,1789739303,2026-09-18,13,False,27.790171,-82.7264928,481080891279,id:260077609,store:08440,Shift Supervisor,onsite,"2186 Tyrone Blvd N, Saint Petersburg, Florida, United States",1,FL,CONUS_L0_001_007,1
2026-10-01,260077276,https://apply.starbucks.com/careers/job/481080890837,"barista - Store# 08440, MARKETPLACE SHOPPING CENTER",BARISTA,08440,MARKETPLACE SHOPPING CENTER,2186 Tyrone Blvd N,Saint Petersburg,FL,,US,,1789617600,2026-09-17,14,2026-10-01,1789739014,2026-09-18,13,False,27.790171,-82.7264928,481080890837,id:260077276,store:08440,Barista,onsite,"2186 Tyrone Blvd N, Saint Petersburg, Florida, United States",1,FL,CONUS_L0_001_007,1
2026-10-01,260072197,https://apply.starbucks.com/careers/job/481080765343,"shift supervisor - Store# 71339, 4TH & 40TH AVE",SHIFT_SUPERVISOR,71339,4TH & 40TH AVE,3939 4th St N,Saint Petersburg,FL,,US,,1788840000,2026-09-08,23,2026-10-01,1788961736,2026-09-09,22,False,27.8082644,-82.6382319,481080765343,id:260072197,store:71339,Shift Supervisor,onsite,"3939 4th St N, Saint Petersburg, Florida, United States",1,FL,CONUS_L0_001_007,1
2026-10-01,260079475,https://apply.starbucks.com/careers/job/481080998807,"barista - Store# 71339, 4TH & 40TH AVE",BARISTA,71339,4TH & 40TH AVE,3939 4th St N,Saint Petersburg,FL,,US,,1790222400,2026-09-24,7,2026-10-01,1790344042,2026-09-25,6,False,27.8082644,-82.6382319,481080998807,id:260079475,store:71339,Barista,onsite,"3939 4th St N, Saint Petersburg, Florida, United States",1,FL,CONUS_L0_001_007,1
2026-10-01,260069912,https://apply.starbucks.com/careers/job/481080730841,"shift supervisor - Store# 26194, BAY PINES & 100TH WAY - ST. PETERSBURG",SHIFT_SUPERVISOR,26194,BAY PINES & 100TH WAY - ST. PETERSBURG,"10195 Bay Pines Blvd, Ste 101",Saint Petersburg,FL,,US,,1788580800,2026-09-05,26,2026-10-01,1788702476,2026-09-06,25,False,27.814343,-82.780275,481080730841,id:260069912,store:26194,Shift Supervisor,onsite,"10195 Bay Pines Blvd, Ste 101, Saint Petersburg, Florida, United States",1,FL,CONUS_L0_001_007,1
2026-10-01,260079038,https://apply.starbucks.com/careers/job/481080965225,"barista - Store# 26194, BAY PINES & 100TH WAY - ST. PETERSBURG",BARISTA,26194,BAY PINES & 100TH WAY - ST. PETERSBURG,"10195 Bay Pines Blvd, Ste 101",Saint Petersburg,FL,,US,,1790049600,2026-09-22,9,2026-10-01,1790171137,2026-09-23,8,False,27.814343,-82.780275,481080965225,id:260079038,store:26194,Barista,onsite,"10195 Bay Pines Blvd, Ste 101, Saint Petersburg, Florida, United States",1,FL,CONUS_L0_001_007,1
2026-10-01,260060226,https://apply.starbucks.com/careers/job/481080108629,"shift supervisor - Store# 09696, PARK BLVD&US HWY 19",SHIFT_SUPERVISOR,09696,PARK BLVD&US HWY 19,7350 US Hwy 19 N,Pinellas Park,FL,,US,,1786334400,2026-08-10,52,2026-10-01,1786455946,2026-08-11,51,False,27.8380434,-82.6836074,481080108629,id:260060226,store:09696,Shift Supervisor,onsite,"7350 US Hwy 19 N, Pinellas Park, Florida, United States",1,FL,CONUS_L0_001_007,1
2026-10-01,260080272,https://apply.starbucks.com/careers/job/481081059116,"barista - Store# 09696, PARK BLVD&US HWY 19",BARISTA,09696,PARK BLVD&US HWY 19,7350 US Hwy 19 N,Pinellas Park,FL,,US,,1790568000,2026-09-28,3,2026-10-01,1790689681,2026-09-29,2,False,27.8380434,-82.6836074,481081059116,id:260080272,store:09696,Barista,onsite,"7350 US Hwy 19 N, Pinellas Park, Florida, United States",1,FL,CONUS_L0_001_007,1
2026-10-01,260068939,https://apply.starbucks.com/careers/job/481080710282,"shift supervisor - Store# 29342, PARK & BELCHER - PINELLAS PARK",SHIFT_SUPERVISOR,29342,PARK & BELCHER - PINELLAS PARK,7299 Park Blvd N,Pinellas Park,FL,,US,,1788408000,2026-09-03,28,2026-10-01,1788530162,2026-09-04,27,False,27.8396425,-82.7390173,481080710282,id:260068939,store:29342,Shift Supervisor,onsite,"7299 Park Blvd N, Pinellas Park, Florida, United States",1,FL,CONUS_L0_001_007,1
2026-10-01,260076413,https://apply.starbucks.com/careers/job/481080861880,"barista - Store# 29342, PARK & BELCHER - PINELLAS PARK",BARISTA,29342,PARK & BELCHER - PINELLAS PARK,7299 Park Blvd N,Pinellas Park,FL,,US,,1789444800,2026-09-15,16,2026-10-01,1789566848,2026-09-16,15,False,27.8396425,-82.7390173,481080861880,id:260076413,store:29342,Barista,onsite,"7299 Park Blvd N, Pinellas Park, Florida, United States",1,FL,CONUS_L0_001_007,1
2026-10-01,260064134,https://apply.starbucks.com/careers/job/481080612689,"shift supervisor - Store# 14076, 4TH ST & 89TH AVE-ST PETERSBURG",SHIFT_SUPERVISOR,14076,4TH ST & 89TH AVE-ST PETERSBURG,8801 4th St N,Saint Petersburg,FL,,US,,1788062400,2026-08-30,32,2026-10-01,1788183562,2026-08-31,31,False,27.8527888,-82.63833660000002,481080612689,id:260064134,store:14076,Shift Supervisor,onsite,"8801 4th St N, Saint Petersburg, Florida, United States",1,FL,CONUS_L0_001_007,1
2026-10-01,260069012,https://apply.starbucks.com/careers/job/481080710456,"barista - Store# 14076, 4TH ST & 89TH AVE-ST PETERSBURG",BARISTA,14076,4TH ST & 89TH AVE-ST PETERSBURG,8801 4th St N,Saint Petersburg,FL,,US,,1788408000,2026-09-03,28,2026-10-01,1788530224,2026-09-04,27,False,27.8527888,-82.63833660000002,481080710456,id:260069012,store:14076,Barista,onsite,"8801 4th St N, Saint Petersburg, Florida, United States",1,FL,CONUS_L0_001_007,1
2026-10-01,260076792,https://apply.starbucks.com/careers/job/481080862702,"barista - Store# 26677, PARK & SEMINOLE - SEMINOLE",BARISTA,26677,PARK & SEMINOLE - SEMINOLE,7398 Seminole Blvd,Seminole,FL,,US,,1789444800,2026-09-15,16,2026-10-01,1789567178,2026-09-16,15,False,27.83921,-82.78745,481080862702,id:260076792,store:26677,Barista,onsite,"7398 Seminole Blvd, Seminole, Florida, United States",1,FL,CONUS_L0_001_007,1
2026-10-01,260068491,https://apply.starbucks.com/careers/job/481080709613,"shift supervisor - Store# 26677, PARK & SEMINOLE - SEMINOLE",SHIFT_SUPERVISOR,26677,PARK & SEMINOLE - SEMINOLE,7398 Seminole Blvd,Seminole,FL,,US,,1788408000,2026-09-03,28,2026-10-01,1788529780,2026-09-04,27,False,27.83921,-82.78745,481080709613,id:260068491,store:26677,Shift Supervisor,onsite,"7398 Seminole Blvd, Seminole, Florida, United States",1,FL,CONUS_L0_001_007,1
2026-10-01,260075801,https://apply.starbucks.com/careers/job/481080840622,"shift supervisor - Store# 69403, GIBSONTON DR & ALAFIA TRACE BLVD",SHIFT_SUPERVISOR,69403,GIBSONTON DR & ALAFIA TRACE BLVD,10410 Gibsonton Dr,Riverview,FL,,US,,1789358400,2026-09-14,17,2026-10-01,1789480056,2026-09-15,16,False,27.85751,-82.33235,481080840622,id:260075801,store:69403,Shift Supervisor,onsite,"10410 Gibsonton Dr, Riverview, Florida, United States",1,FL,CONUS_L0_001_007,1
2026-10-01,260068186,https://apply.starbucks.com/careers/job/481080709053,"shift supervisor - Store# 49083, Fishhawk & Bayberry",SHIFT_SUPERVISOR,49083,Fishhawk & Bayberry,16222 Bayberry Glen Dr,Lithia,FL,,US,,1788408000,2026-09-03,28,2026-10-01,1788529515,2026-09-04,27,False,27.85362,-82.21121,481080709053,id:260068186,store:49083,Shift Supervisor,onsite,"16222 Bayberry Glen Dr, Lithia, Florida, United States",1,FL,CONUS_L0_001_007,1
2026-10-01,260055975,https://apply.starbucks.com/careers/job/481079473338,"barista - Store# 49083, Fishhawk & Bayberry",BARISTA,49083,Fishhawk & Bayberry,16222 Bayberry Glen Dr,Lithia,FL,,US,,1783915200,2026-07-13,80,2026-10-01,1784037182,2026-07-14,79,False,27.85362,-82.21121,481079473338,id:260055975,store:49083,Barista,onsite,"16222 Bayberry Glen Dr, Lithia, Florida, United States",1,FL,CONUS_L0_001_007,1
2026-10-01,260075557,https://apply.starbucks.com/careers/job/481080825233,"store manager - N. Riverview, Valrico, FL",STORE_MANAGER,,,,Riverview,FL,,US,,1789414913,2026-09-14,17,2026-10-01,1789414661,2026-09-14,17,False,27.8661364,-82.32648089999999,481080825233,id:260075557,,Coffeehouse Leader,onsite,"Riverview, Florida, United States",2,FL,CONUS_L0_001_007,1
2026-10-01,260063846,https://apply.starbucks.com/careers/job/481080567451,"shift supervisor - Store# 10021, Bryan Dairy & Starkey",SHIFT_SUPERVISOR,10021,Bryan Dairy & Starkey,"10809 Starkey Rd, Unit 00037",Seminole,FL,,US,,1787803200,2026-08-27,35,2026-10-01,1787925249,2026-08-28,34,False,27.87045,-82.76155,481080567451,id:260063846,store:10021,Shift Supervisor,onsite,"10809 Starkey Rd, Unit 00037, Seminole, Florida, United States",1,FL,CONUS_L0_001_007,1
2026-10-01,260068791,https://apply.starbucks.com/careers/job/481080710063,"barista - Store# 10021, Bryan Dairy & Starkey",BARISTA,10021,Bryan Dairy & Starkey,"10809 Starkey Rd, Unit 00037",Seminole,FL,,US,,1788408000,2026-09-03,28,2026-10-01,1788530039,2026-09-04,27,False,27.87045,-82.76155,481080710063,id:260068791,store:10021,Barista,onsite,"10809 Starkey Rd, Unit 00037, Seminole, Florida, United States",1,FL,CONUS_L0_001_007,1
2026-10-01,260078374,https://apply.starbucks.com/careers/job/481080936245,"shift supervisor - Store# 68025, W GANDY BLVD & S MANHATTAN AVE",SHIFT_SUPERVISOR,68025,W GANDY BLVD & S MANHATTAN AVE,4418 W Gandy Blvd,Tampa,FL,,US,,1789876800,2026-09-20,11,2026-10-01,1789998217,2026-09-21,10,False,27.89302,-82.51948,481080936245,id:260078374,store:68025,Shift Supervisor,onsite,"4418 W Gandy Blvd, Tampa, Florida, United States",1,FL,CONUS_L0_001_007,1
2026-10-01,260080016,https://apply.starbucks.com/careers/job/481081029636,"barista - Store# 68025, W GANDY BLVD & S MANHATTAN AVE",BARISTA,68025,W GANDY BLVD & S MANHATTAN AVE,4418 W Gandy Blvd,Tampa,FL,,US,,1790481600,2026-09-27,4,2026-10-01,1790603401,2026-09-28,3,False,27.89302,-82.51948,481081029636,id:260080016,store:68025,Barista,onsite,"4418 W Gandy Blvd, Tampa, Florida, United States",1,FL,CONUS_L0_001_007,1
2026-10-01,260059327,https://apply.starbucks.com/careers/job/481079982955,"barista - Store# 10065, S HIMES AND W GANDY BLVD",BARISTA,10065,S HIMES AND W GANDY BLVD,3619 W Gandy Blvd,Tampa,FL,,US,,1785643200,2026-08-02,60,2026-10-01,1785764536,2026-08-03,59,False,27.89413,-82.50376,481079982955,id:260059327,store:10065,Barista,onsite,"3619 W Gandy Blvd, Tampa, Florida, United States",1,FL,CONUS_L0_001_007,1
2026-10-01,260058843,https://apply.starbucks.com/careers/job/481079927777,"barista - Store# 02852, ULMERTON RD & EGRET BLVD",BARISTA,02852,ULMERTON RD & EGRET BLVD,2577 Ulmerton Rd,Clearwater,FL,,US,,1785211200,2026-07-28,65,2026-10-01,1785332779,2026-07-29,64,False,27.89431,-82.66855,481079927777,id:260058843,store:02852,Barista,onsite,"2577 Ulmerton Rd, Clearwater, Florida, United States",1,FL,CONUS_L0_001_007,1
2026-10-01,260074837,https://apply.starbucks.com/careers/job/481080820575,"shift supervisor - Store# 02852, ULMERTON RD & EGRET BLVD",SHIFT_SUPERVISOR,02852,ULMERTON RD & EGRET BLVD,2577 Ulmerton Rd,Clearwater,FL,,US,,1789272000,2026-09-13,18,2026-10-01,1789394406,2026-09-14,17,False,27.89431,-82.66855,481080820575,id:260074837,store:02852,Shift Supervisor,onsite,"2577 Ulmerton Rd, Clearwater, Florida, United States",1,FL,CONUS_L0_001_007,1
2026-10-01,260063207,https://apply.starbucks.com/careers/job/481080565681,"shift supervisor - Store# 10235, WINTHROP TOWN CENTRE",SHIFT_SUPERVISOR,10235,WINTHROP TOWN CENTRE,"6042 Winthrop Town Centre Ave, Winthrop Town Centre, Spc 326",Riverview,FL,,US,,1787803200,2026-08-27,35,2026-10-01,1787924737,2026-08-28,34,False,27.8929039,-82.31661419999999,481080565681,id:260063207,store:10235,Shift Supervisor,onsite,"6042 Winthrop Town Centre Ave, Winthrop Town Centre, Spc 326, Riverview, Florida, United States",1,FL,CONUS_L0_001_007,1
2026-10-01,260074328,https://apply.starbucks.com/careers/job/481080814184,"barista - Store# 10235, WINTHROP TOWN CENTRE",BARISTA,10235,WINTHROP TOWN CENTRE,"6042 Winthrop Town Centre Ave, Winthrop Town Centre, Spc 326",Riverview,FL,,US,,1789185600,2026-09-12,19,2026-10-01,1789307734,2026-09-13,18,False,27.8929039,-82.31661419999999,481080814184,id:260074328,store:10235,Barista,onsite,"6042 Winthrop Town Centre Ave, Winthrop Town Centre, Spc 326, Riverview, Florida, United States",1,FL,CONUS_L0_001_007,1
2026-10-01,260061914,https://apply.starbucks.com/careers/job/481080429755,"barista - Store# 13687, WALSINGHAM & 137TH - LARGO",BARISTA,13687,WALSINGHAM & 137TH - LARGO,13660 Walsingham Rd,Largo,FL,,US,,1787457600,2026-08-23,39,2026-10-01,1787579249,2026-08-24,38,False,27.87975,-82.82743,481080429755,id:260061914,store:13687,Barista,onsite,"13660 Walsingham Rd, Largo, Florida, United States",1,FL,CONUS_L0_001_007,1
2026-10-01,260061926,https://apply.starbucks.com/careers/job/481080429774,"shift supervisor - Store# 13687, WALSINGHAM & 137TH - LARGO",SHIFT_SUPERVISOR,13687,WALSINGHAM & 137TH - LARGO,13660 Walsingham Rd,Largo,FL,,US,,1787457600,2026-08-23,39,2026-10-01,1787579260,2026-08-24,38,False,27.87975,-82.82743,481080429774,id:260061926,store:13687,Shift Supervisor,onsite,"13660 Walsingham Rd, Largo, Florida, United States",1,FL,CONUS_L0_001_007,1
2026-10-01,260077488,https://apply.starbucks.com/careers/job/481080891161,"shift supervisor - Store# 08601, BLOOMINGDALE & BLOWING OAK",SHIFT_SUPERVISOR,08601,BLOOMINGDALE & BLOWING OAK,1920 Bloomingdale Ave,Valrico,FL,,US,,1789617600,2026-09-17,14,2026-10-01,1789739199,2026-09-18,13,False,27.8940652,-82.25156059999999,481080891161,id:260077488,store:08601,Shift Supervisor,onsite,"1920 Bloomingdale Ave, Valrico, Florida, United States",1,FL,CONUS_L0_001_007,1
2026-10-01,260061115,https://apply.starbucks.com/careers/job/481080228903,"shift supervisor - Store# 11252, ULMERTON & STARKEY",SHIFT_SUPERVISOR,11252,ULMERTON & STARKEY,8870 Ulmerton Rd,Largo,FL,,US,,1786939200,2026-08-17,45,2026-10-01,1787060500,2026-08-18,44,False,27.8938,-82.76116,481080228903,id:260061115,store:11252,Shift Supervisor,onsite,"8870 Ulmerton Rd, Largo, Florida, United States",1,FL,CONUS_L0_001_007,1
2026-10-01,260066971,https://apply.starbucks.com/careers/job/481080698556,"shift supervisor - Store# 24221, US 301 & FALKENBURG - RIVERVIEW",SHIFT_SUPERVISOR,24221,US 301 & FALKENBURG - RIVERVIEW,3715 US Highway 301 S,Riverview,FL,,US,,1788321600,2026-09-02,29,2026-10-01,1788455853,2026-09-03,28,False,27.9144746,-82.3493487,481080698556,id:260066971,store:24221,Shift Supervisor,onsite,"3715 US Highway 301 S, Riverview, Florida, United States",1,FL,CONUS_L0_001_007,1
2026-10-01,260067819,https://apply.starbucks.com/careers/job/481080699631,"barista - Store# 24221, US 301 & FALKENBURG - RIVERVIEW",BARISTA,24221,US 301 & FALKENBURG - RIVERVIEW,3715 US Highway 301 S,Riverview,FL,,US,,1788321600,2026-09-02,29,2026-10-01,1788456653,2026-09-03,28,False,27.9144746,-82.3493487,481080699631,id:260067819,store:24221,Barista,onsite,"3715 US Highway 301 S, Riverview, Florida, United States",1,FL,CONUS_L0_001_007,1
2026-10-01,260077774,https://apply.starbucks.com/careers/job/481080891606,"shift supervisor - Store# 08538, 3400 BAY TO BAY",SHIFT_SUPERVISOR,08538,3400 BAY TO BAY,3409 W Bay To Bay Blvd,Tampa,FL,,US,,1789617600,2026-09-17,14,2026-10-01,1789739442,2026-09-18,13,False,27.9200036,-82.4994284,481080891606,id:260077774,store:08538,Shift Supervisor,onsite,"3409 W Bay To Bay Blvd, Tampa, Florida, United States",1,FL,CONUS_L0_001_007,1
2026-10-01,260060677,https://apply.starbucks.com/careers/job/481080163005,"barista - Store# 08538, 3400 BAY TO BAY",BARISTA,08538,3400 BAY TO BAY,3409 W Bay To Bay Blvd,Tampa,FL,,US,,1786593600,2026-08-13,49,2026-10-01,1786715183,2026-08-14,48,False,27.9200036,-82.4994284,481080163005,id:260060677,store:08538,Barista,onsite,"3409 W Bay To Bay Blvd, Tampa, Florida, United States",1,FL,CONUS_L0_001_007,1
2026-10-01,260075669,https://apply.starbucks.com/careers/job/481080840375,"barista - Store# 70753, ROOSEVELT & DODGE ST",BARISTA,70753,ROOSEVELT & DODGE ST,2600 Roosevelt Blvd,Clearwater,FL,,US,,1789358400,2026-09-14,17,2026-10-01,1789479939,2026-09-15,16,False,27.916696,-82.727023,481080840375,id:260075669,store:70753,Barista,onsite,"2600 Roosevelt Blvd, Clearwater, Florida, United States",1,FL,CONUS_L0_001_007,1
2026-10-01,260071924,https://apply.starbucks.com/careers/job/481080764824,"shift supervisor - Store# 70753, ROOSEVELT & DODGE ST",SHIFT_SUPERVISOR,70753,ROOSEVELT & DODGE ST,2600 Roosevelt Blvd,Clearwater,FL,,US,,1788840000,2026-09-08,23,2026-10-01,1788961514,2026-09-09,22,False,27.916696,-82.727023,481080764824,id:260071924,store:70753,Shift Supervisor,onsite,"2600 Roosevelt Blvd, Clearwater, Florida, United States",1,FL,CONUS_L0_001_007,1
2026-10-01,260061609,https://apply.starbucks.com/careers/job/481080387381,"barista - Store# 08549, CAUSEWAY BLVD",BARISTA,08549,CAUSEWAY BLVD,"11029 Causeway Blvd, Unit E",Brandon,FL,,US,,1787198400,2026-08-20,42,2026-10-01,1787319627,2026-08-21,41,False,27.9223229,-82.3274905,481080387381,id:260061609,store:08549,Barista,onsite,"11029 Causeway Blvd, Unit E, Brandon, Florida, United States",1,FL,CONUS_L0_001_007,1
2026-10-01,260079969,https://apply.starbucks.com/careers/job/481081029505,"shift supervisor - Store# 08549, CAUSEWAY BLVD",SHIFT_SUPERVISOR,08549,CAUSEWAY BLVD,"11029 Causeway Blvd, Unit E",Brandon,FL,,US,,1790481600,2026-09-27,4,2026-10-01,1790603354,2026-09-28,3,False,27.9223229,-82.3274905,481081029505,id:260079969,store:08549,Shift Supervisor,onsite,"11029 Causeway Blvd, Unit E, Brandon, Florida, United States",1,FL,CONUS_L0_001_007,1
2026-10-01,260053172,https://apply.starbucks.com/careers/job/481079230264,"barista - Store# 02911, STARKEY RD & EAST BAY DR",BARISTA,02911,STARKEY RD & EAST BAY DR,"2401 E Bay Dr, Ste 1",Largo,FL,,US,,1783137600,2026-07-04,89,2026-10-01,1783258919,2026-07-05,88,False,27.9161174,-82.76189289999999,481079230264,id:260053172,store:02911,Barista,onsite,"2401 E Bay Dr, Ste 1, Largo, Florida, United States",1,FL,CONUS_L0_001_007,1
2026-10-01,260061744,https://apply.starbucks.com/careers/job/481080416043,"shift supervisor - Store# 02911, STARKEY RD & EAST BAY DR",SHIFT_SUPERVISOR,02911,STARKEY RD & EAST BAY DR,"2401 E Bay Dr, Ste 1",Largo,FL,,US,,1787371200,2026-08-22,40,2026-10-01,1787492419,2026-08-23,39,False,27.9161174,-82.76189289999999,481080416043,id:260061744,store:02911,Shift Supervisor,onsite,"2401 E Bay Dr, Ste 1, Largo, Florida, United States",1,FL,CONUS_L0_001_007,1
2026-10-01,260079430,https://apply.starbucks.com/careers/job/481080998653,"shift supervisor - Store# 08485, NEPTUNE & DALE MABRY",SHIFT_SUPERVISOR,08485,NEPTUNE & DALE MABRY,1300 S Dale Mabry Hwy,Tampa,FL,,US,,1790222400,2026-09-24,7,2026-10-01,1790344003,2026-09-25,6,False,27.9310772,-82.5054287,481080998653,id:260079430,store:08485,Shift Supervisor,onsite,"1300 S Dale Mabry Hwy, Tampa, Florida, United States",1,FL,CONUS_L0_001_007,1
2026-10-01,260057748,https://apply.starbucks.com/careers/job/481079649212,"barista - Store# 08485, NEPTUNE & DALE MABRY",BARISTA,08485,NEPTUNE & DALE MABRY,1300 S Dale Mabry Hwy,Tampa,FL,,US,,1784606400,2026-07-21,72,2026-10-01,1784727928,2026-07-22,71,False,27.9310772,-82.5054287,481079649212,id:260057748,store:08485,Barista,onsite,"1300 S Dale Mabry Hwy, Tampa, Florida, United States",1,FL,CONUS_L0_001_007,1
2026-10-01,260077776,https://apply.starbucks.com/careers/job/481080891605,"shift supervisor - Store# 08295, HOWARD & MOODY",SHIFT_SUPERVISOR,08295,HOWARD & MOODY,715 S Howard Ave,Tampa,FL,,US,,1789617600,2026-09-17,14,2026-10-01,1789739444,2026-09-18,13,False,27.9363087,-82.48338269999999,481080891605,id:260077776,store:08295,Shift Supervisor,onsite,"715 S Howard Ave, Tampa, Florida, United States",1,FL,CONUS_L0_001_007,1
2026-10-01,260054061,https://apply.starbucks.com/careers/job/481079404971,"barista - Store# 08295, HOWARD & MOODY",BARISTA,08295,HOWARD & MOODY,715 S Howard Ave,Tampa,FL,,US,,1783569600,2026-07-09,84,2026-10-01,1783691077,2026-07-10,83,False,27.9363087,-82.48338269999999,481079404971,id:260054061,store:08295,Barista,onsite,"715 S Howard Ave, Tampa, Florida, United States",1,FL,CONUS_L0_001_007,1
2026-10-01,260077491,https://apply.starbucks.com/careers/job/481080891159,"shift supervisor - Store# 08428, WESTSHORE & KENNEDY",SHIFT_SUPERVISOR,08428,WESTSHORE & KENNEDY,"118 S West Shore Blvd, Town Square Shopping Center",Tampa,FL,,US,,1789617600,2026-09-17,14,2026-10-01,1789739201,2026-09-18,13,False,27.9442069,-82.52356879999999,481080891159,id:260077491,store:08428,Shift Supervisor,onsite,"118 S West Shore Blvd, Town Square Shopping Center, Tampa, Florida, United States",1,FL,CONUS_L0_001_007,1
2026-10-01,260057368,https://apply.starbucks.com/careers/job/481079587865,"barista - Store# 08428, WESTSHORE & KENNEDY",BARISTA,08428,WESTSHORE & KENNEDY,"118 S West Shore Blvd, Town Square Shopping Center",Tampa,FL,,US,,1784347200,2026-07-18,75,2026-10-01,1784468497,2026-07-19,74,False,27.9442069,-82.52356879999999,481079587865,id:260057368,store:08428,Barista,onsite,"118 S West Shore Blvd, Town Square Shopping Center, Tampa, Florida, United States",1,FL,CONUS_L0_001_007,1
2026-10-01,260070807,https://apply.starbucks.com/careers/job/481080742049,"shift supervisor - Store# 14316, KENNEDY & S. DAKOTA-TAMPA",SHIFT_SUPERVISOR,14316,KENNEDY & S. DAKOTA-TAMPA,1600 W Kennedy Blvd,Tampa,FL,,US,,1788667200,2026-09-06,25,2026-10-01,1788788709,2026-09-07,24,False,27.94448,-82.47597,481080742049,id:260070807,store:14316,Shift Supervisor,onsite,"1600 W Kennedy Blvd, Tampa, Florida, United States",1,FL,CONUS_L0_001_007,1
2026-10-01,260070697,https://apply.starbucks.com/careers/job/481080741801,"barista - Store# 14316, KENNEDY & S. DAKOTA-TAMPA",BARISTA,14316,KENNEDY & S. DAKOTA-TAMPA,1600 W Kennedy Blvd,Tampa,FL,,US,,1788667200,2026-09-06,25,2026-10-01,1788788622,2026-09-07,24,False,27.94448,-82.47597,481080741801,id:260070697,store:14316,Barista,onsite,"1600 W Kennedy Blvd, Tampa, Florida, United States",1,FL,CONUS_L0_001_007,1
2026-10-01,260057587,https://apply.starbucks.com/careers/job/481079627237,"barista - Store# 08534, SR 60 & GRAND REGENCY",BARISTA,08534,SR 60 & GRAND REGENCY,"2350 W Brandon Blvd, Regency Square Shopping Center",Brandon,FL,,US,,1784520000,2026-07-20,73,2026-10-01,1784642438,2026-07-21,72,False,27.9415406,-82.3243064,481079627237,id:260057587,store:08534,Barista,onsite,"2350 W Brandon Blvd, Regency Square Shopping Center, Brandon, Florida, United States",1,FL,CONUS_L0_001_007,1
2026-10-01,260067496,https://apply.starbucks.com/careers/job/481080699177,"shift supervisor - Store# 08534, SR 60 & GRAND REGENCY",SHIFT_SUPERVISOR,08534,SR 60 & GRAND REGENCY,"2350 W Brandon Blvd, Regency Square Shopping Center",Brandon,FL,,US,,1788321600,2026-09-02,29,2026-10-01,1788456355,2026-09-03,28,False,27.9415406,-82.3243064,481080699177,id:260067496,store:08534,Shift Supervisor,onsite,"2350 W Brandon Blvd, Regency Square Shopping Center, Brandon, Florida, United States",1,FL,CONUS_L0_001_007,1
2026-10-01,260063244,https://apply.starbucks.com/careers/job/481080565786,"shift supervisor - Store# 10355, SR 60 & MT CARMEL-BRANDON",SHIFT_SUPERVISOR,10355,SR 60 & MT CARMEL-BRANDON,1265 E Brandon Blvd,Brandon,FL,,US,,1787803200,2026-08-27,35,2026-10-01,1787924767,2026-08-28,34,False,27.9371698,-82.2634858,481080565786,id:260063244,store:10355,Shift Supervisor,onsite,"1265 E Brandon Blvd, Brandon, Florida, United States",1,FL,CONUS_L0_001_007,1
2026-10-01,260055799,https://apply.starbucks.com/careers/job/481079456697,"store manager - Tampa, FL",STORE_MANAGER,,,,Tampa,FL,,US,,1789487997,2026-09-15,16,2026-10-01,1783961091,2026-07-13,80,True,27.950575,-82.4571776,481079456697,id:260055799,,Coffeehouse Leader,onsite,"Tampa, Florida, United States",1,FL,CONUS_L0_001_007,1
2026-10-01,260077239,https://apply.starbucks.com/careers/job/481080890783,"shift supervisor - Store# 08312, FIDELITY CENTER",SHIFT_SUPERVISOR,08312,FIDELITY CENTER,1508 N West Shore Blvd,Tampa,FL,,US,,1789617600,2026-09-17,14,2026-10-01,1789738982,2026-09-18,13,False,27.9566638,-82.5246165,481080890783,id:260077239,store:08312,Shift Supervisor,onsite,"1508 N West Shore Blvd, Tampa, Florida, United States",1,FL,CONUS_L0_001_007,1
2026-10-01,260069595,https://apply.starbucks.com/careers/job/481080730444,"barista - Store# 08312, FIDELITY CENTER",BARISTA,08312,FIDELITY CENTER,1508 N West Shore Blvd,Tampa,FL,,US,,1788580800,2026-09-05,26,2026-10-01,1788702225,2026-09-06,25,False,27.9566638,-82.5246165,481080730444,id:260069595,store:08312,Barista,onsite,"1508 N West Shore Blvd, Tampa, Florida, United States",1,FL,CONUS_L0_001_007,1
2026-10-01,260069382,https://apply.starbucks.com/careers/job/481080730204,"barista - Store# 25468, WALNUT & DALE MABRY",BARISTA,25468,WALNUT & DALE MABRY,"2013 N Dale Mabry Hwy, Suite A",Tampa,FL,,US,,1788580800,2026-09-05,26,2026-10-01,1788702058,2026-09-06,25,False,27.9602455,-82.5051269,481080730204,id:260069382,store:25468,Barista,onsite,"2013 N Dale Mabry Hwy, Suite A, Tampa, Florida, United States",1,FL,CONUS_L0_001_007,1
2026-10-01,260067940,https://apply.starbucks.com/careers/job/481080699649,"shift supervisor - Store# 25468, WALNUT & DALE MABRY",SHIFT_SUPERVISOR,25468,WALNUT & DALE MABRY,"2013 N Dale Mabry Hwy, Suite A",Tampa,FL,,US,,1788321600,2026-09-02,29,2026-10-01,1788456769,2026-09-03,28,False,27.9602455,-82.5051269,481080699649,id:260067940,store:25468,Shift Supervisor,onsite,"2013 N Dale Mabry Hwy, Suite A, Tampa, Florida, United States",1,FL,CONUS_L0_001_007,1
2026-10-01,260075508,https://apply.starbucks.com/careers/job/481080821741,"shift supervisor - Store# 02924, CROSS CIRCLE AND GULF TO BAY",SHIFT_SUPERVISOR,02924,CROSS CIRCLE AND GULF TO BAY,"2833 Gulf To Bay Blvd, Clearwater MallSuite 1120",Clearwater,FL,,US,,1789272000,2026-09-13,18,2026-10-01,1789395001,2026-09-14,17,False,27.96042,-82.71976,481080821741,id:260075508,store:02924,Shift Supervisor,onsite,"2833 Gulf To Bay Blvd, Clearwater MallSuite 1120, Clearwater, Florida, United States",1,FL,CONUS_L0_001_007,1
2026-10-01,260059294,https://apply.starbucks.com/careers/job/481079980616,"barista - Store# 02924, CROSS CIRCLE AND GULF TO BAY",BARISTA,02924,CROSS CIRCLE AND GULF TO BAY,"2833 Gulf To Bay Blvd, Clearwater MallSuite 1120",Clearwater,FL,,US,,1785643200,2026-08-02,60,2026-10-01,1785753170,2026-08-03,59,False,27.96042,-82.71976,481079980616,id:260059294,store:02924,Barista,onsite,"2833 Gulf To Bay Blvd, Clearwater MallSuite 1120, Clearwater, Florida, United States",1,FL,CONUS_L0_001_007,1
2026-10-01,260054800,https://apply.starbucks.com/careers/job/481079406394,"barista - Store# 82180, US-441 & SW 28TH",BARISTA,82180,US-441 & SW 28TH,2605 US Highway 441 S,Okeechobee,FL,,US,,1783569600,2026-07-09,84,2026-10-01,1783691602,2026-07-10,83,False,27.2192103,-80.8302204,481079406394,id:260054800,store:82180,Barista,onsite,"2605 US Highway 441 S, Okeechobee, Florida, United States",1,FL,CONUS_L0_001_007,1
2026-10-01,260054666,https://apply.starbucks.com/careers/job/481079405762,"shift supervisor - Store# 82180, US-441 & SW 28TH",SHIFT_SUPERVISOR,82180,US-441 & SW 28TH,2605 US Highway 441 S,Okeechobee,FL,,US,,1783569600,2026-07-09,84,2026-10-01,1783691505,2026-07-10,83,False,27.2192103,-80.8302204,481079405762,id:260054666,store:82180,Shift Supervisor,onsite,"2605 US Highway 441 S, Okeechobee, Florida, United States",1,FL,CONUS_L0_001_007,1
2026-10-01,260067717,https://apply.starbucks.com/careers/job/481080699498,"shift supervisor - Store# 24253, MLK & HABANA - TAMPA",SHIFT_SUPERVISOR,24253,MLK & HABANA - TAMPA,2720 W Dr Martin Luther King Jr Blvd,Tampa,FL,,US,,1788321600,2026-09-02,29,2026-10-01,1788456559,2026-09-03,28,False,27.981034,-82.4884826,481080699498,id:260067717,store:24253,Shift Supervisor,onsite,"2720 W Dr Martin Luther King Jr Blvd, Tampa, Florida, United States",1,FL,CONUS_L0_001_007,1
2026-10-01,260055901,https://apply.starbucks.com/careers/job/481079473223,"barista - Store# 08379, 433 CLEVELAND",BARISTA,08379,433 CLEVELAND,"433 Cleveland St, Weisman Building",Clearwater,FL,,US,,1783915200,2026-07-13,80,2026-10-01,1784037118,2026-07-14,79,False,27.9654938,-82.8001476,481079473223,id:260055901,store:08379,Barista,onsite,"433 Cleveland St, Weisman Building, Clearwater, Florida, United States",1,FL,CONUS_L0_001_007,1
2026-10-01,260077617,https://apply.starbucks.com/careers/job/481080891307,"shift supervisor - Store# 08379, 433 CLEVELAND",SHIFT_SUPERVISOR,08379,433 CLEVELAND,"433 Cleveland St, Weisman Building",Clearwater,FL,,US,,1789617600,2026-09-17,14,2026-10-01,1789739310,2026-09-18,13,False,27.9654938,-82.8001476,481080891307,id:260077617,store:08379,Shift Supervisor,onsite,"433 Cleveland St, Weisman Building, Clearwater, Florida, United States",1,FL,CONUS_L0_001_007,1
2026-10-01,260055965,https://apply.starbucks.com/careers/job/481079473312,"barista - Store# 59721, MLK AND CRAGMONT",BARISTA,59721,MLK AND CRAGMONT,9601 E Dr Martin Luther King Jr Blvd,Tampa,FL,,US,,1783915200,2026-07-13,80,2026-10-01,1784037173,2026-07-14,79,False,27.9808315,-82.34086889999999,481079473312,id:260055965,store:59721,Barista,onsite,"9601 E Dr Martin Luther King Jr Blvd, Tampa, Florida, United States",1,FL,CONUS_L0_001_007,1
2026-10-01,260055896,https://apply.starbucks.com/careers/job/481079473215,"shift supervisor - Store# 59721, MLK AND CRAGMONT",SHIFT_SUPERVISOR,59721,MLK AND CRAGMONT,9601 E Dr Martin Luther King Jr Blvd,Tampa,FL,,US,,1783915200,2026-07-13,80,2026-10-01,1784037113,2026-07-14,79,False,27.9808315,-82.34086889999999,481079473215,id:260055896,store:59721,Shift Supervisor,onsite,"9601 E Dr Martin Luther King Jr Blvd, Tampa, Florida, United States",1,FL,CONUS_L0_001_007,1
2026-10-01,260053443,https://apply.starbucks.com/careers/job/481079320262,"barista - Store# 63555, COACHMAN & MCMULLEN BOOTH",BARISTA,63555,COACHMAN & MCMULLEN BOOTH,1600 McMullen Booth Rd,Clearwater,FL,,US,,1783310400,2026-07-06,87,2026-10-01,1783432081,2026-07-07,86,False,27.981108,-82.7096802,481079320262,id:260053443,store:63555,Barista,onsite,"1600 McMullen Booth Rd, Clearwater, Florida, United States",1,FL,CONUS_L0_001_007,1
2026-10-01,260073796,https://apply.starbucks.com/careers/job/481080813363,"shift supervisor - Store# 63555, COACHMAN & MCMULLEN BOOTH",SHIFT_SUPERVISOR,63555,COACHMAN & MCMULLEN BOOTH,1600 McMullen Booth Rd,Clearwater,FL,,US,,1789185600,2026-09-12,19,2026-10-01,1789307239,2026-09-13,18,False,27.981108,-82.7096802,481080813363,id:260073796,store:63555,Shift Supervisor,onsite,"1600 McMullen Booth Rd, Clearwater, Florida, United States",1,FL,CONUS_L0_001_007,1
2026-10-01,260077440,https://apply.starbucks.com/careers/job/481080891066,"shift supervisor - Store# 68683, ALBANY AVE & HILLSBOROUGH",SHIFT_SUPERVISOR,68683,ALBANY AVE & HILLSBOROUGH,1797 W Hillsborough Ave,Tampa,FL,,US,,1789617600,2026-09-17,14,2026-10-01,1789739156,2026-09-18,13,False,27.9963022,-82.4800419,481080891066,id:260077440,store:68683,Shift Supervisor,onsite,"1797 W Hillsborough Ave, Tampa, Florida, United States",1,FL,CONUS_L0_001_007,1
2026-10-01,260053104,https://apply.starbucks.com/careers/job/481079230204,"barista - Store# 68683, ALBANY AVE & HILLSBOROUGH",BARISTA,68683,ALBANY AVE & HILLSBOROUGH,1797 W Hillsborough Ave,Tampa,FL,,US,,1783137600,2026-07-04,89,2026-10-01,1783258868,2026-07-05,88,False,27.9963022,-82.4800419,481079230204,id:260053104,store:68683,Barista,onsite,"1797 W Hillsborough Ave, Tampa, Florida, United States",1,FL,CONUS_L0_001_007,1
2026-10-01,260073285,https://apply.starbucks.com/careers/job/481080798178,"barista - Store# 09737, I-275 & HILLSBOROUGH",BARISTA,09737,I-275 & HILLSBOROUGH,502 E Hillsborough Ave,Tampa,FL,,US,,1789012800,2026-09-10,21,2026-10-01,1789135773,2026-09-11,20,False,27.9966248,-82.45494699999999,481080798178,id:260073285,store:09737,Barista,onsite,"502 E Hillsborough Ave, Tampa, Florida, United States",1,FL,CONUS_L0_001_007,1
2026-10-01,260065364,https://apply.starbucks.com/careers/job/481080677576,"shift supervisor - Store# 09737, I-275 & HILLSBOROUGH",SHIFT_SUPERVISOR,09737,I-275 & HILLSBOROUGH,502 E Hillsborough Ave,Tampa,FL,,US,,1788321600,2026-09-02,29,2026-10-01,1788357024,2026-09-02,29,False,27.9966248,-82.45494699999999,481080677576,id:260065364,store:09737,Shift Supervisor,onsite,"502 E Hillsborough Ave, Tampa, Florida, United States",1,FL,CONUS_L0_001_007,1
2026-10-01,260077587,https://apply.starbucks.com/careers/job/481080891236,"shift supervisor - Store# 08117, MEMORIAL & HILLSBOROUGH AVE",SHIFT_SUPERVISOR,08117,MEMORIAL & HILLSBOROUGH AVE,8602 W Hillsborough Ave,Tampa,FL,,US,,1789617600,2026-09-17,14,2026-10-01,1789739284,2026-09-18,13,False,27.9963653,-82.5808969,481080891236,id:260077587,store:08117,Shift Supervisor,onsite,"8602 W Hillsborough Ave, Tampa, Florida, United States",1,FL,CONUS_L0_001_007,1
2026-10-01,260065483,https://apply.starbucks.com/careers/job/481080677789,"shift supervisor - Store# 10729, MAIN ST & BAYSHORE",SHIFT_SUPERVISOR,10729,MAIN ST & BAYSHORE,"100 Main St, The Shoppes at Harbour Pointe",Safety Harbor,FL,,US,,1788321600,2026-09-02,29,2026-10-01,1788357129,2026-09-02,29,False,27.99061,-82.68902,481080677789,id:260065483,store:10729,Shift Supervisor,onsite,"100 Main St, The Shoppes at Harbour Pointe, Safety Harbor, Florida, United States",1,FL,CONUS_L0_001_007,1
2026-10-01,260064372,https://apply.starbucks.com/careers/job/481080613327,"barista - Store# 10729, MAIN ST & BAYSHORE",BARISTA,10729,MAIN ST & BAYSHORE,"100 Main St, The Shoppes at Harbour Pointe",Safety Harbor,FL,,US,,1788062400,2026-08-30,32,2026-10-01,1788183760,2026-08-31,31,False,27.99061,-82.68902,481080613327,id:260064372,store:10729,Barista,onsite,"100 Main St, The Shoppes at Harbour Pointe, Safety Harbor, Florida, United States",1,FL,CONUS_L0_001_007,1
2026-10-01,260065766,https://apply.starbucks.com/careers/job/481080678549,"shift supervisor - Store# 13238, KENDALL DR & 162ND AVE",SHIFT_SUPERVISOR,13238,KENDALL DR & 162ND AVE,16305 SW 88th St,Miami,FL,,US,,1788321600,2026-09-02,29,2026-10-01,1788357377,2026-09-02,29,False,25.6844667,-80.45671329999999,481080678549,id:260065766,store:13238,Shift Supervisor,onsite,"16305 SW 88th St, Miami, Florida, United States",1,FL,CONUS_L0_001_007,1
2026-10-01,260056216,https://apply.starbucks.com/careers/job/481079497858,"shift supervisor - Store# 54637, HWY 98 & LUCILE STREET EAST",SHIFT_SUPERVISOR,54637,HWY 98 & LUCILE STREET EAST,1590 N Broadway Ave,Bartow,FL,,US,,1784001600,2026-07-14,79,2026-10-01,1784123028,2026-07-15,78,False,27.9100343,-81.84288490000002,481079497858,id:260056216,store:54637,Shift Supervisor,onsite,"1590 N Broadway Ave, Bartow, Florida, United States",1,FL,CONUS_L0_001_007,1
2026-10-01,260078138,https://apply.starbucks.com/careers/job/481080923729,"barista - Store# 54637, HWY 98 & LUCILE STREET EAST",BARISTA,54637,HWY 98 & LUCILE STREET EAST,1590 N Broadway Ave,Bartow,FL,,US,,1789790400,2026-09-19,12,2026-10-01,1789911771,2026-09-20,11,False,27.9100343,-81.84288490000002,481080923729,id:260078138,store:54637,Barista,onsite,"1590 N Broadway Ave, Bartow, Florida, United States",1,FL,CONUS_L0_001_007,1
2026-10-01,260077214,https://apply.starbucks.com/careers/job/481080890750,"barista - Store# 08236, LAKES PLAZA/WESTON",BARISTA,08236,LAKES PLAZA/WESTON,"310 Indian Trce, Weston Lakes Plaza",Fort Lauderdale,FL,,US,,1789617600,2026-09-17,14,2026-10-01,1789738960,2026-09-18,13,False,26.1182598,-80.3928178,481080890750,id:260077214,store:08236,Barista,onsite,"310 Indian Trce, Weston Lakes Plaza, Fort Lauderdale, Florida, United States",1,FL,CONUS_L0_001_007,1
2026-10-01,260077463,https://apply.starbucks.com/careers/job/481080891100,"shift supervisor - Store# 08236, LAKES PLAZA/WESTON",SHIFT_SUPERVISOR,08236,LAKES PLAZA/WESTON,"310 Indian Trce, Weston Lakes Plaza",Fort Lauderdale,FL,,US,,1789617600,2026-09-17,14,2026-10-01,1789739177,2026-09-18,13,False,26.1182598,-80.3928178,481080891100,id:260077463,store:08236,Shift Supervisor,onsite,"310 Indian Trce, Weston Lakes Plaza, Fort Lauderdale, Florida, United States",1,FL,CONUS_L0_001_007,1
2026-10-01,260057770,https://apply.starbucks.com/careers/job/481079649229,"barista - Store# 58428, S. FL AVE AND EWELL RD",BARISTA,58428,S. FL AVE AND EWELL RD,"6419 S Florida Ave, Ste 101",Lakeland,FL,,US,,1784606400,2026-07-21,72,2026-10-01,1784727949,2026-07-22,71,False,27.94966,-81.97166,481079649229,id:260057770,store:58428,Barista,onsite,"6419 S Florida Ave, Ste 101, Lakeland, Florida, United States",1,FL,CONUS_L0_001_007,1
2026-10-01,260074031,https://apply.starbucks.com/careers/job/481080813664,"shift supervisor - Store# 58428, S. FL AVE AND EWELL RD",SHIFT_SUPERVISOR,58428,S. FL AVE AND EWELL RD,"6419 S Florida Ave, Ste 101",Lakeland,FL,,US,,1789185600,2026-09-12,19,2026-10-01,1789307458,2026-09-13,18,False,27.94966,-81.97166,481080813664,id:260074031,store:58428,Shift Supervisor,onsite,"6419 S Florida Ave, Ste 101, Lakeland, Florida, United States",1,FL,CONUS_L0_001_007,1
2026-10-01,260073614,https://apply.starbucks.com/careers/job/481080812971,"barista - Store# 09394, 8TH ST & 142ND AVE",BARISTA,09394,8TH ST & 142ND AVE,"14200 SW 8th St, Shoppes of Tamiami, Suite 101",Miami,FL,,US,,1789185600,2026-09-12,19,2026-10-01,1789307070,2026-09-13,18,False,25.760435,-80.42559059999999,481080812971,id:260073614,store:09394,Barista,onsite,"14200 SW 8th St, Shoppes of Tamiami, Suite 101, Miami, Florida, United States",1,FL,CONUS_L0_001_007,1
2026-10-01,260078201,https://apply.starbucks.com/careers/job/481080923871,"shift supervisor - Store# 09394, 8TH ST & 142ND AVE",SHIFT_SUPERVISOR,09394,8TH ST & 142ND AVE,"14200 SW 8th St, Shoppes of Tamiami, Suite 101",Miami,FL,,US,,1789790400,2026-09-19,12,2026-10-01,1789911824,2026-09-20,11,False,25.760435,-80.42559059999999,481080923871,id:260078201,store:09394,Shift Supervisor,onsite,"14200 SW 8th St, Shoppes of Tamiami, Suite 101, Miami, Florida, United States",1,FL,CONUS_L0_001_007,1
2026-10-01,260057960,https://apply.starbucks.com/careers/job/481079710296,"shift supervisor - Store# 10901, BIRD RD & 144TH AVE",SHIFT_SUPERVISOR,10901,BIRD RD & 144TH AVE,4050 SW 147th Ave,Miami,FL,,US,,1784779200,2026-07-23,70,2026-10-01,1784900710,2026-07-24,69,False,25.73011,-80.43206,481079710296,id:260057960,store:10901,Shift Supervisor,onsite,"4050 SW 147th Ave, Miami, Florida, United States",1,FL,CONUS_L0_001_007,1
2026-10-01,260066163,https://apply.starbucks.com/careers/job/481080678864,"barista - Store# 10901, BIRD RD & 144TH AVE",BARISTA,10901,BIRD RD & 144TH AVE,4050 SW 147th Ave,Miami,FL,,US,,1788321600,2026-09-02,29,2026-10-01,1788357732,2026-09-02,29,False,25.73011,-80.43206,481080678864,id:260066163,store:10901,Barista,onsite,"4050 SW 147th Ave, Miami, Florida, United States",1,FL,CONUS_L0_001_007,1
2026-10-01,260067685,https://apply.starbucks.com/careers/job/481080699536,"barista - Store# 10901, BIRD RD & 144TH AVE",BARISTA,10901,BIRD RD & 144TH AVE,4050 SW 147th Ave,Miami,FL,,US,,1788321600,2026-09-02,29,2026-10-01,1788456529,2026-09-03,28,False,25.73011,-80.43206,481080699536,id:260067685,store:10901,Barista,onsite,"4050 SW 147th Ave, Miami, Florida, United States",1,FL,CONUS_L0_001_007,1
2026-10-01,260080280,https://apply.starbucks.com/careers/job/481081059133,"barista - Store# 47044, Pines Blvd & 184th - Pembroke Pines",BARISTA,47044,Pines Blvd & 184th - Pembroke Pines,18310 Pines Blvd,Hollywood,FL,,US,,1790568000,2026-09-28,3,2026-10-01,1790689688,2026-09-29,2,False,26.00695,-80.38921,481081059133,id:260080280,store:47044,Barista,onsite,"18310 Pines Blvd, Hollywood, Florida, United States",1,FL,CONUS_L0_001_007,1
2026-10-01,260069100,https://apply.starbucks.com/careers/job/481080710689,"shift supervisor - Store# 47044, Pines Blvd & 184th - Pembroke Pines",SHIFT_SUPERVISOR,47044,Pines Blvd & 184th - Pembroke Pines,18310 Pines Blvd,Hollywood,FL,,US,,1788408000,2026-09-03,28,2026-10-01,1788530297,2026-09-04,27,False,26.00695,-80.38921,481080710689,id:260069100,store:47044,Shift Supervisor,onsite,"18310 Pines Blvd, Hollywood, Florida, United States",1,FL,CONUS_L0_001_007,1
2026-10-01,260069942,https://apply.starbucks.com/careers/job/481080730874,"shift supervisor - Store# 61165, E. ALEXANDER & JAMES L REDMAN",SHIFT_SUPERVISOR,61165,E. ALEXANDER & JAMES L REDMAN,2400 James L Redman Pkwy,Plant City,FL,,US,,1788580800,2026-09-05,26,2026-10-01,1788702500,2026-09-06,25,False,27.9885,-82.12111,481080730874,id:260069942,store:61165,Shift Supervisor,onsite,"2400 James L Redman Pkwy, Plant City, Florida, United States",1,FL,CONUS_L0_001_007,1
2026-10-01,260069424,https://apply.starbucks.com/careers/job/481080730263,"barista - Store# 61165, E. ALEXANDER & JAMES L REDMAN",BARISTA,61165,E. ALEXANDER & JAMES L REDMAN,2400 James L Redman Pkwy,Plant City,FL,,US,,1788580800,2026-09-05,26,2026-10-01,1788702091,2026-09-06,25,False,27.9885,-82.12111,481080730263,id:260069424,store:61165,Barista,onsite,"2400 James L Redman Pkwy, Plant City, Florida, United States",1,FL,CONUS_L0_001_007,1
2026-10-01,260061290,https://apply.starbucks.com/careers/job/481080264818,"shift supervisor - Store# 08447, ENTERPRISE & MCMULLEN BOOTH",SHIFT_SUPERVISOR,08447,ENTERPRISE & MCMULLEN BOOTH,"2560 McMullen Booth Rd, Northwood Plaza",Clearwater,FL,,US,,1787025600,2026-08-18,44,2026-10-01,1787146943,2026-08-19,43,False,28.0142996,-82.7095056,481080264818,id:260061290,store:08447,Shift Supervisor,onsite,"2560 McMullen Booth Rd, Northwood Plaza, Clearwater, Florida, United States",1,FL,CONUS_L0_001_007,1
2026-10-01,260077616,https://apply.starbucks.com/careers/job/481080891316,"barista - Store# 08447, ENTERPRISE & MCMULLEN BOOTH",BARISTA,08447,ENTERPRISE & MCMULLEN BOOTH,"2560 McMullen Booth Rd, Northwood Plaza",Clearwater,FL,,US,,1789617600,2026-09-17,14,2026-10-01,1789739309,2026-09-18,13,False,28.0142996,-82.7095056,481080891316,id:260077616,store:08447,Barista,onsite,"2560 McMullen Booth Rd, Northwood Plaza, Clearwater, Florida, United States",1,FL,CONUS_L0_001_007,1
2026-10-01,260077339,https://apply.starbucks.com/careers/job/481080890925,"shift supervisor - Store# 08594, COUNTRYSIDE MALL",SHIFT_SUPERVISOR,08594,COUNTRYSIDE MALL,27001 US Hwy 19 N,Clearwater,FL,,US,,1789617600,2026-09-17,14,2026-10-01,1789739068,2026-09-18,13,False,28.0170595,-82.7355688,481080890925,id:260077339,store:08594,Shift Supervisor,onsite,"27001 US Hwy 19 N, Clearwater, Florida, United States",1,FL,CONUS_L0_001_007,1
2026-10-01,260077277,https://apply.starbucks.com/careers/job/481080890847,"barista - Store# 08594, COUNTRYSIDE MALL",BARISTA,08594,COUNTRYSIDE MALL,27001 US Hwy 19 N,Clearwater,FL,,US,,1789617600,2026-09-17,14,2026-10-01,1789739015,2026-09-18,13,False,28.0170595,-82.7355688,481080890847,id:260077277,store:08594,Barista,onsite,"27001 US Hwy 19 N, Clearwater, Florida, United States",1,FL,CONUS_L0_001_007,1
2026-10-01,260074179,https://apply.starbucks.com/careers/job/481080813964,"barista - Store# 27184, SR580 & OVERCASH - D",BARISTA,27184,SR580 & OVERCASH - D,1785 Main St,Dunedin,FL,,US,,1789185600,2026-09-12,19,2026-10-01,1789307594,2026-09-13,18,False,28.01906,-82.75666,481080813964,id:260074179,store:27184,Barista,onsite,"1785 Main St, Dunedin, Florida, United States",1,FL,CONUS_L0_001_007,1
2026-10-01,260069180,https://apply.starbucks.com/careers/job/481080710805,"shift supervisor - Store# 27184, SR580 & OVERCASH - D",SHIFT_SUPERVISOR,27184,SR580 & OVERCASH - D,1785 Main St,Dunedin,FL,,US,,1788408000,2026-09-03,28,2026-10-01,1788530366,2026-09-04,27,False,28.01906,-82.75666,481080710805,id:260069180,store:27184,Shift Supervisor,onsite,"1785 Main St, Dunedin, Florida, United States",1,FL,CONUS_L0_001_007,1
2026-10-01,260068147,https://apply.starbucks.com/careers/job/481080704408,"barista - Store# 08437, WATERS & ANDERSON",BARISTA,08437,WATERS & ANDERSON,"9222 Anderson Road, AMC Veteran 24",Tampa,FL,,US,,1788408000,2026-09-03,28,2026-10-01,1788486050,2026-09-03,28,False,28.03254,-82.5413,481080704408,id:260068147,store:08437,Barista,onsite,"9222 Anderson Road, AMC Veteran 24, Tampa, Florida, United States",1,FL,CONUS_L0_001_007,1
2026-10-01,260060635,https://apply.starbucks.com/careers/job/481080162958,"shift supervisor - Store# 08437, WATERS & ANDERSON",SHIFT_SUPERVISOR,08437,WATERS & ANDERSON,"9222 Anderson Road, AMC Veteran 24",Tampa,FL,,US,,1786593600,2026-08-13,49,2026-10-01,1786715150,2026-08-14,48,False,28.03254,-82.5413,481080162958,id:260060635,store:08437,Shift Supervisor,onsite,"9222 Anderson Road, AMC Veteran 24, Tampa, Florida, United States",1,FL,CONUS_L0_001_007,1
2026-10-01,260077262,https://apply.starbucks.com/careers/job/481080890813,"barista - Store# 08576, GRIFFIN & WESTON",BARISTA,08576,GRIFFIN & WESTON,4503 Weston Rd,Fort Lauderdale,FL,,US,,1789617600,2026-09-17,14,2026-10-01,1789739002,2026-09-18,13,False,26.0654238,-80.36292879999999,481080890813,id:260077262,store:08576,Barista,onsite,"4503 Weston Rd, Fort Lauderdale, Florida, United States",1,FL,CONUS_L0_001_007,1
2026-10-01,260075681,https://apply.starbucks.com/careers/job/481080840394,"shift supervisor - Store# 60977, 56TH ST & BULLARD PKWY",SHIFT_SUPERVISOR,60977,56TH ST & BULLARD PKWY,"8912 Bertha Palmer Blvd, Suite A",Tampa,FL,,US,,1789358400,2026-09-14,17,2026-10-01,1789479950,2026-09-15,16,False,28.03127,-82.39315,481080840394,id:260075681,store:60977,Shift Supervisor,onsite,"8912 Bertha Palmer Blvd, Suite A, Tampa, Florida, United States",1,FL,CONUS_L0_001_007,1
2026-10-01,260075674,https://apply.starbucks.com/careers/job/481080840399,"barista - Store# 60977, 56TH ST & BULLARD PKWY",BARISTA,60977,56TH ST & BULLARD PKWY,"8912 Bertha Palmer Blvd, Suite A",Tampa,FL,,US,,1789358400,2026-09-14,17,2026-10-01,1789479943,2026-09-15,16,False,28.03127,-82.39315,481080840399,id:260075674,store:60977,Barista,onsite,"8912 Bertha Palmer Blvd, Suite A, Tampa, Florida, United States",1,FL,CONUS_L0_001_007,1
2026-10-01,260063415,https://apply.starbucks.com/careers/job/481080566483,"barista - Store# 10358, KENDALL DR & SW 137TH AVE",BARISTA,10358,KENDALL DR & SW 137TH AVE,13604 N Kendall Dr,Miami,FL,,US,,1787803200,2026-08-27,35,2026-10-01,1787924904,2026-08-28,34,False,25.6845189,-80.4150827,481080566483,id:260063415,store:10358,Barista,onsite,"13604 N Kendall Dr, Miami, Florida, United States",1,FL,CONUS_L0_001_007,1
2026-10-01,260079466,https://apply.starbucks.com/careers/job/481080998773,"shift supervisor - Store# 02816, SHERIDAN ST & DYKES RD",SHIFT_SUPERVISOR,02816,SHERIDAN ST & DYKES RD,15951 Sheridan St,Fort Lauderdale,FL,,US,,1790222400,2026-09-24,7,2026-10-01,1790344034,2026-09-25,6,False,26.029943,-80.36014469999999,481080998773,id:260079466,store:02816,Shift Supervisor,onsite,"15951 Sheridan St, Fort Lauderdale, Florida, United States",1,FL,CONUS_L0_001_007,1
2026-10-01,260060221,https://apply.starbucks.com/careers/job/481080108612,"barista - Store# 51872, RACETRACK & HILLSBOROUGH",BARISTA,51872,RACETRACK & HILLSBOROUGH,13998 W Hillsborough Ave,Tampa,FL,,US,,1786334400,2026-08-10,52,2026-10-01,1786455942,2026-08-11,51,False,28.0329458,-82.6479855,481080108612,id:260060221,store:51872,Barista,onsite,"13998 W Hillsborough Ave, Tampa, Florida, United States",1,FL,CONUS_L0_001_007,1
2026-10-01,260072458,https://apply.starbucks.com/careers/job/481080795670,"shift supervisor - Store# 51872, RACETRACK & HILLSBOROUGH",SHIFT_SUPERVISOR,51872,RACETRACK & HILLSBOROUGH,13998 W Hillsborough Ave,Tampa,FL,,US,,1789012800,2026-09-10,21,2026-10-01,1789135068,2026-09-11,20,False,28.0329458,-82.6479855,481080795670,id:260072458,store:51872,Shift Supervisor,onsite,"13998 W Hillsborough Ave, Tampa, Florida, United States",1,FL,CONUS_L0_001_007,1
2026-10-01,260072573,https://apply.starbucks.com/careers/job/481080795954,"shift supervisor - Store# 68475, SHOPS AT BEACON LAKES",SHIFT_SUPERVISOR,68475,SHOPS AT BEACON LAKES,1780 NW 117th Pl,Miami,FL,,US,,1789012800,2026-09-10,21,2026-10-01,1789135167,2026-09-11,20,False,25.79215,-80.38673,481080795954,id:260072573,store:68475,Shift Supervisor,onsite,"1780 NW 117th Pl, Miami, Florida, United States",1,FL,CONUS_L0_001_007,1
2026-10-01,260079064,https://apply.starbucks.com/careers/job/481080965327,"barista - Store# 68475, SHOPS AT BEACON LAKES",BARISTA,68475,SHOPS AT BEACON LAKES,1780 NW 117th Pl,Miami,FL,,US,,1790049600,2026-09-22,9,2026-10-01,1790171158,2026-09-23,8,False,25.79215,-80.38673,481080965327,id:260079064,store:68475,Barista,onsite,"1780 NW 117th Pl, Miami, Florida, United States",1,FL,CONUS_L0_001_007,1
2026-10-01,260077740,https://apply.starbucks.com/careers/job/481080891547,"shift supervisor - Store# 08648, DYKES RD & MIRAMAR PARKWAY",SHIFT_SUPERVISOR,08648,DYKES RD & MIRAMAR PARKWAY,3100 Dykes Rd,Hollywood,FL,,US,,1789617600,2026-09-17,14,2026-10-01,1789739414,2026-09-18,13,False,25.9798451,-80.3602714,481080891547,id:260077740,store:08648,Shift Supervisor,onsite,"3100 Dykes Rd, Hollywood, Florida, United States",1,FL,CONUS_L0_001_007,1
2026-10-01,260077675,https://apply.starbucks.com/careers/job/481080891402,"barista - Store# 08648, DYKES RD & MIRAMAR PARKWAY",BARISTA,08648,DYKES RD & MIRAMAR PARKWAY,3100 Dykes Rd,Hollywood,FL,,US,,1789617600,2026-09-17,14,2026-10-01,1789739359,2026-09-18,13,False,25.9798451,-80.3602714,481080891402,id:260077675,store:08648,Barista,onsite,"3100 Dykes Rd, Hollywood, Florida, United States",1,FL,CONUS_L0_001_007,1
2026-10-01,260078289,https://apply.starbucks.com/careers/job/481080936103,"barista - Store# 21315, NW 41ST ST & NW 114TH AVE - DORAL",BARISTA,21315,NW 41ST ST & NW 114TH AVE - DORAL,11429 NW 41st St,Miami,FL,,US,,1789876800,2026-09-20,11,2026-10-01,1789998145,2026-09-21,10,False,25.8122359,-80.38237099999999,481080936103,id:260078289,store:21315,Barista,onsite,"11429 NW 41st St, Miami, Florida, United States",1,FL,CONUS_L0_001_007,1
2026-10-01,260067227,https://apply.starbucks.com/careers/job/481080698810,"shift supervisor - Store# 21315, NW 41ST ST & NW 114TH AVE - DORAL",SHIFT_SUPERVISOR,21315,NW 41ST ST & NW 114TH AVE - DORAL,11429 NW 41st St,Miami,FL,,US,,1788321600,2026-09-02,29,2026-10-01,1788456098,2026-09-03,28,False,25.8122359,-80.38237099999999,481080698810,id:260067227,store:21315,Shift Supervisor,onsite,"11429 NW 41st St, Miami, Florida, United States",1,FL,CONUS_L0_001_007,1
2026-10-01,260067807,https://apply.starbucks.com/careers/job/481080699761,"shift supervisor - Store# 15732, LINEBAUGH & N. DALE MABRY",SHIFT_SUPERVISOR,15732,LINEBAUGH & N. DALE MABRY,10002 N Dale Mabry Hwy,Tampa,FL,,US,,1788321600,2026-09-02,29,2026-10-01,1788456642,2026-09-03,28,False,28.0404818,-82.50538949999999,481080699761,id:260067807,store:15732,Shift Supervisor,onsite,"10002 N Dale Mabry Hwy, Tampa, Florida, United States",1,FL,CONUS_L0_001_007,1
2026-10-01,260069059,https://apply.starbucks.com/careers/job/481080710500,"barista - Store# 15732, LINEBAUGH & N. DALE MABRY",BARISTA,15732,LINEBAUGH & N. DALE MABRY,10002 N Dale Mabry Hwy,Tampa,FL,,US,,1788408000,2026-09-03,28,2026-10-01,1788530263,2026-09-04,27,False,28.0404818,-82.50538949999999,481080710500,id:260069059,store:15732,Barista,onsite,"10002 N Dale Mabry Hwy, Tampa, Florida, United States",1,FL,CONUS_L0_001_007,1
2026-10-01,260063385,https://apply.starbucks.com/careers/job/481080566217,"shift supervisor - Store# 10064, FLORIDA AVE & LAKE MIRIAM",SHIFT_SUPERVISOR,10064,FLORIDA AVE & LAKE MIRIAM,4720 S Florida Ave,Lakeland,FL,,US,,1787803200,2026-08-27,35,2026-10-01,1787924880,2026-08-28,34,False,27.97819,-81.95757,481080566217,id:260063385,store:10064,Shift Supervisor,onsite,"4720 S Florida Ave, Lakeland, Florida, United States",1,FL,CONUS_L0_001_007,1
2026-10-01,260078751,https://apply.starbucks.com/careers/job/481080949814,"barista - Store# 10064, FLORIDA AVE & LAKE MIRIAM",BARISTA,10064,FLORIDA AVE & LAKE MIRIAM,4720 S Florida Ave,Lakeland,FL,,US,,1789963200,2026-09-21,10,2026-10-01,1790084515,2026-09-22,9,False,27.97819,-81.95757,481080949814,id:260078751,store:10064,Barista,onsite,"4720 S Florida Ave, Lakeland, Florida, United States",1,FL,CONUS_L0_001_007,1
2026-10-01,260061347,https://apply.starbucks.com/careers/job/481080264917,"barista - Store# 11344, 15800 PINES BLVD-PEMBROKE PINES",BARISTA,11344,15800 PINES BLVD-PEMBROKE PINES,15810 Pines Blvd,Hollywood,FL,,US,,1787025600,2026-08-18,44,2026-10-01,1787146993,2026-08-19,43,False,26.0072946,-80.3555506,481080264917,id:260061347,store:11344,Barista,onsite,"15810 Pines Blvd, Hollywood, Florida, United States",1,FL,CONUS_L0_001_007,1
2026-10-01,260077022,https://apply.starbucks.com/careers/job/481080875307,"shift supervisor - Store# 11344, 15800 PINES BLVD-PEMBROKE PINES",SHIFT_SUPERVISOR,11344,15800 PINES BLVD-PEMBROKE PINES,15810 Pines Blvd,Hollywood,FL,,US,,1789531200,2026-09-16,15,2026-10-01,1789652661,2026-09-17,14,False,26.0072946,-80.3555506,481080875307,id:260077022,store:11344,Shift Supervisor,onsite,"15810 Pines Blvd, Hollywood, Florida, United States",1,FL,CONUS_L0_001_007,1
2026-10-01,260062484,https://apply.starbucks.com/careers/job/481080494360,"barista - Store# 11485, SW 120TH ST & SW 137TH AVE",BARISTA,11485,SW 120TH ST & SW 137TH AVE,12305 SW 137th Ave,Miami,FL,,US,,1787630400,2026-08-25,37,2026-10-01,1787752257,2026-08-26,36,False,25.65406,-80.41527,481080494360,id:260062484,store:11485,Barista,onsite,"12305 SW 137th Ave, Miami, Florida, United States",1,FL,CONUS_L0_001_007,1
2026-10-01,260064709,https://apply.starbucks.com/careers/job/481080614023,"shift supervisor - Store# 11485, SW 120TH ST & SW 137TH AVE",SHIFT_SUPERVISOR,11485,SW 120TH ST & SW 137TH AVE,12305 SW 137th Ave,Miami,FL,,US,,1788062400,2026-08-30,32,2026-10-01,1788184042,2026-08-31,31,False,25.65406,-80.41527,481080614023,id:260064709,store:11485,Shift Supervisor,onsite,"12305 SW 137th Ave, Miami, Florida, United States",1,FL,CONUS_L0_001_007,1
2026-10-01,260077750,https://apply.starbucks.com/careers/job/481080891562,"shift supervisor - Store# 08419, DOLPHIN MALL",SHIFT_SUPERVISOR,08419,DOLPHIN MALL,"11401 NW 12th St, Ste E-194",Miami,FL,,US,,1789617600,2026-09-17,14,2026-10-01,1789739422,2026-09-18,13,False,25.7865882,-80.3822297,481080891562,id:260077750,store:08419,Shift Supervisor,onsite,"11401 NW 12th St, Ste E-194, Miami, Florida, United States",1,FL,CONUS_L0_001_007,1
2026-10-01,260079725,https://apply.starbucks.com/careers/job/481081018774,"shift supervisor - Store# 08457, SHELDON & LINEBAUGH",SHIFT_SUPERVISOR,08457,SHELDON & LINEBAUGH,"10431 Sheldon Rd, 101",Tampa,FL,,US,,1790395200,2026-09-26,5,2026-10-01,1790516439,2026-09-27,4,False,28.0434697,-82.58195219999999,481081018774,id:260079725,store:08457,Shift Supervisor,onsite,"10431 Sheldon Rd, 101, Tampa, Florida, United States",1,FL,CONUS_L0_001_007,1
2026-10-01,260055027,https://apply.starbucks.com/careers/job/481079436534,"barista - Store# 08457, SHELDON & LINEBAUGH",BARISTA,08457,SHELDON & LINEBAUGH,"10431 Sheldon Rd, 101",Tampa,FL,,US,,1783742400,2026-07-11,82,2026-10-01,1783863586,2026-07-12,81,False,28.0434697,-82.58195219999999,481079436534,id:260055027,store:08457,Barista,onsite,"10431 Sheldon Rd, 101, Tampa, Florida, United States",1,FL,CONUS_L0_001_007,1
2026-10-01,260071774,https://apply.starbucks.com/careers/job/481080764635,"shift supervisor - Store# 11254, THONOTOSASSA & I-4-PLANT CITY",SHIFT_SUPERVISOR,11254,THONOTOSASSA & I-4-PLANT CITY,2701 Thonotosassa Rd,Plant City,FL,,US,,1788840000,2026-09-08,23,2026-10-01,1788961393,2026-09-09,22,False,28.02554,-82.15118,481080764635,id:260071774,store:11254,Shift Supervisor,onsite,"2701 Thonotosassa Rd, Plant City, Florida, United States",1,FL,CONUS_L0_001_007,1
2026-10-01,260080682,https://apply.starbucks.com/careers/job/481081091826,"shift supervisor - Store# 13939, 76 EAST PALM DRIVE",SHIFT_SUPERVISOR,13939,76 EAST PALM DRIVE,76 E Palm Dr,Homestead,FL,,US,,1790740800,2026-09-30,1,2026-10-01,1790836157,2026-10-01,0,False,25.44821,-80.47574,481081091826,id:260080682,store:13939,Shift Supervisor,onsite,"76 E Palm Dr, Homestead, Florida, United States",1,FL,CONUS_L0_001_007,1
2026-10-01,260062581,https://apply.starbucks.com/careers/job/481080494647,"shift supervisor - Store# 09702, US 1 & SW 312TH ST",SHIFT_SUPERVISOR,09702,US 1 & SW 312TH ST,"1029 N Homestead Blvd, Homestead Towne Square",Homestead,FL,,US,,1787630400,2026-08-25,37,2026-10-01,1787752334,2026-08-26,36,False,25.4791882,-80.46283799999999,481080494647,id:260062581,store:09702,Shift Supervisor,onsite,"1029 N Homestead Blvd, Homestead Towne Square, Homestead, Florida, United States",1,FL,CONUS_L0_001_007,1
2026-10-01,260062353,https://apply.starbucks.com/careers/job/481080494058,"barista - Store# 09702, US 1 & SW 312TH ST",BARISTA,09702,US 1 & SW 312TH ST,"1029 N Homestead Blvd, Homestead Towne Square",Homestead,FL,,US,,1787630400,2026-08-25,37,2026-10-01,1787752147,2026-08-26,36,False,25.4791882,-80.46283799999999,481080494058,id:260062353,store:09702,Barista,onsite,"1029 N Homestead Blvd, Homestead Towne Square, Homestead, Florida, United States",1,FL,CONUS_L0_001_007,1
2026-10-01,260066580,https://apply.starbucks.com/careers/job/481080679800,"shift supervisor - Store# 24531, 11585 SW 40TH ST - MIAMI",SHIFT_SUPERVISOR,24531,11585 SW 40TH ST - MIAMI,11585 SW 40th St,Miami,FL,,US,,1788321600,2026-09-02,29,2026-10-01,1788358104,2026-09-02,29,False,25.73242,-80.38205,481080679800,id:260066580,store:24531,Shift Supervisor,onsite,"11585 SW 40th St, Miami, Florida, United States",1,FL,CONUS_L0_001_007,1
2026-10-01,260059934,https://apply.starbucks.com/careers/job/481080079127,"barista - Store# 24531, 11585 SW 40TH ST - MIAMI",BARISTA,24531,11585 SW 40TH ST - MIAMI,11585 SW 40th St,Miami,FL,,US,,1786161600,2026-08-08,54,2026-10-01,1786283221,2026-08-09,53,False,25.73242,-80.38205,481080079127,id:260059934,store:24531,Barista,onsite,"11585 SW 40th St, Miami, Florida, United States",1,FL,CONUS_L0_001_007,1
2026-10-01,260072527,https://apply.starbucks.com/careers/job/481080795889,"barista - Store# 27628, FOWLER & 15TH - TAMPA",BARISTA,27628,FOWLER & 15TH - TAMPA,1501 E Fowler Ave,Tampa,FL,,US,,1789012800,2026-09-10,21,2026-10-01,1789135128,2026-09-11,20,False,28.0539398,-82.4425577,481080795889,id:260072527,store:27628,Barista,onsite,"1501 E Fowler Ave, Tampa, Florida, United States",1,FL,CONUS_L0_001_007,1
2026-10-01,260080593,https://apply.starbucks.com/careers/job/481081091720,"shift supervisor - Store# 27628, FOWLER & 15TH - TAMPA",SHIFT_SUPERVISOR,27628,FOWLER & 15TH - TAMPA,1501 E Fowler Ave,Tampa,FL,,US,,1790740800,2026-09-30,1,2026-10-01,1790836080,2026-10-01,0,False,28.0539398,-82.4425577,481081091720,id:260080593,store:27628,Shift Supervisor,onsite,"1501 E Fowler Ave, Tampa, Florida, United States",1,FL,CONUS_L0_001_007,1
2026-10-01,260075260,https://apply.starbucks.com/careers/job/481080821458,"shift supervisor - Store# 02751, NW 107th Ave & NW 16th St",SHIFT_SUPERVISOR,02751,NW 107th Ave & NW 16th St,1615 NW 107th Ave,Miami,FL,,US,,1789272000,2026-09-13,18,2026-10-01,1789394783,2026-09-14,17,False,25.789013,-80.368636,481080821458,id:260075260,store:02751,Shift Supervisor,onsite,"1615 NW 107th Ave, Miami, Florida, United States",1,FL,CONUS_L0_001_007,1
2026-10-01,260066857,https://apply.starbucks.com/careers/job/481080698398,"shift supervisor - Store# 14678, MIRAMAR PKWY & SW 145TH AVE",SHIFT_SUPERVISOR,14678,MIRAMAR PKWY & SW 145TH AVE,14673 Miramar Pkwy,Hollywood,FL,,US,,1788321600,2026-09-02,29,2026-10-01,1788455747,2026-09-03,28,False,25.97914,-80.3415,481080698398,id:260066857,store:14678,Shift Supervisor,onsite,"14673 Miramar Pkwy, Hollywood, Florida, United States",1,FL,CONUS_L0_001_007,1
2026-10-01,260074779,https://apply.starbucks.com/careers/job/481080820608,"barista - Store# 14678, MIRAMAR PKWY & SW 145TH AVE",BARISTA,14678,MIRAMAR PKWY & SW 145TH AVE,14673 Miramar Pkwy,Hollywood,FL,,US,,1789272000,2026-09-13,18,2026-10-01,1789394355,2026-09-14,17,False,25.97914,-80.3415,481080820608,id:260074779,store:14678,Barista,onsite,"14673 Miramar Pkwy, Hollywood, Florida, United States",1,FL,CONUS_L0_001_007,1
2026-10-01,260064281,https://apply.starbucks.com/careers/job/481080612989,"shift supervisor - Store# 13642, HIALEAH GARDENS BLVD & W 76 ST",SHIFT_SUPERVISOR,13642,HIALEAH GARDENS BLVD & W 76 ST,7735 W 33rd Ave,Hialeah,FL,,US,,1788062400,2026-08-30,32,2026-10-01,1788183685,2026-08-31,31,False,25.89257,-80.3506,481080612989,id:260064281,store:13642,Shift Supervisor,onsite,"7735 W 33rd Ave, Hialeah, Florida, United States",1,FL,CONUS_L0_001_007,1
2026-10-01,260055164,https://apply.starbucks.com/careers/job/481079453642,"barista - Store# 13642, HIALEAH GARDENS BLVD & W 76 ST",BARISTA,13642,HIALEAH GARDENS BLVD & W 76 ST,7735 W 33rd Ave,Hialeah,FL,,US,,1783828800,2026-07-12,81,2026-10-01,1783950383,2026-07-13,80,False,25.89257,-80.3506,481079453642,id:260055164,store:13642,Barista,onsite,"7735 W 33rd Ave, Hialeah, Florida, United States",1,FL,CONUS_L0_001_007,1
2026-10-01,260061608,https://apply.starbucks.com/careers/job/481080387365,"shift supervisor - Store# 08561, CURLEW & TAMPA",SHIFT_SUPERVISOR,08561,CURLEW & TAMPA,3180 Tampa Rd,Oldsmar,FL,,US,,1787198400,2026-08-20,42,2026-10-01,1787319626,2026-08-21,41,False,28.0495493,-82.6957812,481080387365,id:260061608,store:08561,Shift Supervisor,onsite,"3180 Tampa Rd, Oldsmar, Florida, United States",1,FL,CONUS_L0_001_007,1
2026-10-01,260061524,https://apply.starbucks.com/careers/job/481080387226,"barista - Store# 08561, CURLEW & TAMPA",BARISTA,08561,CURLEW & TAMPA,3180 Tampa Rd,Oldsmar,FL,,US,,1787198400,2026-08-20,42,2026-10-01,1787319557,2026-08-21,41,False,28.0495493,-82.6957812,481080387226,id:260061524,store:08561,Barista,onsite,"3180 Tampa Rd, Oldsmar, Florida, United States",1,FL,CONUS_L0_001_007,1
2026-10-01,260080295,https://apply.starbucks.com/careers/job/481081059154,"barista - Store# 09699, SW 120TH ST & SW 127 AVE",BARISTA,09699,SW 120TH ST & SW 127 AVE,12512 SW 120th St,Miami,FL,,US,,1790568000,2026-09-28,3,2026-10-01,1790689701,2026-09-29,2,False,25.6560566,-80.3961997,481081059154,id:260080295,store:09699,Barista,onsite,"12512 SW 120th St, Miami, Florida, United States",1,FL,CONUS_L0_001_007,1
2026-10-01,260063592,https://apply.starbucks.com/careers/job/481080567283,"shift supervisor - Store# 09699, SW 120TH ST & SW 127 AVE",SHIFT_SUPERVISOR,09699,SW 120TH ST & SW 127 AVE,12512 SW 120th St,Miami,FL,,US,,1787803200,2026-08-27,35,2026-10-01,1787925045,2026-08-28,34,False,25.6560566,-80.3961997,481080567283,id:260063592,store:09699,Shift Supervisor,onsite,"12512 SW 120th St, Miami, Florida, United States",1,FL,CONUS_L0_001_007,1
2026-10-01,260074709,https://apply.starbucks.com/careers/job/481080820439,"barista - Store# 02750, SUNRISE BLVD & PANTHER PKWY",BARISTA,02750,SUNRISE BLVD & PANTHER PKWY,"13755 W Sunrise Blvd, Bldg 2",Fort Lauderdale,FL,,US,,1789272000,2026-09-13,18,2026-10-01,1789394294,2026-09-14,17,False,26.1465465,-80.33256209999999,481080820439,id:260074709,store:02750,Barista,onsite,"13755 W Sunrise Blvd, Bldg 2, Fort Lauderdale, Florida, United States",1,FL,CONUS_L0_001_007,1
2026-10-01,260067669,https://apply.starbucks.com/careers/job/481080699474,"shift supervisor - Store# 02750, SUNRISE BLVD & PANTHER PKWY",SHIFT_SUPERVISOR,02750,SUNRISE BLVD & PANTHER PKWY,"13755 W Sunrise Blvd, Bldg 2",Fort Lauderdale,FL,,US,,1788321600,2026-09-02,29,2026-10-01,1788456514,2026-09-03,28,False,26.1465465,-80.33256209999999,481080699474,id:260067669,store:02750,Shift Supervisor,onsite,"13755 W Sunrise Blvd, Bldg 2, Fort Lauderdale, Florida, United States",1,FL,CONUS_L0_001_007,1
2026-10-01,260075421,https://apply.starbucks.com/careers/job/481080821635,"barista - Store# 02965, HARDEN RD & POLK COUNTY",BARISTA,02965,HARDEN RD & POLK COUNTY,"1310 Lakeside Village Cir, Ste 101",Lakeland,FL,,US,,1789272000,2026-09-13,18,2026-10-01,1789394923,2026-09-14,17,False,28.0017728,-81.97574180000001,481080821635,id:260075421,store:02965,Barista,onsite,"1310 Lakeside Village Cir, Ste 101, Lakeland, Florida, United States",1,FL,CONUS_L0_001_007,1
2026-10-01,260079843,https://apply.starbucks.com/careers/job/481081018919,"shift supervisor - Store# 02965, HARDEN RD & POLK COUNTY",SHIFT_SUPERVISOR,02965,HARDEN RD & POLK COUNTY,"1310 Lakeside Village Cir, Ste 101",Lakeland,FL,,US,,1790395200,2026-09-26,5,2026-10-01,1790516545,2026-09-27,4,False,28.0017728,-81.97574180000001,481081018919,id:260079843,store:02965,Shift Supervisor,onsite,"1310 Lakeside Village Cir, Ste 101, Lakeland, Florida, United States",1,FL,CONUS_L0_001_007,1
2026-10-01,260079953,https://apply.starbucks.com/careers/job/481081029463,"barista - Store# 77974, KENDALL & 117TH AVE",BARISTA,77974,KENDALL & 117TH AVE,8770 Mills Dr,Miami,FL,,US,,1790481600,2026-09-27,4,2026-10-01,1790603338,2026-09-28,3,False,25.6868782,-80.3860976,481081029463,id:260079953,store:77974,Barista,onsite,"8770 Mills Dr, Miami, Florida, United States",1,FL,CONUS_L0_001_007,1
2026-10-01,260080035,https://apply.starbucks.com/careers/job/481081029647,"shift supervisor - Store# 77974, KENDALL & 117TH AVE",SHIFT_SUPERVISOR,77974,KENDALL & 117TH AVE,8770 Mills Dr,Miami,FL,,US,,1790481600,2026-09-27,4,2026-10-01,1790603420,2026-09-28,3,False,25.6868782,-80.3860976,481081029647,id:260080035,store:77974,Shift Supervisor,onsite,"8770 Mills Dr, Miami, Florida, United States",1,FL,CONUS_L0_001_007,1
2026-10-01,260064819,https://apply.starbucks.com/careers/job/481080613824,"shift supervisor - Store# 11682, US 19 & CURLEW RD-PALM HARBOR",SHIFT_SUPERVISOR,11682,US 19 & CURLEW RD-PALM HARBOR,"30503 US Hwy 19 N, Ste B",Palm Harbor,FL,,US,,1788062400,2026-08-30,32,2026-10-01,1788184135,2026-08-31,31,False,28.0498378,-82.7376643,481080613824,id:260064819,store:11682,Shift Supervisor,onsite,"30503 US Hwy 19 N, Ste B, Palm Harbor, Florida, United States",1,FL,CONUS_L0_001_007,1
2026-10-01,260062928,https://apply.starbucks.com/careers/job/481080532514,"barista - Store# 11682, US 19 & CURLEW RD-PALM HARBOR",BARISTA,11682,US 19 & CURLEW RD-PALM HARBOR,"30503 US Hwy 19 N, Ste B",Palm Harbor,FL,,US,,1787716800,2026-08-26,36,2026-10-01,1787838320,2026-08-27,35,False,28.0498378,-82.7376643,481080532514,id:260062928,store:11682,Barista,onsite,"30503 US Hwy 19 N, Ste B, Palm Harbor, Florida, United States",1,FL,CONUS_L0_001_007,1
2026-10-01,260065551,https://apply.starbucks.com/careers/job/481080678016,"shift supervisor - Store# 13240, NW 136TH AVE & I-595",SHIFT_SUPERVISOR,13240,NW 136TH AVE & I-595,101 NW 136TH Ave,Fort Lauderdale,FL,,US,,1788321600,2026-09-02,29,2026-10-01,1788357188,2026-09-02,29,False,26.12118,-80.33066,481080678016,id:260065551,store:13240,Shift Supervisor,onsite,"101 NW 136TH Ave, Fort Lauderdale, Florida, United States",1,FL,CONUS_L0_001_007,1
2026-10-01,260069679,https://apply.starbucks.com/careers/job/481080730558,"shift supervisor - Store# 61894, SUNSET DR & 117TH AVE",SHIFT_SUPERVISOR,61894,SUNSET DR & 117TH AVE,7123 SW 117th Ave,Miami,FL,,US,,1788580800,2026-09-05,26,2026-10-01,1788702293,2026-09-06,25,False,25.70172,-80.38177,481080730558,id:260069679,store:61894,Shift Supervisor,onsite,"7123 SW 117th Ave, Miami, Florida, United States",1,FL,CONUS_L0_001_007,1
2026-10-01,260058657,https://apply.starbucks.com/careers/job/481079907117,"barista - Store# 61894, SUNSET DR & 117TH AVE",BARISTA,61894,SUNSET DR & 117TH AVE,7123 SW 117th Ave,Miami,FL,,US,,1785124800,2026-07-27,66,2026-10-01,1785246169,2026-07-28,65,False,25.70172,-80.38177,481079907117,id:260058657,store:61894,Barista,onsite,"7123 SW 117th Ave, Miami, Florida, United States",1,FL,CONUS_L0_001_007,1
2026-10-01,260073745,https://apply.starbucks.com/careers/job/481080813178,"barista - Store# 83383, SW 107TH AVE & SW 16TH STREET",BARISTA,83383,SW 107TH AVE & SW 16TH STREET,1651 SW 107th Ave,Miami,FL,,US,,1789185600,2026-09-12,19,2026-10-01,1789307191,2026-09-13,18,False,25.7531601,-80.3676484,481080813178,id:260073745,store:83383,Barista,onsite,"1651 SW 107th Ave, Miami, Florida, United States",1,FL,CONUS_L0_001_007,1
2026-10-01,260073891,https://apply.starbucks.com/careers/job/481080813479,"shift supervisor - Store# 83383, SW 107TH AVE & SW 16TH STREET",SHIFT_SUPERVISOR,83383,SW 107TH AVE & SW 16TH STREET,1651 SW 107th Ave,Miami,FL,,US,,1789185600,2026-09-12,19,2026-10-01,1789307328,2026-09-13,18,False,25.7531601,-80.3676484,481080813479,id:260073891,store:83383,Shift Supervisor,onsite,"1651 SW 107th Ave, Miami, Florida, United States",1,FL,CONUS_L0_001_007,1
2026-10-01,260077816,https://apply.starbucks.com/careers/job/481080891689,"barista - Store# 08306, DORAL PLAZA",BARISTA,08306,DORAL PLAZA,"9709-101 NW 41st St, Bay 29A-B",Miami,FL,,US,,1789617600,2026-09-17,14,2026-10-01,1789739479,2026-09-18,13,False,25.8130374,-80.3538368,481080891689,id:260077816,store:08306,Barista,onsite,"9709-101 NW 41st St, Bay 29A-B, Miami, Florida, United States",1,FL,CONUS_L0_001_007,1
2026-10-01,260080775,https://apply.starbucks.com/careers/job/481081098036,"shift supervisor - Store# 08306, DORAL PLAZA",SHIFT_SUPERVISOR,08306,DORAL PLAZA,"9709-101 NW 41st St, Bay 29A-B",Miami,FL,,US,,1790740800,2026-09-30,1,2026-10-01,1790861983,2026-10-01,0,False,25.8130374,-80.3538368,481081098036,id:260080775,store:08306,Shift Supervisor,onsite,"9709-101 NW 41st St, Bay 29A-B, Miami, Florida, United States",1,FL,CONUS_L0_001_007,1
2026-10-01,260066049,https://apply.starbucks.com/careers/job/481080678792,"shift supervisor - Store# 24720, CORAL REEF COMMONS",SHIFT_SUPERVISOR,24720,CORAL REEF COMMONS,"15205 SW 127th Ave, TBD",Miami,FL,,US,,1788321600,2026-09-02,29,2026-10-01,1788357628,2026-09-02,29,False,25.62636,-80.39418,481080678792,id:260066049,store:24720,Shift Supervisor,onsite,"15205 SW 127th Ave, TBD, Miami, Florida, United States",1,FL,CONUS_L0_001_007,1
2026-10-01,260073680,https://apply.starbucks.com/careers/job/481080813104,"barista - Store# 24720, CORAL REEF COMMONS",BARISTA,24720,CORAL REEF COMMONS,"15205 SW 127th Ave, TBD",Miami,FL,,US,,1789185600,2026-09-12,19,2026-10-01,1789307130,2026-09-13,18,False,25.62636,-80.39418,481080813104,id:260073680,store:24720,Barista,onsite,"15205 SW 127th Ave, TBD, Miami, Florida, United States",1,FL,CONUS_L0_001_007,1
2026-10-01,260068066,https://apply.starbucks.com/careers/job/481080699969,"barista - Store# 21217, BRUCE B DOWNS & E 132ND ST - TAMPA",BARISTA,21217,BRUCE B DOWNS & E 132ND ST - TAMPA,13210 Bruce B Downs Blvd,Tampa,FL,,US,,1788321600,2026-09-02,29,2026-10-01,1788456890,2026-09-03,28,False,28.06703,-82.4266,481080699969,id:260068066,store:21217,Barista,onsite,"13210 Bruce B Downs Blvd, Tampa, Florida, United States",1,FL,CONUS_L0_001_007,1
2026-10-01,260067046,https://apply.starbucks.com/careers/job/481080698620,"shift supervisor - Store# 21217, BRUCE B DOWNS & E 132ND ST - TAMPA",SHIFT_SUPERVISOR,21217,BRUCE B DOWNS & E 132ND ST - TAMPA,13210 Bruce B Downs Blvd,Tampa,FL,,US,,1788321600,2026-09-02,29,2026-10-01,1788455924,2026-09-03,28,False,28.06703,-82.4266,481080698620,id:260067046,store:21217,Shift Supervisor,onsite,"13210 Bruce B Downs Blvd, Tampa, Florida, United States",1,FL,CONUS_L0_001_007,1
2026-10-01,260062376,https://apply.starbucks.com/careers/job/481080494120,"barista - Store# 73991, NW 97TH & NW 19TH",BARISTA,73991,NW 97TH & NW 19TH,2005 NW 97th Ave,Miami,FL,,US,,1787630400,2026-08-25,37,2026-10-01,1787752167,2026-08-26,36,False,25.79293,-80.35257,481080494120,id:260062376,store:73991,Barista,onsite,"2005 NW 97th Ave, Miami, Florida, United States",1,FL,CONUS_L0_001_007,1
2026-10-01,260077799,https://apply.starbucks.com/careers/job/481080891628,"shift supervisor - Store# 08593, CITRUS PARK MALL",SHIFT_SUPERVISOR,08593,CITRUS PARK MALL,7968 Citrus Park Town Ctr Mall,Tampa,FL,,US,,1789617600,2026-09-17,14,2026-10-01,1789739464,2026-09-18,13,False,28.0688211,-82.5766357,481080891628,id:260077799,store:08593,Shift Supervisor,onsite,"7968 Citrus Park Town Ctr Mall, Tampa, Florida, United States",1,FL,CONUS_L0_001_007,1
2026-10-01,260077172,https://apply.starbucks.com/careers/job/481080890700,"barista - Store# 08593, CITRUS PARK MALL",BARISTA,08593,CITRUS PARK MALL,7968 Citrus Park Town Ctr Mall,Tampa,FL,,US,,1789617600,2026-09-17,14,2026-10-01,1789738925,2026-09-18,13,False,28.0688211,-82.5766357,481080890700,id:260077172,store:08593,Barista,onsite,"7968 Citrus Park Town Ctr Mall, Tampa, Florida, United States",1,FL,CONUS_L0_001_007,1
2026-10-01,260059211,https://apply.starbucks.com/careers/job/481079980524,"shift supervisor - Store# 08802, SAWGRASS MILLS MALL",SHIFT_SUPERVISOR,08802,SAWGRASS MILLS MALL,"12801 W Sunrise Blvd, Sawgrass Mills- Regional Mall",Fort Lauderdale,FL,,US,,1785643200,2026-08-02,60,2026-10-01,1785753102,2026-08-03,59,False,26.151701,-80.320787,481079980524,id:260059211,store:08802,Shift Supervisor,onsite,"12801 W Sunrise Blvd, Sawgrass Mills- Regional Mall, Fort Lauderdale, Florida, United States",1,FL,CONUS_L0_001_007,1
2026-10-01,260078310,https://apply.starbucks.com/careers/job/481080936153,"barista - Store# 08802, SAWGRASS MILLS MALL",BARISTA,08802,SAWGRASS MILLS MALL,"12801 W Sunrise Blvd, Sawgrass Mills- Regional Mall",Fort Lauderdale,FL,,US,,1789876800,2026-09-20,11,2026-10-01,1789998163,2026-09-21,10,False,26.151701,-80.320787,481080936153,id:260078310,store:08802,Barista,onsite,"12801 W Sunrise Blvd, Sawgrass Mills- Regional Mall, Fort Lauderdale, Florida, United States",1,FL,CONUS_L0_001_007,1
2026-10-01,260077377,https://apply.starbucks.com/careers/job/481080891016,"barista - Store# 08647, 8012 NW 154TH ST",BARISTA,08647,8012 NW 154TH ST,8012 NW 154th St,Hialeah,FL,,US,,1789617600,2026-09-17,14,2026-10-01,1789739101,2026-09-18,13,False,25.9129122,-80.33134179999999,481080891016,id:260077377,store:08647,Barista,onsite,"8012 NW 154th St, Hialeah, Florida, United States",1,FL,CONUS_L0_001_007,1
2026-10-01,260077521,https://apply.starbucks.com/careers/job/481080891206,"shift supervisor - Store# 08647, 8012 NW 154TH ST",SHIFT_SUPERVISOR,08647,8012 NW 154TH ST,8012 NW 154th St,Hialeah,FL,,US,,1789617600,2026-09-17,14,2026-10-01,1789739227,2026-09-18,13,False,25.9129122,-80.33134179999999,481080891206,id:260077521,store:08647,Shift Supervisor,onsite,"8012 NW 154th St, Hialeah, Florida, United States",1,FL,CONUS_L0_001_007,1
2026-10-01,260079442,https://apply.starbucks.com/careers/job/481080998715,"shift supervisor - Store# 08514, FLETCHER AND TELECOM",SHIFT_SUPERVISOR,08514,FLETCHER AND TELECOM,"7141 E Fletcher Ave, The Hidden River Collection",Tampa,FL,,US,,1790222400,2026-09-24,7,2026-10-01,1790344013,2026-09-25,6,False,28.0686867,-82.3706369,481080998715,id:260079442,store:08514,Shift Supervisor,onsite,"7141 E Fletcher Ave, The Hidden River Collection, Tampa, Florida, United States",1,FL,CONUS_L0_001_007,1
2026-10-01,260078296,https://apply.starbucks.com/careers/job/481080936127,"barista - Store# 08514, FLETCHER AND TELECOM",BARISTA,08514,FLETCHER AND TELECOM,"7141 E Fletcher Ave, The Hidden River Collection",Tampa,FL,,US,,1789876800,2026-09-20,11,2026-10-01,1789998151,2026-09-21,10,False,28.0686867,-82.3706369,481080936127,id:260078296,store:08514,Barista,onsite,"7141 E Fletcher Ave, The Hidden River Collection, Tampa, Florida, United States",1,FL,CONUS_L0_001_007,1
2026-10-01,260057623,https://apply.starbucks.com/careers/job/481079627278,"shift supervisor - Store# 10025, NINE EAGLES & RACETRACK",SHIFT_SUPERVISOR,10025,NINE EAGLES & RACETRACK,12998 Race Track Rd,Tampa,FL,,US,,1784520000,2026-07-20,73,2026-10-01,1784642470,2026-07-21,72,False,28.06931,-82.63325,481079627278,id:260057623,store:10025,Shift Supervisor,onsite,"12998 Race Track Rd, Tampa, Florida, United States",1,FL,CONUS_L0_001_007,1
2026-10-01,260057609,https://apply.starbucks.com/careers/job/481079627247,"barista - Store# 10025, NINE EAGLES & RACETRACK",BARISTA,10025,NINE EAGLES & RACETRACK,12998 Race Track Rd,Tampa,FL,,US,,1784520000,2026-07-20,73,2026-10-01,1784642458,2026-07-21,72,False,28.06931,-82.63325,481079627247,id:260057609,store:10025,Barista,onsite,"12998 Race Track Rd, Tampa, Florida, United States",1,FL,CONUS_L0_001_007,1
2026-10-01,260068154,https://apply.starbucks.com/careers/job/481080704406,"barista - Store# 03427, FLORIDA AVE & PABLO",BARISTA,03427,FLORIDA AVE & PABLO,2639 S Florida Ave,Lakeland,FL,,US,,1788408000,2026-09-03,28,2026-10-01,1788486056,2026-09-03,28,False,28.0134315,-81.957443,481080704406,id:260068154,store:03427,Barista,onsite,"2639 S Florida Ave, Lakeland, Florida, United States",1,FL,CONUS_L0_001_007,1
2026-10-01,260074601,https://apply.starbucks.com/careers/job/481080820264,"shift supervisor - Store# 03427, FLORIDA AVE & PABLO",SHIFT_SUPERVISOR,03427,FLORIDA AVE & PABLO,2639 S Florida Ave,Lakeland,FL,,US,,1789272000,2026-09-13,18,2026-10-01,1789394200,2026-09-14,17,False,28.0134315,-81.957443,481080820264,id:260074601,store:03427,Shift Supervisor,onsite,"2639 S Florida Ave, Lakeland, Florida, United States",1,FL,CONUS_L0_001_007,1
2026-10-01,260069890,https://apply.starbucks.com/careers/job/481080730793,"shift supervisor - Store# 62594, SW 312TH ST & SW 152ND AVE",SHIFT_SUPERVISOR,62594,SW 312TH ST & SW 152ND AVE,2925 NE 8th St,Homestead,FL,,US,,1788580800,2026-09-05,26,2026-10-01,1788702459,2026-09-06,25,False,25.47797,-80.4344,481080730793,id:260069890,store:62594,Shift Supervisor,onsite,"2925 NE 8th St, Homestead, Florida, United States",1,FL,CONUS_L0_001_007,1
2026-10-01,260056789,https://apply.starbucks.com/careers/job/481079527774,"barista - Store# 62594, SW 312TH ST & SW 152ND AVE",BARISTA,62594,SW 312TH ST & SW 152ND AVE,2925 NE 8th St,Homestead,FL,,US,,1784088000,2026-07-15,78,2026-10-01,1784209174,2026-07-16,77,False,25.47797,-80.4344,481079527774,id:260056789,store:62594,Barista,onsite,"2925 NE 8th St, Homestead, Florida, United States",1,FL,CONUS_L0_001_007,1
2026-10-01,260077793,https://apply.starbucks.com/careers/job/481080891620,"shift supervisor - Store# 08277, SHOPPE OF CARROLLWOOD",SHIFT_SUPERVISOR,08277,SHOPPE OF CARROLLWOOD,"14394 N Dale Mabry Hwy, Ste 10",Tampa,FL,,US,,1789617600,2026-09-17,14,2026-10-01,1789739459,2026-09-18,13,False,28.0784796,-82.5073853,481080891620,id:260077793,store:08277,Shift Supervisor,onsite,"14394 N Dale Mabry Hwy, Ste 10, Tampa, Florida, United States",1,FL,CONUS_L0_001_007,1
2026-10-01,260079939,https://apply.starbucks.com/careers/job/481081029518,"shift supervisor - Store# 08436, FLAMINGO RD & SHERIDAN ST",SHIFT_SUPERVISOR,08436,FLAMINGO RD & SHERIDAN ST,"2000 N Flamingo Rd, Flamingo Falls Town CenterB12",Pembroke Pines,FL,,US,,1790481600,2026-09-27,4,2026-10-01,1790603325,2026-09-28,3,False,26.0276513,-80.3137,481081029518,id:260079939,store:08436,Shift Supervisor,onsite,"2000 N Flamingo Rd, Flamingo Falls Town CenterB12, Pembroke Pines, Florida, United States",1,FL,CONUS_L0_001_007,1
2026-10-01,260079571,https://apply.starbucks.com/careers/job/481080999156,"barista - Store# 08436, FLAMINGO RD & SHERIDAN ST",BARISTA,08436,FLAMINGO RD & SHERIDAN ST,"2000 N Flamingo Rd, Flamingo Falls Town CenterB12",Pembroke Pines,FL,,US,,1790222400,2026-09-24,7,2026-10-01,1790344124,2026-09-25,6,False,26.0276513,-80.3137,481080999156,id:260079571,store:08436,Barista,onsite,"2000 N Flamingo Rd, Flamingo Falls Town CenterB12, Pembroke Pines, Florida, United States",1,FL,CONUS_L0_001_007,1
2026-10-01,260071699,https://apply.starbucks.com/careers/job/481080764541,"shift supervisor - Store# 11749, KENDALL DR & SW 107 AVE",SHIFT_SUPERVISOR,11749,KENDALL DR & SW 107 AVE,8805 SW 107th Ave,Miami,FL,,US,,1788840000,2026-09-08,23,2026-10-01,1788961335,2026-09-09,22,False,25.68638,-80.36477,481080764541,id:260071699,store:11749,Shift Supervisor,onsite,"8805 SW 107th Ave, Miami, Florida, United States",1,FL,CONUS_L0_001_007,1
2026-10-01,260055020,https://apply.starbucks.com/careers/job/481079436526,"barista - Store# 11749, KENDALL DR & SW 107 AVE",BARISTA,11749,KENDALL DR & SW 107 AVE,8805 SW 107th Ave,Miami,FL,,US,,1783742400,2026-07-11,82,2026-10-01,1783863581,2026-07-12,81,False,25.68638,-80.36477,481079436526,id:260055020,store:11749,Barista,onsite,"8805 SW 107th Ave, Miami, Florida, United States",1,FL,CONUS_L0_001_007,1
2026-10-01,260057252,https://apply.starbucks.com/careers/job/481079587630,"barista - Store# 27975, 7433 MIAMI LAKES DR - MIAMI LAKES",BARISTA,27975,7433 MIAMI LAKES DR - MIAMI LAKES,7433 Miami Lakes Dr,Hialeah,FL,,US,,1784347200,2026-07-18,75,2026-10-01,1784468409,2026-07-19,74,False,25.91101,-80.3193,481079587630,id:260057252,store:27975,Barista,onsite,"7433 Miami Lakes Dr, Hialeah, Florida, United States",1,FL,CONUS_L0_001_007,1
2026-10-01,260069473,https://apply.starbucks.com/careers/job/481080730312,"shift supervisor - Store# 27975, 7433 MIAMI LAKES DR - MIAMI LAKES",SHIFT_SUPERVISOR,27975,7433 MIAMI LAKES DR - MIAMI LAKES,7433 Miami Lakes Dr,Hialeah,FL,,US,,1788580800,2026-09-05,26,2026-10-01,1788702129,2026-09-06,25,False,25.91101,-80.3193,481080730312,id:260069473,store:27975,Shift Supervisor,onsite,"7433 Miami Lakes Dr, Hialeah, Florida, United States",1,FL,CONUS_L0_001_007,1
2026-10-01,260077815,https://apply.starbucks.com/careers/job/481080891688,"barista - Store# 08483, HIGHWAY 19 & NEBRASKA AVE",BARISTA,08483,HIGHWAY 19 & NEBRASKA AVE,"33086 US Highway 19 N, Ste A",Palm Harbor,FL,,US,,1789617600,2026-09-17,14,2026-10-01,1789739478,2026-09-18,13,False,28.072597,-82.73952799999999,481080891688,id:260077815,store:08483,Barista,onsite,"33086 US Highway 19 N, Ste A, Palm Harbor, Florida, United States",1,FL,CONUS_L0_001_007,1
2026-10-01,260077608,https://apply.starbucks.com/careers/job/481080891286,"shift supervisor - Store# 08483, HIGHWAY 19 & NEBRASKA AVE",SHIFT_SUPERVISOR,08483,HIGHWAY 19 & NEBRASKA AVE,"33086 US Highway 19 N, Ste A",Palm Harbor,FL,,US,,1789617600,2026-09-17,14,2026-10-01,1789739302,2026-09-18,13,False,28.072597,-82.73952799999999,481080891286,id:260077608,store:08483,Shift Supervisor,onsite,"33086 US Highway 19 N, Ste A, Palm Harbor, Florida, United States",1,FL,CONUS_L0_001_007,1
2026-10-01,260058868,https://apply.starbucks.com/careers/job/481079927849,"barista - Store# 53902, 1480 NW 87TH AVE",BARISTA,53902,1480 NW 87TH AVE,1380 NW 87th Ave,Miami,FL,,US,,1785211200,2026-07-28,65,2026-10-01,1785332799,2026-07-29,64,False,25.78654,-80.33726,481079927849,id:260058868,store:53902,Barista,onsite,"1380 NW 87th Ave, Miami, Florida, United States",1,FL,CONUS_L0_001_007,1
2026-10-01,260069485,https://apply.starbucks.com/careers/job/481080730325,"shift supervisor - Store# 53902, 1480 NW 87TH AVE",SHIFT_SUPERVISOR,53902,1480 NW 87TH AVE,1380 NW 87th Ave,Miami,FL,,US,,1788580800,2026-09-05,26,2026-10-01,1788702138,2026-09-06,25,False,25.78654,-80.33726,481080730325,id:260069485,store:53902,Shift Supervisor,onsite,"1380 NW 87th Ave, Miami, Florida, United States",1,FL,CONUS_L0_001_007,1
2026-10-01,260066262,https://apply.starbucks.com/careers/job/481080679141,"shift supervisor - Store# 27735, NW 67TH AVE & NW 169TH ST - MIAMI",SHIFT_SUPERVISOR,27735,NW 67TH AVE & NW 169TH ST - MIAMI,"16735 NW 67th Ave, Ste 101",Hialeah,FL,,US,,1788321600,2026-09-02,29,2026-10-01,1788357820,2026-09-02,29,False,25.926197,-80.3089822,481080679141,id:260066262,store:27735,Shift Supervisor,onsite,"16735 NW 67th Ave, Ste 101, Hialeah, Florida, United States",1,FL,CONUS_L0_001_007,1
2026-10-01,260075685,https://apply.starbucks.com/careers/job/481080840413,"barista - Store# 27735, NW 67TH AVE & NW 169TH ST - MIAMI",BARISTA,27735,NW 67TH AVE & NW 169TH ST - MIAMI,"16735 NW 67th Ave, Ste 101",Hialeah,FL,,US,,1789358400,2026-09-14,17,2026-10-01,1789479954,2026-09-15,16,False,25.926197,-80.3089822,481080840413,id:260075685,store:27735,Barista,onsite,"16735 NW 67th Ave, Ste 101, Hialeah, Florida, United States",1,FL,CONUS_L0_001_007,1
2026-10-01,260077730,https://apply.starbucks.com/careers/job/481080891552,"shift supervisor - Store# 08296, TAMIAMI CENTRAL PLAZA",SHIFT_SUPERVISOR,08296,TAMIAMI CENTRAL PLAZA,"8442 SW 8th St, Bldg 1",Miami,FL,,US,,1789617600,2026-09-17,14,2026-10-01,1789739406,2026-09-18,13,False,25.7616894,-80.3331694,481080891552,id:260077730,store:08296,Shift Supervisor,onsite,"8442 SW 8th St, Bldg 1, Miami, Florida, United States",1,FL,CONUS_L0_001_007,1
2026-10-01,260077310,https://apply.starbucks.com/careers/job/481080890881,"barista - Store# 08296, TAMIAMI CENTRAL PLAZA",BARISTA,08296,TAMIAMI CENTRAL PLAZA,"8442 SW 8th St, Bldg 1",Miami,FL,,US,,1789617600,2026-09-17,14,2026-10-01,1789739043,2026-09-18,13,False,25.7616894,-80.3331694,481080890881,id:260077310,store:08296,Barista,onsite,"8442 SW 8th St, Bldg 1, Miami, Florida, United States",1,FL,CONUS_L0_001_007,1
2026-10-01,260059658,https://apply.starbucks.com/careers/job/481080027422,"store manager, Hialeah / Miami Lakes",STORE_MANAGER,,,,Miami Lakes,FL,,US,,1789758635,2026-09-18,13,2026-10-01,1785960347,2026-08-05,57,True,25.9087056,-80.30866189999999,481080027422,id:260059658,,Coffeehouse Leader,onsite,"Miami Lakes, Florida, United States",2,FL,CONUS_L0_001_007,1
2026-10-01,260060107,https://apply.starbucks.com/careers/job/481080087875,"shift supervisor - Store# 47043, PINES BLVD & HIATUS",SHIFT_SUPERVISOR,47043,PINES BLVD & HIATUS,"11255 Pines Blvd, Ste 102",Hollywood,FL,,US,,1786248000,2026-08-09,53,2026-10-01,1786369550,2026-08-10,52,False,26.0083428,-80.2987366,481080087875,id:260060107,store:47043,Shift Supervisor,onsite,"11255 Pines Blvd, Ste 102, Hollywood, Florida, United States",1,FL,CONUS_L0_001_007,1
2026-10-01,260071981,https://apply.starbucks.com/careers/job/481080764948,"barista - Store# 47043, PINES BLVD & HIATUS",BARISTA,47043,PINES BLVD & HIATUS,"11255 Pines Blvd, Ste 102",Hollywood,FL,,US,,1788840000,2026-09-08,23,2026-10-01,1788961562,2026-09-09,22,False,26.0083428,-80.2987366,481080764948,id:260071981,store:47043,Barista,onsite,"11255 Pines Blvd, Ste 102, Hollywood, Florida, United States",1,FL,CONUS_L0_001_007,1
2026-10-01,260066516,https://apply.starbucks.com/careers/job/481080679738,"shift supervisor - Store# 16954, CORAL WAY & 87TH",SHIFT_SUPERVISOR,16954,CORAL WAY & 87TH,2501 SW 87th Ave,Miami,FL,,US,,1788321600,2026-09-02,29,2026-10-01,1788358047,2026-09-02,29,False,25.74663,-80.33538,481080679738,id:260066516,store:16954,Shift Supervisor,onsite,"2501 SW 87th Ave, Miami, Florida, United States",1,FL,CONUS_L0_001_007,1
2026-10-01,260068038,https://apply.starbucks.com/careers/job/481080699902,"shift supervisor - Store# 16954, CORAL WAY & 87TH",SHIFT_SUPERVISOR,16954,CORAL WAY & 87TH,2501 SW 87th Ave,Miami,FL,,US,,1788321600,2026-09-02,29,2026-10-01,1788456863,2026-09-03,28,False,25.74663,-80.33538,481080699902,id:260068038,store:16954,Shift Supervisor,onsite,"2501 SW 87th Ave, Miami, Florida, United States",1,FL,CONUS_L0_001_007,1
2026-10-01,260071963,https://apply.starbucks.com/careers/job/481080764922,"barista - Store# 16954, CORAL WAY & 87TH",BARISTA,16954,CORAL WAY & 87TH,2501 SW 87th Ave,Miami,FL,,US,,1788840000,2026-09-08,23,2026-10-01,1788961546,2026-09-09,22,False,25.74663,-80.33538,481080764922,id:260071963,store:16954,Barista,onsite,"2501 SW 87th Ave, Miami, Florida, United States",1,FL,CONUS_L0_001_007,1
2026-10-01,260059840,https://apply.starbucks.com/careers/job/481080078995,"barista - Store# 10550, NW 79TH AVE & NW 25TH ST",BARISTA,10550,NW 79TH AVE & NW 25TH ST,7840 NW 25th St,Miami,FL,,US,,1786161600,2026-08-08,54,2026-10-01,1786283141,2026-08-09,53,False,25.79664,-80.32482,481080078995,id:260059840,store:10550,Barista,onsite,"7840 NW 25th St, Miami, Florida, United States",1,FL,CONUS_L0_001_007,1
2026-10-01,260068681,https://apply.starbucks.com/careers/job/481080710007,"shift supervisor - Store# 10550, NW 79TH AVE & NW 25TH ST",SHIFT_SUPERVISOR,10550,NW 79TH AVE & NW 25TH ST,7840 NW 25th St,Miami,FL,,US,,1788408000,2026-09-03,28,2026-10-01,1788529945,2026-09-04,27,False,25.79664,-80.32482,481080710007,id:260068681,store:10550,Shift Supervisor,onsite,"7840 NW 25th St, Miami, Florida, United States",1,FL,CONUS_L0_001_007,1
2026-10-01,260077985,https://apply.starbucks.com/careers/job/481080923295,"barista - Store# 63876, MIRAMAR PKWY & RED RD",BARISTA,63876,MIRAMAR PKWY & RED RD,"2850 Red Rd, Ste 300",Hollywood,FL,,US,,1789790400,2026-09-19,12,2026-10-01,1789911644,2026-09-20,11,False,25.9806083,-80.29599859999999,481080923295,id:260077985,store:63876,Barista,onsite,"2850 Red Rd, Ste 300, Hollywood, Florida, United States",1,FL,CONUS_L0_001_007,1
2026-10-01,260071238,https://apply.starbucks.com/careers/job/481080742576,"shift supervisor - Store# 63876, MIRAMAR PKWY & RED RD",SHIFT_SUPERVISOR,63876,MIRAMAR PKWY & RED RD,"2850 Red Rd, Ste 300",Hollywood,FL,,US,,1788667200,2026-09-06,25,2026-10-01,1788789057,2026-09-07,24,False,25.9806083,-80.29599859999999,481080742576,id:260071238,store:63876,Shift Supervisor,onsite,"2850 Red Rd, Ste 300, Hollywood, Florida, United States",1,FL,CONUS_L0_001_007,1
2026-10-01,260079634,https://apply.starbucks.com/careers/job/481081018668,"barista - Store# 08226, CLEARY & NOB HILL",BARISTA,08226,CLEARY & NOB HILL,"827 N Nob Hill Rd, Viscaya Square Shopping Center",Fort Lauderdale,FL,,US,,1790395200,2026-09-26,5,2026-10-01,1790516356,2026-09-27,4,False,26.1335038,-80.2886413,481081018668,id:260079634,store:08226,Barista,onsite,"827 N Nob Hill Rd, Viscaya Square Shopping Center, Fort Lauderdale, Florida, United States",1,FL,CONUS_L0_001_007,1
2026-10-01,260077212,https://apply.starbucks.com/careers/job/481080890747,"shift supervisor - Store# 08226, CLEARY & NOB HILL",SHIFT_SUPERVISOR,08226,CLEARY & NOB HILL,"827 N Nob Hill Rd, Viscaya Square Shopping Center",Fort Lauderdale,FL,,US,,1789617600,2026-09-17,14,2026-10-01,1789738959,2026-09-18,13,False,26.1335038,-80.2886413,481080890747,id:260077212,store:08226,Shift Supervisor,onsite,"827 N Nob Hill Rd, Viscaya Square Shopping Center, Fort Lauderdale, Florida, United States",1,FL,CONUS_L0_001_007,1
2026-10-01,260068882,https://apply.starbucks.com/careers/job/481080710229,"shift supervisor - Store# 27734, NW 36TH ST & NW 72ND AVE-MIAMI",SHIFT_SUPERVISOR,27734,NW 36TH ST & NW 72ND AVE-MIAMI,"7230 NW 36th St, Ste 2",Miami,FL,,US,,1788408000,2026-09-03,28,2026-10-01,1788530115,2026-09-04,27,False,25.8087813,-80.3152838,481080710229,id:260068882,store:27734,Shift Supervisor,onsite,"7230 NW 36th St, Ste 2, Miami, Florida, United States",1,FL,CONUS_L0_001_007,1
2026-10-01,260077633,https://apply.starbucks.com/careers/job/481080891319,"barista - Store# 27734, NW 36TH ST & NW 72ND AVE-MIAMI",BARISTA,27734,NW 36TH ST & NW 72ND AVE-MIAMI,"7230 NW 36th St, Ste 2",Miami,FL,,US,,1789617600,2026-09-17,14,2026-10-01,1789739324,2026-09-18,13,False,25.8087813,-80.3152838,481080891319,id:260077633,store:27734,Barista,onsite,"7230 NW 36th St, Ste 2, Miami, Florida, United States",1,FL,CONUS_L0_001_007,1
2026-10-01,260080802,https://apply.starbucks.com/careers/job/481081099101,"store manager - Lakeland, FL",STORE_MANAGER,,,,Lakeland,FL,,US,,1790864204,2026-10-01,0,2026-10-01,1790863953,2026-10-01,0,False,28.0394654,-81.9498042,481081099101,id:260080802,,Coffeehouse Leader,onsite,"Lakeland, Florida, United States",1,FL,CONUS_L0_001_007,1
2026-10-01,260059990,https://apply.starbucks.com/careers/job/481080079228,"barista - Store# 08267, SUNSET & 87TH",BARISTA,08267,SUNSET & 87TH,"8660 SW 72nd St, Sunset Park Plaza",Miami,FL,,US,,1786161600,2026-08-08,54,2026-10-01,1786283264,2026-08-09,53,False,25.7018421,-80.33353520000001,481080079228,id:260059990,store:08267,Barista,onsite,"8660 SW 72nd St, Sunset Park Plaza, Miami, Florida, United States",1,FL,CONUS_L0_001_007,1
2026-10-01,260060030,https://apply.starbucks.com/careers/job/481080079245,"shift supervisor - Store# 08267, SUNSET & 87TH",SHIFT_SUPERVISOR,08267,SUNSET & 87TH,"8660 SW 72nd St, Sunset Park Plaza",Miami,FL,,US,,1786161600,2026-08-08,54,2026-10-01,1786283295,2026-08-09,53,False,25.7018421,-80.33353520000001,481080079245,id:260060030,store:08267,Shift Supervisor,onsite,"8660 SW 72nd St, Sunset Park Plaza, Miami, Florida, United States",1,FL,CONUS_L0_001_007,1
2026-10-01,260073160,https://apply.starbucks.com/careers/job/481080797921,"shift supervisor - Store# 82203, US 41 & E CHAPMAN RD",SHIFT_SUPERVISOR,82203,US 41 & E CHAPMAN RD,16514 N Nebraska Ave,Lutz,FL,,US,,1789012800,2026-09-10,21,2026-10-01,1789135666,2026-09-11,20,False,28.1063462,-82.4589338,481080797921,id:260073160,store:82203,Shift Supervisor,onsite,"16514 N Nebraska Ave, Lutz, Florida, United States",1,FL,CONUS_L0_001_007,1
2026-10-01,260060210,https://apply.starbucks.com/careers/job/481080108607,"barista - Store# 82203, US 41 & E CHAPMAN RD",BARISTA,82203,US 41 & E CHAPMAN RD,16514 N Nebraska Ave,Lutz,FL,,US,,1786334400,2026-08-10,52,2026-10-01,1786455922,2026-08-11,51,False,28.1063462,-82.4589338,481080108607,id:260060210,store:82203,Barista,onsite,"16514 N Nebraska Ave, Lutz, Florida, United States",1,FL,CONUS_L0_001_007,1
2026-10-01,260077273,https://apply.starbucks.com/careers/job/481080890834,"shift supervisor - Store# 08335, 4940 RIDGEMOOR PLAZA",SHIFT_SUPERVISOR,08335,4940 RIDGEMOOR PLAZA,4978 Ridgemoor Blvd,Palm Harbor,FL,,US,,1789617600,2026-09-17,14,2026-10-01,1789739011,2026-09-18,13,False,28.1001329,-82.69121609999999,481080890834,id:260077273,store:08335,Shift Supervisor,onsite,"4978 Ridgemoor Blvd, Palm Harbor, Florida, United States",1,FL,CONUS_L0_001_007,1
2026-10-01,260056975,https://apply.starbucks.com/careers/job/481079556062,"barista - Store# 08335, 4940 RIDGEMOOR PLAZA",BARISTA,08335,4940 RIDGEMOOR PLAZA,4978 Ridgemoor Blvd,Palm Harbor,FL,,US,,1784174400,2026-07-16,77,2026-10-01,1784295809,2026-07-17,76,False,28.1001329,-82.69121609999999,481079556062,id:260056975,store:08335,Barista,onsite,"4978 Ridgemoor Blvd, Palm Harbor, Florida, United States",1,FL,CONUS_L0_001_007,1
2026-10-01,260063342,https://apply.starbucks.com/careers/job/481080566000,"shift supervisor - Store# 08868, 8TH AVE & 49TH ST",SHIFT_SUPERVISOR,08868,8TH AVE & 49TH ST,"583 W 49th St, Palm Springs Mile",Hialeah,FL,,US,,1787803200,2026-08-27,35,2026-10-01,1787924845,2026-08-28,34,False,25.8658238,-80.2973276,481080566000,id:260063342,store:08868,Shift Supervisor,onsite,"583 W 49th St, Palm Springs Mile, Hialeah, Florida, United States",1,FL,CONUS_L0_001_007,1
2026-10-01,260067858,https://apply.starbucks.com/careers/job/481080699555,"barista - Store# 08868, 8TH AVE & 49TH ST",BARISTA,08868,8TH AVE & 49TH ST,"583 W 49th St, Palm Springs Mile",Hialeah,FL,,US,,1788321600,2026-09-02,29,2026-10-01,1788456691,2026-09-03,28,False,25.8658238,-80.2973276,481080699555,id:260067858,store:08868,Barista,onsite,"583 W 49th St, Palm Springs Mile, Hialeah, Florida, United States",1,FL,CONUS_L0_001_007,1
2026-10-01,260072358,https://apply.starbucks.com/careers/job/481080778565,"shift supervisor - Store# 19033, 19151 S DIXIE HWY",SHIFT_SUPERVISOR,19033,19151 S DIXIE HWY,19151 S Dixie Highway,Miami,FL,,US,,1788926400,2026-09-09,22,2026-10-01,1789048135,2026-09-10,21,False,25.5896952,-80.35861249999999,481080778565,id:260072358,store:19033,Shift Supervisor,onsite,"19151 S Dixie Highway, Miami, Florida, United States",1,FL,CONUS_L0_001_007,1
2026-10-01,260079820,https://apply.starbucks.com/careers/job/481081018888,"barista - Store# 19033, 19151 S DIXIE HWY",BARISTA,19033,19151 S DIXIE HWY,19151 S Dixie Highway,Miami,FL,,US,,1790395200,2026-09-26,5,2026-10-01,1790516524,2026-09-27,4,False,25.5896952,-80.35861249999999,481081018888,id:260079820,store:19033,Barista,onsite,"19151 S Dixie Highway, Miami, Florida, United States",1,FL,CONUS_L0_001_007,1
2026-10-01,260058437,https://apply.starbucks.com/careers/job/481079865488,"shift supervisor - Store# 85856, US HWY 27 & EAGLE RIDGE",SHIFT_SUPERVISOR,85856,US HWY 27 & EAGLE RIDGE,23270 US 27 Hwy,Lake Wales,FL,,US,,1785038400,2026-07-26,67,2026-10-01,1785159909,2026-07-27,66,False,27.9483883,-81.6172694,481079865488,id:260058437,store:85856,Shift Supervisor,onsite,"23270 US 27 Hwy, Lake Wales, Florida, United States",1,FL,CONUS_L0_001_007,1
2026-10-01,260060925,https://apply.starbucks.com/careers/job/481080183417,"barista - Store# 85856, US HWY 27 & EAGLE RIDGE",BARISTA,85856,US HWY 27 & EAGLE RIDGE,23270 US 27 Hwy,Lake Wales,FL,,US,,1786766400,2026-08-15,47,2026-10-01,1786887973,2026-08-16,46,False,27.9483883,-81.6172694,481080183417,id:260060925,store:85856,Barista,onsite,"23270 US 27 Hwy, Lake Wales, Florida, United States",1,FL,CONUS_L0_001_007,1
2026-10-01,260062555,https://apply.starbucks.com/careers/job/481080494535,"shift supervisor - Store# 13828, PINES BLVD & 96TH",SHIFT_SUPERVISOR,13828,PINES BLVD & 96TH,9700 Pines Blvd,Hollywood,FL,,US,,1787630400,2026-08-25,37,2026-10-01,1787752314,2026-08-26,36,False,26.00786,-80.27492,481080494535,id:260062555,store:13828,Shift Supervisor,onsite,"9700 Pines Blvd, Hollywood, Florida, United States",1,FL,CONUS_L0_001_007,1
2026-10-01,260053732,https://apply.starbucks.com/careers/job/481079385343,"barista - Store# 08446, 14795 S DIXIE HIGHWAY",BARISTA,08446,14795 S DIXIE HIGHWAY,14795 S Dixie Hwy,Miami,FL,,US,,1783483200,2026-07-08,85,2026-10-01,1783604547,2026-07-09,84,False,25.6329729,-80.3386957,481079385343,id:260053732,store:08446,Barista,onsite,"14795 S Dixie Hwy, Miami, Florida, United States",1,FL,CONUS_L0_001_007,1
2026-10-01,260077457,https://apply.starbucks.com/careers/job/481080891119,"shift supervisor - Store# 08446, 14795 S DIXIE HIGHWAY",SHIFT_SUPERVISOR,08446,14795 S DIXIE HIGHWAY,14795 S Dixie Hwy,Miami,FL,,US,,1789617600,2026-09-17,14,2026-10-01,1789739171,2026-09-18,13,False,25.6329729,-80.3386957,481080891119,id:260077457,store:08446,Shift Supervisor,onsite,"14795 S Dixie Hwy, Miami, Florida, United States",1,FL,CONUS_L0_001_007,1
2026-10-01,260079505,https://apply.starbucks.com/careers/job/481080998857,"barista - Store# 08494, HOLMBERG & CORAL SPRINGS DR",BARISTA,08494,HOLMBERG & CORAL SPRINGS DR,6051 Coral Ridge Dr,Pompano Beach,FL,,US,,1790222400,2026-09-24,7,2026-10-01,1790344067,2026-09-25,6,False,26.305782,-80.2781081,481080998857,id:260079505,store:08494,Barista,onsite,"6051 Coral Ridge Dr, Pompano Beach, Florida, United States",1,FL,CONUS_L0_001_007,1
2026-10-01,260077284,https://apply.starbucks.com/careers/job/481080890846,"shift supervisor - Store# 08494, HOLMBERG & CORAL SPRINGS DR",SHIFT_SUPERVISOR,08494,HOLMBERG & CORAL SPRINGS DR,6051 Coral Ridge Dr,Pompano Beach,FL,,US,,1789617600,2026-09-17,14,2026-10-01,1789739021,2026-09-18,13,False,26.305782,-80.2781081,481080890846,id:260077284,store:08494,Shift Supervisor,onsite,"6051 Coral Ridge Dr, Pompano Beach, Florida, United States",1,FL,CONUS_L0_001_007,1
2026-10-01,260074524,https://apply.starbucks.com/careers/job/481080820179,"shift supervisor - Store# 03429, SUNRISE JACARANDA SQUARE",SHIFT_SUPERVISOR,03429,SUNRISE JACARANDA SQUARE,1891 N Pine Island Rd,Fort Lauderdale,FL,,US,,1789272000,2026-09-13,18,2026-10-01,1789394136,2026-09-14,17,False,26.1479795,-80.2685461,481080820179,id:260074524,store:03429,Shift Supervisor,onsite,"1891 N Pine Island Rd, Fort Lauderdale, Florida, United States",1,FL,CONUS_L0_001_007,1
2026-10-01,260077598,https://apply.starbucks.com/careers/job/481080891247,"shift supervisor - Store# 08227, THE GREENERY MALL",SHIFT_SUPERVISOR,08227,THE GREENERY MALL,"7708 N Kendall Dr, Spc B5",Miami,FL,,US,,1789617600,2026-09-17,14,2026-10-01,1789739294,2026-09-18,13,False,25.688027,-80.31988799999999,481080891247,id:260077598,store:08227,Shift Supervisor,onsite,"7708 N Kendall Dr, Spc B5, Miami, Florida, United States",1,FL,CONUS_L0_001_007,1
2026-10-01,260058422,https://apply.starbucks.com/careers/job/481079849984,"barista - Store# 08227, THE GREENERY MALL",BARISTA,08227,THE GREENERY MALL,"7708 N Kendall Dr, Spc B5",Miami,FL,,US,,1784952000,2026-07-25,68,2026-10-01,1785073646,2026-07-26,67,False,25.688027,-80.31988799999999,481079849984,id:260058422,store:08227,Barista,onsite,"7708 N Kendall Dr, Spc B5, Miami, Florida, United States",1,FL,CONUS_L0_001_007,1
2026-10-01,260077618,https://apply.starbucks.com/careers/job/481080891315,"shift supervisor - Store# 08392, Dixie Belle Shops",SHIFT_SUPERVISOR,08392,Dixie Belle Shops,12225 S Dixie Hwy,Miami,FL,,US,,1789617600,2026-09-17,14,2026-10-01,1789739311,2026-09-18,13,False,25.6571326,-80.3274687,481080891315,id:260077618,store:08392,Shift Supervisor,onsite,"12225 S Dixie Hwy, Miami, Florida, United States",1,FL,CONUS_L0_001_007,1
2026-10-01,260078505,https://apply.starbucks.com/careers/job/481080936460,"barista - Store# 08392, Dixie Belle Shops",BARISTA,08392,Dixie Belle Shops,12225 S Dixie Hwy,Miami,FL,,US,,1789876800,2026-09-20,11,2026-10-01,1789998327,2026-09-21,10,False,25.6571326,-80.3274687,481080936460,id:260078505,store:08392,Barista,onsite,"12225 S Dixie Hwy, Miami, Florida, United States",1,FL,CONUS_L0_001_007,1
2026-10-01,260069858,https://apply.starbucks.com/careers/job/481080730761,"shift supervisor - Store# 55245, BROWARD BLVD & PINE ISLAND",SHIFT_SUPERVISOR,55245,BROWARD BLVD & PINE ISLAND,120 S Pine Island Rd,Fort Lauderdale,FL,,US,,1788580800,2026-09-05,26,2026-10-01,1788702435,2026-09-06,25,False,26.11956,-80.26375,481080730761,id:260069858,store:55245,Shift Supervisor,onsite,"120 S Pine Island Rd, Fort Lauderdale, Florida, United States",1,FL,CONUS_L0_001_007,1
2026-10-01,260059521,https://apply.starbucks.com/careers/job/481080000915,"barista - Store# 55245, BROWARD BLVD & PINE ISLAND",BARISTA,55245,BROWARD BLVD & PINE ISLAND,120 S Pine Island Rd,Fort Lauderdale,FL,,US,,1785729600,2026-08-03,59,2026-10-01,1785851170,2026-08-04,58,False,26.11956,-80.26375,481080000915,id:260059521,store:55245,Barista,onsite,"120 S Pine Island Rd, Fort Lauderdale, Florida, United States",1,FL,CONUS_L0_001_007,1
2026-10-01,260059623,https://apply.starbucks.com/careers/job/481080017642,"barista - Store# 08520, DADELAND MALL MACYS HOME WEST",BARISTA,08520,DADELAND MALL MACYS HOME WEST,7575 SW 88th St,Miami,FL,,US,,1785816000,2026-08-04,58,2026-10-01,1785937717,2026-08-05,57,False,25.6905526,-80.31496709999999,481080017642,id:260059623,store:08520,Barista,onsite,"7575 SW 88th St, Miami, Florida, United States",1,FL,CONUS_L0_001_007,1
2026-10-01,260077691,https://apply.starbucks.com/careers/job/481080891446,"shift supervisor - Store# 08520, DADELAND MALL MACYS HOME WEST",SHIFT_SUPERVISOR,08520,DADELAND MALL MACYS HOME WEST,7575 SW 88th St,Miami,FL,,US,,1789617600,2026-09-17,14,2026-10-01,1789739373,2026-09-18,13,False,25.6905526,-80.31496709999999,481080891446,id:260077691,store:08520,Shift Supervisor,onsite,"7575 SW 88th St, Miami, Florida, United States",1,FL,CONUS_L0_001_007,1
2026-10-01,260079841,https://apply.starbucks.com/careers/job/481081018924,"barista - Store# 22267, BIRD LUDLAM - MIAMI",BARISTA,22267,BIRD LUDLAM - MIAMI,"6702 Bird Rd, 3",Miami,FL,,US,,1790395200,2026-09-26,5,2026-10-01,1790516544,2026-09-27,4,False,25.7330075,-80.3038784,481081018924,id:260079841,store:22267,Barista,onsite,"6702 Bird Rd, 3, Miami, Florida, United States",1,FL,CONUS_L0_001_007,1
2026-10-01,260058105,https://apply.starbucks.com/careers/job/481079849376,"shift supervisor - Store# 22267, BIRD LUDLAM - MIAMI",SHIFT_SUPERVISOR,22267,BIRD LUDLAM - MIAMI,"6702 Bird Rd, 3",Miami,FL,,US,,1784952000,2026-07-25,68,2026-10-01,1785073387,2026-07-26,67,False,25.7330075,-80.3038784,481079849376,id:260058105,store:22267,Shift Supervisor,onsite,"6702 Bird Rd, 3, Miami, Florida, United States",1,FL,CONUS_L0_001_007,1
2026-10-01,260064410,https://apply.starbucks.com/careers/job/481080613204,"shift supervisor - Store# 18418, CYPRESS GARDENS DR & US 17",SHIFT_SUPERVISOR,18418,CYPRESS GARDENS DR & US 17,131 Landings BLVD,Winter Haven,FL,,US,,1788062400,2026-08-30,32,2026-10-01,1788183791,2026-08-31,31,False,28.00347,-81.72838,481080613204,id:260064410,store:18418,Shift Supervisor,onsite,"131 Landings BLVD, Winter Haven, Florida, United States",1,FL,CONUS_L0_001_007,1
2026-10-01,260068843,https://apply.starbucks.com/careers/job/481080710156,"barista - Store# 18418, CYPRESS GARDENS DR & US 17",BARISTA,18418,CYPRESS GARDENS DR & US 17,131 Landings BLVD,Winter Haven,FL,,US,,1788408000,2026-09-03,28,2026-10-01,1788530082,2026-09-04,27,False,28.00347,-81.72838,481080710156,id:260068843,store:18418,Barista,onsite,"131 Landings BLVD, Winter Haven, Florida, United States",1,FL,CONUS_L0_001_007,1
2026-10-01,260077432,https://apply.starbucks.com/careers/job/481080891047,"shift supervisor - Store# 08470, 9055 S DIXIE HIGHWAY",SHIFT_SUPERVISOR,08470,9055 S DIXIE HIGHWAY,"9055 S Dixie Highway, Shoppes of Pine Crest",Miami,FL,,US,,1789617600,2026-09-17,14,2026-10-01,1789739149,2026-09-18,13,False,25.6863843,-80.3104622,481080891047,id:260077432,store:08470,Shift Supervisor,onsite,"9055 S Dixie Highway, Shoppes of Pine Crest, Miami, Florida, United States",1,FL,CONUS_L0_001_007,1
2026-10-01,260077497,https://apply.starbucks.com/careers/job/481080891266,"barista - Store# 08470, 9055 S DIXIE HIGHWAY",BARISTA,08470,9055 S DIXIE HIGHWAY,"9055 S Dixie Highway, Shoppes of Pine Crest",Miami,FL,,US,,1789617600,2026-09-17,14,2026-10-01,1789739207,2026-09-18,13,False,25.6863843,-80.3104622,481080891266,id:260077497,store:08470,Barista,onsite,"9055 S Dixie Highway, Shoppes of Pine Crest, Miami, Florida, United States",1,FL,CONUS_L0_001_007,1
2026-10-01,260060647,https://apply.starbucks.com/careers/job/481080162982,"barista - Store# 08301, SPRINGTREE & UNIVERSITY",BARISTA,08301,SPRINGTREE & UNIVERSITY,3551 N University Dr,Fort Lauderdale,FL,,US,,1786593600,2026-08-13,49,2026-10-01,1786715159,2026-08-14,48,False,26.1697901,-80.25674699999999,481080162982,id:260060647,store:08301,Barista,onsite,"3551 N University Dr, Fort Lauderdale, Florida, United States",1,FL,CONUS_L0_001_007,1
2026-10-01,260077237,https://apply.starbucks.com/careers/job/481080890778,"shift supervisor - Store# 08301, SPRINGTREE & UNIVERSITY",SHIFT_SUPERVISOR,08301,SPRINGTREE & UNIVERSITY,3551 N University Dr,Fort Lauderdale,FL,,US,,1789617600,2026-09-17,14,2026-10-01,1789738980,2026-09-18,13,False,26.1697901,-80.25674699999999,481080890778,id:260077237,store:08301,Shift Supervisor,onsite,"3551 N University Dr, Fort Lauderdale, Florida, United States",1,FL,CONUS_L0_001_007,1
2026-10-01,260064564,https://apply.starbucks.com/careers/job/481080613942,"shift supervisor - Store# 11715, 52 CURTISS PKWY",SHIFT_SUPERVISOR,11715,52 CURTISS PKWY,52 Curtiss Pkwy,Miami,FL,,US,,1788062400,2026-08-30,32,2026-10-01,1788183918,2026-08-31,31,False,25.82183,-80.28135,481080613942,id:260064564,store:11715,Shift Supervisor,onsite,"52 Curtiss Pkwy, Miami, Florida, United States",1,FL,CONUS_L0_001_007,1
2026-10-01,260067600,https://apply.starbucks.com/careers/job/481080699384,"barista - Store# 11715, 52 CURTISS PKWY",BARISTA,11715,52 CURTISS PKWY,52 Curtiss Pkwy,Miami,FL,,US,,1788321600,2026-09-02,29,2026-10-01,1788456451,2026-09-03,28,False,25.82183,-80.28135,481080699384,id:260067600,store:11715,Barista,onsite,"52 Curtiss Pkwy, Miami, Florida, United States",1,FL,CONUS_L0_001_007,1
2026-10-01,260066409,https://apply.starbucks.com/careers/job/481080679415,"barista - Store# 13940, NW 7th St",BARISTA,13940,NW 7th St,5660 Blue Lagoon Dr,Miami,FL,,US,,1788321600,2026-09-02,29,2026-10-01,1788357951,2026-09-02,29,False,25.7816705,-80.2880401,481080679415,id:260066409,store:13940,Barista,onsite,"5660 Blue Lagoon Dr, Miami, Florida, United States",1,FL,CONUS_L0_001_007,1
2026-10-01,260061344,https://apply.starbucks.com/careers/job/481080264912,"shift supervisor - Store# 13940, NW 7th St",SHIFT_SUPERVISOR,13940,NW 7th St,5660 Blue Lagoon Dr,Miami,FL,,US,,1787025600,2026-08-18,44,2026-10-01,1787146991,2026-08-19,43,False,25.7816705,-80.2880401,481080264912,id:260061344,store:13940,Shift Supervisor,onsite,"5660 Blue Lagoon Dr, Miami, Florida, United States",1,FL,CONUS_L0_001_007,1
2026-10-01,260067931,https://apply.starbucks.com/careers/job/481080699637,"barista - Store# 13940, NW 7th St",BARISTA,13940,NW 7th St,5660 Blue Lagoon Dr,Miami,FL,,US,,1788321600,2026-09-02,29,2026-10-01,1788456760,2026-09-03,28,False,25.7816705,-80.2880401,481080699637,id:260067931,store:13940,Barista,onsite,"5660 Blue Lagoon Dr, Miami, Florida, United States",1,FL,CONUS_L0_001_007,1
2026-10-01,260068953,https://apply.starbucks.com/careers/job/481080710318,"barista - Store# 47041, SUNRISE & UNIVERSITY - PLANTATION",BARISTA,47041,SUNRISE & UNIVERSITY - PLANTATION,"7900 W Sunrise Blvd, Suite A",Fort Lauderdale,FL,,US,,1788408000,2026-09-03,28,2026-10-01,1788530174,2026-09-04,27,False,26.14824,-80.25531,481080710318,id:260068953,store:47041,Barista,onsite,"7900 W Sunrise Blvd, Suite A, Fort Lauderdale, Florida, United States",1,FL,CONUS_L0_001_007,1
2026-10-01,260069591,https://apply.starbucks.com/careers/job/481080730450,"shift supervisor - Store# 47041, SUNRISE & UNIVERSITY - PLANTATION",SHIFT_SUPERVISOR,47041,SUNRISE & UNIVERSITY - PLANTATION,"7900 W Sunrise Blvd, Suite A",Fort Lauderdale,FL,,US,,1788580800,2026-09-05,26,2026-10-01,1788702222,2026-09-06,25,False,26.14824,-80.25531,481080730450,id:260069591,store:47041,Shift Supervisor,onsite,"7900 W Sunrise Blvd, Suite A, Fort Lauderdale, Florida, United States",1,FL,CONUS_L0_001_007,1
2026-10-01,260056405,https://apply.starbucks.com/careers/job/481079498316,"barista - Store# 50175, CYPRESS GARDENS BLVD & ROOSEVELT",BARISTA,50175,CYPRESS GARDENS BLVD & ROOSEVELT,5709 Cypress Gardens Blvd,Winter Haven,FL,,US,,1784001600,2026-07-14,79,2026-10-01,1784123167,2026-07-15,78,False,27.99384,-81.6891,481079498316,id:260056405,store:50175,Barista,onsite,"5709 Cypress Gardens Blvd, Winter Haven, Florida, United States",1,FL,CONUS_L0_001_007,1
2026-10-01,260059947,https://apply.starbucks.com/careers/job/481080079153,"shift supervisor - Store# 50175, CYPRESS GARDENS BLVD & ROOSEVELT",SHIFT_SUPERVISOR,50175,CYPRESS GARDENS BLVD & ROOSEVELT,5709 Cypress Gardens Blvd,Winter Haven,FL,,US,,1786161600,2026-08-08,54,2026-10-01,1786283231,2026-08-09,53,False,27.99384,-81.6891,481080079153,id:260059947,store:50175,Shift Supervisor,onsite,"5709 Cypress Gardens Blvd, Winter Haven, Florida, United States",1,FL,CONUS_L0_001_007,1
2026-10-01,260079736,https://apply.starbucks.com/careers/job/481081018790,"barista - Store# 21823, 2145 S UNIVERSITY DRIVE - DAVIE",BARISTA,21823,2145 S UNIVERSITY DRIVE - DAVIE,2145 S University Dr,Fort Lauderdale,FL,,US,,1790395200,2026-09-26,5,2026-10-01,1790516449,2026-09-27,4,False,26.09537,-80.25196,481081018790,id:260079736,store:21823,Barista,onsite,"2145 S University Dr, Fort Lauderdale, Florida, United States",1,FL,CONUS_L0_001_007,1
2026-10-01,260078676,https://apply.starbucks.com/careers/job/481080949620,"shift supervisor - Store# 21823, 2145 S UNIVERSITY DRIVE - DAVIE",SHIFT_SUPERVISOR,21823,2145 S UNIVERSITY DRIVE - DAVIE,2145 S University Dr,Fort Lauderdale,FL,,US,,1789963200,2026-09-21,10,2026-10-01,1790084449,2026-09-22,9,False,26.09537,-80.25196,481080949620,id:260078676,store:21823,Shift Supervisor,onsite,"2145 S University Dr, Fort Lauderdale, Florida, United States",1,FL,CONUS_L0_001_007,1
2026-10-01,260065008,https://apply.starbucks.com/careers/job/481080658361,"shift supervisor - Store# 09695, GRIFFIN RD & S UNIVERSITY DR",SHIFT_SUPERVISOR,09695,GRIFFIN RD & S UNIVERSITY DR,"4593 S University Dr, Davie Shopping Center",Fort Lauderdale,FL,,US,,1788148800,2026-08-31,31,2026-10-01,1788270427,2026-09-01,30,False,26.06427,-80.25272,481080658361,id:260065008,store:09695,Shift Supervisor,onsite,"4593 S University Dr, Davie Shopping Center, Fort Lauderdale, Florida, United States",1,FL,CONUS_L0_001_007,1
2026-10-01,260064058,https://apply.starbucks.com/careers/job/481080594472,"barista - Store# 09695, GRIFFIN RD & S UNIVERSITY DR",BARISTA,09695,GRIFFIN RD & S UNIVERSITY DR,"4593 S University Dr, Davie Shopping Center",Fort Lauderdale,FL,,US,,1787976000,2026-08-29,33,2026-10-01,1788097393,2026-08-30,32,False,26.06427,-80.25272,481080594472,id:260064058,store:09695,Barista,onsite,"4593 S University Dr, Davie Shopping Center, Fort Lauderdale, Florida, United States",1,FL,CONUS_L0_001_007,1
2026-10-01,260075254,https://apply.starbucks.com/careers/job/481080821460,"shift supervisor - Store# 02964, STIRLING RD & PINE ISLAND",SHIFT_SUPERVISOR,02964,STIRLING RD & PINE ISLAND,"5796 S University Dr, Ste 101",Fort Lauderdale,FL,,US,,1789272000,2026-09-13,18,2026-10-01,1789394778,2026-09-14,17,False,26.047055,-80.250959,481080821460,id:260075254,store:02964,Shift Supervisor,onsite,"5796 S University Dr, Ste 101, Fort Lauderdale, Florida, United States",1,FL,CONUS_L0_001_007,1
2026-10-01,260075338,https://apply.starbucks.com/careers/job/481080821543,"barista - Store# 02964, STIRLING RD & PINE ISLAND",BARISTA,02964,STIRLING RD & PINE ISLAND,"5796 S University Dr, Ste 101",Fort Lauderdale,FL,,US,,1789272000,2026-09-13,18,2026-10-01,1789394851,2026-09-14,17,False,26.047055,-80.250959,481080821543,id:260075338,store:02964,Barista,onsite,"5796 S University Dr, Ste 101, Fort Lauderdale, Florida, United States",1,FL,CONUS_L0_001_007,1
2026-10-01,260071180,https://apply.starbucks.com/careers/job/481080742473,"shift supervisor - Store# 65863, N. UNIVERSITY DR & RAMBLEWOOD",SHIFT_SUPERVISOR,65863,N. UNIVERSITY DR & RAMBLEWOOD,1217 N University Dr,Pompano Beach,FL,,US,,1788667200,2026-09-06,25,2026-10-01,1788789010,2026-09-07,24,False,26.24576,-80.25264,481080742473,id:260071180,store:65863,Shift Supervisor,onsite,"1217 N University Dr, Pompano Beach, Florida, United States",1,FL,CONUS_L0_001_007,1
2026-10-01,260070512,https://apply.starbucks.com/careers/job/481080741576,"barista - Store# 65863, N. UNIVERSITY DR & RAMBLEWOOD",BARISTA,65863,N. UNIVERSITY DR & RAMBLEWOOD,1217 N University Dr,Pompano Beach,FL,,US,,1788667200,2026-09-06,25,2026-10-01,1788788478,2026-09-07,24,False,26.24576,-80.25264,481080741576,id:260070512,store:65863,Barista,onsite,"1217 N University Dr, Pompano Beach, Florida, United States",1,FL,CONUS_L0_001_007,1
2026-10-01,260077444,https://apply.starbucks.com/careers/job/481080891065,"barista - Store# 08238, DIXIE LUDLUM",BARISTA,08238,DIXIE LUDLUM,6603 S Dixie Hwy,Miami,FL,,US,,1789617600,2026-09-17,14,2026-10-01,1789739160,2026-09-18,13,False,25.6942991,-80.30028709999999,481080891065,id:260077444,store:08238,Barista,onsite,"6603 S Dixie Hwy, Miami, Florida, United States",1,FL,CONUS_L0_001_007,1
2026-10-01,260077826,https://apply.starbucks.com/careers/job/481080891730,"shift supervisor - Store# 08238, DIXIE LUDLUM",SHIFT_SUPERVISOR,08238,DIXIE LUDLUM,6603 S Dixie Hwy,Miami,FL,,US,,1789617600,2026-09-17,14,2026-10-01,1789739487,2026-09-18,13,False,25.6942991,-80.30028709999999,481080891730,id:260077826,store:08238,Shift Supervisor,onsite,"6603 S Dixie Hwy, Miami, Florida, United States",1,FL,CONUS_L0_001_007,1
2026-10-01,260077726,https://apply.starbucks.com/careers/job/481080891558,"barista - Store# 08281, TRADE CENTER",BARISTA,08281,TRADE CENTER,2800 N University Dr,Pompano Beach,FL,,US,,1789617600,2026-09-17,14,2026-10-01,1789739402,2026-09-18,13,False,26.26532,-80.2507497,481080891558,id:260077726,store:08281,Barista,onsite,"2800 N University Dr, Pompano Beach, Florida, United States",1,FL,CONUS_L0_001_007,1
2026-10-01,260077677,https://apply.starbucks.com/careers/job/481080891408,"shift supervisor - Store# 08281, TRADE CENTER",SHIFT_SUPERVISOR,08281,TRADE CENTER,2800 N University Dr,Pompano Beach,FL,,US,,1789617600,2026-09-17,14,2026-10-01,1789739361,2026-09-18,13,False,26.26532,-80.2507497,481080891408,id:260077677,store:08281,Shift Supervisor,onsite,"2800 N University Dr, Pompano Beach, Florida, United States",1,FL,CONUS_L0_001_007,1
2026-10-01,260060037,https://apply.starbucks.com/careers/job/481080079299,"barista - Store# 27608, Sample & University - Coral Springs",BARISTA,27608,Sample & University - Coral Springs,3451 N University Dr,Pompano Beach,FL,,US,,1786161600,2026-08-08,54,2026-10-01,1786283301,2026-08-09,53,False,26.2735994,-80.2497589,481080079299,id:260060037,store:27608,Barista,onsite,"3451 N University Dr, Pompano Beach, Florida, United States",1,FL,CONUS_L0_001_007,1
2026-10-01,260069068,https://apply.starbucks.com/careers/job/481080710510,"shift supervisor - Store# 27608, Sample & University - Coral Springs",SHIFT_SUPERVISOR,27608,Sample & University - Coral Springs,3451 N University Dr,Pompano Beach,FL,,US,,1788408000,2026-09-03,28,2026-10-01,1788530270,2026-09-04,27,False,26.2735994,-80.2497589,481080710510,id:260069068,store:27608,Shift Supervisor,onsite,"3451 N University Dr, Pompano Beach, Florida, United States",1,FL,CONUS_L0_001_007,1
2026-10-01,260064012,https://apply.starbucks.com/careers/job/481080594419,"barista - Store# 80004, US 98 & GRIFFIN RD",BARISTA,80004,US 98 & GRIFFIN RD,3105 US Hwy 98 N,Lakeland,FL,,US,,1787976000,2026-08-29,33,2026-10-01,1788097355,2026-08-30,32,False,28.0817229,-81.964924,481080594419,id:260064012,store:80004,Barista,onsite,"3105 US Hwy 98 N, Lakeland, Florida, United States",1,FL,CONUS_L0_001_007,1
2026-10-01,260077648,https://apply.starbucks.com/careers/job/481080891434,"barista - Store# 08456, Bruce B Downs and Hunters Green",BARISTA,08456,Bruce B Downs and Hunters Green,8680 Hunters Village Rd,Tampa,FL,,US,,1789617600,2026-09-17,14,2026-10-01,1789739336,2026-09-18,13,False,28.1388351,-82.3579898,481080891434,id:260077648,store:08456,Barista,onsite,"8680 Hunters Village Rd, Tampa, Florida, United States",1,FL,CONUS_L0_001_007,1
2026-10-01,260077219,https://apply.starbucks.com/careers/job/481080890767,"shift supervisor - Store# 08456, Bruce B Downs and Hunters Green",SHIFT_SUPERVISOR,08456,Bruce B Downs and Hunters Green,8680 Hunters Village Rd,Tampa,FL,,US,,1789617600,2026-09-17,14,2026-10-01,1789738965,2026-09-18,13,False,28.1388351,-82.3579898,481080890767,id:260077219,store:08456,Shift Supervisor,onsite,"8680 Hunters Village Rd, Tampa, Florida, United States",1,FL,CONUS_L0_001_007,1
2026-10-01,260077704,https://apply.starbucks.com/careers/job/481080891480,"shift supervisor - Store# 08368, PLANTATION TOWNE SQUARE",SHIFT_SUPERVISOR,08368,PLANTATION TOWNE SQUARE,"6981 W Broward Blvd, Plantation Towne Square, Ste 3A",Fort Lauderdale,FL,,US,,1789617600,2026-09-17,14,2026-10-01,1789739383,2026-09-18,13,False,26.1212155,-80.2384295,481080891480,id:260077704,store:08368,Shift Supervisor,onsite,"6981 W Broward Blvd, Plantation Towne Square, Ste 3A, Fort Lauderdale, Florida, United States",1,FL,CONUS_L0_001_007,1
2026-10-01,260053448,https://apply.starbucks.com/careers/job/481079320296,"barista - Store# 11905, OLD CUTLER RD & SW 168TH ST",BARISTA,11905,OLD CUTLER RD & SW 168TH ST,7290 SW 168th St,Miami,FL,,US,,1783310400,2026-07-06,87,2026-10-01,1783432085,2026-07-07,86,False,25.6146363,-80.30977659999999,481079320296,id:260053448,store:11905,Barista,onsite,"7290 SW 168th St, Miami, Florida, United States",1,FL,CONUS_L0_001_007,1
2026-10-01,260067109,https://apply.starbucks.com/careers/job/481080698714,"shift supervisor - Store# 11905, OLD CUTLER RD & SW 168TH ST",SHIFT_SUPERVISOR,11905,OLD CUTLER RD & SW 168TH ST,7290 SW 168th St,Miami,FL,,US,,1788321600,2026-09-02,29,2026-10-01,1788455984,2026-09-03,28,False,25.6146363,-80.30977659999999,481080698714,id:260067109,store:11905,Shift Supervisor,onsite,"7290 SW 168th St, Miami, Florida, United States",1,FL,CONUS_L0_001_007,1
2026-10-01,260076983,https://apply.starbucks.com/careers/job/481080875263,"barista - Store# 49905, NW 27th Ave & 194th St",BARISTA,49905,NW 27th Ave & 194th St,"19401 NW 27th Ave, Ste 101",Miami Gardens,FL,,US,,1789531200,2026-09-16,15,2026-10-01,1789652625,2026-09-17,14,False,25.9510779,-80.2451844,481080875263,id:260076983,store:49905,Barista,onsite,"19401 NW 27th Ave, Ste 101, Miami Gardens, Florida, United States",1,FL,CONUS_L0_001_007,1
2026-10-01,260068275,https://apply.starbucks.com/careers/job/481080709245,"shift supervisor - Store# 49905, NW 27th Ave & 194th St",SHIFT_SUPERVISOR,49905,NW 27th Ave & 194th St,"19401 NW 27th Ave, Ste 101",Miami Gardens,FL,,US,,1788408000,2026-09-03,28,2026-10-01,1788529594,2026-09-04,27,False,25.9510779,-80.2451844,481080709245,id:260068275,store:49905,Shift Supervisor,onsite,"19401 NW 27th Ave, Ste 101, Miami Gardens, Florida, United States",1,FL,CONUS_L0_001_007,1
2026-10-01,260059659,https://apply.starbucks.com/careers/job/481080027421,"store manager, Miami Gardens / North Miami Beach",STORE_MANAGER,,,,Miami Gardens,FL,,US,,1789758688,2026-09-18,13,2026-10-01,1785960524,2026-08-05,57,True,25.9420377,-80.2456045,481080027421,id:260059659,,Coffeehouse Leader,onsite,"Miami Gardens, Florida, United States",2,FL,CONUS_L0_001_007;CONUS_L0_001_008,2
2026-10-01,260069057,https://apply.starbucks.com/careers/job/481080710503,"shift supervisor - Store# 24721, LEJEUNE RD & NW 1ST ST",SHIFT_SUPERVISOR,24721,LEJEUNE RD & NW 1ST ST,180 NW 42nd Ave,Miami,FL,,US,,1788408000,2026-09-03,28,2026-10-01,1788530261,2026-09-04,27,False,25.7731168,-80.2640186,481080710503,id:260069057,store:24721,Shift Supervisor,onsite,"180 NW 42nd Ave, Miami, Florida, United States",1,FL,CONUS_L0_001_007,1
2026-10-01,260057458,https://apply.starbucks.com/careers/job/481079604822,"barista - Store# 09494, 3801 US HWY 98",BARISTA,09494,3801 US HWY 98,4291 US Highway 98 N,Lakeland,FL,,US,,1784433600,2026-07-19,74,2026-10-01,1784554779,2026-07-20,73,False,28.0968517,-81.9735413,481079604822,id:260057458,store:09494,Barista,onsite,"4291 US Highway 98 N, Lakeland, Florida, United States",1,FL,CONUS_L0_001_007,1
2026-10-01,260063591,https://apply.starbucks.com/careers/job/481080567266,"shift supervisor - Store# 09494, 3801 US HWY 98",SHIFT_SUPERVISOR,09494,3801 US HWY 98,4291 US Highway 98 N,Lakeland,FL,,US,,1787803200,2026-08-27,35,2026-10-01,1787925045,2026-08-28,34,False,28.0968517,-81.9735413,481080567266,id:260063591,store:09494,Shift Supervisor,onsite,"4291 US Highway 98 N, Lakeland, Florida, United States",1,FL,CONUS_L0_001_007,1
2026-10-01,260077401,https://apply.starbucks.com/careers/job/481080890999,"barista - Store# 08256, SOUTH DIXIE",BARISTA,08256,SOUTH DIXIE,1122 S Dixie Hwy,Miami,FL,,US,,1789617600,2026-09-17,14,2026-10-01,1789739122,2026-09-18,13,False,25.7164126,-80.2740547,481080890999,id:260077401,store:08256,Barista,onsite,"1122 S Dixie Hwy, Miami, Florida, United States",1,FL,CONUS_L0_001_007,1
2026-10-01,260077498,https://apply.starbucks.com/careers/job/481080891284,"shift supervisor - Store# 08256, SOUTH DIXIE",SHIFT_SUPERVISOR,08256,SOUTH DIXIE,1122 S Dixie Hwy,Miami,FL,,US,,1789617600,2026-09-17,14,2026-10-01,1789739208,2026-09-18,13,False,25.7164126,-80.2740547,481080891284,id:260077498,store:08256,Shift Supervisor,onsite,"1122 S Dixie Hwy, Miami, Florida, United States",1,FL,CONUS_L0_001_007,1
2026-10-01,260075708,https://apply.starbucks.com/careers/job/481080840455,"barista - Store# 03482, US HWY 19 & E. TARPON AVE",BARISTA,03482,US HWY 19 & E. TARPON AVE,41226 US Hwy 19 N,Tarpon Springs,FL,,US,,1789358400,2026-09-14,17,2026-10-01,1789479974,2026-09-15,16,False,28.1471188,-82.7412928,481080840455,id:260075708,store:03482,Barista,onsite,"41226 US Hwy 19 N, Tarpon Springs, Florida, United States",1,FL,CONUS_L0_001_007,1
2026-10-01,260060010,https://apply.starbucks.com/careers/job/481080079279,"shift supervisor - Store# 03482, US HWY 19 & E. TARPON AVE",SHIFT_SUPERVISOR,03482,US HWY 19 & E. TARPON AVE,41226 US Hwy 19 N,Tarpon Springs,FL,,US,,1786161600,2026-08-08,54,2026-10-01,1786283279,2026-08-09,53,False,28.1471188,-82.7412928,481080079279,id:260060010,store:03482,Shift Supervisor,onsite,"41226 US Hwy 19 N, Tarpon Springs, Florida, United States",1,FL,CONUS_L0_001_007,1
2026-10-01,260076968,https://apply.starbucks.com/careers/job/481080875247,"store manager - Tarpon Springs/ New Port Richey, FL",STORE_MANAGER,,,,Tarpon Springs,FL,,US,,1789652615,2026-09-17,14,2026-10-01,1789652379,2026-09-17,14,False,28.1461248,-82.7567679,481080875247,id:260076968,,Coffeehouse Leader,onsite,"Tarpon Springs, Florida, United States",2,FL,CONUS_L0_001_007,1
2026-10-01,260077404,https://apply.starbucks.com/careers/job/481080891002,"barista - Store# 08228, 292 MIRACLE MILE",BARISTA,08228,292 MIRACLE MILE,292 Miracle Mile,Miami,FL,,US,,1789617600,2026-09-17,14,2026-10-01,1789739125,2026-09-18,13,False,25.7491947,-80.26054409999999,481080891002,id:260077404,store:08228,Barista,onsite,"292 Miracle Mile, Miami, Florida, United States",1,FL,CONUS_L0_001_007,1
2026-10-01,260077271,https://apply.starbucks.com/careers/job/481080890831,"shift supervisor - Store# 08228, 292 MIRACLE MILE",SHIFT_SUPERVISOR,08228,292 MIRACLE MILE,292 Miracle Mile,Miami,FL,,US,,1789617600,2026-09-17,14,2026-10-01,1789739009,2026-09-18,13,False,25.7491947,-80.26054409999999,481080890831,id:260077271,store:08228,Shift Supervisor,onsite,"292 Miracle Mile, Miami, Florida, United States",1,FL,CONUS_L0_001_007,1
2026-10-01,260060923,https://apply.starbucks.com/careers/job/481080183428,"barista - Store# 11784, 475 S DIXIE HWY",BARISTA,11784,475 S DIXIE HWY,475 S Dixie Hwy,Miami,FL,,US,,1786766400,2026-08-15,47,2026-10-01,1786887972,2026-08-16,46,False,25.72567,-80.26315,481080183428,id:260060923,store:11784,Barista,onsite,"475 S Dixie Hwy, Miami, Florida, United States",1,FL,CONUS_L0_001_007,1
2026-10-01,260037535,https://apply.starbucks.com/careers/job/481078546498,"Now Brewing – partner resources (HR) manager- Charlotte, NC & surrounding areas #tobeapartner",NON_RETAIL,,,"95 Merrick Way, Suite 650, Suite 650",Coral Gables,FL,,US,,1790710225,2026-09-29,2,2026-10-01,1780449325,2026-06-02,121,True,25.7516883,-80.25647409999999,481078546498,id:260037535,"addr:95 merrick way, suite 650, suite 650|coral gables|FL",,onsite,"95 Merrick Way, Suite 650, Suite 650, Coral Gables, Florida, United States",1,FL,CONUS_L0_001_007,1
2026-10-01,260071663,https://apply.starbucks.com/careers/job/481080764474,"shift supervisor - Store# 11786, SOCRUM LOOP & I-4-LAKELAND",SHIFT_SUPERVISOR,11786,SOCRUM LOOP & I-4-LAKELAND,4670 N Socrum Loop Rd,Lakeland,FL,,US,,1788840000,2026-09-08,23,2026-10-01,1788961307,2026-09-09,22,False,28.1039222,-81.9506676,481080764474,id:260071663,store:11786,Shift Supervisor,onsite,"4670 N Socrum Loop Rd, Lakeland, Florida, United States",1,FL,CONUS_L0_001_007,1
2026-10-01,260059092,https://apply.starbucks.com/careers/job/481079980380,"barista - Store# 09977, ATLANTIC BLVD & ROCK ISLAND RD",BARISTA,09977,ATLANTIC BLVD & ROCK ISLAND RD,6700 W Atlantic Blvd,Pompano Beach,FL,,US,,1785643200,2026-08-02,60,2026-10-01,1785753000,2026-08-03,59,False,26.2348466,-80.21502939999999,481079980380,id:260059092,store:09977,Barista,onsite,"6700 W Atlantic Blvd, Pompano Beach, Florida, United States",1,FL,CONUS_L0_001_007,1
2026-10-01,260061899,https://apply.starbucks.com/careers/job/481080429733,"shift supervisor - Store# 09977, ATLANTIC BLVD & ROCK ISLAND RD",SHIFT_SUPERVISOR,09977,ATLANTIC BLVD & ROCK ISLAND RD,6700 W Atlantic Blvd,Pompano Beach,FL,,US,,1787457600,2026-08-23,39,2026-10-01,1787579236,2026-08-24,38,False,26.2348466,-80.21502939999999,481080429733,id:260061899,store:09977,Shift Supervisor,onsite,"6700 W Atlantic Blvd, Pompano Beach, Florida, United States",1,FL,CONUS_L0_001_007,1
2026-10-01,260057566,https://apply.starbucks.com/careers/job/481079627193,"barista - Store# 52054, S DIXIE HWY & SW 37TH AVE",BARISTA,52054,S DIXIE HWY & SW 37TH AVE,"3750 S Dixie Highway, Unit 106",Miami,FL,,US,,1784520000,2026-07-20,73,2026-10-01,1784642417,2026-07-21,72,False,25.7312678,-80.2543479,481079627193,id:260057566,store:52054,Barista,onsite,"3750 S Dixie Highway, Unit 106, Miami, Florida, United States",1,FL,CONUS_L0_001_007,1
2026-10-01,260068633,https://apply.starbucks.com/careers/job/481080709807,"shift supervisor - Store# 52054, S DIXIE HWY & SW 37TH AVE",SHIFT_SUPERVISOR,52054,S DIXIE HWY & SW 37TH AVE,"3750 S Dixie Highway, Unit 106",Miami,FL,,US,,1788408000,2026-09-03,28,2026-10-01,1788529905,2026-09-04,27,False,25.7312678,-80.2543479,481080709807,id:260068633,store:52054,Shift Supervisor,onsite,"3750 S Dixie Highway, Unit 106, Miami, Florida, United States",1,FL,CONUS_L0_001_007,1
2026-10-01,260072128,https://apply.starbucks.com/careers/job/481080765172,"shift supervisor - Store# 77067, SEMINOLE PRATT WHITNEY & PERSIMMON",SHIFT_SUPERVISOR,77067,SEMINOLE PRATT WHITNEY & PERSIMMON,4801 Seminole Pratt Whitney Rd,Loxahatchee,FL,,US,,1788840000,2026-09-08,23,2026-10-01,1788961682,2026-09-09,22,False,26.75,-80.30826,481080765172,id:260072128,store:77067,Shift Supervisor,onsite,"4801 Seminole Pratt Whitney Rd, Loxahatchee, Florida, United States",1,FL,CONUS_L0_001_007,1
2026-10-01,260079078,https://apply.starbucks.com/careers/job/481080965338,"barista - Store# 77067, SEMINOLE PRATT WHITNEY & PERSIMMON",BARISTA,77067,SEMINOLE PRATT WHITNEY & PERSIMMON,4801 Seminole Pratt Whitney Rd,Loxahatchee,FL,,US,,1790049600,2026-09-22,9,2026-10-01,1790171170,2026-09-23,8,False,26.75,-80.30826,481080965338,id:260079078,store:77067,Barista,onsite,"4801 Seminole Pratt Whitney Rd, Loxahatchee, Florida, United States",1,FL,CONUS_L0_001_007,1
2026-10-01,260057633,https://apply.starbucks.com/careers/job/481079627281,"barista - Store# 17006, SAMPLE & 441",BARISTA,17006,SAMPLE & 441,6202 W Sample Rd,Pompano Beach,FL,,US,,1784520000,2026-07-20,73,2026-10-01,1784642479,2026-07-21,72,False,26.27294,-80.20566,481079627281,id:260057633,store:17006,Barista,onsite,"6202 W Sample Rd, Pompano Beach, Florida, United States",1,FL,CONUS_L0_001_007,1
2026-10-01,260064380,https://apply.starbucks.com/careers/job/481080613271,"shift supervisor - Store# 17006, SAMPLE & 441",SHIFT_SUPERVISOR,17006,SAMPLE & 441,6202 W Sample Rd,Pompano Beach,FL,,US,,1788062400,2026-08-30,32,2026-10-01,1788183766,2026-08-31,31,False,26.27294,-80.20566,481080613271,id:260064380,store:17006,Shift Supervisor,onsite,"6202 W Sample Rd, Pompano Beach, Florida, United States",1,FL,CONUS_L0_001_007,1
2026-10-01,260058651,https://apply.starbucks.com/careers/job/481079907090,"barista - Store# 13736, CORAL WAY AND SW 27 AVE",BARISTA,13736,CORAL WAY AND SW 27 AVE,2645 SW 22nd St,Miami,FL,,US,,1785124800,2026-07-27,66,2026-10-01,1785246164,2026-07-28,65,False,25.7505564,-80.2380345,481079907090,id:260058651,store:13736,Barista,onsite,"2645 SW 22nd St, Miami, Florida, United States",1,FL,CONUS_L0_001_007,1
2026-10-01,260074523,https://apply.starbucks.com/careers/job/481080820166,"shift supervisor - Store# 13736, CORAL WAY AND SW 27 AVE",SHIFT_SUPERVISOR,13736,CORAL WAY AND SW 27 AVE,2645 SW 22nd St,Miami,FL,,US,,1789272000,2026-09-13,18,2026-10-01,1789394135,2026-09-14,17,False,25.7505564,-80.2380345,481080820166,id:260074523,store:13736,Shift Supervisor,onsite,"2645 SW 22nd St, Miami, Florida, United States",1,FL,CONUS_L0_001_007,1
2026-10-01,260078968,https://apply.starbucks.com/careers/job/481080964980,"barista - Store# 08254, COCOWALK & MAIN",BARISTA,08254,COCOWALK & MAIN,3400 Main Hwy,Miami,FL,,US,,1790049600,2026-09-22,9,2026-10-01,1790171078,2026-09-23,8,False,25.7279434,-80.24267569999999,481080964980,id:260078968,store:08254,Barista,onsite,"3400 Main Hwy, Miami, Florida, United States",1,FL,CONUS_L0_001_007,1
2026-10-01,260077623,https://apply.starbucks.com/careers/job/481080891312,"shift supervisor - Store# 08254, COCOWALK & MAIN",SHIFT_SUPERVISOR,08254,COCOWALK & MAIN,3400 Main Hwy,Miami,FL,,US,,1789617600,2026-09-17,14,2026-10-01,1789739315,2026-09-18,13,False,25.7279434,-80.24267569999999,481080891312,id:260077623,store:08254,Shift Supervisor,onsite,"3400 Main Hwy, Miami, Florida, United States",1,FL,CONUS_L0_001_007,1
2026-10-01,260078016,https://apply.starbucks.com/careers/job/481080923405,"barista - Store# 08278, SHERIDAN PLAZA",BARISTA,08278,SHERIDAN PLAZA,"5355 Sheridan St, Ste 63-B",Hollywood,FL,,US,,1789790400,2026-09-19,12,2026-10-01,1789911671,2026-09-20,11,False,26.0330504,-80.1977278,481080923405,id:260078016,store:08278,Barista,onsite,"5355 Sheridan St, Ste 63-B, Hollywood, Florida, United States",1,FL,CONUS_L0_001_007,1
2026-10-01,260079099,https://apply.starbucks.com/careers/job/481080965370,"shift supervisor - Store# 08278, SHERIDAN PLAZA",SHIFT_SUPERVISOR,08278,SHERIDAN PLAZA,"5355 Sheridan St, Ste 63-B",Hollywood,FL,,US,,1790049600,2026-09-22,9,2026-10-01,1790171188,2026-09-23,8,False,26.0330504,-80.1977278,481080965370,id:260079099,store:08278,Shift Supervisor,onsite,"5355 Sheridan St, Ste 63-B, Hollywood, Florida, United States",1,FL,CONUS_L0_001_007,1
2026-10-01,260077825,https://apply.starbucks.com/careers/job/481080891729,"barista - Store# 08357, SHOPPES OF PARKLAND",BARISTA,08357,SHOPPES OF PARKLAND,"7091 N State Road 7, Shoppes of Parkland",Pompano Beach,FL,,US,,1789617600,2026-09-17,14,2026-10-01,1789739486,2026-09-18,13,False,26.31882,-80.20324,481080891729,id:260077825,store:08357,Barista,onsite,"7091 N State Road 7, Shoppes of Parkland, Pompano Beach, Florida, United States",1,FL,CONUS_L0_001_007,1
2026-10-01,260077428,https://apply.starbucks.com/careers/job/481080891050,"shift supervisor - Store# 08357, SHOPPES OF PARKLAND",SHIFT_SUPERVISOR,08357,SHOPPES OF PARKLAND,"7091 N State Road 7, Shoppes of Parkland",Pompano Beach,FL,,US,,1789617600,2026-09-17,14,2026-10-01,1789739146,2026-09-18,13,False,26.31882,-80.20324,481080891050,id:260077428,store:08357,Shift Supervisor,onsite,"7091 N State Road 7, Shoppes of Parkland, Pompano Beach, Florida, United States",1,FL,CONUS_L0_001_007,1
2026-10-01,260066119,https://apply.starbucks.com/careers/job/481080678821,"barista - Store# 19877, BAYSHORE LANDING",BARISTA,19877,BAYSHORE LANDING,"2550 S Bayshore Dr, Ste 101",Miami,FL,,US,,1788321600,2026-09-02,29,2026-10-01,1788357693,2026-09-02,29,False,25.7325293,-80.2328617,481080678821,id:260066119,store:19877,Barista,onsite,"2550 S Bayshore Dr, Ste 101, Miami, Florida, United States",1,FL,CONUS_L0_001_007,1
2026-10-01,260066374,https://apply.starbucks.com/careers/job/481080679369,"shift supervisor - Store# 19877, BAYSHORE LANDING",SHIFT_SUPERVISOR,19877,BAYSHORE LANDING,"2550 S Bayshore Dr, Ste 101",Miami,FL,,US,,1788321600,2026-09-02,29,2026-10-01,1788357919,2026-09-02,29,False,25.7325293,-80.2328617,481080679369,id:260066374,store:19877,Shift Supervisor,onsite,"2550 S Bayshore Dr, Ste 101, Miami, Florida, United States",1,FL,CONUS_L0_001_007,1
2026-10-01,260070448,https://apply.starbucks.com/careers/job/481080741485,"barista - Store# 08865, COLLIER PKWY & 54",BARISTA,08865,COLLIER PKWY & 54,22721 FL-54,Land O Lakes,FL,,US,,1788667200,2026-09-06,25,2026-10-01,1788788426,2026-09-07,24,False,28.1865828,-82.44033499999999,481080741485,id:260070448,store:08865,Barista,onsite,"22721 FL-54,, Land O Lakes, Florida, United States",1,FL,CONUS_L0_001_007,1
2026-10-01,260063826,https://apply.starbucks.com/careers/job/481080567915,"shift supervisor - Store# 08865, COLLIER PKWY & 54",SHIFT_SUPERVISOR,08865,COLLIER PKWY & 54,22721 FL-54,Land O Lakes,FL,,US,,1787803200,2026-08-27,35,2026-10-01,1787925233,2026-08-28,34,False,28.1865828,-82.44033499999999,481080567915,id:260063826,store:08865,Shift Supervisor,onsite,"22721 FL-54,, Land O Lakes, Florida, United States",1,FL,CONUS_L0_001_007,1
2026-10-01,260058366,https://apply.starbucks.com/careers/job/481079849925,"barista - Store# 13497, BRUCE B DOWNS BLVD & SR 56-WESLEY CHAPEL",BARISTA,13497,BRUCE B DOWNS BLVD & SR 56-WESLEY CHAPEL,1800 Bruce B Downs Blvd,Wesley Chapel,FL,,US,,1784952000,2026-07-25,68,2026-10-01,1785073599,2026-07-26,67,False,28.1833272,-82.35283919999999,481079849925,id:260058366,store:13497,Barista,onsite,"1800 Bruce B Downs Blvd, Wesley Chapel, Florida, United States",1,FL,CONUS_L0_001_007,1
2026-10-01,260059401,https://apply.starbucks.com/careers/job/481079983053,"shift supervisor - Store# 13497, BRUCE B DOWNS BLVD & SR 56-WESLEY CHAPEL",SHIFT_SUPERVISOR,13497,BRUCE B DOWNS BLVD & SR 56-WESLEY CHAPEL,1800 Bruce B Downs Blvd,Wesley Chapel,FL,,US,,1785643200,2026-08-02,60,2026-10-01,1785764601,2026-08-03,59,False,28.1833272,-82.35283919999999,481079983053,id:260059401,store:13497,Shift Supervisor,onsite,"1800 Bruce B Downs Blvd, Wesley Chapel, Florida, United States",1,FL,CONUS_L0_001_007,1
2026-10-01,260064181,https://apply.starbucks.com/careers/job/481080612799,"shift supervisor - Store# 11115, SUNCOAST PKWY & 54",SHIFT_SUPERVISOR,11115,SUNCOAST PKWY & 54,16330 State Road 54,Odessa,FL,,US,,1788062400,2026-08-30,32,2026-10-01,1788183600,2026-08-31,31,False,28.18808,-82.54576,481080612799,id:260064181,store:11115,Shift Supervisor,onsite,"16330 State Road 54, Odessa, Florida, United States",1,FL,CONUS_L0_001_007,1
2026-10-01,260067186,https://apply.starbucks.com/careers/job/481080698926,"barista - Store# 11115, SUNCOAST PKWY & 54",BARISTA,11115,SUNCOAST PKWY & 54,16330 State Road 54,Odessa,FL,,US,,1788321600,2026-09-02,29,2026-10-01,1788456059,2026-09-03,28,False,28.18808,-82.54576,481080698926,id:260067186,store:11115,Barista,onsite,"16330 State Road 54, Odessa, Florida, United States",1,FL,CONUS_L0_001_007,1
2026-10-01,260059232,https://apply.starbucks.com/careers/job/481079980542,"barista - Store# 67363, CALLE OCHO & SW 17TH AVE",BARISTA,67363,CALLE OCHO & SW 17TH AVE,1701 SW 8th St,Miami,FL,,US,,1785643200,2026-08-02,60,2026-10-01,1785753120,2026-08-03,59,False,25.76584,-80.22279,481079980542,id:260059232,store:67363,Barista,onsite,"1701 SW 8th St, Miami, Florida, United States",1,FL,CONUS_L0_001_007,1
2026-10-01,260056031,https://apply.starbucks.com/careers/job/481079473398,"shift supervisor - Store# 67363, CALLE OCHO & SW 17TH AVE",SHIFT_SUPERVISOR,67363,CALLE OCHO & SW 17TH AVE,1701 SW 8th St,Miami,FL,,US,,1783915200,2026-07-13,80,2026-10-01,1784037228,2026-07-14,79,False,25.76584,-80.22279,481079473398,id:260056031,store:67363,Shift Supervisor,onsite,"1701 SW 8th St, Miami, Florida, United States",1,FL,CONUS_L0_001_007,1
2026-10-01,260061572,https://apply.starbucks.com/careers/job/481080387303,"barista - Store# 08248, US 441 & GLADES RD",BARISTA,08248,US 441 & GLADES RD,20518 State Road 7,Boca Raton,FL,,US,,1787198400,2026-08-20,42,2026-10-01,1787319596,2026-08-21,41,False,26.3713103,-80.202586,481080387303,id:260061572,store:08248,Barista,onsite,"20518 State Road 7, Boca Raton, Florida, United States",1,FL,CONUS_L0_001_007,1
2026-10-01,260077347,https://apply.starbucks.com/careers/job/481080890922,"shift supervisor - Store# 08248, US 441 & GLADES RD",SHIFT_SUPERVISOR,08248,US 441 & GLADES RD,20518 State Road 7,Boca Raton,FL,,US,,1789617600,2026-09-17,14,2026-10-01,1789739075,2026-09-18,13,False,26.3713103,-80.202586,481080890922,id:260077347,store:08248,Shift Supervisor,onsite,"20518 State Road 7, Boca Raton, Florida, United States",1,FL,CONUS_L0_001_007,1
2026-10-01,260064587,https://apply.starbucks.com/careers/job/481080613681,"barista - Store# 19899, 167TH ST & NE 2ND AVE",BARISTA,19899,167TH ST & NE 2ND AVE,199 NE 167th St,Miami,FL,,US,,1788062400,2026-08-30,32,2026-10-01,1788183938,2026-08-31,31,False,25.928568,-80.1966399,481080613681,id:260064587,store:19899,Barista,onsite,"199 NE 167th St, Miami, Florida, United States",1,FL,CONUS_L0_001_007,1
2026-10-01,260064827,https://apply.starbucks.com/careers/job/481080613957,"shift supervisor - Store# 19899, 167TH ST & NE 2ND AVE",SHIFT_SUPERVISOR,19899,167TH ST & NE 2ND AVE,199 NE 167th St,Miami,FL,,US,,1788062400,2026-08-30,32,2026-10-01,1788184142,2026-08-31,31,False,25.928568,-80.1966399,481080613957,id:260064827,store:19899,Shift Supervisor,onsite,"199 NE 167th St, Miami, Florida, United States",1,FL,CONUS_L0_001_007,1
2026-10-01,260069610,https://apply.starbucks.com/careers/job/481080730495,"shift supervisor - Store# 25767, TAMPA PREMIUM OUTLETS",SHIFT_SUPERVISOR,25767,TAMPA PREMIUM OUTLETS,"2300 Grand Cypress Dr, Tampa Premium Outlets, Ste 101",Lutz,FL,,US,,1788580800,2026-09-05,26,2026-10-01,1788702237,2026-09-06,25,False,28.1903872,-82.391123,481080730495,id:260069610,store:25767,Shift Supervisor,onsite,"2300 Grand Cypress Dr, Tampa Premium Outlets, Ste 101, Lutz, Florida, United States",1,FL,CONUS_L0_001_007,1
2026-10-01,260079762,https://apply.starbucks.com/careers/job/481081018806,"barista - Store# 25767, TAMPA PREMIUM OUTLETS",BARISTA,25767,TAMPA PREMIUM OUTLETS,"2300 Grand Cypress Dr, Tampa Premium Outlets, Ste 101",Lutz,FL,,US,,1790395200,2026-09-26,5,2026-10-01,1790516472,2026-09-27,4,False,28.1903872,-82.391123,481081018806,id:260079762,store:25767,Barista,onsite,"2300 Grand Cypress Dr, Tampa Premium Outlets, Ste 101, Lutz, Florida, United States",1,FL,CONUS_L0_001_007,1
2026-10-01,260069106,https://apply.starbucks.com/careers/job/481080710792,"shift supervisor - Store# 49085, SR 56 & I-75 - Lutz, FL",SHIFT_SUPERVISOR,49085,"SR 56 & I-75 - Lutz, FL",2257 Sun Vista Dr,Lutz,FL,,US,,1788408000,2026-09-03,28,2026-10-01,1788530302,2026-09-04,27,False,28.19095,-82.39525,481080710792,id:260069106,store:49085,Shift Supervisor,onsite,"2257 Sun Vista Dr, Lutz, Florida, United States",1,FL,CONUS_L0_001_007,1
2026-10-01,260070773,https://apply.starbucks.com/careers/job/481080742006,"shift supervisor - Store# 64968, BROWARD & SW 29TH AVE",SHIFT_SUPERVISOR,64968,BROWARD & SW 29TH AVE,"2890 W Broward Blvd, Ste A",Fort Lauderdale,FL,,US,,1788667200,2026-09-06,25,2026-10-01,1788788681,2026-09-07,24,False,26.1210331,-80.18265579999999,481080742006,id:260070773,store:64968,Shift Supervisor,onsite,"2890 W Broward Blvd, Ste A, Fort Lauderdale, Florida, United States",1,FL,CONUS_L0_001_007,1
2026-10-01,260070270,https://apply.starbucks.com/careers/job/481080731269,"barista - Store# 64968, BROWARD & SW 29TH AVE",BARISTA,64968,BROWARD & SW 29TH AVE,"2890 W Broward Blvd, Ste A",Fort Lauderdale,FL,,US,,1788580800,2026-09-05,26,2026-10-01,1788702758,2026-09-06,25,False,26.1210331,-80.18265579999999,481080731269,id:260070270,store:64968,Barista,onsite,"2890 W Broward Blvd, Ste A, Fort Lauderdale, Florida, United States",1,FL,CONUS_L0_001_007,1
2026-10-01,260069316,https://apply.starbucks.com/careers/job/481080730138,"shift supervisor - Store# 61892, SUNLAKE & 54",SHIFT_SUPERVISOR,61892,SUNLAKE & 54,18661 State Road 54,Lutz,FL,,US,,1788580800,2026-09-05,26,2026-10-01,1788702006,2026-09-06,25,False,28.19434,-82.50651,481080730138,id:260069316,store:61892,Shift Supervisor,onsite,"18661 State Road 54, Lutz, Florida, United States",1,FL,CONUS_L0_001_007,1
2026-10-01,260055948,https://apply.starbucks.com/careers/job/481079473286,"barista - Store# 61892, SUNLAKE & 54",BARISTA,61892,SUNLAKE & 54,18661 State Road 54,Lutz,FL,,US,,1783915200,2026-07-13,80,2026-10-01,1784037159,2026-07-14,79,False,28.19434,-82.50651,481079473286,id:260055948,store:61892,Barista,onsite,"18661 State Road 54, Lutz, Florida, United States",1,FL,CONUS_L0_001_007,1
2026-10-01,260071779,https://apply.starbucks.com/careers/job/481080764633,"shift supervisor - Store# 13493, LYONS RD & WILES RD",SHIFT_SUPERVISOR,13493,LYONS RD & WILES RD,"4425 Lyons Rd, F-111",Pompano Beach,FL,,US,,1788840000,2026-09-08,23,2026-10-01,1788961397,2026-09-09,22,False,26.28414,-80.18722,481080764633,id:260071779,store:13493,Shift Supervisor,onsite,"4425 Lyons Rd, F-111, Pompano Beach, Florida, United States",1,FL,CONUS_L0_001_007,1
2026-10-01,260063492,https://apply.starbucks.com/careers/job/481080567322,"shift supervisor - Store# 10354, CLINT MOORE RD & US HWY 441",SHIFT_SUPERVISOR,10354,CLINT MOORE RD & US HWY 441,9704 Clint Moore Rd,Boca Raton,FL,,US,,1787803200,2026-08-27,35,2026-10-01,1787924965,2026-08-28,34,False,26.40825,-80.20041,481080567322,id:260063492,store:10354,Shift Supervisor,onsite,"9704 Clint Moore Rd, Boca Raton, Florida, United States",1,FL,CONUS_L0_001_007,1
2026-10-01,260061094,https://apply.starbucks.com/careers/job/481080228851,"barista - Store# 09701, SAWGRASS RD & LYONS RD",BARISTA,09701,SAWGRASS RD & LYONS RD,"6111 Lyons Rd, Ste 101",Pompano Beach,FL,,US,,1786939200,2026-08-17,45,2026-10-01,1787060475,2026-08-18,44,False,26.304853,-80.186889,481080228851,id:260061094,store:09701,Barista,onsite,"6111 Lyons Rd, Ste 101, Pompano Beach, Florida, United States",1,FL,CONUS_L0_001_007,1
2026-10-01,260059074,https://apply.starbucks.com/careers/job/481079980365,"shift supervisor - Store# 09701, SAWGRASS RD & LYONS RD",SHIFT_SUPERVISOR,09701,SAWGRASS RD & LYONS RD,"6111 Lyons Rd, Ste 101",Pompano Beach,FL,,US,,1785643200,2026-08-02,60,2026-10-01,1785752985,2026-08-03,59,False,26.304853,-80.186889,481079980365,id:260059074,store:09701,Shift Supervisor,onsite,"6111 Lyons Rd, Ste 101, Pompano Beach, Florida, United States",1,FL,CONUS_L0_001_007,1
2026-10-01,260060032,https://apply.starbucks.com/careers/job/481080079264,"barista - Store# 07964, 95TH ST & 2ND AVE",BARISTA,07964,95TH ST & 2ND AVE,9488 NE 2nd Ave,Miami,FL,,US,,1786161600,2026-08-08,54,2026-10-01,1786283297,2026-08-09,53,False,25.8623109,-80.1936116,481080079264,id:260060032,store:07964,Barista,onsite,"9488 NE 2nd Ave, Miami, Florida, United States",1,FL,CONUS_L0_001_007,1
2026-10-01,260077286,https://apply.starbucks.com/careers/job/481080890851,"shift supervisor - Store# 07964, 95TH ST & 2ND AVE",SHIFT_SUPERVISOR,07964,95TH ST & 2ND AVE,9488 NE 2nd Ave,Miami,FL,,US,,1789617600,2026-09-17,14,2026-10-01,1789739022,2026-09-18,13,False,25.8623109,-80.1936116,481080890851,id:260077286,store:07964,Shift Supervisor,onsite,"9488 NE 2nd Ave, Miami, Florida, United States",1,FL,CONUS_L0_001_007,1
2026-10-01,260064700,https://apply.starbucks.com/careers/job/481080613741,"shift supervisor - Store# 11609, N PARK RD & SHERIDAN ST",SHIFT_SUPERVISOR,11609,N PARK RD & SHERIDAN ST,3305 Sheridan St,Hollywood,FL,,US,,1788062400,2026-08-30,32,2026-10-01,1788184034,2026-08-31,31,False,26.03382,-80.17581,481080613741,id:260064700,store:11609,Shift Supervisor,onsite,"3305 Sheridan St, Hollywood, Florida, United States",1,FL,CONUS_L0_001_007,1
2026-10-01,260069695,https://apply.starbucks.com/careers/job/481080730586,"barista - Store# 11609, N PARK RD & SHERIDAN ST",BARISTA,11609,N PARK RD & SHERIDAN ST,3305 Sheridan St,Hollywood,FL,,US,,1788580800,2026-09-05,26,2026-10-01,1788702306,2026-09-06,25,False,26.03382,-80.17581,481080730586,id:260069695,store:11609,Barista,onsite,"3305 Sheridan St, Hollywood, Florida, United States",1,FL,CONUS_L0_001_007,1
2026-10-01,260079647,https://apply.starbucks.com/careers/job/481081018675,"shift supervisor - Store# 08339, 3267 HOLLYWOOD BOULEVARD",SHIFT_SUPERVISOR,08339,3267 HOLLYWOOD BOULEVARD,"3255 Hollywood Blvd, 2",Hollywood,FL,,US,,1790395200,2026-09-26,5,2026-10-01,1790516370,2026-09-27,4,False,26.0110924,-80.1742506,481081018675,id:260079647,store:08339,Shift Supervisor,onsite,"3255 Hollywood Blvd, 2, Hollywood, Florida, United States",1,FL,CONUS_L0_001_007,1
2026-10-01,260077519,https://apply.starbucks.com/careers/job/481080891208,"barista - Store# 08339, 3267 HOLLYWOOD BOULEVARD",BARISTA,08339,3267 HOLLYWOOD BOULEVARD,"3255 Hollywood Blvd, 2",Hollywood,FL,,US,,1789617600,2026-09-17,14,2026-10-01,1789739226,2026-09-18,13,False,26.0110924,-80.1742506,481080891208,id:260077519,store:08339,Barista,onsite,"3255 Hollywood Blvd, 2, Hollywood, Florida, United States",1,FL,CONUS_L0_001_007,1
2026-10-01,260059532,https://apply.starbucks.com/careers/job/481080000925,"shift supervisor - Store# 78419, SOCIETY WYNWOOD",SHIFT_SUPERVISOR,78419,SOCIETY WYNWOOD,"2451 NW 2nd Ave, 150",Miami,FL,,US,,1785729600,2026-08-03,59,2026-10-01,1785851180,2026-08-04,58,False,25.8003285,-80.1987065,481080000925,id:260059532,store:78419,Shift Supervisor,onsite,"2451 NW 2nd Ave, 150, Miami, Florida, United States",1,FL,CONUS_L0_001_007,1
2026-10-01,260077345,https://apply.starbucks.com/careers/job/481080890921,"barista - Store# 78419, SOCIETY WYNWOOD",BARISTA,78419,SOCIETY WYNWOOD,"2451 NW 2nd Ave, 150",Miami,FL,,US,,1789617600,2026-09-17,14,2026-10-01,1789739073,2026-09-18,13,False,25.8003285,-80.1987065,481080890921,id:260077345,store:78419,Barista,onsite,"2451 NW 2nd Ave, 150, Miami, Florida, United States",1,FL,CONUS_L0_001_007,1
2026-10-01,260074851,https://apply.starbucks.com/careers/job/481080820905,"barista - Store# 02967, LITTLE RD & SR 54",BARISTA,02967,LITTLE RD & SR 54,"2914 Little Rd, A",New Port Richey,FL,,US,,1789272000,2026-09-13,18,2026-10-01,1789394419,2026-09-14,17,False,28.2020491,-82.6657493,481080820905,id:260074851,store:02967,Barista,onsite,"2914 Little Rd, A, New Port Richey, Florida, United States",1,FL,CONUS_L0_001_007,1
2026-10-01,260077306,https://apply.starbucks.com/careers/job/481080890868,"shift supervisor - Store# 02967, LITTLE RD & SR 54",SHIFT_SUPERVISOR,02967,LITTLE RD & SR 54,"2914 Little Rd, A",New Port Richey,FL,,US,,1789617600,2026-09-17,14,2026-10-01,1789739040,2026-09-18,13,False,28.2020491,-82.6657493,481080890868,id:260077306,store:02967,Shift Supervisor,onsite,"2914 Little Rd, A, New Port Richey, Florida, United States",1,FL,CONUS_L0_001_007,1
2026-10-01,260078119,https://apply.starbucks.com/careers/job/481080923673,"barista - Store# 10591, FOREST HILL BLVD & WELLINGTON TRACE",BARISTA,10591,FOREST HILL BLVD & WELLINGTON TRACE,12840 W Forrest Hill Blvd,Wellington,FL,,US,,1789790400,2026-09-19,12,2026-10-01,1789911756,2026-09-20,11,False,26.6730898,-80.2481978,481080923673,id:260078119,store:10591,Barista,onsite,"12840 W Forrest Hill Blvd, Wellington, Florida, United States",1,FL,CONUS_L0_001_007,1
2026-10-01,260074169,https://apply.starbucks.com/careers/job/481080813955,"shift supervisor - Store# 10591, FOREST HILL BLVD & WELLINGTON TRACE",SHIFT_SUPERVISOR,10591,FOREST HILL BLVD & WELLINGTON TRACE,12840 W Forrest Hill Blvd,Wellington,FL,,US,,1789185600,2026-09-12,19,2026-10-01,1789307585,2026-09-13,18,False,26.6730898,-80.2481978,481080813955,id:260074169,store:10591,Shift Supervisor,onsite,"12840 W Forrest Hill Blvd, Wellington, Florida, United States",1,FL,CONUS_L0_001_007,1
2026-10-01,260071901,https://apply.starbucks.com/careers/job/481080764791,"barista - Store# 73992, N MIAMI & NE 20TH",BARISTA,73992,N MIAMI & NE 20TH,1900 NE Miami Ct,Miami,FL,,US,,1788840000,2026-09-08,23,2026-10-01,1788961495,2026-09-09,22,False,25.79494,-80.19433,481080764791,id:260071901,store:73992,Barista,onsite,"1900 NE Miami Ct, Miami, Florida, United States",1,FL,CONUS_L0_001_007,1
2026-10-01,260071620,https://apply.starbucks.com/careers/job/481080764421,"shift supervisor - Store# 73992, N MIAMI & NE 20TH",SHIFT_SUPERVISOR,73992,N MIAMI & NE 20TH,1900 NE Miami Ct,Miami,FL,,US,,1788840000,2026-09-08,23,2026-10-01,1788961273,2026-09-09,22,False,25.79494,-80.19433,481080764421,id:260071620,store:73992,Shift Supervisor,onsite,"1900 NE Miami Ct, Miami, Florida, United States",1,FL,CONUS_L0_001_007,1
2026-10-01,260061080,https://apply.starbucks.com/careers/job/481080228824,"barista - Store# 08507, 6320 BISCAYNE BLVD",BARISTA,08507,6320 BISCAYNE BLVD,6320 Biscayne Blvd,Miami,FL,,US,,1786939200,2026-08-17,45,2026-10-01,1787060457,2026-08-18,44,False,25.8347878,-80.1843518,481080228824,id:260061080,store:08507,Barista,onsite,"6320 Biscayne Blvd, Miami, Florida, United States",1,FL,CONUS_L0_001_007,1
2026-10-01,260077544,https://apply.starbucks.com/careers/job/481080891259,"shift supervisor - Store# 08507, 6320 BISCAYNE BLVD",SHIFT_SUPERVISOR,08507,6320 BISCAYNE BLVD,6320 Biscayne Blvd,Miami,FL,,US,,1789617600,2026-09-17,14,2026-10-01,1789739247,2026-09-18,13,False,25.8347878,-80.1843518,481080891259,id:260077544,store:08507,Shift Supervisor,onsite,"6320 Biscayne Blvd, Miami, Florida, United States",1,FL,CONUS_L0_001_007,1
2026-10-01,260057913,https://apply.starbucks.com/careers/job/481079679824,"barista - Store# 13824, BISCAYNE BLVD & 30TH",BARISTA,13824,BISCAYNE BLVD & 30TH,2937 Biscayne Blvd,Miami,FL,,US,,1784692800,2026-07-22,71,2026-10-01,1784814344,2026-07-23,70,False,25.80522,-80.18918,481079679824,id:260057913,store:13824,Barista,onsite,"2937 Biscayne Blvd, Miami, Florida, United States",1,FL,CONUS_L0_001_007,1
2026-10-01,260065273,https://apply.starbucks.com/careers/job/481080677486,"shift supervisor - Store# 13824, BISCAYNE BLVD & 30TH",SHIFT_SUPERVISOR,13824,BISCAYNE BLVD & 30TH,2937 Biscayne Blvd,Miami,FL,,US,,1788321600,2026-09-02,29,2026-10-01,1788356942,2026-09-02,29,False,25.80522,-80.18918,481080677486,id:260065273,store:13824,Shift Supervisor,onsite,"2937 Biscayne Blvd, Miami, Florida, United States",1,FL,CONUS_L0_001_007,1
2026-10-01,260071763,https://apply.starbucks.com/careers/job/481080764606,"shift supervisor - Store# 78303, MIAMI WORLD CENTER",SHIFT_SUPERVISOR,78303,MIAMI WORLD CENTER,"150 NE 8th St, Ste F147",Miami,FL,,US,,1788840000,2026-09-08,23,2026-10-01,1788961384,2026-09-09,22,False,25.7814409,-80.191178,481080764606,id:260071763,store:78303,Shift Supervisor,onsite,"150 NE 8th St, Ste F147, Miami, Florida, United States",1,FL,CONUS_L0_001_007,1
2026-10-01,260077649,https://apply.starbucks.com/careers/job/481080891419,"shift supervisor - Store# 08506, 10TH STREET & SOUTH MIAMI AVENUE",SHIFT_SUPERVISOR,08506,10TH STREET & SOUTH MIAMI AVENUE,"901 S Miami Ave, Mary Brickell Village, Ste 106",Miami,FL,,US,,1789617600,2026-09-17,14,2026-10-01,1789739337,2026-09-18,13,False,25.765,-80.19388889999999,481080891419,id:260077649,store:08506,Shift Supervisor,onsite,"901 S Miami Ave, Mary Brickell Village, Ste 106, Miami, Florida, United States",1,FL,CONUS_L0_001_007,1
2026-10-01,260077652,https://apply.starbucks.com/careers/job/481080891421,"barista - Store# 08506, 10TH STREET & SOUTH MIAMI AVENUE",BARISTA,08506,10TH STREET & SOUTH MIAMI AVENUE,"901 S Miami Ave, Mary Brickell Village, Ste 106",Miami,FL,,US,,1789617600,2026-09-17,14,2026-10-01,1789739339,2026-09-18,13,False,25.765,-80.19388889999999,481080891421,id:260077652,store:08506,Barista,onsite,"901 S Miami Ave, Mary Brickell Village, Ste 106, Miami, Florida, United States",1,FL,CONUS_L0_001_007,1
2026-10-01,260069921,https://apply.starbucks.com/careers/job/481080730847,"barista - Store# 17086, 1690 NE MIAMI GARDENS DRIVE",BARISTA,17086,1690 NE MIAMI GARDENS DRIVE,1690 NE Miami Gardens Dr,Miami,FL,,US,,1788580800,2026-09-05,26,2026-10-01,1788702483,2026-09-06,25,False,25.94558,-80.16742,481080730847,id:260069921,store:17086,Barista,onsite,"1690 NE Miami Gardens Dr, Miami, Florida, United States",1,FL,CONUS_L0_001_007,1
2026-10-01,260067147,https://apply.starbucks.com/careers/job/481080698752,"shift supervisor - Store# 17086, 1690 NE MIAMI GARDENS DRIVE",SHIFT_SUPERVISOR,17086,1690 NE MIAMI GARDENS DRIVE,1690 NE Miami Gardens Dr,Miami,FL,,US,,1788321600,2026-09-02,29,2026-10-01,1788456020,2026-09-03,28,False,25.94558,-80.16742,481080698752,id:260067147,store:17086,Shift Supervisor,onsite,"1690 NE Miami Gardens Dr, Miami, Florida, United States",1,FL,CONUS_L0_001_007,1
2026-10-01,260073746,https://apply.starbucks.com/careers/job/481080813193,"barista - Store# 73041, BRICKELL CITY CENTRE",BARISTA,73041,BRICKELL CITY CENTRE,"701 S Miami Ave, Unit B350",Miami,FL,,US,,1789185600,2026-09-12,19,2026-10-01,1789307192,2026-09-13,18,False,25.76691,-80.19232,481080813193,id:260073746,store:73041,Barista,onsite,"701 S Miami Ave, Unit B350, Miami, Florida, United States",1,FL,CONUS_L0_001_007,1
2026-10-01,260071814,https://apply.starbucks.com/careers/job/481080764862,"shift supervisor - Store# 73041, BRICKELL CITY CENTRE",SHIFT_SUPERVISOR,73041,BRICKELL CITY CENTRE,"701 S Miami Ave, Unit B350",Miami,FL,,US,,1788840000,2026-09-08,23,2026-10-01,1788961426,2026-09-09,22,False,25.76691,-80.19232,481080764862,id:260071814,store:73041,Shift Supervisor,onsite,"701 S Miami Ave, Unit B350, Miami, Florida, United States",1,FL,CONUS_L0_001_007,1
2026-10-01,260056127,https://apply.starbucks.com/careers/job/481079483463,"store manager, Downtown Miami",STORE_MANAGER,,,,Miami,FL,,US,,1788374752,2026-09-02,29,2026-10-01,1784073253,2026-07-14,79,True,25.7616798,-80.1917902,481079483463,id:260056127,,Coffeehouse Leader,onsite,"Miami, Florida, United States",1,FL,CONUS_L0_001_007,1
2026-10-01,260077742,https://apply.starbucks.com/careers/job/481080891542,"shift supervisor - Store# 08294, SE 3RD AVENUE & 1ST STREET",SHIFT_SUPERVISOR,08294,SE 3RD AVENUE & 1ST STREET,110 SE 3rd Ave,Miami,FL,,US,,1789617600,2026-09-17,14,2026-10-01,1789739416,2026-09-18,13,False,25.7733001,-80.18908669999999,481080891542,id:260077742,store:08294,Shift Supervisor,onsite,"110 SE 3rd Ave, Miami, Florida, United States",1,FL,CONUS_L0_001_007,1
2026-10-01,260070793,https://apply.starbucks.com/careers/job/481080741972,"shift supervisor - Store# 50092, STIRLING & I-95",SHIFT_SUPERVISOR,50092,STIRLING & I-95,1716 Stirling Rd,Dania,FL,,US,,1788667200,2026-09-06,25,2026-10-01,1788788697,2026-09-07,24,False,26.04867,-80.15647,481080741972,id:260070793,store:50092,Shift Supervisor,onsite,"1716 Stirling Rd, Dania, Florida, United States",1,FL,CONUS_L0_001_007;CONUS_L0_001_008,2
2026-10-01,260069465,https://apply.starbucks.com/careers/job/481080730315,"barista - Store# 50092, STIRLING & I-95",BARISTA,50092,STIRLING & I-95,1716 Stirling Rd,Dania,FL,,US,,1788580800,2026-09-05,26,2026-10-01,1788702123,2026-09-06,25,False,26.04867,-80.15647,481080730315,id:260069465,store:50092,Barista,onsite,"1716 Stirling Rd, Dania, Florida, United States",1,FL,CONUS_L0_001_007;CONUS_L0_001_008,2
2026-10-01,260077023,https://apply.starbucks.com/careers/job/481080875315,"shift supervisor - Store# 29712, Cypress Creek & Powerline Ft. Lauderdale",SHIFT_SUPERVISOR,29712,Cypress Creek & Powerline Ft. Lauderdale,850 NW 62nd St,Fort Lauderdale,FL,,US,,1789531200,2026-09-16,15,2026-10-01,1789652662,2026-09-17,14,False,26.20261,-80.15393,481080875315,id:260077023,store:29712,Shift Supervisor,onsite,"850 NW 62nd St, Fort Lauderdale, Florida, United States",1,FL,CONUS_L0_001_007;CONUS_L0_001_008,2
2026-10-01,260077758,https://apply.starbucks.com/careers/job/481080891581,"shift supervisor - Store# 08334, Glades and Turnpike North",SHIFT_SUPERVISOR,08334,Glades and Turnpike North,"7775 Glades Rd, Corporate Centre at Boca Raton, #300",Boca Raton,FL,,US,,1789617600,2026-09-17,14,2026-10-01,1789739429,2026-09-18,13,False,26.3689299,-80.1672097,481080891581,id:260077758,store:08334,Shift Supervisor,onsite,"7775 Glades Rd, Corporate Centre at Boca Raton, #300, Boca Raton, Florida, United States",1,FL,CONUS_L0_001_007,1
2026-10-01,260079979,https://apply.starbucks.com/careers/job/481081029519,"barista - Store# 08334, Glades and Turnpike North",BARISTA,08334,Glades and Turnpike North,"7775 Glades Rd, Corporate Centre at Boca Raton, #300",Boca Raton,FL,,US,,1790481600,2026-09-27,4,2026-10-01,1790603364,2026-09-28,3,False,26.3689299,-80.1672097,481081029519,id:260079979,store:08334,Barista,onsite,"7775 Glades Rd, Corporate Centre at Boca Raton, #300, Boca Raton, Florida, United States",1,FL,CONUS_L0_001_007,1
2026-10-01,260077343,https://apply.starbucks.com/careers/job/481080890920,"shift supervisor - Store# 22268, BISCAYNE BLVD & NE 121ST ST",SHIFT_SUPERVISOR,22268,BISCAYNE BLVD & NE 121ST ST,12000 Biscayne Blvd,Miami,FL,,US,,1789617600,2026-09-17,14,2026-10-01,1789739071,2026-09-18,13,False,25.8872,-80.16502,481080890920,id:260077343,store:22268,Shift Supervisor,onsite,"12000 Biscayne Blvd, Miami, Florida, United States",1,FL,CONUS_L0_001_007,1
2026-10-01,260077658,https://apply.starbucks.com/careers/job/481080891520,"shift supervisor - Store# 08430, KEYSTONE PLAZA",SHIFT_SUPERVISOR,08430,KEYSTONE PLAZA,13503 Biscayne Blvd,Miami,FL,,US,,1789617600,2026-09-17,14,2026-10-01,1789739345,2026-09-18,13,False,25.9002768,-80.15988759999999,481080891520,id:260077658,store:08430,Shift Supervisor,onsite,"13503 Biscayne Blvd, Miami, Florida, United States",1,FL,CONUS_L0_001_007;CONUS_L0_001_008,2
2026-10-01,260074356,https://apply.starbucks.com/careers/job/481080814252,"barista - Store# 08430, KEYSTONE PLAZA",BARISTA,08430,KEYSTONE PLAZA,13503 Biscayne Blvd,Miami,FL,,US,,1789185600,2026-09-12,19,2026-10-01,1789307761,2026-09-13,18,False,25.9002768,-80.15988759999999,481080814252,id:260074356,store:08430,Barista,onsite,"13503 Biscayne Blvd, Miami, Florida, United States",1,FL,CONUS_L0_001_007;CONUS_L0_001_008,2
2026-10-01,260079119,https://apply.starbucks.com/careers/job/481080965419,"barista - Store# 08235, Palmetto Park & Montoya Cir",BARISTA,08235,Palmetto Park & Montoya Cir,7032 W Palmetto Park Rd,Boca Raton,FL,,US,,1790049600,2026-09-22,9,2026-10-01,1790171205,2026-09-23,8,False,26.3495647,-80.1578372,481080965419,id:260079119,store:08235,Barista,onsite,"7032 W Palmetto Park Rd, Boca Raton, Florida, United States",1,FL,CONUS_L0_001_007;CONUS_L0_001_008,2
2026-10-01,260077534,https://apply.starbucks.com/careers/job/481080891213,"shift supervisor - Store# 08235, Palmetto Park & Montoya Cir",SHIFT_SUPERVISOR,08235,Palmetto Park & Montoya Cir,7032 W Palmetto Park Rd,Boca Raton,FL,,US,,1789617600,2026-09-17,14,2026-10-01,1789739239,2026-09-18,13,False,26.3495647,-80.1578372,481080891213,id:260077534,store:08235,Shift Supervisor,onsite,"7032 W Palmetto Park Rd, Boca Raton, Florida, United States",1,FL,CONUS_L0_001_007;CONUS_L0_001_008,2
2026-10-01,260061851,https://apply.starbucks.com/careers/job/481080429660,"shift supervisor - Store# 10442, MILE MARKER 100",SHIFT_SUPERVISOR,10442,MILE MARKER 100,99600 Overseas Highway,Key Largo,FL,,US,,1787457600,2026-08-23,39,2026-10-01,1787579192,2026-08-24,38,False,25.0948768,-80.44084459999999,481080429660,id:260061851,store:10442,Shift Supervisor,onsite,"99600 Overseas Highway, Key Largo, Florida, United States",1,FL,CONUS_L0_001_007,1
2026-10-01,260063648,https://apply.starbucks.com/careers/job/481080567362,"barista - Store# 10442, MILE MARKER 100",BARISTA,10442,MILE MARKER 100,99600 Overseas Highway,Key Largo,FL,,US,,1787803200,2026-08-27,35,2026-10-01,1787925091,2026-08-28,34,False,25.0948768,-80.44084459999999,481080567362,id:260063648,store:10442,Barista,onsite,"99600 Overseas Highway, Key Largo, Florida, United States",1,FL,CONUS_L0_001_007,1
2026-10-01,260068996,https://apply.starbucks.com/careers/job/481080710430,"shift supervisor - Store# 48014, Boynton Beach & Lyons Rd",SHIFT_SUPERVISOR,48014,Boynton Beach & Lyons Rd,"8790 Boynton Beach Blvd, Ste 1",Boynton Beach,FL,,US,,1788408000,2026-09-03,28,2026-10-01,1788530210,2026-09-04,27,False,26.5272545,-80.18612310000002,481080710430,id:260068996,store:48014,Shift Supervisor,onsite,"8790 Boynton Beach Blvd, Ste 1, Boynton Beach, Florida, United States",1,FL,CONUS_L0_001_007,1
2026-10-01,260068825,https://apply.starbucks.com/careers/job/481080710198,"barista - Store# 48014, Boynton Beach & Lyons Rd",BARISTA,48014,Boynton Beach & Lyons Rd,"8790 Boynton Beach Blvd, Ste 1",Boynton Beach,FL,,US,,1788408000,2026-09-03,28,2026-10-01,1788530067,2026-09-04,27,False,26.5272545,-80.18612310000002,481080710198,id:260068825,store:48014,Barista,onsite,"8790 Boynton Beach Blvd, Ste 1, Boynton Beach, Florida, United States",1,FL,CONUS_L0_001_007,1
2026-10-01,260067967,https://apply.starbucks.com/careers/job/481080699852,"shift supervisor - Store# 21215, HILLSBORO BLVD & POWERLINE ROAD",SHIFT_SUPERVISOR,21215,HILLSBORO BLVD & POWERLINE ROAD,3349 W Hillsboro Blvd,Deerfield Beach,FL,,US,,1788321600,2026-09-02,29,2026-10-01,1788456795,2026-09-03,28,False,26.3183914,-80.1516879,481080699852,id:260067967,store:21215,Shift Supervisor,onsite,"3349 W Hillsboro Blvd, Deerfield Beach, Florida, United States",1,FL,CONUS_L0_001_007;CONUS_L0_001_008,2
2026-10-01,260059844,https://apply.starbucks.com/careers/job/481080078998,"barista - Store# 21215, HILLSBORO BLVD & POWERLINE ROAD",BARISTA,21215,HILLSBORO BLVD & POWERLINE ROAD,3349 W Hillsboro Blvd,Deerfield Beach,FL,,US,,1786161600,2026-08-08,54,2026-10-01,1786283144,2026-08-09,53,False,26.3183914,-80.1516879,481080078998,id:260059844,store:21215,Barista,onsite,"3349 W Hillsboro Blvd, Deerfield Beach, Florida, United States",1,FL,CONUS_L0_001_007;CONUS_L0_001_008,2
2026-10-01,260060649,https://apply.starbucks.com/careers/job/481080162964,"barista - Store# 27030, ATLANTIC AVE & TURNPIKE - DELRAY BEACH",BARISTA,27030,ATLANTIC AVE & TURNPIKE - DELRAY BEACH,"7901 Atlantic Ave, Ste 105",Delray Beach,FL,,US,,1786593600,2026-08-13,49,2026-10-01,1786715161,2026-08-14,48,False,26.4543521,-80.1703084,481080162964,id:260060649,store:27030,Barista,onsite,"7901 Atlantic Ave, Ste 105, Delray Beach, Florida, United States",1,FL,CONUS_L0_001_007,1
2026-10-01,260068786,https://apply.starbucks.com/careers/job/481080710078,"shift supervisor - Store# 27030, ATLANTIC AVE & TURNPIKE - DELRAY BEACH",SHIFT_SUPERVISOR,27030,ATLANTIC AVE & TURNPIKE - DELRAY BEACH,"7901 Atlantic Ave, Ste 105",Delray Beach,FL,,US,,1788408000,2026-09-03,28,2026-10-01,1788530035,2026-09-04,27,False,26.4543521,-80.1703084,481080710078,id:260068786,store:27030,Shift Supervisor,onsite,"7901 Atlantic Ave, Ste 105, Delray Beach, Florida, United States",1,FL,CONUS_L0_001_007,1
2026-10-01,260073994,https://apply.starbucks.com/careers/job/481080813620,"shift supervisor - Store# 77969, OKEECHOBEE BLVD & ROYAL PALM BEACH",SHIFT_SUPERVISOR,77969,OKEECHOBEE BLVD & ROYAL PALM BEACH,11710 Okeechobee Blvd,West Palm Beach,FL,,US,,1789185600,2026-09-12,19,2026-10-01,1789307423,2026-09-13,18,False,26.70574,-80.23053,481080813620,id:260073994,store:77969,Shift Supervisor,onsite,"11710 Okeechobee Blvd, West Palm Beach, Florida, United States",1,FL,CONUS_L0_001_007,1
2026-10-01,260072116,https://apply.starbucks.com/careers/job/481080765164,"barista - Store# 77969, OKEECHOBEE BLVD & ROYAL PALM BEACH",BARISTA,77969,OKEECHOBEE BLVD & ROYAL PALM BEACH,11710 Okeechobee Blvd,West Palm Beach,FL,,US,,1788840000,2026-09-08,23,2026-10-01,1788961673,2026-09-09,22,False,26.70574,-80.23053,481080765164,id:260072116,store:77969,Barista,onsite,"11710 Okeechobee Blvd, West Palm Beach, Florida, United States",1,FL,CONUS_L0_001_007,1
2026-10-01,260063076,https://apply.starbucks.com/careers/job/481080565318,"barista - Store# 09642, BROWARD GENERAL MEDICAL CTR",BARISTA,09642,BROWARD GENERAL MEDICAL CTR,1600 S Andrews Ave,Fort Lauderdale,FL,,US,,1787803200,2026-08-27,35,2026-10-01,1787924633,2026-08-28,34,False,26.1033771,-80.1403847,481080565318,id:260063076,store:09642,Barista,onsite,"1600 S Andrews Ave, Fort Lauderdale, Florida, United States",1,FL,CONUS_L0_001_007;CONUS_L0_001_008,2
2026-10-01,260063429,https://apply.starbucks.com/careers/job/481080566218,"shift supervisor - Store# 09642, BROWARD GENERAL MEDICAL CTR",SHIFT_SUPERVISOR,09642,BROWARD GENERAL MEDICAL CTR,1600 S Andrews Ave,Fort Lauderdale,FL,,US,,1787803200,2026-08-27,35,2026-10-01,1787924915,2026-08-28,34,False,26.1033771,-80.1403847,481080566218,id:260063429,store:09642,Shift Supervisor,onsite,"1600 S Andrews Ave, Fort Lauderdale, Florida, United States",1,FL,CONUS_L0_001_007;CONUS_L0_001_008,2
2026-10-01,260077205,https://apply.starbucks.com/careers/job/481080890739,"shift supervisor - Store# 08302, 350 LAS OLAS CENTER",SHIFT_SUPERVISOR,08302,350 LAS OLAS CENTER,350 E Las Olas Blvd,Fort Lauderdale,FL,,US,,1789617600,2026-09-17,14,2026-10-01,1789738953,2026-09-18,13,False,26.1187292,-80.13997979999999,481080890739,id:260077205,store:08302,Shift Supervisor,onsite,"350 E Las Olas Blvd, Fort Lauderdale, Florida, United States",1,FL,CONUS_L0_001_007;CONUS_L0_001_008,2
2026-10-01,260061735,https://apply.starbucks.com/careers/job/481080416037,"barista - Store# 08302, 350 LAS OLAS CENTER",BARISTA,08302,350 LAS OLAS CENTER,350 E Las Olas Blvd,Fort Lauderdale,FL,,US,,1787371200,2026-08-22,40,2026-10-01,1787492411,2026-08-23,39,False,26.1187292,-80.13997979999999,481080416037,id:260061735,store:08302,Barista,onsite,"350 E Las Olas Blvd, Fort Lauderdale, Florida, United States",1,FL,CONUS_L0_001_007;CONUS_L0_001_008,2
2026-10-01,260062141,https://apply.starbucks.com/careers/job/481080430598,"shift supervisor - Store# 08432, WELLINGTON GREEN",SHIFT_SUPERVISOR,08432,WELLINGTON GREEN,"10580 Forest Hill Blvd, Shoppes of Wellington Green",Wellington,FL,,US,,1787457600,2026-08-23,39,2026-10-01,1787579443,2026-08-24,38,False,26.6495599,-80.2122622,481080430598,id:260062141,store:08432,Shift Supervisor,onsite,"10580 Forest Hill Blvd, Shoppes of Wellington Green, Wellington, Florida, United States",1,FL,CONUS_L0_001_007,1
2026-10-01,260072786,https://apply.starbucks.com/careers/job/481080796392,"barista - Store# 08432, WELLINGTON GREEN",BARISTA,08432,WELLINGTON GREEN,"10580 Forest Hill Blvd, Shoppes of Wellington Green",Wellington,FL,,US,,1789012800,2026-09-10,21,2026-10-01,1789135353,2026-09-11,20,False,26.6495599,-80.2122622,481080796392,id:260072786,store:08432,Barista,onsite,"10580 Forest Hill Blvd, Shoppes of Wellington Green, Wellington, Florida, United States",1,FL,CONUS_L0_001_007,1
2026-10-01,260065622,https://apply.starbucks.com/careers/job/481080677973,"shift supervisor - Store# 20115, SHERIDAN & US 1",SHIFT_SUPERVISOR,20115,SHERIDAN & US 1,"1750 Sheridan St, TBD",Hollywood,FL,,US,,1788321600,2026-09-02,29,2026-10-01,1788357250,2026-09-02,29,False,26.0330183,-80.1417462,481080677973,id:260065622,store:20115,Shift Supervisor,onsite,"1750 Sheridan St, TBD, Hollywood, Florida, United States",1,FL,CONUS_L0_001_007;CONUS_L0_001_008,2
2026-10-01,260053728,https://apply.starbucks.com/careers/job/481079385347,"barista - Store# 20115, SHERIDAN & US 1",BARISTA,20115,SHERIDAN & US 1,"1750 Sheridan St, TBD",Hollywood,FL,,US,,1783483200,2026-07-08,85,2026-10-01,1783604544,2026-07-09,84,False,26.0330183,-80.1417462,481079385347,id:260053728,store:20115,Barista,onsite,"1750 Sheridan St, TBD, Hollywood, Florida, United States",1,FL,CONUS_L0_001_007;CONUS_L0_001_008,2
2026-10-01,260073918,https://apply.starbucks.com/careers/job/481080813533,"shift supervisor - Store# 68199, BISCAYNE BLVD & IVES DAIRY",SHIFT_SUPERVISOR,68199,BISCAYNE BLVD & IVES DAIRY,20495 Biscayne Blvd,Miami,FL,,US,,1789185600,2026-09-12,19,2026-10-01,1789307352,2026-09-13,18,False,25.9652198,-80.14575339999999,481080813533,id:260073918,store:68199,Shift Supervisor,onsite,"20495 Biscayne Blvd, Miami, Florida, United States",1,FL,CONUS_L0_001_007;CONUS_L0_001_008,2
2026-10-01,260064034,https://apply.starbucks.com/careers/job/481080594436,"shift supervisor - Store# 11255, SOUTHERN BLVD & LAMSTEIN",SHIFT_SUPERVISOR,11255,SOUTHERN BLVD & LAMSTEIN,"11091 Southern Blvd, Bay 100",West Palm Beach,FL,,US,,1787976000,2026-08-29,33,2026-10-01,1788097375,2026-08-30,32,False,26.6814787,-80.2208259,481080594436,id:260064034,store:11255,Shift Supervisor,onsite,"11091 Southern Blvd, Bay 100, West Palm Beach, Florida, United States",1,FL,CONUS_L0_001_007,1
2026-10-01,260053454,https://apply.starbucks.com/careers/job/481079320282,"barista - Store# 11255, SOUTHERN BLVD & LAMSTEIN",BARISTA,11255,SOUTHERN BLVD & LAMSTEIN,"11091 Southern Blvd, Bay 100",West Palm Beach,FL,,US,,1783310400,2026-07-06,87,2026-10-01,1783432089,2026-07-07,86,False,26.6814787,-80.2208259,481079320282,id:260053454,store:11255,Barista,onsite,"11091 Southern Blvd, Bay 100, West Palm Beach, Florida, United States",1,FL,CONUS_L0_001_007,1
2026-10-01,260077725,https://apply.starbucks.com/careers/job/481080891563,"barista - Store# 08316, BISCAYNE & 191ST STREET",BARISTA,08316,BISCAYNE & 191ST STREET,19127 Biscayne Blvd,Miami,FL,,US,,1789617600,2026-09-17,14,2026-10-01,1789739402,2026-09-18,13,False,25.9526048,-80.1461947,481080891563,id:260077725,store:08316,Barista,onsite,"19127 Biscayne Blvd, Miami, Florida, United States",1,FL,CONUS_L0_001_007;CONUS_L0_001_008,2
2026-10-01,260077152,https://apply.starbucks.com/careers/job/481080890671,"shift supervisor - Store# 08316, BISCAYNE & 191ST STREET",SHIFT_SUPERVISOR,08316,BISCAYNE & 191ST STREET,19127 Biscayne Blvd,Miami,FL,,US,,1789617600,2026-09-17,14,2026-10-01,1789738907,2026-09-18,13,False,25.9526048,-80.1461947,481080890671,id:260077152,store:08316,Shift Supervisor,onsite,"19127 Biscayne Blvd, Miami, Florida, United States",1,FL,CONUS_L0_001_007;CONUS_L0_001_008,2
2026-10-01,260077288,https://apply.starbucks.com/careers/job/481080890853,"shift supervisor - Store# 08505, COMMERCIAL & UNIVERSITY",SHIFT_SUPERVISOR,08505,COMMERCIAL & UNIVERSITY,"7720 W Commercial Blvd, Universal Plaza Bay B10",Fort Lauderdale,FL,,US,,1789617600,2026-09-17,14,2026-10-01,1789739024,2026-09-18,13,False,26.1224386,-80.13731740000001,481080890853,id:260077288,store:08505,Shift Supervisor,onsite,"7720 W Commercial Blvd, Universal Plaza Bay B10, Fort Lauderdale, Florida, United States",1,FL,CONUS_L0_001_007;CONUS_L0_001_008,2
2026-10-01,260061411,https://apply.starbucks.com/careers/job/481080276177,"store manager - Ft. Lauderdale, FL",STORE_MANAGER,,,,Fort Lauderdale,FL,,US,,1790716230,2026-09-29,2,2026-10-01,1787166712,2026-08-19,43,True,26.1224386,-80.13731740000001,481080276177,id:260061411,,Coffeehouse Leader,onsite,"Fort Lauderdale, Florida, United States",1,FL,CONUS_L0_001_007;CONUS_L0_001_008,2
2026-10-01,260072308,https://apply.starbucks.com/careers/job/481080778482,"barista - Store# 10679, DAVIE BLVD & FEDERAL HWY",BARISTA,10679,DAVIE BLVD & FEDERAL HWY,1150 S Federal Hwy,Fort Lauderdale,FL,,US,,1788926400,2026-09-09,22,2026-10-01,1789048091,2026-09-10,21,False,26.1080933,-80.13690729999999,481080778482,id:260072308,store:10679,Barista,onsite,"1150 S Federal Hwy, Fort Lauderdale, Florida, United States",1,FL,CONUS_L0_001_007;CONUS_L0_001_008,2
2026-10-01,260078716,https://apply.starbucks.com/careers/job/481080949729,"shift supervisor - Store# 10679, DAVIE BLVD & FEDERAL HWY",SHIFT_SUPERVISOR,10679,DAVIE BLVD & FEDERAL HWY,1150 S Federal Hwy,Fort Lauderdale,FL,,US,,1789963200,2026-09-21,10,2026-10-01,1790084484,2026-09-22,9,False,26.1080933,-80.13690729999999,481080949729,id:260078716,store:10679,Shift Supervisor,onsite,"1150 S Federal Hwy, Fort Lauderdale, Florida, United States",1,FL,CONUS_L0_001_007;CONUS_L0_001_008,2
2026-10-01,260071717,https://apply.starbucks.com/careers/job/481080764551,"shift supervisor - Store# 74202, E CYPRESS CREEK RD & CORPORATE DR.",SHIFT_SUPERVISOR,74202,E CYPRESS CREEK RD & CORPORATE DR.,701 NE 62nd Street,Fort Lauderdale,FL,,US,,1788840000,2026-09-08,23,2026-10-01,1788961348,2026-09-09,22,False,26.2041,-80.13739,481080764551,id:260071717,store:74202,Shift Supervisor,onsite,"701 NE 62nd Street, Fort Lauderdale, Florida, United States",1,FL,CONUS_L0_001_007;CONUS_L0_001_008,2
2026-10-01,260070942,https://apply.starbucks.com/careers/job/481080742062,"barista - Store# 54440, STRIBLING & 441",BARISTA,54440,STRIBLING & 441,"2891 S State Road 7, Ste 100",Wellington,FL,,US,,1788667200,2026-09-06,25,2026-10-01,1788788817,2026-09-07,24,False,26.636397,-80.20476599999999,481080742062,id:260070942,store:54440,Barista,onsite,"2891 S State Road 7, Ste 100, Wellington, Florida, United States",1,FL,CONUS_L0_001_007,1
2026-10-01,260069798,https://apply.starbucks.com/careers/job/481080730697,"shift supervisor - Store# 54440, STRIBLING & 441",SHIFT_SUPERVISOR,54440,STRIBLING & 441,"2891 S State Road 7, Ste 100",Wellington,FL,,US,,1788580800,2026-09-05,26,2026-10-01,1788702387,2026-09-06,25,False,26.636397,-80.20476599999999,481080730697,id:260069798,store:54440,Shift Supervisor,onsite,"2891 S State Road 7, Ste 100, Wellington, Florida, United States",1,FL,CONUS_L0_001_007,1
2026-10-01,260074112,https://apply.starbucks.com/careers/job/481080813871,"shift supervisor - Store# 81957, ESPLANADE AT AVENTURA",SHIFT_SUPERVISOR,81957,ESPLANADE AT AVENTURA,"19505 Biscayne Blvd, Ste 2195",Miami,FL,,US,,1789185600,2026-09-12,19,2026-10-01,1789307532,2026-09-13,18,False,25.9557263,-80.14337599999999,481080813871,id:260074112,store:81957,Shift Supervisor,onsite,"19505 Biscayne Blvd, Ste 2195, Miami, Florida, United States",1,FL,CONUS_L0_001_007;CONUS_L0_001_008,2
2026-10-01,260058505,https://apply.starbucks.com/careers/job/481079865585,"barista - Store# 81957, ESPLANADE AT AVENTURA",BARISTA,81957,ESPLANADE AT AVENTURA,"19505 Biscayne Blvd, Ste 2195",Miami,FL,,US,,1785038400,2026-07-26,67,2026-10-01,1785159964,2026-07-27,66,False,25.9557263,-80.14337599999999,481079865585,id:260058505,store:81957,Barista,onsite,"19505 Biscayne Blvd, Ste 2195, Miami, Florida, United States",1,FL,CONUS_L0_001_007;CONUS_L0_001_008,2
2026-10-01,260073365,https://apply.starbucks.com/careers/job/481080798398,"shift supervisor - Store# 84014, DELIVERY-ONLY 1115 NE 9TH AVE",SHIFT_SUPERVISOR,84014,DELIVERY-ONLY 1115 NE 9TH AVE,1115 NE 9th Ave,Fort Lauderdale,FL,,US,,1789012800,2026-09-10,21,2026-10-01,1789135843,2026-09-11,20,False,26.13943,-80.13475,481080798398,id:260073365,store:84014,Shift Supervisor,onsite,"1115 NE 9th Ave, Fort Lauderdale, Florida, United States",1,FL,CONUS_L0_001_007;CONUS_L0_001_008,2
2026-10-01,260074008,https://apply.starbucks.com/careers/job/481080813644,"barista - Store# 84014, DELIVERY-ONLY 1115 NE 9TH AVE",BARISTA,84014,DELIVERY-ONLY 1115 NE 9TH AVE,1115 NE 9th Ave,Fort Lauderdale,FL,,US,,1789185600,2026-09-12,19,2026-10-01,1789307436,2026-09-13,18,False,26.13943,-80.13475,481080813644,id:260074008,store:84014,Barista,onsite,"1115 NE 9th Ave, Fort Lauderdale, Florida, United States",1,FL,CONUS_L0_001_007;CONUS_L0_001_008,2
2026-10-01,260063700,https://apply.starbucks.com/careers/job/481080567538,"shift supervisor - Store# 08806, SE 17TH ST & MIAMI RD",SHIFT_SUPERVISOR,08806,SE 17TH ST & MIAMI RD,"921 SE 17th St, Ste A",Fort Lauderdale,FL,,US,,1787803200,2026-08-27,35,2026-10-01,1787925132,2026-08-28,34,False,26.1008371,-80.1336197,481080567538,id:260063700,store:08806,Shift Supervisor,onsite,"921 SE 17th St, Ste A, Fort Lauderdale, Florida, United States",1,FL,CONUS_L0_001_007;CONUS_L0_001_008,2
2026-10-01,260060947,https://apply.starbucks.com/careers/job/481080183449,"barista - Store# 08806, SE 17TH ST & MIAMI RD",BARISTA,08806,SE 17TH ST & MIAMI RD,"921 SE 17th St, Ste A",Fort Lauderdale,FL,,US,,1786766400,2026-08-15,47,2026-10-01,1786887991,2026-08-16,46,False,26.1008371,-80.1336197,481080183449,id:260060947,store:08806,Barista,onsite,"921 SE 17th St, Ste A, Fort Lauderdale, Florida, United States",1,FL,CONUS_L0_001_007;CONUS_L0_001_008,2
2026-10-01,260079054,https://apply.starbucks.com/careers/job/481080965264,"barista - Store# 14599, LITTLE RD & RANCHO DEL RIO-NEW PORT RICH",BARISTA,14599,LITTLE RD & RANCHO DEL RIO-NEW PORT RICH,5220 Little Rd,New Port Richey,FL,,US,,1790049600,2026-09-22,9,2026-10-01,1790171150,2026-09-23,8,False,28.2356,-82.66681,481080965264,id:260079054,store:14599,Barista,onsite,"5220 Little Rd, New Port Richey, Florida, United States",1,FL,CONUS_L0_001_007,1
2026-10-01,260072346,https://apply.starbucks.com/careers/job/481080778553,"shift supervisor - Store# 14599, LITTLE RD & RANCHO DEL RIO-NEW PORT RICH",SHIFT_SUPERVISOR,14599,LITTLE RD & RANCHO DEL RIO-NEW PORT RICH,5220 Little Rd,New Port Richey,FL,,US,,1788926400,2026-09-09,22,2026-10-01,1789048125,2026-09-10,21,False,28.2356,-82.66681,481080778553,id:260072346,store:14599,Shift Supervisor,onsite,"5220 Little Rd, New Port Richey, Florida, United States",1,FL,CONUS_L0_001_007,1
2026-10-01,260072096,https://apply.starbucks.com/careers/job/481080765134,"shift supervisor - Store# 68290, SR 54 & I-75",SHIFT_SUPERVISOR,68290,SR 54 & I-75,27825 Wesley Chapel Blvd,Wesley Chapel,FL,,US,,1788840000,2026-09-08,23,2026-10-01,1788961657,2026-09-09,22,False,28.23764,-82.35613,481080765134,id:260072096,store:68290,Shift Supervisor,onsite,"27825 Wesley Chapel Blvd, Wesley Chapel, Florida, United States",1,FL,CONUS_L0_001_007,1
2026-10-01,260070750,https://apply.starbucks.com/careers/job/481080741948,"barista - Store# 68290, SR 54 & I-75",BARISTA,68290,SR 54 & I-75,27825 Wesley Chapel Blvd,Wesley Chapel,FL,,US,,1788667200,2026-09-06,25,2026-10-01,1788788663,2026-09-07,24,False,28.23764,-82.35613,481080741948,id:260070750,store:68290,Barista,onsite,"27825 Wesley Chapel Blvd, Wesley Chapel, Florida, United States",1,FL,CONUS_L0_001_007,1
2026-10-01,260073723,https://apply.starbucks.com/careers/job/481080813153,"barista - Store# 48350, PT. PLEASANT & 54",BARISTA,48350,PT. PLEASANT & 54,28676 State Road 54,Wesley Chapel,FL,,US,,1789185600,2026-09-12,19,2026-10-01,1789307170,2026-09-13,18,False,28.237951,-82.3416431,481080813153,id:260073723,store:48350,Barista,onsite,"28676 State Road 54, Wesley Chapel, Florida, United States",1,FL,CONUS_L0_001_007,1
2026-10-01,260068630,https://apply.starbucks.com/careers/job/481080709785,"shift supervisor - Store# 48350, PT. PLEASANT & 54",SHIFT_SUPERVISOR,48350,PT. PLEASANT & 54,28676 State Road 54,Wesley Chapel,FL,,US,,1788408000,2026-09-03,28,2026-10-01,1788529902,2026-09-04,27,False,28.237951,-82.3416431,481080709785,id:260068630,store:48350,Shift Supervisor,onsite,"28676 State Road 54, Wesley Chapel, Florida, United States",1,FL,CONUS_L0_001_007,1
2026-10-01,260067811,https://apply.starbucks.com/careers/job/481080699632,"shift supervisor - Store# 11908, 1015 NE 26TH ST",SHIFT_SUPERVISOR,11908,1015 NE 26TH ST,1501 NE 26th St,Fort Lauderdale,FL,,US,,1788321600,2026-09-02,29,2026-10-01,1788456645,2026-09-03,28,False,26.1600668,-80.127985,481080699632,id:260067811,store:11908,Shift Supervisor,onsite,"1501 NE 26th St, Fort Lauderdale, Florida, United States",1,FL,CONUS_L0_001_007;CONUS_L0_001_008,2
2026-10-01,260068529,https://apply.starbucks.com/careers/job/481080709641,"barista - Store# 11908, 1015 NE 26TH ST",BARISTA,11908,1015 NE 26TH ST,1501 NE 26th St,Fort Lauderdale,FL,,US,,1788408000,2026-09-03,28,2026-10-01,1788529814,2026-09-04,27,False,26.1600668,-80.127985,481080709641,id:260068529,store:11908,Barista,onsite,"1501 NE 26th St, Fort Lauderdale, Florida, United States",1,FL,CONUS_L0_001_007;CONUS_L0_001_008,2
2026-10-01,260058800,https://apply.starbucks.com/careers/job/481079927710,"barista - Store# 08550, HALLANDALE BEACH BLVD&DIPLOMAT PKWY",BARISTA,08550,HALLANDALE BEACH BLVD&DIPLOMAT PKWY,1805 E Hallandale Beach Blvd,Hallandale,FL,,US,,1785211200,2026-07-28,65,2026-10-01,1785332742,2026-07-29,64,False,25.9867335,-80.1291218,481079927710,id:260058800,store:08550,Barista,onsite,"1805 E Hallandale Beach Blvd, Hallandale, Florida, United States",1,FL,CONUS_L0_001_007;CONUS_L0_001_008,2
2026-10-01,260078979,https://apply.starbucks.com/careers/job/481080965037,"shift supervisor - Store# 08550, HALLANDALE BEACH BLVD&DIPLOMAT PKWY",SHIFT_SUPERVISOR,08550,HALLANDALE BEACH BLVD&DIPLOMAT PKWY,1805 E Hallandale Beach Blvd,Hallandale,FL,,US,,1790049600,2026-09-22,9,2026-10-01,1790171087,2026-09-23,8,False,25.9867335,-80.1291218,481080965037,id:260078979,store:08550,Shift Supervisor,onsite,"1805 E Hallandale Beach Blvd, Hallandale, Florida, United States",1,FL,CONUS_L0_001_007;CONUS_L0_001_008,2
2026-10-01,260078340,https://apply.starbucks.com/careers/job/481080936192,"shift supervisor - Store# 13368, US 19 & GULF DR-NEW PORT RICHEY",SHIFT_SUPERVISOR,13368,US 19 & GULF DR-NEW PORT RICHEY,5435 US Hwy 19,New Port Richey,FL,,US,,1789876800,2026-09-20,11,2026-10-01,1789998189,2026-09-21,10,False,28.23855,-82.7282,481080936192,id:260078340,store:13368,Shift Supervisor,onsite,"5435 US Hwy 19, New Port Richey, Florida, United States",1,FL,CONUS_L0_001_007,1
2026-10-01,260079285,https://apply.starbucks.com/careers/job/481080978404,"barista - Store# 13368, US 19 & GULF DR-NEW PORT RICHEY",BARISTA,13368,US 19 & GULF DR-NEW PORT RICHEY,5435 US Hwy 19,New Port Richey,FL,,US,,1790136000,2026-09-23,8,2026-10-01,1790257551,2026-09-24,7,False,28.23855,-82.7282,481080978404,id:260079285,store:13368,Barista,onsite,"5435 US Hwy 19, New Port Richey, Florida, United States",1,FL,CONUS_L0_001_007,1
2026-10-01,260064213,https://apply.starbucks.com/careers/job/481080612882,"barista - Store# 08431, SOUTHERN BLVD & US 441",BARISTA,08431,SOUTHERN BLVD & US 441,"561 N State Road 7, Village of Royal Palm",West Palm Beach,FL,,US,,1788062400,2026-08-30,32,2026-10-01,1788183627,2026-08-31,31,False,26.6867207,-80.20277709999999,481080612882,id:260064213,store:08431,Barista,onsite,"561 N State Road 7, Village of Royal Palm, West Palm Beach, Florida, United States",1,FL,CONUS_L0_001_007,1
2026-10-01,260062050,https://apply.starbucks.com/careers/job/481080430011,"shift supervisor - Store# 08431, SOUTHERN BLVD & US 441",SHIFT_SUPERVISOR,08431,SOUTHERN BLVD & US 441,"561 N State Road 7, Village of Royal Palm",West Palm Beach,FL,,US,,1787457600,2026-08-23,39,2026-10-01,1787579366,2026-08-24,38,False,26.6867207,-80.20277709999999,481080430011,id:260062050,store:08431,Shift Supervisor,onsite,"561 N State Road 7, Village of Royal Palm, West Palm Beach, Florida, United States",1,FL,CONUS_L0_001_007,1
2026-10-01,260064451,https://apply.starbucks.com/careers/job/481080613219,"shift supervisor - Store# 11605, TOWN CENTER AT BOCA RATON",SHIFT_SUPERVISOR,11605,TOWN CENTER AT BOCA RATON,"6000 Glades Rd, Town Center at Boca Raton, Ste K122",Boca Raton,FL,,US,,1788062400,2026-08-30,32,2026-10-01,1788183825,2026-08-31,31,False,26.3650141,-80.1327541,481080613219,id:260064451,store:11605,Shift Supervisor,onsite,"6000 Glades Rd, Town Center at Boca Raton, Ste K122, Boca Raton, Florida, United States",1,FL,CONUS_L0_001_007;CONUS_L0_001_008,2
2026-10-01,260079746,https://apply.starbucks.com/careers/job/481081018794,"barista - Store# 11605, TOWN CENTER AT BOCA RATON",BARISTA,11605,TOWN CENTER AT BOCA RATON,"6000 Glades Rd, Town Center at Boca Raton, Ste K122",Boca Raton,FL,,US,,1790395200,2026-09-26,5,2026-10-01,1790516458,2026-09-27,4,False,26.3650141,-80.1327541,481081018794,id:260079746,store:11605,Barista,onsite,"6000 Glades Rd, Town Center at Boca Raton, Ste K122, Boca Raton, Florida, United States",1,FL,CONUS_L0_001_007;CONUS_L0_001_008,2
2026-10-01,260078778,https://apply.starbucks.com/careers/job/481080949855,"barista - Store# 08528, 2309 N FEDERAL HWY",BARISTA,08528,2309 N FEDERAL HWY,2309 N Federal Hwy,Fort Lauderdale,FL,,US,,1789963200,2026-09-21,10,2026-10-01,1790084539,2026-09-22,9,False,26.156318,-80.11832249999999,481080949855,id:260078778,store:08528,Barista,onsite,"2309 N Federal Hwy, Fort Lauderdale, Florida, United States",1,FL,CONUS_L0_001_007;CONUS_L0_001_008,2
2026-10-01,260077361,https://apply.starbucks.com/careers/job/481080890946,"shift supervisor - Store# 08528, 2309 N FEDERAL HWY",SHIFT_SUPERVISOR,08528,2309 N FEDERAL HWY,2309 N Federal Hwy,Fort Lauderdale,FL,,US,,1789617600,2026-09-17,14,2026-10-01,1789739087,2026-09-18,13,False,26.156318,-80.11832249999999,481080890946,id:260077361,store:08528,Shift Supervisor,onsite,"2309 N Federal Hwy, Fort Lauderdale, Florida, United States",1,FL,CONUS_L0_001_007;CONUS_L0_001_008,2
2026-10-01,260078254,https://apply.starbucks.com/careers/job/481080927234,"shift supervisor - Store# 83051, LAKE WORTH & POLO",SHIFT_SUPERVISOR,83051,LAKE WORTH & POLO,"8446 Lake Worth Rd, Ste 100",Lake Worth,FL,,US,,1789876800,2026-09-20,11,2026-10-01,1789954815,2026-09-20,11,False,26.6166513,-80.18079329999999,481080927234,id:260078254,store:83051,Shift Supervisor,onsite,"8446 Lake Worth Rd, Ste 100, Lake Worth, Florida, United States",1,FL,CONUS_L0_001_007,1
2026-10-01,260078256,https://apply.starbucks.com/careers/job/481080927232,"barista - Store# 83051, LAKE WORTH & POLO",BARISTA,83051,LAKE WORTH & POLO,"8446 Lake Worth Rd, Ste 100",Lake Worth,FL,,US,,1789876800,2026-09-20,11,2026-10-01,1789954817,2026-09-20,11,False,26.6166513,-80.18079329999999,481080927232,id:260078256,store:83051,Barista,onsite,"8446 Lake Worth Rd, Ste 100, Lake Worth, Florida, United States",1,FL,CONUS_L0_001_007,1
2026-10-01,260078253,https://apply.starbucks.com/careers/job/481080927235,"barista - Store# 78965, NORTHLAKE BLVD & COCONUT",BARISTA,78965,NORTHLAKE BLVD & COCONUT,"12750 Northlake Blvd, Suite 100",West Palm Beach,FL,,US,,1789876800,2026-09-20,11,2026-10-01,1789954813,2026-09-20,11,False,26.8108678,-80.24051589999999,481080927235,id:260078253,store:78965,Barista,onsite,"12750 Northlake Blvd, Suite 100, West Palm Beach, Florida, United States",1,FL,CONUS_L0_001_007,1
2026-10-01,260078255,https://apply.starbucks.com/careers/job/481080927233,"shift supervisor - Store# 78965, NORTHLAKE BLVD & COCONUT",SHIFT_SUPERVISOR,78965,NORTHLAKE BLVD & COCONUT,"12750 Northlake Blvd, Suite 100",West Palm Beach,FL,,US,,1789876800,2026-09-20,11,2026-10-01,1789954815,2026-09-20,11,False,26.8108678,-80.24051589999999,481080927233,id:260078255,store:78965,Shift Supervisor,onsite,"12750 Northlake Blvd, Suite 100, West Palm Beach, Florida, United States",1,FL,CONUS_L0_001_007,1
2026-10-01,260063509,https://apply.starbucks.com/careers/job/481080567032,"shift supervisor - Store# 09334, 200 CRANDON BLVD",SHIFT_SUPERVISOR,09334,200 CRANDON BLVD,200 Crandon Blvd,Key Biscayne,FL,,US,,1787803200,2026-08-27,35,2026-10-01,1787924979,2026-08-28,34,False,25.6976367,-80.1634849,481080567032,id:260063509,store:09334,Shift Supervisor,onsite,"200 Crandon Blvd, Key Biscayne, Florida, United States",1,FL,CONUS_L0_001_007,1
2026-10-01,260066523,https://apply.starbucks.com/careers/job/481080679745,"barista - Store# 16973, 4854 N. FEDERAL HIGHWAY",BARISTA,16973,4854 N. FEDERAL HIGHWAY,4854 N Federal Highway,Fort Lauderdale,FL,,US,,1788321600,2026-09-02,29,2026-10-01,1788358053,2026-09-02,29,False,26.187819,-80.1154868,481080679745,id:260066523,store:16973,Barista,onsite,"4854 N Federal Highway, Fort Lauderdale, Florida, United States",1,FL,CONUS_L0_001_007;CONUS_L0_001_008,2
2026-10-01,260067224,https://apply.starbucks.com/careers/job/481080698893,"shift supervisor - Store# 16973, 4854 N. FEDERAL HIGHWAY",SHIFT_SUPERVISOR,16973,4854 N. FEDERAL HIGHWAY,4854 N Federal Highway,Fort Lauderdale,FL,,US,,1788321600,2026-09-02,29,2026-10-01,1788456095,2026-09-03,28,False,26.187819,-80.1154868,481080698893,id:260067224,store:16973,Shift Supervisor,onsite,"4854 N Federal Highway, Fort Lauderdale, Florida, United States",1,FL,CONUS_L0_001_007;CONUS_L0_001_008,2
2026-10-01,260065701,https://apply.starbucks.com/careers/job/481080678532,"shift supervisor - Store# 16973, 4854 N. FEDERAL HIGHWAY",SHIFT_SUPERVISOR,16973,4854 N. FEDERAL HIGHWAY,4854 N Federal Highway,Fort Lauderdale,FL,,US,,1788321600,2026-09-02,29,2026-10-01,1788357319,2026-09-02,29,False,26.187819,-80.1154868,481080678532,id:260065701,store:16973,Shift Supervisor,onsite,"4854 N Federal Highway, Fort Lauderdale, Florida, United States",1,FL,CONUS_L0_001_007;CONUS_L0_001_008,2
2026-10-01,260059363,https://apply.starbucks.com/careers/job/481079983006,"barista - Store# 08290, RK PLAZA",BARISTA,08290,RK PLAZA,"17100 Collins Ave, Ste 101",North Miami Beach,FL,,US,,1785643200,2026-08-02,60,2026-10-01,1785764568,2026-08-03,59,False,25.934631,-80.12198300000001,481079983006,id:260059363,store:08290,Barista,onsite,"17100 Collins Ave, Ste 101, North Miami Beach, Florida, United States",1,FL,CONUS_L0_001_007;CONUS_L0_001_008,2
2026-10-01,260077671,https://apply.starbucks.com/careers/job/481080891500,"shift supervisor - Store# 08290, RK PLAZA",SHIFT_SUPERVISOR,08290,RK PLAZA,"17100 Collins Ave, Ste 101",North Miami Beach,FL,,US,,1789617600,2026-09-17,14,2026-10-01,1789739355,2026-09-18,13,False,25.934631,-80.12198300000001,481080891500,id:260077671,store:08290,Shift Supervisor,onsite,"17100 Collins Ave, Ste 101, North Miami Beach, Florida, United States",1,FL,CONUS_L0_001_007;CONUS_L0_001_008,2
2026-10-01,260078281,https://apply.starbucks.com/careers/job/481080936068,"shift supervisor - Store# 08354, GLADES PLAZA II",SHIFT_SUPERVISOR,08354,GLADES PLAZA II,"2200 Glades Rd, Glades Plaza, Ste 102",Boca Raton,FL,,US,,1789876800,2026-09-20,11,2026-10-01,1789998138,2026-09-21,10,False,26.3674253,-80.1262136,481080936068,id:260078281,store:08354,Shift Supervisor,onsite,"2200 Glades Rd, Glades Plaza, Ste 102, Boca Raton, Florida, United States",1,FL,CONUS_L0_001_007;CONUS_L0_001_008,2
2026-10-01,260058467,https://apply.starbucks.com/careers/job/481079865532,"barista - Store# 08354, GLADES PLAZA II",BARISTA,08354,GLADES PLAZA II,"2200 Glades Rd, Glades Plaza, Ste 102",Boca Raton,FL,,US,,1785038400,2026-07-26,67,2026-10-01,1785159934,2026-07-27,66,False,26.3674253,-80.1262136,481079865532,id:260058467,store:08354,Barista,onsite,"2200 Glades Rd, Glades Plaza, Ste 102, Boca Raton, Florida, United States",1,FL,CONUS_L0_001_007;CONUS_L0_001_008,2
2026-10-01,260059977,https://apply.starbucks.com/careers/job/481080079203,"barista - Store# 08307, SHOPS @ BOCA CENTER",BARISTA,08307,SHOPS @ BOCA CENTER,"5250 Town Center Cir, Ste 117",Boca Raton,FL,,US,,1786161600,2026-08-08,54,2026-10-01,1786283254,2026-08-09,53,False,26.36225,-80.124534,481080079203,id:260059977,store:08307,Barista,onsite,"5250 Town Center Cir, Ste 117, Boca Raton, Florida, United States",1,FL,CONUS_L0_001_007;CONUS_L0_001_008,2
2026-10-01,260059179,https://apply.starbucks.com/careers/job/481079980482,"shift supervisor - Store# 08307, SHOPS @ BOCA CENTER",SHIFT_SUPERVISOR,08307,SHOPS @ BOCA CENTER,"5250 Town Center Cir, Ste 117",Boca Raton,FL,,US,,1785643200,2026-08-02,60,2026-10-01,1785753075,2026-08-03,59,False,26.36225,-80.124534,481079980482,id:260059179,store:08307,Shift Supervisor,onsite,"5250 Town Center Cir, Ste 117, Boca Raton, Florida, United States",1,FL,CONUS_L0_001_007;CONUS_L0_001_008,2
2026-10-01,260068134,https://apply.starbucks.com/careers/job/481080704378,"shift supervisor - Store# 19090, 9560 HARDING AVE - MIAMI",SHIFT_SUPERVISOR,19090,9560 HARDING AVE - MIAMI,9560 Harding Ave,Miami Beach,FL,,US,,1788408000,2026-09-03,28,2026-10-01,1788486040,2026-09-03,28,False,25.88638,-80.12381,481080704378,id:260068134,store:19090,Shift Supervisor,onsite,"9560 Harding Ave, Miami Beach, Florida, United States",1,FL,CONUS_L0_001_007;CONUS_L0_001_008,2
2026-10-01,260057786,https://apply.starbucks.com/careers/job/481079649258,"barista - Store# 19090, 9560 HARDING AVE - MIAMI",BARISTA,19090,9560 HARDING AVE - MIAMI,9560 Harding Ave,Miami Beach,FL,,US,,1784606400,2026-07-21,72,2026-10-01,1784727963,2026-07-22,71,False,25.88638,-80.12381,481079649258,id:260057786,store:19090,Barista,onsite,"9560 Harding Ave, Miami Beach, Florida, United States",1,FL,CONUS_L0_001_007;CONUS_L0_001_008,2
2026-10-01,260066992,https://apply.starbucks.com/careers/job/481080698591,"shift supervisor - Store# 21216, 827 ARTHUR GODFREY ROAD - MIAMI BEACH",SHIFT_SUPERVISOR,21216,827 ARTHUR GODFREY ROAD - MIAMI BEACH,"827 W 41st St, Unit 2",Miami Beach,FL,,US,,1788321600,2026-09-02,29,2026-10-01,1788455873,2026-09-03,28,False,25.813858,-80.134148,481080698591,id:260066992,store:21216,Shift Supervisor,onsite,"827 W 41st St, Unit 2, Miami Beach, Florida, United States",1,FL,CONUS_L0_001_007;CONUS_L0_001_008,2
2026-10-01,260068300,https://apply.starbucks.com/careers/job/481080709246,"barista - Store# 21216, 827 ARTHUR GODFREY ROAD - MIAMI BEACH",BARISTA,21216,827 ARTHUR GODFREY ROAD - MIAMI BEACH,"827 W 41st St, Unit 2",Miami Beach,FL,,US,,1788408000,2026-09-03,28,2026-10-01,1788529617,2026-09-04,27,False,25.813858,-80.134148,481080709246,id:260068300,store:21216,Barista,onsite,"827 W 41st St, Unit 2, Miami Beach, Florida, United States",1,FL,CONUS_L0_001_007;CONUS_L0_001_008,2
2026-10-01,260064971,https://apply.starbucks.com/careers/job/481080658262,"barista - Store# 08262, Clintmoore Rd and Military Trail",BARISTA,08262,Clintmoore Rd and Military Trail,"6950 N Military Trl, Ste 1",Boca Raton,FL,,US,,1788148800,2026-08-31,31,2026-10-01,1788270390,2026-09-01,30,False,26.4092337,-80.12098360000002,481080658262,id:260064971,store:08262,Barista,onsite,"6950 N Military Trl, Ste 1, Boca Raton, Florida, United States",1,FL,CONUS_L0_001_007;CONUS_L0_001_008,2
2026-10-01,260078275,https://apply.starbucks.com/careers/job/481080936074,"shift supervisor - Store# 08262, Clintmoore Rd and Military Trail",SHIFT_SUPERVISOR,08262,Clintmoore Rd and Military Trail,"6950 N Military Trl, Ste 1",Boca Raton,FL,,US,,1789876800,2026-09-20,11,2026-10-01,1789998132,2026-09-21,10,False,26.4092337,-80.12098360000002,481080936074,id:260078275,store:08262,Shift Supervisor,onsite,"6950 N Military Trl, Ste 1, Boca Raton, Florida, United States",1,FL,CONUS_L0_001_007;CONUS_L0_001_008,2
2026-10-01,260055362,https://apply.starbucks.com/careers/job/481079453887,"barista - Store# 08476, POMPANO PLAZA",BARISTA,08476,POMPANO PLAZA,"423 S Federal Highway, Pompano Plaza",Pompano Beach,FL,,US,,1783828800,2026-07-12,81,2026-10-01,1783950533,2026-07-13,80,False,26.2286381,-80.10296029999999,481079453887,id:260055362,store:08476,Barista,onsite,"423 S Federal Highway, Pompano Plaza, Pompano Beach, Florida, United States",1,FL,CONUS_L0_001_007;CONUS_L0_001_008,2
2026-10-01,260055667,https://apply.starbucks.com/careers/job/481079454475,"shift supervisor - Store# 08476, POMPANO PLAZA",SHIFT_SUPERVISOR,08476,POMPANO PLAZA,"423 S Federal Highway, Pompano Plaza",Pompano Beach,FL,,US,,1783828800,2026-07-12,81,2026-10-01,1783950770,2026-07-13,80,False,26.2286381,-80.10296029999999,481079454475,id:260055667,store:08476,Shift Supervisor,onsite,"423 S Federal Highway, Pompano Plaza, Pompano Beach, Florida, United States",1,FL,CONUS_L0_001_007;CONUS_L0_001_008,2
2026-10-01,260061717,https://apply.starbucks.com/careers/job/481080416003,"barista - Store# 08271, IL VILLAGIO",BARISTA,08271,IL VILLAGIO,"1455 Ocean Dr, Ste 100",Miami Beach,FL,,US,,1787371200,2026-08-22,40,2026-10-01,1787492395,2026-08-23,39,False,25.786825,-80.129381,481080416003,id:260061717,store:08271,Barista,onsite,"1455 Ocean Dr, Ste 100, Miami Beach, Florida, United States",1,FL,CONUS_L0_001_007;CONUS_L0_001_008,2
2026-10-01,260077481,https://apply.starbucks.com/careers/job/481080891130,"shift supervisor - Store# 08271, IL VILLAGIO",SHIFT_SUPERVISOR,08271,IL VILLAGIO,"1455 Ocean Dr, Ste 100",Miami Beach,FL,,US,,1789617600,2026-09-17,14,2026-10-01,1789739192,2026-09-18,13,False,25.786825,-80.129381,481080891130,id:260077481,store:08271,Shift Supervisor,onsite,"1455 Ocean Dr, Ste 100, Miami Beach, Florida, United States",1,FL,CONUS_L0_001_007;CONUS_L0_001_008,2
2026-10-01,260060076,https://apply.starbucks.com/careers/job/481080087819,"barista - Store# 29704, 2912 Collins Ave - Miami Beach",BARISTA,29704,2912 Collins Ave - Miami Beach,2912 Collins Ave,Miami Beach,FL,,US,,1786248000,2026-08-09,53,2026-10-01,1786369522,2026-08-10,52,False,25.8054443,-80.12548509999999,481080087819,id:260060076,store:29704,Barista,onsite,"2912 Collins Ave, Miami Beach, Florida, United States",1,FL,CONUS_L0_001_007;CONUS_L0_001_008,2
2026-10-01,260068552,https://apply.starbucks.com/careers/job/481080709873,"shift supervisor - Store# 29704, 2912 Collins Ave - Miami Beach",SHIFT_SUPERVISOR,29704,2912 Collins Ave - Miami Beach,2912 Collins Ave,Miami Beach,FL,,US,,1788408000,2026-09-03,28,2026-10-01,1788529835,2026-09-04,27,False,25.8054443,-80.12548509999999,481080709873,id:260068552,store:29704,Shift Supervisor,onsite,"2912 Collins Ave, Miami Beach, Florida, United States",1,FL,CONUS_L0_001_007;CONUS_L0_001_008,2
2026-10-01,260077187,https://apply.starbucks.com/careers/job/481080890724,"shift supervisor - Store# 08417, 1800 NORTH FEDERAL HWY",SHIFT_SUPERVISOR,08417,1800 NORTH FEDERAL HWY,1800 N Federal Highway,Pompano Beach,FL,,US,,1789617600,2026-09-17,14,2026-10-01,1789738937,2026-09-18,13,False,26.2552763,-80.09962,481080890724,id:260077187,store:08417,Shift Supervisor,onsite,"1800 N Federal Highway, Pompano Beach, Florida, United States",1,FL,CONUS_L0_001_007;CONUS_L0_001_008,2
2026-10-01,260059168,https://apply.starbucks.com/careers/job/481079980466,"barista - Store# 08417, 1800 NORTH FEDERAL HWY",BARISTA,08417,1800 NORTH FEDERAL HWY,1800 N Federal Highway,Pompano Beach,FL,,US,,1785643200,2026-08-02,60,2026-10-01,1785753065,2026-08-03,59,False,26.2552763,-80.09962,481079980466,id:260059168,store:08417,Barista,onsite,"1800 N Federal Highway, Pompano Beach, Florida, United States",1,FL,CONUS_L0_001_007;CONUS_L0_001_008,2
2026-10-01,260057478,https://apply.starbucks.com/careers/job/481079604847,"barista - Store# 66115, Atlantic Ave & Military Trail",BARISTA,66115,Atlantic Ave & Military Trail,4920 W Atlantic Ave,Delray Beach,FL,,US,,1784433600,2026-07-19,74,2026-10-01,1784554796,2026-07-20,73,False,26.4574883,-80.1211999,481079604847,id:260057478,store:66115,Barista,onsite,"4920 W Atlantic Ave, Delray Beach, Florida, United States",1,FL,CONUS_L0_001_007;CONUS_L0_001_008,2
2026-10-01,260070415,https://apply.starbucks.com/careers/job/481080741424,"shift supervisor - Store# 66115, Atlantic Ave & Military Trail",SHIFT_SUPERVISOR,66115,Atlantic Ave & Military Trail,4920 W Atlantic Ave,Delray Beach,FL,,US,,1788667200,2026-09-06,25,2026-10-01,1788788399,2026-09-07,24,False,26.4574883,-80.1211999,481080741424,id:260070415,store:66115,Shift Supervisor,onsite,"4920 W Atlantic Ave, Delray Beach, Florida, United States",1,FL,CONUS_L0_001_007;CONUS_L0_001_008,2
2026-10-01,260077371,https://apply.starbucks.com/careers/job/481080890973,"shift supervisor - Store# 69062, US1 & 39TH",SHIFT_SUPERVISOR,69062,US1 & 39TH,3895 N Federal Hwy,Pompano Beach,FL,,US,,1789617600,2026-09-17,14,2026-10-01,1789739096,2026-09-18,13,False,26.27898,-80.09752,481080890973,id:260077371,store:69062,Shift Supervisor,onsite,"3895 N Federal Hwy, Pompano Beach, Florida, United States",1,FL,CONUS_L0_001_007;CONUS_L0_001_008,2
2026-10-01,260075233,https://apply.starbucks.com/careers/job/481080821438,"barista - Store# 69062, US1 & 39TH",BARISTA,69062,US1 & 39TH,3895 N Federal Hwy,Pompano Beach,FL,,US,,1789272000,2026-09-13,18,2026-10-01,1789394759,2026-09-14,17,False,26.27898,-80.09752,481080821438,id:260075233,store:69062,Barista,onsite,"3895 N Federal Hwy, Pompano Beach, Florida, United States",1,FL,CONUS_L0_001_007;CONUS_L0_001_008,2
2026-10-01,260069696,https://apply.starbucks.com/careers/job/481080730585,"barista - Store# 56350, US 301 & DAUGHTERY RD",BARISTA,56350,US 301 & DAUGHTERY RD,7010 Gall Blvd,Zephyrhills,FL,,US,,1788580800,2026-09-05,26,2026-10-01,1788702306,2026-09-06,25,False,28.25932,-82.18785,481080730585,id:260069696,store:56350,Barista,onsite,"7010 Gall Blvd, Zephyrhills, Florida, United States",1,FL,CONUS_L0_001_007,1
2026-10-01,260070045,https://apply.starbucks.com/careers/job/481080730990,"shift supervisor - Store# 56350, US 301 & DAUGHTERY RD",SHIFT_SUPERVISOR,56350,US 301 & DAUGHTERY RD,7010 Gall Blvd,Zephyrhills,FL,,US,,1788580800,2026-09-05,26,2026-10-01,1788702581,2026-09-06,25,False,28.25932,-82.18785,481080730990,id:260070045,store:56350,Shift Supervisor,onsite,"7010 Gall Blvd, Zephyrhills, Florida, United States",1,FL,CONUS_L0_001_007,1
2026-10-01,260075666,https://apply.starbucks.com/careers/job/481080840373,"shift supervisor - Store# 70461, CURLEY & OVERPASS",SHIFT_SUPERVISOR,70461,CURLEY & OVERPASS,7994 Curley Rd,Wesley Chapel,FL,,US,,1789358400,2026-09-14,17,2026-10-01,1789479936,2026-09-15,16,False,28.2695,-82.28393,481080840373,id:260075666,store:70461,Shift Supervisor,onsite,"7994 Curley Rd, Wesley Chapel, Florida, United States",1,FL,CONUS_L0_001_007,1
2026-10-01,260059627,https://apply.starbucks.com/careers/job/481080017651,"barista - Store# 70461, CURLEY & OVERPASS",BARISTA,70461,CURLEY & OVERPASS,7994 Curley Rd,Wesley Chapel,FL,,US,,1785816000,2026-08-04,58,2026-10-01,1785937720,2026-08-05,57,False,28.2695,-82.28393,481080017651,id:260059627,store:70461,Barista,onsite,"7994 Curley Rd, Wesley Chapel, Florida, United States",1,FL,CONUS_L0_001_007,1
2026-10-01,260055425,https://apply.starbucks.com/careers/job/481079453999,"barista - Store# 66534, WOOLBRIGHT RD & MILITARY TRL",BARISTA,66534,WOOLBRIGHT RD & MILITARY TRL,"11800 S Military Trl, Bay 101",Boynton Beach,FL,,US,,1783828800,2026-07-12,81,2026-10-01,1783950584,2026-07-13,80,False,26.5084066,-80.12269909999999,481079453999,id:260055425,store:66534,Barista,onsite,"11800 S Military Trl, Bay 101, Boynton Beach, Florida, United States",1,FL,CONUS_L0_001_007;CONUS_L0_001_008,2
2026-10-01,260070749,https://apply.starbucks.com/careers/job/481080741942,"shift supervisor - Store# 66534, WOOLBRIGHT RD & MILITARY TRL",SHIFT_SUPERVISOR,66534,WOOLBRIGHT RD & MILITARY TRL,"11800 S Military Trl, Bay 101",Boynton Beach,FL,,US,,1788667200,2026-09-06,25,2026-10-01,1788788663,2026-09-07,24,False,26.5084066,-80.12269909999999,481080741942,id:260070749,store:66534,Shift Supervisor,onsite,"11800 S Military Trl, Bay 101, Boynton Beach, Florida, United States",1,FL,CONUS_L0_001_007;CONUS_L0_001_008,2
2026-10-01,260066554,https://apply.starbucks.com/careers/job/481080679726,"shift supervisor - Store# 11611, LAKE WORTH RD & JOG RD",SHIFT_SUPERVISOR,11611,LAKE WORTH RD & JOG RD,3991 Jog Rd,Lake Worth,FL,,US,,1788321600,2026-09-02,29,2026-10-01,1788358080,2026-09-02,29,False,26.61896,-80.14787,481080679726,id:260066554,store:11611,Shift Supervisor,onsite,"3991 Jog Rd, Lake Worth, Florida, United States",1,FL,CONUS_L0_001_007,1
2026-10-01,260059274,https://apply.starbucks.com/careers/job/481079980587,"barista - Store# 11611, LAKE WORTH RD & JOG RD",BARISTA,11611,LAKE WORTH RD & JOG RD,3991 Jog Rd,Lake Worth,FL,,US,,1785643200,2026-08-02,60,2026-10-01,1785753154,2026-08-03,59,False,26.61896,-80.14787,481079980587,id:260059274,store:11611,Barista,onsite,"3991 Jog Rd, Lake Worth, Florida, United States",1,FL,CONUS_L0_001_007,1
2026-10-01,260056372,https://apply.starbucks.com/careers/job/481079498237,"barista - Store# 08588, YAMATO & CONGRESS",BARISTA,08588,YAMATO & CONGRESS,"698 Yamato Rd, Building #1",Boca Raton,FL,,US,,1784001600,2026-07-14,79,2026-10-01,1784123144,2026-07-15,78,False,26.392705,-80.101665,481079498237,id:260056372,store:08588,Barista,onsite,"698 Yamato Rd, Building #1, Boca Raton, Florida, United States",1,FL,CONUS_L0_001_007;CONUS_L0_001_008,2
2026-10-01,260079439,https://apply.starbucks.com/careers/job/481080998671,"shift supervisor - Store# 08426, US 1 & HILLSBOROUGH BLVD-DT",SHIFT_SUPERVISOR,08426,US 1 & HILLSBOROUGH BLVD-DT,130 S Federal Hwy,Deerfield Beach,FL,,US,,1790222400,2026-09-24,7,2026-10-01,1790344010,2026-09-25,6,False,26.3155767,-80.0905722,481080998671,id:260079439,store:08426,Shift Supervisor,onsite,"130 S Federal Hwy, Deerfield Beach, Florida, United States",1,FL,CONUS_L0_001_007;CONUS_L0_001_008,2
2026-10-01,260080104,https://apply.starbucks.com/careers/job/481081029807,"barista - Store# 08426, US 1 & HILLSBOROUGH BLVD-DT",BARISTA,08426,US 1 & HILLSBOROUGH BLVD-DT,130 S Federal Hwy,Deerfield Beach,FL,,US,,1790481600,2026-09-27,4,2026-10-01,1790603489,2026-09-28,3,False,26.3155767,-80.0905722,481081029807,id:260080104,store:08426,Barista,onsite,"130 S Federal Hwy, Deerfield Beach, Florida, United States",1,FL,CONUS_L0_001_007;CONUS_L0_001_008,2
2026-10-01,260070908,https://apply.starbucks.com/careers/job/481080742028,"shift supervisor - Store# 63419, TRADITION PKWY & VILLAGE PKWY DR",SHIFT_SUPERVISOR,63419,TRADITION PKWY & VILLAGE PKWY DR,11121 SW Village Pkwy,Port Saint Lucie,FL,,US,,1788667200,2026-09-06,25,2026-10-01,1788788790,2026-09-07,24,False,27.2628,-80.43191,481080742028,id:260070908,store:63419,Shift Supervisor,onsite,"11121 SW Village Pkwy, Port Saint Lucie, Florida, United States",1,FL,CONUS_L0_001_007,1
2026-10-01,260077647,https://apply.starbucks.com/careers/job/481080891436,"Shift Supervisor - Store# 8261, Mizner Park",SHIFT_SUPERVISOR,8261,Mizner Park,302 Plaza Real,Boca Raton,FL,,US,,1789617600,2026-09-17,14,2026-10-01,1789739335,2026-09-18,13,False,26.3534196,-80.0847679,481080891436,id:260077647,store:8261,Shift Supervisor,onsite,"302 Plaza Real, Boca Raton, Florida, United States",1,FL,CONUS_L0_001_007;CONUS_L0_001_008,2
2026-10-01,260072864,https://apply.starbucks.com/careers/job/481080796531,"barista - Store# 56874, OKEECHOBEE BLVD & SKEES",BARISTA,56874,OKEECHOBEE BLVD & SKEES,7030 Okeechobee Blvd,West Palm Beach,FL,,US,,1789012800,2026-09-10,21,2026-10-01,1789135418,2026-09-11,20,False,26.70779,-80.15875,481080796531,id:260072864,store:56874,Barista,onsite,"7030 Okeechobee Blvd, West Palm Beach, Florida, United States",1,FL,CONUS_L0_001_007,1
2026-10-01,260070111,https://apply.starbucks.com/careers/job/481080731074,"shift supervisor - Store# 56874, OKEECHOBEE BLVD & SKEES",SHIFT_SUPERVISOR,56874,OKEECHOBEE BLVD & SKEES,7030 Okeechobee Blvd,West Palm Beach,FL,,US,,1788580800,2026-09-05,26,2026-10-01,1788702633,2026-09-06,25,False,26.70779,-80.15875,481080731074,id:260070111,store:56874,Shift Supervisor,onsite,"7030 Okeechobee Blvd, West Palm Beach, Florida, United States",1,FL,CONUS_L0_001_007,1
2026-10-01,260073322,https://apply.starbucks.com/careers/job/481080798413,"shift supervisor - Store# 53561, US19 & HOLIDAY HILLS BLVD",SHIFT_SUPERVISOR,53561,US19 & HOLIDAY HILLS BLVD,"9235 US Hwy 19, TBD",Port Richey,FL,,US,,1789012800,2026-09-10,21,2026-10-01,1789135806,2026-09-11,20,False,28.29203,-82.71113,481080798413,id:260073322,store:53561,Shift Supervisor,onsite,"9235 US Hwy 19, TBD, Port Richey, Florida, United States",1,FL,CONUS_L0_001_007,1
2026-10-01,260064088,https://apply.starbucks.com/careers/job/481080594536,"barista - Store# 53561, US19 & HOLIDAY HILLS BLVD",BARISTA,53561,US19 & HOLIDAY HILLS BLVD,"9235 US Hwy 19, TBD",Port Richey,FL,,US,,1787976000,2026-08-29,33,2026-10-01,1788097417,2026-08-30,32,False,28.29203,-82.71113,481080594536,id:260064088,store:53561,Barista,onsite,"9235 US Hwy 19, TBD, Port Richey, Florida, United States",1,FL,CONUS_L0_001_007,1
2026-10-01,260054410,https://apply.starbucks.com/careers/job/481079405698,"barista - Store# 08257, 1830 N FEDERAL HWY",BARISTA,08257,1830 N FEDERAL HWY,"1830 N Federal Hwy, Federal & 5th, Unit 1",Boca Raton,FL,,US,,1783569600,2026-07-09,84,2026-10-01,1783691322,2026-07-10,83,False,26.3664282,-80.078225,481079405698,id:260054410,store:08257,Barista,onsite,"1830 N Federal Hwy, Federal & 5th, Unit 1, Boca Raton, Florida, United States",1,FL,CONUS_L0_001_007;CONUS_L0_001_008,2
2026-10-01,260077458,https://apply.starbucks.com/careers/job/481080891102,"shift supervisor - Store# 08257, 1830 N FEDERAL HWY",SHIFT_SUPERVISOR,08257,1830 N FEDERAL HWY,"1830 N Federal Hwy, Federal & 5th, Unit 1",Boca Raton,FL,,US,,1789617600,2026-09-17,14,2026-10-01,1789739172,2026-09-18,13,False,26.3664282,-80.078225,481080891102,id:260077458,store:08257,Shift Supervisor,onsite,"1830 N Federal Hwy, Federal & 5th, Unit 1, Boca Raton, Florida, United States",1,FL,CONUS_L0_001_007;CONUS_L0_001_008,2
2026-10-01,260063038,https://apply.starbucks.com/careers/job/481080565254,"barista - Store# 47580, GATLIN BLVD & BRESCIA",BARISTA,47580,GATLIN BLVD & BRESCIA,2209 SW Gatlin Blvd,Port Saint Lucie,FL,,US,,1787803200,2026-08-27,35,2026-10-01,1787924602,2026-08-28,34,False,27.2648058,-80.4164376,481080565254,id:260063038,store:47580,Barista,onsite,"2209 SW Gatlin Blvd, Port Saint Lucie, Florida, United States",1,FL,CONUS_L0_001_007,1
2026-10-01,260058420,https://apply.starbucks.com/careers/job/481079850120,"barista - Store# 21822, LINTON & 4TH - PALM BEACH",BARISTA,21822,LINTON & 4TH - PALM BEACH,"551 Linton Blvd, Lintco Shopping Center, Ste C1",Delray Beach,FL,,US,,1784952000,2026-07-25,68,2026-10-01,1785073644,2026-07-26,67,False,26.4401974,-80.07813399999999,481079850120,id:260058420,store:21822,Barista,onsite,"551 Linton Blvd, Lintco Shopping Center, Ste C1, Delray Beach, Florida, United States",1,FL,CONUS_L0_001_007;CONUS_L0_001_008,2
2026-10-01,260073676,https://apply.starbucks.com/careers/job/481080813106,"shift supervisor - Store# 21822, LINTON & 4TH - PALM BEACH",SHIFT_SUPERVISOR,21822,LINTON & 4TH - PALM BEACH,"551 Linton Blvd, Lintco Shopping Center, Ste C1",Delray Beach,FL,,US,,1789185600,2026-09-12,19,2026-10-01,1789307127,2026-09-13,18,False,26.4401974,-80.07813399999999,481080813106,id:260073676,store:21822,Shift Supervisor,onsite,"551 Linton Blvd, Lintco Shopping Center, Ste C1, Delray Beach, Florida, United States",1,FL,CONUS_L0_001_007;CONUS_L0_001_008,2
2026-10-01,260063845,https://apply.starbucks.com/careers/job/481080567298,"shift supervisor - Store# 08805, BOYNTON BEACH BLVD & CONGRESS AVE",SHIFT_SUPERVISOR,08805,BOYNTON BEACH BLVD & CONGRESS AVE,306 N Congress Ave,Boynton Beach,FL,,US,,1787803200,2026-08-27,35,2026-10-01,1787925248,2026-08-28,34,False,26.5281795,-80.0898739,481080567298,id:260063845,store:08805,Shift Supervisor,onsite,"306 N Congress Ave, Boynton Beach, Florida, United States",1,FL,CONUS_L0_001_007;CONUS_L0_001_008,2
2026-10-01,260063835,https://apply.starbucks.com/careers/job/481080567307,"barista - Store# 08805, BOYNTON BEACH BLVD & CONGRESS AVE",BARISTA,08805,BOYNTON BEACH BLVD & CONGRESS AVE,306 N Congress Ave,Boynton Beach,FL,,US,,1787803200,2026-08-27,35,2026-10-01,1787925240,2026-08-28,34,False,26.5281795,-80.0898739,481080567307,id:260063835,store:08805,Barista,onsite,"306 N Congress Ave, Boynton Beach, Florida, United States",1,FL,CONUS_L0_001_007;CONUS_L0_001_008,2
2026-10-01,260064674,https://apply.starbucks.com/careers/job/481080614015,"barista - Store# 13563, GATEWAY BLVD & CONGRESS AVE-BOYTON BCH",BARISTA,13563,GATEWAY BLVD & CONGRESS AVE-BOYTON BCH,"1500 Gateway Blvd, 130",Boynton Beach,FL,,US,,1788062400,2026-08-30,32,2026-10-01,1788184011,2026-08-31,31,False,26.5461,-80.08794,481080614015,id:260064674,store:13563,Barista,onsite,"1500 Gateway Blvd, 130, Boynton Beach, Florida, United States",1,FL,CONUS_L0_001_007;CONUS_L0_001_008,2
2026-10-01,260066055,https://apply.starbucks.com/careers/job/481080678781,"shift supervisor - Store# 13563, GATEWAY BLVD & CONGRESS AVE-BOYTON BCH",SHIFT_SUPERVISOR,13563,GATEWAY BLVD & CONGRESS AVE-BOYTON BCH,"1500 Gateway Blvd, 130",Boynton Beach,FL,,US,,1788321600,2026-09-02,29,2026-10-01,1788357633,2026-09-02,29,False,26.5461,-80.08794,481080678781,id:260066055,store:13563,Shift Supervisor,onsite,"1500 Gateway Blvd, 130, Boynton Beach, Florida, United States",1,FL,CONUS_L0_001_007;CONUS_L0_001_008,2
2026-10-01,260067578,https://apply.starbucks.com/careers/job/481080699224,"shift supervisor - Store# 13563, GATEWAY BLVD & CONGRESS AVE-BOYTON BCH",SHIFT_SUPERVISOR,13563,GATEWAY BLVD & CONGRESS AVE-BOYTON BCH,"1500 Gateway Blvd, 130",Boynton Beach,FL,,US,,1788321600,2026-09-02,29,2026-10-01,1788456431,2026-09-03,28,False,26.5461,-80.08794,481080699224,id:260067578,store:13563,Shift Supervisor,onsite,"1500 Gateway Blvd, 130, Boynton Beach, Florida, United States",1,FL,CONUS_L0_001_007;CONUS_L0_001_008,2
2026-10-01,260077584,https://apply.starbucks.com/careers/job/481080891406,"shift supervisor - Store# 08455, 203 E ATLANTIC AVE",SHIFT_SUPERVISOR,08455,203 E ATLANTIC AVE,205 E Atlantic Ave,Delray Beach,FL,,US,,1789617600,2026-09-17,14,2026-10-01,1789739281,2026-09-18,13,False,26.4618128,-80.0708448,481080891406,id:260077584,store:08455,Shift Supervisor,onsite,"205 E Atlantic Ave, Delray Beach, Florida, United States",1,FL,CONUS_L0_001_007;CONUS_L0_001_008,2
2026-10-01,260052996,https://apply.starbucks.com/careers/job/481079230097,"barista - Store# 08455, 203 E ATLANTIC AVE",BARISTA,08455,203 E ATLANTIC AVE,205 E Atlantic Ave,Delray Beach,FL,,US,,1783137600,2026-07-04,89,2026-10-01,1783258780,2026-07-05,88,False,26.4618128,-80.0708448,481079230097,id:260052996,store:08455,Barista,onsite,"205 E Atlantic Ave, Delray Beach, Florida, United States",1,FL,CONUS_L0_001_007;CONUS_L0_001_008,2
2026-10-01,260076515,https://apply.starbucks.com/careers/job/481080862019,"barista - Store# 66291, FOREST HILL BLVD & MILITARY TRL",BARISTA,66291,FOREST HILL BLVD & MILITARY TRL,4380 Forest Hill Blvd,West Palm Beach,FL,,US,,1789444800,2026-09-15,16,2026-10-01,1789566936,2026-09-16,15,False,26.65119,-80.11094,481080862019,id:260076515,store:66291,Barista,onsite,"4380 Forest Hill Blvd, West Palm Beach, Florida, United States",1,FL,CONUS_L0_001_007;CONUS_L0_001_008,2
2026-10-01,260078396,https://apply.starbucks.com/careers/job/481080936267,"shift supervisor - Store# 66291, FOREST HILL BLVD & MILITARY TRL",SHIFT_SUPERVISOR,66291,FOREST HILL BLVD & MILITARY TRL,4380 Forest Hill Blvd,West Palm Beach,FL,,US,,1789876800,2026-09-20,11,2026-10-01,1789998235,2026-09-21,10,False,26.65119,-80.11094,481080936267,id:260078396,store:66291,Shift Supervisor,onsite,"4380 Forest Hill Blvd, West Palm Beach, Florida, United States",1,FL,CONUS_L0_001_007;CONUS_L0_001_008,2
2026-10-01,260067929,https://apply.starbucks.com/careers/job/481080699716,"shift supervisor - Store# 17947, HYPOLUXO ROAD & CONGRESS AVENUE",SHIFT_SUPERVISOR,17947,HYPOLUXO ROAD & CONGRESS AVENUE,4742 N Congress Ave,Boynton Beach,FL,,US,,1788321600,2026-09-02,29,2026-10-01,1788456758,2026-09-03,28,False,26.5705652,-80.0892411,481080699716,id:260067929,store:17947,Shift Supervisor,onsite,"4742 N Congress Ave, Boynton Beach, Florida, United States",1,FL,CONUS_L0_001_007;CONUS_L0_001_008,2
2026-10-01,260069421,https://apply.starbucks.com/careers/job/481080730258,"barista - Store# 62219, WOOLBRIGHT RD & US 1",BARISTA,62219,WOOLBRIGHT RD & US 1,"1620 South Federal Hwy, A",Boynton Beach,FL,,US,,1788580800,2026-09-05,26,2026-10-01,1788702089,2026-09-06,25,False,26.51365,-80.05862,481080730258,id:260069421,store:62219,Barista,onsite,"1620 South Federal Hwy, A, Boynton Beach, Florida, United States",1,FL,CONUS_L0_001_007;CONUS_L0_001_008,2
2026-10-01,260069982,https://apply.starbucks.com/careers/job/481080730921,"shift supervisor - Store# 62219, WOOLBRIGHT RD & US 1",SHIFT_SUPERVISOR,62219,WOOLBRIGHT RD & US 1,"1620 South Federal Hwy, A",Boynton Beach,FL,,US,,1788580800,2026-09-05,26,2026-10-01,1788702532,2026-09-06,25,False,26.51365,-80.05862,481080730921,id:260069982,store:62219,Shift Supervisor,onsite,"1620 South Federal Hwy, A, Boynton Beach, Florida, United States",1,FL,CONUS_L0_001_007;CONUS_L0_001_008,2
2026-10-01,260058635,https://apply.starbucks.com/careers/job/481079907053,"shift supervisor - Store# 02912, ST LUCIE WEST & I-95",SHIFT_SUPERVISOR,02912,ST LUCIE WEST & I-95,1789 NW Saint Lucie West Blvd,Port Saint Lucie,FL,,US,,1785124800,2026-07-27,66,2026-10-01,1785246151,2026-07-28,65,False,27.3140867,-80.3947035,481079907053,id:260058635,store:02912,Shift Supervisor,onsite,"1789 NW Saint Lucie West Blvd, Port Saint Lucie, Florida, United States",1,FL,CONUS_L0_001_007,1
2026-10-01,260058289,https://apply.starbucks.com/careers/job/481079849997,"barista - Store# 02912, ST LUCIE WEST & I-95",BARISTA,02912,ST LUCIE WEST & I-95,1789 NW Saint Lucie West Blvd,Port Saint Lucie,FL,,US,,1784952000,2026-07-25,68,2026-10-01,1785073537,2026-07-26,67,False,27.3140867,-80.3947035,481079849997,id:260058289,store:02912,Barista,onsite,"1789 NW Saint Lucie West Blvd, Port Saint Lucie, Florida, United States",1,FL,CONUS_L0_001_007,1
2026-10-01,260057424,https://apply.starbucks.com/careers/job/481079604791,"barista - Store# 24719, 3036 SW MARTIN DOWNS BLVD - PALM CITY",BARISTA,24719,3036 SW MARTIN DOWNS BLVD - PALM CITY,3036 SW Martin Downs Blvd,Palm City,FL,,US,,1784433600,2026-07-19,74,2026-10-01,1784554752,2026-07-20,73,False,27.17157,-80.29442,481079604791,id:260057424,store:24719,Barista,onsite,"3036 SW Martin Downs Blvd, Palm City, Florida, United States",1,FL,CONUS_L0_001_007,1
2026-10-01,260068918,https://apply.starbucks.com/careers/job/481080710295,"shift supervisor - Store# 24719, 3036 SW MARTIN DOWNS BLVD - PALM CITY",SHIFT_SUPERVISOR,24719,3036 SW MARTIN DOWNS BLVD - PALM CITY,3036 SW Martin Downs Blvd,Palm City,FL,,US,,1788408000,2026-09-03,28,2026-10-01,1788530145,2026-09-04,27,False,27.17157,-80.29442,481080710295,id:260068918,store:24719,Shift Supervisor,onsite,"3036 SW Martin Downs Blvd, Palm City, Florida, United States",1,FL,CONUS_L0_001_007,1
2026-10-01,260061007,https://apply.starbucks.com/careers/job/481080251200,"store manager - Stuart/Port St. Lucie, FL",STORE_MANAGER,,,,Port Saint Lucie,FL,,US,,1790682428,2026-09-29,2,2026-10-01,1786995877,2026-08-17,45,True,27.2730492,-80.3582261,481080251200,id:260061007,,Coffeehouse Leader,onsite,"Port Saint Lucie, Florida, United States",2,FL,CONUS_L0_001_007,1
2026-10-01,260063268,https://apply.starbucks.com/careers/job/481080565876,"barista - Store# 09828, PGA & TURNPIKE",BARISTA,09828,PGA & TURNPIKE,"6231 PGA Blvd, Suite 100",Palm Beach Gardens,FL,,US,,1787803200,2026-08-27,35,2026-10-01,1787924787,2026-08-28,34,False,26.8416051,-80.13245739999999,481080565876,id:260063268,store:09828,Barista,onsite,"6231 PGA Blvd, Suite 100, Palm Beach Gardens, Florida, United States",1,FL,CONUS_L0_001_007,1
2026-10-01,260063311,https://apply.starbucks.com/careers/job/481080565976,"shift supervisor - Store# 09828, PGA & TURNPIKE",SHIFT_SUPERVISOR,09828,PGA & TURNPIKE,"6231 PGA Blvd, Suite 100",Palm Beach Gardens,FL,,US,,1787803200,2026-08-27,35,2026-10-01,1787924821,2026-08-28,34,False,26.8416051,-80.13245739999999,481080565976,id:260063311,store:09828,Shift Supervisor,onsite,"6231 PGA Blvd, Suite 100, Palm Beach Gardens, Florida, United States",1,FL,CONUS_L0_001_007,1
2026-10-01,260066532,https://apply.starbucks.com/careers/job/481080679833,"barista - Store# 22553, 1815 PALM BEACH LAKES BLVD",BARISTA,22553,1815 PALM BEACH LAKES BLVD,"1815 Palm Beach Lakes Blvd, 05",West Palm Beach,FL,,US,,1788321600,2026-09-02,29,2026-10-01,1788358061,2026-09-02,29,False,26.7218689,-80.0877047,481080679833,id:260066532,store:22553,Barista,onsite,"1815 Palm Beach Lakes Blvd, 05, West Palm Beach, Florida, United States",1,FL,CONUS_L0_001_007;CONUS_L0_001_008,2
2026-10-01,260071117,https://apply.starbucks.com/careers/job/481080742368,"shift supervisor - Store# 22553, 1815 PALM BEACH LAKES BLVD",SHIFT_SUPERVISOR,22553,1815 PALM BEACH LAKES BLVD,"1815 Palm Beach Lakes Blvd, 05",West Palm Beach,FL,,US,,1788667200,2026-09-06,25,2026-10-01,1788788960,2026-09-07,24,False,26.7218689,-80.0877047,481080742368,id:260071117,store:22553,Shift Supervisor,onsite,"1815 Palm Beach Lakes Blvd, 05, West Palm Beach, Florida, United States",1,FL,CONUS_L0_001_007;CONUS_L0_001_008,2
2026-10-01,260068054,https://apply.starbucks.com/careers/job/481080699950,"barista - Store# 22553, 1815 PALM BEACH LAKES BLVD",BARISTA,22553,1815 PALM BEACH LAKES BLVD,"1815 Palm Beach Lakes Blvd, 05",West Palm Beach,FL,,US,,1788321600,2026-09-02,29,2026-10-01,1788456879,2026-09-03,28,False,26.7218689,-80.0877047,481080699950,id:260068054,store:22553,Barista,onsite,"1815 Palm Beach Lakes Blvd, 05, West Palm Beach, Florida, United States",1,FL,CONUS_L0_001_007;CONUS_L0_001_008,2
2026-10-01,260062470,https://apply.starbucks.com/careers/job/481080494313,"shift supervisor - Store# 56632, US 27 & POSNER",SHIFT_SUPERVISOR,56632,US 27 & POSNER,1101 Posner Blvd,Davenport,FL,,US,,1787630400,2026-08-25,37,2026-10-01,1787752245,2026-08-26,36,False,28.2248271,-81.6445407,481080494313,id:260062470,store:56632,Shift Supervisor,onsite,"1101 Posner Blvd, Davenport, Florida, United States",1,FL,CONUS_L0_001_007,1
2026-10-01,260071426,https://apply.starbucks.com/careers/job/481080752140,"barista - Store# 56632, US 27 & POSNER",BARISTA,56632,US 27 & POSNER,1101 Posner Blvd,Davenport,FL,,US,,1788753600,2026-09-07,24,2026-10-01,1788875063,2026-09-08,23,False,28.2248271,-81.6445407,481080752140,id:260071426,store:56632,Barista,onsite,"1101 Posner Blvd, Davenport, Florida, United States",1,FL,CONUS_L0_001_007,1
2026-10-01,260063015,https://apply.starbucks.com/careers/job/481080565171,"shift supervisor - Store# 81616, ST LUCIE WEST & SW CASHMERE BLVD",SHIFT_SUPERVISOR,81616,ST LUCIE WEST & SW CASHMERE BLVD,920 SW St Lucie Blvd,Port Saint Lucie,FL,,US,,1787803200,2026-08-27,35,2026-10-01,1787924583,2026-08-28,34,False,27.31726,-80.379785,481080565171,id:260063015,store:81616,Shift Supervisor,onsite,"920 SW St Lucie Blvd, Port Saint Lucie, Florida, United States",1,FL,CONUS_L0_001_007,1
2026-10-01,260063295,https://apply.starbucks.com/careers/job/481080565903,"barista - Store# 81616, ST LUCIE WEST & SW CASHMERE BLVD",BARISTA,81616,ST LUCIE WEST & SW CASHMERE BLVD,920 SW St Lucie Blvd,Port Saint Lucie,FL,,US,,1787803200,2026-08-27,35,2026-10-01,1787924808,2026-08-28,34,False,27.31726,-80.379785,481080565903,id:260063295,store:81616,Barista,onsite,"920 SW St Lucie Blvd, Port Saint Lucie, Florida, United States",1,FL,CONUS_L0_001_007,1
2026-10-01,260059296,https://apply.starbucks.com/careers/job/481079980618,"shift supervisor - Store# 10153, DIXIE HWY & LUCERNE AVE",SHIFT_SUPERVISOR,10153,DIXIE HWY & LUCERNE AVE,127 N Dixie Hwy,Lake Worth,FL,,US,,1785643200,2026-08-02,60,2026-10-01,1785753172,2026-08-03,59,False,26.6176784,-80.05763979999999,481079980618,id:260059296,store:10153,Shift Supervisor,onsite,"127 N Dixie Hwy, Lake Worth, Florida, United States",1,FL,CONUS_L0_001_007;CONUS_L0_001_008,2
2026-10-01,260074154,https://apply.starbucks.com/careers/job/481080813927,"barista - Store# 10153, DIXIE HWY & LUCERNE AVE",BARISTA,10153,DIXIE HWY & LUCERNE AVE,127 N Dixie Hwy,Lake Worth,FL,,US,,1789185600,2026-09-12,19,2026-10-01,1789307571,2026-09-13,18,False,26.6176784,-80.05763979999999,481080813927,id:260074154,store:10153,Barista,onsite,"127 N Dixie Hwy, Lake Worth, Florida, United States",1,FL,CONUS_L0_001_007;CONUS_L0_001_008,2
2026-10-01,260059366,https://apply.starbucks.com/careers/job/481079983003,"barista - Store# 49794, PORT ST LUCIE BLVD & WAYNE ST",BARISTA,49794,PORT ST LUCIE BLVD & WAYNE ST,179 SW Port St Lucie Blvd,Port Saint Lucie,FL,,US,,1785643200,2026-08-02,60,2026-10-01,1785764570,2026-08-03,59,False,27.2740431,-80.3478686,481079983003,id:260059366,store:49794,Barista,onsite,"179 SW Port St Lucie Blvd, Port Saint Lucie, Florida, United States",1,FL,CONUS_L0_001_007,1
2026-10-01,260068573,https://apply.starbucks.com/careers/job/481080709907,"shift supervisor - Store# 49794, PORT ST LUCIE BLVD & WAYNE ST",SHIFT_SUPERVISOR,49794,PORT ST LUCIE BLVD & WAYNE ST,179 SW Port St Lucie Blvd,Port Saint Lucie,FL,,US,,1788408000,2026-09-03,28,2026-10-01,1788529853,2026-09-04,27,False,27.2740431,-80.3478686,481080709907,id:260068573,store:49794,Shift Supervisor,onsite,"179 SW Port St Lucie Blvd, Port Saint Lucie, Florida, United States",1,FL,CONUS_L0_001_007,1
2026-10-01,260064807,https://apply.starbucks.com/careers/job/481080613749,"shift supervisor - Store# 14230, OKEECHOBEE BLVD & I-95",SHIFT_SUPERVISOR,14230,OKEECHOBEE BLVD & I-95,1870 Okeechobee Blvd,West Palm Beach,FL,,US,,1788062400,2026-08-30,32,2026-10-01,1788184125,2026-08-31,31,False,26.7059,-80.07987,481080613749,id:260064807,store:14230,Shift Supervisor,onsite,"1870 Okeechobee Blvd, West Palm Beach, Florida, United States",1,FL,CONUS_L0_001_007;CONUS_L0_001_008,2
2026-10-01,260078431,https://apply.starbucks.com/careers/job/481080936339,"barista - Store# 14230, OKEECHOBEE BLVD & I-95",BARISTA,14230,OKEECHOBEE BLVD & I-95,1870 Okeechobee Blvd,West Palm Beach,FL,,US,,1789876800,2026-09-20,11,2026-10-01,1789998265,2026-09-21,10,False,26.7059,-80.07987,481080936339,id:260078431,store:14230,Barista,onsite,"1870 Okeechobee Blvd, West Palm Beach, Florida, United States",1,FL,CONUS_L0_001_007;CONUS_L0_001_008,2
2026-10-01,260062242,https://apply.starbucks.com/careers/job/481080460479,"barista - Store# 02910, NORTHLAKE BLVD & I-95",BARISTA,02910,NORTHLAKE BLVD & I-95,3866 Northlake Blvd,West Palm Beach,FL,,US,,1787544000,2026-08-24,38,2026-10-01,1787665419,2026-08-25,37,False,26.8080984,-80.0961033,481080460479,id:260062242,store:02910,Barista,onsite,"3866 Northlake Blvd, West Palm Beach, Florida, United States",1,FL,CONUS_L0_001_007;CONUS_L0_001_008,2
2026-10-01,260075414,https://apply.starbucks.com/careers/job/481080821637,"shift supervisor - Store# 02910, NORTHLAKE BLVD & I-95",SHIFT_SUPERVISOR,02910,NORTHLAKE BLVD & I-95,3866 Northlake Blvd,West Palm Beach,FL,,US,,1789272000,2026-09-13,18,2026-10-01,1789394917,2026-09-14,17,False,26.8080984,-80.0961033,481080821637,id:260075414,store:02910,Shift Supervisor,onsite,"3866 Northlake Blvd, West Palm Beach, Florida, United States",1,FL,CONUS_L0_001_007;CONUS_L0_001_008,2
2026-10-01,260053578,https://apply.starbucks.com/careers/job/481079351666,"barista - Store# 08282, GARDEN SQUARE SHOPS",BARISTA,08282,GARDEN SQUARE SHOPS,10925 N Military Trl,Palm Beach Gardens,FL,,US,,1783396800,2026-07-07,86,2026-10-01,1783518164,2026-07-08,85,False,26.8400023,-80.1064664,481079351666,id:260053578,store:08282,Barista,onsite,"10925 N Military Trl, Palm Beach Gardens, Florida, United States",1,FL,CONUS_L0_001_007,1
2026-10-01,260077451,https://apply.starbucks.com/careers/job/481080891087,"shift supervisor - Store# 08282, GARDEN SQUARE SHOPS",SHIFT_SUPERVISOR,08282,GARDEN SQUARE SHOPS,10925 N Military Trl,Palm Beach Gardens,FL,,US,,1789617600,2026-09-17,14,2026-10-01,1789739166,2026-09-18,13,False,26.8400023,-80.1064664,481080891087,id:260077451,store:08282,Shift Supervisor,onsite,"10925 N Military Trl, Palm Beach Gardens, Florida, United States",1,FL,CONUS_L0_001_007,1
2026-10-01,260057981,https://apply.starbucks.com/careers/job/481079710356,"barista - Store# 63556, BELVEDERE RD & S. DIXIE HWY",BARISTA,63556,BELVEDERE RD & S. DIXIE HWY,2715 S Dixie Hwy,West Palm Beach,FL,,US,,1784779200,2026-07-23,70,2026-10-01,1784900733,2026-07-24,69,False,26.69007,-80.05473,481079710356,id:260057981,store:63556,Barista,onsite,"2715 S Dixie Hwy, West Palm Beach, Florida, United States",1,FL,CONUS_L0_001_007;CONUS_L0_001_008,2
2026-10-01,260074284,https://apply.starbucks.com/careers/job/481080814120,"shift supervisor - Store# 63556, BELVEDERE RD & S. DIXIE HWY",SHIFT_SUPERVISOR,63556,BELVEDERE RD & S. DIXIE HWY,2715 S Dixie Hwy,West Palm Beach,FL,,US,,1789185600,2026-09-12,19,2026-10-01,1789307692,2026-09-13,18,False,26.69007,-80.05473,481080814120,id:260074284,store:63556,Shift Supervisor,onsite,"2715 S Dixie Hwy, West Palm Beach, Florida, United States",1,FL,CONUS_L0_001_007;CONUS_L0_001_008,2
2026-10-01,260059883,https://apply.starbucks.com/careers/job/481080079064,"shift supervisor - Store# 49081, ALTON TOWN CENTER",SHIFT_SUPERVISOR,49081,ALTON TOWN CENTER,"5400 Donald Ross Rd, 110",Palm Beach Gardens,FL,,US,,1786161600,2026-08-08,54,2026-10-01,1786283178,2026-08-09,53,False,26.8825,-80.11737,481080079064,id:260059883,store:49081,Shift Supervisor,onsite,"5400 Donald Ross Rd, 110, Palm Beach Gardens, Florida, United States",1,FL,CONUS_L0_001_007,1
2026-10-01,260078784,https://apply.starbucks.com/careers/job/481080949864,"barista - Store# 49081, ALTON TOWN CENTER",BARISTA,49081,ALTON TOWN CENTER,"5400 Donald Ross Rd, 110",Palm Beach Gardens,FL,,US,,1789963200,2026-09-21,10,2026-10-01,1790084544,2026-09-22,9,False,26.8825,-80.11737,481080949864,id:260078784,store:49081,Barista,onsite,"5400 Donald Ross Rd, 110, Palm Beach Gardens, Florida, United States",1,FL,CONUS_L0_001_007,1
2026-10-01,260053462,https://apply.starbucks.com/careers/job/481079320307,"barista - Store# 08283, S ROSEMARY AVE & HIBISCUS ST",BARISTA,08283,S ROSEMARY AVE & HIBISCUS ST,"701 S Rosemary Ave, Ste 159",West Palm Beach,FL,,US,,1783310400,2026-07-06,87,2026-10-01,1783432096,2026-07-07,86,False,26.708268,-80.05728289999999,481079320307,id:260053462,store:08283,Barista,onsite,"701 S Rosemary Ave, Ste 159, West Palm Beach, Florida, United States",1,FL,CONUS_L0_001_007;CONUS_L0_001_008,2
2026-10-01,260077653,https://apply.starbucks.com/careers/job/481080891425,"shift supervisor - Store# 08283, S ROSEMARY AVE & HIBISCUS ST",SHIFT_SUPERVISOR,08283,S ROSEMARY AVE & HIBISCUS ST,"701 S Rosemary Ave, Ste 159",West Palm Beach,FL,,US,,1789617600,2026-09-17,14,2026-10-01,1789739340,2026-09-18,13,False,26.708268,-80.05728289999999,481080891425,id:260077653,store:08283,Shift Supervisor,onsite,"701 S Rosemary Ave, Ste 159, West Palm Beach, Florida, United States",1,FL,CONUS_L0_001_007;CONUS_L0_001_008,2
2026-10-01,260063611,https://apply.starbucks.com/careers/job/481080567487,"shift supervisor - Store# 09876, INDIANTOWN & 67TH RD",SHIFT_SUPERVISOR,09876,INDIANTOWN & 67TH RD,2770 W Indiantown Rd,Jupiter,FL,,US,,1787803200,2026-08-27,35,2026-10-01,1787925061,2026-08-28,34,False,26.93408,-80.13799,481080567487,id:260063611,store:09876,Shift Supervisor,onsite,"2770 W Indiantown Rd, Jupiter, Florida, United States",1,FL,CONUS_L0_001_007,1
2026-10-01,260074359,https://apply.starbucks.com/careers/job/481080814265,"barista - Store# 09876, INDIANTOWN & 67TH RD",BARISTA,09876,INDIANTOWN & 67TH RD,2770 W Indiantown Rd,Jupiter,FL,,US,,1789185600,2026-09-12,19,2026-10-01,1789307763,2026-09-13,18,False,26.93408,-80.13799,481080814265,id:260074359,store:09876,Barista,onsite,"2770 W Indiantown Rd, Jupiter, Florida, United States",1,FL,CONUS_L0_001_007,1
2026-10-01,260061045,https://apply.starbucks.com/careers/job/481080215351,"store manager - West Palm Beach, FL",STORE_MANAGER,,,,West Palm Beach,FL,,US,,1790800739,2026-09-30,1,2026-10-01,1787013471,2026-08-17,45,True,26.7153424,-80.0533746,481080215351,id:260061045,,Coffeehouse Leader,onsite,"West Palm Beach, Florida, United States",1,FL,CONUS_L0_001_007;CONUS_L0_001_008,2
2026-10-01,260059214,https://apply.starbucks.com/careers/job/481079980519,"barista - Store# 08258, CLEMATIS STREET",BARISTA,08258,CLEMATIS STREET,226 Clematis St,West Palm Beach,FL,,US,,1785643200,2026-08-02,60,2026-10-01,1785753104,2026-08-03,59,False,26.713209,-80.051662,481079980519,id:260059214,store:08258,Barista,onsite,"226 Clematis St, West Palm Beach, Florida, United States",1,FL,CONUS_L0_001_007;CONUS_L0_001_008,2
2026-10-01,260077299,https://apply.starbucks.com/careers/job/481080890872,"shift supervisor - Store# 08258, CLEMATIS STREET",SHIFT_SUPERVISOR,08258,CLEMATIS STREET,226 Clematis St,West Palm Beach,FL,,US,,1789617600,2026-09-17,14,2026-10-01,1789739034,2026-09-18,13,False,26.713209,-80.051662,481080890872,id:260077299,store:08258,Shift Supervisor,onsite,"226 Clematis St, West Palm Beach, Florida, United States",1,FL,CONUS_L0_001_007;CONUS_L0_001_008,2
2026-10-01,260077819,https://apply.starbucks.com/careers/job/481080891694,"shift supervisor - Store# 08465, ABACOA PLAZA",SHIFT_SUPERVISOR,08465,ABACOA PLAZA,"5500 Military Trl, Abacoa Plaza",Jupiter,FL,,US,,1789617600,2026-09-17,14,2026-10-01,1789739481,2026-09-18,13,False,26.8840155,-80.1061433,481080891694,id:260077819,store:08465,Shift Supervisor,onsite,"5500 Military Trl, Abacoa Plaza, Jupiter, Florida, United States",1,FL,CONUS_L0_001_007,1
2026-10-01,260077901,https://apply.starbucks.com/careers/job/481080922988,"barista - Store# 08465, ABACOA PLAZA",BARISTA,08465,ABACOA PLAZA,"5500 Military Trl, Abacoa Plaza",Jupiter,FL,,US,,1789790400,2026-09-19,12,2026-10-01,1789911575,2026-09-20,11,False,26.8840155,-80.1061433,481080922988,id:260077901,store:08465,Barista,onsite,"5500 Military Trl, Abacoa Plaza, Jupiter, Florida, United States",1,FL,CONUS_L0_001_007,1
2026-10-01,260064634,https://apply.starbucks.com/careers/job/481080613719,"shift supervisor - Store# 11253, GARDENS MALL II",SHIFT_SUPERVISOR,11253,GARDENS MALL II,"3101 PGA Boulevard, P229",Palm Beach Gardens,FL,,US,,1788062400,2026-08-30,32,2026-10-01,1788183977,2026-08-31,31,False,26.84848,-80.08497,481080613719,id:260064634,store:11253,Shift Supervisor,onsite,"3101 PGA Boulevard, P229, Palm Beach Gardens, Florida, United States",1,FL,CONUS_L0_001_007;CONUS_L0_001_008,2
2026-10-01,260071919,https://apply.starbucks.com/careers/job/481080764833,"barista - Store# 11253, GARDENS MALL II",BARISTA,11253,GARDENS MALL II,"3101 PGA Boulevard, P229",Palm Beach Gardens,FL,,US,,1788840000,2026-09-08,23,2026-10-01,1788961510,2026-09-09,22,False,26.84848,-80.08497,481080764833,id:260071919,store:11253,Barista,onsite,"3101 PGA Boulevard, P229, Palm Beach Gardens, Florida, United States",1,FL,CONUS_L0_001_007;CONUS_L0_001_008,2
2026-10-01,260067832,https://apply.starbucks.com/careers/job/481080699723,"barista - Store# 11613, WORTH AVE & OCEAN BLVD.",BARISTA,11613,WORTH AVE & OCEAN BLVD.,"150 Worth Ave, Bay 110",Palm Beach,FL,,US,,1788321600,2026-09-02,29,2026-10-01,1788456666,2026-09-03,28,False,26.70059,-80.03534,481080699723,id:260067832,store:11613,Barista,onsite,"150 Worth Ave, Bay 110, Palm Beach, Florida, United States",1,FL,CONUS_L0_001_007;CONUS_L0_001_008,2
2026-10-01,260064393,https://apply.starbucks.com/careers/job/481080613161,"shift supervisor - Store# 11613, WORTH AVE & OCEAN BLVD.",SHIFT_SUPERVISOR,11613,WORTH AVE & OCEAN BLVD.,"150 Worth Ave, Bay 110",Palm Beach,FL,,US,,1788062400,2026-08-30,32,2026-10-01,1788183777,2026-08-31,31,False,26.70059,-80.03534,481080613161,id:260064393,store:11613,Shift Supervisor,onsite,"150 Worth Ave, Bay 110, Palm Beach, Florida, United States",1,FL,CONUS_L0_001_007;CONUS_L0_001_008,2
2026-10-01,260069597,https://apply.starbucks.com/careers/job/481080730461,"shift supervisor - Store# 08867, MONTEREY RD & FEDERAL HWY",SHIFT_SUPERVISOR,08867,MONTEREY RD & FEDERAL HWY,2294 SE Federal Hwy,Stuart,FL,,US,,1788580800,2026-09-05,26,2026-10-01,1788702227,2026-09-06,25,False,27.17666,-80.23615,481080730461,id:260069597,store:08867,Shift Supervisor,onsite,"2294 SE Federal Hwy, Stuart, Florida, United States",1,FL,CONUS_L0_001_007,1
2026-10-01,260057621,https://apply.starbucks.com/careers/job/481079627266,"barista - Store# 70460, US27 & 4 CORNERS BLVD",BARISTA,70460,US27 & 4 CORNERS BLVD,1217 Finley Ave,Davenport,FL,,US,,1784520000,2026-07-20,73,2026-10-01,1784642469,2026-07-21,72,False,28.274784,-81.66275,481079627266,id:260057621,store:70460,Barista,onsite,"1217 Finley Ave, Davenport, Florida, United States",1,FL,CONUS_L0_001_007;CONUS_L0_002_008,2
2026-10-01,260055193,https://apply.starbucks.com/careers/job/481079453683,"shift supervisor - Store# 70460, US27 & 4 CORNERS BLVD",SHIFT_SUPERVISOR,70460,US27 & 4 CORNERS BLVD,1217 Finley Ave,Davenport,FL,,US,,1783828800,2026-07-12,81,2026-10-01,1783950405,2026-07-13,80,False,28.274784,-81.66275,481079453683,id:260055193,store:70460,Shift Supervisor,onsite,"1217 Finley Ave, Davenport, Florida, United States",1,FL,CONUS_L0_001_007;CONUS_L0_002_008,2
2026-10-01,260071334,https://apply.starbucks.com/careers/job/481080742698,"shift supervisor - Store# 66198, PLEASANT HILL RD & REAVES RD",SHIFT_SUPERVISOR,66198,PLEASANT HILL RD & REAVES RD,3345 Pleasant Hill Rd,Kissimmee,FL,,US,,1788667200,2026-09-06,25,2026-10-01,1788789135,2026-09-07,24,False,28.19778,-81.43935,481080742698,id:260071334,store:66198,Shift Supervisor,onsite,"3345 Pleasant Hill Rd, Kissimmee, Florida, United States",1,FL,CONUS_L0_001_007;CONUS_L0_002_008,2
2026-10-01,260071382,https://apply.starbucks.com/careers/job/481080752054,"barista - Store# 66198, PLEASANT HILL RD & REAVES RD",BARISTA,66198,PLEASANT HILL RD & REAVES RD,3345 Pleasant Hill Rd,Kissimmee,FL,,US,,1788753600,2026-09-07,24,2026-10-01,1788875019,2026-09-08,23,False,28.19778,-81.43935,481080752054,id:260071382,store:66198,Barista,onsite,"3345 Pleasant Hill Rd, Kissimmee, Florida, United States",1,FL,CONUS_L0_001_007;CONUS_L0_002_008,2
2026-10-01,260063753,https://apply.starbucks.com/careers/job/481080567658,"shift supervisor - Store# 08864, US 1 & BRITT ROAD",SHIFT_SUPERVISOR,08864,US 1 & BRITT ROAD,2537 NW Federal Hwy,Stuart,FL,,US,,1787803200,2026-08-27,35,2026-10-01,1787925174,2026-08-28,34,False,27.2365141,-80.26825199999999,481080567658,id:260063753,store:08864,Shift Supervisor,onsite,"2537 NW Federal Hwy, Stuart, Florida, United States",1,FL,CONUS_L0_001_007,1
2026-10-01,260063748,https://apply.starbucks.com/careers/job/481080567635,"barista - Store# 08864, US 1 & BRITT ROAD",BARISTA,08864,US 1 & BRITT ROAD,2537 NW Federal Hwy,Stuart,FL,,US,,1787803200,2026-08-27,35,2026-10-01,1787925170,2026-08-28,34,False,27.2365141,-80.26825199999999,481080567635,id:260063748,store:08864,Barista,onsite,"2537 NW Federal Hwy, Stuart, Florida, United States",1,FL,CONUS_L0_001_007,1
2026-10-01,260072175,https://apply.starbucks.com/careers/job/481080765314,"shift supervisor - Store# 66116, OSCEOLA POLK LINE & HERITAGE PASS",SHIFT_SUPERVISOR,66116,OSCEOLA POLK LINE & HERITAGE PASS,7963 Osceola Polk Line Rd,Davenport,FL,,US,,1788840000,2026-09-08,23,2026-10-01,1788961719,2026-09-09,22,False,28.26037,-81.60714,481080765314,id:260072175,store:66116,Shift Supervisor,onsite,"7963 Osceola Polk Line Rd, Davenport, Florida, United States",1,FL,CONUS_L0_001_007;CONUS_L0_002_008,2
2026-10-01,260057599,https://apply.starbucks.com/careers/job/481079627245,"barista - Store# 66116, OSCEOLA POLK LINE & HERITAGE PASS",BARISTA,66116,OSCEOLA POLK LINE & HERITAGE PASS,7963 Osceola Polk Line Rd,Davenport,FL,,US,,1784520000,2026-07-20,73,2026-10-01,1784642449,2026-07-21,72,False,28.26037,-81.60714,481079627245,id:260057599,store:66116,Barista,onsite,"7963 Osceola Polk Line Rd, Davenport, Florida, United States",1,FL,CONUS_L0_001_007;CONUS_L0_002_008,2
2026-10-01,260064139,https://apply.starbucks.com/careers/job/481080612680,"shift supervisor - Store# 13565, INDIAN CREEK PKWY & MILITARY TRAIL-JUPIT",SHIFT_SUPERVISOR,13565,INDIAN CREEK PKWY & MILITARY TRAIL-JUPIT,"2525 Military Trail, Ste 101",Jupiter,FL,,US,,1788062400,2026-08-30,32,2026-10-01,1788183566,2026-08-31,31,False,26.9109253,-80.1017289,481080612680,id:260064139,store:13565,Shift Supervisor,onsite,"2525 Military Trail, Ste 101, Jupiter, Florida, United States",1,FL,CONUS_L0_001_007,1
2026-10-01,260070012,https://apply.starbucks.com/careers/job/481080730945,"barista - Store# 13565, INDIAN CREEK PKWY & MILITARY TRAIL-JUPIT",BARISTA,13565,INDIAN CREEK PKWY & MILITARY TRAIL-JUPIT,"2525 Military Trail, Ste 101",Jupiter,FL,,US,,1788580800,2026-09-05,26,2026-10-01,1788702555,2026-09-06,25,False,26.9109253,-80.1017289,481080730945,id:260070012,store:13565,Barista,onsite,"2525 Military Trail, Ste 101, Jupiter, Florida, United States",1,FL,CONUS_L0_001_007,1
2026-10-01,260058331,https://apply.starbucks.com/careers/job/481079849886,"shift supervisor - Store# 13610, COVE RD & US HWY 1-STUART",SHIFT_SUPERVISOR,13610,COVE RD & US HWY 1-STUART,5932 SE Federal Hwy,Stuart,FL,,US,,1784952000,2026-07-25,68,2026-10-01,1785073570,2026-07-26,67,False,27.13237,-80.20614,481079849886,id:260058331,store:13610,Shift Supervisor,onsite,"5932 SE Federal Hwy, Stuart, Florida, United States",1,FL,CONUS_L0_001_007,1
2026-10-01,260060615,https://apply.starbucks.com/careers/job/481080162937,"barista - Store# 13610, COVE RD & US HWY 1-STUART",BARISTA,13610,COVE RD & US HWY 1-STUART,5932 SE Federal Hwy,Stuart,FL,,US,,1786593600,2026-08-13,49,2026-10-01,1786715134,2026-08-14,48,False,27.13237,-80.20614,481080162937,id:260060615,store:13610,Barista,onsite,"5932 SE Federal Hwy, Stuart, Florida, United States",1,FL,CONUS_L0_001_007,1
2026-10-01,260080567,https://apply.starbucks.com/careers/job/481081091688,"barista - Store# 57877, OKEECHOBEE ROAD & JENKINS RD",BARISTA,57877,OKEECHOBEE ROAD & JENKINS RD,5550 Okeechobee Rd,Fort Pierce,FL,,US,,1790740800,2026-09-30,1,2026-10-01,1790836058,2026-10-01,0,False,27.41874,-80.38045,481081091688,id:260080567,store:57877,Barista,onsite,"5550 Okeechobee Rd, Fort Pierce, Florida, United States",1,FL,CONUS_L0_001_007,1
2026-10-01,260059851,https://apply.starbucks.com/careers/job/481080079005,"shift supervisor - Store# 57877, OKEECHOBEE ROAD & JENKINS RD",SHIFT_SUPERVISOR,57877,OKEECHOBEE ROAD & JENKINS RD,5550 Okeechobee Rd,Fort Pierce,FL,,US,,1786161600,2026-08-08,54,2026-10-01,1786283150,2026-08-09,53,False,27.41874,-80.38045,481080079005,id:260059851,store:57877,Shift Supervisor,onsite,"5550 Okeechobee Rd, Fort Pierce, Florida, United States",1,FL,CONUS_L0_001_007,1
2026-10-01,260074744,https://apply.starbucks.com/careers/job/481080820529,"barista - Store# 02894, PGA & US HWY 1",BARISTA,02894,PGA & US HWY 1,11600 US Hwy 1,North Palm Beach,FL,,US,,1789272000,2026-09-13,18,2026-10-01,1789394325,2026-09-14,17,False,26.8462295,-80.06007360000001,481080820529,id:260074744,store:02894,Barista,onsite,"11600 US Hwy 1, North Palm Beach, Florida, United States",1,FL,CONUS_L0_001_007;CONUS_L0_001_008,2
2026-10-01,260075247,https://apply.starbucks.com/careers/job/481080821445,"shift supervisor - Store# 02894, PGA & US HWY 1",SHIFT_SUPERVISOR,02894,PGA & US HWY 1,11600 US Hwy 1,North Palm Beach,FL,,US,,1789272000,2026-09-13,18,2026-10-01,1789394771,2026-09-14,17,False,26.8462295,-80.06007360000001,481080821445,id:260075247,store:02894,Shift Supervisor,onsite,"11600 US Hwy 1, North Palm Beach, Florida, United States",1,FL,CONUS_L0_001_007;CONUS_L0_001_008,2
2026-10-01,260065842,https://apply.starbucks.com/careers/job/481080678391,"shift supervisor - Store# 22266, FISHERMAN'S WHARF",SHIFT_SUPERVISOR,22266,FISHERMAN'S WHARF,"287 E Indiantown Road, B-10",Jupiter,FL,,US,,1788321600,2026-09-02,29,2026-10-01,1788357444,2026-09-02,29,False,26.93467,-80.08825,481080678391,id:260065842,store:22266,Shift Supervisor,onsite,"287 E Indiantown Road, B-10, Jupiter, Florida, United States",1,FL,CONUS_L0_001_007,1
2026-10-01,260058646,https://apply.starbucks.com/careers/job/481079907068,"barista - Store# 22266, FISHERMAN'S WHARF",BARISTA,22266,FISHERMAN'S WHARF,"287 E Indiantown Road, B-10",Jupiter,FL,,US,,1785124800,2026-07-27,66,2026-10-01,1785246160,2026-07-28,65,False,26.93467,-80.08825,481079907068,id:260058646,store:22266,Barista,onsite,"287 E Indiantown Road, B-10, Jupiter, Florida, United States",1,FL,CONUS_L0_001_007,1
2026-10-01,260072987,https://apply.starbucks.com/careers/job/481080797563,"barista - Store# 79927, US HWY 27 & SAND MINE",BARISTA,79927,US HWY 27 & SAND MINE,"49591 Hwy 27, Ste 101",Davenport,FL,,US,,1789012800,2026-09-10,21,2026-10-01,1789135520,2026-09-11,20,False,28.310719,-81.666809,481080797563,id:260072987,store:79927,Barista,onsite,"49591 Hwy 27, Ste 101, Davenport, Florida, United States",1,FL,CONUS_L0_001_007;CONUS_L0_002_008,2
2026-10-01,260061152,https://apply.starbucks.com/careers/job/481080228986,"shift supervisor - Store# 79927, US HWY 27 & SAND MINE",SHIFT_SUPERVISOR,79927,US HWY 27 & SAND MINE,"49591 Hwy 27, Ste 101",Davenport,FL,,US,,1786939200,2026-08-17,45,2026-10-01,1787060544,2026-08-18,44,False,28.310719,-81.666809,481080228986,id:260061152,store:79927,Shift Supervisor,onsite,"49591 Hwy 27, Ste 101, Davenport, Florida, United States",1,FL,CONUS_L0_001_007;CONUS_L0_002_008,2
2026-10-01,260064077,https://apply.starbucks.com/careers/job/481080594498,"barista - Store# 63406, COUNTY LINE RD & MARINER BLVD",BARISTA,63406,COUNTY LINE RD & MARINER BLVD,190 Mariner Blvd,Spring Hill,FL,,US,,1787976000,2026-08-29,33,2026-10-01,1788097408,2026-08-30,32,False,28.4354854,-82.5480252,481080594498,id:260064077,store:63406,Barista,onsite,"190 Mariner Blvd, Spring Hill, Florida, United States",1,FL,CONUS_L0_001_007,1
2026-10-01,260074201,https://apply.starbucks.com/careers/job/481080813987,"shift supervisor - Store# 63406, COUNTY LINE RD & MARINER BLVD",SHIFT_SUPERVISOR,63406,COUNTY LINE RD & MARINER BLVD,190 Mariner Blvd,Spring Hill,FL,,US,,1789185600,2026-09-12,19,2026-10-01,1789307614,2026-09-13,18,False,28.4354854,-82.5480252,481080813987,id:260074201,store:63406,Shift Supervisor,onsite,"190 Mariner Blvd, Spring Hill, Florida, United States",1,FL,CONUS_L0_001_007,1
2026-10-01,260055272,https://apply.starbucks.com/careers/job/481079453799,"barista - Store# 68130, US 1 & VILLAGE BLVD- TEQUESTA",BARISTA,68130,US 1 & VILLAGE BLVD- TEQUESTA,710 N US Highway 1,Jupiter,FL,,US,,1783828800,2026-07-12,81,2026-10-01,1783950463,2026-07-13,80,False,26.96589,-80.08615,481079453799,id:260055272,store:68130,Barista,onsite,"710 N US Highway 1, Jupiter, Florida, United States",1,FL,CONUS_L0_001_007,1
2026-10-01,260072660,https://apply.starbucks.com/careers/job/481080796098,"shift supervisor - Store# 68130, US 1 & VILLAGE BLVD- TEQUESTA",SHIFT_SUPERVISOR,68130,US 1 & VILLAGE BLVD- TEQUESTA,710 N US Highway 1,Jupiter,FL,,US,,1789012800,2026-09-10,21,2026-10-01,1789135242,2026-09-11,20,False,26.96589,-80.08615,481080796098,id:260072660,store:68130,Shift Supervisor,onsite,"710 N US Highway 1, Jupiter, Florida, United States",1,FL,CONUS_L0_001_007,1
2026-10-01,260059398,https://apply.starbucks.com/careers/job/481079983049,"shift supervisor - Store# 68198, I-95 & SR60 - VERO BEACH",SHIFT_SUPERVISOR,68198,I-95 & SR60 - VERO BEACH,9110 20th St,Vero Beach,FL,,US,,1785643200,2026-08-02,60,2026-10-01,1785764598,2026-08-03,59,False,27.640706,-80.51494,481079983049,id:260059398,store:68198,Shift Supervisor,onsite,"9110 20th St, Vero Beach, Florida, United States",1,FL,CONUS_L0_001_007,1
2026-10-01,260065019,https://apply.starbucks.com/careers/job/481080658396,"barista - Store# 68198, I-95 & SR60 - VERO BEACH",BARISTA,68198,I-95 & SR60 - VERO BEACH,9110 20th St,Vero Beach,FL,,US,,1788148800,2026-08-31,31,2026-10-01,1788270437,2026-09-01,30,False,27.640706,-80.51494,481080658396,id:260065019,store:68198,Barista,onsite,"9110 20th St, Vero Beach, Florida, United States",1,FL,CONUS_L0_001_007,1
2026-10-01,260073354,https://apply.starbucks.com/careers/job/481080798356,"shift supervisor - Store# 81962, US-1 & VIRGINIA",SHIFT_SUPERVISOR,81962,US-1 & VIRGINIA,2039 S US Highway 1,Fort Pierce,FL,,US,,1789012800,2026-09-10,21,2026-10-01,1789135834,2026-09-11,20,False,27.4277039,-80.32598399999999,481080798356,id:260073354,store:81962,Shift Supervisor,onsite,"2039 S US Highway 1, Fort Pierce, Florida, United States",1,FL,CONUS_L0_001_007,1
2026-10-01,260078409,https://apply.starbucks.com/careers/job/481080936295,"barista - Store# 81962, US-1 & VIRGINIA",BARISTA,81962,US-1 & VIRGINIA,2039 S US Highway 1,Fort Pierce,FL,,US,,1789876800,2026-09-20,11,2026-10-01,1789998246,2026-09-21,10,False,27.4277039,-80.32598399999999,481080936295,id:260078409,store:81962,Barista,onsite,"2039 S US Highway 1, Fort Pierce, Florida, United States",1,FL,CONUS_L0_001_007,1
2026-10-01,260071615,https://apply.starbucks.com/careers/job/481080764407,"shift supervisor - Store# 78512, CANOE CREEK & PINE TREE DR",SHIFT_SUPERVISOR,78512,CANOE CREEK & PINE TREE DR,3345 Canoe Creek Rd,Saint Cloud,FL,,US,,1788840000,2026-09-08,23,2026-10-01,1788961269,2026-09-09,22,False,28.1968516,-81.29209929999999,481080764407,id:260071615,store:78512,Shift Supervisor,onsite,"3345 Canoe Creek Rd, Saint Cloud, Florida, United States",1,FL,CONUS_L0_001_007;CONUS_L0_002_008,2
2026-10-01,260071596,https://apply.starbucks.com/careers/job/481080764375,"barista - Store# 78512, CANOE CREEK & PINE TREE DR",BARISTA,78512,CANOE CREEK & PINE TREE DR,3345 Canoe Creek Rd,Saint Cloud,FL,,US,,1788840000,2026-09-08,23,2026-10-01,1788961253,2026-09-09,22,False,28.1968516,-81.29209929999999,481080764375,id:260071596,store:78512,Barista,onsite,"3345 Canoe Creek Rd, Saint Cloud, Florida, United States",1,FL,CONUS_L0_001_007;CONUS_L0_002_008,2
2026-10-01,260072977,https://apply.starbucks.com/careers/job/481080797551,"barista - Store# 81064, US 192 & WESTSIDE BLVD",BARISTA,81064,US 192 & WESTSIDE BLVD,9030 W Irlo Bronson Memorial Hwy,Kissimmee,FL,,US,,1789012800,2026-09-10,21,2026-10-01,1789135512,2026-09-11,20,False,28.3460521,-81.64934029999999,481080797551,id:260072977,store:81064,Barista,onsite,"9030 W Irlo Bronson Memorial Hwy, Kissimmee, Florida, United States",1,FL,CONUS_L0_001_007;CONUS_L0_002_008,2
2026-10-01,260072802,https://apply.starbucks.com/careers/job/481080796401,"shift supervisor - Store# 81064, US 192 & WESTSIDE BLVD",SHIFT_SUPERVISOR,81064,US 192 & WESTSIDE BLVD,9030 W Irlo Bronson Memorial Hwy,Kissimmee,FL,,US,,1789012800,2026-09-10,21,2026-10-01,1789135366,2026-09-11,20,False,28.3460521,-81.64934029999999,481080796401,id:260072802,store:81064,Shift Supervisor,onsite,"9030 W Irlo Bronson Memorial Hwy, Kissimmee, Florida, United States",1,FL,CONUS_L0_001_007;CONUS_L0_002_008,2
2026-10-01,260071644,https://apply.starbucks.com/careers/job/481080764503,"barista - Store# 13969, US HWY 27 & CROSSINGS BLVD-CLERMONT",BARISTA,13969,US HWY 27 & CROSSINGS BLVD-CLERMONT,628 Cagan View Rd,Clermont,FL,,US,,1788840000,2026-09-08,23,2026-10-01,1788961292,2026-09-09,22,False,28.35627,-81.67672,481080764503,id:260071644,store:13969,Barista,onsite,"628 Cagan View Rd, Clermont, Florida, United States",1,FL,CONUS_L0_001_007;CONUS_L0_002_008,2
2026-10-01,260080680,https://apply.starbucks.com/careers/job/481081091813,"shift supervisor - Store# 13969, US HWY 27 & CROSSINGS BLVD-CLERMONT",SHIFT_SUPERVISOR,13969,US HWY 27 & CROSSINGS BLVD-CLERMONT,628 Cagan View Rd,Clermont,FL,,US,,1790740800,2026-09-30,1,2026-10-01,1790836155,2026-10-01,0,False,28.35627,-81.67672,481081091813,id:260080680,store:13969,Shift Supervisor,onsite,"628 Cagan View Rd, Clermont, Florida, United States",1,FL,CONUS_L0_001_007;CONUS_L0_002_008,2
2026-10-01,260062045,https://apply.starbucks.com/careers/job/481080430524,"barista - Store# 63941, HWY 192 & OLD LAKE WILSON RD",BARISTA,63941,HWY 192 & OLD LAKE WILSON RD,2875 N Old Lake Wilson Rd,Kissimmee,FL,,US,,1787457600,2026-08-23,39,2026-10-01,1787579362,2026-08-24,38,False,28.33169,-81.58789,481080430524,id:260062045,store:63941,Barista,onsite,"2875 N Old Lake Wilson Rd, Kissimmee, Florida, United States",1,FL,CONUS_L0_001_007;CONUS_L0_002_008,2
2026-10-01,260062048,https://apply.starbucks.com/careers/job/481080430540,"shift supervisor - Store# 63941, HWY 192 & OLD LAKE WILSON RD",SHIFT_SUPERVISOR,63941,HWY 192 & OLD LAKE WILSON RD,2875 N Old Lake Wilson Rd,Kissimmee,FL,,US,,1787457600,2026-08-23,39,2026-10-01,1787579364,2026-08-24,38,False,28.33169,-81.58789,481080430540,id:260062048,store:63941,Shift Supervisor,onsite,"2875 N Old Lake Wilson Rd, Kissimmee, Florida, United States",1,FL,CONUS_L0_001_007;CONUS_L0_002_008,2
2026-10-01,260066515,https://apply.starbucks.com/careers/job/481080679719,"shift supervisor - Store# 11396, DOWNTOWN CELEBRATION",SHIFT_SUPERVISOR,11396,DOWNTOWN CELEBRATION,715 Bloom St,Kissimmee,FL,,US,,1788321600,2026-09-02,29,2026-10-01,1788358046,2026-09-02,29,False,28.31765,-81.5413,481080679719,id:260066515,store:11396,Shift Supervisor,onsite,"715 Bloom St, Kissimmee, Florida, United States",1,FL,CONUS_L0_001_007;CONUS_L0_002_008,2
2026-10-01,260067886,https://apply.starbucks.com/careers/job/481080699835,"barista - Store# 11396, DOWNTOWN CELEBRATION",BARISTA,11396,DOWNTOWN CELEBRATION,715 Bloom St,Kissimmee,FL,,US,,1788321600,2026-09-02,29,2026-10-01,1788456717,2026-09-03,28,False,28.31765,-81.5413,481080699835,id:260067886,store:11396,Barista,onsite,"715 Bloom St, Kissimmee, Florida, United States",1,FL,CONUS_L0_001_007;CONUS_L0_002_008,2
2026-10-01,260065736,https://apply.starbucks.com/careers/job/481080678120,"barista - Store# 11117, SR 60 & INDIAN RIVER MALL-VERO BCH",BARISTA,11117,SR 60 & INDIAN RIVER MALL-VERO BCH,"6280 20th St, Ste A",Vero Beach,FL,,US,,1788321600,2026-09-02,29,2026-10-01,1788357350,2026-09-02,29,False,27.6396118,-80.4566806,481080678120,id:260065736,store:11117,Barista,onsite,"6280 20th St, Ste A, Vero Beach, Florida, United States",1,FL,CONUS_L0_001_007,1
2026-10-01,260065950,https://apply.starbucks.com/careers/job/481080678486,"shift supervisor - Store# 11117, SR 60 & INDIAN RIVER MALL-VERO BCH",SHIFT_SUPERVISOR,11117,SR 60 & INDIAN RIVER MALL-VERO BCH,"6280 20th St, Ste A",Vero Beach,FL,,US,,1788321600,2026-09-02,29,2026-10-01,1788357539,2026-09-02,29,False,27.6396118,-80.4566806,481080678486,id:260065950,store:11117,Shift Supervisor,onsite,"6280 20th St, Ste A, Vero Beach, Florida, United States",1,FL,CONUS_L0_001_007,1
2026-10-01,260067181,https://apply.starbucks.com/careers/job/481080698792,"shift supervisor - Store# 13566, CELEBRATION & 192-KISSIMMEE",SHIFT_SUPERVISOR,13566,CELEBRATION & 192-KISSIMMEE,6091 W Irlo Bronson Memorial Hwy,Kissimmee,FL,,US,,1788321600,2026-09-02,29,2026-10-01,1788456054,2026-09-03,28,False,28.3339,-81.52875,481080698792,id:260067181,store:13566,Shift Supervisor,onsite,"6091 W Irlo Bronson Memorial Hwy, Kissimmee, Florida, United States",1,FL,CONUS_L0_001_007;CONUS_L0_002_008,2
2026-10-01,260070489,https://apply.starbucks.com/careers/job/481080741541,"barista - Store# 13566, CELEBRATION & 192-KISSIMMEE",BARISTA,13566,CELEBRATION & 192-KISSIMMEE,6091 W Irlo Bronson Memorial Hwy,Kissimmee,FL,,US,,1788667200,2026-09-06,25,2026-10-01,1788788459,2026-09-07,24,False,28.3339,-81.52875,481080741541,id:260070489,store:13566,Barista,onsite,"6091 W Irlo Bronson Memorial Hwy, Kissimmee, Florida, United States",1,FL,CONUS_L0_001_007;CONUS_L0_002_008,2
2026-10-01,260069749,https://apply.starbucks.com/careers/job/481080730635,"shift supervisor - Store# 57156, US 19 & BREAKWATER",SHIFT_SUPERVISOR,57156,US 19 & BREAKWATER,4667 Commercial Way,Spring Hill,FL,,US,,1788580800,2026-09-05,26,2026-10-01,1788702347,2026-09-06,25,False,28.49641,-82.59579,481080730635,id:260069749,store:57156,Shift Supervisor,onsite,"4667 Commercial Way, Spring Hill, Florida, United States",1,FL,CONUS_L0_001_007,1
2026-10-01,260059860,https://apply.starbucks.com/careers/job/481080079015,"barista - Store# 57156, US 19 & BREAKWATER",BARISTA,57156,US 19 & BREAKWATER,4667 Commercial Way,Spring Hill,FL,,US,,1786161600,2026-08-08,54,2026-10-01,1786283157,2026-08-09,53,False,28.49641,-82.59579,481080079015,id:260059860,store:57156,Barista,onsite,"4667 Commercial Way, Spring Hill, Florida, United States",1,FL,CONUS_L0_001_007,1
2026-10-01,260068321,https://apply.starbucks.com/careers/job/481080709288,"shift supervisor - Store# 27891, US 192 & OLD CANOE CREEK - ST. CLOUD",SHIFT_SUPERVISOR,27891,US 192 & OLD CANOE CREEK - ST. CLOUD,4108 13th St,Saint Cloud,FL,,US,,1788408000,2026-09-03,28,2026-10-01,1788529635,2026-09-04,27,False,28.2517181,-81.3128855,481080709288,id:260068321,store:27891,Shift Supervisor,onsite,"4108 13th St, Saint Cloud, Florida, United States",1,FL,CONUS_L0_001_007;CONUS_L0_002_008,2
2026-10-01,260078894,https://apply.starbucks.com/careers/job/481080964830,"barista - Store# 27891, US 192 & OLD CANOE CREEK - ST. CLOUD",BARISTA,27891,US 192 & OLD CANOE CREEK - ST. CLOUD,4108 13th St,Saint Cloud,FL,,US,,1790049600,2026-09-22,9,2026-10-01,1790171017,2026-09-23,8,False,28.2517181,-81.3128855,481080964830,id:260078894,store:27891,Barista,onsite,"4108 13th St, Saint Cloud, Florida, United States",1,FL,CONUS_L0_001_007;CONUS_L0_002_008,2
2026-10-01,260064274,https://apply.starbucks.com/careers/job/481080612977,"shift supervisor - Store# 11039, US 192 & ARMSTRONG-KISSIMMEE",SHIFT_SUPERVISOR,11039,US 192 & ARMSTRONG-KISSIMMEE,3721 W Vine St,Kissimmee,FL,,US,,1788062400,2026-08-30,32,2026-10-01,1788183679,2026-08-31,31,False,28.30488,-81.44097,481080612977,id:260064274,store:11039,Shift Supervisor,onsite,"3721 W Vine St, Kissimmee, Florida, United States",1,FL,CONUS_L0_001_007;CONUS_L0_002_008,2
2026-10-01,260056263,https://apply.starbucks.com/careers/job/481079497959,"barista - Store# 79957, HARTZOG RD & WESTERN WAY",BARISTA,79957,HARTZOG RD & WESTERN WAY,13336 Hartzog Rd,Winter Garden,FL,,US,,1784001600,2026-07-14,79,2026-10-01,1784123062,2026-07-15,78,False,28.3751781,-81.61602040000001,481079497959,id:260056263,store:79957,Barista,onsite,"13336 Hartzog Rd, Winter Garden, Florida, United States",1,FL,CONUS_L0_001_007;CONUS_L0_002_008,2
2026-10-01,260080224,https://apply.starbucks.com/careers/job/481081059030,"shift supervisor - Store# 79957, HARTZOG RD & WESTERN WAY",SHIFT_SUPERVISOR,79957,HARTZOG RD & WESTERN WAY,13336 Hartzog Rd,Winter Garden,FL,,US,,1790568000,2026-09-28,3,2026-10-01,1790689637,2026-09-29,2,False,28.3751781,-81.61602040000001,481081059030,id:260080224,store:79957,Shift Supervisor,onsite,"13336 Hartzog Rd, Winter Garden, Florida, United States",1,FL,CONUS_L0_001_007;CONUS_L0_002_008,2
2026-10-01,260079923,https://apply.starbucks.com/careers/job/481081029373,"shift supervisor - Store# 66197, US 192 & PARTIN SETTLEMENT",SHIFT_SUPERVISOR,66197,US 192 & PARTIN SETTLEMENT,2482 E Irlo Bronson Memorial Hwy,Kissimmee,FL,,US,,1790481600,2026-09-27,4,2026-10-01,1790603309,2026-09-28,3,False,28.27817,-81.34366,481081029373,id:260079923,store:66197,Shift Supervisor,onsite,"2482 E Irlo Bronson Memorial Hwy, Kissimmee, Florida, United States",1,FL,CONUS_L0_001_007;CONUS_L0_002_008,2
2026-10-01,260057880,https://apply.starbucks.com/careers/job/481079679777,"barista - Store# 66197, US 192 & PARTIN SETTLEMENT",BARISTA,66197,US 192 & PARTIN SETTLEMENT,2482 E Irlo Bronson Memorial Hwy,Kissimmee,FL,,US,,1784692800,2026-07-22,71,2026-10-01,1784814315,2026-07-23,70,False,28.27817,-81.34366,481079679777,id:260057880,store:66197,Barista,onsite,"2482 E Irlo Bronson Memorial Hwy, Kissimmee, Florida, United States",1,FL,CONUS_L0_001_007;CONUS_L0_002_008,2
2026-10-01,260062116,https://apply.starbucks.com/careers/job/481080430115,"shift supervisor - Store# 66069, WESTERN WAY & MAIN ST",SHIFT_SUPERVISOR,66069,WESTERN WAY & MAIN ST,"2198 Western Way, Suite A",Winter Garden,FL,,US,,1787457600,2026-08-23,39,2026-10-01,1787579421,2026-08-24,38,False,28.3786882,-81.6171081,481080430115,id:260062116,store:66069,Shift Supervisor,onsite,"2198 Western Way, Suite A, Winter Garden, Florida, United States",1,FL,CONUS_L0_001_007;CONUS_L0_002_008,2
2026-10-01,260070384,https://apply.starbucks.com/careers/job/481080741386,"barista - Store# 66069, WESTERN WAY & MAIN ST",BARISTA,66069,WESTERN WAY & MAIN ST,"2198 Western Way, Suite A",Winter Garden,FL,,US,,1788667200,2026-09-06,25,2026-10-01,1788788375,2026-09-07,24,False,28.3786882,-81.6171081,481080741386,id:260070384,store:66069,Barista,onsite,"2198 Western Way, Suite A, Winter Garden, Florida, United States",1,FL,CONUS_L0_001_007;CONUS_L0_002_008,2
2026-10-01,260071198,https://apply.starbucks.com/careers/job/481080742511,"shift supervisor - Store# 68269, US-192 & MURCOTT, ST. CLOUD",SHIFT_SUPERVISOR,68269,"US-192 & MURCOTT, ST. CLOUD",1460 E Irlo Bronson Memorial Hwy,Saint Cloud,FL,,US,,1788667200,2026-09-06,25,2026-10-01,1788789025,2026-09-07,24,False,28.2454,-81.25324,481080742511,id:260071198,store:68269,Shift Supervisor,onsite,"1460 E Irlo Bronson Memorial Hwy, Saint Cloud, Florida, United States",1,FL,CONUS_L0_001_007;CONUS_L0_002_008,2
2026-10-01,260053464,https://apply.starbucks.com/careers/job/481079320301,"barista - Store# 63433, HWY 535 & N. POINCIANA BLVD",BARISTA,63433,HWY 535 & N. POINCIANA BLVD,3173 Vineland Rd,Kissimmee,FL,,US,,1783310400,2026-07-06,87,2026-10-01,1783432098,2026-07-07,86,False,28.34412,-81.48439,481079320301,id:260053464,store:63433,Barista,onsite,"3173 Vineland Rd, Kissimmee, Florida, United States",1,FL,CONUS_L0_001_007;CONUS_L0_002_008,2
2026-10-01,260078025,https://apply.starbucks.com/careers/job/481080923433,"shift supervisor - Store# 63433, HWY 535 & N. POINCIANA BLVD",SHIFT_SUPERVISOR,63433,HWY 535 & N. POINCIANA BLVD,3173 Vineland Rd,Kissimmee,FL,,US,,1789790400,2026-09-19,12,2026-10-01,1789911678,2026-09-20,11,False,28.34412,-81.48439,481080923433,id:260078025,store:63433,Shift Supervisor,onsite,"3173 Vineland Rd, Kissimmee, Florida, United States",1,FL,CONUS_L0_001_007;CONUS_L0_002_008,2
2026-10-01,260063422,https://apply.starbucks.com/careers/job/481080566622,"shift supervisor - Store# 10023, FEDERAL HWY & 12TH ST",SHIFT_SUPERVISOR,10023,FEDERAL HWY & 12TH ST,1235 US Hwy 1,Vero Beach,FL,,US,,1787803200,2026-08-27,35,2026-10-01,1787924909,2026-08-28,34,False,27.62399,-80.38972,481080566622,id:260063422,store:10023,Shift Supervisor,onsite,"1235 US Hwy 1, Vero Beach, Florida, United States",1,FL,CONUS_L0_001_007,1
2026-10-01,260064793,https://apply.starbucks.com/careers/job/481080613735,"barista - Store# 10023, FEDERAL HWY & 12TH ST",BARISTA,10023,FEDERAL HWY & 12TH ST,1235 US Hwy 1,Vero Beach,FL,,US,,1788062400,2026-08-30,32,2026-10-01,1788184113,2026-08-31,31,False,27.62399,-80.38972,481080613735,id:260064793,store:10023,Barista,onsite,"1235 US Hwy 1, Vero Beach, Florida, United States",1,FL,CONUS_L0_001_007,1
2026-10-01,260064561,https://apply.starbucks.com/careers/job/481080613944,"barista - Store# 19997, DOWNTOWN DISNEY WEST SIDE",BARISTA,19997,DOWNTOWN DISNEY WEST SIDE,1501 E Buena Vista Dr,Orlando,FL,,US,,1788062400,2026-08-30,32,2026-10-01,1788183916,2026-08-31,31,False,28.3675118,-81.52078829999999,481080613944,id:260064561,store:19997,Barista,onsite,"1501 E Buena Vista Dr, Orlando, Florida, United States",1,FL,CONUS_L0_001_007;CONUS_L0_002_008,2
2026-10-01,260077332,https://apply.starbucks.com/careers/job/481080890914,"shift supervisor - Store# 19997, DOWNTOWN DISNEY WEST SIDE",SHIFT_SUPERVISOR,19997,DOWNTOWN DISNEY WEST SIDE,1501 E Buena Vista Dr,Orlando,FL,,US,,1789617600,2026-09-17,14,2026-10-01,1789739062,2026-09-18,13,False,28.3675118,-81.52078829999999,481080890914,id:260077332,store:19997,Shift Supervisor,onsite,"1501 E Buena Vista Dr, Orlando, Florida, United States",1,FL,CONUS_L0_001_007;CONUS_L0_002_008,2
2026-10-01,260063635,https://apply.starbucks.com/careers/job/481080567358,"barista - Store# 10192, SR 50 & MARINER BLVD-BROOKSVILLE",BARISTA,10192,SR 50 & MARINER BLVD-BROOKSVILLE,13163 Cortez Blvd,Brooksville,FL,,US,,1787803200,2026-08-27,35,2026-10-01,1787925081,2026-08-28,34,False,28.5342551,-82.5078861,481080567358,id:260063635,store:10192,Barista,onsite,"13163 Cortez Blvd, Brooksville, Florida, United States",1,FL,CONUS_L0_001_007,1
2026-10-01,260056348,https://apply.starbucks.com/careers/job/481079498157,"shift supervisor - Store# 10192, SR 50 & MARINER BLVD-BROOKSVILLE",SHIFT_SUPERVISOR,10192,SR 50 & MARINER BLVD-BROOKSVILLE,13163 Cortez Blvd,Brooksville,FL,,US,,1784001600,2026-07-14,79,2026-10-01,1784123125,2026-07-15,78,False,28.5342551,-82.5078861,481079498157,id:260056348,store:10192,Shift Supervisor,onsite,"13163 Cortez Blvd, Brooksville, Florida, United States",1,FL,CONUS_L0_001_007,1
2026-10-01,260064784,https://apply.starbucks.com/careers/job/481080614060,"shift supervisor - Store# 21797, DOWNTOWN DISNEY MARKETPLACE",SHIFT_SUPERVISOR,21797,DOWNTOWN DISNEY MARKETPLACE,"1680 E Buena Vista Dr, Downtown Disney",Orlando,FL,,US,,1788062400,2026-08-30,32,2026-10-01,1788184105,2026-08-31,31,False,28.3713,-81.51527,481080614060,id:260064784,store:21797,Shift Supervisor,onsite,"1680 E Buena Vista Dr, Downtown Disney, Orlando, Florida, United States",1,FL,CONUS_L0_001_007;CONUS_L0_002_008,2
2026-10-01,260064270,https://apply.starbucks.com/careers/job/481080612986,"barista - Store# 21797, DOWNTOWN DISNEY MARKETPLACE",BARISTA,21797,DOWNTOWN DISNEY MARKETPLACE,"1680 E Buena Vista Dr, Downtown Disney",Orlando,FL,,US,,1788062400,2026-08-30,32,2026-10-01,1788183676,2026-08-31,31,False,28.3713,-81.51527,481080612986,id:260064270,store:21797,Barista,onsite,"1680 E Buena Vista Dr, Downtown Disney, Orlando, Florida, United States",1,FL,CONUS_L0_001_007;CONUS_L0_002_008,2
2026-10-01,260067405,https://apply.starbucks.com/careers/job/481080699050,"shift supervisor - Store# 13643, SR 535 & VISTANA CENTRE DR-ORLANDO",SHIFT_SUPERVISOR,13643,SR 535 & VISTANA CENTRE DR-ORLANDO,13401 Blue Heron Beach Dr,Orlando,FL,,US,,1788321600,2026-09-02,29,2026-10-01,1788456269,2026-09-03,28,False,28.36914,-81.50214,481080699050,id:260067405,store:13643,Shift Supervisor,onsite,"13401 Blue Heron Beach Dr, Orlando, Florida, United States",1,FL,CONUS_L0_001_007;CONUS_L0_002_008,2
2026-10-01,260072039,https://apply.starbucks.com/careers/job/481080765057,"barista - Store# 13643, SR 535 & VISTANA CENTRE DR-ORLANDO",BARISTA,13643,SR 535 & VISTANA CENTRE DR-ORLANDO,13401 Blue Heron Beach Dr,Orlando,FL,,US,,1788840000,2026-09-08,23,2026-10-01,1788961611,2026-09-09,22,False,28.36914,-81.50214,481080765057,id:260072039,store:13643,Barista,onsite,"13401 Blue Heron Beach Dr, Orlando, Florida, United States",1,FL,CONUS_L0_001_007;CONUS_L0_002_008,2
2026-10-01,260073843,https://apply.starbucks.com/careers/job/481080813396,"barista - Store# 23760, OSCEOLA PKWY & CENTERVIEW - KISSIMMEE",BARISTA,23760,OSCEOLA PKWY & CENTERVIEW - KISSIMMEE,1041 W Osceola Pkwy,Kissimmee,FL,,US,,1789185600,2026-09-12,19,2026-10-01,1789307283,2026-09-13,18,False,28.3413373,-81.4120796,481080813396,id:260073843,store:23760,Barista,onsite,"1041 W Osceola Pkwy, Kissimmee, Florida, United States",1,FL,CONUS_L0_001_007;CONUS_L0_002_008,2
2026-10-01,260067677,https://apply.starbucks.com/careers/job/481080699505,"shift supervisor - Store# 23760, OSCEOLA PKWY & CENTERVIEW - KISSIMMEE",SHIFT_SUPERVISOR,23760,OSCEOLA PKWY & CENTERVIEW - KISSIMMEE,1041 W Osceola Pkwy,Kissimmee,FL,,US,,1788321600,2026-09-02,29,2026-10-01,1788456521,2026-09-03,28,False,28.3413373,-81.4120796,481080699505,id:260067677,store:23760,Shift Supervisor,onsite,"1041 W Osceola Pkwy, Kissimmee, Florida, United States",1,FL,CONUS_L0_001_007;CONUS_L0_002_008,2
2026-10-01,260073299,https://apply.starbucks.com/careers/job/481080798219,"barista - Store# 81873, US HWY 41 & CANDLELIGHT BLVD",BARISTA,81873,US HWY 41 & CANDLELIGHT BLVD,1000 S Broad St,Brooksville,FL,,US,,1789012800,2026-09-10,21,2026-10-01,1789135785,2026-09-11,20,False,28.54484,-82.4019,481080798219,id:260073299,store:81873,Barista,onsite,"1000 S Broad St, Brooksville, Florida, United States",1,FL,CONUS_L0_001_007,1
2026-10-01,260061695,https://apply.starbucks.com/careers/job/481080415971,"shift supervisor - Store# 64634, HWY 535 AND PALM PKWY",SHIFT_SUPERVISOR,64634,HWY 535 AND PALM PKWY,8699 Palm Pkwy,Orlando,FL,,US,,1787371200,2026-08-22,40,2026-10-01,1787492375,2026-08-23,39,False,28.38612,-81.50515,481080415971,id:260061695,store:64634,Shift Supervisor,onsite,"8699 Palm Pkwy, Orlando, Florida, United States",1,FL,CONUS_L0_001_007;CONUS_L0_002_008,2
2026-10-01,260064042,https://apply.starbucks.com/careers/job/481080594434,"barista - Store# 64634, HWY 535 AND PALM PKWY",BARISTA,64634,HWY 535 AND PALM PKWY,8699 Palm Pkwy,Orlando,FL,,US,,1787976000,2026-08-29,33,2026-10-01,1788097381,2026-08-30,32,False,28.38612,-81.50515,481080594434,id:260064042,store:64634,Barista,onsite,"8699 Palm Pkwy, Orlando, Florida, United States",1,FL,CONUS_L0_001_007;CONUS_L0_002_008,2
2026-10-01,260059993,https://apply.starbucks.com/careers/job/481080079224,"shift supervisor - Store# 65462, SEIDEL RD & SUMMERLAKE GROVES ST",SHIFT_SUPERVISOR,65462,SEIDEL RD & SUMMERLAKE GROVES ST,9265 Miley Dr,Winter Garden,FL,,US,,1786161600,2026-08-08,54,2026-10-01,1786283266,2026-08-09,53,False,28.4279429,-81.6182919,481080079224,id:260059993,store:65462,Shift Supervisor,onsite,"9265 Miley Dr, Winter Garden, Florida, United States",1,FL,CONUS_L0_001_007;CONUS_L0_002_008,2
2026-10-01,260076790,https://apply.starbucks.com/careers/job/481080862688,"barista - Store# 65462, SEIDEL RD & SUMMERLAKE GROVES ST",BARISTA,65462,SEIDEL RD & SUMMERLAKE GROVES ST,9265 Miley Dr,Winter Garden,FL,,US,,1789444800,2026-09-15,16,2026-10-01,1789567176,2026-09-16,15,False,28.4279429,-81.6182919,481080862688,id:260076790,store:65462,Barista,onsite,"9265 Miley Dr, Winter Garden, Florida, United States",1,FL,CONUS_L0_001_007;CONUS_L0_002_008,2
2026-10-01,260071021,https://apply.starbucks.com/careers/job/481080742209,"barista - Store# 25466, KIOSK - ORLANDO VINELAND PREMIUM",BARISTA,25466,KIOSK - ORLANDO VINELAND PREMIUM,"8200 Vineland Ave, Outlet by Nike, Ste K124",Orlando,FL,,US,,1788667200,2026-09-06,25,2026-10-01,1788788880,2026-09-07,24,False,28.3871191,-81.4922591,481080742209,id:260071021,store:25466,Barista,onsite,"8200 Vineland Ave, Outlet by Nike, Ste K124, Orlando, Florida, United States",1,FL,CONUS_L0_001_007;CONUS_L0_002_008,2
2026-10-01,260054135,https://apply.starbucks.com/careers/job/481079405062,"shift supervisor - Store# 26581, VINELAND & INTERNATIONAL DRIVE",SHIFT_SUPERVISOR,26581,VINELAND & INTERNATIONAL DRIVE,8101 Vineland Ave,Orlando,FL,,US,,1783569600,2026-07-09,84,2026-10-01,1783691130,2026-07-10,83,False,28.3864079,-81.4873233,481079405062,id:260054135,store:26581,Shift Supervisor,onsite,"8101 Vineland Ave, Orlando, Florida, United States",1,FL,CONUS_L0_001_007;CONUS_L0_002_008,2
2026-10-01,260068960,https://apply.starbucks.com/careers/job/481080710294,"barista - Store# 26581, VINELAND & INTERNATIONAL DRIVE",BARISTA,26581,VINELAND & INTERNATIONAL DRIVE,8101 Vineland Ave,Orlando,FL,,US,,1788408000,2026-09-03,28,2026-10-01,1788530180,2026-09-04,27,False,28.3864079,-81.4873233,481080710294,id:260068960,store:26581,Barista,onsite,"8101 Vineland Ave, Orlando, Florida, United States",1,FL,CONUS_L0_001_007;CONUS_L0_002_008,2
2026-10-01,260077957,https://apply.starbucks.com/careers/job/481080923155,"barista - Store# 08366, John Young Pkwy & Town Center",BARISTA,08366,John Young Pkwy & Town Center,4121 W Town Center Blvd,Orlando,FL,,US,,1789790400,2026-09-19,12,2026-10-01,1789911621,2026-09-20,11,False,28.36502,-81.4251,481080923155,id:260077957,store:08366,Barista,onsite,"4121 W Town Center Blvd, Orlando, Florida, United States",1,FL,CONUS_L0_001_007;CONUS_L0_002_008,2
2026-10-01,260077503,https://apply.starbucks.com/careers/job/481080891271,"shift supervisor - Store# 08366, John Young Pkwy & Town Center",SHIFT_SUPERVISOR,08366,John Young Pkwy & Town Center,4121 W Town Center Blvd,Orlando,FL,,US,,1789617600,2026-09-17,14,2026-10-01,1789739212,2026-09-18,13,False,28.36502,-81.4251,481080891271,id:260077503,store:08366,Shift Supervisor,onsite,"4121 W Town Center Blvd, Orlando, Florida, United States",1,FL,CONUS_L0_001_007;CONUS_L0_002_008,2
2026-10-01,260072619,https://apply.starbucks.com/careers/job/481080796039,"shift supervisor - Store# 80965, DARYL CARTER & PALM PKWY",SHIFT_SUPERVISOR,80965,DARYL CARTER & PALM PKWY,7563 Redmond Rd,Orlando,FL,,US,,1789012800,2026-09-10,21,2026-10-01,1789135205,2026-09-11,20,False,28.4001469,-81.4885302,481080796039,id:260072619,store:80965,Shift Supervisor,onsite,"7563 Redmond Rd, Orlando, Florida, United States",1,FL,CONUS_L0_001_007;CONUS_L0_002_008,2
2026-10-01,260072816,https://apply.starbucks.com/careers/job/481080796489,"barista - Store# 80965, DARYL CARTER & PALM PKWY",BARISTA,80965,DARYL CARTER & PALM PKWY,7563 Redmond Rd,Orlando,FL,,US,,1789012800,2026-09-10,21,2026-10-01,1789135377,2026-09-11,20,False,28.4001469,-81.4885302,481080796489,id:260072816,store:80965,Barista,onsite,"7563 Redmond Rd, Orlando, Florida, United States",1,FL,CONUS_L0_001_007;CONUS_L0_002_008,2
2026-10-01,260061730,https://apply.starbucks.com/careers/job/481080416033,"shift supervisor - Store# 80189, BAYSIDE LAKES BLVD & COGAN DR.",SHIFT_SUPERVISOR,80189,BAYSIDE LAKES BLVD & COGAN DR.,3370 Bayside Lakes Blvd SE,Palm Bay,FL,,US,,1787371200,2026-08-22,40,2026-10-01,1787492407,2026-08-23,39,False,27.952464,-80.655216,481080416033,id:260061730,store:80189,Shift Supervisor,onsite,"3370 Bayside Lakes Blvd SE, Palm Bay, Florida, United States",1,FL,CONUS_L0_001_007;CONUS_L0_002_008,2
2026-10-01,260073250,https://apply.starbucks.com/careers/job/481080798118,"barista - Store# 80189, BAYSIDE LAKES BLVD & COGAN DR.",BARISTA,80189,BAYSIDE LAKES BLVD & COGAN DR.,3370 Bayside Lakes Blvd SE,Palm Bay,FL,,US,,1789012800,2026-09-10,21,2026-10-01,1789135744,2026-09-11,20,False,27.952464,-80.655216,481080798118,id:260073250,store:80189,Barista,onsite,"3370 Bayside Lakes Blvd SE, Palm Bay, Florida, United States",1,FL,CONUS_L0_001_007;CONUS_L0_002_008,2
2026-10-01,260076368,https://apply.starbucks.com/careers/job/481080861824,"shift supervisor - Store# 64900, LANDSTAR & ARBOR MEADOWS",SHIFT_SUPERVISOR,64900,LANDSTAR & ARBOR MEADOWS,"13925 Landstar Blvd, 100",Orlando,FL,,US,,1789444800,2026-09-15,16,2026-10-01,1789566810,2026-09-16,15,False,28.36454,-81.36584,481080861824,id:260076368,store:64900,Shift Supervisor,onsite,"13925 Landstar Blvd, 100, Orlando, Florida, United States",1,FL,CONUS_L0_001_007;CONUS_L0_002_008,2
2026-10-01,260073990,https://apply.starbucks.com/careers/job/481080813610,"barista - Store# 21729, INTERNATIONAL DR & CENTRAL FLORIDA PKWY",BARISTA,21729,INTERNATIONAL DR & CENTRAL FLORIDA PKWY,"10725 International Dr, Shadow Wood, Ste 110",Orlando,FL,,US,,1789185600,2026-09-12,19,2026-10-01,1789307419,2026-09-13,18,False,28.4107606,-81.4556144,481080813610,id:260073990,store:21729,Barista,onsite,"10725 International Dr, Shadow Wood, Ste 110, Orlando, Florida, United States",1,FL,CONUS_L0_001_007;CONUS_L0_002_008,2
2026-10-01,260069659,https://apply.starbucks.com/careers/job/481080730528,"shift supervisor - Store# 21729, INTERNATIONAL DR & CENTRAL FLORIDA PKWY",SHIFT_SUPERVISOR,21729,INTERNATIONAL DR & CENTRAL FLORIDA PKWY,"10725 International Dr, Shadow Wood, Ste 110",Orlando,FL,,US,,1788580800,2026-09-05,26,2026-10-01,1788702277,2026-09-06,25,False,28.4107606,-81.4556144,481080730528,id:260069659,store:21729,Shift Supervisor,onsite,"10725 International Dr, Shadow Wood, Ste 110, Orlando, Florida, United States",1,FL,CONUS_L0_001_007;CONUS_L0_002_008,2
2026-10-01,260069818,https://apply.starbucks.com/careers/job/481080730712,"shift supervisor - Store# 53562, HWY 535 & SILVER LAKE PARK",SHIFT_SUPERVISOR,53562,HWY 535 & SILVER LAKE PARK,"7910 Winter Garden Vineland Rd, Ste 100",Windermere,FL,,US,,1788580800,2026-09-05,26,2026-10-01,1788702403,2026-09-06,25,False,28.4461838,-81.5594026,481080730712,id:260069818,store:53562,Shift Supervisor,onsite,"7910 Winter Garden Vineland Rd, Ste 100, Windermere, Florida, United States",1,FL,CONUS_L0_001_007;CONUS_L0_002_008,2
2026-10-01,260069483,https://apply.starbucks.com/careers/job/481080730324,"barista - Store# 53562, HWY 535 & SILVER LAKE PARK",BARISTA,53562,HWY 535 & SILVER LAKE PARK,"7910 Winter Garden Vineland Rd, Ste 100",Windermere,FL,,US,,1788580800,2026-09-05,26,2026-10-01,1788702136,2026-09-06,25,False,28.4461838,-81.5594026,481080730324,id:260069483,store:53562,Barista,onsite,"7910 Winter Garden Vineland Rd, Ste 100, Windermere, Florida, United States",1,FL,CONUS_L0_001_007;CONUS_L0_002_008,2
2026-10-01,260062520,https://apply.starbucks.com/careers/job/481080494612,"barista - Store# 80009, BOGGY CREEK & BETH RD",BARISTA,80009,BOGGY CREEK & BETH RD,14259 Nona North Road,Orlando,FL,,US,,1787630400,2026-08-25,37,2026-10-01,1787752286,2026-08-26,36,False,28.357051,-81.3108513,481080494612,id:260062520,store:80009,Barista,onsite,"14259 Nona North Road, Orlando, Florida, United States",1,FL,CONUS_L0_001_007;CONUS_L0_002_008,2
2026-10-01,260062864,https://apply.starbucks.com/careers/job/481080495138,"shift supervisor - Store# 80009, BOGGY CREEK & BETH RD",SHIFT_SUPERVISOR,80009,BOGGY CREEK & BETH RD,14259 Nona North Road,Orlando,FL,,US,,1787630400,2026-08-25,37,2026-10-01,1787752560,2026-08-26,36,False,28.357051,-81.3108513,481080495138,id:260062864,store:80009,Shift Supervisor,onsite,"14259 Nona North Road, Orlando, Florida, United States",1,FL,CONUS_L0_001_007;CONUS_L0_002_008,2
2026-10-01,260057250,https://apply.starbucks.com/careers/job/481079587624,"barista - Store# 56763, NEW INDEPENDENCE & HAMLIN",BARISTA,56763,NEW INDEPENDENCE & HAMLIN,16065 New Independence Pkwy,Winter Garden,FL,,US,,1784347200,2026-07-18,75,2026-10-01,1784468408,2026-07-19,74,False,28.4748465,-81.6284529,481079587624,id:260057250,store:56763,Barista,onsite,"16065 New Independence Pkwy, Winter Garden, Florida, United States",1,FL,CONUS_L0_001_007;CONUS_L0_002_008,2
2026-10-01,260062791,https://apply.starbucks.com/careers/job/481080495276,"shift supervisor - Store# 56763, NEW INDEPENDENCE & HAMLIN",SHIFT_SUPERVISOR,56763,NEW INDEPENDENCE & HAMLIN,16065 New Independence Pkwy,Winter Garden,FL,,US,,1787630400,2026-08-25,37,2026-10-01,1787752501,2026-08-26,36,False,28.4748465,-81.6284529,481080495276,id:260062791,store:56763,Shift Supervisor,onsite,"16065 New Independence Pkwy, Winter Garden, Florida, United States",1,FL,CONUS_L0_001_007;CONUS_L0_002_008,2
2026-10-01,260057453,https://apply.starbucks.com/careers/job/481079604823,"barista - Store# 60162, S. HWY 27 & WINSLEY",BARISTA,60162,S. HWY 27 & WINSLEY,4299 S Highway 27,Clermont,FL,,US,,1784433600,2026-07-19,74,2026-10-01,1784554775,2026-07-20,73,False,28.5017509,-81.7186632,481079604823,id:260057453,store:60162,Barista,onsite,"4299 S Highway 27, Clermont, Florida, United States",1,FL,CONUS_L0_001_007;CONUS_L0_002_008,2
2026-10-01,260069343,https://apply.starbucks.com/careers/job/481080730157,"shift supervisor - Store# 60162, S. HWY 27 & WINSLEY",SHIFT_SUPERVISOR,60162,S. HWY 27 & WINSLEY,4299 S Highway 27,Clermont,FL,,US,,1788580800,2026-09-05,26,2026-10-01,1788702027,2026-09-06,25,False,28.5017509,-81.7186632,481080730157,id:260069343,store:60162,Shift Supervisor,onsite,"4299 S Highway 27, Clermont, Florida, United States",1,FL,CONUS_L0_001_007;CONUS_L0_002_008,2
2026-10-01,260059095,https://apply.starbucks.com/careers/job/481079980381,"barista - Store# 69056, LAKE NONA BLVD & VETERANS WAY",BARISTA,69056,LAKE NONA BLVD & VETERANS WAY,"13495 Veterans Way, Ste 110",Orlando,FL,,US,,1785643200,2026-08-02,60,2026-10-01,1785753002,2026-08-03,59,False,28.3709139,-81.2796049,481079980381,id:260059095,store:69056,Barista,onsite,"13495 Veterans Way, Ste 110, Orlando, Florida, United States",1,FL,CONUS_L0_001_007;CONUS_L0_002_008,2
2026-10-01,260070549,https://apply.starbucks.com/careers/job/481080741602,"shift supervisor - Store# 69056, LAKE NONA BLVD & VETERANS WAY",SHIFT_SUPERVISOR,69056,LAKE NONA BLVD & VETERANS WAY,"13495 Veterans Way, Ste 110",Orlando,FL,,US,,1788667200,2026-09-06,25,2026-10-01,1788788506,2026-09-07,24,False,28.3709139,-81.2796049,481080741602,id:260070549,store:69056,Shift Supervisor,onsite,"13495 Veterans Way, Ste 110, Orlando, Florida, United States",1,FL,CONUS_L0_001_007;CONUS_L0_002_008,2
2026-10-01,260060100,https://apply.starbucks.com/careers/job/481080087852,"shift supervisor - Store# 08263, MARKETPLACE AT DR  PHILLIPS",SHIFT_SUPERVISOR,08263,MARKETPLACE AT DR  PHILLIPS,"7600 Dr Phillips Blvd, Ste 98",Orlando,FL,,US,,1786248000,2026-08-09,53,2026-10-01,1786369543,2026-08-10,52,False,28.4518749,-81.48948910000001,481080087852,id:260060100,store:08263,Shift Supervisor,onsite,"7600 Dr Phillips Blvd, Ste 98, Orlando, Florida, United States",1,FL,CONUS_L0_001_007;CONUS_L0_002_008,2
2026-10-01,260077269,https://apply.starbucks.com/careers/job/481080890830,"barista - Store# 08263, MARKETPLACE AT DR  PHILLIPS",BARISTA,08263,MARKETPLACE AT DR  PHILLIPS,"7600 Dr Phillips Blvd, Ste 98",Orlando,FL,,US,,1789617600,2026-09-17,14,2026-10-01,1789739007,2026-09-18,13,False,28.4518749,-81.48948910000001,481080890830,id:260077269,store:08263,Barista,onsite,"7600 Dr Phillips Blvd, Ste 98, Orlando, Florida, United States",1,FL,CONUS_L0_001_007;CONUS_L0_002_008,2
2026-10-01,260068079,https://apply.starbucks.com/careers/job/481080699912,"barista - Store# 21609, SAND LAKE RD & INTERNATIONAL DR",BARISTA,21609,SAND LAKE RD & INTERNATIONAL DR,"8013 International Dr, Suite 101",Orlando,FL,,US,,1788321600,2026-09-02,29,2026-10-01,1788456902,2026-09-03,28,False,28.44951,-81.4698,481080699912,id:260068079,store:21609,Barista,onsite,"8013 International Dr, Suite 101, Orlando, Florida, United States",1,FL,CONUS_L0_001_007;CONUS_L0_002_008,2
2026-10-01,260064698,https://apply.starbucks.com/careers/job/481080613727,"shift supervisor - Store# 21609, SAND LAKE RD & INTERNATIONAL DR",SHIFT_SUPERVISOR,21609,SAND LAKE RD & INTERNATIONAL DR,"8013 International Dr, Suite 101",Orlando,FL,,US,,1788062400,2026-08-30,32,2026-10-01,1788184032,2026-08-31,31,False,28.44951,-81.4698,481080613727,id:260064698,store:21609,Shift Supervisor,onsite,"8013 International Dr, Suite 101, Orlando, Florida, United States",1,FL,CONUS_L0_001_007;CONUS_L0_002_008,2
2026-10-01,260058931,https://apply.starbucks.com/careers/job/481079944410,"barista - Store# 85519, FL-50 & GREEN VALLEY BLVD",BARISTA,85519,FL-50 & GREEN VALLEY BLVD,8404 State Road 50,Groveland,FL,,US,,1785297600,2026-07-29,64,2026-10-01,1785418759,2026-07-30,63,False,28.580686,-81.9647713,481079944410,id:260058931,store:85519,Barista,onsite,"8404 State Road 50, Groveland, Florida, United States",1,FL,CONUS_L0_001_007;CONUS_L0_002_008,2
2026-10-01,260061699,https://apply.starbucks.com/careers/job/481080415989,"shift supervisor - Store# 85519, FL-50 & GREEN VALLEY BLVD",SHIFT_SUPERVISOR,85519,FL-50 & GREEN VALLEY BLVD,8404 State Road 50,Groveland,FL,,US,,1787371200,2026-08-22,40,2026-10-01,1787492379,2026-08-23,39,False,28.580686,-81.9647713,481080415989,id:260061699,store:85519,Shift Supervisor,onsite,"8404 State Road 50, Groveland, Florida, United States",1,FL,CONUS_L0_001_007;CONUS_L0_002_008,2
2026-10-01,260057779,https://apply.starbucks.com/careers/job/481079649245,"barista - Store# 66199, JOHN YOUNG PKWY & CONSULATE",BARISTA,66199,JOHN YOUNG PKWY & CONSULATE,9165 S John Young Pkwy,Orlando,FL,,US,,1784606400,2026-07-21,72,2026-10-01,1784727957,2026-07-22,71,False,28.43707,-81.42448,481079649245,id:260057779,store:66199,Barista,onsite,"9165 S John Young Pkwy, Orlando, Florida, United States",1,FL,CONUS_L0_001_007;CONUS_L0_002_008,2
2026-10-01,260070755,https://apply.starbucks.com/careers/job/481080741936,"shift supervisor - Store# 66199, JOHN YOUNG PKWY & CONSULATE",SHIFT_SUPERVISOR,66199,JOHN YOUNG PKWY & CONSULATE,9165 S John Young Pkwy,Orlando,FL,,US,,1788667200,2026-09-06,25,2026-10-01,1788788667,2026-09-07,24,False,28.43707,-81.42448,481080741936,id:260070755,store:66199,Shift Supervisor,onsite,"9165 S John Young Pkwy, Orlando, Florida, United States",1,FL,CONUS_L0_001_007;CONUS_L0_002_008,2
2026-10-01,260080223,https://apply.starbucks.com/careers/job/481081059029,"barista - Store# 83753, AVALON RD & MARSH RD",BARISTA,83753,AVALON RD & MARSH RD,"16123 Marsh Rd, Ste 101",Winter Garden,FL,,US,,1790568000,2026-09-28,3,2026-10-01,1790689636,2026-09-29,2,False,28.5175178,-81.62654669999999,481081059029,id:260080223,store:83753,Barista,onsite,"16123 Marsh Rd, Ste 101, Winter Garden, Florida, United States",1,FL,CONUS_L0_001_007;CONUS_L0_002_008,2
2026-10-01,260072519,https://apply.starbucks.com/careers/job/481080795868,"shift supervisor - Store# 83753, AVALON RD & MARSH RD",SHIFT_SUPERVISOR,83753,AVALON RD & MARSH RD,"16123 Marsh Rd, Ste 101",Winter Garden,FL,,US,,1789012800,2026-09-10,21,2026-10-01,1789135121,2026-09-11,20,False,28.5175178,-81.62654669999999,481080795868,id:260072519,store:83753,Shift Supervisor,onsite,"16123 Marsh Rd, Ste 101, Winter Garden, Florida, United States",1,FL,CONUS_L0_001_007;CONUS_L0_002_008,2
2026-10-01,260061450,https://apply.starbucks.com/careers/job/481080295941,"barista - Store# 09978, PALM BAY RD & I-95",BARISTA,09978,PALM BAY RD & I-95,810 Palm Bay Rd NE,Palm Bay,FL,,US,,1787112000,2026-08-19,43,2026-10-01,1787233341,2026-08-20,42,False,28.0346818,-80.64873790000001,481080295941,id:260061450,store:09978,Barista,onsite,"810 Palm Bay Rd NE, Palm Bay, Florida, United States",1,FL,CONUS_L0_001_007;CONUS_L0_002_008,2
2026-10-01,260063786,https://apply.starbucks.com/careers/job/481080567603,"shift supervisor - Store# 09978, PALM BAY RD & I-95",SHIFT_SUPERVISOR,09978,PALM BAY RD & I-95,810 Palm Bay Rd NE,Palm Bay,FL,,US,,1787803200,2026-08-27,35,2026-10-01,1787925201,2026-08-28,34,False,28.0346818,-80.64873790000001,481080567603,id:260063786,store:09978,Shift Supervisor,onsite,"810 Palm Bay Rd NE, Palm Bay, Florida, United States",1,FL,CONUS_L0_001_007;CONUS_L0_002_008,2
2026-10-01,260064775,https://apply.starbucks.com/careers/job/481080613871,"barista - Store# 11249, SR 50 & Hancock-Clermont",BARISTA,11249,SR 50 & Hancock-Clermont,2573 E Highway 50,Clermont,FL,,US,,1788062400,2026-08-30,32,2026-10-01,1788184097,2026-08-31,31,False,28.5461,-81.70874,481080613871,id:260064775,store:11249,Barista,onsite,"2573 E Highway 50, Clermont, Florida, United States",1,FL,CONUS_L0_001_007;CONUS_L0_002_008,2
2026-10-01,260067893,https://apply.starbucks.com/careers/job/481080699627,"shift supervisor - Store# 11249, SR 50 & Hancock-Clermont",SHIFT_SUPERVISOR,11249,SR 50 & Hancock-Clermont,2573 E Highway 50,Clermont,FL,,US,,1788321600,2026-09-02,29,2026-10-01,1788456724,2026-09-03,28,False,28.5461,-81.70874,481080699627,id:260067893,store:11249,Shift Supervisor,onsite,"2573 E Highway 50, Clermont, Florida, United States",1,FL,CONUS_L0_001_007;CONUS_L0_002_008,2
2026-10-01,260066366,https://apply.starbucks.com/careers/job/481080679357,"shift supervisor - Store# 24718, VICKREY & NARCOOSSEE RD",SHIFT_SUPERVISOR,24718,VICKREY & NARCOOSSEE RD,"12278 Narcoossee Rd, Ste 101",Orlando,FL,,US,,1788321600,2026-09-02,29,2026-10-01,1788357912,2026-09-02,29,False,28.3865313,-81.245021,481080679357,id:260066366,store:24718,Shift Supervisor,onsite,"12278 Narcoossee Rd, Ste 101, Orlando, Florida, United States",1,FL,CONUS_L0_001_007;CONUS_L0_002_008,2
2026-10-01,260072000,https://apply.starbucks.com/careers/job/481080764998,"barista - Store# 24718, VICKREY & NARCOOSSEE RD",BARISTA,24718,VICKREY & NARCOOSSEE RD,"12278 Narcoossee Rd, Ste 101",Orlando,FL,,US,,1788840000,2026-09-08,23,2026-10-01,1788961578,2026-09-09,22,False,28.3865313,-81.245021,481080764998,id:260072000,store:24718,Barista,onsite,"12278 Narcoossee Rd, Ste 101, Orlando, Florida, United States",1,FL,CONUS_L0_001_007;CONUS_L0_002_008,2
2026-10-01,260071770,https://apply.starbucks.com/careers/job/481080764644,"barista - Store# 52486, W. OAK RIDGE & ADRIANNA",BARISTA,52486,W. OAK RIDGE & ADRIANNA,5540 W Oak Ridge Rd,Orlando,FL,,US,,1788840000,2026-09-08,23,2026-10-01,1788961390,2026-09-09,22,False,28.471682,-81.4530685,481080764644,id:260071770,store:52486,Barista,onsite,"5540 W Oak Ridge Rd, Orlando, Florida, United States",1,FL,CONUS_L0_001_007;CONUS_L0_002_008,2
2026-10-01,260069967,https://apply.starbucks.com/careers/job/481080730890,"shift supervisor - Store# 52486, W. OAK RIDGE & ADRIANNA",SHIFT_SUPERVISOR,52486,W. OAK RIDGE & ADRIANNA,5540 W Oak Ridge Rd,Orlando,FL,,US,,1788580800,2026-09-05,26,2026-10-01,1788702520,2026-09-06,25,False,28.471682,-81.4530685,481080730890,id:260069967,store:52486,Shift Supervisor,onsite,"5540 W Oak Ridge Rd, Orlando, Florida, United States",1,FL,CONUS_L0_001_007;CONUS_L0_002_008,2
2026-10-01,260069077,https://apply.starbucks.com/careers/job/481080710624,"shift supervisor - Store# 51439, Conroy Windermere & Apopka Vineland",SHIFT_SUPERVISOR,51439,Conroy Windermere & Apopka Vineland,"9100 Conroy Windermere Rd, Suite 140",Windermere,FL,,US,,1788408000,2026-09-03,28,2026-10-01,1788530278,2026-09-04,27,False,28.49314,-81.50977,481080710624,id:260069077,store:51439,Shift Supervisor,onsite,"9100 Conroy Windermere Rd, Suite 140, Windermere, Florida, United States",1,FL,CONUS_L0_001_007;CONUS_L0_002_008,2
2026-10-01,260075323,https://apply.starbucks.com/careers/job/481080821530,"barista - Store# 51439, Conroy Windermere & Apopka Vineland",BARISTA,51439,Conroy Windermere & Apopka Vineland,"9100 Conroy Windermere Rd, Suite 140",Windermere,FL,,US,,1789272000,2026-09-13,18,2026-10-01,1789394838,2026-09-14,17,False,28.49314,-81.50977,481080821530,id:260075323,store:51439,Barista,onsite,"9100 Conroy Windermere Rd, Suite 140, Windermere, Florida, United States",1,FL,CONUS_L0_001_007;CONUS_L0_002_008,2
2026-10-01,260076135,https://apply.starbucks.com/careers/job/481080861455,"shift supervisor - Store# 13942, ORLANDO INTERNATIONAL PREMIUM",SHIFT_SUPERVISOR,13942,ORLANDO INTERNATIONAL PREMIUM,"4965 International Dr, Prime Outlets @ Orlando, Ste 2D15",Orlando,FL,,US,,1789444800,2026-09-15,16,2026-10-01,1789566609,2026-09-16,15,False,28.4742051,-81.4516269,481080861455,id:260076135,store:13942,Shift Supervisor,onsite,"4965 International Dr, Prime Outlets @ Orlando, Ste 2D15, Orlando, Florida, United States",1,FL,CONUS_L0_001_007;CONUS_L0_002_008,2
2026-10-01,260071567,https://apply.starbucks.com/careers/job/481080764323,"barista - Store# 13942, ORLANDO INTERNATIONAL PREMIUM",BARISTA,13942,ORLANDO INTERNATIONAL PREMIUM,"4965 International Dr, Prime Outlets @ Orlando, Ste 2D15",Orlando,FL,,US,,1788840000,2026-09-08,23,2026-10-01,1788961229,2026-09-09,22,False,28.4742051,-81.4516269,481080764323,id:260071567,store:13942,Barista,onsite,"4965 International Dr, Prime Outlets @ Orlando, Ste 2D15, Orlando, Florida, United States",1,FL,CONUS_L0_001_007;CONUS_L0_002_008,2
2026-10-01,260071912,https://apply.starbucks.com/careers/job/481080764902,"shift supervisor - Store# 71669, WHIPPORWILL & NARCOOSSEE RD",SHIFT_SUPERVISOR,71669,WHIPPORWILL & NARCOOSSEE RD,11825 Narcoossee Rd,Orlando,FL,,US,,1788840000,2026-09-08,23,2026-10-01,1788961504,2026-09-09,22,False,28.39376,-81.24377,481080764902,id:260071912,store:71669,Shift Supervisor,onsite,"11825 Narcoossee Rd, Orlando, Florida, United States",1,FL,CONUS_L0_001_007;CONUS_L0_002_008,2
2026-10-01,260072103,https://apply.starbucks.com/careers/job/481080765138,"barista - Store# 71669, WHIPPORWILL & NARCOOSSEE RD",BARISTA,71669,WHIPPORWILL & NARCOOSSEE RD,11825 Narcoossee Rd,Orlando,FL,,US,,1788840000,2026-09-08,23,2026-10-01,1788961663,2026-09-09,22,False,28.39376,-81.24377,481080765138,id:260072103,store:71669,Barista,onsite,"11825 Narcoossee Rd, Orlando, Florida, United States",1,FL,CONUS_L0_001_007;CONUS_L0_002_008,2
2026-10-01,260065391,https://apply.starbucks.com/careers/job/481080677772,"shift supervisor - Store# 13877, WINTER GARDEN VILLAGE",SHIFT_SUPERVISOR,13877,WINTER GARDEN VILLAGE,"3310 Daniels Rd, Suite 114",Winter Garden,FL,,US,,1788321600,2026-09-02,29,2026-10-01,1788357048,2026-09-02,29,False,28.52139,-81.58797,481080677772,id:260065391,store:13877,Shift Supervisor,onsite,"3310 Daniels Rd, Suite 114, Winter Garden, Florida, United States",1,FL,CONUS_L0_001_007;CONUS_L0_002_008,2
2026-10-01,260072357,https://apply.starbucks.com/careers/job/481080778558,"barista - Store# 13877, WINTER GARDEN VILLAGE",BARISTA,13877,WINTER GARDEN VILLAGE,"3310 Daniels Rd, Suite 114",Winter Garden,FL,,US,,1788926400,2026-09-09,22,2026-10-01,1789048135,2026-09-10,21,False,28.52139,-81.58797,481080778558,id:260072357,store:13877,Barista,onsite,"3310 Daniels Rd, Suite 114, Winter Garden, Florida, United States",1,FL,CONUS_L0_001_007;CONUS_L0_002_008,2
2026-10-01,260055959,https://apply.starbucks.com/careers/job/481079473308,"barista - Store# 08247, CONROY & FL TURNPIKE",BARISTA,08247,CONROY & FL TURNPIKE,"5894 Conroy Rd, Kirkman Shoppes",Orlando,FL,,US,,1783915200,2026-07-13,80,2026-10-01,1784037168,2026-07-14,79,False,28.4932815,-81.462234,481079473308,id:260055959,store:08247,Barista,onsite,"5894 Conroy Rd, Kirkman Shoppes, Orlando, Florida, United States",1,FL,CONUS_L0_001_007;CONUS_L0_002_008,2
2026-10-01,260077235,https://apply.starbucks.com/careers/job/481080890773,"shift supervisor - Store# 08247, CONROY & FL TURNPIKE",SHIFT_SUPERVISOR,08247,CONROY & FL TURNPIKE,"5894 Conroy Rd, Kirkman Shoppes",Orlando,FL,,US,,1789617600,2026-09-17,14,2026-10-01,1789738978,2026-09-18,13,False,28.4932815,-81.462234,481080890773,id:260077235,store:08247,Shift Supervisor,onsite,"5894 Conroy Rd, Kirkman Shoppes, Orlando, Florida, United States",1,FL,CONUS_L0_001_007;CONUS_L0_002_008,2
2026-10-01,260077798,https://apply.starbucks.com/careers/job/481080891639,"barista - Store# 08556, MALL OF MILLENIA",BARISTA,08556,MALL OF MILLENIA,"4200 Conroy Rd, Mall employees only access till 9am M-F, M-23",Orlando,FL,,US,,1789617600,2026-09-17,14,2026-10-01,1789739463,2026-09-18,13,False,28.4858595,-81.4320188,481080891639,id:260077798,store:08556,Barista,onsite,"4200 Conroy Rd, Mall employees only access till 9am M-F, M-23, Orlando, Florida, United States",1,FL,CONUS_L0_001_007;CONUS_L0_002_008,2
2026-10-01,260077223,https://apply.starbucks.com/careers/job/481080890756,"shift supervisor - Store# 08556, MALL OF MILLENIA",SHIFT_SUPERVISOR,08556,MALL OF MILLENIA,"4200 Conroy Rd, Mall employees only access till 9am M-F, M-23",Orlando,FL,,US,,1789617600,2026-09-17,14,2026-10-01,1789738968,2026-09-18,13,False,28.4858595,-81.4320188,481080890756,id:260077223,store:08556,Shift Supervisor,onsite,"4200 Conroy Rd, Mall employees only access till 9am M-F, M-23, Orlando, Florida, United States",1,FL,CONUS_L0_001_007;CONUS_L0_002_008,2
2026-10-01,260064520,https://apply.starbucks.com/careers/job/481080613554,"shift supervisor - Store# 11402, MILLENNIA MALL DOWNSTAIRS",SHIFT_SUPERVISOR,11402,MILLENNIA MALL DOWNSTAIRS,"4200 Conroy Rd, Millenia Mall employees only access till 9am M-F",Orlando,FL,,US,,1788062400,2026-08-30,32,2026-10-01,1788183882,2026-08-31,31,False,28.4859448,-81.4310557,481080613554,id:260064520,store:11402,Shift Supervisor,onsite,"4200 Conroy Rd, Millenia Mall employees only access till 9am M-F, Orlando, Florida, United States",1,FL,CONUS_L0_001_007;CONUS_L0_002_008,2
2026-10-01,260076256,https://apply.starbucks.com/careers/job/481080861682,"barista - Store# 11402, MILLENNIA MALL DOWNSTAIRS",BARISTA,11402,MILLENNIA MALL DOWNSTAIRS,"4200 Conroy Rd, Millenia Mall employees only access till 9am M-F",Orlando,FL,,US,,1789444800,2026-09-15,16,2026-10-01,1789566714,2026-09-16,15,False,28.4859448,-81.4310557,481080861682,id:260076256,store:11402,Barista,onsite,"4200 Conroy Rd, Millenia Mall employees only access till 9am M-F, Orlando, Florida, United States",1,FL,CONUS_L0_001_007;CONUS_L0_002_008,2
2026-10-01,260066747,https://apply.starbucks.com/careers/job/481080698271,"shift supervisor - Store# 11398, MELBOURNE SQUARE MALL",SHIFT_SUPERVISOR,11398,MELBOURNE SQUARE MALL,"1700 W New Haven Ave, Melbourne Square, 439",Melbourne,FL,,US,,1788321600,2026-09-02,29,2026-10-01,1788455643,2026-09-03,28,False,28.0815186,-80.64978049999999,481080698271,id:260066747,store:11398,Shift Supervisor,onsite,"1700 W New Haven Ave, Melbourne Square, 439, Melbourne, Florida, United States",1,FL,CONUS_L0_001_007;CONUS_L0_002_008,2
2026-10-01,260073751,https://apply.starbucks.com/careers/job/481080813185,"barista - Store# 11398, MELBOURNE SQUARE MALL",BARISTA,11398,MELBOURNE SQUARE MALL,"1700 W New Haven Ave, Melbourne Square, 439",Melbourne,FL,,US,,1789185600,2026-09-12,19,2026-10-01,1789307197,2026-09-13,18,False,28.0815186,-80.64978049999999,481080813185,id:260073751,store:11398,Barista,onsite,"1700 W New Haven Ave, Melbourne Square, 439, Melbourne, Florida, United States",1,FL,CONUS_L0_001_007;CONUS_L0_002_008,2
2026-10-01,260066810,https://apply.starbucks.com/careers/job/481080698344,"shift supervisor - Store# 08807, US HWY 192 & WESTOVER DR",SHIFT_SUPERVISOR,08807,US HWY 192 & WESTOVER DR,1425 W New Haven Ave,Melbourne,FL,,US,,1788321600,2026-09-02,29,2026-10-01,1788455702,2026-09-03,28,False,28.0784646,-80.6446138,481080698344,id:260066810,store:08807,Shift Supervisor,onsite,"1425 W New Haven Ave, Melbourne, Florida, United States",1,FL,CONUS_L0_001_007;CONUS_L0_002_008,2
2026-10-01,260078950,https://apply.starbucks.com/careers/job/481080965133,"barista - Store# 08807, US HWY 192 & WESTOVER DR",BARISTA,08807,US HWY 192 & WESTOVER DR,1425 W New Haven Ave,Melbourne,FL,,US,,1790049600,2026-09-22,9,2026-10-01,1790171063,2026-09-23,8,False,28.0784646,-80.6446138,481080965133,id:260078950,store:08807,Barista,onsite,"1425 W New Haven Ave, Melbourne, Florida, United States",1,FL,CONUS_L0_001_007;CONUS_L0_002_008,2
2026-10-01,260070214,https://apply.starbucks.com/careers/job/481080731207,"shift supervisor - Store# 54434, HWY 50 & WINDTREE",SHIFT_SUPERVISOR,54434,HWY 50 & WINDTREE,13304 W Colonial Dr,Winter Garden,FL,,US,,1788580800,2026-09-05,26,2026-10-01,1788702715,2026-09-06,25,False,28.5505926,-81.580283,481080731207,id:260070214,store:54434,Shift Supervisor,onsite,"13304 W Colonial Dr, Winter Garden, Florida, United States",1,FL,CONUS_L0_001_007;CONUS_L0_002_008,2
2026-10-01,260061131,https://apply.starbucks.com/careers/job/481080228944,"barista - Store# 54434, HWY 50 & WINDTREE",BARISTA,54434,HWY 50 & WINDTREE,13304 W Colonial Dr,Winter Garden,FL,,US,,1786939200,2026-08-17,45,2026-10-01,1787060519,2026-08-18,44,False,28.5505926,-81.580283,481080228944,id:260061131,store:54434,Barista,onsite,"13304 W Colonial Dr, Winter Garden, Florida, United States",1,FL,CONUS_L0_001_007;CONUS_L0_002_008,2
2026-10-01,260053026,https://apply.starbucks.com/careers/job/481079230111,"barista - Store# 66202, N Hancock Rd & Citrus Grove Rd",BARISTA,66202,N Hancock Rd & Citrus Grove Rd,"1681 N Hancock Rd, Ste 102",Clermont,FL,,US,,1783137600,2026-07-04,89,2026-10-01,1783258805,2026-07-05,88,False,28.591809,-81.7224787,481079230111,id:260053026,store:66202,Barista,onsite,"1681 N Hancock Rd, Ste 102, Clermont, Florida, United States",1,FL,CONUS_L0_001_007;CONUS_L0_002_008,2
2026-10-01,260071100,https://apply.starbucks.com/careers/job/481080742345,"shift supervisor - Store# 66202, N Hancock Rd & Citrus Grove Rd",SHIFT_SUPERVISOR,66202,N Hancock Rd & Citrus Grove Rd,"1681 N Hancock Rd, Ste 102",Clermont,FL,,US,,1788667200,2026-09-06,25,2026-10-01,1788788946,2026-09-07,24,False,28.591809,-81.7224787,481080742345,id:260071100,store:66202,Shift Supervisor,onsite,"1681 N Hancock Rd, Ste 102, Clermont, Florida, United States",1,FL,CONUS_L0_001_007;CONUS_L0_002_008,2
2026-10-01,260060659,https://apply.starbucks.com/careers/job/481080162974,"barista - Store# 68271, SR 48 & I-75",BARISTA,68271,SR 48 & I-75,2217 W C 48,Bushnell,FL,,US,,1786593600,2026-08-13,49,2026-10-01,1786715169,2026-08-14,48,False,28.66806,-82.14134,481080162974,id:260060659,store:68271,Barista,onsite,"2217 W C 48, Bushnell, Florida, United States",1,FL,CONUS_L0_001_007;CONUS_L0_002_008,2
2026-10-01,260078428,https://apply.starbucks.com/careers/job/481080936326,"shift supervisor - Store# 68271, SR 48 & I-75",SHIFT_SUPERVISOR,68271,SR 48 & I-75,2217 W C 48,Bushnell,FL,,US,,1789876800,2026-09-20,11,2026-10-01,1789998262,2026-09-21,10,False,28.66806,-82.14134,481080936326,id:260078428,store:68271,Shift Supervisor,onsite,"2217 W C 48, Bushnell, Florida, United States",1,FL,CONUS_L0_001_007;CONUS_L0_002_008,2
2026-10-01,260077745,https://apply.starbucks.com/careers/job/481080891564,"shift supervisor - Store# 08337, METRO CROSSINGS",SHIFT_SUPERVISOR,08337,METRO CROSSINGS,"2573 S Kirkman Rd, Metro Crossings",Orlando,FL,,US,,1789617600,2026-09-17,14,2026-10-01,1789739418,2026-09-18,13,False,28.5152343,-81.458236,481080891564,id:260077745,store:08337,Shift Supervisor,onsite,"2573 S Kirkman Rd, Metro Crossings, Orlando, Florida, United States",1,FL,CONUS_L0_001_007;CONUS_L0_002_008,2
2026-10-01,260061274,https://apply.starbucks.com/careers/job/481080264765,"shift supervisor - Store# 09875, LEE VISTA",SHIFT_SUPERVISOR,09875,LEE VISTA,6605 S Semoran Blvd,Orlando,FL,,US,,1787025600,2026-08-18,44,2026-10-01,1787146928,2026-08-19,43,False,28.4679809,-81.30927439999999,481080264765,id:260061274,store:09875,Shift Supervisor,onsite,"6605 S Semoran Blvd, Orlando, Florida, United States",1,FL,CONUS_L0_001_007;CONUS_L0_002_008,2
2026-10-01,260058495,https://apply.starbucks.com/careers/job/481079865577,"barista - Store# 08597, Hwy 50 & Maguire-Ocoee",BARISTA,08597,Hwy 50 & Maguire-Ocoee,10870 W Colonial Dr,Ocoee,FL,,US,,1785038400,2026-07-26,67,2026-10-01,1785159956,2026-07-27,66,False,28.5511335,-81.5402999,481079865577,id:260058495,store:08597,Barista,onsite,"10870 W Colonial Dr, Ocoee, Florida, United States",1,FL,CONUS_L0_001_007;CONUS_L0_002_008,2
2026-10-01,260076274,https://apply.starbucks.com/careers/job/481080861705,"shift supervisor - Store# 08597, Hwy 50 & Maguire-Ocoee",SHIFT_SUPERVISOR,08597,Hwy 50 & Maguire-Ocoee,10870 W Colonial Dr,Ocoee,FL,,US,,1789444800,2026-09-15,16,2026-10-01,1789566729,2026-09-16,15,False,28.5511335,-81.5402999,481080861705,id:260076274,store:08597,Shift Supervisor,onsite,"10870 W Colonial Dr, Ocoee, Florida, United States",1,FL,CONUS_L0_001_007;CONUS_L0_002_008,2
2026-10-01,260053298,https://apply.starbucks.com/careers/job/481079320039,"barista - Store# 09517, BELLE ISLE",BARISTA,09517,BELLE ISLE,5072 Conway Rd,Orlando,FL,,US,,1783310400,2026-07-06,87,2026-10-01,1783431964,2026-07-07,86,False,28.4818415,-81.3311652,481079320039,id:260053298,store:09517,Barista,onsite,"5072 Conway Rd, Orlando, Florida, United States",1,FL,CONUS_L0_001_007;CONUS_L0_002_008,2
2026-10-01,260063550,https://apply.starbucks.com/careers/job/481080567507,"shift supervisor - Store# 09517, BELLE ISLE",SHIFT_SUPERVISOR,09517,BELLE ISLE,5072 Conway Rd,Orlando,FL,,US,,1787803200,2026-08-27,35,2026-10-01,1787925012,2026-08-28,34,False,28.4818415,-81.3311652,481080567507,id:260063550,store:09517,Shift Supervisor,onsite,"5072 Conway Rd, Orlando, Florida, United States",1,FL,CONUS_L0_001_007;CONUS_L0_002_008,2
2026-10-01,260060880,https://apply.starbucks.com/careers/job/481080183379,"barista - Store# 82202, MCCOY & NARCOOSSEE RD",BARISTA,82202,MCCOY & NARCOOSSEE RD,7537 Narcoossee Rd,Orlando,FL,,US,,1786766400,2026-08-15,47,2026-10-01,1786887936,2026-08-16,46,False,28.4586213,-81.2696144,481080183379,id:260060880,store:82202,Barista,onsite,"7537 Narcoossee Rd, Orlando, Florida, United States",1,FL,CONUS_L0_001_007;CONUS_L0_002_008,2
2026-10-01,260059916,https://apply.starbucks.com/careers/job/481080079107,"shift supervisor - Store# 82202, MCCOY & NARCOOSSEE RD",SHIFT_SUPERVISOR,82202,MCCOY & NARCOOSSEE RD,7537 Narcoossee Rd,Orlando,FL,,US,,1786161600,2026-08-08,54,2026-10-01,1786283206,2026-08-09,53,False,28.4586213,-81.2696144,481080079107,id:260059916,store:82202,Shift Supervisor,onsite,"7537 Narcoossee Rd, Orlando, Florida, United States",1,FL,CONUS_L0_001_007;CONUS_L0_002_008,2
2026-10-01,260070387,https://apply.starbucks.com/careers/job/481080741383,"shift supervisor - Store# 68259, BABCOCK & RIALTO PL",SHIFT_SUPERVISOR,68259,BABCOCK & RIALTO PL,1150 S Babcock St,Melbourne,FL,,US,,1788667200,2026-09-06,25,2026-10-01,1788788377,2026-09-07,24,False,28.09082,-80.62219,481080741383,id:260070387,store:68259,Shift Supervisor,onsite,"1150 S Babcock St, Melbourne, Florida, United States",1,FL,CONUS_L0_001_007;CONUS_L0_002_008,2
2026-10-01,260078706,https://apply.starbucks.com/careers/job/481080949708,"barista - Store# 68259, BABCOCK & RIALTO PL",BARISTA,68259,BABCOCK & RIALTO PL,1150 S Babcock St,Melbourne,FL,,US,,1789963200,2026-09-21,10,2026-10-01,1790084476,2026-09-22,9,False,28.09082,-80.62219,481080949708,id:260078706,store:68259,Barista,onsite,"1150 S Babcock St, Melbourne, Florida, United States",1,FL,CONUS_L0_001_007;CONUS_L0_002_008,2
2026-10-01,260060369,https://apply.starbucks.com/careers/job/481080126010,"barista - Store# 08375, ORANGE & PINELOCH",BARISTA,08375,ORANGE & PINELOCH,3107 S Orange Ave,Orlando,FL,,US,,1786420800,2026-08-11,51,2026-10-01,1786542343,2026-08-12,50,False,28.5090514,-81.37585779999999,481080126010,id:260060369,store:08375,Barista,onsite,"3107 S Orange Ave, Orlando, Florida, United States",1,FL,CONUS_L0_001_007;CONUS_L0_002_008,2
2026-10-01,260079085,https://apply.starbucks.com/careers/job/481080965362,"shift supervisor - Store# 08375, ORANGE & PINELOCH",SHIFT_SUPERVISOR,08375,ORANGE & PINELOCH,3107 S Orange Ave,Orlando,FL,,US,,1790049600,2026-09-22,9,2026-10-01,1790171176,2026-09-23,8,False,28.5090514,-81.37585779999999,481080965362,id:260079085,store:08375,Shift Supervisor,onsite,"3107 S Orange Ave, Orlando, Florida, United States",1,FL,CONUS_L0_001_007;CONUS_L0_002_008,2
2026-10-01,260064835,https://apply.starbucks.com/careers/job/481080613956,"barista - Store# 14075, EAU GALLIE BLVD & US 1-HARBOR BCH",BARISTA,14075,EAU GALLIE BLVD & US 1-HARBOR BCH,1330 N Harbor City Blvd,Melbourne,FL,,US,,1788062400,2026-08-30,32,2026-10-01,1788184149,2026-08-31,31,False,28.0873088,-80.6073497,481080613956,id:260064835,store:14075,Barista,onsite,"1330 N Harbor City Blvd, Melbourne, Florida, United States",1,FL,CONUS_L0_001_007;CONUS_L0_002_008,2
2026-10-01,260066373,https://apply.starbucks.com/careers/job/481080679400,"shift supervisor - Store# 14075, EAU GALLIE BLVD & US 1-HARBOR BCH",SHIFT_SUPERVISOR,14075,EAU GALLIE BLVD & US 1-HARBOR BCH,1330 N Harbor City Blvd,Melbourne,FL,,US,,1788321600,2026-09-02,29,2026-10-01,1788357919,2026-09-02,29,False,28.0873088,-80.6073497,481080679400,id:260066373,store:14075,Shift Supervisor,onsite,"1330 N Harbor City Blvd, Melbourne, Florida, United States",1,FL,CONUS_L0_001_007;CONUS_L0_002_008,2
2026-10-01,260073075,https://apply.starbucks.com/careers/job/481080797775,"shift supervisor - Store# 11484, WICKHAM RD & BAYMEADOW BLVD-MELBOURNE",SHIFT_SUPERVISOR,11484,WICKHAM RD & BAYMEADOW BLVD-MELBOURNE,3660 N Wickham Rd,Melbourne,FL,,US,,1789012800,2026-09-10,21,2026-10-01,1789135595,2026-09-11,20,False,28.16437,-80.67244,481080797775,id:260073075,store:11484,Shift Supervisor,onsite,"3660 N Wickham Rd, Melbourne, Florida, United States",1,FL,CONUS_L0_001_007;CONUS_L0_002_008,2
2026-10-01,260064143,https://apply.starbucks.com/careers/job/481080612716,"barista - Store# 11484, WICKHAM RD & BAYMEADOW BLVD-MELBOURNE",BARISTA,11484,WICKHAM RD & BAYMEADOW BLVD-MELBOURNE,3660 N Wickham Rd,Melbourne,FL,,US,,1788062400,2026-08-30,32,2026-10-01,1788183569,2026-08-31,31,False,28.16437,-80.67244,481080612716,id:260064143,store:11484,Barista,onsite,"3660 N Wickham Rd, Melbourne, Florida, United States",1,FL,CONUS_L0_001_007;CONUS_L0_002_008,2
2026-10-01,260060989,https://apply.starbucks.com/careers/job/481080251160,"store manager - Orlando South Central, FL",STORE_MANAGER,,,,Orlando,FL,,US,,1790682392,2026-09-29,2,2026-10-01,1786986687,2026-08-17,45,True,28.5383832,-81.3789269,481080251160,id:260060989,,Coffeehouse Leader,onsite,"Orlando, Florida, United States",1,FL,CONUS_L0_001_007;CONUS_L0_002_008,2
2026-10-01,260080819,https://apply.starbucks.com/careers/job/481081100994,"store manager, Orlando Downtown/Winter Park, FL",STORE_MANAGER,,,,Orlando,FL,,US,,1790875632,2026-10-01,0,2026-10-01,1790875360,2026-10-01,0,False,28.5383832,-81.3789269,481081100994,id:260080819,,Coffeehouse Leader,onsite,"Orlando, Florida, United States",1,FL,CONUS_L0_001_007;CONUS_L0_002_008,2
2026-10-01,260068354,https://apply.starbucks.com/careers/job/481080709396,"shift supervisor - Store# 47907, Semoran & Michigan",SHIFT_SUPERVISOR,47907,Semoran & Michigan,"2610 S Semoran Blvd, Suite 101",Orlando,FL,,US,,1788408000,2026-09-03,28,2026-10-01,1788529664,2026-09-04,27,False,28.51432,-81.31115,481080709396,id:260068354,store:47907,Shift Supervisor,onsite,"2610 S Semoran Blvd, Suite 101, Orlando, Florida, United States",1,FL,CONUS_L0_001_007;CONUS_L0_002_008,2
2026-10-01,260054655,https://apply.starbucks.com/careers/job/481079405790,"barista - Store# 02853, A1A & MICHIGAN AVE",BARISTA,02853,A1A & MICHIGAN AVE,500 N Miramar Ave,Indialantic,FL,,US,,1783569600,2026-07-09,84,2026-10-01,1783691496,2026-07-10,83,False,28.0944662,-80.5681773,481079405790,id:260054655,store:02853,Barista,onsite,"500 N Miramar Ave, Indialantic, Florida, United States",1,FL,CONUS_L0_001_007;CONUS_L0_002_008,2
2026-10-01,260077294,https://apply.starbucks.com/careers/job/481080890857,"shift supervisor - Store# 02853, A1A & MICHIGAN AVE",SHIFT_SUPERVISOR,02853,A1A & MICHIGAN AVE,500 N Miramar Ave,Indialantic,FL,,US,,1789617600,2026-09-17,14,2026-10-01,1789739029,2026-09-18,13,False,28.0944662,-80.5681773,481080890857,id:260077294,store:02853,Shift Supervisor,onsite,"500 N Miramar Ave, Indialantic, Florida, United States",1,FL,CONUS_L0_001_007;CONUS_L0_002_008,2
2026-10-01,260076502,https://apply.starbucks.com/careers/job/481080862078,"barista - Store# 70462, OCOEE APOPKA & WEST RD",BARISTA,70462,OCOEE APOPKA & WEST RD,2443 Ocoee Apopka Rd,Ocoee,FL,,US,,1789444800,2026-09-15,16,2026-10-01,1789566925,2026-09-16,15,False,28.6041549,-81.5508882,481080862078,id:260076502,store:70462,Barista,onsite,"2443 Ocoee Apopka Rd, Ocoee, Florida, United States",1,FL,CONUS_L0_001_007;CONUS_L0_002_008,2
2026-10-01,260079141,https://apply.starbucks.com/careers/job/481080965517,"shift supervisor - Store# 70462, OCOEE APOPKA & WEST RD",SHIFT_SUPERVISOR,70462,OCOEE APOPKA & WEST RD,2443 Ocoee Apopka Rd,Ocoee,FL,,US,,1790049600,2026-09-22,9,2026-10-01,1790171224,2026-09-23,8,False,28.6041549,-81.5508882,481080965517,id:260079141,store:70462,Shift Supervisor,onsite,"2443 Ocoee Apopka Rd, Ocoee, Florida, United States",1,FL,CONUS_L0_001_007;CONUS_L0_002_008,2
2026-10-01,260058806,https://apply.starbucks.com/careers/job/481079927730,"barista - Store# 58166, HWY 50 AND FERN CREEK",BARISTA,58166,HWY 50 AND FERN CREEK,626 N Fern Creek Ave,Orlando,FL,,US,,1785211200,2026-07-28,65,2026-10-01,1785332747,2026-07-29,64,False,28.55295,-81.3604759,481079927730,id:260058806,store:58166,Barista,onsite,"626 N Fern Creek Ave, Orlando, Florida, United States",1,FL,CONUS_L0_001_007;CONUS_L0_002_008,2
2026-10-01,260054625,https://apply.starbucks.com/careers/job/481079405658,"shift supervisor - Store# 58166, HWY 50 AND FERN CREEK",SHIFT_SUPERVISOR,58166,HWY 50 AND FERN CREEK,626 N Fern Creek Ave,Orlando,FL,,US,,1783569600,2026-07-09,84,2026-10-01,1783691475,2026-07-10,83,False,28.55295,-81.3604759,481079405658,id:260054625,store:58166,Shift Supervisor,onsite,"626 N Fern Creek Ave, Orlando, Florida, United States",1,FL,CONUS_L0_001_007;CONUS_L0_002_008,2
2026-10-01,260074835,https://apply.starbucks.com/careers/job/481080820572,"shift supervisor - Store# 02963, WICKHAM RD & I-95",SHIFT_SUPERVISOR,02963,WICKHAM RD & I-95,7351 Shoppes Dr,Melbourne,FL,,US,,1789272000,2026-09-13,18,2026-10-01,1789394404,2026-09-14,17,False,28.2309904,-80.7219831,481080820572,id:260074835,store:02963,Shift Supervisor,onsite,"7351 Shoppes Dr, Melbourne, Florida, United States",1,FL,CONUS_L0_001_007;CONUS_L0_002_008,2
2026-10-01,260076075,https://apply.starbucks.com/careers/job/481080861339,"barista - Store# 02963, WICKHAM RD & I-95",BARISTA,02963,WICKHAM RD & I-95,7351 Shoppes Dr,Melbourne,FL,,US,,1789444800,2026-09-15,16,2026-10-01,1789566556,2026-09-16,15,False,28.2309904,-80.7219831,481080861339,id:260076075,store:02963,Barista,onsite,"7351 Shoppes Dr, Melbourne, Florida, United States",1,FL,CONUS_L0_001_007;CONUS_L0_002_008,2
2026-10-01,260062748,https://apply.starbucks.com/careers/job/481080495179,"shift supervisor - Store# 11400, COLONIAL PLAZA",SHIFT_SUPERVISOR,11400,COLONIAL PLAZA,"2604 E Colonial Dr, Colonial Plaza Market Center",Orlando,FL,,US,,1787630400,2026-08-25,37,2026-10-01,1787752466,2026-08-26,36,False,28.5515776,-81.3497797,481080495179,id:260062748,store:11400,Shift Supervisor,onsite,"2604 E Colonial Dr, Colonial Plaza Market Center, Orlando, Florida, United States",1,FL,CONUS_L0_001_007;CONUS_L0_002_008,2
2026-10-01,260068955,https://apply.starbucks.com/careers/job/481080710342,"barista - Store# 49669, Curry Ford & Young Pine Rd",BARISTA,49669,Curry Ford & Young Pine Rd,10330 Curry Ford Rd,Orlando,FL,,US,,1788408000,2026-09-03,28,2026-10-01,1788530176,2026-09-04,27,False,28.5096193,-81.2376203,481080710342,id:260068955,store:49669,Barista,onsite,"10330 Curry Ford Rd, Orlando, Florida, United States",1,FL,CONUS_L0_001_007;CONUS_L0_002_008,2
2026-10-01,260068894,https://apply.starbucks.com/careers/job/481080710209,"shift supervisor - Store# 49669, Curry Ford & Young Pine Rd",SHIFT_SUPERVISOR,49669,Curry Ford & Young Pine Rd,10330 Curry Ford Rd,Orlando,FL,,US,,1788408000,2026-09-03,28,2026-10-01,1788530124,2026-09-04,27,False,28.5096193,-81.2376203,481080710209,id:260068894,store:49669,Shift Supervisor,onsite,"10330 Curry Ford Rd, Orlando, Florida, United States",1,FL,CONUS_L0_001_007;CONUS_L0_002_008,2
2026-10-01,260079266,https://apply.starbucks.com/careers/job/481080978350,"barista - Store# 08401, YALE AND EDGEWATER",BARISTA,08401,YALE AND EDGEWATER,"1915 Edgewater Dr, Ste A",Orlando,FL,,US,,1790136000,2026-09-23,8,2026-10-01,1790257534,2026-09-24,7,False,28.5694112,-81.3891828,481080978350,id:260079266,store:08401,Barista,onsite,"1915 Edgewater Dr, Ste A, Orlando, Florida, United States",1,FL,CONUS_L0_001_007;CONUS_L0_002_008,2
2026-10-01,260053542,https://apply.starbucks.com/careers/job/481079351607,"shift supervisor - Store# 08401, YALE AND EDGEWATER",SHIFT_SUPERVISOR,08401,YALE AND EDGEWATER,"1915 Edgewater Dr, Ste A",Orlando,FL,,US,,1783396800,2026-07-07,86,2026-10-01,1783518136,2026-07-08,85,False,28.5694112,-81.3891828,481079351607,id:260053542,store:08401,Shift Supervisor,onsite,"1915 Edgewater Dr, Ste A, Orlando, Florida, United States",1,FL,CONUS_L0_001_007;CONUS_L0_002_008,2
2026-10-01,260067216,https://apply.starbucks.com/careers/job/481080698897,"barista - Store# 11717, EAU GALLIE & SAN PEDRO",BARISTA,11717,EAU GALLIE & SAN PEDRO,840 E Eau Gallie Blvd,Satellite Beach,FL,,US,,1788321600,2026-09-02,29,2026-10-01,1788456088,2026-09-03,28,False,28.13875,-80.58598,481080698897,id:260067216,store:11717,Barista,onsite,"840 E Eau Gallie Blvd, Satellite Beach, Florida, United States",1,FL,CONUS_L0_001_007;CONUS_L0_002_008,2
2026-10-01,260064769,https://apply.starbucks.com/careers/job/481080613864,"shift supervisor - Store# 11717, EAU GALLIE & SAN PEDRO",SHIFT_SUPERVISOR,11717,EAU GALLIE & SAN PEDRO,840 E Eau Gallie Blvd,Satellite Beach,FL,,US,,1788062400,2026-08-30,32,2026-10-01,1788184092,2026-08-31,31,False,28.13875,-80.58598,481080613864,id:260064769,store:11717,Shift Supervisor,onsite,"840 E Eau Gallie Blvd, Satellite Beach, Florida, United States",1,FL,CONUS_L0_001_007;CONUS_L0_002_008,2
2026-10-01,260066347,https://apply.starbucks.com/careers/job/481080679313,"barista - Store# 23471, LAKE UNDERHILL & CHICKASAW - ORLANDO",BARISTA,23471,LAKE UNDERHILL & CHICKASAW - ORLANDO,599 S Chickasaw Trl,Orlando,FL,,US,,1788321600,2026-09-02,29,2026-10-01,1788357895,2026-09-02,29,False,28.53706,-81.2749,481080679313,id:260066347,store:23471,Barista,onsite,"599 S Chickasaw Trl, Orlando, Florida, United States",1,FL,CONUS_L0_001_007;CONUS_L0_002_008,2
2026-10-01,260067030,https://apply.starbucks.com/careers/job/481080698653,"shift supervisor - Store# 23471, LAKE UNDERHILL & CHICKASAW - ORLANDO",SHIFT_SUPERVISOR,23471,LAKE UNDERHILL & CHICKASAW - ORLANDO,599 S Chickasaw Trl,Orlando,FL,,US,,1788321600,2026-09-02,29,2026-10-01,1788455909,2026-09-03,28,False,28.53706,-81.2749,481080698653,id:260067030,store:23471,Shift Supervisor,onsite,"599 S Chickasaw Trl, Orlando, Florida, United States",1,FL,CONUS_L0_001_007;CONUS_L0_002_008,2
2026-10-01,260069916,https://apply.starbucks.com/careers/job/481080730838,"shift supervisor - Store# 56196, WICKHAM RD & JORDAN BLASS",SHIFT_SUPERVISOR,56196,WICKHAM RD & JORDAN BLASS,6425 N Wickham Rd,Melbourne,FL,,US,,1788580800,2026-09-05,26,2026-10-01,1788702479,2026-09-06,25,False,28.2166802,-80.6736162,481080730838,id:260069916,store:56196,Shift Supervisor,onsite,"6425 N Wickham Rd, Melbourne, Florida, United States",1,FL,CONUS_L0_001_007;CONUS_L0_002_008,2
2026-10-01,260070323,https://apply.starbucks.com/careers/job/481080731344,"barista - Store# 56196, WICKHAM RD & JORDAN BLASS",BARISTA,56196,WICKHAM RD & JORDAN BLASS,6425 N Wickham Rd,Melbourne,FL,,US,,1788580800,2026-09-05,26,2026-10-01,1788702800,2026-09-06,25,False,28.2166802,-80.6736162,481080731344,id:260070323,store:56196,Barista,onsite,"6425 N Wickham Rd, Melbourne, Florida, United States",1,FL,CONUS_L0_001_007;CONUS_L0_002_008,2
2026-10-01,260079526,https://apply.starbucks.com/careers/job/481080998891,"barista - Store# 61130, VIERA BLVD & STADIUM PKWY",BARISTA,61130,VIERA BLVD & STADIUM PKWY,5384 Stadium Pkwy,Rockledge,FL,,US,,1790222400,2026-09-24,7,2026-10-01,1790344085,2026-09-25,6,False,28.26736,-80.73762,481080998891,id:260079526,store:61130,Barista,onsite,"5384 Stadium Pkwy, Rockledge, Florida, United States",1,FL,CONUS_L0_001_007;CONUS_L0_002_008,2
2026-10-01,260072699,https://apply.starbucks.com/careers/job/481080796181,"shift supervisor - Store# 61130, VIERA BLVD & STADIUM PKWY",SHIFT_SUPERVISOR,61130,VIERA BLVD & STADIUM PKWY,5384 Stadium Pkwy,Rockledge,FL,,US,,1789012800,2026-09-10,21,2026-10-01,1789135276,2026-09-11,20,False,28.26736,-80.73762,481080796181,id:260072699,store:61130,Shift Supervisor,onsite,"5384 Stadium Pkwy, Rockledge, Florida, United States",1,FL,CONUS_L0_001_007;CONUS_L0_002_008,2
2026-10-01,260053716,https://apply.starbucks.com/careers/job/481079385318,"shift supervisor - Store# 70643, ALAFAYA & GOLFWAY",SHIFT_SUPERVISOR,70643,ALAFAYA & GOLFWAY,1928 S Alafaya Trl,Orlando,FL,,US,,1783483200,2026-07-08,85,2026-10-01,1783604534,2026-07-09,84,False,28.524035,-81.19359999999999,481079385318,id:260053716,store:70643,Shift Supervisor,onsite,"1928 S Alafaya Trl, Orlando, Florida, United States",1,FL,CONUS_L0_001_007;CONUS_L0_002_008,2
2026-10-01,260054686,https://apply.starbucks.com/careers/job/481079406014,"barista - Store# 70643, ALAFAYA & GOLFWAY",BARISTA,70643,ALAFAYA & GOLFWAY,1928 S Alafaya Trl,Orlando,FL,,US,,1783569600,2026-07-09,84,2026-10-01,1783691519,2026-07-10,83,False,28.524035,-81.19359999999999,481079406014,id:260054686,store:70643,Barista,onsite,"1928 S Alafaya Trl, Orlando, Florida, United States",1,FL,CONUS_L0_001_007;CONUS_L0_002_008,2
2026-10-01,260070783,https://apply.starbucks.com/careers/job/481080741910,"shift supervisor - Store# 63983, LEE ROAD & WYMORE",SHIFT_SUPERVISOR,63983,LEE ROAD & WYMORE,2615 Lee Rd,Winter Park,FL,,US,,1788667200,2026-09-06,25,2026-10-01,1788788689,2026-09-07,24,False,28.60605,-81.38392,481080741910,id:260070783,store:63983,Shift Supervisor,onsite,"2615 Lee Rd, Winter Park, Florida, United States",1,FL,CONUS_L0_001_007;CONUS_L0_002_008,2
2026-10-01,260055016,https://apply.starbucks.com/careers/job/481079436527,"barista - Store# 63983, LEE ROAD & WYMORE",BARISTA,63983,LEE ROAD & WYMORE,2615 Lee Rd,Winter Park,FL,,US,,1783742400,2026-07-11,82,2026-10-01,1783863578,2026-07-12,81,False,28.60605,-81.38392,481079436527,id:260055016,store:63983,Barista,onsite,"2615 Lee Rd, Winter Park, Florida, United States",1,FL,CONUS_L0_001_007;CONUS_L0_002_008,2
2026-10-01,260080200,https://apply.starbucks.com/careers/job/481081058985,"barista - Store# 08343, 400 PARK AVENUE",BARISTA,08343,400 PARK AVENUE,400 S Park Ave,Winter Park,FL,,US,,1790568000,2026-09-28,3,2026-10-01,1790689614,2026-09-29,2,False,28.5945846,-81.35043519999999,481081058985,id:260080200,store:08343,Barista,onsite,"400 S Park Ave, Winter Park, Florida, United States",1,FL,CONUS_L0_001_007;CONUS_L0_002_008,2
2026-10-01,260053155,https://apply.starbucks.com/careers/job/481079230257,"shift supervisor - Store# 08343, 400 PARK AVENUE",SHIFT_SUPERVISOR,08343,400 PARK AVENUE,400 S Park Ave,Winter Park,FL,,US,,1783137600,2026-07-04,89,2026-10-01,1783258907,2026-07-05,88,False,28.5945846,-81.35043519999999,481079230257,id:260053155,store:08343,Shift Supervisor,onsite,"400 S Park Ave, Winter Park, Florida, United States",1,FL,CONUS_L0_001_007;CONUS_L0_002_008,2
2026-10-01,260057589,https://apply.starbucks.com/careers/job/481079627227,"barista - Store# 08284, WinterPark Village",BARISTA,08284,WinterPark Village,"600 N Orlando Ave, Winter Park Village",Winter Park,FL,,US,,1784520000,2026-07-20,73,2026-10-01,1784642440,2026-07-21,72,False,28.60318,-81.36463,481079627227,id:260057589,store:08284,Barista,onsite,"600 N Orlando Ave, Winter Park Village, Winter Park, Florida, United States",1,FL,CONUS_L0_001_007;CONUS_L0_002_008,2
2026-10-01,260078034,https://apply.starbucks.com/careers/job/481080923469,"shift supervisor - Store# 08284, WinterPark Village",SHIFT_SUPERVISOR,08284,WinterPark Village,"600 N Orlando Ave, Winter Park Village",Winter Park,FL,,US,,1789790400,2026-09-19,12,2026-10-01,1789911686,2026-09-20,11,False,28.60318,-81.36463,481080923469,id:260078034,store:08284,Shift Supervisor,onsite,"600 N Orlando Ave, Winter Park Village, Winter Park, Florida, United States",1,FL,CONUS_L0_001_007;CONUS_L0_002_008,2
2026-10-01,260064683,https://apply.starbucks.com/careers/job/481080613858,"shift supervisor - Store# 11907, BARNES & MURRELL-ROCKLEDGE",SHIFT_SUPERVISOR,11907,BARNES & MURRELL-ROCKLEDGE,3820 Murrell Rd,Rockledge,FL,,US,,1788062400,2026-08-30,32,2026-10-01,1788184019,2026-08-31,31,False,28.2948574,-80.7225895,481080613858,id:260064683,store:11907,Shift Supervisor,onsite,"3820 Murrell Rd, Rockledge, Florida, United States",1,FL,CONUS_L0_001_007;CONUS_L0_002_008,2
2026-10-01,260064690,https://apply.starbucks.com/careers/job/481080613750,"barista - Store# 11907, BARNES & MURRELL-ROCKLEDGE",BARISTA,11907,BARNES & MURRELL-ROCKLEDGE,3820 Murrell Rd,Rockledge,FL,,US,,1788062400,2026-08-30,32,2026-10-01,1788184026,2026-08-31,31,False,28.2948574,-80.7225895,481080613750,id:260064690,store:11907,Barista,onsite,"3820 Murrell Rd, Rockledge, Florida, United States",1,FL,CONUS_L0_001_007;CONUS_L0_002_008,2
2026-10-01,260063118,https://apply.starbucks.com/careers/job/481080565401,"shift supervisor - Store# 09907, US 441 & HIAWASSEE RD",SHIFT_SUPERVISOR,09907,US 441 & HIAWASSEE RD,1720 S Orange Blossom Trl,Apopka,FL,,US,,1787803200,2026-08-27,35,2026-10-01,1787924666,2026-08-28,34,False,28.6509425,-81.4671412,481080565401,id:260063118,store:09907,Shift Supervisor,onsite,"1720 S Orange Blossom Trl, Apopka, Florida, United States",1,FL,CONUS_L0_001_007;CONUS_L0_002_008,2
2026-10-01,260070723,https://apply.starbucks.com/careers/job/481080741864,"barista - Store# 09907, US 441 & HIAWASSEE RD",BARISTA,09907,US 441 & HIAWASSEE RD,1720 S Orange Blossom Trl,Apopka,FL,,US,,1788667200,2026-09-06,25,2026-10-01,1788788642,2026-09-07,24,False,28.6509425,-81.4671412,481080741864,id:260070723,store:09907,Barista,onsite,"1720 S Orange Blossom Trl, Apopka, Florida, United States",1,FL,CONUS_L0_001_007;CONUS_L0_002_008,2
2026-10-01,260053004,https://apply.starbucks.com/careers/job/481079230103,"shift supervisor - Store# 08586, ALOMA AVE & LAKEMONT RD",SHIFT_SUPERVISOR,08586,ALOMA AVE & LAKEMONT RD,2519 Aloma Ave,Winter Park,FL,,US,,1783137600,2026-07-04,89,2026-10-01,1783258786,2026-07-05,88,False,28.6021056,-81.3194623,481079230103,id:260053004,store:08586,Shift Supervisor,onsite,"2519 Aloma Ave, Winter Park, Florida, United States",1,FL,CONUS_L0_001_007;CONUS_L0_002_008,2
2026-10-01,260077386,https://apply.starbucks.com/careers/job/481080891018,"barista - Store# 08586, ALOMA AVE & LAKEMONT RD",BARISTA,08586,ALOMA AVE & LAKEMONT RD,2519 Aloma Ave,Winter Park,FL,,US,,1789617600,2026-09-17,14,2026-10-01,1789739109,2026-09-18,13,False,28.6021056,-81.3194623,481080891018,id:260077386,store:08586,Barista,onsite,"2519 Aloma Ave, Winter Park, Florida, United States",1,FL,CONUS_L0_001_007;CONUS_L0_002_008,2
2026-10-01,260077351,https://apply.starbucks.com/careers/job/481080890959,"shift supervisor - Store# 08389, ORLANDO WATERFORD",SHIFT_SUPERVISOR,08389,ORLANDO WATERFORD,"895 N Alafaya Trl, Waterford Lakes Town Center",Orlando,FL,,US,,1789617600,2026-09-17,14,2026-10-01,1789739078,2026-09-18,13,False,28.557265,-81.206503,481080890959,id:260077351,store:08389,Shift Supervisor,onsite,"895 N Alafaya Trl, Waterford Lakes Town Center, Orlando, Florida, United States",1,FL,CONUS_L0_001_007;CONUS_L0_002_008,2
2026-10-01,260077227,https://apply.starbucks.com/careers/job/481080890772,"barista - Store# 08389, ORLANDO WATERFORD",BARISTA,08389,ORLANDO WATERFORD,"895 N Alafaya Trl, Waterford Lakes Town Center",Orlando,FL,,US,,1789617600,2026-09-17,14,2026-10-01,1789738972,2026-09-18,13,False,28.557265,-81.206503,481080890772,id:260077227,store:08389,Barista,onsite,"895 N Alafaya Trl, Waterford Lakes Town Center, Orlando, Florida, United States",1,FL,CONUS_L0_001_007;CONUS_L0_002_008,2
2026-10-01,260063764,https://apply.starbucks.com/careers/job/481080567420,"shift supervisor - Store# 10362, UNIVERSITY & GOLDENROD",SHIFT_SUPERVISOR,10362,UNIVERSITY & GOLDENROD,7420 University Blvd,Winter Park,FL,,US,,1787803200,2026-08-27,35,2026-10-01,1787925183,2026-08-28,34,False,28.5969777,-81.2889376,481080567420,id:260063764,store:10362,Shift Supervisor,onsite,"7420 University Blvd, Winter Park, Florida, United States",1,FL,CONUS_L0_001_007;CONUS_L0_002_008,2
2026-10-01,260063787,https://apply.starbucks.com/careers/job/481080567590,"barista - Store# 10362, UNIVERSITY & GOLDENROD",BARISTA,10362,UNIVERSITY & GOLDENROD,7420 University Blvd,Winter Park,FL,,US,,1787803200,2026-08-27,35,2026-10-01,1787925201,2026-08-28,34,False,28.5969777,-81.2889376,481080567590,id:260063787,store:10362,Barista,onsite,"7420 University Blvd, Winter Park, Florida, United States",1,FL,CONUS_L0_001_007;CONUS_L0_002_008,2
2026-10-01,260053127,https://apply.starbucks.com/careers/job/481079230228,"barista - Store# 14133, AVALON PARK & GOLDEN ISLE",BARISTA,14133,AVALON PARK & GOLDEN ISLE,321 S Avalon Park Blvd,Orlando,FL,,US,,1783137600,2026-07-04,89,2026-10-01,1783258885,2026-07-05,88,False,28.5431396,-81.15380689999999,481079230228,id:260053127,store:14133,Barista,onsite,"321 S Avalon Park Blvd, Orlando, Florida, United States",1,FL,CONUS_L0_001_007;CONUS_L0_002_008,2
2026-10-01,260053015,https://apply.starbucks.com/careers/job/481079230102,"shift supervisor - Store# 14133, AVALON PARK & GOLDEN ISLE",SHIFT_SUPERVISOR,14133,AVALON PARK & GOLDEN ISLE,321 S Avalon Park Blvd,Orlando,FL,,US,,1783137600,2026-07-04,89,2026-10-01,1783258796,2026-07-05,88,False,28.5431396,-81.15380689999999,481079230102,id:260053015,store:14133,Shift Supervisor,onsite,"321 S Avalon Park Blvd, Orlando, Florida, United States",1,FL,CONUS_L0_001_007;CONUS_L0_002_008,2
2026-10-01,260053404,https://apply.starbucks.com/careers/job/481079320209,"barista - Store# 02754, HWY 17-92 & HORATIO",BARISTA,02754,HWY 17-92 & HORATIO,"131 S Orlando Ave, Ste A",Maitland,FL,,US,,1783310400,2026-07-06,87,2026-10-01,1783432050,2026-07-07,86,False,28.6268901,-81.3637146,481079320209,id:260053404,store:02754,Barista,onsite,"131 S Orlando Ave, Ste A, Maitland, Florida, United States",1,FL,CONUS_L0_001_007;CONUS_L0_002_008,2
2026-10-01,260075463,https://apply.starbucks.com/careers/job/481080821729,"shift supervisor - Store# 02754, HWY 17-92 & HORATIO",SHIFT_SUPERVISOR,02754,HWY 17-92 & HORATIO,"131 S Orlando Ave, Ste A",Maitland,FL,,US,,1789272000,2026-09-13,18,2026-10-01,1789394960,2026-09-14,17,False,28.6268901,-81.3637146,481080821729,id:260075463,store:02754,Shift Supervisor,onsite,"131 S Orlando Ave, Ste A, Maitland, Florida, United States",1,FL,CONUS_L0_001_007;CONUS_L0_002_008,2
2026-10-01,260056006,https://apply.starbucks.com/careers/job/481079473378,"shift supervisor - Store# 58165, COLONIAL & LAKE PICKET",SHIFT_SUPERVISOR,58165,COLONIAL & LAKE PICKET,13627 E Colonial Dr,Orlando,FL,,US,,1783915200,2026-07-13,80,2026-10-01,1784037208,2026-07-14,79,False,28.56577,-81.18287,481079473378,id:260056006,store:58165,Shift Supervisor,onsite,"13627 E Colonial Dr, Orlando, Florida, United States",1,FL,CONUS_L0_001_007;CONUS_L0_002_008,2
2026-10-01,260053409,https://apply.starbucks.com/careers/job/481079320219,"barista - Store# 58165, COLONIAL & LAKE PICKET",BARISTA,58165,COLONIAL & LAKE PICKET,13627 E Colonial Dr,Orlando,FL,,US,,1783310400,2026-07-06,87,2026-10-01,1783432054,2026-07-07,86,False,28.56577,-81.18287,481079320219,id:260053409,store:58165,Barista,onsite,"13627 E Colonial Dr, Orlando, Florida, United States",1,FL,CONUS_L0_001_007;CONUS_L0_002_008,2
2026-10-01,260063754,https://apply.starbucks.com/careers/job/481080567640,"shift supervisor - Store# 10231, SR 436 & HOWELL BRANCH RD",SHIFT_SUPERVISOR,10231,SR 436 & HOWELL BRANCH RD,"2535 Howell Branch Rd, Casselberry Commons Shopping Center",Casselberry,FL,,US,,1787803200,2026-08-27,35,2026-10-01,1787925175,2026-08-28,34,False,28.6256288,-81.3167543,481080567640,id:260063754,store:10231,Shift Supervisor,onsite,"2535 Howell Branch Rd, Casselberry Commons Shopping Center, Casselberry, Florida, United States",1,FL,CONUS_L0_001_007;CONUS_L0_002_008,2
2026-10-01,260066014,https://apply.starbucks.com/careers/job/481080678654,"barista - Store# 10231, SR 436 & HOWELL BRANCH RD",BARISTA,10231,SR 436 & HOWELL BRANCH RD,"2535 Howell Branch Rd, Casselberry Commons Shopping Center",Casselberry,FL,,US,,1788321600,2026-09-02,29,2026-10-01,1788357595,2026-09-02,29,False,28.6256288,-81.3167543,481080678654,id:260066014,store:10231,Barista,onsite,"2535 Howell Branch Rd, Casselberry Commons Shopping Center, Casselberry, Florida, United States",1,FL,CONUS_L0_001_007;CONUS_L0_002_008,2
2026-10-01,260064445,https://apply.starbucks.com/careers/job/481080613256,"barista - Store# 11956, BEAR LAKE RD & SR 436-APOPKA",BARISTA,11956,BEAR LAKE RD & SR 436-APOPKA,3850 E SR 436,Apopka,FL,,US,,1788062400,2026-08-30,32,2026-10-01,1788183820,2026-08-31,31,False,28.6695422,-81.440692,481080613256,id:260064445,store:11956,Barista,onsite,"3850 E SR 436, Apopka, Florida, United States",1,FL,CONUS_L0_001_007;CONUS_L0_002_008,2
2026-10-01,260078761,https://apply.starbucks.com/careers/job/481080949822,"shift supervisor - Store# 11956, BEAR LAKE RD & SR 436-APOPKA",SHIFT_SUPERVISOR,11956,BEAR LAKE RD & SR 436-APOPKA,3850 E SR 436,Apopka,FL,,US,,1789963200,2026-09-21,10,2026-10-01,1790084524,2026-09-22,9,False,28.6695422,-81.440692,481080949822,id:260078761,store:11956,Shift Supervisor,onsite,"3850 E SR 436, Apopka, Florida, United States",1,FL,CONUS_L0_001_007;CONUS_L0_002_008,2
2026-10-01,260075784,https://apply.starbucks.com/careers/job/481080840614,"shift supervisor - Store# 78671, HWY 44 & COLONADE",SHIFT_SUPERVISOR,78671,HWY 44 & COLONADE,2080 Highway 44 W,Inverness,FL,,US,,1789358400,2026-09-14,17,2026-10-01,1789480041,2026-09-15,16,False,28.8388955,-82.3568131,481080840614,id:260075784,store:78671,Shift Supervisor,onsite,"2080 Highway 44 W, Inverness, Florida, United States",1,FL,CONUS_L0_001_007;CONUS_L0_002_008,2
2026-10-01,260077552,https://apply.starbucks.com/careers/job/481080891181,"barista - Store# 23308, Aloma Ave & Tuskawilla Rd",BARISTA,23308,Aloma Ave & Tuskawilla Rd,"3645 Aloma Ave, 1001",Oviedo,FL,,US,,1789617600,2026-09-17,14,2026-10-01,1789739254,2026-09-18,13,False,28.61807,-81.26562,481080891181,id:260077552,store:23308,Barista,onsite,"3645 Aloma Ave, 1001, Oviedo, Florida, United States",1,FL,CONUS_L0_001_007;CONUS_L0_002_008,2
2026-10-01,260070036,https://apply.starbucks.com/careers/job/481080730981,"shift supervisor - Store# 23308, Aloma Ave & Tuskawilla Rd",SHIFT_SUPERVISOR,23308,Aloma Ave & Tuskawilla Rd,"3645 Aloma Ave, 1001",Oviedo,FL,,US,,1788580800,2026-09-05,26,2026-10-01,1788702574,2026-09-06,25,False,28.61807,-81.26562,481080730981,id:260070036,store:23308,Shift Supervisor,onsite,"3645 Aloma Ave, 1001, Oviedo, Florida, United States",1,FL,CONUS_L0_001_007;CONUS_L0_002_008,2
2026-10-01,260075792,https://apply.starbucks.com/careers/job/481080840610,"barista - Store# 52482, UNIVERSITY BLVD & SYSTEMS WAY",BARISTA,52482,UNIVERSITY BLVD & SYSTEMS WAY,12011 University Blvd,Orlando,FL,,US,,1789358400,2026-09-14,17,2026-10-01,1789480048,2026-09-15,16,False,28.5981295,-81.2123577,481080840610,id:260075792,store:52482,Barista,onsite,"12011 University Blvd, Orlando, Florida, United States",1,FL,CONUS_L0_001_007;CONUS_L0_002_008,2
2026-10-01,260069419,https://apply.starbucks.com/careers/job/481080730230,"shift supervisor - Store# 52482, UNIVERSITY BLVD & SYSTEMS WAY",SHIFT_SUPERVISOR,52482,UNIVERSITY BLVD & SYSTEMS WAY,12011 University Blvd,Orlando,FL,,US,,1788580800,2026-09-05,26,2026-10-01,1788702087,2026-09-06,25,False,28.5981295,-81.2123577,481080730230,id:260069419,store:52482,Shift Supervisor,onsite,"12011 University Blvd, Orlando, Florida, United States",1,FL,CONUS_L0_001_007;CONUS_L0_002_008,2
2026-10-01,260053063,https://apply.starbucks.com/careers/job/481079230161,"barista - Store# 63127, ROCK SPRINGS & WELCH",BARISTA,63127,ROCK SPRINGS & WELCH,1560 Rock Springs Rd,Apopka,FL,,US,,1783137600,2026-07-04,89,2026-10-01,1783258835,2026-07-05,88,False,28.7062,-81.50962,481079230161,id:260053063,store:63127,Barista,onsite,"1560 Rock Springs Rd, Apopka, Florida, United States",1,FL,CONUS_L0_001_007;CONUS_L0_002_008,2
2026-10-01,260071004,https://apply.starbucks.com/careers/job/481080742168,"shift supervisor - Store# 63127, ROCK SPRINGS & WELCH",SHIFT_SUPERVISOR,63127,ROCK SPRINGS & WELCH,1560 Rock Springs Rd,Apopka,FL,,US,,1788667200,2026-09-06,25,2026-10-01,1788788867,2026-09-07,24,False,28.7062,-81.50962,481080742168,id:260071004,store:63127,Shift Supervisor,onsite,"1560 Rock Springs Rd, Apopka, Florida, United States",1,FL,CONUS_L0_001_007;CONUS_L0_002_008,2
2026-10-01,260062294,https://apply.starbucks.com/careers/job/481080460558,"barista - Store# 81593, HWY 434 & LITTLE WEK",BARISTA,81593,HWY 434 & LITTLE WEK,803 N State Road 434,Altamonte Springs,FL,,US,,1787544000,2026-08-24,38,2026-10-01,1787665466,2026-08-25,37,False,28.6775709,-81.4185399,481080460558,id:260062294,store:81593,Barista,onsite,"803 N State Road 434, Altamonte Springs, Florida, United States",1,FL,CONUS_L0_001_007;CONUS_L0_002_008,2
2026-10-01,260060877,https://apply.starbucks.com/careers/job/481080183376,"shift supervisor - Store# 81593, HWY 434 & LITTLE WEK",SHIFT_SUPERVISOR,81593,HWY 434 & LITTLE WEK,803 N State Road 434,Altamonte Springs,FL,,US,,1786766400,2026-08-15,47,2026-10-01,1786887934,2026-08-16,46,False,28.6775709,-81.4185399,481080183376,id:260060877,store:81593,Shift Supervisor,onsite,"803 N State Road 434, Altamonte Springs, Florida, United States",1,FL,CONUS_L0_001_007;CONUS_L0_002_008,2
2026-10-01,260064540,https://apply.starbucks.com/careers/job/481080613945,"shift supervisor - Store# 11387, Hwy 436 & Maitland Ave",SHIFT_SUPERVISOR,11387,Hwy 436 & Maitland Ave,"750 E Altamonte Dr, Unit 3",Altamonte Springs,FL,,US,,1788062400,2026-08-30,32,2026-10-01,1788183898,2026-08-31,31,False,28.6626781,-81.3642428,481080613945,id:260064540,store:11387,Shift Supervisor,onsite,"750 E Altamonte Dr, Unit 3, Altamonte Springs, Florida, United States",1,FL,CONUS_L0_001_007;CONUS_L0_002_008,2
2026-10-01,260080277,https://apply.starbucks.com/careers/job/481081059131,"barista - Store# 11387, Hwy 436 & Maitland Ave",BARISTA,11387,Hwy 436 & Maitland Ave,"750 E Altamonte Dr, Unit 3",Altamonte Springs,FL,,US,,1790568000,2026-09-28,3,2026-10-01,1790689686,2026-09-29,2,False,28.6626781,-81.3642428,481081059131,id:260080277,store:11387,Barista,onsite,"750 E Altamonte Dr, Unit 3, Altamonte Springs, Florida, United States",1,FL,CONUS_L0_001_007;CONUS_L0_002_008,2
2026-10-01,260063805,https://apply.starbucks.com/careers/job/481080567779,"shift supervisor - Store# 09516, SR 436 & US 17-92",SHIFT_SUPERVISOR,09516,SR 436 & US 17-92,"168 Semoran Blvd, Casselberry Exchange Shopping Center",Casselberry,FL,,US,,1787803200,2026-08-27,35,2026-10-01,1787925216,2026-08-28,34,False,28.6609475,-81.3392013,481080567779,id:260063805,store:09516,Shift Supervisor,onsite,"168 Semoran Blvd, Casselberry Exchange Shopping Center, Casselberry, Florida, United States",1,FL,CONUS_L0_001_007;CONUS_L0_002_008,2
2026-10-01,260067736,https://apply.starbucks.com/careers/job/481080699523,"barista - Store# 09516, SR 436 & US 17-92",BARISTA,09516,SR 436 & US 17-92,"168 Semoran Blvd, Casselberry Exchange Shopping Center",Casselberry,FL,,US,,1788321600,2026-09-02,29,2026-10-01,1788456576,2026-09-03,28,False,28.6609475,-81.3392013,481080699523,id:260067736,store:09516,Barista,onsite,"168 Semoran Blvd, Casselberry Exchange Shopping Center, Casselberry, Florida, United States",1,FL,CONUS_L0_001_007;CONUS_L0_002_008,2
2026-10-01,260066214,https://apply.starbucks.com/careers/job/481080679004,"barista - Store# 09516, SR 436 & US 17-92",BARISTA,09516,SR 436 & US 17-92,"168 Semoran Blvd, Casselberry Exchange Shopping Center",Casselberry,FL,,US,,1788321600,2026-09-02,29,2026-10-01,1788357777,2026-09-02,29,False,28.6609475,-81.3392013,481080679004,id:260066214,store:09516,Barista,onsite,"168 Semoran Blvd, Casselberry Exchange Shopping Center, Casselberry, Florida, United States",1,FL,CONUS_L0_001_007;CONUS_L0_002_008,2
2026-10-01,260077523,https://apply.starbucks.com/careers/job/481080891203,"barista - Store# 80188, ALAFAYA TRAIL & MCCULLOCH RD",BARISTA,80188,ALAFAYA TRAIL & MCCULLOCH RD,4300 Alafaya Trl,Oviedo,FL,,US,,1789617600,2026-09-17,14,2026-10-01,1789739229,2026-09-18,13,False,28.6123158,-81.2070808,481080891203,id:260077523,store:80188,Barista,onsite,"4300 Alafaya Trl, Oviedo, Florida, United States",1,FL,CONUS_L0_001_007;CONUS_L0_002_008,2
2026-10-01,260076778,https://apply.starbucks.com/careers/job/481080862766,"shift supervisor - Store# 80188, ALAFAYA TRAIL & MCCULLOCH RD",SHIFT_SUPERVISOR,80188,ALAFAYA TRAIL & MCCULLOCH RD,4300 Alafaya Trl,Oviedo,FL,,US,,1789444800,2026-09-15,16,2026-10-01,1789567166,2026-09-16,15,False,28.6123158,-81.2070808,481080862766,id:260076778,store:80188,Shift Supervisor,onsite,"4300 Alafaya Trl, Oviedo, Florida, United States",1,FL,CONUS_L0_001_007;CONUS_L0_002_008,2
2026-10-01,260052966,https://apply.starbucks.com/careers/job/481079230050,"shift supervisor - Store# 11037, I-4 & SR 434-ALTAMONTE SPRINGS",SHIFT_SUPERVISOR,11037,I-4 & SR 434-ALTAMONTE SPRINGS,1195 Spring Ctr S Blvd,Altamonte Springs,FL,,US,,1783137600,2026-07-04,89,2026-10-01,1783258756,2026-07-05,88,False,28.68799199999999,-81.3924522,481079230050,id:260052966,store:11037,Shift Supervisor,onsite,"1195 Spring Ctr S Blvd, Altamonte Springs, Florida, United States",1,FL,CONUS_L0_001_007;CONUS_L0_002_008,2
2026-10-01,260080081,https://apply.starbucks.com/careers/job/481081029748,"barista - Store# 11037, I-4 & SR 434-ALTAMONTE SPRINGS",BARISTA,11037,I-4 & SR 434-ALTAMONTE SPRINGS,1195 Spring Ctr S Blvd,Altamonte Springs,FL,,US,,1790481600,2026-09-27,4,2026-10-01,1790603466,2026-09-28,3,False,28.68799199999999,-81.3924522,481081029748,id:260080081,store:11037,Barista,onsite,"1195 Spring Ctr S Blvd, Altamonte Springs, Florida, United States",1,FL,CONUS_L0_001_007;CONUS_L0_002_008,2
2026-10-01,260078204,https://apply.starbucks.com/careers/job/481080923863,"shift supervisor - Store# 19871, SR 520 & GOODWIN",SHIFT_SUPERVISOR,19871,SR 520 & GOODWIN,175 E Merritt Island Cswy,Merritt Island,FL,,US,,1789790400,2026-09-19,12,2026-10-01,1789911827,2026-09-20,11,False,28.3566192,-80.6970326,481080923863,id:260078204,store:19871,Shift Supervisor,onsite,"175 E Merritt Island Cswy, Merritt Island, Florida, United States",1,FL,CONUS_L0_001_007;CONUS_L0_002_008,2
2026-10-01,260078430,https://apply.starbucks.com/careers/job/481080936330,"barista - Store# 08279, Willa Springs",BARISTA,08279,Willa Springs,1400 Tuskawilla Rd,Winter Springs,FL,,US,,1789876800,2026-09-20,11,2026-10-01,1789998264,2026-09-21,10,False,28.6463924,-81.2677782,481080936330,id:260078430,store:08279,Barista,onsite,"1400 Tuskawilla Rd, Winter Springs, Florida, United States",1,FL,CONUS_L0_001_007;CONUS_L0_002_008,2
2026-10-01,260079405,https://apply.starbucks.com/careers/job/481080998612,"shift supervisor - Store# 08279, Willa Springs",SHIFT_SUPERVISOR,08279,Willa Springs,1400 Tuskawilla Rd,Winter Springs,FL,,US,,1790222400,2026-09-24,7,2026-10-01,1790343980,2026-09-25,6,False,28.6463924,-81.2677782,481080998612,id:260079405,store:08279,Shift Supervisor,onsite,"1400 Tuskawilla Rd, Winter Springs, Florida, United States",1,FL,CONUS_L0_001_007;CONUS_L0_002_008,2
2026-10-01,260070054,https://apply.starbucks.com/careers/job/481080730999,"barista - Store# 53563, W. SR 434 & RAYMOND AVE",BARISTA,53563,W. SR 434 & RAYMOND AVE,1951 W State Road 434,Longwood,FL,,US,,1788580800,2026-09-05,26,2026-10-01,1788702588,2026-09-06,25,False,28.6920735,-81.38708919999999,481080730999,id:260070054,store:53563,Barista,onsite,"1951 W State Road 434, Longwood, Florida, United States",1,FL,CONUS_L0_001_007;CONUS_L0_002_008,2
2026-10-01,260074345,https://apply.starbucks.com/careers/job/481080814210,"shift supervisor - Store# 53563, W. SR 434 & RAYMOND AVE",SHIFT_SUPERVISOR,53563,W. SR 434 & RAYMOND AVE,1951 W State Road 434,Longwood,FL,,US,,1789185600,2026-09-12,19,2026-10-01,1789307750,2026-09-13,18,False,28.6920735,-81.38708919999999,481080814210,id:260074345,store:53563,Shift Supervisor,onsite,"1951 W State Road 434, Longwood, Florida, United States",1,FL,CONUS_L0_001_007;CONUS_L0_002_008,2
2026-10-01,260062257,https://apply.starbucks.com/careers/job/481080460493,"barista - Store# 85237, RED BUG LAKE RD & MIKLER RD",BARISTA,85237,RED BUG LAKE RD & MIKLER RD,7111 Red Bug Lake Rd,Oviedo,FL,,US,,1787544000,2026-08-24,38,2026-10-01,1787665433,2026-08-25,37,False,28.6474283,-81.24923849999999,481080460493,id:260062257,store:85237,Barista,onsite,"7111 Red Bug Lake Rd, Oviedo, Florida, United States",1,FL,CONUS_L0_001_007;CONUS_L0_002_008,2
2026-10-01,260062248,https://apply.starbucks.com/careers/job/481080460492,"shift supervisor - Store# 85237, RED BUG LAKE RD & MIKLER RD",SHIFT_SUPERVISOR,85237,RED BUG LAKE RD & MIKLER RD,7111 Red Bug Lake Rd,Oviedo,FL,,US,,1787544000,2026-08-24,38,2026-10-01,1787665425,2026-08-25,37,False,28.6474283,-81.24923849999999,481080460492,id:260062248,store:85237,Shift Supervisor,onsite,"7111 Red Bug Lake Rd, Oviedo, Florida, United States",1,FL,CONUS_L0_001_007;CONUS_L0_002_008,2
2026-10-01,260057423,https://apply.starbucks.com/careers/job/481079604786,"shift supervisor - Store# 78366, LECANTO HWY & NORVELL BRYANT",SHIFT_SUPERVISOR,78366,LECANTO HWY & NORVELL BRYANT,3077 W Norvell Bryant Highway,Lecanto,FL,,US,,1784433600,2026-07-19,74,2026-10-01,1784554751,2026-07-20,73,False,28.89311,-82.48478,481079604786,id:260057423,store:78366,Shift Supervisor,onsite,"3077 W Norvell Bryant Highway, Lecanto, Florida, United States",1,FL,CONUS_L0_001_007;CONUS_L0_002_008,2
2026-10-01,260061075,https://apply.starbucks.com/careers/job/481080228788,"barista - Store# 78366, LECANTO HWY & NORVELL BRYANT",BARISTA,78366,LECANTO HWY & NORVELL BRYANT,3077 W Norvell Bryant Highway,Lecanto,FL,,US,,1786939200,2026-08-17,45,2026-10-01,1787060449,2026-08-18,44,False,28.89311,-82.48478,481080228788,id:260061075,store:78366,Barista,onsite,"3077 W Norvell Bryant Highway, Lecanto, Florida, United States",1,FL,CONUS_L0_001_007;CONUS_L0_002_008,2
2026-10-01,260076366,https://apply.starbucks.com/careers/job/481080861826,"barista - Store# 84169, HWY 434 & MYRTLE ST",BARISTA,84169,HWY 434 & MYRTLE ST,406 Myrtle St,Longwood,FL,,US,,1789444800,2026-09-15,16,2026-10-01,1789566809,2026-09-16,15,False,28.69838,-81.34462,481080861826,id:260076366,store:84169,Barista,onsite,"406 Myrtle St, Longwood, Florida, United States",1,FL,CONUS_L0_001_007;CONUS_L0_002_008,2
2026-10-01,260073730,https://apply.starbucks.com/careers/job/481080813165,"shift supervisor - Store# 84169, HWY 434 & MYRTLE ST",SHIFT_SUPERVISOR,84169,HWY 434 & MYRTLE ST,406 Myrtle St,Longwood,FL,,US,,1789185600,2026-09-12,19,2026-10-01,1789307177,2026-09-13,18,False,28.69838,-81.34462,481080813165,id:260073730,store:84169,Shift Supervisor,onsite,"406 Myrtle St, Longwood, Florida, United States",1,FL,CONUS_L0_001_007;CONUS_L0_002_008,2
2026-10-01,260055929,https://apply.starbucks.com/careers/job/481079473270,"barista - Store# 56720, LEESBURG & LAKES BLVD",BARISTA,56720,LEESBURG & LAKES BLVD,10670 US Hwy 441,Leesburg,FL,,US,,1783915200,2026-07-13,80,2026-10-01,1784037142,2026-07-14,79,False,28.82071,-81.78092,481079473270,id:260055929,store:56720,Barista,onsite,"10670 US Hwy 441, Leesburg, Florida, United States",1,FL,CONUS_L0_001_007;CONUS_L0_002_008,2
2026-10-01,260069340,https://apply.starbucks.com/careers/job/481080730151,"shift supervisor - Store# 56720, LEESBURG & LAKES BLVD",SHIFT_SUPERVISOR,56720,LEESBURG & LAKES BLVD,10670 US Hwy 441,Leesburg,FL,,US,,1788580800,2026-09-05,26,2026-10-01,1788702025,2026-09-06,25,False,28.82071,-81.78092,481080730151,id:260069340,store:56720,Shift Supervisor,onsite,"10670 US Hwy 441, Leesburg, Florida, United States",1,FL,CONUS_L0_001_007;CONUS_L0_002_008,2
2026-10-01,260072866,https://apply.starbucks.com/careers/job/481080796534,"shift supervisor - Store# 81641, CR 44 & SE 7TH AVE",SHIFT_SUPERVISOR,81641,CR 44 & SE 7TH AVE,640 NE 5th St,Crystal River,FL,,US,,1789012800,2026-09-10,21,2026-10-01,1789135419,2026-09-11,20,False,28.897808,-82.583671,481080796534,id:260072866,store:81641,Shift Supervisor,onsite,"640 NE 5th St, Crystal River, Florida, United States",1,FL,CONUS_L0_001_007;CONUS_L0_002_007,2
2026-10-01,260074691,https://apply.starbucks.com/careers/job/481080820428,"barista - Store# 81641, CR 44 & SE 7TH AVE",BARISTA,81641,CR 44 & SE 7TH AVE,640 NE 5th St,Crystal River,FL,,US,,1789272000,2026-09-13,18,2026-10-01,1789394278,2026-09-14,17,False,28.897808,-82.583671,481080820428,id:260074691,store:81641,Barista,onsite,"640 NE 5th St, Crystal River, Florida, United States",1,FL,CONUS_L0_001_007;CONUS_L0_002_007,2
2026-10-01,260070967,https://apply.starbucks.com/careers/job/481080742149,"barista - Store# 62596, COURTENAY PKWY & PIONEER RD",BARISTA,62596,COURTENAY PKWY & PIONEER RD,2280 N Courtenay Pkwy,Merritt Island,FL,,US,,1788667200,2026-09-06,25,2026-10-01,1788788837,2026-09-07,24,False,28.3977939,-80.7044627,481080742149,id:260070967,store:62596,Barista,onsite,"2280 N Courtenay Pkwy, Merritt Island, Florida, United States",1,FL,CONUS_L0_001_007;CONUS_L0_002_008,2
2026-10-01,260070902,https://apply.starbucks.com/careers/job/481080742016,"shift supervisor - Store# 62596, COURTENAY PKWY & PIONEER RD",SHIFT_SUPERVISOR,62596,COURTENAY PKWY & PIONEER RD,2280 N Courtenay Pkwy,Merritt Island,FL,,US,,1788667200,2026-09-06,25,2026-10-01,1788788785,2026-09-07,24,False,28.3977939,-80.7044627,481080742016,id:260070902,store:62596,Shift Supervisor,onsite,"2280 N Courtenay Pkwy, Merritt Island, Florida, United States",1,FL,CONUS_L0_001_007;CONUS_L0_002_008,2
2026-10-01,260072996,https://apply.starbucks.com/careers/job/481080797568,"barista - Store# 65318, TRAILWINDS & SEVEN MILE DR",BARISTA,65318,TRAILWINDS & SEVEN MILE DR,5800 Seven Mile Dr,Wildwood,FL,,US,,1789012800,2026-09-10,21,2026-10-01,1789135528,2026-09-11,20,False,28.86672699999999,-82.0077079,481080797568,id:260072996,store:65318,Barista,onsite,"5800 Seven Mile Dr, Wildwood, Florida, United States",1,FL,CONUS_L0_001_007;CONUS_L0_002_008,2
2026-10-01,260070721,https://apply.starbucks.com/careers/job/481080741824,"shift supervisor - Store# 65318, TRAILWINDS & SEVEN MILE DR",SHIFT_SUPERVISOR,65318,TRAILWINDS & SEVEN MILE DR,5800 Seven Mile Dr,Wildwood,FL,,US,,1788667200,2026-09-06,25,2026-10-01,1788788641,2026-09-07,24,False,28.86672699999999,-82.0077079,481080741824,id:260070721,store:65318,Shift Supervisor,onsite,"5800 Seven Mile Dr, Wildwood, Florida, United States",1,FL,CONUS_L0_001_007;CONUS_L0_002_008,2
2026-10-01,260057475,https://apply.starbucks.com/careers/job/481079604848,"shift supervisor - Store# 57625, N US HWY 17-92 & CHURCH",SHIFT_SUPERVISOR,57625,N US HWY 17-92 & CHURCH,306 N Highway 17 92,Longwood,FL,,US,,1784433600,2026-07-19,74,2026-10-01,1784554793,2026-07-20,73,False,28.7010611,-81.32747719999999,481079604848,id:260057475,store:57625,Shift Supervisor,onsite,"306 N Highway 17 92, Longwood, Florida, United States",1,FL,CONUS_L0_001_007;CONUS_L0_002_008,2
2026-10-01,260068812,https://apply.starbucks.com/careers/job/481080710181,"barista - Store# 26676, MITCHELL HAMMOCK & CITY PLAZA - ORLANDO",BARISTA,26676,MITCHELL HAMMOCK & CITY PLAZA - ORLANDO,305 E Mitchell Hammock Rd,Oviedo,FL,,US,,1788408000,2026-09-03,28,2026-10-01,1788530056,2026-09-04,27,False,28.65619,-81.20388,481080710181,id:260068812,store:26676,Barista,onsite,"305 E Mitchell Hammock Rd, Oviedo, Florida, United States",1,FL,CONUS_L0_001_007;CONUS_L0_002_008,2
2026-10-01,260068398,https://apply.starbucks.com/careers/job/481080709402,"shift supervisor - Store# 26676, MITCHELL HAMMOCK & CITY PLAZA - ORLANDO",SHIFT_SUPERVISOR,26676,MITCHELL HAMMOCK & CITY PLAZA - ORLANDO,305 E Mitchell Hammock Rd,Oviedo,FL,,US,,1788408000,2026-09-03,28,2026-10-01,1788529701,2026-09-04,27,False,28.65619,-81.20388,481080709402,id:260068398,store:26676,Shift Supervisor,onsite,"305 E Mitchell Hammock Rd, Oviedo, Florida, United States",1,FL,CONUS_L0_001_007;CONUS_L0_002_008,2
2026-10-01,260071877,https://apply.starbucks.com/careers/job/481080764774,"barista - Store# 29899, US 441 & DAVID WALKER - EUSTIS",BARISTA,29899,US 441 & DAVID WALKER - EUSTIS,15439 US Hwy 441,Eustis,FL,,US,,1788840000,2026-09-08,23,2026-10-01,1788961476,2026-09-09,22,False,28.82253,-81.70172,481080764774,id:260071877,store:29899,Barista,onsite,"15439 US Hwy 441, Eustis, Florida, United States",1,FL,CONUS_L0_001_007;CONUS_L0_002_008,2
2026-10-01,260068592,https://apply.starbucks.com/careers/job/481080709910,"shift supervisor - Store# 29899, US 441 & DAVID WALKER - EUSTIS",SHIFT_SUPERVISOR,29899,US 441 & DAVID WALKER - EUSTIS,15439 US Hwy 441,Eustis,FL,,US,,1788408000,2026-09-03,28,2026-10-01,1788529870,2026-09-04,27,False,28.82253,-81.70172,481080709910,id:260068592,store:29899,Shift Supervisor,onsite,"15439 US Hwy 441, Eustis, Florida, United States",1,FL,CONUS_L0_001_007;CONUS_L0_002_008,2
2026-10-01,260066934,https://apply.starbucks.com/careers/job/481080698502,"shift supervisor - Store# 24560, COCOA BEACH & BANANA RIVER - COCOA BEACH",SHIFT_SUPERVISOR,24560,COCOA BEACH & BANANA RIVER - COCOA BEACH,301 W Cocoa Beach Cswy,Cocoa Beach,FL,,US,,1788321600,2026-09-02,29,2026-10-01,1788455819,2026-09-03,28,False,28.3584188,-80.6109376,481080698502,id:260066934,store:24560,Shift Supervisor,onsite,"301 W Cocoa Beach Cswy, Cocoa Beach, Florida, United States",1,FL,CONUS_L0_001_007;CONUS_L0_002_008,2
2026-10-01,260074814,https://apply.starbucks.com/careers/job/481080820531,"barista - Store# 24560, COCOA BEACH & BANANA RIVER - COCOA BEACH",BARISTA,24560,COCOA BEACH & BANANA RIVER - COCOA BEACH,301 W Cocoa Beach Cswy,Cocoa Beach,FL,,US,,1789272000,2026-09-13,18,2026-10-01,1789394386,2026-09-14,17,False,28.3584188,-80.6109376,481080820531,id:260074814,store:24560,Barista,onsite,"301 W Cocoa Beach Cswy, Cocoa Beach, Florida, United States",1,FL,CONUS_L0_001_007;CONUS_L0_002_008,2
2026-10-01,260015317,https://apply.starbucks.com/careers/job/481077127380,"shift supervisor - Store# 55615, HWY 434 & TUSKAWILLA",SHIFT_SUPERVISOR,55615,HWY 434 & TUSKAWILLA,1220 E State Road 434,Winter Springs,FL,,US,,1787650358,2026-08-25,37,2026-10-01,1773236957,2026-03-11,204,True,28.6957637,-81.2609388,481077127380,id:260015317,store:55615,Shift Supervisor,onsite,"1220 E State Road 434, Winter Springs, Florida, United States",1,FL,CONUS_L0_001_007;CONUS_L0_002_008,2
2026-10-01,260057294,https://apply.starbucks.com/careers/job/481079587674,"barista - Store# 55615, HWY 434 & TUSKAWILLA",BARISTA,55615,HWY 434 & TUSKAWILLA,1220 E State Road 434,Winter Springs,FL,,US,,1784347200,2026-07-18,75,2026-10-01,1784468441,2026-07-19,74,False,28.6957637,-81.2609388,481079587674,id:260057294,store:55615,Barista,onsite,"1220 E State Road 434, Winter Springs, Florida, United States",1,FL,CONUS_L0_001_007;CONUS_L0_002_008,2
2026-10-01,260074050,https://apply.starbucks.com/careers/job/481080813736,"barista - Store# 20007, US 441 & DONNELLY - MT DORA",BARISTA,20007,US 441 & DONNELLY - MT DORA,"19021 US Highway 441, Loch Leven Landing",Mount Dora,FL,,US,,1789185600,2026-09-12,19,2026-10-01,1789307475,2026-09-13,18,False,28.8252771,-81.641852,481080813736,id:260074050,store:20007,Barista,onsite,"19021 US Highway 441, Loch Leven Landing, Mount Dora, Florida, United States",1,FL,CONUS_L0_001_007;CONUS_L0_002_008,2
2026-10-01,260065726,https://apply.starbucks.com/careers/job/481080678139,"shift supervisor - Store# 20007, US 441 & DONNELLY - MT DORA",SHIFT_SUPERVISOR,20007,US 441 & DONNELLY - MT DORA,"19021 US Highway 441, Loch Leven Landing",Mount Dora,FL,,US,,1788321600,2026-09-02,29,2026-10-01,1788357342,2026-09-02,29,False,28.8252771,-81.641852,481080678139,id:260065726,store:20007,Shift Supervisor,onsite,"19021 US Highway 441, Loch Leven Landing, Mount Dora, Florida, United States",1,FL,CONUS_L0_001_007;CONUS_L0_002_008,2
2026-10-01,260058840,https://apply.starbucks.com/careers/job/481079927773,"shift supervisor - Store# 08269, LAKE MARY BLVD & RHINEHART",SHIFT_SUPERVISOR,08269,LAKE MARY BLVD & RHINEHART,"850 S Sun Dr, Ste 100",Lake Mary,FL,,US,,1785211200,2026-07-28,65,2026-10-01,1785332777,2026-07-29,64,False,28.755523,-81.352706,481079927773,id:260058840,store:08269,Shift Supervisor,onsite,"850 S Sun Dr, Ste 100, Lake Mary, Florida, United States",1,FL,CONUS_L0_001_007;CONUS_L0_002_008,2
2026-10-01,260061696,https://apply.starbucks.com/careers/job/481080415980,"barista - Store# 08269, LAKE MARY BLVD & RHINEHART",BARISTA,08269,LAKE MARY BLVD & RHINEHART,"850 S Sun Dr, Ste 100",Lake Mary,FL,,US,,1787371200,2026-08-22,40,2026-10-01,1787492376,2026-08-23,39,False,28.755523,-81.352706,481080415980,id:260061696,store:08269,Barista,onsite,"850 S Sun Dr, Ste 100, Lake Mary, Florida, United States",1,FL,CONUS_L0_001_007;CONUS_L0_002_008,2
2026-10-01,260064267,https://apply.starbucks.com/careers/job/481080612968,"shift supervisor - Store# 08949, SUMTER LANDING",SHIFT_SUPERVISOR,08949,SUMTER LANDING,966 Old Mill Run,The Villages,FL,,US,,1788062400,2026-08-30,32,2026-10-01,1788183673,2026-08-31,31,False,28.9082141,-81.9740947,481080612968,id:260064267,store:08949,Shift Supervisor,onsite,"966 Old Mill Run, The Villages, Florida, United States",1,FL,CONUS_L0_001_007;CONUS_L0_002_008,2
2026-10-01,260072146,https://apply.starbucks.com/careers/job/481080765275,"barista - Store# 08949, SUMTER LANDING",BARISTA,08949,SUMTER LANDING,966 Old Mill Run,The Villages,FL,,US,,1788840000,2026-09-08,23,2026-10-01,1788961696,2026-09-09,22,False,28.9082141,-81.9740947,481080765275,id:260072146,store:08949,Barista,onsite,"966 Old Mill Run, The Villages, Florida, United States",1,FL,CONUS_L0_001_007;CONUS_L0_002_008,2
2026-10-01,260070231,https://apply.starbucks.com/careers/job/481080731229,"shift supervisor - Store# 58136, WEDGEWOOD & FIELDCREST",SHIFT_SUPERVISOR,58136,WEDGEWOOD & FIELDCREST,3320 Wedgewood Ln,The Villages,FL,,US,,1788580800,2026-09-05,26,2026-10-01,1788702728,2026-09-06,25,False,28.9277031,-82.01044139999999,481080731229,id:260070231,store:58136,Shift Supervisor,onsite,"3320 Wedgewood Ln, The Villages, Florida, United States",1,FL,CONUS_L0_001_007;CONUS_L0_002_008,2
2026-10-01,260080673,https://apply.starbucks.com/careers/job/481081091815,"barista - Store# 58136, WEDGEWOOD & FIELDCREST",BARISTA,58136,WEDGEWOOD & FIELDCREST,3320 Wedgewood Ln,The Villages,FL,,US,,1790740800,2026-09-30,1,2026-10-01,1790836149,2026-10-01,0,False,28.9277031,-82.01044139999999,481081091815,id:260080673,store:58136,Barista,onsite,"3320 Wedgewood Ln, The Villages, Florida, United States",1,FL,CONUS_L0_001_007;CONUS_L0_002_008,2
2026-10-01,260068928,https://apply.starbucks.com/careers/job/481080710303,"shift supervisor - Store# 27801, SR 50 & I-95 - TITUSVILLE",SHIFT_SUPERVISOR,27801,SR 50 & I-95 - TITUSVILLE,3570 Cheney Hwy,Titusville,FL,,US,,1788408000,2026-09-03,28,2026-10-01,1788530153,2026-09-04,27,False,28.55336,-80.84844,481080710303,id:260068928,store:27801,Shift Supervisor,onsite,"3570 Cheney Hwy, Titusville, Florida, United States",1,FL,CONUS_L0_001_007;CONUS_L0_002_008,2
2026-10-01,260078779,https://apply.starbucks.com/careers/job/481080949860,"barista - Store# 27801, SR 50 & I-95 - TITUSVILLE",BARISTA,27801,SR 50 & I-95 - TITUSVILLE,3570 Cheney Hwy,Titusville,FL,,US,,1789963200,2026-09-21,10,2026-10-01,1790084540,2026-09-22,9,False,28.55336,-80.84844,481080949860,id:260078779,store:27801,Barista,onsite,"3570 Cheney Hwy, Titusville, Florida, United States",1,FL,CONUS_L0_001_007;CONUS_L0_002_008,2
2026-10-01,260075745,https://apply.starbucks.com/careers/job/481080840531,"barista - Store# 26675, INTERNATIONAL & HEATHROW - LAKE MARY",BARISTA,26675,INTERNATIONAL & HEATHROW - LAKE MARY,910 International Pkwy,Lake Mary,FL,,US,,1789358400,2026-09-14,17,2026-10-01,1789480007,2026-09-15,16,False,28.7785087,-81.35794949999999,481080840531,id:260075745,store:26675,Barista,onsite,"910 International Pkwy, Lake Mary, Florida, United States",1,FL,CONUS_L0_001_007;CONUS_L0_002_008,2
2026-10-01,260068855,https://apply.starbucks.com/careers/job/481080710210,"shift supervisor - Store# 26675, INTERNATIONAL & HEATHROW - LAKE MARY",SHIFT_SUPERVISOR,26675,INTERNATIONAL & HEATHROW - LAKE MARY,910 International Pkwy,Lake Mary,FL,,US,,1788408000,2026-09-03,28,2026-10-01,1788530092,2026-09-04,27,False,28.7785087,-81.35794949999999,481080710210,id:260068855,store:26675,Shift Supervisor,onsite,"910 International Pkwy, Lake Mary, Florida, United States",1,FL,CONUS_L0_001_007;CONUS_L0_002_008,2
2026-10-01,260070735,https://apply.starbucks.com/careers/job/481080741891,"shift supervisor - Store# 85857, FL-19 & SLIM HAYWOOD AVE",SHIFT_SUPERVISOR,85857,FL-19 & SLIM HAYWOOD AVE,2046 SR 19,Tavares,FL,,US,,1788667200,2026-09-06,25,2026-10-01,1788788651,2026-09-07,24,False,28.8762419,-81.6879125,481080741891,id:260070735,store:85857,Shift Supervisor,onsite,"2046 SR 19, Tavares, Florida, United States",1,FL,CONUS_L0_001_007;CONUS_L0_002_008,2
2026-10-01,260070768,https://apply.starbucks.com/careers/job/481080741997,"barista - Store# 85857, FL-19 & SLIM HAYWOOD AVE",BARISTA,85857,FL-19 & SLIM HAYWOOD AVE,2046 SR 19,Tavares,FL,,US,,1788667200,2026-09-06,25,2026-10-01,1788788677,2026-09-07,24,False,28.8762419,-81.6879125,481080741997,id:260070768,store:85857,Barista,onsite,"2046 SR 19, Tavares, Florida, United States",1,FL,CONUS_L0_001_007;CONUS_L0_002_008,2
2026-10-01,260073329,https://apply.starbucks.com/careers/job/481080798283,"barista - Store# 81065, US 17-92 & LAKE MARY BLVD",BARISTA,81065,US 17-92 & LAKE MARY BLVD,3764 S Orlando Dr,Sanford,FL,,US,,1789012800,2026-09-10,21,2026-10-01,1789135812,2026-09-11,20,False,28.7597309,-81.2866816,481080798283,id:260073329,store:81065,Barista,onsite,"3764 S Orlando Dr, Sanford, Florida, United States",1,FL,CONUS_L0_001_007;CONUS_L0_002_008,2
2026-10-01,260073189,https://apply.starbucks.com/careers/job/481080797983,"shift supervisor - Store# 81065, US 17-92 & LAKE MARY BLVD",SHIFT_SUPERVISOR,81065,US 17-92 & LAKE MARY BLVD,3764 S Orlando Dr,Sanford,FL,,US,,1789012800,2026-09-10,21,2026-10-01,1789135691,2026-09-11,20,False,28.7597309,-81.2866816,481080797983,id:260073189,store:81065,Shift Supervisor,onsite,"3764 S Orlando Dr, Sanford, Florida, United States",1,FL,CONUS_L0_001_007;CONUS_L0_002_008,2
2026-10-01,260063593,https://apply.starbucks.com/careers/job/481080567271,"shift supervisor - Store# 10063, ROLLING ACRES & US-27 S",SHIFT_SUPERVISOR,10063,ROLLING ACRES & US-27 S,874 N US Hwy 27,Lady Lake,FL,,US,,1787803200,2026-08-27,35,2026-10-01,1787925046,2026-08-28,34,False,28.9337489,-81.9364957,481080567271,id:260063593,store:10063,Shift Supervisor,onsite,"874 N US Hwy 27, Lady Lake, Florida, United States",1,FL,CONUS_L0_001_007;CONUS_L0_002_008,2
2026-10-01,260057454,https://apply.starbucks.com/careers/job/481079604820,"barista - Store# 10063, ROLLING ACRES & US-27 S",BARISTA,10063,ROLLING ACRES & US-27 S,874 N US Hwy 27,Lady Lake,FL,,US,,1784433600,2026-07-19,74,2026-10-01,1784554776,2026-07-20,73,False,28.9337489,-81.9364957,481079604820,id:260057454,store:10063,Barista,onsite,"874 N US Hwy 27, Lady Lake, Florida, United States",1,FL,CONUS_L0_001_007;CONUS_L0_002_008,2
2026-10-01,260073593,https://apply.starbucks.com/careers/job/481080812950,"barista - Store# 70463, SR 46 AND INTERNATIONAL PKWY",BARISTA,70463,SR 46 AND INTERNATIONAL PKWY,287 High Water Ln,Sanford,FL,,US,,1789185600,2026-09-12,19,2026-10-01,1789307050,2026-09-13,18,False,28.8104545,-81.34836969999999,481080812950,id:260073593,store:70463,Barista,onsite,"287 High Water Ln, Sanford, Florida, United States",1,FL,CONUS_L0_001_007;CONUS_L0_002_008,2
2026-10-01,260072073,https://apply.starbucks.com/careers/job/481080765094,"shift supervisor - Store# 70463, SR 46 AND INTERNATIONAL PKWY",SHIFT_SUPERVISOR,70463,SR 46 AND INTERNATIONAL PKWY,287 High Water Ln,Sanford,FL,,US,,1788840000,2026-09-08,23,2026-10-01,1788961639,2026-09-09,22,False,28.8104545,-81.34836969999999,481080765094,id:260072073,store:70463,Shift Supervisor,onsite,"287 High Water Ln, Sanford, Florida, United States",1,FL,CONUS_L0_001_007;CONUS_L0_002_008,2
2026-10-01,260079968,https://apply.starbucks.com/careers/job/481081029506,"shift supervisor - Store# 52341, HWY 46 & HICKMAN",SHIFT_SUPERVISOR,52341,HWY 46 & HICKMAN,"4700 W State Road 46, Ste 1020",Sanford,FL,,US,,1790481600,2026-09-27,4,2026-10-01,1790603353,2026-09-28,3,False,28.8119089,-81.3347355,481081029506,id:260079968,store:52341,Shift Supervisor,onsite,"4700 W State Road 46, Ste 1020, Sanford, Florida, United States",1,FL,CONUS_L0_001_007;CONUS_L0_002_008,2
2026-10-01,260080506,https://apply.starbucks.com/careers/job/481081091612,"barista - Store# 52341, HWY 46 & HICKMAN",BARISTA,52341,HWY 46 & HICKMAN,"4700 W State Road 46, Ste 1020",Sanford,FL,,US,,1790740800,2026-09-30,1,2026-10-01,1790836002,2026-10-01,0,False,28.8119089,-81.3347355,481081091612,id:260080506,store:52341,Barista,onsite,"4700 W State Road 46, Ste 1020, Sanford, Florida, United States",1,FL,CONUS_L0_001_007;CONUS_L0_002_008,2
2026-10-01,260079994,https://apply.starbucks.com/careers/job/481081029551,"shift supervisor - Store# 85693, US-441 & SE 102ND",SHIFT_SUPERVISOR,85693,US-441 & SE 102ND,10350 SE US Hwy 441,Belleview,FL,,US,,1790481600,2026-09-27,4,2026-10-01,1790603379,2026-09-28,3,False,29.07119,-82.072931,481081029551,id:260079994,store:85693,Shift Supervisor,onsite,"10350 SE US Hwy 441, Belleview, Florida, United States",1,FL,CONUS_L0_001_007;CONUS_L0_002_008,2
2026-10-01,260079931,https://apply.starbucks.com/careers/job/481081029402,"barista - Store# 85693, US-441 & SE 102ND",BARISTA,85693,US-441 & SE 102ND,10350 SE US Hwy 441,Belleview,FL,,US,,1790481600,2026-09-27,4,2026-10-01,1790603317,2026-09-28,3,False,29.07119,-82.072931,481081029402,id:260079931,store:85693,Barista,onsite,"10350 SE US Hwy 441, Belleview, Florida, United States",1,FL,CONUS_L0_001_007;CONUS_L0_002_008,2
2026-10-01,260079987,https://apply.starbucks.com/careers/job/481081029550,"shift supervisor - Store# 58902, Top of the World & SW 93rd St",SHIFT_SUPERVISOR,58902,Top of the World & SW 93rd St,7819 SW Hwy 200,Ocala,FL,,US,,1790481600,2026-09-27,4,2026-10-01,1790603372,2026-09-28,3,False,29.08747,-82.25008,481081029550,id:260079987,store:58902,Shift Supervisor,onsite,"7819 SW Hwy 200, Ocala, Florida, United States",1,FL,CONUS_L0_001_007;CONUS_L0_002_008,2
2026-10-01,260080574,https://apply.starbucks.com/careers/job/481081091697,"barista - Store# 58902, Top of the World & SW 93rd St",BARISTA,58902,Top of the World & SW 93rd St,7819 SW Hwy 200,Ocala,FL,,US,,1790740800,2026-09-30,1,2026-10-01,1790836064,2026-10-01,0,False,29.08747,-82.25008,481081091697,id:260080574,store:58902,Barista,onsite,"7819 SW Hwy 200, Ocala, Florida, United States",1,FL,CONUS_L0_001_007;CONUS_L0_002_008,2
2026-10-01,260078157,https://apply.starbucks.com/careers/job/481080923781,"barista - Store# 25467, SAXON & ENTERPRISE - ORANGE CITY",BARISTA,25467,SAXON & ENTERPRISE - ORANGE CITY,"890 Saxon Blvd, Suite 100",Orange City,FL,,US,,1789790400,2026-09-19,12,2026-10-01,1789911787,2026-09-20,11,False,28.91065,-81.29224,481080923781,id:260078157,store:25467,Barista,onsite,"890 Saxon Blvd, Suite 100, Orange City, Florida, United States",1,FL,CONUS_L0_001_007;CONUS_L0_002_008,2
2026-10-01,260074692,https://apply.starbucks.com/careers/job/481080820426,"barista - Store# 80437, COURTLAND BLVD AND FORT SMITH",BARISTA,80437,COURTLAND BLVD AND FORT SMITH,601 Courtland Blvd,Deltona,FL,,US,,1789272000,2026-09-13,18,2026-10-01,1789394279,2026-09-14,17,False,28.8790856,-81.1783318,481080820426,id:260074692,store:80437,Barista,onsite,"601 Courtland Blvd, Deltona, Florida, United States",1,FL,CONUS_L0_001_007;CONUS_L0_002_008,2
2026-10-01,260075334,https://apply.starbucks.com/careers/job/481080821542,"shift supervisor - Store# 80437, COURTLAND BLVD AND FORT SMITH",SHIFT_SUPERVISOR,80437,COURTLAND BLVD AND FORT SMITH,601 Courtland Blvd,Deltona,FL,,US,,1789272000,2026-09-13,18,2026-10-01,1789394847,2026-09-14,17,False,28.8790856,-81.1783318,481080821542,id:260075334,store:80437,Shift Supervisor,onsite,"601 Courtland Blvd, Deltona, Florida, United States",1,FL,CONUS_L0_001_007;CONUS_L0_002_008,2
2026-10-01,260064539,https://apply.starbucks.com/careers/job/481080613913,"shift supervisor - Store# 13516, Heath Brook & SW 46th Ct",SHIFT_SUPERVISOR,13516,Heath Brook & SW 46th Ct,4602 SW College Rd,Ocala,FL,,US,,1788062400,2026-08-30,32,2026-10-01,1788183898,2026-08-31,31,False,29.13866,-82.19589,481080613913,id:260064539,store:13516,Shift Supervisor,onsite,"4602 SW College Rd, Ocala, Florida, United States",1,FL,CONUS_L0_001_007;CONUS_L0_002_008,2
2026-10-01,260068603,https://apply.starbucks.com/careers/job/481080709942,"barista - Store# 13516, Heath Brook & SW 46th Ct",BARISTA,13516,Heath Brook & SW 46th Ct,4602 SW College Rd,Ocala,FL,,US,,1788408000,2026-09-03,28,2026-10-01,1788529879,2026-09-04,27,False,29.13866,-82.19589,481080709942,id:260068603,store:13516,Barista,onsite,"4602 SW College Rd, Ocala, Florida, United States",1,FL,CONUS_L0_001_007;CONUS_L0_002_008,2
2026-10-01,260078120,https://apply.starbucks.com/careers/job/481080923662,"shift supervisor - Store# 69404, HOWLAND BLVD & RHODE ISLAND RD",SHIFT_SUPERVISOR,69404,HOWLAND BLVD & RHODE ISLAND RD,3221 Howland Blvd,Deltona,FL,,US,,1789790400,2026-09-19,12,2026-10-01,1789911757,2026-09-20,11,False,28.947997,-81.251071,481080923662,id:260078120,store:69404,Shift Supervisor,onsite,"3221 Howland Blvd, Deltona, Florida, United States",1,FL,CONUS_L0_001_007;CONUS_L0_002_008,2
2026-10-01,260059922,https://apply.starbucks.com/careers/job/481080079095,"barista - Store# 69404, HOWLAND BLVD & RHODE ISLAND RD",BARISTA,69404,HOWLAND BLVD & RHODE ISLAND RD,3221 Howland Blvd,Deltona,FL,,US,,1786161600,2026-08-08,54,2026-10-01,1786283211,2026-08-09,53,False,28.947997,-81.251071,481080079095,id:260059922,store:69404,Barista,onsite,"3221 Howland Blvd, Deltona, Florida, United States",1,FL,CONUS_L0_001_007;CONUS_L0_002_008,2
2026-10-01,260080597,https://apply.starbucks.com/careers/job/481081091721,"shift supervisor - Store# 27185, US 17-92 & ORANGE CAMP - DELAND",SHIFT_SUPERVISOR,27185,US 17-92 & ORANGE CAMP - DELAND,2417 S Woodland Blvd,Deland,FL,,US,,1790740800,2026-09-30,1,2026-10-01,1790836084,2026-10-01,0,False,28.98578089999999,-81.2989132,481081091721,id:260080597,store:27185,Shift Supervisor,onsite,"2417 S Woodland Blvd, Deland, Florida, United States",1,FL,CONUS_L0_001_007;CONUS_L0_002_008,2
2026-10-01,260062777,https://apply.starbucks.com/careers/job/481080495039,"barista - Store# 08564, New College Rd & SW 27th",BARISTA,08564,New College Rd & SW 27th,2710 SW College Rd,Ocala,FL,,US,,1787630400,2026-08-25,37,2026-10-01,1787752490,2026-08-26,36,False,29.1648971,-82.16947239999999,481080495039,id:260062777,store:08564,Barista,onsite,"2710 SW College Rd, Ocala, Florida, United States",1,FL,CONUS_L0_001_007;CONUS_L0_002_008,2
2026-10-01,260077693,https://apply.starbucks.com/careers/job/481080891443,"shift supervisor - Store# 08564, New College Rd & SW 27th",SHIFT_SUPERVISOR,08564,New College Rd & SW 27th,2710 SW College Rd,Ocala,FL,,US,,1789617600,2026-09-17,14,2026-10-01,1789739374,2026-09-18,13,False,29.1648971,-82.16947239999999,481080891443,id:260077693,store:08564,Shift Supervisor,onsite,"2710 SW College Rd, Ocala, Florida, United States",1,FL,CONUS_L0_001_007;CONUS_L0_002_008,2
2026-10-01,260060598,https://apply.starbucks.com/careers/job/481080162908,"barista - Store# 62879, MARICAMP & SE 36TH",BARISTA,62879,MARICAMP & SE 36TH,3537 SE Maricamp Rd,Ocala,FL,,US,,1786593600,2026-08-13,49,2026-10-01,1786715120,2026-08-14,48,False,29.159242,-82.088239,481080162908,id:260060598,store:62879,Barista,onsite,"3537 SE Maricamp Rd, Ocala, Florida, United States",1,FL,CONUS_L0_001_007;CONUS_L0_002_008,2
2026-10-01,260071072,https://apply.starbucks.com/careers/job/481080742303,"shift supervisor - Store# 62879, MARICAMP & SE 36TH",SHIFT_SUPERVISOR,62879,MARICAMP & SE 36TH,3537 SE Maricamp Rd,Ocala,FL,,US,,1788667200,2026-09-06,25,2026-10-01,1788788923,2026-09-07,24,False,29.159242,-82.088239,481080742303,id:260071072,store:62879,Shift Supervisor,onsite,"3537 SE Maricamp Rd, Ocala, Florida, United States",1,FL,CONUS_L0_001_007;CONUS_L0_002_008,2
2026-10-01,260064207,https://apply.starbucks.com/careers/job/481080612829,"barista - Store# 11997, US 301 & W. FORT KING ST",BARISTA,11997,US 301 & W. FORT KING ST,53 S Pine Ave,Ocala,FL,,US,,1788062400,2026-08-30,32,2026-10-01,1788183622,2026-08-31,31,False,29.18569859999999,-82.1401898,481080612829,id:260064207,store:11997,Barista,onsite,"53 S Pine Ave, Ocala, Florida, United States",1,FL,CONUS_L0_001_007;CONUS_L0_002_008,2
2026-10-01,260067420,https://apply.starbucks.com/careers/job/481080699345,"shift supervisor - Store# 11997, US 301 & W. FORT KING ST",SHIFT_SUPERVISOR,11997,US 301 & W. FORT KING ST,53 S Pine Ave,Ocala,FL,,US,,1788321600,2026-09-02,29,2026-10-01,1788456283,2026-09-03,28,False,29.18569859999999,-82.1401898,481080699345,id:260067420,store:11997,Shift Supervisor,onsite,"53 S Pine Ave, Ocala, Florida, United States",1,FL,CONUS_L0_001_007;CONUS_L0_002_008,2
2026-10-01,260076278,https://apply.starbucks.com/careers/job/481080861723,"barista - Store# 57518, E SILVER SPRINGS AND NE 36TH AVE",BARISTA,57518,E SILVER SPRINGS AND NE 36TH AVE,3727 E Silver Springs Blvd,Ocala,FL,,US,,1789444800,2026-09-15,16,2026-10-01,1789566733,2026-09-16,15,False,29.1990747,-82.0853186,481080861723,id:260076278,store:57518,Barista,onsite,"3727 E Silver Springs Blvd, Ocala, Florida, United States",1,FL,CONUS_L0_001_007;CONUS_L0_002_008,2
2026-10-01,260070157,https://apply.starbucks.com/careers/job/481080731132,"shift supervisor - Store# 57518, E SILVER SPRINGS AND NE 36TH AVE",SHIFT_SUPERVISOR,57518,E SILVER SPRINGS AND NE 36TH AVE,3727 E Silver Springs Blvd,Ocala,FL,,US,,1788580800,2026-09-05,26,2026-10-01,1788702670,2026-09-06,25,False,29.1990747,-82.0853186,481080731132,id:260070157,store:57518,Shift Supervisor,onsite,"3727 E Silver Springs Blvd, Ocala, Florida, United States",1,FL,CONUS_L0_001_007;CONUS_L0_002_008,2
2026-10-01,260074347,https://apply.starbucks.com/careers/job/481080814232,"barista - Store# 83728, US HWY 27 & NW 46TH TERRACE",BARISTA,83728,US HWY 27 & NW 46TH TERRACE,2555 NW 46th Ter,Ocala,FL,,US,,1789185600,2026-09-12,19,2026-10-01,1789307752,2026-09-13,18,False,29.2134799,-82.1983156,481080814232,id:260074347,store:83728,Barista,onsite,"2555 NW 46th Ter, Ocala, Florida, United States",1,FL,CONUS_L0_001_007;CONUS_L0_002_008,2
2026-10-01,260072841,https://apply.starbucks.com/careers/job/481080796720,"shift supervisor - Store# 83728, US HWY 27 & NW 46TH TERRACE",SHIFT_SUPERVISOR,83728,US HWY 27 & NW 46TH TERRACE,2555 NW 46th Ter,Ocala,FL,,US,,1789012800,2026-09-10,21,2026-10-01,1789135399,2026-09-11,20,False,29.2134799,-82.1983156,481080796720,id:260072841,store:83728,Shift Supervisor,onsite,"2555 NW 46th Ter, Ocala, Florida, United States",1,FL,CONUS_L0_001_007;CONUS_L0_002_008,2
2026-10-01,260079771,https://apply.starbucks.com/careers/job/481081018819,"shift supervisor - Store# 82058, E INTERNATIONAL BLVD & N. AMELIA",SHIFT_SUPERVISOR,82058,E INTERNATIONAL BLVD & N. AMELIA,210 E International Speedway Blvd,Deland,FL,,US,,1790395200,2026-09-26,5,2026-10-01,1790516480,2026-09-27,4,False,29.05438269999999,-81.3013294,481081018819,id:260079771,store:82058,Shift Supervisor,onsite,"210 E International Speedway Blvd, Deland, Florida, United States",1,FL,CONUS_L0_001_007;CONUS_L0_002_008,2
2026-10-01,260070358,https://apply.starbucks.com/careers/job/481080741342,"shift supervisor - Store# 68270, SR 44 & EDDIE RD",SHIFT_SUPERVISOR,68270,SR 44 & EDDIE RD,1906 State Road 44,New Smyrna Beach,FL,,US,,1788667200,2026-09-06,25,2026-10-01,1788788354,2026-09-07,24,False,29.013234,-80.947396,481080741342,id:260070358,store:68270,Shift Supervisor,onsite,"1906 State Road 44, New Smyrna Beach, Florida, United States",1,FL,CONUS_L0_001_007;CONUS_L0_002_008,2
2026-10-01,260055055,https://apply.starbucks.com/careers/job/481079436588,"barista - Store# 68270, SR 44 & EDDIE RD",BARISTA,68270,SR 44 & EDDIE RD,1906 State Road 44,New Smyrna Beach,FL,,US,,1783742400,2026-07-11,82,2026-10-01,1783863607,2026-07-12,81,False,29.013234,-80.947396,481079436588,id:260055055,store:68270,Barista,onsite,"1906 State Road 44, New Smyrna Beach, Florida, United States",1,FL,CONUS_L0_001_007;CONUS_L0_002_008,2
2026-10-01,260070522,https://apply.starbucks.com/careers/job/481080741588,"shift supervisor - Store# 62906, A1A & S. COOPER",SHIFT_SUPERVISOR,62906,A1A & S. COOPER,491 E 3rd Ave,New Smyrna Beach,FL,,US,,1788667200,2026-09-06,25,2026-10-01,1788788485,2026-09-07,24,False,29.02843,-80.89962,481080741588,id:260070522,store:62906,Shift Supervisor,onsite,"491 E 3rd Ave, New Smyrna Beach, Florida, United States",1,FL,CONUS_L0_001_007;CONUS_L0_002_008,2
2026-10-01,260075361,https://apply.starbucks.com/careers/job/481080821565,"barista - Store# 62906, A1A & S. COOPER",BARISTA,62906,A1A & S. COOPER,491 E 3rd Ave,New Smyrna Beach,FL,,US,,1789272000,2026-09-13,18,2026-10-01,1789394872,2026-09-14,17,False,29.02843,-80.89962,481080821565,id:260075361,store:62906,Barista,onsite,"491 E 3rd Ave, New Smyrna Beach, Florida, United States",1,FL,CONUS_L0_001_007;CONUS_L0_002_008,2
2026-10-01,260066982,https://apply.starbucks.com/careers/job/481080698551,"shift supervisor - Store# 17382, DUNLAWTON & YORKTOWNE (PORT ORANGE)",SHIFT_SUPERVISOR,17382,DUNLAWTON & YORKTOWNE (PORT ORANGE),"1731 Dunlawton Ave, Ste 101",Port Orange,FL,,US,,1788321600,2026-09-02,29,2026-10-01,1788455864,2026-09-03,28,False,29.1112542,-81.02650369999999,481080698551,id:260066982,store:17382,Shift Supervisor,onsite,"1731 Dunlawton Ave, Ste 101, Port Orange, Florida, United States",1,FL,CONUS_L0_001_007;CONUS_L0_002_008,2
2026-10-01,260075026,https://apply.starbucks.com/careers/job/481080821016,"barista - Store# 17382, DUNLAWTON & YORKTOWNE (PORT ORANGE)",BARISTA,17382,DUNLAWTON & YORKTOWNE (PORT ORANGE),"1731 Dunlawton Ave, Ste 101",Port Orange,FL,,US,,1789272000,2026-09-13,18,2026-10-01,1789394577,2026-09-14,17,False,29.1112542,-81.02650369999999,481080821016,id:260075026,store:17382,Barista,onsite,"1731 Dunlawton Ave, Ste 101, Port Orange, Florida, United States",1,FL,CONUS_L0_001_007;CONUS_L0_002_008,2
2026-10-01,260073770,https://apply.starbucks.com/careers/job/481080813233,"barista - Store# 28075, 421 & PENINSULA (DB SHORES)",BARISTA,28075,421 & PENINSULA (DB SHORES),102 Dunlawton Blvd,Daytona Beach,FL,,US,,1789185600,2026-09-12,19,2026-10-01,1789307215,2026-09-13,18,False,29.1500018,-80.97085299999999,481080813233,id:260073770,store:28075,Barista,onsite,"102 Dunlawton Blvd, Daytona Beach, Florida, United States",1,FL,CONUS_L0_001_007;CONUS_L0_002_008,2
2026-10-01,260062704,https://apply.starbucks.com/careers/job/481080495146,"shift supervisor - Store# 28075, 421 & PENINSULA (DB SHORES)",SHIFT_SUPERVISOR,28075,421 & PENINSULA (DB SHORES),102 Dunlawton Blvd,Daytona Beach,FL,,US,,1787630400,2026-08-25,37,2026-10-01,1787752431,2026-08-26,36,False,29.1500018,-80.97085299999999,481080495146,id:260062704,store:28075,Shift Supervisor,onsite,"102 Dunlawton Blvd, Daytona Beach, Florida, United States",1,FL,CONUS_L0_001_007;CONUS_L0_002_008,2
2026-10-01,260077579,https://apply.starbucks.com/careers/job/481080891413,"barista - Store# 69645, LPGA BLVD & TYMBER CREEK RD",BARISTA,69645,LPGA BLVD & TYMBER CREEK RD,2627 LPGA Blvd,Daytona Beach,FL,,US,,1789617600,2026-09-17,14,2026-10-01,1789739277,2026-09-18,13,False,29.2135956,-81.11612550000001,481080891413,id:260077579,store:69645,Barista,onsite,"2627 LPGA Blvd, Daytona Beach, Florida, United States",1,FL,CONUS_L0_001_007;CONUS_L0_002_008,2
2026-10-01,260071992,https://apply.starbucks.com/careers/job/481080764981,"shift supervisor - Store# 69645, LPGA BLVD & TYMBER CREEK RD",SHIFT_SUPERVISOR,69645,LPGA BLVD & TYMBER CREEK RD,2627 LPGA Blvd,Daytona Beach,FL,,US,,1788840000,2026-09-08,23,2026-10-01,1788961571,2026-09-09,22,False,29.2135956,-81.11612550000001,481080764981,id:260071992,store:69645,Shift Supervisor,onsite,"2627 LPGA Blvd, Daytona Beach, Florida, United States",1,FL,CONUS_L0_001_007;CONUS_L0_002_008,2
2026-10-01,260064844,https://apply.starbucks.com/careers/job/481080614014,"shift supervisor - Store# 13970, ISB & CLYDE MORRIS - DAYTONA",SHIFT_SUPERVISOR,13970,ISB & CLYDE MORRIS - DAYTONA,"1388 W International Speedway Blvd, Suite 100",Daytona Beach,FL,,US,,1788062400,2026-08-30,32,2026-10-01,1788184157,2026-08-31,31,False,29.1972,-81.05647,481080614014,id:260064844,store:13970,Shift Supervisor,onsite,"1388 W International Speedway Blvd, Suite 100, Daytona Beach, Florida, United States",1,FL,CONUS_L0_001_007;CONUS_L0_002_008,2
2026-10-01,260079534,https://apply.starbucks.com/careers/job/481080998921,"barista - Store# 13970, ISB & CLYDE MORRIS - DAYTONA",BARISTA,13970,ISB & CLYDE MORRIS - DAYTONA,"1388 W International Speedway Blvd, Suite 100",Daytona Beach,FL,,US,,1790222400,2026-09-24,7,2026-10-01,1790344092,2026-09-25,6,False,29.1972,-81.05647,481080998921,id:260079534,store:13970,Barista,onsite,"1388 W International Speedway Blvd, Suite 100, Daytona Beach, Florida, United States",1,FL,CONUS_L0_001_007;CONUS_L0_002_008,2
2026-10-01,260065171,https://apply.starbucks.com/careers/job/481080677311,"barista - Store# 13943, SR40 & PEARL",BARISTA,13943,SR40 & PEARL,1246 W Granada Blvd,Ormond Beach,FL,,US,,1788321600,2026-09-02,29,2026-10-01,1788356850,2026-09-02,29,False,29.2649791,-81.10394930000001,481080677311,id:260065171,store:13943,Barista,onsite,"1246 W Granada Blvd, Ormond Beach, Florida, United States",1,FL,CONUS_L0_001_007;CONUS_L0_002_008,2
2026-10-01,260065298,https://apply.starbucks.com/careers/job/481080677547,"shift supervisor - Store# 13943, SR40 & PEARL",SHIFT_SUPERVISOR,13943,SR40 & PEARL,1246 W Granada Blvd,Ormond Beach,FL,,US,,1788321600,2026-09-02,29,2026-10-01,1788356965,2026-09-02,29,False,29.2649791,-81.10394930000001,481080677547,id:260065298,store:13943,Shift Supervisor,onsite,"1246 W Granada Blvd, Ormond Beach, Florida, United States",1,FL,CONUS_L0_001_007;CONUS_L0_002_008,2
2026-10-01,260053132,https://apply.starbucks.com/careers/job/481079230234,"barista - Store# 08466, EAST GRANADA & A1A",BARISTA,08466,EAST GRANADA & A1A,"125 E Granada Blvd, Granada Plaza#6-31",Ormond Beach,FL,,US,,1783137600,2026-07-04,89,2026-10-01,1783258889,2026-07-05,88,False,29.2921922,-81.0411419,481079230234,id:260053132,store:08466,Barista,onsite,"125 E Granada Blvd, Granada Plaza#6-31, Ormond Beach, Florida, United States",1,FL,CONUS_L0_001_007;CONUS_L0_002_008,2
2026-10-01,260077175,https://apply.starbucks.com/careers/job/481080890692,"shift supervisor - Store# 08466, EAST GRANADA & A1A",SHIFT_SUPERVISOR,08466,EAST GRANADA & A1A,"125 E Granada Blvd, Granada Plaza#6-31",Ormond Beach,FL,,US,,1789617600,2026-09-17,14,2026-10-01,1789738927,2026-09-18,13,False,29.2921922,-81.0411419,481080890692,id:260077175,store:08466,Shift Supervisor,onsite,"125 E Granada Blvd, Granada Plaza#6-31, Ormond Beach, Florida, United States",1,FL,CONUS_L0_001_007;CONUS_L0_002_008,2
2026-10-01,260053116,https://apply.starbucks.com/careers/job/481079230211,"barista - Store# 55369, ARCHER & 43RD (CELEBRATION POINTE)",BARISTA,55369,ARCHER & 43RD (CELEBRATION POINTE),4344 SW Archer Rd,Gainesville,FL,,US,,1783137600,2026-07-04,89,2026-10-01,1783258877,2026-07-05,88,False,29.616,-82.39055,481079230211,id:260053116,store:55369,Barista,onsite,"4344 SW Archer Rd, Gainesville, Florida, United States",1,FL,CONUS_L0_001_007;CONUS_L0_002_007;CONUS_L0_002_008,3
2026-10-01,260077295,https://apply.starbucks.com/careers/job/481080890864,"shift supervisor - Store# 55369, ARCHER & 43RD (CELEBRATION POINTE)",SHIFT_SUPERVISOR,55369,ARCHER & 43RD (CELEBRATION POINTE),4344 SW Archer Rd,Gainesville,FL,,US,,1789617600,2026-09-17,14,2026-10-01,1789739030,2026-09-18,13,False,29.616,-82.39055,481080890864,id:260077295,store:55369,Shift Supervisor,onsite,"4344 SW Archer Rd, Gainesville, Florida, United States",1,FL,CONUS_L0_001_007;CONUS_L0_002_007;CONUS_L0_002_008,3
2026-10-01,260077773,https://apply.starbucks.com/careers/job/481080891592,"shift supervisor - Store# 08584, ARCHER & SW 35TH (BUTLER PLAZA)",SHIFT_SUPERVISOR,08584,ARCHER & SW 35TH (BUTLER PLAZA),"3524 SW Archer Rd, Ste 160",Gainesville,FL,,US,,1789617600,2026-09-17,14,2026-10-01,1789739442,2026-09-18,13,False,29.62444199999999,-82.37601269999999,481080891592,id:260077773,store:08584,Shift Supervisor,onsite,"3524 SW Archer Rd, Ste 160, Gainesville, Florida, United States",1,FL,CONUS_L0_001_007;CONUS_L0_002_007;CONUS_L0_002_008,3
2026-10-01,260056785,https://apply.starbucks.com/careers/job/481079527764,"barista - Store# 08584, ARCHER & SW 35TH (BUTLER PLAZA)",BARISTA,08584,ARCHER & SW 35TH (BUTLER PLAZA),"3524 SW Archer Rd, Ste 160",Gainesville,FL,,US,,1784088000,2026-07-15,78,2026-10-01,1784209170,2026-07-16,77,False,29.62444199999999,-82.37601269999999,481079527764,id:260056785,store:08584,Barista,onsite,"3524 SW Archer Rd, Ste 160, Gainesville, Florida, United States",1,FL,CONUS_L0_001_007;CONUS_L0_002_007;CONUS_L0_002_008,3
2026-10-01,260064081,https://apply.starbucks.com/careers/job/481080594490,"shift supervisor - Store# 10590, TIOGA TOWN CENTER",SHIFT_SUPERVISOR,10590,TIOGA TOWN CENTER,"14071 W Newberry Rd, Suite 111",Newberry,FL,,US,,1787976000,2026-08-29,33,2026-10-01,1788097412,2026-08-30,32,False,29.65362,-82.49365,481080594490,id:260064081,store:10590,Shift Supervisor,onsite,"14071 W Newberry Rd, Suite 111, Newberry, Florida, United States",1,FL,CONUS_L0_001_007;CONUS_L0_002_007;CONUS_L0_002_008,3
2026-10-01,260072171,https://apply.starbucks.com/careers/job/481080765312,"barista - Store# 10590, TIOGA TOWN CENTER",BARISTA,10590,TIOGA TOWN CENTER,"14071 W Newberry Rd, Suite 111",Newberry,FL,,US,,1788840000,2026-09-08,23,2026-10-01,1788961716,2026-09-09,22,False,29.65362,-82.49365,481080765312,id:260072171,store:10590,Barista,onsite,"14071 W Newberry Rd, Suite 111, Newberry, Florida, United States",1,FL,CONUS_L0_001_007;CONUS_L0_002_007;CONUS_L0_002_008,3
2026-10-01,260053437,https://apply.starbucks.com/careers/job/481079320272,"barista - Store# 08580, 6707 NEWBERRY ROAD",BARISTA,08580,6707 NEWBERRY ROAD,6707 W Newberry Rd,Gainesville,FL,,US,,1783310400,2026-07-06,87,2026-10-01,1783432076,2026-07-07,86,False,29.6591755,-82.414233,481079320272,id:260053437,store:08580,Barista,onsite,"6707 W Newberry Rd, Gainesville, Florida, United States",1,FL,CONUS_L0_001_007;CONUS_L0_002_007;CONUS_L0_002_008,3
2026-10-01,260077736,https://apply.starbucks.com/careers/job/481080891548,"shift supervisor - Store# 08580, 6707 NEWBERRY ROAD",SHIFT_SUPERVISOR,08580,6707 NEWBERRY ROAD,6707 W Newberry Rd,Gainesville,FL,,US,,1789617600,2026-09-17,14,2026-10-01,1789739411,2026-09-18,13,False,29.6591755,-82.414233,481080891548,id:260077736,store:08580,Shift Supervisor,onsite,"6707 W Newberry Rd, Gainesville, Florida, United States",1,FL,CONUS_L0_001_007;CONUS_L0_002_007;CONUS_L0_002_008,3
2026-10-01,260068978,https://apply.starbucks.com/careers/job/481080710387,"barista - Store# 49084, SR100 & Belle Terre",BARISTA,49084,SR100 & Belle Terre,100 Belle Terre Blvd,Palm Coast,FL,,US,,1788408000,2026-09-03,28,2026-10-01,1788530195,2026-09-04,27,False,29.47528,-81.22143,481080710387,id:260068978,store:49084,Barista,onsite,"100 Belle Terre Blvd, Palm Coast, Florida, United States",1,FL,CONUS_L0_001_007;CONUS_L0_002_008,2
2026-10-01,260068234,https://apply.starbucks.com/careers/job/481080709178,"shift supervisor - Store# 49084, SR100 & Belle Terre",SHIFT_SUPERVISOR,49084,SR100 & Belle Terre,100 Belle Terre Blvd,Palm Coast,FL,,US,,1788408000,2026-09-03,28,2026-10-01,1788529558,2026-09-04,27,False,29.47528,-81.22143,481080709178,id:260068234,store:49084,Shift Supervisor,onsite,"100 Belle Terre Blvd, Palm Coast, Florida, United States",1,FL,CONUS_L0_001_007;CONUS_L0_002_008,2
2026-10-01,260063425,https://apply.starbucks.com/careers/job/481080566660,"shift supervisor - Store# 10357, NW 13TH AND NW 16TH",SHIFT_SUPERVISOR,10357,NW 13TH AND NW 16TH,1614 NW 13th St,Gainesville,FL,,US,,1787803200,2026-08-27,35,2026-10-01,1787924912,2026-08-28,34,False,29.6674788,-82.3394509,481080566660,id:260063425,store:10357,Shift Supervisor,onsite,"1614 NW 13th St, Gainesville, Florida, United States",1,FL,CONUS_L0_001_007;CONUS_L0_002_007;CONUS_L0_002_008,3
2026-10-01,260078361,https://apply.starbucks.com/careers/job/481080936217,"shift supervisor - Store# 08355, 4620 NW 39TH AVE",SHIFT_SUPERVISOR,08355,4620 NW 39TH AVE,"4620 NW 39th Ave, Ste A",Gainesville,FL,,US,,1789876800,2026-09-20,11,2026-10-01,1789998206,2026-09-21,10,False,29.689007,-82.3928695,481080936217,id:260078361,store:08355,Shift Supervisor,onsite,"4620 NW 39th Ave, Ste A, Gainesville, Florida, United States",1,FL,CONUS_L0_001_007;CONUS_L0_002_007;CONUS_L0_002_008,3
2026-10-01,260077654,https://apply.starbucks.com/careers/job/481080891510,"barista - Store# 08355, 4620 NW 39TH AVE",BARISTA,08355,4620 NW 39TH AVE,"4620 NW 39th Ave, Ste A",Gainesville,FL,,US,,1789617600,2026-09-17,14,2026-10-01,1789739341,2026-09-18,13,False,29.689007,-82.3928695,481080891510,id:260077654,store:08355,Barista,onsite,"4620 NW 39th Ave, Ste A, Gainesville, Florida, United States",1,FL,CONUS_L0_001_007;CONUS_L0_002_007;CONUS_L0_002_008,3
2026-10-01,260067128,https://apply.starbucks.com/careers/job/481080698872,"shift supervisor - Store# 10820, NW 43RD & NW 53RD",SHIFT_SUPERVISOR,10820,NW 43RD & NW 53RD,"5480 NW 43rd St, 509",Gainesville,FL,,US,,1788321600,2026-09-02,29,2026-10-01,1788456002,2026-09-03,28,False,29.70438,-82.38936,481080698872,id:260067128,store:10820,Shift Supervisor,onsite,"5480 NW 43rd St, 509, Gainesville, Florida, United States",1,FL,CONUS_L0_001_007;CONUS_L0_002_007;CONUS_L0_002_008,3
2026-10-01,260079079,https://apply.starbucks.com/careers/job/481080965335,"barista - Store# 10820, NW 43RD & NW 53RD",BARISTA,10820,NW 43RD & NW 53RD,"5480 NW 43rd St, 509",Gainesville,FL,,US,,1790049600,2026-09-22,9,2026-10-01,1790171171,2026-09-23,8,False,29.70438,-82.38936,481080965335,id:260079079,store:10820,Barista,onsite,"5480 NW 43rd St, 509, Gainesville, Florida, United States",1,FL,CONUS_L0_001_007;CONUS_L0_002_007;CONUS_L0_002_008,3
2026-10-01,260078123,https://apply.starbucks.com/careers/job/481080923659,"shift supervisor - Store# 84770, I-10 & 71",SHIFT_SUPERVISOR,84770,I-10 & 71,2195 Highway 71,Marianna,FL,,US,,1789790400,2026-09-19,12,2026-10-01,1789911759,2026-09-20,11,False,30.7244447,-85.18660249999999,481080923659,id:260078123,store:84770,Shift Supervisor,onsite,"2195 Highway 71, Marianna, Florida, United States",1,FL,CONUS_L0_002_007,1
2026-10-01,260059395,https://apply.starbucks.com/careers/job/481079983034,"barista - Store# 84770, I-10 & 71",BARISTA,84770,I-10 & 71,2195 Highway 71,Marianna,FL,,US,,1785643200,2026-08-02,60,2026-10-01,1785764596,2026-08-03,59,False,30.7244447,-85.18660249999999,481079983034,id:260059395,store:84770,Barista,onsite,"2195 Highway 71, Marianna, Florida, United States",1,FL,CONUS_L0_002_007,1
2026-10-01,260068723,https://apply.starbucks.com/careers/job/481080710129,"barista - Store# 69260, I-10 & US 331",BARISTA,69260,I-10 & US 331,622 Hugh Adams Rd,Defuniak Springs,FL,,US,,1788408000,2026-09-03,28,2026-10-01,1788529981,2026-09-04,27,False,30.69656,-86.1215,481080710129,id:260068723,store:69260,Barista,onsite,"622 Hugh Adams Rd, Defuniak Springs, Florida, United States",1,FL,CONUS_L0_002_007,1
2026-10-01,260061996,https://apply.starbucks.com/careers/job/481080429916,"shift supervisor - Store# 69260, I-10 & US 331",SHIFT_SUPERVISOR,69260,I-10 & US 331,622 Hugh Adams Rd,Defuniak Springs,FL,,US,,1787457600,2026-08-23,39,2026-10-01,1787579319,2026-08-24,38,False,30.69656,-86.1215,481080429916,id:260061996,store:69260,Shift Supervisor,onsite,"622 Hugh Adams Rd, Defuniak Springs, Florida, United States",1,FL,CONUS_L0_002_007,1
2026-10-01,260072743,https://apply.starbucks.com/careers/job/481080796223,"barista - Store# 14328, SR 85 & REDSTONE AVE-CRESTVIEW",BARISTA,14328,SR 85 & REDSTONE AVE-CRESTVIEW,2520 S Ferdon Blvd,Crestview,FL,,US,,1789012800,2026-09-10,21,2026-10-01,1789135316,2026-09-11,20,False,30.73407,-86.56654,481080796223,id:260072743,store:14328,Barista,onsite,"2520 S Ferdon Blvd, Crestview, Florida, United States",1,FL,CONUS_L0_002_007,1
2026-10-01,260064340,https://apply.starbucks.com/careers/job/481080613094,"shift supervisor - Store# 14328, SR 85 & REDSTONE AVE-CRESTVIEW",SHIFT_SUPERVISOR,14328,SR 85 & REDSTONE AVE-CRESTVIEW,2520 S Ferdon Blvd,Crestview,FL,,US,,1788062400,2026-08-30,32,2026-10-01,1788183734,2026-08-31,31,False,30.73407,-86.56654,481080613094,id:260064340,store:14328,Shift Supervisor,onsite,"2520 S Ferdon Blvd, Crestview, Florida, United States",1,FL,CONUS_L0_002_007,1
2026-10-01,260064670,https://apply.starbucks.com/careers/job/481080614024,"shift supervisor - Store# 83491, FERDON BLVD & HUGO LN",SHIFT_SUPERVISOR,83491,FERDON BLVD & HUGO LN,4315 S Ferdon Blvd,Crestview,FL,,US,,1788062400,2026-08-30,32,2026-10-01,1788184008,2026-08-31,31,False,30.7180087,-86.56944779999999,481080614024,id:260064670,store:83491,Shift Supervisor,onsite,"4315 S Ferdon Blvd, Crestview, Florida, United States",1,FL,CONUS_L0_002_007,1
2026-10-01,260068379,https://apply.starbucks.com/careers/job/481080709395,"shift supervisor - Store# 50833, E John Sims & Revell St",SHIFT_SUPERVISOR,50833,E John Sims & Revell St,1380 E. John Sims Pkwy,Niceville,FL,,US,,1788408000,2026-09-03,28,2026-10-01,1788529684,2026-09-04,27,False,30.51492,-86.45845,481080709395,id:260068379,store:50833,Shift Supervisor,onsite,"1380 E. John Sims Pkwy, Niceville, Florida, United States",1,FL,CONUS_L0_002_007,1
2026-10-01,260071400,https://apply.starbucks.com/careers/job/481080752083,"barista - Store# 50833, E John Sims & Revell St",BARISTA,50833,E John Sims & Revell St,1380 E. John Sims Pkwy,Niceville,FL,,US,,1788753600,2026-09-07,24,2026-10-01,1788875037,2026-09-08,23,False,30.51492,-86.45845,481080752083,id:260071400,store:50833,Barista,onsite,"1380 E. John Sims Pkwy, Niceville, Florida, United States",1,FL,CONUS_L0_002_007,1
2026-10-01,260057781,https://apply.starbucks.com/careers/job/481079649246,"barista - Store# 82761, WATERSOUND PKWY NORTH & US HWY 98",BARISTA,82761,WATERSOUND PKWY NORTH & US HWY 98,74 Origins Main Street,Rosemary Beach,FL,,US,,1784606400,2026-07-21,72,2026-10-01,1784727959,2026-07-22,71,False,30.29559,-86.02227,481079649246,id:260057781,store:82761,Barista,onsite,"74 Origins Main Street, Rosemary Beach, Florida, United States",1,FL,CONUS_L0_002_007,1
2026-10-01,260073302,https://apply.starbucks.com/careers/job/481080798204,"shift supervisor - Store# 82761, WATERSOUND PKWY NORTH & US HWY 98",SHIFT_SUPERVISOR,82761,WATERSOUND PKWY NORTH & US HWY 98,74 Origins Main Street,Rosemary Beach,FL,,US,,1789012800,2026-09-10,21,2026-10-01,1789135788,2026-09-11,20,False,30.29559,-86.02227,481080798204,id:260073302,store:82761,Shift Supervisor,onsite,"74 Origins Main Street, Rosemary Beach, Florida, United States",1,FL,CONUS_L0_002_007,1
2026-10-01,260055423,https://apply.starbucks.com/careers/job/481079454007,"shift supervisor - Store# 84772, US 231 & HWY 390",SHIFT_SUPERVISOR,84772,US 231 & HWY 390,4580 Lindsey Crossing,Panama City,FL,,US,,1783828800,2026-07-12,81,2026-10-01,1783950582,2026-07-13,80,False,30.23042,-85.584098,481079454007,id:260055423,store:84772,Shift Supervisor,onsite,"4580 Lindsey Crossing, Panama City, Florida, United States",1,FL,CONUS_L0_002_007,1
2026-10-01,260060441,https://apply.starbucks.com/careers/job/481080149361,"barista - Store# 84772, US 231 & HWY 390",BARISTA,84772,US 231 & HWY 390,4580 Lindsey Crossing,Panama City,FL,,US,,1786507200,2026-08-12,50,2026-10-01,1786628902,2026-08-13,49,False,30.23042,-85.584098,481080149361,id:260060441,store:84772,Barista,onsite,"4580 Lindsey Crossing, Panama City, Florida, United States",1,FL,CONUS_L0_002_007,1
2026-10-01,260067113,https://apply.starbucks.com/careers/job/481080698725,"barista - Store# 14611, Lynn Haven Pkwy & E 25th St",BARISTA,14611,Lynn Haven Pkwy & E 25th St,2424 S Hwy 77,Lynn Haven,FL,,US,,1788321600,2026-09-02,29,2026-10-01,1788455987,2026-09-03,28,False,30.22076,-85.64995,481080698725,id:260067113,store:14611,Barista,onsite,"2424 S Hwy 77, Lynn Haven, Florida, United States",1,FL,CONUS_L0_002_007,1
2026-10-01,260066083,https://apply.starbucks.com/careers/job/481080678859,"shift supervisor - Store# 14611, Lynn Haven Pkwy & E 25th St",SHIFT_SUPERVISOR,14611,Lynn Haven Pkwy & E 25th St,2424 S Hwy 77,Lynn Haven,FL,,US,,1788321600,2026-09-02,29,2026-10-01,1788357660,2026-09-02,29,False,30.22076,-85.64995,481080678859,id:260066083,store:14611,Shift Supervisor,onsite,"2424 S Hwy 77, Lynn Haven, Florida, United States",1,FL,CONUS_L0_002_007,1
2026-10-01,260070929,https://apply.starbucks.com/careers/job/481080742153,"barista - Store# 20846, HWY 98 & GRAND BLVD - DESTIN",BARISTA,20846,HWY 98 & GRAND BLVD - DESTIN,"780 Grand Blvd, Grand Boulevard, 120",Miramar Beach,FL,,US,,1788667200,2026-09-06,25,2026-10-01,1788788806,2026-09-07,24,False,30.3780178,-86.3102995,481080742153,id:260070929,store:20846,Barista,onsite,"780 Grand Blvd, Grand Boulevard, 120, Miramar Beach, Florida, United States",1,FL,CONUS_L0_002_007,1
2026-10-01,260064184,https://apply.starbucks.com/careers/job/481080612804,"shift supervisor - Store# 20846, HWY 98 & GRAND BLVD - DESTIN",SHIFT_SUPERVISOR,20846,HWY 98 & GRAND BLVD - DESTIN,"780 Grand Blvd, Grand Boulevard, 120",Miramar Beach,FL,,US,,1788062400,2026-08-30,32,2026-10-01,1788183602,2026-08-31,31,False,30.3780178,-86.3102995,481080612804,id:260064184,store:20846,Shift Supervisor,onsite,"780 Grand Blvd, Grand Boulevard, 120, Miramar Beach, Florida, United States",1,FL,CONUS_L0_002_007,1
2026-10-01,260061849,https://apply.starbucks.com/careers/job/481080429642,"shift supervisor - Store# 50270, US 98 & Powell Adams Rd-Panama City",SHIFT_SUPERVISOR,50270,US 98 & Powell Adams Rd-Panama City,15463 Panama City Beach Parkway,Panama City Beach,FL,,US,,1787457600,2026-08-23,39,2026-10-01,1787579190,2026-08-24,38,False,30.21961,-85.86522,481080429642,id:260061849,store:50270,Shift Supervisor,onsite,"15463 Panama City Beach Parkway, Panama City Beach, Florida, United States",1,FL,CONUS_L0_002_007,1
2026-10-01,260076548,https://apply.starbucks.com/careers/job/481080862449,"barista - Store# 50270, US 98 & Powell Adams Rd-Panama City",BARISTA,50270,US 98 & Powell Adams Rd-Panama City,15463 Panama City Beach Parkway,Panama City Beach,FL,,US,,1789444800,2026-09-15,16,2026-10-01,1789566965,2026-09-16,15,False,30.21961,-85.86522,481080862449,id:260076548,store:50270,Barista,onsite,"15463 Panama City Beach Parkway, Panama City Beach, Florida, United States",1,FL,CONUS_L0_002_007,1
2026-10-01,260055989,https://apply.starbucks.com/careers/job/481079473334,"barista - Store# 83492, ST ANDREWS BLVD - SWEETBAY",BARISTA,83492,ST ANDREWS BLVD - SWEETBAY,"920 Promenade St, Bldg F",Panama City,FL,,US,,1783915200,2026-07-13,80,2026-10-01,1784037193,2026-07-14,79,False,30.2049324,-85.6745165,481079473334,id:260055989,store:83492,Barista,onsite,"920 Promenade St, Bldg F, Panama City, Florida, United States",1,FL,CONUS_L0_002_007,1
2026-10-01,260079347,https://apply.starbucks.com/careers/job/481080998499,"shift supervisor - Store# 83492, ST ANDREWS BLVD - SWEETBAY",SHIFT_SUPERVISOR,83492,ST ANDREWS BLVD - SWEETBAY,"920 Promenade St, Bldg F",Panama City,FL,,US,,1790222400,2026-09-24,7,2026-10-01,1790343927,2026-09-25,6,False,30.2049324,-85.6745165,481080998499,id:260079347,store:83492,Shift Supervisor,onsite,"920 Promenade St, Bldg F, Panama City, Florida, United States",1,FL,CONUS_L0_002_007,1
2026-10-01,260072899,https://apply.starbucks.com/careers/job/481080796745,"barista - Store# 11250, HWY 98 & MAIN SAIL DR",BARISTA,11250,HWY 98 & MAIN SAIL DR,10410 US Hwy 98 W,Miramar Beach,FL,,US,,1789012800,2026-09-10,21,2026-10-01,1789135447,2026-09-11,20,False,30.37741,-86.34904,481080796745,id:260072899,store:11250,Barista,onsite,"10410 US Hwy 98 W, Miramar Beach, Florida, United States",1,FL,CONUS_L0_002_007,1
2026-10-01,260061890,https://apply.starbucks.com/careers/job/481080429708,"shift supervisor - Store# 11250, HWY 98 & MAIN SAIL DR",SHIFT_SUPERVISOR,11250,HWY 98 & MAIN SAIL DR,10410 US Hwy 98 W,Miramar Beach,FL,,US,,1787457600,2026-08-23,39,2026-10-01,1787579228,2026-08-24,38,False,30.37741,-86.34904,481080429708,id:260061890,store:11250,Shift Supervisor,onsite,"10410 US Hwy 98 W, Miramar Beach, Florida, United States",1,FL,CONUS_L0_002_007,1
2026-10-01,260069876,https://apply.starbucks.com/careers/job/481080730780,"shift supervisor - Store# 57608, HWY 98 & RICHARD JACKSON",SHIFT_SUPERVISOR,57608,HWY 98 & RICHARD JACKSON,98 Richard Jackson Blvd,Panama City Beach,FL,,US,,1788580800,2026-09-05,26,2026-10-01,1788702448,2026-09-06,25,False,30.19569,-85.81274,481080730780,id:260069876,store:57608,Shift Supervisor,onsite,"98 Richard Jackson Blvd, Panama City Beach, Florida, United States",1,FL,CONUS_L0_002_007,1
2026-10-01,260078242,https://apply.starbucks.com/careers/job/481080923986,"barista - Store# 57608, HWY 98 & RICHARD JACKSON",BARISTA,57608,HWY 98 & RICHARD JACKSON,98 Richard Jackson Blvd,Panama City Beach,FL,,US,,1789790400,2026-09-19,12,2026-10-01,1789911859,2026-09-20,11,False,30.19569,-85.81274,481080923986,id:260078242,store:57608,Barista,onsite,"98 Richard Jackson Blvd, Panama City Beach, Florida, United States",1,FL,CONUS_L0_002_007,1
2026-10-01,260059864,https://apply.starbucks.com/careers/job/481080079006,"shift supervisor - Store# 08732, MLK Jr Blvd & E23rd St",SHIFT_SUPERVISOR,08732,MLK Jr Blvd & E23rd St,2269 Martin Luther King Jr Blvd,Panama City,FL,,US,,1786161600,2026-08-08,54,2026-10-01,1786283160,2026-08-09,53,False,30.18787,-85.65043,481080079006,id:260059864,store:08732,Shift Supervisor,onsite,"2269 Martin Luther King Jr Blvd, Panama City, Florida, United States",1,FL,CONUS_L0_002_007,1
2026-10-01,260066947,https://apply.starbucks.com/careers/job/481080698537,"barista - Store# 08732, MLK Jr Blvd & E23rd St",BARISTA,08732,MLK Jr Blvd & E23rd St,2269 Martin Luther King Jr Blvd,Panama City,FL,,US,,1788321600,2026-09-02,29,2026-10-01,1788455831,2026-09-03,28,False,30.18787,-85.65043,481080698537,id:260066947,store:08732,Barista,onsite,"2269 Martin Luther King Jr Blvd, Panama City, Florida, United States",1,FL,CONUS_L0_002_007,1
2026-10-01,260065425,https://apply.starbucks.com/careers/job/481080677637,"barista - Store# 08732, MLK Jr Blvd & E23rd St",BARISTA,08732,MLK Jr Blvd & E23rd St,2269 Martin Luther King Jr Blvd,Panama City,FL,,US,,1788321600,2026-09-02,29,2026-10-01,1788357078,2026-09-02,29,False,30.18787,-85.65043,481080677637,id:260065425,store:08732,Barista,onsite,"2269 Martin Luther King Jr Blvd, Panama City, Florida, United States",1,FL,CONUS_L0_002_007,1
2026-10-01,260077252,https://apply.starbucks.com/careers/job/481080890805,"shift supervisor - Store# 08558, DESTIN COMMONS",SHIFT_SUPERVISOR,08558,DESTIN COMMONS,"4140 Legendary Dr, Ste B105",Destin,FL,,US,,1789617600,2026-09-17,14,2026-10-01,1789738993,2026-09-18,13,False,30.3920427,-86.4241383,481080890805,id:260077252,store:08558,Shift Supervisor,onsite,"4140 Legendary Dr, Ste B105, Destin, Florida, United States",1,FL,CONUS_L0_002_007,1
2026-10-01,260079577,https://apply.starbucks.com/careers/job/481080999017,"barista - Store# 08558, DESTIN COMMONS",BARISTA,08558,DESTIN COMMONS,"4140 Legendary Dr, Ste B105",Destin,FL,,US,,1790222400,2026-09-24,7,2026-10-01,1790344129,2026-09-25,6,False,30.3920427,-86.4241383,481080999017,id:260079577,store:08558,Barista,onsite,"4140 Legendary Dr, Ste B105, Destin, Florida, United States",1,FL,CONUS_L0_002_007,1
2026-10-01,260059256,https://apply.starbucks.com/careers/job/481079980563,"barista - Store# 52168, HWY 98 & MATTHEW BLVD",BARISTA,52168,HWY 98 & MATTHEW BLVD,34881 Emerald Coast Pkwy,Destin,FL,,US,,1785643200,2026-08-02,60,2026-10-01,1785753140,2026-08-03,59,False,30.38879,-86.43008,481079980563,id:260059256,store:52168,Barista,onsite,"34881 Emerald Coast Pkwy, Destin, Florida, United States",1,FL,CONUS_L0_002_007,1
2026-10-01,260068985,https://apply.starbucks.com/careers/job/481080710408,"shift supervisor - Store# 52168, HWY 98 & MATTHEW BLVD",SHIFT_SUPERVISOR,52168,HWY 98 & MATTHEW BLVD,34881 Emerald Coast Pkwy,Destin,FL,,US,,1788408000,2026-09-03,28,2026-10-01,1788530201,2026-09-04,27,False,30.38879,-86.43008,481080710408,id:260068985,store:52168,Shift Supervisor,onsite,"34881 Emerald Coast Pkwy, Destin, Florida, United States",1,FL,CONUS_L0_002_007,1
2026-10-01,260073722,https://apply.starbucks.com/careers/job/481080813150,"shift supervisor - Store# 13317, TYNDALL & 7TH-PANAMA CITY",SHIFT_SUPERVISOR,13317,TYNDALL & 7TH-PANAMA CITY,740 N Tyndall Pkwy,Panama City,FL,,US,,1789185600,2026-09-12,19,2026-10-01,1789307170,2026-09-13,18,False,30.16289,-85.59051,481080813150,id:260073722,store:13317,Shift Supervisor,onsite,"740 N Tyndall Pkwy, Panama City, Florida, United States",1,FL,CONUS_L0_002_007,1
2026-10-01,260071378,https://apply.starbucks.com/careers/job/481080752062,"barista - Store# 13317, TYNDALL & 7TH-PANAMA CITY",BARISTA,13317,TYNDALL & 7TH-PANAMA CITY,740 N Tyndall Pkwy,Panama City,FL,,US,,1788753600,2026-09-07,24,2026-10-01,1788875015,2026-09-08,23,False,30.16289,-85.59051,481080752062,id:260071378,store:13317,Barista,onsite,"740 N Tyndall Pkwy, Panama City, Florida, United States",1,FL,CONUS_L0_002_007,1
2026-10-01,260074971,https://apply.starbucks.com/careers/job/481080820779,"barista - Store# 69169, HWY 98 & MATTIE M KELLY BLVD",BARISTA,69169,HWY 98 & MATTIE M KELLY BLVD,100 S Mattie M Kelly Blvd,Destin,FL,,US,,1789272000,2026-09-13,18,2026-10-01,1789394529,2026-09-14,17,False,30.387387,-86.470964,481080820779,id:260074971,store:69169,Barista,onsite,"100 S Mattie M Kelly Blvd, Destin, Florida, United States",1,FL,CONUS_L0_002_007,1
2026-10-01,260071124,https://apply.starbucks.com/careers/job/481080742385,"shift supervisor - Store# 69169, HWY 98 & MATTIE M KELLY BLVD",SHIFT_SUPERVISOR,69169,HWY 98 & MATTIE M KELLY BLVD,100 S Mattie M Kelly Blvd,Destin,FL,,US,,1788667200,2026-09-06,25,2026-10-01,1788788965,2026-09-07,24,False,30.387387,-86.470964,481080742385,id:260071124,store:69169,Shift Supervisor,onsite,"100 S Mattie M Kelly Blvd, Destin, Florida, United States",1,FL,CONUS_L0_002_007,1
2026-10-01,260056993,https://apply.starbucks.com/careers/job/481079556090,"shift supervisor - Store# 83490, GREEN ACRES & BEAL PKWY",SHIFT_SUPERVISOR,83490,GREEN ACRES & BEAL PKWY,1305 Lewis Turner Blvd,Fort Walton Beach,FL,,US,,1784174400,2026-07-16,77,2026-10-01,1784295823,2026-07-17,76,False,30.45689,-86.63689,481079556090,id:260056993,store:83490,Shift Supervisor,onsite,"1305 Lewis Turner Blvd, Fort Walton Beach, Florida, United States",1,FL,CONUS_L0_002_007,1
2026-10-01,260076096,https://apply.starbucks.com/careers/job/481080861410,"barista - Store# 83490, GREEN ACRES & BEAL PKWY",BARISTA,83490,GREEN ACRES & BEAL PKWY,1305 Lewis Turner Blvd,Fort Walton Beach,FL,,US,,1789444800,2026-09-15,16,2026-10-01,1789566575,2026-09-16,15,False,30.45689,-86.63689,481080861410,id:260076096,store:83490,Barista,onsite,"1305 Lewis Turner Blvd, Fort Walton Beach, Florida, United States",1,FL,CONUS_L0_002_007,1
2026-10-01,260068554,https://apply.starbucks.com/careers/job/481080709774,"shift supervisor - Store# 10589, EGLIN & WALTER MARTIN - FORT WALTON BEAC",SHIFT_SUPERVISOR,10589,EGLIN & WALTER MARTIN - FORT WALTON BEAC,"95 Eglin Parkway NE, 850-",Fort Walton Beach,FL,,US,,1788408000,2026-09-03,28,2026-10-01,1788529836,2026-09-04,27,False,30.41756,-86.60778,481080709774,id:260068554,store:10589,Shift Supervisor,onsite,"95 Eglin Parkway NE, 850-, Fort Walton Beach, Florida, United States",1,FL,CONUS_L0_002_007,1
2026-10-01,260069880,https://apply.starbucks.com/careers/job/481080730784,"barista - Store# 10589, EGLIN & WALTER MARTIN - FORT WALTON BEAC",BARISTA,10589,EGLIN & WALTER MARTIN - FORT WALTON BEAC,"95 Eglin Parkway NE, 850-",Fort Walton Beach,FL,,US,,1788580800,2026-09-05,26,2026-10-01,1788702451,2026-09-06,25,False,30.41756,-86.60778,481080730784,id:260069880,store:10589,Barista,onsite,"95 Eglin Parkway NE, 850-, Fort Walton Beach, Florida, United States",1,FL,CONUS_L0_002_007,1
2026-10-01,260080242,https://apply.starbucks.com/careers/job/481081059101,"barista - Store# 09906, BEAL PKWY @ MARY ESTHER CUTOFF",BARISTA,09906,BEAL PKWY @ MARY ESTHER CUTOFF,575 North Beal Parkway,Fort Walton Beach,FL,,US,,1790568000,2026-09-28,3,2026-10-01,1790689653,2026-09-29,2,False,30.42983,-86.63884,481081059101,id:260080242,store:09906,Barista,onsite,"575 North Beal Parkway, Fort Walton Beach, Florida, United States",1,FL,CONUS_L0_002_007,1
2026-10-01,260080274,https://apply.starbucks.com/careers/job/481081059129,"shift supervisor - Store# 09906, BEAL PKWY @ MARY ESTHER CUTOFF",SHIFT_SUPERVISOR,09906,BEAL PKWY @ MARY ESTHER CUTOFF,575 North Beal Parkway,Fort Walton Beach,FL,,US,,1790568000,2026-09-28,3,2026-10-01,1790689683,2026-09-29,2,False,30.42983,-86.63884,481081059129,id:260080274,store:09906,Shift Supervisor,onsite,"575 North Beal Parkway, Fort Walton Beach, Florida, United States",1,FL,CONUS_L0_002_007,1
2026-10-01,260059121,https://apply.starbucks.com/careers/job/481079980409,"shift supervisor - Store# 10503, MARY ESTHER & HOLLYWOOD - MARY ESTHER",SHIFT_SUPERVISOR,10503,MARY ESTHER & HOLLYWOOD - MARY ESTHER,340 Mary Esther Blvd,Mary Esther,FL,,US,,1785643200,2026-08-02,60,2026-10-01,1785753025,2026-08-03,59,False,30.4174344,-86.6540046,481079980409,id:260059121,store:10503,Shift Supervisor,onsite,"340 Mary Esther Blvd, Mary Esther, Florida, United States",1,FL,CONUS_L0_002_007,1
2026-10-01,260068159,https://apply.starbucks.com/careers/job/481080704402,"barista - Store# 10503, MARY ESTHER & HOLLYWOOD - MARY ESTHER",BARISTA,10503,MARY ESTHER & HOLLYWOOD - MARY ESTHER,340 Mary Esther Blvd,Mary Esther,FL,,US,,1788408000,2026-09-03,28,2026-10-01,1788486060,2026-09-03,28,False,30.4174344,-86.6540046,481080704402,id:260068159,store:10503,Barista,onsite,"340 Mary Esther Blvd, Mary Esther, Florida, United States",1,FL,CONUS_L0_002_007,1
2026-10-01,260076292,https://apply.starbucks.com/careers/job/481080861731,"shift supervisor - Store# 82758, DOGWOOD DR. & MAGNOLIA ST",SHIFT_SUPERVISOR,82758,DOGWOOD DR. & MAGNOLIA ST,5867 Dogwood Dr,Milton,FL,,US,,1789444800,2026-09-15,16,2026-10-01,1789566745,2026-09-16,15,False,30.6485754,-87.0558618,481080861731,id:260076292,store:82758,Shift Supervisor,onsite,"5867 Dogwood Dr, Milton, Florida, United States",1,FL,CONUS_L0_002_007,1
2026-10-01,260072511,https://apply.starbucks.com/careers/job/481080795830,"barista - Store# 82758, DOGWOOD DR. & MAGNOLIA ST",BARISTA,82758,DOGWOOD DR. & MAGNOLIA ST,5867 Dogwood Dr,Milton,FL,,US,,1789012800,2026-09-10,21,2026-10-01,1789135114,2026-09-11,20,False,30.6485754,-87.0558618,481080795830,id:260072511,store:82758,Barista,onsite,"5867 Dogwood Dr, Milton, Florida, United States",1,FL,CONUS_L0_002_007,1
2026-10-01,260057289,https://apply.starbucks.com/careers/job/481079587673,"barista - Store# 67282, US HWY 98 & FL 87",BARISTA,67282,US HWY 98 & FL 87,8252 Navarre Pkwy,Navarre,FL,,US,,1784347200,2026-07-18,75,2026-10-01,1784468437,2026-07-19,74,False,30.4022,-86.87759,481079587673,id:260057289,store:67282,Barista,onsite,"8252 Navarre Pkwy, Navarre, Florida, United States",1,FL,CONUS_L0_002_007,1
2026-10-01,260069922,https://apply.starbucks.com/careers/job/481080730852,"shift supervisor - Store# 23514, NORTH MONROE & FRED GEORGE",SHIFT_SUPERVISOR,23514,NORTH MONROE & FRED GEORGE,3844 N Monroe St,Tallahassee,FL,,US,,1788580800,2026-09-05,26,2026-10-01,1788702484,2026-09-06,25,False,30.5027189,-84.3298382,481080730852,id:260069922,store:23514,Shift Supervisor,onsite,"3844 N Monroe St, Tallahassee, Florida, United States",1,FL,CONUS_L0_002_007,1
2026-10-01,260073177,https://apply.starbucks.com/careers/job/481080797936,"barista - Store# 23514, NORTH MONROE & FRED GEORGE",BARISTA,23514,NORTH MONROE & FRED GEORGE,3844 N Monroe St,Tallahassee,FL,,US,,1789012800,2026-09-10,21,2026-10-01,1789135680,2026-09-11,20,False,30.5027189,-84.3298382,481080797936,id:260073177,store:23514,Barista,onsite,"3844 N Monroe St, Tallahassee, Florida, United States",1,FL,CONUS_L0_002_007,1
2026-10-01,260071791,https://apply.starbucks.com/careers/job/481080764746,"barista - Store# 70134, BANNERMAN RD & BULL HEADLEY RD",BARISTA,70134,BANNERMAN RD & BULL HEADLEY RD,8486 Bannerman Blvd,Tallahassee,FL,,US,,1788840000,2026-09-08,23,2026-10-01,1788961407,2026-09-09,22,False,30.58735,-84.25266,481080764746,id:260071791,store:70134,Barista,onsite,"8486 Bannerman Blvd, Tallahassee, Florida, United States",1,FL,CONUS_L0_002_007,1
2026-10-01,260071801,https://apply.starbucks.com/careers/job/481080764798,"shift supervisor - Store# 70134, BANNERMAN RD & BULL HEADLEY RD",SHIFT_SUPERVISOR,70134,BANNERMAN RD & BULL HEADLEY RD,8486 Bannerman Blvd,Tallahassee,FL,,US,,1788840000,2026-09-08,23,2026-10-01,1788961415,2026-09-09,22,False,30.58735,-84.25266,481080764798,id:260071801,store:70134,Shift Supervisor,onsite,"8486 Bannerman Blvd, Tallahassee, Florida, United States",1,FL,CONUS_L0_002_007,1
2026-10-01,260069492,https://apply.starbucks.com/careers/job/481080730335,"shift supervisor - Store# 53813, HWY 90 & SPEARS ST",SHIFT_SUPERVISOR,53813,HWY 90 & SPEARS ST,4830 Highway 90,Milton,FL,,US,,1788580800,2026-09-05,26,2026-10-01,1788702144,2026-09-06,25,False,30.60412,-87.12221,481080730335,id:260069492,store:53813,Shift Supervisor,onsite,"4830 Highway 90, Milton, Florida, United States",1,FL,CONUS_L0_002_007,1
2026-10-01,260079440,https://apply.starbucks.com/careers/job/481080998676,"barista - Store# 53813, HWY 90 & SPEARS ST",BARISTA,53813,HWY 90 & SPEARS ST,4830 Highway 90,Milton,FL,,US,,1790222400,2026-09-24,7,2026-10-01,1790344011,2026-09-25,6,False,30.60412,-87.12221,481080998676,id:260079440,store:53813,Barista,onsite,"4830 Highway 90, Milton, Florida, United States",1,FL,CONUS_L0_002_007,1
2026-10-01,260071820,https://apply.starbucks.com/careers/job/481080764878,"shift supervisor - Store# 77730, W PENSACOLA ST & OCALA RD",SHIFT_SUPERVISOR,77730,W PENSACOLA ST & OCALA RD,"2018 W Pensacola St, 285",Tallahassee,FL,,US,,1788840000,2026-09-08,23,2026-10-01,1788961430,2026-09-09,22,False,30.44094,-84.31863,481080764878,id:260071820,store:77730,Shift Supervisor,onsite,"2018 W Pensacola St, 285, Tallahassee, Florida, United States",1,FL,CONUS_L0_002_007,1
2026-10-01,260053800,https://apply.starbucks.com/careers/job/481079404490,"barista - Store# 77730, W PENSACOLA ST & OCALA RD",BARISTA,77730,W PENSACOLA ST & OCALA RD,"2018 W Pensacola St, 285",Tallahassee,FL,,US,,1783569600,2026-07-09,84,2026-10-01,1783690887,2026-07-10,83,False,30.44094,-84.31863,481079404490,id:260053800,store:77730,Barista,onsite,"2018 W Pensacola St, 285, Tallahassee, Florida, United States",1,FL,CONUS_L0_002_007,1
2026-10-01,260060621,https://apply.starbucks.com/careers/job/481080162941,"barista - Store# 08804, 1703 W TENNESSEE",BARISTA,08804,1703 W TENNESSEE,1703 W Tennessee St,Tallahassee,FL,,US,,1786593600,2026-08-13,49,2026-10-01,1786715138,2026-08-14,48,False,30.4487227,-84.309662,481080162941,id:260060621,store:08804,Barista,onsite,"1703 W Tennessee St, Tallahassee, Florida, United States",1,FL,CONUS_L0_002_007,1
2026-10-01,260063351,https://apply.starbucks.com/careers/job/481080566034,"shift supervisor - Store# 08804, 1703 W TENNESSEE",SHIFT_SUPERVISOR,08804,1703 W TENNESSEE,1703 W Tennessee St,Tallahassee,FL,,US,,1787803200,2026-08-27,35,2026-10-01,1787924853,2026-08-28,34,False,30.4487227,-84.309662,481080566034,id:260063351,store:08804,Shift Supervisor,onsite,"1703 W Tennessee St, Tallahassee, Florida, United States",1,FL,CONUS_L0_002_007,1
2026-10-01,260071414,https://apply.starbucks.com/careers/job/481080752100,"shift supervisor - Store# 08552, N.MONROE & JOHN KNOX",SHIFT_SUPERVISOR,08552,N.MONROE & JOHN KNOX,"2264 N Monroe St, Ste 1",Tallahassee,FL,,US,,1788753600,2026-09-07,24,2026-10-01,1788875051,2026-09-08,23,False,30.4704568,-84.29062859999999,481080752100,id:260071414,store:08552,Shift Supervisor,onsite,"2264 N Monroe St, Ste 1, Tallahassee, Florida, United States",1,FL,CONUS_L0_002_007,1
2026-10-01,260062024,https://apply.starbucks.com/careers/job/481080430076,"barista - Store# 08552, N.MONROE & JOHN KNOX",BARISTA,08552,N.MONROE & JOHN KNOX,"2264 N Monroe St, Ste 1",Tallahassee,FL,,US,,1787457600,2026-08-23,39,2026-10-01,1787579344,2026-08-24,38,False,30.4704568,-84.29062859999999,481080430076,id:260062024,store:08552,Barista,onsite,"2264 N Monroe St, Ste 1, Tallahassee, Florida, United States",1,FL,CONUS_L0_002_007,1
2026-10-01,260064834,https://apply.starbucks.com/careers/job/481080613959,"barista - Store# 13569, Thomasville Rd & Velda Dairy Rd",BARISTA,13569,Thomasville Rd & Velda Dairy Rd,"5126 Thomasville Rd, Ste 500",Tallahassee,FL,,US,,1788062400,2026-08-30,32,2026-10-01,1788184148,2026-08-31,31,False,30.5369933,-84.2309887,481080613959,id:260064834,store:13569,Barista,onsite,"5126 Thomasville Rd, Ste 500, Tallahassee, Florida, United States",1,FL,CONUS_L0_002_007,1
2026-10-01,260067290,https://apply.starbucks.com/careers/job/481080699085,"shift supervisor - Store# 13569, Thomasville Rd & Velda Dairy Rd",SHIFT_SUPERVISOR,13569,Thomasville Rd & Velda Dairy Rd,"5126 Thomasville Rd, Ste 500",Tallahassee,FL,,US,,1788321600,2026-09-02,29,2026-10-01,1788456159,2026-09-03,28,False,30.5369933,-84.2309887,481080699085,id:260067290,store:13569,Shift Supervisor,onsite,"5126 Thomasville Rd, Ste 500, Tallahassee, Florida, United States",1,FL,CONUS_L0_002_007,1
2026-10-01,260072821,https://apply.starbucks.com/careers/job/481080796659,"shift supervisor - Store# 78788, WOODBINE RD",SHIFT_SUPERVISOR,78788,WOODBINE RD,5606 Woodbine Rd,Milton,FL,,US,,1789012800,2026-09-10,21,2026-10-01,1789135381,2026-09-11,20,False,30.64067,-87.18113,481080796659,id:260072821,store:78788,Shift Supervisor,onsite,"5606 Woodbine Rd, Milton, Florida, United States",1,FL,CONUS_L0_002_007,1
2026-10-01,260073141,https://apply.starbucks.com/careers/job/481080797894,"barista - Store# 78788, WOODBINE RD",BARISTA,78788,WOODBINE RD,5606 Woodbine Rd,Milton,FL,,US,,1789012800,2026-09-10,21,2026-10-01,1789135650,2026-09-11,20,False,30.64067,-87.18113,481080797894,id:260073141,store:78788,Barista,onsite,"5606 Woodbine Rd, Milton, Florida, United States",1,FL,CONUS_L0_002_007,1
2026-10-01,260063682,https://apply.starbucks.com/careers/job/481080567397,"barista - Store# 09555, I-10 & THOMASVILLE RD",BARISTA,09555,I-10 & THOMASVILLE RD,3425 Thomasville Rd,Tallahassee,FL,,US,,1787803200,2026-08-27,35,2026-10-01,1787925117,2026-08-28,34,False,30.5040535,-84.25067179999999,481080567397,id:260063682,store:09555,Barista,onsite,"3425 Thomasville Rd, Tallahassee, Florida, United States",1,FL,CONUS_L0_002_007,1
2026-10-01,260074014,https://apply.starbucks.com/careers/job/481080813641,"shift supervisor - Store# 09555, I-10 & THOMASVILLE RD",SHIFT_SUPERVISOR,09555,I-10 & THOMASVILLE RD,3425 Thomasville Rd,Tallahassee,FL,,US,,1789185600,2026-09-12,19,2026-10-01,1789307441,2026-09-13,18,False,30.5040535,-84.25067179999999,481080813641,id:260074014,store:09555,Shift Supervisor,onsite,"3425 Thomasville Rd, Tallahassee, Florida, United States",1,FL,CONUS_L0_002_007,1
2026-10-01,260059491,https://apply.starbucks.com/careers/job/481080000879,"shift supervisor - Store# 22769, W TENNESSEE & N COPELAND",SHIFT_SUPERVISOR,22769,W TENNESSEE & N COPELAND,608 W Tennessee St,Tallahassee,FL,,US,,1785729600,2026-08-03,59,2026-10-01,1785851144,2026-08-04,58,False,30.4449853,-84.2913421,481080000879,id:260059491,store:22769,Shift Supervisor,onsite,"608 W Tennessee St, Tallahassee, Florida, United States",1,FL,CONUS_L0_002_007,1
2026-10-01,260066417,https://apply.starbucks.com/careers/job/481080679435,"barista - Store# 22769, W TENNESSEE & N COPELAND",BARISTA,22769,W TENNESSEE & N COPELAND,608 W Tennessee St,Tallahassee,FL,,US,,1788321600,2026-09-02,29,2026-10-01,1788357958,2026-09-02,29,False,30.4449853,-84.2913421,481080679435,id:260066417,store:22769,Barista,onsite,"608 W Tennessee St, Tallahassee, Florida, United States",1,FL,CONUS_L0_002_007,1
2026-10-01,260055377,https://apply.starbucks.com/careers/job/481079453928,"shift supervisor - Store# 24562, MAGNOLIA & GOVERNORS SQUARE BLVD - TALLA",SHIFT_SUPERVISOR,24562,MAGNOLIA & GOVERNORS SQUARE BLVD - TALLA,"222 S Magnolia Dr, Ste 101",Tallahassee,FL,,US,,1783828800,2026-07-12,81,2026-10-01,1783950545,2026-07-13,80,False,30.4400179,-84.2621735,481079453928,id:260055377,store:24562,Shift Supervisor,onsite,"222 S Magnolia Dr, Ste 101, Tallahassee, Florida, United States",1,FL,CONUS_L0_002_007,1
2026-10-01,260079807,https://apply.starbucks.com/careers/job/481081018881,"barista - Store# 24562, MAGNOLIA & GOVERNORS SQUARE BLVD - TALLA",BARISTA,24562,MAGNOLIA & GOVERNORS SQUARE BLVD - TALLA,"222 S Magnolia Dr, Ste 101",Tallahassee,FL,,US,,1790395200,2026-09-26,5,2026-10-01,1790516512,2026-09-27,4,False,30.4400179,-84.2621735,481081018881,id:260079807,store:24562,Barista,onsite,"222 S Magnolia Dr, Ste 101, Tallahassee, Florida, United States",1,FL,CONUS_L0_002_007,1
2026-10-01,260069021,https://apply.starbucks.com/careers/job/481080710491,"shift supervisor - Store# 21597, HWY 98 & OAKHILL",SHIFT_SUPERVISOR,21597,HWY 98 & OAKHILL,3703 Gulf Breeze Pkwy,Gulf Breeze,FL,,US,,1788408000,2026-09-03,28,2026-10-01,1788530231,2026-09-04,27,False,30.38911,-87.0687,481080710491,id:260069021,store:21597,Shift Supervisor,onsite,"3703 Gulf Breeze Pkwy, Gulf Breeze, Florida, United States",1,FL,CONUS_L0_002_007,1
2026-10-01,260080698,https://apply.starbucks.com/careers/job/481081091842,"barista - Store# 21597, HWY 98 & OAKHILL",BARISTA,21597,HWY 98 & OAKHILL,3703 Gulf Breeze Pkwy,Gulf Breeze,FL,,US,,1790740800,2026-09-30,1,2026-10-01,1790836171,2026-10-01,0,False,30.38911,-87.0687,481081091842,id:260080698,store:21597,Barista,onsite,"3703 Gulf Breeze Pkwy, Gulf Breeze, Florida, United States",1,FL,CONUS_L0_002_007,1
2026-10-01,260057796,https://apply.starbucks.com/careers/job/481079649280,"barista - Store# 71179, MAHAN DR & WEEMS RD",BARISTA,71179,MAHAN DR & WEEMS RD,3208 Mahan Dr,Tallahassee,FL,,US,,1784606400,2026-07-21,72,2026-10-01,1784727972,2026-07-22,71,False,30.46253,-84.2231,481079649280,id:260057796,store:71179,Barista,onsite,"3208 Mahan Dr, Tallahassee, Florida, United States",1,FL,CONUS_L0_002_007,1
2026-10-01,260057737,https://apply.starbucks.com/careers/job/481079649174,"shift supervisor - Store# 71179, MAHAN DR & WEEMS RD",SHIFT_SUPERVISOR,71179,MAHAN DR & WEEMS RD,3208 Mahan Dr,Tallahassee,FL,,US,,1784606400,2026-07-21,72,2026-10-01,1784727918,2026-07-22,71,False,30.46253,-84.2231,481079649174,id:260057737,store:71179,Shift Supervisor,onsite,"3208 Mahan Dr, Tallahassee, Florida, United States",1,FL,CONUS_L0_002_007,1
2026-10-01,260058088,https://apply.starbucks.com/careers/job/481079849296,"shift supervisor - Store# 71389, 2308 APALACHEE PKWY",SHIFT_SUPERVISOR,71389,2308 APALACHEE PKWY,2308 Apalachee Pkwy,Tallahassee,FL,,US,,1784952000,2026-07-25,68,2026-10-01,1785073372,2026-07-26,67,False,30.43033,-84.24297,481079849296,id:260058088,store:71389,Shift Supervisor,onsite,"2308 Apalachee Pkwy, Tallahassee, Florida, United States",1,FL,CONUS_L0_002_007,1
2026-10-01,260071880,https://apply.starbucks.com/careers/job/481080764907,"barista - Store# 71389, 2308 APALACHEE PKWY",BARISTA,71389,2308 APALACHEE PKWY,2308 Apalachee Pkwy,Tallahassee,FL,,US,,1788840000,2026-09-08,23,2026-10-01,1788961479,2026-09-09,22,False,30.43033,-84.24297,481080764907,id:260071880,store:71389,Barista,onsite,"2308 Apalachee Pkwy, Tallahassee, Florida, United States",1,FL,CONUS_L0_002_007,1
2026-10-01,260068003,https://apply.starbucks.com/careers/job/481080699891,"barista - Store# 82762, DICK WILSON BLVD & CAPITAL CIRCLE",BARISTA,82762,DICK WILSON BLVD & CAPITAL CIRCLE,3102 Dick Wilson Blvd,Tallahassee,FL,,US,,1788321600,2026-09-02,29,2026-10-01,1788456829,2026-09-03,28,False,30.43110089999999,-84.22599819999999,481080699891,id:260068003,store:82762,Barista,onsite,"3102 Dick Wilson Blvd, Tallahassee, Florida, United States",1,FL,CONUS_L0_002_007,1
2026-10-01,260079492,https://apply.starbucks.com/careers/job/481080998841,"shift supervisor - Store# 82762, DICK WILSON BLVD & CAPITAL CIRCLE",SHIFT_SUPERVISOR,82762,DICK WILSON BLVD & CAPITAL CIRCLE,3102 Dick Wilson Blvd,Tallahassee,FL,,US,,1790222400,2026-09-24,7,2026-10-01,1790344056,2026-09-25,6,False,30.43110089999999,-84.22599819999999,481080998841,id:260079492,store:82762,Shift Supervisor,onsite,"3102 Dick Wilson Blvd, Tallahassee, Florida, United States",1,FL,CONUS_L0_002_007,1
2026-10-01,260064462,https://apply.starbucks.com/careers/job/481080613446,"shift supervisor - Store# 11348, Capital Circle SE",SHIFT_SUPERVISOR,11348,Capital Circle SE,1960 Gainsborough Dr,Tallahassee,FL,,US,,1788062400,2026-08-30,32,2026-10-01,1788183834,2026-08-31,31,False,30.4019915,-84.2369069,481080613446,id:260064462,store:11348,Shift Supervisor,onsite,"1960 Gainsborough Dr, Tallahassee, Florida, United States",1,FL,CONUS_L0_002_007,1
2026-10-01,260058771,https://apply.starbucks.com/careers/job/481079927651,"barista - Store# 11348, Capital Circle SE",BARISTA,11348,Capital Circle SE,1960 Gainsborough Dr,Tallahassee,FL,,US,,1785211200,2026-07-28,65,2026-10-01,1785332718,2026-07-29,64,False,30.4019915,-84.2369069,481079927651,id:260058771,store:11348,Barista,onsite,"1960 Gainsborough Dr, Tallahassee, Florida, United States",1,FL,CONUS_L0_002_007,1
2026-10-01,260065773,https://apply.starbucks.com/careers/job/481080678344,"shift supervisor - Store# 13466, NINE MILE RD & HILLVIEW DR-PENSACOLA",SHIFT_SUPERVISOR,13466,NINE MILE RD & HILLVIEW DR-PENSACOLA,1701 E Nine Mile Rd,Pensacola,FL,,US,,1788321600,2026-09-02,29,2026-10-01,1788357383,2026-09-02,29,False,30.53171,-87.22652,481080678344,id:260065773,store:13466,Shift Supervisor,onsite,"1701 E Nine Mile Rd, Pensacola, Florida, United States",1,FL,CONUS_L0_002_007,1
2026-10-01,260071436,https://apply.starbucks.com/careers/job/481080752153,"shift supervisor - Store# 11043, CORDOVA MALL",SHIFT_SUPERVISOR,11043,CORDOVA MALL,"5100 N 9th Ave, Cordova Mall, Ste H818",Pensacola,FL,,US,,1788753600,2026-09-07,24,2026-10-01,1788875073,2026-09-08,23,False,30.4762374,-87.2072142,481080752153,id:260071436,store:11043,Shift Supervisor,onsite,"5100 N 9th Ave, Cordova Mall, Ste H818, Pensacola, Florida, United States",1,FL,CONUS_L0_002_007,1
2026-10-01,260076970,https://apply.starbucks.com/careers/job/481080875246,"barista - Store# 11043, CORDOVA MALL",BARISTA,11043,CORDOVA MALL,"5100 N 9th Ave, Cordova Mall, Ste H818",Pensacola,FL,,US,,1789531200,2026-09-16,15,2026-10-01,1789652612,2026-09-17,14,False,30.4762374,-87.2072142,481080875246,id:260076970,store:11043,Barista,onsite,"5100 N 9th Ave, Cordova Mall, Ste H818, Pensacola, Florida, United States",1,FL,CONUS_L0_002_007,1
2026-10-01,260055009,https://apply.starbucks.com/careers/job/481079436509,"barista - Store# 08542, BAYOU BLVD & 9TH AVE",BARISTA,08542,BAYOU BLVD & 9TH AVE,5040 Bayou Blvd,Pensacola,FL,,US,,1783742400,2026-07-11,82,2026-10-01,1783863573,2026-07-12,81,False,30.4726622,-87.2095504,481079436509,id:260055009,store:08542,Barista,onsite,"5040 Bayou Blvd, Pensacola, Florida, United States",1,FL,CONUS_L0_002_007,1
2026-10-01,260077514,https://apply.starbucks.com/careers/job/481080891299,"shift supervisor - Store# 08542, BAYOU BLVD & 9TH AVE",SHIFT_SUPERVISOR,08542,BAYOU BLVD & 9TH AVE,5040 Bayou Blvd,Pensacola,FL,,US,,1789617600,2026-09-17,14,2026-10-01,1789739222,2026-09-18,13,False,30.4726622,-87.2095504,481080891299,id:260077514,store:08542,Shift Supervisor,onsite,"5040 Bayou Blvd, Pensacola, Florida, United States",1,FL,CONUS_L0_002_007,1
2026-10-01,260072889,https://apply.starbucks.com/careers/job/481080796654,"shift supervisor - Store# 82759, CRAWFORDVILLE HWY & SONGBIRD AVE",SHIFT_SUPERVISOR,82759,CRAWFORDVILLE HWY & SONGBIRD AVE,2405 Crawfordville Hwy,Crawfordville,FL,,US,,1789012800,2026-09-10,21,2026-10-01,1789135438,2026-09-11,20,False,30.2029569,-84.3670544,481080796654,id:260072889,store:82759,Shift Supervisor,onsite,"2405 Crawfordville Hwy, Crawfordville, Florida, United States",1,FL,CONUS_L0_002_007,1
2026-10-01,260060862,https://apply.starbucks.com/careers/job/481080183350,"barista - Store# 82759, CRAWFORDVILLE HWY & SONGBIRD AVE",BARISTA,82759,CRAWFORDVILLE HWY & SONGBIRD AVE,2405 Crawfordville Hwy,Crawfordville,FL,,US,,1786766400,2026-08-15,47,2026-10-01,1786887922,2026-08-16,46,False,30.2029569,-84.3670544,481080183350,id:260060862,store:82759,Barista,onsite,"2405 Crawfordville Hwy, Crawfordville, Florida, United States",1,FL,CONUS_L0_002_007,1
2026-10-01,260058266,https://apply.starbucks.com/careers/job/481079849796,"barista - Store# 11615, BAYOU BLVD & RAVE ACCESS DR-PENSACOLA",BARISTA,11615,BAYOU BLVD & RAVE ACCESS DR-PENSACOLA,5145 Bayou Blvd,Pensacola,FL,,US,,1784952000,2026-07-25,68,2026-10-01,1785073519,2026-07-26,67,False,30.47421,-87.2158,481079849796,id:260058266,store:11615,Barista,onsite,"5145 Bayou Blvd, Pensacola, Florida, United States",1,FL,CONUS_L0_002_007,1
2026-10-01,260068016,https://apply.starbucks.com/careers/job/481080699769,"shift supervisor - Store# 11615, BAYOU BLVD & RAVE ACCESS DR-PENSACOLA",SHIFT_SUPERVISOR,11615,BAYOU BLVD & RAVE ACCESS DR-PENSACOLA,5145 Bayou Blvd,Pensacola,FL,,US,,1788321600,2026-09-02,29,2026-10-01,1788456841,2026-09-03,28,False,30.47421,-87.2158,481080699769,id:260068016,store:11615,Shift Supervisor,onsite,"5145 Bayou Blvd, Pensacola, Florida, United States",1,FL,CONUS_L0_002_007,1
2026-10-01,260053383,https://apply.starbucks.com/careers/job/481079320180,"barista - Store# 50053, E Gregory St & N 10th Ave - Pensacola",BARISTA,50053,E Gregory St & N 10th Ave - Pensacola,501 E Gregory St,Pensacola,FL,,US,,1783310400,2026-07-06,87,2026-10-01,1783432034,2026-07-07,86,False,30.41723,-87.20387,481079320180,id:260053383,store:50053,Barista,onsite,"501 E Gregory St, Pensacola, Florida, United States",1,FL,CONUS_L0_002_007,1
2026-10-01,260079636,https://apply.starbucks.com/careers/job/481081018669,"shift supervisor - Store# 50053, E Gregory St & N 10th Ave - Pensacola",SHIFT_SUPERVISOR,50053,E Gregory St & N 10th Ave - Pensacola,501 E Gregory St,Pensacola,FL,,US,,1790395200,2026-09-26,5,2026-10-01,1790516360,2026-09-27,4,False,30.41723,-87.20387,481081018669,id:260079636,store:50053,Shift Supervisor,onsite,"501 E Gregory St, Pensacola, Florida, United States",1,FL,CONUS_L0_002_007,1
2026-10-01,260062515,https://apply.starbucks.com/careers/job/481080494373,"barista - Store# 03428, HWY98 - GULF BREEZE",BARISTA,03428,HWY98 - GULF BREEZE,346 Gulf Breeze Pkwy,Gulf Breeze,FL,,US,,1787630400,2026-08-25,37,2026-10-01,1787752282,2026-08-26,36,False,30.36466,-87.16922,481080494373,id:260062515,store:03428,Barista,onsite,"346 Gulf Breeze Pkwy, Gulf Breeze, Florida, United States",1,FL,CONUS_L0_002_007,1
2026-10-01,260062500,https://apply.starbucks.com/careers/job/481080494470,"shift supervisor - Store# 03428, HWY98 - GULF BREEZE",SHIFT_SUPERVISOR,03428,HWY98 - GULF BREEZE,346 Gulf Breeze Pkwy,Gulf Breeze,FL,,US,,1787630400,2026-08-25,37,2026-10-01,1787752270,2026-08-26,36,False,30.36466,-87.16922,481080494470,id:260062500,store:03428,Shift Supervisor,onsite,"346 Gulf Breeze Pkwy, Gulf Breeze, Florida, United States",1,FL,CONUS_L0_002_007,1
2026-10-01,260062732,https://apply.starbucks.com/careers/job/481080495192,"shift supervisor - Store# 13876, NINE MILE & PINE FOREST-PENSACOLA",SHIFT_SUPERVISOR,13876,NINE MILE & PINE FOREST-PENSACOLA,"2200 W Nine Mile Rd, Unit B",Pensacola,FL,,US,,1787630400,2026-08-25,37,2026-10-01,1787752454,2026-08-26,36,False,30.53483,-87.31362,481080495192,id:260062732,store:13876,Shift Supervisor,onsite,"2200 W Nine Mile Rd, Unit B, Pensacola, Florida, United States",1,FL,CONUS_L0_002_007,1
2026-10-01,260079023,https://apply.starbucks.com/careers/job/481080965217,"barista - Store# 13876, NINE MILE & PINE FOREST-PENSACOLA",BARISTA,13876,NINE MILE & PINE FOREST-PENSACOLA,"2200 W Nine Mile Rd, Unit B",Pensacola,FL,,US,,1790049600,2026-09-22,9,2026-10-01,1790171124,2026-09-23,8,False,30.53483,-87.31362,481080965217,id:260079023,store:13876,Barista,onsite,"2200 W Nine Mile Rd, Unit B, Pensacola, Florida, United States",1,FL,CONUS_L0_002_007,1
2026-10-01,260067636,https://apply.starbucks.com/careers/job/481080699429,"shift supervisor - Store# 71830, BLUE ANGEL PKWY & SORRENTO RD",SHIFT_SUPERVISOR,71830,BLUE ANGEL PKWY & SORRENTO RD,2991 S Blue Angel Pkwy,Pensacola,FL,,US,,1788321600,2026-09-02,29,2026-10-01,1788456484,2026-09-03,28,False,30.3607293,-87.35950299999999,481080699429,id:260067636,store:71830,Shift Supervisor,onsite,"2991 S Blue Angel Pkwy, Pensacola, Florida, United States",1,FL,CONUS_L0_002_007,1
2026-10-01,260076479,https://apply.starbucks.com/careers/job/481080862047,"barista - Store# 71830, BLUE ANGEL PKWY & SORRENTO RD",BARISTA,71830,BLUE ANGEL PKWY & SORRENTO RD,2991 S Blue Angel Pkwy,Pensacola,FL,,US,,1789444800,2026-09-15,16,2026-10-01,1789566905,2026-09-16,15,False,30.3607293,-87.35950299999999,481080862047,id:260076479,store:71830,Barista,onsite,"2991 S Blue Angel Pkwy, Pensacola, Florida, United States",1,FL,CONUS_L0_002_007,1
2026-10-01,260059485,https://apply.starbucks.com/careers/job/481080000874,"shift supervisor - Store# 78781, I-10 & US HWY 129",SHIFT_SUPERVISOR,78781,I-10 & US HWY 129,6672 US Hwy 129,Live Oak,FL,,US,,1785729600,2026-08-03,59,2026-10-01,1785851138,2026-08-04,58,False,30.32903,-82.96309,481080000874,id:260059485,store:78781,Shift Supervisor,onsite,"6672 US Hwy 129, Live Oak, Florida, United States",1,FL,CONUS_L0_002_007;CONUS_L0_002_008,2
2026-10-01,260080334,https://apply.starbucks.com/careers/job/481081059228,"barista - Store# 78781, I-10 & US HWY 129",BARISTA,78781,I-10 & US HWY 129,6672 US Hwy 129,Live Oak,FL,,US,,1790568000,2026-09-28,3,2026-10-01,1790689735,2026-09-29,2,False,30.32903,-82.96309,481081059228,id:260080334,store:78781,Barista,onsite,"6672 US Hwy 129, Live Oak, Florida, United States",1,FL,CONUS_L0_002_007;CONUS_L0_002_008,2
2026-10-01,260066317,https://apply.starbucks.com/careers/job/481080679234,"shift supervisor - Store# 11996, US 90 & MALL ENTRANCE RD-LAKE CITY",SHIFT_SUPERVISOR,11996,US 90 & MALL ENTRANCE RD-LAKE CITY,2511 W US Hwy 90,Lake City,FL,,US,,1788321600,2026-09-02,29,2026-10-01,1788357869,2026-09-02,29,False,30.1798447,-82.6731953,481080679234,id:260066317,store:11996,Shift Supervisor,onsite,"2511 W US Hwy 90, Lake City, Florida, United States",1,FL,CONUS_L0_002_007;CONUS_L0_002_008,2
2026-10-01,260059908,https://apply.starbucks.com/careers/job/481080079104,"barista - Store# 11996, US 90 & MALL ENTRANCE RD-LAKE CITY",BARISTA,11996,US 90 & MALL ENTRANCE RD-LAKE CITY,2511 W US Hwy 90,Lake City,FL,,US,,1786161600,2026-08-08,54,2026-10-01,1786283200,2026-08-09,53,False,30.1798447,-82.6731953,481080079104,id:260059908,store:11996,Barista,onsite,"2511 W US Hwy 90, Lake City, Florida, United States",1,FL,CONUS_L0_002_007;CONUS_L0_002_008,2
2026-10-01,260069742,https://apply.starbucks.com/careers/job/481080730632,"barista - Store# 13607, SR 228 & I-10 - MACCLENNY",BARISTA,13607,SR 228 & I-10 - MACCLENNY,9200 S State Road 228,Macclenny,FL,,US,,1788580800,2026-09-05,26,2026-10-01,1788702342,2026-09-06,25,False,30.2639343,-82.1071528,481080730632,id:260069742,store:13607,Barista,onsite,"9200 S State Road 228, Macclenny, Florida, United States",1,FL,CONUS_L0_002_007;CONUS_L0_002_008,2
2026-10-01,260054127,https://apply.starbucks.com/careers/job/481079405053,"shift supervisor - Store# 13607, SR 228 & I-10 - MACCLENNY",SHIFT_SUPERVISOR,13607,SR 228 & I-10 - MACCLENNY,9200 S State Road 228,Macclenny,FL,,US,,1783569600,2026-07-09,84,2026-10-01,1783691124,2026-07-10,83,False,30.2639343,-82.1071528,481079405053,id:260054127,store:13607,Shift Supervisor,onsite,"9200 S State Road 228, Macclenny, Florida, United States",1,FL,CONUS_L0_002_007;CONUS_L0_002_008,2
2026-10-01,260065448,https://apply.starbucks.com/careers/job/481080677706,"barista - Store# 24133, ARGYLE FOREST & MERCHANTS WAY - JACKSONV",BARISTA,24133,ARGYLE FOREST & MERCHANTS WAY - JACKSONV,"9660 Argyle Forest Blvd, Ste 1",Jacksonville,FL,,US,,1788321600,2026-09-02,29,2026-10-01,1788357098,2026-09-02,29,False,30.195072,-81.82933129999999,481080677706,id:260065448,store:24133,Barista,onsite,"9660 Argyle Forest Blvd, Ste 1, Jacksonville, Florida, United States",1,FL,CONUS_L0_002_007;CONUS_L0_002_008,2
2026-10-01,260065165,https://apply.starbucks.com/careers/job/481080677310,"shift supervisor - Store# 24133, ARGYLE FOREST & MERCHANTS WAY - JACKSONV",SHIFT_SUPERVISOR,24133,ARGYLE FOREST & MERCHANTS WAY - JACKSONV,"9660 Argyle Forest Blvd, Ste 1",Jacksonville,FL,,US,,1788321600,2026-09-02,29,2026-10-01,1788356844,2026-09-02,29,False,30.195072,-81.82933129999999,481080677310,id:260065165,store:24133,Shift Supervisor,onsite,"9660 Argyle Forest Blvd, Ste 1, Jacksonville, Florida, United States",1,FL,CONUS_L0_002_007;CONUS_L0_002_008,2
2026-10-01,260066970,https://apply.starbucks.com/careers/job/481080698565,"barista - Store# 24133, ARGYLE FOREST & MERCHANTS WAY - JACKSONV",BARISTA,24133,ARGYLE FOREST & MERCHANTS WAY - JACKSONV,"9660 Argyle Forest Blvd, Ste 1",Jacksonville,FL,,US,,1788321600,2026-09-02,29,2026-10-01,1788455852,2026-09-03,28,False,30.195072,-81.82933129999999,481080698565,id:260066970,store:24133,Barista,onsite,"9660 Argyle Forest Blvd, Ste 1, Jacksonville, Florida, United States",1,FL,CONUS_L0_002_007;CONUS_L0_002_008,2
2026-10-01,260055563,https://apply.starbucks.com/careers/job/481079454111,"barista - Store# 83493, 103RD ST & HILLMAN DR",BARISTA,83493,103RD ST & HILLMAN DR,7680 103rd St,Jacksonville,FL,,US,,1783828800,2026-07-12,81,2026-10-01,1783950690,2026-07-13,80,False,30.24773119999999,-81.7762669,481079454111,id:260055563,store:83493,Barista,onsite,"7680 103rd St, Jacksonville, Florida, United States",1,FL,CONUS_L0_002_007;CONUS_L0_002_008,2
2026-10-01,260072647,https://apply.starbucks.com/careers/job/481080796084,"shift supervisor - Store# 83493, 103RD ST & HILLMAN DR",SHIFT_SUPERVISOR,83493,103RD ST & HILLMAN DR,7680 103rd St,Jacksonville,FL,,US,,1789012800,2026-09-10,21,2026-10-01,1789135231,2026-09-11,20,False,30.24773119999999,-81.7762669,481080796084,id:260072647,store:83493,Shift Supervisor,onsite,"7680 103rd St, Jacksonville, Florida, United States",1,FL,CONUS_L0_002_007;CONUS_L0_002_008,2
2026-10-01,260071317,https://apply.starbucks.com/careers/job/481080742682,"barista - Store# 65630, BLANDING BLVD & BAXLEY RD",BARISTA,65630,BLANDING BLVD & BAXLEY RD,1795 Blanding Blvd,Middleburg,FL,,US,,1788667200,2026-09-06,25,2026-10-01,1788789121,2026-09-07,24,False,30.10427,-81.82775,481080742682,id:260071317,store:65630,Barista,onsite,"1795 Blanding Blvd, Middleburg, Florida, United States",1,FL,CONUS_L0_002_007;CONUS_L0_002_008,2
2026-10-01,260070622,https://apply.starbucks.com/careers/job/481080741702,"shift supervisor - Store# 65630, BLANDING BLVD & BAXLEY RD",SHIFT_SUPERVISOR,65630,BLANDING BLVD & BAXLEY RD,1795 Blanding Blvd,Middleburg,FL,,US,,1788667200,2026-09-06,25,2026-10-01,1788788563,2026-09-07,24,False,30.10427,-81.82775,481080741702,id:260070622,store:65630,Shift Supervisor,onsite,"1795 Blanding Blvd, Middleburg, Florida, United States",1,FL,CONUS_L0_002_007;CONUS_L0_002_008,2
2026-10-01,260070149,https://apply.starbucks.com/careers/job/481080731113,"shift supervisor - Store# 54021, COLLINS & I-295",SHIFT_SUPERVISOR,54021,COLLINS & I-295,"7051 Collins Rd, Ste 406",Jacksonville,FL,,US,,1788580800,2026-09-05,26,2026-10-01,1788702663,2026-09-06,25,False,30.2047434,-81.7591843,481080731113,id:260070149,store:54021,Shift Supervisor,onsite,"7051 Collins Rd, Ste 406, Jacksonville, Florida, United States",1,FL,CONUS_L0_002_007;CONUS_L0_002_008,2
2026-10-01,260073565,https://apply.starbucks.com/careers/job/481080812898,"barista - Store# 54021, COLLINS & I-295",BARISTA,54021,COLLINS & I-295,"7051 Collins Rd, Ste 406",Jacksonville,FL,,US,,1789185600,2026-09-12,19,2026-10-01,1789307023,2026-09-13,18,False,30.2047434,-81.7591843,481080812898,id:260073565,store:54021,Barista,onsite,"7051 Collins Rd, Ste 406, Jacksonville, Florida, United States",1,FL,CONUS_L0_002_007;CONUS_L0_002_008,2
2026-10-01,260078067,https://apply.starbucks.com/careers/job/481080923569,"shift supervisor - Store# 08348, 4495 ROOSEVELT BLVD.",SHIFT_SUPERVISOR,08348,4495 ROOSEVELT BLVD.,4265 Roosevelt Blvd,Jacksonville,FL,,US,,1789790400,2026-09-19,12,2026-10-01,1789911713,2026-09-20,11,False,30.2864368,-81.71987209999999,481080923569,id:260078067,store:08348,Shift Supervisor,onsite,"4265 Roosevelt Blvd, Jacksonville, Florida, United States",1,FL,CONUS_L0_002_007;CONUS_L0_002_008,2
2026-10-01,260080264,https://apply.starbucks.com/careers/job/481081059114,"barista - Store# 08348, 4495 ROOSEVELT BLVD.",BARISTA,08348,4495 ROOSEVELT BLVD.,4265 Roosevelt Blvd,Jacksonville,FL,,US,,1790568000,2026-09-28,3,2026-10-01,1790689674,2026-09-29,2,False,30.2864368,-81.71987209999999,481081059114,id:260080264,store:08348,Barista,onsite,"4265 Roosevelt Blvd, Jacksonville, Florida, United States",1,FL,CONUS_L0_002_007;CONUS_L0_002_008,2
2026-10-01,260062766,https://apply.starbucks.com/careers/job/481080495382,"shift supervisor - Store# 10501, JACKSONVILLE",SHIFT_SUPERVISOR,10501,JACKSONVILLE,1044 Dunn Ave,Jacksonville,FL,,US,,1787630400,2026-08-25,37,2026-10-01,1787752481,2026-08-26,36,False,30.4295313,-81.6627923,481080495382,id:260062766,store:10501,Shift Supervisor,onsite,"1044 Dunn Ave, Jacksonville, Florida, United States",1,FL,CONUS_L0_002_007;CONUS_L0_002_008,2
2026-10-01,260061142,https://apply.starbucks.com/careers/job/481080228950,"barista - Store# 10501, JACKSONVILLE",BARISTA,10501,JACKSONVILLE,1044 Dunn Ave,Jacksonville,FL,,US,,1786939200,2026-08-17,45,2026-10-01,1787060532,2026-08-18,44,False,30.4295313,-81.6627923,481080228950,id:260061142,store:10501,Barista,onsite,"1044 Dunn Ave, Jacksonville, Florida, United States",1,FL,CONUS_L0_002_007;CONUS_L0_002_008,2
2026-10-01,260074758,https://apply.starbucks.com/careers/job/481080820553,"shift supervisor - Store# 02752, BLANDING BLVD & I-295",SHIFT_SUPERVISOR,02752,BLANDING BLVD & I-295,8635 Blanding Blvd,Jacksonville,FL,,US,,1789272000,2026-09-13,18,2026-10-01,1789394337,2026-09-14,17,False,30.1932784,-81.7385133,481080820553,id:260074758,store:02752,Shift Supervisor,onsite,"8635 Blanding Blvd, Jacksonville, Florida, United States",1,FL,CONUS_L0_002_007;CONUS_L0_002_008,2
2026-10-01,260075157,https://apply.starbucks.com/careers/job/481080821357,"barista - Store# 02752, BLANDING BLVD & I-295",BARISTA,02752,BLANDING BLVD & I-295,8635 Blanding Blvd,Jacksonville,FL,,US,,1789272000,2026-09-13,18,2026-10-01,1789394692,2026-09-14,17,False,30.1932784,-81.7385133,481080821357,id:260075157,store:02752,Barista,onsite,"8635 Blanding Blvd, Jacksonville, Florida, United States",1,FL,CONUS_L0_002_007;CONUS_L0_002_008,2
2026-10-01,260063426,https://apply.starbucks.com/careers/job/481080566225,"shift supervisor - Store# 09698, BLANDING & BOLTON",SHIFT_SUPERVISOR,09698,BLANDING & BOLTON,629 Blanding Blvd,Orange Park,FL,,US,,1787803200,2026-08-27,35,2026-10-01,1787924912,2026-08-28,34,False,30.1500573,-81.7527868,481080566225,id:260063426,store:09698,Shift Supervisor,onsite,"629 Blanding Blvd, Orange Park, Florida, United States",1,FL,CONUS_L0_002_007;CONUS_L0_002_008,2
2026-10-01,260057987,https://apply.starbucks.com/careers/job/481079710362,"barista - Store# 09698, BLANDING & BOLTON",BARISTA,09698,BLANDING & BOLTON,629 Blanding Blvd,Orange Park,FL,,US,,1784779200,2026-07-23,70,2026-10-01,1784900739,2026-07-24,69,False,30.1500573,-81.7527868,481079710362,id:260057987,store:09698,Barista,onsite,"629 Blanding Blvd, Orange Park, Florida, United States",1,FL,CONUS_L0_002_007;CONUS_L0_002_008,2
2026-10-01,260064688,https://apply.starbucks.com/careers/job/481080613770,"shift supervisor - Store# 10502, AIRPORT RD & I-95-JACKSONVILLE",SHIFT_SUPERVISOR,10502,AIRPORT RD & I-95-JACKSONVILLE,780 Nautica Dr,Jacksonville,FL,,US,,1788062400,2026-08-30,32,2026-10-01,1788184024,2026-08-31,31,False,30.479982,-81.63820609999999,481080613770,id:260064688,store:10502,Shift Supervisor,onsite,"780 Nautica Dr, Jacksonville, Florida, United States",1,FL,CONUS_L0_002_007;CONUS_L0_002_008,2
2026-10-01,260071445,https://apply.starbucks.com/careers/job/481080752168,"barista - Store# 10502, AIRPORT RD & I-95-JACKSONVILLE",BARISTA,10502,AIRPORT RD & I-95-JACKSONVILLE,780 Nautica Dr,Jacksonville,FL,,US,,1788753600,2026-09-07,24,2026-10-01,1788875082,2026-09-08,23,False,30.479982,-81.63820609999999,481080752168,id:260071445,store:10502,Barista,onsite,"780 Nautica Dr, Jacksonville, Florida, United States",1,FL,CONUS_L0_002_007;CONUS_L0_002_008,2
2026-10-01,260056028,https://apply.starbucks.com/careers/job/481079473411,"barista - Store# 08467, RIVERSIDE @ MARGARET STREET",BARISTA,08467,RIVERSIDE @ MARGARET STREET,"1650 Margaret Street, #1",Jacksonville,FL,,US,,1783915200,2026-07-13,80,2026-10-01,1784037226,2026-07-14,79,False,30.3114731,-81.6809112,481079473411,id:260056028,store:08467,Barista,onsite,"1650 Margaret Street, #1, Jacksonville, Florida, United States",1,FL,CONUS_L0_002_007;CONUS_L0_002_008,2
2026-10-01,260059299,https://apply.starbucks.com/careers/job/481079980610,"shift supervisor - Store# 08467, RIVERSIDE @ MARGARET STREET",SHIFT_SUPERVISOR,08467,RIVERSIDE @ MARGARET STREET,"1650 Margaret Street, #1",Jacksonville,FL,,US,,1785643200,2026-08-02,60,2026-10-01,1785753174,2026-08-03,59,False,30.3114731,-81.6809112,481079980610,id:260059299,store:08467,Shift Supervisor,onsite,"1650 Margaret Street, #1, Jacksonville, Florida, United States",1,FL,CONUS_L0_002_007;CONUS_L0_002_008,2
2026-10-01,260077137,https://apply.starbucks.com/careers/job/481080890668,"shift supervisor - Store# 08395, 1980 SAN MARCO BOULEVARD",SHIFT_SUPERVISOR,08395,1980 SAN MARCO BOULEVARD,1980 San Marco Blvd,Jacksonville,FL,,US,,1789617600,2026-09-17,14,2026-10-01,1789738893,2026-09-18,13,False,30.3038911,-81.65484169999999,481080890668,id:260077137,store:08395,Shift Supervisor,onsite,"1980 San Marco Blvd, Jacksonville, Florida, United States",1,FL,CONUS_L0_002_007;CONUS_L0_002_008,2
2026-10-01,260077765,https://apply.starbucks.com/careers/job/481080891597,"barista - Store# 08395, 1980 SAN MARCO BOULEVARD",BARISTA,08395,1980 SAN MARCO BOULEVARD,1980 San Marco Blvd,Jacksonville,FL,,US,,1789617600,2026-09-17,14,2026-10-01,1789739435,2026-09-18,13,False,30.3038911,-81.65484169999999,481080891597,id:260077765,store:08395,Barista,onsite,"1980 San Marco Blvd, Jacksonville, Florida, United States",1,FL,CONUS_L0_002_007;CONUS_L0_002_008,2
2026-10-01,260054337,https://apply.starbucks.com/careers/job/481079405668,"barista - Store# 26664, US 17 & KINGSLEY - JACKSONVILLE",BARISTA,26664,US 17 & KINGSLEY - JACKSONVILLE,"1963 Park Ave, Ste 100",Orange Park,FL,,US,,1783569600,2026-07-09,84,2026-10-01,1783691271,2026-07-10,83,False,30.1663097,-81.7006619,481079405668,id:260054337,store:26664,Barista,onsite,"1963 Park Ave, Ste 100, Orange Park, Florida, United States",1,FL,CONUS_L0_002_007;CONUS_L0_002_008,2
2026-10-01,260080629,https://apply.starbucks.com/careers/job/481081091763,"shift supervisor - Store# 26664, US 17 & KINGSLEY - JACKSONVILLE",SHIFT_SUPERVISOR,26664,US 17 & KINGSLEY - JACKSONVILLE,"1963 Park Ave, Ste 100",Orange Park,FL,,US,,1790740800,2026-09-30,1,2026-10-01,1790836111,2026-10-01,0,False,30.1663097,-81.7006619,481081091763,id:260080629,store:26664,Shift Supervisor,onsite,"1963 Park Ave, Ste 100, Orange Park, Florida, United States",1,FL,CONUS_L0_002_007;CONUS_L0_002_008,2
2026-10-01,260055532,https://apply.starbucks.com/careers/job/481079454181,"barista - Store# 08372, DOCTORS INLET RD & E. WEST PKWY",BARISTA,08372,DOCTORS INLET RD & E. WEST PKWY,"2000 E West Pkwy, Ste 101",Fleming Island,FL,,US,,1783828800,2026-07-12,81,2026-10-01,1783950666,2026-07-13,80,False,30.1010339,-81.7193499,481079454181,id:260055532,store:08372,Barista,onsite,"2000 E West Pkwy, Ste 101, Fleming Island, Florida, United States",1,FL,CONUS_L0_002_007;CONUS_L0_002_008,2
2026-10-01,260077420,https://apply.starbucks.com/careers/job/481080891120,"shift supervisor - Store# 08372, DOCTORS INLET RD & E. WEST PKWY",SHIFT_SUPERVISOR,08372,DOCTORS INLET RD & E. WEST PKWY,"2000 E West Pkwy, Ste 101",Fleming Island,FL,,US,,1789617600,2026-09-17,14,2026-10-01,1789739139,2026-09-18,13,False,30.1010339,-81.7193499,481080891120,id:260077420,store:08372,Shift Supervisor,onsite,"2000 E West Pkwy, Ste 101, Fleming Island, Florida, United States",1,FL,CONUS_L0_002_007;CONUS_L0_002_008,2
2026-10-01,260060266,https://apply.starbucks.com/careers/job/481080108672,"barista - Store# 10824, A1A & CHESTER-JACKSONVILLE",BARISTA,10824,A1A & CHESTER-JACKSONVILLE,463749 State Road 200,Yulee,FL,,US,,1786334400,2026-08-10,52,2026-10-01,1786455979,2026-08-11,51,False,30.6283293,-81.55349369999999,481080108672,id:260060266,store:10824,Barista,onsite,"463749 State Road 200, Yulee, Florida, United States",1,FL,CONUS_L0_002_007;CONUS_L0_002_008,2
2026-10-01,260077200,https://apply.starbucks.com/careers/job/481080890730,"shift supervisor - Store# 08363, LAKEWOOD PLAZA",SHIFT_SUPERVISOR,08363,LAKEWOOD PLAZA,"5640 San Jose Blvd, Lakewood Plaza",Jacksonville,FL,,US,,1789617600,2026-09-17,14,2026-10-01,1789738948,2026-09-18,13,False,30.2611378,-81.6461028,481080890730,id:260077200,store:08363,Shift Supervisor,onsite,"5640 San Jose Blvd, Lakewood Plaza, Jacksonville, Florida, United States",1,FL,CONUS_L0_002_007;CONUS_L0_002_008,2
2026-10-01,260077727,https://apply.starbucks.com/careers/job/481080891561,"barista - Store# 08363, LAKEWOOD PLAZA",BARISTA,08363,LAKEWOOD PLAZA,"5640 San Jose Blvd, Lakewood Plaza",Jacksonville,FL,,US,,1789617600,2026-09-17,14,2026-10-01,1789739403,2026-09-18,13,False,30.2611378,-81.6461028,481080891561,id:260077727,store:08363,Barista,onsite,"5640 San Jose Blvd, Lakewood Plaza, Jacksonville, Florida, United States",1,FL,CONUS_L0_002_007;CONUS_L0_002_008,2
2026-10-01,260064218,https://apply.starbucks.com/careers/job/481080612871,"barista - Store# 11481, SADLER RD & 14TH ST - FERNANDINA BEACH",BARISTA,11481,SADLER RD & 14TH ST - FERNANDINA BEACH,1453 Sadler Rd,Fernandina Beach,FL,,US,,1788062400,2026-08-30,32,2026-10-01,1788183631,2026-08-31,31,False,30.63995,-81.45363,481080612871,id:260064218,store:11481,Barista,onsite,"1453 Sadler Rd, Fernandina Beach, Florida, United States",1,FL,CONUS_L0_002_008,1
2026-10-01,260064446,https://apply.starbucks.com/careers/job/481080613260,"shift supervisor - Store# 11481, SADLER RD & 14TH ST - FERNANDINA BEACH",SHIFT_SUPERVISOR,11481,SADLER RD & 14TH ST - FERNANDINA BEACH,1453 Sadler Rd,Fernandina Beach,FL,,US,,1788062400,2026-08-30,32,2026-10-01,1788183821,2026-08-31,31,False,30.63995,-81.45363,481080613260,id:260064446,store:11481,Shift Supervisor,onsite,"1453 Sadler Rd, Fernandina Beach, Florida, United States",1,FL,CONUS_L0_002_008,1
2026-10-01,260074576,https://apply.starbucks.com/careers/job/481080820241,"barista - Store# 13429, Atlantic & 3rd-Neptune Beach",BARISTA,13429,Atlantic & 3rd-Neptune Beach,327 Atlantic Blvd,Neptune Beach,FL,,US,,1789272000,2026-09-13,18,2026-10-01,1789394180,2026-09-14,17,False,30.3242877,-81.3977975,481080820241,id:260074576,store:13429,Barista,onsite,"327 Atlantic Blvd, Neptune Beach, Florida, United States",1,FL,CONUS_L0_002_008,1
2026-10-01,260070243,https://apply.starbucks.com/careers/job/481080731217,"shift supervisor - Store# 13429, Atlantic & 3rd-Neptune Beach",SHIFT_SUPERVISOR,13429,Atlantic & 3rd-Neptune Beach,327 Atlantic Blvd,Neptune Beach,FL,,US,,1788580800,2026-09-05,26,2026-10-01,1788702737,2026-09-06,25,False,30.3242877,-81.3977975,481080731217,id:260070243,store:13429,Shift Supervisor,onsite,"327 Atlantic Blvd, Neptune Beach, Florida, United States",1,FL,CONUS_L0_002_008,1
2026-10-01,260061297,https://apply.starbucks.com/careers/job/481080264809,"shift supervisor - Store# 08565, A1A & 10TH",SHIFT_SUPERVISOR,08565,A1A & 10TH,975 3rd St S,Jacksonville Beach,FL,,US,,1787025600,2026-08-18,44,2026-10-01,1787146950,2026-08-19,43,False,30.2792394,-81.3895541,481080264809,id:260061297,store:08565,Shift Supervisor,onsite,"975 3rd St S, Jacksonville Beach, Florida, United States",1,FL,CONUS_L0_002_008,1
2026-10-01,260056957,https://apply.starbucks.com/careers/job/481079556049,"barista - Store# 08565, A1A & 10TH",BARISTA,08565,A1A & 10TH,975 3rd St S,Jacksonville Beach,FL,,US,,1784174400,2026-07-16,77,2026-10-01,1784295795,2026-07-17,76,False,30.2792394,-81.3895541,481079556049,id:260056957,store:08565,Barista,onsite,"975 3rd St S, Jacksonville Beach, Florida, United States",1,FL,CONUS_L0_002_008,1
2026-10-01,260073831,https://apply.starbucks.com/careers/job/481080813354,"shift supervisor - Store# 08789, SAN PABLO & BEACH BLVD",SHIFT_SUPERVISOR,08789,SAN PABLO & BEACH BLVD,14447 Beach Blvd,Jacksonville Beach,FL,,US,,1789185600,2026-09-12,19,2026-10-01,1789307272,2026-09-13,18,False,30.28855,-81.43569,481080813354,id:260073831,store:08789,Shift Supervisor,onsite,"14447 Beach Blvd, Jacksonville Beach, Florida, United States",1,FL,CONUS_L0_002_008,1
2026-10-01,260076445,https://apply.starbucks.com/careers/job/481080861921,"barista - Store# 08789, SAN PABLO & BEACH BLVD",BARISTA,08789,SAN PABLO & BEACH BLVD,14447 Beach Blvd,Jacksonville Beach,FL,,US,,1789444800,2026-09-15,16,2026-10-01,1789566876,2026-09-16,15,False,30.28855,-81.43569,481080861921,id:260076445,store:08789,Barista,onsite,"14447 Beach Blvd, Jacksonville Beach, Florida, United States",1,FL,CONUS_L0_002_008,1
2026-10-01,260080582,https://apply.starbucks.com/careers/job/481081091708,"shift supervisor - Store# 08399, ATLANTIC & HODGES",SHIFT_SUPERVISOR,08399,ATLANTIC & HODGES,13315 Atlantic Blvd,Jacksonville,FL,,US,,1790740800,2026-09-30,1,2026-10-01,1790836071,2026-10-01,0,False,30.3209376,-81.458389,481081091708,id:260080582,store:08399,Shift Supervisor,onsite,"13315 Atlantic Blvd, Jacksonville, Florida, United States",1,FL,CONUS_L0_002_008,1
2026-10-01,260057962,https://apply.starbucks.com/careers/job/481079710300,"barista - Store# 08509, A1A & PALM VALLEY",BARISTA,08509,A1A & PALM VALLEY,"2 Fairfield Blvd, Ste 12",Ponte Vedra Beach,FL,,US,,1784779200,2026-07-23,70,2026-10-01,1784900712,2026-07-24,69,False,30.18802759999999,-81.38038929999999,481079710300,id:260057962,store:08509,Barista,onsite,"2 Fairfield Blvd, Ste 12, Ponte Vedra Beach, Florida, United States",1,FL,CONUS_L0_002_008,1
2026-10-01,260053408,https://apply.starbucks.com/careers/job/481079320217,"shift supervisor - Store# 08509, A1A & PALM VALLEY",SHIFT_SUPERVISOR,08509,A1A & PALM VALLEY,"2 Fairfield Blvd, Ste 12",Ponte Vedra Beach,FL,,US,,1783310400,2026-07-06,87,2026-10-01,1783432053,2026-07-07,86,False,30.18802759999999,-81.38038929999999,481079320217,id:260053408,store:08509,Shift Supervisor,onsite,"2 Fairfield Blvd, Ste 12, Ponte Vedra Beach, Florida, United States",1,FL,CONUS_L0_002_008,1
2026-10-01,260077413,https://apply.starbucks.com/careers/job/481080891032,"barista - Store# 08537, MONUMENT RD AND MCCORMICK RD",BARISTA,08537,MONUMENT RD AND MCCORMICK RD,"11850 McCormick Rd, 41",Jacksonville,FL,,US,,1789617600,2026-09-17,14,2026-10-01,1789739133,2026-09-18,13,False,30.359895,-81.5049658,481080891032,id:260077413,store:08537,Barista,onsite,"11850 McCormick Rd, 41, Jacksonville, Florida, United States",1,FL,CONUS_L0_002_008,1
2026-10-01,260079073,https://apply.starbucks.com/careers/job/481080965339,"shift supervisor - Store# 08537, MONUMENT RD AND MCCORMICK RD",SHIFT_SUPERVISOR,08537,MONUMENT RD AND MCCORMICK RD,"11850 McCormick Rd, 41",Jacksonville,FL,,US,,1790049600,2026-09-22,9,2026-10-01,1790171166,2026-09-23,8,False,30.359895,-81.5049658,481080965339,id:260079073,store:08537,Shift Supervisor,onsite,"11850 McCormick Rd, 41, Jacksonville, Florida, United States",1,FL,CONUS_L0_002_008,1
2026-10-01,260076640,https://apply.starbucks.com/careers/job/481080862675,"barista - Store# 08365, HODGES BLVD & SUTTON PARK",BARISTA,08365,HODGES BLVD & SUTTON PARK,"4761 Hodges Blvd, Windsor Commons Shopping Center",Jacksonville,FL,,US,,1789444800,2026-09-15,16,2026-10-01,1789567044,2026-09-16,15,False,30.2553323,-81.46589709999999,481080862675,id:260076640,store:08365,Barista,onsite,"4761 Hodges Blvd, Windsor Commons Shopping Center, Jacksonville, Florida, United States",1,FL,CONUS_L0_002_008,1
2026-10-01,260060101,https://apply.starbucks.com/careers/job/481080087854,"shift supervisor - Store# 08365, HODGES BLVD & SUTTON PARK",SHIFT_SUPERVISOR,08365,HODGES BLVD & SUTTON PARK,"4761 Hodges Blvd, Windsor Commons Shopping Center",Jacksonville,FL,,US,,1786248000,2026-08-09,53,2026-10-01,1786369544,2026-08-10,52,False,30.2553323,-81.46589709999999,481080087854,id:260060101,store:08365,Shift Supervisor,onsite,"4761 Hodges Blvd, Windsor Commons Shopping Center, Jacksonville, Florida, United States",1,FL,CONUS_L0_002_008,1
2026-10-01,260060223,https://apply.starbucks.com/careers/job/481080108609,"barista - Store# 80664, BEACH BLVD & KERNAN BLVD",BARISTA,80664,BEACH BLVD & KERNAN BLVD,12645 Beach Blvd,Jacksonville,FL,,US,,1786334400,2026-08-10,52,2026-10-01,1786455943,2026-08-11,51,False,30.2881376,-81.4870035,481080108609,id:260060223,store:80664,Barista,onsite,"12645 Beach Blvd, Jacksonville, Florida, United States",1,FL,CONUS_L0_002_008,1
2026-10-01,260053091,https://apply.starbucks.com/careers/job/481079230184,"shift supervisor - Store# 80664, BEACH BLVD & KERNAN BLVD",SHIFT_SUPERVISOR,80664,BEACH BLVD & KERNAN BLVD,12645 Beach Blvd,Jacksonville,FL,,US,,1783137600,2026-07-04,89,2026-10-01,1783258857,2026-07-05,88,False,30.2881376,-81.4870035,481079230184,id:260053091,store:80664,Shift Supervisor,onsite,"12645 Beach Blvd, Jacksonville, Florida, United States",1,FL,CONUS_L0_002_008,1
2026-10-01,260078880,https://apply.starbucks.com/careers/job/481080964818,"barista - Store# 58886, BEACH BLVD AND ST JOHNS BLUFF",BARISTA,58886,BEACH BLVD AND ST JOHNS BLUFF,11222 Beach Blvd,Jacksonville,FL,,US,,1790049600,2026-09-22,9,2026-10-01,1790171004,2026-09-23,8,False,30.28641,-81.52841,481080964818,id:260078880,store:58886,Barista,onsite,"11222 Beach Blvd, Jacksonville, Florida, United States",1,FL,CONUS_L0_002_008,1
2026-10-01,260053188,https://apply.starbucks.com/careers/job/481079230283,"shift supervisor - Store# 58886, BEACH BLVD AND ST JOHNS BLUFF",SHIFT_SUPERVISOR,58886,BEACH BLVD AND ST JOHNS BLUFF,11222 Beach Blvd,Jacksonville,FL,,US,,1783137600,2026-07-04,89,2026-10-01,1783258931,2026-07-05,88,False,30.28641,-81.52841,481079230283,id:260053188,store:58886,Shift Supervisor,onsite,"11222 Beach Blvd, Jacksonville, Florida, United States",1,FL,CONUS_L0_002_008,1
2026-10-01,260061440,https://apply.starbucks.com/careers/job/481080295918,"barista - Store# 09293, Atlantic Blvd & Beacon Pt Dr",BARISTA,09293,Atlantic Blvd & Beacon Pt Dr,"9406 Atlantic Blvd, Suite 101",Jacksonville,FL,,US,,1787112000,2026-08-19,43,2026-10-01,1787233331,2026-08-20,42,False,30.3191659,-81.5533281,481080295918,id:260061440,store:09293,Barista,onsite,"9406 Atlantic Blvd, Suite 101, Jacksonville, Florida, United States",1,FL,CONUS_L0_002_008,1
2026-10-01,260063340,https://apply.starbucks.com/careers/job/481080565989,"shift supervisor - Store# 09293, Atlantic Blvd & Beacon Pt Dr",SHIFT_SUPERVISOR,09293,Atlantic Blvd & Beacon Pt Dr,"9406 Atlantic Blvd, Suite 101",Jacksonville,FL,,US,,1787803200,2026-08-27,35,2026-10-01,1787924844,2026-08-28,34,False,30.3191659,-81.5533281,481080565989,id:260063340,store:09293,Shift Supervisor,onsite,"9406 Atlantic Blvd, Suite 101, Jacksonville, Florida, United States",1,FL,CONUS_L0_002_008,1
2026-10-01,260068803,https://apply.starbucks.com/careers/job/481080710190,"shift supervisor - Store# 47391, Nocatee Parkway & Crosswater Pkwy",SHIFT_SUPERVISOR,47391,Nocatee Parkway & Crosswater Pkwy,41 Settlement Dr,Ponte Vedra,FL,,US,,1788408000,2026-09-03,28,2026-10-01,1788530049,2026-09-04,27,False,30.11024,-81.41726,481080710190,id:260068803,store:47391,Shift Supervisor,onsite,"41 Settlement Dr, Ponte Vedra, Florida, United States",1,FL,CONUS_L0_002_008,1
2026-10-01,260055408,https://apply.starbucks.com/careers/job/481079454047,"barista - Store# 47391, Nocatee Parkway & Crosswater Pkwy",BARISTA,47391,Nocatee Parkway & Crosswater Pkwy,41 Settlement Dr,Ponte Vedra,FL,,US,,1783828800,2026-07-12,81,2026-10-01,1783950571,2026-07-13,80,False,30.11024,-81.41726,481079454047,id:260055408,store:47391,Barista,onsite,"41 Settlement Dr, Ponte Vedra, Florida, United States",1,FL,CONUS_L0_002_008,1
2026-10-01,260053307,https://apply.starbucks.com/careers/job/481079320022,"barista - Store# 11483, TOWN CTR PKWY & BRIGHTMAN BLVD",BARISTA,11483,TOWN CTR PKWY & BRIGHTMAN BLVD,"4474 Town Center Pkwy, 103",Jacksonville,FL,,US,,1783310400,2026-07-06,87,2026-10-01,1783431971,2026-07-07,86,False,30.26278,-81.52954,481079320022,id:260053307,store:11483,Barista,onsite,"4474 Town Center Pkwy, 103, Jacksonville, Florida, United States",1,FL,CONUS_L0_002_008,1
2026-10-01,260064846,https://apply.starbucks.com/careers/job/481080614084,"shift supervisor - Store# 11483, TOWN CTR PKWY & BRIGHTMAN BLVD",SHIFT_SUPERVISOR,11483,TOWN CTR PKWY & BRIGHTMAN BLVD,"4474 Town Center Pkwy, 103",Jacksonville,FL,,US,,1788062400,2026-08-30,32,2026-10-01,1788184158,2026-08-31,31,False,30.26278,-81.52954,481080614084,id:260064846,store:11483,Shift Supervisor,onsite,"4474 Town Center Pkwy, 103, Jacksonville, Florida, United States",1,FL,CONUS_L0_002_008,1
2026-10-01,260056021,https://apply.starbucks.com/careers/job/481079473392,"barista - Store# 08468, TAPESTRY PARK",BARISTA,08468,TAPESTRY PARK,4804 Deer Lake Dr E,Jacksonville,FL,,US,,1783915200,2026-07-13,80,2026-10-01,1784037220,2026-07-14,79,False,30.2580968,-81.55003780000001,481079473392,id:260056021,store:08468,Barista,onsite,"4804 Deer Lake Dr E, Jacksonville, Florida, United States",1,FL,CONUS_L0_002_008,1
2026-10-01,260078023,https://apply.starbucks.com/careers/job/481080923397,"shift supervisor - Store# 08468, TAPESTRY PARK",SHIFT_SUPERVISOR,08468,TAPESTRY PARK,4804 Deer Lake Dr E,Jacksonville,FL,,US,,1789790400,2026-09-19,12,2026-10-01,1789911676,2026-09-20,11,False,30.2580968,-81.55003780000001,481080923397,id:260078023,store:08468,Shift Supervisor,onsite,"4804 Deer Lake Dr E, Jacksonville, Florida, United States",1,FL,CONUS_L0_002_008,1
2026-10-01,260064284,https://apply.starbucks.com/careers/job/481080612996,"shift supervisor - Store# 11617, PALENCIA-US1 & INTL GOLF PARKWAY",SHIFT_SUPERVISOR,11617,PALENCIA-US1 & INTL GOLF PARKWAY,"155 Palencia Village Dr, Ste 101",Saint Augustine,FL,,US,,1788062400,2026-08-30,32,2026-10-01,1788183688,2026-08-31,31,False,30.01381899999999,-81.39214299999999,481080612996,id:260064284,store:11617,Shift Supervisor,onsite,"155 Palencia Village Dr, Ste 101, Saint Augustine, Florida, United States",1,FL,CONUS_L0_002_008,1
2026-10-01,260065759,https://apply.starbucks.com/careers/job/481080678554,"barista - Store# 11617, PALENCIA-US1 & INTL GOLF PARKWAY",BARISTA,11617,PALENCIA-US1 & INTL GOLF PARKWAY,"155 Palencia Village Dr, Ste 101",Saint Augustine,FL,,US,,1788321600,2026-09-02,29,2026-10-01,1788357371,2026-09-02,29,False,30.01381899999999,-81.39214299999999,481080678554,id:260065759,store:11617,Barista,onsite,"155 Palencia Village Dr, Ste 101, Saint Augustine, Florida, United States",1,FL,CONUS_L0_002_008,1
2026-10-01,260078811,https://apply.starbucks.com/careers/job/481080952174,"store manager, St. Augustine, FL",STORE_MANAGER,,,,Saint Augustine,FL,,US,,1790096694,2026-09-22,9,2026-10-01,1790096632,2026-09-22,9,False,29.9012437,-81.31243409999999,481080952174,id:260078811,,Coffeehouse Leader,onsite,"Saint Augustine, Florida, United States",1,FL,CONUS_L0_002_008,1
2026-10-01,260060342,https://apply.starbucks.com/careers/job/481080125977,"barista - Store# 08504, BEACH & UNIVERSITY",BARISTA,08504,BEACH & UNIVERSITY,"5753 Beach Blvd, University Pointe",Jacksonville,FL,,US,,1786420800,2026-08-11,51,2026-10-01,1786542321,2026-08-12,50,False,30.293471,-81.604601,481080125977,id:260060342,store:08504,Barista,onsite,"5753 Beach Blvd, University Pointe, Jacksonville, Florida, United States",1,FL,CONUS_L0_002_008,1
2026-10-01,260077141,https://apply.starbucks.com/careers/job/481080890665,"shift supervisor - Store# 08504, BEACH & UNIVERSITY",SHIFT_SUPERVISOR,08504,BEACH & UNIVERSITY,"5753 Beach Blvd, University Pointe",Jacksonville,FL,,US,,1789617600,2026-09-17,14,2026-10-01,1789738898,2026-09-18,13,False,30.293471,-81.604601,481080890665,id:260077141,store:08504,Shift Supervisor,onsite,"5753 Beach Blvd, University Pointe, Jacksonville, Florida, United States",1,FL,CONUS_L0_002_008,1
2026-10-01,260078640,https://apply.starbucks.com/careers/job/481080949575,"barista - Store# 56078, BAYMEADOWS RD & I-95",BARISTA,56078,BAYMEADOWS RD & I-95,9379 Baymeadows Rd,Jacksonville,FL,,US,,1789963200,2026-09-21,10,2026-10-01,1790084417,2026-09-22,9,False,30.2214057,-81.5647101,481080949575,id:260078640,store:56078,Barista,onsite,"9379 Baymeadows Rd, Jacksonville, Florida, United States",1,FL,CONUS_L0_002_008,1
2026-10-01,260075037,https://apply.starbucks.com/careers/job/481080820923,"barista - Store# 08686, SOUTHSIDE BLVD & BANK OF AMERICA",BARISTA,08686,SOUTHSIDE BLVD & BANK OF AMERICA,9940 Southside Blvd,Jacksonville,FL,,US,,1789272000,2026-09-13,18,2026-10-01,1789394587,2026-09-14,17,False,30.18991279999999,-81.55254029999999,481080820923,id:260075037,store:08686,Barista,onsite,"9940 Southside Blvd, Jacksonville, Florida, United States",1,FL,CONUS_L0_002_008,1
2026-10-01,260071850,https://apply.starbucks.com/careers/job/481080764790,"shift supervisor - Store# 77968, CR210 & BEACHWALK BLVD",SHIFT_SUPERVISOR,77968,CR210 & BEACHWALK BLVD,195 Beachwalk Shore Dr,Saint Johns,FL,,US,,1788840000,2026-09-08,23,2026-10-01,1788961455,2026-09-09,22,False,30.08084,-81.47827,481080764790,id:260071850,store:77968,Shift Supervisor,onsite,"195 Beachwalk Shore Dr, Saint Johns, Florida, United States",1,FL,CONUS_L0_002_008,1
2026-10-01,260079109,https://apply.starbucks.com/careers/job/481080965402,"barista - Store# 77968, CR210 & BEACHWALK BLVD",BARISTA,77968,CR210 & BEACHWALK BLVD,195 Beachwalk Shore Dr,Saint Johns,FL,,US,,1790049600,2026-09-22,9,2026-10-01,1790171197,2026-09-23,8,False,30.08084,-81.47827,481080965402,id:260079109,store:77968,Barista,onsite,"195 Beachwalk Shore Dr, Saint Johns, Florida, United States",1,FL,CONUS_L0_002_008,1
2026-10-01,260077722,https://apply.starbucks.com/careers/job/481080891532,"shift supervisor - Store# 08484, A1A & SR3",SHIFT_SUPERVISOR,08484,A1A & SR3,"1047 A1A Beach Blvd, Anastasia Plaza, Ste 18",Saint Augustine,FL,,US,,1789617600,2026-09-17,14,2026-10-01,1789739399,2026-09-18,13,False,29.8286975,-81.272138,481080891532,id:260077722,store:08484,Shift Supervisor,onsite,"1047 A1A Beach Blvd, Anastasia Plaza, Ste 18, Saint Augustine, Florida, United States",1,FL,CONUS_L0_002_008,1
2026-10-01,260068796,https://apply.starbucks.com/careers/job/481080710148,"barista - Store# 08484, A1A & SR3",BARISTA,08484,A1A & SR3,"1047 A1A Beach Blvd, Anastasia Plaza, Ste 18",Saint Augustine,FL,,US,,1788408000,2026-09-03,28,2026-10-01,1788530043,2026-09-04,27,False,29.8286975,-81.272138,481080710148,id:260068796,store:08484,Barista,onsite,"1047 A1A Beach Blvd, Anastasia Plaza, Ste 18, Saint Augustine, Florida, United States",1,FL,CONUS_L0_002_008,1
2026-10-01,260061116,https://apply.starbucks.com/careers/job/481080228909,"barista - Store# 09697, JTB & US 1",BARISTA,09697,JTB & US 1,7153 Philips Hwy,Jacksonville,FL,,US,,1786939200,2026-08-17,45,2026-10-01,1787060501,2026-08-18,44,False,30.2431707,-81.5986815,481080228909,id:260061116,store:09697,Barista,onsite,"7153 Philips Hwy, Jacksonville, Florida, United States",1,FL,CONUS_L0_002_008,1
2026-10-01,260063779,https://apply.starbucks.com/careers/job/481080567821,"shift supervisor - Store# 09697, JTB & US 1",SHIFT_SUPERVISOR,09697,JTB & US 1,7153 Philips Hwy,Jacksonville,FL,,US,,1787803200,2026-08-27,35,2026-10-01,1787925195,2026-08-28,34,False,30.2431707,-81.5986815,481080567821,id:260063779,store:09697,Shift Supervisor,onsite,"7153 Philips Hwy, Jacksonville, Florida, United States",1,FL,CONUS_L0_002_008,1
2026-10-01,260078461,https://apply.starbucks.com/careers/job/481080936396,"barista - Store# 78784, US 1 & FL 312",BARISTA,78784,US 1 & FL 312,1685 US Highway 1 S,Saint Augustine,FL,,US,,1789876800,2026-09-20,11,2026-10-01,1789998290,2026-09-21,10,False,29.87098,-81.32391,481080936396,id:260078461,store:78784,Barista,onsite,"1685 US Highway 1 S, Saint Augustine, Florida, United States",1,FL,CONUS_L0_002_008,1
2026-10-01,260071581,https://apply.starbucks.com/careers/job/481080764356,"shift supervisor - Store# 78784, US 1 & FL 312",SHIFT_SUPERVISOR,78784,US 1 & FL 312,1685 US Highway 1 S,Saint Augustine,FL,,US,,1788840000,2026-09-08,23,2026-10-01,1788961241,2026-09-09,22,False,29.87098,-81.32391,481080764356,id:260071581,store:78784,Shift Supervisor,onsite,"1685 US Highway 1 S, Saint Augustine, Florida, United States",1,FL,CONUS_L0_002_008,1
2026-10-01,260071014,https://apply.starbucks.com/careers/job/481080742203,"shift supervisor - Store# 67608, PHILLIPS HWY & EMERSON ST",SHIFT_SUPERVISOR,67608,PHILLIPS HWY & EMERSON ST,3725 Philips Hwy,Jacksonville,FL,,US,,1788667200,2026-09-06,25,2026-10-01,1788788875,2026-09-07,24,False,30.2876349,-81.6327396,481080742203,id:260071014,store:67608,Shift Supervisor,onsite,"3725 Philips Hwy, Jacksonville, Florida, United States",1,FL,CONUS_L0_002_008,1
2026-10-01,260075383,https://apply.starbucks.com/careers/job/481080821595,"barista - Store# 67608, PHILLIPS HWY & EMERSON ST",BARISTA,67608,PHILLIPS HWY & EMERSON ST,3725 Philips Hwy,Jacksonville,FL,,US,,1789272000,2026-09-13,18,2026-10-01,1789394891,2026-09-14,17,False,30.2876349,-81.6327396,481080821595,id:260075383,store:67608,Barista,onsite,"3725 Philips Hwy, Jacksonville, Florida, United States",1,FL,CONUS_L0_002_008,1
2026-10-01,260071411,https://apply.starbucks.com/careers/job/481080752107,"shift supervisor - Store# 67610, BARTRAM PARK & OLD ST AUGUSTINE RD",SHIFT_SUPERVISOR,67610,BARTRAM PARK & OLD ST AUGUSTINE RD,13776 Old St Augustine Rd,Jacksonville,FL,,US,,1788753600,2026-09-07,24,2026-10-01,1788875048,2026-09-08,23,False,30.14211,-81.55029,481080752107,id:260071411,store:67610,Shift Supervisor,onsite,"13776 Old St Augustine Rd, Jacksonville, Florida, United States",1,FL,CONUS_L0_002_008,1
2026-10-01,260073546,https://apply.starbucks.com/careers/job/481080812886,"barista - Store# 67610, BARTRAM PARK & OLD ST AUGUSTINE RD",BARISTA,67610,BARTRAM PARK & OLD ST AUGUSTINE RD,13776 Old St Augustine Rd,Jacksonville,FL,,US,,1789185600,2026-09-12,19,2026-10-01,1789307005,2026-09-13,18,False,30.14211,-81.55029,481080812886,id:260073546,store:67610,Barista,onsite,"13776 Old St Augustine Rd, Jacksonville, Florida, United States",1,FL,CONUS_L0_002_008,1
2026-10-01,260077053,https://apply.starbucks.com/careers/job/481080875351,"barista - Store# 13645, CR 210 & I-95-ST AUGUSTINE",BARISTA,13645,CR 210 & I-95-ST AUGUSTINE,105 Fireworks Aly,Saint Augustine,FL,,US,,1789531200,2026-09-16,15,2026-10-01,1789652689,2026-09-17,14,False,30.0644722,-81.50011409999999,481080875351,id:260077053,store:13645,Barista,onsite,"105 Fireworks Aly, Saint Augustine, Florida, United States",1,FL,CONUS_L0_002_008,1
2026-10-01,260065427,https://apply.starbucks.com/careers/job/481080677966,"shift supervisor - Store# 13645, CR 210 & I-95-ST AUGUSTINE",SHIFT_SUPERVISOR,13645,CR 210 & I-95-ST AUGUSTINE,105 Fireworks Aly,Saint Augustine,FL,,US,,1788321600,2026-09-02,29,2026-10-01,1788357080,2026-09-02,29,False,30.0644722,-81.50011409999999,481080677966,id:260065427,store:13645,Shift Supervisor,onsite,"105 Fireworks Aly, Saint Augustine, Florida, United States",1,FL,CONUS_L0_002_008,1
2026-10-01,260072210,https://apply.starbucks.com/careers/job/481080765371,"shift supervisor - Store# 58511, WEST PEYTON PKWY & 9B",SHIFT_SUPERVISOR,58511,WEST PEYTON PKWY & 9B,"935 Durbin Pavilion Dr, Ste 105",Saint Johns,FL,,US,,1788840000,2026-09-08,23,2026-10-01,1788961746,2026-09-09,22,False,30.0925859,-81.5222531,481080765371,id:260072210,store:58511,Shift Supervisor,onsite,"935 Durbin Pavilion Dr, Ste 105, Saint Johns, Florida, United States",1,FL,CONUS_L0_002_008,1
2026-10-01,260074387,https://apply.starbucks.com/careers/job/481080814334,"barista - Store# 58511, WEST PEYTON PKWY & 9B",BARISTA,58511,WEST PEYTON PKWY & 9B,"935 Durbin Pavilion Dr, Ste 105",Saint Johns,FL,,US,,1789185600,2026-09-12,19,2026-10-01,1789307789,2026-09-13,18,False,30.0925859,-81.5222531,481080814334,id:260074387,store:58511,Barista,onsite,"935 Durbin Pavilion Dr, Ste 105, Saint Johns, Florida, United States",1,FL,CONUS_L0_002_008,1
2026-10-01,260077508,https://apply.starbucks.com/careers/job/481080891295,"shift supervisor - Store# 13514, OLD ST. AUGUSTINE RD & I-95-JACKSONVILLE",SHIFT_SUPERVISOR,13514,OLD ST. AUGUSTINE RD & I-95-JACKSONVILLE,"14560 Saint Augustine Rd, Ste 2",Jacksonville,FL,,US,,1789617600,2026-09-17,14,2026-10-01,1789739217,2026-09-18,13,False,30.24264119999999,-81.6255048,481080891295,id:260077508,store:13514,Shift Supervisor,onsite,"14560 Saint Augustine Rd, Ste 2, Jacksonville, Florida, United States",1,FL,CONUS_L0_002_008,1
2026-10-01,260080612,https://apply.starbucks.com/careers/job/481081091745,"barista - Store# 13514, OLD ST. AUGUSTINE RD & I-95-JACKSONVILLE",BARISTA,13514,OLD ST. AUGUSTINE RD & I-95-JACKSONVILLE,"14560 Saint Augustine Rd, Ste 2",Jacksonville,FL,,US,,1790740800,2026-09-30,1,2026-10-01,1790836097,2026-10-01,0,False,30.24264119999999,-81.6255048,481081091745,id:260080612,store:13514,Barista,onsite,"14560 Saint Augustine Rd, Ste 2, Jacksonville, Florida, United States",1,FL,CONUS_L0_002_008,1
2026-10-01,260076653,https://apply.starbucks.com/careers/job/481080862650,"barista - Store# 71178, RACE TRACK RD & ST JOHNS PKWY",BARISTA,71178,RACE TRACK RD & ST JOHNS PKWY,359 Harper Ln,Saint Johns,FL,,US,,1789444800,2026-09-15,16,2026-10-01,1789567056,2026-09-16,15,False,30.1036475,-81.5414052,481080862650,id:260076653,store:71178,Barista,onsite,"359 Harper Ln, Saint Johns, Florida, United States",1,FL,CONUS_L0_002_008,1
2026-10-01,260071705,https://apply.starbucks.com/careers/job/481080764533,"shift supervisor - Store# 71178, RACE TRACK RD & ST JOHNS PKWY",SHIFT_SUPERVISOR,71178,RACE TRACK RD & ST JOHNS PKWY,359 Harper Ln,Saint Johns,FL,,US,,1788840000,2026-09-08,23,2026-10-01,1788961339,2026-09-09,22,False,30.1036475,-81.5414052,481080764533,id:260071705,store:71178,Shift Supervisor,onsite,"359 Harper Ln, Saint Johns, Florida, United States",1,FL,CONUS_L0_002_008,1
2026-10-01,260061147,https://apply.starbucks.com/careers/job/481080228988,"barista - Store# 08425, SAN JOSE & ST AUGUSTINE",BARISTA,08425,SAN JOSE & ST AUGUSTINE,9661 San Jose Blvd,Jacksonville,FL,,US,,1786939200,2026-08-17,45,2026-10-01,1787060538,2026-08-18,44,False,30.2022679,-81.61718979999999,481080228988,id:260061147,store:08425,Barista,onsite,"9661 San Jose Blvd, Jacksonville, Florida, United States",1,FL,CONUS_L0_002_008,1
2026-10-01,260077551,https://apply.starbucks.com/careers/job/481080891185,"shift supervisor - Store# 08425, SAN JOSE & ST AUGUSTINE",SHIFT_SUPERVISOR,08425,SAN JOSE & ST AUGUSTINE,9661 San Jose Blvd,Jacksonville,FL,,US,,1789617600,2026-09-17,14,2026-10-01,1789739253,2026-09-18,13,False,30.2022679,-81.61718979999999,481080891185,id:260077551,store:08425,Shift Supervisor,onsite,"9661 San Jose Blvd, Jacksonville, Florida, United States",1,FL,CONUS_L0_002_008,1
2026-10-01,260056303,https://apply.starbucks.com/careers/job/481079498031,"barista - Store# 24561, SR 16 & I-95 - ST. AUGUSTINE",BARISTA,24561,SR 16 & I-95 - ST. AUGUSTINE,2345 S.R. 16,Saint Augustine,FL,,US,,1784001600,2026-07-14,79,2026-10-01,1784123093,2026-07-15,78,False,29.91635,-81.40914,481079498031,id:260056303,store:24561,Barista,onsite,"2345 S.R. 16, Saint Augustine, Florida, United States",1,FL,CONUS_L0_002_008,1
2026-10-01,260072112,https://apply.starbucks.com/careers/job/481080765158,"shift supervisor - Store# 24561, SR 16 & I-95 - ST. AUGUSTINE",SHIFT_SUPERVISOR,24561,SR 16 & I-95 - ST. AUGUSTINE,2345 S.R. 16,Saint Augustine,FL,,US,,1788840000,2026-09-08,23,2026-10-01,1788961670,2026-09-09,22,False,29.91635,-81.40914,481080765158,id:260072112,store:24561,Shift Supervisor,onsite,"2345 S.R. 16, Saint Augustine, Florida, United States",1,FL,CONUS_L0_002_008,1
2026-10-01,260071879,https://apply.starbucks.com/careers/job/481080764897,"shift supervisor - Store# 78777, FL 16 & I-95",SHIFT_SUPERVISOR,78777,FL 16 & I-95,2510 County Road 208,Saint Augustine,FL,,US,,1788840000,2026-09-08,23,2026-10-01,1788961478,2026-09-09,22,False,29.91854,-81.41515,481080764897,id:260071879,store:78777,Shift Supervisor,onsite,"2510 County Road 208, Saint Augustine, Florida, United States",1,FL,CONUS_L0_002_008,1
2026-10-01,260076679,https://apply.starbucks.com/careers/job/481080862775,"barista - Store# 78777, FL 16 & I-95",BARISTA,78777,FL 16 & I-95,2510 County Road 208,Saint Augustine,FL,,US,,1789444800,2026-09-15,16,2026-10-01,1789567079,2026-09-16,15,False,29.91854,-81.41515,481080862775,id:260076679,store:78777,Barista,onsite,"2510 County Road 208, Saint Augustine, Florida, United States",1,FL,CONUS_L0_002_008,1
2026-10-01,260071976,https://apply.starbucks.com/careers/job/481080764943,"shift supervisor - Store# 78778, FL 207 BRINKHOFF RD",SHIFT_SUPERVISOR,78778,FL 207 BRINKHOFF RD,40 Sembler Dr,Saint Augustine,FL,,US,,1788840000,2026-09-08,23,2026-10-01,1788961558,2026-09-09,22,False,29.84154419999999,-81.36512820000002,481080764943,id:260071976,store:78778,Shift Supervisor,onsite,"40 Sembler Dr, Saint Augustine, Florida, United States",1,FL,CONUS_L0_002_008,1
2026-10-01,260066228,https://apply.starbucks.com/careers/job/481080679050,"barista - Store# 21922, SAN JOSE BLVD & RICKY DR - JACKSONVILLE",BARISTA,21922,SAN JOSE BLVD & RICKY DR - JACKSONVILLE,11441 San Jose Blvd,Jacksonville,FL,,US,,1788321600,2026-09-02,29,2026-10-01,1788357789,2026-09-02,29,False,30.1665271,-81.6316197,481080679050,id:260066228,store:21922,Barista,onsite,"11441 San Jose Blvd, Jacksonville, Florida, United States",1,FL,CONUS_L0_002_008,1
2026-10-01,260067750,https://apply.starbucks.com/careers/job/481080699550,"barista - Store# 21922, SAN JOSE BLVD & RICKY DR - JACKSONVILLE",BARISTA,21922,SAN JOSE BLVD & RICKY DR - JACKSONVILLE,11441 San Jose Blvd,Jacksonville,FL,,US,,1788321600,2026-09-02,29,2026-10-01,1788456589,2026-09-03,28,False,30.1665271,-81.6316197,481080699550,id:260067750,store:21922,Barista,onsite,"11441 San Jose Blvd, Jacksonville, Florida, United States",1,FL,CONUS_L0_002_008,1
2026-10-01,260066100,https://apply.starbucks.com/careers/job/481080678802,"shift supervisor - Store# 21922, SAN JOSE BLVD & RICKY DR - JACKSONVILLE",SHIFT_SUPERVISOR,21922,SAN JOSE BLVD & RICKY DR - JACKSONVILLE,11441 San Jose Blvd,Jacksonville,FL,,US,,1788321600,2026-09-02,29,2026-10-01,1788357676,2026-09-02,29,False,30.1665271,-81.6316197,481080678802,id:260066100,store:21922,Shift Supervisor,onsite,"11441 San Jose Blvd, Jacksonville, Florida, United States",1,FL,CONUS_L0_002_008,1
2026-10-01,260078942,https://apply.starbucks.com/careers/job/481080964918,"shift supervisor - Store# 64989, INTERNATIONAL GOLF PKWY & SR 16",SHIFT_SUPERVISOR,64989,INTERNATIONAL GOLF PKWY & SR 16,145 Village Commons Dr,Saint Augustine,FL,,US,,1790049600,2026-09-22,9,2026-10-01,1790171056,2026-09-23,8,False,29.9650117,-81.488596,481080964918,id:260078942,store:64989,Shift Supervisor,onsite,"145 Village Commons Dr, Saint Augustine, Florida, United States",1,FL,CONUS_L0_002_008,1
2026-10-01,260078928,https://apply.starbucks.com/careers/job/481080964891,"barista - Store# 64989, INTERNATIONAL GOLF PKWY & SR 16",BARISTA,64989,INTERNATIONAL GOLF PKWY & SR 16,145 Village Commons Dr,Saint Augustine,FL,,US,,1790049600,2026-09-22,9,2026-10-01,1790171044,2026-09-23,8,False,29.9650117,-81.488596,481080964891,id:260078928,store:64989,Barista,onsite,"145 Village Commons Dr, Saint Augustine, Florida, United States",1,FL,CONUS_L0_002_008,1
2026-10-01,260061114,https://apply.starbucks.com/careers/job/481080228893,"barista - Store# 09460, SAN JOSE BLVD & OAK LEAF LN",BARISTA,09460,SAN JOSE BLVD & OAK LEAF LN,"495 State Rd 13 N, Bartram WalkSuite 2",Saint Johns,FL,,US,,1786939200,2026-08-17,45,2026-10-01,1787060498,2026-08-18,44,False,30.117648,-81.6249478,481080228893,id:260061114,store:09460,Barista,onsite,"495 State Rd 13 N, Bartram WalkSuite 2, Saint Johns, Florida, United States",1,FL,CONUS_L0_002_008,1
2026-10-01,260064137,https://apply.starbucks.com/careers/job/481080612704,"shift supervisor - Store# 09460, SAN JOSE BLVD & OAK LEAF LN",SHIFT_SUPERVISOR,09460,SAN JOSE BLVD & OAK LEAF LN,"495 State Rd 13 N, Bartram WalkSuite 2",Saint Johns,FL,,US,,1788062400,2026-08-30,32,2026-10-01,1788183564,2026-08-31,31,False,30.117648,-81.6249478,481080612704,id:260064137,store:09460,Shift Supervisor,onsite,"495 State Rd 13 N, Bartram WalkSuite 2, Saint Johns, Florida, United States",1,FL,CONUS_L0_002_008,1
2026-10-01,260067016,https://apply.starbucks.com/careers/job/481080698608,"barista - Store# 10728, Palm Coast & I-95",BARISTA,10728,Palm Coast & I-95,"216 Palm Coast Pkwy NE, Palm Harbor Shopping Center408-409",Palm Coast,FL,,US,,1788321600,2026-09-02,29,2026-10-01,1788455896,2026-09-03,28,False,29.55647,-81.20961,481080698608,id:260067016,store:10728,Barista,onsite,"216 Palm Coast Pkwy NE, Palm Harbor Shopping Center408-409, Palm Coast, Florida, United States",1,FL,CONUS_L0_002_008,1
2026-10-01,260065494,https://apply.starbucks.com/careers/job/481080677862,"barista - Store# 10728, Palm Coast & I-95",BARISTA,10728,Palm Coast & I-95,"216 Palm Coast Pkwy NE, Palm Harbor Shopping Center408-409",Palm Coast,FL,,US,,1788321600,2026-09-02,29,2026-10-01,1788357139,2026-09-02,29,False,29.55647,-81.20961,481080677862,id:260065494,store:10728,Barista,onsite,"216 Palm Coast Pkwy NE, Palm Harbor Shopping Center408-409, Palm Coast, Florida, United States",1,FL,CONUS_L0_002_008,1
2026-10-01,260067337,https://apply.starbucks.com/careers/job/481080699015,"shift supervisor - Store# 10728, Palm Coast & I-95",SHIFT_SUPERVISOR,10728,Palm Coast & I-95,"216 Palm Coast Pkwy NE, Palm Harbor Shopping Center408-409",Palm Coast,FL,,US,,1788321600,2026-09-02,29,2026-10-01,1788456204,2026-09-03,28,False,29.55647,-81.20961,481080699015,id:260067337,store:10728,Shift Supervisor,onsite,"216 Palm Coast Pkwy NE, Palm Harbor Shopping Center408-409, Palm Coast, Florida, United States",1,FL,CONUS_L0_002_008,1
