snapshot_date,job_id,job_url,job_title_raw,role_bucket,store_number,store_name,street_address,city,state,postal_code,country,posted_text,posted_ts_raw,posted_date,days_since_posted,fetched_date,creation_ts_raw,req_created_date,req_age_days,reposted_requisition,latitude,longitude,position_id,dedup_key,store_key,department,work_location_option,location_raw,n_locations,all_states,search_ids,n_searches
2026-10-01,260073826,https://apply.starbucks.com/careers/job/481080813344,"shift manager - Store# 66563, HYANNIS, ROUTE 28",SHIFT_SUPERVISOR,66563,"HYANNIS, ROUTE 28",451 Iyannough Rd,Hyannis,MA,,US,,1789185600,2026-09-12,19,2026-10-01,1789307268,2026-09-13,18,False,41.6638284,-70.2852484,481080813344,id:260073826,store:66563,Shift Manager,onsite,"451 Iyannough Rd, Hyannis, Massachusetts, United States",1,MA,CONUS_L0_004_010;CONUS_L1_014_034;CONUS_L1_014_035,3
2026-10-01,260073929,https://apply.starbucks.com/careers/job/481080813555,"barista - Store# 66563, HYANNIS, ROUTE 28",BARISTA,66563,"HYANNIS, ROUTE 28",451 Iyannough Rd,Hyannis,MA,,US,,1789185600,2026-09-12,19,2026-10-01,1789307363,2026-09-13,18,False,41.6638284,-70.2852484,481080813555,id:260073929,store:66563,Barista,onsite,"451 Iyannough Rd, Hyannis, Massachusetts, United States",1,MA,CONUS_L0_004_010;CONUS_L1_014_034;CONUS_L1_014_035,3
2026-10-01,260059324,https://apply.starbucks.com/careers/job/481079982945,"barista - Store# 15703, HYANNIS, CHRISTMAS TREE PROMENADE",BARISTA,15703,"HYANNIS, CHRISTMAS TREE PROMENADE","655 Iyannough Rd, Christmas Tree Promenade, 6",Hyannis,MA,,US,,1785643200,2026-08-02,60,2026-10-01,1785764533,2026-08-03,59,False,41.6662989,-70.29237839999999,481079982945,id:260059324,store:15703,Barista,onsite,"655 Iyannough Rd, Christmas Tree Promenade, 6, Hyannis, Massachusetts, United States",1,MA,CONUS_L0_004_010;CONUS_L1_014_034;CONUS_L1_014_035,3
2026-10-01,260061703,https://apply.starbucks.com/careers/job/481080415986,"shift manager - Store# 15703, HYANNIS, CHRISTMAS TREE PROMENADE",SHIFT_SUPERVISOR,15703,"HYANNIS, CHRISTMAS TREE PROMENADE","655 Iyannough Rd, Christmas Tree Promenade, 6",Hyannis,MA,,US,,1787371200,2026-08-22,40,2026-10-01,1787492382,2026-08-23,39,False,41.6662989,-70.29237839999999,481080415986,id:260061703,store:15703,Shift Manager,onsite,"655 Iyannough Rd, Christmas Tree Promenade, 6, Hyannis, Massachusetts, United States",1,MA,CONUS_L0_004_010;CONUS_L1_014_034;CONUS_L1_014_035,3
2026-10-01,260057185,https://apply.starbucks.com/careers/job/481079587527,"shift manager - Store# 07250, MASHPEE COMMONS",SHIFT_SUPERVISOR,07250,MASHPEE COMMONS,"6 Market St, Mashpee Commons",Mashpee,MA,,US,,1784347200,2026-07-18,75,2026-10-01,1784468355,2026-07-19,74,False,41.61719009999999,-70.4892354,481079587527,id:260057185,store:07250,Shift Manager,onsite,"6 Market St, Mashpee Commons, Mashpee, Massachusetts, United States",1,MA,CONUS_L0_004_010;CONUS_L1_014_034;CONUS_L1_014_035,3
2026-10-01,260078048,https://apply.starbucks.com/careers/job/481080923502,"barista - Store# 07250, MASHPEE COMMONS",BARISTA,07250,MASHPEE COMMONS,"6 Market St, Mashpee Commons",Mashpee,MA,,US,,1789790400,2026-09-19,12,2026-10-01,1789911697,2026-09-20,11,False,41.61719009999999,-70.4892354,481080923502,id:260078048,store:07250,Barista,onsite,"6 Market St, Mashpee Commons, Mashpee, Massachusetts, United States",1,MA,CONUS_L0_004_010;CONUS_L1_014_034;CONUS_L1_014_035,3
2026-10-01,260062603,https://apply.starbucks.com/careers/job/481080494866,"barista - Store# 69995, SAGAMORE BEACH",BARISTA,69995,SAGAMORE BEACH,16 Canal Street,Buzzards Bay,MA,,US,,1787630400,2026-08-25,37,2026-10-01,1787752352,2026-08-26,36,False,41.77921,-70.54263,481080494866,id:260062603,store:69995,Barista,onsite,"16 Canal Street, Buzzards Bay, Massachusetts, United States",1,MA,CONUS_L0_004_010;CONUS_L1_014_034;CONUS_L1_014_035,3
2026-10-01,260078480,https://apply.starbucks.com/careers/job/481080936422,"shift manager - Store# 69995, SAGAMORE BEACH",SHIFT_SUPERVISOR,69995,SAGAMORE BEACH,16 Canal Street,Buzzards Bay,MA,,US,,1789876800,2026-09-20,11,2026-10-01,1789998305,2026-09-21,10,False,41.77921,-70.54263,481080936422,id:260078480,store:69995,Shift Manager,onsite,"16 Canal Street, Buzzards Bay, Massachusetts, United States",1,MA,CONUS_L0_004_010;CONUS_L1_014_034;CONUS_L1_014_035,3
2026-10-01,260057407,https://apply.starbucks.com/careers/job/481079587846,"shift manager - Store# 07418, FALMOUTH ROUTE 28",SHIFT_SUPERVISOR,07418,FALMOUTH ROUTE 28,11 Davis Straights/ Route 28,Falmouth,MA,,US,,1784347200,2026-07-18,75,2026-10-01,1784468525,2026-07-19,74,False,41.5555,-70.59939,481079587846,id:260057407,store:07418,Shift Manager,onsite,"11 Davis Straights/ Route 28, Falmouth, Massachusetts, United States",1,MA,CONUS_L0_004_010;CONUS_L1_014_034;CONUS_L1_014_035,3
2026-10-01,260080654,https://apply.starbucks.com/careers/job/481081091790,"barista - Store# 07418, FALMOUTH ROUTE 28",BARISTA,07418,FALMOUTH ROUTE 28,11 Davis Straights/ Route 28,Falmouth,MA,,US,,1790740800,2026-09-30,1,2026-10-01,1790836133,2026-10-01,0,False,41.5555,-70.59939,481081091790,id:260080654,store:07418,Barista,onsite,"11 Davis Straights/ Route 28, Falmouth, Massachusetts, United States",1,MA,CONUS_L0_004_010;CONUS_L1_014_034;CONUS_L1_014_035,3
2026-10-01,260067356,https://apply.starbucks.com/careers/job/481080699028,"barista - Store# 14474, BOURNE, RT. 6",BARISTA,14474,"BOURNE, RT. 6",2 Bridge Approach St,Buzzards Bay,MA,,US,,1788321600,2026-09-02,29,2026-10-01,1788456222,2026-09-03,28,False,41.7453829,-70.618087,481080699028,id:260067356,store:14474,Barista,onsite,"2 Bridge Approach St, Buzzards Bay, Massachusetts, United States",1,MA,CONUS_L0_004_010;CONUS_L1_014_034;CONUS_L1_014_035,3
2026-10-01,260058212,https://apply.starbucks.com/careers/job/481079849734,"shift manager - Store# 14474, BOURNE, RT. 6",SHIFT_SUPERVISOR,14474,"BOURNE, RT. 6",2 Bridge Approach St,Buzzards Bay,MA,,US,,1784952000,2026-07-25,68,2026-10-01,1785073474,2026-07-26,67,False,41.7453829,-70.618087,481079849734,id:260058212,store:14474,Shift Manager,onsite,"2 Bridge Approach St, Buzzards Bay, Massachusetts, United States",1,MA,CONUS_L0_004_010;CONUS_L1_014_034;CONUS_L1_014_035,3
2026-10-01,260070241,https://apply.starbucks.com/careers/job/481080731213,"shift manager - Store# 79874, PLYMOUTH, LONG POND ROAD",SHIFT_SUPERVISOR,79874,"PLYMOUTH, LONG POND ROAD",75 Long Pond Rd,Plymouth,MA,,US,,1788580800,2026-09-05,26,2026-10-01,1788702736,2026-09-06,25,False,41.9296854,-70.6579809,481080731213,id:260070241,store:79874,Shift Manager,onsite,"75 Long Pond Rd, Plymouth, Massachusetts, United States",1,MA,CONUS_L0_004_010;CONUS_L1_014_034;CONUS_L1_014_035;CONUS_L1_015_034,4
2026-10-01,260064981,https://apply.starbucks.com/careers/job/481080658290,"barista - Store# 79874, PLYMOUTH, LONG POND ROAD",BARISTA,79874,"PLYMOUTH, LONG POND ROAD",75 Long Pond Rd,Plymouth,MA,,US,,1788148800,2026-08-31,31,2026-10-01,1788270400,2026-09-01,30,False,41.9296854,-70.6579809,481080658290,id:260064981,store:79874,Barista,onsite,"75 Long Pond Rd, Plymouth, Massachusetts, United States",1,MA,CONUS_L0_004_010;CONUS_L1_014_034;CONUS_L1_014_035;CONUS_L1_015_034,4
2026-10-01,260079170,https://apply.starbucks.com/careers/job/481080965557,"barista - Store# 62900, PLYMOUTH, SAMOSET",BARISTA,62900,"PLYMOUTH, SAMOSET","140 Samoset St, Suite 1",Plymouth,MA,,US,,1790049600,2026-09-22,9,2026-10-01,1790171249,2026-09-23,8,False,41.95258,-70.6855,481080965557,id:260079170,store:62900,Barista,onsite,"140 Samoset St, Suite 1, Plymouth, Massachusetts, United States",1,MA,CONUS_L0_004_010;CONUS_L1_014_034;CONUS_L1_015_034,3
2026-10-01,260057330,https://apply.starbucks.com/careers/job/481079587738,"shift manager - Store# 62900, PLYMOUTH, SAMOSET",SHIFT_SUPERVISOR,62900,"PLYMOUTH, SAMOSET","140 Samoset St, Suite 1",Plymouth,MA,,US,,1784347200,2026-07-18,75,2026-10-01,1784468468,2026-07-19,74,False,41.95258,-70.6855,481079587738,id:260057330,store:62900,Shift Manager,onsite,"140 Samoset St, Suite 1, Plymouth, Massachusetts, United States",1,MA,CONUS_L0_004_010;CONUS_L1_014_034;CONUS_L1_015_034,3
2026-10-01,260052975,https://apply.starbucks.com/careers/job/481079230066,"shift manager - Store# 11849, PLYMOUTH, COLONY PLACE",SHIFT_SUPERVISOR,11849,"PLYMOUTH, COLONY PLACE","100 Colony Place, Rt. 44, Colony Place",Plymouth,MA,,US,,1783137600,2026-07-04,89,2026-10-01,1783258763,2026-07-05,88,False,41.95405,-70.71497,481079230066,id:260052975,store:11849,Shift Manager,onsite,"100 Colony Place, Rt. 44, Colony Place, Plymouth, Massachusetts, United States",1,MA,CONUS_L0_004_010,1
2026-10-01,260058405,https://apply.starbucks.com/careers/job/481079849974,"shift manager - Store# 61568, WAREHAM",SHIFT_SUPERVISOR,61568,WAREHAM,"1 Seth F Tobey Rd, A-2",Wareham,MA,,US,,1784952000,2026-07-25,68,2026-10-01,1785073631,2026-07-26,67,False,41.78084,-70.7449,481079849974,id:260058405,store:61568,Shift Manager,onsite,"1 Seth F Tobey Rd, A-2, Wareham, Massachusetts, United States",1,MA,CONUS_L0_004_010;CONUS_L1_014_034;CONUS_L1_014_035,3
2026-10-01,260058628,https://apply.starbucks.com/careers/job/481079907050,"barista - Store# 61568, WAREHAM",BARISTA,61568,WAREHAM,"1 Seth F Tobey Rd, A-2",Wareham,MA,,US,,1785124800,2026-07-27,66,2026-10-01,1785246145,2026-07-28,65,False,41.78084,-70.7449,481079907050,id:260058628,store:61568,Barista,onsite,"1 Seth F Tobey Rd, A-2, Wareham, Massachusetts, United States",1,MA,CONUS_L0_004_010;CONUS_L1_014_034;CONUS_L1_014_035,3
2026-10-01,260078460,https://apply.starbucks.com/careers/job/481080936394,"barista - Store# 56872, KINGSTON, SUMMER STREET",BARISTA,56872,"KINGSTON, SUMMER STREET","182 Summer St, Unit 15",Kingston,MA,,US,,1789876800,2026-09-20,11,2026-10-01,1789998289,2026-09-21,10,False,42.01211,-70.73306,481080936394,id:260078460,store:56872,Barista,onsite,"182 Summer St, Unit 15, Kingston, Massachusetts, United States",1,MA,CONUS_L0_004_010;CONUS_L1_014_034;CONUS_L1_015_034,3
2026-10-01,260053820,https://apply.starbucks.com/careers/job/481079404593,"shift manager - Store# 56872, KINGSTON, SUMMER STREET",SHIFT_SUPERVISOR,56872,"KINGSTON, SUMMER STREET","182 Summer St, Unit 15",Kingston,MA,,US,,1783569600,2026-07-09,84,2026-10-01,1783690901,2026-07-10,83,False,42.01211,-70.73306,481079404593,id:260053820,store:56872,Shift Manager,onsite,"182 Summer St, Unit 15, Kingston, Massachusetts, United States",1,MA,CONUS_L0_004_010;CONUS_L1_014_034;CONUS_L1_015_034,3
2026-10-01,260062238,https://apply.starbucks.com/careers/job/481080460475,"barista - Store# 07602, MARSHFIELD",BARISTA,07602,MARSHFIELD,"784 Plain St, Rte 139",Marshfield,MA,,US,,1787544000,2026-08-24,38,2026-10-01,1787665412,2026-08-25,37,False,42.1067324,-70.74892919999999,481080460475,id:260062238,store:07602,Barista,onsite,"784 Plain St, Rte 139, Marshfield, Massachusetts, United States",1,MA,CONUS_L0_004_010;CONUS_L1_014_034;CONUS_L1_015_034,3
2026-10-01,260058071,https://apply.starbucks.com/careers/job/481079849272,"shift manager - Store# 07602, MARSHFIELD",SHIFT_SUPERVISOR,07602,MARSHFIELD,"784 Plain St, Rte 139",Marshfield,MA,,US,,1784952000,2026-07-25,68,2026-10-01,1785073356,2026-07-26,67,False,42.1067324,-70.74892919999999,481079849272,id:260058071,store:07602,Shift Manager,onsite,"784 Plain St, Rte 139, Marshfield, Massachusetts, United States",1,MA,CONUS_L0_004_010;CONUS_L1_014_034;CONUS_L1_015_034,3
2026-10-01,260053539,https://apply.starbucks.com/careers/job/481079351619,"barista - Store# 79961, HALIFAX, PLYMOUTH ST",BARISTA,79961,"HALIFAX, PLYMOUTH ST",314A Plymouth St,Halifax,MA,,US,,1783396800,2026-07-07,86,2026-10-01,1783518134,2026-07-08,85,False,41.994049,-70.8459167,481079351619,id:260053539,store:79961,Barista,onsite,"314A Plymouth St, Halifax, Massachusetts, United States",1,MA,CONUS_L0_004_010;CONUS_L1_014_034;CONUS_L1_015_034,3
2026-10-01,260069345,https://apply.starbucks.com/careers/job/481080730175,"shift manager - Store# 79961, HALIFAX, PLYMOUTH ST",SHIFT_SUPERVISOR,79961,"HALIFAX, PLYMOUTH ST",314A Plymouth St,Halifax,MA,,US,,1788580800,2026-09-05,26,2026-10-01,1788702029,2026-09-06,25,False,41.994049,-70.8459167,481080730175,id:260069345,store:79961,Shift Manager,onsite,"314A Plymouth St, Halifax, Massachusetts, United States",1,MA,CONUS_L0_004_010;CONUS_L1_014_034;CONUS_L1_015_034,3
2026-10-01,260069262,https://apply.starbucks.com/careers/job/481080730072,"shift manager - Store# 80427, FAIRHAVEN, ALDEN RD",SHIFT_SUPERVISOR,80427,"FAIRHAVEN, ALDEN RD",29 Alden Rd,Fairhaven,MA,,US,,1788580800,2026-09-05,26,2026-10-01,1788701958,2026-09-06,25,False,41.64213,-70.8848,481080730072,id:260069262,store:80427,Shift Manager,onsite,"29 Alden Rd, Fairhaven, Massachusetts, United States",1,MA,CONUS_L0_004_010;CONUS_L1_014_034,2
2026-10-01,260062472,https://apply.starbucks.com/careers/job/481080494315,"barista - Store# 80427, FAIRHAVEN, ALDEN RD",BARISTA,80427,"FAIRHAVEN, ALDEN RD",29 Alden Rd,Fairhaven,MA,,US,,1787630400,2026-08-25,37,2026-10-01,1787752247,2026-08-26,36,False,41.64213,-70.8848,481080494315,id:260062472,store:80427,Barista,onsite,"29 Alden Rd, Fairhaven, Massachusetts, United States",1,MA,CONUS_L0_004_010;CONUS_L1_014_034,2
2026-10-01,260058175,https://apply.starbucks.com/careers/job/481079849668,"barista - Store# 07885, COHASSET",BARISTA,07885,COHASSET,770 Chief Justice Cushing Hwy,Cohasset,MA,,US,,1784952000,2026-07-25,68,2026-10-01,1785073443,2026-07-26,67,False,42.2216157,-70.8023544,481079849668,id:260058175,store:07885,Barista,onsite,"770 Chief Justice Cushing Hwy, Cohasset, Massachusetts, United States",1,MA,CONUS_L0_004_010;CONUS_L1_014_034;CONUS_L1_015_034,3
2026-10-01,260060909,https://apply.starbucks.com/careers/job/481080183410,"shift manager - Store# 07885, COHASSET",SHIFT_SUPERVISOR,07885,COHASSET,770 Chief Justice Cushing Hwy,Cohasset,MA,,US,,1786766400,2026-08-15,47,2026-10-01,1786887960,2026-08-16,46,False,42.2216157,-70.8023544,481080183410,id:260060909,store:07885,Shift Manager,onsite,"770 Chief Justice Cushing Hwy, Cohasset, Massachusetts, United States",1,MA,CONUS_L0_004_010;CONUS_L1_014_034;CONUS_L1_015_034,3
2026-10-01,260058164,https://apply.starbucks.com/careers/job/481079849671,"shift manager - Store# 58648, GLOUCESTER CROSSING",SHIFT_SUPERVISOR,58648,GLOUCESTER CROSSING,"391 Gloucester Crossing, Building C2",Gloucester,MA,,US,,1784952000,2026-07-25,68,2026-10-01,1785073434,2026-07-26,67,False,42.62378,-70.65609,481079849671,id:260058164,store:58648,Shift Manager,onsite,"391 Gloucester Crossing, Building C2, Gloucester, Massachusetts, United States",1,MA,CONUS_L0_004_010;CONUS_L1_015_034,2
2026-10-01,260073943,https://apply.starbucks.com/careers/job/481080813565,"barista - Store# 11630, HANOVER, WASHINGTON ST",BARISTA,11630,"HANOVER, WASHINGTON ST",1972 Washington St,Hanover,MA,,US,,1789185600,2026-09-12,19,2026-10-01,1789307375,2026-09-13,18,False,42.15283640000001,-70.8466614,481080813565,id:260073943,store:11630,Barista,onsite,"1972 Washington St, Hanover, Massachusetts, United States",1,MA,CONUS_L0_004_010;CONUS_L1_014_034;CONUS_L1_015_034,3
2026-10-01,260060620,https://apply.starbucks.com/careers/job/481080162946,"shift manager - Store# 11630, HANOVER, WASHINGTON ST",SHIFT_SUPERVISOR,11630,"HANOVER, WASHINGTON ST",1972 Washington St,Hanover,MA,,US,,1786593600,2026-08-13,49,2026-10-01,1786715138,2026-08-14,48,False,42.15283640000001,-70.8466614,481080162946,id:260060620,store:11630,Shift Manager,onsite,"1972 Washington St, Hanover, Massachusetts, United States",1,MA,CONUS_L0_004_010;CONUS_L1_014_034;CONUS_L1_015_034,3
2026-10-01,260058851,https://apply.starbucks.com/careers/job/481079927794,"shift manager - Store# 67722, NEW BEDFORD, COGGESHALL",SHIFT_SUPERVISOR,67722,"NEW BEDFORD, COGGESHALL",161 Coggeshall St,New Bedford,MA,,US,,1785211200,2026-07-28,65,2026-10-01,1785332785,2026-07-29,64,False,41.656584,-70.9222874,481079927794,id:260058851,store:67722,Shift Manager,onsite,"161 Coggeshall St, New Bedford, Massachusetts, United States",1,MA,CONUS_L0_004_010;CONUS_L1_014_034,2
2026-10-01,260071315,https://apply.starbucks.com/careers/job/481080742679,"barista - Store# 67722, NEW BEDFORD, COGGESHALL",BARISTA,67722,"NEW BEDFORD, COGGESHALL",161 Coggeshall St,New Bedford,MA,,US,,1788667200,2026-09-06,25,2026-10-01,1788789119,2026-09-07,24,False,41.656584,-70.9222874,481080742679,id:260071315,store:67722,Barista,onsite,"161 Coggeshall St, New Bedford, Massachusetts, United States",1,MA,CONUS_L0_004_010;CONUS_L1_014_034,2
2026-10-01,260073984,https://apply.starbucks.com/careers/job/481080813605,"barista - Store# 10377, HINGHAM, DERBY ST.",BARISTA,10377,"HINGHAM, DERBY ST.",1 Derby St,Hingham,MA,,US,,1789185600,2026-09-12,19,2026-10-01,1789307413,2026-09-13,18,False,42.181112,-70.9014942,481080813605,id:260073984,store:10377,Barista,onsite,"1 Derby St, Hingham, Massachusetts, United States",1,MA,CONUS_L0_004_010;CONUS_L1_014_034;CONUS_L1_015_034,3
2026-10-01,260058406,https://apply.starbucks.com/careers/job/481079849966,"shift manager - Store# 10377, HINGHAM, DERBY ST.",SHIFT_SUPERVISOR,10377,"HINGHAM, DERBY ST.",1 Derby St,Hingham,MA,,US,,1784952000,2026-07-25,68,2026-10-01,1785073632,2026-07-26,67,False,42.181112,-70.9014942,481079849966,id:260058406,store:10377,Shift Manager,onsite,"1 Derby St, Hingham, Massachusetts, United States",1,MA,CONUS_L0_004_010;CONUS_L1_014_034;CONUS_L1_015_034,3
2026-10-01,260071627,https://apply.starbucks.com/careers/job/481080764424,"barista - Store# 27533, NORTH DARTMOUTH",BARISTA,27533,NORTH DARTMOUTH,429 State Rd,North Dartmouth,MA,,US,,1788840000,2026-09-08,23,2026-10-01,1788961278,2026-09-09,22,False,41.6399743,-70.9990968,481080764424,id:260071627,store:27533,Barista,onsite,"429 State Rd, North Dartmouth, Massachusetts, United States",1,MA,CONUS_L0_004_010;CONUS_L1_014_034,2
2026-10-01,260066717,https://apply.starbucks.com/careers/job/481080698235,"shift manager - Store# 27533, NORTH DARTMOUTH",SHIFT_SUPERVISOR,27533,NORTH DARTMOUTH,429 State Rd,North Dartmouth,MA,,US,,1788321600,2026-09-02,29,2026-10-01,1788455615,2026-09-03,28,False,41.6399743,-70.9990968,481080698235,id:260066717,store:27533,Shift Manager,onsite,"429 State Rd, North Dartmouth, Massachusetts, United States",1,MA,CONUS_L0_004_010;CONUS_L1_014_034,2
2026-10-01,260062478,https://apply.starbucks.com/careers/job/481080494358,"barista - Store# 07328, HINGHAM",BARISTA,07328,HINGHAM,184 Lincoln St,Hingham,MA,,US,,1787630400,2026-08-25,37,2026-10-01,1787752252,2026-08-26,36,False,42.2487952,-70.9038725,481080494358,id:260062478,store:07328,Barista,onsite,"184 Lincoln St, Hingham, Massachusetts, United States",1,MA,CONUS_L0_004_010;CONUS_L1_014_034;CONUS_L1_015_034,3
2026-10-01,260055197,https://apply.starbucks.com/careers/job/481079453675,"shift manager - Store# 07328, HINGHAM",SHIFT_SUPERVISOR,07328,HINGHAM,184 Lincoln St,Hingham,MA,,US,,1783828800,2026-07-12,81,2026-10-01,1783950408,2026-07-13,80,False,42.2487952,-70.9038725,481079453675,id:260055197,store:07328,Shift Manager,onsite,"184 Lincoln St, Hingham, Massachusetts, United States",1,MA,CONUS_L0_004_010;CONUS_L1_014_034;CONUS_L1_015_034,3
2026-10-01,260058479,https://apply.starbucks.com/careers/job/481079865547,"shift manager - Store# 79960, HINGHAM, SHIPYARD DR",SHIFT_SUPERVISOR,79960,"HINGHAM, SHIPYARD DR","1 Shipyard Dr, B10",Hingham,MA,,US,,1785038400,2026-07-26,67,2026-10-01,1785159943,2026-07-27,66,False,42.24935,-70.92227,481079865547,id:260058479,store:79960,Shift Manager,onsite,"1 Shipyard Dr, B10, Hingham, Massachusetts, United States",1,MA,CONUS_L0_004_010;CONUS_L1_014_034;CONUS_L1_015_034,3
2026-10-01,260080656,https://apply.starbucks.com/careers/job/481081091794,"barista - Store# 79960, HINGHAM, SHIPYARD DR",BARISTA,79960,"HINGHAM, SHIPYARD DR","1 Shipyard Dr, B10",Hingham,MA,,US,,1790740800,2026-09-30,1,2026-10-01,1790836135,2026-10-01,0,False,42.24935,-70.92227,481081091794,id:260080656,store:79960,Barista,onsite,"1 Shipyard Dr, B10, Hingham, Massachusetts, United States",1,MA,CONUS_L0_004_010;CONUS_L1_014_034;CONUS_L1_015_034,3
2026-10-01,260053140,https://apply.starbucks.com/careers/job/481079230236,"shift manager - Store# 07374, WEYMOUTH",SHIFT_SUPERVISOR,07374,WEYMOUTH,980 Main St,South Weymouth,MA,,US,,1783137600,2026-07-04,89,2026-10-01,1783258896,2026-07-05,88,False,42.171427,-70.9550747,481079230236,id:260053140,store:07374,Shift Manager,onsite,"980 Main St, South Weymouth, Massachusetts, United States",1,MA,CONUS_L0_004_010,1
2026-10-01,260071460,https://apply.starbucks.com/careers/job/481080752174,"barista - Store# 07374, WEYMOUTH",BARISTA,07374,WEYMOUTH,980 Main St,South Weymouth,MA,,US,,1788753600,2026-09-07,24,2026-10-01,1788875096,2026-09-08,23,False,42.171427,-70.9550747,481080752174,id:260071460,store:07374,Barista,onsite,"980 Main St, South Weymouth, Massachusetts, United States",1,MA,CONUS_L0_004_010;CONUS_L1_014_034;CONUS_L1_015_034,3
2026-10-01,260073920,https://apply.starbucks.com/careers/job/481080813529,"barista - Store# 07522, MARBLEHEAD",BARISTA,07522,MARBLEHEAD,89 Pleasant St,Marblehead,MA,,US,,1789185600,2026-09-12,19,2026-10-01,1789307354,2026-09-13,18,False,42.5026257,-70.8560086,481080813529,id:260073920,store:07522,Barista,onsite,"89 Pleasant St, Marblehead, Massachusetts, United States",1,MA,CONUS_L0_004_010;CONUS_L1_015_034,2
2026-10-01,260080686,https://apply.starbucks.com/careers/job/481081091836,"shift manager - Store# 07522, MARBLEHEAD",SHIFT_SUPERVISOR,07522,MARBLEHEAD,89 Pleasant St,Marblehead,MA,,US,,1790740800,2026-09-30,1,2026-10-01,1790836160,2026-10-01,0,False,42.5026257,-70.8560086,481081091836,id:260080686,store:07522,Shift Manager,onsite,"89 Pleasant St, Marblehead, Massachusetts, United States",1,MA,CONUS_L0_004_010;CONUS_L1_015_034,2
2026-10-01,260058454,https://apply.starbucks.com/careers/job/481079865520,"shift manager - Store# 66564, RAYNHAM, ROUTE 44",SHIFT_SUPERVISOR,66564,"RAYNHAM, ROUTE 44",435 US 44,Raynham,MA,,US,,1785038400,2026-07-26,67,2026-10-01,1785159923,2026-07-27,66,False,41.90592,-71.04889,481079865520,id:260058454,store:66564,Shift Manager,onsite,"435 US 44, Raynham, Massachusetts, United States",1,MA,CONUS_L0_004_010;CONUS_L1_014_034,2
2026-10-01,260057365,https://apply.starbucks.com/careers/job/481079587787,"barista - Store# 66564, RAYNHAM, ROUTE 44",BARISTA,66564,"RAYNHAM, ROUTE 44",435 US 44,Raynham,MA,,US,,1784347200,2026-07-18,75,2026-10-01,1784468495,2026-07-19,74,False,41.90592,-71.04889,481079587787,id:260057365,store:66564,Barista,onsite,"435 US 44, Raynham, Massachusetts, United States",1,MA,CONUS_L0_004_010;CONUS_L1_014_034,2
2026-10-01,260061302,https://apply.starbucks.com/careers/job/481080264863,"barista - Store# 00802, SWAMPSCOTT MALL",BARISTA,00802,SWAMPSCOTT MALL,450 Paradise Rd,Swampscott,MA,,US,,1787025600,2026-08-18,44,2026-10-01,1787146954,2026-08-19,43,False,42.4832683,-70.9047085,481080264863,id:260061302,store:00802,Barista,onsite,"450 Paradise Rd, Swampscott, Massachusetts, United States",1,MA,CONUS_L0_004_010;CONUS_L1_015_033;CONUS_L1_015_034,3
2026-10-01,260056991,https://apply.starbucks.com/careers/job/481079556082,"shift manager - Store# 00802, SWAMPSCOTT MALL",SHIFT_SUPERVISOR,00802,SWAMPSCOTT MALL,450 Paradise Rd,Swampscott,MA,,US,,1784174400,2026-07-16,77,2026-10-01,1784295821,2026-07-17,76,False,42.4832683,-70.9047085,481079556082,id:260056991,store:00802,Shift Manager,onsite,"450 Paradise Rd, Swampscott, Massachusetts, United States",1,MA,CONUS_L0_004_010;CONUS_L1_015_033;CONUS_L1_015_034,3
2026-10-01,260076490,https://apply.starbucks.com/careers/job/481080862026,"shift manager - Store# 07726, Taunton Mozzone Blvd",SHIFT_SUPERVISOR,07726,Taunton Mozzone Blvd,6 Mozzone Blvd,Taunton,MA,,US,,1789444800,2026-09-15,16,2026-10-01,1789566914,2026-09-16,15,False,41.8748517,-71.0603769,481080862026,id:260076490,store:07726,Shift Manager,onsite,"6 Mozzone Blvd, Taunton, Massachusetts, United States",1,MA,CONUS_L0_004_010;CONUS_L1_014_034,2
2026-10-01,260054325,https://apply.starbucks.com/careers/job/481079405359,"barista - Store# 07726, Taunton Mozzone Blvd",BARISTA,07726,Taunton Mozzone Blvd,6 Mozzone Blvd,Taunton,MA,,US,,1783569600,2026-07-09,84,2026-10-01,1783691262,2026-07-10,83,False,41.8748517,-71.0603769,481079405359,id:260054325,store:07726,Barista,onsite,"6 Mozzone Blvd, Taunton, Massachusetts, United States",1,MA,CONUS_L0_004_010;CONUS_L1_014_034,2
2026-10-01,260073987,https://apply.starbucks.com/careers/job/481080813615,"shift manager - Store# 65534, SALEM, CANAL STREET",SHIFT_SUPERVISOR,65534,"SALEM, CANAL STREET",144 Canal St,Salem,MA,,US,,1789185600,2026-09-12,19,2026-10-01,1789307416,2026-09-13,18,False,42.5081004,-70.89644779999999,481080813615,id:260073987,store:65534,Shift Manager,onsite,"144 Canal St, Salem, Massachusetts, United States",1,MA,CONUS_L0_004_010;CONUS_L1_015_033;CONUS_L1_015_034,3
2026-10-01,260078916,https://apply.starbucks.com/careers/job/481080964862,"barista - Store# 65534, SALEM, CANAL STREET",BARISTA,65534,"SALEM, CANAL STREET",144 Canal St,Salem,MA,,US,,1790049600,2026-09-22,9,2026-10-01,1790171035,2026-09-23,8,False,42.5081004,-70.89644779999999,481080964862,id:260078916,store:65534,Barista,onsite,"144 Canal St, Salem, Massachusetts, United States",1,MA,CONUS_L0_004_010;CONUS_L1_015_033;CONUS_L1_015_034,3
2026-10-01,260056316,https://apply.starbucks.com/careers/job/481079498093,"shift manager - Store# 07356, SALEM - DODGE ST.",SHIFT_SUPERVISOR,07356,SALEM - DODGE ST.,211 Washington St,Salem,MA,,US,,1784001600,2026-07-14,79,2026-10-01,1784123102,2026-07-15,78,False,42.5190102,-70.89481049999999,481079498093,id:260056316,store:07356,Shift Manager,onsite,"211 Washington St, Salem, Massachusetts, United States",1,MA,CONUS_L0_004_010;CONUS_L1_015_033;CONUS_L1_015_034,3
2026-10-01,260059999,https://apply.starbucks.com/careers/job/481080079217,"barista - Store# 07356, SALEM - DODGE ST.",BARISTA,07356,SALEM - DODGE ST.,211 Washington St,Salem,MA,,US,,1786161600,2026-08-08,54,2026-10-01,1786283271,2026-08-09,53,False,42.5190102,-70.89481049999999,481080079217,id:260059999,store:07356,Barista,onsite,"211 Washington St, Salem, Massachusetts, United States",1,MA,CONUS_L0_004_010;CONUS_L1_015_033;CONUS_L1_015_034,3
2026-10-01,260058240,https://apply.starbucks.com/careers/job/481079849761,"shift manager - Store# 11848, BEVERLY, 242 ELLIOTT ST",SHIFT_SUPERVISOR,11848,"BEVERLY, 242 ELLIOTT ST",242 Elliott St,Beverly,MA,,US,,1784952000,2026-07-25,68,2026-10-01,1785073496,2026-07-26,67,False,42.5562727,-70.8903058,481079849761,id:260058240,store:11848,Shift Manager,onsite,"242 Elliott St, Beverly, Massachusetts, United States",1,MA,CONUS_L0_004_010;CONUS_L1_015_033;CONUS_L1_015_034,3
2026-10-01,260053300,https://apply.starbucks.com/careers/job/481079320017,"barista - Store# 11848, BEVERLY, 242 ELLIOTT ST",BARISTA,11848,"BEVERLY, 242 ELLIOTT ST",242 Elliott St,Beverly,MA,,US,,1783310400,2026-07-06,87,2026-10-01,1783431966,2026-07-07,86,False,42.5562727,-70.8903058,481079320017,id:260053300,store:11848,Barista,onsite,"242 Elliott St, Beverly, Massachusetts, United States",1,MA,CONUS_L0_004_010;CONUS_L1_015_033;CONUS_L1_015_034,3
2026-10-01,260054058,https://apply.starbucks.com/careers/job/481079404970,"barista - Store# 71309, Brockton, Brockton High School",BARISTA,71309,"Brockton, Brockton High School",683 Belmont St,Brockton,MA,,US,,1783569600,2026-07-09,84,2026-10-01,1783691075,2026-07-10,83,False,42.07041,-71.04641,481079404970,id:260054058,store:71309,Barista,onsite,"683 Belmont St, Brockton, Massachusetts, United States",1,MA,CONUS_L0_004_010;CONUS_L1_014_034;CONUS_L1_015_034,3
2026-10-01,260057645,https://apply.starbucks.com/careers/job/481079627296,"shift manager - Store# 71309, Brockton, Brockton High School",SHIFT_SUPERVISOR,71309,"Brockton, Brockton High School",683 Belmont St,Brockton,MA,,US,,1784520000,2026-07-20,73,2026-10-01,1784642489,2026-07-21,72,False,42.07041,-71.04641,481079627296,id:260057645,store:71309,Shift Manager,onsite,"683 Belmont St, Brockton, Massachusetts, United States",1,MA,CONUS_L0_004_010;CONUS_L1_014_034;CONUS_L1_015_034,3
2026-10-01,260078363,https://apply.starbucks.com/careers/job/481080936227,"barista - Store# 07450, BEVERLY",BARISTA,07450,BEVERLY,29 Enon St,Beverly,MA,,US,,1789876800,2026-09-20,11,2026-10-01,1789998208,2026-09-21,10,False,42.585388,-70.8842956,481080936227,id:260078363,store:07450,Barista,onsite,"29 Enon St, Beverly, Massachusetts, United States",1,MA,CONUS_L0_004_010;CONUS_L1_015_033;CONUS_L1_015_034,3
2026-10-01,260058155,https://apply.starbucks.com/careers/job/481079849599,"shift manager - Store# 07450, BEVERLY",SHIFT_SUPERVISOR,07450,BEVERLY,29 Enon St,Beverly,MA,,US,,1784952000,2026-07-25,68,2026-10-01,1785073428,2026-07-26,67,False,42.585388,-70.8842956,481079849599,id:260058155,store:07450,Shift Manager,onsite,"29 Enon St, Beverly, Massachusetts, United States",1,MA,CONUS_L0_004_010;CONUS_L1_015_033;CONUS_L1_015_034,3
2026-10-01,260077475,https://apply.starbucks.com/careers/job/481080891143,"barista - Store# 07992, QUINCY, MONROE PLACE",BARISTA,07992,"QUINCY, MONROE PLACE",1245 Hancock St,Quincy,MA,,US,,1789617600,2026-09-17,14,2026-10-01,1789739187,2026-09-18,13,False,42.252026,-71.0043297,481080891143,id:260077475,store:07992,Barista,onsite,"1245 Hancock St, Quincy, Massachusetts, United States",1,MA,CONUS_L0_004_010;CONUS_L1_014_034;CONUS_L1_015_034,3
2026-10-01,260058187,https://apply.starbucks.com/careers/job/481079849726,"shift manager - Store# 07992, QUINCY, MONROE PLACE",SHIFT_SUPERVISOR,07992,"QUINCY, MONROE PLACE",1245 Hancock St,Quincy,MA,,US,,1784952000,2026-07-25,68,2026-10-01,1785073453,2026-07-26,67,False,42.252026,-71.0043297,481079849726,id:260058187,store:07992,Shift Manager,onsite,"1245 Hancock St, Quincy, Massachusetts, United States",1,MA,CONUS_L0_004_010;CONUS_L1_014_034;CONUS_L1_015_034,3
2026-10-01,260057441,https://apply.starbucks.com/careers/job/481079604812,"barista - Store# 29221, BROCKTON, WESTGATE DRIVE",BARISTA,29221,"BROCKTON, WESTGATE DRIVE","200 Westgate Drive, 482",Brockton,MA,,US,,1784433600,2026-07-19,74,2026-10-01,1784554766,2026-07-20,73,False,42.09398,-71.05431,481079604812,id:260057441,store:29221,Barista,onsite,"200 Westgate Drive, 482, Brockton, Massachusetts, United States",1,MA,CONUS_L0_004_010;CONUS_L1_014_034;CONUS_L1_015_034,3
2026-10-01,260057367,https://apply.starbucks.com/careers/job/481079587781,"shift manager - Store# 29221, BROCKTON, WESTGATE DRIVE",SHIFT_SUPERVISOR,29221,"BROCKTON, WESTGATE DRIVE","200 Westgate Drive, 482",Brockton,MA,,US,,1784347200,2026-07-18,75,2026-10-01,1784468496,2026-07-19,74,False,42.09398,-71.05431,481079587781,id:260057367,store:29221,Shift Manager,onsite,"200 Westgate Drive, 482, Brockton, Massachusetts, United States",1,MA,CONUS_L0_004_010;CONUS_L1_014_034;CONUS_L1_015_034,3
2026-10-01,260061160,https://apply.starbucks.com/careers/job/481080229019,"shift manager - Store# 17923, BRAINTREE",SHIFT_SUPERVISOR,17923,BRAINTREE,37 Forbes Rd,Braintree,MA,,US,,1786939200,2026-08-17,45,2026-10-01,1787060553,2026-08-18,44,False,42.22023,-71.03016,481080229019,id:260061160,store:17923,Shift Manager,onsite,"37 Forbes Rd, Braintree, Massachusetts, United States",1,MA,CONUS_L0_004_010;CONUS_L1_014_034;CONUS_L1_015_034,3
2026-10-01,260064957,https://apply.starbucks.com/careers/job/481080658221,"barista - Store# 17923, BRAINTREE",BARISTA,17923,BRAINTREE,37 Forbes Rd,Braintree,MA,,US,,1788148800,2026-08-31,31,2026-10-01,1788270374,2026-09-01,30,False,42.22023,-71.03016,481080658221,id:260064957,store:17923,Barista,onsite,"37 Forbes Rd, Braintree, Massachusetts, United States",1,MA,CONUS_L0_004_010;CONUS_L1_014_034;CONUS_L1_015_034,3
2026-10-01,260058486,https://apply.starbucks.com/careers/job/481079865569,"shift manager - Store# 07712, BROCKTON, BELMONT ST",SHIFT_SUPERVISOR,07712,"BROCKTON, BELMONT ST","1313 Belmont St, Rainbow Square Plaza",Brockton,MA,,US,,1785038400,2026-07-26,67,2026-10-01,1785159949,2026-07-27,66,False,42.0580007,-71.0696013,481079865569,id:260058486,store:07712,Shift Manager,onsite,"1313 Belmont St, Rainbow Square Plaza, Brockton, Massachusetts, United States",1,MA,CONUS_L0_004_010;CONUS_L1_014_034;CONUS_L1_015_034,3
2026-10-01,260079542,https://apply.starbucks.com/careers/job/481080998954,"barista - Store# 07712, BROCKTON, BELMONT ST",BARISTA,07712,"BROCKTON, BELMONT ST","1313 Belmont St, Rainbow Square Plaza",Brockton,MA,,US,,1790222400,2026-09-24,7,2026-10-01,1790344099,2026-09-25,6,False,42.0580007,-71.0696013,481080998954,id:260079542,store:07712,Barista,onsite,"1313 Belmont St, Rainbow Square Plaza, Brockton, Massachusetts, United States",1,MA,CONUS_L0_004_010;CONUS_L1_014_034;CONUS_L1_015_034,3
2026-10-01,260059499,https://apply.starbucks.com/careers/job/481080000899,"barista - Store# 24484, LYNNWAY",BARISTA,24484,LYNNWAY,821 Lynnway,Lynn,MA,,US,,1785729600,2026-08-03,59,2026-10-01,1785851151,2026-08-04,58,False,42.44752,-70.96499,481080000899,id:260059499,store:24484,Barista,onsite,"821 Lynnway, Lynn, Massachusetts, United States",1,MA,CONUS_L0_004_010;CONUS_L1_015_033;CONUS_L1_015_034,3
2026-10-01,260058070,https://apply.starbucks.com/careers/job/481079849302,"shift manager - Store# 24484, LYNNWAY",SHIFT_SUPERVISOR,24484,LYNNWAY,821 Lynnway,Lynn,MA,,US,,1784952000,2026-07-25,68,2026-10-01,1785073354,2026-07-26,67,False,42.44752,-70.96499,481079849302,id:260058070,store:24484,Shift Manager,onsite,"821 Lynnway, Lynn, Massachusetts, United States",1,MA,CONUS_L0_004_010;CONUS_L1_015_033;CONUS_L1_015_034,3
2026-10-01,260053359,https://apply.starbucks.com/careers/job/481079320131,"barista - Store# 69600, DANVERS, ENDICOTT PLAZA",BARISTA,69600,"DANVERS, ENDICOTT PLAZA",139 Endicott St,Danvers,MA,,US,,1783310400,2026-07-06,87,2026-10-01,1783432015,2026-07-07,86,False,42.55081,-70.93463,481079320131,id:260053359,store:69600,Barista,onsite,"139 Endicott St, Danvers, Massachusetts, United States",1,MA,CONUS_L0_004_010;CONUS_L1_015_033;CONUS_L1_015_034,3
2026-10-01,260055322,https://apply.starbucks.com/careers/job/481079453853,"shift manager - Store# 69600, DANVERS, ENDICOTT PLAZA",SHIFT_SUPERVISOR,69600,"DANVERS, ENDICOTT PLAZA",139 Endicott St,Danvers,MA,,US,,1783828800,2026-07-12,81,2026-10-01,1783950501,2026-07-13,80,False,42.55081,-70.93463,481079453853,id:260055322,store:69600,Shift Manager,onsite,"139 Endicott St, Danvers, Massachusetts, United States",1,MA,CONUS_L0_004_010;CONUS_L1_015_033;CONUS_L1_015_034,3
2026-10-01,260080085,https://apply.starbucks.com/careers/job/481081029767,"barista - Store# 07565, MILTON 552 ADAMS ST",BARISTA,07565,MILTON 552 ADAMS ST,552 Adams St,Milton,MA,,US,,1790481600,2026-09-27,4,2026-10-01,1790603470,2026-09-28,3,False,42.2583802,-71.04001269999999,481081029767,id:260080085,store:07565,Barista,onsite,"552 Adams St, Milton, Massachusetts, United States",1,MA,CONUS_L0_004_010;CONUS_L1_014_034;CONUS_L1_015_033;CONUS_L1_015_034,4
2026-10-01,260054563,https://apply.starbucks.com/careers/job/481079405908,"shift manager - Store# 07565, MILTON 552 ADAMS ST",SHIFT_SUPERVISOR,07565,MILTON 552 ADAMS ST,552 Adams St,Milton,MA,,US,,1783569600,2026-07-09,84,2026-10-01,1783691431,2026-07-10,83,False,42.2583802,-71.04001269999999,481079405908,id:260054563,store:07565,Shift Manager,onsite,"552 Adams St, Milton, Massachusetts, United States",1,MA,CONUS_L0_004_010;CONUS_L1_014_034;CONUS_L1_015_033;CONUS_L1_015_034,4
2026-10-01,260077979,https://apply.starbucks.com/careers/job/481080923262,"barista - Store# 00833, PEABODY",BARISTA,00833,PEABODY,240 Andover St,Peabody,MA,,US,,1789790400,2026-09-19,12,2026-10-01,1789911639,2026-09-20,11,False,42.5460749,-70.9470174,481080923262,id:260077979,store:00833,Barista,onsite,"240 Andover St, Peabody, Massachusetts, United States",1,MA,CONUS_L0_004_010;CONUS_L1_015_033;CONUS_L1_015_034,3
2026-10-01,260053086,https://apply.starbucks.com/careers/job/481079230183,"shift manager - Store# 00833, PEABODY",SHIFT_SUPERVISOR,00833,PEABODY,240 Andover St,Peabody,MA,,US,,1783137600,2026-07-04,89,2026-10-01,1783258853,2026-07-05,88,False,42.5460749,-70.9470174,481079230183,id:260053086,store:00833,Shift Manager,onsite,"240 Andover St, Peabody, Massachusetts, United States",1,MA,CONUS_L0_004_010,1
2026-10-01,260057341,https://apply.starbucks.com/careers/job/481079587753,"shift manager - Store# 71411, REVERE, BELL CIRCLE",SHIFT_SUPERVISOR,71411,"REVERE, BELL CIRCLE",25 American Legion Hwy,Revere,MA,,US,,1784347200,2026-07-18,75,2026-10-01,1784468477,2026-07-19,74,False,42.40997,-71.00155,481079587753,id:260057341,store:71411,Shift Manager,onsite,"25 American Legion Hwy, Revere, Massachusetts, United States",1,MA,CONUS_L0_004_010;CONUS_L1_015_033;CONUS_L1_015_034,3
2026-10-01,260072223,https://apply.starbucks.com/careers/job/481080765379,"barista - Store# 71411, REVERE, BELL CIRCLE",BARISTA,71411,"REVERE, BELL CIRCLE",25 American Legion Hwy,Revere,MA,,US,,1788840000,2026-09-08,23,2026-10-01,1788961756,2026-09-09,22,False,42.40997,-71.00155,481080765379,id:260072223,store:71411,Barista,onsite,"25 American Legion Hwy, Revere, Massachusetts, United States",1,MA,CONUS_L0_004_010;CONUS_L1_015_033;CONUS_L1_015_034,3
2026-10-01,260057879,https://apply.starbucks.com/careers/job/481079679766,"barista - Store# 14138, EAST BOSTON, MCCLELLAN HWY",BARISTA,14138,"EAST BOSTON, MCCLELLAN HWY",430 McClellan Highway,Boston,MA,,US,,1784692800,2026-07-22,71,2026-10-01,1784814314,2026-07-23,70,False,42.39199,-71.01305,481079679766,id:260057879,store:14138,Barista,onsite,"430 McClellan Highway, Boston, Massachusetts, United States",1,MA,CONUS_L0_004_010;CONUS_L1_015_033;CONUS_L1_015_034,3
2026-10-01,260054085,https://apply.starbucks.com/careers/job/481079404910,"shift manager - Store# 14138, EAST BOSTON, MCCLELLAN HWY",SHIFT_SUPERVISOR,14138,"EAST BOSTON, MCCLELLAN HWY",430 McClellan Highway,Boston,MA,,US,,1783569600,2026-07-09,84,2026-10-01,1783691094,2026-07-10,83,False,42.39199,-71.01305,481079404910,id:260054085,store:14138,Shift Manager,onsite,"430 McClellan Highway, Boston, Massachusetts, United States",1,MA,CONUS_L0_004_010;CONUS_L1_015_033;CONUS_L1_015_034,3
2026-10-01,260066349,https://apply.starbucks.com/careers/job/481080679314,"barista - Store# 28796, EAST BROADWAY, SOUTH BOSTON",BARISTA,28796,"EAST BROADWAY, SOUTH BOSTON",749 E Broadway,Boston,MA,,US,,1788321600,2026-09-02,29,2026-10-01,1788357897,2026-09-02,29,False,42.3354461,-71.0355743,481080679314,id:260066349,store:28796,Barista,onsite,"749 E Broadway, Boston, Massachusetts, United States",1,MA,CONUS_L0_004_010;CONUS_L1_014_034;CONUS_L1_015_033;CONUS_L1_015_034,4
2026-10-01,260057316,https://apply.starbucks.com/careers/job/481079587704,"shift manager - Store# 28796, EAST BROADWAY, SOUTH BOSTON",SHIFT_SUPERVISOR,28796,"EAST BROADWAY, SOUTH BOSTON",749 E Broadway,Boston,MA,,US,,1784347200,2026-07-18,75,2026-10-01,1784468458,2026-07-19,74,False,42.3354461,-71.0355743,481079587704,id:260057316,store:28796,Shift Manager,onsite,"749 E Broadway, Boston, Massachusetts, United States",1,MA,CONUS_L0_004_010;CONUS_L1_014_034;CONUS_L1_015_033;CONUS_L1_015_034,4
2026-10-01,260058493,https://apply.starbucks.com/careers/job/481079865565,"shift manager - Store# 50935, Fall River, Southcoast Marketplace",SHIFT_SUPERVISOR,50935,"Fall River, Southcoast Marketplace",800 William S Canning Blvd,Fall River,MA,,US,,1785038400,2026-07-26,67,2026-10-01,1785159955,2026-07-27,66,False,41.67162,-71.16034,481079865565,id:260058493,store:50935,Shift Manager,onsite,"800 William S Canning Blvd, Fall River, Massachusetts, United States",1,MA,CONUS_L0_004_010;CONUS_L1_014_034,2
2026-10-01,260080518,https://apply.starbucks.com/careers/job/481081091624,"barista - Store# 50935, Fall River, Southcoast Marketplace",BARISTA,50935,"Fall River, Southcoast Marketplace",800 William S Canning Blvd,Fall River,MA,,US,,1790740800,2026-09-30,1,2026-10-01,1790836014,2026-10-01,0,False,41.67162,-71.16034,481081091624,id:260080518,store:50935,Barista,onsite,"800 William S Canning Blvd, Fall River, Massachusetts, United States",1,MA,CONUS_L0_004_010;CONUS_L1_014_034,2
2026-10-01,260071051,https://apply.starbucks.com/careers/job/481080742267,"shift manager - Store# 78977, CHELSEA COMMONS",SHIFT_SUPERVISOR,78977,CHELSEA COMMONS,"1100 Revere Beach Parkway, Unit 1-O",Chelsea,MA,,US,,1788667200,2026-09-06,25,2026-10-01,1788788906,2026-09-07,24,False,42.40259,-71.02522,481080742267,id:260071051,store:78977,Shift Manager,onsite,"1100 Revere Beach Parkway, Unit 1-O, Chelsea, Massachusetts, United States",1,MA,CONUS_L0_004_010;CONUS_L1_015_033;CONUS_L1_015_034,3
2026-10-01,260052970,https://apply.starbucks.com/careers/job/481079230069,"barista - Store# 78977, CHELSEA COMMONS",BARISTA,78977,CHELSEA COMMONS,"1100 Revere Beach Parkway, Unit 1-O",Chelsea,MA,,US,,1783137600,2026-07-04,89,2026-10-01,1783258759,2026-07-05,88,False,42.40259,-71.02522,481079230069,id:260052970,store:78977,Barista,onsite,"1100 Revere Beach Parkway, Unit 1-O, Chelsea, Massachusetts, United States",1,MA,CONUS_L0_004_010,1
2026-10-01,260053071,https://apply.starbucks.com/careers/job/481079230178,"shift manager - Store# 23738, SEAPORT SQUARE",SHIFT_SUPERVISOR,23738,SEAPORT SQUARE,"103 Seaport Blvd, Building L1",Boston,MA,,US,,1783137600,2026-07-04,89,2026-10-01,1783258841,2026-07-05,88,False,42.3513671,-71.0451428,481079230178,id:260053071,store:23738,Shift Manager,onsite,"103 Seaport Blvd, Building L1, Boston, Massachusetts, United States",1,MA,CONUS_L0_004_010,1
2026-10-01,260079772,https://apply.starbucks.com/careers/job/481081018814,"barista - Store# 23738, SEAPORT SQUARE",BARISTA,23738,SEAPORT SQUARE,"103 Seaport Blvd, Building L1",Boston,MA,,US,,1790395200,2026-09-26,5,2026-10-01,1790516481,2026-09-27,4,False,42.3513671,-71.0451428,481081018814,id:260079772,store:23738,Barista,onsite,"103 Seaport Blvd, Building L1, Boston, Massachusetts, United States",1,MA,CONUS_L0_004_010;CONUS_L1_014_034;CONUS_L1_015_033;CONUS_L1_015_034,4
2026-10-01,260061788,https://apply.starbucks.com/careers/job/481080429550,"barista - Store# 22566, FAN PIER",BARISTA,22566,FAN PIER,48A Northern Avenue,Boston,MA,,US,,1787457600,2026-08-23,39,2026-10-01,1787579136,2026-08-24,38,False,42.35345,-71.04652,481080429550,id:260061788,store:22566,Barista,onsite,"48A Northern Avenue, Boston, Massachusetts, United States",1,MA,CONUS_L0_004_010;CONUS_L1_014_034;CONUS_L1_015_033;CONUS_L1_015_034,4
2026-10-01,260057196,https://apply.starbucks.com/careers/job/481079587550,"shift manager - Store# 22566, FAN PIER",SHIFT_SUPERVISOR,22566,FAN PIER,48A Northern Avenue,Boston,MA,,US,,1784347200,2026-07-18,75,2026-10-01,1784468366,2026-07-19,74,False,42.35345,-71.04652,481079587550,id:260057196,store:22566,Shift Manager,onsite,"48A Northern Avenue, Boston, Massachusetts, United States",1,MA,CONUS_L0_004_010;CONUS_L1_014_034;CONUS_L1_015_033;CONUS_L1_015_034,4
2026-10-01,260061078,https://apply.starbucks.com/careers/job/481080228825,"barista - Store# 61421, SOMERSET, GAR HWY",BARISTA,61421,"SOMERSET, GAR HWY",564 GAR Highway,Somerset,MA,,US,,1786939200,2026-08-17,45,2026-10-01,1787060453,2026-08-18,44,False,41.72994,-71.16603,481080228825,id:260061078,store:61421,Barista,onsite,"564 GAR Highway, Somerset, Massachusetts, United States",1,MA,CONUS_L0_004_010;CONUS_L1_014_034,2
2026-10-01,260078871,https://apply.starbucks.com/careers/job/481080964813,"shift manager - Store# 61421, SOMERSET, GAR HWY",SHIFT_SUPERVISOR,61421,"SOMERSET, GAR HWY",564 GAR Highway,Somerset,MA,,US,,1790049600,2026-09-22,9,2026-10-01,1790170996,2026-09-23,8,False,41.72994,-71.16603,481080964813,id:260078871,store:61421,Shift Manager,onsite,"564 GAR Highway, Somerset, Massachusetts, United States",1,MA,CONUS_L0_004_010;CONUS_L1_014_034,2
2026-10-01,260069680,https://apply.starbucks.com/careers/job/481080730559,"barista - Store# 69785, DANVERS, NEWBURY ST",BARISTA,69785,"DANVERS, NEWBURY ST","301 Newbury St, Suite 14",Danvers,MA,,US,,1788580800,2026-09-05,26,2026-10-01,1788702293,2026-09-06,25,False,42.58431,-70.96527,481080730559,id:260069680,store:69785,Barista,onsite,"301 Newbury St, Suite 14, Danvers, Massachusetts, United States",1,MA,CONUS_L0_004_010;CONUS_L1_015_033;CONUS_L1_015_034,3
2026-10-01,260061742,https://apply.starbucks.com/careers/job/481080416042,"shift manager - Store# 69785, DANVERS, NEWBURY ST",SHIFT_SUPERVISOR,69785,"DANVERS, NEWBURY ST","301 Newbury St, Suite 14",Danvers,MA,,US,,1787371200,2026-08-22,40,2026-10-01,1787492417,2026-08-23,39,False,42.58431,-70.96527,481080416042,id:260061742,store:69785,Shift Manager,onsite,"301 Newbury St, Suite 14, Danvers, Massachusetts, United States",1,MA,CONUS_L0_004_010;CONUS_L1_015_033;CONUS_L1_015_034,3
2026-10-01,260073519,https://apply.starbucks.com/careers/job/481080812852,"barista - Store# 07805, ONE INTERNATIONAL PLACE",BARISTA,07805,ONE INTERNATIONAL PLACE,1 International Pl,Boston,MA,,US,,1789185600,2026-09-12,19,2026-10-01,1789306978,2026-09-13,18,False,42.3560381,-71.0522522,481080812852,id:260073519,store:07805,Barista,onsite,"1 International Pl, Boston, Massachusetts, United States",1,MA,CONUS_L0_004_010;CONUS_L1_014_034;CONUS_L1_015_033;CONUS_L1_015_034,4
2026-10-01,260080724,https://apply.starbucks.com/careers/job/481081091886,"shift manager - Store# 07805, ONE INTERNATIONAL PLACE",SHIFT_SUPERVISOR,07805,ONE INTERNATIONAL PLACE,1 International Pl,Boston,MA,,US,,1790740800,2026-09-30,1,2026-10-01,1790836193,2026-10-01,0,False,42.3560381,-71.0522522,481081091886,id:260080724,store:07805,Shift Manager,onsite,"1 International Pl, Boston, Massachusetts, United States",1,MA,CONUS_L0_004_010;CONUS_L1_014_034;CONUS_L1_015_033;CONUS_L1_015_034,4
2026-10-01,260054482,https://apply.starbucks.com/careers/job/481079405500,"shift manager - Store# 07550, TWO ATLANTIC AVENUE",SHIFT_SUPERVISOR,07550,TWO ATLANTIC AVENUE,"2 Atlantic Ave, The Pilot House",Boston,MA,,US,,1783569600,2026-07-09,84,2026-10-01,1783691374,2026-07-10,83,False,42.3640814,-71.05082,481079405500,id:260054482,store:07550,Shift Manager,onsite,"2 Atlantic Ave, The Pilot House, Boston, Massachusetts, United States",1,MA,CONUS_L0_004_010;CONUS_L1_014_034;CONUS_L1_015_033;CONUS_L1_015_034,4
2026-10-01,260062494,https://apply.starbucks.com/careers/job/481080494502,"barista - Store# 07550, TWO ATLANTIC AVENUE",BARISTA,07550,TWO ATLANTIC AVENUE,"2 Atlantic Ave, The Pilot House",Boston,MA,,US,,1787630400,2026-08-25,37,2026-10-01,1787752265,2026-08-26,36,False,42.3640814,-71.05082,481080494502,id:260062494,store:07550,Barista,onsite,"2 Atlantic Ave, The Pilot House, Boston, Massachusetts, United States",1,MA,CONUS_L0_004_010;CONUS_L1_014_034;CONUS_L1_015_033;CONUS_L1_015_034,4
2026-10-01,260060344,https://apply.starbucks.com/careers/job/481080125983,"shift manager - Store# 50497, SOUTH BAY CENTER",SHIFT_SUPERVISOR,50497,SOUTH BAY CENTER,36 District Ave,Dorchester,MA,,US,,1786420800,2026-08-11,51,2026-10-01,1786542323,2026-08-12,50,False,42.32514,-71.06395,481080125983,id:260060344,store:50497,Shift Manager,onsite,"36 District Ave, Dorchester, Massachusetts, United States",1,MA,CONUS_L0_004_010;CONUS_L1_014_034;CONUS_L1_015_033;CONUS_L1_015_034,4
2026-10-01,260079468,https://apply.starbucks.com/careers/job/481080998779,"barista - Store# 50497, SOUTH BAY CENTER",BARISTA,50497,SOUTH BAY CENTER,36 District Ave,Dorchester,MA,,US,,1790222400,2026-09-24,7,2026-10-01,1790344036,2026-09-25,6,False,42.32514,-71.06395,481080998779,id:260079468,store:50497,Barista,onsite,"36 District Ave, Dorchester, Massachusetts, United States",1,MA,CONUS_L0_004_010;CONUS_L1_014_034;CONUS_L1_015_033;CONUS_L1_015_034,4
2026-10-01,260076133,https://apply.starbucks.com/careers/job/481080861457,"barista - Store# 07377, ONE FINANCIAL/DEWEY SQUARE",BARISTA,07377,ONE FINANCIAL/DEWEY SQUARE,1 Financial Ctr,Boston,MA,,US,,1789444800,2026-09-15,16,2026-10-01,1789566608,2026-09-16,15,False,42.3525109,-71.0563104,481080861457,id:260076133,store:07377,Barista,onsite,"1 Financial Ctr, Boston, Massachusetts, United States",1,MA,CONUS_L0_004_010;CONUS_L1_014_034;CONUS_L1_015_033;CONUS_L1_015_034,4
2026-10-01,260080549,https://apply.starbucks.com/careers/job/481081091664,"shift manager - Store# 07377, ONE FINANCIAL/DEWEY SQUARE",SHIFT_SUPERVISOR,07377,ONE FINANCIAL/DEWEY SQUARE,1 Financial Ctr,Boston,MA,,US,,1790740800,2026-09-30,1,2026-10-01,1790836042,2026-10-01,0,False,42.3525109,-71.0563104,481081091664,id:260080549,store:07377,Shift Manager,onsite,"1 Financial Ctr, Boston, Massachusetts, United States",1,MA,CONUS_L0_004_010;CONUS_L1_014_034;CONUS_L1_015_033;CONUS_L1_015_034,4
2026-10-01,260054374,https://apply.starbucks.com/careers/job/481079405575,"barista - Store# 17019, CHELSEA EVERETT AVENUE",BARISTA,17019,CHELSEA EVERETT AVENUE,164 Everett Ave,Chelsea,MA,,US,,1783569600,2026-07-09,84,2026-10-01,1783691297,2026-07-10,83,False,42.39482,-71.04281,481079405575,id:260054374,store:17019,Barista,onsite,"164 Everett Ave, Chelsea, Massachusetts, United States",1,MA,CONUS_L0_004_010;CONUS_L1_015_033;CONUS_L1_015_034,3
2026-10-01,260055092,https://apply.starbucks.com/careers/job/481079453535,"shift manager - Store# 17019, CHELSEA EVERETT AVENUE",SHIFT_SUPERVISOR,17019,CHELSEA EVERETT AVENUE,164 Everett Ave,Chelsea,MA,,US,,1783828800,2026-07-12,81,2026-10-01,1783950326,2026-07-13,80,False,42.39482,-71.04281,481079453535,id:260055092,store:17019,Shift Manager,onsite,"164 Everett Ave, Chelsea, Massachusetts, United States",1,MA,CONUS_L0_004_010;CONUS_L1_015_033;CONUS_L1_015_034,3
2026-10-01,260078785,https://apply.starbucks.com/careers/job/481080949859,"barista - Store# 52529, FANEUIL HALL MRKT PLACE",BARISTA,52529,FANEUIL HALL MRKT PLACE,"8 North Market Street, Suite N 2179A",Boston,MA,,US,,1789963200,2026-09-21,10,2026-10-01,1790084544,2026-09-22,9,False,42.36044,-71.05427,481080949859,id:260078785,store:52529,Barista,onsite,"8 North Market Street, Suite N 2179A, Boston, Massachusetts, United States",1,MA,CONUS_L0_004_010;CONUS_L1_014_034;CONUS_L1_015_033;CONUS_L1_015_034,4
2026-10-01,260055580,https://apply.starbucks.com/careers/job/481079454176,"shift manager - Store# 52529, FANEUIL HALL MRKT PLACE",SHIFT_SUPERVISOR,52529,FANEUIL HALL MRKT PLACE,"8 North Market Street, Suite N 2179A",Boston,MA,,US,,1783828800,2026-07-12,81,2026-10-01,1783950703,2026-07-13,80,False,42.36044,-71.05427,481079454176,id:260055580,store:52529,Shift Manager,onsite,"8 North Market Street, Suite N 2179A, Boston, Massachusetts, United States",1,MA,CONUS_L0_004_010;CONUS_L1_014_034;CONUS_L1_015_033;CONUS_L1_015_034,4
2026-10-01,260055761,https://apply.starbucks.com/careers/job/481079454542,"shift manager - Store# 10599, 125 SUMMER ST.",SHIFT_SUPERVISOR,10599,125 SUMMER ST.,125 Summer St,Boston,MA,,US,,1783828800,2026-07-12,81,2026-10-01,1783950840,2026-07-13,80,False,42.35317,-71.05761,481079454542,id:260055761,store:10599,Shift Manager,onsite,"125 Summer St, Boston, Massachusetts, United States",1,MA,CONUS_L0_004_010;CONUS_L1_014_034;CONUS_L1_015_033;CONUS_L1_015_034,4
2026-10-01,260077398,https://apply.starbucks.com/careers/job/481080890985,"barista - Store# 10599, 125 SUMMER ST.",BARISTA,10599,125 SUMMER ST.,125 Summer St,Boston,MA,,US,,1789617600,2026-09-17,14,2026-10-01,1789739119,2026-09-18,13,False,42.35317,-71.05761,481080890985,id:260077398,store:10599,Barista,onsite,"125 Summer St, Boston, Massachusetts, United States",1,MA,CONUS_L0_004_010;CONUS_L1_014_034;CONUS_L1_015_033;CONUS_L1_015_034,4
2026-10-01,260054255,https://apply.starbucks.com/careers/job/481079405225,"shift manager - Store# 09463, 84 STATE STREET",SHIFT_SUPERVISOR,09463,84 STATE STREET,84 State St,Boston,MA,,US,,1783569600,2026-07-09,84,2026-10-01,1783691214,2026-07-10,83,False,42.3591788,-71.05569919999999,481079405225,id:260054255,store:09463,Shift Manager,onsite,"84 State St, Boston, Massachusetts, United States",1,MA,CONUS_L0_004_010;CONUS_L1_014_034;CONUS_L1_015_033;CONUS_L1_015_034,4
2026-10-01,260080233,https://apply.starbucks.com/careers/job/481081059055,"barista - Store# 09463, 84 STATE STREET",BARISTA,09463,84 STATE STREET,84 State St,Boston,MA,,US,,1790568000,2026-09-28,3,2026-10-01,1790689645,2026-09-29,2,False,42.3591788,-71.05569919999999,481081059055,id:260080233,store:09463,Barista,onsite,"84 State St, Boston, Massachusetts, United States",1,MA,CONUS_L0_004_010;CONUS_L1_014_034;CONUS_L1_015_033;CONUS_L1_015_034,4
2026-10-01,260076072,https://apply.starbucks.com/careers/job/481080861332,"barista - Store# 78975, PEABODY, NEWBURY ST.",BARISTA,78975,"PEABODY, NEWBURY ST.","1 Newbury Street, FRONT",Peabody,MA,,US,,1789444800,2026-09-15,16,2026-10-01,1789566553,2026-09-16,15,False,42.51981,-70.99837,481080861332,id:260076072,store:78975,Barista,onsite,"1 Newbury Street, FRONT, Peabody, Massachusetts, United States",1,MA,CONUS_L0_004_010;CONUS_L1_015_033;CONUS_L1_015_034,3
2026-10-01,260058333,https://apply.starbucks.com/careers/job/481079849878,"shift manager - Store# 78975, PEABODY, NEWBURY ST.",SHIFT_SUPERVISOR,78975,"PEABODY, NEWBURY ST.","1 Newbury Street, FRONT",Peabody,MA,,US,,1784952000,2026-07-25,68,2026-10-01,1785073572,2026-07-26,67,False,42.51981,-70.99837,481079849878,id:260058333,store:78975,Shift Manager,onsite,"1 Newbury Street, FRONT, Peabody, Massachusetts, United States",1,MA,CONUS_L0_004_010;CONUS_L1_015_033;CONUS_L1_015_034,3
2026-10-01,260072121,https://apply.starbucks.com/careers/job/481080765181,"barista - Store# 65423, EASTON ROUTE 106",BARISTA,65423,EASTON ROUTE 106,33 Robert Drive,South Easton,MA,,US,,1788840000,2026-09-08,23,2026-10-01,1788961676,2026-09-09,22,False,42.02561,-71.14381,481080765181,id:260072121,store:65423,Barista,onsite,"33 Robert Drive, South Easton, Massachusetts, United States",1,MA,CONUS_L0_004_010;CONUS_L1_014_034,2
2026-10-01,260077210,https://apply.starbucks.com/careers/job/481080890741,"shift manager - Store# 65423, EASTON ROUTE 106",SHIFT_SUPERVISOR,65423,EASTON ROUTE 106,33 Robert Drive,South Easton,MA,,US,,1789617600,2026-09-17,14,2026-10-01,1789738957,2026-09-18,13,False,42.02561,-71.14381,481080890741,id:260077210,store:65423,Shift Manager,onsite,"33 Robert Drive, South Easton, Massachusetts, United States",1,MA,CONUS_L0_004_010;CONUS_L1_014_034,2
2026-10-01,260061100,https://apply.starbucks.com/careers/job/481080228887,"barista - Store# 13978, SAUGUS, THE SHOPS AT SAUGUS",BARISTA,13978,"SAUGUS, THE SHOPS AT SAUGUS",366 B Broadway,Saugus,MA,,US,,1786939200,2026-08-17,45,2026-10-01,1787060482,2026-08-18,44,False,42.48368,-71.01909,481080228887,id:260061100,store:13978,Barista,onsite,"366 B Broadway, Saugus, Massachusetts, United States",1,MA,CONUS_L0_004_010;CONUS_L1_015_033;CONUS_L1_015_034,3
2026-10-01,260057373,https://apply.starbucks.com/careers/job/481079587861,"shift manager - Store# 13978, SAUGUS, THE SHOPS AT SAUGUS",SHIFT_SUPERVISOR,13978,"SAUGUS, THE SHOPS AT SAUGUS",366 B Broadway,Saugus,MA,,US,,1784347200,2026-07-18,75,2026-10-01,1784468501,2026-07-19,74,False,42.48368,-71.01909,481079587861,id:260057373,store:13978,Shift Manager,onsite,"366 B Broadway, Saugus, Massachusetts, United States",1,MA,CONUS_L0_004_010;CONUS_L1_015_033;CONUS_L1_015_034,3
2026-10-01,260058094,https://apply.starbucks.com/careers/job/481079849386,"shift manager - Store# 07329, NEWBURYPORT",SHIFT_SUPERVISOR,07329,NEWBURYPORT,23 Market Sq,Newburyport,MA,,US,,1784952000,2026-07-25,68,2026-10-01,1785073377,2026-07-26,67,False,42.81116189999999,-70.8694284,481079849386,id:260058094,store:07329,Shift Manager,onsite,"23 Market Sq, Newburyport, Massachusetts, United States",1,MA,CONUS_L0_004_010;CONUS_L1_015_033;CONUS_L1_015_034,3
2026-10-01,260074159,https://apply.starbucks.com/careers/job/481080813947,"barista - Store# 07329, NEWBURYPORT",BARISTA,07329,NEWBURYPORT,23 Market Sq,Newburyport,MA,,US,,1789185600,2026-09-12,19,2026-10-01,1789307575,2026-09-13,18,False,42.81116189999999,-70.8694284,481080813947,id:260074159,store:07329,Barista,onsite,"23 Market Sq, Newburyport, Massachusetts, United States",1,MA,CONUS_L0_004_010;CONUS_L1_015_033;CONUS_L1_015_034,3
2026-10-01,260074021,https://apply.starbucks.com/careers/job/481080813651,"barista - Store# 07269, SAUGUS, ROUTE 1 SOUTH",BARISTA,07269,"SAUGUS, ROUTE 1 SOUTH","855 Broadway, Hillside Plaza",Saugus,MA,,US,,1789185600,2026-09-12,19,2026-10-01,1789307448,2026-09-13,18,False,42.4744337,-71.02458419999999,481080813651,id:260074021,store:07269,Barista,onsite,"855 Broadway, Hillside Plaza, Saugus, Massachusetts, United States",1,MA,CONUS_L0_004_010;CONUS_L1_015_033;CONUS_L1_015_034,3
2026-10-01,260053034,https://apply.starbucks.com/careers/job/481079230126,"shift manager - Store# 07269, SAUGUS, ROUTE 1 SOUTH",SHIFT_SUPERVISOR,07269,"SAUGUS, ROUTE 1 SOUTH","855 Broadway, Hillside Plaza",Saugus,MA,,US,,1783137600,2026-07-04,89,2026-10-01,1783258811,2026-07-05,88,False,42.4744337,-71.02458419999999,481079230126,id:260053034,store:07269,Shift Manager,onsite,"855 Broadway, Hillside Plaza, Saugus, Massachusetts, United States",1,MA,CONUS_L0_004_010,1
2026-10-01,260072510,https://apply.starbucks.com/careers/job/481080795845,"barista - Store# 80674, 176 BOYLSTON ST",BARISTA,80674,176 BOYLSTON ST,176 Boylston St,Boston,MA,,US,,1789012800,2026-09-10,21,2026-10-01,1789135113,2026-09-11,20,False,42.35245,-71.06703,481080795845,id:260072510,store:80674,Barista,onsite,"176 Boylston St, Boston, Massachusetts, United States",1,MA,CONUS_L0_004_010;CONUS_L1_014_034;CONUS_L1_015_033;CONUS_L1_015_034,4
2026-10-01,260064497,https://apply.starbucks.com/careers/job/481080613414,"shift manager - Store# 80674, 176 BOYLSTON ST",SHIFT_SUPERVISOR,80674,176 BOYLSTON ST,176 Boylston St,Boston,MA,,US,,1788062400,2026-08-30,32,2026-10-01,1788183863,2026-08-31,31,False,42.35245,-71.06703,481080613414,id:260064497,store:80674,Shift Manager,onsite,"176 Boylston St, Boston, Massachusetts, United States",1,MA,CONUS_L0_004_010;CONUS_L1_014_034;CONUS_L1_015_033;CONUS_L1_015_034,4
2026-10-01,260057325,https://apply.starbucks.com/careers/job/481079587723,"shift manager - Store# 52676, LYNNFIELD, ROUTE 1",SHIFT_SUPERVISOR,52676,"LYNNFIELD, ROUTE 1",26 Broadway,Lynnfield,MA,,US,,1784347200,2026-07-18,75,2026-10-01,1784468464,2026-07-19,74,False,42.50366,-71.01534,481079587723,id:260057325,store:52676,Shift Manager,onsite,"26 Broadway, Lynnfield, Massachusetts, United States",1,MA,CONUS_L0_004_010;CONUS_L1_015_033;CONUS_L1_015_034,3
2026-10-01,260062034,https://apply.starbucks.com/careers/job/481080429986,"barista - Store# 52676, LYNNFIELD, ROUTE 1",BARISTA,52676,"LYNNFIELD, ROUTE 1",26 Broadway,Lynnfield,MA,,US,,1787457600,2026-08-23,39,2026-10-01,1787579352,2026-08-24,38,False,42.50366,-71.01534,481080429986,id:260062034,store:52676,Barista,onsite,"26 Broadway, Lynnfield, Massachusetts, United States",1,MA,CONUS_L0_004_010;CONUS_L1_015_033;CONUS_L1_015_034,3
2026-10-01,260072982,https://apply.starbucks.com/careers/job/481080797560,"barista - Store# 00857, PICKUP- 222 CAMBRIDGE ST./MGH",BARISTA,00857,PICKUP- 222 CAMBRIDGE ST./MGH,222 Cambridge St,Boston,MA,,US,,1789012800,2026-09-10,21,2026-10-01,1789135516,2026-09-11,20,False,42.3609823,-71.0665423,481080797560,id:260072982,store:00857,Barista,onsite,"222 Cambridge St, Boston, Massachusetts, United States",1,MA,CONUS_L0_004_010;CONUS_L1_014_034;CONUS_L1_015_033;CONUS_L1_015_034,4
2026-10-01,260058060,https://apply.starbucks.com/careers/job/481079849265,"shift manager - Store# 00857, PICKUP- 222 CAMBRIDGE ST./MGH",SHIFT_SUPERVISOR,00857,PICKUP- 222 CAMBRIDGE ST./MGH,222 Cambridge St,Boston,MA,,US,,1784952000,2026-07-25,68,2026-10-01,1785073346,2026-07-26,67,False,42.3609823,-71.0665423,481079849265,id:260058060,store:00857,Shift Manager,onsite,"222 Cambridge St, Boston, Massachusetts, United States",1,MA,CONUS_L0_004_010;CONUS_L1_014_034;CONUS_L1_015_033;CONUS_L1_015_034,4
2026-10-01,260058621,https://apply.starbucks.com/careers/job/481079907036,"shift manager - Store# 29352, Park Plaza Boston",SHIFT_SUPERVISOR,29352,Park Plaza Boston,64 Arlington St,Boston,MA,,US,,1785124800,2026-07-27,66,2026-10-01,1785246139,2026-07-28,65,False,42.35082,-71.06987,481079907036,id:260058621,store:29352,Shift Manager,onsite,"64 Arlington St, Boston, Massachusetts, United States",1,MA,CONUS_L0_004_010;CONUS_L1_014_034;CONUS_L1_015_033;CONUS_L1_015_034,4
2026-10-01,260069108,https://apply.starbucks.com/careers/job/481080710778,"barista - Store# 29352, Park Plaza Boston",BARISTA,29352,Park Plaza Boston,64 Arlington St,Boston,MA,,US,,1788408000,2026-09-03,28,2026-10-01,1788530304,2026-09-04,27,False,42.35082,-71.06987,481080710778,id:260069108,store:29352,Barista,onsite,"64 Arlington St, Boston, Massachusetts, United States",1,MA,CONUS_L0_004_010;CONUS_L1_014_034;CONUS_L1_015_033;CONUS_L1_015_034,4
2026-10-01,260057361,https://apply.starbucks.com/careers/job/481079587780,"shift manager - Store# 00801, BOSTON COMMON",SHIFT_SUPERVISOR,00801,BOSTON COMMON,65-66 Beacon,Boston,MA,,US,,1784347200,2026-07-18,75,2026-10-01,1784468492,2026-07-19,74,False,42.35634,-71.06931,481079587780,id:260057361,store:00801,Shift Manager,onsite,"65-66 Beacon, Boston, Massachusetts, United States",1,MA,CONUS_L0_004_010;CONUS_L1_014_034;CONUS_L1_015_033;CONUS_L1_015_034,4
2026-10-01,260062434,https://apply.starbucks.com/careers/job/481080494249,"barista - Store# 00801, BOSTON COMMON",BARISTA,00801,BOSTON COMMON,65-66 Beacon,Boston,MA,,US,,1787630400,2026-08-25,37,2026-10-01,1787752214,2026-08-26,36,False,42.35634,-71.06931,481080494249,id:260062434,store:00801,Barista,onsite,"65-66 Beacon, Boston, Massachusetts, United States",1,MA,CONUS_L0_004_010;CONUS_L1_014_034;CONUS_L1_015_033;CONUS_L1_015_034,4
2026-10-01,260060625,https://apply.starbucks.com/careers/job/481080162934,"barista - Store# 29720, Charlestown One - Charleston",BARISTA,29720,Charlestown One - Charleston,"One Thompson Square, 1st floor, suite 101",Charlestown,MA,,US,,1786593600,2026-08-13,49,2026-10-01,1786715142,2026-08-14,48,False,42.37534,-71.06384,481080162934,id:260060625,store:29720,Barista,onsite,"One Thompson Square, 1st floor, suite 101, Charlestown, Massachusetts, United States",1,MA,CONUS_L0_004_010;CONUS_L1_014_034;CONUS_L1_015_033;CONUS_L1_015_034,4
2026-10-01,260060650,https://apply.starbucks.com/careers/job/481080162980,"shift manager - Store# 29720, Charlestown One - Charleston",SHIFT_SUPERVISOR,29720,Charlestown One - Charleston,"One Thompson Square, 1st floor, suite 101",Charlestown,MA,,US,,1786593600,2026-08-13,49,2026-10-01,1786715162,2026-08-14,48,False,42.37534,-71.06384,481080162980,id:260060650,store:29720,Shift Manager,onsite,"One Thompson Square, 1st floor, suite 101, Charlestown, Massachusetts, United States",1,MA,CONUS_L0_004_010;CONUS_L1_014_034;CONUS_L1_015_033;CONUS_L1_015_034,4
2026-10-01,260072843,https://apply.starbucks.com/careers/job/481080796710,"barista - Store# 80448, 500 BOYLSTON ST",BARISTA,80448,500 BOYLSTON ST,"500 Boylston St, Suite 185",Boston,MA,,US,,1789012800,2026-09-10,21,2026-10-01,1789135400,2026-09-11,20,False,42.3506,-71.07444,481080796710,id:260072843,store:80448,Barista,onsite,"500 Boylston St, Suite 185, Boston, Massachusetts, United States",1,MA,CONUS_L0_004_010;CONUS_L1_014_034;CONUS_L1_015_033;CONUS_L1_015_034,4
2026-10-01,260061689,https://apply.starbucks.com/careers/job/481080415974,"shift manager - Store# 80448, 500 BOYLSTON ST",SHIFT_SUPERVISOR,80448,500 BOYLSTON ST,"500 Boylston St, Suite 185",Boston,MA,,US,,1787371200,2026-08-22,40,2026-10-01,1787492370,2026-08-23,39,False,42.3506,-71.07444,481080415974,id:260061689,store:80448,Shift Manager,onsite,"500 Boylston St, Suite 185, Boston, Massachusetts, United States",1,MA,CONUS_L0_004_010;CONUS_L1_014_034;CONUS_L1_015_033;CONUS_L1_015_034,4
2026-10-01,260053346,https://apply.starbucks.com/careers/job/481079320110,"barista - Store# 00822, 185 DARTMOUTH ST",BARISTA,00822,185 DARTMOUTH ST,185 Dartmouth St,Boston,MA,,US,,1783310400,2026-07-06,87,2026-10-01,1783432004,2026-07-07,86,False,42.3485745,-71.0762446,481079320110,id:260053346,store:00822,Barista,onsite,"185 Dartmouth St, Boston, Massachusetts, United States",1,MA,CONUS_L0_004_010;CONUS_L1_014_034;CONUS_L1_015_033;CONUS_L1_015_034,4
2026-10-01,260053157,https://apply.starbucks.com/careers/job/481079230260,"shift manager - Store# 00822, 185 DARTMOUTH ST",SHIFT_SUPERVISOR,00822,185 DARTMOUTH ST,185 Dartmouth St,Boston,MA,,US,,1783137600,2026-07-04,89,2026-10-01,1783258908,2026-07-05,88,False,42.3485745,-71.0762446,481079230260,id:260053157,store:00822,Shift Manager,onsite,"185 Dartmouth St, Boston, Massachusetts, United States",1,MA,CONUS_L0_004_010,1
2026-10-01,260069091,https://apply.starbucks.com/careers/job/481080710647,"barista - Store# 49088, COPLEY MARRIOTT",BARISTA,49088,COPLEY MARRIOTT,110 Huntington Ave,Boston,MA,,US,,1788408000,2026-09-03,28,2026-10-01,1788530289,2026-09-04,27,False,42.34706,-71.07898,481080710647,id:260069091,store:49088,Barista,onsite,"110 Huntington Ave, Boston, Massachusetts, United States",1,MA,CONUS_L0_004_010;CONUS_L1_014_034;CONUS_L1_015_033;CONUS_L1_015_034,4
2026-10-01,260055468,https://apply.starbucks.com/careers/job/481079454025,"shift manager - Store# 49088, COPLEY MARRIOTT",SHIFT_SUPERVISOR,49088,COPLEY MARRIOTT,110 Huntington Ave,Boston,MA,,US,,1783828800,2026-07-12,81,2026-10-01,1783950615,2026-07-13,80,False,42.34706,-71.07898,481079454025,id:260055468,store:49088,Shift Manager,onsite,"110 Huntington Ave, Boston, Massachusetts, United States",1,MA,CONUS_L0_004_010;CONUS_L1_014_034;CONUS_L1_015_033;CONUS_L1_015_034,4
2026-10-01,260070255,https://apply.starbucks.com/careers/job/481080731266,"barista - Store# 54813, MIDDLETON, S MAIN ST",BARISTA,54813,"MIDDLETON, S MAIN ST","233 S Main St, TBD",Middleton,MA,,US,,1788580800,2026-09-05,26,2026-10-01,1788702747,2026-09-06,25,False,42.579,-71.0004,481080731266,id:260070255,store:54813,Barista,onsite,"233 S Main St, TBD, Middleton, Massachusetts, United States",1,MA,CONUS_L0_004_010;CONUS_L1_015_033;CONUS_L1_015_034,3
2026-10-01,260056336,https://apply.starbucks.com/careers/job/481079498143,"shift manager - Store# 54813, MIDDLETON, S MAIN ST",SHIFT_SUPERVISOR,54813,"MIDDLETON, S MAIN ST","233 S Main St, TBD",Middleton,MA,,US,,1784001600,2026-07-14,79,2026-10-01,1784123116,2026-07-15,78,False,42.579,-71.0004,481079498143,id:260056336,store:54813,Shift Manager,onsite,"233 S Main St, TBD, Middleton, Massachusetts, United States",1,MA,CONUS_L0_004_010;CONUS_L1_015_033;CONUS_L1_015_034,3
2026-10-01,260073323,https://apply.starbucks.com/careers/job/481080798412,"barista - Store# 00872, 350 NEWBURY",BARISTA,00872,350 NEWBURY,350 Newbury St,Boston,MA,,US,,1789012800,2026-09-10,21,2026-10-01,1789135807,2026-09-11,20,False,42.3481144,-71.0871579,481080798412,id:260073323,store:00872,Barista,onsite,"350 Newbury St, Boston, Massachusetts, United States",1,MA,CONUS_L0_004_010;CONUS_L1_014_034;CONUS_L1_015_033;CONUS_L1_015_034,4
2026-10-01,260053158,https://apply.starbucks.com/careers/job/481079230277,"shift manager - Store# 00872, 350 NEWBURY",SHIFT_SUPERVISOR,00872,350 NEWBURY,350 Newbury St,Boston,MA,,US,,1783137600,2026-07-04,89,2026-10-01,1783258909,2026-07-05,88,False,42.3481144,-71.0871579,481079230277,id:260053158,store:00872,Shift Manager,onsite,"350 Newbury St, Boston, Massachusetts, United States",1,MA,CONUS_L0_004_010,1
2026-10-01,260055662,https://apply.starbucks.com/careers/job/481079454500,"shift manager - Store# 07639, CANTON, COBBS CORNER",SHIFT_SUPERVISOR,07639,"CANTON, COBBS CORNER","1 Washington St, 3",Canton,MA,,US,,1783828800,2026-07-12,81,2026-10-01,1783950766,2026-07-13,80,False,42.1386297,-71.1489131,481079454500,id:260055662,store:07639,Shift Manager,onsite,"1 Washington St, 3, Canton, Massachusetts, United States",1,MA,CONUS_L0_004_010;CONUS_L1_014_034;CONUS_L1_015_034,3
2026-10-01,260061122,https://apply.starbucks.com/careers/job/481080229016,"barista - Store# 07639, CANTON, COBBS CORNER",BARISTA,07639,"CANTON, COBBS CORNER","1 Washington St, 3",Canton,MA,,US,,1786939200,2026-08-17,45,2026-10-01,1787060509,2026-08-18,44,False,42.1386297,-71.1489131,481080229016,id:260061122,store:07639,Barista,onsite,"1 Washington St, 3, Canton, Massachusetts, United States",1,MA,CONUS_L0_004_010;CONUS_L1_014_034;CONUS_L1_015_034,3
2026-10-01,260055367,https://apply.starbucks.com/careers/job/481079453885,"shift manager - Store# 17087, MARKET STREET",SHIFT_SUPERVISOR,17087,MARKET STREET,"420 Market St, Market Street at Lynnfield",Lynnfield,MA,,US,,1783828800,2026-07-12,81,2026-10-01,1783950537,2026-07-13,80,False,42.51511,-71.03373,481079453885,id:260055367,store:17087,Shift Manager,onsite,"420 Market St, Market Street at Lynnfield, Lynnfield, Massachusetts, United States",1,MA,CONUS_L0_004_010;CONUS_L1_015_033;CONUS_L1_015_034,3
2026-10-01,260069078,https://apply.starbucks.com/careers/job/481080710637,"barista - Store# 17087, MARKET STREET",BARISTA,17087,MARKET STREET,"420 Market St, Market Street at Lynnfield",Lynnfield,MA,,US,,1788408000,2026-09-03,28,2026-10-01,1788530278,2026-09-04,27,False,42.51511,-71.03373,481080710637,id:260069078,store:17087,Barista,onsite,"420 Market St, Market Street at Lynnfield, Lynnfield, Massachusetts, United States",1,MA,CONUS_L0_004_010;CONUS_L1_015_033;CONUS_L1_015_034,3
2026-10-01,260057291,https://apply.starbucks.com/careers/job/481079587678,"barista - Store# 08742, KENDALL SQUARE",BARISTA,08742,KENDALL SQUARE,"120 Broadway, 6 Cambridge Center",Cambridge,MA,,US,,1784347200,2026-07-18,75,2026-10-01,1784468439,2026-07-19,74,False,42.36384959999999,-71.0878295,481079587678,id:260057291,store:08742,Barista,onsite,"120 Broadway, 6 Cambridge Center, Cambridge, Massachusetts, United States",1,MA,CONUS_L0_004_010;CONUS_L1_014_034;CONUS_L1_015_033;CONUS_L1_015_034,4
2026-10-01,260053873,https://apply.starbucks.com/careers/job/481079404556,"shift manager - Store# 08742, KENDALL SQUARE",SHIFT_SUPERVISOR,08742,KENDALL SQUARE,"120 Broadway, 6 Cambridge Center",Cambridge,MA,,US,,1783569600,2026-07-09,84,2026-10-01,1783690942,2026-07-10,83,False,42.36384959999999,-71.0878295,481079404556,id:260053873,store:08742,Shift Manager,onsite,"120 Broadway, 6 Cambridge Center, Cambridge, Massachusetts, United States",1,MA,CONUS_L0_004_010;CONUS_L1_014_034;CONUS_L1_015_033;CONUS_L1_015_034,4
2026-10-01,260067297,https://apply.starbucks.com/careers/job/481080699321,"barista - Store# 19383, ASSEMBLY ROW - SOMERVILLE",BARISTA,19383,ASSEMBLY ROW - SOMERVILLE,"700 Grand Union Blvd, Assembly Row Shops",Somerville,MA,,US,,1788321600,2026-09-02,29,2026-10-01,1788456165,2026-09-03,28,False,42.39655,-71.08231,481080699321,id:260067297,store:19383,Barista,onsite,"700 Grand Union Blvd, Assembly Row Shops, Somerville, Massachusetts, United States",1,MA,CONUS_L0_004_010;CONUS_L1_015_033;CONUS_L1_015_034,3
2026-10-01,260059949,https://apply.starbucks.com/careers/job/481080079144,"shift manager - Store# 19383, ASSEMBLY ROW - SOMERVILLE",SHIFT_SUPERVISOR,19383,ASSEMBLY ROW - SOMERVILLE,"700 Grand Union Blvd, Assembly Row Shops",Somerville,MA,,US,,1786161600,2026-08-08,54,2026-10-01,1786283233,2026-08-09,53,False,42.39655,-71.08231,481080079144,id:260059949,store:19383,Shift Manager,onsite,"700 Grand Union Blvd, Assembly Row Shops, Somerville, Massachusetts, United States",1,MA,CONUS_L0_004_010;CONUS_L1_015_033;CONUS_L1_015_034,3
2026-10-01,260069545,https://apply.starbucks.com/careers/job/481080730454,"barista - Store# 66360, MALDEN CENTER",BARISTA,66360,MALDEN CENTER,30 Commercial St,Malden,MA,,US,,1788580800,2026-09-05,26,2026-10-01,1788702185,2026-09-06,25,False,42.42637,-71.07335,481080730454,id:260069545,store:66360,Barista,onsite,"30 Commercial St, Malden, Massachusetts, United States",1,MA,CONUS_L0_004_010;CONUS_L1_015_033;CONUS_L1_015_034,3
2026-10-01,260078149,https://apply.starbucks.com/careers/job/481080923766,"shift manager - Store# 66360, MALDEN CENTER",SHIFT_SUPERVISOR,66360,MALDEN CENTER,30 Commercial St,Malden,MA,,US,,1789790400,2026-09-19,12,2026-10-01,1789911781,2026-09-20,11,False,42.42637,-71.07335,481080923766,id:260078149,store:66360,Shift Manager,onsite,"30 Commercial St, Malden, Massachusetts, United States",1,MA,CONUS_L0_004_010;CONUS_L1_015_033;CONUS_L1_015_034,3
2026-10-01,260070029,https://apply.starbucks.com/careers/job/481080730974,"barista - Store# 08988, STATION LANDING",BARISTA,08988,STATION LANDING,"5 Revere Beach Pkwy., Station Landing Phase 1",Medford,MA,,US,,1788580800,2026-09-05,26,2026-10-01,1788702569,2026-09-06,25,False,42.4043139,-71.0812866,481080730974,id:260070029,store:08988,Barista,onsite,"5 Revere Beach Pkwy., Station Landing Phase 1, Medford, Massachusetts, United States",1,MA,CONUS_L0_004_010;CONUS_L1_015_033;CONUS_L1_015_034,3
2026-10-01,260052968,https://apply.starbucks.com/careers/job/481079230070,"shift manager - Store# 08988, STATION LANDING",SHIFT_SUPERVISOR,08988,STATION LANDING,"5 Revere Beach Pkwy., Station Landing Phase 1",Medford,MA,,US,,1783137600,2026-07-04,89,2026-10-01,1783258758,2026-07-05,88,False,42.4043139,-71.0812866,481079230070,id:260052968,store:08988,Shift Manager,onsite,"5 Revere Beach Pkwy., Station Landing Phase 1, Medford, Massachusetts, United States",1,MA,CONUS_L0_004_010,1
2026-10-01,260078064,https://apply.starbucks.com/careers/job/481080923557,"barista - Store# 11726, FENWAY, TRILOGY",BARISTA,11726,"FENWAY, TRILOGY","142-148 Brookline Ave, Trilogy",Boston,MA,,US,,1789790400,2026-09-19,12,2026-10-01,1789911710,2026-09-20,11,False,42.34427,-71.1014,481080923557,id:260078064,store:11726,Barista,onsite,"142-148 Brookline Ave, Trilogy, Boston, Massachusetts, United States",1,MA,CONUS_L0_004_010;CONUS_L1_014_034;CONUS_L1_015_033;CONUS_L1_015_034,4
2026-10-01,260054191,https://apply.starbucks.com/careers/job/481079405115,"shift manager - Store# 11726, FENWAY, TRILOGY",SHIFT_SUPERVISOR,11726,"FENWAY, TRILOGY","142-148 Brookline Ave, Trilogy",Boston,MA,,US,,1783569600,2026-07-09,84,2026-10-01,1783691168,2026-07-10,83,False,42.34427,-71.1014,481079405115,id:260054191,store:11726,Shift Manager,onsite,"142-148 Brookline Ave, Trilogy, Boston, Massachusetts, United States",1,MA,CONUS_L0_004_010;CONUS_L1_014_034;CONUS_L1_015_033;CONUS_L1_015_034,4
2026-10-01,260077964,https://apply.starbucks.com/careers/job/481080923164,"barista - Store# 07258, DELIVERY ONLY- MELROSE CENTER",BARISTA,07258,DELIVERY ONLY- MELROSE CENTER,521 Main St,Melrose,MA,,US,,1789790400,2026-09-19,12,2026-10-01,1789911627,2026-09-20,11,False,42.4554442,-71.0647962,481080923164,id:260077964,store:07258,Barista,onsite,"521 Main St, Melrose, Massachusetts, United States",1,MA,CONUS_L0_004_010;CONUS_L1_015_033;CONUS_L1_015_034,3
2026-10-01,260074371,https://apply.starbucks.com/careers/job/481080814277,"shift manager - Store# 07258, DELIVERY ONLY- MELROSE CENTER",SHIFT_SUPERVISOR,07258,DELIVERY ONLY- MELROSE CENTER,521 Main St,Melrose,MA,,US,,1789185600,2026-09-12,19,2026-10-01,1789307775,2026-09-13,18,False,42.4554442,-71.0647962,481080814277,id:260074371,store:07258,Shift Manager,onsite,"521 Main St, Melrose, Massachusetts, United States",1,MA,CONUS_L0_004_010;CONUS_L1_015_033;CONUS_L1_015_034,3
2026-10-01,260054222,https://apply.starbucks.com/careers/job/481079405193,"shift manager - Store# 07804, Starbucks - Children's Hospital",SHIFT_SUPERVISOR,07804,Starbucks - Children's Hospital,"283 Longwood Ave, Unit C",Boston,MA,,US,,1783569600,2026-07-09,84,2026-10-01,1783691190,2026-07-10,83,False,42.3379524,-71.1044442,481079405193,id:260054222,store:07804,Shift Manager,onsite,"283 Longwood Ave, Unit C, Boston, Massachusetts, United States",1,MA,CONUS_L0_004_010;CONUS_L1_014_034;CONUS_L1_015_033;CONUS_L1_015_034,4
2026-10-01,260080626,https://apply.starbucks.com/careers/job/481081091761,"barista - Store# 07804, Starbucks - Children's Hospital",BARISTA,07804,Starbucks - Children's Hospital,"283 Longwood Ave, Unit C",Boston,MA,,US,,1790740800,2026-09-30,1,2026-10-01,1790836109,2026-10-01,0,False,42.3379524,-71.1044442,481081091761,id:260080626,store:07804,Barista,onsite,"283 Longwood Ave, Unit C, Boston, Massachusetts, United States",1,MA,CONUS_L0_004_010;CONUS_L1_014_034;CONUS_L1_015_033;CONUS_L1_015_034,4
2026-10-01,260062929,https://apply.starbucks.com/careers/job/481080532511,"barista - Store# 07224, PICKUP- BETH ISRAEL",BARISTA,07224,PICKUP- BETH ISRAEL,364 Brookline Ave,Boston,MA,,US,,1787716800,2026-08-26,36,2026-10-01,1787838321,2026-08-27,35,False,42.3390468,-71.10631819999999,481080532511,id:260062929,store:07224,Barista,onsite,"364 Brookline Ave, Boston, Massachusetts, United States",1,MA,CONUS_L0_004_010;CONUS_L1_014_034;CONUS_L1_015_033;CONUS_L1_015_034,4
2026-10-01,260058211,https://apply.starbucks.com/careers/job/481079849731,"shift manager - Store# 07224, PICKUP- BETH ISRAEL",SHIFT_SUPERVISOR,07224,PICKUP- BETH ISRAEL,364 Brookline Ave,Boston,MA,,US,,1784952000,2026-07-25,68,2026-10-01,1785073473,2026-07-26,67,False,42.3390468,-71.10631819999999,481079849731,id:260058211,store:07224,Shift Manager,onsite,"364 Brookline Ave, Boston, Massachusetts, United States",1,MA,CONUS_L0_004_010;CONUS_L1_014_034;CONUS_L1_015_033;CONUS_L1_015_034,4
2026-10-01,260057315,https://apply.starbucks.com/careers/job/481079587710,"shift manager - Store# 22915, WESTWOOD STATION",SHIFT_SUPERVISOR,22915,WESTWOOD STATION,101 University Ave,Westwood,MA,,US,,1784347200,2026-07-18,75,2026-10-01,1784468457,2026-07-19,74,False,42.2082688,-71.15168290000001,481079587710,id:260057315,store:22915,Shift Manager,onsite,"101 University Ave, Westwood, Massachusetts, United States",1,MA,CONUS_L0_004_010;CONUS_L1_014_034;CONUS_L1_015_033;CONUS_L1_015_034,4
2026-10-01,260057910,https://apply.starbucks.com/careers/job/481079679832,"barista - Store# 07481, BROOKLINE VILLAGE",BARISTA,07481,BROOKLINE VILLAGE,15 Harvard St,Brookline,MA,,US,,1784692800,2026-07-22,71,2026-10-01,1784814341,2026-07-23,70,False,42.3336808,-71.1185319,481079679832,id:260057910,store:07481,Barista,onsite,"15 Harvard St, Brookline, Massachusetts, United States",1,MA,CONUS_L0_004_010;CONUS_L1_014_034;CONUS_L1_015_033;CONUS_L1_015_034,4
2026-10-01,260079589,https://apply.starbucks.com/careers/job/481080999035,"shift manager - Store# 07481, BROOKLINE VILLAGE",SHIFT_SUPERVISOR,07481,BROOKLINE VILLAGE,15 Harvard St,Brookline,MA,,US,,1790222400,2026-09-24,7,2026-10-01,1790344140,2026-09-25,6,False,42.3336808,-71.1185319,481080999035,id:260079589,store:07481,Shift Manager,onsite,"15 Harvard St, Brookline, Massachusetts, United States",1,MA,CONUS_L0_004_010;CONUS_L1_014_034;CONUS_L1_015_033;CONUS_L1_015_034,4
2026-10-01,260029947,https://apply.starbucks.com/careers/job/481077826268,"store manager - Cambridge, MA",STORE_MANAGER,,,,Cambridge,MA,,US,,1790378570,2026-09-25,6,2026-10-01,1776267945,2026-04-15,169,True,42.3736158,-71.10973349999999,481077826268,id:260029947,,Coffeehouse Leader,onsite,"Cambridge, Massachusetts, United States",1,MA,CONUS_L0_004_010;CONUS_L1_014_034;CONUS_L1_015_033;CONUS_L1_015_034,4
2026-10-01,260072971,https://apply.starbucks.com/careers/job/481080797545,"barista - Store# 80892, AMESBURY",BARISTA,80892,AMESBURY,39 Clarks Rd,Amesbury,MA,,US,,1789012800,2026-09-10,21,2026-10-01,1789135507,2026-09-11,20,False,42.8447737,-70.90687640000002,481080797545,id:260072971,store:80892,Barista,onsite,"39 Clarks Rd, Amesbury, Massachusetts, United States",1,MA,CONUS_L0_004_010;CONUS_L1_015_033;CONUS_L1_015_034,3
2026-10-01,260073212,https://apply.starbucks.com/careers/job/481080798056,"shift manager - Store# 80892, AMESBURY",SHIFT_SUPERVISOR,80892,AMESBURY,39 Clarks Rd,Amesbury,MA,,US,,1789012800,2026-09-10,21,2026-10-01,1789135710,2026-09-11,20,False,42.8447737,-70.90687640000002,481080798056,id:260073212,store:80892,Shift Manager,onsite,"39 Clarks Rd, Amesbury, Massachusetts, United States",1,MA,CONUS_L0_004_010;CONUS_L1_015_033;CONUS_L1_015_034,3
2026-10-01,260072546,https://apply.starbucks.com/careers/job/481080795911,"barista - Store# 00810, BROADWAY MARKETPLACE",BARISTA,00810,BROADWAY MARKETPLACE,468 Broadway,Cambridge,MA,,US,,1789012800,2026-09-10,21,2026-10-01,1789135144,2026-09-11,20,False,42.3737524,-71.11314700000001,481080795911,id:260072546,store:00810,Barista,onsite,"468 Broadway, Cambridge, Massachusetts, United States",1,MA,CONUS_L0_004_010;CONUS_L1_014_034;CONUS_L1_015_033;CONUS_L1_015_034,4
2026-10-01,260053060,https://apply.starbucks.com/careers/job/481079230153,"shift manager - Store# 00810, BROADWAY MARKETPLACE",SHIFT_SUPERVISOR,00810,BROADWAY MARKETPLACE,468 Broadway,Cambridge,MA,,US,,1783137600,2026-07-04,89,2026-10-01,1783258832,2026-07-05,88,False,42.3737524,-71.11314700000001,481079230153,id:260053060,store:00810,Shift Manager,onsite,"468 Broadway, Cambridge, Massachusetts, United States",1,MA,CONUS_L0_004_010,1
2026-10-01,260062270,https://apply.starbucks.com/careers/job/481080460524,"barista - Store# 02764, SOMERVILLE AVENUE",BARISTA,02764,SOMERVILLE AVENUE,711-723 Somerville Ave,Somerville,MA,,US,,1787544000,2026-08-24,38,2026-10-01,1787665445,2026-08-25,37,False,42.38608,-71.11418,481080460524,id:260062270,store:02764,Barista,onsite,"711-723 Somerville Ave, Somerville, Massachusetts, United States",1,MA,CONUS_L0_004_010;CONUS_L1_015_033;CONUS_L1_015_034,3
2026-10-01,260061602,https://apply.starbucks.com/careers/job/481080387379,"shift manager - Store# 02764, SOMERVILLE AVENUE",SHIFT_SUPERVISOR,02764,SOMERVILLE AVENUE,711-723 Somerville Ave,Somerville,MA,,US,,1787198400,2026-08-20,42,2026-10-01,1787319621,2026-08-21,41,False,42.38608,-71.11418,481080387379,id:260061602,store:02764,Shift Manager,onsite,"711-723 Somerville Ave, Somerville, Massachusetts, United States",1,MA,CONUS_L0_004_010;CONUS_L1_015_033;CONUS_L1_015_034,3
2026-10-01,260071633,https://apply.starbucks.com/careers/job/481080764441,"barista - Store# 22253, 1304 COMMONWEALTH AVE",BARISTA,22253,1304 COMMONWEALTH AVE,1304 Commonwealth Ave,Allston,MA,,US,,1788840000,2026-09-08,23,2026-10-01,1788961283,2026-09-09,22,False,42.34846,-71.1341,481080764441,id:260071633,store:22253,Barista,onsite,"1304 Commonwealth Ave, Allston, Massachusetts, United States",1,MA,CONUS_L0_004_010;CONUS_L1_014_034;CONUS_L1_015_033;CONUS_L1_015_034,4
2026-10-01,260053058,https://apply.starbucks.com/careers/job/481079230159,"shift manager - Store# 22253, 1304 COMMONWEALTH AVE",SHIFT_SUPERVISOR,22253,1304 COMMONWEALTH AVE,1304 Commonwealth Ave,Allston,MA,,US,,1783137600,2026-07-04,89,2026-10-01,1783258830,2026-07-05,88,False,42.34846,-71.1341,481079230159,id:260053058,store:22253,Shift Manager,onsite,"1304 Commonwealth Ave, Allston, Massachusetts, United States",1,MA,CONUS_L0_004_010,1
2026-10-01,260054436,https://apply.starbucks.com/careers/job/481079405480,"shift manager - Store# 07808, WEST ROXBURY ROCHE BROS",SHIFT_SUPERVISOR,07808,WEST ROXBURY ROCHE BROS,"1810 Centre Street, Roche Bros. Shopping Center",West Roxbury,MA,,US,,1783569600,2026-07-09,84,2026-10-01,1783691342,2026-07-10,83,False,42.2872,-71.15257,481079405480,id:260054436,store:07808,Shift Manager,onsite,"1810 Centre Street, Roche Bros. Shopping Center, West Roxbury, Massachusetts, United States",1,MA,CONUS_L0_004_010;CONUS_L1_014_034;CONUS_L1_015_033;CONUS_L1_015_034,4
2026-10-01,260075106,https://apply.starbucks.com/careers/job/481080821053,"barista - Store# 07808, WEST ROXBURY ROCHE BROS",BARISTA,07808,WEST ROXBURY ROCHE BROS,"1810 Centre Street, Roche Bros. Shopping Center",West Roxbury,MA,,US,,1789272000,2026-09-13,18,2026-10-01,1789394649,2026-09-14,17,False,42.2872,-71.15257,481080821053,id:260075106,store:07808,Barista,onsite,"1810 Centre Street, Roche Bros. Shopping Center, West Roxbury, Massachusetts, United States",1,MA,CONUS_L0_004_010;CONUS_L1_014_034;CONUS_L1_015_033;CONUS_L1_015_034,4
2026-10-01,260079985,https://apply.starbucks.com/careers/job/481081029523,"barista - Store# 00880, SOUTH BROOKLINE",BARISTA,00880,SOUTH BROOKLINE,183 Grove St,Chestnut Hill,MA,,US,,1790481600,2026-09-27,4,2026-10-01,1790603370,2026-09-28,3,False,42.3032085,-71.1521391,481081029523,id:260079985,store:00880,Barista,onsite,"183 Grove St, Chestnut Hill, Massachusetts, United States",1,MA,CONUS_L0_004_010;CONUS_L1_014_034;CONUS_L1_015_033;CONUS_L1_015_034,4
2026-10-01,260055346,https://apply.starbucks.com/careers/job/481079453884,"shift manager - Store# 00880, SOUTH BROOKLINE",SHIFT_SUPERVISOR,00880,SOUTH BROOKLINE,183 Grove St,Chestnut Hill,MA,,US,,1783828800,2026-07-12,81,2026-10-01,1783950521,2026-07-13,80,False,42.3032085,-71.1521391,481079453884,id:260055346,store:00880,Shift Manager,onsite,"183 Grove St, Chestnut Hill, Massachusetts, United States",1,MA,CONUS_L0_004_010;CONUS_L1_014_034;CONUS_L1_015_033;CONUS_L1_015_034,4
2026-10-01,260057468,https://apply.starbucks.com/careers/job/481079604840,"barista - Store# 09523, DEDHAM MALL, PAD",BARISTA,09523,"DEDHAM MALL, PAD",250 Providence Highway,Dedham,MA,,US,,1784433600,2026-07-19,74,2026-10-01,1784554788,2026-07-20,73,False,42.2562767,-71.168756,481079604840,id:260057468,store:09523,Barista,onsite,"250 Providence Highway, Dedham, Massachusetts, United States",1,MA,CONUS_L0_004_010;CONUS_L1_014_034;CONUS_L1_015_033;CONUS_L1_015_034,4
2026-10-01,260058950,https://apply.starbucks.com/careers/job/481079944432,"shift manager - Store# 09523, DEDHAM MALL, PAD",SHIFT_SUPERVISOR,09523,"DEDHAM MALL, PAD",250 Providence Highway,Dedham,MA,,US,,1785297600,2026-07-29,64,2026-10-01,1785418777,2026-07-30,63,False,42.2562767,-71.168756,481079944432,id:260058950,store:09523,Shift Manager,onsite,"250 Providence Highway, Dedham, Massachusetts, United States",1,MA,CONUS_L0_004_010;CONUS_L1_014_034;CONUS_L1_015_033;CONUS_L1_015_034,4
2026-10-01,260077700,https://apply.starbucks.com/careers/job/481080891467,"barista - Store# 03433, NORWOOD RTE. 1 NORTH",BARISTA,03433,NORWOOD RTE. 1 NORTH,1000 Providence Highway,Norwood,MA,,US,,1789617600,2026-09-17,14,2026-10-01,1789739380,2026-09-18,13,False,42.1781315,-71.1904344,481080891467,id:260077700,store:03433,Barista,onsite,"1000 Providence Highway, Norwood, Massachusetts, United States",1,MA,CONUS_L0_004_010;CONUS_L1_014_034;CONUS_L1_015_033;CONUS_L1_015_034,4
2026-10-01,260060935,https://apply.starbucks.com/careers/job/481080183439,"shift manager - Store# 03433, NORWOOD RTE. 1 NORTH",SHIFT_SUPERVISOR,03433,NORWOOD RTE. 1 NORTH,1000 Providence Highway,Norwood,MA,,US,,1786766400,2026-08-15,47,2026-10-01,1786887981,2026-08-16,46,False,42.1781315,-71.1904344,481080183439,id:260060935,store:03433,Shift Manager,onsite,"1000 Providence Highway, Norwood, Massachusetts, United States",1,MA,CONUS_L0_004_010;CONUS_L1_014_034;CONUS_L1_015_033;CONUS_L1_015_034,4
2026-10-01,260057238,https://apply.starbucks.com/careers/job/481079587610,"barista - Store# 28850, DEDHAM ROUTE 1 SOUTH",BARISTA,28850,DEDHAM ROUTE 1 SOUTH,875 Providence Highway,Dedham,MA,,US,,1784347200,2026-07-18,75,2026-10-01,1784468398,2026-07-19,74,False,42.23532,-71.17965,481079587610,id:260057238,store:28850,Barista,onsite,"875 Providence Highway, Dedham, Massachusetts, United States",1,MA,CONUS_L0_004_010;CONUS_L1_014_034;CONUS_L1_015_033;CONUS_L1_015_034,4
2026-10-01,260058192,https://apply.starbucks.com/careers/job/481079849699,"shift manager - Store# 28850, DEDHAM ROUTE 1 SOUTH",SHIFT_SUPERVISOR,28850,DEDHAM ROUTE 1 SOUTH,875 Providence Highway,Dedham,MA,,US,,1784952000,2026-07-25,68,2026-10-01,1785073457,2026-07-26,67,False,42.23532,-71.17965,481079849699,id:260058192,store:28850,Shift Manager,onsite,"875 Providence Highway, Dedham, Massachusetts, United States",1,MA,CONUS_L0_004_010;CONUS_L1_014_034;CONUS_L1_015_033;CONUS_L1_015_034,4
2026-10-01,260078972,https://apply.starbucks.com/careers/job/481080964985,"barista - Store# 07283, MEDFORD- WHOLE FOODS",BARISTA,07283,MEDFORD- WHOLE FOODS,2151 Mystic Valley Pkwy,Medford,MA,,US,,1790049600,2026-09-22,9,2026-10-01,1790171081,2026-09-23,8,False,42.41717910000001,-71.126102,481080964985,id:260078972,store:07283,Barista,onsite,"2151 Mystic Valley Pkwy, Medford, Massachusetts, United States",1,MA,CONUS_L0_004_010;CONUS_L1_015_033;CONUS_L1_015_034,3
2026-10-01,260056424,https://apply.starbucks.com/careers/job/481079498281,"shift manager - Store# 07283, MEDFORD- WHOLE FOODS",SHIFT_SUPERVISOR,07283,MEDFORD- WHOLE FOODS,2151 Mystic Valley Pkwy,Medford,MA,,US,,1784001600,2026-07-14,79,2026-10-01,1784123182,2026-07-15,78,False,42.41717910000001,-71.126102,481079498281,id:260056424,store:07283,Shift Manager,onsite,"2151 Mystic Valley Pkwy, Medford, Massachusetts, United States",1,MA,CONUS_L0_004_010;CONUS_L1_015_033;CONUS_L1_015_034,3
2026-10-01,260060886,https://apply.starbucks.com/careers/job/481080183397,"barista - Store# 09269, WALKERS BROOK",BARISTA,09269,WALKERS BROOK,24 Walkers Brook Drive,Reading,MA,,US,,1786766400,2026-08-15,47,2026-10-01,1786887941,2026-08-16,46,False,42.5199626,-71.0938352,481080183397,id:260060886,store:09269,Barista,onsite,"24 Walkers Brook Drive, Reading, Massachusetts, United States",1,MA,CONUS_L0_004_010;CONUS_L1_015_033;CONUS_L1_015_034,3
2026-10-01,260054704,https://apply.starbucks.com/careers/job/481079406079,"shift manager - Store# 09269, WALKERS BROOK",SHIFT_SUPERVISOR,09269,WALKERS BROOK,24 Walkers Brook Drive,Reading,MA,,US,,1783569600,2026-07-09,84,2026-10-01,1783691532,2026-07-10,83,False,42.5199626,-71.0938352,481079406079,id:260054704,store:09269,Shift Manager,onsite,"24 Walkers Brook Drive, Reading, Massachusetts, United States",1,MA,CONUS_L0_004_010;CONUS_L1_015_033;CONUS_L1_015_034,3
2026-10-01,260063442,https://apply.starbucks.com/careers/job/481080566140,"barista - Store# 08873, CAMBRIDGE, FRESH POND",BARISTA,08873,"CAMBRIDGE, FRESH POND",222 Alewife Brook Pkwy,Cambridge,MA,,US,,1787803200,2026-08-27,35,2026-10-01,1787924925,2026-08-28,34,False,42.3887673,-71.1423597,481080566140,id:260063442,store:08873,Barista,onsite,"222 Alewife Brook Pkwy, Cambridge, Massachusetts, United States",1,MA,CONUS_L0_004_010;CONUS_L1_015_033;CONUS_L1_015_034,3
2026-10-01,260053103,https://apply.starbucks.com/careers/job/481079230199,"shift manager - Store# 08873, CAMBRIDGE, FRESH POND",SHIFT_SUPERVISOR,08873,"CAMBRIDGE, FRESH POND",222 Alewife Brook Pkwy,Cambridge,MA,,US,,1783137600,2026-07-04,89,2026-10-01,1783258867,2026-07-05,88,False,42.3887673,-71.1423597,481079230199,id:260053103,store:08873,Shift Manager,onsite,"222 Alewife Brook Pkwy, Cambridge, Massachusetts, United States",1,MA,CONUS_L0_004_010,1
2026-10-01,260057288,https://apply.starbucks.com/careers/job/481079587682,"shift manager - Store# 47754, FOXBOROUGH, FORBES CROSSING",SHIFT_SUPERVISOR,47754,"FOXBOROUGH, FORBES CROSSING","4 Foxborough Blvd, Unit 420",Foxboro,MA,,US,,1784347200,2026-07-18,75,2026-10-01,1784468437,2026-07-19,74,False,42.03636,-71.23401,481079587682,id:260057288,store:47754,Shift Manager,onsite,"4 Foxborough Blvd, Unit 420, Foxboro, Massachusetts, United States",1,MA,CONUS_L0_004_010;CONUS_L1_014_034,2
2026-10-01,260054805,https://apply.starbucks.com/careers/job/481079406392,"barista - Store# 47754, FOXBOROUGH, FORBES CROSSING",BARISTA,47754,"FOXBOROUGH, FORBES CROSSING","4 Foxborough Blvd, Unit 420",Foxboro,MA,,US,,1783569600,2026-07-09,84,2026-10-01,1783691605,2026-07-10,83,False,42.03636,-71.23401,481079406392,id:260054805,store:47754,Barista,onsite,"4 Foxborough Blvd, Unit 420, Foxboro, Massachusetts, United States",1,MA,CONUS_L0_004_010;CONUS_L1_014_034,2
2026-10-01,260058945,https://apply.starbucks.com/careers/job/481079944428,"barista - Store# 07823, BRIGHTON VILLAGE",BARISTA,07823,BRIGHTON VILLAGE,470 Washington St,Brighton,MA,,US,,1785297600,2026-07-29,64,2026-10-01,1785418773,2026-07-30,63,False,42.34874,-71.15985,481079944428,id:260058945,store:07823,Barista,onsite,"470 Washington St, Brighton, Massachusetts, United States",1,MA,CONUS_L0_004_010;CONUS_L1_014_034;CONUS_L1_015_033;CONUS_L1_015_034,4
2026-10-01,260054056,https://apply.starbucks.com/careers/job/481079404811,"shift manager - Store# 07823, BRIGHTON VILLAGE",SHIFT_SUPERVISOR,07823,BRIGHTON VILLAGE,470 Washington St,Brighton,MA,,US,,1783569600,2026-07-09,84,2026-10-01,1783691073,2026-07-10,83,False,42.34874,-71.15985,481079404811,id:260054056,store:07823,Shift Manager,onsite,"470 Washington St, Brighton, Massachusetts, United States",1,MA,CONUS_L0_004_010;CONUS_L1_014_034;CONUS_L1_015_033;CONUS_L1_015_034,4
2026-10-01,260080051,https://apply.starbucks.com/careers/job/481081029676,"shift manager - Store# 07772, READING",SHIFT_SUPERVISOR,07772,READING,288 Main St,Reading,MA,,US,,1790481600,2026-09-27,4,2026-10-01,1790603436,2026-09-28,3,False,42.5156664,-71.1040608,481081029676,id:260080051,store:07772,Shift Manager,onsite,"288 Main St, Reading, Massachusetts, United States",1,MA,CONUS_L0_004_010;CONUS_L1_015_033;CONUS_L1_015_034,3
2026-10-01,260074248,https://apply.starbucks.com/careers/job/481080814067,"barista - Store# 07772, READING",BARISTA,07772,READING,288 Main St,Reading,MA,,US,,1789185600,2026-09-12,19,2026-10-01,1789307658,2026-09-13,18,False,42.5156664,-71.1040608,481080814067,id:260074248,store:07772,Barista,onsite,"288 Main St, Reading, Massachusetts, United States",1,MA,CONUS_L0_004_010;CONUS_L1_015_033;CONUS_L1_015_034,3
2026-10-01,260069227,https://apply.starbucks.com/careers/job/481080713792,store manager - Brighton MA,STORE_MANAGER,,,,Brighton,MA,,US,,1790378591,2026-09-25,6,2026-10-01,1788543657,2026-09-04,27,True,42.3463503,-71.1626756,481080713792,id:260069227,,Coffeehouse Leader,onsite,"Brighton, Massachusetts, United States",1,MA,CONUS_L0_004_010;CONUS_L1_014_034;CONUS_L1_015_033;CONUS_L1_015_034,4
2026-10-01,260077333,https://apply.starbucks.com/careers/job/481080890908,"barista - Store# 68803, Watertown, Arsenal Yards",BARISTA,68803,"Watertown, Arsenal Yards","105 Arsenal Yards Blvd, D135",Watertown,MA,,US,,1789617600,2026-09-17,14,2026-10-01,1789739063,2026-09-18,13,False,42.36272,-71.15897,481080890908,id:260077333,store:68803,Barista,onsite,"105 Arsenal Yards Blvd, D135, Watertown, Massachusetts, United States",1,MA,CONUS_L0_004_010;CONUS_L1_014_034;CONUS_L1_015_033;CONUS_L1_015_034,4
2026-10-01,260058143,https://apply.starbucks.com/careers/job/481079849547,"shift manager - Store# 68803, Watertown, Arsenal Yards",SHIFT_SUPERVISOR,68803,"Watertown, Arsenal Yards","105 Arsenal Yards Blvd, D135",Watertown,MA,,US,,1784952000,2026-07-25,68,2026-10-01,1785073417,2026-07-26,67,False,42.36272,-71.15897,481079849547,id:260058143,store:68803,Shift Manager,onsite,"105 Arsenal Yards Blvd, D135, Watertown, Massachusetts, United States",1,MA,CONUS_L0_004_010;CONUS_L1_014_034;CONUS_L1_015_033;CONUS_L1_015_034,4
2026-10-01,260058356,https://apply.starbucks.com/careers/job/481079849941,"shift manager - Store# 10378, WALPOLE, RT. 1",SHIFT_SUPERVISOR,10378,"WALPOLE, RT. 1",985 Providence Hwy U.S. 1,Walpole,MA,,US,,1784952000,2026-07-25,68,2026-10-01,1785073591,2026-07-26,67,False,42.14006,-71.21931,481079849941,id:260058356,store:10378,Shift Manager,onsite,"985 Providence Hwy U.S. 1, Walpole, Massachusetts, United States",1,MA,CONUS_L0_004_010;CONUS_L1_014_034;CONUS_L1_015_033;CONUS_L1_015_034,4
2026-10-01,260052981,https://apply.starbucks.com/careers/job/481079230082,"barista - Store# 00811, CHESTNUT HILL",BARISTA,00811,CHESTNUT HILL,"210 Boylston Street, Chestnut Hill S/C, 13",Chestnut Hill,MA,,US,,1783137600,2026-07-04,89,2026-10-01,1783258768,2026-07-05,88,False,42.3184255,-71.1760038,481079230082,id:260052981,store:00811,Barista,onsite,"210 Boylston Street, Chestnut Hill S/C, 13, Chestnut Hill, Massachusetts, United States",1,MA,CONUS_L0_004_010,1
2026-10-01,260052967,https://apply.starbucks.com/careers/job/481079230052,"shift manager - Store# 00811, CHESTNUT HILL",SHIFT_SUPERVISOR,00811,CHESTNUT HILL,"210 Boylston Street, Chestnut Hill S/C, 13",Chestnut Hill,MA,,US,,1783137600,2026-07-04,89,2026-10-01,1783258757,2026-07-05,88,False,42.3184255,-71.1760038,481079230052,id:260052967,store:00811,Shift Manager,onsite,"210 Boylston Street, Chestnut Hill S/C, 13, Chestnut Hill, Massachusetts, United States",1,MA,CONUS_L0_004_010,1
2026-10-01,260062552,https://apply.starbucks.com/careers/job/481080494537,"barista - Store# 00876, WINCHESTER, GRAB & GO",BARISTA,00876,"WINCHESTER, GRAB & GO",542 Main St,Winchester,MA,,US,,1787630400,2026-08-25,37,2026-10-01,1787752312,2026-08-26,36,False,42.452088,-71.13676099999999,481080494537,id:260062552,store:00876,Barista,onsite,"542 Main St, Winchester, Massachusetts, United States",1,MA,CONUS_L0_004_010;CONUS_L1_015_033;CONUS_L1_015_034,3
2026-10-01,260054620,https://apply.starbucks.com/careers/job/481079405648,"shift manager - Store# 00876, WINCHESTER, GRAB & GO",SHIFT_SUPERVISOR,00876,"WINCHESTER, GRAB & GO",542 Main St,Winchester,MA,,US,,1783569600,2026-07-09,84,2026-10-01,1783691471,2026-07-10,83,False,42.452088,-71.13676099999999,481079405648,id:260054620,store:00876,Shift Manager,onsite,"542 Main St, Winchester, Massachusetts, United States",1,MA,CONUS_L0_004_010;CONUS_L1_015_033;CONUS_L1_015_034,3
2026-10-01,260055372,https://apply.starbucks.com/careers/job/481079453933,"shift manager - Store# 07205, ARLINGTON",SHIFT_SUPERVISOR,07205,ARLINGTON,327 Broadway,Arlington,MA,,US,,1783828800,2026-07-12,81,2026-10-01,1783950541,2026-07-13,80,False,42.4147153,-71.1509171,481079453933,id:260055372,store:07205,Shift Manager,onsite,"327 Broadway, Arlington, Massachusetts, United States",1,MA,CONUS_L0_004_010;CONUS_L1_015_033;CONUS_L1_015_034,3
2026-10-01,260072566,https://apply.starbucks.com/careers/job/481080795937,"barista - Store# 84216, WOBURN LANDING",BARISTA,84216,WOBURN LANDING,"373 Washington St, Unit 2",Woburn,MA,,US,,1789012800,2026-09-10,21,2026-10-01,1789135161,2026-09-11,20,False,42.49972,-71.12509,481080795937,id:260072566,store:84216,Barista,onsite,"373 Washington St, Unit 2, Woburn, Massachusetts, United States",1,MA,CONUS_L0_004_010;CONUS_L1_015_033;CONUS_L1_015_034,3
2026-10-01,260061726,https://apply.starbucks.com/careers/job/481080416020,"shift manager - Store# 84216, WOBURN LANDING",SHIFT_SUPERVISOR,84216,WOBURN LANDING,"373 Washington St, Unit 2",Woburn,MA,,US,,1787371200,2026-08-22,40,2026-10-01,1787492404,2026-08-23,39,False,42.49972,-71.12509,481080416020,id:260061726,store:84216,Shift Manager,onsite,"373 Washington St, Unit 2, Woburn, Massachusetts, United States",1,MA,CONUS_L0_004_010;CONUS_L1_015_033;CONUS_L1_015_034,3
2026-10-01,260055033,https://apply.starbucks.com/careers/job/481079436541,"shift manager - Store# 51917, BELMONT, CUSHING SQUARE",SHIFT_SUPERVISOR,51917,"BELMONT, CUSHING SQUARE",110 Trapelo Rd,Belmont,MA,,US,,1783742400,2026-07-11,82,2026-10-01,1783863591,2026-07-12,81,False,42.380712,-71.175345,481079436541,id:260055033,store:51917,Shift Manager,onsite,"110 Trapelo Rd, Belmont, Massachusetts, United States",1,MA,CONUS_L0_004_010;CONUS_L1_014_034;CONUS_L1_015_033;CONUS_L1_015_034,4
2026-10-01,260080091,https://apply.starbucks.com/careers/job/481081029761,"barista - Store# 07382, WATERTOWN-MT. AUBURN",BARISTA,07382,WATERTOWN-MT. AUBURN,75 Mt Auburn Street,Watertown,MA,,US,,1790481600,2026-09-27,4,2026-10-01,1790603476,2026-09-28,3,False,42.36642,-71.18108,481081029761,id:260080091,store:07382,Barista,onsite,"75 Mt Auburn Street, Watertown, Massachusetts, United States",1,MA,CONUS_L0_004_010;CONUS_L1_014_034;CONUS_L1_015_033;CONUS_L1_015_034,4
2026-10-01,260054386,https://apply.starbucks.com/careers/job/481079405325,"shift manager - Store# 07382, WATERTOWN-MT. AUBURN",SHIFT_SUPERVISOR,07382,WATERTOWN-MT. AUBURN,75 Mt Auburn Street,Watertown,MA,,US,,1783569600,2026-07-09,84,2026-10-01,1783691306,2026-07-10,83,False,42.36642,-71.18108,481079405325,id:260054386,store:07382,Shift Manager,onsite,"75 Mt Auburn Street, Watertown, Massachusetts, United States",1,MA,CONUS_L0_004_010;CONUS_L1_014_034;CONUS_L1_015_033;CONUS_L1_015_034,4
2026-10-01,260057991,https://apply.starbucks.com/careers/job/481079710371,"barista - Store# 07228, RTE 109/WESTWOOD",BARISTA,07228,RTE 109/WESTWOOD,736 High St,Westwood,MA,,US,,1784779200,2026-07-23,70,2026-10-01,1784900742,2026-07-24,69,False,42.2231999,-71.2226653,481079710371,id:260057991,store:07228,Barista,onsite,"736 High St, Westwood, Massachusetts, United States",1,MA,CONUS_L0_004_010;CONUS_L1_014_034;CONUS_L1_015_033;CONUS_L1_015_034,4
2026-10-01,260057894,https://apply.starbucks.com/careers/job/481079679837,"shift manager - Store# 07228, RTE 109/WESTWOOD",SHIFT_SUPERVISOR,07228,RTE 109/WESTWOOD,736 High St,Westwood,MA,,US,,1784692800,2026-07-22,71,2026-10-01,1784814328,2026-07-23,70,False,42.2231999,-71.2226653,481079679837,id:260057894,store:07228,Shift Manager,onsite,"736 High St, Westwood, Massachusetts, United States",1,MA,CONUS_L0_004_010;CONUS_L1_014_034;CONUS_L1_015_033;CONUS_L1_015_034,4
2026-10-01,260061135,https://apply.starbucks.com/careers/job/481080228935,"shift manager - Store# 10155, NEWTON CORNER",SHIFT_SUPERVISOR,10155,NEWTON CORNER,259 Centre Street,Newton,MA,,US,,1786939200,2026-08-17,45,2026-10-01,1787060524,2026-08-18,44,False,42.3590008,-71.18539919999999,481080228935,id:260061135,store:10155,Shift Manager,onsite,"259 Centre Street, Newton, Massachusetts, United States",1,MA,CONUS_L0_004_010;CONUS_L1_014_034;CONUS_L1_015_033;CONUS_L1_015_034,4
2026-10-01,260080523,https://apply.starbucks.com/careers/job/481081091645,"barista - Store# 10155, NEWTON CORNER",BARISTA,10155,NEWTON CORNER,259 Centre Street,Newton,MA,,US,,1790740800,2026-09-30,1,2026-10-01,1790836018,2026-10-01,0,False,42.3590008,-71.18539919999999,481081091645,id:260080523,store:10155,Barista,onsite,"259 Centre Street, Newton, Massachusetts, United States",1,MA,CONUS_L0_004_010;CONUS_L1_014_034;CONUS_L1_015_033;CONUS_L1_015_034,4
2026-10-01,260073306,https://apply.starbucks.com/careers/job/481080798198,"barista - Store# 09984, COMMERCE WAY",BARISTA,09984,COMMERCE WAY,"99 Commerce Way, Metro North Retail Center",Woburn,MA,,US,,1789012800,2026-09-10,21,2026-10-01,1789135792,2026-09-11,20,False,42.51742,-71.13585,481080798198,id:260073306,store:09984,Barista,onsite,"99 Commerce Way, Metro North Retail Center, Woburn, Massachusetts, United States",1,MA,CONUS_L0_004_010;CONUS_L1_015_033;CONUS_L1_015_034,3
2026-10-01,260057263,https://apply.starbucks.com/careers/job/481079587639,"shift manager - Store# 09984, COMMERCE WAY",SHIFT_SUPERVISOR,09984,COMMERCE WAY,"99 Commerce Way, Metro North Retail Center",Woburn,MA,,US,,1784347200,2026-07-18,75,2026-10-01,1784468418,2026-07-19,74,False,42.51742,-71.13585,481079587639,id:260057263,store:09984,Shift Manager,onsite,"99 Commerce Way, Metro North Retail Center, Woburn, Massachusetts, United States",1,MA,CONUS_L0_004_010;CONUS_L1_015_033;CONUS_L1_015_034,3
2026-10-01,260076632,https://apply.starbucks.com/careers/job/481080862450,"barista - Store# 07270, NEWTON UPPER FALLS",BARISTA,07270,NEWTON UPPER FALLS,"244 Needham St, Brickstone Shops",Newton Upper Falls,MA,,US,,1789444800,2026-09-15,16,2026-10-01,1789567037,2026-09-16,15,False,42.3096208,-71.2137743,481080862450,id:260076632,store:07270,Barista,onsite,"244 Needham St, Brickstone Shops, Newton Upper Falls, Massachusetts, United States",1,MA,CONUS_L0_004_010;CONUS_L1_014_034;CONUS_L1_015_033;CONUS_L1_015_034,4
2026-10-01,260057481,https://apply.starbucks.com/careers/job/481079604860,"shift manager - Store# 07270, NEWTON UPPER FALLS",SHIFT_SUPERVISOR,07270,NEWTON UPPER FALLS,"244 Needham St, Brickstone Shops",Newton Upper Falls,MA,,US,,1784433600,2026-07-19,74,2026-10-01,1784554798,2026-07-20,73,False,42.3096208,-71.2137743,481079604860,id:260057481,store:07270,Shift Manager,onsite,"244 Needham St, Brickstone Shops, Newton Upper Falls, Massachusetts, United States",1,MA,CONUS_L0_004_010;CONUS_L1_014_034;CONUS_L1_015_033;CONUS_L1_015_034,4
2026-10-01,260067472,https://apply.starbucks.com/careers/job/481080699214,"barista - Store# 19845, NORTH READING",BARISTA,19845,NORTH READING,"265 Main St, Atlantic Plaza",North Reading,MA,,US,,1788321600,2026-09-02,29,2026-10-01,1788456332,2026-09-03,28,False,42.5918003,-71.1166308,481080699214,id:260067472,store:19845,Barista,onsite,"265 Main St, Atlantic Plaza, North Reading, Massachusetts, United States",1,MA,CONUS_L0_004_010;CONUS_L1_015_033;CONUS_L1_015_034,3
2026-10-01,260065949,https://apply.starbucks.com/careers/job/481080678510,"barista - Store# 19845, NORTH READING",BARISTA,19845,NORTH READING,"265 Main St, Atlantic Plaza",North Reading,MA,,US,,1788321600,2026-09-02,29,2026-10-01,1788357538,2026-09-02,29,False,42.5918003,-71.1166308,481080678510,id:260065949,store:19845,Barista,onsite,"265 Main St, Atlantic Plaza, North Reading, Massachusetts, United States",1,MA,CONUS_L0_004_010;CONUS_L1_015_033;CONUS_L1_015_034,3
2026-10-01,260055405,https://apply.starbucks.com/careers/job/481079454053,"shift manager - Store# 19845, NORTH READING",SHIFT_SUPERVISOR,19845,NORTH READING,"265 Main St, Atlantic Plaza",North Reading,MA,,US,,1783828800,2026-07-12,81,2026-10-01,1783950568,2026-07-13,80,False,42.5918003,-71.1166308,481079454053,id:260055405,store:19845,Shift Manager,onsite,"265 Main St, Atlantic Plaza, North Reading, Massachusetts, United States",1,MA,CONUS_L0_004_010;CONUS_L1_015_033;CONUS_L1_015_034,3
2026-10-01,260056190,https://apply.starbucks.com/careers/job/481079497805,"shift manager - Store# 59326, FOXBORO, PATRIOT PLACE",SHIFT_SUPERVISOR,59326,"FOXBORO, PATRIOT PLACE",74 Washington St,Foxboro,MA,,US,,1784001600,2026-07-14,79,2026-10-01,1784123009,2026-07-15,78,False,42.09012,-71.27069,481079497805,id:260056190,store:59326,Shift Manager,onsite,"74 Washington St, Foxboro, Massachusetts, United States",1,MA,CONUS_L0_004_010;CONUS_L1_014_034;CONUS_L1_015_033,3
2026-10-01,260080571,https://apply.starbucks.com/careers/job/481081091690,"barista - Store# 59326, FOXBORO, PATRIOT PLACE",BARISTA,59326,"FOXBORO, PATRIOT PLACE",74 Washington St,Foxboro,MA,,US,,1790740800,2026-09-30,1,2026-10-01,1790836061,2026-10-01,0,False,42.09012,-71.27069,481081091690,id:260080571,store:59326,Barista,onsite,"74 Washington St, Foxboro, Massachusetts, United States",1,MA,CONUS_L0_004_010;CONUS_L1_014_034;CONUS_L1_015_033,3
2026-10-01,260073625,https://apply.starbucks.com/careers/job/481080812986,"barista - Store# 07384, NEWTONVILLE",BARISTA,07384,NEWTONVILLE,16-18 Austin Street,Newtonville,MA,,US,,1789185600,2026-09-12,19,2026-10-01,1789307080,2026-09-13,18,False,42.35043,-71.20759,481080812986,id:260073625,store:07384,Barista,onsite,"16-18 Austin Street, Newtonville, Massachusetts, United States",1,MA,CONUS_L0_004_010;CONUS_L1_014_034;CONUS_L1_015_033;CONUS_L1_015_034,4
2026-10-01,260058104,https://apply.starbucks.com/careers/job/481079849347,"shift manager - Store# 07384, NEWTONVILLE",SHIFT_SUPERVISOR,07384,NEWTONVILLE,16-18 Austin Street,Newtonville,MA,,US,,1784952000,2026-07-25,68,2026-10-01,1785073386,2026-07-26,67,False,42.35043,-71.20759,481079849347,id:260058104,store:07384,Shift Manager,onsite,"16-18 Austin Street, Newtonville, Massachusetts, United States",1,MA,CONUS_L0_004_010;CONUS_L1_014_034;CONUS_L1_015_033;CONUS_L1_015_034,4
2026-10-01,260056439,https://apply.starbucks.com/careers/job/481079498686,"shift manager - Store# 07364, MASSACHUSETTS AVENUE-ARLINGTON",SHIFT_SUPERVISOR,07364,MASSACHUSETTS AVENUE-ARLINGTON,1465 Massachusetts Ave,Arlington,MA,,US,,1784001600,2026-07-14,79,2026-10-01,1784123193,2026-07-15,78,False,42.42529,-71.1885,481079498686,id:260056439,store:07364,Shift Manager,onsite,"1465 Massachusetts Ave, Arlington, Massachusetts, United States",1,MA,CONUS_L0_004_010;CONUS_L1_015_033;CONUS_L1_015_034,3
2026-10-01,260073038,https://apply.starbucks.com/careers/job/481080797689,"barista - Store# 07364, MASSACHUSETTS AVENUE-ARLINGTON",BARISTA,07364,MASSACHUSETTS AVENUE-ARLINGTON,1465 Massachusetts Ave,Arlington,MA,,US,,1789012800,2026-09-10,21,2026-10-01,1789135563,2026-09-11,20,False,42.42529,-71.1885,481080797689,id:260073038,store:07364,Barista,onsite,"1465 Massachusetts Ave, Arlington, Massachusetts, United States",1,MA,CONUS_L0_004_010;CONUS_L1_015_033;CONUS_L1_015_034,3
2026-10-01,260077300,https://apply.starbucks.com/careers/job/481080890875,"barista - Store# 81156, WILMINGTON, LOWELL ST",BARISTA,81156,"WILMINGTON, LOWELL ST","203 Lowell St, Ste 1",Wilmington,MA,,US,,1789617600,2026-09-17,14,2026-10-01,1789739035,2026-09-18,13,False,42.5392803,-71.1504269,481080890875,id:260077300,store:81156,Barista,onsite,"203 Lowell St, Ste 1, Wilmington, Massachusetts, United States",1,MA,CONUS_L0_004_010;CONUS_L1_015_033;CONUS_L1_015_034,3
2026-10-01,260061984,https://apply.starbucks.com/careers/job/481080430201,"shift manager - Store# 81156, WILMINGTON, LOWELL ST",SHIFT_SUPERVISOR,81156,"WILMINGTON, LOWELL ST","203 Lowell St, Ste 1",Wilmington,MA,,US,,1787457600,2026-08-23,39,2026-10-01,1787579309,2026-08-24,38,False,42.5392803,-71.1504269,481080430201,id:260061984,store:81156,Shift Manager,onsite,"203 Lowell St, Ste 1, Wilmington, Massachusetts, United States",1,MA,CONUS_L0_004_010;CONUS_L1_015_033;CONUS_L1_015_034,3
2026-10-01,260054679,https://apply.starbucks.com/careers/job/481079405841,"shift manager - Store# 07227, NEEDHAM",SHIFT_SUPERVISOR,07227,NEEDHAM,910 Highland Ave,Needham Heights,MA,,US,,1783569600,2026-07-09,84,2026-10-01,1783691514,2026-07-10,83,False,42.2933184,-71.23503099999999,481079405841,id:260054679,store:07227,Shift Manager,onsite,"910 Highland Ave, Needham Heights, Massachusetts, United States",1,MA,CONUS_L0_004_010;CONUS_L1_014_034;CONUS_L1_015_033;CONUS_L1_015_034,4
2026-10-01,260072590,https://apply.starbucks.com/careers/job/481080795989,"barista - Store# 07227, NEEDHAM",BARISTA,07227,NEEDHAM,910 Highland Ave,Needham Heights,MA,,US,,1789012800,2026-09-10,21,2026-10-01,1789135181,2026-09-11,20,False,42.2933184,-71.23503099999999,481080795989,id:260072590,store:07227,Barista,onsite,"910 Highland Ave, Needham Heights, Massachusetts, United States",1,MA,CONUS_L0_004_010;CONUS_L1_014_034;CONUS_L1_015_033;CONUS_L1_015_034,4
2026-10-01,260072460,https://apply.starbucks.com/careers/job/481080795684,"barista - Store# 07692, SEEKONK",BARISTA,07692,SEEKONK,2 Commerce Way,Seekonk,MA,,US,,1789012800,2026-09-10,21,2026-10-01,1789135070,2026-09-11,20,False,41.793628,-71.3252311,481080795684,id:260072460,store:07692,Barista,onsite,"2 Commerce Way, Seekonk, Massachusetts, United States",1,MA,CONUS_L0_004_010;CONUS_L1_014_034,2
2026-10-01,260079471,https://apply.starbucks.com/careers/job/481080998787,"shift manager - Store# 07692, SEEKONK",SHIFT_SUPERVISOR,07692,SEEKONK,2 Commerce Way,Seekonk,MA,,US,,1790222400,2026-09-24,7,2026-10-01,1790344039,2026-09-25,6,False,41.793628,-71.3252311,481080998787,id:260079471,store:07692,Shift Manager,onsite,"2 Commerce Way, Seekonk, Massachusetts, United States",1,MA,CONUS_L0_004_010;CONUS_L1_014_034,2
2026-10-01,260055201,https://apply.starbucks.com/careers/job/481079453689,"shift manager - Store# 07773, NORTH ANDOVER ROUTE 114",SHIFT_SUPERVISOR,07773,NORTH ANDOVER ROUTE 114,562 Turnpike Street,North Andover,MA,,US,,1783828800,2026-07-12,81,2026-10-01,1783950411,2026-07-13,80,False,42.6658999,-71.1151199,481079453689,id:260055201,store:07773,Shift Manager,onsite,"562 Turnpike Street, North Andover, Massachusetts, United States",1,MA,CONUS_L0_004_010;CONUS_L1_015_033;CONUS_L1_015_034,3
2026-10-01,260073838,https://apply.starbucks.com/careers/job/481080813408,"barista - Store# 07773, NORTH ANDOVER ROUTE 114",BARISTA,07773,NORTH ANDOVER ROUTE 114,562 Turnpike Street,North Andover,MA,,US,,1789185600,2026-09-12,19,2026-10-01,1789307279,2026-09-13,18,False,42.6658999,-71.1151199,481080813408,id:260073838,store:07773,Barista,onsite,"562 Turnpike Street, North Andover, Massachusetts, United States",1,MA,CONUS_L0_004_010;CONUS_L1_015_033;CONUS_L1_015_034,3
2026-10-01,260058625,https://apply.starbucks.com/careers/job/481079907040,"shift manager - Store# 57419, PLAINVILLE, WASHINGTON AND TAUNTON",SHIFT_SUPERVISOR,57419,"PLAINVILLE, WASHINGTON AND TAUNTON","84 Taunton St, 1",Plainville,MA,,US,,1785124800,2026-07-27,66,2026-10-01,1785246142,2026-07-28,65,False,42.0275879,-71.3105293,481079907040,id:260058625,store:57419,Shift Manager,onsite,"84 Taunton St, 1, Plainville, Massachusetts, United States",1,MA,CONUS_L0_004_010;CONUS_L1_014_034,2
2026-10-01,260071458,https://apply.starbucks.com/careers/job/481080752184,"barista - Store# 57419, PLAINVILLE, WASHINGTON AND TAUNTON",BARISTA,57419,"PLAINVILLE, WASHINGTON AND TAUNTON","84 Taunton St, 1",Plainville,MA,,US,,1788753600,2026-09-07,24,2026-10-01,1788875094,2026-09-08,23,False,42.0275879,-71.3105293,481080752184,id:260071458,store:57419,Barista,onsite,"84 Taunton St, 1, Plainville, Massachusetts, United States",1,MA,CONUS_L0_004_010;CONUS_L1_014_034,2
2026-10-01,260067780,https://apply.starbucks.com/careers/job/481080699787,"barista - Store# 19385, WAYSIDE COMMONS",BARISTA,19385,WAYSIDE COMMONS,"2 Wayside Rd, Wayside Commons",Burlington,MA,,US,,1788321600,2026-09-02,29,2026-10-01,1788456617,2026-09-03,28,False,42.48476,-71.1935,481080699787,id:260067780,store:19385,Barista,onsite,"2 Wayside Rd, Wayside Commons, Burlington, Massachusetts, United States",1,MA,CONUS_L0_004_010;CONUS_L1_015_033;CONUS_L1_015_034,3
2026-10-01,260052971,https://apply.starbucks.com/careers/job/481079230064,"shift manager - Store# 19385, WAYSIDE COMMONS",SHIFT_SUPERVISOR,19385,WAYSIDE COMMONS,"2 Wayside Rd, Wayside Commons",Burlington,MA,,US,,1783137600,2026-07-04,89,2026-10-01,1783258760,2026-07-05,88,False,42.48476,-71.1935,481079230064,id:260052971,store:19385,Shift Manager,onsite,"2 Wayside Rd, Wayside Commons, Burlington, Massachusetts, United States",1,MA,CONUS_L0_004_010,1
2026-10-01,260076035,https://apply.starbucks.com/careers/job/481080852715,"store manager, Wilmington, MA",STORE_MANAGER,,,,Wilmington,MA,,US,,1789526930,2026-09-15,16,2026-10-01,1789526819,2026-09-15,16,False,42.5481714,-71.1724467,481080852715,id:260076035,,Coffeehouse Leader,onsite,"Wilmington, Massachusetts, United States",1,MA,CONUS_L0_004_010;CONUS_L1_015_033;CONUS_L1_015_034,3
2026-10-01,260075955,https://apply.starbucks.com/careers/job/481080847953,"store manager - Waltham, MA",STORE_MANAGER,,,,Waltham,MA,,US,,1789995712,2026-09-21,10,2026-10-01,1789505920,2026-09-15,16,False,42.3764852,-71.2356113,481080847953,id:260075955,,Coffeehouse Leader,onsite,"Waltham, Massachusetts, United States",1,MA,CONUS_L0_004_010;CONUS_L1_014_034;CONUS_L1_015_033;CONUS_L1_015_034,4
2026-10-01,260068590,https://apply.starbucks.com/careers/job/481080709884,"barista - Store# 50017, AUBURNDALE, COMMONWEALTH AVE",BARISTA,50017,"AUBURNDALE, COMMONWEALTH AVE",2095 Commonwealth Ave,Auburndale,MA,,US,,1788408000,2026-09-03,28,2026-10-01,1788529868,2026-09-04,27,False,42.34844,-71.2476,481080709884,id:260068590,store:50017,Barista,onsite,"2095 Commonwealth Ave, Auburndale, Massachusetts, United States",1,MA,CONUS_L0_004_010;CONUS_L1_014_034;CONUS_L1_015_033;CONUS_L1_015_034,4
2026-10-01,260055690,https://apply.starbucks.com/careers/job/481079454307,"shift manager - Store# 50017, AUBURNDALE, COMMONWEALTH AVE",SHIFT_SUPERVISOR,50017,"AUBURNDALE, COMMONWEALTH AVE",2095 Commonwealth Ave,Auburndale,MA,,US,,1783828800,2026-07-12,81,2026-10-01,1783950788,2026-07-13,80,False,42.34844,-71.2476,481079454307,id:260055690,store:50017,Shift Manager,onsite,"2095 Commonwealth Ave, Auburndale, Massachusetts, United States",1,MA,CONUS_L0_004_010;CONUS_L1_014_034;CONUS_L1_015_033;CONUS_L1_015_034,4
2026-10-01,260054348,https://apply.starbucks.com/careers/job/481079405319,"shift manager - Store# 68713, N ANDOVER, ANDOVER ST",SHIFT_SUPERVISOR,68713,"N ANDOVER, ANDOVER ST","419 Andover St, Unit 1",North Andover,MA,,US,,1783569600,2026-07-09,84,2026-10-01,1783691279,2026-07-10,83,False,42.67403,-71.12645,481079405319,id:260054348,store:68713,Shift Manager,onsite,"419 Andover St, Unit 1, North Andover, Massachusetts, United States",1,MA,CONUS_L0_004_010;CONUS_L1_015_033;CONUS_L1_015_034,3
2026-10-01,260072918,https://apply.starbucks.com/careers/job/481080796754,"barista - Store# 68713, N ANDOVER, ANDOVER ST",BARISTA,68713,"N ANDOVER, ANDOVER ST","419 Andover St, Unit 1",North Andover,MA,,US,,1789012800,2026-09-10,21,2026-10-01,1789135463,2026-09-11,20,False,42.67403,-71.12645,481080796754,id:260072918,store:68713,Barista,onsite,"419 Andover St, Unit 1, North Andover, Massachusetts, United States",1,MA,CONUS_L0_004_010;CONUS_L1_015_033;CONUS_L1_015_034,3
2026-10-01,260060640,https://apply.starbucks.com/careers/job/481080162955,"shift manager - Store# 07797, Newton Lower Falls",SHIFT_SUPERVISOR,07797,Newton Lower Falls,2322 Washington St,Newton Lower Falls,MA,,US,,1786593600,2026-08-13,49,2026-10-01,1786715154,2026-08-14,48,False,42.3254451,-71.2564178,481080162955,id:260060640,store:07797,Shift Manager,onsite,"2322 Washington St, Newton Lower Falls, Massachusetts, United States",1,MA,CONUS_L0_004_010;CONUS_L1_014_034;CONUS_L1_015_033;CONUS_L1_015_034,4
2026-10-01,260073622,https://apply.starbucks.com/careers/job/481080812990,"barista - Store# 07797, Newton Lower Falls",BARISTA,07797,Newton Lower Falls,2322 Washington St,Newton Lower Falls,MA,,US,,1789185600,2026-09-12,19,2026-10-01,1789307077,2026-09-13,18,False,42.3254451,-71.2564178,481080812990,id:260073622,store:07797,Barista,onsite,"2322 Washington St, Newton Lower Falls, Massachusetts, United States",1,MA,CONUS_L0_004_010;CONUS_L1_014_034;CONUS_L1_015_033;CONUS_L1_015_034,4
2026-10-01,260056974,https://apply.starbucks.com/careers/job/481079556061,"barista - Store# 11757, WILMINGTON CROSSING",BARISTA,11757,WILMINGTON CROSSING,"271 Main St., Space #253",Wilmington,MA,,US,,1784174400,2026-07-16,77,2026-10-01,1784295808,2026-07-17,76,False,42.55554,-71.18109,481079556061,id:260056974,store:11757,Barista,onsite,"271 Main St., Space #253, Wilmington, Massachusetts, United States",1,MA,CONUS_L0_004_010;CONUS_L1_015_033;CONUS_L1_015_034,3
2026-10-01,260057035,https://apply.starbucks.com/careers/job/481079556135,"shift manager - Store# 11757, WILMINGTON CROSSING",SHIFT_SUPERVISOR,11757,WILMINGTON CROSSING,"271 Main St., Space #253",Wilmington,MA,,US,,1784174400,2026-07-16,77,2026-10-01,1784295854,2026-07-17,76,False,42.55554,-71.18109,481079556135,id:260057035,store:11757,Shift Manager,onsite,"271 Main St., Space #253, Wilmington, Massachusetts, United States",1,MA,CONUS_L0_004_010;CONUS_L1_015_033;CONUS_L1_015_034,3
2026-10-01,260065859,https://apply.starbucks.com/careers/job/481080678444,"barista - Store# 23761, WALTHAM/TRAPELO RD",BARISTA,23761,WALTHAM/TRAPELO RD,"1019 Trapelo Road, 1019D",Waltham,MA,,US,,1788321600,2026-09-02,29,2026-10-01,1788357459,2026-09-02,29,False,42.4112365,-71.23312899999999,481080678444,id:260065859,store:23761,Barista,onsite,"1019 Trapelo Road, 1019D, Waltham, Massachusetts, United States",1,MA,CONUS_L0_004_010;CONUS_L1_015_033;CONUS_L1_015_034,3
2026-10-01,260054708,https://apply.starbucks.com/careers/job/481079406027,"shift manager - Store# 23761, WALTHAM/TRAPELO RD",SHIFT_SUPERVISOR,23761,WALTHAM/TRAPELO RD,"1019 Trapelo Road, 1019D",Waltham,MA,,US,,1783569600,2026-07-09,84,2026-10-01,1783691535,2026-07-10,83,False,42.4112365,-71.23312899999999,481079406027,id:260054708,store:23761,Shift Manager,onsite,"1019 Trapelo Road, 1019D, Waltham, Massachusetts, United States",1,MA,CONUS_L0_004_010;CONUS_L1_015_033;CONUS_L1_015_034,3
2026-10-01,260056326,https://apply.starbucks.com/careers/job/481079498118,"shift manager - Store# 00885, ANDOVER",SHIFT_SUPERVISOR,00885,ANDOVER,14 Main St,Andover,MA,,US,,1784001600,2026-07-14,79,2026-10-01,1784123109,2026-07-15,78,False,42.656415,-71.1402463,481079498118,id:260056326,store:00885,Shift Manager,onsite,"14 Main St, Andover, Massachusetts, United States",1,MA,CONUS_L0_004_010;CONUS_L1_015_033;CONUS_L1_015_034,3
2026-10-01,260060672,https://apply.starbucks.com/careers/job/481080162987,"barista - Store# 00885, ANDOVER",BARISTA,00885,ANDOVER,14 Main St,Andover,MA,,US,,1786593600,2026-08-13,49,2026-10-01,1786715179,2026-08-14,48,False,42.656415,-71.1402463,481080162987,id:260060672,store:00885,Barista,onsite,"14 Main St, Andover, Massachusetts, United States",1,MA,CONUS_L0_004_010;CONUS_L1_015_033;CONUS_L1_015_034,3
2026-10-01,260071666,https://apply.starbucks.com/careers/job/481080764476,"barista - Store# 70945, NORTH ANDOVER, OSGOOD ST",BARISTA,70945,"NORTH ANDOVER, OSGOOD ST",1264 Osgood Street,North Andover,MA,,US,,1788840000,2026-09-08,23,2026-10-01,1788961309,2026-09-09,22,False,42.71912,-71.11235,481080764476,id:260071666,store:70945,Barista,onsite,"1264 Osgood Street, North Andover, Massachusetts, United States",1,MA,CONUS_L0_004_010;CONUS_L1_015_033;CONUS_L1_015_034,3
2026-10-01,260066721,https://apply.starbucks.com/careers/job/481080698248,"shift manager - Store# 70945, NORTH ANDOVER, OSGOOD ST",SHIFT_SUPERVISOR,70945,"NORTH ANDOVER, OSGOOD ST",1264 Osgood Street,North Andover,MA,,US,,1788321600,2026-09-02,29,2026-10-01,1788455619,2026-09-03,28,False,42.71912,-71.11235,481080698248,id:260066721,store:70945,Shift Manager,onsite,"1264 Osgood Street, North Andover, Massachusetts, United States",1,MA,CONUS_L0_004_010;CONUS_L1_015_033;CONUS_L1_015_034,3
2026-10-01,260060930,https://apply.starbucks.com/careers/job/481080183425,"shift manager - Store# 81066, BRISTOL PLACE, ATTLEBORO",SHIFT_SUPERVISOR,81066,"BRISTOL PLACE, ATTLEBORO",1250 Newport Ave,Attleboro,MA,,US,,1786766400,2026-08-15,47,2026-10-01,1786887977,2026-08-16,46,False,41.90079,-71.35315,481080183425,id:260060930,store:81066,Shift Manager,onsite,"1250 Newport Ave, Attleboro, Massachusetts, United States",1,MA,CONUS_L0_004_010;CONUS_L1_014_034,2
2026-10-01,260074552,https://apply.starbucks.com/careers/job/481080820213,"barista - Store# 81066, BRISTOL PLACE, ATTLEBORO",BARISTA,81066,"BRISTOL PLACE, ATTLEBORO",1250 Newport Ave,Attleboro,MA,,US,,1789272000,2026-09-13,18,2026-10-01,1789394160,2026-09-14,17,False,41.90079,-71.35315,481080820213,id:260074552,store:81066,Barista,onsite,"1250 Newport Ave, Attleboro, Massachusetts, United States",1,MA,CONUS_L0_004_010;CONUS_L1_014_034,2
2026-10-01,260066805,https://apply.starbucks.com/careers/job/481080698333,"barista - Store# 19830, MEDFIELD",BARISTA,19830,MEDFIELD,467 Main St,Medfield,MA,,US,,1788321600,2026-09-02,29,2026-10-01,1788455697,2026-09-03,28,False,42.1870849,-71.3053812,481080698333,id:260066805,store:19830,Barista,onsite,"467 Main St, Medfield, Massachusetts, United States",1,MA,CONUS_L0_004_010;CONUS_L1_014_034;CONUS_L1_015_033;CONUS_L1_015_034,4
2026-10-01,260061532,https://apply.starbucks.com/careers/job/481080387254,"shift manager - Store# 19830, MEDFIELD",SHIFT_SUPERVISOR,19830,MEDFIELD,467 Main St,Medfield,MA,,US,,1787198400,2026-08-20,42,2026-10-01,1787319564,2026-08-21,41,False,42.1870849,-71.3053812,481080387254,id:260061532,store:19830,Shift Manager,onsite,"467 Main St, Medfield, Massachusetts, United States",1,MA,CONUS_L0_004_010;CONUS_L1_014_034;CONUS_L1_015_033;CONUS_L1_015_034,4
2026-10-01,260057193,https://apply.starbucks.com/careers/job/481079587546,"barista - Store# 25445, ATTLEBORO, WASHINGTON ST.",BARISTA,25445,"ATTLEBORO, WASHINGTON ST.","228 Washington Street, Suite 200",Attleboro,MA,,US,,1784347200,2026-07-18,75,2026-10-01,1784468363,2026-07-19,74,False,41.92374,-71.35613,481079587546,id:260057193,store:25445,Barista,onsite,"228 Washington Street, Suite 200, Attleboro, Massachusetts, United States",1,MA,CONUS_L0_004_010;CONUS_L1_014_034,2
2026-10-01,260080311,https://apply.starbucks.com/careers/job/481081059197,"shift manager - Store# 25445, ATTLEBORO, WASHINGTON ST.",SHIFT_SUPERVISOR,25445,"ATTLEBORO, WASHINGTON ST.","228 Washington Street, Suite 200",Attleboro,MA,,US,,1790568000,2026-09-28,3,2026-10-01,1790689715,2026-09-29,2,False,41.92374,-71.35613,481081059197,id:260080311,store:25445,Shift Manager,onsite,"228 Washington Street, Suite 200, Attleboro, Massachusetts, United States",1,MA,CONUS_L0_004_010;CONUS_L1_014_034,2
2026-10-01,260073555,https://apply.starbucks.com/careers/job/481080812879,"barista - Store# 07553, LEXINGTON, MA",BARISTA,07553,"LEXINGTON, MA",60 Bedford St,Lexington,MA,,US,,1789185600,2026-09-12,19,2026-10-01,1789307014,2026-09-13,18,False,42.4535423,-71.23342989999999,481080812879,id:260073555,store:07553,Barista,onsite,"60 Bedford St, Lexington, Massachusetts, United States",1,MA,CONUS_L0_004_010;CONUS_L1_015_033;CONUS_L1_015_034,3
2026-10-01,260058386,https://apply.starbucks.com/careers/job/481079850094,"shift manager - Store# 07553, LEXINGTON, MA",SHIFT_SUPERVISOR,07553,"LEXINGTON, MA",60 Bedford St,Lexington,MA,,US,,1784952000,2026-07-25,68,2026-10-01,1785073615,2026-07-26,67,False,42.4535423,-71.23342989999999,481079850094,id:260058386,store:07553,Shift Manager,onsite,"60 Bedford St, Lexington, Massachusetts, United States",1,MA,CONUS_L0_004_010;CONUS_L1_015_033;CONUS_L1_015_034,3
2026-10-01,260061801,https://apply.starbucks.com/careers/job/481080429582,"barista - Store# 20891, WALTHAM MARKET PLACE DRIVE",BARISTA,20891,WALTHAM MARKET PLACE DRIVE,15 Market Place Dr,Waltham,MA,,US,,1787457600,2026-08-23,39,2026-10-01,1787579148,2026-08-24,38,False,42.3794517,-71.2611618,481080429582,id:260061801,store:20891,Barista,onsite,"15 Market Place Dr, Waltham, Massachusetts, United States",1,MA,CONUS_L0_004_010;CONUS_L1_014_034;CONUS_L1_015_033;CONUS_L1_015_034,4
2026-10-01,260057342,https://apply.starbucks.com/careers/job/481079587761,"shift manager - Store# 20891, WALTHAM MARKET PLACE DRIVE",SHIFT_SUPERVISOR,20891,WALTHAM MARKET PLACE DRIVE,15 Market Place Dr,Waltham,MA,,US,,1784347200,2026-07-18,75,2026-10-01,1784468478,2026-07-19,74,False,42.3794517,-71.2611618,481079587761,id:260057342,store:20891,Shift Manager,onsite,"15 Market Place Dr, Waltham, Massachusetts, United States",1,MA,CONUS_L0_004_010;CONUS_L1_014_034;CONUS_L1_015_033;CONUS_L1_015_034,4
2026-10-01,260079277,https://apply.starbucks.com/careers/job/481080978384,"barista - Store# 55436, LAWRENCE, ROUTE 114",BARISTA,55436,"LAWRENCE, ROUTE 114",141 Winthrop Ave,Lawrence,MA,,US,,1790136000,2026-09-23,8,2026-10-01,1790257544,2026-09-24,7,False,42.68775,-71.14644,481080978384,id:260079277,store:55436,Barista,onsite,"141 Winthrop Ave, Lawrence, Massachusetts, United States",1,MA,CONUS_L0_004_010;CONUS_L1_015_033;CONUS_L1_015_034,3
2026-10-01,260078463,https://apply.starbucks.com/careers/job/481080936414,"shift manager - Store# 55436, LAWRENCE, ROUTE 114",SHIFT_SUPERVISOR,55436,"LAWRENCE, ROUTE 114",141 Winthrop Ave,Lawrence,MA,,US,,1789876800,2026-09-20,11,2026-10-01,1789998291,2026-09-21,10,False,42.68775,-71.14644,481080936414,id:260078463,store:55436,Shift Manager,onsite,"141 Winthrop Ave, Lawrence, Massachusetts, United States",1,MA,CONUS_L0_004_010;CONUS_L1_015_033;CONUS_L1_015_034,3
2026-10-01,260065708,https://apply.starbucks.com/careers/job/481080678171,"barista - Store# 21214, BURLINGTON MIDDLESEX TURNPIKE",BARISTA,21214,BURLINGTON MIDDLESEX TURNPIKE,201 Middlesex Tpke,Burlington,MA,,US,,1788321600,2026-09-02,29,2026-10-01,1788357325,2026-09-02,29,False,42.49483,-71.22551,481080678171,id:260065708,store:21214,Barista,onsite,"201 Middlesex Tpke, Burlington, Massachusetts, United States",1,MA,CONUS_L0_004_010;CONUS_L1_015_033;CONUS_L1_015_034,3
2026-10-01,260053974,https://apply.starbucks.com/careers/job/481079404753,"shift manager - Store# 21214, BURLINGTON MIDDLESEX TURNPIKE",SHIFT_SUPERVISOR,21214,BURLINGTON MIDDLESEX TURNPIKE,201 Middlesex Tpke,Burlington,MA,,US,,1783569600,2026-07-09,84,2026-10-01,1783691014,2026-07-10,83,False,42.49483,-71.22551,481079404753,id:260053974,store:21214,Shift Manager,onsite,"201 Middlesex Tpke, Burlington, Massachusetts, United States",1,MA,CONUS_L0_004_010;CONUS_L1_015_033;CONUS_L1_015_034,3
2026-10-01,260074655,https://apply.starbucks.com/careers/job/481080820374,"barista - Store# 10962, LINDEN SQUARE",BARISTA,10962,LINDEN SQUARE,101 Linden St,Wellesley,MA,,US,,1789272000,2026-09-13,18,2026-10-01,1789394246,2026-09-14,17,False,42.2974089,-71.2951989,481080820374,id:260074655,store:10962,Barista,onsite,"101 Linden St, Wellesley, Massachusetts, United States",1,MA,CONUS_L0_004_010;CONUS_L1_014_034;CONUS_L1_015_033;CONUS_L1_015_034,4
2026-10-01,260053135,https://apply.starbucks.com/careers/job/481079230232,"shift manager - Store# 10962, LINDEN SQUARE",SHIFT_SUPERVISOR,10962,LINDEN SQUARE,101 Linden St,Wellesley,MA,,US,,1783137600,2026-07-04,89,2026-10-01,1783258892,2026-07-05,88,False,42.2974089,-71.2951989,481079230232,id:260053135,store:10962,Shift Manager,onsite,"101 Linden St, Wellesley, Massachusetts, United States",1,MA,CONUS_L0_004_010,1
2026-10-01,260055171,https://apply.starbucks.com/careers/job/481079453648,"shift manager - Store# 11182, HAVERHILL, 1116 MAIN ST",SHIFT_SUPERVISOR,11182,"HAVERHILL, 1116 MAIN ST",1116 Main St,Haverhill,MA,,US,,1783828800,2026-07-12,81,2026-10-01,1783950388,2026-07-13,80,False,42.8072,-71.10207,481079453648,id:260055171,store:11182,Shift Manager,onsite,"1116 Main St, Haverhill, Massachusetts, United States",1,MA,CONUS_L0_004_010;CONUS_L1_015_033;CONUS_L1_015_034,3
2026-10-01,260062944,https://apply.starbucks.com/careers/job/481080532578,"barista - Store# 11182, HAVERHILL, 1116 MAIN ST",BARISTA,11182,"HAVERHILL, 1116 MAIN ST",1116 Main St,Haverhill,MA,,US,,1787716800,2026-08-26,36,2026-10-01,1787838335,2026-08-27,35,False,42.8072,-71.10207,481080532578,id:260062944,store:11182,Barista,onsite,"1116 Main St, Haverhill, Massachusetts, United States",1,MA,CONUS_L0_004_010;CONUS_L1_015_033;CONUS_L1_015_034,3
2026-10-01,260062448,https://apply.starbucks.com/careers/job/481080494301,"barista - Store# 66565, TEWKSBURY, MAIN ST",BARISTA,66565,"TEWKSBURY, MAIN ST",1800 Main St,Tewksbury,MA,,US,,1787630400,2026-08-25,37,2026-10-01,1787752226,2026-08-26,36,False,42.59276,-71.20832,481080494301,id:260062448,store:66565,Barista,onsite,"1800 Main St, Tewksbury, Massachusetts, United States",1,MA,CONUS_L0_004_010;CONUS_L1_015_033;CONUS_L1_015_034,3
2026-10-01,260076741,https://apply.starbucks.com/careers/job/481080862587,"shift manager - Store# 66565, TEWKSBURY, MAIN ST",SHIFT_SUPERVISOR,66565,"TEWKSBURY, MAIN ST",1800 Main St,Tewksbury,MA,,US,,1789444800,2026-09-15,16,2026-10-01,1789567133,2026-09-16,15,False,42.59276,-71.20832,481080862587,id:260076741,store:66565,Shift Manager,onsite,"1800 Main St, Tewksbury, Massachusetts, United States",1,MA,CONUS_L0_004_010;CONUS_L1_015_033;CONUS_L1_015_034,3
2026-10-01,260073780,https://apply.starbucks.com/careers/job/481080813219,"barista - Store# 07570, METHUEN/THE LOOP",BARISTA,07570,METHUEN/THE LOOP,"90 Pleasant Valley Street, 900",Methuen,MA,,US,,1789185600,2026-09-12,19,2026-10-01,1789307224,2026-09-13,18,False,42.74393999999999,-71.15617,481080813219,id:260073780,store:07570,Barista,onsite,"90 Pleasant Valley Street, 900, Methuen, Massachusetts, United States",1,MA,CONUS_L0_004_010;CONUS_L1_015_033;CONUS_L1_015_034,3
2026-10-01,260060265,https://apply.starbucks.com/careers/job/481080108656,"shift manager - Store# 07570, METHUEN/THE LOOP",SHIFT_SUPERVISOR,07570,METHUEN/THE LOOP,"90 Pleasant Valley Street, 900",Methuen,MA,,US,,1786334400,2026-08-10,52,2026-10-01,1786455978,2026-08-11,51,False,42.74393999999999,-71.15617,481080108656,id:260060265,store:07570,Shift Manager,onsite,"90 Pleasant Valley Street, 900, Methuen, Massachusetts, United States",1,MA,CONUS_L0_004_010;CONUS_L1_015_033;CONUS_L1_015_034,3
2026-10-01,260071341,https://apply.starbucks.com/careers/job/481080742697,"barista - Store# 65435, FRANKLIN, E. CENTRAL",BARISTA,65435,"FRANKLIN, E. CENTRAL",340 E. Central Street,Franklin,MA,,US,,1788667200,2026-09-06,25,2026-10-01,1788789140,2026-09-07,24,False,42.07988,-71.3822,481080742697,id:260071341,store:65435,Barista,onsite,"340 E. Central Street, Franklin, Massachusetts, United States",1,MA,CONUS_L0_004_010;CONUS_L1_014_034;CONUS_L1_015_033,3
2026-10-01,260058096,https://apply.starbucks.com/careers/job/481079849373,"shift manager - Store# 65435, FRANKLIN, E. CENTRAL",SHIFT_SUPERVISOR,65435,"FRANKLIN, E. CENTRAL",340 E. Central Street,Franklin,MA,,US,,1784952000,2026-07-25,68,2026-10-01,1785073379,2026-07-26,67,False,42.07988,-71.3822,481079849373,id:260058096,store:65435,Shift Manager,onsite,"340 E. Central Street, Franklin, Massachusetts, United States",1,MA,CONUS_L0_004_010;CONUS_L1_014_034;CONUS_L1_015_033,3
2026-10-01,260065727,https://apply.starbucks.com/careers/job/481080678085,"barista - Store# 10598, BEDFORD, GREAT ROAD",BARISTA,10598,"BEDFORD, GREAT ROAD",186 Great Rd,Bedford,MA,,US,,1788321600,2026-09-02,29,2026-10-01,1788357343,2026-09-02,29,False,42.48962,-71.27235,481080678085,id:260065727,store:10598,Barista,onsite,"186 Great Rd, Bedford, Massachusetts, United States",1,MA,CONUS_L0_004_010;CONUS_L1_015_033;CONUS_L1_015_034,3
2026-10-01,260078484,https://apply.starbucks.com/careers/job/481080936419,"shift manager - Store# 10598, BEDFORD, GREAT ROAD",SHIFT_SUPERVISOR,10598,"BEDFORD, GREAT ROAD",186 Great Rd,Bedford,MA,,US,,1789876800,2026-09-20,11,2026-10-01,1789998309,2026-09-21,10,False,42.48962,-71.27235,481080936419,id:260078484,store:10598,Shift Manager,onsite,"186 Great Rd, Bedford, Massachusetts, United States",1,MA,CONUS_L0_004_010;CONUS_L1_015_033;CONUS_L1_015_034,3
2026-10-01,260058627,https://apply.starbucks.com/careers/job/481079907051,"barista - Store# 68176, METHUEN, BROADWAY",BARISTA,68176,"METHUEN, BROADWAY","4 Broadway, Suite 6",Methuen,MA,,US,,1785124800,2026-07-27,66,2026-10-01,1785246144,2026-07-28,65,False,42.7189,-71.17997,481079907051,id:260058627,store:68176,Barista,onsite,"4 Broadway, Suite 6, Methuen, Massachusetts, United States",1,MA,CONUS_L0_004_010;CONUS_L1_015_033;CONUS_L1_015_034,3
2026-10-01,260059951,https://apply.starbucks.com/careers/job/481080079148,"shift manager - Store# 68176, METHUEN, BROADWAY",SHIFT_SUPERVISOR,68176,"METHUEN, BROADWAY","4 Broadway, Suite 6",Methuen,MA,,US,,1786161600,2026-08-08,54,2026-10-01,1786283234,2026-08-09,53,False,42.7189,-71.17997,481080079148,id:260059951,store:68176,Shift Manager,onsite,"4 Broadway, Suite 6, Methuen, Massachusetts, United States",1,MA,CONUS_L0_004_010;CONUS_L1_015_033;CONUS_L1_015_034,3
2026-10-01,260080249,https://apply.starbucks.com/careers/job/481081059089,"barista - Store# 66181, 490 BOSTON RD, BILLERICA",BARISTA,66181,"490 BOSTON RD, BILLERICA","490 Boston Rd, Unit 1",Billerica,MA,,US,,1790568000,2026-09-28,3,2026-10-01,1790689660,2026-09-29,2,False,42.5563507,-71.2634735,481081059089,id:260080249,store:66181,Barista,onsite,"490 Boston Rd, Unit 1, Billerica, Massachusetts, United States",1,MA,CONUS_L0_004_010;CONUS_L1_015_033;CONUS_L1_015_034,3
2026-10-01,260080711,https://apply.starbucks.com/careers/job/481081091859,"shift manager - Store# 66181, 490 BOSTON RD, BILLERICA",SHIFT_SUPERVISOR,66181,"490 BOSTON RD, BILLERICA","490 Boston Rd, Unit 1",Billerica,MA,,US,,1790740800,2026-09-30,1,2026-10-01,1790836182,2026-10-01,0,False,42.5563507,-71.2634735,481081091859,id:260080711,store:66181,Shift Manager,onsite,"490 Boston Rd, Unit 1, Billerica, Massachusetts, United States",1,MA,CONUS_L0_004_010;CONUS_L1_015_033;CONUS_L1_015_034,3
2026-10-01,260057298,https://apply.starbucks.com/careers/job/481079587689,"shift manager - Store# 03434, PITTSFIELD",SHIFT_SUPERVISOR,03434,PITTSFIELD,555 Hubbard Ave,Pittsfield,MA,,US,,1784347200,2026-07-18,76,2026-10-02,1784468444,2026-07-19,75,False,42.4680387,-73.199649,481079587689,id:260057298,store:03434,Shift Manager,onsite,"555 Hubbard Ave, Pittsfield, Massachusetts, United States",1,MA,CONUS_L1_015_032,1
2026-10-01,260057306,https://apply.starbucks.com/careers/job/481079587714,"shift manager - Store# 62899, PITTSFIELD, RTE 20",SHIFT_SUPERVISOR,62899,"PITTSFIELD, RTE 20",1030 South St,Pittsfield,MA,,US,,1784347200,2026-07-18,76,2026-10-02,1784468450,2026-07-19,75,False,42.4077743,-73.2641656,481079587714,id:260057306,store:62899,Shift Manager,onsite,"1030 South St, Pittsfield, Massachusetts, United States",1,MA,CONUS_L1_015_032,1
2026-10-01,260080615,https://apply.starbucks.com/careers/job/481081091748,"barista - Store# 62899, PITTSFIELD, RTE 20",BARISTA,62899,"PITTSFIELD, RTE 20",1030 South St,Pittsfield,MA,,US,,1790740800,2026-09-30,2,2026-10-02,1790836099,2026-10-01,1,False,42.4077743,-73.2641656,481081091748,id:260080615,store:62899,Barista,onsite,"1030 South St, Pittsfield, Massachusetts, United States",1,MA,CONUS_L1_015_032,1
2026-10-01,260053365,https://apply.starbucks.com/careers/job/481079320148,"barista - Store# 65434, LEE, MA",BARISTA,65434,"LEE, MA",145 Housatonic St,Lee,MA,,US,,1783310400,2026-07-06,88,2026-10-02,1783432020,2026-07-07,87,False,42.30125,-73.24279,481079320148,id:260053365,store:65434,Barista,onsite,"145 Housatonic St, Lee, Massachusetts, United States",1,MA,CONUS_L1_014_033;CONUS_L1_015_032,2
2026-10-01,260064369,https://apply.starbucks.com/careers/job/481080613315,"shift manager - Store# 65434, LEE, MA",SHIFT_SUPERVISOR,65434,"LEE, MA",145 Housatonic St,Lee,MA,,US,,1788062400,2026-08-30,33,2026-10-02,1788183758,2026-08-31,32,False,42.30125,-73.24279,481080613315,id:260064369,store:65434,Shift Manager,onsite,"145 Housatonic St, Lee, Massachusetts, United States",1,MA,CONUS_L1_014_033;CONUS_L1_015_032,2
2026-10-01,260059371,https://apply.starbucks.com/careers/job/481079983008,"shift manager - Store# 83178, GREENFIELD, MOHAWK TRAIL",SHIFT_SUPERVISOR,83178,"GREENFIELD, MOHAWK TRAIL",200 Mohawk Trl,Greenfield,MA,,US,,1785643200,2026-08-02,61,2026-10-02,1785764574,2026-08-03,60,False,42.58533,-72.62356,481079983008,id:260059371,store:83178,Shift Manager,onsite,"200 Mohawk Trl, Greenfield, Massachusetts, United States",1,MA,CONUS_L1_015_032;CONUS_L1_015_033,2
2026-10-01,260059489,https://apply.starbucks.com/careers/job/481080000869,"barista - Store# 83178, GREENFIELD, MOHAWK TRAIL",BARISTA,83178,"GREENFIELD, MOHAWK TRAIL",200 Mohawk Trl,Greenfield,MA,,US,,1785729600,2026-08-03,60,2026-10-02,1785851142,2026-08-04,59,False,42.58533,-72.62356,481080000869,id:260059489,store:83178,Barista,onsite,"200 Mohawk Trl, Greenfield, Massachusetts, United States",1,MA,CONUS_L1_015_032;CONUS_L1_015_033,2
2026-10-01,260058473,https://apply.starbucks.com/careers/job/481079865535,"barista - Store# 59964, NORTHAMPTON, KING ST.",BARISTA,59964,"NORTHAMPTON, KING ST.","303 King St., E",Northampton,MA,,US,,1785038400,2026-07-26,68,2026-10-02,1785159938,2026-07-27,67,False,42.33377,-72.63526,481079865535,id:260058473,store:59964,Barista,onsite,"303 King St., E, Northampton, Massachusetts, United States",1,MA,CONUS_L1_014_033;CONUS_L1_015_032;CONUS_L1_015_033,3
2026-10-01,260080587,https://apply.starbucks.com/careers/job/481081091706,"shift manager - Store# 59964, NORTHAMPTON, KING ST.",SHIFT_SUPERVISOR,59964,"NORTHAMPTON, KING ST.","303 King St., E",Northampton,MA,,US,,1790740800,2026-09-30,2,2026-10-02,1790836075,2026-10-01,1,False,42.33377,-72.63526,481081091706,id:260080587,store:59964,Shift Manager,onsite,"303 King St., E, Northampton, Massachusetts, United States",1,MA,CONUS_L1_014_033;CONUS_L1_015_032;CONUS_L1_015_033,3
2026-10-01,260059346,https://apply.starbucks.com/careers/job/481079982975,"barista - Store# 68682, EASTHAMPTON, MA",BARISTA,68682,"EASTHAMPTON, MA",109 Northampton St,Easthampton,MA,,US,,1785643200,2026-08-02,61,2026-10-02,1785764553,2026-08-03,60,False,42.27853,-72.67161,481079982975,id:260059346,store:68682,Barista,onsite,"109 Northampton St, Easthampton, Massachusetts, United States",1,MA,CONUS_L1_014_033;CONUS_L1_015_032;CONUS_L1_015_033,3
2026-10-01,260060639,https://apply.starbucks.com/careers/job/481080162953,"shift manager - Store# 68682, EASTHAMPTON, MA",SHIFT_SUPERVISOR,68682,"EASTHAMPTON, MA",109 Northampton St,Easthampton,MA,,US,,1786593600,2026-08-13,50,2026-10-02,1786715153,2026-08-14,49,False,42.27853,-72.67161,481080162953,id:260060639,store:68682,Shift Manager,onsite,"109 Northampton St, Easthampton, Massachusetts, United States",1,MA,CONUS_L1_014_033;CONUS_L1_015_032;CONUS_L1_015_033,3
2026-10-01,260054228,https://apply.starbucks.com/careers/job/481079405546,"shift manager - Store# 07400, LONGMEADOW SHOPS/SPRINGFIELD",SHIFT_SUPERVISOR,07400,LONGMEADOW SHOPS/SPRINGFIELD,708 Bliss Rd,Longmeadow,MA,,US,,1783569600,2026-07-09,85,2026-10-02,1783691195,2026-07-10,84,False,42.05693309999999,-72.55410309999999,481079405546,id:260054228,store:07400,Shift Manager,onsite,"708 Bliss Rd, Longmeadow, Massachusetts, United States",1,MA,CONUS_L1_014_033;CONUS_L1_015_033,2
2026-10-01,260069936,https://apply.starbucks.com/careers/job/481080730857,"barista - Store# 07400, LONGMEADOW SHOPS/SPRINGFIELD",BARISTA,07400,LONGMEADOW SHOPS/SPRINGFIELD,708 Bliss Rd,Longmeadow,MA,,US,,1788580800,2026-09-05,27,2026-10-02,1788702495,2026-09-06,26,False,42.05693309999999,-72.55410309999999,481080730857,id:260069936,store:07400,Barista,onsite,"708 Bliss Rd, Longmeadow, Massachusetts, United States",1,MA,CONUS_L1_014_033;CONUS_L1_015_033,2
2026-10-01,260062051,https://apply.starbucks.com/careers/job/481080430025,"barista - Store# 77840, AGAWAM, MAIN ST",BARISTA,77840,"AGAWAM, MAIN ST",22 Main St,Agawam,MA,,US,,1787457600,2026-08-23,40,2026-10-02,1787579367,2026-08-24,39,False,42.08872,-72.62702,481080430025,id:260062051,store:77840,Barista,onsite,"22 Main St, Agawam, Massachusetts, United States",1,MA,CONUS_L1_014_033;CONUS_L1_015_033,2
2026-10-01,260057296,https://apply.starbucks.com/careers/job/481079587675,"shift manager - Store# 77840, AGAWAM, MAIN ST",SHIFT_SUPERVISOR,77840,"AGAWAM, MAIN ST",22 Main St,Agawam,MA,,US,,1784347200,2026-07-18,76,2026-10-02,1784468443,2026-07-19,75,False,42.08872,-72.62702,481079587675,id:260057296,store:77840,Shift Manager,onsite,"22 Main St, Agawam, Massachusetts, United States",1,MA,CONUS_L1_014_033;CONUS_L1_015_033,2
2026-10-01,260078906,https://apply.starbucks.com/careers/job/481080964849,"barista - Store# 10202, E. LONGMEADOW CENTER",BARISTA,10202,E. LONGMEADOW CENTER,"42 N. Main Street, East Longmeadow Center Village",East Longmeadow,MA,,US,,1790049600,2026-09-22,10,2026-10-02,1790171026,2026-09-23,9,False,42.0657,-72.51394,481080964849,id:260078906,store:10202,Barista,onsite,"42 N. Main Street, East Longmeadow Center Village, East Longmeadow, Massachusetts, United States",1,MA,CONUS_L1_014_033;CONUS_L1_015_033,2
2026-10-01,260058273,https://apply.starbucks.com/careers/job/481079849877,"shift manager - Store# 10202, E. LONGMEADOW CENTER",SHIFT_SUPERVISOR,10202,E. LONGMEADOW CENTER,"42 N. Main Street, East Longmeadow Center Village",East Longmeadow,MA,,US,,1784952000,2026-07-25,69,2026-10-02,1785073524,2026-07-26,68,False,42.0657,-72.51394,481079849877,id:260058273,store:10202,Shift Manager,onsite,"42 N. Main Street, East Longmeadow Center Village, East Longmeadow, Massachusetts, United States",1,MA,CONUS_L1_014_033;CONUS_L1_015_033,2
2026-10-01,260055403,https://apply.starbucks.com/careers/job/481079454041,"shift manager - Store# 09834, EAST MAIN STREET",SHIFT_SUPERVISOR,09834,EAST MAIN STREET,280A E Main St,Westfield,MA,,US,,1783828800,2026-07-12,82,2026-10-02,1783950566,2026-07-13,81,False,42.114814,-72.727808,481079454041,id:260055403,store:09834,Shift Manager,onsite,"280A E Main St, Westfield, Massachusetts, United States",1,MA,CONUS_L1_014_033;CONUS_L1_015_033,2
2026-10-01,260059266,https://apply.starbucks.com/careers/job/481079980585,"barista - Store# 09834, EAST MAIN STREET",BARISTA,09834,EAST MAIN STREET,280A E Main St,Westfield,MA,,US,,1785643200,2026-08-02,61,2026-10-02,1785753147,2026-08-03,60,False,42.114814,-72.727808,481079980585,id:260059266,store:09834,Barista,onsite,"280A E Main St, Westfield, Massachusetts, United States",1,MA,CONUS_L1_014_033;CONUS_L1_015_033,2
2026-10-01,260063684,https://apply.starbucks.com/careers/job/481080567391,"barista - Store# 09985, SPRINGFIELD, E. COLUMBUS BLVD",BARISTA,09985,"SPRINGFIELD, E. COLUMBUS BLVD",1089 E Columbus Ave,Springfield,MA,,US,,1787803200,2026-08-27,36,2026-10-02,1787925119,2026-08-28,35,False,42.0960128,-72.585016,481080567391,id:260063684,store:09985,Barista,onsite,"1089 E Columbus Ave, Springfield, Massachusetts, United States",1,MA,CONUS_L1_014_033;CONUS_L1_015_033,2
2026-10-01,260060949,https://apply.starbucks.com/careers/job/481080183453,"shift manager - Store# 09985, SPRINGFIELD, E. COLUMBUS BLVD",SHIFT_SUPERVISOR,09985,"SPRINGFIELD, E. COLUMBUS BLVD",1089 E Columbus Ave,Springfield,MA,,US,,1786766400,2026-08-15,48,2026-10-02,1786887992,2026-08-16,47,False,42.0960128,-72.585016,481080183453,id:260060949,store:09985,Shift Manager,onsite,"1089 E Columbus Ave, Springfield, Massachusetts, United States",1,MA,CONUS_L1_014_033;CONUS_L1_015_033,2
2026-10-01,260079988,https://apply.starbucks.com/careers/job/481081029543,"barista - Store# 77839, SPRINGFIELD, WEST ST",BARISTA,77839,"SPRINGFIELD, WEST ST",101 West Street,Springfield,MA,,US,,1790481600,2026-09-27,5,2026-10-02,1790603373,2026-09-28,4,False,42.10995,-72.61169,481081029543,id:260079988,store:77839,Barista,onsite,"101 West Street, Springfield, Massachusetts, United States",1,MA,CONUS_L1_014_033;CONUS_L1_015_033,2
2026-10-01,260058081,https://apply.starbucks.com/careers/job/481079849310,"shift manager - Store# 77839, SPRINGFIELD, WEST ST",SHIFT_SUPERVISOR,77839,"SPRINGFIELD, WEST ST",101 West Street,Springfield,MA,,US,,1784952000,2026-07-25,69,2026-10-02,1785073367,2026-07-26,68,False,42.10995,-72.61169,481079849310,id:260058081,store:77839,Shift Manager,onsite,"101 West Street, Springfield, Massachusetts, United States",1,MA,CONUS_L1_014_033;CONUS_L1_015_033,2
2026-10-01,260058448,https://apply.starbucks.com/careers/job/481079865499,"shift manager - Store# 64902, WESTFIELD NORTH",SHIFT_SUPERVISOR,64902,WESTFIELD NORTH,9-B Southampton Road,Westfield,MA,,US,,1785038400,2026-07-26,68,2026-10-02,1785159918,2026-07-27,67,False,42.14114,-72.73284,481079865499,id:260058448,store:64902,Shift Manager,onsite,"9-B Southampton Road, Westfield, Massachusetts, United States",1,MA,CONUS_L1_014_033;CONUS_L1_015_033,2
2026-10-01,260070813,https://apply.starbucks.com/careers/job/481080741927,"barista - Store# 64902, WESTFIELD NORTH",BARISTA,64902,WESTFIELD NORTH,9-B Southampton Road,Westfield,MA,,US,,1788667200,2026-09-06,26,2026-10-02,1788788713,2026-09-07,25,False,42.14114,-72.73284,481080741927,id:260070813,store:64902,Barista,onsite,"9-B Southampton Road, Westfield, Massachusetts, United States",1,MA,CONUS_L1_014_033;CONUS_L1_015_033,2
2026-10-01,260077185,https://apply.starbucks.com/careers/job/481080890704,"barista - Store# 63128, W. SPRINGFIELD, RIVERDALE",BARISTA,63128,"W. SPRINGFIELD, RIVERDALE",1067 Riverdale Rd,West Springfield,MA,,US,,1789617600,2026-09-17,15,2026-10-02,1789738936,2026-09-18,14,False,42.13307,-72.62548,481080890704,id:260077185,store:63128,Barista,onsite,"1067 Riverdale Rd, West Springfield, Massachusetts, United States",1,MA,CONUS_L1_014_033;CONUS_L1_015_033,2
2026-10-01,260058458,https://apply.starbucks.com/careers/job/481079865519,"shift manager - Store# 63128, W. SPRINGFIELD, RIVERDALE",SHIFT_SUPERVISOR,63128,"W. SPRINGFIELD, RIVERDALE",1067 Riverdale Rd,West Springfield,MA,,US,,1785038400,2026-07-26,68,2026-10-02,1785159926,2026-07-27,67,False,42.13307,-72.62548,481079865519,id:260058458,store:63128,Shift Manager,onsite,"1067 Riverdale Rd, West Springfield, Massachusetts, United States",1,MA,CONUS_L1_014_033;CONUS_L1_015_033,2
2026-10-01,260054261,https://apply.starbucks.com/careers/job/481079405285,"shift manager - Store# 11128, HOLYOKE MALL",SHIFT_SUPERVISOR,11128,HOLYOKE MALL,"50 Holyoke Street, Holyoke Mall, B322",Holyoke,MA,,US,,1783569600,2026-07-09,85,2026-10-02,1783691218,2026-07-10,84,False,42.1675334,-72.6412903,481079405285,id:260054261,store:11128,Shift Manager,onsite,"50 Holyoke Street, Holyoke Mall, B322, Holyoke, Massachusetts, United States",1,MA,CONUS_L1_014_033;CONUS_L1_015_033,2
2026-10-01,260079032,https://apply.starbucks.com/careers/job/481080965215,"barista - Store# 11128, HOLYOKE MALL",BARISTA,11128,HOLYOKE MALL,"50 Holyoke Street, Holyoke Mall, B322",Holyoke,MA,,US,,1790049600,2026-09-22,10,2026-10-02,1790171131,2026-09-23,9,False,42.1675334,-72.6412903,481080965215,id:260079032,store:11128,Barista,onsite,"50 Holyoke Street, Holyoke Mall, B322, Holyoke, Massachusetts, United States",1,MA,CONUS_L1_014_033;CONUS_L1_015_033,2
2026-10-01,260078053,https://apply.starbucks.com/careers/job/481080923509,"barista - Store# 66526, HOLYOKE SHOPPING CTR",BARISTA,66526,HOLYOKE SHOPPING CTR,40 Holyoke St,Holyoke,MA,,US,,1789790400,2026-09-19,13,2026-10-02,1789911701,2026-09-20,12,False,42.17218,-72.63973,481080923509,id:260078053,store:66526,Barista,onsite,"40 Holyoke St, Holyoke, Massachusetts, United States",1,MA,CONUS_L1_014_033;CONUS_L1_015_033,2
2026-10-01,260058231,https://apply.starbucks.com/careers/job/481079849766,"shift manager - Store# 66526, HOLYOKE SHOPPING CTR",SHIFT_SUPERVISOR,66526,HOLYOKE SHOPPING CTR,40 Holyoke St,Holyoke,MA,,US,,1784952000,2026-07-25,69,2026-10-02,1785073490,2026-07-26,68,False,42.17218,-72.63973,481079849766,id:260058231,store:66526,Shift Manager,onsite,"40 Holyoke St, Holyoke, Massachusetts, United States",1,MA,CONUS_L1_014_033;CONUS_L1_015_033,2
2026-10-01,260080036,https://apply.starbucks.com/careers/job/481081029653,"barista - Store# 59377, SPRINGFIELD, BOSTON RD",BARISTA,59377,"SPRINGFIELD, BOSTON RD",1340-A Boston Road,Springfield,MA,,US,,1790481600,2026-09-27,5,2026-10-02,1790603421,2026-09-28,4,False,42.14102,-72.49971,481081029653,id:260080036,store:59377,Barista,onsite,"1340-A Boston Road, Springfield, Massachusetts, United States",1,MA,CONUS_L1_014_033;CONUS_L1_015_033,2
2026-10-01,260058146,https://apply.starbucks.com/careers/job/481079849554,"shift manager - Store# 59377, SPRINGFIELD, BOSTON RD",SHIFT_SUPERVISOR,59377,"SPRINGFIELD, BOSTON RD",1340-A Boston Road,Springfield,MA,,US,,1784952000,2026-07-25,69,2026-10-02,1785073420,2026-07-26,68,False,42.14102,-72.49971,481079849554,id:260058146,store:59377,Shift Manager,onsite,"1340-A Boston Road, Springfield, Massachusetts, United States",1,MA,CONUS_L1_014_033;CONUS_L1_015_033,2
2026-10-01,260058452,https://apply.starbucks.com/careers/job/481079865495,"shift manager - Store# 08808, CHICOPEE",SHIFT_SUPERVISOR,08808,CHICOPEE,620 Memorial Dr,Chicopee,MA,,US,,1785038400,2026-07-26,68,2026-10-02,1785159922,2026-07-27,67,False,42.17467,-72.57775,481079865495,id:260058452,store:08808,Shift Manager,onsite,"620 Memorial Dr, Chicopee, Massachusetts, United States",1,MA,CONUS_L1_014_033;CONUS_L1_015_033,2
2026-10-01,260065029,https://apply.starbucks.com/careers/job/481080658437,"barista - Store# 08808, CHICOPEE",BARISTA,08808,CHICOPEE,620 Memorial Dr,Chicopee,MA,,US,,1788148800,2026-08-31,32,2026-10-02,1788270448,2026-09-01,31,False,42.17467,-72.57775,481080658437,id:260065029,store:08808,Barista,onsite,"620 Memorial Dr, Chicopee, Massachusetts, United States",1,MA,CONUS_L1_014_033;CONUS_L1_015_033,2
2026-10-01,260056796,https://apply.starbucks.com/careers/job/481079527788,"barista - Store# 71105, WILBRAHAM, BOSTON RD",BARISTA,71105,"WILBRAHAM, BOSTON RD",2005 Boston Rd,Wilbraham,MA,,US,,1784088000,2026-07-15,79,2026-10-02,1784209179,2026-07-16,78,False,42.14923,-72.47408,481079527788,id:260056796,store:71105,Barista,onsite,"2005 Boston Rd, Wilbraham, Massachusetts, United States",1,MA,CONUS_L1_014_033;CONUS_L1_015_033,2
2026-10-01,260057380,https://apply.starbucks.com/careers/job/481079587800,"shift manager - Store# 71105, WILBRAHAM, BOSTON RD",SHIFT_SUPERVISOR,71105,"WILBRAHAM, BOSTON RD",2005 Boston Rd,Wilbraham,MA,,US,,1784347200,2026-07-18,76,2026-10-02,1784468506,2026-07-19,75,False,42.14923,-72.47408,481079587800,id:260057380,store:71105,Shift Manager,onsite,"2005 Boston Rd, Wilbraham, Massachusetts, United States",1,MA,CONUS_L1_014_033;CONUS_L1_015_033,2
2026-10-01,260059767,https://apply.starbucks.com/careers/job/481080055682,"shift manager - Store# 26040, LUDLOW",SHIFT_SUPERVISOR,26040,LUDLOW,456 Center St.,Ludlow,MA,,US,,1785988800,2026-08-06,57,2026-10-02,1786110320,2026-08-07,56,False,42.16979,-72.47948,481080055682,id:260059767,store:26040,Shift Manager,onsite,"456 Center St., Ludlow, Massachusetts, United States",1,MA,CONUS_L1_014_033;CONUS_L1_015_033,2
2026-10-01,260071358,https://apply.starbucks.com/careers/job/481080752032,"barista - Store# 78370, PALMER, THORNDIKE ST.",BARISTA,78370,"PALMER, THORNDIKE ST.","1188 Thorndike St, Unit 3",Palmer,MA,,US,,1788753600,2026-09-07,25,2026-10-02,1788874995,2026-09-08,24,False,42.1749768,-72.3214584,481080752032,id:260071358,store:78370,Barista,onsite,"1188 Thorndike St, Unit 3, Palmer, Massachusetts, United States",1,MA,CONUS_L1_014_033;CONUS_L1_015_033,2
2026-10-01,260064644,https://apply.starbucks.com/careers/job/481080613989,"shift manager - Store# 78370, PALMER, THORNDIKE ST.",SHIFT_SUPERVISOR,78370,"PALMER, THORNDIKE ST.","1188 Thorndike St, Unit 3",Palmer,MA,,US,,1788062400,2026-08-30,33,2026-10-02,1788183986,2026-08-31,32,False,42.1749768,-72.3214584,481080613989,id:260064644,store:78370,Shift Manager,onsite,"1188 Thorndike St, Unit 3, Palmer, Massachusetts, United States",1,MA,CONUS_L1_014_033;CONUS_L1_015_033,2
2026-10-01,260071902,https://apply.starbucks.com/careers/job/481080764793,"barista - Store# 77726, BELCHERTOWN, MA",BARISTA,77726,"BELCHERTOWN, MA",155 N Main St,Belchertown,MA,,US,,1788840000,2026-09-08,24,2026-10-02,1788961496,2026-09-09,23,False,42.28893,-72.40757,481080764793,id:260071902,store:77726,Barista,onsite,"155 N Main St, Belchertown, Massachusetts, United States",1,MA,CONUS_L1_014_033;CONUS_L1_015_033,2
2026-10-01,260057287,https://apply.starbucks.com/careers/job/481079587667,"shift manager - Store# 77726, BELCHERTOWN, MA",SHIFT_SUPERVISOR,77726,"BELCHERTOWN, MA",155 N Main St,Belchertown,MA,,US,,1784347200,2026-07-18,76,2026-10-02,1784468436,2026-07-19,75,False,42.28893,-72.40757,481079587667,id:260057287,store:77726,Shift Manager,onsite,"155 N Main St, Belchertown, Massachusetts, United States",1,MA,CONUS_L1_014_033;CONUS_L1_015_033,2
2026-10-01,260061306,https://apply.starbucks.com/careers/job/481080264868,"barista - Store# 22118, HADLEY, RUSSELL ST.",BARISTA,22118,"HADLEY, RUSSELL ST.","344 Russell Street, 1",Hadley,MA,,US,,1787025600,2026-08-18,45,2026-10-02,1787146957,2026-08-19,44,False,42.35724,-72.55308,481080264868,id:260061306,store:22118,Barista,onsite,"344 Russell Street, 1, Hadley, Massachusetts, United States",1,MA,CONUS_L1_014_033;CONUS_L1_015_033,2
2026-10-01,260058138,https://apply.starbucks.com/careers/job/481079849470,"shift manager - Store# 22118, HADLEY, RUSSELL ST.",SHIFT_SUPERVISOR,22118,"HADLEY, RUSSELL ST.","344 Russell Street, 1",Hadley,MA,,US,,1784952000,2026-07-25,69,2026-10-02,1785073413,2026-07-26,68,False,42.35724,-72.55308,481079849470,id:260058138,store:22118,Shift Manager,onsite,"344 Russell Street, 1, Hadley, Massachusetts, United States",1,MA,CONUS_L1_014_033;CONUS_L1_015_033,2
2026-10-01,260079731,https://apply.starbucks.com/careers/job/481081018780,"barista - Store# 23927, FRANKLIN WEST CENTRAL",BARISTA,23927,FRANKLIN WEST CENTRAL,648 Old West Central Street,Franklin,MA,,US,,1790395200,2026-09-26,6,2026-10-02,1790516445,2026-09-27,5,False,42.0911467,-71.4239221,481081018780,id:260079731,store:23927,Barista,onsite,"648 Old West Central Street, Franklin, Massachusetts, United States",1,MA,CONUS_L1_014_034;CONUS_L1_015_033,2
2026-10-01,260058388,https://apply.starbucks.com/careers/job/481079850081,"shift manager - Store# 08958, MEDWAY",SHIFT_SUPERVISOR,08958,MEDWAY,"67A Main Street, Unit 104",Medway,MA,,US,,1784952000,2026-07-25,69,2026-10-02,1785073617,2026-07-26,68,False,42.15273699999999,-71.404778,481079850081,id:260058388,store:08958,Shift Manager,onsite,"67A Main Street, Unit 104, Medway, Massachusetts, United States",1,MA,CONUS_L1_014_034;CONUS_L1_015_033,2
2026-10-01,260078791,https://apply.starbucks.com/careers/job/481080949870,"barista - Store# 08958, MEDWAY",BARISTA,08958,MEDWAY,"67A Main Street, Unit 104",Medway,MA,,US,,1789963200,2026-09-21,11,2026-10-02,1790084549,2026-09-22,10,False,42.15273699999999,-71.404778,481080949870,id:260078791,store:08958,Barista,onsite,"67A Main Street, Unit 104, Medway, Massachusetts, United States",1,MA,CONUS_L1_014_034;CONUS_L1_015_033,2
2026-10-01,260061082,https://apply.starbucks.com/careers/job/481080228810,"shift manager - Store# 51897, MILFORD CROSSING",SHIFT_SUPERVISOR,51897,MILFORD CROSSING,"128 Medway Road, 1",Milford,MA,,US,,1786939200,2026-08-17,46,2026-10-02,1787060459,2026-08-18,45,False,42.1486816,-71.4877624,481080228810,id:260061082,store:51897,Shift Manager,onsite,"128 Medway Road, 1, Milford, Massachusetts, United States",1,MA,CONUS_L1_014_034;CONUS_L1_015_033,2
2026-10-01,260078868,https://apply.starbucks.com/careers/job/481080964809,"barista - Store# 51897, MILFORD CROSSING",BARISTA,51897,MILFORD CROSSING,"128 Medway Road, 1",Milford,MA,,US,,1790049600,2026-09-22,10,2026-10-02,1790170993,2026-09-23,9,False,42.1486816,-71.4877624,481080964809,id:260078868,store:51897,Barista,onsite,"128 Medway Road, 1, Milford, Massachusetts, United States",1,MA,CONUS_L1_014_034;CONUS_L1_015_033,2
2026-10-01,260079715,https://apply.starbucks.com/careers/job/481081018758,"barista - Store# 20122, HOPKINTON",BARISTA,20122,HOPKINTON,85 W Main St,Hopkinton,MA,,US,,1790395200,2026-09-26,6,2026-10-02,1790516430,2026-09-27,5,False,42.21716,-71.54125,481081018758,id:260079715,store:20122,Barista,onsite,"85 W Main St, Hopkinton, Massachusetts, United States",1,MA,CONUS_L1_014_034;CONUS_L1_015_033,2
2026-10-01,260054006,https://apply.starbucks.com/careers/job/481079404884,"shift manager - Store# 20122, HOPKINTON",SHIFT_SUPERVISOR,20122,HOPKINTON,85 W Main St,Hopkinton,MA,,US,,1783569600,2026-07-09,85,2026-10-02,1783691037,2026-07-10,84,False,42.21716,-71.54125,481079404884,id:260054006,store:20122,Shift Manager,onsite,"85 W Main St, Hopkinton, Massachusetts, United States",1,MA,CONUS_L1_014_034;CONUS_L1_015_033,2
2026-10-01,260053737,https://apply.starbucks.com/careers/job/481079385365,"barista - Store# 28505, SUTTON",BARISTA,28505,SUTTON,"22 Galaxy Pass, Unit D",Sutton,MA,,US,,1783483200,2026-07-08,86,2026-10-02,1783604552,2026-07-09,85,False,42.160094,-71.735157,481079385365,id:260053737,store:28505,Barista,onsite,"22 Galaxy Pass, Unit D, Sutton, Massachusetts, United States",1,MA,CONUS_L1_014_034;CONUS_L1_015_033,2
2026-10-01,260072909,https://apply.starbucks.com/careers/job/481080796574,"shift manager - Store# 28505, SUTTON",SHIFT_SUPERVISOR,28505,SUTTON,"22 Galaxy Pass, Unit D",Sutton,MA,,US,,1789012800,2026-09-10,22,2026-10-02,1789135455,2026-09-11,21,False,42.160094,-71.735157,481080796574,id:260072909,store:28505,Shift Manager,onsite,"22 Galaxy Pass, Unit D, Sutton, Massachusetts, United States",1,MA,CONUS_L1_014_034;CONUS_L1_015_033,2
2026-10-01,260071591,https://apply.starbucks.com/careers/job/481080764373,"barista - Store# 71193, ASHLAND, UNION ST",BARISTA,71193,"ASHLAND, UNION ST",399 Union Street,Ashland,MA,,US,,1788840000,2026-09-08,24,2026-10-02,1788961249,2026-09-09,23,False,42.25598,-71.46635,481080764373,id:260071591,store:71193,Barista,onsite,"399 Union Street, Ashland, Massachusetts, United States",1,MA,CONUS_L1_014_034;CONUS_L1_015_033,2
2026-10-01,260079134,https://apply.starbucks.com/careers/job/481080965500,"shift manager - Store# 71193, ASHLAND, UNION ST",SHIFT_SUPERVISOR,71193,"ASHLAND, UNION ST",399 Union Street,Ashland,MA,,US,,1790049600,2026-09-22,10,2026-10-02,1790171218,2026-09-23,9,False,42.25598,-71.46635,481080965500,id:260079134,store:71193,Shift Manager,onsite,"399 Union Street, Ashland, Massachusetts, United States",1,MA,CONUS_L1_014_034;CONUS_L1_015_033,2
2026-10-01,260079283,https://apply.starbucks.com/careers/job/481080978411,"barista - Store# 00874, NATICK",BARISTA,00874,NATICK,"1346 Worcester Road, Sherwood Plaza",Natick,MA,,US,,1790136000,2026-09-23,9,2026-10-02,1790257549,2026-09-24,8,False,42.29807,-71.38708,481080978411,id:260079283,store:00874,Barista,onsite,"1346 Worcester Road, Sherwood Plaza, Natick, Massachusetts, United States",1,MA,CONUS_L1_014_034;CONUS_L1_015_033;CONUS_L1_015_034,3
2026-10-01,260054775,https://apply.starbucks.com/careers/job/481079406185,"shift manager - Store# 00874, NATICK",SHIFT_SUPERVISOR,00874,NATICK,"1346 Worcester Road, Sherwood Plaza",Natick,MA,,US,,1783569600,2026-07-09,85,2026-10-02,1783691585,2026-07-10,84,False,42.29807,-71.38708,481079406185,id:260054775,store:00874,Shift Manager,onsite,"1346 Worcester Road, Sherwood Plaza, Natick, Massachusetts, United States",1,MA,CONUS_L1_014_034;CONUS_L1_015_033;CONUS_L1_015_034,3
2026-10-01,260078046,https://apply.starbucks.com/careers/job/481080923499,"barista - Store# 69087, Shoppers World, Framingham",BARISTA,69087,"Shoppers World, Framingham",1 Worcester Rd,Framingham,MA,,US,,1789790400,2026-09-19,13,2026-10-02,1789911696,2026-09-20,12,False,42.29938,-71.39606,481080923499,id:260078046,store:69087,Barista,onsite,"1 Worcester Rd, Framingham, Massachusetts, United States",1,MA,CONUS_L1_014_034;CONUS_L1_015_033;CONUS_L1_015_034,3
2026-10-01,260061177,https://apply.starbucks.com/careers/job/481080229063,"shift manager - Store# 69087, Shoppers World, Framingham",SHIFT_SUPERVISOR,69087,"Shoppers World, Framingham",1 Worcester Rd,Framingham,MA,,US,,1786939200,2026-08-17,46,2026-10-02,1787060573,2026-08-18,45,False,42.29938,-71.39606,481080229063,id:260061177,store:69087,Shift Manager,onsite,"1 Worcester Rd, Framingham, Massachusetts, United States",1,MA,CONUS_L1_014_034;CONUS_L1_015_033;CONUS_L1_015_034,3
2026-10-01,260079965,https://apply.starbucks.com/careers/job/481081029474,"barista - Store# 07399, Framingham Route 9",BARISTA,07399,Framingham Route 9,573 Worcester Rd,Framingham,MA,,US,,1790481600,2026-09-27,5,2026-10-02,1790603350,2026-09-28,4,False,42.29825,-71.42044,481081029474,id:260079965,store:07399,Barista,onsite,"573 Worcester Rd, Framingham, Massachusetts, United States",1,MA,CONUS_L1_014_034;CONUS_L1_015_033;CONUS_L1_015_034,3
2026-10-01,260064280,https://apply.starbucks.com/careers/job/481080612993,"shift manager - Store# 07399, Framingham Route 9",SHIFT_SUPERVISOR,07399,Framingham Route 9,573 Worcester Rd,Framingham,MA,,US,,1788062400,2026-08-30,33,2026-10-02,1788183684,2026-08-31,32,False,42.29825,-71.42044,481080612993,id:260064280,store:07399,Shift Manager,onsite,"573 Worcester Rd, Framingham, Massachusetts, United States",1,MA,CONUS_L1_014_034;CONUS_L1_015_033;CONUS_L1_015_034,3
2026-10-01,260054294,https://apply.starbucks.com/careers/job/481079405154,"shift manager - Store# 02950, SOUTHBOROUGH",SHIFT_SUPERVISOR,02950,SOUTHBOROUGH,"154 Turnpike Road, Rte 9",Southborough,MA,,US,,1783569600,2026-07-09,85,2026-10-02,1783691240,2026-07-10,84,False,42.29214,-71.51992,481079405154,id:260054294,store:02950,Shift Manager,onsite,"154 Turnpike Road, Rte 9, Southborough, Massachusetts, United States",1,MA,CONUS_L1_014_034;CONUS_L1_015_033,2
2026-10-01,260053555,https://apply.starbucks.com/careers/job/481079351634,"barista - Store# 02950, SOUTHBOROUGH",BARISTA,02950,SOUTHBOROUGH,"154 Turnpike Road, Rte 9",Southborough,MA,,US,,1783396800,2026-07-07,87,2026-10-02,1783518147,2026-07-08,86,False,42.29214,-71.51992,481079351634,id:260053555,store:02950,Barista,onsite,"154 Turnpike Road, Rte 9, Southborough, Massachusetts, United States",1,MA,CONUS_L1_014_034;CONUS_L1_015_033,2
2026-10-01,260077595,https://apply.starbucks.com/careers/job/481080891234,"barista - Store# 07314, WAYLAND",BARISTA,07314,WAYLAND,44 Main St,Wayland,MA,,US,,1789617600,2026-09-17,15,2026-10-02,1789739291,2026-09-18,14,False,42.3169121,-71.3640206,481080891234,id:260077595,store:07314,Barista,onsite,"44 Main St, Wayland, Massachusetts, United States",1,MA,CONUS_L1_014_034;CONUS_L1_015_033;CONUS_L1_015_034,3
2026-10-01,260053919,https://apply.starbucks.com/careers/job/481079404986,"shift manager - Store# 07314, WAYLAND",SHIFT_SUPERVISOR,07314,WAYLAND,44 Main St,Wayland,MA,,US,,1783569600,2026-07-09,85,2026-10-02,1783690975,2026-07-10,84,False,42.3169121,-71.3640206,481079404986,id:260053919,store:07314,Shift Manager,onsite,"44 Main St, Wayland, Massachusetts, United States",1,MA,CONUS_L1_014_034;CONUS_L1_015_033;CONUS_L1_015_034,3
2026-10-01,260061528,https://apply.starbucks.com/careers/job/481080387228,"shift manager - Store# 71638, SHREWSBURY, RTE 20",SHIFT_SUPERVISOR,71638,"SHREWSBURY, RTE 20","200 Hartford Turnpike, Unit 5",Shrewsbury,MA,,US,,1787198400,2026-08-20,43,2026-10-02,1787319560,2026-08-21,42,False,42.24708,-71.72699,481080387228,id:260061528,store:71638,Shift Manager,onsite,"200 Hartford Turnpike, Unit 5, Shrewsbury, Massachusetts, United States",1,MA,CONUS_L1_014_034;CONUS_L1_015_033,2
2026-10-01,260063844,https://apply.starbucks.com/careers/job/481080567448,"barista - Store# 71638, SHREWSBURY, RTE 20",BARISTA,71638,"SHREWSBURY, RTE 20","200 Hartford Turnpike, Unit 5",Shrewsbury,MA,,US,,1787803200,2026-08-27,36,2026-10-02,1787925247,2026-08-28,35,False,42.24708,-71.72699,481080567448,id:260063844,store:71638,Barista,onsite,"200 Hartford Turnpike, Unit 5, Shrewsbury, Massachusetts, United States",1,MA,CONUS_L1_014_034;CONUS_L1_015_033,2
2026-10-01,260078485,https://apply.starbucks.com/careers/job/481080936433,"barista - Store# 07741, AUBURN CENTRE",BARISTA,07741,AUBURN CENTRE,434A Southbridge Street,Auburn,MA,,US,,1789876800,2026-09-20,12,2026-10-02,1789998310,2026-09-21,11,False,42.2013295,-71.83969180000001,481080936433,id:260078485,store:07741,Barista,onsite,"434A Southbridge Street, Auburn, Massachusetts, United States",1,MA,CONUS_L1_014_034;CONUS_L1_015_033,2
2026-10-01,260059880,https://apply.starbucks.com/careers/job/481080079047,"shift manager - Store# 07741, AUBURN CENTRE",SHIFT_SUPERVISOR,07741,AUBURN CENTRE,434A Southbridge Street,Auburn,MA,,US,,1786161600,2026-08-08,55,2026-10-02,1786283175,2026-08-09,54,False,42.2013295,-71.83969180000001,481080079047,id:260059880,store:07741,Shift Manager,onsite,"434A Southbridge Street, Auburn, Massachusetts, United States",1,MA,CONUS_L1_014_034;CONUS_L1_015_033,2
2026-10-01,260073201,https://apply.starbucks.com/careers/job/481080797977,"barista - Store# 07742, WESTBOROUGH SHOPPING CENTER",BARISTA,07742,WESTBOROUGH SHOPPING CENTER,"139 Turnpike Road, 2",Westborough,MA,,US,,1789012800,2026-09-10,22,2026-10-02,1789135701,2026-09-11,21,False,42.285523,-71.607491,481080797977,id:260073201,store:07742,Barista,onsite,"139 Turnpike Road, 2, Westborough, Massachusetts, United States",1,MA,CONUS_L1_014_034;CONUS_L1_015_033,2
2026-10-01,260055908,https://apply.starbucks.com/careers/job/481079473243,"shift manager - Store# 07742, WESTBOROUGH SHOPPING CENTER",SHIFT_SUPERVISOR,07742,WESTBOROUGH SHOPPING CENTER,"139 Turnpike Road, 2",Westborough,MA,,US,,1783915200,2026-07-13,81,2026-10-02,1784037124,2026-07-14,80,False,42.285523,-71.607491,481079473243,id:260055908,store:07742,Shift Manager,onsite,"139 Turnpike Road, 2, Westborough, Massachusetts, United States",1,MA,CONUS_L1_014_034;CONUS_L1_015_033,2
2026-10-01,260071245,https://apply.starbucks.com/careers/job/481080742584,"barista - Store# 66566, WORCESTER, GRAFTON ST",BARISTA,66566,"WORCESTER, GRAFTON ST",966 Grafton St,Worcester,MA,,US,,1788667200,2026-09-06,26,2026-10-02,1788789063,2026-09-07,25,False,42.2453366,-71.7594409,481080742584,id:260071245,store:66566,Barista,onsite,"966 Grafton St, Worcester, Massachusetts, United States",1,MA,CONUS_L1_014_034;CONUS_L1_015_033,2
2026-10-01,260076990,https://apply.starbucks.com/careers/job/481080875280,"shift manager - Store# 66566, WORCESTER, GRAFTON ST",SHIFT_SUPERVISOR,66566,"WORCESTER, GRAFTON ST",966 Grafton St,Worcester,MA,,US,,1789531200,2026-09-16,16,2026-10-02,1789652632,2026-09-17,15,False,42.2453366,-71.7594409,481080875280,id:260076990,store:66566,Shift Manager,onsite,"966 Grafton St, Worcester, Massachusetts, United States",1,MA,CONUS_L1_014_034;CONUS_L1_015_033,2
2026-10-01,260056495,https://apply.starbucks.com/careers/job/481079498798,"shift manager - Store# 16899, NORTHBOROUGH",SHIFT_SUPERVISOR,16899,NORTHBOROUGH,1104 Shops Way,Northborough,MA,,US,,1784001600,2026-07-14,80,2026-10-02,1784123234,2026-07-15,79,False,42.28642,-71.66827,481079498798,id:260056495,store:16899,Shift Manager,onsite,"1104 Shops Way, Northborough, Massachusetts, United States",1,MA,CONUS_L1_014_034;CONUS_L1_015_033,2
2026-10-01,260080715,https://apply.starbucks.com/careers/job/481081091878,"barista - Store# 16899, NORTHBOROUGH",BARISTA,16899,NORTHBOROUGH,1104 Shops Way,Northborough,MA,,US,,1790740800,2026-09-30,2,2026-10-02,1790836185,2026-10-01,1,False,42.28642,-71.66827,481081091878,id:260080715,store:16899,Barista,onsite,"1104 Shops Way, Northborough, Massachusetts, United States",1,MA,CONUS_L1_014_034;CONUS_L1_015_033,2
2026-10-01,260055687,https://apply.starbucks.com/careers/job/481079454261,"shift manager - Store# 25259, Shrewsbury, Lakeway Commons",SHIFT_SUPERVISOR,25259,"Shrewsbury, Lakeway Commons",193 Boston Tpke,Shrewsbury,MA,,US,,1783828800,2026-07-12,82,2026-10-02,1783950786,2026-07-13,81,False,42.27525,-71.74806,481079454261,id:260055687,store:25259,Shift Manager,onsite,"193 Boston Tpke, Shrewsbury, Massachusetts, United States",1,MA,CONUS_L1_014_034;CONUS_L1_015_033,2
2026-10-01,260073923,https://apply.starbucks.com/careers/job/481080813526,"barista - Store# 25259, Shrewsbury, Lakeway Commons",BARISTA,25259,"Shrewsbury, Lakeway Commons",193 Boston Tpke,Shrewsbury,MA,,US,,1789185600,2026-09-12,20,2026-10-02,1789307357,2026-09-13,19,False,42.27525,-71.74806,481080813526,id:260073923,store:25259,Barista,onsite,"193 Boston Tpke, Shrewsbury, Massachusetts, United States",1,MA,CONUS_L1_014_034;CONUS_L1_015_033,2
2026-10-01,260057065,https://apply.starbucks.com/careers/job/481079556150,"shift manager - Store# 07301, SUDBURY",SHIFT_SUPERVISOR,07301,SUDBURY,513 Boston Post Rd,Sudbury,MA,,US,,1784174400,2026-07-16,78,2026-10-02,1784295877,2026-07-17,77,False,42.3591286,-71.43014509999999,481079556150,id:260057065,store:07301,Shift Manager,onsite,"513 Boston Post Rd, Sudbury, Massachusetts, United States",1,MA,CONUS_L1_014_034;CONUS_L1_015_033;CONUS_L1_015_034,3
2026-10-01,260080677,https://apply.starbucks.com/careers/job/481081091816,"barista - Store# 07301, SUDBURY",BARISTA,07301,SUDBURY,513 Boston Post Rd,Sudbury,MA,,US,,1790740800,2026-09-30,2,2026-10-02,1790836152,2026-10-01,1,False,42.3591286,-71.43014509999999,481081091816,id:260080677,store:07301,Barista,onsite,"513 Boston Post Rd, Sudbury, Massachusetts, United States",1,MA,CONUS_L1_014_034;CONUS_L1_015_033;CONUS_L1_015_034,3
2026-10-01,260056759,https://apply.starbucks.com/careers/job/481079527739,"shift manager - Store# 09986, WORCESTER, EAST CENTRAL STREET",SHIFT_SUPERVISOR,09986,"WORCESTER, EAST CENTRAL STREET",11 E Central St,Worcester,MA,,US,,1784088000,2026-07-15,79,2026-10-02,1784209148,2026-07-16,78,False,42.2669077,-71.7944103,481079527739,id:260056759,store:09986,Shift Manager,onsite,"11 E Central St, Worcester, Massachusetts, United States",1,MA,CONUS_L1_014_034;CONUS_L1_015_033,2
2026-10-01,260053200,https://apply.starbucks.com/careers/job/481079247445,"barista - Store# 09986, WORCESTER, EAST CENTRAL STREET",BARISTA,09986,"WORCESTER, EAST CENTRAL STREET",11 E Central St,Worcester,MA,,US,,1783224000,2026-07-05,89,2026-10-02,1783345148,2026-07-06,88,False,42.2669077,-71.7944103,481079247445,id:260053200,store:09986,Barista,onsite,"11 E Central St, Worcester, Massachusetts, United States",1,MA,CONUS_L1_014_034;CONUS_L1_015_033,2
2026-10-01,260080236,https://apply.starbucks.com/careers/job/481081059053,"barista - Store# 07831, Marlborough, South Bolton St",BARISTA,07831,"Marlborough, South Bolton St",137 S Bolton St,Marlborough,MA,,US,,1790568000,2026-09-28,4,2026-10-02,1790689648,2026-09-29,3,False,42.3436286,-71.5441507,481081059053,id:260080236,store:07831,Barista,onsite,"137 S Bolton St, Marlborough, Massachusetts, United States",1,MA,CONUS_L1_014_034;CONUS_L1_015_033,2
2026-10-01,260057338,https://apply.starbucks.com/careers/job/481079587762,"shift manager - Store# 07831, Marlborough, South Bolton St",SHIFT_SUPERVISOR,07831,"Marlborough, South Bolton St",137 S Bolton St,Marlborough,MA,,US,,1784347200,2026-07-18,76,2026-10-02,1784468474,2026-07-19,75,False,42.3436286,-71.5441507,481079587762,id:260057338,store:07831,Shift Manager,onsite,"137 S Bolton St, Marlborough, Massachusetts, United States",1,MA,CONUS_L1_014_034;CONUS_L1_015_033,2
2026-10-01,260072997,https://apply.starbucks.com/careers/job/481080797575,"barista - Store# 00845, Marlborough, Apex Dr & Rt 20",BARISTA,00845,"Marlborough, Apex Dr & Rt 20","90 Apex Drive, Suite A",Marlborough,MA,,US,,1789012800,2026-09-10,22,2026-10-02,1789135529,2026-09-11,21,False,42.3389229,-71.5882977,481080797575,id:260072997,store:00845,Barista,onsite,"90 Apex Drive, Suite A, Marlborough, Massachusetts, United States",1,MA,CONUS_L1_014_034;CONUS_L1_015_033,2
2026-10-01,260058480,https://apply.starbucks.com/careers/job/481079865550,"shift manager - Store# 00845, Marlborough, Apex Dr & Rt 20",SHIFT_SUPERVISOR,00845,"Marlborough, Apex Dr & Rt 20","90 Apex Drive, Suite A",Marlborough,MA,,US,,1785038400,2026-07-26,68,2026-10-02,1785159944,2026-07-27,67,False,42.3389229,-71.5882977,481079865550,id:260058480,store:00845,Shift Manager,onsite,"90 Apex Drive, Suite A, Marlborough, Massachusetts, United States",1,MA,CONUS_L1_014_034;CONUS_L1_015_033,2
2026-10-01,260077915,https://apply.starbucks.com/careers/job/481080923064,"shift manager - Store# 65190, GARDNER, W. BROADWAY",SHIFT_SUPERVISOR,65190,"GARDNER, W. BROADWAY","308 West Broadway, 1",Gardner,MA,,US,,1789790400,2026-09-19,13,2026-10-02,1789911586,2026-09-20,12,False,42.56161,-71.99092,481080923064,id:260077915,store:65190,Shift Manager,onsite,"308 West Broadway, 1, Gardner, Massachusetts, United States",1,MA,CONUS_L1_015_033,1
2026-10-01,260078917,https://apply.starbucks.com/careers/job/481080964860,"barista - Store# 65190, GARDNER, W. BROADWAY",BARISTA,65190,"GARDNER, W. BROADWAY","308 West Broadway, 1",Gardner,MA,,US,,1790049600,2026-09-22,10,2026-10-02,1790171035,2026-09-23,9,False,42.56161,-71.99092,481080964860,id:260078917,store:65190,Barista,onsite,"308 West Broadway, 1, Gardner, Massachusetts, United States",1,MA,CONUS_L1_015_033,1
2026-10-01,260060373,https://apply.starbucks.com/careers/job/481080126020,"barista - Store# 29457, ATHOL COMMONS",BARISTA,29457,ATHOL COMMONS,"300 market drive, unit 1",Athol,MA,,US,,1786420800,2026-08-11,52,2026-10-02,1786542346,2026-08-12,51,False,42.57991,-72.18776,481080126020,id:260060373,store:29457,Barista,onsite,"300 market drive, unit 1, Athol, Massachusetts, United States",1,MA,CONUS_L1_015_033,1
2026-10-01,260058436,https://apply.starbucks.com/careers/job/481079865481,"shift manager - Store# 29457, ATHOL COMMONS",SHIFT_SUPERVISOR,29457,ATHOL COMMONS,"300 market drive, unit 1",Athol,MA,,US,,1785038400,2026-07-26,68,2026-10-02,1785159908,2026-07-27,67,False,42.57991,-72.18776,481079865481,id:260058436,store:29457,Shift Manager,onsite,"300 market drive, unit 1, Athol, Massachusetts, United States",1,MA,CONUS_L1_015_033,1
2026-10-01,260053543,https://apply.starbucks.com/careers/job/481079351618,"shift manager - Store# 85463, LEOMINSTER, TWIN CITY PLAZA",SHIFT_SUPERVISOR,85463,"LEOMINSTER, TWIN CITY PLAZA",950 Merriam Ave,Leominster,MA,,US,,1783396800,2026-07-07,87,2026-10-02,1783518137,2026-07-08,86,False,42.5525565,-71.78338870000002,481079351618,id:260053543,store:85463,Shift Manager,onsite,"950 Merriam Ave, Leominster, Massachusetts, United States",1,MA,CONUS_L1_015_033,1
2026-10-01,260053568,https://apply.starbucks.com/careers/job/481079351665,"barista - Store# 85463, LEOMINSTER, TWIN CITY PLAZA",BARISTA,85463,"LEOMINSTER, TWIN CITY PLAZA",950 Merriam Ave,Leominster,MA,,US,,1783396800,2026-07-07,87,2026-10-02,1783518157,2026-07-08,86,False,42.5525565,-71.78338870000002,481079351665,id:260053568,store:85463,Barista,onsite,"950 Merriam Ave, Leominster, Massachusetts, United States",1,MA,CONUS_L1_015_033,1
2026-10-01,260055576,https://apply.starbucks.com/careers/job/481079454140,"barista - Store# 77838, TOWNSEND, MAIN ST",BARISTA,77838,"TOWNSEND, MAIN ST",18 Main St,Townsend,MA,,US,,1783828800,2026-07-12,82,2026-10-02,1783950699,2026-07-13,81,False,42.64843339999999,-71.6600117,481079454140,id:260055576,store:77838,Barista,onsite,"18 Main St, Townsend, Massachusetts, United States",1,MA,CONUS_L1_015_033,1
2026-10-01,260059684,https://apply.starbucks.com/careers/job/481080037281,"shift manager - Store# 77838, TOWNSEND, MAIN ST",SHIFT_SUPERVISOR,77838,"TOWNSEND, MAIN ST",18 Main St,Townsend,MA,,US,,1785902400,2026-08-05,58,2026-10-02,1786023732,2026-08-06,57,False,42.64843339999999,-71.6600117,481080037281,id:260059684,store:77838,Shift Manager,onsite,"18 Main St, Townsend, Massachusetts, United States",1,MA,CONUS_L1_015_033,1
2026-10-01,260059508,https://apply.starbucks.com/careers/job/481080000901,"barista - Store# 08956, LEOMINSTER, COMMERCIAL ROAD",BARISTA,08956,"LEOMINSTER, COMMERCIAL ROAD",14 Commercial Rd,Leominster,MA,,US,,1785729600,2026-08-03,60,2026-10-02,1785851159,2026-08-04,59,False,42.5350613,-71.7415661,481080000901,id:260059508,store:08956,Barista,onsite,"14 Commercial Rd, Leominster, Massachusetts, United States",1,MA,CONUS_L1_015_033,1
2026-10-01,260060074,https://apply.starbucks.com/careers/job/481080087817,"shift manager - Store# 08956, LEOMINSTER, COMMERCIAL ROAD",SHIFT_SUPERVISOR,08956,"LEOMINSTER, COMMERCIAL ROAD",14 Commercial Rd,Leominster,MA,,US,,1786248000,2026-08-09,54,2026-10-02,1786369520,2026-08-10,53,False,42.5350613,-71.7415661,481080087817,id:260060074,store:08956,Shift Manager,onsite,"14 Commercial Rd, Leominster, Massachusetts, United States",1,MA,CONUS_L1_015_033,1
2026-10-01,260060431,https://apply.starbucks.com/careers/job/481080149347,"barista - Store# 80406, LEOMINSTER, RTE 117",BARISTA,80406,"LEOMINSTER, RTE 117",16 Jungle Rd,Leominster,MA,,US,,1786507200,2026-08-12,51,2026-10-02,1786628893,2026-08-13,50,False,42.4908844,-71.72751579999999,481080149347,id:260060431,store:80406,Barista,onsite,"16 Jungle Rd, Leominster, Massachusetts, United States",1,MA,CONUS_L1_015_033,1
2026-10-01,260059821,https://apply.starbucks.com/careers/job/481080078986,"shift manager - Store# 80406, LEOMINSTER, RTE 117",SHIFT_SUPERVISOR,80406,"LEOMINSTER, RTE 117",16 Jungle Rd,Leominster,MA,,US,,1786161600,2026-08-08,55,2026-10-02,1786283124,2026-08-09,54,False,42.4908844,-71.72751579999999,481080078986,id:260059821,store:80406,Shift Manager,onsite,"16 Jungle Rd, Leominster, Massachusetts, United States",1,MA,CONUS_L1_015_033,1
2026-10-01,260063580,https://apply.starbucks.com/careers/job/481080567247,"barista - Store# 84217, CLINTON, MAIN ST",BARISTA,84217,"CLINTON, MAIN ST",830 Main St,Clinton,MA,,US,,1787803200,2026-08-27,36,2026-10-02,1787925036,2026-08-28,35,False,42.4273137,-71.6882852,481080567247,id:260063580,store:84217,Barista,onsite,"830 Main St, Clinton, Massachusetts, United States",1,MA,CONUS_L1_015_033,1
2026-10-01,260058161,https://apply.starbucks.com/careers/job/481079849617,"shift manager - Store# 84217, CLINTON, MAIN ST",SHIFT_SUPERVISOR,84217,"CLINTON, MAIN ST",830 Main St,Clinton,MA,,US,,1784952000,2026-07-25,69,2026-10-02,1785073432,2026-07-26,68,False,42.4273137,-71.6882852,481079849617,id:260058161,store:84217,Shift Manager,onsite,"830 Main St, Clinton, Massachusetts, United States",1,MA,CONUS_L1_015_033,1
2026-10-01,260062362,https://apply.starbucks.com/careers/job/481080494071,"shift manager - Store# 84527, HOLDEN, MAIN ST",SHIFT_SUPERVISOR,84527,"HOLDEN, MAIN ST",788 Main St,Holden,MA,,US,,1787630400,2026-08-25,38,2026-10-02,1787752156,2026-08-26,37,False,42.3422794,-71.84423199999999,481080494071,id:260062362,store:84527,Shift Manager,onsite,"788 Main St, Holden, Massachusetts, United States",1,MA,CONUS_L1_015_033,1
2026-10-01,260059226,https://apply.starbucks.com/careers/job/481079980534,"barista - Store# 23424, LITTLETON - THE POINT",BARISTA,23424,LITTLETON - THE POINT,495 Great Rd,Littleton,MA,,US,,1785643200,2026-08-02,61,2026-10-02,1785753115,2026-08-03,60,False,42.55146,-71.47675,481079980534,id:260059226,store:23424,Barista,onsite,"495 Great Rd, Littleton, Massachusetts, United States",1,MA,CONUS_L1_015_033;CONUS_L1_015_034,2
2026-10-01,260059996,https://apply.starbucks.com/careers/job/481080079220,"shift manager - Store# 23424, LITTLETON - THE POINT",SHIFT_SUPERVISOR,23424,LITTLETON - THE POINT,495 Great Rd,Littleton,MA,,US,,1786161600,2026-08-08,55,2026-10-02,1786283269,2026-08-09,54,False,42.55146,-71.47675,481080079220,id:260059996,store:23424,Shift Manager,onsite,"495 Great Rd, Littleton, Massachusetts, United States",1,MA,CONUS_L1_015_033;CONUS_L1_015_034,2
2026-10-01,260059626,https://apply.starbucks.com/careers/job/481080017652,"shift manager - Store# 70452, HUDSON HIGHLAND COMMONS",SHIFT_SUPERVISOR,70452,HUDSON HIGHLAND COMMONS,"3 Highland Commons East, 500",Hudson,MA,,US,,1785816000,2026-08-04,59,2026-10-02,1785937719,2026-08-05,58,False,42.39474,-71.59562,481080017652,id:260059626,store:70452,Shift Manager,onsite,"3 Highland Commons East, 500, Hudson, Massachusetts, United States",1,MA,CONUS_L1_015_033,1
2026-10-01,260075340,https://apply.starbucks.com/careers/job/481080821550,"barista - Store# 70452, HUDSON HIGHLAND COMMONS",BARISTA,70452,HUDSON HIGHLAND COMMONS,"3 Highland Commons East, 500",Hudson,MA,,US,,1789272000,2026-09-13,19,2026-10-02,1789394853,2026-09-14,18,False,42.39474,-71.59562,481080821550,id:260075340,store:70452,Barista,onsite,"3 Highland Commons East, 500, Hudson, Massachusetts, United States",1,MA,CONUS_L1_015_033,1
2026-10-01,260079126,https://apply.starbucks.com/careers/job/481080965473,"barista - Store# 09913, WESTFORD VALLEY MARKETPLACE",BARISTA,09913,WESTFORD VALLEY MARKETPLACE,"174 Littleton Rd, Westford Valley Marketplace II",Westford,MA,,US,,1790049600,2026-09-22,10,2026-10-02,1790171211,2026-09-23,9,False,42.5663714,-71.4220512,481080965473,id:260079126,store:09913,Barista,onsite,"174 Littleton Rd, Westford Valley Marketplace II, Westford, Massachusetts, United States",1,MA,CONUS_L1_015_033;CONUS_L1_015_034,2
2026-10-01,260056377,https://apply.starbucks.com/careers/job/481079498178,"shift manager - Store# 09913, WESTFORD VALLEY MARKETPLACE",SHIFT_SUPERVISOR,09913,WESTFORD VALLEY MARKETPLACE,"174 Littleton Rd, Westford Valley Marketplace II",Westford,MA,,US,,1784001600,2026-07-14,80,2026-10-02,1784123147,2026-07-15,79,False,42.5663714,-71.4220512,481079498178,id:260056377,store:09913,Shift Manager,onsite,"174 Littleton Rd, Westford Valley Marketplace II, Westford, Massachusetts, United States",1,MA,CONUS_L1_015_033;CONUS_L1_015_034,2
2026-10-01,260073145,https://apply.starbucks.com/careers/job/481080797874,"barista - Store# 07862, WORCESTER, PARK AVENUE",BARISTA,07862,"WORCESTER, PARK AVENUE","41 Park Ave, 5A",Worcester,MA,,US,,1789012800,2026-09-10,22,2026-10-02,1789135653,2026-09-11,21,False,42.28237420000001,-71.8079004,481080797874,id:260073145,store:07862,Barista,onsite,"41 Park Ave, 5A, Worcester, Massachusetts, United States",1,MA,CONUS_L1_015_033,1
2026-10-01,260074381,https://apply.starbucks.com/careers/job/481080814314,"barista - Store# 07658, CHELMSFORD",BARISTA,07658,CHELMSFORD,"101 Drum Hill Road, Chelmsford Plaza",Chelmsford,MA,,US,,1789185600,2026-09-12,20,2026-10-02,1789307784,2026-09-13,19,False,42.62373,-71.36431,481080814314,id:260074381,store:07658,Barista,onsite,"101 Drum Hill Road, Chelmsford Plaza, Chelmsford, Massachusetts, United States",1,MA,CONUS_L1_015_033;CONUS_L1_015_034,2
2026-10-01,260059075,https://apply.starbucks.com/careers/job/481079980362,"shift manager - Store# 07658, CHELMSFORD",SHIFT_SUPERVISOR,07658,CHELMSFORD,"101 Drum Hill Road, Chelmsford Plaza",Chelmsford,MA,,US,,1785643200,2026-08-02,61,2026-10-02,1785752985,2026-08-03,60,False,42.62373,-71.36431,481079980362,id:260059075,store:07658,Shift Manager,onsite,"101 Drum Hill Road, Chelmsford Plaza, Chelmsford, Massachusetts, United States",1,MA,CONUS_L1_015_033;CONUS_L1_015_034,2
2026-10-01,260057886,https://apply.starbucks.com/careers/job/481079679797,"barista - Store# 63029, DRUM HILL RD, CHELMSFORD",BARISTA,63029,"DRUM HILL RD, CHELMSFORD","21 Drum Hill Rd, 300",Chelmsford,MA,,US,,1784692800,2026-07-22,72,2026-10-02,1784814320,2026-07-23,71,False,42.62578,-71.36127,481079679797,id:260057886,store:63029,Barista,onsite,"21 Drum Hill Rd, 300, Chelmsford, Massachusetts, United States",1,MA,CONUS_L1_015_033;CONUS_L1_015_034,2
2026-10-01,260079700,https://apply.starbucks.com/careers/job/481081018740,"shift manager - Store# 63029, DRUM HILL RD, CHELMSFORD",SHIFT_SUPERVISOR,63029,"DRUM HILL RD, CHELMSFORD","21 Drum Hill Rd, 300",Chelmsford,MA,,US,,1790395200,2026-09-26,6,2026-10-02,1790516417,2026-09-27,5,False,42.62578,-71.36127,481081018740,id:260079700,store:63029,Shift Manager,onsite,"21 Drum Hill Rd, 300, Chelmsford, Massachusetts, United States",1,MA,CONUS_L1_015_033;CONUS_L1_015_034,2
2026-10-01,260076036,https://apply.starbucks.com/careers/job/481080852716,"store manager, Chelmsford, MA",STORE_MANAGER,,,,Chelmsford,MA,,US,,1789527081,2026-09-15,17,2026-10-02,1789526982,2026-09-15,17,False,42.5998139,-71.3672838,481080852716,id:260076036,,Coffeehouse Leader,onsite,"Chelmsford, Massachusetts, United States",1,MA,CONUS_L1_015_033;CONUS_L1_015_034,2
2026-10-01,260058489,https://apply.starbucks.com/careers/job/481079865568,"shift manager - Store# 07835, KELLEY'S CORNER",SHIFT_SUPERVISOR,07835,KELLEY'S CORNER,411 Massachusetts Ave,Acton,MA,,US,,1785038400,2026-07-26,68,2026-10-02,1785159951,2026-07-27,67,False,42.47504319999999,-71.451774,481079865568,id:260058489,store:07835,Shift Manager,onsite,"411 Massachusetts Ave, Acton, Massachusetts, United States",1,MA,CONUS_L1_015_033;CONUS_L1_015_034,2
2026-10-01,260080538,https://apply.starbucks.com/careers/job/481081091652,"barista - Store# 07835, KELLEY'S CORNER",BARISTA,07835,KELLEY'S CORNER,411 Massachusetts Ave,Acton,MA,,US,,1790740800,2026-09-30,2,2026-10-02,1790836031,2026-10-01,1,False,42.47504319999999,-71.451774,481081091652,id:260080538,store:07835,Barista,onsite,"411 Massachusetts Ave, Acton, Massachusetts, United States",1,MA,CONUS_L1_015_033;CONUS_L1_015_034,2
2026-10-01,260077308,https://apply.starbucks.com/careers/job/481080890885,"shift manager - Store# 82930, LEICESTER, MAIN ST",SHIFT_SUPERVISOR,82930,"LEICESTER, MAIN ST",1621 Main St,Leicester,MA,,US,,1789617600,2026-09-17,15,2026-10-02,1789739042,2026-09-18,14,False,42.24774,-71.93823,481080890885,id:260077308,store:82930,Shift Manager,onsite,"1621 Main St, Leicester, Massachusetts, United States",1,MA,CONUS_L1_015_033,1
2026-10-01,260072497,https://apply.starbucks.com/careers/job/481080795810,"barista - Store# 82930, LEICESTER, MAIN ST",BARISTA,82930,"LEICESTER, MAIN ST",1621 Main St,Leicester,MA,,US,,1789012800,2026-09-10,22,2026-10-02,1789135102,2026-09-11,21,False,42.24774,-71.93823,481080795810,id:260072497,store:82930,Barista,onsite,"1621 Main St, Leicester, Massachusetts, United States",1,MA,CONUS_L1_015_033,1
2026-10-01,260058086,https://apply.starbucks.com/careers/job/481079849320,"barista - Store# 81822, CONCORD, ROUTE 2",BARISTA,81822,"CONCORD, ROUTE 2",768 Elm St,Concord,MA,,US,,1784952000,2026-07-25,69,2026-10-02,1785073371,2026-07-26,68,False,42.465516,-71.38834,481079849320,id:260058086,store:81822,Barista,onsite,"768 Elm St, Concord, Massachusetts, United States",1,MA,CONUS_L1_015_033;CONUS_L1_015_034,2
2026-10-01,260058414,https://apply.starbucks.com/careers/job/481079850128,"shift manager - Store# 81822, CONCORD, ROUTE 2",SHIFT_SUPERVISOR,81822,"CONCORD, ROUTE 2",768 Elm St,Concord,MA,,US,,1784952000,2026-07-25,69,2026-10-02,1785073639,2026-07-26,68,False,42.465516,-71.38834,481079850128,id:260058414,store:81822,Shift Manager,onsite,"768 Elm St, Concord, Massachusetts, United States",1,MA,CONUS_L1_015_033;CONUS_L1_015_034,2
2026-10-01,260057372,https://apply.starbucks.com/careers/job/481079587863,"barista - Store# 08650, BILLERICA",BARISTA,08650,BILLERICA,"199 Boston Road, Unit 15",North Billerica,MA,,US,,1784347200,2026-07-18,76,2026-10-02,1784468500,2026-07-19,75,False,42.581596,-71.28940899999999,481079587863,id:260057372,store:08650,Barista,onsite,"199 Boston Road, Unit 15, North Billerica, Massachusetts, United States",1,MA,CONUS_L1_015_033;CONUS_L1_015_034,2
2026-10-01,260057348,https://apply.starbucks.com/careers/job/481079587742,"shift manager - Store# 08650, BILLERICA",SHIFT_SUPERVISOR,08650,BILLERICA,"199 Boston Road, Unit 15",North Billerica,MA,,US,,1784347200,2026-07-18,76,2026-10-02,1784468482,2026-07-19,75,False,42.581596,-71.28940899999999,481079587742,id:260057348,store:08650,Shift Manager,onsite,"199 Boston Road, Unit 15, North Billerica, Massachusetts, United States",1,MA,CONUS_L1_015_033;CONUS_L1_015_034,2
2026-10-01,260054037,https://apply.starbucks.com/careers/job/481079404838,"barista - Store# 00816, CONCORD CENTER",BARISTA,00816,CONCORD CENTER,159 Sudbury Rd,Concord,MA,,US,,1783569600,2026-07-09,85,2026-10-02,1783691059,2026-07-10,84,False,42.4556787,-71.3558324,481079404838,id:260054037,store:00816,Barista,onsite,"159 Sudbury Rd, Concord, Massachusetts, United States",1,MA,CONUS_L1_015_033;CONUS_L1_015_034,2
2026-10-01,260054653,https://apply.starbucks.com/careers/job/481079405778,"shift manager - Store# 00816, CONCORD CENTER",SHIFT_SUPERVISOR,00816,CONCORD CENTER,159 Sudbury Rd,Concord,MA,,US,,1783569600,2026-07-09,85,2026-10-02,1783691494,2026-07-10,84,False,42.4556787,-71.3558324,481079405778,id:260054653,store:00816,Shift Manager,onsite,"159 Sudbury Rd, Concord, Massachusetts, United States",1,MA,CONUS_L1_015_033;CONUS_L1_015_034,2
