snapshot_date,job_id,job_url,job_title_raw,role_bucket,store_number,store_name,street_address,city,state,postal_code,country,posted_text,posted_ts_raw,posted_date,days_since_posted,fetched_date,creation_ts_raw,req_created_date,req_age_days,reposted_requisition,latitude,longitude,position_id,dedup_key,store_key,department,work_location_option,location_raw,n_locations,all_states,search_ids,n_searches
2026-10-01,260053526,https://apply.starbucks.com/careers/job/481079350012,store manager- Baltimore & Surrounding Areas,STORE_MANAGER,,,,Baltimore,MD,,US,,1788358168,2026-09-02,29,2026-10-01,1783517144,2026-07-08,85,True,39.2905023,-76.6104072,481079350012,id:260053526,,Coffeehouse Leader,onsite,"Baltimore, Maryland, United States",4,MD,CONUS_L0_003_003;CONUS_L0_003_008;CONUS_L0_004_004;CONUS_L1_012_030;CONUS_L1_012_031;CONUS_L1_013_030,6
2026-10-01,260073200,https://apply.starbucks.com/careers/job/481080797992,"barista - Store# 82048, POCOMOKE CITY",BARISTA,82048,POCOMOKE CITY,153 Newtowne Blvd,Pocomoke City,MD,,US,,1789012800,2026-09-10,21,2026-10-01,1789135700,2026-09-11,20,False,38.076534,-75.55850199999999,481080797992,id:260073200,store:82048,Barista,onsite,"153 Newtowne Blvd, Pocomoke City, Maryland, United States",1,MD,CONUS_L0_003_008;CONUS_L1_011_031,2
2026-10-01,260072880,https://apply.starbucks.com/careers/job/481080796676,"shift supervisor - Store# 82048, POCOMOKE CITY",SHIFT_SUPERVISOR,82048,POCOMOKE CITY,153 Newtowne Blvd,Pocomoke City,MD,,US,,1789012800,2026-09-10,21,2026-10-01,1789135431,2026-09-11,20,False,38.076534,-75.55850199999999,481080796676,id:260072880,store:82048,Shift Supervisor,onsite,"153 Newtowne Blvd, Pocomoke City, Maryland, United States",1,MD,CONUS_L0_003_008;CONUS_L1_011_031,2
2026-10-01,260057780,https://apply.starbucks.com/careers/job/481079649247,"shift supervisor - Store# 82193, PAX RIVER VILLAGE_THREE NOTCH RD",SHIFT_SUPERVISOR,82193,PAX RIVER VILLAGE_THREE NOTCH RD,21841 Three Notch Rd,Lexington Park,MD,,US,,1784606400,2026-07-21,72,2026-10-01,1784727958,2026-07-22,71,False,38.2664295,-76.455676,481079649247,id:260057780,store:82193,Shift Supervisor,onsite,"21841 Three Notch Rd, Lexington Park, Maryland, United States",1,MD,CONUS_L0_003_008;CONUS_L1_011_030;CONUS_L1_012_031,3
2026-10-01,260057753,https://apply.starbucks.com/careers/job/481079649201,"barista - Store# 82193, PAX RIVER VILLAGE_THREE NOTCH RD",BARISTA,82193,PAX RIVER VILLAGE_THREE NOTCH RD,21841 Three Notch Rd,Lexington Park,MD,,US,,1784606400,2026-07-21,72,2026-10-01,1784727932,2026-07-22,71,False,38.2664295,-76.455676,481079649201,id:260057753,store:82193,Barista,onsite,"21841 Three Notch Rd, Lexington Park, Maryland, United States",1,MD,CONUS_L0_003_008;CONUS_L1_011_030;CONUS_L1_012_031,3
2026-10-01,260055932,https://apply.starbucks.com/careers/job/481079473268,"barista - Store# 07778, THREE NOTCH & RT 4, ST. MARY'S MP",BARISTA,07778,"THREE NOTCH & RT 4, ST. MARY'S MP","45000 St Andrews Chu, Suite F",California,MD,,US,,1783915200,2026-07-13,80,2026-10-01,1784037145,2026-07-14,79,False,38.3034185,-76.521952,481079473268,id:260055932,store:07778,Barista,onsite,"45000 St Andrews Chu, Suite F, California, Maryland, United States",1,MD,CONUS_L0_003_008;CONUS_L1_011_030;CONUS_L1_012_031,3
2026-10-01,260076636,https://apply.starbucks.com/careers/job/481080862653,"barista - Store# 11631, LUSBY COMMONS",BARISTA,11631,LUSBY COMMONS,"11738 Rousby Hall Road, Lusby Commons, Space B101",Lusby,MD,,US,,1789444800,2026-09-15,16,2026-10-01,1789567041,2026-09-16,15,False,38.3734382,-76.4411016,481080862653,id:260076636,store:11631,Barista,onsite,"11738 Rousby Hall Road, Lusby Commons, Space B101, Lusby, Maryland, United States",1,MD,CONUS_L0_003_008;CONUS_L1_011_030;CONUS_L1_012_031,3
2026-10-01,260069553,https://apply.starbucks.com/careers/job/481080730386,"shift supervisor - Store# 11631, LUSBY COMMONS",SHIFT_SUPERVISOR,11631,LUSBY COMMONS,"11738 Rousby Hall Road, Lusby Commons, Space B101",Lusby,MD,,US,,1788580800,2026-09-05,26,2026-10-01,1788702191,2026-09-06,25,False,38.3734382,-76.4411016,481080730386,id:260069553,store:11631,Shift Supervisor,onsite,"11738 Rousby Hall Road, Lusby Commons, Space B101, Lusby, Maryland, United States",1,MD,CONUS_L0_003_008;CONUS_L1_011_030;CONUS_L1_012_031,3
2026-10-01,260057982,https://apply.starbucks.com/careers/job/481079710365,"barista - Store# 17797, 1111 SALISBURY BLVD",BARISTA,17797,1111 SALISBURY BLVD,1111 S Salisbury Blvd,Salisbury,MD,,US,,1784779200,2026-07-23,70,2026-10-01,1784900734,2026-07-24,69,False,38.34773,-75.60184,481079710365,id:260057982,store:17797,Barista,onsite,"1111 S Salisbury Blvd, Salisbury, Maryland, United States",1,MD,CONUS_L0_003_008;CONUS_L1_011_031;CONUS_L1_012_031,3
2026-10-01,260078495,https://apply.starbucks.com/careers/job/481080936449,"shift supervisor - Store# 17797, 1111 SALISBURY BLVD",SHIFT_SUPERVISOR,17797,1111 SALISBURY BLVD,1111 S Salisbury Blvd,Salisbury,MD,,US,,1789876800,2026-09-20,11,2026-10-01,1789998318,2026-09-21,10,False,38.34773,-75.60184,481080936449,id:260078495,store:17797,Shift Supervisor,onsite,"1111 S Salisbury Blvd, Salisbury, Maryland, United States",1,MD,CONUS_L0_003_008;CONUS_L1_011_031;CONUS_L1_012_031,3
2026-10-01,260059897,https://apply.starbucks.com/careers/job/481080079076,"barista - Store# 82793, EAST SALISBURY, ROUTE 50",BARISTA,82793,"EAST SALISBURY, ROUTE 50",317 Tilghman Rd,Salisbury,MD,,US,,1786161600,2026-08-08,54,2026-10-01,1786283190,2026-08-09,53,False,38.366721,-75.541752,481080079076,id:260059897,store:82793,Barista,onsite,"317 Tilghman Rd, Salisbury, Maryland, United States",1,MD,CONUS_L0_003_008;CONUS_L1_011_031;CONUS_L1_012_031,3
2026-10-01,260055899,https://apply.starbucks.com/careers/job/481079473227,"shift supervisor - Store# 82793, EAST SALISBURY, ROUTE 50",SHIFT_SUPERVISOR,82793,"EAST SALISBURY, ROUTE 50",317 Tilghman Rd,Salisbury,MD,,US,,1783915200,2026-07-13,80,2026-10-01,1784037116,2026-07-14,79,False,38.366721,-75.541752,481079473227,id:260055899,store:82793,Shift Supervisor,onsite,"317 Tilghman Rd, Salisbury, Maryland, United States",1,MD,CONUS_L0_003_008;CONUS_L1_011_031;CONUS_L1_012_031,3
2026-10-01,260076260,https://apply.starbucks.com/careers/job/481080861684,"shift supervisor - Store# 08835, NORTH SALISBURY",SHIFT_SUPERVISOR,08835,NORTH SALISBURY,"2424 North Salisbury Rd., Parcell 39",Salisbury,MD,,US,,1789444800,2026-09-15,16,2026-10-01,1789566717,2026-09-16,15,False,38.4054,-75.5687,481080861684,id:260076260,store:08835,Shift Supervisor,onsite,"2424 North Salisbury Rd., Parcell 39, Salisbury, Maryland, United States",1,MD,CONUS_L0_003_008;CONUS_L1_011_031;CONUS_L1_012_031,3
2026-10-01,260063770,https://apply.starbucks.com/careers/job/481080567498,"barista - Store# 08835, NORTH SALISBURY",BARISTA,08835,NORTH SALISBURY,"2424 North Salisbury Rd., Parcell 39",Salisbury,MD,,US,,1787803200,2026-08-27,35,2026-10-01,1787925188,2026-08-28,34,False,38.4054,-75.5687,481080567498,id:260063770,store:08835,Barista,onsite,"2424 North Salisbury Rd., Parcell 39, Salisbury, Maryland, United States",1,MD,CONUS_L0_003_008;CONUS_L1_011_031;CONUS_L1_012_031,3
2026-10-01,260060029,https://apply.starbucks.com/careers/job/481080079254,"shift supervisor - Store# 02871, 50 W & INLET ISLE LANE, WEST OC",SHIFT_SUPERVISOR,02871,"50 W & INLET ISLE LANE, WEST OC","12911 Ocean Gateway, 100",Ocean City,MD,,US,,1786161600,2026-08-08,54,2026-10-01,1786283294,2026-08-09,53,False,38.3355928,-75.10003259999999,481080079254,id:260060029,store:02871,Shift Supervisor,onsite,"12911 Ocean Gateway, 100, Ocean City, Maryland, United States",1,MD,CONUS_L0_003_008;CONUS_L1_011_031;CONUS_L1_012_032,3
2026-10-01,260060026,https://apply.starbucks.com/careers/job/481080079232,"barista - Store# 02871, 50 W & INLET ISLE LANE, WEST OC",BARISTA,02871,"50 W & INLET ISLE LANE, WEST OC","12911 Ocean Gateway, 100",Ocean City,MD,,US,,1786161600,2026-08-08,54,2026-10-01,1786283292,2026-08-09,53,False,38.3355928,-75.10003259999999,481080079232,id:260060026,store:02871,Barista,onsite,"12911 Ocean Gateway, 100, Ocean City, Maryland, United States",1,MD,CONUS_L0_003_008;CONUS_L1_011_031;CONUS_L1_012_032,3
2026-10-01,260059928,https://apply.starbucks.com/careers/job/481080079122,"shift supervisor - Store# 83059, CHARLOTTE HALL_ROUTE 5",SHIFT_SUPERVISOR,83059,CHARLOTTE HALL_ROUTE 5,29870 Three Notch Rd,Charlotte Hall,MD,,US,,1786161600,2026-08-08,54,2026-10-01,1786283216,2026-08-09,53,False,38.489111,-76.77384400000001,481080079122,id:260059928,store:83059,Shift Supervisor,onsite,"29870 Three Notch Rd, Charlotte Hall, Maryland, United States",1,MD,CONUS_L0_003_008;CONUS_L1_011_030;CONUS_L1_012_030;CONUS_L1_012_031,4
2026-10-01,260061096,https://apply.starbucks.com/careers/job/481080228863,"barista - Store# 83059, CHARLOTTE HALL_ROUTE 5",BARISTA,83059,CHARLOTTE HALL_ROUTE 5,29870 Three Notch Rd,Charlotte Hall,MD,,US,,1786939200,2026-08-17,45,2026-10-01,1787060477,2026-08-18,44,False,38.489111,-76.77384400000001,481080228863,id:260061096,store:83059,Barista,onsite,"29870 Three Notch Rd, Charlotte Hall, Maryland, United States",1,MD,CONUS_L0_003_008;CONUS_L1_011_030;CONUS_L1_012_030;CONUS_L1_012_031,4
2026-10-01,260058481,https://apply.starbucks.com/careers/job/481079865546,"shift supervisor - Store# 50479, 50 W & CRUSADER RD, CAMBRIDGE, MD",SHIFT_SUPERVISOR,50479,"50 W & CRUSADER RD, CAMBRIDGE, MD",703 Cambridge Marketplace Blvd,Cambridge,MD,,US,,1785038400,2026-07-26,67,2026-10-01,1785159945,2026-07-27,66,False,38.56116,-76.06392,481079865546,id:260058481,store:50479,Shift Supervisor,onsite,"703 Cambridge Marketplace Blvd, Cambridge, Maryland, United States",1,MD,CONUS_L0_003_008;CONUS_L1_012_031,2
2026-10-01,260068834,https://apply.starbucks.com/careers/job/481080710122,"barista - Store# 50479, 50 W & CRUSADER RD, CAMBRIDGE, MD",BARISTA,50479,"50 W & CRUSADER RD, CAMBRIDGE, MD",703 Cambridge Marketplace Blvd,Cambridge,MD,,US,,1788408000,2026-09-03,28,2026-10-01,1788530075,2026-09-04,27,False,38.56116,-76.06392,481080710122,id:260068834,store:50479,Barista,onsite,"703 Cambridge Marketplace Blvd, Cambridge, Maryland, United States",1,MD,CONUS_L0_003_008;CONUS_L1_012_031,2
2026-10-01,260060891,https://apply.starbucks.com/careers/job/481080183382,"barista - Store# 07869, Fox Run SC, Prince Frederick",BARISTA,07869,"Fox Run SC, Prince Frederick",55 Harrow Lane,Prince Frederick,MD,,US,,1786766400,2026-08-15,47,2026-10-01,1786887945,2026-08-16,46,False,38.5572824,-76.5957347,481080183382,id:260060891,store:07869,Barista,onsite,"55 Harrow Lane, Prince Frederick, Maryland, United States",1,MD,CONUS_L0_003_008;CONUS_L1_012_031,2
2026-10-01,260079070,https://apply.starbucks.com/careers/job/481080965315,"shift supervisor - Store# 07869, Fox Run SC, Prince Frederick",SHIFT_SUPERVISOR,07869,"Fox Run SC, Prince Frederick",55 Harrow Lane,Prince Frederick,MD,,US,,1790049600,2026-09-22,9,2026-10-01,1790171163,2026-09-23,8,False,38.5572824,-76.5957347,481080965315,id:260079070,store:07869,Shift Supervisor,onsite,"55 Harrow Lane, Prince Frederick, Maryland, United States",1,MD,CONUS_L0_003_008;CONUS_L1_012_031,2
2026-10-01,260069616,https://apply.starbucks.com/careers/job/481080730480,"shift supervisor - Store# 53001, 123RD AND COASTAL HIGHWAY",SHIFT_SUPERVISOR,53001,123RD AND COASTAL HIGHWAY,12209 Coastal Highway,Ocean City,MD,,US,,1788580800,2026-09-05,26,2026-10-01,1788702242,2026-09-06,25,False,38.4281572,-75.0560306,481080730480,id:260069616,store:53001,Shift Supervisor,onsite,"12209 Coastal Highway, Ocean City, Maryland, United States",1,MD,CONUS_L0_003_008;CONUS_L1_011_031;CONUS_L1_012_032,3
2026-10-01,260069498,https://apply.starbucks.com/careers/job/481080730339,"barista - Store# 53001, 123RD AND COASTAL HIGHWAY",BARISTA,53001,123RD AND COASTAL HIGHWAY,12209 Coastal Highway,Ocean City,MD,,US,,1788580800,2026-09-05,26,2026-10-01,1788702149,2026-09-06,25,False,38.4281572,-75.0560306,481080730339,id:260069498,store:53001,Barista,onsite,"12209 Coastal Highway, Ocean City, Maryland, United States",1,MD,CONUS_L0_003_008;CONUS_L1_011_031;CONUS_L1_012_032,3
2026-10-01,260055043,https://apply.starbucks.com/careers/job/481079436545,"barista - Store# 13622, LA PLATA SHOPPING CENTER",BARISTA,13622,LA PLATA SHOPPING CENTER,"6675 Crain Hwy, La Plata Shopping Center",La Plata,MD,,US,,1783742400,2026-07-11,82,2026-10-01,1783863598,2026-07-12,81,False,38.52932,-76.98338,481079436545,id:260055043,store:13622,Barista,onsite,"6675 Crain Hwy, La Plata Shopping Center, La Plata, Maryland, United States",1,MD,CONUS_L0_003_008;CONUS_L1_011_030;CONUS_L1_012_030;CONUS_L1_012_031,4
2026-10-01,260064525,https://apply.starbucks.com/careers/job/481080613558,"shift supervisor - Store# 13622, LA PLATA SHOPPING CENTER",SHIFT_SUPERVISOR,13622,LA PLATA SHOPPING CENTER,"6675 Crain Hwy, La Plata Shopping Center",La Plata,MD,,US,,1788062400,2026-08-30,32,2026-10-01,1788183886,2026-08-31,31,False,38.52932,-76.98338,481080613558,id:260064525,store:13622,Shift Supervisor,onsite,"6675 Crain Hwy, La Plata Shopping Center, La Plata, Maryland, United States",1,MD,CONUS_L0_003_008;CONUS_L1_011_030;CONUS_L1_012_030;CONUS_L1_012_031,4
2026-10-01,260057326,https://apply.starbucks.com/careers/job/481079587719,"barista - Store# 68748, WALDORF PARK_CRAIN HWY & SMALLWOOD",BARISTA,68748,WALDORF PARK_CRAIN HWY & SMALLWOOD,"3728 Crain Hwy, 101",Waldorf,MD,,US,,1784347200,2026-07-18,75,2026-10-01,1784468465,2026-07-19,74,False,38.61,-76.92627,481079587719,id:260057326,store:68748,Barista,onsite,"3728 Crain Hwy, 101, Waldorf, Maryland, United States",1,MD,CONUS_L0_003_008;CONUS_L1_012_030;CONUS_L1_012_031,3
2026-10-01,260062848,https://apply.starbucks.com/careers/job/481080495230,"shift supervisor - Store# 68748, WALDORF PARK_CRAIN HWY & SMALLWOOD",SHIFT_SUPERVISOR,68748,WALDORF PARK_CRAIN HWY & SMALLWOOD,"3728 Crain Hwy, 101",Waldorf,MD,,US,,1787630400,2026-08-25,37,2026-10-01,1787752547,2026-08-26,36,False,38.61,-76.92627,481080495230,id:260062848,store:68748,Shift Supervisor,onsite,"3728 Crain Hwy, 101, Waldorf, Maryland, United States",1,MD,CONUS_L0_003_008;CONUS_L1_012_030;CONUS_L1_012_031,3
2026-10-01,260075185,https://apply.starbucks.com/careers/job/481080821374,"shift supervisor - Store# 02770, WALDORF MARKETPLACE - BERRY ROAD",SHIFT_SUPERVISOR,02770,WALDORF MARKETPLACE - BERRY ROAD,3053 Waldorf Market Pl,Waldorf,MD,,US,,1789272000,2026-09-13,18,2026-10-01,1789394717,2026-09-14,17,False,38.627556,-76.91678,481080821374,id:260075185,store:02770,Shift Supervisor,onsite,"3053 Waldorf Market Pl, Waldorf, Maryland, United States",1,MD,CONUS_L0_003_008;CONUS_L1_012_030;CONUS_L1_012_031,3
2026-10-01,260078466,https://apply.starbucks.com/careers/job/481080936405,"barista - Store# 02770, WALDORF MARKETPLACE - BERRY ROAD",BARISTA,02770,WALDORF MARKETPLACE - BERRY ROAD,3053 Waldorf Market Pl,Waldorf,MD,,US,,1789876800,2026-09-20,11,2026-10-01,1789998294,2026-09-21,10,False,38.627556,-76.91678,481080936405,id:260078466,store:02770,Barista,onsite,"3053 Waldorf Market Pl, Waldorf, Maryland, United States",1,MD,CONUS_L0_003_008;CONUS_L1_012_030;CONUS_L1_012_031,3
2026-10-01,260065793,https://apply.starbucks.com/careers/job/481080678201,"barista - Store# 72499, WALDORF STATION_CRAIN HWY AND RTE 5",BARISTA,72499,WALDORF STATION_CRAIN HWY AND RTE 5,12482 Mattawoman Dr,Waldorf,MD,,US,,1788321600,2026-09-02,29,2026-10-01,1788357401,2026-09-02,29,False,38.6563822,-76.8772171,481080678201,id:260065793,store:72499,Barista,onsite,"12482 Mattawoman Dr, Waldorf, Maryland, United States",1,MD,CONUS_L0_003_008;CONUS_L1_012_030;CONUS_L1_012_031,3
2026-10-01,260067316,https://apply.starbucks.com/careers/job/481080698900,"barista - Store# 72499, WALDORF STATION_CRAIN HWY AND RTE 5",BARISTA,72499,WALDORF STATION_CRAIN HWY AND RTE 5,12482 Mattawoman Dr,Waldorf,MD,,US,,1788321600,2026-09-02,29,2026-10-01,1788456183,2026-09-03,28,False,38.6563822,-76.8772171,481080698900,id:260067316,store:72499,Barista,onsite,"12482 Mattawoman Dr, Waldorf, Maryland, United States",1,MD,CONUS_L0_003_008;CONUS_L1_012_030;CONUS_L1_012_031,3
2026-10-01,260068091,https://apply.starbucks.com/careers/job/481080699987,"shift supervisor - Store# 72499, WALDORF STATION_CRAIN HWY AND RTE 5",SHIFT_SUPERVISOR,72499,WALDORF STATION_CRAIN HWY AND RTE 5,12482 Mattawoman Dr,Waldorf,MD,,US,,1788321600,2026-09-02,29,2026-10-01,1788456914,2026-09-03,28,False,38.6563822,-76.8772171,481080699987,id:260068091,store:72499,Shift Supervisor,onsite,"12482 Mattawoman Dr, Waldorf, Maryland, United States",1,MD,CONUS_L0_003_008;CONUS_L1_012_030;CONUS_L1_012_031,3
2026-10-01,260070314,https://apply.starbucks.com/careers/job/481080731335,"shift supervisor - Store# 53900, BRANDYWINE CROSSING",SHIFT_SUPERVISOR,53900,BRANDYWINE CROSSING,"15810 Crain Hwy, B",Brandywine,MD,,US,,1788580800,2026-09-05,26,2026-10-01,1788702793,2026-09-06,25,False,38.67667,-76.87472,481080731335,id:260070314,store:53900,Shift Supervisor,onsite,"15810 Crain Hwy, B, Brandywine, Maryland, United States",1,MD,CONUS_L0_003_008;CONUS_L1_012_030;CONUS_L1_012_031,3
2026-10-01,260070300,https://apply.starbucks.com/careers/job/481080731300,"barista - Store# 53900, BRANDYWINE CROSSING",BARISTA,53900,BRANDYWINE CROSSING,"15810 Crain Hwy, B",Brandywine,MD,,US,,1788580800,2026-09-05,26,2026-10-01,1788702782,2026-09-06,25,False,38.67667,-76.87472,481080731300,id:260070300,store:53900,Barista,onsite,"15810 Crain Hwy, B, Brandywine, Maryland, United States",1,MD,CONUS_L0_003_008;CONUS_L1_012_030;CONUS_L1_012_031,3
2026-10-01,260054755,https://apply.starbucks.com/careers/job/481079406192,"barista - Store# 08764, ROUTE 4 N & DUNKIRK WAY",BARISTA,08764,ROUTE 4 N & DUNKIRK WAY,10072 Dunkirk Way,Dunkirk,MD,,US,,1783569600,2026-07-09,84,2026-10-01,1783691570,2026-07-10,83,False,38.71687,-76.65929,481079406192,id:260054755,store:08764,Barista,onsite,"10072 Dunkirk Way, Dunkirk, Maryland, United States",1,MD,CONUS_L0_003_008;CONUS_L1_012_030;CONUS_L1_012_031,3
2026-10-01,260077326,https://apply.starbucks.com/careers/job/481080890897,"shift supervisor - Store# 08764, ROUTE 4 N & DUNKIRK WAY",SHIFT_SUPERVISOR,08764,ROUTE 4 N & DUNKIRK WAY,10072 Dunkirk Way,Dunkirk,MD,,US,,1789617600,2026-09-17,14,2026-10-01,1789739057,2026-09-18,13,False,38.71687,-76.65929,481080890897,id:260077326,store:08764,Shift Supervisor,onsite,"10072 Dunkirk Way, Dunkirk, Maryland, United States",1,MD,CONUS_L0_003_008;CONUS_L1_012_030;CONUS_L1_012_031,3
2026-10-01,260075402,https://apply.starbucks.com/careers/job/481080821619,"shift supervisor - Store# 02829, MANOKEEK",SHIFT_SUPERVISOR,02829,MANOKEEK,"7045 Berry Road, A1",Accokeek,MD,,US,,1789272000,2026-09-13,18,2026-10-01,1789394907,2026-09-14,17,False,38.6597601,-77.0161548,481080821619,id:260075402,store:02829,Shift Supervisor,onsite,"7045 Berry Road, A1, Accokeek, Maryland, United States",1,MD,CONUS_L0_003_008;CONUS_L1_012_030;CONUS_L1_012_031,3
2026-10-01,260061079,https://apply.starbucks.com/careers/job/481080228806,"barista - Store# 02829, MANOKEEK",BARISTA,02829,MANOKEEK,"7045 Berry Road, A1",Accokeek,MD,,US,,1786939200,2026-08-17,45,2026-10-01,1787060455,2026-08-18,44,False,38.6597601,-77.0161548,481080228806,id:260061079,store:02829,Barista,onsite,"7045 Berry Road, A1, Accokeek, Maryland, United States",1,MD,CONUS_L0_003_008;CONUS_L1_012_030;CONUS_L1_012_031,3
2026-10-01,260068200,https://apply.starbucks.com/careers/job/481080709081,"shift supervisor - Store# 28146, 50 E & ARCADIA ST, EASTON, MD",SHIFT_SUPERVISOR,28146,"50 E & ARCADIA ST, EASTON, MD",8254 Ocean Gateway,Easton,MD,,US,,1788408000,2026-09-03,28,2026-10-01,1788529528,2026-09-04,27,False,38.77562,-76.06075,481080709081,id:260068200,store:28146,Shift Supervisor,onsite,"8254 Ocean Gateway, Easton, Maryland, United States",1,MD,CONUS_L0_003_008;CONUS_L1_012_031,2
2026-10-01,260056942,https://apply.starbucks.com/careers/job/481079556027,"barista - Store# 28146, 50 E & ARCADIA ST, EASTON, MD",BARISTA,28146,"50 E & ARCADIA ST, EASTON, MD",8254 Ocean Gateway,Easton,MD,,US,,1784174400,2026-07-16,77,2026-10-01,1784295783,2026-07-17,76,False,38.77562,-76.06075,481079556027,id:260056942,store:28146,Barista,onsite,"8254 Ocean Gateway, Easton, Maryland, United States",1,MD,CONUS_L0_003_008;CONUS_L1_012_031,2
2026-10-01,260071638,https://apply.starbucks.com/careers/job/481080764434,"shift supervisor - Store# 84964, EASTON BYPASS",SHIFT_SUPERVISOR,84964,EASTON BYPASS,28575 Marlboro Ave,Easton,MD,,US,,1788840000,2026-09-08,23,2026-10-01,1788961287,2026-09-09,22,False,38.7825333,-76.0849212,481080764434,id:260071638,store:84964,Shift Supervisor,onsite,"28575 Marlboro Ave, Easton, Maryland, United States",1,MD,CONUS_L0_003_008;CONUS_L1_012_031,2
2026-10-01,260073859,https://apply.starbucks.com/careers/job/481080813417,"barista - Store# 84964, EASTON BYPASS",BARISTA,84964,EASTON BYPASS,28575 Marlboro Ave,Easton,MD,,US,,1789185600,2026-09-12,19,2026-10-01,1789307298,2026-09-13,18,False,38.7825333,-76.0849212,481080813417,id:260073859,store:84964,Barista,onsite,"28575 Marlboro Ave, Easton, Maryland, United States",1,MD,CONUS_L0_003_008;CONUS_L1_012_031,2
2026-10-01,260078295,https://apply.starbucks.com/careers/job/481080936131,"barista - Store# 10601, CLINTON, MD",BARISTA,10601,"CLINTON, MD","8919 A Woodyard Road, Bld 4, Bld 4",Clinton,MD,,US,,1789876800,2026-09-20,11,2026-10-01,1789998150,2026-09-21,10,False,38.76812,-76.888,481080936131,id:260078295,store:10601,Barista,onsite,"8919 A Woodyard Road, Bld 4, Bld 4, Clinton, Maryland, United States",1,MD,CONUS_L0_003_008;CONUS_L1_012_030;CONUS_L1_012_031,3
2026-10-01,260066567,https://apply.starbucks.com/careers/job/481080679755,"shift supervisor - Store# 10601, CLINTON, MD",SHIFT_SUPERVISOR,10601,"CLINTON, MD","8919 A Woodyard Road, Bld 4, Bld 4",Clinton,MD,,US,,1788321600,2026-09-02,29,2026-10-01,1788358092,2026-09-02,29,False,38.76812,-76.888,481080679755,id:260066567,store:10601,Shift Supervisor,onsite,"8919 A Woodyard Road, Bld 4, Bld 4, Clinton, Maryland, United States",1,MD,CONUS_L0_003_008;CONUS_L1_012_030;CONUS_L1_012_031,3
2026-10-01,260071047,https://apply.starbucks.com/careers/job/481080742261,"barista - Store# 65756, MARLBORO CROSSROADS_CRAIN HWY",BARISTA,65756,MARLBORO CROSSROADS_CRAIN HWY,5750 Crain Hwy,Upper Marlboro,MD,,US,,1788667200,2026-09-06,25,2026-10-01,1788788902,2026-09-07,24,False,38.81086,-76.73835,481080742261,id:260071047,store:65756,Barista,onsite,"5750 Crain Hwy, Upper Marlboro, Maryland, United States",1,MD,CONUS_L0_003_008;CONUS_L1_012_030;CONUS_L1_012_031,3
2026-10-01,260071298,https://apply.starbucks.com/careers/job/481080742652,"shift supervisor - Store# 65756, MARLBORO CROSSROADS_CRAIN HWY",SHIFT_SUPERVISOR,65756,MARLBORO CROSSROADS_CRAIN HWY,5750 Crain Hwy,Upper Marlboro,MD,,US,,1788667200,2026-09-06,25,2026-10-01,1788789106,2026-09-07,24,False,38.81086,-76.73835,481080742652,id:260071298,store:65756,Shift Supervisor,onsite,"5750 Crain Hwy, Upper Marlboro, Maryland, United States",1,MD,CONUS_L0_003_008;CONUS_L1_012_030;CONUS_L1_012_031,3
2026-10-01,260068141,https://apply.starbucks.com/careers/job/481080704382,"barista - Store# 24494, NATIONAL HARBOR",BARISTA,24494,NATIONAL HARBOR,167 Waterfront St,Oxon Hill,MD,,US,,1788408000,2026-09-03,28,2026-10-01,1788486045,2026-09-03,28,False,38.784092,-77.0169406,481080704382,id:260068141,store:24494,Barista,onsite,"167 Waterfront St, Oxon Hill, Maryland, United States",1,MD,CONUS_L0_003_008;CONUS_L1_012_030;CONUS_L1_012_031,3
2026-10-01,260071177,https://apply.starbucks.com/careers/job/481080742495,"shift supervisor - Store# 24494, NATIONAL HARBOR",SHIFT_SUPERVISOR,24494,NATIONAL HARBOR,167 Waterfront St,Oxon Hill,MD,,US,,1788667200,2026-09-06,25,2026-10-01,1788789008,2026-09-07,24,False,38.784092,-77.0169406,481080742495,id:260071177,store:24494,Shift Supervisor,onsite,"167 Waterfront St, Oxon Hill, Maryland, United States",1,MD,CONUS_L0_003_008;CONUS_L1_012_030;CONUS_L1_012_031,3
2026-10-01,260057248,https://apply.starbucks.com/careers/job/481079587615,"barista - Store# 21508, TANGER NATIONAL HARBOR",BARISTA,21508,TANGER NATIONAL HARBOR,"6800 Oxon Hill Road, 898",Oxon Hill,MD,,US,,1784347200,2026-07-18,75,2026-10-01,1784468406,2026-07-19,74,False,38.79462,-77.00122,481079587615,id:260057248,store:21508,Barista,onsite,"6800 Oxon Hill Road, 898, Oxon Hill, Maryland, United States",1,MD,CONUS_L0_003_008;CONUS_L1_012_030;CONUS_L1_012_031,3
2026-10-01,260076307,https://apply.starbucks.com/careers/job/481080861755,"shift supervisor - Store# 21508, TANGER NATIONAL HARBOR",SHIFT_SUPERVISOR,21508,TANGER NATIONAL HARBOR,"6800 Oxon Hill Road, 898",Oxon Hill,MD,,US,,1789444800,2026-09-15,16,2026-10-01,1789566758,2026-09-16,15,False,38.79462,-77.00122,481080861755,id:260076307,store:21508,Shift Supervisor,onsite,"6800 Oxon Hill Road, 898, Oxon Hill, Maryland, United States",1,MD,CONUS_L0_003_008;CONUS_L1_012_030;CONUS_L1_012_031,3
2026-10-01,260075724,https://apply.starbucks.com/careers/job/481080840508,"barista - Store# 66299, 6720 OXON HILL RD_NATIONAL HARBOR",BARISTA,66299,6720 OXON HILL RD_NATIONAL HARBOR,6720 Oxon Hill Rd,Oxon Hill,MD,,US,,1789358400,2026-09-14,17,2026-10-01,1789479988,2026-09-15,16,False,38.797351,-77.002253,481080840508,id:260075724,store:66299,Barista,onsite,"6720 Oxon Hill Rd, Oxon Hill, Maryland, United States",1,MD,CONUS_L0_003_008;CONUS_L1_012_030;CONUS_L1_012_031,3
2026-10-01,260075667,https://apply.starbucks.com/careers/job/481080840379,"shift supervisor - Store# 66299, 6720 OXON HILL RD_NATIONAL HARBOR",SHIFT_SUPERVISOR,66299,6720 OXON HILL RD_NATIONAL HARBOR,6720 Oxon Hill Rd,Oxon Hill,MD,,US,,1789358400,2026-09-14,17,2026-10-01,1789479937,2026-09-15,16,False,38.797351,-77.002253,481080840379,id:260075667,store:66299,Shift Supervisor,onsite,"6720 Oxon Hill Rd, Oxon Hill, Maryland, United States",1,MD,CONUS_L0_003_008;CONUS_L1_012_030;CONUS_L1_012_031,3
2026-10-01,260079122,https://apply.starbucks.com/careers/job/481080965465,"barista - Store# 61732, DENTON SHORE HIGHWAY",BARISTA,61732,DENTON SHORE HIGHWAY,"31 Denton Plz, 31A",Denton,MD,,US,,1790049600,2026-09-22,9,2026-10-01,1790171208,2026-09-23,8,False,38.87397,-75.82458,481080965465,id:260079122,store:61732,Barista,onsite,"31 Denton Plz, 31A, Denton, Maryland, United States",1,MD,CONUS_L0_003_008;CONUS_L1_012_031,2
2026-10-01,260074150,https://apply.starbucks.com/careers/job/481080813928,"shift supervisor - Store# 61732, DENTON SHORE HIGHWAY",SHIFT_SUPERVISOR,61732,DENTON SHORE HIGHWAY,"31 Denton Plz, 31A",Denton,MD,,US,,1789185600,2026-09-12,19,2026-10-01,1789307567,2026-09-13,18,False,38.87397,-75.82458,481080813928,id:260074150,store:61732,Shift Supervisor,onsite,"31 Denton Plz, 31A, Denton, Maryland, United States",1,MD,CONUS_L0_003_008;CONUS_L1_012_031,2
2026-10-01,260053463,https://apply.starbucks.com/careers/job/481079320305,"barista - Store# 07372, PENNMAR",BARISTA,07372,PENNMAR,"3450 Donnell Dr, 49",District Heights,MD,,US,,1783310400,2026-07-06,87,2026-10-01,1783432097,2026-07-07,86,False,38.8441415,-76.8842466,481079320305,id:260053463,store:07372,Barista,onsite,"3450 Donnell Dr, 49, District Heights, Maryland, United States",1,MD,CONUS_L0_003_008;CONUS_L1_012_030;CONUS_L1_012_031,3
2026-10-01,260076973,https://apply.starbucks.com/careers/job/481080875251,"shift supervisor - Store# 07372, PENNMAR",SHIFT_SUPERVISOR,07372,PENNMAR,"3450 Donnell Dr, 49",District Heights,MD,,US,,1789531200,2026-09-16,15,2026-10-01,1789652615,2026-09-17,14,False,38.8441415,-76.8842466,481080875251,id:260076973,store:07372,Shift Supervisor,onsite,"3450 Donnell Dr, 49, District Heights, Maryland, United States",1,MD,CONUS_L0_003_008;CONUS_L1_012_030;CONUS_L1_012_031,3
2026-10-01,260059890,https://apply.starbucks.com/careers/job/481080079063,"barista - Store# 22912, STEEPLECHASE",BARISTA,22912,STEEPLECHASE,"9100 Alaking Court, Unit 100",Capitol Heights,MD,,US,,1786161600,2026-08-08,54,2026-10-01,1786283183,2026-08-09,53,False,38.870478,-76.849414,481080079063,id:260059890,store:22912,Barista,onsite,"9100 Alaking Court, Unit 100, Capitol Heights, Maryland, United States",1,MD,CONUS_L0_003_008;CONUS_L1_012_030;CONUS_L1_012_031,3
2026-10-01,260066584,https://apply.starbucks.com/careers/job/481080679124,"shift supervisor - Store# 22912, STEEPLECHASE",SHIFT_SUPERVISOR,22912,STEEPLECHASE,"9100 Alaking Court, Unit 100",Capitol Heights,MD,,US,,1788321600,2026-09-02,29,2026-10-01,1788358107,2026-09-02,29,False,38.870478,-76.849414,481080679124,id:260066584,store:22912,Shift Supervisor,onsite,"9100 Alaking Court, Unit 100, Capitol Heights, Maryland, United States",1,MD,CONUS_L0_003_008;CONUS_L1_012_030;CONUS_L1_012_031,3
2026-10-01,260056944,https://apply.starbucks.com/careers/job/481079556020,"barista - Store# 07816, LARGO PLAZA",BARISTA,07816,LARGO PLAZA,10586 Campus Way S,Upper Marlboro,MD,,US,,1784174400,2026-07-16,77,2026-10-01,1784295785,2026-07-17,76,False,38.8967447,-76.8234645,481079556020,id:260056944,store:07816,Barista,onsite,"10586 Campus Way S, Upper Marlboro, Maryland, United States",1,MD,CONUS_L0_003_008;CONUS_L1_012_030;CONUS_L1_012_031,3
2026-10-01,260079523,https://apply.starbucks.com/careers/job/481080998895,"shift supervisor - Store# 07816, LARGO PLAZA",SHIFT_SUPERVISOR,07816,LARGO PLAZA,10586 Campus Way S,Upper Marlboro,MD,,US,,1790222400,2026-09-24,7,2026-10-01,1790344082,2026-09-25,6,False,38.8967447,-76.8234645,481080998895,id:260079523,store:07816,Shift Supervisor,onsite,"10586 Campus Way S, Upper Marlboro, Maryland, United States",1,MD,CONUS_L0_003_008;CONUS_L1_012_030;CONUS_L1_012_031,3
2026-10-01,260059693,https://apply.starbucks.com/careers/job/481080037296,"barista - Store# 28758, BAY RIDGE ROAD - ANNAPOLIS",BARISTA,28758,BAY RIDGE ROAD - ANNAPOLIS,970 Bay Ridge Rd,Annapolis,MD,,US,,1785902400,2026-08-05,57,2026-10-01,1786023741,2026-08-06,56,False,38.9472386,-76.48691749999999,481080037296,id:260059693,store:28758,Barista,onsite,"970 Bay Ridge Rd, Annapolis, Maryland, United States",1,MD,CONUS_L0_003_008;CONUS_L1_012_031,2
2026-10-01,260065561,https://apply.starbucks.com/careers/job/481080678026,"shift supervisor - Store# 28758, BAY RIDGE ROAD - ANNAPOLIS",SHIFT_SUPERVISOR,28758,BAY RIDGE ROAD - ANNAPOLIS,970 Bay Ridge Rd,Annapolis,MD,,US,,1788321600,2026-09-02,29,2026-10-01,1788357197,2026-09-02,29,False,38.9472386,-76.48691749999999,481080678026,id:260065561,store:28758,Shift Supervisor,onsite,"970 Bay Ridge Rd, Annapolis, Maryland, United States",1,MD,CONUS_L0_003_008;CONUS_L1_012_031,2
2026-10-01,260077480,https://apply.starbucks.com/careers/job/481080891136,"shift supervisor - Store# 08714, EDGEWATER MD",SHIFT_SUPERVISOR,08714,EDGEWATER MD,3059 Solomons Island Rd,Edgewater,MD,,US,,1789617600,2026-09-17,14,2026-10-01,1789739191,2026-09-18,13,False,38.9418565,-76.561331,481080891136,id:260077480,store:08714,Shift Supervisor,onsite,"3059 Solomons Island Rd, Edgewater, Maryland, United States",1,MD,CONUS_L0_003_008;CONUS_L1_012_030;CONUS_L1_012_031,3
2026-10-01,260077804,https://apply.starbucks.com/careers/job/481080891658,"barista - Store# 08714, EDGEWATER MD",BARISTA,08714,EDGEWATER MD,3059 Solomons Island Rd,Edgewater,MD,,US,,1789617600,2026-09-17,14,2026-10-01,1789739469,2026-09-18,13,False,38.9418565,-76.561331,481080891658,id:260077804,store:08714,Barista,onsite,"3059 Solomons Island Rd, Edgewater, Maryland, United States",1,MD,CONUS_L0_003_008;CONUS_L1_012_030;CONUS_L1_012_031,3
2026-10-01,260078042,https://apply.starbucks.com/careers/job/481080923471,"barista - Store# 26987, WOODMORE TOWN CENTER",BARISTA,26987,WOODMORE TOWN CENTER,9350 Taj Ln,Lanham,MD,,US,,1789790400,2026-09-19,12,2026-10-01,1789911692,2026-09-20,11,False,38.920656,-76.8455597,481080923471,id:260078042,store:26987,Barista,onsite,"9350 Taj Ln, Lanham, Maryland, United States",1,MD,CONUS_L0_003_008;CONUS_L1_012_030;CONUS_L1_012_031,3
2026-10-01,260068228,https://apply.starbucks.com/careers/job/481080709132,"shift supervisor - Store# 26987, WOODMORE TOWN CENTER",SHIFT_SUPERVISOR,26987,WOODMORE TOWN CENTER,9350 Taj Ln,Lanham,MD,,US,,1788408000,2026-09-03,28,2026-10-01,1788529553,2026-09-04,27,False,38.920656,-76.8455597,481080709132,id:260068228,store:26987,Shift Supervisor,onsite,"9350 Taj Ln, Lanham, Maryland, United States",1,MD,CONUS_L0_003_008;CONUS_L1_012_030;CONUS_L1_012_031,3
2026-10-01,260074278,https://apply.starbucks.com/careers/job/481080814119,"shift supervisor - Store# 81055, KENT ISLAND NORTH",SHIFT_SUPERVISOR,81055,KENT ISLAND NORTH,120 Chester Station Ln,Chester,MD,,US,,1789185600,2026-09-12,19,2026-10-01,1789307687,2026-09-13,18,False,38.9762206,-76.28065389999999,481080814119,id:260074278,store:81055,Shift Supervisor,onsite,"120 Chester Station Ln, Chester, Maryland, United States",1,MD,CONUS_L0_003_008;CONUS_L1_012_031,2
2026-10-01,260078988,https://apply.starbucks.com/careers/job/481080965107,"barista - Store# 81055, KENT ISLAND NORTH",BARISTA,81055,KENT ISLAND NORTH,120 Chester Station Ln,Chester,MD,,US,,1790049600,2026-09-22,9,2026-10-01,1790171094,2026-09-23,8,False,38.9762206,-76.28065389999999,481080965107,id:260078988,store:81055,Barista,onsite,"120 Chester Station Ln, Chester, Maryland, United States",1,MD,CONUS_L0_003_008;CONUS_L1_012_031,2
2026-10-01,260071823,https://apply.starbucks.com/careers/job/481080764883,"shift supervisor - Store# 55069, 50 E & THOMPSON CREEK, KENT ISLAND",SHIFT_SUPERVISOR,55069,"50 E & THOMPSON CREEK, KENT ISLAND",450 Thompson Creek Rd,Stevensville,MD,,US,,1788840000,2026-09-08,23,2026-10-01,1788961433,2026-09-09,22,False,38.97621,-76.31275,481080764883,id:260071823,store:55069,Shift Supervisor,onsite,"450 Thompson Creek Rd, Stevensville, Maryland, United States",1,MD,CONUS_L0_003_008;CONUS_L1_012_031,2
2026-10-01,260070158,https://apply.starbucks.com/careers/job/481080731121,"barista - Store# 55069, 50 E & THOMPSON CREEK, KENT ISLAND",BARISTA,55069,"50 E & THOMPSON CREEK, KENT ISLAND",450 Thompson Creek Rd,Stevensville,MD,,US,,1788580800,2026-09-05,26,2026-10-01,1788702671,2026-09-06,25,False,38.97621,-76.31275,481080731121,id:260070158,store:55069,Barista,onsite,"450 Thompson Creek Rd, Stevensville, Maryland, United States",1,MD,CONUS_L0_003_008;CONUS_L1_012_031,2
2026-10-01,260059505,https://apply.starbucks.com/careers/job/481080000891,"barista - Store# 07666, BOWIE TOWN CENTER",BARISTA,07666,BOWIE TOWN CENTER,"3924 Town Center Blvd, Bowie Town Center",Bowie,MD,,US,,1785729600,2026-08-03,59,2026-10-01,1785851156,2026-08-04,58,False,38.9446976,-76.7337649,481080000891,id:260059505,store:07666,Barista,onsite,"3924 Town Center Blvd, Bowie Town Center, Bowie, Maryland, United States",1,MD,CONUS_L0_003_008;CONUS_L1_012_030;CONUS_L1_012_031,3
2026-10-01,260072742,https://apply.starbucks.com/careers/job/481080796233,"shift supervisor - Store# 07666, BOWIE TOWN CENTER",SHIFT_SUPERVISOR,07666,BOWIE TOWN CENTER,"3924 Town Center Blvd, Bowie Town Center",Bowie,MD,,US,,1789012800,2026-09-10,21,2026-10-01,1789135315,2026-09-11,20,False,38.9446976,-76.7337649,481080796233,id:260072742,store:07666,Shift Supervisor,onsite,"3924 Town Center Blvd, Bowie Town Center, Bowie, Maryland, United States",1,MD,CONUS_L0_003_008;CONUS_L1_012_030;CONUS_L1_012_031,3
2026-10-01,260056014,https://apply.starbucks.com/careers/job/481079473388,"barista - Store# 00748, 122 MAIN STREET",BARISTA,00748,122 MAIN STREET,122 Main St,Annapolis,MD,,US,,1783915200,2026-07-13,80,2026-10-01,1784037215,2026-07-14,79,False,38.977784,-76.4884568,481079473388,id:260056014,store:00748,Barista,onsite,"122 Main St, Annapolis, Maryland, United States",1,MD,CONUS_L0_003_008;CONUS_L1_012_031,2
2026-10-01,260072672,https://apply.starbucks.com/careers/job/481080796110,"shift supervisor - Store# 00748, 122 MAIN STREET",SHIFT_SUPERVISOR,00748,122 MAIN STREET,122 Main St,Annapolis,MD,,US,,1789012800,2026-09-10,21,2026-10-01,1789135253,2026-09-11,20,False,38.977784,-76.4884568,481080796110,id:260072672,store:00748,Shift Supervisor,onsite,"122 Main St, Annapolis, Maryland, United States",1,MD,CONUS_L0_003_008;CONUS_L1_012_031,2
2026-10-01,260031642,https://apply.starbucks.com/careers/job/481078027246,"store manager-Annapolis/ Glen Burnie, MD",STORE_MANAGER,,,,Annapolis,MD,,US,,1789150304,2026-09-11,20,2026-10-01,1777063105,2026-04-24,160,True,38.9784453,-76.4921829,481078027246,id:260031642,,Coffeehouse Leader,onsite,"Annapolis, Maryland, United States",2,MD,CONUS_L0_003_008;CONUS_L1_012_030;CONUS_L1_012_031,3
2026-10-01,260059759,https://apply.starbucks.com/careers/job/481080055666,"shift supervisor - Store# 00708, ANNAPOLIS HARBOUR",SHIFT_SUPERVISOR,00708,ANNAPOLIS HARBOUR,2498 Solomons Island Rd,Annapolis,MD,,US,,1785988800,2026-08-06,56,2026-10-01,1786110313,2026-08-07,55,False,38.976086,-76.5446461,481080055666,id:260059759,store:00708,Shift Supervisor,onsite,"2498 Solomons Island Rd, Annapolis, Maryland, United States",1,MD,CONUS_L0_003_008;CONUS_L1_012_030;CONUS_L1_012_031,3
2026-10-01,260061304,https://apply.starbucks.com/careers/job/481080264854,"barista - Store# 00708, ANNAPOLIS HARBOUR",BARISTA,00708,ANNAPOLIS HARBOUR,2498 Solomons Island Rd,Annapolis,MD,,US,,1787025600,2026-08-18,44,2026-10-01,1787146956,2026-08-19,43,False,38.976086,-76.5446461,481080264854,id:260061304,store:00708,Barista,onsite,"2498 Solomons Island Rd, Annapolis, Maryland, United States",1,MD,CONUS_L0_003_008;CONUS_L1_012_030;CONUS_L1_012_031,3
2026-10-01,260075752,https://apply.starbucks.com/careers/job/481080840533,"shift supervisor - Store# 10963, 1901 WEST STREET",SHIFT_SUPERVISOR,10963,1901 WEST STREET,1901 West Street,Annapolis,MD,,US,,1789358400,2026-09-14,17,2026-10-01,1789480013,2026-09-15,16,False,38.97984,-76.52407,481080840533,id:260075752,store:10963,Shift Supervisor,onsite,"1901 West Street, Annapolis, Maryland, United States",1,MD,CONUS_L0_003_008;CONUS_L1_012_031,2
2026-10-01,260053352,https://apply.starbucks.com/careers/job/481079320118,"barista - Store# 10963, 1901 WEST STREET",BARISTA,10963,1901 WEST STREET,1901 West Street,Annapolis,MD,,US,,1783310400,2026-07-06,87,2026-10-01,1783432009,2026-07-07,86,False,38.97984,-76.52407,481079320118,id:260053352,store:10963,Barista,onsite,"1901 West Street, Annapolis, Maryland, United States",1,MD,CONUS_L0_003_008;CONUS_L1_012_031,2
2026-10-01,260079831,https://apply.starbucks.com/careers/job/481081018910,"barista - Store# 68560, 2122 GENERALS HIGHWAY",BARISTA,68560,2122 GENERALS HIGHWAY,2122 Generals Hwy,Annapolis,MD,,US,,1790395200,2026-09-26,5,2026-10-01,1790516535,2026-09-27,4,False,38.9881461,-76.5492573,481081018910,id:260079831,store:68560,Barista,onsite,"2122 Generals Hwy, Annapolis, Maryland, United States",1,MD,CONUS_L0_003_008;CONUS_L1_012_030;CONUS_L1_012_031,3
2026-10-01,260079412,https://apply.starbucks.com/careers/job/481080998615,"shift supervisor - Store# 68560, 2122 GENERALS HIGHWAY",SHIFT_SUPERVISOR,68560,2122 GENERALS HIGHWAY,2122 Generals Hwy,Annapolis,MD,,US,,1790222400,2026-09-24,7,2026-10-01,1790343986,2026-09-25,6,False,38.9881461,-76.5492573,481080998615,id:260079412,store:68560,Shift Supervisor,onsite,"2122 Generals Hwy, Annapolis, Maryland, United States",1,MD,CONUS_L0_003_008;CONUS_L1_012_030;CONUS_L1_012_031,3
2026-10-01,260059198,https://apply.starbucks.com/careers/job/481079980498,"barista - Store# 56883, CAPITAL PLAZA_ANNAPOLIS RD",BARISTA,56883,CAPITAL PLAZA_ANNAPOLIS RD,"6300 Annapolis Road, #1",Hyattsville,MD,,US,,1785643200,2026-08-02,60,2026-10-01,1785753091,2026-08-03,59,False,38.94027,-76.90651,481079980498,id:260059198,store:56883,Barista,onsite,"6300 Annapolis Road, #1, Hyattsville, Maryland, United States",1,MD,CONUS_L0_003_008;CONUS_L1_012_030;CONUS_L1_012_031,3
2026-10-01,260062720,https://apply.starbucks.com/careers/job/481080494988,"shift supervisor - Store# 56883, CAPITAL PLAZA_ANNAPOLIS RD",SHIFT_SUPERVISOR,56883,CAPITAL PLAZA_ANNAPOLIS RD,"6300 Annapolis Road, #1",Hyattsville,MD,,US,,1787630400,2026-08-25,37,2026-10-01,1787752444,2026-08-26,36,False,38.94027,-76.90651,481080494988,id:260062720,store:56883,Shift Supervisor,onsite,"6300 Annapolis Road, #1, Hyattsville, Maryland, United States",1,MD,CONUS_L0_003_008;CONUS_L1_012_030;CONUS_L1_012_031,3
2026-10-01,260068378,https://apply.starbucks.com/careers/job/481080709350,"shift supervisor - Store# 11688, VISTA GARDENS",SHIFT_SUPERVISOR,11688,VISTA GARDENS,"10621 Martin Luther King Jr Hwy, Vista Gardens",Bowie,MD,,US,,1788408000,2026-09-03,28,2026-10-01,1788529684,2026-09-04,27,False,38.95536,-76.82409,481080709350,id:260068378,store:11688,Shift Supervisor,onsite,"10621 Martin Luther King Jr Hwy, Vista Gardens, Bowie, Maryland, United States",1,MD,CONUS_L0_003_008;CONUS_L1_012_030;CONUS_L1_012_031,3
2026-10-01,260056982,https://apply.starbucks.com/careers/job/481079556070,"barista - Store# 11688, VISTA GARDENS",BARISTA,11688,VISTA GARDENS,"10621 Martin Luther King Jr Hwy, Vista Gardens",Bowie,MD,,US,,1784174400,2026-07-16,77,2026-10-01,1784295814,2026-07-17,76,False,38.95536,-76.82409,481079556070,id:260056982,store:11688,Barista,onsite,"10621 Martin Luther King Jr Hwy, Vista Gardens, Bowie, Maryland, United States",1,MD,CONUS_L0_003_008;CONUS_L1_012_030;CONUS_L1_012_031,3
2026-10-01,260064778,https://apply.starbucks.com/careers/job/481080614038,"shift supervisor - Store# 14526, NEW CARROLLTON",SHIFT_SUPERVISOR,14526,NEW CARROLLTON,"8498 Annapolis Rd, Carrollton Shopping Center",Hyattsville,MD,,US,,1788062400,2026-08-30,32,2026-10-01,1788184100,2026-08-31,31,False,38.95788,-76.86977,481080614038,id:260064778,store:14526,Shift Supervisor,onsite,"8498 Annapolis Rd, Carrollton Shopping Center, Hyattsville, Maryland, United States",1,MD,CONUS_L0_003_008;CONUS_L1_012_030;CONUS_L1_012_031,3
2026-10-01,260074443,https://apply.starbucks.com/careers/job/481080820048,"shift supervisor - Store# 07312, BOWIE FREESTATE SC_ANNAPOLIS ROAD",SHIFT_SUPERVISOR,07312,BOWIE FREESTATE SC_ANNAPOLIS ROAD,"15460 Annapolis Rd, Free State Mall#207",Bowie,MD,,US,,1789272000,2026-09-13,18,2026-10-01,1789394065,2026-09-14,17,False,38.9797231,-76.7355697,481080820048,id:260074443,store:07312,Shift Supervisor,onsite,"15460 Annapolis Rd, Free State Mall#207, Bowie, Maryland, United States",1,MD,CONUS_L0_003_008;CONUS_L1_012_030;CONUS_L1_012_031,3
2026-10-01,260054168,https://apply.starbucks.com/careers/job/481079404907,"barista - Store# 07312, BOWIE FREESTATE SC_ANNAPOLIS ROAD",BARISTA,07312,BOWIE FREESTATE SC_ANNAPOLIS ROAD,"15460 Annapolis Rd, Free State Mall#207",Bowie,MD,,US,,1783569600,2026-07-09,84,2026-10-01,1783691152,2026-07-10,83,False,38.9797231,-76.7355697,481079404907,id:260054168,store:07312,Barista,onsite,"15460 Annapolis Rd, Free State Mall#207, Bowie, Maryland, United States",1,MD,CONUS_L0_003_008;CONUS_L1_012_030;CONUS_L1_012_031,3
2026-10-01,260067566,https://apply.starbucks.com/careers/job/481080699397,"shift supervisor - Store# 22910, RIVERDALE PARK",SHIFT_SUPERVISOR,22910,RIVERDALE PARK,4501 Van Buren St,Riverdale,MD,,US,,1788321600,2026-09-02,29,2026-10-01,1788456420,2026-09-03,28,False,38.9694239,-76.93642969999999,481080699397,id:260067566,store:22910,Shift Supervisor,onsite,"4501 Van Buren St, Riverdale, Maryland, United States",1,MD,CONUS_L0_003_008;CONUS_L1_012_030;CONUS_L1_012_031,3
2026-10-01,260080714,https://apply.starbucks.com/careers/job/481081091881,"barista - Store# 22910, RIVERDALE PARK",BARISTA,22910,RIVERDALE PARK,4501 Van Buren St,Riverdale,MD,,US,,1790740800,2026-09-30,1,2026-10-01,1790836184,2026-10-01,0,False,38.9694239,-76.93642969999999,481081091881,id:260080714,store:22910,Barista,onsite,"4501 Van Buren St, Riverdale, Maryland, United States",1,MD,CONUS_L0_003_008;CONUS_L1_012_030;CONUS_L1_012_031,3
2026-10-01,260062535,https://apply.starbucks.com/careers/job/481080494410,"barista - Store# 07527, SHOPPES @ METRO STATION",BARISTA,07527,SHOPPES @ METRO STATION,"3601 East-West Highway, A",Hyattsville,MD,,US,,1787630400,2026-08-25,37,2026-10-01,1787752298,2026-08-26,36,False,38.9662595,-76.9536136,481080494410,id:260062535,store:07527,Barista,onsite,"3601 East-West Highway, A, Hyattsville, Maryland, United States",1,MD,CONUS_L0_003_008;CONUS_L1_012_030;CONUS_L1_012_031,3
2026-10-01,260079539,https://apply.starbucks.com/careers/job/481080998910,"shift supervisor - Store# 07527, SHOPPES @ METRO STATION",SHIFT_SUPERVISOR,07527,SHOPPES @ METRO STATION,"3601 East-West Highway, A",Hyattsville,MD,,US,,1790222400,2026-09-24,7,2026-10-01,1790344096,2026-09-25,6,False,38.9662595,-76.9536136,481080998910,id:260079539,store:07527,Shift Supervisor,onsite,"3601 East-West Highway, A, Hyattsville, Maryland, United States",1,MD,CONUS_L0_003_008;CONUS_L1_012_030;CONUS_L1_012_031,3
2026-10-01,260057225,https://apply.starbucks.com/careers/job/481079587582,"barista - Store# 09524, RT1 & KNOX - COLLEGE PARK SHPNG CNTR",BARISTA,09524,RT1 & KNOX - COLLEGE PARK SHPNG CNTR,"7336 Baltimore Ave, College Park Shopping Center",College Park,MD,,US,,1784347200,2026-07-18,75,2026-10-01,1784468389,2026-07-19,74,False,38.9803811,-76.9388069,481079587582,id:260057225,store:09524,Barista,onsite,"7336 Baltimore Ave, College Park Shopping Center, College Park, Maryland, United States",1,MD,CONUS_L0_003_008;CONUS_L1_012_030;CONUS_L1_012_031,3
2026-10-01,260063347,https://apply.starbucks.com/careers/job/481080566028,"shift supervisor - Store# 09524, RT1 & KNOX - COLLEGE PARK SHPNG CNTR",SHIFT_SUPERVISOR,09524,RT1 & KNOX - COLLEGE PARK SHPNG CNTR,"7336 Baltimore Ave, College Park Shopping Center",College Park,MD,,US,,1787803200,2026-08-27,35,2026-10-01,1787924850,2026-08-28,34,False,38.9803811,-76.9388069,481080566028,id:260063347,store:09524,Shift Supervisor,onsite,"7336 Baltimore Ave, College Park Shopping Center, College Park, Maryland, United States",1,MD,CONUS_L0_003_008;CONUS_L1_012_030;CONUS_L1_012_031,3
2026-10-01,260064960,https://apply.starbucks.com/careers/job/481080658241,"barista - Store# 07365, GREENWAY SHOPPING CENTER",BARISTA,07365,GREENWAY SHOPPING CENTER,"7541 Greenbelt Rd., Greenway Center, Space 16",Greenbelt,MD,,US,,1788148800,2026-08-31,31,2026-10-01,1788270377,2026-09-01,30,False,38.9924187,-76.8788297,481080658241,id:260064960,store:07365,Barista,onsite,"7541 Greenbelt Rd., Greenway Center, Space 16, Greenbelt, Maryland, United States",1,MD,CONUS_L0_003_008;CONUS_L1_012_030;CONUS_L1_012_031,3
2026-10-01,260074134,https://apply.starbucks.com/careers/job/481080813915,"shift supervisor - Store# 07365, GREENWAY SHOPPING CENTER",SHIFT_SUPERVISOR,07365,GREENWAY SHOPPING CENTER,"7541 Greenbelt Rd., Greenway Center, Space 16",Greenbelt,MD,,US,,1789185600,2026-09-12,19,2026-10-01,1789307552,2026-09-13,18,False,38.9924187,-76.8788297,481080813915,id:260074134,store:07365,Shift Supervisor,onsite,"7541 Greenbelt Rd., Greenway Center, Space 16, Greenbelt, Maryland, United States",1,MD,CONUS_L0_003_008;CONUS_L1_012_030;CONUS_L1_012_031,3
2026-10-01,260053186,https://apply.starbucks.com/careers/job/481079230291,"barista - Store# 07615, SUMNER PLACE",BARISTA,07615,SUMNER PLACE,"4611 Sangamore Rd, Shops at Sumner Place, Ste E",Bethesda,MD,,US,,1783137600,2026-07-04,89,2026-10-01,1783258930,2026-07-05,88,False,38.9498974,-77.1190407,481079230291,id:260053186,store:07615,Barista,onsite,"4611 Sangamore Rd, Shops at Sumner Place, Ste E, Bethesda, Maryland, United States",1,MD,CONUS_L0_003_008,1
2026-10-01,260074738,https://apply.starbucks.com/careers/job/481080820471,"shift supervisor - Store# 07615, SUMNER PLACE",SHIFT_SUPERVISOR,07615,SUMNER PLACE,"4611 Sangamore Rd, Shops at Sumner Place, Ste E",Bethesda,MD,,US,,1789272000,2026-09-13,18,2026-10-01,1789394320,2026-09-14,17,False,38.9498974,-77.1190407,481080820471,id:260074738,store:07615,Shift Supervisor,onsite,"4611 Sangamore Rd, Shops at Sumner Place, Ste E, Bethesda, Maryland, United States",1,MD,CONUS_L0_003_008;CONUS_L1_012_030;CONUS_L1_012_031,3
2026-10-01,260077779,https://apply.starbucks.com/careers/job/481080891612,"shift supervisor - Store# 07906, WHEATON PLAZA",SHIFT_SUPERVISOR,07906,WHEATON PLAZA,"2800 W. University Blvd., E",Silver Spring,MD,,US,,1789617600,2026-09-17,14,2026-10-01,1789739447,2026-09-18,13,False,38.98399550000001,-76.9735966,481080891612,id:260077779,store:07906,Shift Supervisor,onsite,"2800 W. University Blvd., E, Silver Spring, Maryland, United States",1,MD,CONUS_L0_003_008;CONUS_L1_012_030;CONUS_L1_012_031,3
2026-10-01,260076208,https://apply.starbucks.com/careers/job/481080861582,"barista - Store# 07764, FRIENDSHIP HEIGHTS",BARISTA,07764,FRIENDSHIP HEIGHTS,"5454 Wisconsin Ave, The Barlow Building",Chevy Chase,MD,,US,,1789444800,2026-09-15,16,2026-10-01,1789566673,2026-09-16,15,False,38.9626435,-77.0872842,481080861582,id:260076208,store:07764,Barista,onsite,"5454 Wisconsin Ave, The Barlow Building, Chevy Chase, Maryland, United States",1,MD,CONUS_L0_003_008;CONUS_L1_012_030;CONUS_L1_012_031,3
2026-10-01,260054735,https://apply.starbucks.com/careers/job/481079406221,"shift supervisor - Store# 07764, FRIENDSHIP HEIGHTS",SHIFT_SUPERVISOR,07764,FRIENDSHIP HEIGHTS,"5454 Wisconsin Ave, The Barlow Building",Chevy Chase,MD,,US,,1783569600,2026-07-09,84,2026-10-01,1783691555,2026-07-10,83,False,38.9626435,-77.0872842,481079406221,id:260054735,store:07764,Shift Supervisor,onsite,"5454 Wisconsin Ave, The Barlow Building, Chevy Chase, Maryland, United States",1,MD,CONUS_L0_003_008;CONUS_L1_012_030;CONUS_L1_012_031,3
2026-10-01,260068002,https://apply.starbucks.com/careers/job/481080699880,"shift supervisor - Store# 17244, CROFTON, RTE. 3",SHIFT_SUPERVISOR,17244,"CROFTON, RTE. 3",2389 Brandermill Blvd,Gambrills,MD,,US,,1788321600,2026-09-02,29,2026-10-01,1788456828,2026-09-03,28,False,39.0336,-76.68271,481080699880,id:260068002,store:17244,Shift Supervisor,onsite,"2389 Brandermill Blvd, Gambrills, Maryland, United States",1,MD,CONUS_L0_003_008;CONUS_L1_012_030;CONUS_L1_012_031,3
2026-10-01,260072214,https://apply.starbucks.com/careers/job/481080765362,"barista - Store# 17244, CROFTON, RTE. 3",BARISTA,17244,"CROFTON, RTE. 3",2389 Brandermill Blvd,Gambrills,MD,,US,,1788840000,2026-09-08,23,2026-10-01,1788961749,2026-09-09,22,False,39.0336,-76.68271,481080765362,id:260072214,store:17244,Barista,onsite,"2389 Brandermill Blvd, Gambrills, Maryland, United States",1,MD,CONUS_L0_003_008;CONUS_L1_012_030;CONUS_L1_012_031,3
2026-10-01,260078873,https://apply.starbucks.com/careers/job/481080964804,"barista - Store# 00703, Westbard Square- Bethesda",BARISTA,00703,Westbard Square- Bethesda,5310 Zenith Overlook,Bethesda,MD,,US,,1790049600,2026-09-22,9,2026-10-01,1790170997,2026-09-23,8,False,38.9634,-77.10711,481080964804,id:260078873,store:00703,Barista,onsite,"5310 Zenith Overlook, Bethesda, Maryland, United States",1,MD,CONUS_L0_003_008;CONUS_L1_012_030;CONUS_L1_012_031,3
2026-10-01,260072637,https://apply.starbucks.com/careers/job/481080796062,"shift supervisor - Store# 00703, Westbard Square- Bethesda",SHIFT_SUPERVISOR,00703,Westbard Square- Bethesda,5310 Zenith Overlook,Bethesda,MD,,US,,1789012800,2026-09-10,21,2026-10-01,1789135222,2026-09-11,20,False,38.9634,-77.10711,481080796062,id:260072637,store:00703,Shift Supervisor,onsite,"5310 Zenith Overlook, Bethesda, Maryland, United States",1,MD,CONUS_L0_003_008;CONUS_L1_012_030;CONUS_L1_012_031,3
2026-10-01,260078678,https://apply.starbucks.com/careers/job/481080949641,"shift supervisor - Store# 70455, THE BLAIRS_SILVER SPRING",SHIFT_SUPERVISOR,70455,THE BLAIRS_SILVER SPRING,1316 East-West Hwy,Silver Spring,MD,,US,,1789963200,2026-09-21,10,2026-10-01,1790084450,2026-09-22,9,False,38.99293,-77.03202,481080949641,id:260078678,store:70455,Shift Supervisor,onsite,"1316 East-West Hwy, Silver Spring, Maryland, United States",1,MD,CONUS_L0_003_008;CONUS_L1_012_030;CONUS_L1_012_031,3
2026-10-01,260073366,https://apply.starbucks.com/careers/job/481080798406,"shift supervisor - Store# 00743, 7140 WISCONSIN AVENUE",SHIFT_SUPERVISOR,00743,7140 WISCONSIN AVENUE,"7200 Wisconsin Ave, 120",Bethesda,MD,,US,,1789012800,2026-09-10,21,2026-10-01,1789135844,2026-09-11,20,False,38.9812625,-77.0933242,481080798406,id:260073366,store:00743,Shift Supervisor,onsite,"7200 Wisconsin Ave, 120, Bethesda, Maryland, United States",1,MD,CONUS_L0_003_008;CONUS_L1_012_030;CONUS_L1_012_031,3
2026-10-01,260053001,https://apply.starbucks.com/careers/job/481079230099,"barista - Store# 00743, 7140 WISCONSIN AVENUE",BARISTA,00743,7140 WISCONSIN AVENUE,"7200 Wisconsin Ave, 120",Bethesda,MD,,US,,1783137600,2026-07-04,89,2026-10-01,1783258783,2026-07-05,88,False,38.9812625,-77.0933242,481079230099,id:260053001,store:00743,Barista,onsite,"7200 Wisconsin Ave, 120, Bethesda, Maryland, United States",1,MD,CONUS_L0_003_008,1
2026-10-01,260072973,https://apply.starbucks.com/careers/job/481080797550,"shift supervisor - Store# 07517, RT1 & CHERRY HILL - COLLEGE PK MKT PLACE",SHIFT_SUPERVISOR,07517,RT1 & CHERRY HILL - COLLEGE PK MKT PLACE,4750 Cherry Hill Road,College Park,MD,,US,,1789012800,2026-09-10,21,2026-10-01,1789135508,2026-09-11,20,False,39.0153003,-76.9282272,481080797550,id:260072973,store:07517,Shift Supervisor,onsite,"4750 Cherry Hill Road, College Park, Maryland, United States",1,MD,CONUS_L0_003_008;CONUS_L1_012_030;CONUS_L1_012_031,3
2026-10-01,260077322,https://apply.starbucks.com/careers/job/481080890892,"barista - Store# 07517, RT1 & CHERRY HILL - COLLEGE PK MKT PLACE",BARISTA,07517,RT1 & CHERRY HILL - COLLEGE PK MKT PLACE,4750 Cherry Hill Road,College Park,MD,,US,,1789617600,2026-09-17,14,2026-10-01,1789739053,2026-09-18,13,False,39.0153003,-76.9282272,481080890892,id:260077322,store:07517,Barista,onsite,"4750 Cherry Hill Road, College Park, Maryland, United States",1,MD,CONUS_L0_003_008;CONUS_L1_012_030;CONUS_L1_012_031,3
2026-10-01,260056805,https://apply.starbucks.com/careers/job/481079527801,"barista - Store# 07516, 7700 NORFOLK",BARISTA,07516,7700 NORFOLK,7700 Norfolk Ave,Bethesda,MD,,US,,1784088000,2026-07-15,78,2026-10-01,1784209186,2026-07-16,77,False,38.988117,-77.09618999999999,481079527801,id:260056805,store:07516,Barista,onsite,"7700 Norfolk Ave, Bethesda, Maryland, United States",1,MD,CONUS_L0_003_008;CONUS_L1_012_030;CONUS_L1_012_031,3
2026-10-01,260073524,https://apply.starbucks.com/careers/job/481080812851,"shift supervisor - Store# 07516, 7700 NORFOLK",SHIFT_SUPERVISOR,07516,7700 NORFOLK,7700 Norfolk Ave,Bethesda,MD,,US,,1789185600,2026-09-12,19,2026-10-01,1789306983,2026-09-13,18,False,38.988117,-77.09618999999999,481080812851,id:260073524,store:07516,Shift Supervisor,onsite,"7700 Norfolk Ave, Bethesda, Maryland, United States",1,MD,CONUS_L0_003_008;CONUS_L1_012_030;CONUS_L1_012_031,3
2026-10-01,260053395,https://apply.starbucks.com/careers/job/481079320199,"shift supervisor - Store# 07231, NORTH CHEVY CHASE",SHIFT_SUPERVISOR,07231,NORTH CHEVY CHASE,"8542 Connecticut Ave, Lake West Shopping Center",Chevy Chase,MD,,US,,1783310400,2026-07-06,87,2026-10-01,1783432043,2026-07-07,86,False,38.9955285,-77.0776269,481079320199,id:260053395,store:07231,Shift Supervisor,onsite,"8542 Connecticut Ave, Lake West Shopping Center, Chevy Chase, Maryland, United States",1,MD,CONUS_L0_003_008;CONUS_L1_012_030;CONUS_L1_012_031,3
2026-10-01,260073999,https://apply.starbucks.com/careers/job/481080813626,"barista - Store# 07231, NORTH CHEVY CHASE",BARISTA,07231,NORTH CHEVY CHASE,"8542 Connecticut Ave, Lake West Shopping Center",Chevy Chase,MD,,US,,1789185600,2026-09-12,19,2026-10-01,1789307428,2026-09-13,18,False,38.9955285,-77.0776269,481080813626,id:260073999,store:07231,Barista,onsite,"8542 Connecticut Ave, Lake West Shopping Center, Chevy Chase, Maryland, United States",1,MD,CONUS_L0_003_008;CONUS_L1_012_030;CONUS_L1_012_031,3
2026-10-01,260078672,https://apply.starbucks.com/careers/job/481080949640,"shift supervisor - Store# 12480, SEVERNA PARK",SHIFT_SUPERVISOR,12480,SEVERNA PARK,503 Ritchie Highway,Severna Park,MD,,US,,1789963200,2026-09-21,10,2026-10-01,1790084445,2026-09-22,9,False,39.08049,-76.54804,481080949640,id:260078672,store:12480,Shift Supervisor,onsite,"503 Ritchie Highway, Severna Park, Maryland, United States",1,MD,CONUS_L0_003_008;CONUS_L1_012_030;CONUS_L1_012_031,3
2026-10-01,260080630,https://apply.starbucks.com/careers/job/481081091756,"barista - Store# 12480, SEVERNA PARK",BARISTA,12480,SEVERNA PARK,503 Ritchie Highway,Severna Park,MD,,US,,1790740800,2026-09-30,1,2026-10-01,1790836112,2026-10-01,0,False,39.08049,-76.54804,481081091756,id:260080630,store:12480,Barista,onsite,"503 Ritchie Highway, Severna Park, Maryland, United States",1,MD,CONUS_L0_003_008;CONUS_L1_012_030;CONUS_L1_012_031,3
2026-10-01,260068652,https://apply.starbucks.com/careers/job/481080709825,"shift supervisor - Store# 29454, BELTSVILLE ROUTE 1",SHIFT_SUPERVISOR,29454,BELTSVILLE ROUTE 1,10906 Baltimore Ave,Beltsville,MD,,US,,1788408000,2026-09-03,28,2026-10-01,1788529921,2026-09-04,27,False,39.03329,-76.91022,481080709825,id:260068652,store:29454,Shift Supervisor,onsite,"10906 Baltimore Ave, Beltsville, Maryland, United States",1,MD,CONUS_L0_003_008;CONUS_L1_012_030;CONUS_L1_012_031,3
2026-10-01,260075779,https://apply.starbucks.com/careers/job/481080840596,"barista - Store# 29454, BELTSVILLE ROUTE 1",BARISTA,29454,BELTSVILLE ROUTE 1,10906 Baltimore Ave,Beltsville,MD,,US,,1789358400,2026-09-14,17,2026-10-01,1789480036,2026-09-15,16,False,39.03329,-76.91022,481080840596,id:260075779,store:29454,Barista,onsite,"10906 Baltimore Ave, Beltsville, Maryland, United States",1,MD,CONUS_L0_003_008;CONUS_L1_012_030;CONUS_L1_012_031,3
2026-10-01,260065891,https://apply.starbucks.com/careers/job/481080678604,"shift supervisor - Store# 11130, HILLENDALE SHOPPING CENTER",SHIFT_SUPERVISOR,11130,HILLENDALE SHOPPING CENTER,"10155 New Hampshire Ave, Hillendale Shopping Center",Silver Spring,MD,,US,,1788321600,2026-09-02,29,2026-10-01,1788357487,2026-09-02,29,False,39.0217,-76.97661,481080678604,id:260065891,store:11130,Shift Supervisor,onsite,"10155 New Hampshire Ave, Hillendale Shopping Center, Silver Spring, Maryland, United States",1,MD,CONUS_L0_003_008;CONUS_L1_012_030;CONUS_L1_012_031,3
2026-10-01,260059237,https://apply.starbucks.com/careers/job/481079980540,"barista - Store# 07619, WOODMOOR",BARISTA,07619,WOODMOOR,"10103 Colesville Rd, Woodmoor Shopping Center",Silver Spring,MD,,US,,1785643200,2026-08-02,60,2026-10-01,1785753124,2026-08-03,59,False,39.02023,-77.01191,481079980540,id:260059237,store:07619,Barista,onsite,"10103 Colesville Rd, Woodmoor Shopping Center, Silver Spring, Maryland, United States",1,MD,CONUS_L0_003_008;CONUS_L1_012_030;CONUS_L1_012_031,3
2026-10-01,260074128,https://apply.starbucks.com/careers/job/481080813900,"shift supervisor - Store# 07619, WOODMOOR",SHIFT_SUPERVISOR,07619,WOODMOOR,"10103 Colesville Rd, Woodmoor Shopping Center",Silver Spring,MD,,US,,1789185600,2026-09-12,19,2026-10-01,1789307547,2026-09-13,18,False,39.02023,-77.01191,481080813900,id:260074128,store:07619,Shift Supervisor,onsite,"10103 Colesville Rd, Woodmoor Shopping Center, Silver Spring, Maryland, United States",1,MD,CONUS_L0_003_008;CONUS_L1_012_030;CONUS_L1_012_031,3
2026-10-01,260059091,https://apply.starbucks.com/careers/job/481079980379,"barista - Store# 70803, 1161 ANNAPOLIS ROAD",BARISTA,70803,1161 ANNAPOLIS ROAD,1161 Annapolis Rd,Odenton,MD,,US,,1785643200,2026-08-02,60,2026-10-01,1785752999,2026-08-03,59,False,39.0805668,-76.6884209,481079980379,id:260059091,store:70803,Barista,onsite,"1161 Annapolis Rd, Odenton, Maryland, United States",1,MD,CONUS_L0_003_008;CONUS_L1_012_030;CONUS_L1_012_031,3
2026-10-01,260080002,https://apply.starbucks.com/careers/job/481081029577,"shift supervisor - Store# 70803, 1161 ANNAPOLIS ROAD",SHIFT_SUPERVISOR,70803,1161 ANNAPOLIS ROAD,1161 Annapolis Rd,Odenton,MD,,US,,1790481600,2026-09-27,4,2026-10-01,1790603387,2026-09-28,3,False,39.0805668,-76.6884209,481081029577,id:260080002,store:70803,Shift Supervisor,onsite,"1161 Annapolis Rd, Odenton, Maryland, United States",1,MD,CONUS_L0_003_008;CONUS_L1_012_030;CONUS_L1_012_031,3
2026-10-01,260063435,https://apply.starbucks.com/careers/job/481080566221,"shift supervisor - Store# 09356, BURNT MILLS SHOPPING CENTER",SHIFT_SUPERVISOR,09356,BURNT MILLS SHOPPING CENTER,"10731 Columbia Pike, Burnt Mills Shopping Center",Silver Spring,MD,,US,,1787803200,2026-08-27,35,2026-10-01,1787924919,2026-08-28,34,False,39.03113,-77.00387,481080566221,id:260063435,store:09356,Shift Supervisor,onsite,"10731 Columbia Pike, Burnt Mills Shopping Center, Silver Spring, Maryland, United States",1,MD,CONUS_L0_003_008;CONUS_L1_012_030;CONUS_L1_012_031,3
2026-10-01,260055999,https://apply.starbucks.com/careers/job/481079473350,"barista - Store# 09356, BURNT MILLS SHOPPING CENTER",BARISTA,09356,BURNT MILLS SHOPPING CENTER,"10731 Columbia Pike, Burnt Mills Shopping Center",Silver Spring,MD,,US,,1783915200,2026-07-13,80,2026-10-01,1784037202,2026-07-14,79,False,39.03113,-77.00387,481079473350,id:260055999,store:09356,Barista,onsite,"10731 Columbia Pike, Burnt Mills Shopping Center, Silver Spring, Maryland, United States",1,MD,CONUS_L0_003_008;CONUS_L1_012_030;CONUS_L1_012_031,3
2026-10-01,260058204,https://apply.starbucks.com/careers/job/481079849718,"barista - Store# 07868, CALVERTON",BARISTA,07868,CALVERTON,"12056 Cherry Hill Rd, Orchard Park retail Park Center",Silver Spring,MD,,US,,1784952000,2026-07-25,68,2026-10-01,1785073467,2026-07-26,67,False,39.0553191,-76.95487659999999,481079849718,id:260058204,store:07868,Barista,onsite,"12056 Cherry Hill Rd, Orchard Park retail Park Center, Silver Spring, Maryland, United States",1,MD,CONUS_L0_003_008;CONUS_L1_012_030;CONUS_L1_012_031,3
2026-10-01,260077813,https://apply.starbucks.com/careers/job/481080891656,"shift supervisor - Store# 07868, CALVERTON",SHIFT_SUPERVISOR,07868,CALVERTON,"12056 Cherry Hill Rd, Orchard Park retail Park Center",Silver Spring,MD,,US,,1789617600,2026-09-17,14,2026-10-01,1789739476,2026-09-18,13,False,39.0553191,-76.95487659999999,481080891656,id:260077813,store:07868,Shift Supervisor,onsite,"12056 Cherry Hill Rd, Orchard Park retail Park Center, Silver Spring, Maryland, United States",1,MD,CONUS_L0_003_008;CONUS_L1_012_030;CONUS_L1_012_031,3
2026-10-01,260057601,https://apply.starbucks.com/careers/job/481079627243,"barista - Store# 19853, KENSINGTON",BARISTA,19853,KENSINGTON,10821 Connecticut Ave,Kensington,MD,,US,,1784520000,2026-07-20,73,2026-10-01,1784642451,2026-07-21,72,False,39.033586,-77.074612,481079627243,id:260057601,store:19853,Barista,onsite,"10821 Connecticut Ave, Kensington, Maryland, United States",1,MD,CONUS_L0_003_008;CONUS_L1_012_030;CONUS_L1_012_031,3
2026-10-01,260064272,https://apply.starbucks.com/careers/job/481080612999,"shift supervisor - Store# 19853, KENSINGTON",SHIFT_SUPERVISOR,19853,KENSINGTON,10821 Connecticut Ave,Kensington,MD,,US,,1788062400,2026-08-30,32,2026-10-01,1788183678,2026-08-31,31,False,39.033586,-77.074612,481080612999,id:260064272,store:19853,Shift Supervisor,onsite,"10821 Connecticut Ave, Kensington, Maryland, United States",1,MD,CONUS_L0_003_008;CONUS_L1_012_030;CONUS_L1_012_031,3
2026-10-01,260053601,https://apply.starbucks.com/careers/job/481079351707,"barista - Store# 00747, WILDWOOD SHOPPING CENTER",BARISTA,00747,WILDWOOD SHOPPING CENTER,"10251 Old Georgetown Road, Wildwood Shopping Center, #8",Bethesda,MD,,US,,1783396800,2026-07-07,86,2026-10-01,1783518182,2026-07-08,85,False,39.0241499,-77.1237242,481079351707,id:260053601,store:00747,Barista,onsite,"10251 Old Georgetown Road, Wildwood Shopping Center, #8, Bethesda, Maryland, United States",1,MD,CONUS_L0_003_008;CONUS_L1_012_030;CONUS_L1_012_031,3
2026-10-01,260073376,https://apply.starbucks.com/careers/job/481080798445,"shift supervisor - Store# 00747, WILDWOOD SHOPPING CENTER",SHIFT_SUPERVISOR,00747,WILDWOOD SHOPPING CENTER,"10251 Old Georgetown Road, Wildwood Shopping Center, #8",Bethesda,MD,,US,,1789012800,2026-09-10,21,2026-10-01,1789135853,2026-09-11,20,False,39.0241499,-77.1237242,481080798445,id:260073376,store:00747,Shift Supervisor,onsite,"10251 Old Georgetown Road, Wildwood Shopping Center, #8, Bethesda, Maryland, United States",1,MD,CONUS_L0_003_008;CONUS_L1_012_030;CONUS_L1_012_031,3
2026-10-01,260079952,https://apply.starbucks.com/careers/job/481081029458,"barista - Store# 71991, WHITE OAK TOWN CENTER_RTE 29",BARISTA,71991,WHITE OAK TOWN CENTER_RTE 29,"12255 Prosperity Drive, 101",Silver Spring,MD,,US,,1790481600,2026-09-27,4,2026-10-01,1790603337,2026-09-28,3,False,39.057275,-76.9685647,481081029458,id:260079952,store:71991,Barista,onsite,"12255 Prosperity Drive, 101, Silver Spring, Maryland, United States",1,MD,CONUS_L0_003_008;CONUS_L1_012_030;CONUS_L1_012_031,3
2026-10-01,260071839,https://apply.starbucks.com/careers/job/481080764728,"shift supervisor - Store# 71991, WHITE OAK TOWN CENTER_RTE 29",SHIFT_SUPERVISOR,71991,WHITE OAK TOWN CENTER_RTE 29,"12255 Prosperity Drive, 101",Silver Spring,MD,,US,,1788840000,2026-09-08,23,2026-10-01,1788961445,2026-09-09,22,False,39.057275,-76.9685647,481080764728,id:260071839,store:71991,Shift Supervisor,onsite,"12255 Prosperity Drive, 101, Silver Spring, Maryland, United States",1,MD,CONUS_L0_003_008;CONUS_L1_012_030;CONUS_L1_012_031,3
2026-10-01,260070170,https://apply.starbucks.com/careers/job/481080731174,"shift supervisor - Store# 58386, 4314 MOUNTAIN RD PASADENA",SHIFT_SUPERVISOR,58386,4314 MOUNTAIN RD PASADENA,4314 Mountain Rd,Pasadena,MD,,US,,1788580800,2026-09-05,26,2026-10-01,1788702680,2026-09-06,25,False,39.12118,-76.51157,481080731174,id:260070170,store:58386,Shift Supervisor,onsite,"4314 Mountain Rd, Pasadena, Maryland, United States",1,MD,CONUS_L0_003_008;CONUS_L1_012_031,2
2026-10-01,260078715,https://apply.starbucks.com/careers/job/481080949725,"barista - Store# 58386, 4314 MOUNTAIN RD PASADENA",BARISTA,58386,4314 MOUNTAIN RD PASADENA,4314 Mountain Rd,Pasadena,MD,,US,,1789963200,2026-09-21,10,2026-10-01,1790084484,2026-09-22,9,False,39.12118,-76.51157,481080949725,id:260078715,store:58386,Barista,onsite,"4314 Mountain Rd, Pasadena, Maryland, United States",1,MD,CONUS_L0_003_008;CONUS_L1_012_031,2
2026-10-01,260064486,https://apply.starbucks.com/careers/job/481080613649,"shift supervisor - Store# 19586, MONTGOMERY MALL",SHIFT_SUPERVISOR,19586,MONTGOMERY MALL,"7101 Democracy Blvd, Montgomery Mall",Bethesda,MD,,US,,1788062400,2026-08-30,32,2026-10-01,1788183854,2026-08-31,31,False,39.0244984,-77.1463593,481080613649,id:260064486,store:19586,Shift Supervisor,onsite,"7101 Democracy Blvd, Montgomery Mall, Bethesda, Maryland, United States",1,MD,CONUS_L0_003_008;CONUS_L1_012_030;CONUS_L1_012_031,3
2026-10-01,260054283,https://apply.starbucks.com/careers/job/481079405397,"shift supervisor - Store# 00705, POTOMAC",SHIFT_SUPERVISOR,00705,POTOMAC,"10116 River Road, Unit A",Potomac,MD,,US,,1783569600,2026-07-09,84,2026-10-01,1783691233,2026-07-10,83,False,39.0165019,-77.2089661,481079405397,id:260054283,store:00705,Shift Supervisor,onsite,"10116 River Road, Unit A, Potomac, Maryland, United States",1,MD,CONUS_L0_003_008;CONUS_L1_012_030;CONUS_L1_012_031,3
2026-10-01,260054816,https://apply.starbucks.com/careers/job/481079406514,"barista - Store# 00705, POTOMAC",BARISTA,00705,POTOMAC,"10116 River Road, Unit A",Potomac,MD,,US,,1783569600,2026-07-09,84,2026-10-01,1783691613,2026-07-10,83,False,39.0165019,-77.2089661,481079406514,id:260054816,store:00705,Barista,onsite,"10116 River Road, Unit A, Potomac, Maryland, United States",1,MD,CONUS_L0_003_008;CONUS_L1_012_030;CONUS_L1_012_031,3
2026-10-01,260078276,https://apply.starbucks.com/careers/job/481080936063,"barista - Store# 67826, KONTERRA WESTSIDE SHOPPES",BARISTA,67826,KONTERRA WESTSIDE SHOPPES,"14940 Silver Trail Lane, Unit 102",Laurel,MD,,US,,1789876800,2026-09-20,11,2026-10-01,1789998133,2026-09-21,10,False,39.0836773,-76.8887177,481080936063,id:260078276,store:67826,Barista,onsite,"14940 Silver Trail Lane, Unit 102, Laurel, Maryland, United States",1,MD,CONUS_L0_003_008;CONUS_L1_012_030;CONUS_L1_012_031,3
2026-10-01,260070385,https://apply.starbucks.com/careers/job/481080741384,"shift supervisor - Store# 67826, KONTERRA WESTSIDE SHOPPES",SHIFT_SUPERVISOR,67826,KONTERRA WESTSIDE SHOPPES,"14940 Silver Trail Lane, Unit 102",Laurel,MD,,US,,1788667200,2026-09-06,25,2026-10-01,1788788376,2026-09-07,24,False,39.0836773,-76.8887177,481080741384,id:260070385,store:67826,Shift Supervisor,onsite,"14940 Silver Trail Lane, Unit 102, Laurel, Maryland, United States",1,MD,CONUS_L0_003_008;CONUS_L1_012_030;CONUS_L1_012_031,3
2026-10-01,260069518,https://apply.starbucks.com/careers/job/481080730361,"shift supervisor - Store# 59327, MILLERSVILLE",SHIFT_SUPERVISOR,59327,MILLERSVILLE,8267 Md Route 3 N Lane,Millersville,MD,,US,,1788580800,2026-09-05,26,2026-10-01,1788702164,2026-09-06,25,False,39.11831,-76.63448,481080730361,id:260069518,store:59327,Shift Supervisor,onsite,"8267 Md Route 3 N Lane, Millersville, Maryland, United States",1,MD,CONUS_L0_003_008;CONUS_L1_012_030;CONUS_L1_012_031,3
2026-10-01,260059617,https://apply.starbucks.com/careers/job/481080017637,"barista - Store# 59327, MILLERSVILLE",BARISTA,59327,MILLERSVILLE,8267 Md Route 3 N Lane,Millersville,MD,,US,,1785816000,2026-08-04,58,2026-10-01,1785937712,2026-08-05,57,False,39.11831,-76.63448,481080017637,id:260059617,store:59327,Barista,onsite,"8267 Md Route 3 N Lane, Millersville, Maryland, United States",1,MD,CONUS_L0_003_008;CONUS_L1_012_030;CONUS_L1_012_031,3
2026-10-01,260068318,https://apply.starbucks.com/careers/job/481080709296,"shift supervisor - Store# 27618, LAUREL CORRIDOR MARKETPLACE",SHIFT_SUPERVISOR,27618,LAUREL CORRIDOR MARKETPLACE,3355 Corridor Marketplace,Laurel,MD,,US,,1788408000,2026-09-03,28,2026-10-01,1788529632,2026-09-04,27,False,39.09785,-76.80814,481080709296,id:260068318,store:27618,Shift Supervisor,onsite,"3355 Corridor Marketplace, Laurel, Maryland, United States",1,MD,CONUS_L0_003_008;CONUS_L1_012_030;CONUS_L1_012_031,3
2026-10-01,260072199,https://apply.starbucks.com/careers/job/481080765352,"barista - Store# 27618, LAUREL CORRIDOR MARKETPLACE",BARISTA,27618,LAUREL CORRIDOR MARKETPLACE,3355 Corridor Marketplace,Laurel,MD,,US,,1788840000,2026-09-08,23,2026-10-01,1788961738,2026-09-09,22,False,39.09785,-76.80814,481080765352,id:260072199,store:27618,Barista,onsite,"3355 Corridor Marketplace, Laurel, Maryland, United States",1,MD,CONUS_L0_003_008;CONUS_L1_012_030;CONUS_L1_012_031,3
2026-10-01,260053287,https://apply.starbucks.com/careers/job/481079320059,"shift supervisor - Store# 16990, NOBE",SHIFT_SUPERVISOR,16990,NOBE,"17 Paseo Dr, North Bethesda Market",Rockville,MD,,US,,1783310400,2026-07-06,87,2026-10-01,1783431952,2026-07-07,86,False,39.04321,-77.11184,481079320059,id:260053287,store:16990,Shift Supervisor,onsite,"17 Paseo Dr, North Bethesda Market, Rockville, Maryland, United States",1,MD,CONUS_L0_003_008;CONUS_L1_012_030;CONUS_L1_012_031,3
2026-10-01,260053033,https://apply.starbucks.com/careers/job/481079230130,"barista - Store# 16990, NOBE",BARISTA,16990,NOBE,"17 Paseo Dr, North Bethesda Market",Rockville,MD,,US,,1783137600,2026-07-04,89,2026-10-01,1783258810,2026-07-05,88,False,39.04321,-77.11184,481079230130,id:260053033,store:16990,Barista,onsite,"17 Paseo Dr, North Bethesda Market, Rockville, Maryland, United States",1,MD,CONUS_L0_003_008,1
2026-10-01,260069784,https://apply.starbucks.com/careers/job/481080730678,"barista - Store# 55661, 2315 RANDOLPH ROAD",BARISTA,55661,2315 RANDOLPH ROAD,2315 Randolph Rd,Silver Spring,MD,,US,,1788580800,2026-09-05,26,2026-10-01,1788702376,2026-09-06,25,False,39.059,-77.0489,481080730678,id:260069784,store:55661,Barista,onsite,"2315 Randolph Rd, Silver Spring, Maryland, United States",1,MD,CONUS_L0_003_008;CONUS_L1_012_030;CONUS_L1_012_031,3
2026-10-01,260078451,https://apply.starbucks.com/careers/job/481080936374,"shift supervisor - Store# 55661, 2315 RANDOLPH ROAD",SHIFT_SUPERVISOR,55661,2315 RANDOLPH ROAD,2315 Randolph Rd,Silver Spring,MD,,US,,1789876800,2026-09-20,11,2026-10-01,1789998281,2026-09-21,10,False,39.059,-77.0489,481080936374,id:260078451,store:55661,Shift Supervisor,onsite,"2315 Randolph Rd, Silver Spring, Maryland, United States",1,MD,CONUS_L0_003_008;CONUS_L1_012_030;CONUS_L1_012_031,3
2026-10-01,260054987,https://apply.starbucks.com/careers/job/481079436495,"barista - Store# 07347, CABIN JOHN SHOPPING CENTER",BARISTA,07347,CABIN JOHN SHOPPING CENTER,"7911 Tuckerman Ln, Cabin John Shopping Center",Potomac,MD,,US,,1783742400,2026-07-11,82,2026-10-01,1783863555,2026-07-12,81,False,39.0405819,-77.1560434,481079436495,id:260054987,store:07347,Barista,onsite,"7911 Tuckerman Ln, Cabin John Shopping Center, Potomac, Maryland, United States",1,MD,CONUS_L0_003_008;CONUS_L1_012_030;CONUS_L1_012_031,3
2026-10-01,260072541,https://apply.starbucks.com/careers/job/481080795916,"shift supervisor - Store# 07347, CABIN JOHN SHOPPING CENTER",SHIFT_SUPERVISOR,07347,CABIN JOHN SHOPPING CENTER,"7911 Tuckerman Ln, Cabin John Shopping Center",Potomac,MD,,US,,1789012800,2026-09-10,21,2026-10-01,1789135140,2026-09-11,20,False,39.0405819,-77.1560434,481080795916,id:260072541,store:07347,Shift Supervisor,onsite,"7911 Tuckerman Ln, Cabin John Shopping Center, Potomac, Maryland, United States",1,MD,CONUS_L0_003_008;CONUS_L1_012_030;CONUS_L1_012_031,3
2026-10-01,260062861,https://apply.starbucks.com/careers/job/481080495149,"shift supervisor - Store# 07593, PIKE AND ROSE - GRAND PARK AVE",SHIFT_SUPERVISOR,07593,PIKE AND ROSE - GRAND PARK AVE,"11860 Grand Park Ave, 604",Rockville,MD,,US,,1787630400,2026-08-25,37,2026-10-01,1787752558,2026-08-26,36,False,39.0502334,-77.1174544,481080495149,id:260062861,store:07593,Shift Supervisor,onsite,"11860 Grand Park Ave, 604, Rockville, Maryland, United States",1,MD,CONUS_L0_003_008;CONUS_L1_012_030;CONUS_L1_012_031,3
2026-10-01,260079118,https://apply.starbucks.com/careers/job/481080965426,"barista - Store# 07593, PIKE AND ROSE - GRAND PARK AVE",BARISTA,07593,PIKE AND ROSE - GRAND PARK AVE,"11860 Grand Park Ave, 604",Rockville,MD,,US,,1790049600,2026-09-22,9,2026-10-01,1790171204,2026-09-23,8,False,39.0502334,-77.1174544,481080965426,id:260079118,store:07593,Barista,onsite,"11860 Grand Park Ave, 604, Rockville, Maryland, United States",1,MD,CONUS_L0_003_008;CONUS_L1_012_030;CONUS_L1_012_031,3
2026-10-01,260057254,https://apply.starbucks.com/careers/job/481079587641,"barista - Store# 07330, GLEN BURNIE-SOUTHDALE CENTER",BARISTA,07330,GLEN BURNIE-SOUTHDALE CENTER,"7933 Richie Highway, Southdale Shopping Center",Glen Burnie,MD,,US,,1784347200,2026-07-18,75,2026-10-01,1784468411,2026-07-19,74,False,39.1377301,-76.5982689,481079587641,id:260057254,store:07330,Barista,onsite,"7933 Richie Highway, Southdale Shopping Center, Glen Burnie, Maryland, United States",1,MD,CONUS_L0_003_008;CONUS_L1_012_030;CONUS_L1_012_031,3
2026-10-01,260074335,https://apply.starbucks.com/careers/job/481080814196,"shift supervisor - Store# 07330, GLEN BURNIE-SOUTHDALE CENTER",SHIFT_SUPERVISOR,07330,GLEN BURNIE-SOUTHDALE CENTER,"7933 Richie Highway, Southdale Shopping Center",Glen Burnie,MD,,US,,1789185600,2026-09-12,19,2026-10-01,1789307741,2026-09-13,18,False,39.1377301,-76.5982689,481080814196,id:260074335,store:07330,Shift Supervisor,onsite,"7933 Richie Highway, Southdale Shopping Center, Glen Burnie, Maryland, United States",1,MD,CONUS_L0_003_008;CONUS_L1_012_030;CONUS_L1_012_031,3
2026-10-01,260062091,https://apply.starbucks.com/careers/job/481080429968,"barista - Store# 07290, MONTROSE CROSSING",BARISTA,07290,MONTROSE CROSSING,12091 Rockville Pike,Rockville,MD,,US,,1787457600,2026-08-23,39,2026-10-01,1787579401,2026-08-24,38,False,39.0559819,-77.11812010000001,481080429968,id:260062091,store:07290,Barista,onsite,"12091 Rockville Pike, Rockville, Maryland, United States",1,MD,CONUS_L0_003_008;CONUS_L1_012_030;CONUS_L1_012_031,3
2026-10-01,260061960,https://apply.starbucks.com/careers/job/481080429830,"shift supervisor - Store# 07290, MONTROSE CROSSING",SHIFT_SUPERVISOR,07290,MONTROSE CROSSING,12091 Rockville Pike,Rockville,MD,,US,,1787457600,2026-08-23,39,2026-10-01,1787579289,2026-08-24,38,False,39.0559819,-77.11812010000001,481080429830,id:260061960,store:07290,Shift Supervisor,onsite,"12091 Rockville Pike, Rockville, Maryland, United States",1,MD,CONUS_L0_003_008;CONUS_L1_012_030;CONUS_L1_012_031,3
2026-10-01,260062600,https://apply.starbucks.com/careers/job/481080494853,"barista - Store# 00709, CONGRESSIONAL PLAZA",BARISTA,00709,CONGRESSIONAL PLAZA,1621 Rockville Pike,Rockville,MD,,US,,1787630400,2026-08-25,37,2026-10-01,1787752350,2026-08-26,36,False,39.0628706,-77.12755059999999,481080494853,id:260062600,store:00709,Barista,onsite,"1621 Rockville Pike, Rockville, Maryland, United States",1,MD,CONUS_L0_003_008;CONUS_L1_012_030;CONUS_L1_012_031,3
2026-10-01,260073175,https://apply.starbucks.com/careers/job/481080797949,"shift supervisor - Store# 00709, CONGRESSIONAL PLAZA",SHIFT_SUPERVISOR,00709,CONGRESSIONAL PLAZA,1621 Rockville Pike,Rockville,MD,,US,,1789012800,2026-09-10,21,2026-10-01,1789135679,2026-09-11,20,False,39.0628706,-77.12755059999999,481080797949,id:260073175,store:00709,Shift Supervisor,onsite,"1621 Rockville Pike, Rockville, Maryland, United States",1,MD,CONUS_L0_003_008;CONUS_L1_012_030;CONUS_L1_012_031,3
2026-10-01,260076100,https://apply.starbucks.com/careers/job/481080861415,"barista - Store# 24475, RIDGEVIEW SHOPPING CENTER",BARISTA,24475,RIDGEVIEW SHOPPING CENTER,2637 Annapolis Rd,Hanover,MD,,US,,1789444800,2026-09-15,16,2026-10-01,1789566578,2026-09-16,15,False,39.1312439,-76.740484,481080861415,id:260076100,store:24475,Barista,onsite,"2637 Annapolis Rd, Hanover, Maryland, United States",1,MD,CONUS_L0_003_008;CONUS_L1_012_030;CONUS_L1_012_031,3
2026-10-01,260080602,https://apply.starbucks.com/careers/job/481081091738,"shift supervisor - Store# 24475, RIDGEVIEW SHOPPING CENTER",SHIFT_SUPERVISOR,24475,RIDGEVIEW SHOPPING CENTER,2637 Annapolis Rd,Hanover,MD,,US,,1790740800,2026-09-30,1,2026-10-01,1790836088,2026-10-01,0,False,39.1312439,-76.740484,481081091738,id:260080602,store:24475,Shift Supervisor,onsite,"2637 Annapolis Rd, Hanover, Maryland, United States",1,MD,CONUS_L0_003_008;CONUS_L1_012_030;CONUS_L1_012_031,3
2026-10-01,260059764,https://apply.starbucks.com/careers/job/481080055685,"barista - Store# 07628, POTOMAC WOODS PLAZA",BARISTA,07628,POTOMAC WOODS PLAZA,1087 Seven Locks Rd,Potomac,MD,,US,,1785988800,2026-08-06,56,2026-10-01,1786110317,2026-08-07,55,False,39.0615291,-77.1592316,481080055685,id:260059764,store:07628,Barista,onsite,"1087 Seven Locks Rd, Potomac, Maryland, United States",1,MD,CONUS_L0_003_008;CONUS_L1_012_030;CONUS_L1_012_031,3
2026-10-01,260073530,https://apply.starbucks.com/careers/job/481080812866,"shift supervisor - Store# 07628, POTOMAC WOODS PLAZA",SHIFT_SUPERVISOR,07628,POTOMAC WOODS PLAZA,1087 Seven Locks Rd,Potomac,MD,,US,,1789185600,2026-09-12,19,2026-10-01,1789306990,2026-09-13,18,False,39.0615291,-77.1592316,481080812866,id:260073530,store:07628,Shift Supervisor,onsite,"1087 Seven Locks Rd, Potomac, Maryland, United States",1,MD,CONUS_L0_003_008;CONUS_L1_012_030;CONUS_L1_012_031,3
2026-10-01,260062712,https://apply.starbucks.com/careers/job/481080495330,"barista - Store# 83438, 8457 FT SMALLWOOD RD_RIVIERA BEACH",BARISTA,83438,8457 FT SMALLWOOD RD_RIVIERA BEACH,8457 Fort Smallwood Rd,Pasadena,MD,,US,,1787630400,2026-08-25,37,2026-10-01,1787752438,2026-08-26,36,False,39.1600823,-76.51898109999999,481080495330,id:260062712,store:83438,Barista,onsite,"8457 Fort Smallwood Rd, Pasadena, Maryland, United States",1,MD,CONUS_L0_003_008;CONUS_L1_012_031,2
2026-10-01,260059340,https://apply.starbucks.com/careers/job/481079982967,"shift supervisor - Store# 83438, 8457 FT SMALLWOOD RD_RIVIERA BEACH",SHIFT_SUPERVISOR,83438,8457 FT SMALLWOOD RD_RIVIERA BEACH,8457 Fort Smallwood Rd,Pasadena,MD,,US,,1785643200,2026-08-02,60,2026-10-01,1785764548,2026-08-03,59,False,39.1600823,-76.51898109999999,481079982967,id:260059340,store:83438,Shift Supervisor,onsite,"8457 Fort Smallwood Rd, Pasadena, Maryland, United States",1,MD,CONUS_L0_003_008;CONUS_L1_012_031,2
2026-10-01,260074344,https://apply.starbucks.com/careers/job/481080814201,"shift supervisor - Store# 07437, BURTONSVILLE",SHIFT_SUPERVISOR,07437,BURTONSVILLE,15658 Old Columbia Pike,Burtonsville,MD,,US,,1789185600,2026-09-12,19,2026-10-01,1789307749,2026-09-13,18,False,39.11225,-76.93327,481080814201,id:260074344,store:07437,Shift Supervisor,onsite,"15658 Old Columbia Pike, Burtonsville, Maryland, United States",1,MD,CONUS_L0_003_008;CONUS_L1_012_030;CONUS_L1_012_031,3
2026-10-01,260059272,https://apply.starbucks.com/careers/job/481079980593,"barista - Store# 11184, PLAZA DEL MERCADO",BARISTA,11184,PLAZA DEL MERCADO,"2205 Bel Pre Road, Plaza del Mercado, Suite 33",Silver Spring,MD,,US,,1785643200,2026-08-02,60,2026-10-01,1785753152,2026-08-03,59,False,39.0909606,-77.0464844,481079980593,id:260059272,store:11184,Barista,onsite,"2205 Bel Pre Road, Plaza del Mercado, Suite 33, Silver Spring, Maryland, United States",1,MD,CONUS_L0_003_008;CONUS_L1_012_030;CONUS_L1_012_031,3
2026-10-01,260073007,https://apply.starbucks.com/careers/job/481080797587,"shift supervisor - Store# 11184, PLAZA DEL MERCADO",SHIFT_SUPERVISOR,11184,PLAZA DEL MERCADO,"2205 Bel Pre Road, Plaza del Mercado, Suite 33",Silver Spring,MD,,US,,1789012800,2026-09-10,21,2026-10-01,1789135538,2026-09-11,20,False,39.0909606,-77.0464844,481080797587,id:260073007,store:11184,Shift Supervisor,onsite,"2205 Bel Pre Road, Plaza del Mercado, Suite 33, Silver Spring, Maryland, United States",1,MD,CONUS_L0_003_008;CONUS_L1_012_030;CONUS_L1_012_031,3
2026-10-01,260078742,https://apply.starbucks.com/careers/job/481080949791,"barista - Store# 07453, WINTERGREEN PLAZA",BARISTA,07453,WINTERGREEN PLAZA,865 Rockville Pike,Rockville,MD,,US,,1789963200,2026-09-21,10,2026-10-01,1790084507,2026-09-22,9,False,39.07524,-77.13761,481080949791,id:260078742,store:07453,Barista,onsite,"865 Rockville Pike, Rockville, Maryland, United States",1,MD,CONUS_L0_003_008;CONUS_L1_012_030;CONUS_L1_012_031,3
2026-10-01,260074391,https://apply.starbucks.com/careers/job/481080814335,"shift supervisor - Store# 07453, WINTERGREEN PLAZA",SHIFT_SUPERVISOR,07453,WINTERGREEN PLAZA,865 Rockville Pike,Rockville,MD,,US,,1789185600,2026-09-12,19,2026-10-01,1789307793,2026-09-13,18,False,39.07524,-77.13761,481080814335,id:260074391,store:07453,Shift Supervisor,onsite,"865 Rockville Pike, Rockville, Maryland, United States",1,MD,CONUS_L0_003_008;CONUS_L1_012_030;CONUS_L1_012_031,3
2026-10-01,260077795,https://apply.starbucks.com/careers/job/481080891626,"shift supervisor - Store# 08713, 7680 Arundel Mills",SHIFT_SUPERVISOR,08713,7680 Arundel Mills,"7680 Arundel Mills Blvd, Suite 110",Hanover,MD,,US,,1789617600,2026-09-17,14,2026-10-01,1789739461,2026-09-18,13,False,39.1532327,-76.728196,481080891626,id:260077795,store:08713,Shift Supervisor,onsite,"7680 Arundel Mills Blvd, Suite 110, Hanover, Maryland, United States",1,MD,CONUS_L0_003_008;CONUS_L1_012_030;CONUS_L1_012_031,3
2026-10-01,260067640,https://apply.starbucks.com/careers/job/481080699461,"shift supervisor - Store# 14167, ARUNDEL PRESERVE",SHIFT_SUPERVISOR,14167,ARUNDEL PRESERVE,"7698 Dorchester Blvd., The Shops at Arundel Preserve, Suite 207",Hanover,MD,,US,,1788321600,2026-09-02,29,2026-10-01,1788456488,2026-09-03,28,False,39.1549443,-76.7419905,481080699461,id:260067640,store:14167,Shift Supervisor,onsite,"7698 Dorchester Blvd., The Shops at Arundel Preserve, Suite 207, Hanover, Maryland, United States",1,MD,CONUS_L0_003_008;CONUS_L1_012_030;CONUS_L1_012_031,3
2026-10-01,260064577,https://apply.starbucks.com/careers/job/481080613854,"barista - Store# 14167, ARUNDEL PRESERVE",BARISTA,14167,ARUNDEL PRESERVE,"7698 Dorchester Blvd., The Shops at Arundel Preserve, Suite 207",Hanover,MD,,US,,1788062400,2026-08-30,32,2026-10-01,1788183929,2026-08-31,31,False,39.1549443,-76.7419905,481080613854,id:260064577,store:14167,Barista,onsite,"7698 Dorchester Blvd., The Shops at Arundel Preserve, Suite 207, Hanover, Maryland, United States",1,MD,CONUS_L0_003_008;CONUS_L1_012_030;CONUS_L1_012_031,3
2026-10-01,260075162,https://apply.starbucks.com/careers/job/481080821359,"shift supervisor - Store# 10240, ROCKVILLE TOWN SQUARE",SHIFT_SUPERVISOR,10240,ROCKVILLE TOWN SQUARE,"39 Maryland Ave, Rockville Town Center, Unit B",Rockville,MD,,US,,1789272000,2026-09-13,18,2026-10-01,1789394697,2026-09-14,17,False,39.0852885,-77.1511902,481080821359,id:260075162,store:10240,Shift Supervisor,onsite,"39 Maryland Ave, Rockville Town Center, Unit B, Rockville, Maryland, United States",1,MD,CONUS_L0_003_008;CONUS_L1_012_030;CONUS_L1_012_031,3
2026-10-01,260058618,https://apply.starbucks.com/careers/job/481079907047,"barista - Store# 10240, ROCKVILLE TOWN SQUARE",BARISTA,10240,ROCKVILLE TOWN SQUARE,"39 Maryland Ave, Rockville Town Center, Unit B",Rockville,MD,,US,,1785124800,2026-07-27,66,2026-10-01,1785246136,2026-07-28,65,False,39.0852885,-77.1511902,481079907047,id:260058618,store:10240,Barista,onsite,"39 Maryland Ave, Rockville Town Center, Unit B, Rockville, Maryland, United States",1,MD,CONUS_L0_003_008;CONUS_L1_012_030;CONUS_L1_012_031,3
2026-10-01,260062669,https://apply.starbucks.com/careers/job/481080494977,"shift supervisor - Store# 57237, 910 CROMWELL PARK DR",SHIFT_SUPERVISOR,57237,910 CROMWELL PARK DR,"910 Cromwell Park Dr, 101",Glen Burnie,MD,,US,,1787630400,2026-08-25,37,2026-10-01,1787752404,2026-08-26,36,False,39.17048,-76.64298,481080494977,id:260062669,store:57237,Shift Supervisor,onsite,"910 Cromwell Park Dr, 101, Glen Burnie, Maryland, United States",1,MD,CONUS_L0_003_008;CONUS_L1_012_030;CONUS_L1_012_031,3
2026-10-01,260064441,https://apply.starbucks.com/careers/job/481080613261,"barista - Store# 11964, COLUMBIA EAST",BARISTA,11964,COLUMBIA EAST,"7351 Assateague Drive, Columbia East Market Place, Suite 90",Jessup,MD,,US,,1788062400,2026-08-30,32,2026-10-01,1788183817,2026-08-31,31,False,39.1698855,-76.7855371,481080613261,id:260064441,store:11964,Barista,onsite,"7351 Assateague Drive, Columbia East Market Place, Suite 90, Jessup, Maryland, United States",1,MD,CONUS_L0_003_008;CONUS_L1_012_030;CONUS_L1_012_031,3
2026-10-01,260065236,https://apply.starbucks.com/careers/job/481080677418,"shift supervisor - Store# 11964, COLUMBIA EAST",SHIFT_SUPERVISOR,11964,COLUMBIA EAST,"7351 Assateague Drive, Columbia East Market Place, Suite 90",Jessup,MD,,US,,1788321600,2026-09-02,29,2026-10-01,1788356909,2026-09-02,29,False,39.1698855,-76.7855371,481080677418,id:260065236,store:11964,Shift Supervisor,onsite,"7351 Assateague Drive, Columbia East Market Place, Suite 90, Jessup, Maryland, United States",1,MD,CONUS_L0_003_008;CONUS_L1_012_030;CONUS_L1_012_031,3
2026-10-01,260072549,https://apply.starbucks.com/careers/job/481080795930,"shift supervisor - Store# 07821, FALLSGROVE",SHIFT_SUPERVISOR,07821,FALLSGROVE,"14941 Shady Grove Rd, C-3-1",Rockville,MD,,US,,1789012800,2026-09-10,21,2026-10-01,1789135147,2026-09-11,20,False,39.0981805,-77.19252569999999,481080795930,id:260072549,store:07821,Shift Supervisor,onsite,"14941 Shady Grove Rd, C-3-1, Rockville, Maryland, United States",1,MD,CONUS_L0_003_008;CONUS_L1_012_030;CONUS_L1_012_031,3
2026-10-01,260067881,https://apply.starbucks.com/careers/job/481080699841,"barista - Store# 10780, GOVERNOR PLAZA",BARISTA,10780,GOVERNOR PLAZA,"6653 Governor Richie Highway, Governor Plaza",Glen Burnie,MD,,US,,1788321600,2026-09-02,29,2026-10-01,1788456713,2026-09-03,28,False,39.19563,-76.6126,481080699841,id:260067881,store:10780,Barista,onsite,"6653 Governor Richie Highway, Governor Plaza, Glen Burnie, Maryland, United States",1,MD,CONUS_L0_003_008;CONUS_L1_012_030;CONUS_L1_012_031,3
2026-10-01,260070103,https://apply.starbucks.com/careers/job/481080731061,"shift supervisor - Store# 10780, GOVERNOR PLAZA",SHIFT_SUPERVISOR,10780,GOVERNOR PLAZA,"6653 Governor Richie Highway, Governor Plaza",Glen Burnie,MD,,US,,1788580800,2026-09-05,26,2026-10-01,1788702627,2026-09-06,25,False,39.19563,-76.6126,481080731061,id:260070103,store:10780,Shift Supervisor,onsite,"6653 Governor Richie Highway, Governor Plaza, Glen Burnie, Maryland, United States",1,MD,CONUS_L0_003_008;CONUS_L1_012_030;CONUS_L1_012_031,3
2026-10-01,260071712,https://apply.starbucks.com/careers/job/481080764567,"shift supervisor - Store# 57963, 10985 JOHNS HOPKINS RD, MAPLE LAWN",SHIFT_SUPERVISOR,57963,"10985 JOHNS HOPKINS RD, MAPLE LAWN",10985 Johns Hopkins Rd,Laurel,MD,,US,,1788840000,2026-09-08,23,2026-10-01,1788961345,2026-09-09,22,False,39.15917,-76.89413,481080764567,id:260071712,store:57963,Shift Supervisor,onsite,"10985 Johns Hopkins Rd, Laurel, Maryland, United States",1,MD,CONUS_L0_003_008;CONUS_L1_012_030;CONUS_L1_012_031,3
2026-10-01,260072531,https://apply.starbucks.com/careers/job/481080795891,"barista - Store# 57963, 10985 JOHNS HOPKINS RD, MAPLE LAWN",BARISTA,57963,"10985 JOHNS HOPKINS RD, MAPLE LAWN",10985 Johns Hopkins Rd,Laurel,MD,,US,,1789012800,2026-09-10,21,2026-10-01,1789135132,2026-09-11,20,False,39.15917,-76.89413,481080795891,id:260072531,store:57963,Barista,onsite,"10985 Johns Hopkins Rd, Laurel, Maryland, United States",1,MD,CONUS_L0_003_008;CONUS_L1_012_030;CONUS_L1_012_031,3
2026-10-01,260072428,https://apply.starbucks.com/careers/job/481080795593,"barista - Store# 84061, CHESTERTOWN, MD",BARISTA,84061,"CHESTERTOWN, MD",504 Washington Ave,Chestertown,MD,,US,,1789012800,2026-09-10,21,2026-10-01,1789135044,2026-09-11,20,False,39.2209751,-76.0686889,481080795593,id:260072428,store:84061,Barista,onsite,"504 Washington Ave, Chestertown, Maryland, United States",1,MD,CONUS_L0_003_008;CONUS_L1_012_031,2
2026-10-01,260073093,https://apply.starbucks.com/careers/job/481080797801,"shift supervisor - Store# 84061, CHESTERTOWN, MD",SHIFT_SUPERVISOR,84061,"CHESTERTOWN, MD",504 Washington Ave,Chestertown,MD,,US,,1789012800,2026-09-10,21,2026-10-01,1789135610,2026-09-11,20,False,39.2209751,-76.0686889,481080797801,id:260073093,store:84061,Shift Supervisor,onsite,"504 Washington Ave, Chestertown, Maryland, United States",1,MD,CONUS_L0_003_008;CONUS_L1_012_031,2
2026-10-01,260063067,https://apply.starbucks.com/careers/job/481080565290,"barista - Store# 09835, 16806 GEORGIA AVE- OLNEY",BARISTA,09835,16806 GEORGIA AVE- OLNEY,"16806 Georgia Ave, Old Silo Inn Shopping Center",Olney,MD,,US,,1787803200,2026-08-27,35,2026-10-01,1787924626,2026-08-28,34,False,39.1322204,-77.071534,481080565290,id:260063067,store:09835,Barista,onsite,"16806 Georgia Ave, Old Silo Inn Shopping Center, Olney, Maryland, United States",1,MD,CONUS_L0_003_008;CONUS_L1_012_030;CONUS_L1_012_031,3
2026-10-01,260063395,https://apply.starbucks.com/careers/job/481080566257,"shift supervisor - Store# 09835, 16806 GEORGIA AVE- OLNEY",SHIFT_SUPERVISOR,09835,16806 GEORGIA AVE- OLNEY,"16806 Georgia Ave, Old Silo Inn Shopping Center",Olney,MD,,US,,1787803200,2026-08-27,35,2026-10-01,1787924887,2026-08-28,34,False,39.1322204,-77.071534,481080566257,id:260063395,store:09835,Shift Supervisor,onsite,"16806 Georgia Ave, Old Silo Inn Shopping Center, Olney, Maryland, United States",1,MD,CONUS_L0_003_008;CONUS_L1_012_030;CONUS_L1_012_031,3
2026-10-01,260065269,https://apply.starbucks.com/careers/job/481080677482,"shift supervisor - Store# 10641, SNOWDEN RIVER PARKWAY",SHIFT_SUPERVISOR,10641,SNOWDEN RIVER PARKWAY,"7090 Deepage Drive, Suite E",Columbia,MD,,US,,1788321600,2026-09-02,29,2026-10-01,1788356938,2026-09-02,29,False,39.17615,-76.83919,481080677482,id:260065269,store:10641,Shift Supervisor,onsite,"7090 Deepage Drive, Suite E, Columbia, Maryland, United States",1,MD,CONUS_L0_003_008;CONUS_L1_012_030;CONUS_L1_012_031,3
2026-10-01,260076327,https://apply.starbucks.com/careers/job/481080861775,"barista - Store# 10641, SNOWDEN RIVER PARKWAY",BARISTA,10641,SNOWDEN RIVER PARKWAY,"7090 Deepage Drive, Suite E",Columbia,MD,,US,,1789444800,2026-09-15,16,2026-10-01,1789566775,2026-09-16,15,False,39.17615,-76.83919,481080861775,id:260076327,store:10641,Barista,onsite,"7090 Deepage Drive, Suite E, Columbia, Maryland, United States",1,MD,CONUS_L0_003_008;CONUS_L1_012_030;CONUS_L1_012_031,3
2026-10-01,260065300,https://apply.starbucks.com/careers/job/481080677518,"shift supervisor - Store# 14168, 1700 W NURSERY ROAD",SHIFT_SUPERVISOR,14168,1700 W NURSERY ROAD,"1700 W Nursery Rd, 1700 W Nursery Rd",Linthicum Heights,MD,,US,,1788321600,2026-09-02,29,2026-10-01,1788356967,2026-09-02,29,False,39.19952,-76.68319,481080677518,id:260065300,store:14168,Shift Supervisor,onsite,"1700 W Nursery Rd, 1700 W Nursery Rd, Linthicum Heights, Maryland, United States",1,MD,CONUS_L0_003_008;CONUS_L1_012_030;CONUS_L1_012_031,3
2026-10-01,260064131,https://apply.starbucks.com/careers/job/481080612701,"barista - Store# 14168, 1700 W NURSERY ROAD",BARISTA,14168,1700 W NURSERY ROAD,"1700 W Nursery Rd, 1700 W Nursery Rd",Linthicum Heights,MD,,US,,1788062400,2026-08-30,32,2026-10-01,1788183559,2026-08-31,31,False,39.19952,-76.68319,481080612701,id:260064131,store:14168,Barista,onsite,"1700 W Nursery Rd, 1700 W Nursery Rd, Linthicum Heights, Maryland, United States",1,MD,CONUS_L0_003_008;CONUS_L1_012_030;CONUS_L1_012_031,3
2026-10-01,260064772,https://apply.starbucks.com/careers/job/481080613869,"shift supervisor - Store# 19878, DOWNTOWN CROWN",SHIFT_SUPERVISOR,19878,DOWNTOWN CROWN,"307 Copley Pl, Crown Farm, Bldg A-1300",Gaithersburg,MD,,US,,1788062400,2026-08-30,32,2026-10-01,1788184095,2026-08-31,31,False,39.1151517,-77.2069448,481080613869,id:260064772,store:19878,Shift Supervisor,onsite,"307 Copley Pl, Crown Farm, Bldg A-1300, Gaithersburg, Maryland, United States",1,MD,CONUS_L0_003_008;CONUS_L1_012_030,2
2026-10-01,260071007,https://apply.starbucks.com/careers/job/481080742176,"barista - Store# 19878, DOWNTOWN CROWN",BARISTA,19878,DOWNTOWN CROWN,"307 Copley Pl, Crown Farm, Bldg A-1300",Gaithersburg,MD,,US,,1788667200,2026-09-06,25,2026-10-01,1788788869,2026-09-07,24,False,39.1151517,-77.2069448,481080742176,id:260071007,store:19878,Barista,onsite,"307 Copley Pl, Crown Farm, Bldg A-1300, Gaithersburg, Maryland, United States",1,MD,CONUS_L0_003_008;CONUS_L1_012_030,2
2026-10-01,260073781,https://apply.starbucks.com/careers/job/481080813222,"shift supervisor - Store# 07311, OLNEY",SHIFT_SUPERVISOR,07311,OLNEY,"3126 Sandy Spring Road, Shoppes at Olney",Olney,MD,,US,,1789185600,2026-09-12,19,2026-10-01,1789307225,2026-09-13,18,False,39.15107,-77.06415,481080813222,id:260073781,store:07311,Shift Supervisor,onsite,"3126 Sandy Spring Road, Shoppes at Olney, Olney, Maryland, United States",1,MD,CONUS_L0_003_008;CONUS_L1_012_030;CONUS_L1_012_031,3
2026-10-01,260074338,https://apply.starbucks.com/careers/job/481080814197,"barista - Store# 07311, OLNEY",BARISTA,07311,OLNEY,"3126 Sandy Spring Road, Shoppes at Olney",Olney,MD,,US,,1789185600,2026-09-12,19,2026-10-01,1789307743,2026-09-13,18,False,39.15107,-77.06415,481080814197,id:260074338,store:07311,Barista,onsite,"3126 Sandy Spring Road, Shoppes at Olney, Olney, Maryland, United States",1,MD,CONUS_L0_003_008;CONUS_L1_012_030;CONUS_L1_012_031,3
2026-10-01,260077937,https://apply.starbucks.com/careers/job/481080923118,"shift supervisor - Store# 07648, DOBBIN CENTER WAY",SHIFT_SUPERVISOR,07648,DOBBIN CENTER WAY,"6365 Dobbin Rd, Columbia Crossing",Columbia,MD,,US,,1789790400,2026-09-19,12,2026-10-01,1789911604,2026-09-20,11,False,39.1976435,-76.8190599,481080923118,id:260077937,store:07648,Shift Supervisor,onsite,"6365 Dobbin Rd, Columbia Crossing, Columbia, Maryland, United States",1,MD,CONUS_L0_003_008;CONUS_L1_012_030;CONUS_L1_012_031,3
2026-10-01,260057290,https://apply.starbucks.com/careers/job/481079587676,"barista - Store# 07648, DOBBIN CENTER WAY",BARISTA,07648,DOBBIN CENTER WAY,"6365 Dobbin Rd, Columbia Crossing",Columbia,MD,,US,,1784347200,2026-07-18,75,2026-10-01,1784468438,2026-07-19,74,False,39.1976435,-76.8190599,481079587676,id:260057290,store:07648,Barista,onsite,"6365 Dobbin Rd, Columbia Crossing, Columbia, Maryland, United States",1,MD,CONUS_L0_003_008;CONUS_L1_012_030;CONUS_L1_012_031,3
2026-10-01,260054776,https://apply.starbucks.com/careers/job/481079406190,"barista - Store# 81334, TRADEPOINT ATLANTIC",BARISTA,81334,TRADEPOINT ATLANTIC,"7201 Bethlehem Blvd, 100",Sparrows Point,MD,,US,,1783569600,2026-07-09,84,2026-10-01,1783691586,2026-07-10,83,False,39.23579,-76.47271,481079406190,id:260054776,store:81334,Barista,onsite,"7201 Bethlehem Blvd, 100, Sparrows Point, Maryland, United States",1,MD,CONUS_L0_003_008;CONUS_L1_012_031,2
2026-10-01,260072970,https://apply.starbucks.com/careers/job/481080797548,"shift supervisor - Store# 81334, TRADEPOINT ATLANTIC",SHIFT_SUPERVISOR,81334,TRADEPOINT ATLANTIC,"7201 Bethlehem Blvd, 100",Sparrows Point,MD,,US,,1789012800,2026-09-10,21,2026-10-01,1789135506,2026-09-11,20,False,39.23579,-76.47271,481080797548,id:260072970,store:81334,Shift Supervisor,onsite,"7201 Bethlehem Blvd, 100, Sparrows Point, Maryland, United States",1,MD,CONUS_L0_003_008;CONUS_L1_012_031,2
2026-10-01,260072928,https://apply.starbucks.com/careers/job/481080796778,"shift supervisor - Store# 00732, POTOMAC VALLEY",SHIFT_SUPERVISOR,00732,POTOMAC VALLEY,12179 Darnestown Rd,Gaithersburg,MD,,US,,1789012800,2026-09-10,21,2026-10-01,1789135471,2026-09-11,20,False,39.11801579999999,-77.2516958,481080796778,id:260072928,store:00732,Shift Supervisor,onsite,"12179 Darnestown Rd, Gaithersburg, Maryland, United States",1,MD,CONUS_L0_003_008;CONUS_L1_012_030,2
2026-10-01,260080500,https://apply.starbucks.com/careers/job/481081091603,"barista - Store# 00732, POTOMAC VALLEY",BARISTA,00732,POTOMAC VALLEY,12179 Darnestown Rd,Gaithersburg,MD,,US,,1790740800,2026-09-30,1,2026-10-01,1790835996,2026-10-01,0,False,39.11801579999999,-77.2516958,481081091603,id:260080500,store:00732,Barista,onsite,"12179 Darnestown Rd, Gaithersburg, Maryland, United States",1,MD,CONUS_L0_003_008;CONUS_L1_012_030,2
2026-10-01,260059495,https://apply.starbucks.com/careers/job/481080000885,"shift supervisor - Store# 08743, KENTLANDS",SHIFT_SUPERVISOR,08743,KENTLANDS,160 Kentlands Place,Gaithersburg,MD,,US,,1785729600,2026-08-03,59,2026-10-01,1785851147,2026-08-04,58,False,39.12392,-77.23637,481080000885,id:260059495,store:08743,Shift Supervisor,onsite,"160 Kentlands Place, Gaithersburg, Maryland, United States",1,MD,CONUS_L0_003_008;CONUS_L1_012_030,2
2026-10-01,260057961,https://apply.starbucks.com/careers/job/481079710331,"barista - Store# 13809, THE SHOPPES AT SHIPLEY'S GRANT",BARISTA,13809,THE SHOPPES AT SHIPLEY'S GRANT,"5715 Richards Valley Rd, Suite B-1",Ellicott City,MD,,US,,1784779200,2026-07-23,70,2026-10-01,1784900711,2026-07-24,69,False,39.21439,-76.80292,481079710331,id:260057961,store:13809,Barista,onsite,"5715 Richards Valley Rd, Suite B-1, Ellicott City, Maryland, United States",1,MD,CONUS_L0_003_008;CONUS_L1_012_030;CONUS_L1_012_031,3
2026-10-01,260075759,https://apply.starbucks.com/careers/job/481080840546,"shift supervisor - Store# 13809, THE SHOPPES AT SHIPLEY'S GRANT",SHIFT_SUPERVISOR,13809,THE SHOPPES AT SHIPLEY'S GRANT,"5715 Richards Valley Rd, Suite B-1",Ellicott City,MD,,US,,1789358400,2026-09-14,17,2026-10-01,1789480019,2026-09-15,16,False,39.21439,-76.80292,481080840546,id:260075759,store:13809,Shift Supervisor,onsite,"5715 Richards Valley Rd, Suite B-1, Ellicott City, Maryland, United States",1,MD,CONUS_L0_003_008;CONUS_L1_012_030;CONUS_L1_012_031,3
2026-10-01,260079483,https://apply.starbucks.com/careers/job/481080998826,"shift supervisor - Store# 07480, FLOWER HILL",SHIFT_SUPERVISOR,07480,FLOWER HILL,"18240 Flower Hill Way, Flower Hill Shopping Center",Gaithersburg,MD,,US,,1790222400,2026-09-24,7,2026-10-01,1790344049,2026-09-25,6,False,39.1547498,-77.1651966,481080998826,id:260079483,store:07480,Shift Supervisor,onsite,"18240 Flower Hill Way, Flower Hill Shopping Center, Gaithersburg, Maryland, United States",1,MD,CONUS_L0_003_008;CONUS_L1_012_030;CONUS_L1_012_031,3
2026-10-01,260053427,https://apply.starbucks.com/careers/job/481079320255,"barista - Store# 07401, FIRSTFIELD SHOPPING CENTER",BARISTA,07401,FIRSTFIELD SHOPPING CENTER,"505 Quince Orchard Road, Space 12",Gaithersburg,MD,,US,,1783310400,2026-07-06,87,2026-10-01,1783432069,2026-07-07,86,False,39.1440437,-77.21961069999999,481079320255,id:260053427,store:07401,Barista,onsite,"505 Quince Orchard Road, Space 12, Gaithersburg, Maryland, United States",1,MD,CONUS_L0_003_008;CONUS_L1_012_030,2
2026-10-01,260077156,https://apply.starbucks.com/careers/job/481080890676,"shift supervisor - Store# 07401, FIRSTFIELD SHOPPING CENTER",SHIFT_SUPERVISOR,07401,FIRSTFIELD SHOPPING CENTER,"505 Quince Orchard Road, Space 12",Gaithersburg,MD,,US,,1789617600,2026-09-17,14,2026-10-01,1789738911,2026-09-18,13,False,39.1440437,-77.21961069999999,481080890676,id:260077156,store:07401,Shift Supervisor,onsite,"505 Quince Orchard Road, Space 12, Gaithersburg, Maryland, United States",1,MD,CONUS_L0_003_008;CONUS_L1_012_030,2
2026-10-01,260059895,https://apply.starbucks.com/careers/job/481080079060,"shift supervisor - Store# 29771, Wilde Lake Village Center",SHIFT_SUPERVISOR,29771,Wilde Lake Village Center,5400 Lynx Ln,Columbia,MD,,US,,1786161600,2026-08-08,54,2026-10-01,1786283187,2026-08-09,53,False,39.22119,-76.87512,481080079060,id:260059895,store:29771,Shift Supervisor,onsite,"5400 Lynx Ln, Columbia, Maryland, United States",1,MD,CONUS_L0_003_008;CONUS_L1_012_030;CONUS_L1_012_031,3
2026-10-01,260072075,https://apply.starbucks.com/careers/job/481080765088,"barista - Store# 29771, Wilde Lake Village Center",BARISTA,29771,Wilde Lake Village Center,5400 Lynx Ln,Columbia,MD,,US,,1788840000,2026-09-08,23,2026-10-01,1788961640,2026-09-09,22,False,39.22119,-76.87512,481080765088,id:260072075,store:29771,Barista,onsite,"5400 Lynx Ln, Columbia, Maryland, United States",1,MD,CONUS_L0_003_008;CONUS_L1_012_030;CONUS_L1_012_031,3
2026-10-01,260070118,https://apply.starbucks.com/careers/job/481080731055,"barista - Store# 60584, CLARKSVILLE",BARISTA,60584,CLARKSVILLE,"12165 Clarksville Pike, 309",Clarksville,MD,,US,,1788580800,2026-09-05,26,2026-10-01,1788702639,2026-09-06,25,False,39.21516,-76.93313,481080731055,id:260070118,store:60584,Barista,onsite,"12165 Clarksville Pike, 309, Clarksville, Maryland, United States",1,MD,CONUS_L0_003_008;CONUS_L1_012_030;CONUS_L1_012_031,3
2026-10-01,260069452,https://apply.starbucks.com/careers/job/481080730282,"shift supervisor - Store# 60584, CLARKSVILLE",SHIFT_SUPERVISOR,60584,CLARKSVILLE,"12165 Clarksville Pike, 309",Clarksville,MD,,US,,1788580800,2026-09-05,26,2026-10-01,1788702113,2026-09-06,25,False,39.21516,-76.93313,481080730282,id:260069452,store:60584,Shift Supervisor,onsite,"12165 Clarksville Pike, 309, Clarksville, Maryland, United States",1,MD,CONUS_L0_003_008;CONUS_L1_012_030;CONUS_L1_012_031,3
2026-10-01,260070947,https://apply.starbucks.com/careers/job/481080742098,"barista - Store# 57547, N FREDERICK AND WATKINS MILL",BARISTA,57547,N FREDERICK AND WATKINS MILL,300 Spectrum Ave,Gaithersburg,MD,,US,,1788667200,2026-09-06,25,2026-10-01,1788788821,2026-09-07,24,False,39.16002,-77.22103,481080742098,id:260070947,store:57547,Barista,onsite,"300 Spectrum Ave, Gaithersburg, Maryland, United States",1,MD,CONUS_L0_003_008;CONUS_L1_012_030,2
2026-10-01,260069450,https://apply.starbucks.com/careers/job/481080730280,"shift supervisor - Store# 57547, N FREDERICK AND WATKINS MILL",SHIFT_SUPERVISOR,57547,N FREDERICK AND WATKINS MILL,300 Spectrum Ave,Gaithersburg,MD,,US,,1788580800,2026-09-05,26,2026-10-01,1788702111,2026-09-06,25,False,39.16002,-77.22103,481080730280,id:260069450,store:57547,Shift Supervisor,onsite,"300 Spectrum Ave, Gaithersburg, Maryland, United States",1,MD,CONUS_L0_003_008;CONUS_L1_012_030,2
2026-10-01,260062636,https://apply.starbucks.com/careers/job/481080494765,"shift supervisor - Store# 61569, MONTGOMERY VILLAGE CENTER",SHIFT_SUPERVISOR,61569,MONTGOMERY VILLAGE CENTER,19290 Montgomery Village Ave,Montgomery Village,MD,,US,,1787630400,2026-08-25,37,2026-10-01,1787752378,2026-08-26,36,False,39.17192,-77.20428,481080494765,id:260062636,store:61569,Shift Supervisor,onsite,"19290 Montgomery Village Ave, Montgomery Village, Maryland, United States",1,MD,CONUS_L0_003_008;CONUS_L1_012_030,2
2026-10-01,260062595,https://apply.starbucks.com/careers/job/481080494875,"barista - Store# 61569, MONTGOMERY VILLAGE CENTER",BARISTA,61569,MONTGOMERY VILLAGE CENTER,19290 Montgomery Village Ave,Montgomery Village,MD,,US,,1787630400,2026-08-25,37,2026-10-01,1787752346,2026-08-26,36,False,39.17192,-77.20428,481080494875,id:260062595,store:61569,Barista,onsite,"19290 Montgomery Village Ave, Montgomery Village, Maryland, United States",1,MD,CONUS_L0_003_008;CONUS_L1_012_030,2
2026-10-01,260066761,https://apply.starbucks.com/careers/job/481080698289,"shift supervisor - Store# 16345, SOUTHSIDE MARKETPLACE",SHIFT_SUPERVISOR,16345,SOUTHSIDE MARKETPLACE,"919  E. Fort Ave, Suite A",Baltimore,MD,,US,,1788321600,2026-09-02,29,2026-10-01,1788455656,2026-09-03,28,False,39.27126,-76.60121,481080698289,id:260066761,store:16345,Shift Supervisor,onsite,"919  E. Fort Ave, Suite A, Baltimore, Maryland, United States",1,MD,CONUS_L0_003_008;CONUS_L1_012_031,2
2026-10-01,260066052,https://apply.starbucks.com/careers/job/481080678757,"barista - Store# 16345, SOUTHSIDE MARKETPLACE",BARISTA,16345,SOUTHSIDE MARKETPLACE,"919  E. Fort Ave, Suite A",Baltimore,MD,,US,,1788321600,2026-09-02,29,2026-10-01,1788357631,2026-09-02,29,False,39.27126,-76.60121,481080678757,id:260066052,store:16345,Barista,onsite,"919  E. Fort Ave, Suite A, Baltimore, Maryland, United States",1,MD,CONUS_L0_003_008;CONUS_L1_012_031,2
2026-10-01,260067575,https://apply.starbucks.com/careers/job/481080699233,"barista - Store# 16345, SOUTHSIDE MARKETPLACE",BARISTA,16345,SOUTHSIDE MARKETPLACE,"919  E. Fort Ave, Suite A",Baltimore,MD,,US,,1788321600,2026-09-02,29,2026-10-01,1788456428,2026-09-03,28,False,39.27126,-76.60121,481080699233,id:260067575,store:16345,Barista,onsite,"919  E. Fort Ave, Suite A, Baltimore, Maryland, United States",1,MD,CONUS_L0_003_008;CONUS_L1_012_031,2
2026-10-01,260068133,https://apply.starbucks.com/careers/job/481080704369,"barista - Store# 60831, Brewers Hill",BARISTA,60831,Brewers Hill,4000 Boston Street,Baltimore,MD,,US,,1788408000,2026-09-03,28,2026-10-01,1788486039,2026-09-03,28,False,39.2777,-76.56155,481080704369,id:260068133,store:60831,Barista,onsite,"4000 Boston Street, Baltimore, Maryland, United States",1,MD,CONUS_L0_003_008;CONUS_L1_012_031,2
2026-10-01,260070306,https://apply.starbucks.com/careers/job/481080731320,"shift supervisor - Store# 60831, Brewers Hill",SHIFT_SUPERVISOR,60831,Brewers Hill,4000 Boston Street,Baltimore,MD,,US,,1788580800,2026-09-05,26,2026-10-01,1788702787,2026-09-06,25,False,39.2777,-76.56155,481080731320,id:260070306,store:60831,Shift Supervisor,onsite,"4000 Boston Street, Baltimore, Maryland, United States",1,MD,CONUS_L0_003_008;CONUS_L1_012_031,2
2026-10-01,260059258,https://apply.starbucks.com/careers/job/481079980566,"barista - Store# 10964, KINGSVIEW SHOPPING CENTER",BARISTA,10964,KINGSVIEW SHOPPING CENTER,"13408 Kingsview Village Ave, Kingsview Shopping Center",Germantown,MD,,US,,1785643200,2026-08-02,60,2026-10-01,1785753141,2026-08-03,59,False,39.15984,-77.27941,481079980566,id:260059258,store:10964,Barista,onsite,"13408 Kingsview Village Ave, Kingsview Shopping Center, Germantown, Maryland, United States",1,MD,CONUS_L0_003_008;CONUS_L1_012_030,2
2026-10-01,260074386,https://apply.starbucks.com/careers/job/481080814341,"shift supervisor - Store# 10964, KINGSVIEW SHOPPING CENTER",SHIFT_SUPERVISOR,10964,KINGSVIEW SHOPPING CENTER,"13408 Kingsview Village Ave, Kingsview Shopping Center",Germantown,MD,,US,,1789185600,2026-09-12,19,2026-10-01,1789307789,2026-09-13,18,False,39.15984,-77.27941,481080814341,id:260074386,store:10964,Shift Supervisor,onsite,"13408 Kingsview Village Ave, Kingsview Shopping Center, Germantown, Maryland, United States",1,MD,CONUS_L0_003_008;CONUS_L1_012_030,2
2026-10-01,260070176,https://apply.starbucks.com/careers/job/481080731193,"shift supervisor - Store# 62251, YARD 56 EASTERN AVE",SHIFT_SUPERVISOR,62251,YARD 56 EASTERN AVE,507 Bayview Blvd,Baltimore,MD,,US,,1788580800,2026-09-05,26,2026-10-01,1788702685,2026-09-06,25,False,39.28706,-76.5483,481080731193,id:260070176,store:62251,Shift Supervisor,onsite,"507 Bayview Blvd, Baltimore, Maryland, United States",1,MD,CONUS_L0_003_008;CONUS_L1_012_031,2
2026-10-01,260066047,https://apply.starbucks.com/careers/job/481080678783,"barista - Store# 11051, INNER HARBOR EAST",BARISTA,11051,INNER HARBOR EAST,"615 S. President Street, Inner Harbor East",Baltimore,MD,,US,,1788321600,2026-09-02,29,2026-10-01,1788357626,2026-09-02,29,False,39.28402,-76.60164,481080678783,id:260066047,store:11051,Barista,onsite,"615 S. President Street, Inner Harbor East, Baltimore, Maryland, United States",1,MD,CONUS_L0_003_008;CONUS_L1_012_031,2
2026-10-01,260065584,https://apply.starbucks.com/careers/job/481080677981,"shift supervisor - Store# 11051, INNER HARBOR EAST",SHIFT_SUPERVISOR,11051,INNER HARBOR EAST,"615 S. President Street, Inner Harbor East",Baltimore,MD,,US,,1788321600,2026-09-02,29,2026-10-01,1788357217,2026-09-02,29,False,39.28402,-76.60164,481080677981,id:260065584,store:11051,Shift Supervisor,onsite,"615 S. President Street, Inner Harbor East, Baltimore, Maryland, United States",1,MD,CONUS_L0_003_008;CONUS_L1_012_031,2
2026-10-01,260074070,https://apply.starbucks.com/careers/job/481080813790,"shift supervisor - Store# 07607, GERMANTOWN TOWN CENTER",SHIFT_SUPERVISOR,07607,GERMANTOWN TOWN CENTER,19724 Germantown Rd,Germantown,MD,,US,,1789185600,2026-09-12,19,2026-10-01,1789307494,2026-09-13,18,False,39.1802239,-77.26632099999999,481080813790,id:260074070,store:07607,Shift Supervisor,onsite,"19724 Germantown Rd, Germantown, Maryland, United States",1,MD,CONUS_L0_003_008;CONUS_L1_012_030,2
2026-10-01,260059181,https://apply.starbucks.com/careers/job/481079980492,"barista - Store# 07607, GERMANTOWN TOWN CENTER",BARISTA,07607,GERMANTOWN TOWN CENTER,19724 Germantown Rd,Germantown,MD,,US,,1785643200,2026-08-02,60,2026-10-01,1785753076,2026-08-03,59,False,39.1802239,-77.26632099999999,481079980492,id:260059181,store:07607,Barista,onsite,"19724 Germantown Rd, Germantown, Maryland, United States",1,MD,CONUS_L0_003_008;CONUS_L1_012_030,2
2026-10-01,260078935,https://apply.starbucks.com/careers/job/481080964909,"barista - Store# 68378, 426 W. BALTIMORE STREET - UMAB",BARISTA,68378,426 W. BALTIMORE STREET - UMAB,"426 W Baltimore St, 100",Baltimore,MD,,US,,1790049600,2026-09-22,9,2026-10-01,1790171050,2026-09-23,8,False,39.2894251,-76.62212889999999,481080964909,id:260078935,store:68378,Barista,onsite,"426 W Baltimore St, 100, Baltimore, Maryland, United States",1,MD,CONUS_L0_003_008;CONUS_L1_012_031,2
2026-10-01,260071151,https://apply.starbucks.com/careers/job/481080742422,"shift supervisor - Store# 68378, 426 W. BALTIMORE STREET - UMAB",SHIFT_SUPERVISOR,68378,426 W. BALTIMORE STREET - UMAB,"426 W Baltimore St, 100",Baltimore,MD,,US,,1788667200,2026-09-06,25,2026-10-01,1788788987,2026-09-07,24,False,39.2894251,-76.62212889999999,481080742422,id:260071151,store:68378,Shift Supervisor,onsite,"426 W Baltimore St, 100, Baltimore, Maryland, United States",1,MD,CONUS_L0_003_008;CONUS_L1_012_031,2
2026-10-01,260069000,https://apply.starbucks.com/careers/job/481080710414,"shift supervisor - Store# 47806, 1812 ASHLAND",SHIFT_SUPERVISOR,47806,1812 ASHLAND,1812 Ashland Ave,Baltimore,MD,,US,,1788408000,2026-09-03,28,2026-10-01,1788530214,2026-09-04,27,False,39.3006,-76.592,481080710414,id:260069000,store:47806,Shift Supervisor,onsite,"1812 Ashland Ave, Baltimore, Maryland, United States",1,MD,CONUS_L0_003_008;CONUS_L1_012_031,2
2026-10-01,260080322,https://apply.starbucks.com/careers/job/481081059213,"barista - Store# 47806, 1812 ASHLAND",BARISTA,47806,1812 ASHLAND,1812 Ashland Ave,Baltimore,MD,,US,,1790568000,2026-09-28,3,2026-10-01,1790689724,2026-09-29,2,False,39.3006,-76.592,481081059213,id:260080322,store:47806,Barista,onsite,"1812 Ashland Ave, Baltimore, Maryland, United States",1,MD,CONUS_L0_003_008;CONUS_L1_012_031,2
2026-10-01,260067430,https://apply.starbucks.com/careers/job/481080699341,"shift supervisor - Store# 13762, ROLLING RD. @ RT. 40",SHIFT_SUPERVISOR,13762,ROLLING RD. @ RT. 40,"856 N Rolling Rd, 40 West Shopping Center",Catonsville,MD,,US,,1788321600,2026-09-02,29,2026-10-01,1788456292,2026-09-03,28,False,39.28321,-76.75465,481080699341,id:260067430,store:13762,Shift Supervisor,onsite,"856 N Rolling Rd, 40 West Shopping Center, Catonsville, Maryland, United States",1,MD,CONUS_L0_003_008;CONUS_L1_012_030;CONUS_L1_012_031,3
2026-10-01,260060091,https://apply.starbucks.com/careers/job/481080087841,"barista - Store# 07714, ROUTE 40 - ELLICOTT CITY",BARISTA,07714,ROUTE 40 - ELLICOTT CITY,"9251 Baltimore National Pike, Market Place",Ellicott City,MD,,US,,1786248000,2026-08-09,53,2026-10-01,1786369536,2026-08-10,52,False,39.27686,-76.83092,481080087841,id:260060091,store:07714,Barista,onsite,"9251 Baltimore National Pike, Market Place, Ellicott City, Maryland, United States",1,MD,CONUS_L0_003_008;CONUS_L1_012_030;CONUS_L1_012_031,3
2026-10-01,260073518,https://apply.starbucks.com/careers/job/481080812848,"shift supervisor - Store# 07714, ROUTE 40 - ELLICOTT CITY",SHIFT_SUPERVISOR,07714,ROUTE 40 - ELLICOTT CITY,"9251 Baltimore National Pike, Market Place",Ellicott City,MD,,US,,1789185600,2026-09-12,19,2026-10-01,1789306977,2026-09-13,18,False,39.27686,-76.83092,481080812848,id:260073518,store:07714,Shift Supervisor,onsite,"9251 Baltimore National Pike, Market Place, Ellicott City, Maryland, United States",1,MD,CONUS_L0_003_008;CONUS_L1_012_030;CONUS_L1_012_031,3
2026-10-01,260073338,https://apply.starbucks.com/careers/job/481080798298,"barista - Store# 07634, MILESTONE",BARISTA,07634,MILESTONE,"20934 Frederick Rd, Unit B-1A",Germantown,MD,,US,,1789012800,2026-09-10,21,2026-10-01,1789135820,2026-09-11,20,False,39.2033113,-77.2485753,481080798298,id:260073338,store:07634,Barista,onsite,"20934 Frederick Rd, Unit B-1A, Germantown, Maryland, United States",1,MD,CONUS_L0_003_008;CONUS_L1_012_030,2
2026-10-01,260073326,https://apply.starbucks.com/careers/job/481080798416,"shift supervisor - Store# 07634, MILESTONE",SHIFT_SUPERVISOR,07634,MILESTONE,"20934 Frederick Rd, Unit B-1A",Germantown,MD,,US,,1789012800,2026-09-10,21,2026-10-01,1789135809,2026-09-11,20,False,39.2033113,-77.2485753,481080798416,id:260073326,store:07634,Shift Supervisor,onsite,"20934 Frederick Rd, Unit B-1A, Germantown, Maryland, United States",1,MD,CONUS_L0_003_008;CONUS_L1_012_030,2
2026-10-01,260067157,https://apply.starbucks.com/careers/job/481080698798,"shift supervisor - Store# 11515, 3201 ST PAUL ST",SHIFT_SUPERVISOR,11515,3201 ST PAUL ST,"3201 Saint Paul Street, Charles Village, Suite C",Baltimore,MD,,US,,1788321600,2026-09-02,29,2026-10-01,1788456030,2026-09-03,28,False,39.32748309999999,-76.6156251,481080698798,id:260067157,store:11515,Shift Supervisor,onsite,"3201 Saint Paul Street, Charles Village, Suite C, Baltimore, Maryland, United States",1,MD,CONUS_L0_003_008;CONUS_L1_012_031,2
2026-10-01,260080769,https://apply.starbucks.com/careers/job/481081098019,"barista - Store# 11515, 3201 ST PAUL ST",BARISTA,11515,3201 ST PAUL ST,"3201 Saint Paul Street, Charles Village, Suite C",Baltimore,MD,,US,,1790740800,2026-09-30,1,2026-10-01,1790861978,2026-10-01,0,False,39.32748309999999,-76.6156251,481081098019,id:260080769,store:11515,Barista,onsite,"3201 Saint Paul Street, Charles Village, Suite C, Baltimore, Maryland, United States",1,MD,CONUS_L0_003_008;CONUS_L1_012_031,2
2026-10-01,260079662,https://apply.starbucks.com/careers/job/481081018685,"shift supervisor - Store# 27873, THE ROTUNDA",SHIFT_SUPERVISOR,27873,THE ROTUNDA,"711 West 40th Street, Suite 160",Baltimore,MD,,US,,1790395200,2026-09-26,5,2026-10-01,1790516383,2026-09-27,4,False,39.33592,-76.63077,481081018685,id:260079662,store:27873,Shift Supervisor,onsite,"711 West 40th Street, Suite 160, Baltimore, Maryland, United States",1,MD,CONUS_L0_003_008;CONUS_L1_012_031;CONUS_L1_013_030,3
2026-10-01,260068343,https://apply.starbucks.com/careers/job/481080709347,"barista - Store# 27873, THE ROTUNDA",BARISTA,27873,THE ROTUNDA,"711 West 40th Street, Suite 160",Baltimore,MD,,US,,1788408000,2026-09-03,28,2026-10-01,1788529654,2026-09-04,27,False,39.33592,-76.63077,481080709347,id:260068343,store:27873,Barista,onsite,"711 West 40th Street, Suite 160, Baltimore, Maryland, United States",1,MD,CONUS_L0_003_008;CONUS_L1_012_031;CONUS_L1_013_030,3
2026-10-01,260065706,https://apply.starbucks.com/careers/job/481080678508,"shift supervisor - Store# 26094, CLARKSBURG PREMIUM OUTLETS",SHIFT_SUPERVISOR,26094,CLARKSBURG PREMIUM OUTLETS,"22705 Clarksburg Road, 930",Clarksburg,MD,,US,,1788321600,2026-09-02,29,2026-10-01,1788357324,2026-09-02,29,False,39.22812,-77.28583,481080678508,id:260065706,store:26094,Shift Supervisor,onsite,"22705 Clarksburg Road, 930, Clarksburg, Maryland, United States",1,MD,CONUS_L0_003_008;CONUS_L1_012_030,2
2026-10-01,260069914,https://apply.starbucks.com/careers/job/481080730834,"barista - Store# 26094, CLARKSBURG PREMIUM OUTLETS",BARISTA,26094,CLARKSBURG PREMIUM OUTLETS,"22705 Clarksburg Road, 930",Clarksburg,MD,,US,,1788580800,2026-09-05,26,2026-10-01,1788702477,2026-09-06,25,False,39.22812,-77.28583,481080730834,id:260069914,store:26094,Barista,onsite,"22705 Clarksburg Road, 930, Clarksburg, Maryland, United States",1,MD,CONUS_L0_003_008;CONUS_L1_012_030,2
2026-10-01,260064810,https://apply.starbucks.com/careers/job/481080613759,"shift supervisor - Store# 11916, NOTTINGHAM SQUARE II",SHIFT_SUPERVISOR,11916,NOTTINGHAM SQUARE II,"5350 Campbell Blvd, The Shops at Nottingham Square II, Ste A",Nottingham,MD,,US,,1788062400,2026-08-30,32,2026-10-01,1788184127,2026-08-31,31,False,39.3677463,-76.4496724,481080613759,id:260064810,store:11916,Shift Supervisor,onsite,"5350 Campbell Blvd, The Shops at Nottingham Square II, Ste A, Nottingham, Maryland, United States",1,MD,CONUS_L0_003_008;CONUS_L1_012_031,2
2026-10-01,260057436,https://apply.starbucks.com/careers/job/481079604795,"barista - Store# 11916, NOTTINGHAM SQUARE II",BARISTA,11916,NOTTINGHAM SQUARE II,"5350 Campbell Blvd, The Shops at Nottingham Square II, Ste A",Nottingham,MD,,US,,1784433600,2026-07-19,74,2026-10-01,1784554762,2026-07-20,73,False,39.3677463,-76.4496724,481079604795,id:260057436,store:11916,Barista,onsite,"5350 Campbell Blvd, The Shops at Nottingham Square II, Ste A, Nottingham, Maryland, United States",1,MD,CONUS_L0_003_008;CONUS_L1_012_031,2
2026-10-01,260068040,https://apply.starbucks.com/careers/job/481080699923,"shift supervisor - Store# 11129, ROLAND PARK, MD",SHIFT_SUPERVISOR,11129,"ROLAND PARK, MD","5129 Roland Ave, Roland Park",Baltimore,MD,,US,,1788321600,2026-09-02,29,2026-10-01,1788456865,2026-09-03,28,False,39.35638,-76.63445,481080699923,id:260068040,store:11129,Shift Supervisor,onsite,"5129 Roland Ave, Roland Park, Baltimore, Maryland, United States",1,MD,CONUS_L0_003_008;CONUS_L1_012_031;CONUS_L1_013_030,3
2026-10-01,260080336,https://apply.starbucks.com/careers/job/481081059224,"barista - Store# 11129, ROLAND PARK, MD",BARISTA,11129,"ROLAND PARK, MD","5129 Roland Ave, Roland Park",Baltimore,MD,,US,,1790568000,2026-09-28,3,2026-10-01,1790689736,2026-09-29,2,False,39.35638,-76.63445,481081059224,id:260080336,store:11129,Barista,onsite,"5129 Roland Ave, Roland Park, Baltimore, Maryland, United States",1,MD,CONUS_L0_003_008;CONUS_L1_012_031;CONUS_L1_013_030,3
2026-10-01,260077446,https://apply.starbucks.com/careers/job/481080891069,"shift supervisor - Store# 07870, AVENUE AT WHITE MARSH",SHIFT_SUPERVISOR,07870,AVENUE AT WHITE MARSH,8145-A Honeygo Blvd.,Nottingham,MD,,US,,1789617600,2026-09-17,14,2026-10-01,1789739162,2026-09-18,13,False,39.371004,-76.46432949999999,481080891069,id:260077446,store:07870,Shift Supervisor,onsite,"8145-A Honeygo Blvd., Nottingham, Maryland, United States",1,MD,CONUS_L0_003_008;CONUS_L1_012_031;CONUS_L1_013_030,3
2026-10-01,260077162,https://apply.starbucks.com/careers/job/481080890683,"barista - Store# 07870, AVENUE AT WHITE MARSH",BARISTA,07870,AVENUE AT WHITE MARSH,8145-A Honeygo Blvd.,Nottingham,MD,,US,,1789617600,2026-09-17,14,2026-10-01,1789738916,2026-09-18,13,False,39.371004,-76.46432949999999,481080890683,id:260077162,store:07870,Barista,onsite,"8145-A Honeygo Blvd., Nottingham, Maryland, United States",1,MD,CONUS_L0_003_008;CONUS_L1_012_031;CONUS_L1_013_030,3
2026-10-01,260072614,https://apply.starbucks.com/careers/job/481080796022,"shift supervisor - Store# 00746, MT. WASHINGTON MILL",SHIFT_SUPERVISOR,00746,MT. WASHINGTON MILL,1340 Smith Ave,Baltimore,MD,,US,,1789012800,2026-09-10,21,2026-10-01,1789135201,2026-09-11,20,False,39.3682603,-76.6494647,481080796022,id:260072614,store:00746,Shift Supervisor,onsite,"1340 Smith Ave, Baltimore, Maryland, United States",1,MD,CONUS_L0_003_008;CONUS_L1_012_031;CONUS_L1_013_030,3
2026-10-01,260073137,https://apply.starbucks.com/careers/job/481080797879,"barista - Store# 00746, MT. WASHINGTON MILL",BARISTA,00746,MT. WASHINGTON MILL,1340 Smith Ave,Baltimore,MD,,US,,1789012800,2026-09-10,21,2026-10-01,1789135646,2026-09-11,20,False,39.3682603,-76.6494647,481080797879,id:260073137,store:00746,Barista,onsite,"1340 Smith Ave, Baltimore, Maryland, United States",1,MD,CONUS_L0_003_008;CONUS_L1_012_031;CONUS_L1_013_030,3
2026-10-01,260071040,https://apply.starbucks.com/careers/job/481080742252,"shift supervisor - Store# 62733, 103 REISTERSTOWN RD",SHIFT_SUPERVISOR,62733,103 REISTERSTOWN RD,103 Reisterstown Rd,Pikesville,MD,,US,,1788667200,2026-09-06,25,2026-10-01,1788788896,2026-09-07,24,False,39.36459,-76.713,481080742252,id:260071040,store:62733,Shift Supervisor,onsite,"103 Reisterstown Rd, Pikesville, Maryland, United States",1,MD,CONUS_L0_003_008;CONUS_L1_012_030;CONUS_L1_012_031;CONUS_L1_013_030,4
2026-10-01,260060624,https://apply.starbucks.com/careers/job/481080162943,"barista - Store# 62733, 103 REISTERSTOWN RD",BARISTA,62733,103 REISTERSTOWN RD,103 Reisterstown Rd,Pikesville,MD,,US,,1786593600,2026-08-13,49,2026-10-01,1786715141,2026-08-14,48,False,39.36459,-76.713,481080162943,id:260060624,store:62733,Barista,onsite,"103 Reisterstown Rd, Pikesville, Maryland, United States",1,MD,CONUS_L0_003_008;CONUS_L1_012_030;CONUS_L1_012_031;CONUS_L1_013_030,4
2026-10-01,260058928,https://apply.starbucks.com/careers/job/481079944412,"barista - Store# 00731, 6900 YORK RD",BARISTA,00731,6900 YORK RD,6900 York Rd,Baltimore,MD,,US,,1785297600,2026-07-29,64,2026-10-01,1785418757,2026-07-30,63,False,39.37870789999999,-76.6087324,481079944412,id:260058928,store:00731,Barista,onsite,"6900 York Rd, Baltimore, Maryland, United States",1,MD,CONUS_L0_003_008;CONUS_L1_012_031;CONUS_L1_013_030,3
2026-10-01,260073237,https://apply.starbucks.com/careers/job/481080798069,"shift supervisor - Store# 00731, 6900 YORK RD",SHIFT_SUPERVISOR,00731,6900 YORK RD,6900 York Rd,Baltimore,MD,,US,,1789012800,2026-09-10,21,2026-10-01,1789135732,2026-09-11,20,False,39.37870789999999,-76.6087324,481080798069,id:260073237,store:00731,Shift Supervisor,onsite,"6900 York Rd, Baltimore, Maryland, United States",1,MD,CONUS_L0_003_008;CONUS_L1_012_031;CONUS_L1_013_030,3
2026-10-01,260071873,https://apply.starbucks.com/careers/job/481080764762,"shift supervisor - Store# 55662, DAMASCUS - RIDGE ROAD",SHIFT_SUPERVISOR,55662,DAMASCUS - RIDGE ROAD,26141 Ridge Road,Damascus,MD,,US,,1788840000,2026-09-08,23,2026-10-01,1788961473,2026-09-09,22,False,39.28653,-77.20809,481080764762,id:260071873,store:55662,Shift Supervisor,onsite,"26141 Ridge Road, Damascus, Maryland, United States",1,MD,CONUS_L0_003_008;CONUS_L1_012_030,2
2026-10-01,260061354,https://apply.starbucks.com/careers/job/481080264948,"barista - Store# 55662, DAMASCUS - RIDGE ROAD",BARISTA,55662,DAMASCUS - RIDGE ROAD,26141 Ridge Road,Damascus,MD,,US,,1787025600,2026-08-18,44,2026-10-01,1787146999,2026-08-19,43,False,39.28653,-77.20809,481080264948,id:260061354,store:55662,Barista,onsite,"26141 Ridge Road, Damascus, Maryland, United States",1,MD,CONUS_L0_003_008;CONUS_L1_012_030,2
2026-10-01,260077594,https://apply.starbucks.com/careers/job/481080891230,"shift supervisor - Store# 07871, THE CLOISTERS",SHIFT_SUPERVISOR,07871,THE CLOISTERS,6225 - 6227 N Charles St,Baltimore,MD,,US,,1789617600,2026-09-17,14,2026-10-01,1789739290,2026-09-18,13,False,39.3789264,-76.6267851,481080891230,id:260077594,store:07871,Shift Supervisor,onsite,"6225 - 6227 N Charles St, Baltimore, Maryland, United States",1,MD,CONUS_L0_003_008;CONUS_L1_012_031;CONUS_L1_013_030,3
2026-10-01,260079584,https://apply.starbucks.com/careers/job/481080999034,"barista - Store# 07871, THE CLOISTERS",BARISTA,07871,THE CLOISTERS,6225 - 6227 N Charles St,Baltimore,MD,,US,,1790222400,2026-09-24,7,2026-10-01,1790344135,2026-09-25,6,False,39.3789264,-76.6267851,481080999034,id:260079584,store:07871,Barista,onsite,"6225 - 6227 N Charles St, Baltimore, Maryland, United States",1,MD,CONUS_L0_003_008;CONUS_L1_012_031;CONUS_L1_013_030,3
2026-10-01,260067481,https://apply.starbucks.com/careers/job/481080699105,"shift supervisor - Store# 11050, PERRY HALL",SHIFT_SUPERVISOR,11050,PERRY HALL,"8910 Belair Rd, Perry Hall",Nottingham,MD,,US,,1788321600,2026-09-02,29,2026-10-01,1788456341,2026-09-03,28,False,39.39821,-76.48139,481080699105,id:260067481,store:11050,Shift Supervisor,onsite,"8910 Belair Rd, Perry Hall, Nottingham, Maryland, United States",1,MD,CONUS_L0_003_008;CONUS_L1_012_031;CONUS_L1_013_030,3
2026-10-01,260079051,https://apply.starbucks.com/careers/job/481080965247,"barista - Store# 11050, PERRY HALL",BARISTA,11050,PERRY HALL,"8910 Belair Rd, Perry Hall",Nottingham,MD,,US,,1790049600,2026-09-22,9,2026-10-01,1790171147,2026-09-23,8,False,39.39821,-76.48139,481080965247,id:260079051,store:11050,Barista,onsite,"8910 Belair Rd, Perry Hall, Nottingham, Maryland, United States",1,MD,CONUS_L0_003_008;CONUS_L1_012_031;CONUS_L1_013_030,3
2026-10-01,260064362,https://apply.starbucks.com/careers/job/481080613140,"shift supervisor - Store# 11686, GREENSPRING",SHIFT_SUPERVISOR,11686,GREENSPRING,"2520 Quarry Lake Drive, Quarrylake at Greenspring",Baltimore,MD,,US,,1788062400,2026-08-30,32,2026-10-01,1788183752,2026-08-31,31,False,39.38519,-76.68708,481080613140,id:260064362,store:11686,Shift Supervisor,onsite,"2520 Quarry Lake Drive, Quarrylake at Greenspring, Baltimore, Maryland, United States",1,MD,CONUS_L0_003_008;CONUS_L1_012_031;CONUS_L1_013_030,3
2026-10-01,260076369,https://apply.starbucks.com/careers/job/481080861831,"barista - Store# 11686, GREENSPRING",BARISTA,11686,GREENSPRING,"2520 Quarry Lake Drive, Quarrylake at Greenspring",Baltimore,MD,,US,,1789444800,2026-09-15,16,2026-10-01,1789566811,2026-09-16,15,False,39.38519,-76.68708,481080861831,id:260076369,store:11686,Barista,onsite,"2520 Quarry Lake Drive, Quarrylake at Greenspring, Baltimore, Maryland, United States",1,MD,CONUS_L0_003_008;CONUS_L1_012_031;CONUS_L1_013_030,3
2026-10-01,260053341,https://apply.starbucks.com/careers/job/481079320093,"barista - Store# 02858, YORK & BURKE",BARISTA,02858,YORK & BURKE,31 York Rd,Towson,MD,,US,,1783310400,2026-07-06,87,2026-10-01,1783432000,2026-07-07,86,False,39.3955724,-76.60407459999999,481079320093,id:260053341,store:02858,Barista,onsite,"31 York Rd, Towson, Maryland, United States",1,MD,CONUS_L0_003_008;CONUS_L1_012_031;CONUS_L1_013_030,3
2026-10-01,260058798,https://apply.starbucks.com/careers/job/481079927699,"shift supervisor - Store# 02858, YORK & BURKE",SHIFT_SUPERVISOR,02858,YORK & BURKE,31 York Rd,Towson,MD,,US,,1785211200,2026-07-28,65,2026-10-01,1785332740,2026-07-29,64,False,39.3955724,-76.60407459999999,481079927699,id:260058798,store:02858,Shift Supervisor,onsite,"31 York Rd, Towson, Maryland, United States",1,MD,CONUS_L0_003_008;CONUS_L1_012_031;CONUS_L1_013_030,3
2026-10-01,260058490,https://apply.starbucks.com/careers/job/481079865570,"barista - Store# 00740, WOODHOLME",BARISTA,00740,WOODHOLME,"1809 Reisterstown Road, #113",Pikesville,MD,,US,,1785038400,2026-07-26,67,2026-10-01,1785159952,2026-07-27,66,False,39.3881322,-76.73608709999999,481079865570,id:260058490,store:00740,Barista,onsite,"1809 Reisterstown Road, #113, Pikesville, Maryland, United States",1,MD,CONUS_L0_003_008;CONUS_L1_012_030;CONUS_L1_012_031;CONUS_L1_013_030,4
2026-10-01,260072968,https://apply.starbucks.com/careers/job/481080797536,"shift supervisor - Store# 00740, WOODHOLME",SHIFT_SUPERVISOR,00740,WOODHOLME,"1809 Reisterstown Road, #113",Pikesville,MD,,US,,1789012800,2026-09-10,21,2026-10-01,1789135504,2026-09-11,20,False,39.3881322,-76.73608709999999,481080797536,id:260072968,store:00740,Shift Supervisor,onsite,"1809 Reisterstown Road, #113, Pikesville, Maryland, United States",1,MD,CONUS_L0_003_008;CONUS_L1_012_030;CONUS_L1_012_031;CONUS_L1_013_030,4
2026-10-01,260078420,https://apply.starbucks.com/careers/job/481080936308,"shift supervisor - Store# 07825, PICKUP - DULANEY PLAZA",SHIFT_SUPERVISOR,07825,PICKUP - DULANEY PLAZA,"810 Dulaney Valley Road, Dulaney Plaza",Towson,MD,,US,,1789876800,2026-09-20,11,2026-10-01,1789998256,2026-09-21,10,False,39.40491,-76.60241,481080936308,id:260078420,store:07825,Shift Supervisor,onsite,"810 Dulaney Valley Road, Dulaney Plaza, Towson, Maryland, United States",1,MD,CONUS_L0_003_008;CONUS_L1_012_031;CONUS_L1_013_030,3
2026-10-01,260079947,https://apply.starbucks.com/careers/job/481081029456,"barista - Store# 07825, PICKUP - DULANEY PLAZA",BARISTA,07825,PICKUP - DULANEY PLAZA,"810 Dulaney Valley Road, Dulaney Plaza",Towson,MD,,US,,1790481600,2026-09-27,4,2026-10-01,1790603333,2026-09-28,3,False,39.40491,-76.60241,481081029456,id:260079947,store:07825,Barista,onsite,"810 Dulaney Valley Road, Dulaney Plaza, Towson, Maryland, United States",1,MD,CONUS_L0_003_008;CONUS_L1_012_031;CONUS_L1_013_030,3
2026-10-01,260064013,https://apply.starbucks.com/careers/job/481080594418,"barista - Store# 00733, MILL STATION - OWINGS MILLS",BARISTA,00733,MILL STATION - OWINGS MILLS,"10256 Mill Run Circle, 106",Owings Mills,MD,,US,,1787976000,2026-08-29,33,2026-10-01,1788097356,2026-08-30,32,False,39.4060342,-76.7874346,481080594418,id:260064013,store:00733,Barista,onsite,"10256 Mill Run Circle, 106, Owings Mills, Maryland, United States",1,MD,CONUS_L0_003_008;CONUS_L1_012_030;CONUS_L1_012_031;CONUS_L1_013_030,4
2026-10-01,260077236,https://apply.starbucks.com/careers/job/481080890775,"shift supervisor - Store# 00733, MILL STATION - OWINGS MILLS",SHIFT_SUPERVISOR,00733,MILL STATION - OWINGS MILLS,"10256 Mill Run Circle, 106",Owings Mills,MD,,US,,1789617600,2026-09-17,14,2026-10-01,1789738979,2026-09-18,13,False,39.4060342,-76.7874346,481080890775,id:260077236,store:00733,Shift Supervisor,onsite,"10256 Mill Run Circle, 106, Owings Mills, Maryland, United States",1,MD,CONUS_L0_003_008;CONUS_L1_012_030;CONUS_L1_012_031;CONUS_L1_013_030,4
2026-10-01,260072571,https://apply.starbucks.com/careers/job/481080795955,"shift supervisor - Store# 07694, ST THOMAS SHOPPING CENTER",SHIFT_SUPERVISOR,07694,ST THOMAS SHOPPING CENTER,"9900 Reisterstown Rd, Suite 2",Owings Mills,MD,,US,,1789012800,2026-09-10,21,2026-10-01,1789135165,2026-09-11,20,False,39.4102381,-76.76808,481080795955,id:260072571,store:07694,Shift Supervisor,onsite,"9900 Reisterstown Rd, Suite 2, Owings Mills, Maryland, United States",1,MD,CONUS_L0_003_008;CONUS_L1_012_030;CONUS_L1_012_031;CONUS_L1_013_030,4
2026-10-01,260074382,https://apply.starbucks.com/careers/job/481080814328,"barista - Store# 07694, ST THOMAS SHOPPING CENTER",BARISTA,07694,ST THOMAS SHOPPING CENTER,"9900 Reisterstown Rd, Suite 2",Owings Mills,MD,,US,,1789185600,2026-09-12,19,2026-10-01,1789307785,2026-09-13,18,False,39.4102381,-76.76808,481080814328,id:260074382,store:07694,Barista,onsite,"9900 Reisterstown Rd, Suite 2, Owings Mills, Maryland, United States",1,MD,CONUS_L0_003_008;CONUS_L1_012_030;CONUS_L1_012_031;CONUS_L1_013_030,4
2026-10-01,260073068,https://apply.starbucks.com/careers/job/481080797773,"shift supervisor - Store# 00744, YORKRIDGE SHOPPING CENTER",SHIFT_SUPERVISOR,00744,YORKRIDGE SHOPPING CENTER,"1802 York Rd, Suite A",Lutherville Timonium,MD,,US,,1789012800,2026-09-10,21,2026-10-01,1789135589,2026-09-11,20,False,39.4303158,-76.6220293,481080797773,id:260073068,store:00744,Shift Supervisor,onsite,"1802 York Rd, Suite A, Lutherville Timonium, Maryland, United States",1,MD,CONUS_L0_003_008;CONUS_L1_012_031;CONUS_L1_013_030,3
2026-10-01,260078199,https://apply.starbucks.com/careers/job/481080923869,"barista - Store# 00744, YORKRIDGE SHOPPING CENTER",BARISTA,00744,YORKRIDGE SHOPPING CENTER,"1802 York Rd, Suite A",Lutherville Timonium,MD,,US,,1789790400,2026-09-19,12,2026-10-01,1789911823,2026-09-20,11,False,39.4303158,-76.6220293,481080923869,id:260078199,store:00744,Barista,onsite,"1802 York Rd, Suite A, Lutherville Timonium, Maryland, United States",1,MD,CONUS_L0_003_008;CONUS_L1_012_031;CONUS_L1_013_030,3
2026-10-01,260064210,https://apply.starbucks.com/careers/job/481080612864,"shift supervisor - Store# 14363, CONSTANT FRIENDSHIP",SHIFT_SUPERVISOR,14363,CONSTANT FRIENDSHIP,"412-B Constant Friendship Blvd., Constant Friendhip",Abingdon,MD,,US,,1788062400,2026-08-30,32,2026-10-01,1788183625,2026-08-31,31,False,39.4585,-76.31798,481080612864,id:260064210,store:14363,Shift Supervisor,onsite,"412-B Constant Friendship Blvd., Constant Friendhip, Abingdon, Maryland, United States",1,MD,CONUS_L0_003_008;CONUS_L1_012_031;CONUS_L1_013_030,3
2026-10-01,260073879,https://apply.starbucks.com/careers/job/481080813452,"shift supervisor - Store# 16053, ELDERSBURG MD",SHIFT_SUPERVISOR,16053,ELDERSBURG MD,1438B Liberty Rd,Sykesville,MD,,US,,1789185600,2026-09-12,19,2026-10-01,1789307317,2026-09-13,18,False,39.4023098,-76.94322869999999,481080813452,id:260073879,store:16053,Shift Supervisor,onsite,"1438B Liberty Rd, Sykesville, Maryland, United States",1,MD,CONUS_L0_003_008;CONUS_L1_012_030;CONUS_L1_012_031;CONUS_L1_013_030,4
2026-10-01,260054316,https://apply.starbucks.com/careers/job/481079405337,"barista - Store# 16053, ELDERSBURG MD",BARISTA,16053,ELDERSBURG MD,1438B Liberty Rd,Sykesville,MD,,US,,1783569600,2026-07-09,84,2026-10-01,1783691255,2026-07-10,83,False,39.4023098,-76.94322869999999,481079405337,id:260054316,store:16053,Barista,onsite,"1438B Liberty Rd, Sykesville, Maryland, United States",1,MD,CONUS_L0_003_008;CONUS_L1_012_030;CONUS_L1_012_031;CONUS_L1_013_030,4
2026-10-01,260070115,https://apply.starbucks.com/careers/job/481080731062,"shift supervisor - Store# 28147, TIMONIUM SQUARE",SHIFT_SUPERVISOR,28147,TIMONIUM SQUARE,2129B York Rd,Lutherville Timonium,MD,,US,,1788580800,2026-09-05,26,2026-10-01,1788702636,2026-09-06,25,False,39.44351,-76.62709,481080731062,id:260070115,store:28147,Shift Supervisor,onsite,"2129B York Rd, Lutherville Timonium, Maryland, United States",1,MD,CONUS_L0_003_008;CONUS_L1_012_031;CONUS_L1_013_030,3
2026-10-01,260062679,https://apply.starbucks.com/careers/job/481080494822,"shift supervisor - Store# 11965, MOUNT AIRY SHOPPING CENTER",SHIFT_SUPERVISOR,11965,MOUNT AIRY SHOPPING CENTER,"441 E Ridgeville Blvd, Mount Airy Shopping Center",Mount Airy,MD,,US,,1787630400,2026-08-25,37,2026-10-01,1787752412,2026-08-26,36,False,39.36461,-77.15974,481080494822,id:260062679,store:11965,Shift Supervisor,onsite,"441 E Ridgeville Blvd, Mount Airy Shopping Center, Mount Airy, Maryland, United States",1,MD,CONUS_L0_003_008;CONUS_L1_012_030;CONUS_L1_013_030,3
2026-10-01,260064243,https://apply.starbucks.com/careers/job/481080612925,"barista - Store# 11965, MOUNT AIRY SHOPPING CENTER",BARISTA,11965,MOUNT AIRY SHOPPING CENTER,"441 E Ridgeville Blvd, Mount Airy Shopping Center",Mount Airy,MD,,US,,1788062400,2026-08-30,32,2026-10-01,1788183653,2026-08-31,31,False,39.36461,-77.15974,481080612925,id:260064243,store:11965,Barista,onsite,"441 E Ridgeville Blvd, Mount Airy Shopping Center, Mount Airy, Maryland, United States",1,MD,CONUS_L0_003_008;CONUS_L1_012_030;CONUS_L1_013_030,3
2026-10-01,260078137,https://apply.starbucks.com/careers/job/481080923742,"barista - Store# 84277, VILLAGE SQUARE",BARISTA,84277,VILLAGE SQUARE,"3260 Bennett Creek Avenue, A",Frederick,MD,,US,,1789790400,2026-09-19,12,2026-10-01,1789911771,2026-09-20,11,False,39.32237,-77.3527,481080923742,id:260078137,store:84277,Barista,onsite,"3260 Bennett Creek Avenue, A, Frederick, Maryland, United States",1,MD,CONUS_L0_003_008;CONUS_L1_012_030,2
2026-10-01,260079007,https://apply.starbucks.com/careers/job/481080965151,"shift supervisor - Store# 84277, VILLAGE SQUARE",SHIFT_SUPERVISOR,84277,VILLAGE SQUARE,"3260 Bennett Creek Avenue, A",Frederick,MD,,US,,1790049600,2026-09-22,9,2026-10-01,1790171110,2026-09-23,8,False,39.32237,-77.3527,481080965151,id:260079007,store:84277,Shift Supervisor,onsite,"3260 Bennett Creek Avenue, A, Frederick, Maryland, United States",1,MD,CONUS_L0_003_008;CONUS_L1_012_030,2
2026-10-01,260069605,https://apply.starbucks.com/careers/job/481080730493,"shift supervisor - Store# 20272, URBANA",SHIFT_SUPERVISOR,20272,URBANA,"3410 Urbana Pike, Lot 102",Frederick,MD,,US,,1788580800,2026-09-05,26,2026-10-01,1788702233,2026-09-06,25,False,39.32577,-77.34971,481080730493,id:260069605,store:20272,Shift Supervisor,onsite,"3410 Urbana Pike, Lot 102, Frederick, Maryland, United States",1,MD,CONUS_L0_003_008;CONUS_L1_012_030,2
2026-10-01,260080110,https://apply.starbucks.com/careers/job/481081029823,"barista - Store# 20272, URBANA",BARISTA,20272,URBANA,"3410 Urbana Pike, Lot 102",Frederick,MD,,US,,1790481600,2026-09-27,4,2026-10-01,1790603495,2026-09-28,3,False,39.32577,-77.34971,481081029823,id:260080110,store:20272,Barista,onsite,"3410 Urbana Pike, Lot 102, Frederick, Maryland, United States",1,MD,CONUS_L0_003_008;CONUS_L1_012_030,2
2026-10-01,260070422,https://apply.starbucks.com/careers/job/481080741447,"barista - Store# 69294, ROUNDWOOD SHOPPING CENTER",BARISTA,69294,ROUNDWOOD SHOPPING CENTER,12254 Tullamore Rd,Lutherville Timonium,MD,,US,,1788667200,2026-09-06,25,2026-10-01,1788788405,2026-09-07,24,False,39.45813,-76.66406,481080741447,id:260070422,store:69294,Barista,onsite,"12254 Tullamore Rd, Lutherville Timonium, Maryland, United States",1,MD,CONUS_L0_003_008;CONUS_L1_012_031;CONUS_L1_013_030,3
2026-10-01,260069546,https://apply.starbucks.com/careers/job/481080730451,"shift supervisor - Store# 08989, CHURCH LANE AT YORK RD",SHIFT_SUPERVISOR,08989,CHURCH LANE AT YORK RD,9940 York Rd,Cockeysville,MD,,US,,1788580800,2026-09-05,26,2026-10-01,1788702186,2026-09-06,25,False,39.46281,-76.63626,481080730451,id:260069546,store:08989,Shift Supervisor,onsite,"9940 York Rd, Cockeysville, Maryland, United States",1,MD,CONUS_L0_003_008;CONUS_L1_012_031;CONUS_L1_013_030,3
2026-10-01,260064098,https://apply.starbucks.com/careers/job/481080594547,"barista - Store# 08989, CHURCH LANE AT YORK RD",BARISTA,08989,CHURCH LANE AT YORK RD,9940 York Rd,Cockeysville,MD,,US,,1787976000,2026-08-29,33,2026-10-01,1788097425,2026-08-30,32,False,39.46281,-76.63626,481080594547,id:260064098,store:08989,Barista,onsite,"9940 York Rd, Cockeysville, Maryland, United States",1,MD,CONUS_L0_003_008;CONUS_L1_012_031;CONUS_L1_013_030,3
2026-10-01,260071809,https://apply.starbucks.com/careers/job/481080764863,"barista - Store# 58603, REISTERSTOWN SHOPPING CENTER",BARISTA,58603,REISTERSTOWN SHOPPING CENTER,11907 Reisterstown Rd,Reisterstown,MD,,US,,1788840000,2026-09-08,23,2026-10-01,1788961422,2026-09-09,22,False,39.44844,-76.81547,481080764863,id:260071809,store:58603,Barista,onsite,"11907 Reisterstown Rd, Reisterstown, Maryland, United States",1,MD,CONUS_L0_003_008;CONUS_L1_012_030;CONUS_L1_012_031;CONUS_L1_013_030,4
2026-10-01,260069694,https://apply.starbucks.com/careers/job/481080730575,"shift supervisor - Store# 58603, REISTERSTOWN SHOPPING CENTER",SHIFT_SUPERVISOR,58603,REISTERSTOWN SHOPPING CENTER,11907 Reisterstown Rd,Reisterstown,MD,,US,,1788580800,2026-09-05,26,2026-10-01,1788702305,2026-09-06,25,False,39.44844,-76.81547,481080730575,id:260069694,store:58603,Shift Supervisor,onsite,"11907 Reisterstown Rd, Reisterstown, Maryland, United States",1,MD,CONUS_L0_003_008;CONUS_L1_012_030;CONUS_L1_012_031;CONUS_L1_013_030,4
2026-10-01,260069872,https://apply.starbucks.com/careers/job/481080730788,"shift supervisor - Store# 60581, Belcamp, James Runs",SHIFT_SUPERVISOR,60581,"Belcamp, James Runs","2698 Admiral Lane, Suite A",Bel Air,MD,,US,,1788580800,2026-09-05,26,2026-10-01,1788702445,2026-09-06,25,False,39.48994,-76.25746,481080730788,id:260069872,store:60581,Shift Supervisor,onsite,"2698 Admiral Lane, Suite A, Bel Air, Maryland, United States",1,MD,CONUS_L0_003_008;CONUS_L1_012_031;CONUS_L1_013_030,3
2026-10-01,260070636,https://apply.starbucks.com/careers/job/481080741731,"barista - Store# 60581, Belcamp, James Runs",BARISTA,60581,"Belcamp, James Runs","2698 Admiral Lane, Suite A",Bel Air,MD,,US,,1788667200,2026-09-06,25,2026-10-01,1788788573,2026-09-07,24,False,39.48994,-76.25746,481080741731,id:260070636,store:60581,Barista,onsite,"2698 Admiral Lane, Suite A, Bel Air, Maryland, United States",1,MD,CONUS_L0_003_008;CONUS_L1_012_031;CONUS_L1_013_030,3
2026-10-01,260078029,https://apply.starbucks.com/careers/job/481080923441,"barista - Store# 56388, RT 1 S & MOUNTAIN RD, FALLSTON, MD",BARISTA,56388,"RT 1 S & MOUNTAIN RD, FALLSTON, MD","2316 Belair Rd, A",Fallston,MD,,US,,1789790400,2026-09-19,12,2026-10-01,1789911681,2026-09-20,11,False,39.49297,-76.3938,481080923441,id:260078029,store:56388,Barista,onsite,"2316 Belair Rd, A, Fallston, Maryland, United States",1,MD,CONUS_L0_003_008;CONUS_L1_012_031;CONUS_L1_013_030,3
2026-10-01,260074848,https://apply.starbucks.com/careers/job/481080820604,"shift supervisor - Store# 56388, RT 1 S & MOUNTAIN RD, FALLSTON, MD",SHIFT_SUPERVISOR,56388,"RT 1 S & MOUNTAIN RD, FALLSTON, MD","2316 Belair Rd, A",Fallston,MD,,US,,1789272000,2026-09-13,18,2026-10-01,1789394416,2026-09-14,17,False,39.49297,-76.3938,481080820604,id:260074848,store:56388,Shift Supervisor,onsite,"2316 Belair Rd, A, Fallston, Maryland, United States",1,MD,CONUS_L0_003_008;CONUS_L1_012_031;CONUS_L1_013_030,3
2026-10-01,260068467,https://apply.starbucks.com/careers/job/481080709571,"shift supervisor - Store# 29773, Shawan Rd",SHIFT_SUPERVISOR,29773,Shawan Rd,11351 York Rd,Cockeysville,MD,,US,,1788408000,2026-09-03,28,2026-10-01,1788529760,2026-09-04,27,False,39.49563,-76.64986,481080709571,id:260068467,store:29773,Shift Supervisor,onsite,"11351 York Rd, Cockeysville, Maryland, United States",1,MD,CONUS_L0_003_008;CONUS_L1_012_031;CONUS_L1_013_030,3
2026-10-01,260079716,https://apply.starbucks.com/careers/job/481081018762,"barista - Store# 29773, Shawan Rd",BARISTA,29773,Shawan Rd,11351 York Rd,Cockeysville,MD,,US,,1790395200,2026-09-26,5,2026-10-01,1790516431,2026-09-27,4,False,39.49563,-76.64986,481081018762,id:260079716,store:29773,Barista,onsite,"11351 York Rd, Cockeysville, Maryland, United States",1,MD,CONUS_L0_003_008;CONUS_L1_012_031;CONUS_L1_013_030,3
2026-10-01,260063399,https://apply.starbucks.com/careers/job/481080566303,"shift supervisor - Store# 51587, ABERDEEN RT 22",SHIFT_SUPERVISOR,51587,ABERDEEN RT 22,999 Middleton Rd,Aberdeen,MD,,US,,1787803200,2026-08-27,35,2026-10-01,1787924891,2026-08-28,34,False,39.5231,-76.17888,481080566303,id:260063399,store:51587,Shift Supervisor,onsite,"999 Middleton Rd, Aberdeen, Maryland, United States",1,MD,CONUS_L0_003_008;CONUS_L1_012_031;CONUS_L1_013_030,3
2026-10-01,260068374,https://apply.starbucks.com/careers/job/481080709379,"barista - Store# 22914, BEL AIR PLAZA",BARISTA,22914,BEL AIR PLAZA,563 Baltimore Pike,Bel Air,MD,,US,,1788408000,2026-09-03,28,2026-10-01,1788529680,2026-09-04,27,False,39.52754,-76.35281,481080709379,id:260068374,store:22914,Barista,onsite,"563 Baltimore Pike, Bel Air, Maryland, United States",1,MD,CONUS_L0_003_008;CONUS_L1_012_031;CONUS_L1_013_030,3
2026-10-01,260065137,https://apply.starbucks.com/careers/job/481080677246,"shift supervisor - Store# 22914, BEL AIR PLAZA",SHIFT_SUPERVISOR,22914,BEL AIR PLAZA,563 Baltimore Pike,Bel Air,MD,,US,,1788321600,2026-09-02,29,2026-10-01,1788356818,2026-09-02,29,False,39.52754,-76.35281,481080677246,id:260065137,store:22914,Shift Supervisor,onsite,"563 Baltimore Pike, Bel Air, Maryland, United States",1,MD,CONUS_L0_003_008;CONUS_L1_012_031;CONUS_L1_013_030,3
2026-10-01,260062935,https://apply.starbucks.com/careers/job/481080532541,"barista - Store# 07744, WESTVIEW",BARISTA,07744,WESTVIEW,"5283 Buckeystown Pike, Westview Promenade",Frederick,MD,,US,,1787716800,2026-08-26,36,2026-10-01,1787838327,2026-08-27,35,False,39.37591,-77.41157,481080532541,id:260062935,store:07744,Barista,onsite,"5283 Buckeystown Pike, Westview Promenade, Frederick, Maryland, United States",1,MD,CONUS_L0_003_008;CONUS_L1_012_030,2
2026-10-01,260057574,https://apply.starbucks.com/careers/job/481079627205,"shift supervisor - Store# 07744, WESTVIEW",SHIFT_SUPERVISOR,07744,WESTVIEW,"5283 Buckeystown Pike, Westview Promenade",Frederick,MD,,US,,1784520000,2026-07-20,73,2026-10-01,1784642425,2026-07-21,72,False,39.37591,-77.41157,481079627205,id:260057574,store:07744,Shift Supervisor,onsite,"5283 Buckeystown Pike, Westview Promenade, Frederick, Maryland, United States",1,MD,CONUS_L0_003_008;CONUS_L1_012_030,2
2026-10-01,260070120,https://apply.starbucks.com/careers/job/481080731077,"shift supervisor - Store# 58419, RIVERVIEW PLAZA, FREDERICK",SHIFT_SUPERVISOR,58419,"RIVERVIEW PLAZA, FREDERICK",5473 Urbana Pike,Frederick,MD,,US,,1788580800,2026-09-05,26,2026-10-01,1788702640,2026-09-06,25,False,39.38207,-77.39966,481080731077,id:260070120,store:58419,Shift Supervisor,onsite,"5473 Urbana Pike, Frederick, Maryland, United States",1,MD,CONUS_L0_003_008;CONUS_L1_012_030,2
2026-10-01,260055960,https://apply.starbucks.com/careers/job/481079473304,"barista - Store# 58419, RIVERVIEW PLAZA, FREDERICK",BARISTA,58419,"RIVERVIEW PLAZA, FREDERICK",5473 Urbana Pike,Frederick,MD,,US,,1783915200,2026-07-13,80,2026-10-01,1784037169,2026-07-14,79,False,39.38207,-77.39966,481079473304,id:260055960,store:58419,Barista,onsite,"5473 Urbana Pike, Frederick, Maryland, United States",1,MD,CONUS_L0_003_008;CONUS_L1_012_030,2
2026-10-01,260074783,https://apply.starbucks.com/careers/job/481080820514,"barista - Store# 02769, AMYCLAE",BARISTA,02769,AMYCLAE,1200 Agora Dr,Bel Air,MD,,US,,1789272000,2026-09-13,18,2026-10-01,1789394359,2026-09-14,17,False,39.5469187,-76.3152878,481080820514,id:260074783,store:02769,Barista,onsite,"1200 Agora Dr, Bel Air, Maryland, United States",1,MD,CONUS_L0_003_008;CONUS_L1_012_031;CONUS_L1_013_030,3
2026-10-01,260075191,https://apply.starbucks.com/careers/job/481080821384,"shift supervisor - Store# 02769, AMYCLAE",SHIFT_SUPERVISOR,02769,AMYCLAE,1200 Agora Dr,Bel Air,MD,,US,,1789272000,2026-09-13,18,2026-10-01,1789394722,2026-09-14,17,False,39.5469187,-76.3152878,481080821384,id:260075191,store:02769,Shift Supervisor,onsite,"1200 Agora Dr, Bel Air, Maryland, United States",1,MD,CONUS_L0_003_008;CONUS_L1_012_031;CONUS_L1_013_030,3
2026-10-01,260074072,https://apply.starbucks.com/careers/job/481080813792,"shift supervisor - Store# 50934, ROCK SPRING CENTER",SHIFT_SUPERVISOR,50934,ROCK SPRING CENTER,"1538 Rock Spring Rd, 100",Forest Hill,MD,,US,,1789185600,2026-09-12,19,2026-10-01,1789307495,2026-09-13,18,False,39.56146,-76.37319,481080813792,id:260074072,store:50934,Shift Supervisor,onsite,"1538 Rock Spring Rd, 100, Forest Hill, Maryland, United States",1,MD,CONUS_L0_003_008;CONUS_L1_012_031;CONUS_L1_013_030,3
2026-10-01,260074536,https://apply.starbucks.com/careers/job/481080820178,"barista - Store# 50934, ROCK SPRING CENTER",BARISTA,50934,ROCK SPRING CENTER,"1538 Rock Spring Rd, 100",Forest Hill,MD,,US,,1789272000,2026-09-13,18,2026-10-01,1789394146,2026-09-14,17,False,39.56146,-76.37319,481080820178,id:260074536,store:50934,Barista,onsite,"1538 Rock Spring Rd, 100, Forest Hill, Maryland, United States",1,MD,CONUS_L0_003_008;CONUS_L1_012_031;CONUS_L1_013_030,3
2026-10-01,260062021,https://apply.starbucks.com/careers/job/481080430071,"shift supervisor - Store# 13690, 104 MARKET STREET",SHIFT_SUPERVISOR,13690,104 MARKET STREET,"104 N Market St, 104 Market Street",Frederick,MD,,US,,1787457600,2026-08-23,39,2026-10-01,1787579341,2026-08-24,38,False,39.41556,-77.41064,481080430071,id:260062021,store:13690,Shift Supervisor,onsite,"104 N Market St, 104 Market Street, Frederick, Maryland, United States",1,MD,CONUS_L0_003_008;CONUS_L1_012_030;CONUS_L1_013_030,3
2026-10-01,260058504,https://apply.starbucks.com/careers/job/481079865587,"barista - Store# 13690, 104 MARKET STREET",BARISTA,13690,104 MARKET STREET,"104 N Market St, 104 Market Street",Frederick,MD,,US,,1785038400,2026-07-26,67,2026-10-01,1785159964,2026-07-27,66,False,39.41556,-77.41064,481079865587,id:260058504,store:13690,Barista,onsite,"104 N Market St, 104 Market Street, Frederick, Maryland, United States",1,MD,CONUS_L0_003_008;CONUS_L1_012_030;CONUS_L1_013_030,3
2026-10-01,260077947,https://apply.starbucks.com/careers/job/481080923132,"barista - Store# 07618, Frederick Co Sq-W Patrick St",BARISTA,07618,Frederick Co Sq-W Patrick St,"1003 W Patrick St, Suite A",Frederick,MD,,US,,1789790400,2026-09-19,12,2026-10-01,1789911613,2026-09-20,11,False,39.4185132,-77.4427431,481080923132,id:260077947,store:07618,Barista,onsite,"1003 W Patrick St, Suite A, Frederick, Maryland, United States",1,MD,CONUS_L0_003_008;CONUS_L1_012_030;CONUS_L1_013_030,3
2026-10-01,260073582,https://apply.starbucks.com/careers/job/481080812927,"shift supervisor - Store# 07618, Frederick Co Sq-W Patrick St",SHIFT_SUPERVISOR,07618,Frederick Co Sq-W Patrick St,"1003 W Patrick St, Suite A",Frederick,MD,,US,,1789185600,2026-09-12,19,2026-10-01,1789307039,2026-09-13,18,False,39.4185132,-77.4427431,481080812927,id:260073582,store:07618,Shift Supervisor,onsite,"1003 W Patrick St, Suite A, Frederick, Maryland, United States",1,MD,CONUS_L0_003_008;CONUS_L1_012_030;CONUS_L1_013_030,3
2026-10-01,260060000,https://apply.starbucks.com/careers/job/481080079223,"barista - Store# 07834, W 7th St - Hood College",BARISTA,07834,W 7th St - Hood College,"805 W 7th St, College Park Plaza",Frederick,MD,,US,,1786161600,2026-08-08,54,2026-10-01,1786283272,2026-08-09,53,False,39.4256007,-77.4160255,481080079223,id:260060000,store:07834,Barista,onsite,"805 W 7th St, College Park Plaza, Frederick, Maryland, United States",1,MD,CONUS_L0_003_008;CONUS_L1_012_030;CONUS_L1_013_030,3
2026-10-01,260072601,https://apply.starbucks.com/careers/job/481080795995,"shift supervisor - Store# 07834, W 7th St - Hood College",SHIFT_SUPERVISOR,07834,W 7th St - Hood College,"805 W 7th St, College Park Plaza",Frederick,MD,,US,,1789012800,2026-09-10,21,2026-10-01,1789135190,2026-09-11,20,False,39.4256007,-77.4160255,481080795995,id:260072601,store:07834,Shift Supervisor,onsite,"805 W 7th St, College Park Plaza, Frederick, Maryland, United States",1,MD,CONUS_L0_003_008;CONUS_L1_012_030;CONUS_L1_013_030,3
2026-10-01,260056760,https://apply.starbucks.com/careers/job/481079527743,"shift supervisor - Store# 08836, FREDERICK TRADING CENTER",SHIFT_SUPERVISOR,08836,FREDERICK TRADING CENTER,"2407 Monocacy Blvd, Shops at MonocacySuite 14",Frederick,MD,,US,,1784088000,2026-07-15,78,2026-10-01,1784209149,2026-07-16,77,False,39.4483411,-77.3878197,481079527743,id:260056760,store:08836,Shift Supervisor,onsite,"2407 Monocacy Blvd, Shops at MonocacySuite 14, Frederick, Maryland, United States",1,MD,CONUS_L0_003_008;CONUS_L1_012_030;CONUS_L1_013_030,3
2026-10-01,260070722,https://apply.starbucks.com/careers/job/481080741838,"shift supervisor - Store# 68385, YELLOW SPRINGS RD",SHIFT_SUPERVISOR,68385,YELLOW SPRINGS RD,2070 Yellow Springs Rd,Frederick,MD,,US,,1788667200,2026-09-06,25,2026-10-01,1788788641,2026-09-07,24,False,39.44201,-77.43661,481080741838,id:260070722,store:68385,Shift Supervisor,onsite,"2070 Yellow Springs Rd, Frederick, Maryland, United States",1,MD,CONUS_L0_003_008;CONUS_L1_012_030;CONUS_L1_013_030,3
2026-10-01,260068291,https://apply.starbucks.com/careers/job/481080709217,"barista - Store# 52278, PULASKI HWY, ELKTON",BARISTA,52278,"PULASKI HWY, ELKTON",101 W Pulaski Hwy,Elkton,MD,,US,,1788408000,2026-09-03,28,2026-10-01,1788529609,2026-09-04,27,False,39.6008551,-75.8285193,481080709217,id:260068291,store:52278,Barista,onsite,"101 W Pulaski Hwy, Elkton, Maryland, United States",1,MD,CONUS_L0_003_008;CONUS_L1_012_031;CONUS_L1_013_031,3
2026-10-01,260071417,https://apply.starbucks.com/careers/job/481080752119,"shift supervisor - Store# 52278, PULASKI HWY, ELKTON",SHIFT_SUPERVISOR,52278,"PULASKI HWY, ELKTON",101 W Pulaski Hwy,Elkton,MD,,US,,1788753600,2026-09-07,24,2026-10-01,1788875054,2026-09-08,23,False,39.6008551,-75.8285193,481080752119,id:260071417,store:52278,Shift Supervisor,onsite,"101 W Pulaski Hwy, Elkton, Maryland, United States",1,MD,CONUS_L0_003_008;CONUS_L1_012_031;CONUS_L1_013_031,3
2026-10-01,260067446,https://apply.starbucks.com/careers/job/481080699211,"barista - Store# 70749, NORTH EAST STATION",BARISTA,70749,NORTH EAST STATION,2512 Pulaski Hwy,North East,MD,,US,,1788321600,2026-09-02,29,2026-10-01,1788456308,2026-09-03,28,False,39.60755,-75.94904,481080699211,id:260067446,store:70749,Barista,onsite,"2512 Pulaski Hwy, North East, Maryland, United States",1,MD,CONUS_L0_003_008;CONUS_L1_012_031;CONUS_L1_013_031,3
2026-10-01,260071796,https://apply.starbucks.com/careers/job/481080764740,"shift supervisor - Store# 70749, NORTH EAST STATION",SHIFT_SUPERVISOR,70749,NORTH EAST STATION,2512 Pulaski Hwy,North East,MD,,US,,1788840000,2026-09-08,23,2026-10-01,1788961411,2026-09-09,22,False,39.60755,-75.94904,481080764740,id:260071796,store:70749,Shift Supervisor,onsite,"2512 Pulaski Hwy, North East, Maryland, United States",1,MD,CONUS_L0_003_008;CONUS_L1_012_031;CONUS_L1_013_031,3
2026-10-01,260065923,https://apply.starbucks.com/careers/job/481080678464,"barista - Store# 70749, NORTH EAST STATION",BARISTA,70749,NORTH EAST STATION,2512 Pulaski Hwy,North East,MD,,US,,1788321600,2026-09-02,29,2026-10-01,1788357515,2026-09-02,29,False,39.60755,-75.94904,481080678464,id:260065923,store:70749,Barista,onsite,"2512 Pulaski Hwy, North East, Maryland, United States",1,MD,CONUS_L0_003_008;CONUS_L1_012_031;CONUS_L1_013_031,3
2026-10-01,260064394,https://apply.starbucks.com/careers/job/481080613157,"shift supervisor - Store# 14111, WESTMINSTER 609 BALTIMORE BLVD",SHIFT_SUPERVISOR,14111,WESTMINSTER 609 BALTIMORE BLVD,"609 Baltimore Blvd, Crossroads Square",Westminster,MD,,US,,1788062400,2026-08-30,32,2026-10-01,1788183778,2026-08-31,31,False,39.56439,-76.97503,481080613157,id:260064394,store:14111,Shift Supervisor,onsite,"609 Baltimore Blvd, Crossroads Square, Westminster, Maryland, United States",1,MD,CONUS_L0_003_008;CONUS_L1_012_030;CONUS_L1_013_030,3
2026-10-01,260054195,https://apply.starbucks.com/careers/job/481079405127,"barista - Store# 14111, WESTMINSTER 609 BALTIMORE BLVD",BARISTA,14111,WESTMINSTER 609 BALTIMORE BLVD,"609 Baltimore Blvd, Crossroads Square",Westminster,MD,,US,,1783569600,2026-07-09,84,2026-10-01,1783691171,2026-07-10,83,False,39.56439,-76.97503,481079405127,id:260054195,store:14111,Barista,onsite,"609 Baltimore Blvd, Crossroads Square, Westminster, Maryland, United States",1,MD,CONUS_L0_003_008;CONUS_L1_012_030;CONUS_L1_013_030,3
2026-10-01,260077751,https://apply.starbucks.com/careers/job/481080891568,"shift supervisor - Store# 71984, WESTMINSTER CROSSING_ENGLAR ROAD",SHIFT_SUPERVISOR,71984,WESTMINSTER CROSSING_ENGLAR ROAD,202 Clifton Blvd,Westminster,MD,,US,,1789617600,2026-09-17,14,2026-10-01,1789739423,2026-09-18,13,False,39.5846,-76.98803,481080891568,id:260077751,store:71984,Shift Supervisor,onsite,"202 Clifton Blvd, Westminster, Maryland, United States",1,MD,CONUS_L0_003_008;CONUS_L1_012_030;CONUS_L1_013_030,3
2026-10-01,260074852,https://apply.starbucks.com/careers/job/481080820899,"barista - Store# 71984, WESTMINSTER CROSSING_ENGLAR ROAD",BARISTA,71984,WESTMINSTER CROSSING_ENGLAR ROAD,202 Clifton Blvd,Westminster,MD,,US,,1789272000,2026-09-13,18,2026-10-01,1789394420,2026-09-14,17,False,39.5846,-76.98803,481080820899,id:260074852,store:71984,Barista,onsite,"202 Clifton Blvd, Westminster, Maryland, United States",1,MD,CONUS_L0_003_008;CONUS_L1_012_030;CONUS_L1_013_030,3
2026-10-01,260067412,https://apply.starbucks.com/careers/job/481080699042,"shift supervisor - Store# 22913, HAGERSTOWN VALLEY MALL",SHIFT_SUPERVISOR,22913,HAGERSTOWN VALLEY MALL,17326 Valley Mall Rd,Hagerstown,MD,,US,,1788321600,2026-09-02,29,2026-10-01,1788456276,2026-09-03,28,False,39.6266,-77.76917,481080699042,id:260067412,store:22913,Shift Supervisor,onsite,"17326 Valley Mall Rd, Hagerstown, Maryland, United States",1,MD,CONUS_L0_003_008;CONUS_L1_012_030;CONUS_L1_013_029;CONUS_L1_013_030,4
2026-10-01,260079791,https://apply.starbucks.com/careers/job/481081018854,"barista - Store# 22913, HAGERSTOWN VALLEY MALL",BARISTA,22913,HAGERSTOWN VALLEY MALL,17326 Valley Mall Rd,Hagerstown,MD,,US,,1790395200,2026-09-26,5,2026-10-01,1790516497,2026-09-27,4,False,39.6266,-77.76917,481081018854,id:260079791,store:22913,Barista,onsite,"17326 Valley Mall Rd, Hagerstown, Maryland, United States",1,MD,CONUS_L0_003_008;CONUS_L1_012_030;CONUS_L1_013_029;CONUS_L1_013_030,4
2026-10-01,260078977,https://apply.starbucks.com/careers/job/481080965023,"barista - Store# 13293, HAGERSTOWN PLAZA",BARISTA,13293,HAGERSTOWN PLAZA,17995 Garland Groh Blvd,Hagerstown,MD,,US,,1790049600,2026-09-22,9,2026-10-01,1790171085,2026-09-23,8,False,39.6592,-77.74532,481080965023,id:260078977,store:13293,Barista,onsite,"17995 Garland Groh Blvd, Hagerstown, Maryland, United States",1,MD,CONUS_L0_003_008;CONUS_L1_012_030;CONUS_L1_013_029;CONUS_L1_013_030,4
2026-10-01,260069513,https://apply.starbucks.com/careers/job/481080730355,"shift supervisor - Store# 13293, HAGERSTOWN PLAZA",SHIFT_SUPERVISOR,13293,HAGERSTOWN PLAZA,17995 Garland Groh Blvd,Hagerstown,MD,,US,,1788580800,2026-09-05,26,2026-10-01,1788702160,2026-09-06,25,False,39.6592,-77.74532,481080730355,id:260069513,store:13293,Shift Supervisor,onsite,"17995 Garland Groh Blvd, Hagerstown, Maryland, United States",1,MD,CONUS_L0_003_008;CONUS_L1_012_030;CONUS_L1_013_029;CONUS_L1_013_030,4
2026-10-01,260059942,https://apply.starbucks.com/careers/job/481080079135,"shift supervisor - Store# 65191, LA VALE, NATIONAL HWY",SHIFT_SUPERVISOR,65191,"LA VALE, NATIONAL HWY",1260 National Hwy,Cumberland,MD,,US,,1786161600,2026-08-08,55,2026-10-02,1786283227,2026-08-09,54,False,39.63617,-78.84085,481080079135,id:260059942,store:65191,Shift Supervisor,onsite,"1260 National Hwy, Cumberland, Maryland, United States",1,MD,CONUS_L1_012_029;CONUS_L1_013_029,2
