snapshot_date,job_id,job_url,job_title_raw,role_bucket,store_number,store_name,street_address,city,state,postal_code,country,posted_text,posted_ts_raw,posted_date,days_since_posted,fetched_date,creation_ts_raw,req_created_date,req_age_days,reposted_requisition,latitude,longitude,position_id,dedup_key,store_key,department,work_location_option,location_raw,n_locations,all_states,search_ids,n_searches
2026-10-01,260074303,https://apply.starbucks.com/careers/job/481080814169,"barista - Store# 70747, WILDWOOD DTO",BARISTA,70747,WILDWOOD DTO,4800 Park Blvd,Wildwood,NJ,,US,,1789185600,2026-09-12,19,2026-10-01,1789307710,2026-09-13,18,False,38.9864,-74.82682,481080814169,id:260074303,store:70747,Barista,onsite,"4800 Park Blvd, Wildwood, New Jersey, United States",1,NJ,CONUS_L0_003_008;CONUS_L1_012_032,2
2026-10-01,260059991,https://apply.starbucks.com/careers/job/481080079226,"shift supervisor - Store# 70747, WILDWOOD DTO",SHIFT_SUPERVISOR,70747,WILDWOOD DTO,4800 Park Blvd,Wildwood,NJ,,US,,1786161600,2026-08-08,54,2026-10-01,1786283265,2026-08-09,53,False,38.9864,-74.82682,481080079226,id:260059991,store:70747,Shift Supervisor,onsite,"4800 Park Blvd, Wildwood, New Jersey, United States",1,NJ,CONUS_L0_003_008;CONUS_L1_012_032,2
2026-10-01,260062554,https://apply.starbucks.com/careers/job/481080494549,"shift supervisor - Store# 10461, RIO GRANDE RT 9",SHIFT_SUPERVISOR,10461,RIO GRANDE RT 9,"3308 Route 9 South, Rio Grande Shopping CenterUnit T-1A",Rio Grande,NJ,,US,,1787630400,2026-08-25,37,2026-10-01,1787752313,2026-08-26,36,False,39.01614,-74.87407,481080494549,id:260062554,store:10461,Shift Supervisor,onsite,"3308 Route 9 South, Rio Grande Shopping CenterUnit T-1A, Rio Grande, New Jersey, United States",1,NJ,CONUS_L0_003_008;CONUS_L1_012_032,2
2026-10-01,260077889,https://apply.starbucks.com/careers/job/481080922937,"barista - Store# 10461, RIO GRANDE RT 9",BARISTA,10461,RIO GRANDE RT 9,"3308 Route 9 South, Rio Grande Shopping CenterUnit T-1A",Rio Grande,NJ,,US,,1789790400,2026-09-19,12,2026-10-01,1789911565,2026-09-20,11,False,39.01614,-74.87407,481080922937,id:260077889,store:10461,Barista,onsite,"3308 Route 9 South, Rio Grande Shopping CenterUnit T-1A, Rio Grande, New Jersey, United States",1,NJ,CONUS_L0_003_008;CONUS_L1_012_032,2
2026-10-01,260078151,https://apply.starbucks.com/careers/job/481080923769,"barista - Store# 66099, CAPE MAY COURT HOUSE SOUTH",BARISTA,66099,CAPE MAY COURT HOUSE SOUTH,5 Courthouse South Dennis Road,Cape May Court House,NJ,,US,,1789790400,2026-09-19,12,2026-10-01,1789911782,2026-09-20,11,False,39.08919,-74.82021,481080923769,id:260078151,store:66099,Barista,onsite,"5 Courthouse South Dennis Road, Cape May Court House, New Jersey, United States",1,NJ,CONUS_L0_003_008;CONUS_L1_012_032,2
2026-10-01,260074056,https://apply.starbucks.com/careers/job/481080813725,"shift supervisor - Store# 66099, CAPE MAY COURT HOUSE SOUTH",SHIFT_SUPERVISOR,66099,CAPE MAY COURT HOUSE SOUTH,5 Courthouse South Dennis Road,Cape May Court House,NJ,,US,,1789185600,2026-09-12,19,2026-10-01,1789307481,2026-09-13,18,False,39.08919,-74.82021,481080813725,id:260074056,store:66099,Shift Supervisor,onsite,"5 Courthouse South Dennis Road, Cape May Court House, New Jersey, United States",1,NJ,CONUS_L0_003_008;CONUS_L1_012_032,2
2026-10-01,260063824,https://apply.starbucks.com/careers/job/481080567878,"shift supervisor - Store# 08963, VINELAND",SHIFT_SUPERVISOR,08963,VINELAND,"3849 S. Delsea Road, Cumberland Mall, Space #A0013",Vineland,NJ,,US,,1787803200,2026-08-27,35,2026-10-01,1787925231,2026-08-28,34,False,39.4316357,-75.0359241,481080567878,id:260063824,store:08963,Shift Supervisor,onsite,"3849 S. Delsea Road, Cumberland Mall, Space #A0013, Vineland, New Jersey, United States",1,NJ,CONUS_L0_003_008;CONUS_L1_012_032;CONUS_L1_013_031,3
2026-10-01,260063214,https://apply.starbucks.com/careers/job/481080565700,"barista - Store# 08963, VINELAND",BARISTA,08963,VINELAND,"3849 S. Delsea Road, Cumberland Mall, Space #A0013",Vineland,NJ,,US,,1787803200,2026-08-27,35,2026-10-01,1787924743,2026-08-28,34,False,39.4316357,-75.0359241,481080565700,id:260063214,store:08963,Barista,onsite,"3849 S. Delsea Road, Cumberland Mall, Space #A0013, Vineland, New Jersey, United States",1,NJ,CONUS_L0_003_008;CONUS_L1_012_032;CONUS_L1_013_031,3
2026-10-01,260062682,https://apply.starbucks.com/careers/job/481080494818,"barista - Store# 09841, SOMERS POINT",BARISTA,09841,SOMERS POINT,"55 Bethel Rd, Ocean Heights Plaza",Somers Point,NJ,,US,,1787630400,2026-08-25,37,2026-10-01,1787752414,2026-08-26,36,False,39.3327156,-74.5961035,481080494818,id:260062682,store:09841,Barista,onsite,"55 Bethel Rd, Ocean Heights Plaza, Somers Point, New Jersey, United States",1,NJ,CONUS_L0_003_008;CONUS_L1_012_032,2
2026-10-01,260056011,https://apply.starbucks.com/careers/job/481079473364,"shift supervisor - Store# 09841, SOMERS POINT",SHIFT_SUPERVISOR,09841,SOMERS POINT,"55 Bethel Rd, Ocean Heights Plaza",Somers Point,NJ,,US,,1783915200,2026-07-13,80,2026-10-01,1784037212,2026-07-14,79,False,39.3327156,-74.5961035,481079473364,id:260056011,store:09841,Shift Supervisor,onsite,"55 Bethel Rd, Ocean Heights Plaza, Somers Point, New Jersey, United States",1,NJ,CONUS_L0_003_008;CONUS_L1_012_032,2
2026-10-01,260053565,https://apply.starbucks.com/careers/job/481079351639,"barista - Store# 60641, VINELAND NORTH",BARISTA,60641,VINELAND NORTH,1381 West Landis Ave,Vineland,NJ,,US,,1783396800,2026-07-07,86,2026-10-01,1783518154,2026-07-08,85,False,39.48704,-75.05146,481079351639,id:260053565,store:60641,Barista,onsite,"1381 West Landis Ave, Vineland, New Jersey, United States",1,NJ,CONUS_L0_003_008;CONUS_L1_012_032;CONUS_L1_013_031,3
2026-10-01,260070009,https://apply.starbucks.com/careers/job/481080730960,"shift supervisor - Store# 60641, VINELAND NORTH",SHIFT_SUPERVISOR,60641,VINELAND NORTH,1381 West Landis Ave,Vineland,NJ,,US,,1788580800,2026-09-05,26,2026-10-01,1788702553,2026-09-06,25,False,39.48704,-75.05146,481080730960,id:260070009,store:60641,Shift Supervisor,onsite,"1381 West Landis Ave, Vineland, New Jersey, United States",1,NJ,CONUS_L0_003_008;CONUS_L1_012_032;CONUS_L1_013_031,3
2026-10-01,260076216,https://apply.starbucks.com/careers/job/481080861575,"barista - Store# 83738, VENTNOR PLAZA",BARISTA,83738,VENTNOR PLAZA,5000 Wellington Avenue,Ventnor City,NJ,,US,,1789444800,2026-09-15,16,2026-10-01,1789566680,2026-09-16,15,False,39.3528,-74.4774,481080861575,id:260076216,store:83738,Barista,onsite,"5000 Wellington Avenue, Ventnor City, New Jersey, United States",1,NJ,CONUS_L0_003_008;CONUS_L1_012_032,2
2026-10-01,260072844,https://apply.starbucks.com/careers/job/481080796715,"shift supervisor - Store# 83738, VENTNOR PLAZA",SHIFT_SUPERVISOR,83738,VENTNOR PLAZA,5000 Wellington Avenue,Ventnor City,NJ,,US,,1789012800,2026-09-10,21,2026-10-01,1789135401,2026-09-11,20,False,39.3528,-74.4774,481080796715,id:260072844,store:83738,Shift Supervisor,onsite,"5000 Wellington Avenue, Ventnor City, New Jersey, United States",1,NJ,CONUS_L0_003_008;CONUS_L1_012_032,2
2026-10-01,260069161,https://apply.starbucks.com/careers/job/481080710698,"shift supervisor - Store# 50322, EGG HARBOR",SHIFT_SUPERVISOR,50322,EGG HARBOR,6801 East Black Horse Pike,Egg Harbor Township,NJ,,US,,1788408000,2026-09-03,28,2026-10-01,1788530350,2026-09-04,27,False,39.39631,-74.55383,481080710698,id:260069161,store:50322,Shift Supervisor,onsite,"6801 East Black Horse Pike, Egg Harbor Township, New Jersey, United States",1,NJ,CONUS_L0_003_008;CONUS_L1_012_032,2
2026-10-01,260062396,https://apply.starbucks.com/careers/job/481080494146,"barista - Store# 50322, EGG HARBOR",BARISTA,50322,EGG HARBOR,6801 East Black Horse Pike,Egg Harbor Township,NJ,,US,,1787630400,2026-08-25,37,2026-10-01,1787752183,2026-08-26,36,False,39.39631,-74.55383,481080494146,id:260062396,store:50322,Barista,onsite,"6801 East Black Horse Pike, Egg Harbor Township, New Jersey, United States",1,NJ,CONUS_L0_003_008;CONUS_L1_012_032,2
2026-10-01,260073333,https://apply.starbucks.com/careers/job/481080798289,"shift supervisor - Store# 07793, MAYS LANDING - BLACK HORSE PIKE",SHIFT_SUPERVISOR,07793,MAYS LANDING - BLACK HORSE PIKE,"4300 Black Horse Pike, 200",Mays Landing,NJ,,US,,1789012800,2026-09-10,21,2026-10-01,1789135816,2026-09-11,20,False,39.44535,-74.631329,481080798289,id:260073333,store:07793,Shift Supervisor,onsite,"4300 Black Horse Pike, 200, Mays Landing, New Jersey, United States",1,NJ,CONUS_L0_003_008;CONUS_L1_012_032,2
2026-10-01,260059939,https://apply.starbucks.com/careers/job/481080079137,"barista - Store# 07793, MAYS LANDING - BLACK HORSE PIKE",BARISTA,07793,MAYS LANDING - BLACK HORSE PIKE,"4300 Black Horse Pike, 200",Mays Landing,NJ,,US,,1786161600,2026-08-08,54,2026-10-01,1786283224,2026-08-09,53,False,39.44535,-74.631329,481080079137,id:260059939,store:07793,Barista,onsite,"4300 Black Horse Pike, 200, Mays Landing, New Jersey, United States",1,NJ,CONUS_L0_003_008;CONUS_L1_012_032,2
2026-10-01,260065174,https://apply.starbucks.com/careers/job/481080677319,"shift supervisor - Store# 25707, GALLOWAY TOWNSHIP",SHIFT_SUPERVISOR,25707,GALLOWAY TOWNSHIP,"68 W. Jimmie Leeds Rd, By the Hospital, B1",Galloway,NJ,,US,,1788321600,2026-09-02,29,2026-10-01,1788356852,2026-09-02,29,False,39.4759425,-74.5413848,481080677319,id:260065174,store:25707,Shift Supervisor,onsite,"68 W. Jimmie Leeds Rd, By the Hospital, B1, Galloway, New Jersey, United States",1,NJ,CONUS_L0_003_008;CONUS_L1_012_032,2
2026-10-01,260080528,https://apply.starbucks.com/careers/job/481081091643,"barista - Store# 25707, GALLOWAY TOWNSHIP",BARISTA,25707,GALLOWAY TOWNSHIP,"68 W. Jimmie Leeds Rd, By the Hospital, B1",Galloway,NJ,,US,,1790740800,2026-09-30,1,2026-10-01,1790836023,2026-10-01,0,False,39.4759425,-74.5413848,481081091643,id:260080528,store:25707,Barista,onsite,"68 W. Jimmie Leeds Rd, By the Hospital, B1, Galloway, New Jersey, United States",1,NJ,CONUS_L0_003_008;CONUS_L1_012_032,2
2026-10-01,260071637,https://apply.starbucks.com/careers/job/481080764446,"shift supervisor - Store# 77793, E JIMMIE LEEDS RD, GALLOWAY",SHIFT_SUPERVISOR,77793,"E JIMMIE LEEDS RD, GALLOWAY",320 E Jimmie Leeds Rd,Galloway,NJ,,US,,1788840000,2026-09-08,23,2026-10-01,1788961286,2026-09-09,22,False,39.46453,-74.49667,481080764446,id:260071637,store:77793,Shift Supervisor,onsite,"320 E Jimmie Leeds Rd, Galloway, New Jersey, United States",1,NJ,CONUS_L0_003_008;CONUS_L1_012_032,2
2026-10-01,260073818,https://apply.starbucks.com/careers/job/481080813368,"barista - Store# 77793, E JIMMIE LEEDS RD, GALLOWAY",BARISTA,77793,"E JIMMIE LEEDS RD, GALLOWAY",320 E Jimmie Leeds Rd,Galloway,NJ,,US,,1789185600,2026-09-12,19,2026-10-01,1789307260,2026-09-13,18,False,39.46453,-74.49667,481080813368,id:260073818,store:77793,Barista,onsite,"320 E Jimmie Leeds Rd, Galloway, New Jersey, United States",1,NJ,CONUS_L0_003_008;CONUS_L1_012_032,2
2026-10-01,260066697,https://apply.starbucks.com/careers/job/481080698204,"shift supervisor - Store# 19574, SICKLERVILLE",SHIFT_SUPERVISOR,19574,SICKLERVILLE,611 Berlin Cross Keys Rd,Sicklerville,NJ,,US,,1788321600,2026-09-02,29,2026-10-01,1788455596,2026-09-03,28,False,39.7349637,-75.0087224,481080698204,id:260066697,store:19574,Shift Supervisor,onsite,"611 Berlin Cross Keys Rd, Sicklerville, New Jersey, United States",1,NJ,CONUS_L0_003_008;CONUS_L1_013_031,2
2026-10-01,260073653,https://apply.starbucks.com/careers/job/481080813029,"barista - Store# 19574, SICKLERVILLE",BARISTA,19574,SICKLERVILLE,611 Berlin Cross Keys Rd,Sicklerville,NJ,,US,,1789185600,2026-09-12,19,2026-10-01,1789307106,2026-09-13,18,False,39.7349637,-75.0087224,481080813029,id:260073653,store:19574,Barista,onsite,"611 Berlin Cross Keys Rd, Sicklerville, New Jersey, United States",1,NJ,CONUS_L0_003_008;CONUS_L1_013_031,2
2026-10-01,260065175,https://apply.starbucks.com/careers/job/481080677306,"shift supervisor - Store# 19574, SICKLERVILLE",SHIFT_SUPERVISOR,19574,SICKLERVILLE,611 Berlin Cross Keys Rd,Sicklerville,NJ,,US,,1788321600,2026-09-02,29,2026-10-01,1788356853,2026-09-02,29,False,39.7349637,-75.0087224,481080677306,id:260065175,store:19574,Shift Supervisor,onsite,"611 Berlin Cross Keys Rd, Sicklerville, New Jersey, United States",1,NJ,CONUS_L0_003_008;CONUS_L1_013_031,2
2026-10-01,260063152,https://apply.starbucks.com/careers/job/481080565473,"shift supervisor - Store# 09802, SEWELL WASHINGTON CENTER",SHIFT_SUPERVISOR,09802,SEWELL WASHINGTON CENTER,"304 Greentree Rd, Washington Center",Sewell,NJ,,US,,1787803200,2026-08-27,35,2026-10-01,1787924693,2026-08-28,34,False,39.7500755,-75.0765598,481080565473,id:260063152,store:09802,Shift Supervisor,onsite,"304 Greentree Rd, Washington Center, Sewell, New Jersey, United States",1,NJ,CONUS_L0_003_008;CONUS_L1_013_031,2
2026-10-01,260063190,https://apply.starbucks.com/careers/job/481080565639,"barista - Store# 09802, SEWELL WASHINGTON CENTER",BARISTA,09802,SEWELL WASHINGTON CENTER,"304 Greentree Rd, Washington Center",Sewell,NJ,,US,,1787803200,2026-08-27,35,2026-10-01,1787924724,2026-08-28,34,False,39.7500755,-75.0765598,481080565639,id:260063190,store:09802,Barista,onsite,"304 Greentree Rd, Washington Center, Sewell, New Jersey, United States",1,NJ,CONUS_L0_003_008;CONUS_L1_013_031,2
2026-10-01,260064774,https://apply.starbucks.com/careers/job/481080613879,"shift supervisor - Store# 21654, TURNERSVILLE RT. 42",SHIFT_SUPERVISOR,21654,TURNERSVILLE RT. 42,5340 Route 42,Blackwood,NJ,,US,,1788062400,2026-08-30,32,2026-10-01,1788184096,2026-08-31,31,False,39.75514,-75.04618,481080613879,id:260064774,store:21654,Shift Supervisor,onsite,"5340 Route 42, Blackwood, New Jersey, United States",1,NJ,CONUS_L0_003_008;CONUS_L1_013_031,2
2026-10-01,260080601,https://apply.starbucks.com/careers/job/481081091726,"barista - Store# 21654, TURNERSVILLE RT. 42",BARISTA,21654,TURNERSVILLE RT. 42,5340 Route 42,Blackwood,NJ,,US,,1790740800,2026-09-30,1,2026-10-01,1790836087,2026-10-01,0,False,39.75514,-75.04618,481081091726,id:260080601,store:21654,Barista,onsite,"5340 Route 42, Blackwood, New Jersey, United States",1,NJ,CONUS_L0_003_008;CONUS_L1_013_031,2
2026-10-01,260065869,https://apply.starbucks.com/careers/job/481080678363,"barista - Store# 23733, GLOUCESTER PREMIUM OUTLETS",BARISTA,23733,GLOUCESTER PREMIUM OUTLETS,"1125 S Black Horse Pike, Space 575",Blackwood,NJ,,US,,1788321600,2026-09-02,29,2026-10-01,1788357467,2026-09-02,29,False,39.78407259999999,-75.0517224,481080678363,id:260065869,store:23733,Barista,onsite,"1125 S Black Horse Pike, Space 575, Blackwood, New Jersey, United States",1,NJ,CONUS_L0_003_008;CONUS_L1_013_031,2
2026-10-01,260065801,https://apply.starbucks.com/careers/job/481080678252,"shift supervisor - Store# 23733, GLOUCESTER PREMIUM OUTLETS",SHIFT_SUPERVISOR,23733,GLOUCESTER PREMIUM OUTLETS,"1125 S Black Horse Pike, Space 575",Blackwood,NJ,,US,,1788321600,2026-09-02,29,2026-10-01,1788357408,2026-09-02,29,False,39.78407259999999,-75.0517224,481080678252,id:260065801,store:23733,Shift Supervisor,onsite,"1125 S Black Horse Pike, Space 575, Blackwood, New Jersey, United States",1,NJ,CONUS_L0_003_008;CONUS_L1_013_031,2
2026-10-01,260067324,https://apply.starbucks.com/careers/job/481080698951,"shift supervisor - Store# 23733, GLOUCESTER PREMIUM OUTLETS",SHIFT_SUPERVISOR,23733,GLOUCESTER PREMIUM OUTLETS,"1125 S Black Horse Pike, Space 575",Blackwood,NJ,,US,,1788321600,2026-09-02,29,2026-10-01,1788456191,2026-09-03,28,False,39.78407259999999,-75.0517224,481080698951,id:260067324,store:23733,Shift Supervisor,onsite,"1125 S Black Horse Pike, Space 575, Blackwood, New Jersey, United States",1,NJ,CONUS_L0_003_008;CONUS_L1_013_031,2
2026-10-01,260067392,https://apply.starbucks.com/careers/job/481080699116,"barista - Store# 23733, GLOUCESTER PREMIUM OUTLETS",BARISTA,23733,GLOUCESTER PREMIUM OUTLETS,"1125 S Black Horse Pike, Space 575",Blackwood,NJ,,US,,1788321600,2026-09-02,29,2026-10-01,1788456257,2026-09-03,28,False,39.78407259999999,-75.0517224,481080699116,id:260067392,store:23733,Barista,onsite,"1125 S Black Horse Pike, Space 575, Blackwood, New Jersey, United States",1,NJ,CONUS_L0_003_008;CONUS_L1_013_031,2
2026-10-01,260062839,https://apply.starbucks.com/careers/job/481080495120,"shift supervisor - Store# 29777, WOODBURY - RT 45",SHIFT_SUPERVISOR,29777,WOODBURY - RT 45,1006 Mantua Pike,Woodbury Heights,NJ,,US,,1787630400,2026-08-25,37,2026-10-01,1787752540,2026-08-26,36,False,39.81163,-75.16506,481080495120,id:260062839,store:29777,Shift Supervisor,onsite,"1006 Mantua Pike, Woodbury Heights, New Jersey, United States",1,NJ,CONUS_L0_003_008;CONUS_L1_013_031,2
2026-10-01,260062611,https://apply.starbucks.com/careers/job/481080494727,"barista - Store# 29777, WOODBURY - RT 45",BARISTA,29777,WOODBURY - RT 45,1006 Mantua Pike,Woodbury Heights,NJ,,US,,1787630400,2026-08-25,37,2026-10-01,1787752358,2026-08-26,36,False,39.81163,-75.16506,481080494727,id:260062611,store:29777,Barista,onsite,"1006 Mantua Pike, Woodbury Heights, New Jersey, United States",1,NJ,CONUS_L0_003_008;CONUS_L1_013_031,2
2026-10-01,260067678,https://apply.starbucks.com/careers/job/481080699489,"barista - Store# 11272, GLOUCESTER TOWNSHIP",BARISTA,11272,GLOUCESTER TOWNSHIP,"1490 Blackwood-Clementon Rd., Cherrywood Plaza, Gloucester Township",Clementon,NJ,,US,,1788321600,2026-09-02,29,2026-10-01,1788456522,2026-09-03,28,False,39.8028018,-75.041926,481080699489,id:260067678,store:11272,Barista,onsite,"1490 Blackwood-Clementon Rd., Cherrywood Plaza, Gloucester Township, Clementon, New Jersey, United States",1,NJ,CONUS_L0_003_008;CONUS_L1_013_031,2
2026-10-01,260064456,https://apply.starbucks.com/careers/job/481080613237,"shift supervisor - Store# 11272, GLOUCESTER TOWNSHIP",SHIFT_SUPERVISOR,11272,GLOUCESTER TOWNSHIP,"1490 Blackwood-Clementon Rd., Cherrywood Plaza, Gloucester Township",Clementon,NJ,,US,,1788062400,2026-08-30,32,2026-10-01,1788183829,2026-08-31,31,False,39.8028018,-75.041926,481080613237,id:260064456,store:11272,Shift Supervisor,onsite,"1490 Blackwood-Clementon Rd., Cherrywood Plaza, Gloucester Township, Clementon, New Jersey, United States",1,NJ,CONUS_L0_003_008;CONUS_L1_013_031,2
2026-10-01,260066156,https://apply.starbucks.com/careers/job/481080678856,"barista - Store# 11272, GLOUCESTER TOWNSHIP",BARISTA,11272,GLOUCESTER TOWNSHIP,"1490 Blackwood-Clementon Rd., Cherrywood Plaza, Gloucester Township",Clementon,NJ,,US,,1788321600,2026-09-02,29,2026-10-01,1788357726,2026-09-02,29,False,39.8028018,-75.041926,481080678856,id:260066156,store:11272,Barista,onsite,"1490 Blackwood-Clementon Rd., Cherrywood Plaza, Gloucester Township, Clementon, New Jersey, United States",1,NJ,CONUS_L0_003_008;CONUS_L1_013_031,2
2026-10-01,260059650,https://apply.starbucks.com/careers/job/481080025596,"store manager- Deptford, NJ",STORE_MANAGER,,,,Deptford,NJ,,US,,1790193210,2026-09-23,8,2026-10-01,1785954316,2026-08-05,57,True,39.8227054,-75.11951069999999,481080025596,id:260059650,,Coffeehouse Leader,onsite,"Deptford, New Jersey, United States",1,NJ,CONUS_L0_003_008;CONUS_L1_013_031,2
2026-10-01,260067556,https://apply.starbucks.com/careers/job/481080699274,"shift supervisor - Store# 22488, DEPTFORD",SHIFT_SUPERVISOR,22488,DEPTFORD,1213 Hurfville Rd,Woodbury,NJ,,US,,1788321600,2026-09-02,29,2026-10-01,1788456410,2026-09-03,28,False,39.82935,-75.08996,481080699274,id:260067556,store:22488,Shift Supervisor,onsite,"1213 Hurfville Rd, Woodbury, New Jersey, United States",1,NJ,CONUS_L0_003_008;CONUS_L1_013_031,2
2026-10-01,260053105,https://apply.starbucks.com/careers/job/481079230207,"barista - Store# 22488, DEPTFORD",BARISTA,22488,DEPTFORD,1213 Hurfville Rd,Woodbury,NJ,,US,,1783137600,2026-07-04,89,2026-10-01,1783258869,2026-07-05,88,False,39.82935,-75.08996,481079230207,id:260053105,store:22488,Barista,onsite,"1213 Hurfville Rd, Woodbury, New Jersey, United States",1,NJ,CONUS_L0_003_008,1
2026-10-01,260065966,https://apply.starbucks.com/careers/job/481080678661,"shift supervisor - Store# 20460, DEPTFORD MALL",SHIFT_SUPERVISOR,20460,DEPTFORD MALL,"1750 Deptford Center Road, KI08",Woodbury,NJ,,US,,1788321600,2026-09-02,29,2026-10-01,1788357553,2026-09-02,29,False,39.83143,-75.09761,481080678661,id:260065966,store:20460,Shift Supervisor,onsite,"1750 Deptford Center Road, KI08, Woodbury, New Jersey, United States",1,NJ,CONUS_L0_003_008;CONUS_L1_013_031,2
2026-10-01,260064526,https://apply.starbucks.com/careers/job/481080613548,"barista - Store# 20460, DEPTFORD MALL",BARISTA,20460,DEPTFORD MALL,"1750 Deptford Center Road, KI08",Woodbury,NJ,,US,,1788062400,2026-08-30,32,2026-10-01,1788183887,2026-08-31,31,False,39.83143,-75.09761,481080613548,id:260064526,store:20460,Barista,onsite,"1750 Deptford Center Road, KI08, Woodbury, New Jersey, United States",1,NJ,CONUS_L0_003_008;CONUS_L1_013_031,2
2026-10-01,260059103,https://apply.starbucks.com/careers/job/481079980396,"barista - Store# 77908, RT 130 - PENNSAUKEN",BARISTA,77908,RT 130 - PENNSAUKEN,2501 Merchantville Ave,Pennsauken,NJ,,US,,1785643200,2026-08-02,61,2026-10-02,1785753009,2026-08-03,60,False,39.9560908,-75.0583996,481079980396,id:260059103,store:77908,Barista,onsite,"2501 Merchantville Ave, Pennsauken, New Jersey, United States",1,NJ,CONUS_L1_013_031,1
2026-10-01,260067070,https://apply.starbucks.com/careers/job/481080698658,"shift supervisor - Store# 77908, RT 130 - PENNSAUKEN",SHIFT_SUPERVISOR,77908,RT 130 - PENNSAUKEN,2501 Merchantville Ave,Pennsauken,NJ,,US,,1788321600,2026-09-02,30,2026-10-02,1788455947,2026-09-03,29,False,39.9560908,-75.0583996,481080698658,id:260067070,store:77908,Shift Supervisor,onsite,"2501 Merchantville Ave, Pennsauken, New Jersey, United States",1,NJ,CONUS_L1_013_031,1
2026-10-01,260068721,https://apply.starbucks.com/careers/job/481080709924,"shift supervisor - Store# 52242, CINNAMINSON",SHIFT_SUPERVISOR,52242,CINNAMINSON,1251 Route 130 South,Riverton,NJ,,US,,1788408000,2026-09-03,29,2026-10-02,1788529980,2026-09-04,28,False,40.0002536,-74.98731339999999,481080709924,id:260068721,store:52242,Shift Supervisor,onsite,"1251 Route 130 South, Riverton, New Jersey, United States",1,NJ,CONUS_L1_013_031,1
2026-10-01,260068755,https://apply.starbucks.com/careers/job/481080710087,"barista - Store# 52242, CINNAMINSON",BARISTA,52242,CINNAMINSON,1251 Route 130 South,Riverton,NJ,,US,,1788408000,2026-09-03,29,2026-10-02,1788530009,2026-09-04,28,False,40.0002536,-74.98731339999999,481080710087,id:260068755,store:52242,Barista,onsite,"1251 Route 130 South, Riverton, New Jersey, United States",1,NJ,CONUS_L1_013_031,1
2026-10-01,260063123,https://apply.starbucks.com/careers/job/481080565427,"shift supervisor - Store# 10039, DELRAN",SHIFT_SUPERVISOR,10039,DELRAN,"1340 Fairview Blvd, Hartford Corners",Riverside,NJ,,US,,1787803200,2026-08-27,36,2026-10-02,1787924670,2026-08-28,35,False,40.01864,-74.94441,481080565427,id:260063123,store:10039,Shift Supervisor,onsite,"1340 Fairview Blvd, Hartford Corners, Riverside, New Jersey, United States",1,NJ,CONUS_L1_013_031,1
2026-10-01,260074841,https://apply.starbucks.com/careers/job/481080820603,"barista - Store# 23126, CHERRY HILL DT",BARISTA,23126,CHERRY HILL DT,600 Rt 38,Cherry Hill,NJ,,US,,1789272000,2026-09-13,19,2026-10-02,1789394410,2026-09-14,18,False,39.93653,-75.04531,481080820603,id:260074841,store:23126,Barista,onsite,"600 Rt 38, Cherry Hill, New Jersey, United States",1,NJ,CONUS_L1_013_031,1
2026-10-01,260072158,https://apply.starbucks.com/careers/job/481080765261,"shift supervisor - Store# 70704, WILLINGBORO TOWN CENTER",SHIFT_SUPERVISOR,70704,WILLINGBORO TOWN CENTER,"4380 Route 130, Ste A",Willingboro,NJ,,US,,1788840000,2026-09-08,24,2026-10-02,1788961705,2026-09-09,23,False,40.054979,-74.889344,481080765261,id:260072158,store:70704,Shift Supervisor,onsite,"4380 Route 130, Ste A, Willingboro, New Jersey, United States",1,NJ,CONUS_L1_013_031,1
2026-10-01,260059517,https://apply.starbucks.com/careers/job/481080000906,"barista - Store# 07895, CHAPEL AND HADDONFIELD",BARISTA,07895,CHAPEL AND HADDONFIELD,512 Haddonfield Rd,Cherry Hill,NJ,,US,,1785729600,2026-08-03,60,2026-10-02,1785851166,2026-08-04,59,False,39.9329357,-75.0307335,481080000906,id:260059517,store:07895,Barista,onsite,"512 Haddonfield Rd, Cherry Hill, New Jersey, United States",1,NJ,CONUS_L1_013_031,1
2026-10-01,260079057,https://apply.starbucks.com/careers/job/481080965273,"shift supervisor - Store# 07895, CHAPEL AND HADDONFIELD",SHIFT_SUPERVISOR,07895,CHAPEL AND HADDONFIELD,512 Haddonfield Rd,Cherry Hill,NJ,,US,,1790049600,2026-09-22,10,2026-10-02,1790171152,2026-09-23,9,False,39.9329357,-75.0307335,481080965273,id:260079057,store:07895,Shift Supervisor,onsite,"512 Haddonfield Rd, Cherry Hill, New Jersey, United States",1,NJ,CONUS_L1_013_031,1
2026-10-01,260064569,https://apply.starbucks.com/careers/job/481080613714,"shift supervisor - Store# 11762, GARDEN STATE PARK",SHIFT_SUPERVISOR,11762,GARDEN STATE PARK,"2026 Route 70 West, Garden State Park, Suite A",Cherry Hill,NJ,,US,,1788062400,2026-08-30,33,2026-10-02,1788183922,2026-08-31,32,False,39.9217299,-75.0376247,481080613714,id:260064569,store:11762,Shift Supervisor,onsite,"2026 Route 70 West, Garden State Park, Suite A, Cherry Hill, New Jersey, United States",1,NJ,CONUS_L1_013_031,1
2026-10-01,260074039,https://apply.starbucks.com/careers/job/481080813680,"barista - Store# 11762, GARDEN STATE PARK",BARISTA,11762,GARDEN STATE PARK,"2026 Route 70 West, Garden State Park, Suite A",Cherry Hill,NJ,,US,,1789185600,2026-09-12,20,2026-10-02,1789307465,2026-09-13,19,False,39.9217299,-75.0376247,481080813680,id:260074039,store:11762,Barista,onsite,"2026 Route 70 West, Garden State Park, Suite A, Cherry Hill, New Jersey, United States",1,NJ,CONUS_L1_013_031,1
2026-10-01,260056583,https://apply.starbucks.com/careers/job/481079501858,"store manager- Mount Laurel/ Cherry Hill, NJ",STORE_MANAGER,,,,Cherry Hill,NJ,,US,,1788446729,2026-09-03,29,2026-10-02,1784131111,2026-07-15,79,True,39.926813,-75.0246312,481079501858,id:260056583,,Coffeehouse Leader,onsite,"Cherry Hill, New Jersey, United States",2,NJ,CONUS_L1_013_031,1
2026-10-01,260080360,https://apply.starbucks.com/careers/job/481081059251,"shift supervisor - Store# 48018, RT 38 & LENOLA RD",SHIFT_SUPERVISOR,48018,RT 38 & LENOLA RD,597 RT 38,Maple Shade,NJ,,US,,1790568000,2026-09-28,4,2026-10-02,1790689758,2026-09-29,3,False,39.9443,-74.96887,481081059251,id:260080360,store:48018,Shift Supervisor,onsite,"597 RT 38, Maple Shade, New Jersey, United States",1,NJ,CONUS_L1_013_031,1
2026-10-01,260080246,https://apply.starbucks.com/careers/job/481081059075,"barista - Store# 48018, RT 38 & LENOLA RD",BARISTA,48018,RT 38 & LENOLA RD,597 RT 38,Maple Shade,NJ,,US,,1790568000,2026-09-28,4,2026-10-02,1790689657,2026-09-29,3,False,39.9443,-74.96887,481081059075,id:260080246,store:48018,Barista,onsite,"597 RT 38, Maple Shade, New Jersey, United States",1,NJ,CONUS_L1_013_031,1
2026-10-01,260074097,https://apply.starbucks.com/careers/job/481080813861,"barista - Store# 07233, HADDONFIELD",BARISTA,07233,HADDONFIELD,214-216 Kings Highway E,Haddonfield,NJ,,US,,1789185600,2026-09-12,20,2026-10-02,1789307518,2026-09-13,19,False,39.897906,-75.031543,481080813861,id:260074097,store:07233,Barista,onsite,"214-216 Kings Highway E, Haddonfield, New Jersey, United States",1,NJ,CONUS_L1_013_031,1
2026-10-01,260078660,https://apply.starbucks.com/careers/job/481080949695,"shift supervisor - Store# 07233, HADDONFIELD",SHIFT_SUPERVISOR,07233,HADDONFIELD,214-216 Kings Highway E,Haddonfield,NJ,,US,,1789963200,2026-09-21,11,2026-10-02,1790084435,2026-09-22,10,False,39.897906,-75.031543,481080949695,id:260078660,store:07233,Shift Supervisor,onsite,"214-216 Kings Highway E, Haddonfield, New Jersey, United States",1,NJ,CONUS_L1_013_031,1
2026-10-01,260072999,https://apply.starbucks.com/careers/job/481080797589,"barista - Store# 07620, ROUTE 70 WEST",BARISTA,07620,ROUTE 70 WEST,"1192 East Rt. 70, Kinko's Plaza, #12",Cherry Hill,NJ,,US,,1789012800,2026-09-10,22,2026-10-02,1789135531,2026-09-11,21,False,39.9117229,-74.9959226,481080797589,id:260072999,store:07620,Barista,onsite,"1192 East Rt. 70, Kinko's Plaza, #12, Cherry Hill, New Jersey, United States",1,NJ,CONUS_L1_013_031,1
2026-10-01,260077220,https://apply.starbucks.com/careers/job/481080890759,"shift supervisor - Store# 07620, ROUTE 70 WEST",SHIFT_SUPERVISOR,07620,ROUTE 70 WEST,"1192 East Rt. 70, Kinko's Plaza, #12",Cherry Hill,NJ,,US,,1789617600,2026-09-17,15,2026-10-02,1789738966,2026-09-18,14,False,39.9117229,-74.9959226,481080890759,id:260077220,store:07620,Shift Supervisor,onsite,"1192 East Rt. 70, Kinko's Plaza, #12, Cherry Hill, New Jersey, United States",1,NJ,CONUS_L1_013_031,1
2026-10-01,260064610,https://apply.starbucks.com/careers/job/481080613859,"shift supervisor - Store# 17100, RAMBLEWOOD",SHIFT_SUPERVISOR,17100,RAMBLEWOOD,550 Fellowship Road,Mount Laurel,NJ,,US,,1788062400,2026-08-30,33,2026-10-02,1788183957,2026-08-31,32,False,39.93242,-74.95924,481080613859,id:260064610,store:17100,Shift Supervisor,onsite,"550 Fellowship Road, Mount Laurel, New Jersey, United States",1,NJ,CONUS_L1_013_031,1
2026-10-01,260063549,https://apply.starbucks.com/careers/job/481080567509,"shift supervisor - Store# 09438, MOUNT LAUREL CENTERTON SQUARE",SHIFT_SUPERVISOR,09438,MOUNT LAUREL CENTERTON SQUARE,"72 Centerton Rd, Centerton Square Shopping CenterSuite D",Mount Laurel,NJ,,US,,1787803200,2026-08-27,36,2026-10-02,1787925011,2026-08-28,35,False,39.9958509,-74.8731916,481080567509,id:260063549,store:09438,Shift Supervisor,onsite,"72 Centerton Rd, Centerton Square Shopping CenterSuite D, Mount Laurel, New Jersey, United States",1,NJ,CONUS_L1_013_031,1
2026-10-01,260068267,https://apply.starbucks.com/careers/job/481080709208,"shift supervisor - Store# 29770, Burlington",SHIFT_SUPERVISOR,29770,Burlington,2601 County Rd 541,Burlington,NJ,,US,,1788408000,2026-09-03,29,2026-10-02,1788529587,2026-09-04,28,False,40.03631,-74.82537,481080709208,id:260068267,store:29770,Shift Supervisor,onsite,"2601 County Rd 541, Burlington, New Jersey, United States",1,NJ,CONUS_L1_013_031,1
2026-10-01,260078924,https://apply.starbucks.com/careers/job/481080964870,"barista - Store# 29770, Burlington",BARISTA,29770,Burlington,2601 County Rd 541,Burlington,NJ,,US,,1790049600,2026-09-22,10,2026-10-02,1790171041,2026-09-23,9,False,40.03631,-74.82537,481080964870,id:260078924,store:29770,Barista,onsite,"2601 County Rd 541, Burlington, New Jersey, United States",1,NJ,CONUS_L1_013_031,1
2026-10-01,260070440,https://apply.starbucks.com/careers/job/481080741458,"barista - Store# 69075, 5 NJ - Rt 31 Pennington",BARISTA,69075,5 NJ - Rt 31 Pennington,5 NJ-31,Pennington,NJ,,US,,1788667200,2026-09-06,26,2026-10-02,1788788420,2026-09-07,25,False,40.3280924,-74.7981338,481080741458,id:260070440,store:69075,Barista,onsite,"5 NJ-31, Pennington, New Jersey, United States",1,NJ,CONUS_L1_013_031;CONUS_L1_013_032,2
2026-10-01,260070650,https://apply.starbucks.com/careers/job/481080741742,"shift supervisor - Store# 69075, 5 NJ - Rt 31 Pennington",SHIFT_SUPERVISOR,69075,5 NJ - Rt 31 Pennington,5 NJ-31,Pennington,NJ,,US,,1788667200,2026-09-06,26,2026-10-02,1788788584,2026-09-07,25,False,40.3280924,-74.7981338,481080741742,id:260070650,store:69075,Shift Supervisor,onsite,"5 NJ-31, Pennington, New Jersey, United States",1,NJ,CONUS_L1_013_031;CONUS_L1_013_032,2
2026-10-01,260072055,https://apply.starbucks.com/careers/job/481080765068,"shift supervisor - Store# 70703, LARCHMONT COMMONS",SHIFT_SUPERVISOR,70703,LARCHMONT COMMONS,"3115 Rt 38, Suite A",Mount Laurel,NJ,,US,,1788840000,2026-09-08,24,2026-10-02,1788961624,2026-09-09,23,False,39.97103,-74.87639,481080765068,id:260072055,store:70703,Shift Supervisor,onsite,"3115 Rt 38, Suite A, Mount Laurel, New Jersey, United States",1,NJ,CONUS_L1_013_031,1
2026-10-01,260071833,https://apply.starbucks.com/careers/job/481080764693,"barista - Store# 70703, LARCHMONT COMMONS",BARISTA,70703,LARCHMONT COMMONS,"3115 Rt 38, Suite A",Mount Laurel,NJ,,US,,1788840000,2026-09-08,24,2026-10-02,1788961441,2026-09-09,23,False,39.97103,-74.87639,481080764693,id:260071833,store:70703,Barista,onsite,"3115 Rt 38, Suite A, Mount Laurel, New Jersey, United States",1,NJ,CONUS_L1_013_031,1
2026-10-01,260077578,https://apply.starbucks.com/careers/job/481080891403,"barista - Store# 07853, HOPEWELL",BARISTA,07853,HOPEWELL,800 A Denow Road,Pennington,NJ,,US,,1789617600,2026-09-17,15,2026-10-02,1789739276,2026-09-18,14,False,40.30115869999999,-74.7831703,481080891403,id:260077578,store:07853,Barista,onsite,"800 A Denow Road, Pennington, New Jersey, United States",1,NJ,CONUS_L1_013_031;CONUS_L1_013_032,2
2026-10-01,260074242,https://apply.starbucks.com/careers/job/481080814053,"shift supervisor - Store# 07853, HOPEWELL",SHIFT_SUPERVISOR,07853,HOPEWELL,800 A Denow Road,Pennington,NJ,,US,,1789185600,2026-09-12,20,2026-10-02,1789307653,2026-09-13,19,False,40.30115869999999,-74.7831703,481080814053,id:260074242,store:07853,Shift Supervisor,onsite,"800 A Denow Road, Pennington, New Jersey, United States",1,NJ,CONUS_L1_013_031;CONUS_L1_013_032,2
2026-10-01,260075953,https://apply.starbucks.com/careers/job/481080847966,"store manager - Greater Trenton/Hamilton, NJ",STORE_MANAGER,,,,Trenton,NJ,,US,,1789505926,2026-09-15,17,2026-10-02,1789504735,2026-09-15,17,False,40.2205824,-74.759717,481080847966,id:260075953,,Coffeehouse Leader,onsite,"Trenton, New Jersey, United States",4,NJ,CONUS_L1_013_031;CONUS_L1_013_032,2
2026-10-01,260068525,https://apply.starbucks.com/careers/job/481080709658,"shift supervisor - Store# 29792, MARLTON DRIVE THRU",SHIFT_SUPERVISOR,29792,MARLTON DRIVE THRU,"930 W Rt 70, 100",Marlton,NJ,,US,,1788408000,2026-09-03,29,2026-10-02,1788529811,2026-09-04,28,False,39.89542,-74.94373,481080709658,id:260068525,store:29792,Shift Supervisor,onsite,"930 W Rt 70, 100, Marlton, New Jersey, United States",1,NJ,CONUS_L1_013_031,1
2026-10-01,260069008,https://apply.starbucks.com/careers/job/481080710438,"barista - Store# 29792, MARLTON DRIVE THRU",BARISTA,29792,MARLTON DRIVE THRU,"930 W Rt 70, 100",Marlton,NJ,,US,,1788408000,2026-09-03,29,2026-10-02,1788530220,2026-09-04,28,False,39.89542,-74.94373,481080710438,id:260069008,store:29792,Barista,onsite,"930 W Rt 70, 100, Marlton, New Jersey, United States",1,NJ,CONUS_L1_013_031,1
2026-10-01,260074228,https://apply.starbucks.com/careers/job/481080814034,"shift supervisor - Store# 07488, MARLTON",SHIFT_SUPERVISOR,07488,MARLTON,"300 State Route 73, Space A",Marlton,NJ,,US,,1789185600,2026-09-12,20,2026-10-02,1789307639,2026-09-13,19,False,39.8895166,-74.9238457,481080814034,id:260074228,store:07488,Shift Supervisor,onsite,"300 State Route 73, Space A, Marlton, New Jersey, United States",1,NJ,CONUS_L1_013_031,1
2026-10-01,260072935,https://apply.starbucks.com/careers/job/481080796791,"barista - Store# 07488, MARLTON",BARISTA,07488,MARLTON,"300 State Route 73, Space A",Marlton,NJ,,US,,1789012800,2026-09-10,22,2026-10-02,1789135477,2026-09-11,21,False,39.8895166,-74.9238457,481080796791,id:260072935,store:07488,Barista,onsite,"300 State Route 73, Space A, Marlton, New Jersey, United States",1,NJ,CONUS_L1_013_031,1
2026-10-01,260071110,https://apply.starbucks.com/careers/job/481080742359,"barista - Store# 66522, EVESHAM ROAD",BARISTA,66522,EVESHAM ROAD,480 Evesham Rd,Cherry Hill,NJ,,US,,1788667200,2026-09-06,26,2026-10-02,1788788954,2026-09-07,25,False,39.86369,-74.96528,481080742359,id:260071110,store:66522,Barista,onsite,"480 Evesham Rd, Cherry Hill, New Jersey, United States",1,NJ,CONUS_L1_013_031,1
2026-10-01,260071038,https://apply.starbucks.com/careers/job/481080742254,"shift supervisor - Store# 66522, EVESHAM ROAD",SHIFT_SUPERVISOR,66522,EVESHAM ROAD,480 Evesham Rd,Cherry Hill,NJ,,US,,1788667200,2026-09-06,26,2026-10-02,1788788894,2026-09-07,25,False,39.86369,-74.96528,481080742254,id:260071038,store:66522,Shift Supervisor,onsite,"480 Evesham Rd, Cherry Hill, New Jersey, United States",1,NJ,CONUS_L1_013_031,1
2026-10-01,260070919,https://apply.starbucks.com/careers/job/481080742084,"shift supervisor - Store# 64615, 2495 BRUNSWICK PIKE",SHIFT_SUPERVISOR,64615,2495 BRUNSWICK PIKE,2495 Brunswick Pike,Lawrence Township,NJ,,US,,1788667200,2026-09-06,26,2026-10-02,1788788799,2026-09-07,25,False,40.25772,-74.72808,481080742084,id:260070919,store:64615,Shift Supervisor,onsite,"2495 Brunswick Pike, Lawrence Township, New Jersey, United States",1,NJ,CONUS_L1_013_031;CONUS_L1_013_032,2
2026-10-01,260071119,https://apply.starbucks.com/careers/job/481080742371,"barista - Store# 64615, 2495 BRUNSWICK PIKE",BARISTA,64615,2495 BRUNSWICK PIKE,2495 Brunswick Pike,Lawrence Township,NJ,,US,,1788667200,2026-09-06,26,2026-10-02,1788788961,2026-09-07,25,False,40.25772,-74.72808,481080742371,id:260071119,store:64615,Barista,onsite,"2495 Brunswick Pike, Lawrence Township, New Jersey, United States",1,NJ,CONUS_L1_013_031;CONUS_L1_013_032,2
2026-10-01,260066439,https://apply.starbucks.com/careers/job/481080679567,"shift supervisor - Store# 25614, MT. HOLLY LUMBERTON",SHIFT_SUPERVISOR,25614,MT. HOLLY LUMBERTON,1537 Route 38,Lumberton,NJ,,US,,1788321600,2026-09-02,30,2026-10-02,1788357978,2026-09-02,30,False,39.98229,-74.80496,481080679567,id:260066439,store:25614,Shift Supervisor,onsite,"1537 Route 38, Lumberton, New Jersey, United States",1,NJ,CONUS_L1_013_031,1
2026-10-01,260078878,https://apply.starbucks.com/careers/job/481080964820,"barista - Store# 25614, MT. HOLLY LUMBERTON",BARISTA,25614,MT. HOLLY LUMBERTON,1537 Route 38,Lumberton,NJ,,US,,1790049600,2026-09-22,10,2026-10-02,1790171002,2026-09-23,9,False,39.98229,-74.80496,481080964820,id:260078878,store:25614,Barista,onsite,"1537 Route 38, Lumberton, New Jersey, United States",1,NJ,CONUS_L1_013_031,1
2026-10-01,260057627,https://apply.starbucks.com/careers/job/481079627273,"barista - Store# 23592, LAWRENCEVILLE",BARISTA,23592,LAWRENCEVILLE,2673 Main St,Lawrence Township,NJ,,US,,1784520000,2026-07-20,74,2026-10-02,1784642474,2026-07-21,73,False,40.29797,-74.72971,481079627273,id:260057627,store:23592,Barista,onsite,"2673 Main St, Lawrence Township, New Jersey, United States",1,NJ,CONUS_L1_013_031;CONUS_L1_013_032,2
2026-10-01,260078442,https://apply.starbucks.com/careers/job/481080936362,"shift supervisor - Store# 23592, LAWRENCEVILLE",SHIFT_SUPERVISOR,23592,LAWRENCEVILLE,2673 Main St,Lawrence Township,NJ,,US,,1789876800,2026-09-20,12,2026-10-02,1789998274,2026-09-21,11,False,40.29797,-74.72971,481080936362,id:260078442,store:23592,Shift Supervisor,onsite,"2673 Main St, Lawrence Township, New Jersey, United States",1,NJ,CONUS_L1_013_031;CONUS_L1_013_032,2
2026-10-01,260070708,https://apply.starbucks.com/careers/job/481080741852,"barista - Store# 23176, FLEMINGTON DT",BARISTA,23176,FLEMINGTON DT,240 Route 202,Flemington,NJ,,US,,1788667200,2026-09-06,26,2026-10-02,1788788630,2026-09-07,25,False,40.4906,-74.8614,481080741852,id:260070708,store:23176,Barista,onsite,"240 Route 202, Flemington, New Jersey, United States",1,NJ,CONUS_L1_013_031,1
2026-10-01,260062447,https://apply.starbucks.com/careers/job/481080494269,"shift supervisor - Store# 23176, FLEMINGTON DT",SHIFT_SUPERVISOR,23176,FLEMINGTON DT,240 Route 202,Flemington,NJ,,US,,1787630400,2026-08-25,38,2026-10-02,1787752225,2026-08-26,37,False,40.4906,-74.8614,481080494269,id:260062447,store:23176,Shift Supervisor,onsite,"240 Route 202, Flemington, New Jersey, United States",1,NJ,CONUS_L1_013_031,1
2026-10-01,260067878,https://apply.starbucks.com/careers/job/481080699803,"shift supervisor - Store# 10782, BORDENTOWN",SHIFT_SUPERVISOR,10782,BORDENTOWN,"282 Dunns Mill Road, ACME Commons at Bordentown",Bordentown,NJ,,US,,1788321600,2026-09-02,30,2026-10-02,1788456710,2026-09-03,29,False,40.13267,-74.72403,481080699803,id:260067878,store:10782,Shift Supervisor,onsite,"282 Dunns Mill Road, ACME Commons at Bordentown, Bordentown, New Jersey, United States",1,NJ,CONUS_L1_013_031;CONUS_L1_013_032,2
2026-10-01,260053653,https://apply.starbucks.com/careers/job/481079368945,store manager,STORE_MANAGER,,,,Flemington,NJ,,US,,1790706882,2026-09-29,3,2026-10-02,1783543125,2026-07-08,86,True,40.5123258,-74.85933179999999,481079368945,id:260053653,,Coffeehouse Leader,onsite,"Flemington, New Jersey, United States",3,NJ,CONUS_L1_013_031;CONUS_L1_013_032,2
2026-10-01,260064632,https://apply.starbucks.com/careers/job/481080613721,"barista - Store# 08964, HAMILTON - WHITE HORSE",BARISTA,08964,HAMILTON - WHITE HORSE,1087 White Horse Avenue,Trenton,NJ,,US,,1788062400,2026-08-30,33,2026-10-02,1788183975,2026-08-31,32,False,40.2063504,-74.69457799999999,481080613721,id:260064632,store:08964,Barista,onsite,"1087 White Horse Avenue, Trenton, New Jersey, United States",1,NJ,CONUS_L1_013_031;CONUS_L1_013_032,2
2026-10-01,260062660,https://apply.starbucks.com/careers/job/481080494869,"shift supervisor - Store# 08964, HAMILTON - WHITE HORSE",SHIFT_SUPERVISOR,08964,HAMILTON - WHITE HORSE,1087 White Horse Avenue,Trenton,NJ,,US,,1787630400,2026-08-25,38,2026-10-02,1787752396,2026-08-26,37,False,40.2063504,-74.69457799999999,481080494869,id:260062660,store:08964,Shift Supervisor,onsite,"1087 White Horse Avenue, Trenton, New Jersey, United States",1,NJ,CONUS_L1_013_031;CONUS_L1_013_032,2
2026-10-01,260070179,https://apply.starbucks.com/careers/job/481080731183,"barista - Store# 60642, MEDFORD NORTH",BARISTA,60642,MEDFORD NORTH,135 NJ-70,Medford,NJ,,US,,1788580800,2026-09-05,27,2026-10-02,1788702687,2026-09-06,26,False,39.90101,-74.84625,481080731183,id:260070179,store:60642,Barista,onsite,"135 NJ-70, Medford, New Jersey, United States",1,NJ,CONUS_L1_013_031,1
2026-10-01,260069552,https://apply.starbucks.com/careers/job/481080730392,"shift supervisor - Store# 60642, MEDFORD NORTH",SHIFT_SUPERVISOR,60642,MEDFORD NORTH,135 NJ-70,Medford,NJ,,US,,1788580800,2026-09-05,27,2026-10-02,1788702190,2026-09-06,26,False,39.90101,-74.84625,481080730392,id:260069552,store:60642,Shift Supervisor,onsite,"135 NJ-70, Medford, New Jersey, United States",1,NJ,CONUS_L1_013_031,1
2026-10-01,260069857,https://apply.starbucks.com/careers/job/481080730769,"barista - Store# 58420, 3100 QUAKERBRIDGE RD",BARISTA,58420,3100 QUAKERBRIDGE RD,"3100 Quakerbridge Rd, Suite 30",Trenton,NJ,,US,,1788580800,2026-09-05,27,2026-10-02,1788702434,2026-09-06,26,False,40.24944,-74.68786,481080730769,id:260069857,store:58420,Barista,onsite,"3100 Quakerbridge Rd, Suite 30, Trenton, New Jersey, United States",1,NJ,CONUS_L1_013_031;CONUS_L1_013_032,2
2026-10-01,260069636,https://apply.starbucks.com/careers/job/481080730488,"shift supervisor - Store# 58420, 3100 QUAKERBRIDGE RD",SHIFT_SUPERVISOR,58420,3100 QUAKERBRIDGE RD,"3100 Quakerbridge Rd, Suite 30",Trenton,NJ,,US,,1788580800,2026-09-05,27,2026-10-02,1788702259,2026-09-06,26,False,40.24944,-74.68786,481080730488,id:260069636,store:58420,Shift Supervisor,onsite,"3100 Quakerbridge Rd, Suite 30, Trenton, New Jersey, United States",1,NJ,CONUS_L1_013_031;CONUS_L1_013_032,2
2026-10-01,260069944,https://apply.starbucks.com/careers/job/481080730880,"barista - Store# 62549, 166 NJ RT. 31 - FLEMINGTON",BARISTA,62549,166 NJ RT. 31 - FLEMINGTON,166 NJ Rt. 31,Flemington,NJ,,US,,1788580800,2026-09-05,27,2026-10-02,1788702501,2026-09-06,26,False,40.52867,-74.85619,481080730880,id:260069944,store:62549,Barista,onsite,"166 NJ Rt. 31, Flemington, New Jersey, United States",1,NJ,CONUS_L1_013_031,1
2026-10-01,260069656,https://apply.starbucks.com/careers/job/481080730535,"shift supervisor - Store# 62549, 166 NJ RT. 31 - FLEMINGTON",SHIFT_SUPERVISOR,62549,166 NJ RT. 31 - FLEMINGTON,166 NJ Rt. 31,Flemington,NJ,,US,,1788580800,2026-09-05,27,2026-10-02,1788702274,2026-09-06,26,False,40.52867,-74.85619,481080730535,id:260069656,store:62549,Shift Supervisor,onsite,"166 NJ Rt. 31, Flemington, New Jersey, United States",1,NJ,CONUS_L1_013_031,1
2026-10-01,260065843,https://apply.starbucks.com/careers/job/481080678396,"barista - Store# 18835, VOORHEES, CEDAR HILL",BARISTA,18835,"VOORHEES, CEDAR HILL","148 Route 73, Cedar Hill Shopping Center",Voorhees,NJ,,US,,1788321600,2026-09-02,30,2026-10-02,1788357445,2026-09-02,30,False,39.83505,-74.92523,481080678396,id:260065843,store:18835,Barista,onsite,"148 Route 73, Cedar Hill Shopping Center, Voorhees, New Jersey, United States",1,NJ,CONUS_L1_013_031,1
2026-10-01,260067171,https://apply.starbucks.com/careers/job/481080698790,"shift supervisor - Store# 18835, VOORHEES, CEDAR HILL",SHIFT_SUPERVISOR,18835,"VOORHEES, CEDAR HILL","148 Route 73, Cedar Hill Shopping Center",Voorhees,NJ,,US,,1788321600,2026-09-02,30,2026-10-02,1788456044,2026-09-03,29,False,39.83505,-74.92523,481080698790,id:260067171,store:18835,Shift Supervisor,onsite,"148 Route 73, Cedar Hill Shopping Center, Voorhees, New Jersey, United States",1,NJ,CONUS_L1_013_031,1
2026-10-01,260067366,https://apply.starbucks.com/careers/job/481080699072,"barista - Store# 18835, VOORHEES, CEDAR HILL",BARISTA,18835,"VOORHEES, CEDAR HILL","148 Route 73, Cedar Hill Shopping Center",Voorhees,NJ,,US,,1788321600,2026-09-02,30,2026-10-02,1788456232,2026-09-03,29,False,39.83505,-74.92523,481080699072,id:260067366,store:18835,Barista,onsite,"148 Route 73, Cedar Hill Shopping Center, Voorhees, New Jersey, United States",1,NJ,CONUS_L1_013_031,1
2026-10-01,260079252,https://apply.starbucks.com/careers/job/481080978355,"barista - Store# 07309, Mercer on One - Route 1",BARISTA,07309,Mercer on One - Route 1,"3357 US 1, Unit 58",Lawrence Township,NJ,,US,,1790136000,2026-09-23,9,2026-10-02,1790257520,2026-09-24,8,False,40.29618,-74.681755,481080978355,id:260079252,store:07309,Barista,onsite,"3357 US 1, Unit 58, Lawrence Township, New Jersey, United States",1,NJ,CONUS_L1_013_031;CONUS_L1_013_032,2
2026-10-01,260079074,https://apply.starbucks.com/careers/job/481080965340,"shift supervisor - Store# 07309, Mercer on One - Route 1",SHIFT_SUPERVISOR,07309,Mercer on One - Route 1,"3357 US 1, Unit 58",Lawrence Township,NJ,,US,,1790049600,2026-09-22,10,2026-10-02,1790171167,2026-09-23,9,False,40.29618,-74.681755,481080965340,id:260079074,store:07309,Shift Supervisor,onsite,"3357 US 1, Unit 58, Lawrence Township, New Jersey, United States",1,NJ,CONUS_L1_013_031;CONUS_L1_013_032,2
2026-10-01,260073861,https://apply.starbucks.com/careers/job/481080813412,"barista - Store# 66417, WEST WINDSOR, RT. 1 N",BARISTA,66417,"WEST WINDSOR, RT. 1 N",3516 Brunswick Pike,Princeton,NJ,,US,,1789185600,2026-09-12,20,2026-10-02,1789307300,2026-09-13,19,False,40.30964,-74.65991,481080813412,id:260073861,store:66417,Barista,onsite,"3516 Brunswick Pike, Princeton, New Jersey, United States",1,NJ,CONUS_L1_013_031;CONUS_L1_013_032,2
2026-10-01,260070550,https://apply.starbucks.com/careers/job/481080741611,"shift supervisor - Store# 66417, WEST WINDSOR, RT. 1 N",SHIFT_SUPERVISOR,66417,"WEST WINDSOR, RT. 1 N",3516 Brunswick Pike,Princeton,NJ,,US,,1788667200,2026-09-06,26,2026-10-02,1788788507,2026-09-07,25,False,40.30964,-74.65991,481080741611,id:260070550,store:66417,Shift Supervisor,onsite,"3516 Brunswick Pike, Princeton, New Jersey, United States",1,NJ,CONUS_L1_013_031;CONUS_L1_013_032,2
2026-10-01,260073505,https://apply.starbucks.com/careers/job/481080812819,"shift supervisor - Store# 07683, PRINCETON MARKETFAIR",SHIFT_SUPERVISOR,07683,PRINCETON MARKETFAIR,"3535 Rt. 1 Ste. 426, Princeton Market Fair",Princeton,NJ,,US,,1789185600,2026-09-12,20,2026-10-02,1789306965,2026-09-13,19,False,40.31496,-74.66039,481080812819,id:260073505,store:07683,Shift Supervisor,onsite,"3535 Rt. 1 Ste. 426, Princeton Market Fair, Princeton, New Jersey, United States",1,NJ,CONUS_L1_013_031;CONUS_L1_013_032,2
2026-10-01,260059128,https://apply.starbucks.com/careers/job/481079980424,"barista - Store# 07683, PRINCETON MARKETFAIR",BARISTA,07683,PRINCETON MARKETFAIR,"3535 Rt. 1 Ste. 426, Princeton Market Fair",Princeton,NJ,,US,,1785643200,2026-08-02,61,2026-10-02,1785753030,2026-08-03,60,False,40.31496,-74.66039,481079980424,id:260059128,store:07683,Barista,onsite,"3535 Rt. 1 Ste. 426, Princeton Market Fair, Princeton, New Jersey, United States",1,NJ,CONUS_L1_013_031;CONUS_L1_013_032,2
2026-10-01,260073917,https://apply.starbucks.com/careers/job/481080813538,"barista - Store# 07584, Medford RT 541",BARISTA,07584,Medford RT 541,"513 RT 541, Ironstone Village Shoppes",Medford,NJ,,US,,1789185600,2026-09-12,20,2026-10-02,1789307351,2026-09-13,19,False,39.8735736,-74.8136584,481080813538,id:260073917,store:07584,Barista,onsite,"513 RT 541, Ironstone Village Shoppes, Medford, New Jersey, United States",1,NJ,CONUS_L1_013_031,1
2026-10-01,260073656,https://apply.starbucks.com/careers/job/481080813065,"shift supervisor - Store# 07584, Medford RT 541",SHIFT_SUPERVISOR,07584,Medford RT 541,"513 RT 541, Ironstone Village Shoppes",Medford,NJ,,US,,1789185600,2026-09-12,20,2026-10-02,1789307109,2026-09-13,19,False,39.8735736,-74.8136584,481080813065,id:260073656,store:07584,Shift Supervisor,onsite,"513 RT 541, Ironstone Village Shoppes, Medford, New Jersey, United States",1,NJ,CONUS_L1_013_031,1
2026-10-01,260059905,https://apply.starbucks.com/careers/job/481080079079,"barista - Store# 48181, Robbinsville - RT 33",BARISTA,48181,Robbinsville - RT 33,2325 Route 33,Trenton,NJ,,US,,1786161600,2026-08-08,55,2026-10-02,1786283197,2026-08-09,54,False,40.21962,-74.63238,481080079079,id:260059905,store:48181,Barista,onsite,"2325 Route 33, Trenton, New Jersey, United States",1,NJ,CONUS_L1_013_031;CONUS_L1_013_032,2
2026-10-01,260062568,https://apply.starbucks.com/careers/job/481080494667,"shift supervisor - Store# 48181, Robbinsville - RT 33",SHIFT_SUPERVISOR,48181,Robbinsville - RT 33,2325 Route 33,Trenton,NJ,,US,,1787630400,2026-08-25,38,2026-10-02,1787752324,2026-08-26,37,False,40.21962,-74.63238,481080494667,id:260062568,store:48181,Shift Supervisor,onsite,"2325 Route 33, Trenton, New Jersey, United States",1,NJ,CONUS_L1_013_031;CONUS_L1_013_032,2
2026-10-01,260060337,https://apply.starbucks.com/careers/job/481080125975,"barista - Store# 07208, PRINCETON NASSAU ST",BARISTA,07208,PRINCETON NASSAU ST,100 Nassau St,Princeton,NJ,,US,,1786420800,2026-08-11,52,2026-10-02,1786542316,2026-08-12,51,False,40.3500137,-74.6595074,481080125975,id:260060337,store:07208,Barista,onsite,"100 Nassau St, Princeton, New Jersey, United States",1,NJ,CONUS_L1_013_031;CONUS_L1_013_032,2
2026-10-01,260053420,https://apply.starbucks.com/careers/job/481079320250,"shift supervisor - Store# 07208, PRINCETON NASSAU ST",SHIFT_SUPERVISOR,07208,PRINCETON NASSAU ST,100 Nassau St,Princeton,NJ,,US,,1783310400,2026-07-06,88,2026-10-02,1783432063,2026-07-07,87,False,40.3500137,-74.6595074,481079320250,id:260053420,store:07208,Shift Supervisor,onsite,"100 Nassau St, Princeton, New Jersey, United States",1,NJ,CONUS_L1_013_031;CONUS_L1_013_032,2
2026-10-01,260066062,https://apply.starbucks.com/careers/job/481080678803,"shift supervisor - Store# 22004, PHILLIPSBURG",SHIFT_SUPERVISOR,22004,PHILLIPSBURG,1198 US Highway 22,Phillipsburg,NJ,,US,,1788321600,2026-09-02,30,2026-10-02,1788357640,2026-09-02,30,False,40.68539,-75.15151,481080678803,id:260066062,store:22004,Shift Supervisor,onsite,"1198 US Highway 22, Phillipsburg, New Jersey, United States",1,NJ,CONUS_L1_013_031,1
2026-10-01,260070267,https://apply.starbucks.com/careers/job/481080731270,"barista - Store# 22004, PHILLIPSBURG",BARISTA,22004,PHILLIPSBURG,1198 US Highway 22,Phillipsburg,NJ,,US,,1788580800,2026-09-05,27,2026-10-02,1788702756,2026-09-06,26,False,40.68539,-75.15151,481080731270,id:260070267,store:22004,Barista,onsite,"1198 US Highway 22, Phillipsburg, New Jersey, United States",1,NJ,CONUS_L1_013_031,1
2026-10-01,260058776,https://apply.starbucks.com/careers/job/481079927679,"barista - Store# 71903, PRINCETON - HARRISON ST CAFE",BARISTA,71903,PRINCETON - HARRISON ST CAFE,"301 North Harrison Street, Space 580",Princeton,NJ,,US,,1785211200,2026-07-28,66,2026-10-02,1785332723,2026-07-29,65,False,40.3639,-74.65188,481079927679,id:260058776,store:71903,Barista,onsite,"301 North Harrison Street, Space 580, Princeton, New Jersey, United States",1,NJ,CONUS_L1_013_031;CONUS_L1_013_032,2
2026-10-01,260071564,https://apply.starbucks.com/careers/job/481080764311,"shift supervisor - Store# 71903, PRINCETON - HARRISON ST CAFE",SHIFT_SUPERVISOR,71903,PRINCETON - HARRISON ST CAFE,"301 North Harrison Street, Space 580",Princeton,NJ,,US,,1788840000,2026-09-08,24,2026-10-02,1788961226,2026-09-09,23,False,40.3639,-74.65188,481080764311,id:260071564,store:71903,Shift Supervisor,onsite,"301 North Harrison Street, Space 580, Princeton, New Jersey, United States",1,NJ,CONUS_L1_013_031;CONUS_L1_013_032,2
2026-10-01,260064016,https://apply.starbucks.com/careers/job/481080594421,"shift supervisor - Store# 53591, MONTGOMERY - RT 206",SHIFT_SUPERVISOR,53591,MONTGOMERY - RT 206,"1320 Rt. 206, Unit 1",Princeton,NJ,,US,,1787976000,2026-08-29,34,2026-10-02,1788097360,2026-08-30,33,False,40.40544,-74.64991,481080594421,id:260064016,store:53591,Shift Supervisor,onsite,"1320 Rt. 206, Unit 1, Princeton, New Jersey, United States",1,NJ,CONUS_L1_013_031;CONUS_L1_013_032,2
2026-10-01,260055012,https://apply.starbucks.com/careers/job/481079436518,"barista - Store# 53591, MONTGOMERY - RT 206",BARISTA,53591,MONTGOMERY - RT 206,"1320 Rt. 206, Unit 1",Princeton,NJ,,US,,1783742400,2026-07-11,83,2026-10-02,1783863575,2026-07-12,82,False,40.40544,-74.64991,481079436518,id:260055012,store:53591,Barista,onsite,"1320 Rt. 206, Unit 1, Princeton, New Jersey, United States",1,NJ,CONUS_L1_013_031;CONUS_L1_013_032,2
2026-10-01,260057339,https://apply.starbucks.com/careers/job/481079587745,"barista - Store# 07332, HILLSBOROUGH RT 206 S",BARISTA,07332,HILLSBOROUGH RT 206 S,"649 Rt. 206 South, Nelsons Corner Shopping CenterSuite #21",Hillsborough,NJ,,US,,1784347200,2026-07-18,76,2026-10-02,1784468475,2026-07-19,75,False,40.4981459,-74.64408209999999,481079587745,id:260057339,store:07332,Barista,onsite,"649 Rt. 206 South, Nelsons Corner Shopping CenterSuite #21, Hillsborough, New Jersey, United States",1,NJ,CONUS_L1_013_031;CONUS_L1_013_032,2
2026-10-01,260072892,https://apply.starbucks.com/careers/job/481080796650,"shift supervisor - Store# 07332, HILLSBOROUGH RT 206 S",SHIFT_SUPERVISOR,07332,HILLSBOROUGH RT 206 S,"649 Rt. 206 South, Nelsons Corner Shopping CenterSuite #21",Hillsborough,NJ,,US,,1789012800,2026-09-10,22,2026-10-02,1789135441,2026-09-11,21,False,40.4981459,-74.64408209999999,481080796650,id:260072892,store:07332,Shift Supervisor,onsite,"649 Rt. 206 South, Nelsons Corner Shopping CenterSuite #21, Hillsborough, New Jersey, United States",1,NJ,CONUS_L1_013_031;CONUS_L1_013_032,2
2026-10-01,260059696,https://apply.starbucks.com/careers/job/481080037292,"barista - Store# 14478, WHITEHOUSE STATION",BARISTA,14478,WHITEHOUSE STATION,531 Route 22 East #8,Whitehouse Station,NJ,,US,,1785902400,2026-08-05,58,2026-10-02,1786023744,2026-08-06,57,False,40.62043,-74.76482,481080037292,id:260059696,store:14478,Barista,onsite,"531 Route 22 East #8, Whitehouse Station, New Jersey, United States",1,NJ,CONUS_L1_013_031;CONUS_L1_014_032,2
2026-10-01,260067300,https://apply.starbucks.com/careers/job/481080699322,"shift supervisor - Store# 14478, WHITEHOUSE STATION",SHIFT_SUPERVISOR,14478,WHITEHOUSE STATION,531 Route 22 East #8,Whitehouse Station,NJ,,US,,1788321600,2026-09-02,30,2026-10-02,1788456168,2026-09-03,29,False,40.62043,-74.76482,481080699322,id:260067300,store:14478,Shift Supervisor,onsite,"531 Route 22 East #8, Whitehouse Station, New Jersey, United States",1,NJ,CONUS_L1_013_031;CONUS_L1_014_032,2
2026-10-01,260070973,https://apply.starbucks.com/careers/job/481080742185,"shift supervisor - Store# 67589, VILLAGE AT HAWK POINTE",SHIFT_SUPERVISOR,67589,VILLAGE AT HAWK POINTE,"1 Hawk Pointe Blvd, A",Washington,NJ,,US,,1788667200,2026-09-06,26,2026-10-02,1788788842,2026-09-07,25,False,40.73599,-74.97506,481080742185,id:260070973,store:67589,Shift Supervisor,onsite,"1 Hawk Pointe Blvd, A, Washington, New Jersey, United States",1,NJ,CONUS_L1_013_031;CONUS_L1_014_032,2
2026-10-01,260079638,https://apply.starbucks.com/careers/job/481081018665,"barista - Store# 67589, VILLAGE AT HAWK POINTE",BARISTA,67589,VILLAGE AT HAWK POINTE,"1 Hawk Pointe Blvd, A",Washington,NJ,,US,,1790395200,2026-09-26,6,2026-10-02,1790516362,2026-09-27,5,False,40.73599,-74.97506,481081018665,id:260079638,store:67589,Barista,onsite,"1 Hawk Pointe Blvd, A, Washington, New Jersey, United States",1,NJ,CONUS_L1_013_031;CONUS_L1_014_032,2
2026-10-01,260063018,https://apply.starbucks.com/careers/job/481080565202,"shift supervisor - Store# 09480, BRANCHBURG",SHIFT_SUPERVISOR,09480,BRANCHBURG,"240 Raritan Valley College Dr, Shoppes at Branchburg",Somerville,NJ,,US,,1787803200,2026-08-27,36,2026-10-02,1787924586,2026-08-28,35,False,40.6053501,-74.6891225,481080565202,id:260063018,store:09480,Shift Supervisor,onsite,"240 Raritan Valley College Dr, Shoppes at Branchburg, Somerville, New Jersey, United States",1,NJ,CONUS_L1_013_031;CONUS_L1_013_032;CONUS_L1_014_032,3
2026-10-01,260068659,https://apply.starbucks.com/careers/job/481080709906,"barista - Store# 09480, BRANCHBURG",BARISTA,09480,BRANCHBURG,"240 Raritan Valley College Dr, Shoppes at Branchburg",Somerville,NJ,,US,,1788408000,2026-09-03,29,2026-10-02,1788529927,2026-09-04,28,False,40.6053501,-74.6891225,481080709906,id:260068659,store:09480,Barista,onsite,"240 Raritan Valley College Dr, Shoppes at Branchburg, Somerville, New Jersey, United States",1,NJ,CONUS_L1_013_031;CONUS_L1_013_032;CONUS_L1_014_032,3
2026-10-01,260069137,https://apply.starbucks.com/careers/job/481080710722,"barista - Store# 25917, DEANS LANE",BARISTA,25917,DEANS LANE,3804 Rt. 1 North,Monmouth Junction,NJ,,US,,1788408000,2026-09-03,29,2026-10-02,1788530328,2026-09-04,28,False,40.42107,-74.52852,481080710722,id:260069137,store:25917,Barista,onsite,"3804 Rt. 1 North, Monmouth Junction, New Jersey, United States",1,NJ,CONUS_L1_013_031;CONUS_L1_013_032,2
2026-10-01,260073017,https://apply.starbucks.com/careers/job/481080797611,"shift supervisor - Store# 25917, DEANS LANE",SHIFT_SUPERVISOR,25917,DEANS LANE,3804 Rt. 1 North,Monmouth Junction,NJ,,US,,1789012800,2026-09-10,22,2026-10-02,1789135546,2026-09-11,21,False,40.42107,-74.52852,481080797611,id:260073017,store:25917,Shift Supervisor,onsite,"3804 Rt. 1 North, Monmouth Junction, New Jersey, United States",1,NJ,CONUS_L1_013_031;CONUS_L1_013_032,2
2026-10-01,260071721,https://apply.starbucks.com/careers/job/481080764623,"barista - Store# 62300, MONROE CROSSING",BARISTA,62300,MONROE CROSSING,200 Joan Warren Way,Monroe Township,NJ,,US,,1788840000,2026-09-08,24,2026-10-02,1788961352,2026-09-09,23,False,40.26827,-74.47633,481080764623,id:260071721,store:62300,Barista,onsite,"200 Joan Warren Way, Monroe Township, New Jersey, United States",1,NJ,CONUS_L1_013_031;CONUS_L1_013_032,2
2026-10-01,260069601,https://apply.starbucks.com/careers/job/481080730516,"shift supervisor - Store# 62300, MONROE CROSSING",SHIFT_SUPERVISOR,62300,MONROE CROSSING,200 Joan Warren Way,Monroe Township,NJ,,US,,1788580800,2026-09-05,27,2026-10-02,1788702230,2026-09-06,26,False,40.26827,-74.47633,481080730516,id:260069601,store:62300,Shift Supervisor,onsite,"200 Joan Warren Way, Monroe Township, New Jersey, United States",1,NJ,CONUS_L1_013_031;CONUS_L1_013_032,2
2026-10-01,260061865,https://apply.starbucks.com/careers/job/481080429685,"shift supervisor - Store# 19505, SOMERVILLE TOWN CENTER",SHIFT_SUPERVISOR,19505,SOMERVILLE TOWN CENTER,"145 W. Main St, unit A-1, Unit A1",Somerville,NJ,,US,,1787457600,2026-08-23,40,2026-10-02,1787579205,2026-08-24,39,False,40.56927150000001,-74.6158675,481080429685,id:260061865,store:19505,Shift Supervisor,onsite,"145 W. Main St, unit A-1, Unit A1, Somerville, New Jersey, United States",1,NJ,CONUS_L1_013_031;CONUS_L1_013_032,2
2026-10-01,260061845,https://apply.starbucks.com/careers/job/481080429656,"barista - Store# 19505, SOMERVILLE TOWN CENTER",BARISTA,19505,SOMERVILLE TOWN CENTER,"145 W. Main St, unit A-1, Unit A1",Somerville,NJ,,US,,1787457600,2026-08-23,40,2026-10-02,1787579187,2026-08-24,39,False,40.56927150000001,-74.6158675,481080429656,id:260061845,store:19505,Barista,onsite,"145 W. Main St, unit A-1, Unit A1, Somerville, New Jersey, United States",1,NJ,CONUS_L1_013_031;CONUS_L1_013_032,2
2026-10-01,260064353,https://apply.starbucks.com/careers/job/481080613173,"barista - Store# 11271, THE VILLAGE AT BRIDGEWATER COMMONS",BARISTA,11271,THE VILLAGE AT BRIDGEWATER COMMONS,"610 Commons Way 4300, The Village at Bridgewater Commons",Bridgewater,NJ,,US,,1788062400,2026-08-30,33,2026-10-02,1788183745,2026-08-31,32,False,40.58299,-74.61494,481080613173,id:260064353,store:11271,Barista,onsite,"610 Commons Way 4300, The Village at Bridgewater Commons, Bridgewater, New Jersey, United States",1,NJ,CONUS_L1_013_031;CONUS_L1_013_032,2
2026-10-01,260065616,https://apply.starbucks.com/careers/job/481080678074,"shift supervisor - Store# 11271, THE VILLAGE AT BRIDGEWATER COMMONS",SHIFT_SUPERVISOR,11271,THE VILLAGE AT BRIDGEWATER COMMONS,"610 Commons Way 4300, The Village at Bridgewater Commons",Bridgewater,NJ,,US,,1788321600,2026-09-02,30,2026-10-02,1788357245,2026-09-02,30,False,40.58299,-74.61494,481080678074,id:260065616,store:11271,Shift Supervisor,onsite,"610 Commons Way 4300, The Village at Bridgewater Commons, Bridgewater, New Jersey, United States",1,NJ,CONUS_L1_013_031;CONUS_L1_013_032,2
2026-10-01,260058680,https://apply.starbucks.com/careers/job/481079907132,"barista - Store# 70701, ADVENTURE CROSSING, JACKSON",BARISTA,70701,"ADVENTURE CROSSING, JACKSON","515 Monmouth Rd Unit 108, 108",Jackson,NJ,,US,,1785124800,2026-07-27,67,2026-10-02,1785246187,2026-07-28,66,False,40.1561352,-74.4288444,481079907132,id:260058680,store:70701,Barista,onsite,"515 Monmouth Rd Unit 108, 108, Jackson, New Jersey, United States",1,NJ,CONUS_L1_013_031;CONUS_L1_013_032,2
2026-10-01,260071795,https://apply.starbucks.com/careers/job/481080764744,"shift supervisor - Store# 70701, ADVENTURE CROSSING, JACKSON",SHIFT_SUPERVISOR,70701,"ADVENTURE CROSSING, JACKSON","515 Monmouth Rd Unit 108, 108",Jackson,NJ,,US,,1788840000,2026-09-08,24,2026-10-02,1788961411,2026-09-09,23,False,40.1561352,-74.4288444,481080764744,id:260071795,store:70701,Shift Supervisor,onsite,"515 Monmouth Rd Unit 108, 108, Jackson, New Jersey, United States",1,NJ,CONUS_L1_013_031;CONUS_L1_013_032,2
2026-10-01,260077021,https://apply.starbucks.com/careers/job/481080875312,"shift supervisor - Store# 07361, SOMERSET",SHIFT_SUPERVISOR,07361,SOMERSET,"120 Cedar Grove Lane, Cedar Grove Shopping Center",Somerset,NJ,,US,,1789531200,2026-09-16,16,2026-10-02,1789652660,2026-09-17,15,False,40.52156,-74.52132,481080875312,id:260077021,store:07361,Shift Supervisor,onsite,"120 Cedar Grove Lane, Cedar Grove Shopping Center, Somerset, New Jersey, United States",1,NJ,CONUS_L1_013_031;CONUS_L1_013_032,2
2026-10-01,260062130,https://apply.starbucks.com/careers/job/481080430615,"shift supervisor - Store# 13295, VILLAGE AT BEDMINSTER",SHIFT_SUPERVISOR,13295,VILLAGE AT BEDMINSTER,"432 US Highway 202/206, Village at Bedminster",Bedminster,NJ,,US,,1787457600,2026-08-23,40,2026-10-02,1787579434,2026-08-24,39,False,40.65024,-74.64139,481080430615,id:260062130,store:13295,Shift Supervisor,onsite,"432 US Highway 202/206, Village at Bedminster, Bedminster, New Jersey, United States",1,NJ,CONUS_L1_013_031;CONUS_L1_013_032;CONUS_L1_014_032,3
2026-10-01,260079712,https://apply.starbucks.com/careers/job/481081018749,"barista - Store# 13295, VILLAGE AT BEDMINSTER",BARISTA,13295,VILLAGE AT BEDMINSTER,"432 US Highway 202/206, Village at Bedminster",Bedminster,NJ,,US,,1790395200,2026-09-26,6,2026-10-02,1790516428,2026-09-27,5,False,40.65024,-74.64139,481081018749,id:260079712,store:13295,Barista,onsite,"432 US Highway 202/206, Village at Bedminster, Bedminster, New Jersey, United States",1,NJ,CONUS_L1_013_031;CONUS_L1_013_032;CONUS_L1_014_032,3
2026-10-01,260064482,https://apply.starbucks.com/careers/job/481080613651,"shift supervisor - Store# 11363, NORTH BRUNSWICK, NJ",SHIFT_SUPERVISOR,11363,"NORTH BRUNSWICK, NJ","522 Shoppes Blvd, Shoppes at North Brunswick",North Brunswick,NJ,,US,,1788062400,2026-08-30,33,2026-10-02,1788183851,2026-08-31,32,False,40.46142,-74.45732,481080613651,id:260064482,store:11363,Shift Supervisor,onsite,"522 Shoppes Blvd, Shoppes at North Brunswick, North Brunswick, New Jersey, United States",1,NJ,CONUS_L1_013_031;CONUS_L1_013_032,2
2026-10-01,260053314,https://apply.starbucks.com/careers/job/481079320045,"barista - Store# 11363, NORTH BRUNSWICK, NJ",BARISTA,11363,"NORTH BRUNSWICK, NJ","522 Shoppes Blvd, Shoppes at North Brunswick",North Brunswick,NJ,,US,,1783310400,2026-07-06,88,2026-10-02,1783431977,2026-07-07,87,False,40.46142,-74.45732,481079320045,id:260053314,store:11363,Barista,onsite,"522 Shoppes Blvd, Shoppes at North Brunswick, North Brunswick, New Jersey, United States",1,NJ,CONUS_L1_013_031;CONUS_L1_013_032,2
2026-10-01,260068867,https://apply.starbucks.com/careers/job/481080710251,"shift supervisor - Store# 51859, Rutgers - The Yard",SHIFT_SUPERVISOR,51859,Rutgers - The Yard,38 College Ave,New Brunswick,NJ,,US,,1788408000,2026-09-03,29,2026-10-02,1788530102,2026-09-04,28,False,40.49926,-74.44823,481080710251,id:260068867,store:51859,Shift Supervisor,onsite,"38 College Ave, New Brunswick, New Jersey, United States",1,NJ,CONUS_L1_013_031;CONUS_L1_013_032,2
2026-10-01,260068631,https://apply.starbucks.com/careers/job/481080709789,"barista - Store# 51859, Rutgers - The Yard",BARISTA,51859,Rutgers - The Yard,38 College Ave,New Brunswick,NJ,,US,,1788408000,2026-09-03,29,2026-10-02,1788529903,2026-09-04,28,False,40.49926,-74.44823,481080709789,id:260068631,store:51859,Barista,onsite,"38 College Ave, New Brunswick, New Jersey, United States",1,NJ,CONUS_L1_013_031;CONUS_L1_013_032,2
2026-10-01,260077171,https://apply.starbucks.com/careers/job/481080890695,"barista - Store# 07669, BASKING RIDGE RIVERWALK",BARISTA,07669,BASKING RIDGE RIVERWALK,655 Martinsville Rd,Basking Ridge,NJ,,US,,1789617600,2026-09-17,15,2026-10-02,1789738924,2026-09-18,14,False,40.6523937,-74.57657019999999,481080890695,id:260077171,store:07669,Barista,onsite,"655 Martinsville Rd, Basking Ridge, New Jersey, United States",1,NJ,CONUS_L1_013_031;CONUS_L1_013_032;CONUS_L1_014_032,3
2026-10-01,260064551,https://apply.starbucks.com/careers/job/481080613789,"shift supervisor - Store# 07669, BASKING RIDGE RIVERWALK",SHIFT_SUPERVISOR,07669,BASKING RIDGE RIVERWALK,655 Martinsville Rd,Basking Ridge,NJ,,US,,1788062400,2026-08-30,33,2026-10-02,1788183907,2026-08-31,32,False,40.6523937,-74.57657019999999,481080613789,id:260064551,store:07669,Shift Supervisor,onsite,"655 Martinsville Rd, Basking Ridge, New Jersey, United States",1,NJ,CONUS_L1_013_031;CONUS_L1_013_032;CONUS_L1_014_032,3
2026-10-01,260053550,https://apply.starbucks.com/careers/job/481079351635,"barista - Store# 19242, HACKETTSTOWN",BARISTA,19242,HACKETTSTOWN,1885 Route 57,Hackettstown,NJ,,US,,1783396800,2026-07-07,87,2026-10-02,1783518143,2026-07-08,86,False,40.8213,-74.83684,481079351635,id:260053550,store:19242,Barista,onsite,"1885 Route 57, Hackettstown, New Jersey, United States",1,NJ,CONUS_L1_013_031;CONUS_L1_014_032,2
2026-10-01,260074362,https://apply.starbucks.com/careers/job/481080814263,"shift supervisor - Store# 19242, HACKETTSTOWN",SHIFT_SUPERVISOR,19242,HACKETTSTOWN,1885 Route 57,Hackettstown,NJ,,US,,1789185600,2026-09-12,20,2026-10-02,1789307766,2026-09-13,19,False,40.8213,-74.83684,481080814263,id:260074362,store:19242,Shift Supervisor,onsite,"1885 Route 57, Hackettstown, New Jersey, United States",1,NJ,CONUS_L1_013_031;CONUS_L1_014_032,2
2026-10-01,260064754,https://apply.starbucks.com/careers/job/481080614108,"barista - Store# 21251, GREENBROOK",BARISTA,21251,GREENBROOK,287 Route 22,Dunellen,NJ,,US,,1788062400,2026-08-30,33,2026-10-02,1788184079,2026-08-31,32,False,40.59096,-74.49861,481080614108,id:260064754,store:21251,Barista,onsite,"287 Route 22, Dunellen, New Jersey, United States",1,NJ,CONUS_L1_013_031;CONUS_L1_013_032;CONUS_L1_014_032,3
2026-10-01,260078291,https://apply.starbucks.com/careers/job/481080936086,"shift supervisor - Store# 21251, GREENBROOK",SHIFT_SUPERVISOR,21251,GREENBROOK,287 Route 22,Dunellen,NJ,,US,,1789876800,2026-09-20,12,2026-10-02,1789998147,2026-09-21,11,False,40.59096,-74.49861,481080936086,id:260078291,store:21251,Shift Supervisor,onsite,"287 Route 22, Dunellen, New Jersey, United States",1,NJ,CONUS_L1_013_031;CONUS_L1_013_032;CONUS_L1_014_032,3
2026-10-01,260071895,https://apply.starbucks.com/careers/job/481080764825,"shift supervisor - Store# 09958, RTE 18 NORTH-EAST BRUNSWICK",SHIFT_SUPERVISOR,09958,RTE 18 NORTH-EAST BRUNSWICK,300 Route 18 North,East Brunswick,NJ,,US,,1788840000,2026-09-08,24,2026-10-02,1788961491,2026-09-09,23,False,40.45642,-74.40034,481080764825,id:260071895,store:09958,Shift Supervisor,onsite,"300 Route 18 North, East Brunswick, New Jersey, United States",1,NJ,CONUS_L1_013_031;CONUS_L1_013_032,2
2026-10-01,260056026,https://apply.starbucks.com/careers/job/481079473404,"barista - Store# 09958, RTE 18 NORTH-EAST BRUNSWICK",BARISTA,09958,RTE 18 NORTH-EAST BRUNSWICK,300 Route 18 North,East Brunswick,NJ,,US,,1783915200,2026-07-13,81,2026-10-02,1784037224,2026-07-14,80,False,40.45642,-74.40034,481079473404,id:260056026,store:09958,Barista,onsite,"300 Route 18 North, East Brunswick, New Jersey, United States",1,NJ,CONUS_L1_013_031;CONUS_L1_013_032,2
2026-10-01,260068517,https://apply.starbucks.com/careers/job/481080709981,"shift supervisor - Store# 49768, RARITAN HEIGHTS",SHIFT_SUPERVISOR,49768,RARITAN HEIGHTS,23 Route 1,New Brunswick,NJ,,US,,1788408000,2026-09-03,29,2026-10-02,1788529803,2026-09-04,28,False,40.48709,-74.4157,481080709981,id:260068517,store:49768,Shift Supervisor,onsite,"23 Route 1, New Brunswick, New Jersey, United States",1,NJ,CONUS_L1_013_031;CONUS_L1_013_032,2
2026-10-01,260077434,https://apply.starbucks.com/careers/job/481080891049,"barista - Store# 49768, RARITAN HEIGHTS",BARISTA,49768,RARITAN HEIGHTS,23 Route 1,New Brunswick,NJ,,US,,1789617600,2026-09-17,15,2026-10-02,1789739151,2026-09-18,14,False,40.48709,-74.4157,481080891049,id:260077434,store:49768,Barista,onsite,"23 Route 1, New Brunswick, New Jersey, United States",1,NJ,CONUS_L1_013_031;CONUS_L1_013_032,2
2026-10-01,260054836,https://apply.starbucks.com/careers/job/481079406423,"shift supervisor - Store# 24041, EAST BRUNSWICK - RACETRACK RD",SHIFT_SUPERVISOR,24041,EAST BRUNSWICK - RACETRACK RD,"50 Racetrack Rd, Suite A",East Brunswick,NJ,,US,,1783569600,2026-07-09,85,2026-10-02,1783691627,2026-07-10,84,False,40.42911,-74.38466,481079406423,id:260054836,store:24041,Shift Supervisor,onsite,"50 Racetrack Rd, Suite A, East Brunswick, New Jersey, United States",1,NJ,CONUS_L1_013_031;CONUS_L1_013_032,2
2026-10-01,260078548,https://apply.starbucks.com/careers/job/481080936551,"barista - Store# 24041, EAST BRUNSWICK - RACETRACK RD",BARISTA,24041,EAST BRUNSWICK - RACETRACK RD,"50 Racetrack Rd, Suite A",East Brunswick,NJ,,US,,1789876800,2026-09-20,12,2026-10-02,1789998364,2026-09-21,11,False,40.42911,-74.38466,481080936551,id:260078548,store:24041,Barista,onsite,"50 Racetrack Rd, Suite A, East Brunswick, New Jersey, United States",1,NJ,CONUS_L1_013_031;CONUS_L1_013_032,2
2026-10-01,260059087,https://apply.starbucks.com/careers/job/481079980374,"shift supervisor - Store# 07545, WARREN",SHIFT_SUPERVISOR,07545,WARREN,4 Mount Bethel Rd,Warren,NJ,,US,,1785643200,2026-08-02,61,2026-10-02,1785752996,2026-08-03,60,False,40.61629,-74.49442,481079980374,id:260059087,store:07545,Shift Supervisor,onsite,"4 Mount Bethel Rd, Warren, New Jersey, United States",1,NJ,CONUS_L1_013_031;CONUS_L1_013_032;CONUS_L1_014_032,3
2026-10-01,260059520,https://apply.starbucks.com/careers/job/481080000904,"barista - Store# 07545, WARREN",BARISTA,07545,WARREN,4 Mount Bethel Rd,Warren,NJ,,US,,1785729600,2026-08-03,60,2026-10-02,1785851170,2026-08-04,59,False,40.61629,-74.49442,481080000904,id:260059520,store:07545,Barista,onsite,"4 Mount Bethel Rd, Warren, New Jersey, United States",1,NJ,CONUS_L1_013_031;CONUS_L1_013_032;CONUS_L1_014_032,3
2026-10-01,260066193,https://apply.starbucks.com/careers/job/481080679054,"shift supervisor - Store# 11642, CHESTER SPRINGS RT 206",SHIFT_SUPERVISOR,11642,CHESTER SPRINGS RT 206,"450 Route 206, Chester Springs Shopping Center",Chester,NJ,,US,,1788321600,2026-09-02,30,2026-10-02,1788357759,2026-09-02,30,False,40.77841,-74.69736,481080679054,id:260066193,store:11642,Shift Supervisor,onsite,"450 Route 206, Chester Springs Shopping Center, Chester, New Jersey, United States",1,NJ,CONUS_L1_013_031;CONUS_L1_014_032,2
2026-10-01,260056912,https://apply.starbucks.com/careers/job/481079555972,"barista - Store# 11642, CHESTER SPRINGS RT 206",BARISTA,11642,CHESTER SPRINGS RT 206,"450 Route 206, Chester Springs Shopping Center",Chester,NJ,,US,,1784174400,2026-07-16,78,2026-10-02,1784295759,2026-07-17,77,False,40.77841,-74.69736,481079555972,id:260056912,store:11642,Barista,onsite,"450 Route 206, Chester Springs Shopping Center, Chester, New Jersey, United States",1,NJ,CONUS_L1_013_031;CONUS_L1_014_032,2
2026-10-01,260061522,https://apply.starbucks.com/careers/job/481080387233,"barista - Store# 02863, CENTENNIAL PLAZA",BARISTA,02863,CENTENNIAL PLAZA,"1400 Centennial Ave, Centennial Plaza",Piscataway,NJ,,US,,1787198400,2026-08-20,43,2026-10-02,1787319555,2026-08-21,42,False,40.55191689999999,-74.4349709,481080387233,id:260061522,store:02863,Barista,onsite,"1400 Centennial Ave, Centennial Plaza, Piscataway, New Jersey, United States",1,NJ,CONUS_L1_013_031;CONUS_L1_013_032,2
2026-10-01,260078945,https://apply.starbucks.com/careers/job/481080965139,"shift supervisor - Store# 02863, CENTENNIAL PLAZA",SHIFT_SUPERVISOR,02863,CENTENNIAL PLAZA,"1400 Centennial Ave, Centennial Plaza",Piscataway,NJ,,US,,1790049600,2026-09-22,10,2026-10-02,1790171059,2026-09-23,9,False,40.55191689999999,-74.4349709,481080965139,id:260078945,store:02863,Shift Supervisor,onsite,"1400 Centennial Ave, Centennial Plaza, Piscataway, New Jersey, United States",1,NJ,CONUS_L1_013_031;CONUS_L1_013_032,2
2026-10-01,260074204,https://apply.starbucks.com/careers/job/481080813988,"shift supervisor - Store# 07758, RAINTREE FREEHOLD",SHIFT_SUPERVISOR,07758,RAINTREE FREEHOLD,11 Village Center Drive,Freehold,NJ,,US,,1789185600,2026-09-12,20,2026-10-02,1789307617,2026-09-13,19,False,40.24051,-74.30535,481080813988,id:260074204,store:07758,Shift Supervisor,onsite,"11 Village Center Drive, Freehold, New Jersey, United States",1,NJ,CONUS_L1_013_031;CONUS_L1_013_032,2
2026-10-01,260072861,https://apply.starbucks.com/careers/job/481080796523,"barista - Store# 07758, RAINTREE FREEHOLD",BARISTA,07758,RAINTREE FREEHOLD,11 Village Center Drive,Freehold,NJ,,US,,1789012800,2026-09-10,22,2026-10-02,1789135415,2026-09-11,21,False,40.24051,-74.30535,481080796523,id:260072861,store:07758,Barista,onsite,"11 Village Center Drive, Freehold, New Jersey, United States",1,NJ,CONUS_L1_013_031;CONUS_L1_013_032,2
2026-10-01,260059885,https://apply.starbucks.com/careers/job/481080079051,"barista - Store# 14266, FREEHOLD RACEWAY MALL",BARISTA,14266,FREEHOLD RACEWAY MALL,"3710 Route 9, Freehold Raceway Mall",Freehold,NJ,,US,,1786161600,2026-08-08,55,2026-10-02,1786283179,2026-08-09,54,False,40.2534,-74.30019,481080079051,id:260059885,store:14266,Barista,onsite,"3710 Route 9, Freehold Raceway Mall, Freehold, New Jersey, United States",1,NJ,CONUS_L1_013_031;CONUS_L1_013_032,2
2026-10-01,260065595,https://apply.starbucks.com/careers/job/481080677852,"shift supervisor - Store# 14266, FREEHOLD RACEWAY MALL",SHIFT_SUPERVISOR,14266,FREEHOLD RACEWAY MALL,"3710 Route 9, Freehold Raceway Mall",Freehold,NJ,,US,,1788321600,2026-09-02,30,2026-10-02,1788357227,2026-09-02,30,False,40.2534,-74.30019,481080677852,id:260065595,store:14266,Shift Supervisor,onsite,"3710 Route 9, Freehold Raceway Mall, Freehold, New Jersey, United States",1,NJ,CONUS_L1_013_031;CONUS_L1_013_032,2
2026-10-01,260061944,https://apply.starbucks.com/careers/job/481080429785,"barista - Store# 13296, BERNARDSVILLE CENTRE",BARISTA,13296,BERNARDSVILLE CENTRE,"80 Morristown Rd, Unit 10",Bernardsville,NJ,,US,,1787457600,2026-08-23,40,2026-10-02,1787579275,2026-08-24,39,False,40.7201,-74.56309,481080429785,id:260061944,store:13296,Barista,onsite,"80 Morristown Rd, Unit 10, Bernardsville, New Jersey, United States",1,NJ,CONUS_L1_013_031;CONUS_L1_013_032;CONUS_L1_014_032,3
2026-10-01,260061811,https://apply.starbucks.com/careers/job/481080429614,"shift supervisor - Store# 13296, BERNARDSVILLE CENTRE",SHIFT_SUPERVISOR,13296,BERNARDSVILLE CENTRE,"80 Morristown Rd, Unit 10",Bernardsville,NJ,,US,,1787457600,2026-08-23,40,2026-10-02,1787579157,2026-08-24,39,False,40.7201,-74.56309,481080429614,id:260061811,store:13296,Shift Supervisor,onsite,"80 Morristown Rd, Unit 10, Bernardsville, New Jersey, United States",1,NJ,CONUS_L1_013_031;CONUS_L1_013_032;CONUS_L1_014_032,3
2026-10-01,260060235,https://apply.starbucks.com/careers/job/481080108623,"barista - Store# 07753, ROUTE 9, MANALAPAN",BARISTA,07753,"ROUTE 9, MANALAPAN",310 Route 9 North,Englishtown,NJ,,US,,1786334400,2026-08-10,53,2026-10-02,1786455953,2026-08-11,52,False,40.3381225,-74.30604629999999,481080108623,id:260060235,store:07753,Barista,onsite,"310 Route 9 North, Englishtown, New Jersey, United States",1,NJ,CONUS_L1_013_031;CONUS_L1_013_032,2
2026-10-01,260072937,https://apply.starbucks.com/careers/job/481080795517,"shift supervisor - Store# 07753, ROUTE 9, MANALAPAN",SHIFT_SUPERVISOR,07753,"ROUTE 9, MANALAPAN",310 Route 9 North,Englishtown,NJ,,US,,1789012800,2026-09-10,22,2026-10-02,1789135478,2026-09-11,21,False,40.3381225,-74.30604629999999,481080795517,id:260072937,store:07753,Shift Supervisor,onsite,"310 Route 9 North, Englishtown, New Jersey, United States",1,NJ,CONUS_L1_013_031;CONUS_L1_013_032,2
2026-10-01,260053742,https://apply.starbucks.com/careers/job/481079385349,"barista - Store# 07843, Marlboro Cafe -Rt 9 S",BARISTA,07843,Marlboro Cafe -Rt 9 S,67 Route 9 S,Morganville,NJ,,US,,1783483200,2026-07-08,86,2026-10-02,1783604558,2026-07-09,85,False,40.3539378,-74.30787959999999,481079385349,id:260053742,store:07843,Barista,onsite,"67 Route 9 S, Morganville, New Jersey, United States",1,NJ,CONUS_L1_013_031;CONUS_L1_013_032,2
2026-10-01,260073515,https://apply.starbucks.com/careers/job/481080812824,"shift supervisor - Store# 07843, Marlboro Cafe -Rt 9 S",SHIFT_SUPERVISOR,07843,Marlboro Cafe -Rt 9 S,67 Route 9 S,Morganville,NJ,,US,,1789185600,2026-09-12,20,2026-10-02,1789306974,2026-09-13,19,False,40.3539378,-74.30787959999999,481080812824,id:260073515,store:07843,Shift Supervisor,onsite,"67 Route 9 S, Morganville, New Jersey, United States",1,NJ,CONUS_L1_013_031;CONUS_L1_013_032,2
2026-10-01,260078299,https://apply.starbucks.com/careers/job/481080936129,"shift supervisor - Store# 62881, Marlboro Drive Thru -Rt 9 N",SHIFT_SUPERVISOR,62881,Marlboro Drive Thru -Rt 9 N,100 Rte 9 North,Marlboro,NJ,,US,,1789876800,2026-09-20,12,2026-10-02,1789998154,2026-09-21,11,False,40.35106,-74.30692,481080936129,id:260078299,store:62881,Shift Supervisor,onsite,"100 Rte 9 North, Marlboro, New Jersey, United States",1,NJ,CONUS_L1_013_031;CONUS_L1_013_032,2
2026-10-01,260059138,https://apply.starbucks.com/careers/job/481079980427,"barista - Store# 62881, Marlboro Drive Thru -Rt 9 N",BARISTA,62881,Marlboro Drive Thru -Rt 9 N,100 Rte 9 North,Marlboro,NJ,,US,,1785643200,2026-08-02,61,2026-10-02,1785753039,2026-08-03,60,False,40.35106,-74.30692,481079980427,id:260059138,store:62881,Barista,onsite,"100 Rte 9 North, Marlboro, New Jersey, United States",1,NJ,CONUS_L1_013_031;CONUS_L1_013_032,2
2026-10-01,260071015,https://apply.starbucks.com/careers/job/481080742194,"barista - Store# 25615, EDISON RTE 1",BARISTA,25615,EDISON RTE 1,939 US ROUTE 1,Edison,NJ,,US,,1788667200,2026-09-06,26,2026-10-02,1788788876,2026-09-07,25,False,40.51632,-74.37318,481080742194,id:260071015,store:25615,Barista,onsite,"939 US ROUTE 1, Edison, New Jersey, United States",1,NJ,CONUS_L1_013_031;CONUS_L1_013_032,2
2026-10-01,260063702,https://apply.starbucks.com/careers/job/481080567531,"shift supervisor - Store# 08811, GILLETTE",SHIFT_SUPERVISOR,08811,GILLETTE,"977 Valley Road, Valley Mall Shopping Center",Gillette,NJ,,US,,1787803200,2026-08-27,36,2026-10-02,1787925133,2026-08-28,35,False,40.66923,-74.47991,481080567531,id:260063702,store:08811,Shift Supervisor,onsite,"977 Valley Road, Valley Mall Shopping Center, Gillette, New Jersey, United States",1,NJ,CONUS_L1_013_031;CONUS_L1_013_032;CONUS_L1_014_032,3
2026-10-01,260063625,https://apply.starbucks.com/careers/job/481080567656,"barista - Store# 08811, GILLETTE",BARISTA,08811,GILLETTE,"977 Valley Road, Valley Mall Shopping Center",Gillette,NJ,,US,,1787803200,2026-08-27,36,2026-10-02,1787925073,2026-08-28,35,False,40.66923,-74.47991,481080567656,id:260063625,store:08811,Barista,onsite,"977 Valley Road, Valley Mall Shopping Center, Gillette, New Jersey, United States",1,NJ,CONUS_L1_013_031;CONUS_L1_013_032;CONUS_L1_014_032,3
2026-10-01,260074504,https://apply.starbucks.com/careers/job/481080820144,"barista - Store# 70751, SOUTH ST, FREEHOLD",BARISTA,70751,"SOUTH ST, FREEHOLD",146 South St,Freehold,NJ,,US,,1789272000,2026-09-13,19,2026-10-02,1789394118,2026-09-14,18,False,40.25059,-74.27478,481080820144,id:260074504,store:70751,Barista,onsite,"146 South St, Freehold, New Jersey, United States",1,NJ,CONUS_L1_013_031;CONUS_L1_013_032,2
2026-10-01,260062835,https://apply.starbucks.com/careers/job/481080495322,"shift supervisor - Store# 70751, SOUTH ST, FREEHOLD",SHIFT_SUPERVISOR,70751,"SOUTH ST, FREEHOLD",146 South St,Freehold,NJ,,US,,1787630400,2026-08-25,38,2026-10-02,1787752537,2026-08-26,37,False,40.25059,-74.27478,481080495322,id:260062835,store:70751,Shift Supervisor,onsite,"146 South St, Freehold, New Jersey, United States",1,NJ,CONUS_L1_013_031;CONUS_L1_013_032,2
2026-10-01,260072181,https://apply.starbucks.com/careers/job/481080765324,"shift supervisor - Store# 68218, METUCHEN DT",SHIFT_SUPERVISOR,68218,METUCHEN DT,720 Middlesex Avenue,Metuchen,NJ,,US,,1788840000,2026-09-08,24,2026-10-02,1788961724,2026-09-09,23,False,40.53931,-74.36943,481080765324,id:260072181,store:68218,Shift Supervisor,onsite,"720 Middlesex Avenue, Metuchen, New Jersey, United States",1,NJ,CONUS_L1_013_031;CONUS_L1_013_032,2
2026-10-01,260078076,https://apply.starbucks.com/careers/job/481080923585,"barista - Store# 68218, METUCHEN DT",BARISTA,68218,METUCHEN DT,720 Middlesex Avenue,Metuchen,NJ,,US,,1789790400,2026-09-19,13,2026-10-02,1789911720,2026-09-20,12,False,40.53931,-74.36943,481080923585,id:260078076,store:68218,Barista,onsite,"720 Middlesex Avenue, Metuchen, New Jersey, United States",1,NJ,CONUS_L1_013_031;CONUS_L1_013_032,2
2026-10-01,260058168,https://apply.starbucks.com/careers/job/481079849658,"barista - Store# 22993, Howell Park & Ride -621 Rte 9",BARISTA,22993,Howell Park & Ride -621 Rte 9,621 U.S Highway 9,Freehold,NJ,,US,,1784952000,2026-07-25,69,2026-10-02,1785073437,2026-07-26,68,False,40.21024,-74.25772,481079849658,id:260058168,store:22993,Barista,onsite,"621 U.S Highway 9, Freehold, New Jersey, United States",1,NJ,CONUS_L1_013_031;CONUS_L1_013_032,2
2026-10-01,260067777,https://apply.starbucks.com/careers/job/481080699678,"shift supervisor - Store# 22993, Howell Park & Ride -621 Rte 9",SHIFT_SUPERVISOR,22993,Howell Park & Ride -621 Rte 9,621 U.S Highway 9,Freehold,NJ,,US,,1788321600,2026-09-02,30,2026-10-02,1788456614,2026-09-03,29,False,40.21024,-74.25772,481080699678,id:260067777,store:22993,Shift Supervisor,onsite,"621 U.S Highway 9, Freehold, New Jersey, United States",1,NJ,CONUS_L1_013_031;CONUS_L1_013_032,2
2026-10-01,260060087,https://apply.starbucks.com/careers/job/481080087826,"barista - Store# 79880, MENDHAM CAFE",BARISTA,79880,MENDHAM CAFE,"84 E Main St, 6",Mendham,NJ,,US,,1786248000,2026-08-09,54,2026-10-02,1786369532,2026-08-10,53,False,40.78304,-74.58813,481080087826,id:260060087,store:79880,Barista,onsite,"84 E Main St, 6, Mendham, New Jersey, United States",1,NJ,CONUS_L1_013_031;CONUS_L1_014_032,2
2026-10-01,260061332,https://apply.starbucks.com/careers/job/481080264914,"shift supervisor - Store# 79880, MENDHAM CAFE",SHIFT_SUPERVISOR,79880,MENDHAM CAFE,"84 E Main St, 6",Mendham,NJ,,US,,1787025600,2026-08-18,45,2026-10-02,1787146980,2026-08-19,44,False,40.78304,-74.58813,481080264914,id:260061332,store:79880,Shift Supervisor,onsite,"84 E Main St, 6, Mendham, New Jersey, United States",1,NJ,CONUS_L1_013_031;CONUS_L1_014_032,2
2026-10-01,260078728,https://apply.starbucks.com/careers/job/481080949761,"barista - Store# 20213, SAYREVILLE",BARISTA,20213,SAYREVILLE,957 Route 9 N,South Amboy,NJ,,US,,1789963200,2026-09-21,11,2026-10-02,1790084495,2026-09-22,10,False,40.46205,-74.29515,481080949761,id:260078728,store:20213,Barista,onsite,"957 Route 9 N, South Amboy, New Jersey, United States",1,NJ,CONUS_L1_013_031;CONUS_L1_013_032,2
2026-10-01,260064510,https://apply.starbucks.com/careers/job/481080613608,"shift supervisor - Store# 20213, SAYREVILLE",SHIFT_SUPERVISOR,20213,SAYREVILLE,957 Route 9 N,South Amboy,NJ,,US,,1788062400,2026-08-30,33,2026-10-02,1788183874,2026-08-31,32,False,40.46205,-74.29515,481080613608,id:260064510,store:20213,Shift Supervisor,onsite,"957 Route 9 N, South Amboy, New Jersey, United States",1,NJ,CONUS_L1_013_031;CONUS_L1_013_032,2
2026-10-01,260074782,https://apply.starbucks.com/careers/job/481080820518,"barista - Store# 57317, WATCHUNG RT. 22",BARISTA,57317,WATCHUNG RT. 22,1666 US 22,Watchung,NJ,,US,,1789272000,2026-09-13,19,2026-10-02,1789394358,2026-09-14,18,False,40.64411,-74.41114,481080820518,id:260074782,store:57317,Barista,onsite,"1666 US 22, Watchung, New Jersey, United States",1,NJ,CONUS_L1_013_031;CONUS_L1_013_032;CONUS_L1_014_032,3
2026-10-01,260078493,https://apply.starbucks.com/careers/job/481080936431,"shift supervisor - Store# 57317, WATCHUNG RT. 22",SHIFT_SUPERVISOR,57317,WATCHUNG RT. 22,1666 US 22,Watchung,NJ,,US,,1789876800,2026-09-20,12,2026-10-02,1789998317,2026-09-21,11,False,40.64411,-74.41114,481080936431,id:260078493,store:57317,Shift Supervisor,onsite,"1666 US 22, Watchung, New Jersey, United States",1,NJ,CONUS_L1_013_031;CONUS_L1_013_032;CONUS_L1_014_032,3
2026-10-01,260073330,https://apply.starbucks.com/careers/job/481080798300,"shift supervisor - Store# 07767, EDISON RT 27",SHIFT_SUPERVISOR,07767,EDISON RT 27,"49 Route 27, Colonial Village",Edison,NJ,,US,,1789012800,2026-09-10,22,2026-10-02,1789135813,2026-09-11,21,False,40.5569874,-74.3432383,481080798300,id:260073330,store:07767,Shift Supervisor,onsite,"49 Route 27, Colonial Village, Edison, New Jersey, United States",1,NJ,CONUS_L1_013_031;CONUS_L1_013_032,2
2026-10-01,260074186,https://apply.starbucks.com/careers/job/481080813976,"barista - Store# 07767, EDISON RT 27",BARISTA,07767,EDISON RT 27,"49 Route 27, Colonial Village",Edison,NJ,,US,,1789185600,2026-09-12,20,2026-10-02,1789307601,2026-09-13,19,False,40.5569874,-74.3432383,481080813976,id:260074186,store:07767,Barista,onsite,"49 Route 27, Colonial Village, Edison, New Jersey, United States",1,NJ,CONUS_L1_013_031;CONUS_L1_013_032,2
2026-10-01,260074555,https://apply.starbucks.com/careers/job/481080820216,"barista - Store# 02773, HOWELL - RT 9 N",BARISTA,02773,HOWELL - RT 9 N,"5325 US-9, Space T1B10",Howell,NJ,,US,,1789272000,2026-09-13,19,2026-10-02,1789394162,2026-09-14,18,False,40.1266507,-74.2216698,481080820216,id:260074555,store:02773,Barista,onsite,"5325 US-9, Space T1B10, Howell, New Jersey, United States",1,NJ,CONUS_L1_013_031;CONUS_L1_013_032,2
2026-10-01,260074593,https://apply.starbucks.com/careers/job/481080820273,"shift supervisor - Store# 02773, HOWELL - RT 9 N",SHIFT_SUPERVISOR,02773,HOWELL - RT 9 N,"5325 US-9, Space T1B10",Howell,NJ,,US,,1789272000,2026-09-13,19,2026-10-02,1789394194,2026-09-14,18,False,40.1266507,-74.2216698,481080820273,id:260074593,store:02773,Shift Supervisor,onsite,"5325 US-9, Space T1B10, Howell, New Jersey, United States",1,NJ,CONUS_L1_013_031;CONUS_L1_013_032,2
2026-10-01,260067424,https://apply.starbucks.com/careers/job/481080699351,"barista - Store# 21774, TOMS RIVER ROUTE 9",BARISTA,21774,TOMS RIVER ROUTE 9,2360 Lakewood Rd,Toms River,NJ,,US,,1788321600,2026-09-02,30,2026-10-02,1788456287,2026-09-03,29,False,40.04574,-74.22438,481080699351,id:260067424,store:21774,Barista,onsite,"2360 Lakewood Rd, Toms River, New Jersey, United States",1,NJ,CONUS_L1_013_031;CONUS_L1_013_032,2
2026-10-01,260071202,https://apply.starbucks.com/careers/job/481080742510,"shift supervisor - Store# 21774, TOMS RIVER ROUTE 9",SHIFT_SUPERVISOR,21774,TOMS RIVER ROUTE 9,2360 Lakewood Rd,Toms River,NJ,,US,,1788667200,2026-09-06,26,2026-10-02,1788789029,2026-09-07,25,False,40.04574,-74.22438,481080742510,id:260071202,store:21774,Shift Supervisor,onsite,"2360 Lakewood Rd, Toms River, New Jersey, United States",1,NJ,CONUS_L1_013_031;CONUS_L1_013_032,2
2026-10-01,260074364,https://apply.starbucks.com/careers/job/481080814248,"shift supervisor - Store# 07438, MATAWAN",SHIFT_SUPERVISOR,07438,MATAWAN,"265 Main St, Main Street Village",Matawan,NJ,,US,,1789185600,2026-09-12,20,2026-10-02,1789307768,2026-09-13,19,False,40.4089375,-74.2342565,481080814248,id:260074364,store:07438,Shift Supervisor,onsite,"265 Main St, Main Street Village, Matawan, New Jersey, United States",1,NJ,CONUS_L1_013_031;CONUS_L1_013_032,2
2026-10-01,260072798,https://apply.starbucks.com/careers/job/481080796396,"barista - Store# 47413, ABERDEEN RTE 34",BARISTA,47413,ABERDEEN RTE 34,1109 Route 34,Matawan,NJ,,US,,1789012800,2026-09-10,22,2026-10-02,1789135363,2026-09-11,21,False,40.39805,-74.22616,481080796396,id:260072798,store:47413,Barista,onsite,"1109 Route 34, Matawan, New Jersey, United States",1,NJ,CONUS_L1_013_031;CONUS_L1_013_032,2
2026-10-01,260068495,https://apply.starbucks.com/careers/job/481080709670,"shift supervisor - Store# 47413, ABERDEEN RTE 34",SHIFT_SUPERVISOR,47413,ABERDEEN RTE 34,1109 Route 34,Matawan,NJ,,US,,1788408000,2026-09-03,29,2026-10-02,1788529784,2026-09-04,28,False,40.39805,-74.22616,481080709670,id:260068495,store:47413,Shift Supervisor,onsite,"1109 Route 34, Matawan, New Jersey, United States",1,NJ,CONUS_L1_013_031;CONUS_L1_013_032,2
2026-10-01,260057356,https://apply.starbucks.com/careers/job/481079587768,"shift supervisor - Store# 56661, RT. 10 - SUCCASUNNA",SHIFT_SUPERVISOR,56661,RT. 10 - SUCCASUNNA,401 Rt. 10,Ledgewood,NJ,,US,,1784347200,2026-07-18,76,2026-10-02,1784468488,2026-07-19,75,False,40.87416,-74.64984,481079587768,id:260057356,store:56661,Shift Supervisor,onsite,"401 Rt. 10, Ledgewood, New Jersey, United States",1,NJ,CONUS_L1_013_031;CONUS_L1_014_032,2
2026-10-01,260071826,https://apply.starbucks.com/careers/job/481080764874,"barista - Store# 56661, RT. 10 - SUCCASUNNA",BARISTA,56661,RT. 10 - SUCCASUNNA,401 Rt. 10,Ledgewood,NJ,,US,,1788840000,2026-09-08,24,2026-10-02,1788961435,2026-09-09,23,False,40.87416,-74.64984,481080764874,id:260071826,store:56661,Barista,onsite,"401 Rt. 10, Ledgewood, New Jersey, United States",1,NJ,CONUS_L1_013_031;CONUS_L1_014_032,2
2026-10-01,260053866,https://apply.starbucks.com/careers/job/481079404548,"shift supervisor - Store# 07719, 744 ROUTE 1 NORTH",SHIFT_SUPERVISOR,07719,744 ROUTE 1 NORTH,774 Route 1 N,Iselin,NJ,,US,,1783569600,2026-07-09,85,2026-10-02,1783690936,2026-07-10,84,False,40.5634204,-74.2983919,481079404548,id:260053866,store:07719,Shift Supervisor,onsite,"774 Route 1 N, Iselin, New Jersey, United States",1,NJ,CONUS_L1_013_031;CONUS_L1_013_032,2
2026-10-01,260068766,https://apply.starbucks.com/careers/job/481080710020,"shift supervisor - Store# 20380, NEW PROVIDENCE VILLAGE CENTER",SHIFT_SUPERVISOR,20380,NEW PROVIDENCE VILLAGE CENTER,1260 Springfield Ave,New Providence,NJ,,US,,1788408000,2026-09-03,29,2026-10-02,1788530018,2026-09-04,28,False,40.7052967,-74.4039205,481080710020,id:260068766,store:20380,Shift Supervisor,onsite,"1260 Springfield Ave, New Providence, New Jersey, United States",1,NJ,CONUS_L1_013_031;CONUS_L1_013_032;CONUS_L1_014_032,3
2026-10-01,260066676,https://apply.starbucks.com/careers/job/481080698177,"barista - Store# 20380, NEW PROVIDENCE VILLAGE CENTER",BARISTA,20380,NEW PROVIDENCE VILLAGE CENTER,1260 Springfield Ave,New Providence,NJ,,US,,1788321600,2026-09-02,30,2026-10-02,1788455575,2026-09-03,29,False,40.7052967,-74.4039205,481080698177,id:260066676,store:20380,Barista,onsite,"1260 Springfield Ave, New Providence, New Jersey, United States",1,NJ,CONUS_L1_013_031;CONUS_L1_013_032;CONUS_L1_014_032,3
2026-10-01,260072494,https://apply.starbucks.com/careers/job/481080795772,"shift supervisor - Store# 84309, CLIFFWOOD BEACH",SHIFT_SUPERVISOR,84309,CLIFFWOOD BEACH,307 NJ-35,Cliffwood,NJ,,US,,1789012800,2026-09-10,22,2026-10-02,1789135099,2026-09-11,21,False,40.43841,-74.22578,481080795772,id:260072494,store:84309,Shift Supervisor,onsite,"307 NJ-35, Cliffwood, New Jersey, United States",1,NJ,CONUS_L1_013_031;CONUS_L1_013_032,2
2026-10-01,260072758,https://apply.starbucks.com/careers/job/481080796437,"barista - Store# 84309, CLIFFWOOD BEACH",BARISTA,84309,CLIFFWOOD BEACH,307 NJ-35,Cliffwood,NJ,,US,,1789012800,2026-09-10,22,2026-10-02,1789135329,2026-09-11,21,False,40.43841,-74.22578,481080796437,id:260072758,store:84309,Barista,onsite,"307 NJ-35, Cliffwood, New Jersey, United States",1,NJ,CONUS_L1_013_031;CONUS_L1_013_032,2
2026-10-01,260079751,https://apply.starbucks.com/careers/job/481081018799,"shift supervisor - Store# 00882, WESTFIELD",SHIFT_SUPERVISOR,00882,WESTFIELD,117 Central Ave,Westfield,NJ,,US,,1790395200,2026-09-26,6,2026-10-02,1790516462,2026-09-27,5,False,40.6520818,-74.3469368,481081018799,id:260079751,store:00882,Shift Supervisor,onsite,"117 Central Ave, Westfield, New Jersey, United States",1,NJ,CONUS_L1_013_031;CONUS_L1_013_032;CONUS_L1_014_032,3
2026-10-01,260072038,https://apply.starbucks.com/careers/job/481080765042,"barista - Store# 00882, WESTFIELD",BARISTA,00882,WESTFIELD,117 Central Ave,Westfield,NJ,,US,,1788840000,2026-09-08,24,2026-10-02,1788961610,2026-09-09,23,False,40.6520818,-74.3469368,481080765042,id:260072038,store:00882,Barista,onsite,"117 Central Ave, Westfield, New Jersey, United States",1,NJ,CONUS_L1_013_031;CONUS_L1_013_032;CONUS_L1_014_032,3
2026-10-01,260060355,https://apply.starbucks.com/careers/job/481080125993,"shift supervisor - Store# 20167, CHATHAM",SHIFT_SUPERVISOR,20167,CHATHAM,640 Shunpike Rd,Chatham,NJ,,US,,1786420800,2026-08-11,52,2026-10-02,1786542332,2026-08-12,51,False,40.74645,-74.43066,481080125993,id:260060355,store:20167,Shift Supervisor,onsite,"640 Shunpike Rd, Chatham, New Jersey, United States",1,NJ,CONUS_L1_013_031;CONUS_L1_013_032;CONUS_L1_014_032,3
2026-10-01,260064994,https://apply.starbucks.com/careers/job/481080658333,"barista - Store# 20167, CHATHAM",BARISTA,20167,CHATHAM,640 Shunpike Rd,Chatham,NJ,,US,,1788148800,2026-08-31,32,2026-10-02,1788270413,2026-09-01,31,False,40.74645,-74.43066,481080658333,id:260064994,store:20167,Barista,onsite,"640 Shunpike Rd, Chatham, New Jersey, United States",1,NJ,CONUS_L1_013_031;CONUS_L1_013_032;CONUS_L1_014_032,3
2026-10-01,260077975,https://apply.starbucks.com/careers/job/481080923274,"barista - Store# 81190, CLARK- CENTRAL AV & RARITAN RD",BARISTA,81190,CLARK- CENTRAL AV & RARITAN RD,1085 Central Ave,Clark,NJ,,US,,1789790400,2026-09-19,13,2026-10-02,1789911636,2026-09-20,12,False,40.629401,-74.30920909999999,481080923274,id:260077975,store:81190,Barista,onsite,"1085 Central Ave, Clark, New Jersey, United States",1,NJ,CONUS_L1_013_031;CONUS_L1_013_032;CONUS_L1_014_032,3
2026-10-01,260072723,https://apply.starbucks.com/careers/job/481080796245,"shift supervisor - Store# 81190, CLARK- CENTRAL AV & RARITAN RD",SHIFT_SUPERVISOR,81190,CLARK- CENTRAL AV & RARITAN RD,1085 Central Ave,Clark,NJ,,US,,1789012800,2026-09-10,22,2026-10-02,1789135299,2026-09-11,21,False,40.629401,-74.30920909999999,481080796245,id:260072723,store:81190,Shift Supervisor,onsite,"1085 Central Ave, Clark, New Jersey, United States",1,NJ,CONUS_L1_013_031;CONUS_L1_013_032;CONUS_L1_014_032,3
2026-10-01,260078386,https://apply.starbucks.com/careers/job/481080936251,"barista - Store# 80763, 200 MADISON AVE - MORRISTOWN",BARISTA,80763,200 MADISON AVE - MORRISTOWN,200 Madison Ave,Morristown,NJ,,US,,1789876800,2026-09-20,12,2026-10-02,1789998227,2026-09-21,11,False,40.787,-74.45395,481080936251,id:260078386,store:80763,Barista,onsite,"200 Madison Ave, Morristown, New Jersey, United States",1,NJ,CONUS_L1_013_031;CONUS_L1_013_032;CONUS_L1_014_032,3
2026-10-01,260072468,https://apply.starbucks.com/careers/job/481080795694,"shift supervisor - Store# 80763, 200 MADISON AVE - MORRISTOWN",SHIFT_SUPERVISOR,80763,200 MADISON AVE - MORRISTOWN,200 Madison Ave,Morristown,NJ,,US,,1789012800,2026-09-10,22,2026-10-02,1789135077,2026-09-11,21,False,40.787,-74.45395,481080795694,id:260072468,store:80763,Shift Supervisor,onsite,"200 Madison Ave, Morristown, New Jersey, United States",1,NJ,CONUS_L1_013_031;CONUS_L1_013_032;CONUS_L1_014_032,3
2026-10-01,260068733,https://apply.starbucks.com/careers/job/481080709985,"shift supervisor - Store# 47371, 3201 RT 35 - HAZLET",SHIFT_SUPERVISOR,47371,3201 RT 35 - HAZLET,3201 RT 35,Hazlet,NJ,,US,,1788408000,2026-09-03,29,2026-10-02,1788529990,2026-09-04,28,False,40.42173,-74.1864,481080709985,id:260068733,store:47371,Shift Supervisor,onsite,"3201 RT 35, Hazlet, New Jersey, United States",1,NJ,CONUS_L1_013_031;CONUS_L1_013_032,2
2026-10-01,260068497,https://apply.starbucks.com/careers/job/481080709677,"barista - Store# 47371, 3201 RT 35 - HAZLET",BARISTA,47371,3201 RT 35 - HAZLET,3201 RT 35,Hazlet,NJ,,US,,1788408000,2026-09-03,29,2026-10-02,1788529786,2026-09-04,28,False,40.42173,-74.1864,481080709677,id:260068497,store:47371,Barista,onsite,"3201 RT 35, Hazlet, New Jersey, United States",1,NJ,CONUS_L1_013_031;CONUS_L1_013_032,2
2026-10-01,260073276,https://apply.starbucks.com/careers/job/481080798168,"shift supervisor - Store# 07552, 300 MAIN ST",SHIFT_SUPERVISOR,07552,300 MAIN ST,"300 Main St, 521",Madison,NJ,,US,,1789012800,2026-09-10,22,2026-10-02,1789135766,2026-09-11,21,False,40.749891,-74.399892,481080798168,id:260073276,store:07552,Shift Supervisor,onsite,"300 Main St, 521, Madison, New Jersey, United States",1,NJ,CONUS_L1_013_031;CONUS_L1_013_032;CONUS_L1_014_032,3
2026-10-01,260062364,https://apply.starbucks.com/careers/job/481080494067,"barista - Store# 07552, 300 MAIN ST",BARISTA,07552,300 MAIN ST,"300 Main St, 521",Madison,NJ,,US,,1787630400,2026-08-25,38,2026-10-02,1787752157,2026-08-26,37,False,40.749891,-74.399892,481080494067,id:260062364,store:07552,Barista,onsite,"300 Main St, 521, Madison, New Jersey, United States",1,NJ,CONUS_L1_013_031;CONUS_L1_013_032;CONUS_L1_014_032,3
2026-10-01,260066784,https://apply.starbucks.com/careers/job/481080698313,"shift supervisor - Store# 11533, LAKEWOOD, NJ",SHIFT_SUPERVISOR,11533,"LAKEWOOD, NJ","1865 Route 70, Lakewood Hilton Gardens Project",Lakewood,NJ,,US,,1788321600,2026-09-02,30,2026-10-02,1788455678,2026-09-03,29,False,40.05542,-74.16432,481080698313,id:260066784,store:11533,Shift Supervisor,onsite,"1865 Route 70, Lakewood Hilton Gardens Project, Lakewood, New Jersey, United States",1,NJ,CONUS_L1_013_031;CONUS_L1_013_032,2
2026-10-01,260071333,https://apply.starbucks.com/careers/job/481080742699,"barista - Store# 11533, LAKEWOOD, NJ",BARISTA,11533,"LAKEWOOD, NJ","1865 Route 70, Lakewood Hilton Gardens Project",Lakewood,NJ,,US,,1788667200,2026-09-06,26,2026-10-02,1788789134,2026-09-07,25,False,40.05542,-74.16432,481080742699,id:260071333,store:11533,Barista,onsite,"1865 Route 70, Lakewood Hilton Gardens Project, Lakewood, New Jersey, United States",1,NJ,CONUS_L1_013_031;CONUS_L1_013_032,2
2026-10-01,260062772,https://apply.starbucks.com/careers/job/481080495011,"shift supervisor - Store# 27065, CEDAR KNOLLS- HANOVER AVE",SHIFT_SUPERVISOR,27065,CEDAR KNOLLS- HANOVER AVE,"191 East Hanover Ave, 401 D-1",Cedar Knolls,NJ,,US,,1787630400,2026-08-25,38,2026-10-02,1787752486,2026-08-26,37,False,40.81262,-74.47109,481080495011,id:260062772,store:27065,Shift Supervisor,onsite,"191 East Hanover Ave, 401 D-1, Cedar Knolls, New Jersey, United States",1,NJ,CONUS_L1_013_031;CONUS_L1_013_032;CONUS_L1_014_032,3
2026-10-01,260062665,https://apply.starbucks.com/careers/job/481080494873,"barista - Store# 27065, CEDAR KNOLLS- HANOVER AVE",BARISTA,27065,CEDAR KNOLLS- HANOVER AVE,"191 East Hanover Ave, 401 D-1",Cedar Knolls,NJ,,US,,1787630400,2026-08-25,38,2026-10-02,1787752400,2026-08-26,37,False,40.81262,-74.47109,481080494873,id:260062665,store:27065,Barista,onsite,"191 East Hanover Ave, 401 D-1, Cedar Knolls, New Jersey, United States",1,NJ,CONUS_L1_013_031;CONUS_L1_013_032;CONUS_L1_014_032,3
2026-10-01,260071350,https://apply.starbucks.com/careers/job/481080752016,"barista - Store# 07226, SUMMIT",BARISTA,07226,SUMMIT,2 Beechwood Rd,Summit,NJ,,US,,1788753600,2026-09-07,25,2026-10-02,1788874986,2026-09-08,24,False,40.7170907,-74.3578007,481080752016,id:260071350,store:07226,Barista,onsite,"2 Beechwood Rd, Summit, New Jersey, United States",1,NJ,CONUS_L1_013_031;CONUS_L1_013_032;CONUS_L1_014_032,3
2026-10-01,260062279,https://apply.starbucks.com/careers/job/481080460550,"shift supervisor - Store# 07226, SUMMIT",SHIFT_SUPERVISOR,07226,SUMMIT,2 Beechwood Rd,Summit,NJ,,US,,1787544000,2026-08-24,39,2026-10-02,1787665453,2026-08-25,38,False,40.7170907,-74.3578007,481080460550,id:260062279,store:07226,Shift Supervisor,onsite,"2 Beechwood Rd, Summit, New Jersey, United States",1,NJ,CONUS_L1_013_031;CONUS_L1_013_032;CONUS_L1_014_032,3
2026-10-01,260064382,https://apply.starbucks.com/careers/job/481080613272,"shift supervisor - Store# 21510, CRANFORD DOWNTOWN",SHIFT_SUPERVISOR,21510,CRANFORD DOWNTOWN,"200 S Ave E, Suite 101",Cranford,NJ,,US,,1788062400,2026-08-30,33,2026-10-02,1788183768,2026-08-31,32,False,40.65459,-74.3027,481080613272,id:260064382,store:21510,Shift Supervisor,onsite,"200 S Ave E, Suite 101, Cranford, New Jersey, United States",1,NJ,CONUS_L1_013_031;CONUS_L1_013_032;CONUS_L1_014_032,3
2026-10-01,260079586,https://apply.starbucks.com/careers/job/481080999038,"barista - Store# 21510, CRANFORD DOWNTOWN",BARISTA,21510,CRANFORD DOWNTOWN,"200 S Ave E, Suite 101",Cranford,NJ,,US,,1790222400,2026-09-24,8,2026-10-02,1790344137,2026-09-25,7,False,40.65459,-74.3027,481080999038,id:260079586,store:21510,Barista,onsite,"200 S Ave E, Suite 101, Cranford, New Jersey, United States",1,NJ,CONUS_L1_013_031;CONUS_L1_013_032;CONUS_L1_014_032,3
2026-10-01,260070381,https://apply.starbucks.com/careers/job/481080741379,"shift supervisor - Store# 65238, HOOPER AND OAK",SHIFT_SUPERVISOR,65238,HOOPER AND OAK,1290 Hooper Ave,Toms River,NJ,,US,,1788667200,2026-09-06,26,2026-10-02,1788788373,2026-09-07,25,False,39.98648,-74.17903,481080741379,id:260070381,store:65238,Shift Supervisor,onsite,"1290 Hooper Ave, Toms River, New Jersey, United States",1,NJ,CONUS_L1_013_031;CONUS_L1_013_032,2
2026-10-01,260075015,https://apply.starbucks.com/careers/job/481080820995,"barista - Store# 65238, HOOPER AND OAK",BARISTA,65238,HOOPER AND OAK,1290 Hooper Ave,Toms River,NJ,,US,,1789272000,2026-09-13,19,2026-10-02,1789394567,2026-09-14,18,False,39.98648,-74.17903,481080820995,id:260075015,store:65238,Barista,onsite,"1290 Hooper Ave, Toms River, New Jersey, United States",1,NJ,CONUS_L1_013_031;CONUS_L1_013_032,2
2026-10-01,260061137,https://apply.starbucks.com/careers/job/481080228971,"barista - Store# 20466, CRANFORD",BARISTA,20466,CRANFORD,345 N Ave E,Cranford,NJ,,US,,1786939200,2026-08-17,46,2026-10-02,1787060526,2026-08-18,45,False,40.65809,-74.29121,481080228971,id:260061137,store:20466,Barista,onsite,"345 N Ave E, Cranford, New Jersey, United States",1,NJ,CONUS_L1_013_031;CONUS_L1_013_032;CONUS_L1_014_032,3
2026-10-01,260064414,https://apply.starbucks.com/careers/job/481080613202,"shift supervisor - Store# 20466, CRANFORD",SHIFT_SUPERVISOR,20466,CRANFORD,345 N Ave E,Cranford,NJ,,US,,1788062400,2026-08-30,33,2026-10-02,1788183795,2026-08-31,32,False,40.65809,-74.29121,481080613202,id:260064414,store:20466,Shift Supervisor,onsite,"345 N Ave E, Cranford, New Jersey, United States",1,NJ,CONUS_L1_013_031;CONUS_L1_013_032;CONUS_L1_014_032,3
2026-10-01,260062696,https://apply.starbucks.com/careers/job/481080495335,"shift supervisor - Store# 10326, THE MALL AT SHORT HILLS",SHIFT_SUPERVISOR,10326,THE MALL AT SHORT HILLS,"1200 Morris Turnpike, The Mall at Short Hills",Short Hills,NJ,,US,,1787630400,2026-08-25,38,2026-10-02,1787752425,2026-08-26,37,False,40.7408,-74.36424,481080495335,id:260062696,store:10326,Shift Supervisor,onsite,"1200 Morris Turnpike, The Mall at Short Hills, Short Hills, New Jersey, United States",1,NJ,CONUS_L1_013_031;CONUS_L1_013_032;CONUS_L1_014_032,3
2026-10-01,260057940,https://apply.starbucks.com/careers/job/481079689138,"barista - Store# 84454, UNION BEACH - RT 36 & UNION AV",BARISTA,84454,UNION BEACH - RT 36 & UNION AV,1500 Union Ave,Keyport,NJ,,US,,1784779200,2026-07-23,71,2026-10-02,1784857394,2026-07-23,71,False,40.4385455,-74.1643531,481079689138,id:260057940,store:84454,Barista,onsite,"1500 Union Ave, Keyport, New Jersey, United States",1,NJ,CONUS_L1_013_031;CONUS_L1_013_032,2
2026-10-01,260057939,https://apply.starbucks.com/careers/job/481079689140,"shift supervisor - Store# 84454, UNION BEACH - RT 36 & UNION AV",SHIFT_SUPERVISOR,84454,UNION BEACH - RT 36 & UNION AV,1500 Union Ave,Keyport,NJ,,US,,1784779200,2026-07-23,71,2026-10-02,1784857393,2026-07-23,71,False,40.4385455,-74.1643531,481079689140,id:260057939,store:84454,Shift Supervisor,onsite,"1500 Union Ave, Keyport, New Jersey, United States",1,NJ,CONUS_L1_013_031;CONUS_L1_013_032,2
2026-10-01,260062392,https://apply.starbucks.com/careers/job/481080494140,"shift supervisor - Store# 07483, ROUTE 22 UNION",SHIFT_SUPERVISOR,07483,ROUTE 22 UNION,2698 Route 22 E,Union,NJ,,US,,1787630400,2026-08-25,38,2026-10-02,1787752180,2026-08-26,37,False,40.6887826,-74.3072012,481080494140,id:260062392,store:07483,Shift Supervisor,onsite,"2698 Route 22 E, Union, New Jersey, United States",1,NJ,CONUS_L1_013_031;CONUS_L1_013_032;CONUS_L1_014_032,3
2026-10-01,260078351,https://apply.starbucks.com/careers/job/481080936202,"barista - Store# 07483, ROUTE 22 UNION",BARISTA,07483,ROUTE 22 UNION,2698 Route 22 E,Union,NJ,,US,,1789876800,2026-09-20,12,2026-10-02,1789998198,2026-09-21,11,False,40.6887826,-74.3072012,481080936202,id:260078351,store:07483,Barista,onsite,"2698 Route 22 E, Union, New Jersey, United States",1,NJ,CONUS_L1_013_031;CONUS_L1_013_032;CONUS_L1_014_032,3
2026-10-01,260054753,https://apply.starbucks.com/careers/job/481079406211,"shift supervisor - Store# 62546, LEGACY PLAZA AT LINDEN NEW",SHIFT_SUPERVISOR,62546,LEGACY PLAZA AT LINDEN NEW,1016 W Edgar Rd,Linden,NJ,,US,,1783569600,2026-07-09,85,2026-10-02,1783691569,2026-07-10,84,False,40.61922,-74.25198,481079406211,id:260054753,store:62546,Shift Supervisor,onsite,"1016 W Edgar Rd, Linden, New Jersey, United States",1,NJ,CONUS_L1_013_031;CONUS_L1_013_032;CONUS_L1_014_032,3
2026-10-01,260061156,https://apply.starbucks.com/careers/job/481080228982,"barista - Store# 62546, LEGACY PLAZA AT LINDEN NEW",BARISTA,62546,LEGACY PLAZA AT LINDEN NEW,1016 W Edgar Rd,Linden,NJ,,US,,1786939200,2026-08-17,46,2026-10-02,1787060549,2026-08-18,45,False,40.61922,-74.25198,481080228982,id:260061156,store:62546,Barista,onsite,"1016 W Edgar Rd, Linden, New Jersey, United States",1,NJ,CONUS_L1_013_031;CONUS_L1_013_032;CONUS_L1_014_032,3
2026-10-01,260059509,https://apply.starbucks.com/careers/job/481080000883,"shift supervisor - Store# 52730, 91 BRICK BLVD",SHIFT_SUPERVISOR,52730,91 BRICK BLVD,91 Brick Blvd,Brick,NJ,,US,,1785729600,2026-08-03,60,2026-10-02,1785851159,2026-08-04,59,False,40.0256,-74.1434,481080000883,id:260059509,store:52730,Shift Supervisor,onsite,"91 Brick Blvd, Brick, New Jersey, United States",1,NJ,CONUS_L1_013_031;CONUS_L1_013_032,2
2026-10-01,260059506,https://apply.starbucks.com/careers/job/481080000888,"barista - Store# 52730, 91 BRICK BLVD",BARISTA,52730,91 BRICK BLVD,91 Brick Blvd,Brick,NJ,,US,,1785729600,2026-08-03,60,2026-10-02,1785851157,2026-08-04,59,False,40.0256,-74.1434,481080000888,id:260059506,store:52730,Barista,onsite,"91 Brick Blvd, Brick, New Jersey, United States",1,NJ,CONUS_L1_013_031;CONUS_L1_013_032,2
2026-10-01,260077202,https://apply.starbucks.com/careers/job/481080890737,"barista - Store# 07880, DENVILLE ROUTE 10",BARISTA,07880,DENVILLE ROUTE 10,3056 Route 10 West,Denville,NJ,,US,,1789617600,2026-09-17,15,2026-10-02,1789738950,2026-09-18,14,False,40.86657,-74.50693,481080890737,id:260077202,store:07880,Barista,onsite,"3056 Route 10 West, Denville, New Jersey, United States",1,NJ,CONUS_L1_013_031;CONUS_L1_014_032,2
2026-10-01,260077256,https://apply.starbucks.com/careers/job/481080890808,"shift supervisor - Store# 07880, DENVILLE ROUTE 10",SHIFT_SUPERVISOR,07880,DENVILLE ROUTE 10,3056 Route 10 West,Denville,NJ,,US,,1789617600,2026-09-17,15,2026-10-02,1789738996,2026-09-18,14,False,40.86657,-74.50693,481080890808,id:260077256,store:07880,Shift Supervisor,onsite,"3056 Route 10 West, Denville, New Jersey, United States",1,NJ,CONUS_L1_013_031;CONUS_L1_014_032,2
2026-10-01,260054338,https://apply.starbucks.com/careers/job/481079405676,"barista - Store# 07739, LINDEN",BARISTA,07739,LINDEN,"693 W Edgar Rd, Aviation Plaza at Linden",Linden,NJ,,US,,1783569600,2026-07-09,85,2026-10-02,1783691272,2026-07-10,84,False,40.6197277,-74.2489626,481079405676,id:260054338,store:07739,Barista,onsite,"693 W Edgar Rd, Aviation Plaza at Linden, Linden, New Jersey, United States",1,NJ,CONUS_L1_013_031;CONUS_L1_013_032;CONUS_L1_014_032,3
2026-10-01,260073134,https://apply.starbucks.com/careers/job/481080797871,"shift supervisor - Store# 07739, LINDEN",SHIFT_SUPERVISOR,07739,LINDEN,"693 W Edgar Rd, Aviation Plaza at Linden",Linden,NJ,,US,,1789012800,2026-09-10,22,2026-10-02,1789135644,2026-09-11,21,False,40.6197277,-74.2489626,481080797871,id:260073134,store:07739,Shift Supervisor,onsite,"693 W Edgar Rd, Aviation Plaza at Linden, Linden, New Jersey, United States",1,NJ,CONUS_L1_013_031;CONUS_L1_013_032;CONUS_L1_014_032,3
2026-10-01,260073076,https://apply.starbucks.com/careers/job/481080797782,"shift supervisor - Store# 61577, FORKED RIVER",SHIFT_SUPERVISOR,61577,FORKED RIVER,750 Lacey Rd,Forked River,NJ,,US,,1789012800,2026-09-10,22,2026-10-02,1789135596,2026-09-11,21,False,39.85971,-74.20539,481080797782,id:260073076,store:61577,Shift Supervisor,onsite,"750 Lacey Rd, Forked River, New Jersey, United States",1,NJ,CONUS_L1_013_031;CONUS_L1_013_032,2
2026-10-01,260071449,https://apply.starbucks.com/careers/job/481080752165,"barista - Store# 61577, FORKED RIVER",BARISTA,61577,FORKED RIVER,750 Lacey Rd,Forked River,NJ,,US,,1788753600,2026-09-07,25,2026-10-02,1788875086,2026-09-08,24,False,39.85971,-74.20539,481080752165,id:260071449,store:61577,Barista,onsite,"750 Lacey Rd, Forked River, New Jersey, United States",1,NJ,CONUS_L1_013_031;CONUS_L1_013_032,2
2026-10-01,260079998,https://apply.starbucks.com/careers/job/481081029582,"shift supervisor - Store# 26193, Route 10 Parsippany",SHIFT_SUPERVISOR,26193,Route 10 Parsippany,1739 Route 10 East,Parsippany,NJ,,US,,1790481600,2026-09-27,5,2026-10-02,1790603383,2026-09-28,4,False,40.84135,-74.46004,481081029582,id:260079998,store:26193,Shift Supervisor,onsite,"1739 Route 10 East, Parsippany, New Jersey, United States",1,NJ,CONUS_L1_013_031;CONUS_L1_013_032;CONUS_L1_014_032,3
2026-10-01,260075031,https://apply.starbucks.com/careers/job/481080820933,"barista - Store# 26193, Route 10 Parsippany",BARISTA,26193,Route 10 Parsippany,1739 Route 10 East,Parsippany,NJ,,US,,1789272000,2026-09-13,19,2026-10-02,1789394581,2026-09-14,18,False,40.84135,-74.46004,481080820933,id:260075031,store:26193,Barista,onsite,"1739 Route 10 East, Parsippany, New Jersey, United States",1,NJ,CONUS_L1_013_031;CONUS_L1_013_032;CONUS_L1_014_032,3
2026-10-01,260055473,https://apply.starbucks.com/careers/job/481079454186,"shift supervisor - Store# 69767, RT 22 WEST, UNION",SHIFT_SUPERVISOR,69767,"RT 22 WEST, UNION","2401 Route 22 W, 2385B",Union,NJ,,US,,1783828800,2026-07-12,82,2026-10-02,1783950618,2026-07-13,81,False,40.69094,-74.29549,481079454186,id:260055473,store:69767,Shift Supervisor,onsite,"2401 Route 22 W, 2385B, Union, New Jersey, United States",1,NJ,CONUS_L1_013_031;CONUS_L1_013_032;CONUS_L1_014_032,3
2026-10-01,260054332,https://apply.starbucks.com/careers/job/481079405393,"barista - Store# 69767, RT 22 WEST, UNION",BARISTA,69767,"RT 22 WEST, UNION","2401 Route 22 W, 2385B",Union,NJ,,US,,1783569600,2026-07-09,85,2026-10-02,1783691267,2026-07-10,84,False,40.69094,-74.29549,481079405393,id:260054332,store:69767,Barista,onsite,"2401 Route 22 W, 2385B, Union, New Jersey, United States",1,NJ,CONUS_L1_013_031;CONUS_L1_013_032;CONUS_L1_014_032,3
2026-10-01,260072882,https://apply.starbucks.com/careers/job/481080796683,"shift supervisor - Store# 00859, FLORHAM PARK",SHIFT_SUPERVISOR,00859,FLORHAM PARK,184 Columbia Tpke,Florham Park,NJ,,US,,1789012800,2026-09-10,22,2026-10-02,1789135433,2026-09-11,21,False,40.7906859,-74.39310929999999,481080796683,id:260072882,store:00859,Shift Supervisor,onsite,"184 Columbia Tpke, Florham Park, New Jersey, United States",1,NJ,CONUS_L1_013_031;CONUS_L1_013_032;CONUS_L1_014_032,3
2026-10-01,260059898,https://apply.starbucks.com/careers/job/481080079078,"barista - Store# 07617, ROUTE 35 MIDDLETOWN",BARISTA,07617,ROUTE 35 MIDDLETOWN,2011 Route 35,Middletown,NJ,,US,,1786161600,2026-08-08,55,2026-10-02,1786283191,2026-08-09,54,False,40.41077,-74.13335,481080079078,id:260059898,store:07617,Barista,onsite,"2011 Route 35, Middletown, New Jersey, United States",1,NJ,CONUS_L1_013_031;CONUS_L1_013_032,2
2026-10-01,260074133,https://apply.starbucks.com/careers/job/481080813896,"shift supervisor - Store# 07617, ROUTE 35 MIDDLETOWN",SHIFT_SUPERVISOR,07617,ROUTE 35 MIDDLETOWN,2011 Route 35,Middletown,NJ,,US,,1789185600,2026-09-12,20,2026-10-02,1789307551,2026-09-13,19,False,40.41077,-74.13335,481080813896,id:260074133,store:07617,Shift Supervisor,onsite,"2011 Route 35, Middletown, New Jersey, United States",1,NJ,CONUS_L1_013_031;CONUS_L1_013_032,2
2026-10-01,260062511,https://apply.starbucks.com/careers/job/481080494382,"shift supervisor - Store# 09660, ROCKAWAY TOWN SQUARE",SHIFT_SUPERVISOR,09660,ROCKAWAY TOWN SQUARE,"395 Mount Hope Avenue, 300",Rockaway,NJ,,US,,1787630400,2026-08-25,38,2026-10-02,1787752279,2026-08-26,37,False,40.9071031,-74.5482048,481080494382,id:260062511,store:09660,Shift Supervisor,onsite,"395 Mount Hope Avenue, 300, Rockaway, New Jersey, United States",1,NJ,CONUS_L1_013_031;CONUS_L1_014_032,2
2026-10-01,260080301,https://apply.starbucks.com/careers/job/481081059161,"barista - Store# 09660, ROCKAWAY TOWN SQUARE",BARISTA,09660,ROCKAWAY TOWN SQUARE,"395 Mount Hope Avenue, 300",Rockaway,NJ,,US,,1790568000,2026-09-28,4,2026-10-02,1790689706,2026-09-29,3,False,40.9071031,-74.5482048,481081059161,id:260080301,store:09660,Barista,onsite,"395 Mount Hope Avenue, 300, Rockaway, New Jersey, United States",1,NJ,CONUS_L1_013_031;CONUS_L1_014_032,2
2026-10-01,260071304,https://apply.starbucks.com/careers/job/481080742669,"shift supervisor - Store# 68874, ROCKAWAY RT 46",SHIFT_SUPERVISOR,68874,ROCKAWAY RT 46,206 US-46,Rockaway,NJ,,US,,1788667200,2026-09-06,26,2026-10-02,1788789110,2026-09-07,25,False,40.8906787,-74.5147887,481080742669,id:260071304,store:68874,Shift Supervisor,onsite,"206 US-46, Rockaway, New Jersey, United States",1,NJ,CONUS_L1_013_031;CONUS_L1_014_032,2
2026-10-01,260080326,https://apply.starbucks.com/careers/job/481081059215,"barista - Store# 68874, ROCKAWAY RT 46",BARISTA,68874,ROCKAWAY RT 46,206 US-46,Rockaway,NJ,,US,,1790568000,2026-09-28,4,2026-10-02,1790689728,2026-09-29,3,False,40.8906787,-74.5147887,481081059215,id:260080326,store:68874,Barista,onsite,"206 US-46, Rockaway, New Jersey, United States",1,NJ,CONUS_L1_013_031;CONUS_L1_014_032,2
2026-10-01,260059842,https://apply.starbucks.com/careers/job/481080079001,"shift supervisor - Store# 07276, MILLBURN",SHIFT_SUPERVISOR,07276,MILLBURN,343 Millburn Ave,Millburn,NJ,,US,,1786161600,2026-08-08,55,2026-10-02,1786283143,2026-08-09,54,False,40.7239844,-74.3074515,481080079001,id:260059842,store:07276,Shift Supervisor,onsite,"343 Millburn Ave, Millburn, New Jersey, United States",1,NJ,CONUS_L1_013_031;CONUS_L1_013_032;CONUS_L1_014_032,3
2026-10-01,260060357,https://apply.starbucks.com/careers/job/481080125995,"barista - Store# 07276, MILLBURN",BARISTA,07276,MILLBURN,343 Millburn Ave,Millburn,NJ,,US,,1786420800,2026-08-11,52,2026-10-02,1786542334,2026-08-12,51,False,40.7239844,-74.3074515,481080125995,id:260060357,store:07276,Barista,onsite,"343 Millburn Ave, Millburn, New Jersey, United States",1,NJ,CONUS_L1_013_031;CONUS_L1_013_032;CONUS_L1_014_032,3
2026-10-01,260070970,https://apply.starbucks.com/careers/job/481080742143,"shift supervisor - Store# 56775, 440 RT. 10 WHIPPANY",SHIFT_SUPERVISOR,56775,440 RT. 10 WHIPPANY,440 Route 10,Whippany,NJ,,US,,1788667200,2026-09-06,26,2026-10-02,1788788839,2026-09-07,25,False,40.82141,-74.40875,481080742143,id:260070970,store:56775,Shift Supervisor,onsite,"440 Route 10, Whippany, New Jersey, United States",1,NJ,CONUS_L1_013_031;CONUS_L1_013_032;CONUS_L1_014_032,3
2026-10-01,260056198,https://apply.starbucks.com/careers/job/481079497826,"barista - Store# 56775, 440 RT. 10 WHIPPANY",BARISTA,56775,440 RT. 10 WHIPPANY,440 Route 10,Whippany,NJ,,US,,1784001600,2026-07-14,80,2026-10-02,1784123016,2026-07-15,79,False,40.82141,-74.40875,481079497826,id:260056198,store:56775,Barista,onsite,"440 Route 10, Whippany, New Jersey, United States",1,NJ,CONUS_L1_013_031;CONUS_L1_013_032;CONUS_L1_014_032,3
2026-10-01,260071258,https://apply.starbucks.com/careers/job/481080742603,"barista - Store# 69054, Pier Village",BARISTA,69054,Pier Village,"15 Melrose Terrace, 120",Long Branch,NJ,,US,,1788667200,2026-09-06,26,2026-10-02,1788789074,2026-09-07,25,False,40.30053,-73.97893,481080742603,id:260071258,store:69054,Barista,onsite,"15 Melrose Terrace, 120, Long Branch, New Jersey, United States",1,NJ,CONUS_L1_013_032,1
2026-10-01,260071235,https://apply.starbucks.com/careers/job/481080742572,"shift supervisor - Store# 69054, Pier Village",SHIFT_SUPERVISOR,69054,Pier Village,"15 Melrose Terrace, 120",Long Branch,NJ,,US,,1788667200,2026-09-06,26,2026-10-02,1788789054,2026-09-07,25,False,40.30053,-73.97893,481080742572,id:260071235,store:69054,Shift Supervisor,onsite,"15 Melrose Terrace, 120, Long Branch, New Jersey, United States",1,NJ,CONUS_L1_013_032,1
2026-10-01,260057053,https://apply.starbucks.com/careers/job/481079556161,"barista - Store# 07854, NEPTUNE - SEAVIEW SQ.",BARISTA,07854,NEPTUNE - SEAVIEW SQ.,2301 Rt 66,Asbury Park,NJ,,US,,1784174400,2026-07-16,78,2026-10-02,1784295868,2026-07-17,77,False,40.2282401,-74.0438282,481079556161,id:260057053,store:07854,Barista,onsite,"2301 Rt 66, Asbury Park, New Jersey, United States",1,NJ,CONUS_L1_013_032,1
2026-10-01,260072517,https://apply.starbucks.com/careers/job/481080795863,"shift supervisor - Store# 07854, NEPTUNE - SEAVIEW SQ.",SHIFT_SUPERVISOR,07854,NEPTUNE - SEAVIEW SQ.,2301 Rt 66,Asbury Park,NJ,,US,,1789012800,2026-09-10,22,2026-10-02,1789135120,2026-09-11,21,False,40.2282401,-74.0438282,481080795863,id:260072517,store:07854,Shift Supervisor,onsite,"2301 Rt 66, Asbury Park, New Jersey, United States",1,NJ,CONUS_L1_013_032,1
2026-10-01,260073514,https://apply.starbucks.com/careers/job/481080812827,"shift supervisor - Store# 07496, OAKHURST",SHIFT_SUPERVISOR,07496,OAKHURST,2100 Highway 35,Oakhurst,NJ,,US,,1789185600,2026-09-12,20,2026-10-02,1789306973,2026-09-13,19,False,40.26471,-74.04241,481080812827,id:260073514,store:07496,Shift Supervisor,onsite,"2100 Highway 35, Oakhurst, New Jersey, United States",1,NJ,CONUS_L1_013_032,1
2026-10-01,260078164,https://apply.starbucks.com/careers/job/481080923792,"barista - Store# 07496, OAKHURST",BARISTA,07496,OAKHURST,2100 Highway 35,Oakhurst,NJ,,US,,1789790400,2026-09-19,13,2026-10-02,1789911793,2026-09-20,12,False,40.26471,-74.04241,481080923792,id:260078164,store:07496,Barista,onsite,"2100 Highway 35, Oakhurst, New Jersey, United States",1,NJ,CONUS_L1_013_032,1
2026-10-01,260068327,https://apply.starbucks.com/careers/job/481080709291,"shift supervisor - Store# 50321, WALL, NJ",SHIFT_SUPERVISOR,50321,"WALL, NJ","1919 Route 35, 101",Belmar,NJ,,US,,1788408000,2026-09-03,29,2026-10-02,1788529640,2026-09-04,28,False,40.15738,-74.05388,481080709291,id:260068327,store:50321,Shift Supervisor,onsite,"1919 Route 35, 101, Belmar, New Jersey, United States",1,NJ,CONUS_L1_013_032,1
2026-10-01,260059603,https://apply.starbucks.com/careers/job/481080017613,"barista - Store# 50321, WALL, NJ",BARISTA,50321,"WALL, NJ","1919 Route 35, 101",Belmar,NJ,,US,,1785816000,2026-08-04,59,2026-10-02,1785937701,2026-08-05,58,False,40.15738,-74.05388,481080017613,id:260059603,store:50321,Barista,onsite,"1919 Route 35, 101, Belmar, New Jersey, United States",1,NJ,CONUS_L1_013_032,1
2026-10-01,260076596,https://apply.starbucks.com/careers/job/481080862448,"barista - Store# 20164, EATONTOWN",BARISTA,20164,EATONTOWN,178 Route 35,Eatontown,NJ,,US,,1789444800,2026-09-15,17,2026-10-02,1789567006,2026-09-16,16,False,40.29187,-74.05331,481080862448,id:260076596,store:20164,Barista,onsite,"178 Route 35, Eatontown, New Jersey, United States",1,NJ,CONUS_L1_013_032,1
2026-10-01,260067990,https://apply.starbucks.com/careers/job/481080699864,"shift supervisor - Store# 20164, EATONTOWN",SHIFT_SUPERVISOR,20164,EATONTOWN,178 Route 35,Eatontown,NJ,,US,,1788321600,2026-09-02,30,2026-10-02,1788456817,2026-09-03,29,False,40.29187,-74.05331,481080699864,id:260067990,store:20164,Shift Supervisor,onsite,"178 Route 35, Eatontown, New Jersey, United States",1,NJ,CONUS_L1_013_032,1
2026-10-01,260074212,https://apply.starbucks.com/careers/job/481080814012,"barista - Store# 07405, SEA GIRT",BARISTA,07405,SEA GIRT,"2150 Highway 35, Brook 35 Plaza, #E-18",Sea Girt,NJ,,US,,1789185600,2026-09-12,20,2026-10-02,1789307624,2026-09-13,19,False,40.1388502,-74.061222,481080814012,id:260074212,store:07405,Barista,onsite,"2150 Highway 35, Brook 35 Plaza, #E-18, Sea Girt, New Jersey, United States",1,NJ,CONUS_L1_013_032,1
2026-10-01,260060239,https://apply.starbucks.com/careers/job/481080108640,"shift supervisor - Store# 22879, JERSEY SHORE PREMIUM OUTLETS",SHIFT_SUPERVISOR,22879,JERSEY SHORE PREMIUM OUTLETS,1 Premium Outlet Blvd,Neptune,NJ,,US,,1786334400,2026-08-10,53,2026-10-02,1786455957,2026-08-11,52,False,40.21302,-74.07809999999999,481080108640,id:260060239,store:22879,Shift Supervisor,onsite,"1 Premium Outlet Blvd, Neptune, New Jersey, United States",1,NJ,CONUS_L1_013_032,1
2026-10-01,260075722,https://apply.starbucks.com/careers/job/481080840492,"barista - Store# 22879, JERSEY SHORE PREMIUM OUTLETS",BARISTA,22879,JERSEY SHORE PREMIUM OUTLETS,1 Premium Outlet Blvd,Neptune,NJ,,US,,1789358400,2026-09-14,18,2026-10-02,1789479986,2026-09-15,17,False,40.21302,-74.07809999999999,481080840492,id:260075722,store:22879,Barista,onsite,"1 Premium Outlet Blvd, Neptune, New Jersey, United States",1,NJ,CONUS_L1_013_032,1
2026-10-01,260078221,https://apply.starbucks.com/careers/job/481080924040,"barista - Store# 07289, SHREWSBURY",BARISTA,07289,SHREWSBURY,"551 Route 35, The Grove",Shrewsbury,NJ,,US,,1789790400,2026-09-19,13,2026-10-02,1789911841,2026-09-20,12,False,40.33312,-74.06129,481080924040,id:260078221,store:07289,Barista,onsite,"551 Route 35, The Grove, Shrewsbury, New Jersey, United States",1,NJ,CONUS_L1_013_032,1
2026-10-01,260074019,https://apply.starbucks.com/careers/job/481080813657,"shift supervisor - Store# 07289, SHREWSBURY",SHIFT_SUPERVISOR,07289,SHREWSBURY,"551 Route 35, The Grove",Shrewsbury,NJ,,US,,1789185600,2026-09-12,20,2026-10-02,1789307446,2026-09-13,19,False,40.33312,-74.06129,481080813657,id:260074019,store:07289,Shift Supervisor,onsite,"551 Route 35, The Grove, Shrewsbury, New Jersey, United States",1,NJ,CONUS_L1_013_032,1
2026-10-01,260061950,https://apply.starbucks.com/careers/job/481080429783,"shift supervisor - Store# 07254, RED BANK",SHIFT_SUPERVISOR,07254,RED BANK,4-6 White Street,Red Bank,NJ,,US,,1787457600,2026-08-23,40,2026-10-02,1787579281,2026-08-24,39,False,40.35075,-74.06557,481080429783,id:260061950,store:07254,Shift Supervisor,onsite,"4-6 White Street, Red Bank, New Jersey, United States",1,NJ,CONUS_L1_013_032,1
2026-10-01,260062235,https://apply.starbucks.com/careers/job/481080460484,"barista - Store# 66186, ATLANTIC HIGHLANDS",BARISTA,66186,ATLANTIC HIGHLANDS,at 999 Route 36,Atlantic Highlands,NJ,,US,,1787544000,2026-08-24,39,2026-10-02,1787665409,2026-08-25,38,False,40.41017,-74.04098,481080460484,id:260062235,store:66186,Barista,onsite,"at 999 Route 36, Atlantic Highlands, New Jersey, United States",1,NJ,CONUS_L1_013_032,1
2026-10-01,260070799,https://apply.starbucks.com/careers/job/481080741975,"shift supervisor - Store# 66186, ATLANTIC HIGHLANDS",SHIFT_SUPERVISOR,66186,ATLANTIC HIGHLANDS,at 999 Route 36,Atlantic Highlands,NJ,,US,,1788667200,2026-09-06,26,2026-10-02,1788788702,2026-09-07,25,False,40.41017,-74.04098,481080741975,id:260070799,store:66186,Shift Supervisor,onsite,"at 999 Route 36, Atlantic Highlands, New Jersey, United States",1,NJ,CONUS_L1_013_032,1
2026-10-01,260062691,https://apply.starbucks.com/careers/job/481080495339,"shift supervisor - Store# 66502, MIDDLETOWN MARKETPLACE SC",SHIFT_SUPERVISOR,66502,MIDDLETOWN MARKETPLACE SC,1185 Rt 35,Middletown,NJ,,US,,1787630400,2026-08-25,38,2026-10-02,1787752421,2026-08-26,37,False,40.39856,-74.11102,481080495339,id:260062691,store:66502,Shift Supervisor,onsite,"1185 Rt 35, Middletown, New Jersey, United States",1,NJ,CONUS_L1_013_032,1
2026-10-01,260078790,https://apply.starbucks.com/careers/job/481080949874,"barista - Store# 66502, MIDDLETOWN MARKETPLACE SC",BARISTA,66502,MIDDLETOWN MARKETPLACE SC,1185 Rt 35,Middletown,NJ,,US,,1789963200,2026-09-21,11,2026-10-02,1790084548,2026-09-22,10,False,40.39856,-74.11102,481080949874,id:260078790,store:66502,Barista,onsite,"1185 Rt 35, Middletown, New Jersey, United States",1,NJ,CONUS_L1_013_032,1
2026-10-01,260074170,https://apply.starbucks.com/careers/job/481080813953,"barista - Store# 58417, BAYONNE HARBOUR POINTS",BARISTA,58417,BAYONNE HARBOUR POINTS,26 Goldsborough Dr,Bayonne,NJ,,US,,1789185600,2026-09-12,20,2026-10-02,1789307586,2026-09-13,19,False,40.67191,-74.10535,481080813953,id:260074170,store:58417,Barista,onsite,"26 Goldsborough Dr, Bayonne, New Jersey, United States",1,NJ,CONUS_L1_013_032;CONUS_L1_014_032,2
2026-10-01,260061857,https://apply.starbucks.com/careers/job/481080429669,"shift supervisor - Store# 58417, BAYONNE HARBOUR POINTS",SHIFT_SUPERVISOR,58417,BAYONNE HARBOUR POINTS,26 Goldsborough Dr,Bayonne,NJ,,US,,1787457600,2026-08-23,40,2026-10-02,1787579197,2026-08-24,39,False,40.67191,-74.10535,481080429669,id:260061857,store:58417,Shift Supervisor,onsite,"26 Goldsborough Dr, Bayonne, New Jersey, United States",1,NJ,CONUS_L1_013_032;CONUS_L1_014_032,2
2026-10-01,260066222,https://apply.starbucks.com/careers/job/481080679028,"shift supervisor - Store# 17862, JERSEY CITY",SHIFT_SUPERVISOR,17862,JERSEY CITY,"15 Exchange Pl, Ste 110",Jersey City,NJ,,US,,1788321600,2026-09-02,30,2026-10-02,1788357784,2026-09-02,30,False,40.7158983,-74.033382,481080679028,id:260066222,store:17862,Shift Supervisor,onsite,"15 Exchange Pl, Ste 110, Jersey City, New Jersey, United States",1,NJ,CONUS_L1_013_032;CONUS_L1_014_032,2
2026-10-01,260080266,https://apply.starbucks.com/careers/job/481081059118,"barista - Store# 17862, JERSEY CITY",BARISTA,17862,JERSEY CITY,"15 Exchange Pl, Ste 110",Jersey City,NJ,,US,,1790568000,2026-09-28,4,2026-10-02,1790689676,2026-09-29,3,False,40.7158983,-74.033382,481081059118,id:260080266,store:17862,Barista,onsite,"15 Exchange Pl, Ste 110, Jersey City, New Jersey, United States",1,NJ,CONUS_L1_013_032;CONUS_L1_014_032,2
2026-10-01,260067061,https://apply.starbucks.com/careers/job/481080698710,"shift supervisor - Store# 13350, GROVE POINT",SHIFT_SUPERVISOR,13350,GROVE POINT,98 Christopher Columbus Dr,Jersey City,NJ,,US,,1788321600,2026-09-02,30,2026-10-02,1788455938,2026-09-03,29,False,40.71947,-74.04161,481080698710,id:260067061,store:13350,Shift Supervisor,onsite,"98 Christopher Columbus Dr, Jersey City, New Jersey, United States",1,NJ,CONUS_L1_013_032;CONUS_L1_014_032,2
2026-10-01,260064485,https://apply.starbucks.com/careers/job/481080613644,"barista - Store# 13350, GROVE POINT",BARISTA,13350,GROVE POINT,98 Christopher Columbus Dr,Jersey City,NJ,,US,,1788062400,2026-08-30,33,2026-10-02,1788183853,2026-08-31,32,False,40.71947,-74.04161,481080613644,id:260064485,store:13350,Barista,onsite,"98 Christopher Columbus Dr, Jersey City, New Jersey, United States",1,NJ,CONUS_L1_013_032;CONUS_L1_014_032,2
2026-10-01,260079610,https://apply.starbucks.com/careers/job/481081007145,store manager,STORE_MANAGER,,,,Jersey City,NJ,,US,,1790367460,2026-09-25,7,2026-10-02,1790367331,2026-09-25,7,False,40.7195342,-74.0430133,481081007145,id:260079610,,Coffeehouse Leader,onsite,"Jersey City, New Jersey, United States",2,NJ,CONUS_L1_013_032;CONUS_L1_014_032,2
2026-10-01,260074086,https://apply.starbucks.com/careers/job/481080813815,"shift supervisor - Store# 07383, JERSEY CITY- WATERFRONT",SHIFT_SUPERVISOR,07383,JERSEY CITY- WATERFRONT,111 Town Square Place,Jersey City,NJ,,US,,1789185600,2026-09-12,20,2026-10-02,1789307508,2026-09-13,19,False,40.72631,-74.03315,481080813815,id:260074086,store:07383,Shift Supervisor,onsite,"111 Town Square Place, Jersey City, New Jersey, United States",1,NJ,CONUS_L1_013_032;CONUS_L1_014_032,2
2026-10-01,260074095,https://apply.starbucks.com/careers/job/481080813823,"barista - Store# 07383, JERSEY CITY- WATERFRONT",BARISTA,07383,JERSEY CITY- WATERFRONT,111 Town Square Place,Jersey City,NJ,,US,,1789185600,2026-09-12,20,2026-10-02,1789307516,2026-09-13,19,False,40.72631,-74.03315,481080813823,id:260074095,store:07383,Barista,onsite,"111 Town Square Place, Jersey City, New Jersey, United States",1,NJ,CONUS_L1_013_032;CONUS_L1_014_032,2
2026-10-01,260067367,https://apply.starbucks.com/careers/job/481080699078,"barista - Store# 19500, NEWPORT CENTRE-L1 CENTER CT",BARISTA,19500,NEWPORT CENTRE-L1 CENTER CT,"30 Mall Drive West, Newport Centre, A-36",Jersey City,NJ,,US,,1788321600,2026-09-02,30,2026-10-02,1788456233,2026-09-03,29,False,40.7271731,-74.0362091,481080699078,id:260067367,store:19500,Barista,onsite,"30 Mall Drive West, Newport Centre, A-36, Jersey City, New Jersey, United States",1,NJ,CONUS_L1_013_032;CONUS_L1_014_032,2
2026-10-01,260067149,https://apply.starbucks.com/careers/job/481080698745,"shift supervisor - Store# 19500, NEWPORT CENTRE-L1 CENTER CT",SHIFT_SUPERVISOR,19500,NEWPORT CENTRE-L1 CENTER CT,"30 Mall Drive West, Newport Centre, A-36",Jersey City,NJ,,US,,1788321600,2026-09-02,30,2026-10-02,1788456022,2026-09-03,29,False,40.7271731,-74.0362091,481080698745,id:260067149,store:19500,Shift Supervisor,onsite,"30 Mall Drive West, Newport Centre, A-36, Jersey City, New Jersey, United States",1,NJ,CONUS_L1_013_032;CONUS_L1_014_032,2
2026-10-01,260061069,https://apply.starbucks.com/careers/job/481080228808,"barista - Store# 14295, MILLS AT JERSEY GARDENS-CENTER CT",BARISTA,14295,MILLS AT JERSEY GARDENS-CENTER CT,"651 Kapkowski Road, Jersey Gardens, 1456",Elizabeth,NJ,,US,,1786939200,2026-08-17,46,2026-10-02,1787060440,2026-08-18,45,False,40.6603618,-74.17285079999999,481080228808,id:260061069,store:14295,Barista,onsite,"651 Kapkowski Road, Jersey Gardens, 1456, Elizabeth, New Jersey, United States",1,NJ,CONUS_L1_013_032;CONUS_L1_014_032,2
2026-10-01,260057477,https://apply.starbucks.com/careers/job/481079604845,"shift supervisor - Store# 14295, MILLS AT JERSEY GARDENS-CENTER CT",SHIFT_SUPERVISOR,14295,MILLS AT JERSEY GARDENS-CENTER CT,"651 Kapkowski Road, Jersey Gardens, 1456",Elizabeth,NJ,,US,,1784433600,2026-07-19,75,2026-10-02,1784554795,2026-07-20,74,False,40.6603618,-74.17285079999999,481079604845,id:260057477,store:14295,Shift Supervisor,onsite,"651 Kapkowski Road, Jersey Gardens, 1456, Elizabeth, New Jersey, United States",1,NJ,CONUS_L1_013_032;CONUS_L1_014_032,2
2026-10-01,260076089,https://apply.starbucks.com/careers/job/481080861388,"barista - Store# 07348, HOBOKEN NEWARK STREET",BARISTA,07348,HOBOKEN NEWARK STREET,51 Newark St,Hoboken,NJ,,US,,1789444800,2026-09-15,17,2026-10-02,1789566569,2026-09-16,16,False,40.73671179999999,-74.0303022,481080861388,id:260076089,store:07348,Barista,onsite,"51 Newark St, Hoboken, New Jersey, United States",1,NJ,CONUS_L1_013_032;CONUS_L1_014_032,2
2026-10-01,260072456,https://apply.starbucks.com/careers/job/481080795642,"shift supervisor - Store# 07348, HOBOKEN NEWARK STREET",SHIFT_SUPERVISOR,07348,HOBOKEN NEWARK STREET,51 Newark St,Hoboken,NJ,,US,,1789012800,2026-09-10,22,2026-10-02,1789135067,2026-09-11,21,False,40.73671179999999,-74.0303022,481080795642,id:260072456,store:07348,Shift Supervisor,onsite,"51 Newark St, Hoboken, New Jersey, United States",1,NJ,CONUS_L1_013_032;CONUS_L1_014_032,2
2026-10-01,260067375,https://apply.starbucks.com/careers/job/481080699019,"barista - Store# 14479, HOBOKEN, WASHINGTON ST.",BARISTA,14479,"HOBOKEN, WASHINGTON ST.",314 Washington St,Hoboken,NJ,,US,,1788321600,2026-09-02,30,2026-10-02,1788456241,2026-09-03,29,False,40.74072,-74.03012,481080699019,id:260067375,store:14479,Barista,onsite,"314 Washington St, Hoboken, New Jersey, United States",1,NJ,CONUS_L1_013_032;CONUS_L1_014_032,2
2026-10-01,260064747,https://apply.starbucks.com/careers/job/481080613912,"shift supervisor - Store# 14479, HOBOKEN, WASHINGTON ST.",SHIFT_SUPERVISOR,14479,"HOBOKEN, WASHINGTON ST.",314 Washington St,Hoboken,NJ,,US,,1788062400,2026-08-30,33,2026-10-02,1788184074,2026-08-31,32,False,40.74072,-74.03012,481080613912,id:260064747,store:14479,Shift Supervisor,onsite,"314 Washington St, Hoboken, New Jersey, United States",1,NJ,CONUS_L1_013_032;CONUS_L1_014_032,2
2026-10-01,260066690,https://apply.starbucks.com/careers/job/481080698202,"barista - Store# 27446, Journal Square",BARISTA,27446,Journal Square,3 Path Plz,Jersey City,NJ,,US,,1788321600,2026-09-02,30,2026-10-02,1788455589,2026-09-03,29,False,40.73245,-74.06305,481080698202,id:260066690,store:27446,Barista,onsite,"3 Path Plz, Jersey City, New Jersey, United States",1,NJ,CONUS_L1_013_032;CONUS_L1_014_032,2
2026-10-01,260064993,https://apply.starbucks.com/careers/job/481080658338,"shift supervisor - Store# 27446, Journal Square",SHIFT_SUPERVISOR,27446,Journal Square,3 Path Plz,Jersey City,NJ,,US,,1788148800,2026-08-31,32,2026-10-02,1788270412,2026-09-01,31,False,40.73245,-74.06305,481080658338,id:260064993,store:27446,Shift Supervisor,onsite,"3 Path Plz, Jersey City, New Jersey, United States",1,NJ,CONUS_L1_013_032;CONUS_L1_014_032,2
2026-10-01,260070221,https://apply.starbucks.com/careers/job/481080731233,"shift supervisor - Store# 59631, RT. 440 JERSEY CITY",SHIFT_SUPERVISOR,59631,RT. 440 JERSEY CITY,3 Bennett St,Jersey City,NJ,,US,,1788580800,2026-09-05,27,2026-10-02,1788702720,2026-09-06,26,False,40.71964,-74.09293,481080731233,id:260070221,store:59631,Shift Supervisor,onsite,"3 Bennett St, Jersey City, New Jersey, United States",1,NJ,CONUS_L1_013_032;CONUS_L1_014_032,2
2026-10-01,260069666,https://apply.starbucks.com/careers/job/481080730534,"barista - Store# 59631, RT. 440 JERSEY CITY",BARISTA,59631,RT. 440 JERSEY CITY,3 Bennett St,Jersey City,NJ,,US,,1788580800,2026-09-05,27,2026-10-02,1788702282,2026-09-06,26,False,40.71964,-74.09293,481080730534,id:260069666,store:59631,Barista,onsite,"3 Bennett St, Jersey City, New Jersey, United States",1,NJ,CONUS_L1_013_032;CONUS_L1_014_032,2
2026-10-01,260073845,https://apply.starbucks.com/careers/job/481080813398,"barista - Store# 07489, HOBOKEN 2",BARISTA,07489,HOBOKEN 2,"1205 N Hudson St, The Shipyards at 12th & Hudson",Hoboken,NJ,,US,,1789185600,2026-09-12,20,2026-10-02,1789307285,2026-09-13,19,False,40.751095,-74.025284,481080813398,id:260073845,store:07489,Barista,onsite,"1205 N Hudson St, The Shipyards at 12th & Hudson, Hoboken, New Jersey, United States",1,NJ,CONUS_L1_013_032;CONUS_L1_014_032,2
2026-10-01,260074118,https://apply.starbucks.com/careers/job/481080813886,"shift supervisor - Store# 07489, HOBOKEN 2",SHIFT_SUPERVISOR,07489,HOBOKEN 2,"1205 N Hudson St, The Shipyards at 12th & Hudson",Hoboken,NJ,,US,,1789185600,2026-09-12,20,2026-10-02,1789307538,2026-09-13,19,False,40.751095,-74.025284,481080813886,id:260074118,store:07489,Shift Supervisor,onsite,"1205 N Hudson St, The Shipyards at 12th & Hudson, Hoboken, New Jersey, United States",1,NJ,CONUS_L1_013_032;CONUS_L1_014_032,2
2026-10-01,260057877,https://apply.starbucks.com/careers/job/481079679769,"barista - Store# 62552, NORTH BERGEN, JFK BLVD",BARISTA,62552,"NORTH BERGEN, JFK BLVD",2819 JFK Blvd.,North Bergen,NJ,,US,,1784692800,2026-07-22,72,2026-10-02,1784814311,2026-07-23,71,False,40.77416,-74.03784,481079679769,id:260057877,store:62552,Barista,onsite,"2819 JFK Blvd., North Bergen, New Jersey, United States",1,NJ,CONUS_L1_013_032;CONUS_L1_014_032,2
2026-10-01,260069687,https://apply.starbucks.com/careers/job/481080730566,"shift supervisor - Store# 62552, NORTH BERGEN, JFK BLVD",SHIFT_SUPERVISOR,62552,"NORTH BERGEN, JFK BLVD",2819 JFK Blvd.,North Bergen,NJ,,US,,1788580800,2026-09-05,27,2026-10-02,1788702299,2026-09-06,26,False,40.77416,-74.03784,481080730566,id:260069687,store:62552,Shift Supervisor,onsite,"2819 JFK Blvd., North Bergen, New Jersey, United States",1,NJ,CONUS_L1_013_032;CONUS_L1_014_032,2
2026-10-01,260062578,https://apply.starbucks.com/careers/job/481080494642,"shift supervisor - Store# 19703, NORTH BERGEN, RIVER RD.",SHIFT_SUPERVISOR,19703,"NORTH BERGEN, RIVER RD.",7301 River Rd,North Bergen,NJ,,US,,1787630400,2026-08-25,38,2026-10-02,1787752332,2026-08-26,37,False,40.7927205,-73.9984709,481080494642,id:260062578,store:19703,Shift Supervisor,onsite,"7301 River Rd, North Bergen, New Jersey, United States",1,NJ,CONUS_L1_013_032;CONUS_L1_014_032,2
2026-10-01,260063761,https://apply.starbucks.com/careers/job/481080567423,"barista - Store# 19703, NORTH BERGEN, RIVER RD.",BARISTA,19703,"NORTH BERGEN, RIVER RD.",7301 River Rd,North Bergen,NJ,,US,,1787803200,2026-08-27,36,2026-10-02,1787925180,2026-08-28,35,False,40.7927205,-73.9984709,481080567423,id:260063761,store:19703,Barista,onsite,"7301 River Rd, North Bergen, New Jersey, United States",1,NJ,CONUS_L1_013_032;CONUS_L1_014_032,2
2026-10-01,260054265,https://apply.starbucks.com/careers/job/481079405278,"barista - Store# 58526, VERMELLA UNION / MORRIS AVE",BARISTA,58526,VERMELLA UNION / MORRIS AVE,"1011 G Morris Ave, Suite A",Union,NJ,,US,,1783569600,2026-07-09,85,2026-10-02,1783691220,2026-07-10,84,False,40.683,-74.23304,481079405278,id:260054265,store:58526,Barista,onsite,"1011 G Morris Ave, Suite A, Union, New Jersey, United States",1,NJ,CONUS_L1_013_032;CONUS_L1_014_032,2
2026-10-01,260076634,https://apply.starbucks.com/careers/job/481080862453,"shift supervisor - Store# 58526, VERMELLA UNION / MORRIS AVE",SHIFT_SUPERVISOR,58526,VERMELLA UNION / MORRIS AVE,"1011 G Morris Ave, Suite A",Union,NJ,,US,,1789444800,2026-09-15,17,2026-10-02,1789567039,2026-09-16,16,False,40.683,-74.23304,481080862453,id:260076634,store:58526,Shift Supervisor,onsite,"1011 G Morris Ave, Suite A, Union, New Jersey, United States",1,NJ,CONUS_L1_013_032;CONUS_L1_014_032,2
2026-10-01,260063847,https://apply.starbucks.com/careers/job/481080567445,"shift supervisor - Store# 10038, SECAUCUS, HARMON MEADOW",SHIFT_SUPERVISOR,10038,"SECAUCUS, HARMON MEADOW","700 Plaza Drive, The Plaza at the Meadows",Secaucus,NJ,,US,,1787803200,2026-08-27,36,2026-10-02,1787925250,2026-08-28,35,False,40.78715,-74.04626,481080567445,id:260063847,store:10038,Shift Supervisor,onsite,"700 Plaza Drive, The Plaza at the Meadows, Secaucus, New Jersey, United States",1,NJ,CONUS_L1_013_032;CONUS_L1_014_032,2
2026-10-01,260069481,https://apply.starbucks.com/careers/job/481080730327,"shift supervisor - Store# 54760, NEWARK PENN STATION",SHIFT_SUPERVISOR,54760,NEWARK PENN STATION,"1 Raymond Plz W, Spc C",Newark,NJ,,US,,1788580800,2026-09-05,27,2026-10-02,1788702135,2026-09-06,26,False,40.7343277,-74.1640908,481080730327,id:260069481,store:54760,Shift Supervisor,onsite,"1 Raymond Plz W, Spc C, Newark, New Jersey, United States",1,NJ,CONUS_L1_013_032;CONUS_L1_014_032,2
2026-10-01,260062067,https://apply.starbucks.com/careers/job/481080430325,"shift supervisor - Store# 07223, EDGEWATER",SHIFT_SUPERVISOR,07223,EDGEWATER,"457 River Road, Edgewater Commons",Edgewater,NJ,,US,,1787457600,2026-08-23,40,2026-10-02,1787579380,2026-08-24,39,False,40.81308,-73.98469,481080430325,id:260062067,store:07223,Shift Supervisor,onsite,"457 River Road, Edgewater Commons, Edgewater, New Jersey, United States",1,NJ,CONUS_L1_013_032;CONUS_L1_014_032,2
2026-10-01,260079941,https://apply.starbucks.com/careers/job/481081029528,"barista - Store# 07223, EDGEWATER",BARISTA,07223,EDGEWATER,"457 River Road, Edgewater Commons",Edgewater,NJ,,US,,1790481600,2026-09-27,5,2026-10-02,1790603327,2026-09-28,4,False,40.81308,-73.98469,481081029528,id:260079941,store:07223,Barista,onsite,"457 River Road, Edgewater Commons, Edgewater, New Jersey, United States",1,NJ,CONUS_L1_013_032;CONUS_L1_014_032,2
2026-10-01,260068296,https://apply.starbucks.com/careers/job/481080709262,"barista - Store# 26152, SHOPPES ON BROAD",BARISTA,26152,SHOPPES ON BROAD,687 Broad St,Newark,NJ,,US,,1788408000,2026-09-03,29,2026-10-02,1788529613,2026-09-04,28,False,40.73866,-74.17059,481080709262,id:260068296,store:26152,Barista,onsite,"687 Broad St, Newark, New Jersey, United States",1,NJ,CONUS_L1_013_032;CONUS_L1_014_032,2
2026-10-01,260068849,https://apply.starbucks.com/careers/job/481080710144,"shift supervisor - Store# 26152, SHOPPES ON BROAD",SHIFT_SUPERVISOR,26152,SHOPPES ON BROAD,687 Broad St,Newark,NJ,,US,,1788408000,2026-09-03,29,2026-10-02,1788530087,2026-09-04,28,False,40.73866,-74.17059,481080710144,id:260068849,store:26152,Shift Supervisor,onsite,"687 Broad St, Newark, New Jersey, United States",1,NJ,CONUS_L1_013_032;CONUS_L1_014_032,2
2026-10-01,260068438,https://apply.starbucks.com/careers/job/481080709481,"shift supervisor - Store# 48184, 175 PASSAIC AVE",SHIFT_SUPERVISOR,48184,175 PASSAIC AVE,143 Passaic Ave,Kearny,NJ,,US,,1788408000,2026-09-03,29,2026-10-02,1788529736,2026-09-04,28,False,40.75858,-74.16152,481080709481,id:260068438,store:48184,Shift Supervisor,onsite,"143 Passaic Ave, Kearny, New Jersey, United States",1,NJ,CONUS_L1_013_032;CONUS_L1_014_032,2
2026-10-01,260068442,https://apply.starbucks.com/careers/job/481080709484,"barista - Store# 48184, 175 PASSAIC AVE",BARISTA,48184,175 PASSAIC AVE,143 Passaic Ave,Kearny,NJ,,US,,1788408000,2026-09-03,29,2026-10-02,1788529739,2026-09-04,28,False,40.75858,-74.16152,481080709484,id:260068442,store:48184,Barista,onsite,"143 Passaic Ave, Kearny, New Jersey, United States",1,NJ,CONUS_L1_013_032;CONUS_L1_014_032,2
2026-10-01,260075493,https://apply.starbucks.com/careers/job/481080821719,"shift supervisor - Store# 07471, FT. LEE 2",SHIFT_SUPERVISOR,07471,FT. LEE 2,"1605 Lemoine Ave., Whitman Plaza",Fort Lee,NJ,,US,,1789272000,2026-09-13,19,2026-10-02,1789394987,2026-09-14,18,False,40.84951,-73.97076,481080821719,id:260075493,store:07471,Shift Supervisor,onsite,"1605 Lemoine Ave., Whitman Plaza, Fort Lee, New Jersey, United States",1,NJ,CONUS_L1_013_032;CONUS_L1_014_032,2
2026-10-01,260057569,https://apply.starbucks.com/careers/job/481079627184,"barista - Store# 07471, FT. LEE 2",BARISTA,07471,FT. LEE 2,"1605 Lemoine Ave., Whitman Plaza",Fort Lee,NJ,,US,,1784520000,2026-07-20,74,2026-10-02,1784642420,2026-07-21,73,False,40.84951,-73.97076,481079627184,id:260057569,store:07471,Barista,onsite,"1605 Lemoine Ave., Whitman Plaza, Fort Lee, New Jersey, United States",1,NJ,CONUS_L1_013_032;CONUS_L1_014_032,2
2026-10-01,260080023,https://apply.starbucks.com/careers/job/481081029631,"shift supervisor - Store# 07256, FORT LEE",SHIFT_SUPERVISOR,07256,FORT LEE,"136-38 Linwood Plaza, Linwood Plaza Shopping Center",Fort Lee,NJ,,US,,1790481600,2026-09-27,5,2026-10-02,1790603408,2026-09-28,4,False,40.86125,-73.97041,481081029631,id:260080023,store:07256,Shift Supervisor,onsite,"136-38 Linwood Plaza, Linwood Plaza Shopping Center, Fort Lee, New Jersey, United States",1,NJ,CONUS_L1_013_032;CONUS_L1_014_032,2
2026-10-01,260078531,https://apply.starbucks.com/careers/job/481080936525,"barista - Store# 07256, FORT LEE",BARISTA,07256,FORT LEE,"136-38 Linwood Plaza, Linwood Plaza Shopping Center",Fort Lee,NJ,,US,,1789876800,2026-09-20,12,2026-10-02,1789998349,2026-09-21,11,False,40.86125,-73.97041,481080936525,id:260078531,store:07256,Barista,onsite,"136-38 Linwood Plaza, Linwood Plaza Shopping Center, Fort Lee, New Jersey, United States",1,NJ,CONUS_L1_013_032;CONUS_L1_014_032,2
2026-10-01,260074920,https://apply.starbucks.com/careers/job/481080820642,"barista - Store# 66709, BELLEVILLE DT",BARISTA,66709,BELLEVILLE DT,11 Franklin Ave,Belleville,NJ,,US,,1789272000,2026-09-13,19,2026-10-02,1789394482,2026-09-14,18,False,40.78746,-74.17517,481080820642,id:260074920,store:66709,Barista,onsite,"11 Franklin Ave, Belleville, New Jersey, United States",1,NJ,CONUS_L1_013_032;CONUS_L1_014_032,2
2026-10-01,260071142,https://apply.starbucks.com/careers/job/481080742408,"shift supervisor - Store# 66709, BELLEVILLE DT",SHIFT_SUPERVISOR,66709,BELLEVILLE DT,11 Franklin Ave,Belleville,NJ,,US,,1788667200,2026-09-06,26,2026-10-02,1788788980,2026-09-07,25,False,40.78746,-74.17517,481080742408,id:260071142,store:66709,Shift Supervisor,onsite,"11 Franklin Ave, Belleville, New Jersey, United States",1,NJ,CONUS_L1_013_032;CONUS_L1_014_032,2
2026-10-01,260061793,https://apply.starbucks.com/careers/job/481080429568,"barista - Store# 23590, RUTHERFORD DRIVE THRU",BARISTA,23590,RUTHERFORD DRIVE THRU,96 Meadow Rd,Rutherford,NJ,,US,,1787457600,2026-08-23,40,2026-10-02,1787579140,2026-08-24,39,False,40.82276,-74.10072,481080429568,id:260061793,store:23590,Barista,onsite,"96 Meadow Rd, Rutherford, New Jersey, United States",1,NJ,CONUS_L1_013_032;CONUS_L1_014_032,2
2026-10-01,260061957,https://apply.starbucks.com/careers/job/481080429825,"shift supervisor - Store# 23590, RUTHERFORD DRIVE THRU",SHIFT_SUPERVISOR,23590,RUTHERFORD DRIVE THRU,96 Meadow Rd,Rutherford,NJ,,US,,1787457600,2026-08-23,40,2026-10-02,1787579286,2026-08-24,39,False,40.82276,-74.10072,481080429825,id:260061957,store:23590,Shift Supervisor,onsite,"96 Meadow Rd, Rutherford, New Jersey, United States",1,NJ,CONUS_L1_013_032;CONUS_L1_014_032,2
2026-10-01,260074845,https://apply.starbucks.com/careers/job/481080820594,"barista - Store# 10392, EAST RUTHERFORD, RT. 17",BARISTA,10392,"EAST RUTHERFORD, RT. 17",10 State Rt 17,East Rutherford,NJ,,US,,1789272000,2026-09-13,19,2026-10-02,1789394413,2026-09-14,18,False,40.8313531,-74.08887229999999,481080820594,id:260074845,store:10392,Barista,onsite,"10 State Rt 17, East Rutherford, New Jersey, United States",1,NJ,CONUS_L1_013_032;CONUS_L1_014_032,2
2026-10-01,260063707,https://apply.starbucks.com/careers/job/481080567587,"shift supervisor - Store# 10392, EAST RUTHERFORD, RT. 17",SHIFT_SUPERVISOR,10392,"EAST RUTHERFORD, RT. 17",10 State Rt 17,East Rutherford,NJ,,US,,1787803200,2026-08-27,36,2026-10-02,1787925137,2026-08-28,35,False,40.8313531,-74.08887229999999,481080567587,id:260063707,store:10392,Shift Supervisor,onsite,"10 State Rt 17, East Rutherford, New Jersey, United States",1,NJ,CONUS_L1_013_032;CONUS_L1_014_032,2
2026-10-01,260062775,https://apply.starbucks.com/careers/job/481080494979,"shift supervisor - Store# 26748, Maplewood Village",SHIFT_SUPERVISOR,26748,Maplewood Village,160 Maplewood Ave,Maplewood,NJ,,US,,1787630400,2026-08-25,38,2026-10-02,1787752488,2026-08-26,37,False,40.73098,-74.27703,481080494979,id:260062775,store:26748,Shift Supervisor,onsite,"160 Maplewood Ave, Maplewood, New Jersey, United States",1,NJ,CONUS_L1_013_032;CONUS_L1_014_032,2
2026-10-01,260063985,https://apply.starbucks.com/careers/job/481080594357,"barista - Store# 26748, Maplewood Village",BARISTA,26748,Maplewood Village,160 Maplewood Ave,Maplewood,NJ,,US,,1787976000,2026-08-29,34,2026-10-02,1788097333,2026-08-30,33,False,40.73098,-74.27703,481080594357,id:260063985,store:26748,Barista,onsite,"160 Maplewood Ave, Maplewood, New Jersey, United States",1,NJ,CONUS_L1_013_032;CONUS_L1_014_032,2
2026-10-01,260075092,https://apply.starbucks.com/careers/job/481080821022,"barista - Store# 67917, LYNDHURST DTO",BARISTA,67917,LYNDHURST DTO,1 Stuyvesant Ave,Lyndhurst,NJ,,US,,1789272000,2026-09-13,19,2026-10-02,1789394636,2026-09-14,18,False,40.82055,-74.1214,481080821022,id:260075092,store:67917,Barista,onsite,"1 Stuyvesant Ave, Lyndhurst, New Jersey, United States",1,NJ,CONUS_L1_013_032;CONUS_L1_014_032,2
2026-10-01,260074251,https://apply.starbucks.com/careers/job/481080814071,"shift supervisor - Store# 67917, LYNDHURST DTO",SHIFT_SUPERVISOR,67917,LYNDHURST DTO,1 Stuyvesant Ave,Lyndhurst,NJ,,US,,1789185600,2026-09-12,20,2026-10-02,1789307661,2026-09-13,19,False,40.82055,-74.1214,481080814071,id:260074251,store:67917,Shift Supervisor,onsite,"1 Stuyvesant Ave, Lyndhurst, New Jersey, United States",1,NJ,CONUS_L1_013_032;CONUS_L1_014_032,2
2026-10-01,260058623,https://apply.starbucks.com/careers/job/481079907031,"barista - Store# 07291, SOUTH ORANGE",BARISTA,07291,SOUTH ORANGE,11 Sloan St,South Orange,NJ,,US,,1785124800,2026-07-27,67,2026-10-02,1785246140,2026-07-28,66,False,40.7460375,-74.26037699999999,481079907031,id:260058623,store:07291,Barista,onsite,"11 Sloan St, South Orange, New Jersey, United States",1,NJ,CONUS_L1_013_032;CONUS_L1_014_032,2
2026-10-01,260073289,https://apply.starbucks.com/careers/job/481080798374,"shift supervisor - Store# 07291, SOUTH ORANGE",SHIFT_SUPERVISOR,07291,SOUTH ORANGE,11 Sloan St,South Orange,NJ,,US,,1789012800,2026-09-10,22,2026-10-02,1789135777,2026-09-11,21,False,40.7460375,-74.26037699999999,481080798374,id:260073289,store:07291,Shift Supervisor,onsite,"11 Sloan St, South Orange, New Jersey, United States",1,NJ,CONUS_L1_013_032;CONUS_L1_014_032,2
2026-10-01,260064500,https://apply.starbucks.com/careers/job/481080613529,"barista - Store# 10643, RTE 46W, LITTLE FERRY",BARISTA,10643,"RTE 46W, LITTLE FERRY",300 Route 46 West,Little Ferry,NJ,,US,,1788062400,2026-08-30,33,2026-10-02,1788183865,2026-08-31,32,False,40.85526,-74.04341,481080613529,id:260064500,store:10643,Barista,onsite,"300 Route 46 West, Little Ferry, New Jersey, United States",1,NJ,CONUS_L1_013_032;CONUS_L1_014_032,2
2026-10-01,260066986,https://apply.starbucks.com/careers/job/481080698550,"shift supervisor - Store# 10643, RTE 46W, LITTLE FERRY",SHIFT_SUPERVISOR,10643,"RTE 46W, LITTLE FERRY",300 Route 46 West,Little Ferry,NJ,,US,,1788321600,2026-09-02,30,2026-10-02,1788455867,2026-09-03,29,False,40.85526,-74.04341,481080698550,id:260066986,store:10643,Shift Supervisor,onsite,"300 Route 46 West, Little Ferry, New Jersey, United States",1,NJ,CONUS_L1_013_032;CONUS_L1_014_032,2
2026-10-01,260066215,https://apply.starbucks.com/careers/job/481080678992,"barista - Store# 13383, GLEN RIDGE",BARISTA,13383,GLEN RIDGE,710 Bloomfield Ave,Glen Ridge,NJ,,US,,1788321600,2026-09-02,30,2026-10-02,1788357778,2026-09-02,30,False,40.797296,-74.2012774,481080678992,id:260066215,store:13383,Barista,onsite,"710 Bloomfield Ave, Glen Ridge, New Jersey, United States",1,NJ,CONUS_L1_013_032;CONUS_L1_014_032,2
2026-10-01,260065630,https://apply.starbucks.com/careers/job/481080677996,"shift supervisor - Store# 13383, GLEN RIDGE",SHIFT_SUPERVISOR,13383,GLEN RIDGE,710 Bloomfield Ave,Glen Ridge,NJ,,US,,1788321600,2026-09-02,30,2026-10-02,1788357257,2026-09-02,30,False,40.797296,-74.2012774,481080677996,id:260065630,store:13383,Shift Supervisor,onsite,"710 Bloomfield Ave, Glen Ridge, New Jersey, United States",1,NJ,CONUS_L1_013_032;CONUS_L1_014_032,2
2026-10-01,260073578,https://apply.starbucks.com/careers/job/481080812928,"shift supervisor - Store# 07428, HASBROUCK HEIGHTS",SHIFT_SUPERVISOR,07428,HASBROUCK HEIGHTS,201-211 Route 17 South,Hasbrouck Heights,NJ,,US,,1789185600,2026-09-12,20,2026-10-02,1789307036,2026-09-13,19,False,40.8567,-74.07031,481080812928,id:260073578,store:07428,Shift Supervisor,onsite,"201-211 Route 17 South, Hasbrouck Heights, New Jersey, United States",1,NJ,CONUS_L1_013_032;CONUS_L1_014_032,2
2026-10-01,260057465,https://apply.starbucks.com/careers/job/481079604830,"barista - Store# 07428, HASBROUCK HEIGHTS",BARISTA,07428,HASBROUCK HEIGHTS,201-211 Route 17 South,Hasbrouck Heights,NJ,,US,,1784433600,2026-07-19,75,2026-10-02,1784554785,2026-07-20,74,False,40.8567,-74.07031,481079604830,id:260057465,store:07428,Barista,onsite,"201-211 Route 17 South, Hasbrouck Heights, New Jersey, United States",1,NJ,CONUS_L1_013_032;CONUS_L1_014_032,2
2026-10-01,260063867,https://apply.starbucks.com/careers/job/481080567748,"shift supervisor - Store# 09659, CLIFTON RT 3 WEST",SHIFT_SUPERVISOR,09659,CLIFTON RT 3 WEST,360 Rt 3,Clifton,NJ,,US,,1787803200,2026-08-27,36,2026-10-02,1787925266,2026-08-28,35,False,40.82986,-74.13683,481080567748,id:260063867,store:09659,Shift Supervisor,onsite,"360 Rt 3, Clifton, New Jersey, United States",1,NJ,CONUS_L1_013_032;CONUS_L1_014_032,2
2026-10-01,260078922,https://apply.starbucks.com/careers/job/481080964861,"barista - Store# 09659, CLIFTON RT 3 WEST",BARISTA,09659,CLIFTON RT 3 WEST,360 Rt 3,Clifton,NJ,,US,,1790049600,2026-09-22,10,2026-10-02,1790171040,2026-09-23,9,False,40.82986,-74.13683,481080964861,id:260078922,store:09659,Barista,onsite,"360 Rt 3, Clifton, New Jersey, United States",1,NJ,CONUS_L1_013_032;CONUS_L1_014_032,2
2026-10-01,260053211,https://apply.starbucks.com/careers/job/481079247461,"barista - Store# 07649, NUTLEY",BARISTA,07649,NUTLEY,483 Franklin Ave,Nutley,NJ,,US,,1783224000,2026-07-05,89,2026-10-02,1783345157,2026-07-06,88,False,40.8232327,-74.1561315,481079247461,id:260053211,store:07649,Barista,onsite,"483 Franklin Ave, Nutley, New Jersey, United States",1,NJ,CONUS_L1_013_032;CONUS_L1_014_032,2
2026-10-01,260076304,https://apply.starbucks.com/careers/job/481080861739,"shift supervisor - Store# 07649, NUTLEY",SHIFT_SUPERVISOR,07649,NUTLEY,483 Franklin Ave,Nutley,NJ,,US,,1789444800,2026-09-15,17,2026-10-02,1789566755,2026-09-16,16,False,40.8232327,-74.1561315,481080861739,id:260076304,store:07649,Shift Supervisor,onsite,"483 Franklin Ave, Nutley, New Jersey, United States",1,NJ,CONUS_L1_013_032;CONUS_L1_014_032,2
2026-10-01,260053717,https://apply.starbucks.com/careers/job/481079385328,"barista - Store# 00846, ENGLEWOOD",BARISTA,00846,ENGLEWOOD,17 E. Palisades Avenue,Englewood,NJ,,US,,1783483200,2026-07-08,86,2026-10-02,1783604535,2026-07-09,85,False,40.89373,-73.97419,481079385328,id:260053717,store:00846,Barista,onsite,"17 E. Palisades Avenue, Englewood, New Jersey, United States",1,NJ,CONUS_L1_013_032;CONUS_L1_014_032,2
2026-10-01,260061596,https://apply.starbucks.com/careers/job/481080387371,"shift supervisor - Store# 00846, ENGLEWOOD",SHIFT_SUPERVISOR,00846,ENGLEWOOD,17 E. Palisades Avenue,Englewood,NJ,,US,,1787198400,2026-08-20,43,2026-10-02,1787319616,2026-08-21,42,False,40.89373,-73.97419,481080387371,id:260061596,store:00846,Shift Supervisor,onsite,"17 E. Palisades Avenue, Englewood, New Jersey, United States",1,NJ,CONUS_L1_013_032;CONUS_L1_014_032,2
2026-10-01,260071676,https://apply.starbucks.com/careers/job/481080764507,"shift supervisor - Store# 70474, 150 RIVER STREET",SHIFT_SUPERVISOR,70474,150 RIVER STREET,"110 River Street, Bldg 2",Hackensack,NJ,,US,,1788840000,2026-09-08,24,2026-10-02,1788961317,2026-09-09,23,False,40.88096,-74.04136,481080764507,id:260071676,store:70474,Shift Supervisor,onsite,"110 River Street, Bldg 2, Hackensack, New Jersey, United States",1,NJ,CONUS_L1_013_032;CONUS_L1_014_032,2
2026-10-01,260059511,https://apply.starbucks.com/careers/job/481080000896,"barista - Store# 70474, 150 RIVER STREET",BARISTA,70474,150 RIVER STREET,"110 River Street, Bldg 2",Hackensack,NJ,,US,,1785729600,2026-08-03,60,2026-10-02,1785851161,2026-08-04,59,False,40.88096,-74.04136,481080000896,id:260059511,store:70474,Barista,onsite,"110 River Street, Bldg 2, Hackensack, New Jersey, United States",1,NJ,CONUS_L1_013_032;CONUS_L1_014_032,2
2026-10-01,260070951,https://apply.starbucks.com/careers/job/481080742096,"shift supervisor - Store# 67639, Metro Blvd Rt 3 East DT",SHIFT_SUPERVISOR,67639,Metro Blvd Rt 3 East DT,10 Metro Blvd,Clifton,NJ,,US,,1788667200,2026-09-06,26,2026-10-02,1788788824,2026-09-07,25,False,40.83687,-74.15457,481080742096,id:260070951,store:67639,Shift Supervisor,onsite,"10 Metro Blvd, Clifton, New Jersey, United States",1,NJ,CONUS_L1_013_032;CONUS_L1_014_032,2
2026-10-01,260077566,https://apply.starbucks.com/careers/job/481080891384,"barista - Store# 67639, Metro Blvd Rt 3 East DT",BARISTA,67639,Metro Blvd Rt 3 East DT,10 Metro Blvd,Clifton,NJ,,US,,1789617600,2026-09-17,15,2026-10-02,1789739266,2026-09-18,14,False,40.83687,-74.15457,481080891384,id:260077566,store:67639,Barista,onsite,"10 Metro Blvd, Clifton, New Jersey, United States",1,NJ,CONUS_L1_013_032;CONUS_L1_014_032,2
2026-10-01,260073624,https://apply.starbucks.com/careers/job/481080812987,"shift supervisor - Store# 07852, HACKENSACK NJ",SHIFT_SUPERVISOR,07852,HACKENSACK NJ,"360 Essex St, Sanzari Medical Arts Building",Hackensack,NJ,,US,,1789185600,2026-09-12,20,2026-10-02,1789307079,2026-09-13,19,False,40.8842653,-74.05901940000001,481080812987,id:260073624,store:07852,Shift Supervisor,onsite,"360 Essex St, Sanzari Medical Arts Building, Hackensack, New Jersey, United States",1,NJ,CONUS_L1_013_032;CONUS_L1_014_032,2
2026-10-01,260057233,https://apply.starbucks.com/careers/job/481079587607,"barista - Store# 07852, HACKENSACK NJ",BARISTA,07852,HACKENSACK NJ,"360 Essex St, Sanzari Medical Arts Building",Hackensack,NJ,,US,,1784347200,2026-07-18,76,2026-10-02,1784468395,2026-07-19,75,False,40.8842653,-74.05901940000001,481079587607,id:260057233,store:07852,Barista,onsite,"360 Essex St, Sanzari Medical Arts Building, Hackensack, New Jersey, United States",1,NJ,CONUS_L1_013_032;CONUS_L1_014_032,2
2026-10-01,260069688,https://apply.starbucks.com/careers/job/481080730571,"shift supervisor - Store# 62550, 495 PROSPECT AVE, WEST ORANGE",SHIFT_SUPERVISOR,62550,"495 PROSPECT AVE, WEST ORANGE","495 Prospect Ave, Building H",West Orange,NJ,,US,,1788580800,2026-09-05,27,2026-10-02,1788702300,2026-09-06,26,False,40.79471,-74.25437,481080730571,id:260069688,store:62550,Shift Supervisor,onsite,"495 Prospect Ave, Building H, West Orange, New Jersey, United States",1,NJ,CONUS_L1_013_032;CONUS_L1_014_032,2
2026-10-01,260069278,https://apply.starbucks.com/careers/job/481080730079,"barista - Store# 62550, 495 PROSPECT AVE, WEST ORANGE",BARISTA,62550,"495 PROSPECT AVE, WEST ORANGE","495 Prospect Ave, Building H",West Orange,NJ,,US,,1788580800,2026-09-05,27,2026-10-02,1788701974,2026-09-06,26,False,40.79471,-74.25437,481080730079,id:260069278,store:62550,Barista,onsite,"495 Prospect Ave, Building H, West Orange, New Jersey, United States",1,NJ,CONUS_L1_013_032;CONUS_L1_014_032,2
2026-10-01,260066446,https://apply.starbucks.com/careers/job/481080679590,"shift supervisor - Store# 13856, MONTCLAIR - CHURCH & SOUTH PARK",SHIFT_SUPERVISOR,13856,MONTCLAIR - CHURCH & SOUTH PARK,"40 S Park St, The Siena",Montclair,NJ,,US,,1788321600,2026-09-02,30,2026-10-02,1788357984,2026-09-02,30,False,40.81424,-74.22007,481080679590,id:260066446,store:13856,Shift Supervisor,onsite,"40 S Park St, The Siena, Montclair, New Jersey, United States",1,NJ,CONUS_L1_013_032;CONUS_L1_014_032,2
2026-10-01,260057806,https://apply.starbucks.com/careers/job/481079649290,"barista - Store# 13856, MONTCLAIR - CHURCH & SOUTH PARK",BARISTA,13856,MONTCLAIR - CHURCH & SOUTH PARK,"40 S Park St, The Siena",Montclair,NJ,,US,,1784606400,2026-07-21,73,2026-10-02,1784727982,2026-07-22,72,False,40.81424,-74.22007,481079649290,id:260057806,store:13856,Barista,onsite,"40 S Park St, The Siena, Montclair, New Jersey, United States",1,NJ,CONUS_L1_013_032;CONUS_L1_014_032,2
2026-10-01,260073298,https://apply.starbucks.com/careers/job/481080798216,"shift supervisor - Store# 00858, UPPER MONTCLAIR",SHIFT_SUPERVISOR,00858,UPPER MONTCLAIR,572 Valley Rd,Montclair,NJ,,US,,1789012800,2026-09-10,22,2026-10-02,1789135785,2026-09-11,21,False,40.839703,-74.20794719999999,481080798216,id:260073298,store:00858,Shift Supervisor,onsite,"572 Valley Rd, Montclair, New Jersey, United States",1,NJ,CONUS_L1_013_032;CONUS_L1_014_032,2
2026-10-01,260072416,https://apply.starbucks.com/careers/job/481080795569,"barista - Store# 00858, UPPER MONTCLAIR",BARISTA,00858,UPPER MONTCLAIR,572 Valley Rd,Montclair,NJ,,US,,1789012800,2026-09-10,22,2026-10-02,1789135034,2026-09-11,21,False,40.839703,-74.20794719999999,481080795569,id:260072416,store:00858,Barista,onsite,"572 Valley Rd, Montclair, New Jersey, United States",1,NJ,CONUS_L1_013_032;CONUS_L1_014_032,2
2026-10-01,260070161,https://apply.starbucks.com/careers/job/481080731128,"shift supervisor - Store# 53592, 160 RT. 17, ROCHELLE PARK",SHIFT_SUPERVISOR,53592,"160 RT. 17, ROCHELLE PARK","160 Rt. 17, Rochelle Park",Rochelle Park,NJ,,US,,1788580800,2026-09-05,27,2026-10-02,1788702673,2026-09-06,26,False,40.903,-74.0717,481080731128,id:260070161,store:53592,Shift Supervisor,onsite,"160 Rt. 17, Rochelle Park, Rochelle Park, New Jersey, United States",1,NJ,CONUS_L1_013_032;CONUS_L1_014_032,2
2026-10-01,260069321,https://apply.starbucks.com/careers/job/481080730137,"barista - Store# 53592, 160 RT. 17, ROCHELLE PARK",BARISTA,53592,"160 RT. 17, ROCHELLE PARK","160 Rt. 17, Rochelle Park",Rochelle Park,NJ,,US,,1788580800,2026-09-05,27,2026-10-02,1788702010,2026-09-06,26,False,40.903,-74.0717,481080730137,id:260069321,store:53592,Barista,onsite,"160 Rt. 17, Rochelle Park, Rochelle Park, New Jersey, United States",1,NJ,CONUS_L1_013_032;CONUS_L1_014_032,2
2026-10-01,260061559,https://apply.starbucks.com/careers/job/481080387293,"barista - Store# 66292, Saddle Brook DT",BARISTA,66292,Saddle Brook DT,419 Market St,Saddle Brook,NJ,,US,,1787198400,2026-08-20,43,2026-10-02,1787319585,2026-08-21,42,False,40.89741,-74.09722,481080387293,id:260061559,store:66292,Barista,onsite,"419 Market St, Saddle Brook, New Jersey, United States",1,NJ,CONUS_L1_013_032;CONUS_L1_014_032,2
2026-10-01,260070587,https://apply.starbucks.com/careers/job/481080741662,"shift supervisor - Store# 66292, Saddle Brook DT",SHIFT_SUPERVISOR,66292,Saddle Brook DT,419 Market St,Saddle Brook,NJ,,US,,1788667200,2026-09-06,26,2026-10-02,1788788535,2026-09-07,25,False,40.89741,-74.09722,481080741662,id:260070587,store:66292,Shift Supervisor,onsite,"419 Market St, Saddle Brook, New Jersey, United States",1,NJ,CONUS_L1_013_032;CONUS_L1_014_032,2
2026-10-01,260076268,https://apply.starbucks.com/careers/job/481080861709,"barista - Store# 07243, LIVINGSTON",BARISTA,07243,LIVINGSTON,1 West Mt. Pleasant Avenue,Livingston,NJ,,US,,1789444800,2026-09-15,17,2026-10-02,1789566724,2026-09-16,16,False,40.79559,-74.3157,481080861709,id:260076268,store:07243,Barista,onsite,"1 West Mt. Pleasant Avenue, Livingston, New Jersey, United States",1,NJ,CONUS_L1_013_032;CONUS_L1_014_032,2
2026-10-01,260074036,https://apply.starbucks.com/careers/job/481080813678,"shift supervisor - Store# 07243, LIVINGSTON",SHIFT_SUPERVISOR,07243,LIVINGSTON,1 West Mt. Pleasant Avenue,Livingston,NJ,,US,,1789185600,2026-09-12,20,2026-10-02,1789307462,2026-09-13,19,False,40.79559,-74.3157,481080813678,id:260074036,store:07243,Shift Supervisor,onsite,"1 West Mt. Pleasant Avenue, Livingston, New Jersey, United States",1,NJ,CONUS_L1_013_032;CONUS_L1_014_032,2
2026-10-01,260064352,https://apply.starbucks.com/careers/job/481080613174,"shift supervisor - Store# 21769, GARDEN STATE PLAZA II INLINE",SHIFT_SUPERVISOR,21769,GARDEN STATE PLAZA II INLINE,"1 Garden State Plaza, Space #2304",Paramus,NJ,,US,,1788062400,2026-08-30,33,2026-10-02,1788183744,2026-08-31,32,False,40.91654,-74.07691,481080613174,id:260064352,store:21769,Shift Supervisor,onsite,"1 Garden State Plaza, Space #2304, Paramus, New Jersey, United States",1,NJ,CONUS_L1_013_032;CONUS_L1_014_032,2
2026-10-01,260065133,https://apply.starbucks.com/careers/job/481080677240,"barista - Store# 21769, GARDEN STATE PLAZA II INLINE",BARISTA,21769,GARDEN STATE PLAZA II INLINE,"1 Garden State Plaza, Space #2304",Paramus,NJ,,US,,1788321600,2026-09-02,30,2026-10-02,1788356814,2026-09-02,30,False,40.91654,-74.07691,481080677240,id:260065133,store:21769,Barista,onsite,"1 Garden State Plaza, Space #2304, Paramus, New Jersey, United States",1,NJ,CONUS_L1_013_032;CONUS_L1_014_032,2
2026-10-01,260066655,https://apply.starbucks.com/careers/job/481080698150,"barista - Store# 21769, GARDEN STATE PLAZA II INLINE",BARISTA,21769,GARDEN STATE PLAZA II INLINE,"1 Garden State Plaza, Space #2304",Paramus,NJ,,US,,1788321600,2026-09-02,30,2026-10-02,1788455555,2026-09-03,29,False,40.91654,-74.07691,481080698150,id:260066655,store:21769,Barista,onsite,"1 Garden State Plaza, Space #2304, Paramus, New Jersey, United States",1,NJ,CONUS_L1_013_032;CONUS_L1_014_032,2
2026-10-01,260054077,https://apply.starbucks.com/careers/job/481079404918,"barista - Store# 02973, RT. 4 PARAMUS",BARISTA,02973,RT. 4 PARAMUS,65 Rt. 4,Paramus,NJ,,US,,1783569600,2026-07-09,85,2026-10-02,1783691088,2026-07-10,84,False,40.92029,-74.06608,481079404918,id:260054077,store:02973,Barista,onsite,"65 Rt. 4, Paramus, New Jersey, United States",1,NJ,CONUS_L1_013_032;CONUS_L1_014_032,2
2026-10-01,260075325,https://apply.starbucks.com/careers/job/481080821535,"shift supervisor - Store# 02973, RT. 4 PARAMUS",SHIFT_SUPERVISOR,02973,RT. 4 PARAMUS,65 Rt. 4,Paramus,NJ,,US,,1789272000,2026-09-13,19,2026-10-02,1789394839,2026-09-14,18,False,40.92029,-74.06608,481080821535,id:260075325,store:02973,Shift Supervisor,onsite,"65 Rt. 4, Paramus, New Jersey, United States",1,NJ,CONUS_L1_013_032;CONUS_L1_014_032,2
2026-10-01,260074300,https://apply.starbucks.com/careers/job/481080814165,"shift supervisor - Store# 07475, LIVINGSTON CIRCLE",SHIFT_SUPERVISOR,07475,LIVINGSTON CIRCLE,288 Eisenhower Pkwy,Livingston,NJ,,US,,1789185600,2026-09-12,20,2026-10-02,1789307707,2026-09-13,19,False,40.7985627,-74.3407276,481080814165,id:260074300,store:07475,Shift Supervisor,onsite,"288 Eisenhower Pkwy, Livingston, New Jersey, United States",1,NJ,CONUS_L1_013_032;CONUS_L1_014_032,2
2026-10-01,260064996,https://apply.starbucks.com/careers/job/481080658349,"barista - Store# 07475, LIVINGSTON CIRCLE",BARISTA,07475,LIVINGSTON CIRCLE,288 Eisenhower Pkwy,Livingston,NJ,,US,,1788148800,2026-08-31,32,2026-10-02,1788270415,2026-09-01,31,False,40.7985627,-74.3407276,481080658349,id:260064996,store:07475,Barista,onsite,"288 Eisenhower Pkwy, Livingston, New Jersey, United States",1,NJ,CONUS_L1_013_032;CONUS_L1_014_032,2
2026-10-01,260073531,https://apply.starbucks.com/careers/job/481080812863,"shift supervisor - Store# 07533, PARAMUS",SHIFT_SUPERVISOR,07533,PARAMUS,177 Route 17 South,Paramus,NJ,,US,,1789185600,2026-09-12,20,2026-10-02,1789306991,2026-09-13,19,False,40.9329712,-74.0712736,481080812863,id:260073531,store:07533,Shift Supervisor,onsite,"177 Route 17 South, Paramus, New Jersey, United States",1,NJ,CONUS_L1_013_032;CONUS_L1_014_032,2
2026-10-01,260074148,https://apply.starbucks.com/careers/job/481080813922,"barista - Store# 07533, PARAMUS",BARISTA,07533,PARAMUS,177 Route 17 South,Paramus,NJ,,US,,1789185600,2026-09-12,20,2026-10-02,1789307565,2026-09-13,19,False,40.9329712,-74.0712736,481080813922,id:260074148,store:07533,Barista,onsite,"177 Route 17 South, Paramus, New Jersey, United States",1,NJ,CONUS_L1_013_032;CONUS_L1_014_032,2
2026-10-01,260068540,https://apply.starbucks.com/careers/job/481080709733,"shift supervisor - Store# 29968, PARAMUS TOWN SQUARE",SHIFT_SUPERVISOR,29968,PARAMUS TOWN SQUARE,240 NJ-17,Paramus,NJ,,US,,1788408000,2026-09-03,29,2026-10-02,1788529824,2026-09-04,28,False,40.93521,-74.07009,481080709733,id:260068540,store:29968,Shift Supervisor,onsite,"240 NJ-17, Paramus, New Jersey, United States",1,NJ,CONUS_L1_013_032;CONUS_L1_014_032,2
2026-10-01,260068522,https://apply.starbucks.com/careers/job/481080709976,"barista - Store# 29968, PARAMUS TOWN SQUARE",BARISTA,29968,PARAMUS TOWN SQUARE,240 NJ-17,Paramus,NJ,,US,,1788408000,2026-09-03,29,2026-10-02,1788529808,2026-09-04,28,False,40.93521,-74.07009,481080709976,id:260068522,store:29968,Barista,onsite,"240 NJ-17, Paramus, New Jersey, United States",1,NJ,CONUS_L1_013_032;CONUS_L1_014_032,2
2026-10-01,260054638,https://apply.starbucks.com/careers/job/481079406053,"barista - Store# 07582, Closter at 79 VerValen St",BARISTA,07582,Closter at 79 VerValen St,"79 VerValen St, D-15",Closter,NJ,,US,,1783569600,2026-07-09,85,2026-10-02,1783691483,2026-07-10,84,False,40.970061,-73.9551431,481079406053,id:260054638,store:07582,Barista,onsite,"79 VerValen St, D-15, Closter, New Jersey, United States",1,NJ,CONUS_L1_013_032;CONUS_L1_014_032,2
2026-10-01,260060112,https://apply.starbucks.com/careers/job/481080087867,"shift supervisor - Store# 07582, Closter at 79 VerValen St",SHIFT_SUPERVISOR,07582,Closter at 79 VerValen St,"79 VerValen St, D-15",Closter,NJ,,US,,1786248000,2026-08-09,54,2026-10-02,1786369554,2026-08-10,53,False,40.970061,-73.9551431,481080087867,id:260060112,store:07582,Shift Supervisor,onsite,"79 VerValen St, D-15, Closter, New Jersey, United States",1,NJ,CONUS_L1_013_032;CONUS_L1_014_032,2
2026-10-01,260063685,https://apply.starbucks.com/careers/job/481080567571,"barista - Store# 09273, ROSELAND",BARISTA,09273,ROSELAND,"43 Eisenhower Pkwy, Eagle Rock Plaza",Roseland,NJ,,US,,1787803200,2026-08-27,36,2026-10-02,1787925120,2026-08-28,35,False,40.8214943,-74.32802219999999,481080567571,id:260063685,store:09273,Barista,onsite,"43 Eisenhower Pkwy, Eagle Rock Plaza, Roseland, New Jersey, United States",1,NJ,CONUS_L1_013_032;CONUS_L1_014_032,2
2026-10-01,260073516,https://apply.starbucks.com/careers/job/481080812846,"shift supervisor - Store# 09273, ROSELAND",SHIFT_SUPERVISOR,09273,ROSELAND,"43 Eisenhower Pkwy, Eagle Rock Plaza",Roseland,NJ,,US,,1789185600,2026-09-12,20,2026-10-02,1789306975,2026-09-13,19,False,40.8214943,-74.32802219999999,481080812846,id:260073516,store:09273,Shift Supervisor,onsite,"43 Eisenhower Pkwy, Eagle Rock Plaza, Roseland, New Jersey, United States",1,NJ,CONUS_L1_013_032;CONUS_L1_014_032,2
2026-10-01,260075388,https://apply.starbucks.com/careers/job/481080821602,"shift supervisor - Store# 48182, 1730 RTE 46 W - WOODLAND PARK",SHIFT_SUPERVISOR,48182,1730 RTE 46 W - WOODLAND PARK,"1730 US 46 West, Unit #4",Little Falls,NJ,,US,,1789272000,2026-09-13,19,2026-10-02,1789394895,2026-09-14,18,False,40.88771,-74.21615,481080821602,id:260075388,store:48182,Shift Supervisor,onsite,"1730 US 46 West, Unit #4, Little Falls, New Jersey, United States",1,NJ,CONUS_L1_013_032;CONUS_L1_014_032,2
2026-10-01,260080235,https://apply.starbucks.com/careers/job/481081059051,"barista - Store# 07755, RT 17N - CONTAINER STORE",BARISTA,07755,RT 17N - CONTAINER STORE,"370 Route 17 N, The Container Store Project",Paramus,NJ,,US,,1790568000,2026-09-28,4,2026-10-02,1790689647,2026-09-29,3,False,40.94613,-74.07136,481081059051,id:260080235,store:07755,Barista,onsite,"370 Route 17 N, The Container Store Project, Paramus, New Jersey, United States",1,NJ,CONUS_L1_013_032;CONUS_L1_014_032,2
2026-10-01,260073005,https://apply.starbucks.com/careers/job/481080797584,"shift supervisor - Store# 07755, RT 17N - CONTAINER STORE",SHIFT_SUPERVISOR,07755,RT 17N - CONTAINER STORE,"370 Route 17 N, The Container Store Project",Paramus,NJ,,US,,1789012800,2026-09-10,22,2026-10-02,1789135536,2026-09-11,21,False,40.94613,-74.07136,481080797584,id:260073005,store:07755,Shift Supervisor,onsite,"370 Route 17 N, The Container Store Project, Paramus, New Jersey, United States",1,NJ,CONUS_L1_013_032;CONUS_L1_014_032,2
2026-10-01,260073684,https://apply.starbucks.com/careers/job/481080813107,"shift supervisor - Store# 07320, WEST CALDWELL - BLOOMFIELD AVENUE",SHIFT_SUPERVISOR,07320,WEST CALDWELL - BLOOMFIELD AVENUE,744 Bloomfield Ave,Caldwell,NJ,,US,,1789185600,2026-09-12,20,2026-10-02,1789307134,2026-09-13,19,False,40.8494323,-74.2944729,481080813107,id:260073684,store:07320,Shift Supervisor,onsite,"744 Bloomfield Ave, Caldwell, New Jersey, United States",1,NJ,CONUS_L1_013_032;CONUS_L1_014_032,2
2026-10-01,260058660,https://apply.starbucks.com/careers/job/481079907121,"barista - Store# 07320, WEST CALDWELL - BLOOMFIELD AVENUE",BARISTA,07320,WEST CALDWELL - BLOOMFIELD AVENUE,744 Bloomfield Ave,Caldwell,NJ,,US,,1785124800,2026-07-27,67,2026-10-02,1785246171,2026-07-28,66,False,40.8494323,-74.2944729,481079907121,id:260058660,store:07320,Barista,onsite,"744 Bloomfield Ave, Caldwell, New Jersey, United States",1,NJ,CONUS_L1_013_032;CONUS_L1_014_032,2
2026-10-01,260061999,https://apply.starbucks.com/careers/job/481080429903,"barista - Store# 66296, TOTOWA DT",BARISTA,66296,TOTOWA DT,813 Riverview Dr,Totowa,NJ,,US,,1787457600,2026-08-23,40,2026-10-02,1787579322,2026-08-24,39,False,40.89651,-74.23646,481080429903,id:260061999,store:66296,Barista,onsite,"813 Riverview Dr, Totowa, New Jersey, United States",1,NJ,CONUS_L1_013_032;CONUS_L1_014_032,2
2026-10-01,260061924,https://apply.starbucks.com/careers/job/481080429767,"shift supervisor - Store# 66296, TOTOWA DT",SHIFT_SUPERVISOR,66296,TOTOWA DT,813 Riverview Dr,Totowa,NJ,,US,,1787457600,2026-08-23,40,2026-10-02,1787579258,2026-08-24,39,False,40.89651,-74.23646,481080429767,id:260061924,store:66296,Shift Supervisor,onsite,"813 Riverview Dr, Totowa, New Jersey, United States",1,NJ,CONUS_L1_013_032;CONUS_L1_014_032,2
2026-10-01,260064537,https://apply.starbucks.com/careers/job/481080613618,"shift supervisor - Store# 21655, FAIRLAWN",SHIFT_SUPERVISOR,21655,FAIRLAWN,16-31 state route 208,Fair Lawn,NJ,,US,,1788062400,2026-08-30,33,2026-10-02,1788183896,2026-08-31,32,False,40.94311,-74.12925,481080613618,id:260064537,store:21655,Shift Supervisor,onsite,"16-31 state route 208, Fair Lawn, New Jersey, United States",1,NJ,CONUS_L1_013_032;CONUS_L1_014_032,2
2026-10-01,260076233,https://apply.starbucks.com/careers/job/481080861623,"barista - Store# 21655, FAIRLAWN",BARISTA,21655,FAIRLAWN,16-31 state route 208,Fair Lawn,NJ,,US,,1789444800,2026-09-15,17,2026-10-02,1789566694,2026-09-16,16,False,40.94311,-74.12925,481080861623,id:260076233,store:21655,Barista,onsite,"16-31 state route 208, Fair Lawn, New Jersey, United States",1,NJ,CONUS_L1_013_032;CONUS_L1_014_032,2
2026-10-01,260073802,https://apply.starbucks.com/careers/job/481080813371,"shift supervisor - Store# 07451, WILLOWBROOK MALL",SHIFT_SUPERVISOR,07451,WILLOWBROOK MALL,"1400 Willowbrook Mall, Willowbrook Mall",Wayne,NJ,,US,,1789185600,2026-09-12,20,2026-10-02,1789307245,2026-09-13,19,False,40.88847,-74.25988,481080813371,id:260073802,store:07451,Shift Supervisor,onsite,"1400 Willowbrook Mall, Willowbrook Mall, Wayne, New Jersey, United States",1,NJ,CONUS_L1_013_032;CONUS_L1_014_032,2
2026-10-01,260059275,https://apply.starbucks.com/careers/job/481079980592,"barista - Store# 07451, WILLOWBROOK MALL",BARISTA,07451,WILLOWBROOK MALL,"1400 Willowbrook Mall, Willowbrook Mall",Wayne,NJ,,US,,1785643200,2026-08-02,61,2026-10-02,1785753155,2026-08-03,60,False,40.88847,-74.25988,481079980592,id:260059275,store:07451,Barista,onsite,"1400 Willowbrook Mall, Willowbrook Mall, Wayne, New Jersey, United States",1,NJ,CONUS_L1_013_032;CONUS_L1_014_032,2
2026-10-01,260062496,https://apply.starbucks.com/careers/job/481080494506,"shift supervisor - Store# 26734, Emerson Kinderkamack",SHIFT_SUPERVISOR,26734,Emerson Kinderkamack,322 Kinderkamack Rd,Emerson,NJ,,US,,1787630400,2026-08-25,38,2026-10-02,1787752267,2026-08-26,37,False,40.98019,-74.02444,481080494506,id:260062496,store:26734,Shift Supervisor,onsite,"322 Kinderkamack Rd, Emerson, New Jersey, United States",1,NJ,CONUS_L1_013_032;CONUS_L1_014_032,2
2026-10-01,260065240,https://apply.starbucks.com/careers/job/481080677440,"shift supervisor - Store# 71226, FAIRFIELD - RT 46 WEST",SHIFT_SUPERVISOR,71226,FAIRFIELD - RT 46 WEST,643 Route 46,Fairfield,NJ,,US,,1788321600,2026-09-02,30,2026-10-02,1788356913,2026-09-02,30,False,40.8911865,-74.2713222,481080677440,id:260065240,store:71226,Shift Supervisor,onsite,"643 Route 46, Fairfield, New Jersey, United States",1,NJ,CONUS_L1_013_032;CONUS_L1_014_032,2
2026-10-01,260067341,https://apply.starbucks.com/careers/job/481080698997,"barista - Store# 71226, FAIRFIELD - RT 46 WEST",BARISTA,71226,FAIRFIELD - RT 46 WEST,643 Route 46,Fairfield,NJ,,US,,1788321600,2026-09-02,30,2026-10-02,1788456208,2026-09-03,29,False,40.8911865,-74.2713222,481080698997,id:260067341,store:71226,Barista,onsite,"643 Route 46, Fairfield, New Jersey, United States",1,NJ,CONUS_L1_013_032;CONUS_L1_014_032,2
2026-10-01,260074292,https://apply.starbucks.com/careers/job/481080814144,"barista - Store# 11273, WESTWOOD AVENUE",BARISTA,11273,WESTWOOD AVENUE,"102 Westwood Avenue, Meisel Building, 104",Westwood,NJ,,US,,1789185600,2026-09-12,20,2026-10-02,1789307700,2026-09-13,19,False,40.992034,-74.031699,481080814144,id:260074292,store:11273,Barista,onsite,"102 Westwood Avenue, Meisel Building, 104, Westwood, New Jersey, United States",1,NJ,CONUS_L1_013_032;CONUS_L1_014_032,2
2026-10-01,260078760,https://apply.starbucks.com/careers/job/481080949826,"shift supervisor - Store# 11273, WESTWOOD AVENUE",SHIFT_SUPERVISOR,11273,WESTWOOD AVENUE,"102 Westwood Avenue, Meisel Building, 104",Westwood,NJ,,US,,1789963200,2026-09-21,11,2026-10-02,1790084523,2026-09-22,10,False,40.992034,-74.031699,481080949826,id:260078760,store:11273,Shift Supervisor,onsite,"102 Westwood Avenue, Meisel Building, 104, Westwood, New Jersey, United States",1,NJ,CONUS_L1_013_032;CONUS_L1_014_032,2
2026-10-01,260059852,https://apply.starbucks.com/careers/job/481080079021,"barista - Store# 07700, GLEN ROCK",BARISTA,07700,GLEN ROCK,224 Rock Rd,Glen Rock,NJ,,US,,1786161600,2026-08-08,55,2026-10-02,1786283151,2026-08-09,54,False,40.9622387,-74.1308954,481080079021,id:260059852,store:07700,Barista,onsite,"224 Rock Rd, Glen Rock, New Jersey, United States",1,NJ,CONUS_L1_013_032;CONUS_L1_014_032,2
2026-10-01,260079720,https://apply.starbucks.com/careers/job/481081018761,"shift supervisor - Store# 07700, GLEN ROCK",SHIFT_SUPERVISOR,07700,GLEN ROCK,224 Rock Rd,Glen Rock,NJ,,US,,1790395200,2026-09-26,6,2026-10-02,1790516435,2026-09-27,5,False,40.9622387,-74.1308954,481081018761,id:260079720,store:07700,Shift Supervisor,onsite,"224 Rock Rd, Glen Rock, New Jersey, United States",1,NJ,CONUS_L1_013_032;CONUS_L1_014_032,2
2026-10-01,260067651,https://apply.starbucks.com/careers/job/481080699460,"barista - Store# 10837, NORTHVALE, NJ",BARISTA,10837,"NORTHVALE, NJ","271B Livingston St., Daibes Square at Northvale",Northvale,NJ,,US,,1788321600,2026-09-02,30,2026-10-02,1788456498,2026-09-03,29,False,41.01545,-73.94619,481080699460,id:260067651,store:10837,Barista,onsite,"271B Livingston St., Daibes Square at Northvale, Northvale, New Jersey, United States",1,NJ,CONUS_L1_013_032;CONUS_L1_014_032,2
2026-10-01,260064404,https://apply.starbucks.com/careers/job/481080613305,"shift supervisor - Store# 10837, NORTHVALE, NJ",SHIFT_SUPERVISOR,10837,"NORTHVALE, NJ","271B Livingston St., Daibes Square at Northvale",Northvale,NJ,,US,,1788062400,2026-08-30,33,2026-10-02,1788183786,2026-08-31,32,False,41.01545,-73.94619,481080613305,id:260064404,store:10837,Shift Supervisor,onsite,"271B Livingston St., Daibes Square at Northvale, Northvale, New Jersey, United States",1,NJ,CONUS_L1_013_032;CONUS_L1_014_032,2
2026-10-01,260066129,https://apply.starbucks.com/careers/job/481080678894,"barista - Store# 10837, NORTHVALE, NJ",BARISTA,10837,"NORTHVALE, NJ","271B Livingston St., Daibes Square at Northvale",Northvale,NJ,,US,,1788321600,2026-09-02,30,2026-10-02,1788357701,2026-09-02,30,False,41.01545,-73.94619,481080678894,id:260066129,store:10837,Barista,onsite,"271B Livingston St., Daibes Square at Northvale, Northvale, New Jersey, United States",1,NJ,CONUS_L1_013_032;CONUS_L1_014_032,2
2026-10-01,260064659,https://apply.starbucks.com/careers/job/481080614043,"shift supervisor - Store# 19502, NORTHEAST RIDGEWOOD",SHIFT_SUPERVISOR,19502,NORTHEAST RIDGEWOOD,363 Rt 17,Ridgewood,NJ,,US,,1788062400,2026-08-30,33,2026-10-02,1788183998,2026-08-31,32,False,40.9814572,-74.0867614,481080614043,id:260064659,store:19502,Shift Supervisor,onsite,"363 Rt 17, Ridgewood, New Jersey, United States",1,NJ,CONUS_L1_013_032;CONUS_L1_014_032,2
2026-10-01,260080727,https://apply.starbucks.com/careers/job/481081091894,"barista - Store# 19502, NORTHEAST RIDGEWOOD",BARISTA,19502,NORTHEAST RIDGEWOOD,363 Rt 17,Ridgewood,NJ,,US,,1790740800,2026-09-30,2,2026-10-02,1790836196,2026-10-01,1,False,40.9814572,-74.0867614,481081091894,id:260080727,store:19502,Barista,onsite,"363 Rt 17, Ridgewood, New Jersey, United States",1,NJ,CONUS_L1_013_032;CONUS_L1_014_032,2
2026-10-01,260073342,https://apply.starbucks.com/careers/job/481080798328,"shift supervisor - Store# 07232, OLD TAPPAN",SHIFT_SUPERVISOR,07232,OLD TAPPAN,216 Old Tappan Road,Westwood,NJ,,US,,1789012800,2026-09-10,22,2026-10-02,1789135823,2026-09-11,21,False,41.0145439,-73.9829111,481080798328,id:260073342,store:07232,Shift Supervisor,onsite,"216 Old Tappan Road, Westwood, New Jersey, United States",1,NJ,CONUS_L1_013_032;CONUS_L1_014_032,2
2026-10-01,260060610,https://apply.starbucks.com/careers/job/481080162927,"barista - Store# 07232, OLD TAPPAN",BARISTA,07232,OLD TAPPAN,216 Old Tappan Road,Westwood,NJ,,US,,1786593600,2026-08-13,50,2026-10-02,1786715130,2026-08-14,49,False,41.0145439,-73.9829111,481080162927,id:260060610,store:07232,Barista,onsite,"216 Old Tappan Road, Westwood, New Jersey, United States",1,NJ,CONUS_L1_013_032;CONUS_L1_014_032,2
2026-10-01,260053881,https://apply.starbucks.com/careers/job/481079404538,"barista - Store# 00879, RIDGEWOOD",BARISTA,00879,RIDGEWOOD,193 E Ridgewood Ave,Ridgewood,NJ,,US,,1783569600,2026-07-09,85,2026-10-02,1783690947,2026-07-10,84,False,40.97919,-74.11559,481079404538,id:260053881,store:00879,Barista,onsite,"193 E Ridgewood Ave, Ridgewood, New Jersey, United States",1,NJ,CONUS_L1_013_032;CONUS_L1_014_032,2
2026-10-01,260080558,https://apply.starbucks.com/careers/job/481081091676,"shift supervisor - Store# 00879, RIDGEWOOD",SHIFT_SUPERVISOR,00879,RIDGEWOOD,193 E Ridgewood Ave,Ridgewood,NJ,,US,,1790740800,2026-09-30,2,2026-10-02,1790836049,2026-10-01,1,False,40.97919,-74.11559,481081091676,id:260080558,store:00879,Shift Supervisor,onsite,"193 E Ridgewood Ave, Ridgewood, New Jersey, United States",1,NJ,CONUS_L1_013_032;CONUS_L1_014_032,2
2026-10-01,260062567,https://apply.starbucks.com/careers/job/481080494664,"shift supervisor - Store# 14185, PATERSON-HAMBURG TPKE - WAYNE",SHIFT_SUPERVISOR,14185,PATERSON-HAMBURG TPKE - WAYNE,183 Hamburg Tpke,Wayne,NJ,,US,,1787630400,2026-08-25,38,2026-10-02,1787752324,2026-08-26,37,False,40.94471,-74.20492,481080494664,id:260062567,store:14185,Shift Supervisor,onsite,"183 Hamburg Tpke, Wayne, New Jersey, United States",1,NJ,CONUS_L1_013_032;CONUS_L1_014_032,2
2026-10-01,260062625,https://apply.starbucks.com/careers/job/481080494684,"barista - Store# 14185, PATERSON-HAMBURG TPKE - WAYNE",BARISTA,14185,PATERSON-HAMBURG TPKE - WAYNE,183 Hamburg Tpke,Wayne,NJ,,US,,1787630400,2026-08-25,38,2026-10-02,1787752369,2026-08-26,37,False,40.94471,-74.20492,481080494684,id:260062625,store:14185,Barista,onsite,"183 Hamburg Tpke, Wayne, New Jersey, United States",1,NJ,CONUS_L1_013_032;CONUS_L1_014_032,2
2026-10-01,260070059,https://apply.starbucks.com/careers/job/481080730998,"barista - Store# 27964, RIDGEWOOD DRIVE THRU - FRANKLIN AVE",BARISTA,27964,RIDGEWOOD DRIVE THRU - FRANKLIN AVE,121 Franklin Ave,Ridgewood,NJ,,US,,1788580800,2026-09-05,27,2026-10-02,1788702592,2026-09-06,26,False,40.98106,-74.11696,481080730998,id:260070059,store:27964,Barista,onsite,"121 Franklin Ave, Ridgewood, New Jersey, United States",1,NJ,CONUS_L1_013_032;CONUS_L1_014_032,2
2026-10-01,260069006,https://apply.starbucks.com/careers/job/481080710446,"shift supervisor - Store# 27964, RIDGEWOOD DRIVE THRU - FRANKLIN AVE",SHIFT_SUPERVISOR,27964,RIDGEWOOD DRIVE THRU - FRANKLIN AVE,121 Franklin Ave,Ridgewood,NJ,,US,,1788408000,2026-09-03,29,2026-10-02,1788530219,2026-09-04,28,False,40.98106,-74.11696,481080710446,id:260069006,store:27964,Shift Supervisor,onsite,"121 Franklin Ave, Ridgewood, New Jersey, United States",1,NJ,CONUS_L1_013_032;CONUS_L1_014_032,2
2026-10-01,260071370,https://apply.starbucks.com/careers/job/481080752044,"barista - Store# 11929, MIDLAND PARK SHOPPING CENTER",BARISTA,11929,MIDLAND PARK SHOPPING CENTER,"129 Godwin Ave, Midland Park Shopping Center",Midland Park,NJ,,US,,1788753600,2026-09-07,25,2026-10-02,1788875007,2026-09-08,24,False,40.98603,-74.13961,481080752044,id:260071370,store:11929,Barista,onsite,"129 Godwin Ave, Midland Park Shopping Center, Midland Park, New Jersey, United States",1,NJ,CONUS_L1_013_032;CONUS_L1_014_032,2
2026-10-01,260064976,https://apply.starbucks.com/careers/job/481080658284,"shift supervisor - Store# 11929, MIDLAND PARK SHOPPING CENTER",SHIFT_SUPERVISOR,11929,MIDLAND PARK SHOPPING CENTER,"129 Godwin Ave, Midland Park Shopping Center",Midland Park,NJ,,US,,1788148800,2026-08-31,32,2026-10-02,1788270395,2026-09-01,31,False,40.98603,-74.13961,481080658284,id:260064976,store:11929,Shift Supervisor,onsite,"129 Godwin Ave, Midland Park Shopping Center, Midland Park, New Jersey, United States",1,NJ,CONUS_L1_013_032;CONUS_L1_014_032,2
2026-10-01,260072534,https://apply.starbucks.com/careers/job/481080795899,"barista - Store# 26761, TROY HILLS",BARISTA,26761,TROY HILLS,1429 Route 46,Parsippany,NJ,,US,,1789012800,2026-09-10,22,2026-10-02,1789135134,2026-09-11,21,False,40.86366,-74.39802,481080795899,id:260072534,store:26761,Barista,onsite,"1429 Route 46, Parsippany, New Jersey, United States",1,NJ,CONUS_L1_013_032;CONUS_L1_014_032,2
2026-10-01,260068775,https://apply.starbucks.com/careers/job/481080710075,"shift supervisor - Store# 26761, TROY HILLS",SHIFT_SUPERVISOR,26761,TROY HILLS,1429 Route 46,Parsippany,NJ,,US,,1788408000,2026-09-03,29,2026-10-02,1788530026,2026-09-04,28,False,40.86366,-74.39802,481080710075,id:260068775,store:26761,Shift Supervisor,onsite,"1429 Route 46, Parsippany, New Jersey, United States",1,NJ,CONUS_L1_013_032;CONUS_L1_014_032,2
2026-10-01,260063735,https://apply.starbucks.com/careers/job/481080567602,"shift supervisor - Store# 09366, WAYNE & ROUTE 23",SHIFT_SUPERVISOR,09366,WAYNE & ROUTE 23,1606 Route 23 North,Wayne,NJ,,US,,1787803200,2026-08-27,36,2026-10-02,1787925160,2026-08-28,35,False,40.93949,-74.26906,481080567602,id:260063735,store:09366,Shift Supervisor,onsite,"1606 Route 23 North, Wayne, New Jersey, United States",1,NJ,CONUS_L1_013_032;CONUS_L1_014_032,2
2026-10-01,260055612,https://apply.starbucks.com/careers/job/481079454415,"barista - Store# 09366, WAYNE & ROUTE 23",BARISTA,09366,WAYNE & ROUTE 23,1606 Route 23 North,Wayne,NJ,,US,,1783828800,2026-07-12,82,2026-10-02,1783950728,2026-07-13,81,False,40.93949,-74.26906,481079454415,id:260055612,store:09366,Barista,onsite,"1606 Route 23 North, Wayne, New Jersey, United States",1,NJ,CONUS_L1_013_032;CONUS_L1_014_032,2
2026-10-01,260068164,https://apply.starbucks.com/careers/job/481080704401,"barista - Store# 52732, 1809 ROUTE 23 SOUTH",BARISTA,52732,1809 ROUTE 23 SOUTH,"1809 Route 23 South, Wayne",Wayne,NJ,,US,,1788408000,2026-09-03,29,2026-10-02,1788486064,2026-09-03,29,False,40.94468,-74.27323,481080704401,id:260068164,store:52732,Barista,onsite,"1809 Route 23 South, Wayne, Wayne, New Jersey, United States",1,NJ,CONUS_L1_013_032;CONUS_L1_014_032,2
2026-10-01,260062649,https://apply.starbucks.com/careers/job/481080494783,"shift supervisor - Store# 52732, 1809 ROUTE 23 SOUTH",SHIFT_SUPERVISOR,52732,1809 ROUTE 23 SOUTH,"1809 Route 23 South, Wayne",Wayne,NJ,,US,,1787630400,2026-08-25,38,2026-10-02,1787752388,2026-08-26,37,False,40.94468,-74.27323,481080494783,id:260062649,store:52732,Shift Supervisor,onsite,"1809 Route 23 South, Wayne, Wayne, New Jersey, United States",1,NJ,CONUS_L1_013_032;CONUS_L1_014_032,2
2026-10-01,260074043,https://apply.starbucks.com/careers/job/481080813674,"shift supervisor - Store# 07280, BERDAN AVE & HAMBURG TURNPIKE",SHIFT_SUPERVISOR,07280,BERDAN AVE & HAMBURG TURNPIKE,"1118 Hamburg Tpke, Preakness Shopping Center",Wayne,NJ,,US,,1789185600,2026-09-12,20,2026-10-02,1789307469,2026-09-13,19,False,40.9607283,-74.240186,481080813674,id:260074043,store:07280,Shift Supervisor,onsite,"1118 Hamburg Tpke, Preakness Shopping Center, Wayne, New Jersey, United States",1,NJ,CONUS_L1_013_032;CONUS_L1_014_032,2
2026-10-01,260078656,https://apply.starbucks.com/careers/job/481080949587,"barista - Store# 07280, BERDAN AVE & HAMBURG TURNPIKE",BARISTA,07280,BERDAN AVE & HAMBURG TURNPIKE,"1118 Hamburg Tpke, Preakness Shopping Center",Wayne,NJ,,US,,1789963200,2026-09-21,11,2026-10-02,1790084431,2026-09-22,10,False,40.9607283,-74.240186,481080949587,id:260078656,store:07280,Barista,onsite,"1118 Hamburg Tpke, Preakness Shopping Center, Wayne, New Jersey, United States",1,NJ,CONUS_L1_013_032;CONUS_L1_014_032,2
2026-10-01,260069538,https://apply.starbucks.com/careers/job/481080730422,"shift supervisor - Store# 28755, Park Ridge",SHIFT_SUPERVISOR,28755,Park Ridge,191 Kinderkamack Rd,Park Ridge,NJ,,US,,1788580800,2026-09-05,27,2026-10-02,1788702180,2026-09-06,26,False,41.0361894,-74.0302647,481080730422,id:260069538,store:28755,Shift Supervisor,onsite,"191 Kinderkamack Rd, Park Ridge, New Jersey, United States",1,NJ,CONUS_L1_013_032;CONUS_L1_014_032,2
2026-10-01,260062417,https://apply.starbucks.com/careers/job/481080494213,"barista - Store# 28755, Park Ridge",BARISTA,28755,Park Ridge,191 Kinderkamack Rd,Park Ridge,NJ,,US,,1787630400,2026-08-25,38,2026-10-02,1787752201,2026-08-26,37,False,41.0361894,-74.0302647,481080494213,id:260062417,store:28755,Barista,onsite,"191 Kinderkamack Rd, Park Ridge, New Jersey, United States",1,NJ,CONUS_L1_013_032;CONUS_L1_014_032,2
2026-10-01,260061855,https://apply.starbucks.com/careers/job/481080429663,"shift supervisor - Store# 07445, WYCKOFF",SHIFT_SUPERVISOR,07445,WYCKOFF,325 Franklin Ave,Wyckoff,NJ,,US,,1787457600,2026-08-23,40,2026-10-02,1787579196,2026-08-24,39,False,41.0116048,-74.1677595,481080429663,id:260061855,store:07445,Shift Supervisor,onsite,"325 Franklin Ave, Wyckoff, New Jersey, United States",1,NJ,CONUS_L1_013_032;CONUS_L1_014_032,2
2026-10-01,260058472,https://apply.starbucks.com/careers/job/481079865537,"barista - Store# 07445, WYCKOFF",BARISTA,07445,WYCKOFF,325 Franklin Ave,Wyckoff,NJ,,US,,1785038400,2026-07-26,68,2026-10-02,1785159938,2026-07-27,67,False,41.0116048,-74.1677595,481079865537,id:260058472,store:07445,Barista,onsite,"325 Franklin Ave, Wyckoff, New Jersey, United States",1,NJ,CONUS_L1_013_032;CONUS_L1_014_032,2
2026-10-01,260062601,https://apply.starbucks.com/careers/job/481080494868,"shift supervisor - Store# 11928, FRANKLIN LAKES",SHIFT_SUPERVISOR,11928,FRANKLIN LAKES,"816 High Mountain Rd., Urban Farms Shopping Center",Franklin Lakes,NJ,,US,,1787630400,2026-08-25,38,2026-10-02,1787752350,2026-08-26,37,False,40.99405,-74.21333,481080494868,id:260062601,store:11928,Shift Supervisor,onsite,"816 High Mountain Rd., Urban Farms Shopping Center, Franklin Lakes, New Jersey, United States",1,NJ,CONUS_L1_013_032;CONUS_L1_014_032,2
2026-10-01,260053718,https://apply.starbucks.com/careers/job/481079385327,"barista - Store# 11928, FRANKLIN LAKES",BARISTA,11928,FRANKLIN LAKES,"816 High Mountain Rd., Urban Farms Shopping Center",Franklin Lakes,NJ,,US,,1783483200,2026-07-08,86,2026-10-02,1783604535,2026-07-09,85,False,40.99405,-74.21333,481079385327,id:260053718,store:11928,Barista,onsite,"816 High Mountain Rd., Urban Farms Shopping Center, Franklin Lakes, New Jersey, United States",1,NJ,CONUS_L1_013_032;CONUS_L1_014_032,2
2026-10-01,260059959,https://apply.starbucks.com/careers/job/481080079176,"barista - Store# 11690, FRANKLIN, NJ",BARISTA,11690,"FRANKLIN, NJ",111 Route 23,Franklin,NJ,,US,,1786161600,2026-08-08,55,2026-10-02,1786283240,2026-08-09,54,False,41.1089734,-74.5808323,481080079176,id:260059959,store:11690,Barista,onsite,"111 Route 23, Franklin, New Jersey, United States",1,NJ,CONUS_L1_014_032,1
2026-10-01,260061668,https://apply.starbucks.com/careers/job/481080415943,"shift supervisor - Store# 11690, FRANKLIN, NJ",SHIFT_SUPERVISOR,11690,"FRANKLIN, NJ",111 Route 23,Franklin,NJ,,US,,1787371200,2026-08-22,41,2026-10-02,1787492349,2026-08-23,40,False,41.1089734,-74.5808323,481080415943,id:260061668,store:11690,Shift Supervisor,onsite,"111 Route 23, Franklin, New Jersey, United States",1,NJ,CONUS_L1_014_032,1
2026-10-01,260062055,https://apply.starbucks.com/careers/job/481080430009,"barista - Store# 57683, NORTH VILLAGE AT SPARTA",BARISTA,57683,NORTH VILLAGE AT SPARTA,8A North Village Blvd.,Sparta,NJ,,US,,1787457600,2026-08-23,40,2026-10-02,1787579370,2026-08-24,39,False,41.0761504,-74.6597589,481080430009,id:260062055,store:57683,Barista,onsite,"8A North Village Blvd., Sparta, New Jersey, United States",1,NJ,CONUS_L1_014_032,1
2026-10-01,260072441,https://apply.starbucks.com/careers/job/481080795626,"shift supervisor - Store# 57683, NORTH VILLAGE AT SPARTA",SHIFT_SUPERVISOR,57683,NORTH VILLAGE AT SPARTA,8A North Village Blvd.,Sparta,NJ,,US,,1789012800,2026-09-10,22,2026-10-02,1789135055,2026-09-11,21,False,41.0761504,-74.6597589,481080795626,id:260072441,store:57683,Shift Supervisor,onsite,"8A North Village Blvd., Sparta, New Jersey, United States",1,NJ,CONUS_L1_014_032,1
2026-10-01,260070829,https://apply.starbucks.com/careers/job/481080742116,"barista - Store# 24477, MAHWAH RT 17",BARISTA,24477,MAHWAH RT 17,380 Route 17 S,Mahwah,NJ,,US,,1788667200,2026-09-06,26,2026-10-02,1788788726,2026-09-07,25,False,41.08452,-74.152,481080742116,id:260070829,store:24477,Barista,onsite,"380 Route 17 S, Mahwah, New Jersey, United States",1,NJ,CONUS_L1_014_032,1
2026-10-01,260067580,https://apply.starbucks.com/careers/job/481080699236,"shift supervisor - Store# 24477, MAHWAH RT 17",SHIFT_SUPERVISOR,24477,MAHWAH RT 17,380 Route 17 S,Mahwah,NJ,,US,,1788321600,2026-09-02,30,2026-10-02,1788456433,2026-09-03,29,False,41.08452,-74.152,481080699236,id:260067580,store:24477,Shift Supervisor,onsite,"380 Route 17 S, Mahwah, New Jersey, United States",1,NJ,CONUS_L1_014_032,1
2026-10-01,260069397,https://apply.starbucks.com/careers/job/481080730220,"barista - Store# 62551, 123 WATER ST - NEWTON",BARISTA,62551,123 WATER ST - NEWTON,"123 Water St, Unit C",Newton,NJ,,US,,1788580800,2026-09-05,27,2026-10-02,1788702070,2026-09-06,26,False,41.06528,-74.74657,481080730220,id:260069397,store:62551,Barista,onsite,"123 Water St, Unit C, Newton, New Jersey, United States",1,NJ,CONUS_L1_014_032,1
2026-10-01,260070164,https://apply.starbucks.com/careers/job/481080731163,"shift supervisor - Store# 62551, 123 WATER ST - NEWTON",SHIFT_SUPERVISOR,62551,123 WATER ST - NEWTON,"123 Water St, Unit C",Newton,NJ,,US,,1788580800,2026-09-05,27,2026-10-02,1788702675,2026-09-06,26,False,41.06528,-74.74657,481080731163,id:260070164,store:62551,Shift Supervisor,onsite,"123 Water St, Unit C, Newton, New Jersey, United States",1,NJ,CONUS_L1_014_032,1
2026-10-01,260062240,https://apply.starbucks.com/careers/job/481080460473,"barista - Store# 13982, FRANKLIN SQUARE, NJ",BARISTA,13982,"FRANKLIN SQUARE, NJ","561 N Franklin Tpke, Franklin Square",Ramsey,NJ,,US,,1787544000,2026-08-24,39,2026-10-02,1787665414,2026-08-25,38,False,41.07613,-74.13891,481080460473,id:260062240,store:13982,Barista,onsite,"561 N Franklin Tpke, Franklin Square, Ramsey, New Jersey, United States",1,NJ,CONUS_L1_014_032,1
2026-10-01,260056541,https://apply.starbucks.com/careers/job/481079498513,"shift supervisor - Store# 13982, FRANKLIN SQUARE, NJ",SHIFT_SUPERVISOR,13982,"FRANKLIN SQUARE, NJ","561 N Franklin Tpke, Franklin Square",Ramsey,NJ,,US,,1784001600,2026-07-14,80,2026-10-02,1784123267,2026-07-15,79,False,41.07613,-74.13891,481079498513,id:260056541,store:13982,Shift Supervisor,onsite,"561 N Franklin Tpke, Franklin Square, Ramsey, New Jersey, United States",1,NJ,CONUS_L1_014_032,1
2026-10-01,260077990,https://apply.starbucks.com/careers/job/481080923311,"shift supervisor - Store# 14497, OAKLAND",SHIFT_SUPERVISOR,14497,OAKLAND,411 Ramapo Valley Rd,Oakland,NJ,,US,,1789790400,2026-09-19,13,2026-10-02,1789911649,2026-09-20,12,False,41.02676,-74.23975,481080923311,id:260077990,store:14497,Shift Supervisor,onsite,"411 Ramapo Valley Rd, Oakland, New Jersey, United States",1,NJ,CONUS_L1_014_032,1
2026-10-01,260069433,https://apply.starbucks.com/careers/job/481080730272,"barista - Store# 14497, OAKLAND",BARISTA,14497,OAKLAND,411 Ramapo Valley Rd,Oakland,NJ,,US,,1788580800,2026-09-05,27,2026-10-02,1788702098,2026-09-06,26,False,41.02676,-74.23975,481080730272,id:260069433,store:14497,Barista,onsite,"411 Ramapo Valley Rd, Oakland, New Jersey, United States",1,NJ,CONUS_L1_014_032,1
2026-10-01,260073744,https://apply.starbucks.com/careers/job/481080813172,"shift supervisor - Store# 07271, RAMSEY",SHIFT_SUPERVISOR,07271,RAMSEY,8 W Main St,Ramsey,NJ,,US,,1789185600,2026-09-12,20,2026-10-02,1789307190,2026-09-13,19,False,41.057144,-74.14254799999999,481080813172,id:260073744,store:07271,Shift Supervisor,onsite,"8 W Main St, Ramsey, New Jersey, United States",1,NJ,CONUS_L1_014_032,1
2026-10-01,260066360,https://apply.starbucks.com/careers/job/481080679336,"barista - Store# 07271, RAMSEY",BARISTA,07271,RAMSEY,8 W Main St,Ramsey,NJ,,US,,1788321600,2026-09-02,30,2026-10-02,1788357907,2026-09-02,30,False,41.057144,-74.14254799999999,481080679336,id:260066360,store:07271,Barista,onsite,"8 W Main St, Ramsey, New Jersey, United States",1,NJ,CONUS_L1_014_032,1
2026-10-01,260067882,https://apply.starbucks.com/careers/job/481080699855,"barista - Store# 07271, RAMSEY",BARISTA,07271,RAMSEY,8 W Main St,Ramsey,NJ,,US,,1788321600,2026-09-02,30,2026-10-02,1788456714,2026-09-03,29,False,41.057144,-74.14254799999999,481080699855,id:260067882,store:07271,Barista,onsite,"8 W Main St, Ramsey, New Jersey, United States",1,NJ,CONUS_L1_014_032,1
2026-10-01,260056293,https://apply.starbucks.com/careers/job/481079498018,"shift supervisor - Store# 14298, POMPTON LAKES",SHIFT_SUPERVISOR,14298,POMPTON LAKES,"45 Wanaque Ave, Pompton Lakes Town Square",Pompton Lakes,NJ,,US,,1784001600,2026-07-14,80,2026-10-02,1784123085,2026-07-15,79,False,41.0073591,-74.2934484,481079498018,id:260056293,store:14298,Shift Supervisor,onsite,"45 Wanaque Ave, Pompton Lakes Town Square, Pompton Lakes, New Jersey, United States",1,NJ,CONUS_L1_014_032,1
2026-10-01,260056267,https://apply.starbucks.com/careers/job/481079497991,"barista - Store# 14298, POMPTON LAKES",BARISTA,14298,POMPTON LAKES,"45 Wanaque Ave, Pompton Lakes Town Square",Pompton Lakes,NJ,,US,,1784001600,2026-07-14,80,2026-10-02,1784123065,2026-07-15,79,False,41.0073591,-74.2934484,481079497991,id:260056267,store:14298,Barista,onsite,"45 Wanaque Ave, Pompton Lakes Town Square, Pompton Lakes, New Jersey, United States",1,NJ,CONUS_L1_014_032,1
2026-10-01,260079702,https://apply.starbucks.com/careers/job/481081018739,"shift supervisor - Store# 22911, SHOPPES AT DEPIERO FARM",SHIFT_SUPERVISOR,22911,SHOPPES AT DEPIERO FARM,12 Farm View,Montvale,NJ,,US,,1790395200,2026-09-26,6,2026-10-02,1790516419,2026-09-27,5,False,41.0513532,-74.0611653,481081018739,id:260079702,store:22911,Shift Supervisor,onsite,"12 Farm View, Montvale, New Jersey, United States",1,NJ,CONUS_L1_014_032,1
2026-10-01,260079349,https://apply.starbucks.com/careers/job/481080998496,"barista - Store# 22911, SHOPPES AT DEPIERO FARM",BARISTA,22911,SHOPPES AT DEPIERO FARM,12 Farm View,Montvale,NJ,,US,,1790222400,2026-09-24,8,2026-10-02,1790343929,2026-09-25,7,False,41.0513532,-74.0611653,481080998496,id:260079349,store:22911,Barista,onsite,"12 Farm View, Montvale, New Jersey, United States",1,NJ,CONUS_L1_014_032,1
2026-10-01,260056900,https://apply.starbucks.com/careers/job/481079555968,"barista - Store# 13926, DENVILLE PLAZA",BARISTA,13926,DENVILLE PLAZA,"2-28 West Main Street, Denville Plaza",Denville,NJ,,US,,1784174400,2026-07-16,78,2026-10-02,1784295750,2026-07-17,77,False,40.89293,-74.47847,481079555968,id:260056900,store:13926,Barista,onsite,"2-28 West Main Street, Denville Plaza, Denville, New Jersey, United States",1,NJ,CONUS_L1_014_032,1
2026-10-01,260067952,https://apply.starbucks.com/careers/job/481080699834,"shift supervisor - Store# 13926, DENVILLE PLAZA",SHIFT_SUPERVISOR,13926,DENVILLE PLAZA,"2-28 West Main Street, Denville Plaza",Denville,NJ,,US,,1788321600,2026-09-02,30,2026-10-02,1788456780,2026-09-03,29,False,40.89293,-74.47847,481080699834,id:260067952,store:13926,Shift Supervisor,onsite,"2-28 West Main Street, Denville Plaza, Denville, New Jersey, United States",1,NJ,CONUS_L1_014_032,1
