snapshot_date,job_id,job_url,job_title_raw,role_bucket,store_number,store_name,street_address,city,state,postal_code,country,posted_text,posted_ts_raw,posted_date,days_since_posted,fetched_date,creation_ts_raw,req_created_date,req_age_days,reposted_requisition,latitude,longitude,position_id,dedup_key,store_key,department,work_location_option,location_raw,n_locations,all_states,search_ids,n_searches
2026-10-01,260072090,https://apply.starbucks.com/careers/job/481080765124,"barista - Store# 54182, SANDHILL AND HILLSIDE",BARISTA,54182,SANDHILL AND HILLSIDE,390 Hillside Dr,Mesquite,NV,,US,,1788840000,2026-09-08,23,2026-10-01,1788961652,2026-09-09,22,False,36.80992,-114.06236,481080765124,id:260072090,store:54182,Barista,onsite,"390 Hillside Dr, Mesquite, Nevada, United States",1,NV,CONUS_L0_003_002,1
2026-10-01,260069575,https://apply.starbucks.com/careers/job/481080730442,"shift supervisor - Store# 54182, SANDHILL AND HILLSIDE",SHIFT_SUPERVISOR,54182,SANDHILL AND HILLSIDE,390 Hillside Dr,Mesquite,NV,,US,,1788580800,2026-09-05,26,2026-10-01,1788702208,2026-09-06,25,False,36.80992,-114.06236,481080730442,id:260069575,store:54182,Shift Supervisor,onsite,"390 Hillside Dr, Mesquite, Nevada, United States",1,NV,CONUS_L0_003_002,1
2026-10-01,260053579,https://apply.starbucks.com/careers/job/481079351680,"barista - Store# 08128, NEVADA HWY & BUCHANAN",BARISTA,08128,NEVADA HWY & BUCHANAN,1048 Nevada Highway US 93,Boulder City,NV,,US,,1783396800,2026-07-07,86,2026-10-01,1783518165,2026-07-08,85,False,35.97472,-114.84562,481079351680,id:260053579,store:08128,Barista,onsite,"1048 Nevada Highway US 93, Boulder City, Nevada, United States",1,NV,CONUS_L0_003_002,1
2026-10-01,260077732,https://apply.starbucks.com/careers/job/481080891554,"shift supervisor - Store# 08128, NEVADA HWY & BUCHANAN",SHIFT_SUPERVISOR,08128,NEVADA HWY & BUCHANAN,1048 Nevada Highway US 93,Boulder City,NV,,US,,1789617600,2026-09-17,14,2026-10-01,1789739407,2026-09-18,13,False,35.97472,-114.84562,481080891554,id:260077732,store:08128,Shift Supervisor,onsite,"1048 Nevada Highway US 93, Boulder City, Nevada, United States",1,NV,CONUS_L0_003_002,1
2026-10-01,260070774,https://apply.starbucks.com/careers/job/481080741884,"shift supervisor - Store# 67186, LAKE MEAD & WARM SPRINGS-HENDERSON",SHIFT_SUPERVISOR,67186,LAKE MEAD & WARM SPRINGS-HENDERSON,835 E Lake Mead Pkwy,Henderson,NV,,US,,1788667200,2026-09-06,25,2026-10-01,1788788682,2026-09-07,24,False,36.05215,-114.97076,481080741884,id:260070774,store:67186,Shift Supervisor,onsite,"835 E Lake Mead Pkwy, Henderson, Nevada, United States",1,NV,CONUS_L0_003_002,1
2026-10-01,260071113,https://apply.starbucks.com/careers/job/481080742374,"barista - Store# 67186, LAKE MEAD & WARM SPRINGS-HENDERSON",BARISTA,67186,LAKE MEAD & WARM SPRINGS-HENDERSON,835 E Lake Mead Pkwy,Henderson,NV,,US,,1788667200,2026-09-06,25,2026-10-01,1788788957,2026-09-07,24,False,36.05215,-114.97076,481080742374,id:260071113,store:67186,Barista,onsite,"835 E Lake Mead Pkwy, Henderson, Nevada, United States",1,NV,CONUS_L0_003_002,1
2026-10-01,260078562,https://apply.starbucks.com/careers/job/481080937886,"store manager, Las Vegas",STORE_MANAGER,,,,Henderson,NV,,US,,1790006409,2026-09-21,10,2026-10-01,1790006161,2026-09-21,10,False,36.0395247,-114.9817213,481080937886,id:260078562,,Coffeehouse Leader,onsite,"Henderson, Nevada, United States",3,NV,CONUS_L0_003_002,1
2026-10-01,260076441,https://apply.starbucks.com/careers/job/481080861960,"shift supervisor - Store# 05965, COLLEGE & HORIZON",SHIFT_SUPERVISOR,05965,COLLEGE & HORIZON,690 E Horizon Dr,Henderson,NV,,US,,1789444800,2026-09-15,16,2026-10-01,1789566872,2026-09-16,15,False,36.0123493,-114.9639,481080861960,id:260076441,store:05965,Shift Supervisor,onsite,"690 E Horizon Dr, Henderson, Nevada, United States",1,NV,CONUS_L0_003_002,1
2026-10-01,260080659,https://apply.starbucks.com/careers/job/481081091792,"barista - Store# 05965, COLLEGE & HORIZON",BARISTA,05965,COLLEGE & HORIZON,690 E Horizon Dr,Henderson,NV,,US,,1790740800,2026-09-30,1,2026-10-01,1790836137,2026-10-01,0,False,36.0123493,-114.9639,481081091792,id:260080659,store:05965,Barista,onsite,"690 E Horizon Dr, Henderson, Nevada, United States",1,NV,CONUS_L0_003_002,1
2026-10-01,260076656,https://apply.starbucks.com/careers/job/481080862657,"shift supervisor - Store# 71227, LAMB & TROPICAL",SHIFT_SUPERVISOR,71227,LAMB & TROPICAL,6131 N Lamb Blvd,North Las Vegas,NV,,US,,1789444800,2026-09-15,16,2026-10-01,1789567058,2026-09-16,15,False,36.2715372,-115.0807017,481080862657,id:260076656,store:71227,Shift Supervisor,onsite,"6131 N Lamb Blvd, North Las Vegas, Nevada, United States",1,NV,CONUS_L0_003_002,1
2026-10-01,260076165,https://apply.starbucks.com/careers/job/481080861488,"barista - Store# 71227, LAMB & TROPICAL",BARISTA,71227,LAMB & TROPICAL,6131 N Lamb Blvd,North Las Vegas,NV,,US,,1789444800,2026-09-15,16,2026-10-01,1789566636,2026-09-16,15,False,36.2715372,-115.0807017,481080861488,id:260076165,store:71227,Barista,onsite,"6131 N Lamb Blvd, North Las Vegas, Nevada, United States",1,NV,CONUS_L0_003_002,1
2026-10-01,260053159,https://apply.starbucks.com/careers/job/481079230267,"barista - Store# 78969, LAKE MEAD PKWY & BASIC RD-HENDERSON",BARISTA,78969,LAKE MEAD PKWY & BASIC RD-HENDERSON,386 W Lake Mead Pkwy,Henderson,NV,,US,,1783137600,2026-07-04,89,2026-10-01,1783258910,2026-07-05,88,False,36.0359634,-114.9963388,481079230267,id:260053159,store:78969,Barista,onsite,"386 W Lake Mead Pkwy, Henderson, Nevada, United States",1,NV,CONUS_L0_003_002,1
2026-10-01,260073353,https://apply.starbucks.com/careers/job/481080798359,"shift supervisor - Store# 78969, LAKE MEAD PKWY & BASIC RD-HENDERSON",SHIFT_SUPERVISOR,78969,LAKE MEAD PKWY & BASIC RD-HENDERSON,386 W Lake Mead Pkwy,Henderson,NV,,US,,1789012800,2026-09-10,21,2026-10-01,1789135833,2026-09-11,20,False,36.0359634,-114.9963388,481080798359,id:260073353,store:78969,Shift Supervisor,onsite,"386 W Lake Mead Pkwy, Henderson, Nevada, United States",1,NV,CONUS_L0_003_002,1
2026-10-01,260073726,https://apply.starbucks.com/careers/job/481080813157,"shift supervisor - Store# 68964, CRAIG AND LAMB",SHIFT_SUPERVISOR,68964,CRAIG AND LAMB,4255 E Craig Rd,North Las Vegas,NV,,US,,1789185600,2026-09-12,19,2026-10-01,1789307173,2026-09-13,18,False,36.23975,-115.081066,481080813157,id:260073726,store:68964,Shift Supervisor,onsite,"4255 E Craig Rd, North Las Vegas, Nevada, United States",1,NV,CONUS_L0_003_002,1
2026-10-01,260059079,https://apply.starbucks.com/careers/job/481079980367,"barista - Store# 68964, CRAIG AND LAMB",BARISTA,68964,CRAIG AND LAMB,4255 E Craig Rd,North Las Vegas,NV,,US,,1785643200,2026-08-02,60,2026-10-01,1785752989,2026-08-03,59,False,36.23975,-115.081066,481079980367,id:260059079,store:68964,Barista,onsite,"4255 E Craig Rd, North Las Vegas, Nevada, United States",1,NV,CONUS_L0_003_002,1
2026-10-01,260061568,https://apply.starbucks.com/careers/job/481080387285,"barista - Store# 81056, HORIZON RIDGE PKWY & HORIZON DR",BARISTA,81056,HORIZON RIDGE PKWY & HORIZON DR,8 E Horizon Ridge Pkwy,Henderson,NV,,US,,1787198400,2026-08-20,42,2026-10-01,1787319593,2026-08-21,41,False,36.01046,-114.9913,481080387285,id:260061568,store:81056,Barista,onsite,"8 E Horizon Ridge Pkwy, Henderson, Nevada, United States",1,NV,CONUS_L0_003_002,1
2026-10-01,260072751,https://apply.starbucks.com/careers/job/481080796296,"shift supervisor - Store# 81056, HORIZON RIDGE PKWY & HORIZON DR",SHIFT_SUPERVISOR,81056,HORIZON RIDGE PKWY & HORIZON DR,8 E Horizon Ridge Pkwy,Henderson,NV,,US,,1789012800,2026-09-10,21,2026-10-01,1789135323,2026-09-11,20,False,36.01046,-114.9913,481080796296,id:260072751,store:81056,Shift Supervisor,onsite,"8 E Horizon Ridge Pkwy, Henderson, Nevada, United States",1,NV,CONUS_L0_003_002,1
2026-10-01,260070501,https://apply.starbucks.com/careers/job/481080741555,"shift supervisor - Store# 68621, SUNSET RD & US 95",SHIFT_SUPERVISOR,68621,SUNSET RD & US 95,892 W. Sunset Rd,Henderson,NV,,US,,1788667200,2026-09-06,25,2026-10-01,1788788469,2026-09-07,24,False,36.06418,-115.02851,481080741555,id:260070501,store:68621,Shift Supervisor,onsite,"892 W. Sunset Rd, Henderson, Nevada, United States",1,NV,CONUS_L0_003_002,1
2026-10-01,260053171,https://apply.starbucks.com/careers/job/481079230279,"barista - Store# 68621, SUNSET RD & US 95",BARISTA,68621,SUNSET RD & US 95,892 W. Sunset Rd,Henderson,NV,,US,,1783137600,2026-07-04,89,2026-10-01,1783258919,2026-07-05,88,False,36.06418,-115.02851,481079230279,id:260053171,store:68621,Barista,onsite,"892 W. Sunset Rd, Henderson, Nevada, United States",1,NV,CONUS_L0_003_002,1
2026-10-01,260074731,https://apply.starbucks.com/careers/job/481080820453,"barista - Store# 02777, SAHARA & NELLIS, LAS VEGAS",BARISTA,02777,"SAHARA & NELLIS, LAS VEGAS","2585 S. Nellis Blvd., #1",Las Vegas,NV,,US,,1789272000,2026-09-13,18,2026-10-01,1789394313,2026-09-14,17,False,36.143065,-115.0661357,481080820453,id:260074731,store:02777,Barista,onsite,"2585 S. Nellis Blvd., #1, Las Vegas, Nevada, United States",1,NV,CONUS_L0_003_002,1
2026-10-01,260075221,https://apply.starbucks.com/careers/job/481080821414,"shift supervisor - Store# 02777, SAHARA & NELLIS, LAS VEGAS",SHIFT_SUPERVISOR,02777,"SAHARA & NELLIS, LAS VEGAS","2585 S. Nellis Blvd., #1",Las Vegas,NV,,US,,1789272000,2026-09-13,18,2026-10-01,1789394748,2026-09-14,17,False,36.143065,-115.0661357,481080821414,id:260075221,store:02777,Shift Supervisor,onsite,"2585 S. Nellis Blvd., #1, Las Vegas, Nevada, United States",1,NV,CONUS_L0_003_002,1
2026-10-01,260070852,https://apply.starbucks.com/careers/job/481080742165,"barista - Store# 64632, GALLERIA DR & HWY 95",BARISTA,64632,GALLERIA DR & HWY 95,"831 David Baker Way, 100",Henderson,NV,,US,,1788667200,2026-09-06,25,2026-10-01,1788788745,2026-09-07,24,False,36.07187,-115.03333,481080742165,id:260070852,store:64632,Barista,onsite,"831 David Baker Way, 100, Henderson, Nevada, United States",1,NV,CONUS_L0_003_002,1
2026-10-01,260071175,https://apply.starbucks.com/careers/job/481080742464,"shift supervisor - Store# 64632, GALLERIA DR & HWY 95",SHIFT_SUPERVISOR,64632,GALLERIA DR & HWY 95,"831 David Baker Way, 100",Henderson,NV,,US,,1788667200,2026-09-06,25,2026-10-01,1788789006,2026-09-07,24,False,36.07187,-115.03333,481080742464,id:260071175,store:64632,Shift Supervisor,onsite,"831 David Baker Way, 100, Henderson, Nevada, United States",1,NV,CONUS_L0_003_002,1
2026-10-01,260068810,https://apply.starbucks.com/careers/job/481080710191,"shift supervisor - Store# 48143, Charleston and Lamb",SHIFT_SUPERVISOR,48143,Charleston and Lamb,4505 E Charleston Blvd,Las Vegas,NV,,US,,1788408000,2026-09-03,28,2026-10-01,1788530055,2026-09-04,27,False,36.1587,-115.07657,481080710191,id:260068810,store:48143,Shift Supervisor,onsite,"4505 E Charleston Blvd, Las Vegas, Nevada, United States",1,NV,CONUS_L0_003_002,1
2026-10-01,260068842,https://apply.starbucks.com/careers/job/481080710126,"barista - Store# 48143, Charleston and Lamb",BARISTA,48143,Charleston and Lamb,4505 E Charleston Blvd,Las Vegas,NV,,US,,1788408000,2026-09-03,28,2026-10-01,1788530081,2026-09-04,27,False,36.1587,-115.07657,481080710126,id:260068842,store:48143,Barista,onsite,"4505 E Charleston Blvd, Las Vegas, Nevada, United States",1,NV,CONUS_L0_003_002,1
2026-10-01,260079860,https://apply.starbucks.com/careers/job/481081018954,"barista - Store# 08717, TROPICANA & BOULDER HWY",BARISTA,08717,TROPICANA & BOULDER HWY,"5566 Boulder Highway, #2C",Las Vegas,NV,,US,,1790395200,2026-09-26,5,2026-10-01,1790516560,2026-09-27,4,False,36.1007465,-115.0524607,481081018954,id:260079860,store:08717,Barista,onsite,"5566 Boulder Highway, #2C, Las Vegas, Nevada, United States",1,NV,CONUS_L0_003_002,1
2026-10-01,260080617,https://apply.starbucks.com/careers/job/481081091749,"shift supervisor - Store# 08717, TROPICANA & BOULDER HWY",SHIFT_SUPERVISOR,08717,TROPICANA & BOULDER HWY,"5566 Boulder Highway, #2C",Las Vegas,NV,,US,,1790740800,2026-09-30,1,2026-10-01,1790836101,2026-10-01,0,False,36.1007465,-115.0524607,481081091749,id:260080617,store:08717,Shift Supervisor,onsite,"5566 Boulder Highway, #2C, Las Vegas, Nevada, United States",1,NV,CONUS_L0_003_002,1
2026-10-01,260076630,https://apply.starbucks.com/careers/job/481080862434,"shift supervisor - Store# 06432, MARKS & SUNSET",SHIFT_SUPERVISOR,06432,MARKS & SUNSET,"661 Marks Street, #A",Henderson,NV,,US,,1789444800,2026-09-15,16,2026-10-01,1789567035,2026-09-16,15,False,36.066082,-115.036612,481080862434,id:260076630,store:06432,Shift Supervisor,onsite,"661 Marks Street, #A, Henderson, Nevada, United States",1,NV,CONUS_L0_003_002,1
2026-10-01,260076758,https://apply.starbucks.com/careers/job/481080862611,"barista - Store# 06432, MARKS & SUNSET",BARISTA,06432,MARKS & SUNSET,"661 Marks Street, #A",Henderson,NV,,US,,1789444800,2026-09-15,16,2026-10-01,1789567148,2026-09-16,15,False,36.066082,-115.036612,481080862611,id:260076758,store:06432,Barista,onsite,"661 Marks Street, #A, Henderson, Nevada, United States",1,NV,CONUS_L0_003_002,1
2026-10-01,260063097,https://apply.starbucks.com/careers/job/481080565361,"shift supervisor - Store# 09921, WARM SPRINGS & JULIA",SHIFT_SUPERVISOR,09921,WARM SPRINGS & JULIA,"1331 W. Warm Springs Road, #100",Henderson,NV,,US,,1787803200,2026-08-27,35,2026-10-01,1787924649,2026-08-28,34,False,36.055814,-115.042344,481080565361,id:260063097,store:09921,Shift Supervisor,onsite,"1331 W. Warm Springs Road, #100, Henderson, Nevada, United States",1,NV,CONUS_L0_003_002,1
2026-10-01,260063488,https://apply.starbucks.com/careers/job/481080567308,"barista - Store# 09921, WARM SPRINGS & JULIA",BARISTA,09921,WARM SPRINGS & JULIA,"1331 W. Warm Springs Road, #100",Henderson,NV,,US,,1787803200,2026-08-27,35,2026-10-01,1787924962,2026-08-28,34,False,36.055814,-115.042344,481080567308,id:260063488,store:09921,Barista,onsite,"1331 W. Warm Springs Road, #100, Henderson, Nevada, United States",1,NV,CONUS_L0_003_002,1
2026-10-01,260059935,https://apply.starbucks.com/careers/job/481080079121,"barista - Store# 69589, STEPHANIE & SUNSET",BARISTA,69589,STEPHANIE & SUNSET,1415 W Sunset Rd,Henderson,NV,,US,,1786161600,2026-08-08,54,2026-10-01,1786283221,2026-08-09,53,False,36.06252,-115.0467,481080079121,id:260059935,store:69589,Barista,onsite,"1415 W Sunset Rd, Henderson, Nevada, United States",1,NV,CONUS_L0_003_002,1
2026-10-01,260077916,https://apply.starbucks.com/careers/job/481080923067,"shift supervisor - Store# 69589, STEPHANIE & SUNSET",SHIFT_SUPERVISOR,69589,STEPHANIE & SUNSET,1415 W Sunset Rd,Henderson,NV,,US,,1789790400,2026-09-19,12,2026-10-01,1789911587,2026-09-20,11,False,36.06252,-115.0467,481080923067,id:260077916,store:69589,Shift Supervisor,onsite,"1415 W Sunset Rd, Henderson, Nevada, United States",1,NV,CONUS_L0_003_002,1
2026-10-01,260070386,https://apply.starbucks.com/careers/job/481080741376,"shift supervisor - Store# 68620, BONANZA & PECOS",SHIFT_SUPERVISOR,68620,BONANZA & PECOS,3620 E Bonanza Rd,Las Vegas,NV,,US,,1788667200,2026-09-06,25,2026-10-01,1788788376,2026-09-07,24,False,36.17384,-115.0958,481080741376,id:260070386,store:68620,Shift Supervisor,onsite,"3620 E Bonanza Rd, Las Vegas, Nevada, United States",1,NV,CONUS_L0_003_002,1
2026-10-01,260079346,https://apply.starbucks.com/careers/job/481080998505,"barista - Store# 68620, BONANZA & PECOS",BARISTA,68620,BONANZA & PECOS,3620 E Bonanza Rd,Las Vegas,NV,,US,,1790222400,2026-09-24,7,2026-10-01,1790343926,2026-09-25,6,False,36.17384,-115.0958,481080998505,id:260079346,store:68620,Barista,onsite,"3620 E Bonanza Rd, Las Vegas, Nevada, United States",1,NV,CONUS_L0_003_002,1
2026-10-01,260063069,https://apply.starbucks.com/careers/job/481080565328,"shift supervisor - Store# 09274, CRAIG & LOSEE",SHIFT_SUPERVISOR,09274,CRAIG & LOSEE,2517 E Craig Rd,North Las Vegas,NV,,US,,1787803200,2026-08-27,35,2026-10-01,1787924627,2026-08-28,34,False,36.2393658,-115.1164695,481080565328,id:260063069,store:09274,Shift Supervisor,onsite,"2517 E Craig Rd, North Las Vegas, Nevada, United States",1,NV,CONUS_L0_003_002,1
2026-10-01,260061734,https://apply.starbucks.com/careers/job/481080416030,"barista - Store# 09274, CRAIG & LOSEE",BARISTA,09274,CRAIG & LOSEE,2517 E Craig Rd,North Las Vegas,NV,,US,,1787371200,2026-08-22,40,2026-10-01,1787492410,2026-08-23,39,False,36.2393658,-115.1164695,481080416030,id:260061734,store:09274,Barista,onsite,"2517 E Craig Rd, North Las Vegas, Nevada, United States",1,NV,CONUS_L0_003_002,1
2026-10-01,260069079,https://apply.starbucks.com/careers/job/481080710641,"shift supervisor - Store# 28229, STEPHANIE AND WIGWAM",SHIFT_SUPERVISOR,28229,STEPHANIE AND WIGWAM,125 Stephanie Street,Henderson,NV,,US,,1788408000,2026-09-03,28,2026-10-01,1788530279,2026-09-04,27,False,36.03606,-115.04783,481080710641,id:260069079,store:28229,Shift Supervisor,onsite,"125 Stephanie Street, Henderson, Nevada, United States",1,NV,CONUS_L0_003_002,1
2026-10-01,260069090,https://apply.starbucks.com/careers/job/481080710660,"barista - Store# 28229, STEPHANIE AND WIGWAM",BARISTA,28229,STEPHANIE AND WIGWAM,125 Stephanie Street,Henderson,NV,,US,,1788408000,2026-09-03,28,2026-10-01,1788530289,2026-09-04,27,False,36.03606,-115.04783,481080710660,id:260069090,store:28229,Barista,onsite,"125 Stephanie Street, Henderson, Nevada, United States",1,NV,CONUS_L0_003_002,1
2026-10-01,260062854,https://apply.starbucks.com/careers/job/481080495238,"shift supervisor - Store# 63064, CRAIG & BRUCE",SHIFT_SUPERVISOR,63064,CRAIG & BRUCE,1080 E. Craig Road,North Las Vegas,NV,,US,,1787630400,2026-08-25,37,2026-10-01,1787752552,2026-08-26,36,False,36.24013,-115.12805,481080495238,id:260062854,store:63064,Shift Supervisor,onsite,"1080 E. Craig Road, North Las Vegas, Nevada, United States",1,NV,CONUS_L0_003_002,1
2026-10-01,260062558,https://apply.starbucks.com/careers/job/481080494713,"barista - Store# 63064, CRAIG & BRUCE",BARISTA,63064,CRAIG & BRUCE,1080 E. Craig Road,North Las Vegas,NV,,US,,1787630400,2026-08-25,37,2026-10-01,1787752316,2026-08-26,36,False,36.24013,-115.12805,481080494713,id:260062558,store:63064,Barista,onsite,"1080 E. Craig Road, North Las Vegas, Nevada, United States",1,NV,CONUS_L0_003_002,1
2026-10-01,260071572,https://apply.starbucks.com/careers/job/481080764346,"shift supervisor - Store# 63063, 5TH & ROME",SHIFT_SUPERVISOR,63063,5TH & ROME,6665 N 5th St,North Las Vegas,NV,,US,,1788840000,2026-09-08,23,2026-10-01,1788961233,2026-09-09,22,False,36.28185,-115.13616,481080764346,id:260071572,store:63063,Shift Supervisor,onsite,"6665 N 5th St, North Las Vegas, Nevada, United States",1,NV,CONUS_L0_003_002,1
2026-10-01,260071782,https://apply.starbucks.com/careers/job/481080764713,"shift supervisor - Store# 71705, BOULDER & SAHARA",SHIFT_SUPERVISOR,71705,BOULDER & SAHARA,3412 Boulder Hwy,Las Vegas,NV,,US,,1788840000,2026-09-08,23,2026-10-01,1788961399,2026-09-09,22,False,36.1446442,-115.1015593,481080764713,id:260071782,store:71705,Shift Supervisor,onsite,"3412 Boulder Hwy, Las Vegas, Nevada, United States",1,NV,CONUS_L0_003_002,1
2026-10-01,260056914,https://apply.starbucks.com/careers/job/481079555976,"barista - Store# 71705, BOULDER & SAHARA",BARISTA,71705,BOULDER & SAHARA,3412 Boulder Hwy,Las Vegas,NV,,US,,1784174400,2026-07-16,77,2026-10-01,1784295761,2026-07-17,76,False,36.1446442,-115.1015593,481079555976,id:260056914,store:71705,Barista,onsite,"3412 Boulder Hwy, Las Vegas, Nevada, United States",1,NV,CONUS_L0_003_002,1
2026-10-01,260073865,https://apply.starbucks.com/careers/job/481080813410,"shift supervisor - Store# 09402, SANDHILL & FLAMINGO",SHIFT_SUPERVISOR,09402,SANDHILL & FLAMINGO,"3805 E. Flamingo Road, #100",Las Vegas,NV,,US,,1789185600,2026-09-12,19,2026-10-01,1789307304,2026-09-13,18,False,36.1149427,-115.091659,481080813410,id:260073865,store:09402,Shift Supervisor,onsite,"3805 E. Flamingo Road, #100, Las Vegas, Nevada, United States",1,NV,CONUS_L0_003_002,1
2026-10-01,260078528,https://apply.starbucks.com/careers/job/481080936511,"barista - Store# 09402, SANDHILL & FLAMINGO",BARISTA,09402,SANDHILL & FLAMINGO,"3805 E. Flamingo Road, #100",Las Vegas,NV,,US,,1789876800,2026-09-20,11,2026-10-01,1789998347,2026-09-21,10,False,36.1149427,-115.091659,481080936511,id:260078528,store:09402,Barista,onsite,"3805 E. Flamingo Road, #100, Las Vegas, Nevada, United States",1,NV,CONUS_L0_003_002,1
2026-10-01,260055149,https://apply.starbucks.com/careers/job/481079453609,"barista - Store# 09959, LAKE MEAD & MCDANIEL",BARISTA,09959,LAKE MEAD & MCDANIEL,"2001 E. Lake Mead Blvd, #105",North Las Vegas,NV,,US,,1783828800,2026-07-12,81,2026-10-01,1783950371,2026-07-13,80,False,36.1955308,-115.120406,481079453609,id:260055149,store:09959,Barista,onsite,"2001 E. Lake Mead Blvd, #105, North Las Vegas, Nevada, United States",1,NV,CONUS_L0_003_002,1
2026-10-01,260063744,https://apply.starbucks.com/careers/job/481080567625,"shift supervisor - Store# 09959, LAKE MEAD & MCDANIEL",SHIFT_SUPERVISOR,09959,LAKE MEAD & MCDANIEL,"2001 E. Lake Mead Blvd, #105",North Las Vegas,NV,,US,,1787803200,2026-08-27,35,2026-10-01,1787925167,2026-08-28,34,False,36.1955308,-115.120406,481080567625,id:260063744,store:09959,Shift Supervisor,onsite,"2001 E. Lake Mead Blvd, #105, North Las Vegas, Nevada, United States",1,NV,CONUS_L0_003_002,1
2026-10-01,260071078,https://apply.starbucks.com/careers/job/481080742315,"barista - Store# 10607, EASTERN & BONANZA, LAS VEGAS",BARISTA,10607,"EASTERN & BONANZA, LAS VEGAS","591 N. Eastern Ave., 110",Las Vegas,NV,,US,,1788667200,2026-09-06,25,2026-10-01,1788788928,2026-09-07,24,False,36.17359,-115.11668,481080742315,id:260071078,store:10607,Barista,onsite,"591 N. Eastern Ave., 110, Las Vegas, Nevada, United States",1,NV,CONUS_L0_003_002,1
2026-10-01,260067627,https://apply.starbucks.com/careers/job/481080699315,"shift supervisor - Store# 10607, EASTERN & BONANZA, LAS VEGAS",SHIFT_SUPERVISOR,10607,"EASTERN & BONANZA, LAS VEGAS","591 N. Eastern Ave., 110",Las Vegas,NV,,US,,1788321600,2026-09-02,29,2026-10-01,1788456475,2026-09-03,28,False,36.17359,-115.11668,481080699315,id:260067627,store:10607,Shift Supervisor,onsite,"591 N. Eastern Ave., 110, Las Vegas, Nevada, United States",1,NV,CONUS_L0_003_002,1
2026-10-01,260076811,https://apply.starbucks.com/careers/job/481080862811,"shift supervisor - Store# 06513, STEPHANIE & HORIZON RIDGE",SHIFT_SUPERVISOR,06513,STEPHANIE & HORIZON RIDGE,"180 S. Stephanie Street, #100",Henderson,NV,,US,,1789444800,2026-09-15,16,2026-10-01,1789567195,2026-09-16,15,False,36.0229301,-115.0467686,481080862811,id:260076811,store:06513,Shift Supervisor,onsite,"180 S. Stephanie Street, #100, Henderson, Nevada, United States",1,NV,CONUS_L0_003_002,1
2026-10-01,260076094,https://apply.starbucks.com/careers/job/481080861384,"barista - Store# 06513, STEPHANIE & HORIZON RIDGE",BARISTA,06513,STEPHANIE & HORIZON RIDGE,"180 S. Stephanie Street, #100",Henderson,NV,,US,,1789444800,2026-09-15,16,2026-10-01,1789566573,2026-09-16,15,False,36.0229301,-115.0467686,481080861384,id:260076094,store:06513,Barista,onsite,"180 S. Stephanie Street, #100, Henderson, Nevada, United States",1,NV,CONUS_L0_003_002,1
2026-10-01,260070369,https://apply.starbucks.com/careers/job/481080741355,"barista - Store# 66266, SUNSET & MOUNTAIN VISTA",BARISTA,66266,SUNSET & MOUNTAIN VISTA,4540 E Sunset Rd,Henderson,NV,,US,,1788667200,2026-09-06,25,2026-10-01,1788788363,2026-09-07,24,False,36.07125,-115.07528,481080741355,id:260070369,store:66266,Barista,onsite,"4540 E Sunset Rd, Henderson, Nevada, United States",1,NV,CONUS_L0_003_002,1
2026-10-01,260079789,https://apply.starbucks.com/careers/job/481081018853,"shift supervisor - Store# 66266, SUNSET & MOUNTAIN VISTA",SHIFT_SUPERVISOR,66266,SUNSET & MOUNTAIN VISTA,4540 E Sunset Rd,Henderson,NV,,US,,1790395200,2026-09-26,5,2026-10-01,1790516495,2026-09-27,4,False,36.07125,-115.07528,481081018853,id:260079789,store:66266,Shift Supervisor,onsite,"4540 E Sunset Rd, Henderson, Nevada, United States",1,NV,CONUS_L0_003_002,1
2026-10-01,260079525,https://apply.starbucks.com/careers/job/481080998893,"barista - Store# 56301, LAKE MEAD BLVD & 5TH ST",BARISTA,56301,LAKE MEAD BLVD & 5TH ST,540 E Lake Mead Blvd S,North Las Vegas,NV,,US,,1790222400,2026-09-24,7,2026-10-01,1790344084,2026-09-25,6,False,36.197057,-115.133564,481080998893,id:260079525,store:56301,Barista,onsite,"540 E Lake Mead Blvd S, North Las Vegas, Nevada, United States",1,NV,CONUS_L0_003_002,1
2026-10-01,260069500,https://apply.starbucks.com/careers/job/481080730342,"shift supervisor - Store# 56301, LAKE MEAD BLVD & 5TH ST",SHIFT_SUPERVISOR,56301,LAKE MEAD BLVD & 5TH ST,540 E Lake Mead Blvd S,North Las Vegas,NV,,US,,1788580800,2026-09-05,26,2026-10-01,1788702150,2026-09-06,25,False,36.197057,-115.133564,481080730342,id:260069500,store:56301,Shift Supervisor,onsite,"540 E Lake Mead Blvd S, North Las Vegas, Nevada, United States",1,NV,CONUS_L0_003_002,1
2026-10-01,260080286,https://apply.starbucks.com/careers/job/481081059145,"barista - Store# 06681, DESERT INN & EASTERN, LAS VEGAS",BARISTA,06681,"DESERT INN & EASTERN, LAS VEGAS","2412 E. Desert Inn Road, Francisco Center, #100",Las Vegas,NV,,US,,1790568000,2026-09-28,3,2026-10-01,1790689693,2026-09-29,2,False,36.1309794,-115.1158196,481081059145,id:260080286,store:06681,Barista,onsite,"2412 E. Desert Inn Road, Francisco Center, #100, Las Vegas, Nevada, United States",1,NV,CONUS_L0_003_002,1
2026-10-01,260076662,https://apply.starbucks.com/careers/job/481080862668,"shift supervisor - Store# 06681, DESERT INN & EASTERN, LAS VEGAS",SHIFT_SUPERVISOR,06681,"DESERT INN & EASTERN, LAS VEGAS","2412 E. Desert Inn Road, Francisco Center, #100",Las Vegas,NV,,US,,1789444800,2026-09-15,16,2026-10-01,1789567064,2026-09-16,15,False,36.1309794,-115.1158196,481080862668,id:260076662,store:06681,Shift Supervisor,onsite,"2412 E. Desert Inn Road, Francisco Center, #100, Las Vegas, Nevada, United States",1,NV,CONUS_L0_003_002,1
2026-10-01,260067075,https://apply.starbucks.com/careers/job/481080698681,"shift supervisor - Store# 09307, GREEN VALLEY & WARM SPRINGS",SHIFT_SUPERVISOR,09307,GREEN VALLEY & WARM SPRINGS,"2295 N Green Valley Pkwy, Parkway Springs Plaza",Henderson,NV,,US,,1788321600,2026-09-02,29,2026-10-01,1788455951,2026-09-03,28,False,36.0562393,-115.0845078,481080698681,id:260067075,store:09307,Shift Supervisor,onsite,"2295 N Green Valley Pkwy, Parkway Springs Plaza, Henderson, Nevada, United States",1,NV,CONUS_L0_003_002,1
2026-10-01,260063029,https://apply.starbucks.com/careers/job/481080565214,"barista - Store# 09307, GREEN VALLEY & WARM SPRINGS",BARISTA,09307,GREEN VALLEY & WARM SPRINGS,"2295 N Green Valley Pkwy, Parkway Springs Plaza",Henderson,NV,,US,,1787803200,2026-08-27,35,2026-10-01,1787924595,2026-08-28,34,False,36.0562393,-115.0845078,481080565214,id:260063029,store:09307,Barista,onsite,"2295 N Green Valley Pkwy, Parkway Springs Plaza, Henderson, Nevada, United States",1,NV,CONUS_L0_003_002,1
2026-10-01,260053011,https://apply.starbucks.com/careers/job/481079230119,"barista - Store# 02779, ANN & CAMINO AL NORTE",BARISTA,02779,ANN & CAMINO AL NORTE,5515 Camino Al Norte,North Las Vegas,NV,,US,,1783137600,2026-07-04,89,2026-10-01,1783258792,2026-07-05,88,False,36.2600196,-115.1560756,481079230119,id:260053011,store:02779,Barista,onsite,"5515 Camino Al Norte, North Las Vegas, Nevada, United States",1,NV,CONUS_L0_003_002,1
2026-10-01,260074614,https://apply.starbucks.com/careers/job/481080820282,"shift supervisor - Store# 02779, ANN & CAMINO AL NORTE",SHIFT_SUPERVISOR,02779,ANN & CAMINO AL NORTE,5515 Camino Al Norte,North Las Vegas,NV,,US,,1789272000,2026-09-13,18,2026-10-01,1789394211,2026-09-14,17,False,36.2600196,-115.1560756,481080820282,id:260074614,store:02779,Shift Supervisor,onsite,"5515 Camino Al Norte, North Las Vegas, Nevada, United States",1,NV,CONUS_L0_003_002,1
2026-10-01,260063790,https://apply.starbucks.com/careers/job/481080567612,"shift supervisor - Store# 08991, FLAMINGO & EASTERN",SHIFT_SUPERVISOR,08991,FLAMINGO & EASTERN,"2430 E. Flamingo Road, #100",Las Vegas,NV,,US,,1787803200,2026-08-27,35,2026-10-01,1787925204,2026-08-28,34,False,36.115125,-115.118154,481080567612,id:260063790,store:08991,Shift Supervisor,onsite,"2430 E. Flamingo Road, #100, Las Vegas, Nevada, United States",1,NV,CONUS_L0_003_002,1
2026-10-01,260079776,https://apply.starbucks.com/careers/job/481081018833,"barista - Store# 08991, FLAMINGO & EASTERN",BARISTA,08991,FLAMINGO & EASTERN,"2430 E. Flamingo Road, #100",Las Vegas,NV,,US,,1790395200,2026-09-26,5,2026-10-01,1790516484,2026-09-27,4,False,36.115125,-115.118154,481081018833,id:260079776,store:08991,Barista,onsite,"2430 E. Flamingo Road, #100, Las Vegas, Nevada, United States",1,NV,CONUS_L0_003_002,1
2026-10-01,260059930,https://apply.starbucks.com/careers/job/481080079117,"barista - Store# 49092, Sunset & Pecos",BARISTA,49092,Sunset & Pecos,3410 E Sunset Rd,Las Vegas,NV,,US,,1786161600,2026-08-08,54,2026-10-01,1786283217,2026-08-09,53,False,36.07199,-115.10049,481080079117,id:260059930,store:49092,Barista,onsite,"3410 E Sunset Rd, Las Vegas, Nevada, United States",1,NV,CONUS_L0_003_002,1
2026-10-01,260058797,https://apply.starbucks.com/careers/job/481079927696,"shift supervisor - Store# 49092, Sunset & Pecos",SHIFT_SUPERVISOR,49092,Sunset & Pecos,3410 E Sunset Rd,Las Vegas,NV,,US,,1785211200,2026-07-28,65,2026-10-01,1785332739,2026-07-29,64,False,36.07199,-115.10049,481079927696,id:260058797,store:49092,Shift Supervisor,onsite,"3410 E Sunset Rd, Las Vegas, Nevada, United States",1,NV,CONUS_L0_003_002,1
2026-10-01,260078121,https://apply.starbucks.com/careers/job/481080923665,"barista - Store# 25810, TROPICANA AND EASTERN",BARISTA,25810,TROPICANA AND EASTERN,4800 S. Eastern Avenue,Las Vegas,NV,,US,,1789790400,2026-09-19,12,2026-10-01,1789911757,2026-09-20,11,False,36.10111,-115.11857,481080923665,id:260078121,store:25810,Barista,onsite,"4800 S. Eastern Avenue, Las Vegas, Nevada, United States",1,NV,CONUS_L0_003_002,1
2026-10-01,260076337,https://apply.starbucks.com/careers/job/481080861794,"shift supervisor - Store# 25810, TROPICANA AND EASTERN",SHIFT_SUPERVISOR,25810,TROPICANA AND EASTERN,4800 S. Eastern Avenue,Las Vegas,NV,,US,,1789444800,2026-09-15,16,2026-10-01,1789566784,2026-09-16,15,False,36.10111,-115.11857,481080861794,id:260076337,store:25810,Shift Supervisor,onsite,"4800 S. Eastern Avenue, Las Vegas, Nevada, United States",1,NV,CONUS_L0_003_002,1
2026-10-01,260077660,https://apply.starbucks.com/careers/job/481080891515,"barista - Store# 07950, CHEYENNE & MLK",BARISTA,07950,CHEYENNE & MLK,"1380 W. Cheyenne, G101",North Las Vegas,NV,,US,,1789617600,2026-09-17,14,2026-10-01,1789739346,2026-09-18,13,False,36.2180356,-115.1601519,481080891515,id:260077660,store:07950,Barista,onsite,"1380 W. Cheyenne, G101, North Las Vegas, Nevada, United States",1,NV,CONUS_L0_003_002,1
2026-10-01,260077149,https://apply.starbucks.com/careers/job/481080890677,"shift supervisor - Store# 07950, CHEYENNE & MLK",SHIFT_SUPERVISOR,07950,CHEYENNE & MLK,"1380 W. Cheyenne, G101",North Las Vegas,NV,,US,,1789617600,2026-09-17,14,2026-10-01,1789738905,2026-09-18,13,False,36.2180356,-115.1601519,481080890677,id:260077149,store:07950,Shift Supervisor,onsite,"1380 W. Cheyenne, G101, North Las Vegas, Nevada, United States",1,NV,CONUS_L0_003_002,1
2026-10-01,260055023,https://apply.starbucks.com/careers/job/481079436548,"barista - Store# 05409, PEBBLE MARKETPLACE",BARISTA,05409,PEBBLE MARKETPLACE,"1500 N. Green Valley Parkway, Bldg #100, Suite #150",Henderson,NV,,US,,1783742400,2026-07-11,82,2026-10-01,1783863583,2026-07-12,81,False,36.029654,-115.085839,481079436548,id:260055023,store:05409,Barista,onsite,"1500 N. Green Valley Parkway, Bldg #100, Suite #150, Henderson, Nevada, United States",1,NV,CONUS_L0_003_002,1
2026-10-01,260074763,https://apply.starbucks.com/careers/job/481080820488,"shift supervisor - Store# 05409, PEBBLE MARKETPLACE",SHIFT_SUPERVISOR,05409,PEBBLE MARKETPLACE,"1500 N. Green Valley Parkway, Bldg #100, Suite #150",Henderson,NV,,US,,1789272000,2026-09-13,18,2026-10-01,1789394342,2026-09-14,17,False,36.029654,-115.085839,481080820488,id:260074763,store:05409,Shift Supervisor,onsite,"1500 N. Green Valley Parkway, Bldg #100, Suite #150, Henderson, Nevada, United States",1,NV,CONUS_L0_003_002,1
2026-10-01,260072784,https://apply.starbucks.com/careers/job/481080796375,"barista - Store# 53959, CRAIG AND SCOTT ROBINSON",BARISTA,53959,CRAIG AND SCOTT ROBINSON,1780 W. Craig Road,North Las Vegas,NV,,US,,1789012800,2026-09-10,21,2026-10-01,1789135351,2026-09-11,20,False,36.23984,-115.16629,481080796375,id:260072784,store:53959,Barista,onsite,"1780 W. Craig Road, North Las Vegas, Nevada, United States",1,NV,CONUS_L0_003_002,1
2026-10-01,260057639,https://apply.starbucks.com/careers/job/481079627283,"shift supervisor - Store# 49416, Casino Center and Clark",SHIFT_SUPERVISOR,49416,Casino Center and Clark,122 E Clark Ave,Las Vegas,NV,,US,,1784520000,2026-07-20,73,2026-10-01,1784642484,2026-07-21,72,False,36.16591,-115.14751,481079627283,id:260057639,store:49416,Shift Supervisor,onsite,"122 E Clark Ave, Las Vegas, Nevada, United States",1,NV,CONUS_L0_003_002,1
2026-10-01,260078698,https://apply.starbucks.com/careers/job/481080949690,"barista - Store# 49416, Casino Center and Clark",BARISTA,49416,Casino Center and Clark,122 E Clark Ave,Las Vegas,NV,,US,,1789963200,2026-09-21,10,2026-10-01,1790084469,2026-09-22,9,False,36.16591,-115.14751,481080949690,id:260078698,store:49416,Barista,onsite,"122 E Clark Ave, Las Vegas, Nevada, United States",1,NV,CONUS_L0_003_002,1
2026-10-01,260064246,https://apply.starbucks.com/careers/job/481080612906,"barista - Store# 13899, EASTERN & RUSSELL, LAS VEGAS",BARISTA,13899,"EASTERN & RUSSELL, LAS VEGAS","5715 S. Eastern Ave., 101",Las Vegas,NV,,US,,1788062400,2026-08-30,32,2026-10-01,1788183656,2026-08-31,31,False,36.0857,-115.11945,481080612906,id:260064246,store:13899,Barista,onsite,"5715 S. Eastern Ave., 101, Las Vegas, Nevada, United States",1,NV,CONUS_L0_003_002,1
2026-10-01,260073847,https://apply.starbucks.com/careers/job/481080813443,"shift supervisor - Store# 13899, EASTERN & RUSSELL, LAS VEGAS",SHIFT_SUPERVISOR,13899,"EASTERN & RUSSELL, LAS VEGAS","5715 S. Eastern Ave., 101",Las Vegas,NV,,US,,1789185600,2026-09-12,19,2026-10-01,1789307287,2026-09-13,18,False,36.0857,-115.11945,481080813443,id:260073847,store:13899,Shift Supervisor,onsite,"5715 S. Eastern Ave., 101, Las Vegas, Nevada, United States",1,NV,CONUS_L0_003_002,1
2026-10-01,260053576,https://apply.starbucks.com/careers/job/481079351662,"barista - Store# 10512, ALIANTE & I-215, NORTH LAS VEGAS",BARISTA,10512,"ALIANTE & I-215, NORTH LAS VEGAS","7021 Aliante Parkway, #1",North Las Vegas,NV,,US,,1783396800,2026-07-07,86,2026-10-01,1783518162,2026-07-08,85,False,36.2877576,-115.1786664,481079351662,id:260053576,store:10512,Barista,onsite,"7021 Aliante Parkway, #1, North Las Vegas, Nevada, United States",1,NV,CONUS_L0_003_002,1
2026-10-01,260067467,https://apply.starbucks.com/careers/job/481080699175,"shift supervisor - Store# 10512, ALIANTE & I-215, NORTH LAS VEGAS",SHIFT_SUPERVISOR,10512,"ALIANTE & I-215, NORTH LAS VEGAS","7021 Aliante Parkway, #1",North Las Vegas,NV,,US,,1788321600,2026-09-02,29,2026-10-01,1788456328,2026-09-03,28,False,36.2877576,-115.1786664,481080699175,id:260067467,store:10512,Shift Supervisor,onsite,"7021 Aliante Parkway, #1, North Las Vegas, Nevada, United States",1,NV,CONUS_L0_003_002,1
2026-10-01,260068201,https://apply.starbucks.com/careers/job/481080709067,"shift supervisor - Store# 26718, MLK AND MARIAH",SHIFT_SUPERVISOR,26718,MLK AND MARIAH,1925 N Martin Luther King Blvd,Las Vegas,NV,,US,,1788408000,2026-09-03,28,2026-10-01,1788529529,2026-09-04,27,False,36.19376,-115.16117,481080709067,id:260068201,store:26718,Shift Supervisor,onsite,"1925 N Martin Luther King Blvd, Las Vegas, Nevada, United States",1,NV,CONUS_L0_003_002,1
2026-10-01,260076788,https://apply.starbucks.com/careers/job/481080862686,"barista - Store# 26718, MLK AND MARIAH",BARISTA,26718,MLK AND MARIAH,1925 N Martin Luther King Blvd,Las Vegas,NV,,US,,1789444800,2026-09-15,16,2026-10-01,1789567175,2026-09-16,15,False,36.19376,-115.16117,481080862686,id:260076788,store:26718,Barista,onsite,"1925 N Martin Luther King Blvd, Las Vegas, Nevada, United States",1,NV,CONUS_L0_003_002,1
2026-10-01,260068033,https://apply.starbucks.com/careers/job/481080699899,"shift supervisor - Store# 25708, LAS VEGAS PREMIUM OUTLETS/KIOSK",SHIFT_SUPERVISOR,25708,LAS VEGAS PREMIUM OUTLETS/KIOSK,"855 S Grand Central Pkwy, 725",Las Vegas,NV,,US,,1788321600,2026-09-02,29,2026-10-01,1788456858,2026-09-03,28,False,36.16543,-115.15591,481080699899,id:260068033,store:25708,Shift Supervisor,onsite,"855 S Grand Central Pkwy, 725, Las Vegas, Nevada, United States",1,NV,CONUS_L0_003_002,1
2026-10-01,260078909,https://apply.starbucks.com/careers/job/481080964852,"barista - Store# 25708, LAS VEGAS PREMIUM OUTLETS/KIOSK",BARISTA,25708,LAS VEGAS PREMIUM OUTLETS/KIOSK,"855 S Grand Central Pkwy, 725",Las Vegas,NV,,US,,1790049600,2026-09-22,9,2026-10-01,1790171029,2026-09-23,8,False,36.16543,-115.15591,481080964852,id:260078909,store:25708,Barista,onsite,"855 S Grand Central Pkwy, 725, Las Vegas, Nevada, United States",1,NV,CONUS_L0_003_002,1
2026-10-01,260076069,https://apply.starbucks.com/careers/job/481080861340,"shift supervisor - Store# 06790, LV PREMIUM OUTLETS/FOOD COURT",SHIFT_SUPERVISOR,06790,LV PREMIUM OUTLETS/FOOD COURT,"855 S. Grand Central Parkway, Las Vegas Premium Outlets, #1519",Las Vegas,NV,,US,,1789444800,2026-09-15,16,2026-10-01,1789566550,2026-09-16,15,False,36.1647413,-115.1565908,481080861340,id:260076069,store:06790,Shift Supervisor,onsite,"855 S. Grand Central Parkway, Las Vegas Premium Outlets, #1519, Las Vegas, Nevada, United States",1,NV,CONUS_L0_003_002,1
2026-10-01,260076410,https://apply.starbucks.com/careers/job/481080861888,"barista - Store# 06790, LV PREMIUM OUTLETS/FOOD COURT",BARISTA,06790,LV PREMIUM OUTLETS/FOOD COURT,"855 S. Grand Central Parkway, Las Vegas Premium Outlets, #1519",Las Vegas,NV,,US,,1789444800,2026-09-15,16,2026-10-01,1789566846,2026-09-16,15,False,36.1647413,-115.1565908,481080861888,id:260076410,store:06790,Barista,onsite,"855 S. Grand Central Parkway, Las Vegas Premium Outlets, #1519, Las Vegas, Nevada, United States",1,NV,CONUS_L0_003_002,1
2026-10-01,260068409,https://apply.starbucks.com/careers/job/481080709832,"shift supervisor - Store# 29260, HORIZON RIDGE & GREEN VALLEY",SHIFT_SUPERVISOR,29260,HORIZON RIDGE & GREEN VALLEY,735 S Green Valley Pkwy,Henderson,NV,,US,,1788408000,2026-09-03,28,2026-10-01,1788529710,2026-09-04,27,False,36.001,-115.08367,481080709832,id:260068409,store:29260,Shift Supervisor,onsite,"735 S Green Valley Pkwy, Henderson, Nevada, United States",1,NV,CONUS_L0_003_002,1
2026-10-01,260062458,https://apply.starbucks.com/careers/job/481080494334,"shift supervisor - Store# 10566, PARADISE & SAHARA",SHIFT_SUPERVISOR,10566,PARADISE & SAHARA,2233 Paradise Rd,Las Vegas,NV,,US,,1787630400,2026-08-25,37,2026-10-01,1787752234,2026-08-26,36,False,36.144,-115.15427,481080494334,id:260062458,store:10566,Shift Supervisor,onsite,"2233 Paradise Rd, Las Vegas, Nevada, United States",1,NV,CONUS_L0_003_002,1
2026-10-01,260063853,https://apply.starbucks.com/careers/job/481080567461,"barista - Store# 10566, PARADISE & SAHARA",BARISTA,10566,PARADISE & SAHARA,2233 Paradise Rd,Las Vegas,NV,,US,,1787803200,2026-08-27,35,2026-10-01,1787925254,2026-08-28,34,False,36.144,-115.15427,481080567461,id:260063853,store:10566,Barista,onsite,"2233 Paradise Rd, Las Vegas, Nevada, United States",1,NV,CONUS_L0_003_002,1
2026-10-01,260078444,https://apply.starbucks.com/careers/job/481080936384,"barista - Store# 68763, CRAIG & RYDER",BARISTA,68763,CRAIG & RYDER,3555 W Craig Rd,North Las Vegas,NV,,US,,1789876800,2026-09-20,11,2026-10-01,1789998276,2026-09-21,10,False,36.2391432,-115.1882906,481080936384,id:260078444,store:68763,Barista,onsite,"3555 W Craig Rd, North Las Vegas, Nevada, United States",1,NV,CONUS_L0_003_002,1
2026-10-01,260078487,https://apply.starbucks.com/careers/job/481080936430,"shift supervisor - Store# 68763, CRAIG & RYDER",SHIFT_SUPERVISOR,68763,CRAIG & RYDER,3555 W Craig Rd,North Las Vegas,NV,,US,,1789876800,2026-09-20,11,2026-10-01,1789998312,2026-09-21,10,False,36.2391432,-115.1882906,481080936430,id:260078487,store:68763,Shift Supervisor,onsite,"3555 W Craig Rd, North Las Vegas, Nevada, United States",1,NV,CONUS_L0_003_002,1
2026-10-01,260055605,https://apply.starbucks.com/careers/job/481079454091,"barista - Store# 02778, RANCHO & BONANZA",BARISTA,02778,RANCHO & BONANZA,"751 N. Rancho Drive, Rancho Plaza Shopping Center, #110",Las Vegas,NV,,US,,1783828800,2026-07-12,81,2026-10-01,1783950722,2026-07-13,80,False,36.1782148,-115.1771976,481079454091,id:260055605,store:02778,Barista,onsite,"751 N. Rancho Drive, Rancho Plaza Shopping Center, #110, Las Vegas, Nevada, United States",1,NV,CONUS_L0_003_002,1
2026-10-01,260074488,https://apply.starbucks.com/careers/job/481080820114,"shift supervisor - Store# 02778, RANCHO & BONANZA",SHIFT_SUPERVISOR,02778,RANCHO & BONANZA,"751 N. Rancho Drive, Rancho Plaza Shopping Center, #110",Las Vegas,NV,,US,,1789272000,2026-09-13,18,2026-10-01,1789394104,2026-09-14,17,False,36.1782148,-115.1771976,481080820114,id:260074488,store:02778,Shift Supervisor,onsite,"751 N. Rancho Drive, Rancho Plaza Shopping Center, #110, Las Vegas, Nevada, United States",1,NV,CONUS_L0_003_002,1
2026-10-01,260062930,https://apply.starbucks.com/careers/job/481080532502,"barista - Store# 00661, RANCHO TOWN & COUNTRY",BARISTA,00661,RANCHO TOWN & COUNTRY,"840 S. Rancho Drive, #18",Las Vegas,NV,,US,,1787716800,2026-08-26,36,2026-10-01,1787838322,2026-08-27,35,False,36.1616956,-115.1732142,481080532502,id:260062930,store:00661,Barista,onsite,"840 S. Rancho Drive, #18, Las Vegas, Nevada, United States",1,NV,CONUS_L0_003_002,1
2026-10-01,260078274,https://apply.starbucks.com/careers/job/481080936034,"shift supervisor - Store# 00661, RANCHO TOWN & COUNTRY",SHIFT_SUPERVISOR,00661,RANCHO TOWN & COUNTRY,"840 S. Rancho Drive, #18",Las Vegas,NV,,US,,1789876800,2026-09-20,11,2026-10-01,1789998131,2026-09-21,10,False,36.1616956,-115.1732142,481080936034,id:260078274,store:00661,Shift Supervisor,onsite,"840 S. Rancho Drive, #18, Las Vegas, Nevada, United States",1,NV,CONUS_L0_003_002,1
2026-10-01,260074936,https://apply.starbucks.com/careers/job/481080820765,"barista - Store# 05792, PARADISE & FLAMINGO",BARISTA,05792,PARADISE & FLAMINGO,340 E Flamingo Rd,Las Vegas,NV,,US,,1789272000,2026-09-13,18,2026-10-01,1789394497,2026-09-14,17,False,36.1147539,-115.1574745,481080820765,id:260074936,store:05792,Barista,onsite,"340 E Flamingo Rd, Las Vegas, Nevada, United States",1,NV,CONUS_L0_003_002,1
2026-10-01,260075242,https://apply.starbucks.com/careers/job/481080821439,"shift supervisor - Store# 05792, PARADISE & FLAMINGO",SHIFT_SUPERVISOR,05792,PARADISE & FLAMINGO,340 E Flamingo Rd,Las Vegas,NV,,US,,1789272000,2026-09-13,18,2026-10-01,1789394767,2026-09-14,17,False,36.1147539,-115.1574745,481080821439,id:260075242,store:05792,Shift Supervisor,onsite,"340 E Flamingo Rd, Las Vegas, Nevada, United States",1,NV,CONUS_L0_003_002,1
2026-10-01,260074925,https://apply.starbucks.com/careers/job/481080820701,"shift supervisor - Store# 05748, EASTERN & HORIZON RIDGE",SHIFT_SUPERVISOR,05748,EASTERN & HORIZON RIDGE,"10385 S. Eastern Ave., Horizon Marketplace # A",Henderson,NV,,US,,1789272000,2026-09-13,18,2026-10-01,1789394487,2026-09-14,17,False,35.9990891,-115.1023371,481080820701,id:260074925,store:05748,Shift Supervisor,onsite,"10385 S. Eastern Ave., Horizon Marketplace # A, Henderson, Nevada, United States",1,NV,CONUS_L0_003_002,1
2026-10-01,260077233,https://apply.starbucks.com/careers/job/481080890771,"barista - Store# 05748, EASTERN & HORIZON RIDGE",BARISTA,05748,EASTERN & HORIZON RIDGE,"10385 S. Eastern Ave., Horizon Marketplace # A",Henderson,NV,,US,,1789617600,2026-09-17,14,2026-10-01,1789738977,2026-09-18,13,False,35.9990891,-115.1023371,481080890771,id:260077233,store:05748,Barista,onsite,"10385 S. Eastern Ave., Horizon Marketplace # A, Henderson, Nevada, United States",1,NV,CONUS_L0_003_002,1
2026-10-01,260075183,https://apply.starbucks.com/careers/job/481080821365,"shift supervisor - Store# 03424, EASTERN & I-215",SHIFT_SUPERVISOR,03424,EASTERN & I-215,"8975 S. Eastern Avenue, Eastern Beltway, #A",Las Vegas,NV,,US,,1789272000,2026-09-13,18,2026-10-01,1789394715,2026-09-14,17,False,36.0262352,-115.1193286,481080821365,id:260075183,store:03424,Shift Supervisor,onsite,"8975 S. Eastern Avenue, Eastern Beltway, #A, Las Vegas, Nevada, United States",1,NV,CONUS_L0_003_002,1
2026-10-01,260079741,https://apply.starbucks.com/careers/job/481081018787,"barista - Store# 03424, EASTERN & I-215",BARISTA,03424,EASTERN & I-215,"8975 S. Eastern Avenue, Eastern Beltway, #A",Las Vegas,NV,,US,,1790395200,2026-09-26,5,2026-10-01,1790516454,2026-09-27,4,False,36.0262352,-115.1193286,481081018787,id:260079741,store:03424,Barista,onsite,"8975 S. Eastern Avenue, Eastern Beltway, #A, Las Vegas, Nevada, United States",1,NV,CONUS_L0_003_002,1
2026-10-01,260073153,https://apply.starbucks.com/careers/job/481080797909,"barista - Store# 11972, I-215 & DECATUR, NORTH LAS VEGAS",BARISTA,11972,"I-215 & DECATUR, NORTH LAS VEGAS","6120 N. Decatur Blvd., 100",Las Vegas,NV,,US,,1789012800,2026-09-10,21,2026-10-01,1789135660,2026-09-11,20,False,36.2712367,-115.2063538,481080797909,id:260073153,store:11972,Barista,onsite,"6120 N. Decatur Blvd., 100, Las Vegas, Nevada, United States",1,NV,CONUS_L0_003_002,1
2026-10-01,260067335,https://apply.starbucks.com/careers/job/481080699024,"shift supervisor - Store# 11972, I-215 & DECATUR, NORTH LAS VEGAS",SHIFT_SUPERVISOR,11972,"I-215 & DECATUR, NORTH LAS VEGAS","6120 N. Decatur Blvd., 100",Las Vegas,NV,,US,,1788321600,2026-09-02,29,2026-10-01,1788456202,2026-09-03,28,False,36.2712367,-115.2063538,481080699024,id:260067335,store:11972,Shift Supervisor,onsite,"6120 N. Decatur Blvd., 100, Las Vegas, Nevada, United States",1,NV,CONUS_L0_003_002,1
2026-10-01,260058198,https://apply.starbucks.com/careers/job/481079849693,"shift supervisor - Store# 82591, LAKE MEAD & RANCHO",SHIFT_SUPERVISOR,82591,LAKE MEAD & RANCHO,2204 N Rancho Drive,North Las Vegas,NV,,US,,1784952000,2026-07-25,68,2026-10-01,1785073462,2026-07-26,67,False,36.2009508,-115.195835,481079849693,id:260058198,store:82591,Shift Supervisor,onsite,"2204 N Rancho Drive, North Las Vegas, Nevada, United States",1,NV,CONUS_L0_003_002,1
2026-10-01,260058329,https://apply.starbucks.com/careers/job/481079849924,"barista - Store# 82591, LAKE MEAD & RANCHO",BARISTA,82591,LAKE MEAD & RANCHO,2204 N Rancho Drive,North Las Vegas,NV,,US,,1784952000,2026-07-25,68,2026-10-01,1785073569,2026-07-26,67,False,36.2009508,-115.195835,481079849924,id:260058329,store:82591,Barista,onsite,"2204 N Rancho Drive, North Las Vegas, Nevada, United States",1,NV,CONUS_L0_003_002,1
2026-10-01,260058123,https://apply.starbucks.com/careers/job/481079849485,"barista - Store# 13659, MARYLAND & WINDMILL, LAS VEGAS",BARISTA,13659,"MARYLAND & WINDMILL, LAS VEGAS","8150 S. Maryland Pkwy., D-1",Las Vegas,NV,,US,,1784952000,2026-07-25,68,2026-10-01,1785073401,2026-07-26,67,False,36.04175,-115.13544,481079849485,id:260058123,store:13659,Barista,onsite,"8150 S. Maryland Pkwy., D-1, Las Vegas, Nevada, United States",1,NV,CONUS_L0_003_002,1
2026-10-01,260066024,https://apply.starbucks.com/careers/job/481080678691,"barista - Store# 10748, SEVEN HILLS & ST ROSE",BARISTA,10748,SEVEN HILLS & ST ROSE,"3215 St. Rose Parkway, #100",Henderson,NV,,US,,1788321600,2026-09-02,29,2026-10-01,1788357604,2026-09-02,29,False,35.99675,-115.12774,481080678691,id:260066024,store:10748,Barista,onsite,"3215 St. Rose Parkway, #100, Henderson, Nevada, United States",1,NV,CONUS_L0_003_002,1
2026-10-01,260065507,https://apply.starbucks.com/careers/job/481080677912,"shift supervisor - Store# 10748, SEVEN HILLS & ST ROSE",SHIFT_SUPERVISOR,10748,SEVEN HILLS & ST ROSE,"3215 St. Rose Parkway, #100",Henderson,NV,,US,,1788321600,2026-09-02,29,2026-10-01,1788357150,2026-09-02,29,False,35.99675,-115.12774,481080677912,id:260065507,store:10748,Shift Supervisor,onsite,"3215 St. Rose Parkway, #100, Henderson, Nevada, United States",1,NV,CONUS_L0_003_002,1
2026-10-01,260067029,https://apply.starbucks.com/careers/job/481080698634,"shift supervisor - Store# 10748, SEVEN HILLS & ST ROSE",SHIFT_SUPERVISOR,10748,SEVEN HILLS & ST ROSE,"3215 St. Rose Parkway, #100",Henderson,NV,,US,,1788321600,2026-09-02,29,2026-10-01,1788455908,2026-09-03,28,False,35.99675,-115.12774,481080698634,id:260067029,store:10748,Shift Supervisor,onsite,"3215 St. Rose Parkway, #100, Henderson, Nevada, United States",1,NV,CONUS_L0_003_002,1
2026-10-01,260067547,https://apply.starbucks.com/careers/job/481080699286,"barista - Store# 10748, SEVEN HILLS & ST ROSE",BARISTA,10748,SEVEN HILLS & ST ROSE,"3215 St. Rose Parkway, #100",Henderson,NV,,US,,1788321600,2026-09-02,29,2026-10-01,1788456402,2026-09-03,28,False,35.99675,-115.12774,481080699286,id:260067547,store:10748,Barista,onsite,"3215 St. Rose Parkway, #100, Henderson, Nevada, United States",1,NV,CONUS_L0_003_002,1
2026-10-01,260076403,https://apply.starbucks.com/careers/job/481080861902,"shift supervisor - Store# 05998, MARYLAND & SILVERADO RANCH",SHIFT_SUPERVISOR,05998,MARYLAND & SILVERADO RANCH,"9880 S Maryland Pkwy, Silverado Ranch Place10",Las Vegas,NV,,US,,1789444800,2026-09-15,16,2026-10-01,1789566840,2026-09-16,15,False,36.0109426,-115.1362929,481080861902,id:260076403,store:05998,Shift Supervisor,onsite,"9880 S Maryland Pkwy, Silverado Ranch Place10, Las Vegas, Nevada, United States",1,NV,CONUS_L0_003_002,1
2026-10-01,260077163,https://apply.starbucks.com/careers/job/481080890682,"barista - Store# 05998, MARYLAND & SILVERADO RANCH",BARISTA,05998,MARYLAND & SILVERADO RANCH,"9880 S Maryland Pkwy, Silverado Ranch Place10",Las Vegas,NV,,US,,1789617600,2026-09-17,14,2026-10-01,1789738917,2026-09-18,13,False,36.0109426,-115.1362929,481080890682,id:260077163,store:05998,Barista,onsite,"9880 S Maryland Pkwy, Silverado Ranch Place10, Las Vegas, Nevada, United States",1,NV,CONUS_L0_003_002,1
2026-10-01,260073066,https://apply.starbucks.com/careers/job/481080797749,"shift supervisor - Store# 66263, DECATUR & ALTA",SHIFT_SUPERVISOR,66263,DECATUR & ALTA,470 S Decatur Blvd,Las Vegas,NV,,US,,1789012800,2026-09-10,21,2026-10-01,1789135588,2026-09-11,20,False,36.1669,-115.20649,481080797749,id:260073066,store:66263,Shift Supervisor,onsite,"470 S Decatur Blvd, Las Vegas, Nevada, United States",1,NV,CONUS_L0_003_002,1
2026-10-01,260056526,https://apply.starbucks.com/careers/job/481079498840,"shift supervisor - Store# 00630, WESTLAND FAIR",SHIFT_SUPERVISOR,00630,WESTLAND FAIR,"4717 W Charleston Blvd, SUITE 140",Las Vegas,NV,,US,,1784001600,2026-07-14,79,2026-10-01,1784123256,2026-07-15,78,False,36.1583889,-115.205138,481079498840,id:260056526,store:00630,Shift Supervisor,onsite,"4717 W Charleston Blvd, SUITE 140, Las Vegas, Nevada, United States",1,NV,CONUS_L0_003_002,1
2026-10-01,260063439,https://apply.starbucks.com/careers/job/481080566158,"shift supervisor - Store# 09888, CRAIG & JONES, LAS VEGAS",SHIFT_SUPERVISOR,09888,"CRAIG & JONES, LAS VEGAS","6020 W. Craig Rd, Lowe's Marketplace Northwest, #110",Las Vegas,NV,,US,,1787803200,2026-08-27,35,2026-10-01,1787924922,2026-08-28,34,False,36.2394634,-115.2264767,481080566158,id:260063439,store:09888,Shift Supervisor,onsite,"6020 W. Craig Rd, Lowe's Marketplace Northwest, #110, Las Vegas, Nevada, United States",1,NV,CONUS_L0_003_002,1
2026-10-01,260063082,https://apply.starbucks.com/careers/job/481080565353,"barista - Store# 09888, CRAIG & JONES, LAS VEGAS",BARISTA,09888,"CRAIG & JONES, LAS VEGAS","6020 W. Craig Rd, Lowe's Marketplace Northwest, #110",Las Vegas,NV,,US,,1787803200,2026-08-27,35,2026-10-01,1787924638,2026-08-28,34,False,36.2394634,-115.2264767,481080565353,id:260063082,store:09888,Barista,onsite,"6020 W. Craig Rd, Lowe's Marketplace Northwest, #110, Las Vegas, Nevada, United States",1,NV,CONUS_L0_003_002,1
2026-10-01,260068995,https://apply.starbucks.com/careers/job/481080710423,"barista - Store# 27850, LAS VEGAS BOULEVARD AND 215",BARISTA,27850,LAS VEGAS BOULEVARD AND 215,7040 S. Las Vegas Blvd,Las Vegas,NV,,US,,1788408000,2026-09-03,28,2026-10-01,1788530209,2026-09-04,27,False,36.06215,-115.17194,481080710423,id:260068995,store:27850,Barista,onsite,"7040 S. Las Vegas Blvd, Las Vegas, Nevada, United States",1,NV,CONUS_L0_003_002,1
2026-10-01,260069116,https://apply.starbucks.com/careers/job/481080710814,"shift supervisor - Store# 27850, LAS VEGAS BOULEVARD AND 215",SHIFT_SUPERVISOR,27850,LAS VEGAS BOULEVARD AND 215,7040 S. Las Vegas Blvd,Las Vegas,NV,,US,,1788408000,2026-09-03,28,2026-10-01,1788530311,2026-09-04,27,False,36.06215,-115.17194,481080710814,id:260069116,store:27850,Shift Supervisor,onsite,"7040 S. Las Vegas Blvd, Las Vegas, Nevada, United States",1,NV,CONUS_L0_003_002,1
2026-10-01,260071061,https://apply.starbucks.com/careers/job/481080742268,"barista - Store# 22599, LAS VEGAS PREMIUM SOUTH",BARISTA,22599,LAS VEGAS PREMIUM SOUTH,7400 S. Las Vegas Blvd.,Las Vegas,NV,,US,,1788667200,2026-09-06,25,2026-10-01,1788788914,2026-09-07,24,False,36.05355,-115.16904,481080742268,id:260071061,store:22599,Barista,onsite,"7400 S. Las Vegas Blvd., Las Vegas, Nevada, United States",1,NV,CONUS_L0_003_002,1
2026-10-01,260067999,https://apply.starbucks.com/careers/job/481080699858,"shift supervisor - Store# 22599, LAS VEGAS PREMIUM SOUTH",SHIFT_SUPERVISOR,22599,LAS VEGAS PREMIUM SOUTH,7400 S. Las Vegas Blvd.,Las Vegas,NV,,US,,1788321600,2026-09-02,29,2026-10-01,1788456825,2026-09-03,28,False,36.05355,-115.16904,481080699858,id:260067999,store:22599,Shift Supervisor,onsite,"7400 S. Las Vegas Blvd., Las Vegas, Nevada, United States",1,NV,CONUS_L0_003_002,1
2026-10-01,260076295,https://apply.starbucks.com/careers/job/481080861741,"shift supervisor - Store# 05215, SAHARA AND DECATUR",SHIFT_SUPERVISOR,05215,SAHARA AND DECATUR,2530 S Decatur Blvd,Las Vegas,NV,,US,,1789444800,2026-09-15,16,2026-10-01,1789566747,2026-09-16,15,False,36.1440427,-115.2069327,481080861741,id:260076295,store:05215,Shift Supervisor,onsite,"2530 S Decatur Blvd, Las Vegas, Nevada, United States",1,NV,CONUS_L0_003_002,1
2026-10-01,260075778,https://apply.starbucks.com/careers/job/481080840583,"barista - Store# 68632, LAKE MEAD AND JONES",BARISTA,68632,LAKE MEAD AND JONES,"6110 W Lake Mead Blvd, 6110",Las Vegas,NV,,US,,1789358400,2026-09-14,17,2026-10-01,1789480035,2026-09-15,16,False,36.19604,-115.22427,481080840583,id:260075778,store:68632,Barista,onsite,"6110 W Lake Mead Blvd, 6110, Las Vegas, Nevada, United States",1,NV,CONUS_L0_003_002,1
2026-10-01,260061977,https://apply.starbucks.com/careers/job/481080429841,"shift supervisor - Store# 68632, LAKE MEAD AND JONES",SHIFT_SUPERVISOR,68632,LAKE MEAD AND JONES,"6110 W Lake Mead Blvd, 6110",Las Vegas,NV,,US,,1787457600,2026-08-23,39,2026-10-01,1787579303,2026-08-24,38,False,36.19604,-115.22427,481080429841,id:260061977,store:68632,Shift Supervisor,onsite,"6110 W Lake Mead Blvd, 6110, Las Vegas, Nevada, United States",1,NV,CONUS_L0_003_002,1
2026-10-01,260077160,https://apply.starbucks.com/careers/job/481080890684,"barista - Store# 02780, LAS VEGAS & WINDMILL",BARISTA,02780,LAS VEGAS & WINDMILL,"8164 S. Las Vegas Blvd., Las Vegas & Windmill Plaza, #100",Las Vegas,NV,,US,,1789617600,2026-09-17,14,2026-10-01,1789738914,2026-09-18,13,False,36.0423535,-115.1678485,481080890684,id:260077160,store:02780,Barista,onsite,"8164 S. Las Vegas Blvd., Las Vegas & Windmill Plaza, #100, Las Vegas, Nevada, United States",1,NV,CONUS_L0_003_002,1
2026-10-01,260077626,https://apply.starbucks.com/careers/job/481080891323,"shift supervisor - Store# 02780, LAS VEGAS & WINDMILL",SHIFT_SUPERVISOR,02780,LAS VEGAS & WINDMILL,"8164 S. Las Vegas Blvd., Las Vegas & Windmill Plaza, #100",Las Vegas,NV,,US,,1789617600,2026-09-17,14,2026-10-01,1789739318,2026-09-18,13,False,36.0423535,-115.1678485,481080891323,id:260077626,store:02780,Shift Supervisor,onsite,"8164 S. Las Vegas Blvd., Las Vegas & Windmill Plaza, #100, Las Vegas, Nevada, United States",1,NV,CONUS_L0_003_002,1
2026-10-01,260074635,https://apply.starbucks.com/careers/job/481080820322,"shift supervisor - Store# 02776, FLAMINGO & ARVILLE, LAS VEGAS",SHIFT_SUPERVISOR,02776,"FLAMINGO & ARVILLE, LAS VEGAS",4507 Flamingo Rd,Las Vegas,NV,,US,,1789272000,2026-09-13,18,2026-10-01,1789394230,2026-09-14,17,False,36.11504,-115.20214,481080820322,id:260074635,store:02776,Shift Supervisor,onsite,"4507 Flamingo Rd, Las Vegas, Nevada, United States",1,NV,CONUS_L0_003_002,1
2026-10-01,260072838,https://apply.starbucks.com/careers/job/481080796717,"barista - Store# 02776, FLAMINGO & ARVILLE, LAS VEGAS",BARISTA,02776,"FLAMINGO & ARVILLE, LAS VEGAS",4507 Flamingo Rd,Las Vegas,NV,,US,,1789012800,2026-09-10,21,2026-10-01,1789135396,2026-09-11,20,False,36.11504,-115.20214,481080796717,id:260072838,store:02776,Barista,onsite,"4507 Flamingo Rd, Las Vegas, Nevada, United States",1,NV,CONUS_L0_003_002,1
2026-10-01,260055665,https://apply.starbucks.com/careers/job/481079454473,"barista - Store# 58507, ST. ROSE PKWY & ST ROSE SQUARE",BARISTA,58507,ST. ROSE PKWY & ST ROSE SQUARE,3571 St. Rose Parkway,Henderson,NV,,US,,1783828800,2026-07-12,81,2026-10-01,1783950769,2026-07-13,80,False,35.98567,-115.14307,481079454473,id:260055665,store:58507,Barista,onsite,"3571 St. Rose Parkway, Henderson, Nevada, United States",1,NV,CONUS_L0_003_002,1
2026-10-01,260076070,https://apply.starbucks.com/careers/job/481080861354,"shift supervisor - Store# 58507, ST. ROSE PKWY & ST ROSE SQUARE",SHIFT_SUPERVISOR,58507,ST. ROSE PKWY & ST ROSE SQUARE,3571 St. Rose Parkway,Henderson,NV,,US,,1789444800,2026-09-15,16,2026-10-01,1789566551,2026-09-16,15,False,35.98567,-115.14307,481080861354,id:260076070,store:58507,Shift Supervisor,onsite,"3571 St. Rose Parkway, Henderson, Nevada, United States",1,NV,CONUS_L0_003_002,1
2026-10-01,260070543,https://apply.starbucks.com/careers/job/481080741605,"barista - Store# 68633, ANN & RIO VISTA",BARISTA,68633,ANN & RIO VISTA,6962 W. Ann Rd.,Las Vegas,NV,,US,,1788667200,2026-09-06,25,2026-10-01,1788788502,2026-09-07,24,False,36.26343,-115.24669,481080741605,id:260070543,store:68633,Barista,onsite,"6962 W. Ann Rd., Las Vegas, Nevada, United States",1,NV,CONUS_L0_003_002,1
2026-10-01,260075482,https://apply.starbucks.com/careers/job/481080821703,"shift supervisor - Store# 68633, ANN & RIO VISTA",SHIFT_SUPERVISOR,68633,ANN & RIO VISTA,6962 W. Ann Rd.,Las Vegas,NV,,US,,1789272000,2026-09-13,18,2026-10-01,1789394977,2026-09-14,17,False,36.26343,-115.24669,481080821703,id:260075482,store:68633,Shift Supervisor,onsite,"6962 W. Ann Rd., Las Vegas, Nevada, United States",1,NV,CONUS_L0_003_002,1
2026-10-01,260063227,https://apply.starbucks.com/careers/job/481080565741,"shift supervisor - Store# 10121, BICENTENNIAL & SUN CITY ANTHEM",SHIFT_SUPERVISOR,10121,BICENTENNIAL & SUN CITY ANTHEM,"2810 Bicentennial Parkway, Anthem Highlands Shopping Center, #100",Henderson,NV,,US,,1787803200,2026-08-27,35,2026-10-01,1787924753,2026-08-28,34,False,35.9424583,-115.116517,481080565741,id:260063227,store:10121,Shift Supervisor,onsite,"2810 Bicentennial Parkway, Anthem Highlands Shopping Center, #100, Henderson, Nevada, United States",1,NV,CONUS_L0_003_002,1
2026-10-01,260063651,https://apply.starbucks.com/careers/job/481080567371,"barista - Store# 10121, BICENTENNIAL & SUN CITY ANTHEM",BARISTA,10121,BICENTENNIAL & SUN CITY ANTHEM,"2810 Bicentennial Parkway, Anthem Highlands Shopping Center, #100",Henderson,NV,,US,,1787803200,2026-08-27,35,2026-10-01,1787925093,2026-08-28,34,False,35.9424583,-115.116517,481080567371,id:260063651,store:10121,Barista,onsite,"2810 Bicentennial Parkway, Anthem Highlands Shopping Center, #100, Henderson, Nevada, United States",1,NV,CONUS_L0_003_002,1
2026-10-01,260063135,https://apply.starbucks.com/careers/job/481080565433,"shift supervisor - Store# 09887, TENAYA & AZURE",SHIFT_SUPERVISOR,09887,TENAYA & AZURE,"7220 West Azure Drive, Tenaya Village Center, #110",Las Vegas,NV,,US,,1787803200,2026-08-27,35,2026-10-01,1787924680,2026-08-28,34,False,36.2738647,-115.2525576,481080565433,id:260063135,store:09887,Shift Supervisor,onsite,"7220 West Azure Drive, Tenaya Village Center, #110, Las Vegas, Nevada, United States",1,NV,CONUS_L0_003_002,1
2026-10-01,260063079,https://apply.starbucks.com/careers/job/481080565355,"barista - Store# 09887, TENAYA & AZURE",BARISTA,09887,TENAYA & AZURE,"7220 West Azure Drive, Tenaya Village Center, #110",Las Vegas,NV,,US,,1787803200,2026-08-27,35,2026-10-01,1787924636,2026-08-28,34,False,36.2738647,-115.2525576,481080565355,id:260063079,store:09887,Barista,onsite,"7220 West Azure Drive, Tenaya Village Center, #110, Las Vegas, Nevada, United States",1,NV,CONUS_L0_003_002,1
2026-10-01,260071213,https://apply.starbucks.com/careers/job/481080742530,"shift supervisor - Store# 67664, CHEYENNE AND RAINBOW",SHIFT_SUPERVISOR,67664,CHEYENNE AND RAINBOW,3131 N Rainbow Blvd,Las Vegas,NV,,US,,1788667200,2026-09-06,25,2026-10-01,1788789037,2026-09-07,24,False,36.21739609999999,-115.2426852,481080742530,id:260071213,store:67664,Shift Supervisor,onsite,"3131 N Rainbow Blvd, Las Vegas, Nevada, United States",1,NV,CONUS_L0_003_002,1
2026-10-01,260074642,https://apply.starbucks.com/careers/job/481080820320,"shift supervisor - Store# 05635, TROPICANA & DECATUR",SHIFT_SUPERVISOR,05635,TROPICANA & DECATUR,"4985 W. Tropicana Avenue, 100",Las Vegas,NV,,US,,1789272000,2026-09-13,18,2026-10-01,1789394235,2026-09-14,17,False,36.1004206,-115.2091326,481080820320,id:260074642,store:05635,Shift Supervisor,onsite,"4985 W. Tropicana Avenue, 100, Las Vegas, Nevada, United States",1,NV,CONUS_L0_003_002,1
2026-10-01,260074573,https://apply.starbucks.com/careers/job/481080820240,"barista - Store# 05635, TROPICANA & DECATUR",BARISTA,05635,TROPICANA & DECATUR,"4985 W. Tropicana Avenue, 100",Las Vegas,NV,,US,,1789272000,2026-09-13,18,2026-10-01,1789394177,2026-09-14,17,False,36.1004206,-115.2091326,481080820240,id:260074573,store:05635,Barista,onsite,"4985 W. Tropicana Avenue, 100, Las Vegas, Nevada, United States",1,NV,CONUS_L0_003_002,1
2026-10-01,260058463,https://apply.starbucks.com/careers/job/481079865517,"barista - Store# 06516, CRAIG & TENAYA",BARISTA,06516,CRAIG & TENAYA,"7101 West Craig Road, Craig Marketplace, 1",Las Vegas,NV,,US,,1785038400,2026-07-26,67,2026-10-01,1785159930,2026-07-27,66,False,36.2392136,-115.2502304,481079865517,id:260058463,store:06516,Barista,onsite,"7101 West Craig Road, Craig Marketplace, 1, Las Vegas, Nevada, United States",1,NV,CONUS_L0_003_002,1
2026-10-01,260080310,https://apply.starbucks.com/careers/job/481081059180,"shift supervisor - Store# 06516, CRAIG & TENAYA",SHIFT_SUPERVISOR,06516,CRAIG & TENAYA,"7101 West Craig Road, Craig Marketplace, 1",Las Vegas,NV,,US,,1790568000,2026-09-28,3,2026-10-01,1790689714,2026-09-29,2,False,36.2392136,-115.2502304,481081059180,id:260080310,store:06516,Shift Supervisor,onsite,"7101 West Craig Road, Craig Marketplace, 1, Las Vegas, Nevada, United States",1,NV,CONUS_L0_003_002,1
2026-10-01,260074862,https://apply.starbucks.com/careers/job/481080820784,"barista - Store# 05938, RAINBOW & SILVERSTREAM",BARISTA,05938,RAINBOW & SILVERSTREAM,"651 N. Rainbow Blvd., Rainbow Corporate Center, #110",Las Vegas,NV,,US,,1789272000,2026-09-13,18,2026-10-01,1789394429,2026-09-14,17,False,36.1793514,-115.2427356,481080820784,id:260074862,store:05938,Barista,onsite,"651 N. Rainbow Blvd., Rainbow Corporate Center, #110, Las Vegas, Nevada, United States",1,NV,CONUS_L0_003_002,1
2026-10-01,260074966,https://apply.starbucks.com/careers/job/481080820824,"shift supervisor - Store# 05938, RAINBOW & SILVERSTREAM",SHIFT_SUPERVISOR,05938,RAINBOW & SILVERSTREAM,"651 N. Rainbow Blvd., Rainbow Corporate Center, #110",Las Vegas,NV,,US,,1789272000,2026-09-13,18,2026-10-01,1789394525,2026-09-14,17,False,36.1793514,-115.2427356,481080820824,id:260074966,store:05938,Shift Supervisor,onsite,"651 N. Rainbow Blvd., Rainbow Corporate Center, #110, Las Vegas, Nevada, United States",1,NV,CONUS_L0_003_002,1
2026-10-01,260071075,https://apply.starbucks.com/careers/job/481080742294,"shift supervisor - Store# 68403, VIA INSPIRADA & BICENTENNIAL",SHIFT_SUPERVISOR,68403,VIA INSPIRADA & BICENTENNIAL,3251 Bicentennial Pkwy,Henderson,NV,,US,,1788667200,2026-09-06,25,2026-10-01,1788788926,2026-09-07,24,False,35.93964,-115.13081,481080742294,id:260071075,store:68403,Shift Supervisor,onsite,"3251 Bicentennial Pkwy, Henderson, Nevada, United States",1,NV,CONUS_L0_003_002,1
2026-10-01,260071199,https://apply.starbucks.com/careers/job/481080742508,"barista - Store# 68403, VIA INSPIRADA & BICENTENNIAL",BARISTA,68403,VIA INSPIRADA & BICENTENNIAL,3251 Bicentennial Pkwy,Henderson,NV,,US,,1788667200,2026-09-06,25,2026-10-01,1788789026,2026-09-07,24,False,35.93964,-115.13081,481080742508,id:260071199,store:68403,Barista,onsite,"3251 Bicentennial Pkwy, Henderson, Nevada, United States",1,NV,CONUS_L0_003_002,1
2026-10-01,260071314,https://apply.starbucks.com/careers/job/481080742678,"barista - Store# 63067, DECATUR & SUNSET",BARISTA,63067,DECATUR & SUNSET,6570 S DEcatur Blvd,Las Vegas,NV,,US,,1788667200,2026-09-06,25,2026-10-01,1788789118,2026-09-07,24,False,36.0703,-115.20713,481080742678,id:260071314,store:63067,Barista,onsite,"6570 S DEcatur Blvd, Las Vegas, Nevada, United States",1,NV,CONUS_L0_003_002,1
2026-10-01,260070993,https://apply.starbucks.com/careers/job/481080742243,"shift supervisor - Store# 63067, DECATUR & SUNSET",SHIFT_SUPERVISOR,63067,DECATUR & SUNSET,6570 S DEcatur Blvd,Las Vegas,NV,,US,,1788667200,2026-09-06,25,2026-10-01,1788788858,2026-09-07,24,False,36.0703,-115.20713,481080742243,id:260070993,store:63067,Shift Supervisor,onsite,"6570 S DEcatur Blvd, Las Vegas, Nevada, United States",1,NV,CONUS_L0_003_002,1
2026-10-01,260071830,https://apply.starbucks.com/careers/job/481080764686,"barista - Store# 77008, S RAINBOW & WESTCLIFF",BARISTA,77008,S RAINBOW & WESTCLIFF,110 S Rainbow Blvd,Las Vegas,NV,,US,,1788840000,2026-09-08,23,2026-10-01,1788961438,2026-09-09,22,False,36.17365,-115.24612,481080764686,id:260071830,store:77008,Barista,onsite,"110 S Rainbow Blvd, Las Vegas, Nevada, United States",1,NV,CONUS_L0_003_002,1
2026-10-01,260071755,https://apply.starbucks.com/careers/job/481080764581,"shift supervisor - Store# 77008, S RAINBOW & WESTCLIFF",SHIFT_SUPERVISOR,77008,S RAINBOW & WESTCLIFF,110 S Rainbow Blvd,Las Vegas,NV,,US,,1788840000,2026-09-08,23,2026-10-01,1788961378,2026-09-09,22,False,36.17365,-115.24612,481080764581,id:260071755,store:77008,Shift Supervisor,onsite,"110 S Rainbow Blvd, Las Vegas, Nevada, United States",1,NV,CONUS_L0_003_002,1
2026-10-01,260070544,https://apply.starbucks.com/careers/job/481080741613,"shift supervisor - Store# 68969, LAS VEGAS BLVD & CACTUS AVE",SHIFT_SUPERVISOR,68969,LAS VEGAS BLVD & CACTUS AVE,"10508 South Las Vegas Blvd, Suite 100",Las Vegas,NV,,US,,1788667200,2026-09-06,25,2026-10-01,1788788502,2026-09-07,24,False,35.99895,-115.17215,481080741613,id:260070544,store:68969,Shift Supervisor,onsite,"10508 South Las Vegas Blvd, Suite 100, Las Vegas, Nevada, United States",1,NV,CONUS_L0_003_002,1
2026-10-01,260070738,https://apply.starbucks.com/careers/job/481080741900,"barista - Store# 68969, LAS VEGAS BLVD & CACTUS AVE",BARISTA,68969,LAS VEGAS BLVD & CACTUS AVE,"10508 South Las Vegas Blvd, Suite 100",Las Vegas,NV,,US,,1788667200,2026-09-06,25,2026-10-01,1788788654,2026-09-07,24,False,35.99895,-115.17215,481080741900,id:260070738,store:68969,Barista,onsite,"10508 South Las Vegas Blvd, Suite 100, Las Vegas, Nevada, United States",1,NV,CONUS_L0_003_002,1
2026-10-01,260057269,https://apply.starbucks.com/careers/job/481079587658,"barista - Store# 06568, CENTENNIAL & US-95",BARISTA,06568,CENTENNIAL & US-95,"6381 Centennial Center Blvd., Centennial Centre",Las Vegas,NV,,US,,1784347200,2026-07-18,75,2026-10-01,1784468422,2026-07-19,74,False,36.27425,-115.26882,481079587658,id:260057269,store:06568,Barista,onsite,"6381 Centennial Center Blvd., Centennial Centre, Las Vegas, Nevada, United States",1,NV,CONUS_L0_003_002,1
2026-10-01,260076077,https://apply.starbucks.com/careers/job/481080861368,"shift supervisor - Store# 06568, CENTENNIAL & US-95",SHIFT_SUPERVISOR,06568,CENTENNIAL & US-95,"6381 Centennial Center Blvd., Centennial Centre",Las Vegas,NV,,US,,1789444800,2026-09-15,16,2026-10-01,1789566557,2026-09-16,15,False,36.27425,-115.26882,481080861368,id:260076077,store:06568,Shift Supervisor,onsite,"6381 Centennial Center Blvd., Centennial Centre, Las Vegas, Nevada, United States",1,NV,CONUS_L0_003_002,1
2026-10-01,260060388,https://apply.starbucks.com/careers/job/481080126036,"barista - Store# 08613, RAINBOW & OAKEY",BARISTA,08613,RAINBOW & OAKEY,"1772 S. Rainbow Blvd, Rainbow Express Village, #110",Las Vegas,NV,,US,,1786420800,2026-08-11,51,2026-10-01,1786542358,2026-08-12,50,False,36.1526193,-115.2424074,481080126036,id:260060388,store:08613,Barista,onsite,"1772 S. Rainbow Blvd, Rainbow Express Village, #110, Las Vegas, Nevada, United States",1,NV,CONUS_L0_003_002,1
2026-10-01,260077341,https://apply.starbucks.com/careers/job/481080890926,"shift supervisor - Store# 08613, RAINBOW & OAKEY",SHIFT_SUPERVISOR,08613,RAINBOW & OAKEY,"1772 S. Rainbow Blvd, Rainbow Express Village, #110",Las Vegas,NV,,US,,1789617600,2026-09-17,14,2026-10-01,1789739070,2026-09-18,13,False,36.1526193,-115.2424074,481080890926,id:260077341,store:08613,Shift Supervisor,onsite,"1772 S. Rainbow Blvd, Rainbow Express Village, #110, Las Vegas, Nevada, United States",1,NV,CONUS_L0_003_002,1
2026-10-01,260074602,https://apply.starbucks.com/careers/job/481080820267,"shift supervisor - Store# 05433, SUMMERHILL PLAZA",SHIFT_SUPERVISOR,05433,SUMMERHILL PLAZA,"7541 West Lake Mead Boulevard, Suite 300",Las Vegas,NV,,US,,1789272000,2026-09-13,18,2026-10-01,1789394201,2026-09-14,17,False,36.1956164,-115.2589161,481080820267,id:260074602,store:05433,Shift Supervisor,onsite,"7541 West Lake Mead Boulevard, Suite 300, Las Vegas, Nevada, United States",1,NV,CONUS_L0_003_002,1
2026-10-01,260078540,https://apply.starbucks.com/careers/job/481080936554,"barista - Store# 05433, SUMMERHILL PLAZA",BARISTA,05433,SUMMERHILL PLAZA,"7541 West Lake Mead Boulevard, Suite 300",Las Vegas,NV,,US,,1789876800,2026-09-20,11,2026-10-01,1789998357,2026-09-21,10,False,36.1956164,-115.2589161,481080936554,id:260078540,store:05433,Barista,onsite,"7541 West Lake Mead Boulevard, Suite 300, Las Vegas, Nevada, United States",1,NV,CONUS_L0_003_002,1
2026-10-01,260054742,https://apply.starbucks.com/careers/job/481079406145,"shift supervisor - Store# 05994, DURANGO & FARM, LAS VEGAS",SHIFT_SUPERVISOR,05994,"DURANGO & FARM, LAS VEGAS","8440 Farm Rd, Tule Springs Village",Las Vegas,NV,,US,,1783569600,2026-07-09,84,2026-10-01,1783691560,2026-07-10,83,False,36.2998315,-115.2803999,481079406145,id:260054742,store:05994,Shift Supervisor,onsite,"8440 Farm Rd, Tule Springs Village, Las Vegas, Nevada, United States",1,NV,CONUS_L0_003_002,1
2026-10-01,260070890,https://apply.starbucks.com/careers/job/481080742112,"barista - Store# 69402, CACTUS & DEAN MARTIN",BARISTA,69402,CACTUS & DEAN MARTIN,3377 W Cactus Ave,Las Vegas,NV,,US,,1788667200,2026-09-06,25,2026-10-01,1788788775,2026-09-07,24,False,35.99865,-115.18519,481080742112,id:260070890,store:69402,Barista,onsite,"3377 W Cactus Ave, Las Vegas, Nevada, United States",1,NV,CONUS_L0_003_002,1
2026-10-01,260077903,https://apply.starbucks.com/careers/job/481080922995,"shift supervisor - Store# 69402, CACTUS & DEAN MARTIN",SHIFT_SUPERVISOR,69402,CACTUS & DEAN MARTIN,3377 W Cactus Ave,Las Vegas,NV,,US,,1789790400,2026-09-19,12,2026-10-01,1789911577,2026-09-20,11,False,35.99865,-115.18519,481080922995,id:260077903,store:69402,Shift Supervisor,onsite,"3377 W Cactus Ave, Las Vegas, Nevada, United States",1,NV,CONUS_L0_003_002,1
2026-10-01,260061891,https://apply.starbucks.com/careers/job/481080429719,"shift supervisor - Store# 05687, FLAMINGO & RAINBOW",SHIFT_SUPERVISOR,05687,FLAMINGO & RAINBOW,"4110 S. Rainbow, #A",Las Vegas,NV,,US,,1787457600,2026-08-23,39,2026-10-01,1787579229,2026-08-24,38,False,36.1141871,-115.2424452,481080429719,id:260061891,store:05687,Shift Supervisor,onsite,"4110 S. Rainbow, #A, Las Vegas, Nevada, United States",1,NV,CONUS_L0_003_002,1
2026-10-01,260061774,https://apply.starbucks.com/careers/job/481080429536,"barista - Store# 05687, FLAMINGO & RAINBOW",BARISTA,05687,FLAMINGO & RAINBOW,"4110 S. Rainbow, #A",Las Vegas,NV,,US,,1787457600,2026-08-23,39,2026-10-01,1787579124,2026-08-24,38,False,36.1141871,-115.2424452,481080429536,id:260061774,store:05687,Barista,onsite,"4110 S. Rainbow, #A, Las Vegas, Nevada, United States",1,NV,CONUS_L0_003_002,1
2026-10-01,260069728,https://apply.starbucks.com/careers/job/481080730620,"barista - Store# 54975, BLUE DIAMOND & DECATUR",BARISTA,54975,BLUE DIAMOND & DECATUR,4915 Blue Diamond Rd,Las Vegas,NV,,US,,1788580800,2026-09-05,26,2026-10-01,1788702331,2026-09-06,25,False,36.03153,-115.2082,481080730620,id:260069728,store:54975,Barista,onsite,"4915 Blue Diamond Rd, Las Vegas, Nevada, United States",1,NV,CONUS_L0_003_002,1
2026-10-01,260070001,https://apply.starbucks.com/careers/job/481080730958,"shift supervisor - Store# 54975, BLUE DIAMOND & DECATUR",SHIFT_SUPERVISOR,54975,BLUE DIAMOND & DECATUR,4915 Blue Diamond Rd,Las Vegas,NV,,US,,1788580800,2026-09-05,26,2026-10-01,1788702547,2026-09-06,25,False,36.03153,-115.2082,481080730958,id:260070001,store:54975,Shift Supervisor,onsite,"4915 Blue Diamond Rd, Las Vegas, Nevada, United States",1,NV,CONUS_L0_003_002,1
2026-10-01,260064292,https://apply.starbucks.com/careers/job/481080612995,"shift supervisor - Store# 11735, JONES & BADURA, LAS VEGAS",SHIFT_SUPERVISOR,11735,"JONES & BADURA, LAS VEGAS",6080 W. Badura Avenue,Las Vegas,NV,,US,,1788062400,2026-08-30,32,2026-10-01,1788183695,2026-08-31,31,False,36.06272,-115.22431,481080612995,id:260064292,store:11735,Shift Supervisor,onsite,"6080 W. Badura Avenue, Las Vegas, Nevada, United States",1,NV,CONUS_L0_003_002,1
2026-10-01,260079958,https://apply.starbucks.com/careers/job/481081029475,"barista - Store# 11735, JONES & BADURA, LAS VEGAS",BARISTA,11735,"JONES & BADURA, LAS VEGAS",6080 W. Badura Avenue,Las Vegas,NV,,US,,1790481600,2026-09-27,4,2026-10-01,1790603343,2026-09-28,3,False,36.06272,-115.22431,481081029475,id:260079958,store:11735,Barista,onsite,"6080 W. Badura Avenue, Las Vegas, Nevada, United States",1,NV,CONUS_L0_003_002,1
2026-10-01,260080017,https://apply.starbucks.com/careers/job/481081029633,"barista - Store# 68622, FIRE STATION PLAZA",BARISTA,68622,FIRE STATION PLAZA,"11370 Southern Highlands Pkwy, 100",Las Vegas,NV,,US,,1790481600,2026-09-27,4,2026-10-01,1790603402,2026-09-28,3,False,35.98289,-115.1903,481081029633,id:260080017,store:68622,Barista,onsite,"11370 Southern Highlands Pkwy, 100, Las Vegas, Nevada, United States",1,NV,CONUS_L0_003_002,1
2026-10-01,260073822,https://apply.starbucks.com/careers/job/481080813362,"shift supervisor - Store# 68622, FIRE STATION PLAZA",SHIFT_SUPERVISOR,68622,FIRE STATION PLAZA,"11370 Southern Highlands Pkwy, 100",Las Vegas,NV,,US,,1789185600,2026-09-12,19,2026-10-01,1789307264,2026-09-13,18,False,35.98289,-115.1903,481080813362,id:260073822,store:68622,Shift Supervisor,onsite,"11370 Southern Highlands Pkwy, 100, Las Vegas, Nevada, United States",1,NV,CONUS_L0_003_002,1
2026-10-01,260060001,https://apply.starbucks.com/careers/job/481080079219,"barista - Store# 71483, RAINBOW AND QUAIL",BARISTA,71483,RAINBOW AND QUAIL,5860 S Rainbow Blvd,Las Vegas,NV,,US,,1786161600,2026-08-08,54,2026-10-01,1786283272,2026-08-09,53,False,36.0818798,-115.242754,481080079219,id:260060001,store:71483,Barista,onsite,"5860 S Rainbow Blvd, Las Vegas, Nevada, United States",1,NV,CONUS_L0_003_002,1
2026-10-01,260071582,https://apply.starbucks.com/careers/job/481080764355,"shift supervisor - Store# 71483, RAINBOW AND QUAIL",SHIFT_SUPERVISOR,71483,RAINBOW AND QUAIL,5860 S Rainbow Blvd,Las Vegas,NV,,US,,1788840000,2026-09-08,23,2026-10-01,1788961242,2026-09-09,22,False,36.0818798,-115.242754,481080764355,id:260071582,store:71483,Shift Supervisor,onsite,"5860 S Rainbow Blvd, Las Vegas, Nevada, United States",1,NV,CONUS_L0_003_002,1
2026-10-01,260069657,https://apply.starbucks.com/careers/job/481080730523,"barista - Store# 08718, RAMPART & LAKE MEAD",BARISTA,08718,RAMPART & LAKE MEAD,2120 N. Rampart,Las Vegas,NV,,US,,1788580800,2026-09-05,26,2026-10-01,1788702275,2026-09-06,25,False,36.19871,-115.28287,481080730523,id:260069657,store:08718,Barista,onsite,"2120 N. Rampart, Las Vegas, Nevada, United States",1,NV,CONUS_L0_003_002,1
2026-10-01,260059233,https://apply.starbucks.com/careers/job/481079980544,"shift supervisor - Store# 08718, RAMPART & LAKE MEAD",SHIFT_SUPERVISOR,08718,RAMPART & LAKE MEAD,2120 N. Rampart,Las Vegas,NV,,US,,1785643200,2026-08-02,60,2026-10-01,1785753120,2026-08-03,59,False,36.19871,-115.28287,481079980544,id:260059233,store:08718,Shift Supervisor,onsite,"2120 N. Rampart, Las Vegas, Nevada, United States",1,NV,CONUS_L0_003_002,1
2026-10-01,260063721,https://apply.starbucks.com/careers/job/481080567125,"shift supervisor - Store# 09497, RAINBOW & SUNSET",SHIFT_SUPERVISOR,09497,RAINBOW & SUNSET,"6365 S. Rainbow Blvd., #100",Las Vegas,NV,,US,,1787803200,2026-08-27,35,2026-10-01,1787925148,2026-08-28,34,False,36.0725247,-115.2429589,481080567125,id:260063721,store:09497,Shift Supervisor,onsite,"6365 S. Rainbow Blvd., #100, Las Vegas, Nevada, United States",1,NV,CONUS_L0_003_002,1
2026-10-01,260068287,https://apply.starbucks.com/careers/job/481080709228,"barista - Store# 09497, RAINBOW & SUNSET",BARISTA,09497,RAINBOW & SUNSET,"6365 S. Rainbow Blvd., #100",Las Vegas,NV,,US,,1788408000,2026-09-03,28,2026-10-01,1788529605,2026-09-04,27,False,36.0725247,-115.2429589,481080709228,id:260068287,store:09497,Barista,onsite,"6365 S. Rainbow Blvd., #100, Las Vegas, Nevada, United States",1,NV,CONUS_L0_003_002,1
2026-10-01,260077392,https://apply.starbucks.com/careers/job/481080890998,"shift supervisor - Store# 08631, CACTUS & SOUTHERN HIGHLANDS",SHIFT_SUPERVISOR,08631,CACTUS & SOUTHERN HIGHLANDS,"10520 Southern Highlands Pkwy, Southern Highlands, #100",Las Vegas,NV,,US,,1789617600,2026-09-17,14,2026-10-01,1789739114,2026-09-18,13,False,35.99813,-115.2064308,481080890998,id:260077392,store:08631,Shift Supervisor,onsite,"10520 Southern Highlands Pkwy, Southern Highlands, #100, Las Vegas, Nevada, United States",1,NV,CONUS_L0_003_002,1
2026-10-01,260055050,https://apply.starbucks.com/careers/job/481079436572,"barista - Store# 08631, CACTUS & SOUTHERN HIGHLANDS",BARISTA,08631,CACTUS & SOUTHERN HIGHLANDS,"10520 Southern Highlands Pkwy, Southern Highlands, #100",Las Vegas,NV,,US,,1783742400,2026-07-11,82,2026-10-01,1783863603,2026-07-12,81,False,35.99813,-115.2064308,481079436572,id:260055050,store:08631,Barista,onsite,"10520 Southern Highlands Pkwy, Southern Highlands, #100, Las Vegas, Nevada, United States",1,NV,CONUS_L0_003_002,1
2026-10-01,260070586,https://apply.starbucks.com/careers/job/481080741667,"shift supervisor - Store# 60161, I-95 & SKYE CANYON",SHIFT_SUPERVISOR,60161,I-95 & SKYE CANYON,"9650 W Skye Canyon Park Drive, Suite 110",Las Vegas,NV,,US,,1788667200,2026-09-06,25,2026-10-01,1788788535,2026-09-07,24,False,36.31477,-115.30633,481080741667,id:260070586,store:60161,Shift Supervisor,onsite,"9650 W Skye Canyon Park Drive, Suite 110, Las Vegas, Nevada, United States",1,NV,CONUS_L0_003_002,1
2026-10-01,260078454,https://apply.starbucks.com/careers/job/481080936397,"barista - Store# 60161, I-95 & SKYE CANYON",BARISTA,60161,I-95 & SKYE CANYON,"9650 W Skye Canyon Park Drive, Suite 110",Las Vegas,NV,,US,,1789876800,2026-09-20,11,2026-10-01,1789998284,2026-09-21,10,False,36.31477,-115.30633,481080936397,id:260078454,store:60161,Barista,onsite,"9650 W Skye Canyon Park Drive, Suite 110, Las Vegas, Nevada, United States",1,NV,CONUS_L0_003_002,1
2026-10-01,260063605,https://apply.starbucks.com/careers/job/481080567400,"shift supervisor - Store# 10043, RAINBOW & WARM SPRINGS",SHIFT_SUPERVISOR,10043,RAINBOW & WARM SPRINGS,"7260 S. Rainbow, Suite 100",Las Vegas,NV,,US,,1787803200,2026-08-27,35,2026-10-01,1787925056,2026-08-28,34,False,36.05682,-115.24227,481080567400,id:260063605,store:10043,Shift Supervisor,onsite,"7260 S. Rainbow, Suite 100, Las Vegas, Nevada, United States",1,NV,CONUS_L0_003_002,1
2026-10-01,260063505,https://apply.starbucks.com/careers/job/481080567109,"barista - Store# 10043, RAINBOW & WARM SPRINGS",BARISTA,10043,RAINBOW & WARM SPRINGS,"7260 S. Rainbow, Suite 100",Las Vegas,NV,,US,,1787803200,2026-08-27,35,2026-10-01,1787924976,2026-08-28,34,False,36.05682,-115.24227,481080567109,id:260063505,store:10043,Barista,onsite,"7260 S. Rainbow, Suite 100, Las Vegas, Nevada, United States",1,NV,CONUS_L0_003_002,1
2026-10-01,260056357,https://apply.starbucks.com/careers/job/481079498189,"barista - Store# 05230, SAHARA AND DURANGO",BARISTA,05230,SAHARA AND DURANGO,8575 W Sahara Ave,Las Vegas,NV,,US,,1784001600,2026-07-14,79,2026-10-01,1784123132,2026-07-15,78,False,36.1437886,-115.2779308,481079498189,id:260056357,store:05230,Barista,onsite,"8575 W Sahara Ave, Las Vegas, Nevada, United States",1,NV,CONUS_L0_003_002,1
2026-10-01,260076722,https://apply.starbucks.com/careers/job/481080862540,"shift supervisor - Store# 05230, SAHARA AND DURANGO",SHIFT_SUPERVISOR,05230,SAHARA AND DURANGO,8575 W Sahara Ave,Las Vegas,NV,,US,,1789444800,2026-09-15,16,2026-10-01,1789567116,2026-09-16,15,False,36.1437886,-115.2779308,481080862540,id:260076722,store:05230,Shift Supervisor,onsite,"8575 W Sahara Ave, Las Vegas, Nevada, United States",1,NV,CONUS_L0_003_002,1
2026-10-01,260077583,https://apply.starbucks.com/careers/job/481080891411,"shift supervisor - Store# 05790, CHARLESTON&RAMPART, LAS VEGAS",SHIFT_SUPERVISOR,05790,"CHARLESTON&RAMPART, LAS VEGAS","8780 West Charleston Blvd., Boca Park Marketplace, 105",Las Vegas,NV,,US,,1789617600,2026-09-17,14,2026-10-01,1789739280,2026-09-18,13,False,36.1595001,-115.2875205,481080891411,id:260077583,store:05790,Shift Supervisor,onsite,"8780 West Charleston Blvd., Boca Park Marketplace, 105, Las Vegas, Nevada, United States",1,NV,CONUS_L0_003_002,1
2026-10-01,260071413,https://apply.starbucks.com/careers/job/481080752112,"barista - Store# 05790, CHARLESTON&RAMPART, LAS VEGAS",BARISTA,05790,"CHARLESTON&RAMPART, LAS VEGAS","8780 West Charleston Blvd., Boca Park Marketplace, 105",Las Vegas,NV,,US,,1788753600,2026-09-07,24,2026-10-01,1788875050,2026-09-08,23,False,36.1595001,-115.2875205,481080752112,id:260071413,store:05790,Barista,onsite,"8780 West Charleston Blvd., Boca Park Marketplace, 105, Las Vegas, Nevada, United States",1,NV,CONUS_L0_003_002,1
2026-10-01,260070805,https://apply.starbucks.com/careers/job/481080742044,"shift supervisor - Store# 63065, TOWN CENTER DR & SUMMERLIN PKWY",SHIFT_SUPERVISOR,63065,TOWN CENTER DR & SUMMERLIN PKWY,1260 N Town Center Dr,Las Vegas,NV,,US,,1788667200,2026-09-06,25,2026-10-01,1788788707,2026-09-07,24,False,36.18379,-115.30868,481080742044,id:260070805,store:63065,Shift Supervisor,onsite,"1260 N Town Center Dr, Las Vegas, Nevada, United States",1,NV,CONUS_L0_003_002,1
2026-10-01,260079163,https://apply.starbucks.com/careers/job/481080965550,"barista - Store# 63065, TOWN CENTER DR & SUMMERLIN PKWY",BARISTA,63065,TOWN CENTER DR & SUMMERLIN PKWY,1260 N Town Center Dr,Las Vegas,NV,,US,,1790049600,2026-09-22,9,2026-10-01,1790171242,2026-09-23,8,False,36.18379,-115.30868,481080965550,id:260079163,store:63065,Barista,onsite,"1260 N Town Center Dr, Las Vegas, Nevada, United States",1,NV,CONUS_L0_003_002,1
2026-10-01,260065270,https://apply.starbucks.com/careers/job/481080677489,"shift supervisor - Store# 13260, CHEYENNE & SHADY TIMBER, LAS VEGAS",SHIFT_SUPERVISOR,13260,"CHEYENNE & SHADY TIMBER, LAS VEGAS",10430 W Cheyenne Ave,Las Vegas,NV,,US,,1788321600,2026-09-02,29,2026-10-01,1788356939,2026-09-02,29,False,36.21868,-115.32462,481080677489,id:260065270,store:13260,Shift Supervisor,onsite,"10430 W Cheyenne Ave, Las Vegas, Nevada, United States",1,NV,CONUS_L0_003_002,1
2026-10-01,260066792,https://apply.starbucks.com/careers/job/481080698312,"shift supervisor - Store# 13260, CHEYENNE & SHADY TIMBER, LAS VEGAS",SHIFT_SUPERVISOR,13260,"CHEYENNE & SHADY TIMBER, LAS VEGAS",10430 W Cheyenne Ave,Las Vegas,NV,,US,,1788321600,2026-09-02,29,2026-10-01,1788455685,2026-09-03,28,False,36.21868,-115.32462,481080698312,id:260066792,store:13260,Shift Supervisor,onsite,"10430 W Cheyenne Ave, Las Vegas, Nevada, United States",1,NV,CONUS_L0_003_002,1
2026-10-01,260068026,https://apply.starbucks.com/careers/job/481080699822,"barista - Store# 13260, CHEYENNE & SHADY TIMBER, LAS VEGAS",BARISTA,13260,"CHEYENNE & SHADY TIMBER, LAS VEGAS",10430 W Cheyenne Ave,Las Vegas,NV,,US,,1788321600,2026-09-02,29,2026-10-01,1788456851,2026-09-03,28,False,36.21868,-115.32462,481080699822,id:260068026,store:13260,Barista,onsite,"10430 W Cheyenne Ave, Las Vegas, Nevada, United States",1,NV,CONUS_L0_003_002,1
2026-10-01,260066504,https://apply.starbucks.com/careers/job/481080679642,"barista - Store# 13260, CHEYENNE & SHADY TIMBER, LAS VEGAS",BARISTA,13260,"CHEYENNE & SHADY TIMBER, LAS VEGAS",10430 W Cheyenne Ave,Las Vegas,NV,,US,,1788321600,2026-09-02,29,2026-10-01,1788358036,2026-09-02,29,False,36.21868,-115.32462,481080679642,id:260066504,store:13260,Barista,onsite,"10430 W Cheyenne Ave, Las Vegas, Nevada, United States",1,NV,CONUS_L0_003_002,1
2026-10-01,260066354,https://apply.starbucks.com/careers/job/481080679303,"shift supervisor - Store# 25811, S DURANGO AND W ARBY DR",SHIFT_SUPERVISOR,25811,S DURANGO AND W ARBY DR,7050 S. Durango Drive,Las Vegas,NV,,US,,1788321600,2026-09-02,29,2026-10-01,1788357902,2026-09-02,29,False,36.05948,-115.27877,481080679303,id:260066354,store:25811,Shift Supervisor,onsite,"7050 S. Durango Drive, Las Vegas, Nevada, United States",1,NV,CONUS_L0_003_002,1
2026-10-01,260078458,https://apply.starbucks.com/careers/job/481080936398,"barista - Store# 25811, S DURANGO AND W ARBY DR",BARISTA,25811,S DURANGO AND W ARBY DR,7050 S. Durango Drive,Las Vegas,NV,,US,,1789876800,2026-09-20,11,2026-10-01,1789998287,2026-09-21,10,False,36.05948,-115.27877,481080936398,id:260078458,store:25811,Barista,onsite,"7050 S. Durango Drive, Las Vegas, Nevada, United States",1,NV,CONUS_L0_003_002,1
2026-10-01,260053038,https://apply.starbucks.com/careers/job/481079230134,"shift supervisor - Store# 06917, TROPICANA & FT APACHE",SHIFT_SUPERVISOR,06917,TROPICANA & FT APACHE,"4916 S. Ft. Apache Road, Tropicana Beltway Center, #1A",Las Vegas,NV,,US,,1783137600,2026-07-04,89,2026-10-01,1783258814,2026-07-05,88,False,36.0963082,-115.295983,481079230134,id:260053038,store:06917,Shift Supervisor,onsite,"4916 S. Ft. Apache Road, Tropicana Beltway Center, #1A, Las Vegas, Nevada, United States",1,NV,CONUS_L0_003_002,1
2026-10-01,260058460,https://apply.starbucks.com/careers/job/481079865522,"barista - Store# 06917, TROPICANA & FT APACHE",BARISTA,06917,TROPICANA & FT APACHE,"4916 S. Ft. Apache Road, Tropicana Beltway Center, #1A",Las Vegas,NV,,US,,1785038400,2026-07-26,67,2026-10-01,1785159928,2026-07-27,66,False,36.0963082,-115.295983,481079865522,id:260058460,store:06917,Barista,onsite,"4916 S. Ft. Apache Road, Tropicana Beltway Center, #1A, Las Vegas, Nevada, United States",1,NV,CONUS_L0_003_002,1
2026-10-01,260070329,https://apply.starbucks.com/careers/job/481080731341,"shift supervisor - Store# 55033, BLUE DIAMOND RD & BUFFALO",SHIFT_SUPERVISOR,55033,BLUE DIAMOND RD & BUFFALO,"7855 Blue Diamond Rd, 101",Las Vegas,NV,,US,,1788580800,2026-09-05,26,2026-10-01,1788702805,2026-09-06,25,False,36.0195831,-115.2630079,481080731341,id:260070329,store:55033,Shift Supervisor,onsite,"7855 Blue Diamond Rd, 101, Las Vegas, Nevada, United States",1,NV,CONUS_L0_003_002,1
2026-10-01,260076323,https://apply.starbucks.com/careers/job/481080861769,"barista - Store# 55033, BLUE DIAMOND RD & BUFFALO",BARISTA,55033,BLUE DIAMOND RD & BUFFALO,"7855 Blue Diamond Rd, 101",Las Vegas,NV,,US,,1789444800,2026-09-15,16,2026-10-01,1789566772,2026-09-16,15,False,36.0195831,-115.2630079,481080861769,id:260076323,store:55033,Barista,onsite,"7855 Blue Diamond Rd, 101, Las Vegas, Nevada, United States",1,NV,CONUS_L0_003_002,1
2026-10-01,260063496,https://apply.starbucks.com/careers/job/481080567118,"shift supervisor - Store# 09919, FLAMINGO & I-215",SHIFT_SUPERVISOR,09919,FLAMINGO & I-215,"9701 W. Flamingo Road, #1",Las Vegas,NV,,US,,1787803200,2026-08-27,35,2026-10-01,1787924968,2026-08-28,34,False,36.1146448,-115.304432,481080567118,id:260063496,store:09919,Shift Supervisor,onsite,"9701 W. Flamingo Road, #1, Las Vegas, Nevada, United States",1,NV,CONUS_L0_003_002,1
2026-10-01,260072609,https://apply.starbucks.com/careers/job/481080796011,"barista - Store# 09919, FLAMINGO & I-215",BARISTA,09919,FLAMINGO & I-215,"9701 W. Flamingo Road, #1",Las Vegas,NV,,US,,1789012800,2026-09-10,21,2026-10-01,1789135196,2026-09-11,20,False,36.1146448,-115.304432,481080796011,id:260072609,store:09919,Barista,onsite,"9701 W. Flamingo Road, #1, Las Vegas, Nevada, United States",1,NV,CONUS_L0_003_002,1
2026-10-01,260053891,https://apply.starbucks.com/careers/job/481079404796,"barista - Store# 69806, DURANGO & ROBINDALE",BARISTA,69806,DURANGO & ROBINDALE,7670 S Durango Dr,Las Vegas,NV,,US,,1783569600,2026-07-09,84,2026-10-01,1783690954,2026-07-10,83,False,36.0490009,-115.278675,481079404796,id:260053891,store:69806,Barista,onsite,"7670 S Durango Dr, Las Vegas, Nevada, United States",1,NV,CONUS_L0_003_002,1
2026-10-01,260080655,https://apply.starbucks.com/careers/job/481081091796,"shift supervisor - Store# 69806, DURANGO & ROBINDALE",SHIFT_SUPERVISOR,69806,DURANGO & ROBINDALE,7670 S Durango Dr,Las Vegas,NV,,US,,1790740800,2026-09-30,1,2026-10-01,1790836134,2026-10-01,0,False,36.0490009,-115.278675,481081091796,id:260080655,store:69806,Shift Supervisor,onsite,"7670 S Durango Dr, Las Vegas, Nevada, United States",1,NV,CONUS_L0_003_002,1
2026-10-01,260074605,https://apply.starbucks.com/careers/job/481080820272,"shift supervisor - Store# 05874, CHARLESTON & TOWN CENTER DRIVE",SHIFT_SUPERVISOR,05874,CHARLESTON & TOWN CENTER DRIVE,"10260 W. Charleston Blvd., Centerpoint Plaza, #1",Las Vegas,NV,,US,,1789272000,2026-09-13,18,2026-10-01,1789394204,2026-09-14,17,False,36.1594251,-115.3193069,481080820272,id:260074605,store:05874,Shift Supervisor,onsite,"10260 W. Charleston Blvd., Centerpoint Plaza, #1, Las Vegas, Nevada, United States",1,NV,CONUS_L0_003_002,1
2026-10-01,260079587,https://apply.starbucks.com/careers/job/481080999037,"barista - Store# 05874, CHARLESTON & TOWN CENTER DRIVE",BARISTA,05874,CHARLESTON & TOWN CENTER DRIVE,"10260 W. Charleston Blvd., Centerpoint Plaza, #1",Las Vegas,NV,,US,,1790222400,2026-09-24,7,2026-10-01,1790344138,2026-09-25,6,False,36.1594251,-115.3193069,481080999037,id:260079587,store:05874,Barista,onsite,"10260 W. Charleston Blvd., Centerpoint Plaza, #1, Las Vegas, Nevada, United States",1,NV,CONUS_L0_003_002,1
2026-10-01,260071045,https://apply.starbucks.com/careers/job/481080742262,"shift supervisor - Store# 67453, RUSSELL ROAD AND 215",SHIFT_SUPERVISOR,67453,RUSSELL ROAD AND 215,9285 W. Russell Road,Las Vegas,NV,,US,,1788667200,2026-09-06,25,2026-10-01,1788788900,2026-09-07,24,False,36.08493,-115.29501,481080742262,id:260071045,store:67453,Shift Supervisor,onsite,"9285 W. Russell Road, Las Vegas, Nevada, United States",1,NV,CONUS_L0_003_002,1
2026-10-01,260070556,https://apply.starbucks.com/careers/job/481080741620,"barista - Store# 67453, RUSSELL ROAD AND 215",BARISTA,67453,RUSSELL ROAD AND 215,9285 W. Russell Road,Las Vegas,NV,,US,,1788667200,2026-09-06,25,2026-10-01,1788788511,2026-09-07,24,False,36.08493,-115.29501,481080741620,id:260070556,store:67453,Barista,onsite,"9285 W. Russell Road, Las Vegas, Nevada, United States",1,NV,CONUS_L0_003_002,1
2026-10-01,260063100,https://apply.starbucks.com/careers/job/481080565384,"shift supervisor - Store# 10242, HUALAPAI & DESERT INN",SHIFT_SUPERVISOR,10242,HUALAPAI & DESERT INN,"3370 S Hualapai Way, #H",Las Vegas,NV,,US,,1787803200,2026-08-27,35,2026-10-01,1787924651,2026-08-28,34,False,36.128492,-115.314659,481080565384,id:260063100,store:10242,Shift Supervisor,onsite,"3370 S Hualapai Way, #H, Las Vegas, Nevada, United States",1,NV,CONUS_L0_003_002,1
2026-10-01,260060123,https://apply.starbucks.com/careers/job/481080087889,"barista - Store# 10242, HUALAPAI & DESERT INN",BARISTA,10242,HUALAPAI & DESERT INN,"3370 S Hualapai Way, #H",Las Vegas,NV,,US,,1786248000,2026-08-09,53,2026-10-01,1786369563,2026-08-10,52,False,36.128492,-115.314659,481080087889,id:260060123,store:10242,Barista,onsite,"3370 S Hualapai Way, #H, Las Vegas, Nevada, United States",1,NV,CONUS_L0_003_002,1
2026-10-01,260063658,https://apply.starbucks.com/careers/job/481080567099,"shift supervisor - Store# 10394, FT. APACHE & PATRICK",SHIFT_SUPERVISOR,10394,FT. APACHE & PATRICK,"6105 S. Ft. Apache Rd., Lynden Square",Las Vegas,NV,,US,,1787803200,2026-08-27,35,2026-10-01,1787925098,2026-08-28,34,False,36.07736,-115.29799,481080567099,id:260063658,store:10394,Shift Supervisor,onsite,"6105 S. Ft. Apache Rd., Lynden Square, Las Vegas, Nevada, United States",1,NV,CONUS_L0_003_002,1
2026-10-01,260056276,https://apply.starbucks.com/careers/job/481079497996,"barista - Store# 10394, FT. APACHE & PATRICK",BARISTA,10394,FT. APACHE & PATRICK,"6105 S. Ft. Apache Rd., Lynden Square",Las Vegas,NV,,US,,1784001600,2026-07-14,79,2026-10-01,1784123072,2026-07-15,78,False,36.07736,-115.29799,481079497996,id:260056276,store:10394,Barista,onsite,"6105 S. Ft. Apache Rd., Lynden Square, Las Vegas, Nevada, United States",1,NV,CONUS_L0_003_002,1
2026-10-01,260064984,https://apply.starbucks.com/careers/job/481080658302,"barista - Store# 78767, TOWN CENTER & SAHARA",BARISTA,78767,TOWN CENTER & SAHARA,2305 S Town Center Dr,Las Vegas,NV,,US,,1788148800,2026-08-31,31,2026-10-01,1788270403,2026-09-01,30,False,36.145649,-115.3265613,481080658302,id:260064984,store:78767,Barista,onsite,"2305 S Town Center Dr, Las Vegas, Nevada, United States",1,NV,CONUS_L0_003_002,1
2026-10-01,260073748,https://apply.starbucks.com/careers/job/481080813187,"shift supervisor - Store# 78767, TOWN CENTER & SAHARA",SHIFT_SUPERVISOR,78767,TOWN CENTER & SAHARA,2305 S Town Center Dr,Las Vegas,NV,,US,,1789185600,2026-09-12,19,2026-10-01,1789307194,2026-09-13,18,False,36.145649,-115.3265613,481080813187,id:260073748,store:78767,Shift Supervisor,onsite,"2305 S Town Center Dr, Las Vegas, Nevada, United States",1,NV,CONUS_L0_003_002,1
2026-10-01,260069261,https://apply.starbucks.com/careers/job/481080730068,"barista - Store# 56049, HWY 160 AND WILSON - PAHRUMP",BARISTA,56049,HWY 160 AND WILSON - PAHRUMP,460 S Nevada Hwy 160,Pahrump,NV,,US,,1788580800,2026-09-05,26,2026-10-01,1788701955,2026-09-06,25,False,36.21309,-115.99159,481080730068,id:260069261,store:56049,Barista,onsite,"460 S Nevada Hwy 160, Pahrump, Nevada, United States",1,NV,CONUS_L0_003_002;CONUS_L1_010_006,2
2026-10-01,260070136,https://apply.starbucks.com/careers/job/481080731097,"shift supervisor - Store# 56049, HWY 160 AND WILSON - PAHRUMP",SHIFT_SUPERVISOR,56049,HWY 160 AND WILSON - PAHRUMP,460 S Nevada Hwy 160,Pahrump,NV,,US,,1788580800,2026-09-05,26,2026-10-01,1788702653,2026-09-06,25,False,36.21309,-115.99159,481080731097,id:260070136,store:56049,Shift Supervisor,onsite,"460 S Nevada Hwy 160, Pahrump, Nevada, United States",1,NV,CONUS_L0_003_002;CONUS_L1_010_006,2
2026-10-01,260059606,https://apply.starbucks.com/careers/job/481080017611,"barista - Store# 87094, US 395 & RED ROCK",BARISTA,87094,US 395 & RED ROCK,224 Silver Lake Rd,Reno,NV,,US,,1785816000,2026-08-04,58,2026-10-01,1785937703,2026-08-05,57,False,39.627608,-119.916351,481080017611,id:260059606,store:87094,Barista,onsite,"224 Silver Lake Rd, Reno, Nevada, United States",1,NV,CONUS_L0_004_001;CONUS_L0_004_002;CONUS_L1_012_004;CONUS_L1_013_003,4
2026-10-01,260059531,https://apply.starbucks.com/careers/job/481080000929,"shift supervisor - Store# 87094, US 395 & RED ROCK",SHIFT_SUPERVISOR,87094,US 395 & RED ROCK,224 Silver Lake Rd,Reno,NV,,US,,1785729600,2026-08-03,59,2026-10-01,1785851179,2026-08-04,58,False,39.627608,-119.916351,481080000929,id:260059531,store:87094,Shift Supervisor,onsite,"224 Silver Lake Rd, Reno, Nevada, United States",1,NV,CONUS_L0_004_001;CONUS_L0_004_002;CONUS_L1_012_004;CONUS_L1_013_003,4
2026-10-01,260060363,https://apply.starbucks.com/careers/job/481080126001,"barista - Store# 09767, BUCK & LEMMON - RENO",BARISTA,09767,BUCK & LEMMON - RENO,"290 Lemon Drive, North Valleys Shopping Center, 103",Reno,NV,,US,,1786420800,2026-08-11,51,2026-10-01,1786542338,2026-08-12,50,False,39.613683,-119.8487098,481080126001,id:260060363,store:09767,Barista,onsite,"290 Lemon Drive, North Valleys Shopping Center, 103, Reno, Nevada, United States",1,NV,CONUS_L0_004_001;CONUS_L0_004_002;CONUS_L1_012_004;CONUS_L1_013_003,4
2026-10-01,260063262,https://apply.starbucks.com/careers/job/481080565828,"shift supervisor - Store# 09767, BUCK & LEMMON - RENO",SHIFT_SUPERVISOR,09767,BUCK & LEMMON - RENO,"290 Lemon Drive, North Valleys Shopping Center, 103",Reno,NV,,US,,1787803200,2026-08-27,35,2026-10-01,1787924782,2026-08-28,34,False,39.613683,-119.8487098,481080565828,id:260063262,store:09767,Shift Supervisor,onsite,"290 Lemon Drive, North Valleys Shopping Center, 103, Reno, Nevada, United States",1,NV,CONUS_L0_004_001;CONUS_L0_004_002;CONUS_L1_012_004;CONUS_L1_013_003,4
2026-10-01,260058051,https://apply.starbucks.com/careers/job/481079849228,"shift supervisor - Store# 29714, ROBB AND SHARLANDS - RENO",SHIFT_SUPERVISOR,29714,ROBB AND SHARLANDS - RENO,986 Ambassador Dr,Reno,NV,,US,,1784952000,2026-07-25,68,2026-10-01,1785073339,2026-07-26,67,False,39.5183557,-119.8875307,481079849228,id:260058051,store:29714,Shift Supervisor,onsite,"986 Ambassador Dr, Reno, Nevada, United States",1,NV,CONUS_L0_004_001;CONUS_L0_004_002;CONUS_L1_012_004;CONUS_L1_013_003,4
2026-10-01,260058324,https://apply.starbucks.com/careers/job/481079849916,"barista - Store# 05811, NORTH MCCARRAN",BARISTA,05811,NORTH MCCARRAN,"10190 N McCarran Blvd, Peavine Plaza",Reno,NV,,US,,1784952000,2026-07-25,68,2026-10-01,1785073565,2026-07-26,67,False,39.5277357,-119.8623595,481079849916,id:260058324,store:05811,Barista,onsite,"10190 N McCarran Blvd, Peavine Plaza, Reno, Nevada, United States",1,NV,CONUS_L0_004_001;CONUS_L0_004_002;CONUS_L1_012_004;CONUS_L1_013_003,4
2026-10-01,260074600,https://apply.starbucks.com/careers/job/481080820269,"shift supervisor - Store# 05811, NORTH MCCARRAN",SHIFT_SUPERVISOR,05811,NORTH MCCARRAN,"10190 N McCarran Blvd, Peavine Plaza",Reno,NV,,US,,1789272000,2026-09-13,18,2026-10-01,1789394199,2026-09-14,17,False,39.5277357,-119.8623595,481080820269,id:260074600,store:05811,Shift Supervisor,onsite,"10190 N McCarran Blvd, Peavine Plaza, Reno, Nevada, United States",1,NV,CONUS_L0_004_001;CONUS_L0_004_002;CONUS_L1_012_004;CONUS_L1_013_003,4
2026-10-01,260075691,https://apply.starbucks.com/careers/job/481080840419,"barista - Store# 09482, 7TH & KEYSTONE - RENO",BARISTA,09482,7TH & KEYSTONE - RENO,690 Keystone Ave,Reno,NV,,US,,1789358400,2026-09-14,17,2026-10-01,1789479959,2026-09-15,16,False,39.5306204,-119.830961,481080840419,id:260075691,store:09482,Barista,onsite,"690 Keystone Ave, Reno, Nevada, United States",1,NV,CONUS_L0_004_001;CONUS_L0_004_002;CONUS_L1_012_004;CONUS_L1_013_003,4
2026-10-01,260063641,https://apply.starbucks.com/careers/job/481080567331,"shift supervisor - Store# 09482, 7TH & KEYSTONE - RENO",SHIFT_SUPERVISOR,09482,7TH & KEYSTONE - RENO,690 Keystone Ave,Reno,NV,,US,,1787803200,2026-08-27,35,2026-10-01,1787925085,2026-08-28,34,False,39.5306204,-119.830961,481080567331,id:260063641,store:09482,Shift Supervisor,onsite,"690 Keystone Ave, Reno, Nevada, United States",1,NV,CONUS_L0_004_001;CONUS_L0_004_002;CONUS_L1_012_004;CONUS_L1_013_003,4
2026-10-01,260060597,https://apply.starbucks.com/careers/job/481080162912,"barista - Store# 54516, VIRGINIA & 15TH - UNR",BARISTA,54516,VIRGINIA & 15TH - UNR,"1664 N Virginia St, 192C",Reno,NV,,US,,1786593600,2026-08-13,49,2026-10-01,1786715119,2026-08-14,48,False,39.544296,-119.81599,481080162912,id:260060597,store:54516,Barista,onsite,"1664 N Virginia St, 192C, Reno, Nevada, United States",1,NV,CONUS_L0_004_001;CONUS_L0_004_002;CONUS_L1_012_004;CONUS_L1_013_003,4
2026-10-01,260053445,https://apply.starbucks.com/careers/job/481079320265,"shift supervisor - Store# 54516, VIRGINIA & 15TH - UNR",SHIFT_SUPERVISOR,54516,VIRGINIA & 15TH - UNR,"1664 N Virginia St, 192C",Reno,NV,,US,,1783310400,2026-07-06,87,2026-10-01,1783432083,2026-07-07,86,False,39.544296,-119.81599,481079320265,id:260053445,store:54516,Shift Supervisor,onsite,"1664 N Virginia St, 192C, Reno, Nevada, United States",1,NV,CONUS_L0_004_001;CONUS_L0_004_002;CONUS_L1_012_004;CONUS_L1_013_003,4
2026-10-01,260061920,https://apply.starbucks.com/careers/job/481080429757,"shift supervisor - Store# 09843, 5TH & NEVADA",SHIFT_SUPERVISOR,09843,5TH & NEVADA,"895 W 5th St, 5th Street PavillionSuite 101",Reno,NV,,US,,1787457600,2026-08-23,39,2026-10-01,1787579255,2026-08-24,38,False,39.5287735,-119.828346,481080429757,id:260061920,store:09843,Shift Supervisor,onsite,"895 W 5th St, 5th Street PavillionSuite 101, Reno, Nevada, United States",1,NV,CONUS_L0_004_001;CONUS_L0_004_002;CONUS_L1_012_004;CONUS_L1_013_003,4
2026-10-01,260078501,https://apply.starbucks.com/careers/job/481080936455,"barista - Store# 09843, 5TH & NEVADA",BARISTA,09843,5TH & NEVADA,"895 W 5th St, 5th Street PavillionSuite 101",Reno,NV,,US,,1789876800,2026-09-20,11,2026-10-01,1789998323,2026-09-21,10,False,39.5287735,-119.828346,481080936455,id:260078501,store:09843,Barista,onsite,"895 W 5th St, 5th Street PavillionSuite 101, Reno, Nevada, United States",1,NV,CONUS_L0_004_001;CONUS_L0_004_002;CONUS_L1_012_004;CONUS_L1_013_003,4
2026-10-01,260078655,https://apply.starbucks.com/careers/job/481080949589,"barista - Store# 87491, KEYSTONE AVE & BOOTH ST",BARISTA,87491,KEYSTONE AVE & BOOTH ST,392 Booth St,Reno,NV,,US,,1789963200,2026-09-21,10,2026-10-01,1790084430,2026-09-22,9,False,39.5171473,-119.8264497,481080949589,id:260078655,store:87491,Barista,onsite,"392 Booth St, Reno, Nevada, United States",1,NV,CONUS_L0_004_001;CONUS_L0_004_002;CONUS_L1_012_004;CONUS_L1_013_003,4
2026-10-01,260073491,https://apply.starbucks.com/careers/job/481080812800,"shift supervisor - Store# 87491, KEYSTONE AVE & BOOTH ST",SHIFT_SUPERVISOR,87491,KEYSTONE AVE & BOOTH ST,392 Booth St,Reno,NV,,US,,1789185600,2026-09-12,19,2026-10-01,1789306950,2026-09-13,18,False,39.5171473,-119.8264497,481080812800,id:260073491,store:87491,Shift Supervisor,onsite,"392 Booth St, Reno, Nevada, United States",1,NV,CONUS_L0_004_001;CONUS_L0_004_002;CONUS_L1_012_004;CONUS_L1_013_003,4
2026-10-01,260057805,https://apply.starbucks.com/careers/job/481079649287,"barista - Store# 06527, CAUGHLIN PARKWAY & MCCARRAN",BARISTA,06527,CAUGHLIN PARKWAY & MCCARRAN,"4798 Caughlin Pkwy, Caughlin Ranch Center",Reno,NV,,US,,1784606400,2026-07-21,72,2026-10-01,1784727981,2026-07-22,71,False,39.4835523,-119.8537028,481079649287,id:260057805,store:06527,Barista,onsite,"4798 Caughlin Pkwy, Caughlin Ranch Center, Reno, Nevada, United States",1,NV,CONUS_L0_004_001;CONUS_L0_004_002;CONUS_L1_012_004;CONUS_L1_013_003,4
2026-10-01,260076519,https://apply.starbucks.com/careers/job/481080862039,"shift supervisor - Store# 06527, CAUGHLIN PARKWAY & MCCARRAN",SHIFT_SUPERVISOR,06527,CAUGHLIN PARKWAY & MCCARRAN,"4798 Caughlin Pkwy, Caughlin Ranch Center",Reno,NV,,US,,1789444800,2026-09-15,16,2026-10-01,1789566940,2026-09-16,15,False,39.4835523,-119.8537028,481080862039,id:260076519,store:06527,Shift Supervisor,onsite,"4798 Caughlin Pkwy, Caughlin Ranch Center, Reno, Nevada, United States",1,NV,CONUS_L0_004_001;CONUS_L0_004_002;CONUS_L1_012_004;CONUS_L1_013_003,4
2026-10-01,260063629,https://apply.starbucks.com/careers/job/481080567676,"shift supervisor - Store# 10207, NORTHTOWNE & MCCARRAN",SHIFT_SUPERVISOR,10207,NORTHTOWNE & MCCARRAN,"2905 Northtowne Lane, Northtown Home Depot, 100",Reno,NV,,US,,1787803200,2026-08-27,35,2026-10-01,1787925076,2026-08-28,34,False,39.5571203,-119.7826597,481080567676,id:260063629,store:10207,Shift Supervisor,onsite,"2905 Northtowne Lane, Northtown Home Depot, 100, Reno, Nevada, United States",1,NV,CONUS_L0_004_001;CONUS_L0_004_002;CONUS_L1_012_004;CONUS_L1_013_003,4
2026-10-01,260059404,https://apply.starbucks.com/careers/job/481079983046,"barista - Store# 10207, NORTHTOWNE & MCCARRAN",BARISTA,10207,NORTHTOWNE & MCCARRAN,"2905 Northtowne Lane, Northtown Home Depot, 100",Reno,NV,,US,,1785643200,2026-08-02,60,2026-10-01,1785764604,2026-08-03,59,False,39.5571203,-119.7826597,481079983046,id:260059404,store:10207,Barista,onsite,"2905 Northtowne Lane, Northtown Home Depot, 100, Reno, Nevada, United States",1,NV,CONUS_L0_004_001;CONUS_L0_004_002;CONUS_L1_012_004;CONUS_L1_013_003,4
2026-10-01,260056959,https://apply.starbucks.com/careers/job/481079556044,"barista - Store# 50825, EAGLE CANYON & PYRAMID",BARISTA,50825,EAGLE CANYON & PYRAMID,"9725 Pyramid Hwy, Building 3",Sparks,NV,,US,,1784174400,2026-07-16,77,2026-10-01,1784295797,2026-07-17,76,False,39.64053,-119.71103,481079556044,id:260056959,store:50825,Barista,onsite,"9725 Pyramid Hwy, Building 3, Sparks, Nevada, United States",1,NV,CONUS_L0_004_001;CONUS_L0_004_002;CONUS_L1_012_004;CONUS_L1_013_003;CONUS_L1_013_004,5
2026-10-01,260057427,https://apply.starbucks.com/careers/job/481079604782,"shift supervisor - Store# 50825, EAGLE CANYON & PYRAMID",SHIFT_SUPERVISOR,50825,EAGLE CANYON & PYRAMID,"9725 Pyramid Hwy, Building 3",Sparks,NV,,US,,1784433600,2026-07-19,74,2026-10-01,1784554754,2026-07-20,73,False,39.64053,-119.71103,481079604782,id:260057427,store:50825,Shift Supervisor,onsite,"9725 Pyramid Hwy, Building 3, Sparks, Nevada, United States",1,NV,CONUS_L0_004_001;CONUS_L0_004_002;CONUS_L1_012_004;CONUS_L1_013_003;CONUS_L1_013_004,5
2026-10-01,260062268,https://apply.starbucks.com/careers/job/481080460513,"barista - Store# 08766, S. VIRGINA & CALIFORNIA",BARISTA,08766,S. VIRGINA & CALIFORNIA,330 S. Virginia Street,Reno,NV,,US,,1787544000,2026-08-24,38,2026-10-01,1787665443,2026-08-25,37,False,39.52239,-119.81131,481080460513,id:260062268,store:08766,Barista,onsite,"330 S. Virginia Street, Reno, Nevada, United States",1,NV,CONUS_L0_004_001;CONUS_L0_004_002;CONUS_L1_012_004;CONUS_L1_013_003,4
2026-10-01,260077204,https://apply.starbucks.com/careers/job/481080890738,"shift supervisor - Store# 08766, S. VIRGINA & CALIFORNIA",SHIFT_SUPERVISOR,08766,S. VIRGINA & CALIFORNIA,330 S. Virginia Street,Reno,NV,,US,,1789617600,2026-09-17,14,2026-10-01,1789738952,2026-09-18,13,False,39.52239,-119.81131,481080890738,id:260077204,store:08766,Shift Supervisor,onsite,"330 S. Virginia Street, Reno, Nevada, United States",1,NV,CONUS_L0_004_001;CONUS_L0_004_002;CONUS_L1_012_004;CONUS_L1_013_003,4
2026-10-01,260067247,https://apply.starbucks.com/careers/job/481080699008,"shift supervisor - Store# 81330, ODDIE BLVD - RENO",SHIFT_SUPERVISOR,81330,ODDIE BLVD - RENO,1929 Silverada Blvd,Reno,NV,,US,,1788321600,2026-09-02,29,2026-10-01,1788456118,2026-09-03,28,False,39.5478068,-119.7835014,481080699008,id:260067247,store:81330,Shift Supervisor,onsite,"1929 Silverada Blvd, Reno, Nevada, United States",1,NV,CONUS_L0_004_001;CONUS_L0_004_002;CONUS_L1_012_004;CONUS_L1_013_003,4
2026-10-01,260053864,https://apply.starbucks.com/careers/job/481079404526,"barista - Store# 81330, ODDIE BLVD - RENO",BARISTA,81330,ODDIE BLVD - RENO,1929 Silverada Blvd,Reno,NV,,US,,1783569600,2026-07-09,84,2026-10-01,1783690935,2026-07-10,83,False,39.5478068,-119.7835014,481079404526,id:260053864,store:81330,Barista,onsite,"1929 Silverada Blvd, Reno, Nevada, United States",1,NV,CONUS_L0_004_001;CONUS_L0_004_002;CONUS_L1_012_004;CONUS_L1_013_003,4
2026-10-01,260079569,https://apply.starbucks.com/careers/job/481080999135,"shift supervisor - Store# 06786, PLUMB & ARLINGTON",SHIFT_SUPERVISOR,06786,PLUMB & ARLINGTON,"550 West Plumb Lane, Plumbgate Plaza, I",Reno,NV,,US,,1790222400,2026-09-24,7,2026-10-01,1790344122,2026-09-25,6,False,39.5052248,-119.8168271,481080999135,id:260079569,store:06786,Shift Supervisor,onsite,"550 West Plumb Lane, Plumbgate Plaza, I, Reno, Nevada, United States",1,NV,CONUS_L0_004_001;CONUS_L0_004_002;CONUS_L1_012_004;CONUS_L1_013_003,4
2026-10-01,260080003,https://apply.starbucks.com/careers/job/481081029580,"barista - Store# 06786, PLUMB & ARLINGTON",BARISTA,06786,PLUMB & ARLINGTON,"550 West Plumb Lane, Plumbgate Plaza, I",Reno,NV,,US,,1790481600,2026-09-27,4,2026-10-01,1790603387,2026-09-28,3,False,39.5052248,-119.8168271,481081029580,id:260080003,store:06786,Barista,onsite,"550 West Plumb Lane, Plumbgate Plaza, I, Reno, Nevada, United States",1,NV,CONUS_L0_004_001;CONUS_L0_004_002;CONUS_L1_012_004;CONUS_L1_013_003,4
2026-10-01,260064628,https://apply.starbucks.com/careers/job/481080613712,"shift supervisor - Store# 13768, Los Altos Parkway",SHIFT_SUPERVISOR,13768,Los Altos Parkway,"282 Los Altos Parkway, Spanish Springs Shopping Center, 106",Sparks,NV,,US,,1788062400,2026-08-30,32,2026-10-01,1788183972,2026-08-31,31,False,39.5838802,-119.7403435,481080613712,id:260064628,store:13768,Shift Supervisor,onsite,"282 Los Altos Parkway, Spanish Springs Shopping Center, 106, Sparks, Nevada, United States",1,NV,CONUS_L0_004_001;CONUS_L0_004_002;CONUS_L1_012_004;CONUS_L1_013_003,4
2026-10-01,260058267,https://apply.starbucks.com/careers/job/481079849797,"barista - Store# 13768, Los Altos Parkway",BARISTA,13768,Los Altos Parkway,"282 Los Altos Parkway, Spanish Springs Shopping Center, 106",Sparks,NV,,US,,1784952000,2026-07-25,68,2026-10-01,1785073519,2026-07-26,67,False,39.5838802,-119.7403435,481079849797,id:260058267,store:13768,Barista,onsite,"282 Los Altos Parkway, Spanish Springs Shopping Center, 106, Sparks, Nevada, United States",1,NV,CONUS_L0_004_001;CONUS_L0_004_002;CONUS_L1_012_004;CONUS_L1_013_003,4
2026-10-01,260062934,https://apply.starbucks.com/careers/job/481080532560,"barista - Store# 78992, MILL & KIETZKE - RENO",BARISTA,78992,MILL & KIETZKE - RENO,1640 Mill St,Reno,NV,,US,,1787716800,2026-08-26,36,2026-10-01,1787838326,2026-08-27,35,False,39.52223,-119.79081,481080532560,id:260062934,store:78992,Barista,onsite,"1640 Mill St, Reno, Nevada, United States",1,NV,CONUS_L0_004_001;CONUS_L0_004_002;CONUS_L1_012_004;CONUS_L1_013_003,4
2026-10-01,260073178,https://apply.starbucks.com/careers/job/481080797996,"shift supervisor - Store# 78992, MILL & KIETZKE - RENO",SHIFT_SUPERVISOR,78992,MILL & KIETZKE - RENO,1640 Mill St,Reno,NV,,US,,1789012800,2026-09-10,21,2026-10-01,1789135681,2026-09-11,20,False,39.52223,-119.79081,481080797996,id:260073178,store:78992,Shift Supervisor,onsite,"1640 Mill St, Reno, Nevada, United States",1,NV,CONUS_L0_004_001;CONUS_L0_004_002;CONUS_L1_012_004;CONUS_L1_013_003,4
2026-10-01,260063213,https://apply.starbucks.com/careers/job/481080565713,"barista - Store# 10839, Disc Drive",BARISTA,10839,Disc Drive,"171 Disc Dr, Sparks Galleria",Sparks,NV,,US,,1787803200,2026-08-27,35,2026-10-01,1787924742,2026-08-28,34,False,39.57621,-119.74026,481080565713,id:260063213,store:10839,Barista,onsite,"171 Disc Dr, Sparks Galleria, Sparks, Nevada, United States",1,NV,CONUS_L0_004_001;CONUS_L0_004_002;CONUS_L1_012_004;CONUS_L1_013_003,4
2026-10-01,260066847,https://apply.starbucks.com/careers/job/481080698412,"shift supervisor - Store# 10839, Disc Drive",SHIFT_SUPERVISOR,10839,Disc Drive,"171 Disc Dr, Sparks Galleria",Sparks,NV,,US,,1788321600,2026-09-02,29,2026-10-01,1788455738,2026-09-03,28,False,39.57621,-119.74026,481080698412,id:260066847,store:10839,Shift Supervisor,onsite,"171 Disc Dr, Sparks Galleria, Sparks, Nevada, United States",1,NV,CONUS_L0_004_001;CONUS_L0_004_002;CONUS_L1_012_004;CONUS_L1_013_003,4
2026-10-01,260074682,https://apply.starbucks.com/careers/job/481080820403,"shift supervisor - Store# 05477, Pyramid and McCarran",SHIFT_SUPERVISOR,05477,Pyramid and McCarran,"2835 N. McCarran Blvd, #103",Sparks,NV,,US,,1789272000,2026-09-13,18,2026-10-01,1789394271,2026-09-14,17,False,39.5553337,-119.7529363,481080820403,id:260074682,store:05477,Shift Supervisor,onsite,"2835 N. McCarran Blvd, #103, Sparks, Nevada, United States",1,NV,CONUS_L0_004_001;CONUS_L0_004_002;CONUS_L1_012_004;CONUS_L1_013_003,4
2026-10-01,260075054,https://apply.starbucks.com/careers/job/481080820986,"barista - Store# 05477, Pyramid and McCarran",BARISTA,05477,Pyramid and McCarran,"2835 N. McCarran Blvd, #103",Sparks,NV,,US,,1789272000,2026-09-13,18,2026-10-01,1789394602,2026-09-14,17,False,39.5553337,-119.7529363,481080820986,id:260075054,store:05477,Barista,onsite,"2835 N. McCarran Blvd, #103, Sparks, Nevada, United States",1,NV,CONUS_L0_004_001;CONUS_L0_004_002;CONUS_L1_012_004;CONUS_L1_013_003,4
2026-10-01,260054726,https://apply.starbucks.com/careers/job/481079406251,"shift supervisor - Store# 22921, PIONEER MEADOWS MARKETPLACE",SHIFT_SUPERVISOR,22921,PIONEER MEADOWS MARKETPLACE,"2453 Wingfield Hills Rd, Shops C",Sparks,NV,,US,,1783569600,2026-07-09,84,2026-10-01,1783691548,2026-07-10,83,False,39.6080016,-119.6971276,481079406251,id:260054726,store:22921,Shift Supervisor,onsite,"2453 Wingfield Hills Rd, Shops C, Sparks, Nevada, United States",1,NV,CONUS_L0_004_001;CONUS_L0_004_002;CONUS_L1_012_004;CONUS_L1_013_003;CONUS_L1_013_004,5
2026-10-01,260076801,https://apply.starbucks.com/careers/job/481080862723,"shift supervisor - Store# 06665, MCCARRAN & LAKESIDE",SHIFT_SUPERVISOR,06665,MCCARRAN & LAKESIDE,"6890 South McCarran Boulevard, Magnolia Village, 100",Reno,NV,,US,,1789444800,2026-09-15,16,2026-10-01,1789567186,2026-09-16,15,False,39.4763897,-119.8064043,481080862723,id:260076801,store:06665,Shift Supervisor,onsite,"6890 South McCarran Boulevard, Magnolia Village, 100, Reno, Nevada, United States",1,NV,CONUS_L0_004_001;CONUS_L0_004_002;CONUS_L1_012_004;CONUS_L1_013_003,4
2026-10-01,260055260,https://apply.starbucks.com/careers/job/481079453773,"barista - Store# 06665, MCCARRAN & LAKESIDE",BARISTA,06665,MCCARRAN & LAKESIDE,"6890 South McCarran Boulevard, Magnolia Village, 100",Reno,NV,,US,,1783828800,2026-07-12,81,2026-10-01,1783950455,2026-07-13,80,False,39.4763897,-119.8064043,481079453773,id:260055260,store:06665,Barista,onsite,"6890 South McCarran Boulevard, Magnolia Village, 100, Reno, Nevada, United States",1,NV,CONUS_L0_004_001;CONUS_L0_004_002;CONUS_L1_012_004;CONUS_L1_013_003,4
2026-10-01,260058614,https://apply.starbucks.com/careers/job/481079907022,"barista - Store# 05537, Firecreek Crossing",BARISTA,05537,Firecreek Crossing,"4801 Kietzke Lane, Firecreek Crossing",Reno,NV,,US,,1785124800,2026-07-27,66,2026-10-01,1785246133,2026-07-28,65,False,39.4806123,-119.7938772,481079907022,id:260058614,store:05537,Barista,onsite,"4801 Kietzke Lane, Firecreek Crossing, Reno, Nevada, United States",1,NV,CONUS_L0_004_001;CONUS_L0_004_002;CONUS_L1_012_004;CONUS_L1_013_003,4
2026-10-01,260061300,https://apply.starbucks.com/careers/job/481080264839,"shift supervisor - Store# 05537, Firecreek Crossing",SHIFT_SUPERVISOR,05537,Firecreek Crossing,"4801 Kietzke Lane, Firecreek Crossing",Reno,NV,,US,,1787025600,2026-08-18,44,2026-10-01,1787146952,2026-08-19,43,False,39.4806123,-119.7938772,481080264839,id:260061300,store:05537,Shift Supervisor,onsite,"4801 Kietzke Lane, Firecreek Crossing, Reno, Nevada, United States",1,NV,CONUS_L0_004_001;CONUS_L0_004_002;CONUS_L1_012_004;CONUS_L1_013_003,4
2026-10-01,260077328,https://apply.starbucks.com/careers/job/481080890915,"barista - Store# 52501, Prater & McCarran Blvd",BARISTA,52501,Prater & McCarran Blvd,683 N McCarran Blvd,Sparks,NV,,US,,1789617600,2026-09-17,14,2026-10-01,1789739059,2026-09-18,13,False,39.54031,-119.73423,481080890915,id:260077328,store:52501,Barista,onsite,"683 N McCarran Blvd, Sparks, Nevada, United States",1,NV,CONUS_L0_004_001;CONUS_L0_004_002;CONUS_L1_012_004;CONUS_L1_013_003,4
2026-10-01,260069456,https://apply.starbucks.com/careers/job/481080730293,"barista - Store# 11364, MOUNTAIN CITY HWY & ASPEN - ELKO",BARISTA,11364,MOUNTAIN CITY HWY & ASPEN - ELKO,"1744 Mountain City Hwy, Smith's Shopping Center",Elko,NV,,US,,1788580800,2026-09-05,26,2026-10-01,1788702116,2026-09-06,25,False,40.8343,-115.78638,481080730293,id:260069456,store:11364,Barista,onsite,"1744 Mountain City Hwy, Smith's Shopping Center, Elko, Nevada, United States",1,NV,CONUS_L0_004_002,1
2026-10-01,260067633,https://apply.starbucks.com/careers/job/481080699434,"shift supervisor - Store# 11364, MOUNTAIN CITY HWY & ASPEN - ELKO",SHIFT_SUPERVISOR,11364,MOUNTAIN CITY HWY & ASPEN - ELKO,"1744 Mountain City Hwy, Smith's Shopping Center",Elko,NV,,US,,1788321600,2026-09-02,29,2026-10-01,1788456481,2026-09-03,28,False,40.8343,-115.78638,481080699434,id:260067633,store:11364,Shift Supervisor,onsite,"1744 Mountain City Hwy, Smith's Shopping Center, Elko, Nevada, United States",1,NV,CONUS_L0_004_002,1
2026-10-01,260053514,https://apply.starbucks.com/careers/job/481079332049,"store manager, Elko, Nevada",STORE_MANAGER,,,,Elko,NV,,US,,1787166560,2026-08-19,43,2026-10-01,1783467053,2026-07-07,86,True,40.8324211,-115.7631232,481079332049,id:260053514,,Coffeehouse Leader,onsite,"Elko, Nevada, United States",1,NV,CONUS_L0_004_002,1
2026-10-01,260053738,https://apply.starbucks.com/careers/job/481079385362,"shift supervisor - Store# 14530, CHISHOLM CROSSING - FERNLEY",SHIFT_SUPERVISOR,14530,CHISHOLM CROSSING - FERNLEY,"1201 Penny Lane, Chisholm Crossing, 180",Fernley,NV,,US,,1783483200,2026-07-08,85,2026-10-01,1783604554,2026-07-09,84,False,39.6063889,-119.2229077,481079385362,id:260053738,store:14530,Shift Supervisor,onsite,"1201 Penny Lane, Chisholm Crossing, 180, Fernley, Nevada, United States",1,NV,CONUS_L0_004_002;CONUS_L1_012_004;CONUS_L1_013_004,3
2026-10-01,260076569,https://apply.starbucks.com/careers/job/481080862237,"barista - Store# 14530, CHISHOLM CROSSING - FERNLEY",BARISTA,14530,CHISHOLM CROSSING - FERNLEY,"1201 Penny Lane, Chisholm Crossing, 180",Fernley,NV,,US,,1789444800,2026-09-15,16,2026-10-01,1789566983,2026-09-16,15,False,39.6063889,-119.2229077,481080862237,id:260076569,store:14530,Barista,onsite,"1201 Penny Lane, Chisholm Crossing, 180, Fernley, Nevada, United States",1,NV,CONUS_L0_004_002;CONUS_L1_012_004;CONUS_L1_013_004,3
2026-10-01,260077720,https://apply.starbucks.com/careers/job/481080891526,"shift supervisor - Store# 06701, Sparks Blvd",SHIFT_SUPERVISOR,06701,Sparks Blvd,"745 Sparks Blvd., Marina Marketplace, 101",Sparks,NV,,US,,1789617600,2026-09-17,14,2026-10-01,1789739397,2026-09-18,13,False,39.5410286,-119.7161118,481080891526,id:260077720,store:06701,Shift Supervisor,onsite,"745 Sparks Blvd., Marina Marketplace, 101, Sparks, Nevada, United States",1,NV,CONUS_L0_004_002;CONUS_L1_012_004;CONUS_L1_013_003,3
2026-10-01,260077007,https://apply.starbucks.com/careers/job/481080875299,"barista - Store# 06701, Sparks Blvd",BARISTA,06701,Sparks Blvd,"745 Sparks Blvd., Marina Marketplace, 101",Sparks,NV,,US,,1789531200,2026-09-16,15,2026-10-01,1789652647,2026-09-17,14,False,39.5410286,-119.7161118,481080875299,id:260077007,store:06701,Barista,onsite,"745 Sparks Blvd., Marina Marketplace, 101, Sparks, Nevada, United States",1,NV,CONUS_L0_004_002;CONUS_L1_012_004;CONUS_L1_013_003,3
2026-10-01,260059144,https://apply.starbucks.com/careers/job/481079980441,"barista - Store# 10913, GREG AND MCCARRAN",BARISTA,10913,GREG AND MCCARRAN,"1560 S. Stanford Way, Suite A",Sparks,NV,,US,,1785643200,2026-08-02,60,2026-10-01,1785753044,2026-08-03,59,False,39.52065,-119.74072,481079980441,id:260059144,store:10913,Barista,onsite,"1560 S. Stanford Way, Suite A, Sparks, Nevada, United States",1,NV,CONUS_L0_004_002;CONUS_L1_012_004;CONUS_L1_013_003,3
2026-10-01,260066295,https://apply.starbucks.com/careers/job/481080679160,"shift supervisor - Store# 10913, GREG AND MCCARRAN",SHIFT_SUPERVISOR,10913,GREG AND MCCARRAN,"1560 S. Stanford Way, Suite A",Sparks,NV,,US,,1788321600,2026-09-02,29,2026-10-01,1788357849,2026-09-02,29,False,39.52065,-119.74072,481080679160,id:260066295,store:10913,Shift Supervisor,onsite,"1560 S. Stanford Way, Suite A, Sparks, Nevada, United States",1,NV,CONUS_L0_004_002;CONUS_L1_012_004;CONUS_L1_013_003,3
2026-10-01,260076103,https://apply.starbucks.com/careers/job/481080861404,"barista - Store# 13629, LONGLEY & MCCARRAN - RENO",BARISTA,13629,LONGLEY & MCCARRAN - RENO,"5280 Longley Ln, Longley Town Centre",Reno,NV,,US,,1789444800,2026-09-15,16,2026-10-01,1789566581,2026-09-16,15,False,39.47362,-119.76481,481080861404,id:260076103,store:13629,Barista,onsite,"5280 Longley Ln, Longley Town Centre, Reno, Nevada, United States",1,NV,CONUS_L0_004_002;CONUS_L1_012_004,2
2026-10-01,260062576,https://apply.starbucks.com/careers/job/481080494666,"shift supervisor - Store# 13629, LONGLEY & MCCARRAN - RENO",SHIFT_SUPERVISOR,13629,LONGLEY & MCCARRAN - RENO,"5280 Longley Ln, Longley Town Centre",Reno,NV,,US,,1787630400,2026-08-25,37,2026-10-01,1787752331,2026-08-26,36,False,39.47362,-119.76481,481080494666,id:260062576,store:13629,Shift Supervisor,onsite,"5280 Longley Ln, Longley Town Centre, Reno, Nevada, United States",1,NV,CONUS_L0_004_002;CONUS_L1_012_004,2
2026-10-01,260057583,https://apply.starbucks.com/careers/job/481079627221,"barista - Store# 87092, PROTOTYPE DRIVE & DOUBLE R",BARISTA,87092,PROTOTYPE DRIVE & DOUBLE R,9343 Double R Blvd,Reno,NV,,US,,1784520000,2026-07-20,73,2026-10-01,1784642435,2026-07-21,72,False,39.450224,-119.758412,481079627221,id:260057583,store:87092,Barista,onsite,"9343 Double R Blvd, Reno, Nevada, United States",1,NV,CONUS_L0_004_002;CONUS_L1_012_004,2
2026-10-01,260080700,https://apply.starbucks.com/careers/job/481081091846,"shift supervisor - Store# 87092, PROTOTYPE DRIVE & DOUBLE R",SHIFT_SUPERVISOR,87092,PROTOTYPE DRIVE & DOUBLE R,9343 Double R Blvd,Reno,NV,,US,,1790740800,2026-09-30,1,2026-10-01,1790836172,2026-10-01,0,False,39.450224,-119.758412,481081091846,id:260080700,store:87092,Shift Supervisor,onsite,"9343 Double R Blvd, Reno, Nevada, United States",1,NV,CONUS_L0_004_002;CONUS_L1_012_004,2
2026-10-01,260070893,https://apply.starbucks.com/careers/job/481080742011,"shift supervisor - Store# 65965, PATRIOT AND S.VIRGINIA",SHIFT_SUPERVISOR,65965,PATRIOT AND S.VIRGINIA,8115 S Virginia St,Reno,NV,,US,,1788667200,2026-09-06,25,2026-10-01,1788788778,2026-09-07,24,False,39.45357,-119.77813,481080742011,id:260070893,store:65965,Shift Supervisor,onsite,"8115 S Virginia St, Reno, Nevada, United States",1,NV,CONUS_L0_004_002;CONUS_L1_012_004,2
2026-10-01,260078421,https://apply.starbucks.com/careers/job/481080936319,"barista - Store# 08768, DOUBLE R BLVD AND S. MEADOWS PKWY",BARISTA,08768,DOUBLE R BLVD AND S. MEADOWS PKWY,"557 S Meadows Pkwy, The Village at Double Diamond",Reno,NV,,US,,1789876800,2026-09-20,11,2026-10-01,1789998257,2026-09-21,10,False,39.4385526,-119.7599758,481080936319,id:260078421,store:08768,Barista,onsite,"557 S Meadows Pkwy, The Village at Double Diamond, Reno, Nevada, United States",1,NV,CONUS_L0_004_002;CONUS_L1_012_004,2
2026-10-01,260074360,https://apply.starbucks.com/careers/job/481080814262,"shift supervisor - Store# 11193, DAMONTE RANCH TOWN CENTER",SHIFT_SUPERVISOR,11193,DAMONTE RANCH TOWN CENTER,"1131 Steamboat Pkwy, Damonte Ranch Town Center, Ste 840",Reno,NV,,US,,1789185600,2026-09-12,19,2026-10-01,1789307764,2026-09-13,18,False,39.4232989,-119.7382638,481080814262,id:260074360,store:11193,Shift Supervisor,onsite,"1131 Steamboat Pkwy, Damonte Ranch Town Center, Ste 840, Reno, Nevada, United States",1,NV,CONUS_L0_004_002;CONUS_L1_012_004,2
2026-10-01,260070423,https://apply.starbucks.com/careers/job/481080741452,"barista - Store# 11193, DAMONTE RANCH TOWN CENTER",BARISTA,11193,DAMONTE RANCH TOWN CENTER,"1131 Steamboat Pkwy, Damonte Ranch Town Center, Ste 840",Reno,NV,,US,,1788667200,2026-09-06,25,2026-10-01,1788788406,2026-09-07,24,False,39.4232989,-119.7382638,481080741452,id:260070423,store:11193,Barista,onsite,"1131 Steamboat Pkwy, Damonte Ranch Town Center, Ste 840, Reno, Nevada, United States",1,NV,CONUS_L0_004_002;CONUS_L1_012_004,2
2026-10-01,260059240,https://apply.starbucks.com/careers/job/481079980549,"barista - Store# 85116, HWY 580 & S. MEADOWS PKWY",BARISTA,85116,HWY 580 & S. MEADOWS PKWY,470 S Meadows Pkwy,Reno,NV,,US,,1785643200,2026-08-02,60,2026-10-01,1785753126,2026-08-03,59,False,39.4379967,-119.7632499,481079980549,id:260059240,store:85116,Barista,onsite,"470 S Meadows Pkwy, Reno, Nevada, United States",1,NV,CONUS_L0_004_002;CONUS_L1_012_004,2
2026-10-01,260072753,https://apply.starbucks.com/careers/job/481080796291,"shift supervisor - Store# 85116, HWY 580 & S. MEADOWS PKWY",SHIFT_SUPERVISOR,85116,HWY 580 & S. MEADOWS PKWY,470 S Meadows Pkwy,Reno,NV,,US,,1789012800,2026-09-10,21,2026-10-01,1789135325,2026-09-11,20,False,39.4379967,-119.7632499,481080796291,id:260072753,store:85116,Shift Supervisor,onsite,"470 S Meadows Pkwy, Reno, Nevada, United States",1,NV,CONUS_L0_004_002;CONUS_L1_012_004,2
2026-10-01,260076484,https://apply.starbucks.com/careers/job/481080862055,"shift supervisor - Store# 06680, DAMONTE RANCH & VIRGINIA",SHIFT_SUPERVISOR,06680,DAMONTE RANCH & VIRGINIA,"191 Damonte Ranch Parkway, SouthTowne Crossing, A",Reno,NV,,US,,1789444800,2026-09-15,16,2026-10-01,1789566909,2026-09-16,15,False,39.4223867,-119.7563614,481080862055,id:260076484,store:06680,Shift Supervisor,onsite,"191 Damonte Ranch Parkway, SouthTowne Crossing, A, Reno, Nevada, United States",1,NV,CONUS_L0_004_002;CONUS_L1_012_004,2
2026-10-01,260077012,https://apply.starbucks.com/careers/job/481080875293,"barista - Store# 06680, DAMONTE RANCH & VIRGINIA",BARISTA,06680,DAMONTE RANCH & VIRGINIA,"191 Damonte Ranch Parkway, SouthTowne Crossing, A",Reno,NV,,US,,1789531200,2026-09-16,15,2026-10-01,1789652652,2026-09-17,14,False,39.4223867,-119.7563614,481080875293,id:260077012,store:06680,Barista,onsite,"191 Damonte Ranch Parkway, SouthTowne Crossing, A, Reno, Nevada, United States",1,NV,CONUS_L0_004_002;CONUS_L1_012_004,2
2026-10-01,260072048,https://apply.starbucks.com/careers/job/481080765066,"shift supervisor - Store# 09886, SUMMIT AT SIERRA BLVD",SHIFT_SUPERVISOR,09886,SUMMIT AT SIERRA BLVD,"13961 S Virginia St, Ste 400",Reno,NV,,US,,1788840000,2026-09-08,23,2026-10-01,1788961618,2026-09-09,22,False,39.4053458,-119.7487106,481080765066,id:260072048,store:09886,Shift Supervisor,onsite,"13961 S Virginia St, Ste 400, Reno, Nevada, United States",1,NV,CONUS_L0_004_002;CONUS_L1_012_004,2
2026-10-01,260070466,https://apply.starbucks.com/careers/job/481080741502,"barista - Store# 09886, SUMMIT AT SIERRA BLVD",BARISTA,09886,SUMMIT AT SIERRA BLVD,"13961 S Virginia St, Ste 400",Reno,NV,,US,,1788667200,2026-09-06,25,2026-10-01,1788788440,2026-09-07,24,False,39.4053458,-119.7487106,481080741502,id:260070466,store:09886,Barista,onsite,"13961 S Virginia St, Ste 400, Reno, Nevada, United States",1,NV,CONUS_L0_004_002;CONUS_L1_012_004,2
2026-10-01,260062814,https://apply.starbucks.com/careers/job/481080495090,"shift supervisor - Store# 05355, GALENA JUNCTION",SHIFT_SUPERVISOR,05355,GALENA JUNCTION,"18250 Wedge Pkwy, Galena Junction",Reno,NV,,US,,1787630400,2026-08-25,37,2026-10-01,1787752519,2026-08-26,36,False,39.394811,-119.765788,481080495090,id:260062814,store:05355,Shift Supervisor,onsite,"18250 Wedge Pkwy, Galena Junction, Reno, Nevada, United States",1,NV,CONUS_L0_004_002;CONUS_L1_012_004,2
2026-10-01,260078724,https://apply.starbucks.com/careers/job/481080949739,"barista - Store# 09920, PINE CONE RD & HWY 50",BARISTA,09920,PINE CONE RD & HWY 50,"12 Pine Cone Rd, Dayton Valley Smiths Shopping Center",Dayton,NV,,US,,1789963200,2026-09-21,10,2026-10-01,1790084492,2026-09-22,9,False,39.26257,-119.58214,481080949739,id:260078724,store:09920,Barista,onsite,"12 Pine Cone Rd, Dayton Valley Smiths Shopping Center, Dayton, Nevada, United States",1,NV,CONUS_L0_004_002;CONUS_L1_012_004,2
2026-10-01,260063200,https://apply.starbucks.com/careers/job/481080565677,"shift supervisor - Store# 09920, PINE CONE RD & HWY 50",SHIFT_SUPERVISOR,09920,PINE CONE RD & HWY 50,"12 Pine Cone Rd, Dayton Valley Smiths Shopping Center",Dayton,NV,,US,,1787803200,2026-08-27,35,2026-10-01,1787924732,2026-08-28,34,False,39.26257,-119.58214,481080565677,id:260063200,store:09920,Shift Supervisor,onsite,"12 Pine Cone Rd, Dayton Valley Smiths Shopping Center, Dayton, Nevada, United States",1,NV,CONUS_L0_004_002;CONUS_L1_012_004,2
2026-10-01,260065913,https://apply.starbucks.com/careers/job/481080678461,"shift supervisor - Store# 11274, NORTH CARSON CROSSING",SHIFT_SUPERVISOR,11274,NORTH CARSON CROSSING,"3325 Retail Dr, North Carson Crossing, 100",Carson City,NV,,US,,1788321600,2026-09-02,29,2026-10-01,1788357506,2026-09-02,29,False,39.1884378,-119.757955,481080678461,id:260065913,store:11274,Shift Supervisor,onsite,"3325 Retail Dr, North Carson Crossing, 100, Carson City, Nevada, United States",1,NV,CONUS_L0_004_002;CONUS_L1_012_004,2
2026-10-01,260073783,https://apply.starbucks.com/careers/job/481080813220,"barista - Store# 11274, NORTH CARSON CROSSING",BARISTA,11274,NORTH CARSON CROSSING,"3325 Retail Dr, North Carson Crossing, 100",Carson City,NV,,US,,1789185600,2026-09-12,19,2026-10-01,1789307227,2026-09-13,18,False,39.1884378,-119.757955,481080813220,id:260073783,store:11274,Barista,onsite,"3325 Retail Dr, North Carson Crossing, 100, Carson City, Nevada, United States",1,NV,CONUS_L0_004_002;CONUS_L1_012_004,2
2026-10-01,260058378,https://apply.starbucks.com/careers/job/481079849952,"barista - Store# 05827, 3228 N CARSON",BARISTA,05827,3228 N CARSON,"3228 N Carson, Ste 15",Carson City,NV,,US,,1784952000,2026-07-25,68,2026-10-01,1785073609,2026-07-26,67,False,39.1876769,-119.7724178,481079849952,id:260058378,store:05827,Barista,onsite,"3228 N Carson, Ste 15, Carson City, Nevada, United States",1,NV,CONUS_L0_004_002;CONUS_L1_012_004,2
2026-10-01,260079794,https://apply.starbucks.com/careers/job/481081018866,"shift supervisor - Store# 05827, 3228 N CARSON",SHIFT_SUPERVISOR,05827,3228 N CARSON,"3228 N Carson, Ste 15",Carson City,NV,,US,,1790395200,2026-09-26,5,2026-10-01,1790516501,2026-09-27,4,False,39.1876769,-119.7724178,481081018866,id:260079794,store:05827,Shift Supervisor,onsite,"3228 N Carson, Ste 15, Carson City, Nevada, United States",1,NV,CONUS_L0_004_002;CONUS_L1_012_004,2
2026-10-01,260056917,https://apply.starbucks.com/careers/job/481079556004,"barista - Store# 13204, WILLIAMS & STATE - CARSON CITY",BARISTA,13204,WILLIAMS & STATE - CARSON CITY,"1410 William St, Mills Park Centre",Carson City,NV,,US,,1784174400,2026-07-16,77,2026-10-01,1784295763,2026-07-17,76,False,39.17185,-119.75277,481079556004,id:260056917,store:13204,Barista,onsite,"1410 William St, Mills Park Centre, Carson City, Nevada, United States",1,NV,CONUS_L0_004_002;CONUS_L1_012_004,2
2026-10-01,260071442,https://apply.starbucks.com/careers/job/481080752151,"barista - Store# 09481, SOUTH CARSON ST & RHODES ST",BARISTA,09481,SOUTH CARSON ST & RHODES ST,"2320 S. Carson Street, Carson Quail Park, 1",Carson City,NV,,US,,1788753600,2026-09-07,24,2026-10-01,1788875079,2026-09-08,23,False,39.1459684,-119.7685905,481080752151,id:260071442,store:09481,Barista,onsite,"2320 S. Carson Street, Carson Quail Park, 1, Carson City, Nevada, United States",1,NV,CONUS_L0_004_002;CONUS_L1_012_004,2
2026-10-01,260063049,https://apply.starbucks.com/careers/job/481080565298,"shift supervisor - Store# 09481, SOUTH CARSON ST & RHODES ST",SHIFT_SUPERVISOR,09481,SOUTH CARSON ST & RHODES ST,"2320 S. Carson Street, Carson Quail Park, 1",Carson City,NV,,US,,1787803200,2026-08-27,35,2026-10-01,1787924611,2026-08-28,34,False,39.1459684,-119.7685905,481080565298,id:260063049,store:09481,Shift Supervisor,onsite,"2320 S. Carson Street, Carson Quail Park, 1, Carson City, Nevada, United States",1,NV,CONUS_L0_004_002;CONUS_L1_012_004,2
2026-10-01,260077145,https://apply.starbucks.com/careers/job/481080890659,"shift supervisor - Store# 06597, TAHOE & VILLAGE",SHIFT_SUPERVISOR,06597,TAHOE & VILLAGE,"899 Tahoe Boulevard, Tahoe & Village",Incline Village,NV,,US,,1789617600,2026-09-17,14,2026-10-01,1789738902,2026-09-18,13,False,39.24943,-119.95304,481080890659,id:260077145,store:06597,Shift Supervisor,onsite,"899 Tahoe Boulevard, Tahoe & Village, Incline Village, Nevada, United States",1,NV,CONUS_L0_004_002;CONUS_L1_012_004,2
2026-10-01,260078211,https://apply.starbucks.com/careers/job/481080923943,"barista - Store# 06597, TAHOE & VILLAGE",BARISTA,06597,TAHOE & VILLAGE,"899 Tahoe Boulevard, Tahoe & Village",Incline Village,NV,,US,,1789790400,2026-09-19,12,2026-10-01,1789911833,2026-09-20,11,False,39.24943,-119.95304,481080923943,id:260078211,store:06597,Barista,onsite,"899 Tahoe Boulevard, Tahoe & Village, Incline Village, Nevada, United States",1,NV,CONUS_L0_004_002;CONUS_L1_012_004,2
2026-10-01,260074791,https://apply.starbucks.com/careers/job/481080820509,"shift supervisor - Store# 03477, HWY 395 & TOPSY",SHIFT_SUPERVISOR,03477,HWY 395 & TOPSY,"921 Topsy Lane, Carson Valley Plaza, 410",Carson City,NV,,US,,1789272000,2026-09-13,18,2026-10-01,1789394366,2026-09-14,17,False,39.1100185,-119.7767369,481080820509,id:260074791,store:03477,Shift Supervisor,onsite,"921 Topsy Lane, Carson Valley Plaza, 410, Carson City, Nevada, United States",1,NV,CONUS_L0_004_002;CONUS_L1_012_004,2
2026-10-01,260066641,https://apply.starbucks.com/careers/job/481080695242,"supervisor, Environmental, Health, and Safety",NON_RETAIL,,,2525 Starbucks Way,Minden,NV,,US,,1788443690,2026-09-03,28,2026-10-01,1788443596,2026-09-03,28,False,39.0178632,-119.7466556,481080695242,id:260066641,addr:2525 starbucks way|minden|NV,Manufacturing,onsite,"2525 Starbucks Way, Minden, Nevada, United States",1,NV,CONUS_L0_004_002;CONUS_L1_012_004,2
2026-10-01,260080422,https://apply.starbucks.com/careers/job/481081070771,"loader technician, 1st shift",NON_RETAIL,,,2525 Starbucks Way,Minden,NV,,US,,1790783845,2026-09-30,1,2026-10-01,1790730930,2026-09-29,2,False,39.0178632,-119.7466556,481081070771,id:260080422,addr:2525 starbucks way|minden|NV,,onsite,"2525 Starbucks Way, Minden, Nevada, United States",1,NV,CONUS_L0_004_002;CONUS_L1_012_004,2
2026-10-01,260070349,https://apply.starbucks.com/careers/job/481080741024,"distribution supervisor, 2nd shift, M-Th 5PM-3:30AM",NON_RETAIL,,,2525 Starbucks Way,Minden,NV,,US,,1788968637,2026-09-09,22,2026-10-01,1788786927,2026-09-07,24,False,39.0178632,-119.7466556,481080741024,id:260070349,addr:2525 starbucks way|minden|NV,Distribution,onsite,"2525 Starbucks Way, Minden, Nevada, United States",1,NV,CONUS_L0_004_002;CONUS_L1_012_004,2
2026-10-01,260038397,https://apply.starbucks.com/careers/job/481078558798,"distribution partner/specialist, 2nd shift",NON_RETAIL,,,2525 Starbucks Way,Minden,NV,,US,,1790873839,2026-10-01,0,2026-10-01,1780501216,2026-06-03,120,True,39.0178632,-119.7466556,481078558798,id:260038397,addr:2525 starbucks way|minden|NV,,onsite,"2525 Starbucks Way, Minden, Nevada, United States",1,NV,CONUS_L0_004_002;CONUS_L1_012_004,2
2026-10-01,260064963,https://apply.starbucks.com/careers/job/481080658258,"barista - Store# 10164, MINDEN",BARISTA,10164,MINDEN,"1734 US Hwy 395 N, Ironwood Center",Minden,NV,,US,,1788148800,2026-08-31,31,2026-10-01,1788270380,2026-09-01,30,False,38.96128,-119.77977,481080658258,id:260064963,store:10164,Barista,onsite,"1734 US Hwy 395 N, Ironwood Center, Minden, Nevada, United States",1,NV,CONUS_L0_004_002;CONUS_L1_012_004,2
2026-10-01,260076167,https://apply.starbucks.com/careers/job/481080861509,"shift supervisor - Store# 10164, MINDEN",SHIFT_SUPERVISOR,10164,MINDEN,"1734 US Hwy 395 N, Ironwood Center",Minden,NV,,US,,1789444800,2026-09-15,16,2026-10-01,1789566638,2026-09-16,15,False,38.96128,-119.77977,481080861509,id:260076167,store:10164,Shift Supervisor,onsite,"1734 US Hwy 395 N, Ironwood Center, Minden, Nevada, United States",1,NV,CONUS_L0_004_002;CONUS_L1_012_004,2
2026-10-01,260076799,https://apply.starbucks.com/careers/job/481080862727,"shift supervisor - Store# 06732, HWY 395 & WATERLOO",SHIFT_SUPERVISOR,06732,HWY 395 & WATERLOO,"1327 US Highway 395 North, Carson Valley Fair, A",Gardnerville,NV,,US,,1789444800,2026-09-15,16,2026-10-01,1789567184,2026-09-16,15,False,38.9363646,-119.7381863,481080862727,id:260076799,store:06732,Shift Supervisor,onsite,"1327 US Highway 395 North, Carson Valley Fair, A, Gardnerville, Nevada, United States",1,NV,CONUS_L0_004_002;CONUS_L1_012_004,2
2026-10-01,260076407,https://apply.starbucks.com/careers/job/481080861881,"barista - Store# 06732, HWY 395 & WATERLOO",BARISTA,06732,HWY 395 & WATERLOO,"1327 US Highway 395 North, Carson Valley Fair, A",Gardnerville,NV,,US,,1789444800,2026-09-15,16,2026-10-01,1789566843,2026-09-16,15,False,38.9363646,-119.7381863,481080861881,id:260076407,store:06732,Barista,onsite,"1327 US Highway 395 North, Carson Valley Fair, A, Gardnerville, Nevada, United States",1,NV,CONUS_L0_004_002;CONUS_L1_012_004,2
