store_id,locator_id,msa,state_2026-09,lat,lon,visits_per_week,visits_yoy_pct,weekly_hours,visits_per_op_hour,traffic_pctile_in_metro,starbucks_within_2km,dunkin_within_2km,closure_likeness,resembles_oct25_closures,below_closed_median_vph
1254243,13339,20780,CO,39.6324,-106.5212,1435.3846,4.5612,49.0,29.2936,0.3333,1,0,0.9952,True,False
5070627,1024208,38300,PA,40.6867,-80.0826,2503.5385,-7.9399,52.5,47.6864,0.4762,2,0,0.9929,True,False
1258682,15201,45940,NJ,40.3151,-74.6604,856.1538,7.0707,59.5,14.3891,0.3333,2,1,0.9921,True,False
1250086,10885,26420,TX,30.051,-95.4299,2462.3846,3.7398,56.0,43.9712,0.4027,2,0,0.9918,True,False
5069936,20038,18140,OH,40.1456,-82.9801,1005.7692,-25.0931,68.0,14.7907,0.0526,5,0,0.9914,True,False
1259479,1024208,38300,PA,40.687,-80.0833,3423.8462,9.4903,52.5,65.2161,0.6667,2,0,0.9909,True,False
1252799,14900,17460,OH,41.3956,-81.6416,1747.3077,4.6388,48.5,36.027,0.2963,0,0,0.9884,True,False
11884487,1044763,39900,NV,39.5223,-119.7911,564.3077,-1.2519,70.0,8.0615,0.0714,3,0,0.9881,True,True
1252998,11666,33460,MN,44.9764,-93.2716,2135.4615,25.0383,72.0,29.6592,0.5111,6,0,0.9874,True,False
1250083,6821,29540,PA,40.0667,-76.3401,783.7692,-6.0402,67.0,11.698,0.0909,2,1,0.9864,True,True
11884227,1039963,31540,WI,43.1743,-89.4612,521.9231,-18.0852,56.0,9.3201,0.0556,0,1,0.9864,True,True
2544238,7119,47900,DC,38.8848,-77.0156,398.0769,-6.3518,84.0,4.739,0.0472,14,6,0.9856,True,True
1248821,6940,47900,VA,38.2922,-77.5697,3645.8462,-4.0237,32.0,113.9327,0.9442,0,1,0.9855,True,False
1249851,6993,39900,NV,39.4736,-119.7647,1821.2308,-5.4737,59.5,30.6089,0.3571,1,0,0.9852,True,False
1253975,1023407,38900,OR,45.5143,-122.6832,955.6923,8.11,79.5,12.0213,0.1818,7,0,0.983,True,True
5070081,1026052,34980,TN,36.3239,-86.7072,3338.4615,-6.4211,49.0,68.1319,0.549,0,0,0.9812,True,False
7281973,1029269,38300,PA,40.2178,-80.203,1205.7692,0.6808,60.5,19.9301,0.1429,0,1,0.9765,True,False
1251882,1006946,26420,TX,30.1644,-95.4567,1628.4615,15.305,80.0,20.3558,0.1493,5,0,0.9764,True,False
5429032,1018923,41860,CA,37.7928,-122.4043,452.5385,5.2792,91.0,4.973,0.06,12,0,0.9742,True,True
2545411,12019,16980,IL,41.8902,-87.6313,970.0,19.379,101.5,9.5567,0.086,55,38,0.9731,True,True
2545792,13753,26420,TX,29.96,-95.5388,1713.1538,-3.7304,75.5,22.6908,0.1855,3,0,0.9728,True,False
1249891,18080,16980,IL,41.8943,-87.6294,1759.0,17.9989,98.0,17.949,0.3038,53,34,0.9727,True,False
1249092,8611,37860,FL,30.4749,-87.2071,3792.3846,2.7126,68.0,55.7704,0.5455,3,1,0.9726,True,False
1249992,6471,17460,OH,41.3088,-81.8201,2847.0769,24.5189,70.0,40.6725,0.7037,3,1,0.9724,True,False
1258936,14962,35620,NJ,40.8887,-74.2598,1028.9231,11.7274,77.0,13.3626,0.1735,3,5,0.9705,True,True
1251247,1008811,38300,PA,40.5465,-80.0179,2429.4615,-2.4433,70.0,34.7066,0.4286,2,0,0.9695,True,False
1249168,7043,12060,GA,34.0019,-84.0824,2311.6923,-1.2941,70.0,33.0242,0.4837,2,0,0.9687,True,False
1253028,16371,41180,MO,38.5927,-90.5432,2171.4615,-8.1267,66.5,32.6536,0.4058,1,0,0.9683,True,False
1250394,68457,42660,WA,47.621,-122.186,1287.5385,3.7501,88.0,14.6311,0.3088,10,0,0.9673,True,False
6294386,1031613,41860,CA,37.7939,-122.3967,669.4615,6.8115,89.5,7.48,0.175,9,0,0.967,True,True
13641645,15758,37980,PA,40.11,-75.2144,1870.2308,-5.2863,66.5,28.1238,0.4745,1,1,0.9665,True,False
5429138,1014783,31080,CA,33.861,-118.0932,466.3846,3.8007,84.5,5.5193,0.0266,4,0,0.9663,True,True
1256999,14962,35620,NJ,40.8887,-74.2598,1249.9231,4.0535,77.0,16.2328,0.2271,3,5,0.9659,True,False
1250541,68852,31540,WI,43.1258,-89.3124,3223.4615,2.2672,63.0,51.1661,0.7778,1,0,0.9635,True,False
1254030,15250,31080,CA,33.6007,-117.8728,500.8462,-1.1087,75.0,6.6779,0.03,1,0,0.9633,True,True
1252691,1012255,19740,CO,39.7495,-104.9951,1209.5385,7.7946,91.5,13.219,0.1985,11,0,0.9624,True,True
11884020,1040239,15500,NC,36.0625,-79.4325,4667.1538,0.836,56.0,83.342,0.4,0,1,0.9621,True,False
2545900,14204,16980,IL,42.0404,-87.7518,3055.4615,6.912,63.0,48.4994,0.7419,1,4,0.9614,True,False
1249982,6986,36740,FL,28.4745,-81.4514,1717.6154,-7.7238,83.0,20.6942,0.1099,5,1,0.9612,True,False
5430025,1026781,16980,IL,41.894,-87.6246,1086.6923,20.3219,104.5,10.399,0.1129,51,31,0.9611,True,True
1251168,116563,34980,TN,35.9568,-86.8136,1847.4615,16.7064,80.0,23.0933,0.1765,3,2,0.9607,True,False
5429068,1017931,12060,GA,33.8059,-84.3935,1552.4615,-3.3105,84.0,18.4817,0.1569,5,1,0.9579,True,False
1253103,1010275,31540,WI,43.0907,-89.5241,3089.3077,-12.5756,57.0,54.1984,0.7222,0,0,0.9576,True,False
1249783,18033,16980,IL,41.8989,-87.6281,486.3846,7.4974,105.0,4.6322,0.0215,42,23,0.9568,True,True
11884282,1038316,16980,IL,41.8974,-87.6258,77.9231,-18.1745,105.0,0.7421,0.0054,44,24,0.9557,True,True
5429942,8956,12060,GA,34.0652,-83.9844,2975.6923,5.0539,76.0,39.1538,0.6797,4,1,0.9554,True,False
1248416,7368,26420,TX,29.7556,-95.3666,2644.1538,-1.979,86.0,30.746,0.4751,9,0,0.9552,True,False
1260856,7099,39900,NV,39.4046,-119.751,2083.1538,-14.3657,72.5,28.7332,0.5714,2,0,0.9552,True,False
5069876,15716,32820,TN,35.1293,-89.9491,2016.5385,-1.2469,77.0,26.1888,0.25,2,0,0.955,True,False
2544640,8735,35620,NY,40.7694,-73.9848,749.0,3.8613,105.0,7.1333,0.0978,49,38,0.9546,True,True
1257675,13536,35620,NY,40.782,-73.8298,2632.1538,10.8778,68.0,38.7081,0.7382,2,9,0.9544,True,False
1251536,15324,46520,HI,21.3854,-157.9417,1197.0,4.2194,82.0,14.5976,0.25,3,0,0.9543,True,False
1251991,16746,16980,IL,41.886,-87.6288,1890.0,-34.9208,98.0,19.2857,0.3602,50,37,0.9537,True,False
5429121,1013337,16980,IL,41.8989,-87.6235,633.1538,2.6053,105.0,6.03,0.0457,41,20,0.9527,True,True
1252475,15839,16980,IL,41.8963,-87.6359,2998.1538,14.4703,98.0,30.5934,0.7258,51,30,0.9508,True,False
1255324,9236,19740,CO,39.6101,-104.8893,820.5385,-6.323,88.0,9.3243,0.0458,5,1,0.9506,True,True
2544143,6663,41860,CA,37.7991,-122.4493,401.1538,20.2167,94.5,4.245,0.035,7,0,0.9503,True,True
1258927,12028,37980,PA,40.1038,-75.126,1034.0,7.3128,70.0,14.7714,0.1241,0,2,0.9493,True,False
1251212,1005345,37100,CA,34.1835,-118.8873,1895.6154,0.8636,75.0,25.2749,0.2889,1,0,0.9465,True,False
11884055,1038225,32820,TN,35.0205,-90.0247,1719.3846,-6.3673,70.0,24.5626,0.0625,0,0,0.9462,True,False
1260115,1010172,39900,NV,39.5224,-119.8113,1624.4615,3.5044,91.0,17.8512,0.25,8,0,0.9459,True,False
1252894,1013538,45300,FL,28.1906,-82.3908,1448.7692,-15.4364,76.0,19.0628,0.0899,1,1,0.9453,True,False
2546289,15893,41860,CA,37.786,-122.4398,707.7692,35.0903,96.0,7.3726,0.2,8,0,0.9441,True,True
1250115,6965,35620,NJ,40.2533,-74.3001,1198.3077,-0.1986,77.0,15.5624,0.2145,1,1,0.9421,True,False
13641674,18691,42660,WA,47.6159,-122.2041,2367.0,28.1591,88.5,26.7458,0.8137,9,0,0.9404,True,False
1251191,116482,38300,PA,40.5432,-80.0083,2048.5385,16.7003,86.0,23.8202,0.3492,4,0,0.9397,True,False
2544475,8097,41860,CA,37.8044,-122.4338,488.6154,15.4279,94.5,5.1705,0.09,6,0,0.938,True,True
1252003,1006866,29820,NV,36.054,-115.169,673.5385,-5.9405,86.5,7.7866,0.0309,3,2,0.9378,True,True
1251704,1008834,38300,PA,40.4382,-79.9984,1656.7692,19.1459,91.0,18.2063,0.1905,6,2,0.9365,True,False
1258605,11802,47900,DC,38.9028,-77.0344,287.6923,3.0019,103.0,2.7931,0.0172,19,8,0.9364,True,True
1256388,17608,47900,DC,38.8987,-77.0403,81.1538,7.763,105.0,0.7729,0.0043,20,7,0.9351,True,True
1260024,12689,47900,DC,38.8962,-77.0446,781.2308,-24.4963,98.0,7.9717,0.1974,18,7,0.9337,True,True
5071932,90552,31080,CA,34.2387,-118.556,727.5385,3.672,92.5,7.8653,0.0649,5,1,0.9298,True,True
1255092,9383,39900,NV,39.4844,-119.853,1306.5385,-2.2502,73.5,17.776,0.1429,0,0,0.9285,True,False
1255336,14148,29820,NV,36.1637,-115.1582,880.3846,14.9096,96.5,9.1232,0.0515,7,1,0.9277,True,True
5071798,1018124,19100,TX,32.7914,-96.8042,938.3846,6.5601,101.5,9.2452,0.0278,12,0,0.9268,True,True
11883959,1039847,41860,CA,37.9639,-122.0627,1859.8462,11.3321,84.0,22.141,0.745,4,0,0.9258,True,False
1254683,15460,40900,CA,38.5716,-121.4878,528.0,8.642,98.0,5.3878,0.0074,7,0,0.9257,True,True
1252823,15035,18140,OH,39.9693,-83.0049,1426.8462,16.653,89.5,15.9424,0.1228,3,0,0.9257,True,False
2545215,11095,41740,CA,32.716,-117.1689,1328.7692,2.8214,98.5,13.49,0.1503,12,3,0.9242,True,True
1259750,15716,32820,TN,35.1293,-89.9491,2834.9231,-6.7743,77.0,36.8172,0.6562,2,0,0.9239,True,False
7282186,1040407,41740,CA,32.7159,-117.1646,943.0,-1.928,100.0,9.43,0.0462,12,3,0.923,True,True
1251958,9064,16980,IL,41.8782,-87.6258,3584.0769,2.31,98.0,36.5722,0.8548,42,38,0.922,True,False
2544645,8755,16980,IL,41.8933,-87.6174,1332.2308,5.8942,108.5,12.2786,0.1801,42,27,0.9209,True,True
2546076,14913,42660,WA,47.6122,-122.3336,967.8462,9.7427,105.0,9.2176,0.1078,17,0,0.9206,True,True
1248511,8147,41740,CA,32.7113,-117.1554,992.2308,5.8249,100.5,9.8729,0.0694,12,3,0.9204,True,True
1251458,14994,16980,IL,41.9201,-87.637,1280.3077,8.092,98.0,13.0644,0.1559,11,6,0.9203,True,True
1249558,18178,47900,DC,38.8846,-77.0296,1142.0769,-4.0458,98.0,11.6538,0.3605,15,6,0.9201,True,True
1254022,11720,41860,CA,37.7976,-122.4304,306.0,10.2856,100.5,3.0448,0.02,8,0,0.9201,True,True
1253282,15001,16980,IL,41.8748,-87.6289,950.9231,4.4088,108.5,8.7643,0.0806,37,38,0.9199,True,True
5428725,14148,29820,NV,36.1637,-115.1582,1490.5385,23.1302,96.5,15.446,0.1443,7,1,0.9198,True,False
5429927,16849,41860,CA,37.7946,-122.4027,639.7692,18.442,102.0,6.2722,0.165,11,0,0.9196,True,True
1249208,17753,31080,CA,34.0487,-118.2547,267.6154,-1.0242,105.5,2.5366,0.01,16,1,0.919,True,True
2547424,1010352,47900,DC,38.8971,-77.0303,1038.7692,3.21,103.0,10.0851,0.3219,22,8,0.9167,True,True
2546798,1022313,39900,NV,39.5445,-119.816,828.2308,-0.5082,88.0,9.4117,0.1071,2,0,0.9166,True,True
5715168,1030056,14660,MN,46.3601,-94.1861,1591.0,-11.0829,71.0,22.4085,0.5,0,0,0.9151,True,False
6294432,1031784,16980,IL,41.8963,-87.6208,500.3077,2.0395,112.0,4.467,0.0269,42,22,0.9149,True,True
5071425,9821,42660,WA,48.0934,-122.1886,1984.9231,2.4822,83.0,23.9147,0.6961,3,0,0.9148,True,False
1249833,6651,47900,VA,38.8903,-77.0859,446.9231,9.19,98.0,4.5604,0.0601,7,3,0.9133,True,True
1259791,1037499,16740,NC,35.2277,-80.8428,276.2308,8.5878,98.0,2.8187,0.0395,6,1,0.913,True,True
1255167,11795,31080,CA,34.0398,-118.2535,431.6154,5.0749,104.0,4.1501,0.02,13,2,0.9124,True,True
1260533,9571,16180,NV,39.1455,-119.7681,1988.7692,8.0762,71.5,27.815,0.5,0,0,0.912,True,False
2547352,1008994,16980,IL,41.886,-87.6249,620.0769,-9.0694,112.0,5.5364,0.0403,48,35,0.9116,True,True
5070908,1019065,20500,NC,35.9046,-78.9424,1413.6154,2.5045,91.0,15.5342,0.2727,4,0,0.9102,True,False
2545827,13881,41860,CA,37.7771,-122.4173,481.1538,8.0311,103.0,4.6714,0.07,10,0,0.9082,True,True
2547096,69735,42660,WA,47.6228,-122.3369,782.1538,9.9481,105.0,7.4491,0.0588,13,0,0.9081,True,True
2544091,6423,16980,IL,41.8846,-87.652,1233.5385,25.9603,107.5,11.4748,0.1398,24,22,0.9066,True,True
1249223,1031780,33100,FL,26.8483,-80.0852,280.2308,-34.5961,77.0,3.6394,0.0117,0,1,0.9058,True,True
2548397,13759,26420,TX,29.781,-95.5396,5212.5385,6.2699,81.5,63.9575,0.914,5,0,0.9054,True,False
1252329,11664,16980,IL,41.9037,-87.6302,1823.6923,0.4449,105.0,17.3685,0.3253,28,12,0.9048,True,False
2545431,1008994,16980,IL,41.886,-87.6249,1190.9231,0.2331,112.0,10.6332,0.1237,48,35,0.9042,True,True
1250507,8888,31080,CA,34.0492,-118.2605,741.9231,1.0265,105.5,7.0324,0.0699,15,1,0.9037,True,True
1254162,9036,41740,CA,32.7177,-117.1594,420.2308,-7.5322,103.5,4.0602,0.0116,12,3,0.9023,True,True
6294431,1031551,16980,IL,41.947,-87.6554,1968.4615,11.4013,98.0,20.0863,0.3844,12,7,0.9022,True,False
7282161,1039711,16980,IL,41.4669,-87.5758,3230.0,-7.1593,66.5,48.5714,0.793,0,0,0.9021,True,False
11884419,1043857,47900,DC,38.9071,-77.001,344.8462,21.9864,98.0,3.5188,0.03,5,4,0.9014,True,True
2547039,52073,38900,OR,45.5152,-122.6759,263.6154,8.005,100.5,2.623,0.0083,6,0,0.9013,True,True
5071251,1026815,41860,CA,37.6626,-122.3968,216.4615,3.9143,91.5,2.3657,0.01,2,1,0.901,True,True
2546397,16352,16980,IL,41.8814,-87.6523,512.7692,2.8228,107.5,4.7699,0.0296,22,27,0.9009,True,True
2545794,13756,26420,TX,29.5416,-95.1488,4123.3846,2.9223,83.0,49.6793,0.7964,4,0,0.9001,True,False
13641619,1037499,16740,NC,35.2277,-80.8428,714.2308,8.3304,98.0,7.2881,0.1053,6,1,0.9001,True,True
6294356,1031353,24340,MI,42.9606,-85.6705,1313.5385,19.1293,92.5,14.2004,0.1818,3,0,0.9001,True,False
5429421,1014329,16980,IL,42.0463,-88.0374,3152.6154,-3.0744,83.0,37.9833,0.7769,4,2,0.8998,True,False
5070533,1015342,35620,NY,40.7748,-73.9842,264.6923,6.1709,112.0,2.3633,0.0063,31,24,0.8993,True,True
1259723,8956,12060,GA,34.0652,-83.9844,7303.0769,10.8206,76.0,96.0931,0.9869,4,1,0.8987,True,False
13368198,1052064,37980,PA,39.9558,-75.1698,273.3846,1.6881,105.0,2.6037,0.0073,15,24,0.8983,True,True
1250841,90552,31080,CA,34.2387,-118.556,1624.7692,2.2956,92.5,17.5651,0.3344,5,1,0.8982,True,False
1255581,9359,47900,DC,38.9105,-77.0437,455.0,22.9219,107.0,4.2523,0.0687,15,6,0.898,True,True
2545476,12369,47900,DC,38.8869,-77.0023,311.3846,10.1497,104.5,2.9798,0.0258,11,4,0.8963,True,True
5069988,17910,36740,FL,28.4857,-81.4312,1546.9231,-6.7946,90.5,17.0931,0.0989,3,1,0.8963,True,False
5429297,8888,31080,CA,34.0494,-118.2606,961.0769,0.7093,105.5,9.1097,0.1215,15,1,0.8961,True,True
1253304,13994,41700,TX,29.5187,-98.4955,4744.6154,-27.2118,76.0,62.4291,0.8831,3,1,0.8951,True,False
2547723,1014676,16980,IL,41.8787,-87.6388,1482.6154,16.5437,112.0,13.2376,0.2258,43,38,0.8936,True,True
12196029,1043499,47900,DC,38.9761,-77.0275,648.7692,10.7115,98.0,6.6201,0.133,5,0,0.8933,True,True
5428853,1008913,47900,DC,38.8995,-77.0268,614.1538,-0.2623,108.5,5.6604,0.1159,23,9,0.8932,True,True
1251740,17652,16980,IL,41.9219,-87.6489,637.4615,16.9324,105.0,6.0711,0.0511,12,6,0.8922,True,True
5430039,1026229,16980,IL,41.9526,-87.6494,1300.7692,10.6241,98.0,13.2732,0.1613,7,4,0.8918,True,True
5070633,13562,38300,PA,40.4403,-80.0022,917.0769,-13.124,98.0,9.3579,0.0794,7,2,0.8918,True,True
5429877,1031376,16980,IL,41.8844,-87.6265,1588.6154,2.7616,112.0,14.1841,0.2581,49,38,0.8906,True,False
12195865,9203,47900,DC,38.8943,-77.0216,1155.9231,9.3668,106.0,10.9049,0.3648,22,8,0.8896,True,True
5070532,1019664,35620,NY,40.7728,-73.9899,429.3846,8.1573,112.0,3.8338,0.0442,29,23,0.8886,True,True
1253612,18529,42660,WA,47.6094,-122.3164,1082.3846,6.7602,107.5,10.0687,0.1569,16,0,0.8884,True,True
1260343,69543,31080,CA,34.0563,-118.2471,1005.9231,26.47,106.5,9.4453,0.1398,12,1,0.8877,True,True
5071866,1019487,31080,CA,34.0542,-118.2629,807.6923,0.2291,107.5,7.5134,0.0849,16,1,0.8873,True,True
2545795,13759,26420,TX,29.781,-95.5395,6379.7692,5.234,81.5,78.2794,0.9457,5,0,0.8872,True,False
2548040,1015661,35620,NY,40.7802,-73.9596,1320.3077,-8.9346,105.0,12.5744,0.2555,23,25,0.8872,True,True
6294502,1031527,42660,WA,47.7062,-122.325,715.7692,-1.0422,94.5,7.5743,0.049,3,0,0.8868,True,True
6294522,1031629,16980,IL,41.874,-87.6694,762.8462,9.9568,97.0,7.8644,0.0591,5,10,0.8862,True,True
1252159,11425,17460,OH,41.4649,-81.5173,2065.8462,21.6359,77.0,26.8292,0.4074,0,0,0.8851,True,False
1249856,17032,41740,CA,32.7636,-117.1216,984.1538,9.1918,100.5,9.7926,0.0578,6,0,0.8851,True,True
1251941,1008967,16980,IL,41.9048,-87.6347,627.0769,12.1938,112.0,5.5989,0.043,25,9,0.8835,True,True
1254480,15436,31080,CA,34.0035,-118.4721,1140.3846,5.8929,93.5,12.1966,0.1747,3,0,0.8835,True,True
1260493,11130,16980,IL,41.8917,-87.6589,551.1538,7.9229,106.5,5.1752,0.0376,14,10,0.8834,True,True
2545429,12139,41180,MO,38.5775,-90.407,1679.8462,-1.8561,84.0,19.9982,0.2174,1,1,0.8833,True,False
1259038,11458,47900,DC,38.9099,-77.033,549.7692,-12.3283,107.5,5.1141,0.1073,19,6,0.8822,True,True
2545273,11387,47900,DC,38.9297,-77.0554,307.9231,16.0963,101.5,3.0337,0.0215,5,0,0.8812,True,True
2546159,15276,26420,TX,29.7389,-95.4632,2183.4615,13.0831,97.0,22.5099,0.3258,6,0,0.8803,True,False
1252041,11663,16980,IL,41.9435,-87.6452,782.9231,11.552,105.0,7.4564,0.0645,11,4,0.8801,True,True
1250756,91316,19740,CO,39.7387,-104.9969,907.4615,26.618,105.0,8.6425,0.0687,8,0,0.8784,True,True
1250973,1006171,33460,MN,44.8666,-93.3284,1619.6923,-1.6902,97.0,16.6979,0.3111,6,0,0.8765,True,False
2548439,1017343,12580,MD,39.3008,-76.592,454.0769,53.4044,96.0,4.73,0.0606,2,4,0.8761,True,True
1253077,1023251,19780,IA,41.5859,-93.6305,803.3846,3.1099,98.0,8.1978,0.0455,4,0,0.8758,True,True
1254627,9322,16180,NV,39.1878,-119.7724,1160.4615,10.0204,91.0,12.7523,0.25,2,0,0.8751,True,True
5428611,13762,40060,VA,37.6562,-77.6192,872.2308,17.9181,100.0,8.7223,0.0789,5,1,0.8736,True,True
1253482,11676,42660,WA,47.6101,-122.3426,2477.3077,-8.2165,98.0,25.2786,0.8284,14,0,0.872,True,False
1260572,13778,26220,OR,45.7118,-121.5004,2637.6154,7.2939,70.0,37.6802,1.0,0,0,0.8717,True,False
1259710,15353,33100,FL,25.7733,-80.1891,1693.7692,-0.8198,103.0,16.4444,0.2281,11,1,0.8707,True,False
1254182,9037,41860,CA,37.7968,-122.4221,422.4615,3.0008,108.5,3.8937,0.05,12,0,0.8697,True,True
5428960,1019784,31080,CA,33.6636,-117.826,697.8462,2.636,98.0,7.1209,0.0532,4,1,0.8688,True,True
7281739,10290,42660,WA,47.234,-122.5017,877.0,4.8561,98.5,8.9036,0.0784,4,0,0.8687,True,True
2546468,16675,47900,VA,38.8308,-77.1258,901.8462,36.1356,98.0,9.2025,0.2661,4,2,0.867,True,True
5070996,1027049,12060,GA,34.035,-84.3429,2554.2308,-5.3449,80.5,31.7296,0.5621,1,1,0.8659,True,False
11884361,1042943,33460,MN,45.0294,-93.3342,353.3846,-2.1721,94.5,3.7395,0.0333,2,0,0.8658,True,True
1254957,14916,12420,TX,30.2781,-97.7444,966.6154,14.9469,105.0,9.2059,0.0824,8,0,0.8658,True,True
1251815,12250,16980,IL,41.9398,-87.6508,1643.1538,6.7463,105.0,15.6491,0.2742,15,7,0.8654,True,False
2546445,16545,31080,CA,34.0649,-118.3988,983.5385,-5.1624,100.5,9.7865,0.1298,6,0,0.8653,True,True
1251171,1005412,16980,IL,41.8941,-87.6225,2488.8462,21.7773,112.0,22.2218,0.578,49,31,0.8646,True,False
1252433,18569,17460,OH,41.4991,-81.6985,982.4615,38.1802,98.0,10.0251,0.0741,3,2,0.8645,True,True
1258914,14716,37980,PA,39.953,-75.1923,964.7692,21.6489,105.0,9.1883,0.1095,10,10,0.8632,True,True
1249643,18615,42660,WA,47.6171,-122.2021,2005.6923,6.4984,99.0,20.2595,0.7108,10,0,0.8619,True,False
2545972,14481,40900,CA,38.5677,-121.4343,1655.6923,6.8348,98.0,16.8948,0.2574,5,0,0.8615,True,False
1254406,8843,41860,CA,37.7637,-122.4775,619.1538,-3.9384,93.0,6.6576,0.16,2,0,0.8611,True,True
1252657,1011659,31140,KY,38.3402,-85.6195,3977.4615,-9.029,77.0,51.6553,0.7667,1,0,0.8608,True,False
1255678,9203,47900,DC,38.8942,-77.0218,1651.7692,12.3653,106.0,15.5827,0.6438,23,8,0.8603,True,False
2545728,13466,47900,VA,38.8538,-77.0492,734.6923,11.8646,101.5,7.2383,0.1803,7,6,0.8599,True,True
1259016,9241,47900,VA,38.883,-77.1037,979.9231,13.3565,100.5,9.7505,0.2918,7,5,0.8579,True,True
5715748,1029418,17660,ID,47.7043,-116.8076,857.4615,15.6928,101.5,8.4479,0.1429,5,0,0.8561,True,True
2546608,17301,33100,FL,26.7004,-80.0353,939.4615,0.9589,90.0,10.4385,0.0936,1,0,0.8558,True,True
1258989,1014329,16980,IL,42.0462,-88.0375,5430.6154,6.7467,83.0,65.4291,0.9785,4,2,0.8543,True,False
1260308,15660,16700,SC,32.8298,-79.8344,1993.1538,1.1595,91.0,21.9028,0.1739,2,1,0.8536,True,False
2546508,16864,45300,FL,27.9655,-82.8002,347.6923,39.0769,94.5,3.6793,0.0112,1,1,0.8531,True,True
1254006,9033,31080,CA,34.0707,-118.4022,883.4615,7.8708,103.0,8.5773,0.1015,6,0,0.8526,True,True
1258483,8923,35620,NY,40.7792,-73.9475,1759.0769,29.3073,105.0,16.7531,0.429,14,16,0.8505,True,False
11884068,1040470,41860,CA,37.7867,-122.4084,812.1538,3.3578,108.5,7.4853,0.23,13,0,0.8497,True,True
5429065,1018307,33460,MN,44.9839,-93.2671,817.0769,22.8119,105.0,7.7817,0.0667,6,0,0.849,True,True
1254454,15921,19740,CO,39.743,-104.989,1355.4615,21.0899,107.5,12.6089,0.2595,11,0,0.8487,True,True
5428604,1016004,47900,DC,38.9,-77.0323,2079.1538,18.7044,105.5,19.7076,0.7554,22,9,0.8486,True,False
5069887,1018123,26900,IN,39.9789,-86.1545,1727.2308,3.2748,89.0,19.4071,0.1585,1,0,0.848,True,False
1253678,13058,42660,WA,47.6644,-122.299,1080.4615,-6.4847,103.0,10.4899,0.152,7,0,0.8461,True,True
2547160,91239,47900,DC,38.9054,-77.0062,544.4615,18.2228,109.0,4.9951,0.0987,11,3,0.8456,True,True
1252527,1005843,17140,OH,39.128,-84.5172,1108.1538,-0.8398,98.0,11.3077,0.12,4,2,0.8449,True,True
1260319,1029013,35620,NY,40.7575,-73.8344,1277.3077,1.9212,93.5,13.661,0.2397,3,9,0.8435,True,True
1251746,1006938,16980,IL,41.8915,-87.627,6128.6154,11.7937,105.0,58.3678,0.9919,52,36,0.8434,True,False
1253956,15242,38900,OR,45.443,-122.8059,800.9231,3.8396,98.0,8.1727,0.1157,3,0,0.8431,True,True
1254298,12166,41860,CA,37.7513,-122.4317,420.0769,19.34,98.0,4.2865,0.045,2,0,0.8413,True,True
2545316,11600,35620,NY,40.7779,-73.9782,793.0,-30.4667,112.0,7.0804,0.1104,29,20,0.8407,True,True
5428521,1023211,35620,NY,40.7734,-73.9598,381.7692,5.3268,117.0,3.263,0.0284,31,23,0.8407,True,True
1253945,16741,38900,OR,45.5262,-122.616,495.6923,26.9253,103.5,4.7893,0.0413,4,0,0.8405,True,True
1251856,13582,16980,IL,41.9328,-87.6541,487.2308,-0.4401,112.0,4.3503,0.0242,17,6,0.8401,True,True
1258565,12482,35620,NY,40.7761,-73.9502,1554.6154,-21.0794,105.0,14.8059,0.3502,18,18,0.8399,True,False
1248894,7165,41860,CA,37.5029,-122.2573,519.2308,1.856,98.0,5.2983,0.105,3,1,0.8397,True,True
1254172,15803,41860,CA,37.8008,-122.4385,1590.3846,30.056,99.5,15.9838,0.64,6,0,0.8386,True,False
2545815,13851,37980,PA,39.952,-75.145,443.0769,1.5336,107.5,4.1216,0.0146,11,19,0.8384,True,True
1251475,1006781,35620,NY,40.7795,-73.9538,730.3077,17.6748,112.0,6.5206,0.0915,18,19,0.8379,True,True
1253523,13039,42660,WA,47.6706,-122.12,1471.6923,1.2114,98.5,14.941,0.3971,5,0,0.8377,True,False
1259640,17567,16740,NC,35.2021,-80.8245,1444.0,-0.2073,101.5,14.2266,0.1579,6,1,0.8373,True,False
2544410,7879,47900,VA,38.8086,-77.0835,667.7692,16.79,98.0,6.814,0.1459,3,3,0.8373,True,True
2548281,16741,38900,OR,45.5262,-122.616,546.5385,28.8538,103.5,5.2806,0.0744,4,0,0.837,True,True
2548096,1015872,16700,SC,32.791,-79.9392,484.1538,19.0017,105.0,4.611,0.0435,5,0,0.8361,True,True
1254065,16264,31080,CA,34.147,-118.2547,1931.5385,2.4982,101.5,19.0299,0.4742,9,1,0.836,True,False
2545527,12580,37980,PA,39.948,-75.1541,590.6154,7.8977,107.5,5.4941,0.0365,11,24,0.8357,True,True
12196113,15884,38300,PA,40.4516,-79.932,941.5385,-9.6946,105.0,8.967,0.0952,9,3,0.8354,True,True
1249239,10249,35620,NY,40.7786,-73.956,2235.6923,97.0708,112.0,19.9615,0.6151,19,20,0.8341,True,False
1253138,15216,16980,IL,41.9286,-87.6421,1502.0769,12.0696,105.0,14.3055,0.2285,10,7,0.8337,True,False
2547376,1009470,47900,DC,38.9,-76.998,501.3846,-0.2601,101.5,4.9397,0.073,5,5,0.8331,True,True
5715692,1028253,41740,CA,32.7201,-117.1677,973.8462,4.3865,108.5,8.9755,0.052,11,3,0.8329,True,True
1252438,1009553,41740,CA,32.7078,-117.1599,1374.7692,3.5038,107.5,12.7886,0.1734,12,3,0.8327,True,True
1250075,1028034,14860,CT,41.3802,-73.4808,485.6923,-1.9565,84.5,5.7478,0.1429,0,1,0.8321,True,True
1251985,1008865,35840,FL,27.3844,-82.4531,8204.2308,9.7804,79.5,103.1979,1.0,3,0,0.8321,True,False
1249924,6997,19820,MI,42.6253,-82.9456,1291.0,-1.7561,84.5,15.2781,0.0864,0,0,0.8315,True,False
1259703,1014395,12060,GA,33.7784,-84.3841,1136.1538,2.6265,105.0,10.8205,0.0719,8,4,0.8313,True,True
2548112,1015899,35620,NY,40.7828,-73.9485,1148.3077,-17.5659,105.0,10.9363,0.1956,13,19,0.8313,True,True
5430111,1025038,41860,CA,37.7884,-122.3937,583.3846,11.1697,109.5,5.3277,0.135,10,0,0.8311,True,True
1253972,11644,38900,OR,45.5161,-122.7547,1033.0,7.1406,98.0,10.5408,0.1983,3,0,0.8309,True,True
1260495,9666,43780,IN,41.7087,-86.1814,2305.7692,9.1469,91.0,25.3381,0.375,2,1,0.8307,True,False
2544635,8723,19100,TX,32.8083,-96.7981,3015.0,63.3738,105.0,28.7143,0.5035,8,0,0.83,True,False
1254266,11770,41860,CA,37.5227,-122.2516,835.0,-1.7736,94.0,8.883,0.24,2,1,0.829,True,True
1253943,8746,38900,OR,45.4781,-122.6948,1336.9231,26.8891,98.0,13.6421,0.3306,3,0,0.8286,True,True
1250725,89150,35620,NY,40.7949,-73.9656,1407.2308,90.9803,112.0,12.5646,0.2839,12,21,0.8282,True,True
5715687,1028036,41860,CA,37.7772,-122.4193,707.3846,5.4829,108.5,6.5197,0.195,10,0,0.8281,True,True
1255265,12165,31080,CA,34.0596,-118.3896,528.1538,6.8971,103.0,5.1277,0.0316,4,0,0.8277,True,True
1251211,1006545,42660,WA,47.2393,-122.4813,1083.0,0.3564,98.0,11.051,0.1618,3,0,0.8274,True,True
5071166,1019658,47900,VA,38.8823,-77.1165,509.6923,-2.5732,102.0,4.997,0.0773,5,4,0.8266,True,True
1260704,17846,14500,CO,40.1889,-105.1299,1266.0769,-0.5559,91.0,13.9129,0.1538,1,0,0.8262,True,True
2544925,9938,12060,GA,34.095,-84.1744,2800.5385,-1.8097,84.0,33.3397,0.6078,1,0,0.8259,True,False
1250187,7851,47900,VA,38.8112,-77.0505,368.1538,6.3083,100.5,3.6632,0.0343,3,1,0.8253,True,True
1254398,12066,41860,CA,37.4905,-122.2252,700.6154,31.809,105.0,6.6725,0.19,5,0,0.8251,True,True
2547849,1015093,13380,WA,48.7562,-122.4639,1529.5385,-1.2417,93.5,16.3587,0.5556,3,0,0.8246,True,False
1254782,16476,34900,CA,38.3239,-122.2871,468.6154,12.8357,100.5,4.6628,0.1429,3,0,0.8245,True,True
1251236,1006594,12420,TX,30.2658,-97.7465,979.0,5.9524,105.0,9.3238,0.0941,6,0,0.8241,True,True
7282184,1037793,33340,WI,43.0289,-88.1829,737.5385,-5.9354,97.0,7.6035,0.0196,2,0,0.8232,True,True
5428557,1021959,40900,CA,38.5782,-121.4942,689.1538,7.8878,106.5,6.4709,0.0221,6,0,0.823,True,True
11884075,1038362,12580,MD,39.2895,-76.6221,881.6154,15.2438,95.0,9.2802,0.1667,2,7,0.8229,True,True
1259566,16937,41180,MO,38.6325,-90.4048,3343.5385,-1.5604,77.0,43.4226,0.5507,0,0,0.8219,True,False
1255040,16493,31080,CA,33.6898,-117.8776,948.6154,4.9264,107.5,8.8243,0.1181,8,0,0.8202,True,True
6294182,1030788,26900,IN,39.7589,-86.511,3377.6923,4.7446,77.0,43.8661,0.6098,0,0,0.82,True,False
5715602,1029851,28060,MT,48.3933,-114.3354,1090.9231,11.7485,91.0,11.9882,0.3333,1,0,0.8189,True,True
2548237,1016341,13380,WA,48.7153,-122.4778,439.4615,-1.3299,93.5,4.7001,0.1111,1,0,0.8172,True,True
1250336,20489,38900,OR,45.5239,-122.682,1152.7692,6.48,105.0,10.9788,0.2562,7,0,0.8167,True,True
1250221,10959,31080,CA,33.9274,-118.3838,2706.6923,6.3051,94.0,28.7946,0.7754,4,0,0.8161,True,False
13368367,1053815,31080,CA,33.6408,-117.8765,644.5385,2.3077,98.0,6.5769,0.0483,2,0,0.816,True,True
6294864,1036765,41860,CA,37.786,-122.4211,326.3077,9.8964,114.5,2.8498,0.025,13,0,0.816,True,True
2546892,18567,35620,NY,41.3163,-74.1264,1057.9231,-8.0374,94.5,11.195,0.1798,2,1,0.8152,True,True
7282437,9251,33100,FL,26.1506,-80.3232,3486.6923,2.0855,86.0,40.5429,0.7251,2,2,0.814,True,False
2544647,8759,47900,DC,38.8859,-77.0196,4924.3846,-6.5936,98.0,50.2488,0.9957,17,5,0.8138,True,False
1251865,17631,16980,IL,41.9428,-87.671,962.0769,14.4701,112.0,8.59,0.0833,14,6,0.8136,True,True
5070634,1025263,38300,PA,40.4563,-79.9149,429.8462,-4.5439,105.0,4.0938,0.0317,5,0,0.8126,True,True
1254481,16566,41860,CA,37.7446,-122.4526,488.3077,8.6242,101.5,4.8109,0.085,3,0,0.8122,True,True
1253798,13700,38900,OR,45.4714,-122.6859,1344.3077,11.4967,98.0,13.7174,0.3388,3,0,0.8095,True,True
2544954,10053,38900,OR,45.5095,-122.7348,1127.3077,1.8274,96.0,11.7428,0.2231,2,0,0.8091,True,True
2547817,1014989,37980,PA,39.9541,-75.2004,683.8462,-5.3853,105.0,6.5128,0.0584,7,8,0.8089,True,True
1251166,17567,16740,NC,35.2022,-80.8245,2015.3077,-1.3926,101.5,19.8552,0.2763,6,1,0.8088,True,False
2545568,16182,33700,CA,37.6883,-121.0548,2847.9231,1.272,95.0,29.9781,0.5897,4,0,0.8086,True,False
5071982,16881,14260,ID,43.6175,-116.3552,1553.0,-0.247,98.0,15.8469,0.2222,3,0,0.8083,True,False
5715319,1028922,31080,CA,34.0936,-118.378,234.4615,4.8504,105.0,2.233,0.0067,4,0,0.8082,True,True
1257477,15881,37980,PA,39.9496,-75.1674,1697.0,9.3265,107.5,15.786,0.3723,15,23,0.8079,True,False
2547701,1014576,16980,IL,41.9326,-87.6452,535.0,2.5963,112.0,4.7768,0.0323,13,6,0.8069,True,True
5071640,1023222,12420,TX,30.2612,-97.7579,927.6154,-13.5494,105.0,8.8344,0.0706,6,0,0.8056,True,True
2547788,1014892,38900,OR,45.5464,-122.7092,377.8462,7.6721,89.5,4.2217,0.0248,0,0,0.8055,True,True
1249483,17786,35620,NY,40.7714,-73.9825,1887.0,31.2029,119.0,15.8571,0.4669,48,31,0.8044,True,False
1248790,7103,41700,TX,29.5949,-98.6152,3278.9231,-8.1118,85.5,38.35,0.5065,1,0,0.804,True,False
1250880,91230,41620,UT,40.7674,-111.8914,839.6154,19.0814,105.0,7.9963,0.0312,4,0,0.804,True,True
1254129,9128,41860,CA,37.7397,-122.4674,556.6923,-3.3004,98.0,5.6805,0.115,2,0,0.8017,True,True
1249676,18078,47900,DC,38.9445,-77.0643,543.0,2.438,98.0,5.5408,0.0944,2,1,0.8015,True,True
1249307,15416,36740,FL,28.4856,-81.4318,3667.7692,-2.0321,90.5,40.5278,0.6374,3,1,0.8013,True,False
12195784,12405,38900,OR,45.4114,-122.7449,1205.4615,7.2695,103.0,11.7035,0.2893,5,0,0.8009,True,True
1254725,8918,17020,CA,39.7262,-121.8012,1219.8462,38.6916,100.5,12.1378,0.1111,2,0,0.8006,True,True
5071120,1018925,47260,VA,36.8823,-76.1999,2229.1538,38.9014,98.5,22.631,0.381,3,1,0.8005,True,False
12196018,1052591,34980,TN,36.1037,-86.8173,690.0769,18.5229,105.0,6.5722,0.0784,4,0,0.7998,True,True
2546674,17592,41860,CA,37.764,-122.2428,599.3077,-2.1231,103.0,5.8185,0.15,4,0,0.7977,True,True
2544898,9798,38900,OR,45.4199,-122.7393,426.0769,21.9775,106.5,4.0007,0.0331,4,0,0.7968,True,True
5428896,1021211,45300,FL,27.9311,-82.5055,1951.8462,-1.5978,91.0,21.4489,0.2472,1,0,0.7964,True,False
1254670,15639,31080,CA,34.077,-118.3835,371.6923,4.6567,110.0,3.379,0.0133,7,0,0.7964,True,True
1259093,15316,38300,PA,40.3567,-80.0521,670.8462,3.1339,101.5,6.6093,0.0476,3,1,0.7952,True,True
1254987,8965,26420,TX,29.7665,-95.5502,1699.2308,4.1932,105.0,16.1832,0.1765,6,0,0.7952,True,False
1254680,1011580,31080,CA,34.1456,-118.1432,572.6923,19.12,112.0,5.1133,0.0383,9,1,0.7949,True,True
2544678,8889,31080,CA,34.1578,-118.3963,922.9231,10.2048,104.0,8.8743,0.1115,4,0,0.7947,True,True
1251350,1008735,19100,TX,32.815,-96.8265,1184.2308,2.306,107.5,11.0161,0.0486,7,1,0.7945,True,True
1252168,17653,31540,WI,43.0747,-89.397,903.2308,5.8983,98.0,9.2166,0.1111,2,1,0.7936,True,True
1251409,1005642,46520,HI,21.4201,-157.8052,1133.8462,17.2913,98.5,11.5111,0.2083,2,0,0.793,True,True
1257955,9251,33100,FL,26.1506,-80.3232,3935.9231,2.7223,86.0,45.7665,0.8129,2,2,0.7921,True,False
5715463,1028568,19740,CO,39.9579,-104.9773,484.3846,-0.5056,105.0,4.6132,0.0153,4,0,0.7912,True,True
1249414,18669,31080,CA,34.1571,-118.6056,1906.0,3.1342,98.0,19.449,0.4592,4,1,0.7912,True,False
1248957,17297,41740,CA,32.6612,-116.9709,1652.2308,10.6025,99.0,16.6892,0.2428,3,1,0.7906,True,False
1248994,7406,19740,CO,39.594,-104.9286,1616.3077,1.4533,91.0,17.7616,0.3588,1,0,0.7904,True,False
12196021,1042878,12060,GA,33.7833,-84.4079,993.4615,7.4638,105.0,9.4615,0.0392,5,3,0.7899,True,True
1251338,1006224,41740,CA,32.7103,-117.1707,2051.8462,2.478,108.0,18.9986,0.3642,13,4,0.7895,True,False
1260286,16331,19740,CO,39.7113,-104.973,853.8462,-2.5889,105.0,8.1319,0.0611,5,1,0.7882,True,True
5070495,12539,35620,NY,40.6847,-73.9775,286.1538,3.4195,112.0,2.5549,0.0095,11,11,0.7875,True,True
5429956,15082,35620,NY,40.7868,-73.9722,628.9231,-2.8979,112.0,5.6154,0.0789,14,15,0.7874,True,True
1260589,9460,41860,CA,37.6247,-122.4114,670.3077,3.6887,101.5,6.604,0.18,3,0,0.7862,True,True
13205454,1045402,26620,AL,34.7258,-86.5955,4396.5385,4.9698,90.0,48.8504,1.0,4,0,0.7856,True,False
1249801,10800,42660,WA,47.321,-122.2209,1560.9231,3.0574,94.5,16.5177,0.4608,2,0,0.7854,True,False
1251560,13722,46520,HI,21.3359,-157.9158,1920.1538,22.4588,103.0,18.6423,0.4583,6,2,0.7845,True,False
1258350,18567,35620,NY,41.3163,-74.1264,1623.7692,2.4261,94.5,17.1827,0.3849,2,1,0.7838,True,False
1255094,16188,40140,CA,33.72,-116.3828,786.3846,1.5799,105.0,7.4894,0.0262,4,0,0.7837,True,True
6294397,1031884,31080,CA,34.046,-118.4511,434.7692,16.3921,113.5,3.8306,0.0216,10,2,0.7836,True,True
1259257,11644,38900,OR,45.5162,-122.7547,1572.5385,10.9465,98.0,16.0463,0.4711,3,0,0.7832,True,False
1252929,13423,33460,MN,44.9114,-93.3531,1055.3846,-2.6605,98.0,10.7692,0.1556,2,0,0.7829,True,True
1249526,17069,35620,NY,40.6863,-73.991,1819.2308,-14.2401,105.0,17.326,0.4479,12,10,0.7826,True,False
5430113,1025180,31080,CA,33.8037,-117.9052,282.3077,-2.0027,114.5,2.4656,0.0116,11,0,0.7815,True,True
5069795,1022239,18140,OH,40.0059,-83.009,1248.0769,13.6523,101.5,12.2963,0.0877,3,2,0.7814,True,True
1253466,15218,17140,OH,39.1458,-84.4291,1335.7692,-4.0661,105.0,12.7216,0.18,6,1,0.7801,True,True
2547126,88730,16980,IL,41.8794,-87.6247,3438.8462,4.4607,112.0,30.704,0.8253,44,38,0.7791,True,False
2548295,1016562,40140,CA,34.1107,-117.5338,1904.6923,-3.0425,99.25,19.1909,0.1397,3,1,0.7781,True,False
2547198,116571,40900,CA,38.7722,-121.31,1761.4615,0.2891,98.0,17.9741,0.3235,3,1,0.7772,True,False
2547038,51997,21660,OR,44.0525,-123.0997,1041.8462,-2.068,98.0,10.6311,0.2,2,0,0.7767,True,True
1257763,1016001,47900,DC,38.9017,-77.0234,4418.3846,24.1253,105.0,42.0799,0.9785,20,8,0.7766,True,False
2545280,11419,12420,TX,30.2697,-97.7541,3277.0769,0.429,101.5,32.2865,0.6588,8,0,0.7762,True,False
1253385,14173,38900,OR,45.49,-122.7983,1574.8462,5.0814,98.0,16.0699,0.4793,3,0,0.7738,True,False
1250719,91220,31080,CA,34.0186,-118.2818,781.0769,2.94,108.0,7.2322,0.0782,6,1,0.773,True,True
1254278,16586,19740,CO,39.6675,-104.9392,1103.8462,2.0989,98.0,11.2637,0.1756,2,1,0.7729,True,True
2545136,10842,12060,GA,33.7803,-84.3688,2155.0,-3.1595,101.5,21.2315,0.4314,6,2,0.7724,True,False
1254747,13457,40900,CA,38.8772,-121.2955,1396.6923,2.5356,101.5,13.7605,0.1471,3,0,0.7719,True,True
1253779,8772,42660,WA,47.2712,-122.4892,1192.4615,-3.1912,100.5,11.8653,0.2353,3,0,0.7717,True,True
1251169,1005289,16740,NC,35.2249,-80.8486,2006.1538,3.4921,104.0,19.2899,0.2368,6,3,0.7717,True,False
1256857,1030439,47900,MD,38.9809,-77.0929,568.2308,16.0383,105.0,5.4117,0.1116,4,3,0.7715,True,True
1254329,9168,31080,CA,34.1705,-118.57,1166.1538,1.7928,101.5,11.4892,0.1814,3,0,0.7706,True,True
6294516,1031272,12420,TX,30.2851,-97.7447,1159.1538,9.6485,105.0,11.0396,0.1176,4,0,0.7701,True,True
1254205,11575,31080,CA,33.9023,-118.3836,1086.6923,20.7539,107.5,10.1088,0.1547,5,0,0.7695,True,True
1253737,11786,41860,CA,37.4903,-122.2403,1190.3077,2.7831,101.5,11.7272,0.415,4,0,0.7687,True,True
1254392,12148,31080,CA,34.0431,-118.4316,729.8462,11.3092,107.5,6.7893,0.0666,5,1,0.7684,True,True
1257495,11157,35620,NY,40.8071,-73.965,1014.1538,75.8805,112.0,9.0549,0.1672,7,14,0.7684,True,True
1260664,7900,16980,IL,42.1535,-88.1288,3033.3846,6.4231,86.0,35.2719,0.7392,1,1,0.7679,True,False
1260256,16097,28420,WA,46.2631,-119.2664,2731.7692,-2.1195,89.5,30.5226,0.4615,1,0,0.7677,True,False
12195681,1028121,42660,WA,47.6658,-122.1646,1133.1538,0.8282,101.5,11.1641,0.1961,3,0,0.7675,True,True
13368205,1042974,34820,SC,33.6973,-78.8788,1854.0,-8.0708,105.0,17.6571,0.0769,5,0,0.7671,True,False
2544231,7081,16980,IL,41.8808,-87.6321,4096.3077,15.0599,113.5,36.0908,0.9086,51,41,0.7669,True,False
2545328,1008994,16980,IL,41.8859,-87.6248,4205.5385,6.5918,112.0,37.5495,0.9247,48,35,0.7666,True,False
1252857,1013218,21660,OR,44.0447,-123.0741,2146.3077,-6.701,90.0,23.8479,0.9,2,0,0.7665,True,False
2547155,1011580,31080,CA,34.1456,-118.1432,1024.6154,18.4316,112.0,9.1484,0.1464,9,1,0.7646,True,True
5429055,1010266,17140,OH,39.1028,-84.5106,1246.8462,5.8098,98.0,12.7229,0.14,2,4,0.7644,True,True
1260512,14535,41860,CA,37.895,-122.1045,579.9231,0.52,100.5,5.7704,0.125,2,0,0.7643,True,True
7282011,1033179,40900,CA,38.6642,-121.2731,896.3077,4.5961,104.0,8.6183,0.0368,3,0,0.7641,True,True
1254678,9292,31080,CA,33.9015,-118.3668,1393.8462,10.2726,107.5,12.966,0.2696,7,1,0.764,True,True
1260726,8328,35620,NY,40.6323,-73.9487,1004.3846,40.1116,105.0,9.5656,0.1609,4,12,0.7637,True,True
2546429,16482,31540,WI,43.0739,-89.3828,1228.3846,-5.6484,98.0,12.5345,0.2222,2,0,0.7632,True,True
2546503,16845,16980,IL,41.943,-87.6794,1062.5385,4.139,112.0,9.487,0.0995,11,5,0.763,True,True
1250636,90536,47900,MD,39.0431,-77.1118,442.3846,4.9261,104.0,4.2537,0.0558,3,1,0.7625,True,True
1250831,90103,40900,CA,38.6789,-121.2652,1674.0,5.2728,103.0,16.2524,0.2721,4,0,0.7613,True,False
2544131,1022775,31080,CA,33.6522,-117.7459,794.1538,11.647,104.5,7.5996,0.0799,3,0,0.759,True,True
5071557,1018753,41700,TX,29.5126,-98.5701,1779.0,1.3631,104.0,17.1058,0.0649,4,1,0.7589,True,False
1252245,1007789,19100,TX,32.8476,-96.7697,2183.8462,8.4996,107.5,20.3148,0.2569,7,0,0.7588,True,False
1254723,9014,46060,AZ,32.2204,-110.8667,723.1538,5.1684,104.0,6.9534,0.0294,3,1,0.7586,True,True
13284985,1044074,17820,CO,38.9335,-104.7405,717.6154,13.5191,105.0,6.8344,0.0645,3,0,0.7585,True,True
1253571,16023,42660,WA,47.6108,-122.2004,3574.6923,15.0358,101.5,35.2186,0.951,9,0,0.758,True,False
1260576,8238,37980,PA,39.9425,-75.1572,1423.3077,-3.5247,107.5,13.2401,0.2482,10,22,0.7579,True,True
1248530,17814,29540,PA,40.075,-76.3229,2410.1538,6.3905,101.5,23.7454,0.4545,5,1,0.7574,True,False
5071867,1009777,31080,CA,34.0481,-118.2584,1013.0769,-6.0225,114.5,8.8478,0.1414,14,1,0.7573,True,True
1260266,9635,19780,IA,41.6312,-93.6982,3094.1538,2.6253,93.5,33.0926,0.4091,2,2,0.7568,True,False
1249105,17883,10580,NY,42.6896,-73.8502,3987.6923,0.7071,82.5,48.3357,0.9474,1,2,0.7563,True,False
1248932,9955,19740,CO,39.7764,-105.0247,1126.3077,6.294,105.0,10.7267,0.1832,4,0,0.7548,True,True
13205419,1054739,19100,TX,32.8442,-96.7874,1311.3077,-6.438,105.0,12.4886,0.0556,4,0,0.7545,True,True
1252462,11322,16980,IL,42.3851,-87.9776,2656.8462,-1.6851,98.0,27.1107,0.6156,4,0,0.7538,True,False
2546828,18220,31080,CA,34.0342,-118.6936,1645.6154,9.5111,98.0,16.792,0.3444,2,0,0.753,True,False
2545750,13541,29540,PA,40.0275,-76.2232,3474.0,-0.6883,84.0,41.3571,0.9091,1,1,0.7529,True,False
2545004,10217,31080,CA,34.0327,-118.4754,1177.0,4.2302,107.5,10.9488,0.183,6,1,0.7528,True,True
1255091,13422,31080,CA,33.7876,-117.8677,709.0,11.3299,107.5,6.5953,0.0582,4,0,0.7518,True,True
1250149,10508,47900,VA,38.8984,-77.1189,987.6154,24.0723,105.0,9.4059,0.2961,4,1,0.7512,True,True
5070921,7078,12060,GA,33.8256,-84.3656,757.0769,2.6277,101.5,7.4589,0.0131,2,1,0.7505,True,True
2546248,15719,41740,CA,33.2405,-117.2936,1038.5385,7.0658,106.5,9.7515,0.0867,4,0,0.7502,True,True
2544995,10183,45060,NY,43.0696,-76.1733,3479.6154,4.9706,79.5,43.7687,0.6364,0,5,0.7501,True,False
1249802,6571,31020,WA,46.1467,-122.9263,2130.4615,-5.4744,96.0,22.1923,0.6667,3,0,0.7493,True,False
1259391,10430,31080,CA,33.9191,-118.4134,1018.7692,1.1147,100.5,10.137,0.1431,2,0,0.7492,True,True
6294904,1033854,16860,GA,34.9387,-85.2156,2931.5385,1.1573,84.0,34.8993,0.4167,0,0,0.749,True,False
5430043,1026266,41620,UT,40.761,-111.8789,1464.9231,5.3785,105.0,13.9516,0.3438,5,0,0.7482,True,True
1253024,1005633,16980,IL,41.7954,-88.1217,4196.4615,15.3118,84.0,49.9579,0.922,1,2,0.7482,True,False
1259841,11376,16740,NC,35.4454,-80.8796,687.2308,7.1608,102.0,6.7376,0.0921,2,0,0.7477,True,True
1252523,1009788,19100,TX,32.9004,-96.461,1629.0769,-7.4792,105.0,15.515,0.1076,5,2,0.7477,True,False
2548433,1017335,14500,CO,40.0044,-105.1035,1334.6923,-2.0382,104.0,12.8336,0.2308,4,0,0.7476,True,True
1248735,9922,19740,CO,39.7654,-104.9945,2090.1538,10.4014,98.0,21.3281,0.6031,3,0,0.7476,True,False
1250381,65998,16980,IL,41.8823,-87.6247,3927.4615,10.3315,114.0,34.4514,0.8898,48,37,0.7475,True,False
1250251,18266,14260,ID,43.6042,-116.3541,1453.6154,3.71,100.5,14.4638,0.1111,2,0,0.7474,True,False
1260622,14588,38060,AZ,33.5164,-112.0829,1088.3846,1.5284,101.0,10.7761,0.0631,2,0,0.7472,True,True
1250517,70102,12580,MD,39.2712,-76.6012,1424.2308,49.5437,105.0,13.5641,0.3939,4,3,0.747,True,True
5715439,17390,29820,NV,35.9967,-115.1277,1121.0,3.5455,107.5,10.4279,0.0722,5,1,0.746,True,True
11884409,1043604,17140,OH,39.1604,-84.418,1303.3846,8.4833,105.0,12.4132,0.16,4,1,0.7448,True,True
1252609,16263,16980,IL,41.9547,-87.679,1028.6154,13.7655,112.0,9.1841,0.0914,9,6,0.7446,True,True
1260444,9695,16740,NC,35.7916,-80.8619,4435.3077,3.0177,84.0,52.8013,0.8553,1,1,0.7437,True,False
1254851,11488,31080,CA,34.0834,-118.3562,888.5385,8.1352,111.5,7.969,0.1048,7,0,0.7432,True,True
1253578,8684,47460,WA,46.067,-118.3381,835.8462,6.9278,98.0,8.529,0.5,2,0,0.7426,True,True
2548167,1016072,14260,ID,43.6874,-116.3341,2289.0,0.2425,89.0,25.7191,0.7407,1,0,0.7422,True,False
1251840,1006824,42660,WA,47.3872,-122.2044,1032.7692,13.9341,98.0,10.5385,0.1324,1,0,0.7421,True,True
13205491,1053809,35620,NY,40.6892,-73.9828,1167.5385,-0.5048,112.0,10.4245,0.2019,12,8,0.7418,True,True
2545760,13594,41180,MO,38.6708,-90.4351,2569.2308,-2.6551,84.0,30.5861,0.4783,0,0,0.7417,True,False
1259882,10067,33100,FL,25.7651,-80.1929,1050.8462,-22.4644,112.0,9.3826,0.117,11,1,0.7417,True,True
6294790,1033864,26420,TX,29.7544,-95.4541,1925.3846,4.4091,104.0,18.5133,0.2398,4,0,0.7413,True,False
1251199,1005428,16700,SC,32.8734,-80.0184,1597.3077,-11.0021,94.5,16.9027,0.1304,1,1,0.7408,True,False
6294433,1031376,16980,IL,41.8848,-87.6259,6816.6154,28.6359,112.0,60.8626,0.9946,49,36,0.7403,True,False
2545694,13341,31080,CA,34.0668,-118.4102,1323.9231,-4.9011,104.0,12.73,0.2496,4,0,0.7402,True,True
5715509,1018089,26900,IN,40.0206,-86.1632,1491.4615,3.3804,97.0,15.3759,0.0976,1,0,0.7396,True,False
2544664,8832,31080,CA,34.0717,-118.3608,163.0,19.9208,114.5,1.4236,0.005,7,1,0.7381,True,True
1256663,15796,41860,CA,37.4851,-122.2311,1081.8462,3.847,105.0,10.3033,0.37,5,1,0.7377,True,True
2545351,11749,12060,GA,33.8353,-84.3828,2771.3077,7.5658,101.5,27.3035,0.6013,5,0,0.7374,True,False
1249759,16949,14500,CO,40.0158,-105.1024,1153.4615,-4.1179,104.0,11.091,0.0769,3,0,0.7373,True,True
1252559,12483,18140,OH,39.9987,-83.0073,2931.2308,8.4745,101.5,28.8791,0.6316,6,2,0.7365,True,False
1250803,17736,19740,CO,39.7692,-105.0458,913.3077,3.5406,105.0,8.6982,0.0763,3,0,0.7361,True,True
2544790,9363,47900,DC,38.9268,-77.1027,620.0,-0.0496,98.0,6.3265,0.1202,1,0,0.7359,True,True
1249774,18245,10580,NY,42.751,-73.7644,1740.0769,2.4409,96.0,18.1258,0.4211,2,2,0.7355,False,False
1254052,1010115,41860,CA,37.8334,-122.2493,391.6923,13.1304,100.5,3.8974,0.03,1,0,0.7353,False,True
1255103,15549,19740,CO,39.6765,-104.9133,962.1538,0.4497,91.0,10.5731,0.0916,0,0,0.7352,False,True
1252513,1009766,38900,OR,45.4425,-122.7773,1259.0,10.6177,105.0,11.9905,0.314,4,0,0.7338,False,True
5071841,1026094,19100,TX,32.807,-96.8107,1900.6923,5.7567,112.0,16.9705,0.1736,9,0,0.7337,False,False
1253086,16603,30460,KY,38.0307,-84.4903,1900.4615,0.529,107.5,17.6787,0.2353,6,0,0.7335,False,False
2545211,11081,12060,GA,33.7681,-84.3495,1575.7692,6.6538,105.0,15.0073,0.1699,4,1,0.7334,False,False
1258854,13552,35620,NY,40.7939,-73.9728,550.9231,3.4971,112.0,4.919,0.0662,9,14,0.7329,False,True
5070223,1019288,44180,MO,37.1662,-93.2622,6151.0769,-1.5731,88.0,69.8986,1.0,3,0,0.7327,False,False
1250033,18323,38900,OR,45.5269,-122.6609,1597.5385,4.7566,104.0,15.3609,0.5124,5,0,0.7321,False,False
1248424,7078,12060,GA,33.8256,-84.3655,1017.3846,-0.534,101.5,10.0235,0.0458,2,1,0.7321,False,True
1249896,6611,19100,TX,32.83,-96.8272,2039.2308,8.1997,105.0,19.4212,0.2049,4,0,0.7315,False,False
6294241,1030661,19100,TX,32.814,-96.8086,1564.8462,1.7455,112.0,13.9718,0.0938,8,0,0.731,False,True
5069787,16365,31140,KY,38.2144,-85.5914,1489.3846,8.6715,105.0,14.1846,0.0667,3,0,0.7304,False,False
5429399,15188,26420,TX,29.7736,-95.5621,1840.0769,4.3583,105.0,17.5245,0.2081,4,0,0.7297,False,False
2546299,15931,11260,AK,61.1451,-149.8632,1947.1538,4.8592,101.5,19.1838,0.5455,4,0,0.7297,False,False
2546711,17736,19740,CO,39.7692,-105.0458,1000.3846,4.6343,105.0,9.5275,0.1069,3,0,0.7295,False,True
1254384,1016402,38060,AZ,33.5031,-111.929,3586.2308,18.7857,97.0,36.9715,0.6893,3,0,0.7294,False,False
1255390,15760,41860,CA,37.6947,-122.0865,949.6923,-0.0971,105.0,9.0447,0.295,4,0,0.7294,False,True
1253640,15193,42660,WA,47.7614,-122.1763,845.8462,-3.3234,105.0,8.0557,0.0686,3,0,0.729,False,True
1249718,17327,33460,MN,45.0346,-92.846,2188.3077,-7.5824,98.0,22.3297,0.5444,3,0,0.7289,False,False
1259704,17711,16740,NC,35.2013,-80.8434,2014.0,5.1866,105.0,19.181,0.2632,5,2,0.7287,False,False
1254577,16219,31080,CA,33.8373,-118.1847,816.6923,10.1806,106.0,7.7046,0.0882,3,0,0.7283,False,True
1254216,9205,31080,CA,34.0594,-118.4448,605.6923,8.6219,110.0,5.5063,0.0416,5,1,0.7281,False,True
13641722,9303,16980,IL,42.0022,-87.661,1626.4615,8.9953,98.0,16.5965,0.2661,2,7,0.7276,False,False
6294996,1037570,47900,DC,38.8787,-77.0233,644.2308,-7.6524,111.0,5.8039,0.1288,8,3,0.727,False,True
1260442,15761,20500,NC,35.9046,-78.9373,1064.0769,-14.59,105.0,10.1341,0.1818,4,0,0.7253,False,True
7281983,1031781,34980,TN,36.1608,-86.7864,498.6923,4.869,112.5,4.4328,0.0392,7,2,0.725,False,True
1258109,13990,38300,PA,40.4558,-79.9395,1305.0,2.2604,112.0,11.6518,0.1587,9,2,0.7238,False,True
2546981,19114,35620,NY,40.786,-73.9507,1579.6154,17.6791,112.0,14.1037,0.3691,13,22,0.7236,False,False
1259641,16069,16740,NC,35.2125,-80.8179,3010.5385,-6.5139,98.0,30.7198,0.5526,4,3,0.7234,False,False
1250870,113324,11260,AK,61.229,-149.7424,1976.1538,-11.3588,94.5,20.9117,0.6364,2,0,0.7231,False,False
1254571,14956,41860,CA,37.925,-122.0882,617.2308,-4.1338,98.0,6.2983,0.155,1,0,0.7231,False,True
1248493,14598,33460,MN,44.9397,-93.1448,843.8462,2.075,105.0,8.0366,0.0778,3,1,0.722,False,True
1260174,16881,14260,ID,43.6175,-116.3551,2160.9231,2.2941,98.0,22.0502,0.6667,3,0,0.7216,False,False
2546309,15973,13380,WA,48.7698,-122.4438,1720.6154,1.1715,93.5,18.4023,0.8889,2,0,0.721,False,False
1252726,1012069,11260,AK,61.1282,-149.8852,1286.8462,4.9432,101.5,12.6783,0.1818,2,0,0.7208,False,True
1253310,16065,40900,CA,38.81,-121.2833,1454.0769,-4.8091,100.5,14.4684,0.1838,2,0,0.7208,False,False
5071410,1020697,11260,AK,61.1942,-149.9126,1834.5385,11.1116,94.5,19.4131,0.4545,1,0,0.7207,False,False
1251582,16988,46520,HI,21.2795,-157.8302,673.0769,42.1378,118.0,5.704,0.1042,9,0,0.7206,False,True
2546441,16527,47900,VA,38.8945,-77.1882,796.4615,7.2842,105.0,7.5853,0.206,3,0,0.7206,False,True
11883908,1039038,11460,MI,42.2977,-84.0261,764.4615,85.6529,98.0,7.8006,0.125,0,1,0.7201,False,True
1253674,8771,42660,WA,47.581,-122.3841,933.0,5.8747,103.0,9.0583,0.098,2,0,0.7201,False,True
2545723,13451,47900,VA,38.952,-77.3473,1115.3077,30.763,105.0,10.622,0.3562,3,0,0.7192,False,True
2545736,13498,35620,NY,40.6924,-73.9912,400.3077,0.8918,117.0,3.4214,0.0347,13,8,0.7187,False,True
1253495,9071,42660,WA,47.6727,-122.1107,1542.2308,0.0,105.0,14.6879,0.451,5,0,0.7179,False,False
1260804,9068,12060,GA,33.8189,-84.3883,1564.2308,-4.5171,105.0,14.8974,0.1634,4,1,0.7176,False,False
5070194,1021021,16980,IL,42.1533,-88.0354,1207.3846,-2.6605,101.0,11.9543,0.129,2,1,0.7175,False,True
1255163,15555,31080,CA,33.6996,-117.8653,971.8462,1.4861,107.5,9.0404,0.1231,4,0,0.717,False,True
1250292,66363,41860,CA,37.9269,-122.055,1258.0,13.6326,106.5,11.8122,0.465,5,0,0.7169,False,True
12134493,1031781,34980,TN,36.1609,-86.7864,1033.8462,18.9591,112.5,9.1897,0.1176,7,2,0.7157,False,True
1249822,10948,40900,CA,38.5843,-121.2845,1129.9231,8.1983,108.5,10.414,0.0588,4,0,0.7154,False,True
1253278,16884,13460,OR,44.0466,-121.3311,1430.3846,-3.9465,100.5,14.2327,0.2222,2,0,0.7153,False,False
1248709,10287,38900,OR,45.4589,-122.7893,1653.0,8.5797,98.0,16.8673,0.5372,2,0,0.7152,False,False
1253761,17662,42660,WA,47.6749,-122.1288,1298.8462,8.6411,107.5,12.0823,0.3235,5,0,0.7151,False,True
1255474,15279,19100,TX,32.9303,-96.8198,2443.1538,6.731,105.0,23.2681,0.3368,5,1,0.7148,False,False
5070338,1026233,24340,MI,42.9162,-85.5009,391.8462,9.6899,101.0,3.8797,0.0455,1,0,0.7148,False,True
2544752,9198,47900,VA,38.8232,-77.162,1460.3846,7.4846,98.0,14.9019,0.5579,2,0,0.7146,False,False
1255392,13712,36420,OK,35.6532,-97.4665,2652.1538,1.9908,101.5,26.1296,0.2979,3,0,0.7137,False,False
1248751,17549,46140,OK,36.1123,-95.9754,1977.6154,5.5378,98.0,20.1797,0.08,1,0,0.7136,False,False
5430098,1015758,47900,DC,38.9748,-77.0153,533.0,25.936,105.0,5.0762,0.0858,2,1,0.7136,False,True
1253539,15849,42660,WA,47.6021,-122.2854,1079.8462,-1.8184,98.0,11.0188,0.1471,1,0,0.7135,False,True
1255100,16363,41940,CA,37.3343,-121.9241,1543.3077,6.1534,107.5,14.3564,0.43,6,0,0.7135,False,False
2547581,1014242,17460,OH,41.4629,-81.4807,2520.4615,-3.2138,84.0,30.0055,0.6296,0,0,0.7134,False,False
2547143,90069,41940,CA,37.4241,-122.1708,1541.0769,-0.0299,95.0,16.2219,0.41,1,0,0.7132,False,False
2548168,1016073,36500,WA,47.0478,-122.8324,3290.9231,5.3432,101.5,32.4229,0.9286,7,0,0.713,False,False
1259065,13926,12580,MD,39.3789,-76.6268,773.1538,-0.8777,98.0,7.8893,0.1364,1,1,0.7127,False,True
1250935,116580,48900,NC,34.2168,-77.907,3876.0,-0.4701,91.0,42.5934,0.75,2,1,0.7126,False,False
5429396,9300,19100,TX,32.9712,-96.9925,531.3846,5.9347,105.0,5.0608,0.0035,2,0,0.7119,False,True
5070617,1025760,45060,NY,43.0443,-76.0676,4805.6923,-1.6761,77.0,62.4116,0.9091,0,1,0.7113,False,False
1250434,8771,42660,WA,47.581,-122.3841,1006.9231,4.0789,103.0,9.776,0.1176,2,0,0.7112,False,True
1248881,17490,19100,TX,32.7674,-97.0977,2961.0769,-1.4768,92.0,32.1856,0.4826,1,0,0.7108,False,False
2548446,12485,18140,OH,39.9881,-83.0352,1193.3077,-5.8449,108.5,10.9982,0.0702,5,1,0.71,False,True
12196155,8981,37980,PA,39.961,-75.1714,1415.3846,7.6464,112.0,12.6374,0.2336,11,21,0.7096,False,True
2546780,16884,13460,OR,44.0466,-121.3312,1504.7692,7.1479,100.5,14.9728,0.3333,2,0,0.7092,False,False
1255230,16369,42200,CA,34.4384,-119.7482,365.5385,4.947,105.0,3.4813,0.0455,2,0,0.7087,False,True
1253981,12337,38900,OR,45.5484,-122.6511,700.8462,11.915,100.5,6.9736,0.0992,1,0,0.7086,False,True
1252722,9295,16980,IL,41.9617,-87.6762,880.4615,4.6444,110.0,8.0042,0.0753,6,7,0.7083,False,True
1254207,16307,31080,CA,34.136,-118.1325,1197.8462,1.6582,112.0,10.6951,0.193,8,1,0.7069,False,True
1249536,6733,47900,VA,38.8028,-77.062,1016.2308,4.7245,106.5,9.5421,0.3133,5,4,0.7066,False,True
1253660,11513,42660,WA,47.5227,-122.3656,1181.0769,-4.2589,104.0,11.3565,0.2255,3,0,0.7064,False,True
11884237,1038408,43620,SD,43.5375,-96.6536,538.6154,11.09,105.0,5.1297,0.0769,2,0,0.7054,False,True
1253387,15085,38900,OR,45.3006,-122.7742,1324.4615,21.3903,105.0,12.6139,0.3223,3,0,0.7051,False,True
5428494,1023875,42660,WA,48.0767,-122.1828,575.6923,0.9578,107.5,5.3553,0.0245,3,0,0.705,False,True
2547399,1009977,47900,VA,38.8625,-77.0565,695.3846,-3.2431,107.5,6.4687,0.1674,5,6,0.7048,False,True
1249614,6891,38900,OR,45.383,-122.7494,1645.2308,-0.9264,103.0,15.9731,0.5289,4,0,0.7043,False,False
2548117,1015909,16980,IL,41.8876,-87.6242,2942.2308,2.7564,119.0,24.7246,0.7124,50,36,0.7041,False,False
1254214,1010143,10740,NM,35.1069,-106.5879,1149.9231,-0.9475,106.5,10.7974,0.0244,3,0,0.7038,False,True
2546346,16151,16980,IL,41.9647,-87.6857,1296.9231,0.095,108.5,11.9532,0.1586,6,6,0.7035,False,True
1257398,11807,35620,NY,40.94,-73.744,778.1538,-1.9482,98.0,7.9403,0.1041,1,3,0.703,False,True
5429174,18467,33100,FL,25.7872,-80.3807,6605.7692,13.2005,87.0,75.9284,0.9825,2,1,0.7029,False,False
1260238,15011,41940,CA,37.2856,-121.9823,1748.9231,9.513,105.0,16.6564,0.58,5,0,0.7024,False,False
1254762,16512,41860,CA,37.6606,-122.4774,1547.4615,6.4448,107.5,14.395,0.62,7,0,0.702,False,False
1254880,16690,26420,TX,29.7477,-95.4549,1286.2308,21.8998,110.0,11.693,0.0769,4,0,0.7017,False,True
1255658,11707,47900,MD,39.0629,-77.1276,897.3846,-6.2671,105.0,8.5465,0.2532,4,3,0.7013,False,True
1254822,15475,41700,TX,29.4741,-98.6139,2301.1538,10.5139,98.0,23.4812,0.1429,1,0,0.7007,False,False
1254288,16036,31080,CA,34.1607,-118.5104,1524.8462,0.5784,105.0,14.5223,0.3045,4,1,0.6988,False,False
1249143,8448,12580,MD,39.3564,-76.6344,655.6923,-5.9576,103.0,6.3659,0.0909,2,1,0.6985,False,True
1248485,17062,47300,CA,36.3192,-119.3143,1368.6923,5.2965,105.0,13.0352,0.1481,3,1,0.6983,False,True
1249017,6750,47900,DC,38.8761,-77.0035,2351.2308,30.4233,106.5,22.0773,0.8112,8,3,0.698,False,False
2546279,15845,37980,PA,40.3102,-75.1307,464.6923,-2.1859,105.0,4.4256,0.0219,2,0,0.6976,False,True
1257103,12024,12580,MD,39.3688,-76.6495,1015.1538,1.6405,98.0,10.3587,0.197,1,1,0.6968,False,True
2546415,16417,42660,WA,47.6048,-122.3397,1611.0769,-12.697,112.0,14.3846,0.5049,12,0,0.6967,False,False
6294169,1030917,40060,VA,37.5589,-77.4648,1775.1538,18.3254,105.0,16.9062,0.2105,3,1,0.6962,False,False
1255475,12707,36420,OK,35.2317,-97.4963,1009.6154,7.9359,105.0,9.6154,0.0213,2,0,0.696,False,True
11884673,1042831,23420,CA,36.7401,-119.781,1652.5385,1.9214,105.0,15.7385,0.1667,3,0,0.6958,False,False
1249736,7757,41620,UT,40.7567,-111.8977,1832.2308,4.6667,105.0,17.4498,0.5625,5,0,0.6958,False,False
1260435,11729,31080,CA,33.9669,-118.0482,922.8462,4.0142,104.0,8.8735,0.1098,2,0,0.6955,False,True
2544343,6779,17820,CO,38.965,-104.757,1447.0769,1.4671,105.0,13.7817,0.1935,3,0,0.6951,False,True
1253802,15232,42660,WA,47.7066,-122.2119,1163.8462,-1.027,105.0,11.0842,0.2157,3,0,0.6944,False,True
1254347,13355,41860,CA,37.7801,-122.4781,979.7692,4.4873,98.0,9.9976,0.31,1,0,0.6942,False,True
6294827,1033485,18140,OH,40.0884,-83.1236,753.6923,3.6277,105.0,7.178,0.0351,2,0,0.6941,False,True
1253526,16759,42660,WA,47.2455,-122.4373,1178.8462,-5.5237,91.0,12.9544,0.2206,0,0,0.6936,False,True
1254971,9022,41940,CA,37.3039,-121.8972,1294.6154,4.9317,105.0,12.3297,0.25,3,0,0.6935,False,True
11883990,1039665,17820,CO,38.8777,-104.8462,1477.0769,0.4499,101.5,14.5525,0.2581,2,0,0.6931,False,False
5070914,1025253,12060,GA,33.775,-84.3891,798.4615,-0.1155,115.5,6.9131,0.0196,10,6,0.693,False,True
12195968,11705,47900,MD,38.9633,-77.1072,1331.5385,1.8955,102.5,12.9906,0.4678,3,0,0.6929,False,True
1253822,11984,42660,WA,47.6472,-121.9155,1220.4615,-1.6489,91.0,13.4117,0.25,0,0,0.6927,False,True
7282187,1040048,31540,WI,42.9871,-89.5526,3059.1538,-1.8292,84.0,36.4185,0.6667,0,0,0.6925,False,False
2546020,14656,46520,HI,21.279,-157.8138,1152.2308,1.9951,112.0,10.2878,0.2292,7,0,0.6925,False,True
5715385,1030068,32780,OR,42.3419,-122.8594,769.0769,6.8391,107.5,7.1542,0.5,5,0,0.6922,False,True
1254842,9020,40900,CA,38.743,-121.2516,1355.8462,5.8237,108.5,12.4963,0.125,4,0,0.6921,False,True
1255050,9352,31080,CA,33.7343,-117.8151,1296.0,2.6003,105.0,12.3429,0.2379,3,0,0.6921,False,True
1253333,13717,38900,OR,45.5347,-122.8768,1539.4615,7.1991,105.0,14.6615,0.4628,4,0,0.6917,False,False
2544220,7019,36420,OK,35.6389,-97.461,2811.6154,-14.1209,98.0,28.69,0.3191,2,0,0.6915,False,False
1248541,18142,41860,CA,37.6645,-122.4454,1213.3846,3.8105,100.5,12.0735,0.435,2,0,0.6914,False,True
1253442,9552,42660,WA,47.6814,-122.2907,657.0,-3.9582,107.5,6.1116,0.0392,3,0,0.6911,False,True
1258735,18179,47900,DC,38.9295,-77.0332,208.7692,-40.8843,105.0,1.9883,0.0129,3,1,0.6908,False,True
1255038,11709,41860,CA,37.4522,-122.1837,496.4615,4.0129,105.0,4.7282,0.1,2,0,0.6907,False,True
1254399,15797,41860,CA,37.6029,-122.3948,2186.0,-0.5877,101.5,21.5369,0.85,5,0,0.6899,False,False
5715182,1028138,40060,VA,37.5065,-77.6034,2161.0,1.0612,98.0,22.051,0.4211,2,2,0.6898,False,False
1252926,15189,17140,OH,39.5102,-84.7417,3398.7692,5.2752,101.5,33.4854,0.5,4,1,0.6897,False,False
5071090,1017913,40060,VA,37.6595,-77.6377,1467.0,-2.9169,107.5,13.6465,0.1579,4,0,0.6892,False,True
1253001,16365,31140,KY,38.2144,-85.5913,2277.0769,7.6084,105.0,21.6864,0.1667,3,0,0.6891,False,False
12195782,6590,35620,NY,40.7886,-73.9759,1544.3077,3.4685,112.0,13.7885,0.3407,11,12,0.6888,False,True
5069894,1027025,17140,OH,39.1578,-84.424,834.6154,-1.7833,112.0,7.4519,0.06,6,1,0.6887,False,True
6294434,1031342,16980,IL,41.8305,-88.0559,1312.6154,-10.0237,98.0,13.394,0.1694,1,0,0.6886,False,True
2548497,1017720,41420,OR,44.9382,-123.0367,1041.3077,2.22,104.0,10.0126,0.1176,2,0,0.6873,False,True
1255761,11429,47900,DC,38.9446,-77.0957,826.3846,-4.6507,98.0,8.4325,0.2232,1,1,0.6871,False,True
1259557,8467,40900,CA,38.7813,-121.2866,2408.3846,9.7445,103.0,23.3824,0.6029,4,0,0.6871,False,False
1253735,12056,41940,CA,37.3854,-121.9279,563.8462,9.7634,108.0,5.2208,0.08,3,1,0.6868,False,True
1254232,16309,31080,CA,34.1363,-118.1502,898.0,4.0278,112.0,8.0179,0.1082,6,1,0.6866,False,True
1253622,13053,42660,WA,47.5773,-122.169,1656.0,11.5556,102.5,16.1561,0.5343,3,0,0.6863,False,False
1252627,12485,18140,OH,39.9881,-83.0352,1475.1538,-2.8127,108.5,13.5959,0.1754,5,1,0.686,False,True
7282110,1040187,37980,PA,40.017,-75.3085,642.1538,-0.7962,104.0,6.1746,0.0511,2,2,0.6856,False,True
1254839,16275,19100,TX,32.8506,-96.8203,1091.7692,4.4448,105.0,10.3978,0.0347,2,0,0.685,False,True
2546063,14838,41740,CA,32.9532,-117.2312,795.3846,-6.1365,107.5,7.3989,0.0289,3,0,0.6849,False,True
1258919,14823,38300,PA,40.5302,-80.0107,2257.0769,4.19,105.0,21.496,0.381,4,0,0.6847,False,False
5428695,14829,41740,CA,32.866,-117.2322,1636.6154,16.1734,106.0,15.4398,0.237,3,0,0.6841,False,False
1254470,15923,31080,CA,34.1557,-118.347,744.3846,0.6134,114.5,6.5012,0.0715,7,0,0.684,False,True
1253947,15843,38900,OR,45.5484,-122.6153,630.5385,6.3855,101.5,6.2122,0.0826,1,0,0.6839,False,True
5070883,1018905,34060,WV,39.6563,-79.9455,1032.4615,3.143,105.0,9.833,0.25,3,1,0.6834,False,True
1259721,15358,33100,FL,26.3621,-80.1244,326.0769,-1.1888,105.0,3.1055,0.0175,2,2,0.6831,False,True
1258800,113324,11260,AK,61.2289,-149.7424,2345.7692,-7.5573,94.5,24.823,0.8182,2,0,0.6828,False,False
7281937,1034459,17140,KY,39.1029,-84.4881,468.9231,-0.1801,108.5,4.3219,0.04,3,0,0.6825,False,True
2545340,11711,31080,CA,34.1625,-118.3146,1681.5385,3.2935,108.5,15.4981,0.3677,6,1,0.6822,False,False
2547341,1008848,37980,PA,40.0023,-75.2747,1369.6923,-9.3796,104.0,13.1701,0.2117,3,1,0.6821,False,True
1250072,7007,31080,CA,34.1633,-118.2646,1406.9231,5.2298,112.0,12.5618,0.2729,7,0,0.682,False,True
1253352,14084,31080,CA,33.7009,-117.8844,2439.5385,3.0579,107.5,22.6934,0.6955,8,0,0.682,False,False
12196020,1052773,12260,GA,33.5228,-82.0214,595.3077,-2.6051,105.0,5.6696,0.0714,2,0,0.6817,False,True
2547969,1015467,19740,CO,39.5357,-104.8802,599.2308,-11.8778,107.5,5.5742,0.0305,3,0,0.6816,False,True
5430055,1026099,19740,CO,39.6127,-105.0058,1446.0,-6.8853,104.0,13.9038,0.2977,3,0,0.6811,False,True
6294232,1030537,16980,IL,41.9777,-87.6604,1074.5385,30.6002,107.5,9.9957,0.1048,3,6,0.6809,False,True
1253101,13664,33460,MN,44.9335,-93.3404,1112.3846,19.9386,105.0,10.5941,0.1778,2,0,0.6808,False,True
1255310,16024,19100,TX,32.8236,-96.7895,854.4615,3.9005,108.5,7.8752,0.0174,3,0,0.6806,False,True
5428599,1021177,42660,WA,47.6221,-122.1319,1445.7692,17.0226,105.0,13.7692,0.3922,3,0,0.6802,False,True
1254552,16777,41940,CA,37.2873,-121.945,411.5385,1.7497,114.5,3.5942,0.03,6,0,0.6794,False,True
1259213,16324,41940,CA,37.4115,-122.0943,1584.9231,3.0252,103.0,15.3876,0.46,3,0,0.6791,False,False
5071611,6984,19740,CO,39.4144,-104.8639,2433.6923,1.2935,101.5,23.9773,0.7099,4,0,0.6786,False,False
1252367,1009363,37980,NJ,39.7844,-75.0521,3972.9231,11.7269,80.5,49.3531,0.9416,0,2,0.6786,False,False
1255114,12191,44700,CA,37.9993,-121.3155,706.6923,0.5362,108.5,6.5133,0.025,3,0,0.6781,False,True
1251578,9949,46520,HI,21.3447,-157.9288,2126.5385,3.6092,108.5,19.5994,0.5417,8,2,0.6776,False,False
2545894,14175,38300,PA,40.4446,-79.9485,1175.5385,-17.7635,112.0,10.4959,0.1111,8,3,0.6773,False,True
1254368,12061,31080,CA,33.7813,-117.8919,1178.3846,-2.3646,106.0,11.1168,0.1847,3,0,0.6771,False,True
1260235,15012,41860,CA,37.5952,-122.3861,1403.8462,0.4845,106.5,13.1817,0.535,5,0,0.677,False,True
1252360,13608,16980,IL,41.9114,-87.635,1856.3846,-0.6382,115.5,16.0726,0.3387,15,5,0.6769,False,False
2546254,15753,37980,DE,39.6832,-75.7473,1065.4615,24.7051,101.5,10.4972,0.1314,1,1,0.6753,False,True
1255407,14081,41860,CA,37.586,-122.3652,1556.3077,-11.0955,100.5,15.4856,0.625,3,0,0.6752,False,False
1252844,13438,26900,IN,39.7732,-86.1519,1975.1538,6.2394,112.0,17.6353,0.2439,7,0,0.6751,False,False
7281758,1030841,33100,FL,25.7816,-80.2881,454.3077,2.2153,112.0,4.0563,0.0292,5,2,0.6751,False,True
1254914,11649,19100,TX,33.1015,-96.6835,923.6154,6.0034,111.0,8.3209,0.0243,4,0,0.6747,False,True
1249819,6712,32820,TN,35.1041,-89.8725,3134.9231,4.2248,98.0,31.989,0.7188,3,1,0.6746,False,False
1250111,10453,16980,IL,41.9175,-87.6803,539.0,12.0582,115.5,4.6667,0.0349,8,8,0.6729,False,True
5071890,1025974,42140,NM,35.6591,-105.9632,431.8462,8.546,105.0,4.1128,0.1667,2,1,0.6722,False,True
5072021,1024869,17820,CO,38.8671,-104.682,192.9231,11.4667,104.0,1.855,0.0323,1,0,0.6721,False,True
1250837,91228,46520,HI,21.2978,-157.8615,910.6923,6.5041,108.0,8.4323,0.125,3,0,0.6716,False,True
1251542,14664,46520,HI,21.3099,-157.8104,1069.6154,10.2959,107.5,9.9499,0.1875,3,0,0.6711,False,True
1255267,15567,40900,CA,38.6135,-121.5167,1178.0769,7.708,101.5,11.6067,0.0735,1,0,0.6699,False,True
5428490,1024301,37980,PA,39.9383,-75.167,1383.0769,4.5349,112.0,12.3489,0.219,9,23,0.6698,False,True
5715558,15667,31080,CA,33.6378,-117.5914,1590.3077,5.0615,105.0,15.1458,0.3253,3,0,0.6698,False,False
1252925,1010292,16980,IL,42.1101,-88.1139,3217.4615,2.3616,84.0,38.3031,0.7876,0,0,0.6696,False,False
1260150,18436,45220,FL,30.4487,-84.3097,2363.3846,-4.838,105.0,22.5084,0.5833,6,2,0.6694,False,False
5070543,1019098,35620,NY,40.7471,-73.9417,415.8462,42.5633,112.0,3.7129,0.041,4,15,0.6693,False,True
5715430,1028636,12060,GA,33.9663,-84.0089,1684.6923,-0.1231,105.0,16.0447,0.2026,3,1,0.6691,False,False
1254602,15775,41860,CA,37.4316,-122.2019,588.0,4.2838,101.5,5.7931,0.145,1,0,0.6687,False,True
12904571,1031781,34980,TN,36.1608,-86.7864,2045.8462,18.1729,112.5,18.1853,0.2157,7,2,0.6681,False,False
1250236,7480,37980,PA,39.9593,-75.2867,1189.6154,-2.5274,98.0,12.1389,0.1825,1,4,0.6676,False,True
2547417,1010267,33460,MN,44.9482,-93.1665,1813.0769,1.1935,105.0,17.2674,0.4222,4,1,0.6675,False,False
2547674,1014517,26420,TX,29.7319,-95.4758,1755.2308,8.5279,106.5,16.481,0.19,3,0,0.6675,False,False
1254107,16544,31080,CA,33.9126,-117.8814,2016.6923,-0.0534,109.0,18.5018,0.5225,7,0,0.6674,False,False
5071988,1026235,36260,UT,41.3038,-111.9684,879.7692,-1.1153,101.5,8.6677,0.0588,1,0,0.6673,False,True
1260875,8264,17660,ID,47.6944,-116.8057,1546.4615,7.0387,101.5,15.2361,0.4286,2,0,0.6666,False,False
1254369,12062,41940,CA,37.4274,-122.1492,1094.6154,12.7843,105.0,10.4249,0.19,2,0,0.6664,False,True
1249016,10317,17820,CO,38.9023,-104.7687,1495.9231,6.0649,105.0,14.2469,0.2903,3,1,0.6664,False,False
1249994,6761,26420,TX,29.785,-95.4951,1836.6923,-7.9494,105.0,17.4923,0.2036,3,0,0.6664,False,False
1249077,7371,42660,WA,47.7625,-122.3445,1120.0769,12.5792,105.0,10.6674,0.1863,2,0,0.6661,False,True
6294324,14752,19740,CO,39.68,-104.9589,1015.5385,3.6915,105.0,9.6718,0.1298,2,0,0.666,False,True
12195831,17709,19100,TX,32.8136,-96.7525,1495.3077,5.9981,105.0,14.241,0.0833,2,0,0.6656,False,False
11884087,1038361,38900,OR,45.311,-122.9337,921.7692,5.8288,105.0,8.7788,0.1653,2,0,0.6651,False,True
1252642,1011836,33700,CA,37.6882,-120.9947,2383.2308,5.2092,107.5,22.1696,0.3333,5,1,0.6647,False,False
12195709,1030439,47900,MD,38.9809,-77.0929,1554.2308,24.6376,105.0,14.8022,0.5966,4,3,0.6629,False,False
1260043,11869,26900,IN,39.9377,-86.2361,1895.4615,4.9,98.0,19.3414,0.2195,1,2,0.6628,False,False
6294296,1030314,17900,SC,34.002,-80.9981,2069.5385,-4.3039,101.5,20.3895,0.2143,2,1,0.6627,False,False
11884364,1042975,41700,TX,29.5806,-98.3428,2549.5385,-0.0784,101.5,25.1186,0.2597,2,0,0.6627,False,False
5070162,1023905,16980,IL,42.0037,-87.9587,861.3077,81.8285,100.5,8.5702,0.0726,0,2,0.6624,False,True
1252025,9065,17460,OH,41.5013,-81.5941,1809.6923,14.0986,105.0,17.2352,0.3333,3,1,0.6624,False,False
5071671,1019523,36420,OK,35.6027,-97.5489,2972.2308,-6.0153,102.0,29.1395,0.3617,3,0,0.662,False,False
1254478,11148,41940,CA,37.3876,-122.0831,412.9231,2.9338,112.0,3.6868,0.04,4,0,0.6619,False,True
2547916,1015361,13460,OR,44.0519,-121.3106,2884.6154,-8.0522,98.0,29.4349,1.0,4,0,0.6618,False,False
1254955,9276,19100,TX,33.1083,-96.8067,2481.0769,20.9238,111.0,22.352,0.3403,6,0,0.6616,False,False
1249779,17399,42660,WA,47.72,-122.2084,1012.5385,-4.2273,107.5,9.419,0.1225,3,0,0.6615,False,True
2545088,10636,45300,FL,27.9444,-82.476,2851.7692,3.0349,105.0,27.1597,0.5169,5,1,0.6614,False,False
1253527,13040,21260,WA,47.0018,-120.5347,1797.9231,-3.9768,101.5,17.7135,0.3333,2,0,0.6606,False,False
2546154,15255,41940,CA,37.2489,-121.8577,1295.0,2.7903,108.5,11.9355,0.26,4,0,0.6602,False,True
1258761,13684,22660,CO,40.5227,-105.0422,1050.3077,2.4076,105.0,10.0029,0.1429,2,0,0.6598,False,True
5429082,1018274,17820,CO,38.8947,-104.7511,1780.3846,8.438,101.0,17.6276,0.4194,2,1,0.6594,False,False
5070220,1022919,41180,MO,38.6284,-90.3328,787.3077,-4.4083,105.0,7.4982,0.058,2,1,0.6594,False,True
13368133,1053133,25740,MT,46.6162,-112.0069,1860.7692,2.4349,98.0,18.9874,0.3333,1,0,0.6593,False,False
5071468,1019323,41940,CA,37.3231,-122.0548,957.3077,1.1131,105.0,9.1172,0.15,2,0,0.659,False,True
1260902,17865,34580,WA,48.4518,-122.337,2073.5385,3.9408,107.5,19.2887,0.2857,4,0,0.6578,False,False
2546492,16780,19740,CO,39.6232,-104.8973,1033.4615,3.0608,105.0,9.8425,0.1603,2,0,0.6577,False,True
1249793,6419,19740,CO,39.6237,-105.0193,1217.0,-1.0507,104.0,11.7019,0.2061,2,0,0.6576,False,True
1252074,1008980,41700,TX,29.5098,-98.5543,2731.5385,11.5754,105.0,26.0147,0.2987,3,0,0.6564,False,False
1251217,1005414,31080,CA,34.168,-118.322,1564.3846,-2.9028,110.0,14.2217,0.3161,6,1,0.6558,False,False
1251100,1007137,17820,CO,38.9453,-104.7941,1043.4615,-0.081,101.5,10.2804,0.0968,1,0,0.6555,False,True
6294238,1030724,41180,MO,38.6278,-90.2871,1140.3846,-3.5459,105.0,10.8608,0.1014,2,0,0.6555,False,True
1251748,13423,33460,MN,44.9114,-93.3531,2522.6154,1.2504,98.0,25.741,0.6556,2,0,0.6545,False,False
1251325,1007089,42660,WA,47.6669,-122.3766,525.8462,-1.3422,112.0,4.6951,0.0196,4,0,0.6541,False,True
1259988,11788,40900,CA,38.5591,-121.4617,1568.4615,12.814,107.5,14.5903,0.2206,3,0,0.6539,False,False
1252464,17266,16980,IL,42.1066,-87.8038,1444.3077,0.5139,104.0,13.8876,0.2043,2,0,0.6539,False,True
5428730,18256,36260,UT,41.1619,-111.9399,1786.4615,0.515,98.0,18.2292,0.3529,1,0,0.6538,False,False
1253830,9080,42660,WA,47.7658,-122.3646,1129.1538,6.2772,105.0,10.7538,0.1912,2,0,0.6537,False,True
1248758,7178,26420,TX,29.7765,-95.4109,1639.1538,18.9317,108.5,15.1074,0.1584,3,0,0.6536,False,False
1253939,11654,38900,OR,45.5302,-122.6943,815.6154,38.3301,115.5,7.0616,0.124,5,0,0.6536,False,True
5070496,1018135,35620,NY,40.6769,-73.983,1740.3077,49.3826,115.5,15.0676,0.4227,10,12,0.6534,False,False
1248729,8173,41740,CA,33.1274,-117.0937,1049.3077,-47.0828,108.5,9.671,0.0983,5,0,0.6534,False,True
1252962,1013066,31080,CA,33.6926,-117.8932,4577.4615,17.9524,103.5,44.2267,0.9717,7,0,0.6532,False,False
2546543,17034,31080,CA,33.6342,-117.9167,1376.3077,0.817,108.5,12.6849,0.2662,4,0,0.653,False,True
1253096,13711,17460,OH,41.5038,-81.502,873.4615,-29.1773,100.0,8.7346,0.0556,1,0,0.653,False,True
7282172,1040256,11260,AK,61.1091,-149.8608,1126.6923,-1.5195,101.5,11.1004,0.0909,1,0,0.6516,False,True
2545888,14153,35620,NY,40.7345,-73.8692,7195.6154,3.6982,97.0,74.1816,0.9905,8,19,0.6515,False,False
1250019,17122,31080,CA,33.6011,-117.6739,665.9231,-3.8538,108.5,6.1375,0.0499,3,1,0.6513,False,True
1248809,16979,24660,NC,36.1122,-79.879,1702.3846,10.3625,101.5,16.7723,0.1111,1,0,0.6508,False,False
1248528,8581,39900,NV,39.5571,-119.7826,3173.4615,-0.927,91.0,34.8732,0.8571,1,0,0.6507,False,False
5715159,1028153,31080,CA,34.0983,-118.3625,1150.6154,18.5637,113.0,10.1824,0.1764,5,0,0.6505,False,True
1259757,8941,45300,FL,27.7724,-82.6352,1212.0769,10.405,101.5,11.9416,0.0674,1,2,0.6505,False,True
5071692,9300,19100,TX,32.9712,-96.9927,1795.8462,11.4846,105.0,17.1033,0.1597,2,0,0.6503,False,False
6294784,1033862,19740,CO,39.5956,-104.8962,821.2308,1.9091,111.0,7.3985,0.0534,4,1,0.6492,False,True
5715476,1017786,17460,OH,41.4565,-81.9513,1606.1538,-6.8522,103.0,15.5937,0.2222,2,0,0.649,False,False
1260757,9068,12060,GA,33.8189,-84.3884,2178.4615,-1.8371,105.0,20.7473,0.4379,4,1,0.6489,False,False
11884502,1044985,29620,MI,42.7203,-84.4984,1052.1538,5.9489,105.0,10.0205,0.2222,2,0,0.6488,False,True
1256973,9211,15380,NY,42.8908,-78.8762,1225.3846,17.2099,105.0,11.6703,0.1765,2,2,0.6486,False,True
12195693,1031025,11180,IA,42.0232,-93.6173,1313.9231,-4.6766,108.5,12.1099,0.25,4,0,0.6486,False,True
5430147,1024754,19740,CO,39.4238,-104.8798,2143.5385,-3.0107,101.5,21.1186,0.6336,3,0,0.6485,False,False
1248863,10080,19740,CO,39.6643,-104.9872,580.2308,3.4705,103.0,5.6333,0.0229,1,1,0.6481,False,True
1251272,9768,41860,CA,37.9474,-122.5095,443.0,2.8944,107.5,4.1209,0.055,2,0,0.6481,False,True
1249211,17103,40900,CA,38.7841,-121.2713,2596.8462,4.6758,106.5,24.3835,0.7059,6,0,0.6481,False,False
1253082,13672,16980,IL,42.0894,-87.8242,2154.6923,18.6304,101.5,21.2285,0.4597,2,1,0.6476,False,False
11884417,1043779,45220,FL,30.4409,-84.3193,1684.7692,-1.4311,105.0,16.0454,0.25,3,2,0.6475,False,False
1252788,15073,33340,WI,43.0484,-87.9054,1956.1538,3.8468,107.5,18.1968,0.2353,4,2,0.647,False,False
2546402,16378,31080,CA,33.637,-117.9214,1481.9231,2.3645,108.5,13.6583,0.2928,4,0,0.6469,False,True
2544889,9768,41860,CA,37.9476,-122.5094,495.6923,8.1934,107.5,4.6111,0.095,2,0,0.6465,False,True
1248905,17250,14260,ID,43.6501,-116.2802,1683.6154,-3.2105,98.0,17.1797,0.3704,1,0,0.6465,False,False
2544434,16586,19740,CO,39.6675,-104.9392,2309.6154,4.0908,98.0,23.5675,0.6718,2,1,0.6464,False,False
1254501,12326,41860,CA,37.5523,-122.3138,1398.9231,1.0053,104.0,13.4512,0.53,3,0,0.6464,False,True
1248377,7116,40140,CA,33.7208,-116.3913,1500.5385,3.1025,108.5,13.8298,0.083,3,0,0.6459,False,True
1252102,1012356,19820,MI,42.5239,-83.193,1260.8462,-1.9794,105.0,12.0081,0.0741,2,1,0.645,False,True
1253065,1010168,19780,IA,41.601,-93.7568,2412.3846,-11.1838,107.5,22.4408,0.1818,4,0,0.6447,False,False
13368270,1044119,33100,FL,25.7817,-80.1911,3124.7692,12.0391,112.0,27.8997,0.6257,11,1,0.6446,False,False
5715267,1029949,36420,OK,35.493,-97.5152,1617.6154,8.8852,110.0,14.7056,0.1277,4,1,0.6445,False,False
5071909,1019539,29820,NV,36.1658,-115.1477,2341.6154,6.6795,107.5,21.7825,0.4433,5,1,0.6445,False,False
5071877,1017882,22140,NM,36.7432,-108.1679,3788.3077,0.9139,91.0,41.6298,0.75,1,1,0.644,False,False
1254614,11109,31080,CA,34.1576,-118.2645,1252.6154,-0.3732,114.5,10.9399,0.223,8,1,0.6439,False,True
5430101,1025250,42660,WA,47.3148,-122.3164,1185.0769,2.0062,107.5,11.024,0.2304,3,0,0.6437,False,True
2547631,1014369,17140,OH,39.3708,-84.3724,1545.3077,-18.9273,109.0,14.1771,0.2,5,1,0.6431,False,False
2546323,16048,33460,MN,44.9121,-93.3306,1061.4615,-3.9468,105.0,10.1092,0.1667,2,0,0.643,False,True
1251699,1005688,42220,CA,38.4582,-122.7305,666.0769,5.2894,112.0,5.9471,0.1,4,0,0.643,False,True
1260285,12525,31540,WI,43.075,-89.4475,1596.6923,-4.4337,98.0,16.2928,0.3889,1,0,0.6428,False,False
1254932,16459,26420,TX,29.7054,-95.4404,1476.6923,14.1999,106.5,13.8657,0.1176,2,0,0.6428,False,True
13368377,1056021,36420,OK,35.6534,-97.5837,1458.6154,41.4652,105.0,13.8916,0.0851,1,0,0.6428,False,True
2546212,15560,14500,CO,40.1473,-105.1315,1911.6154,-2.8157,101.5,18.8336,0.6923,3,0,0.6425,False,False
1248956,10237,17020,CA,39.7466,-121.8515,2377.1538,2.6303,105.0,22.6396,0.3333,3,0,0.6422,False,False
1257378,15116,47900,MD,38.9881,-77.0963,1098.1538,-2.132,108.5,10.1212,0.3433,5,4,0.6419,False,True
6294605,1031698,38300,PA,40.528,-80.0062,1854.7692,-5.8787,105.0,17.6645,0.3333,3,0,0.6413,False,False
5070499,1023305,35620,NY,40.6889,-73.9626,495.1538,-0.9997,112.0,4.421,0.0505,5,7,0.6413,False,True
1259075,1011436,38300,PA,40.6226,-80.0534,3176.9231,-4.808,97.0,32.7518,0.619,2,1,0.6405,False,False
1253958,15243,21660,OR,44.0653,-123.0755,1391.2308,3.8053,104.0,13.3772,0.3,2,0,0.6403,False,True
1254184,89943,19740,CO,39.5491,-104.9991,2053.1538,-1.7594,105.0,19.5538,0.5649,4,0,0.6402,False,False
2544415,91893,11260,AK,61.5764,-149.4054,1812.2308,7.2082,104.0,17.4253,0.2727,2,0,0.6402,False,False
5715193,1028122,40060,VA,37.5382,-77.5236,2093.7692,16.0725,99.5,21.0429,0.3421,1,0,0.64,False,False
2545552,12692,29820,NV,36.0725,-115.2429,2015.8462,2.2633,107.5,18.7521,0.2887,4,1,0.64,False,False
1249979,6808,19740,CO,39.5269,-105.3062,1727.3077,1.5374,98.0,17.6256,0.4351,1,0,0.6394,False,False
1254692,11714,41740,CA,32.8006,-117.0026,2005.6154,-12.6971,106.5,18.8321,0.3468,4,0,0.6393,False,False
1259919,1044176,16740,NC,35.0633,-80.7737,2215.6154,0.5867,105.0,21.1011,0.3553,3,0,0.6381,False,False
1248773,10238,41860,CA,37.9681,-122.522,667.0,16.3736,107.5,6.2047,0.17,2,0,0.6379,False,True
1257661,12003,35620,NY,40.7872,-73.9547,3038.2308,22.0626,112.0,27.1271,0.8297,16,24,0.6375,False,False
1253507,18390,42660,WA,47.5447,-122.3876,891.2308,-2.8753,102.5,8.6949,0.0833,1,0,0.637,False,True
5071022,1027160,12580,MD,39.1592,-76.8941,238.9231,48.6124,107.5,2.2225,0.0152,1,2,0.637,False,True
1255065,16185,40900,CA,38.769,-121.3304,1445.8462,-0.2653,101.0,14.3153,0.1765,1,0,0.6365,False,False
5715170,1030066,48140,WI,44.9015,-89.6085,1473.2308,7.1381,104.0,14.1657,0.3333,2,0,0.6365,False,False
1259471,14656,46520,HI,21.2789,-157.8138,1772.7692,-0.0087,112.0,15.8283,0.3958,7,0,0.6364,False,False
1259991,9421,35840,FL,27.3374,-82.5425,425.9231,8.7819,98.0,4.3462,0.037,0,0,0.6361,False,True
1254339,89673,40900,CA,38.7949,-121.266,1992.3077,-12.6711,104.0,19.1568,0.3897,3,0,0.6357,False,False
13143417,1045227,42020,CA,35.2704,-120.6568,1764.0769,13.9585,105.0,16.8007,0.25,2,0,0.6357,False,False
1250077,11032,12580,MD,39.1545,-76.7424,1178.2308,19.608,105.0,11.2212,0.303,2,1,0.6357,False,True
1251975,15859,16980,IL,41.9899,-87.734,1762.0,3.6705,105.0,16.781,0.3065,3,3,0.6354,False,False
6294273,1030448,39340,UT,40.2204,-111.6583,479.0769,5.4878,104.0,4.6065,0.0833,1,0,0.6351,False,True
2548438,1017342,16980,IL,41.9963,-87.806,1086.1538,5.5306,105.0,10.3443,0.1102,2,4,0.635,False,True
1260430,18515,41740,CA,32.7987,-117.2451,1322.4615,1.7399,108.5,12.1886,0.1445,3,0,0.635,False,True
1255228,14219,40140,CA,34.1345,-117.5373,1058.1538,0.0582,107.0,9.8893,0.0437,2,0,0.6348,False,True
5071385,1022182,32780,OR,42.3456,-122.8829,597.7692,-1.3832,107.5,5.5606,0.3333,3,0,0.6346,False,True
1254059,8739,31080,CA,33.7748,-118.3761,1291.1538,1.469,105.0,12.2967,0.2329,2,0,0.6345,False,True
1255254,16262,19100,TX,33.0101,-96.9693,1647.0769,-5.5867,105.0,15.6864,0.1181,2,0,0.6331,False,False
1248431,8249,33460,MN,44.8551,-93.2433,1503.4615,4.1234,99.5,15.1102,0.2667,1,2,0.6323,False,False
1249607,6867,39580,NC,35.7462,-78.7419,1835.0,1.9053,105.0,17.4762,0.4419,3,0,0.6318,False,False
1253620,11174,42660,WA,47.6664,-122.1968,1250.6154,-7.129,104.0,12.0251,0.2696,2,0,0.6316,False,True
2546271,15816,33340,WI,43.0389,-87.9335,1176.1538,-2.7539,105.0,11.2015,0.098,2,2,0.6316,False,True
1260596,1011581,16980,IL,42.0131,-87.712,1687.7692,-0.2908,105.0,16.074,0.2796,3,4,0.6312,False,False
1259901,9265,45300,FL,27.7814,-82.6387,1425.9231,-0.6751,101.5,14.0485,0.0787,1,1,0.6306,False,True
2544243,7150,39660,SD,44.0813,-103.2463,2380.6154,-1.5868,100.5,23.6877,0.8,3,0,0.6305,False,False
1251712,1008715,36740,FL,28.4495,-81.4699,1864.8462,4.6852,112.0,16.6504,0.1758,6,3,0.6305,False,False
1254959,1006577,41740,CA,32.8197,-117.1494,1564.4615,1.9091,110.0,14.2224,0.2139,4,0,0.6301,False,False
1253286,14072,23420,CA,36.7434,-119.7735,2276.9231,4.6491,105.0,21.685,0.4167,3,0,0.6301,False,False
12196154,11705,47900,MD,38.9633,-77.1074,1283.2308,-37.5837,102.5,12.5193,0.4464,3,0,0.6299,False,True
2546329,16073,15380,NY,43.0017,-78.7855,915.8462,28.7135,105.0,8.7223,0.1176,1,0,0.6295,False,True
1254700,12359,40900,CA,38.6503,-121.1642,1833.6923,9.5245,104.0,17.6317,0.3382,2,0,0.6292,False,False
1256426,8138,28420,WA,46.2279,-119.2675,158.9231,-8.7053,104.0,1.5281,0.0769,1,0,0.6292,False,True
5715679,1017334,24860,SC,34.9006,-82.3375,1722.3846,-13.8907,99.5,17.3104,0.1111,1,1,0.6291,False,False
1255203,9025,41860,CA,37.7862,-122.4532,1225.1538,6.9213,108.5,11.2917,0.445,4,0,0.6289,False,True
2545931,14305,19740,CO,39.7503,-105.0537,1268.0,1.2096,100.5,12.6169,0.229,1,1,0.6288,False,True
5429954,12539,35620,NY,40.6847,-73.9775,2270.3077,15.2981,112.0,20.2706,0.6372,11,11,0.6284,False,False
1260507,16014,42660,WA,47.6298,-122.3721,1143.5385,2.0946,108.5,10.5395,0.201,3,0,0.6284,False,True
1255332,11249,39900,NV,39.5053,-119.8169,1754.5385,14.1877,105.0,16.7099,0.2857,2,0,0.6284,False,False
2546377,16260,41940,CA,37.2632,-121.919,1502.0769,5.4544,106.5,14.104,0.38,3,0,0.6282,False,False
1249367,17720,12580,MD,39.3274,-76.6157,296.0769,4.0552,104.0,2.8469,0.0303,1,2,0.6281,False,True
5430144,1024431,41740,CA,32.7538,-117.2046,1040.3846,5.6063,115.5,9.0077,0.0925,6,0,0.628,False,True
2546833,18256,36260,UT,41.1619,-111.9399,1883.6154,2.1739,98.0,19.2206,0.4706,1,0,0.6279,False,False
1252151,1007209,33460,MN,44.9813,-93.2354,281.4615,-23.2914,112.0,2.513,0.0111,4,0,0.6279,False,True
5715362,1028522,17820,CO,38.8753,-104.826,1752.9231,0.4895,105.0,16.6945,0.3871,3,1,0.6278,False,False
1251438,1005859,41940,CA,37.4031,-121.9331,824.1538,20.4091,108.5,7.5959,0.12,2,0,0.6273,False,True
2544070,6327,39900,NV,39.5207,-119.7408,3635.2308,-1.3424,84.0,43.2766,0.8929,0,0,0.627,False,False
1255398,12608,31080,CA,33.6961,-117.7628,1294.6154,-0.3611,105.0,12.3297,0.2363,2,0,0.6266,False,True
1260639,8285,12420,TX,30.3026,-97.7385,1532.6923,1.939,105.0,14.5971,0.2235,2,0,0.6265,False,False
1258015,16182,33700,CA,37.6884,-121.0548,7282.1538,0.9071,95.0,76.6543,1.0,4,0,0.6264,False,False
1259726,11645,45300,FL,27.9566,-82.5246,2567.6154,-5.3051,105.0,24.4535,0.3933,4,3,0.6261,False,False
1249712,6779,17820,CO,38.965,-104.757,1974.6923,5.8773,105.0,18.8066,0.4839,3,0,0.6256,False,False
11884256,1038493,28900,OR,42.1932,-121.7578,2622.3846,3.576,97.0,27.0349,0.5,1,0,0.6254,False,False
12195829,15164,26420,TX,29.7372,-95.5844,2294.1538,3.2544,105.0,21.8491,0.3529,3,1,0.6253,False,False
1255164,13383,41860,CA,37.7628,-122.4105,913.4615,20.5217,114.0,8.0128,0.265,5,0,0.6253,False,True
1254356,18422,31080,CA,33.7436,-117.8171,2115.5385,33.3689,108.5,19.4981,0.5641,4,0,0.625,False,False
1248552,17067,47900,MD,39.0853,-77.1513,418.6154,8.3848,104.0,4.0251,0.0515,1,2,0.6249,False,True
5071256,1018118,41860,CA,37.5593,-122.2674,860.7692,5.1099,111.0,7.7547,0.255,4,0,0.6247,False,True
5070800,1019187,35620,NJ,40.981,-74.1169,1109.9231,2.6683,105.0,10.5707,0.183,2,2,0.6245,False,True
2544398,7826,34980,TN,36.086,-86.6475,2494.5385,0.9935,91.0,27.4125,0.3333,0,1,0.6244,False,False
1255055,17616,41860,CA,37.9698,-122.5194,721.0,1.3626,106.5,6.77,0.205,2,0,0.6242,False,True
2546813,18155,42660,WA,47.8781,-122.1662,2648.6923,7.1578,97.5,27.1661,0.8578,2,0,0.6242,False,False
2547220,1005762,31080,CA,34.157,-118.4367,3282.3846,-6.267,105.5,31.1127,0.8785,7,0,0.6239,False,False
1253741,14415,35620,NY,41.0322,-73.7675,541.2308,1.252,102.5,5.2803,0.0631,1,4,0.6237,False,True
6294312,1030179,36420,OK,35.6094,-97.5324,2139.0,3.3487,105.0,20.3714,0.1702,2,0,0.6236,False,False
1254580,11096,31080,CA,34.1477,-118.4281,439.4615,10.5029,114.5,3.8381,0.0233,4,0,0.6234,False,True
1255657,11706,12580,MD,38.9761,-76.5447,1369.3846,7.1764,110.0,12.449,0.3485,5,3,0.6231,False,True
13205506,1039135,37100,CA,34.2419,-119.1816,1140.1538,4.2775,112.0,10.1799,0.1111,4,0,0.6231,False,True
1257066,15188,26420,TX,29.7736,-95.5621,2948.2308,3.8306,105.0,28.0784,0.5792,4,0,0.6229,False,False
1258002,9297,47900,MD,38.9493,-77.1184,962.3077,-2.5777,105.0,9.1648,0.2833,2,0,0.6227,False,True
1250174,10443,31080,CA,34.1328,-118.1479,1818.8462,4.1905,112.0,16.2397,0.416,7,1,0.6222,False,False
5069815,1021398,18140,OH,40.1447,-82.9471,2303.2308,1.1554,105.0,21.9355,0.4211,3,0,0.6219,False,False
1255011,13417,31080,CA,33.7632,-118.311,1493.0769,2.8453,107.5,13.8891,0.2962,3,0,0.6213,False,True
5071157,1008770,47900,VA,38.882,-77.2288,1183.5385,21.2929,105.0,11.2718,0.382,2,1,0.6208,False,True
2544549,8412,41180,MO,38.6196,-90.3481,1394.4615,-2.5219,105.0,13.2806,0.1594,2,1,0.6208,False,True
5069991,15137,33100,FL,25.9526,-80.1462,1092.9231,-17.6634,112.0,9.7582,0.1287,5,0,0.6206,False,True
2546716,17746,39580,NC,35.7988,-78.7952,1570.2308,1.537,107.5,14.6068,0.2791,3,0,0.6205,False,False
2546762,17911,36740,FL,28.5516,-81.3498,1717.9231,2.7041,105.0,16.3612,0.1209,2,2,0.62,False,False
1258603,12263,37980,PA,40.0082,-75.2885,2204.3077,0.4557,105.0,20.9934,0.5839,4,1,0.6198,False,False
1252829,1013468,41860,CA,37.7714,-122.389,401.8462,-38.2798,112.5,3.572,0.04,5,0,0.6195,False,True
1253561,15908,14260,ID,43.5995,-116.193,1818.0769,-0.1858,105.0,17.315,0.4815,3,0,0.6195,False,False
1259079,15313,38300,PA,40.4425,-80.0023,2291.4615,12.3308,112.0,20.4595,0.3968,7,2,0.6194,False,False
13368213,1055981,36420,OK,35.4686,-97.5147,2532.2308,7.684,109.0,23.2315,0.2766,4,0,0.6192,False,False
1252505,1009751,41860,CA,37.6485,-122.4905,1644.2308,-1.5703,100.5,16.3605,0.665,2,0,0.6191,False,False
6294921,16114,44060,WA,47.7404,-117.4887,587.3077,2.2773,104.5,5.6202,0.0556,1,0,0.619,False,True
2545409,12014,19820,MI,42.563,-83.1839,5649.3077,4.0786,88.5,63.834,0.9877,1,0,0.6189,False,False
1249318,17899,11260,AK,61.1802,-149.8835,1827.0769,12.9971,100.5,18.1799,0.3636,1,0,0.6188,False,False
1248604,8106,41940,CA,37.2756,-121.9227,1411.6154,7.366,105.0,13.444,0.32,2,0,0.6183,False,True
1256236,13490,47900,MD,39.151,-77.0642,1320.5385,-10.6258,104.0,12.6975,0.4592,3,2,0.6182,False,True
11883899,1029013,35620,NY,40.7578,-73.835,3161.6154,-44.776,93.5,33.8141,0.8517,3,9,0.6182,False,False
2546865,18388,16980,IL,41.8084,-87.9022,264.6154,-2.8249,112.0,2.3626,0.0081,3,0,0.6178,False,True
1256504,9357,15380,NY,42.9226,-78.8767,564.2308,-32.165,105.0,5.3736,0.0588,2,1,0.6176,False,True
11884209,1040546,47900,MD,38.993,-77.0321,979.3846,3.1934,110.0,8.9035,0.2876,4,1,0.6174,False,True
11884412,1043768,35620,NY,40.6045,-73.9719,796.1538,5.6554,105.0,7.5824,0.1136,2,15,0.6174,False,True
1251246,1005688,42220,CA,38.4582,-122.7305,1068.0769,2.5859,112.0,9.5364,0.1333,4,0,0.6172,False,True
2547598,1014276,31080,CA,33.7654,-118.1932,629.1538,10.0659,112.0,5.6174,0.0433,3,0,0.6168,False,True
7282432,1032147,48900,NC,34.2358,-77.8461,1308.6154,-29.8908,105.0,12.463,0.25,3,1,0.6163,False,True
1252312,1009089,19100,TX,32.87,-96.769,1841.9231,18.4048,112.0,16.4457,0.1667,4,0,0.6163,False,False
2545997,14567,33460,MN,44.9481,-93.333,1589.8462,5.3308,105.0,15.1414,0.2889,2,0,0.6162,False,False
1260588,15631,31080,CA,33.7892,-117.8929,821.8462,8.0611,116.5,7.0545,0.0915,6,0,0.616,False,True
2545348,11738,16980,IL,41.9781,-87.6686,1363.0,19.3038,112.0,12.1696,0.1868,5,8,0.616,False,True
5071499,1020531,46020,CA,39.319,-120.2077,1832.2308,7.637,100.5,18.2312,0.3333,1,0,0.6157,False,False
1256650,16721,47900,VA,38.8389,-77.0516,1156.2308,9.5714,108.5,10.6565,0.3691,4,4,0.6156,False,True
1250015,17124,31080,CA,33.6719,-117.8457,1755.1538,1.2873,108.5,16.1765,0.3894,4,0,0.6156,False,False
1255072,6760,26420,TX,29.715,-95.3974,777.6154,8.8159,112.0,6.943,0.0181,3,0,0.6148,False,True
1249328,9876,31080,CA,33.6532,-117.7504,485.3077,7.4787,114.5,4.2385,0.0283,4,0,0.6147,False,True
1252615,1010032,14260,ID,43.5969,-116.2134,1732.3077,2.667,108.5,15.966,0.4074,4,0,0.6147,False,False
7281736,7537,45300,FL,27.8929,-82.3167,2567.7692,5.9883,98.0,26.2017,0.4045,1,1,0.6135,False,False
1249011,8644,41860,CA,37.8053,-122.4151,1031.6923,8.9875,114.0,9.0499,0.335,6,0,0.613,False,True
2546728,17781,12060,GA,33.8042,-84.4128,2105.9231,2.6548,105.0,20.0564,0.3856,3,2,0.6126,False,False
1251929,17632,16980,IL,42.0804,-87.798,2087.2308,6.4579,98.0,21.2983,0.4328,1,2,0.6126,False,False
1251757,1008716,36740,FL,28.3714,-81.5153,7312.1538,16.0645,98.0,74.6138,0.956,5,2,0.6118,False,False
1252216,1007622,26420,TX,29.7836,-95.5065,1194.8462,-1.9319,107.5,11.1148,0.0588,2,0,0.6115,False,True
1260568,8250,33460,MN,44.9018,-93.0804,1601.1538,0.2698,104.0,15.3957,0.3,2,1,0.6115,False,False
1254894,15185,26420,TX,29.7203,-95.4183,957.0,6.7347,115.5,8.2857,0.0362,5,0,0.6112,False,True
2545023,10316,19740,CO,39.8867,-105.0764,1458.2308,2.4758,105.0,13.8879,0.3053,2,0,0.6112,False,True
5071411,1025960,21820,AK,64.8373,-147.8031,1965.0769,-2.0062,98.0,20.0518,0.5,1,0,0.611,False,False
1254852,14746,41700,TX,29.4768,-98.4631,1564.2308,7.2182,104.0,15.0407,0.039,1,0,0.6108,False,False
2545599,12868,39900,NV,39.4764,-119.8064,2070.5385,3.9467,98.0,21.1279,0.5357,1,0,0.6107,False,False
1260711,17303,34940,FL,26.2119,-81.7908,2096.2308,-3.1867,101.5,20.6525,0.4545,2,1,0.6106,False,False
1254132,16549,41860,CA,37.6892,-121.9024,1194.5385,4.6922,100.5,11.886,0.42,1,0,0.6105,False,True
6294399,1031383,39900,NV,39.5289,-119.8279,472.0,-3.3549,115.5,4.0866,0.0357,5,0,0.6102,False,True
2545003,10214,19740,CO,39.9447,-104.9926,2506.1538,-4.7842,105.0,23.8681,0.7252,5,1,0.6101,False,False
1255659,11313,47900,VA,38.9798,-77.3497,544.9231,8.567,105.0,5.1897,0.103,1,0,0.6096,False,True
1253481,13832,41740,CA,32.803,-117.0064,2236.6154,-0.6662,107.5,20.8057,0.4451,4,0,0.6094,False,False
1252749,1011836,33700,CA,37.6882,-120.9947,2729.7692,1.5597,107.5,25.3932,0.5128,5,1,0.6091,False,False
11884002,1039844,40900,CA,38.6425,-121.5199,1166.6923,-5.7482,115.5,10.1012,0.0662,6,0,0.6091,False,True
1249013,8640,41940,CA,37.2928,-121.9133,1160.0,9.1409,112.0,10.3571,0.21,4,0,0.6089,False,True
2547939,1015404,35620,NY,40.815,-73.9592,528.9231,16.1683,112.0,4.7225,0.0599,4,18,0.6089,False,True
1252800,18414,19740,CO,39.7196,-104.9531,972.2308,12.6169,115.5,8.4176,0.0992,5,0,0.6086,False,True
1260782,14460,46700,CA,38.2137,-122.1439,1458.8462,3.8382,107.5,13.5707,0.0833,2,0,0.6085,False,True
1249859,10441,36740,FL,28.3692,-81.5022,2358.7692,1.6947,112.0,21.0604,0.2637,6,1,0.608,False,False
7281942,1034191,29620,MI,42.7344,-84.543,2721.0,1.492,98.0,27.7653,0.4444,1,0,0.6078,False,False
1252707,12486,33460,MN,44.974,-93.2299,715.8462,8.2471,112.0,6.3915,0.0556,3,0,0.6074,False,True
1254809,11307,31080,CA,33.986,-118.443,712.1538,8.1542,113.5,6.2745,0.0616,4,1,0.6072,False,True
1260805,17415,46700,CA,38.3501,-121.9768,1509.3846,2.8622,112.0,13.4766,0.125,4,0,0.6063,False,True
2546113,15086,35440,OR,44.9896,-124.0052,2109.3077,13.4693,105.0,20.0886,0.3333,2,0,0.6061,False,False
2545390,11942,45300,FL,27.9363,-82.4833,945.2308,16.3526,105.0,9.0022,0.0449,1,1,0.606,False,True
13143425,1056025,26900,IN,39.9886,-86.2604,981.0769,2.9046,98.0,10.011,0.0244,0,0,0.6058,False,True
7282138,1037746,45300,FL,27.893,-82.5195,1904.6154,3.6894,105.0,18.1392,0.2135,2,1,0.6048,False,False
1253018,1008716,36740,FL,28.3713,-81.5153,7418.6154,15.1505,98.0,75.7002,0.967,5,2,0.6047,False,False
1250192,7312,12060,GA,33.6544,-84.5032,1840.0,14.532,101.5,18.1281,0.3333,1,0,0.6045,False,False
1258691,11298,40900,CA,38.6504,-121.0683,1319.6154,2.6262,107.5,12.2755,0.1103,2,0,0.6043,False,True
1259067,9267,35620,NY,40.781,-73.9809,367.0769,-4.0225,125.0,2.9366,0.0252,19,13,0.604,False,True
1248652,10377,41180,MO,38.5906,-90.305,1894.4615,0.0772,105.0,18.0425,0.2609,2,0,0.6039,False,False
1258551,11391,47900,VA,38.8459,-77.3035,858.0,-3.5121,105.0,8.1714,0.2318,2,3,0.6037,False,True
1249807,18267,14260,ID,43.6189,-116.2737,1400.4615,4.9277,104.0,13.466,0.0741,1,0,0.6035,False,True
5069900,1010269,26900,IN,39.9055,-86.0518,1603.9231,-12.073,108.5,14.7827,0.1341,3,0,0.6035,False,False
1249861,6570,28140,KS,38.8993,-94.6858,1649.4615,2.8293,107.5,15.3438,0.0727,2,0,0.6034,False,False
1252556,18495,28140,MO,39.2482,-94.6524,2480.3846,-10.3284,107.5,23.0733,0.1455,3,0,0.6034,False,False
2546688,7184,19740,CO,39.7206,-104.9032,945.3077,10.7716,105.0,9.0029,0.084,1,0,0.603,False,True
1249939,10576,33100,FL,25.8052,-80.1891,1460.4615,6.2451,112.0,13.0398,0.1754,4,0,0.6024,False,True
2546665,17563,36740,FL,28.4519,-81.4895,1831.6923,5.1256,101.5,18.0462,0.1538,1,2,0.6024,False,False
1254443,12060,31080,CA,34.2423,-118.5598,1187.9231,3.1046,112.0,10.6065,0.1864,4,0,0.6022,False,True
1254640,11836,31080,CA,33.9012,-118.3741,1643.0,-0.1636,113.0,14.5398,0.3428,6,0,0.602,False,False
1251508,1006376,42660,WA,47.3437,-122.312,867.4615,7.4102,105.0,8.2615,0.0735,1,0,0.6018,False,True
1254212,11576,41940,CA,37.3002,-121.9506,927.3077,1.4731,112.0,8.2795,0.14,4,1,0.6018,False,True
1250428,66438,41860,CA,37.8103,-121.9901,1726.8462,3.2233,97.0,17.8025,0.72,1,0,0.6016,False,False
1251677,13955,47900,MD,39.0383,-77.0569,522.7692,5.2012,111.0,4.7096,0.0815,3,2,0.6014,False,True
12196111,1042855,16820,VA,38.1289,-78.4381,816.4615,10.7933,105.0,7.7758,0.1111,1,0,0.6013,False,True
2546462,16658,31080,CA,33.426,-117.6114,767.6154,-0.0901,108.5,7.0748,0.0765,2,0,0.6012,False,True
1254306,15913,46700,CA,38.0659,-122.1651,1098.6154,1.5284,108.5,10.1255,0.0417,2,0,0.601,False,True
2547667,1014493,31080,CA,33.6462,-117.744,1216.0,-10.996,108.5,11.2074,0.2063,3,0,0.6007,False,True
1260304,8200,29820,NV,36.1153,-115.1182,1562.3077,-0.4265,108.5,14.3991,0.1753,3,1,0.6006,False,False
1260835,7208,33340,WI,43.0933,-87.8872,895.0,-7.6074,104.0,8.6058,0.0588,1,0,0.6003,False,True
1260535,9682,45060,NY,43.0288,-76.0165,913.7692,5.4037,104.0,8.7862,0.0909,1,1,0.6002,False,True
2544957,10060,47940,IA,42.4602,-92.3266,2894.5385,5.5246,105.0,27.567,0.2,2,0,0.6,False,False
5715590,1028254,33460,MN,45.197,-93.3475,1651.0,1.4176,105.0,15.7238,0.3222,2,0,0.5995,False,False
1252186,15854,16980,IL,41.747,-88.1623,1803.8462,-0.4965,104.0,17.3447,0.3199,2,1,0.5994,False,False
1250071,6415,19100,TX,32.9251,-96.7701,2127.6923,-2.427,105.0,20.2637,0.2326,2,0,0.599,False,False
5430171,1027492,31080,CA,34.0541,-118.4404,946.4615,-7.8973,114.5,8.266,0.1148,6,2,0.5989,False,True
5428933,1020369,33460,MN,44.8776,-93.3234,2304.4615,-8.7064,105.0,21.9473,0.5889,4,1,0.5988,False,False
1249363,12693,31140,KY,38.2266,-85.5771,2404.0,-2.5689,105.0,22.8952,0.2,2,0,0.5984,False,False
5428728,1018913,24300,CO,39.0778,-108.5495,1058.3077,-1.0572,107.5,9.8447,0.1429,2,0,0.5983,False,True
1250811,116579,16980,IL,42.1907,-87.8274,1546.0,-1.0195,105.0,14.7238,0.25,2,1,0.5983,False,False
11884505,1044973,46300,ID,42.5922,-114.4763,2154.4615,9.9345,105.0,20.5187,0.3333,2,0,0.5982,False,False
1253349,13787,41700,TX,29.5159,-98.4996,2347.6923,9.2184,108.5,21.6377,0.1688,3,1,0.5979,False,False
1255122,9380,40900,CA,38.7613,-121.2499,1699.6154,3.908,101.5,16.745,0.2941,1,0,0.5979,False,False
1259087,12862,37980,NJ,39.9338,-75.0305,1585.3077,-1.684,108.5,14.6111,0.3212,4,3,0.5978,False,False
1255030,12472,41740,CA,33.0178,-117.062,1614.2308,5.9313,106.5,15.1571,0.2312,2,0,0.5978,False,False
1251813,1007336,31080,CA,34.0121,-118.4831,1323.6923,15.4125,115.0,11.5104,0.2479,6,1,0.5978,False,True
1249373,18227,36540,NE,41.1379,-96.0232,1926.9231,-10.244,105.0,18.3516,0.2,2,0,0.5976,False,False
5429434,1022779,42660,WA,47.1499,-122.2925,1572.8462,-0.6028,108.5,14.4963,0.4755,4,0,0.5976,False,False
6294177,1030815,20500,NC,36.008,-78.9219,1057.0769,4.9889,108.5,9.7426,0.0909,2,0,0.5975,False,True
1254570,14398,41740,CA,33.0859,-117.2682,1322.2308,2.2181,107.5,12.2998,0.1387,2,0,0.5969,False,True
1256298,16077,10580,NY,42.6833,-73.8403,1678.6154,19.0442,107.5,15.615,0.3684,3,3,0.5967,False,False
1253602,9074,42660,WA,47.4556,-122.2566,1869.2308,9.297,105.0,17.8022,0.652,3,0,0.5966,False,False
1257240,17871,40900,CA,38.7101,-121.0849,1977.0,5.7698,100.5,19.6716,0.3824,1,0,0.5966,False,False
1256150,16085,47900,MD,39.056,-77.1181,768.0,7.4241,112.0,6.8571,0.1931,4,2,0.5965,False,True
1254327,14702,31080,CA,34.1879,-118.5992,1558.3846,11.5645,113.0,13.791,0.3128,5,0,0.5964,False,True
5071113,1024223,25180,WV,39.4471,-77.9874,2288.7692,19.8308,105.0,21.7978,0.3333,2,1,0.5964,False,False
2548230,11811,31080,CA,33.7817,-118.0716,711.1538,-0.4094,105.0,6.7729,0.0599,1,0,0.5961,False,True
1254660,11049,31080,CA,34.1575,-118.1511,1220.9231,3.1654,112.0,10.9011,0.2097,4,0,0.596,False,True
2545494,14758,40900,CA,38.4228,-121.4464,1235.8462,2.149,108.0,11.443,0.1029,2,0,0.5957,False,True
1252779,13386,41180,MO,38.6422,-90.5662,1911.5385,5.5112,101.5,18.8329,0.2899,1,0,0.5954,False,False
5715284,1028912,45900,MI,44.7233,-85.6394,1371.1538,10.4947,101.5,13.5089,0.3333,1,1,0.595,False,True
1249984,6457,12060,GA,34.0745,-83.9848,1608.2308,-7.0346,108.0,14.891,0.183,3,1,0.5949,False,False
2545980,8739,31080,CA,33.7748,-118.3761,1661.3846,0.9158,105.0,15.8227,0.3544,2,0,0.5946,False,False
1253010,11774,16980,IL,41.9031,-87.6701,374.0,4.5591,115.0,3.2522,0.0134,5,8,0.5946,False,True
1253988,15644,38900,OR,45.3625,-122.6477,693.6923,2.1985,105.0,6.6066,0.0909,1,0,0.5945,False,True
5071096,1018503,40060,VA,37.6479,-77.5858,1352.1538,13.1655,108.5,12.4622,0.1316,2,0,0.5941,False,True
12195647,15796,41860,CA,37.4851,-122.2311,2304.9231,3.2494,105.0,21.9516,0.885,5,1,0.594,False,False
11884281,1038610,16980,IL,41.7645,-88.1852,2258.1538,1.7821,101.5,22.2478,0.5054,2,2,0.5938,False,False
1252364,1010311,19740,CO,39.7208,-104.9569,1021.3846,-0.977,114.5,8.9204,0.145,5,0,0.5937,False,True
1254977,11083,19100,TX,32.8952,-96.7393,2281.8462,4.7495,105.0,21.7319,0.2951,2,0,0.5936,False,False
1254766,13442,42220,CA,38.2761,-122.6681,1524.5385,0.553,93.5,16.3052,0.4333,0,0,0.5929,False,False
1250230,10646,41700,TX,29.4408,-98.4994,2486.7692,-3.4322,105.0,23.6835,0.2078,2,0,0.5927,False,False
5071960,9594,31080,CA,33.9788,-118.4377,995.7692,-0.0772,115.5,8.6214,0.1364,6,1,0.5924,False,True
1254345,11489,31080,CA,33.9793,-118.0371,1669.6154,2.5272,105.0,15.9011,0.3594,2,0,0.5924,False,False
5429074,1007052,19100,TX,32.7977,-96.7923,1643.2308,6.4216,121.5,13.5245,0.1146,11,0,0.5914,False,True
2547282,1007195,47900,VA,38.3547,-77.5116,373.6154,33.8385,112.0,3.3359,0.0429,2,1,0.5912,False,True
1252058,1008877,45220,FL,30.445,-84.2913,3087.6154,8.3783,105.0,29.4059,0.6667,4,1,0.5912,False,False
1255034,15532,31080,CA,33.8077,-118.2722,998.3077,-3.674,114.5,8.7188,0.1381,5,0,0.591,False,True
1251884,1007114,41740,CA,32.9816,-117.2515,1872.0769,-0.1805,105.0,17.8293,0.3179,2,0,0.5909,False,False
1256005,16727,35620,NJ,41.0571,-74.1426,1811.3846,-5.0331,98.0,18.4835,0.4416,1,3,0.5906,False,False
5715359,1028559,42020,CA,35.1303,-120.6044,743.2308,0.583,112.0,6.636,0.0625,3,0,0.5904,False,True
2545650,14652,19740,CO,39.6909,-105.1171,1565.3846,0.9375,101.5,15.4225,0.3206,1,0,0.5903,False,False
2547267,1006903,37980,NJ,39.9368,-75.045,1664.7692,2.4328,108.5,15.3435,0.3577,4,4,0.5894,False,False
13205464,1054005,18880,FL,30.296,-86.0217,1070.2308,85.161,111.0,9.6417,0.1333,1,0,0.5894,False,True
1259729,18558,34980,TN,36.1099,-86.811,2646.4615,0.8205,108.5,24.3914,0.3922,4,0,0.5893,False,False
1250276,113205,31080,CA,33.6298,-117.91,3108.3077,-0.8806,105.0,29.6029,0.8469,5,0,0.5893,False,False
1259700,1030803,33100,FL,26.7083,-80.0568,2201.9231,82.0118,114.0,19.3151,0.3392,3,0,0.5892,False,False
11884199,1040249,16980,IL,42.1229,-88.3371,4139.4615,-1.2388,84.0,49.2793,0.9167,0,1,0.5891,False,False
2546491,16776,41860,CA,37.8945,-122.5309,1398.7692,3.8789,104.0,13.4497,0.525,2,0,0.589,False,True
1259746,1031798,33100,FL,26.0112,-80.175,1082.7692,13.306,112.0,9.6676,0.1228,3,0,0.5889,False,True
7281906,1023086,42660,WA,47.7553,-122.1525,1146.9231,3.1049,107.5,10.6691,0.2059,2,0,0.5886,False,True
2546548,17077,16980,IL,41.8885,-88.1077,1521.1538,-3.097,105.0,14.4872,0.2366,2,2,0.5885,False,False
5428518,1022555,33100,FL,26.1566,-80.1182,1210.6154,0.7812,110.0,11.0056,0.1462,3,1,0.5878,False,True
1255394,15592,41740,CA,32.9954,-117.2545,1014.5385,-2.1442,108.5,9.3506,0.0809,2,0,0.5877,False,True
13368140,1054832,39820,CA,40.5599,-122.239,1632.3077,14.2027,98.0,16.6562,0.1,0,0,0.5877,False,False
5071265,1020698,41740,CA,32.7563,-117.0398,2289.7692,1.4554,110.0,20.8161,0.4855,5,0,0.5877,False,False
1252264,13603,48580,WI,42.5921,-88.4333,1489.6923,7.03,107.0,13.9224,0.1667,2,1,0.5876,False,True
1254951,1010209,12420,TX,30.4827,-97.6564,1358.0,1.1749,112.0,12.125,0.1412,4,1,0.5873,False,True
1253976,11960,38900,OR,45.498,-122.6862,1216.4615,11.7518,107.0,11.3688,0.2975,2,0,0.5867,False,True
11884054,1039903,11180,IA,42.0119,-93.6098,2496.9231,-1.3464,105.0,23.7802,0.75,4,0,0.5864,False,False
7281756,7755,40900,CA,38.6607,-121.3628,1415.2308,9.1934,111.0,12.7498,0.1618,3,0,0.5861,False,True
1252548,1009833,42660,WA,47.4702,-122.3464,1973.9231,10.1851,105.0,18.7993,0.6912,3,0,0.5861,False,False
5072026,1026221,17820,CO,39.0573,-104.84,1648.6154,4.3123,101.5,16.2425,0.3548,1,0,0.5861,False,False
11884444,1044187,37100,CA,34.2084,-118.8678,1411.6923,-2.9508,112.0,12.6044,0.1778,4,0,0.586,False,True
1251754,1007781,39580,NC,35.8463,-78.8874,1640.7692,-2.6605,105.0,15.6264,0.3488,2,0,0.5859,False,False
2545204,11063,33340,WI,43.0147,-88.0462,2132.6154,3.0364,105.0,20.3106,0.3333,2,0,0.5858,False,False
1248501,7084,38900,OR,45.486,-122.7728,1117.3077,-5.1212,103.0,10.8476,0.2149,1,0,0.5854,False,True
1248556,7914,18140,OH,40.1452,-82.9635,2589.7692,-1.2814,105.0,24.6645,0.5263,3,0,0.5852,False,False
7281986,1039372,16980,IL,41.5681,-87.5583,1620.7692,12.2955,95.0,17.0607,0.2608,0,2,0.585,False,False
1254844,15187,19100,TX,32.8369,-96.7547,1593.3846,8.4276,108.5,14.6856,0.1007,2,0,0.585,False,False
1254884,16692,12420,TX,30.288,-97.7426,1860.9231,7.7067,111.0,16.7651,0.3176,4,0,0.5848,False,False
2545754,13570,14860,CT,41.0425,-73.5774,475.4615,-5.6192,104.0,4.5717,0.0714,1,3,0.5847,False,True
1253287,1010180,19740,CO,39.7038,-105.138,1694.8462,2.2176,104.0,16.2966,0.4198,2,1,0.5846,False,False
2547675,1014519,41180,MO,38.8094,-90.2996,714.8462,-21.3724,104.0,6.8735,0.0435,1,0,0.5846,False,True
5428980,9047,38900,OR,45.3313,-122.584,2046.3846,12.8728,105.0,19.4894,0.7107,3,0,0.5845,False,False
2546479,16735,19740,CO,39.7579,-104.9026,1001.4615,-0.0537,108.5,9.2301,0.1145,2,0,0.5843,False,True
12195785,1005642,46520,HI,21.42,-157.8049,3729.9231,7.5025,98.5,37.8672,0.8333,2,0,0.5842,False,False
1260368,8073,28140,KS,38.855,-94.6693,2616.1538,-0.4508,105.0,24.9158,0.1818,2,1,0.5841,False,False
6294520,1031721,28140,MO,39.246,-94.6602,2570.0769,-4.4608,108.5,23.6873,0.1636,3,0,0.5838,False,False
1250868,91390,36500,WA,47.0378,-122.8227,2365.6154,0.2837,112.0,21.1216,0.4286,6,0,0.5835,False,False
5070501,1021819,35620,NY,40.7305,-73.887,996.4615,0.0077,112.0,8.897,0.1546,5,16,0.5835,False,True
1250763,113998,42220,CA,38.2386,-122.6353,1299.1538,1.5574,108.5,11.9738,0.3,3,1,0.5834,False,True
12195664,9683,25420,PA,40.2387,-76.9347,912.6923,2.754,107.5,8.4902,0.1875,2,1,0.5834,False,True
1251667,1006935,14500,CO,40.0071,-105.2752,1499.0769,7.5141,105.0,14.2769,0.4615,2,0,0.5832,False,False
2546690,17649,29820,NV,36.1617,-115.1732,2090.0769,0.7752,107.5,19.4426,0.299,3,1,0.583,False,False
1251159,16727,35620,NJ,41.0571,-74.1426,1841.9231,-7.0133,98.0,18.7951,0.4543,1,3,0.583,False,False
1258869,16122,47900,VA,38.8884,-77.0908,536.8462,12.9288,118.5,4.5303,0.0901,7,4,0.5829,False,True
5069926,1025718,17460,OH,41.6587,-81.3771,1039.8462,-4.6551,107.5,9.673,0.1111,2,1,0.5828,False,True
1257408,12026,37980,PA,40.0764,-75.2067,860.9231,-3.8983,98.0,8.7849,0.0876,0,0,0.5828,False,True
1250806,116624,16980,IL,41.9926,-87.6902,1473.4615,2.8733,105.0,14.033,0.2151,2,7,0.5828,False,True
5715574,1024866,33460,MN,44.8357,-93.3992,996.6923,8.4268,105.0,9.4923,0.1444,1,0,0.5828,False,True
1254990,9269,19100,TX,33.0405,-96.7319,1385.7692,8.8257,112.0,12.3729,0.0729,3,0,0.5827,False,True
1254397,1010099,19740,CO,39.5953,-104.8043,1581.5385,0.8733,105.0,15.0623,0.3282,2,1,0.5825,False,False
1252101,1008887,15380,NY,42.9543,-78.6963,2239.0769,-1.6821,91.0,24.6052,0.5294,0,1,0.5823,False,False
5071254,1023252,41860,CA,37.5955,-122.5038,1436.3846,6.2717,100.0,14.3638,0.555,1,0,0.5823,False,False
1255185,16235,39820,CA,40.5714,-122.351,2688.2308,-0.0601,101.5,26.485,0.6,2,0,0.5822,False,False
5715496,1029581,33100,FL,26.1599,-80.128,733.1538,4.3007,112.0,6.546,0.0585,3,1,0.5821,False,True
1255710,16733,35620,NY,40.721,-73.8474,1367.0769,-0.5206,112.0,12.206,0.2776,6,13,0.582,False,True
1259774,11183,39580,NC,35.7883,-78.6479,1787.6154,1.352,107.5,16.629,0.4186,3,0,0.5816,False,False
1254426,9134,42140,NM,35.6921,-105.951,1623.8462,9.3046,104.0,15.6139,0.5,2,1,0.5815,False,False
1248707,7414,35620,NY,40.9504,-73.8284,1357.1538,3.7518,101.5,13.371,0.2681,1,3,0.5812,False,True
1249836,18575,41940,CA,37.3526,-122.0078,1454.3846,1.996,105.0,13.8513,0.36,2,1,0.5812,False,True
1260258,12546,31080,CA,33.7482,-117.8699,940.7692,2.7213,105.0,8.9597,0.1131,1,0,0.5812,False,True
2547546,1014074,31080,CA,33.9618,-118.42,1637.3846,1.6572,108.5,15.0911,0.3378,3,0,0.5812,False,False
6294317,1030312,19780,IA,41.7023,-93.6166,2664.2308,-5.1408,100.5,26.5098,0.2727,1,0,0.5811,False,False
1249875,6760,26420,TX,29.7151,-95.3975,1340.4615,8.8853,112.0,11.9684,0.086,3,0,0.5811,False,True
2547739,1014694,12060,GA,34.089,-84.2745,1043.4615,5.6135,105.0,9.9377,0.0523,1,1,0.5807,False,True
1251807,1008844,26420,TX,29.6639,-95.7454,2473.6154,1.8432,104.0,23.7848,0.4072,2,0,0.5806,False,False
5715274,1028516,24860,SC,34.8599,-82.4064,3026.1538,1.859,103.0,29.3801,0.4167,2,0,0.5806,False,False
2547093,69034,41860,CA,37.9277,-122.5172,875.6923,-0.1579,103.5,8.4608,0.26,1,0,0.5805,False,True
5071686,1018239,19100,TX,33.0907,-96.8066,2225.3846,-7.4566,111.0,20.0485,0.2778,5,1,0.5802,False,False
1251640,1008945,33460,MN,44.9399,-92.9041,2371.2308,-5.9724,101.5,23.3619,0.6,2,0,0.5801,False,False
1251155,1008728,42660,WA,47.6895,-122.345,1613.3846,8.9558,107.5,15.0082,0.5098,3,0,0.5799,False,False
1260237,16537,41860,CA,37.8466,-122.2916,560.3846,25.1073,107.5,5.2129,0.12,1,0,0.579,False,True
2546430,16486,31080,CA,33.6432,-117.5994,2277.6154,2.7876,105.0,21.6916,0.624,3,0,0.5789,False,False
1258123,12262,38300,PA,40.541,-80.181,843.1538,-6.5319,105.0,8.03,0.0635,1,0,0.5787,False,True
1249823,7470,40900,CA,38.5417,-121.4084,2055.8462,3.9356,107.5,19.1242,0.4191,3,0,0.5786,False,False
1249160,17870,41860,CA,37.7682,-122.2326,975.0769,6.9614,107.5,9.0705,0.305,2,0,0.5785,False,True
2545480,12397,12420,TX,30.2522,-97.7636,1454.4615,4.9978,108.0,13.4672,0.1882,2,0,0.5782,False,True
1260656,14591,31080,CA,33.8521,-117.7883,1099.6154,3.6395,108.5,10.1347,0.1597,2,0,0.5775,False,True
1251837,12252,16980,IL,41.814,-87.8699,782.3846,0.197,105.0,7.4513,0.0618,1,1,0.5774,False,True
2548033,1015646,12060,GA,33.9182,-84.3507,2022.8462,1.7646,105.0,19.2652,0.3725,2,0,0.5774,False,False
6294862,1033843,40900,CA,38.6677,-121.3372,2250.6923,2.8834,108.5,20.7437,0.5074,4,0,0.5772,False,False
1253600,11173,42660,WA,47.5418,-122.2259,1020.6923,0.8589,98.0,10.4152,0.1275,0,0,0.5766,False,True
11884359,1042940,45940,NJ,40.3637,-74.6517,587.7692,1.7579,105.0,5.5978,0.1111,1,1,0.5765,False,True
1259745,11863,34980,TN,36.0299,-86.7914,3045.8462,2.7373,105.0,29.0081,0.4706,3,1,0.5764,False,False
1254826,14752,19740,CO,39.68,-104.9589,1773.9231,6.0227,105.0,16.8945,0.4427,2,0,0.5764,False,False
1253668,15730,42660,WA,47.3155,-122.307,1495.1538,5.4067,108.5,13.7802,0.4069,3,0,0.5764,False,True
2546292,15912,42660,WA,47.625,-122.1547,1695.7692,-0.2127,106.5,15.9227,0.5441,3,0,0.5763,False,False
5071346,1008752,31080,CA,33.4393,-117.6278,3732.6923,-1.5221,97.0,38.4814,0.9285,2,0,0.5763,False,False
7282194,1040236,40900,CA,38.7872,-121.2529,2495.1538,1.4925,101.5,24.5828,0.6618,2,0,0.5762,False,False
6294375,1031256,35620,NY,40.7413,-73.6398,401.6154,-1.4348,108.5,3.7015,0.0379,2,6,0.5762,False,True
5071621,1024009,19740,CO,39.7916,-105.0248,1017.2308,4.4962,105.0,9.6879,0.1374,1,0,0.5762,False,True
1251486,1005862,40900,CA,38.4807,-121.5169,2056.0,3.4886,107.5,19.1256,0.4265,3,0,0.576,False,False
1249262,17864,30300,WA,46.4198,-117.0419,1834.9231,7.0406,100.5,18.2579,0.5,1,0,0.5759,False,False
1249334,7556,33700,CA,37.5231,-120.8812,1854.2308,1.4819,112.0,16.5556,0.2051,4,0,0.5752,False,False
1255153,14830,31080,CA,34.0645,-118.4694,839.6923,3.9916,105.0,7.9971,0.0948,1,1,0.5748,False,True
1254952,17603,31080,CA,33.4978,-117.662,1189.5385,7.2399,108.5,10.9635,0.188,2,0,0.5748,False,True
5071392,1024772,42660,WA,47.2908,-122.3362,1226.1538,3.7625,107.5,11.4061,0.2598,2,0,0.5746,False,True
2544730,9091,47900,VA,39.0345,-77.3982,1863.1538,6.1208,105.0,17.7443,0.721,3,0,0.5746,False,False
13205397,1053311,31080,CA,33.9301,-118.3228,562.3077,15.5183,114.5,4.911,0.0366,3,0,0.5741,False,True
5069892,1014139,17140,OH,39.0738,-84.3501,954.5385,3.9628,105.0,9.0908,0.08,1,1,0.5741,False,True
5715700,1029838,17900,SC,34.0159,-81.0343,179.0769,88.0452,114.5,1.564,0.0357,1,0,0.574,False,True
7281792,13631,33460,MN,44.9202,-92.9333,1205.2308,0.0703,104.0,11.5888,0.1889,1,0,0.5739,False,True
1248696,6959,19780,IA,41.5972,-93.7189,1967.6154,3.0539,107.5,18.3034,0.0909,2,1,0.5737,False,False
1254900,1013828,41700,TX,29.4243,-98.4866,5197.0769,5.6366,96.0,54.1362,0.9221,2,0,0.5732,False,False
1254452,16279,41740,CA,32.7488,-117.1524,1242.7692,26.6045,115.0,10.8067,0.1272,4,1,0.5728,False,True
2545600,12870,35620,NY,40.7262,-73.8527,1483.6923,0.3434,112.0,13.2473,0.3091,6,13,0.5728,False,True
1254154,12118,41940,CA,37.314,-121.7941,1169.1538,-3.2404,107.5,10.8758,0.22,2,0,0.5725,False,True
1254439,15431,41860,CA,37.8981,-122.0601,1386.1538,5.5839,111.0,12.4879,0.52,5,1,0.5723,False,True
5070742,1024956,37980,NJ,39.8953,-74.9441,475.5385,-4.7898,105.0,4.5289,0.0292,1,3,0.5714,False,True
2545408,12002,47900,VA,38.9589,-77.3591,1010.2308,7.0073,112.0,9.0199,0.3047,4,1,0.5711,False,True
7281874,12117,19740,CO,39.6115,-104.7531,1057.6154,6.0307,105.0,10.0725,0.1679,1,0,0.5706,False,True
5429038,1018276,32820,TN,35.1012,-89.8577,2685.3077,0.6139,105.0,25.5744,0.5938,3,0,0.5703,False,False
1254258,11569,41940,CA,37.3892,-121.9835,1108.5385,13.4099,112.0,9.8977,0.2,3,0,0.5702,False,True
1254209,16758,39900,NV,39.394,-119.7664,1937.6154,1.3234,100.5,19.2798,0.4643,1,0,0.5702,False,False
2546157,15269,41740,CA,33.1129,-117.1009,1806.6154,1.3332,111.5,16.2028,0.2832,4,0,0.5701,False,False
1255989,17504,19100,TX,32.9096,-97.1886,559.4615,9.7646,111.0,5.0402,0.0069,2,1,0.57,False,True
5429845,1022201,49420,WA,46.5996,-120.5872,1365.3077,-4.0231,107.5,12.7005,0.2,2,0,0.5694,False,True
1254337,11626,31080,CA,34.1398,-118.024,1793.5385,14.2941,111.5,16.0855,0.4093,4,0,0.5693,False,False
5429056,1018906,40900,CA,38.6636,-121.2626,2254.6154,1.9017,106.5,21.1701,0.5221,3,0,0.5692,False,False
1250068,6638,33300,GA,33.1096,-83.256,3918.3077,-5.3074,84.0,46.6465,1.0,0,1,0.5691,False,False
13205519,1039642,37100,CA,34.234,-119.1723,2957.5385,5.728,112.0,26.4066,0.6,7,0,0.5686,False,False
5069899,1022197,26900,IN,39.8227,-86.2797,1349.8462,-3.2208,105.0,12.8557,0.061,1,0,0.5684,False,True
1251003,116502,12060,GA,33.9166,-84.4668,1122.3846,1.2701,105.0,10.6894,0.0588,1,1,0.5681,False,True
6294122,1031160,13460,OR,44.0624,-121.3029,631.9231,-10.5217,105.0,6.0183,0.1111,1,0,0.568,False,True
1249499,7531,37980,NJ,39.9217,-75.0376,1538.9231,2.8798,108.5,14.1836,0.3066,3,2,0.5672,False,False
2547425,1010362,19300,AL,30.2698,-87.5878,5208.3077,3.3868,89.0,58.5203,0.5,0,0,0.567,False,False
1260239,14652,19740,CO,39.6909,-105.1171,1673.4615,-0.156,101.5,16.4873,0.3969,1,0,0.5669,False,False
1254430,9027,31080,CA,34.0351,-118.6851,425.8462,10.2789,112.0,3.8022,0.0166,2,0,0.5667,False,True
1254122,15904,41860,CA,37.9765,-122.0338,1084.6923,1.5337,109.5,9.9059,0.38,3,0,0.5667,False,True
2546288,15887,29820,NV,36.0297,-115.0858,1796.3846,3.4096,107.5,16.7106,0.2165,2,0,0.5666,False,False
2547219,1005719,41740,CA,33.1318,-117.2065,2257.0769,-1.3582,104.0,21.7027,0.4682,2,0,0.5664,False,False
5429319,11300,40900,CA,38.4816,-121.5032,1524.0769,-2.3942,107.5,14.1775,0.2059,2,0,0.5662,False,False
1255408,14087,17820,CO,38.9307,-104.7939,1348.3077,3.962,105.0,12.841,0.129,1,0,0.5662,False,True
1260753,14594,37900,IL,40.7466,-89.612,2414.6154,6.0796,107.5,22.4615,0.3333,3,2,0.5661,False,False
5429004,1019324,31080,CA,34.0246,-118.2842,383.8462,2.2331,119.0,3.2256,0.015,6,1,0.5661,False,True
1254062,8740,41740,CA,32.9814,-117.0755,2779.5385,2.9136,101.5,27.3846,0.6821,2,0,0.5659,False,False
1249544,18213,24540,CO,40.3958,-104.7548,1997.3077,3.9556,107.5,18.5796,0.2,2,0,0.5657,False,False
2548273,1016413,28140,KS,38.9124,-94.661,2823.0769,-4.7347,105.0,26.8864,0.2727,2,0,0.5655,False,False
1255441,13684,22660,CO,40.5227,-105.0422,1926.6923,0.9756,105.0,18.3495,0.4286,2,0,0.5655,False,False
1251847,1013201,16980,IL,42.154,-88.1364,1531.6154,3.633,103.0,14.8701,0.2419,1,1,0.5655,False,False
12195706,1031363,19820,MI,42.5991,-83.1696,1508.2308,11.6127,105.0,14.3641,0.1728,1,0,0.5654,False,False
5071125,1024211,47260,VA,37.0426,-76.386,2516.3077,-3.0698,105.0,23.9648,0.4921,3,2,0.5653,False,False
1254711,16505,41740,CA,32.9374,-117.2303,1585.9231,-0.2612,107.5,14.7528,0.2197,2,0,0.5652,False,False
1252890,15664,18140,OH,40.0505,-82.9194,2803.8462,13.1636,108.5,25.8419,0.5789,4,0,0.5648,False,False
13284999,1052194,36740,FL,28.4005,-81.4878,996.8462,-4.5167,112.0,8.9004,0.022,3,1,0.5646,False,True
5428536,1022606,19820,MI,42.4829,-83.2847,1320.2308,7.5174,105.0,12.5736,0.0988,1,1,0.5642,False,True
1253599,1005401,42660,WA,47.6091,-122.1426,1812.6923,5.4646,106.5,17.0206,0.6275,3,0,0.5641,False,False
7282429,1026798,12060,GA,34.0679,-84.2941,2120.5385,-0.4981,105.0,20.1956,0.3987,2,0,0.564,False,False
5072058,1026061,38060,AZ,33.5828,-111.8945,641.0769,3.8634,115.5,5.5504,0.0146,4,1,0.5637,False,True
5430036,18103,27260,FL,30.1404,-81.5326,1533.7692,-2.1062,107.5,14.2676,0.1064,2,2,0.5632,False,False
2546882,18528,10740,NM,35.1757,-106.5584,1392.1538,-6.8314,105.0,13.2586,0.0488,1,0,0.563,False,True
1249180,10254,10580,NY,42.6784,-73.8303,1672.1538,-4.3011,105.0,15.9253,0.3158,2,2,0.563,False,False
5070608,1019175,40380,NY,43.0943,-77.6335,1980.4615,0.535,110.0,18.0042,0.1111,3,2,0.5628,False,False
1257363,12025,38300,PA,40.4377,-79.9192,1828.8462,16.4357,110.0,16.6259,0.3016,3,1,0.5625,False,False
1260125,14297,42660,WA,47.2965,-122.3813,1270.5385,1.6744,107.5,11.819,0.2892,2,0,0.5623,False,True
1254143,8742,41740,CA,32.8488,-117.2733,1867.9231,22.784,107.5,17.376,0.3121,2,1,0.5622,False,False
5072002,1021537,41620,UT,40.6234,-111.8338,1767.8462,5.4994,105.0,16.8366,0.5,2,0,0.5621,False,False
2547690,1014555,12060,GA,34.0684,-84.2807,2117.6923,-2.7552,105.0,20.1685,0.3922,2,0,0.5613,False,False
1260053,12441,37980,PA,40.0935,-75.2863,1152.5385,-1.3368,104.0,11.0821,0.1679,1,1,0.5611,False,True
13368233,1044115,24300,CO,39.0391,-108.5374,1214.0,5.4383,104.0,11.6731,0.2857,1,0,0.5611,False,True
2544165,6751,16980,IL,41.8308,-87.6268,703.8462,-11.3973,108.5,6.4871,0.0538,2,2,0.5609,False,True
2547967,1015465,12580,MD,39.4431,-76.6269,733.9231,-3.9271,105.0,6.9897,0.1061,1,1,0.5609,False,True
2546041,14741,26420,TX,29.7073,-95.4683,1032.3077,-5.7915,105.0,9.8315,0.0452,1,1,0.5608,False,True
1255213,11239,31080,CA,33.7729,-118.1891,1227.5385,12.1118,112.0,10.9602,0.213,3,0,0.5608,False,True
1254541,18502,31080,CA,34.1405,-118.3695,539.3846,14.109,115.0,4.6903,0.0333,3,0,0.5607,False,True
1250116,10608,10740,NM,35.1003,-106.5861,1503.3846,1.7228,113.5,13.2457,0.1707,4,0,0.5607,False,True
1248715,7787,41700,TX,29.5603,-98.6796,2967.3846,3.6599,104.0,28.5325,0.3766,2,1,0.5605,False,False
1249590,6348,35620,NY,40.7144,-73.832,332.3077,1.9349,112.0,2.967,0.0126,3,12,0.5604,False,True
1255234,11244,41860,CA,37.5535,-121.9737,748.9231,20.6444,115.5,6.4842,0.22,4,0,0.5602,False,True
1255248,14036,31080,CA,34.4081,-118.5793,2407.0769,2.068,105.0,22.9245,0.6822,3,0,0.5601,False,False
6294168,1031172,42220,CA,38.4409,-122.7124,472.3077,15.4569,108.5,4.3531,0.0333,1,0,0.56,False,True
2545325,11650,41860,CA,37.6257,-122.4261,1381.0,1.8321,108.0,12.787,0.515,3,0,0.5599,False,True
1260084,13405,30460,KY,38.0172,-84.4185,2026.3077,25.6535,108.5,18.6756,0.2941,2,0,0.5597,False,False
2545297,11506,10740,NM,35.1746,-106.578,1604.3077,0.3754,112.0,14.3242,0.2927,4,0,0.5596,False,False
1251974,10060,47940,IA,42.4603,-92.3266,2939.9231,9.4191,105.0,27.9993,0.4,2,0,0.5593,False,False
2547364,1009148,35620,NY,40.6229,-73.9366,1786.7692,6.2288,112.0,15.9533,0.4353,6,7,0.559,False,False
1260212,13946,22420,MI,42.9883,-83.7404,1068.8462,-2.6347,98.0,10.9066,0.1667,0,0,0.5589,False,True
11884088,1040200,41180,MO,38.6559,-90.5546,1441.3077,8.9551,105.0,13.7267,0.1884,1,0,0.5587,False,True
1255946,11869,26900,IN,39.9377,-86.2361,2977.4615,1.6332,98.0,30.3823,0.5122,1,2,0.5583,False,False
1248831,7493,16580,IL,40.113,-88.2046,2073.0,-3.502,105.0,19.7429,0.3333,2,1,0.5582,False,False
2547738,1014693,29820,NV,36.0014,-115.1082,2668.6154,-1.4292,107.5,24.8243,0.5361,4,1,0.5581,False,False
2544164,6747,31080,CA,33.9816,-118.409,1659.3077,3.7716,115.0,14.4288,0.3527,6,0,0.558,False,False
1260888,8503,41420,OR,44.9644,-123.0323,1390.3077,10.9924,98.0,14.1868,0.2353,0,0,0.5577,False,False
1254103,8741,31080,CA,33.8042,-118.3303,1887.9231,10.4744,111.0,17.0083,0.4526,4,0,0.5576,False,False
2547791,1014899,19100,TX,33.0767,-97.1306,1421.8462,-5.7612,105.0,13.5414,0.0764,1,0,0.5575,False,True
1256816,1007263,41420,OR,45.151,-122.8302,371.0769,1.6221,107.5,3.4519,0.0588,1,0,0.5573,False,True
13368334,1038585,30700,NE,40.7261,-96.6803,2633.9231,3.855,105.0,25.085,0.4,2,0,0.5572,False,False
2546276,15829,33340,WI,43.0507,-88.0079,2257.2308,2.0909,105.0,21.4974,0.4314,2,0,0.5572,False,False
12195692,1031189,25740,MT,46.5909,-112.0154,2392.6154,-1.6132,105.0,22.7868,0.6667,3,0,0.5571,False,False
13368137,1052158,45300,FL,27.7811,-82.679,1572.0769,16.0666,105.0,14.9722,0.1236,1,2,0.5569,False,False
5715200,1030053,16820,VA,38.0586,-78.495,995.6923,4.3534,105.0,9.4828,0.2222,1,0,0.5566,False,True
1255180,9240,26420,TX,29.7822,-95.5217,2017.0,2.2381,112.0,18.0089,0.2715,4,0,0.5563,False,False
1259718,15356,33100,FL,26.1189,-80.1397,475.9231,17.0893,112.0,4.2493,0.0351,2,1,0.5562,False,True
1254562,12349,41860,CA,37.7893,-122.4067,2105.2308,7.4182,117.5,17.9169,0.83,14,0,0.5561,False,False
1248847,10291,42660,WA,47.7002,-122.0246,1208.0769,-2.9597,104.0,11.6161,0.2402,1,0,0.5559,False,True
1254687,15461,40900,CA,38.495,-121.5211,1709.0,6.6792,107.5,15.8977,0.3015,2,0,0.5554,False,False
2544759,9229,38060,AZ,33.6214,-111.8734,687.0769,1.0293,115.5,5.9487,0.0194,4,1,0.5554,False,True
1252830,15707,16980,IL,42.1714,-87.8246,1998.3077,1.6831,105.0,19.0315,0.3978,2,1,0.5551,False,False
5070002,19046,33100,FL,26.1383,-80.112,899.7692,-4.0443,112.0,8.0337,0.0819,3,1,0.5547,False,True
11883956,1039619,38060,AZ,33.4842,-112.0741,3768.9231,-2.2875,105.0,35.8945,0.7282,4,0,0.5545,False,False
1249695,7566,42660,WA,47.1368,-122.2924,1147.3846,-1.2185,108.5,10.575,0.2108,2,0,0.5545,False,True
11884655,1037407,35620,NY,40.913,-73.7766,962.6923,16.9735,112.0,8.5955,0.1514,3,4,0.5541,False,True
5429000,1019481,19100,TX,32.8678,-97.1025,3136.3846,0.2878,105.0,29.8703,0.5347,3,1,0.5541,False,False
11883906,1035720,41740,CA,33.1362,-117.1812,2689.3846,2.4107,107.5,25.0175,0.6532,4,0,0.554,False,False
1253431,7401,40900,CA,38.4078,-121.4497,1466.4615,1.3611,108.5,13.5158,0.1912,2,0,0.554,False,True
2545363,11811,31080,CA,33.7818,-118.0716,1103.0,-2.7535,105.0,10.5048,0.1614,1,0,0.5537,False,True
5070012,1023226,36740,FL,28.4717,-81.4531,2932.3077,2.6995,112.0,26.1813,0.4396,6,1,0.5536,False,False
7282371,1043366,19100,TX,32.9662,-97.297,3011.0769,6.9041,104.0,28.9527,0.5,2,0,0.5532,False,False
5715229,1029100,36740,FL,28.5529,-81.3605,2322.0,13.7463,112.0,20.7321,0.2308,4,2,0.5529,False,False
5070384,1025109,33460,MN,44.8349,-93.6007,1348.3077,7.1001,105.0,12.841,0.2111,1,0,0.5527,False,True
6294911,1039546,38300,PA,40.4343,-79.7528,3250.3077,4.7213,105.0,30.9553,0.6349,3,0,0.5526,False,False
2545334,11689,14860,CT,41.0329,-73.6241,1099.9231,-4.8319,101.5,10.8367,0.4286,1,1,0.5524,False,True
2544922,9926,19740,CO,39.8022,-105.1094,1407.8462,-2.9586,107.5,13.0962,0.2748,2,0,0.5524,False,True
1252526,12355,18140,OH,40.0993,-83.1144,1444.4615,1.6841,105.0,13.7568,0.1579,1,0,0.5518,False,True
5715606,1029808,18140,OH,40.1436,-82.9254,3939.2308,-0.2202,101.5,38.8102,0.8596,3,0,0.5515,False,False
1249182,10084,36420,OK,35.2181,-97.4555,3582.8462,4.0106,102.5,34.9546,0.5532,2,0,0.5513,False,False
5715235,1029062,12580,MD,39.287,-76.5481,1752.8462,6.2529,104.0,16.8543,0.5152,2,3,0.5512,False,False
1259677,1010283,33100,FL,26.3664,-80.0782,937.5385,-7.3579,105.0,8.9289,0.0877,1,1,0.5511,False,True
7281844,1020079,41420,OR,44.9098,-123.0451,1435.9231,-0.8288,107.5,13.3574,0.2941,2,0,0.551,False,True
1252869,1013334,37980,PA,40.0026,-75.2227,1529.5385,-6.7792,108.5,14.0971,0.2993,3,2,0.5506,False,False
1255396,12818,31080,CA,34.0157,-118.4966,1088.3077,-16.9523,114.0,9.5466,0.1564,5,1,0.5502,False,True
6294650,1032893,47900,DC,38.8604,-76.967,657.7692,27.7603,108.5,6.0624,0.1416,1,0,0.5502,False,True
1254645,15454,41860,CA,37.5212,-122.3374,536.8462,5.1371,100.5,5.3418,0.11,0,0,0.5501,False,True
1251992,15860,33340,WI,43.1187,-87.9065,1309.1538,2.3699,105.0,12.4681,0.1176,1,1,0.5501,False,True
1258263,15692,35620,NY,40.8511,-73.9384,1325.4615,45.0299,112.0,11.8345,0.2587,3,11,0.5497,False,True
5070371,1019763,19820,MI,42.4058,-82.9162,1493.4615,1.6226,105.0,14.2234,0.1605,1,0,0.5495,False,False
1259771,15371,34980,TN,36.0418,-86.7457,1743.3846,3.1682,98.0,17.7896,0.1569,0,0,0.5495,False,False
2546831,18242,41180,MO,38.6591,-90.3372,1392.0,-2.0885,105.0,13.2571,0.1449,1,0,0.5493,False,True
1260744,10397,40900,CA,38.6603,-121.328,1741.4615,-0.0574,112.0,15.5488,0.3162,4,0,0.5492,False,False
2544196,6905,35620,NJ,41.0761,-74.139,2554.3846,32.6105,99.0,25.8019,0.7161,1,3,0.5491,False,False
1249804,6989,41180,MO,38.7774,-90.3357,1787.2308,23.618,105.0,17.0212,0.2319,1,1,0.549,False,False
1259047,1015457,35620,NJ,40.2285,-74.0452,1113.6923,11.9635,105.0,10.6066,0.1861,1,2,0.5489,False,True
13205527,1052881,39660,SD,44.1232,-103.0516,1517.6923,-8.5388,97.0,15.6463,0.2,0,0,0.5489,False,False
5071069,1023892,37980,PA,40.1331,-75.4522,1080.8462,0.3571,105.0,10.2938,0.1387,1,1,0.5488,False,True
1260563,8761,12060,GA,34.0581,-84.3823,1361.5385,-7.028,105.0,12.967,0.1111,1,0,0.5488,False,True
1248406,7018,29820,NV,36.0568,-115.2423,2752.3846,3.8063,107.5,25.6036,0.6082,4,1,0.5487,False,False
1252724,9277,16980,IL,41.9279,-87.6974,1251.2308,-1.5494,115.5,10.8332,0.1478,6,6,0.5485,False,True
1251235,1006251,19820,MI,42.5345,-83.1107,1873.2308,21.2447,104.0,18.0118,0.3086,1,1,0.5483,False,False
2546770,1024422,42220,CA,38.4533,-122.7712,1481.9231,11.4873,107.5,13.7853,0.4,2,0,0.5482,False,True
5070423,1026487,33460,MN,45.0287,-93.4568,967.9231,5.6951,106.5,9.0885,0.1333,1,0,0.5479,False,True
1259686,8974,39580,NC,35.8878,-78.6787,1154.3846,-1.6321,105.0,10.9941,0.1163,1,1,0.5478,False,True
5428590,1021397,42660,WA,47.4841,-122.2169,1389.1538,1.8843,110.0,12.6287,0.3725,3,0,0.5477,False,True
7282063,1037118,41860,CA,37.5139,-122.2543,1174.6154,-0.2808,114.5,10.2586,0.405,6,1,0.5477,False,True
1255686,15915,45940,NJ,40.3501,-74.6595,758.6154,3.8761,105.0,7.2249,0.2222,1,1,0.5474,False,True
2547033,20211,38900,OR,45.4128,-122.7175,1200.5385,-8.5277,107.5,11.1678,0.281,2,0,0.5468,False,True
5715644,1021720,47900,VA,38.3051,-77.5087,2603.9231,33.172,105.0,24.7993,0.8541,3,2,0.5468,False,False
1253536,15847,14260,ID,43.6242,-116.2124,1673.3846,11.3762,104.0,16.0902,0.3333,1,0,0.5464,False,False
6294544,1031695,40380,NY,43.1324,-77.4421,1771.5385,0.283,105.0,16.8718,0.0556,1,1,0.5463,False,False
5070571,1022568,25420,PA,40.2849,-76.6527,836.6154,0.8064,112.0,7.4698,0.125,3,2,0.5461,False,True
1259759,12308,23540,FL,29.689,-82.3944,1297.4615,-45.868,101.5,12.7829,0.1667,1,0,0.5456,False,True
2546396,16350,39580,NC,35.8249,-78.7073,1350.4615,3.1977,105.0,12.8615,0.2093,1,0,0.5455,False,True
1254508,1009966,10740,NM,35.1969,-106.6606,1429.6154,2.9526,115.0,12.4314,0.0976,4,0,0.5455,False,True
5715513,1029088,38900,OR,45.7502,-122.8779,540.0,-0.5102,107.5,5.0233,0.0579,1,0,0.5453,False,True
13143373,1044109,19100,TX,32.9088,-96.9581,2190.2308,-2.3191,112.0,19.5556,0.2604,4,0,0.5453,False,False
7282366,1043214,15980,FL,26.6027,-81.8103,2508.8462,18.9373,105.0,23.8938,0.4762,2,2,0.5449,False,False
1250129,6414,41420,OR,44.8998,-123.0385,1921.8462,9.7956,105.0,18.3033,0.5882,2,0,0.5447,False,False
7281881,1025655,26900,IN,39.921,-86.2261,1382.8462,-2.1021,98.0,14.1107,0.0732,0,2,0.5443,False,False
1249689,7443,13780,NY,42.0923,-75.9501,2561.6154,-3.4026,105.0,24.3963,0.3333,2,1,0.5441,False,False
1252866,1012262,41740,CA,32.9344,-117.0613,3416.7692,4.8212,96.0,35.5913,0.8613,1,0,0.544,False,False
6294235,1030539,31540,WI,43.0311,-89.4098,1060.6923,-1.7318,98.0,10.8234,0.1667,0,1,0.5439,False,True
11884059,1040643,24300,CO,39.1059,-108.5445,1444.6923,24.8405,108.5,13.3151,0.4286,2,0,0.5436,False,True
5071086,1015456,47260,VA,36.773,-76.2341,485.2308,9.3241,114.5,4.2378,0.0159,3,2,0.5435,False,True
6294616,1032489,39900,NV,39.4535,-119.7782,1788.9231,4.2403,107.5,16.6411,0.3214,2,0,0.5435,False,False
1250346,65918,42660,WA,47.8644,-122.2835,1378.3077,-1.1639,110.0,12.5301,0.3676,3,0,0.5433,False,True
2546207,15510,17820,CO,38.9381,-104.7607,1863.1538,-0.5706,108.5,17.1719,0.4516,3,0,0.5433,False,False
5071620,1021231,19740,CO,39.891,-104.9781,1338.4615,1.2099,108.5,12.3361,0.2519,2,0,0.5432,False,True
1248608,6877,19740,CO,39.5672,-105.0805,1878.9231,3.0589,101.5,18.5116,0.4962,1,0,0.5431,False,False
1250044,6328,49700,CA,39.1421,-121.6446,3144.4615,1.7853,107.5,29.2508,0.5714,4,1,0.5427,False,False
1249917,7700,40060,VA,37.6534,-77.6165,3871.4615,-9.3628,105.0,36.8711,0.8158,5,1,0.5426,False,False
1259977,11541,29820,NV,36.1523,-115.2428,1839.3846,11.7279,105.0,17.5179,0.2268,1,0,0.5426,False,False
2544534,8359,26420,TX,29.9223,-95.4134,3498.0,7.4553,91.0,38.4396,0.6742,0,0,0.5424,False,False
13641672,7367,43620,SD,43.4999,-96.7513,1556.3846,17.0146,105.0,14.8227,0.3077,1,0,0.5423,False,False
2546150,15244,38900,OR,45.4336,-122.7018,542.0,-4.3443,100.5,5.393,0.0661,0,0,0.542,False,True
5071307,1018684,31080,CA,34.1286,-117.8665,1229.0769,2.4362,112.0,10.9739,0.2146,3,0,0.5417,False,True
2546778,1025651,42660,WA,47.4424,-122.3352,928.7692,9.7138,107.5,8.6397,0.0931,1,0,0.5416,False,True
1259972,14054,16980,IL,42.0519,-87.9963,2623.7692,-0.7507,98.0,26.7732,0.6075,1,2,0.5416,False,False
5429146,14242,40140,CA,33.7574,-116.3916,965.9231,-10.2366,106.5,9.0697,0.0306,1,0,0.5416,False,True
7281747,18137,24300,CO,39.0835,-108.5883,1811.0,4.3434,105.0,17.2476,0.5714,2,0,0.5415,False,False
1253460,9725,35620,NJ,40.9202,-74.0666,1846.5385,17.6716,112.0,16.487,0.4574,5,6,0.5415,False,False
6294193,1030852,19100,TX,32.8929,-96.9719,1371.5385,13.9297,107.5,12.7585,0.066,1,0,0.5415,False,True
5428849,1022453,12580,MD,39.4628,-76.6363,960.8462,-0.4463,105.0,9.1509,0.1818,1,1,0.5412,False,True
1249557,7009,31080,CA,33.7399,-118.2921,1652.1538,4.0349,107.5,15.3689,0.3478,2,0,0.541,False,False
2546148,15237,42660,WA,47.8595,-121.9653,2301.3077,2.9207,105.0,21.9172,0.7843,3,0,0.5405,False,False
5070006,1022520,33100,FL,25.728,-80.2426,965.5385,-8.1045,112.0,8.6209,0.0994,3,1,0.5403,False,True
2545737,13500,14860,CT,41.0669,-73.5453,1124.9231,6.1325,105.0,10.7136,0.5,2,5,0.5399,False,True
1254744,12419,31080,CA,33.687,-117.8554,1572.6923,6.8349,111.0,14.1684,0.3178,3,0,0.5399,False,False
6294685,1033084,19740,CO,39.7109,-104.8296,76.3846,12.2034,114.5,0.6671,0.0076,2,0,0.5399,False,True
1259799,15138,36740,FL,28.5694,-81.3892,1517.7692,-3.3221,105.0,14.4549,0.0879,1,1,0.5395,False,False
1254699,18492,31080,CA,33.5045,-117.6538,1331.1538,-0.5288,108.5,12.2687,0.2546,2,0,0.5394,False,True
1249516,18221,26980,IA,41.6793,-91.5897,3179.8462,-1.3107,104.0,30.5754,0.4,2,1,0.5393,False,False
1254896,16779,19100,TX,32.9332,-96.819,1554.2308,-0.1926,112.0,13.8771,0.0903,3,1,0.5392,False,True
1249236,10232,35620,NJ,40.9921,-74.0316,1042.1538,4.4081,105.0,9.9253,0.1767,1,2,0.539,False,True
11884163,1040451,35840,FL,27.3391,-82.4513,2887.1538,5.5632,105.0,27.4967,0.6296,3,2,0.5387,False,False
1248470,7333,38060,AZ,33.5183,-112.0646,1689.5385,8.9754,112.0,15.0852,0.1505,3,1,0.5386,False,False
1260876,9484,16980,IL,41.8798,-87.8063,1864.3846,2.3392,108.5,17.1833,0.3522,3,3,0.5385,False,False
1258921,14258,47260,VA,37.0489,-76.3919,1265.2308,34.6651,114.5,11.0501,0.127,3,2,0.5384,False,True
1250211,18270,38060,AZ,33.642,-112.065,1971.2308,2.0265,114.5,17.216,0.2136,5,1,0.5384,False,False
1253485,18416,42660,WA,47.6178,-122.204,1517.3846,-4.4329,119.0,12.7511,0.4265,10,0,0.5383,False,True
1258477,13464,47900,VA,38.7997,-77.3196,960.5385,1.2077,105.0,9.148,0.279,1,0,0.5383,False,True
5070877,1024298,49180,NC,36.0905,-80.2753,1429.8462,-3.5942,112.0,12.7665,0.1538,3,0,0.5383,False,True
1260095,14647,46060,AZ,32.2364,-110.8584,1592.4615,1.3363,114.5,13.908,0.1471,4,0,0.5382,False,True
1260813,17857,47900,MD,39.1322,-77.0715,690.7692,33.9499,102.5,6.7392,0.1631,0,0,0.5381,False,True
5071447,1021031,42220,CA,38.5492,-122.8122,1240.0769,4.5528,105.0,11.8103,0.2667,1,0,0.5381,False,True
1260096,9607,37100,CA,34.2,-118.8675,1919.5385,-3.7566,112.0,17.1387,0.3111,4,0,0.5381,False,False
11883967,1037644,36420,OK,35.2036,-97.4593,3165.8462,-5.2687,104.0,30.4408,0.4468,2,0,0.5379,False,False
13368196,1053466,26420,TX,29.7911,-95.3866,1874.7692,11.8443,108.5,17.279,0.2217,2,1,0.5377,False,False
1260355,13430,31080,CA,34.1064,-117.8065,1742.4615,2.3126,112.0,15.5577,0.3844,4,0,0.5375,False,False
5071395,9012,38900,WA,45.7234,-122.653,1516.3077,4.346,112.0,13.5385,0.4298,4,0,0.5373,False,True
1260700,9418,41860,CA,37.6551,-122.4109,583.1538,8.4239,111.0,5.2536,0.13,2,1,0.5372,False,True
1252050,1007061,33460,MN,45.0543,-93.3648,1657.6154,6.3518,104.0,15.9386,0.3333,1,0,0.5372,False,False
2547279,1007158,38300,PA,40.543,-80.1926,1566.6154,-1.8884,105.0,14.9201,0.1746,1,0,0.5371,False,False
1258464,9693,42020,CA,35.5843,-120.697,1699.6923,1.6609,105.0,16.1875,0.1875,1,0,0.5367,False,False
2548251,14973,32820,TN,35.1355,-89.9998,2123.3077,0.7115,106.5,19.9372,0.3125,2,1,0.5367,False,False
5071502,1023887,40900,CA,38.5497,-121.408,1095.0,6.8934,114.5,9.5633,0.0441,3,0,0.5367,False,True
1248529,14517,17460,OH,41.5081,-81.6058,2183.3077,45.2485,115.5,18.9031,0.4444,5,1,0.5365,False,False
1254864,1022191,12420,TX,30.3547,-97.7564,1465.0769,1.5678,112.0,13.081,0.2,3,0,0.5362,False,True
1254921,16778,12420,TX,30.3127,-97.7385,1587.5385,8.3132,105.0,15.1194,0.2588,1,0,0.5361,False,False
1254137,9129,41860,CA,37.78,-121.9723,1352.6923,3.0774,106.5,12.7013,0.505,2,0,0.5358,False,True
1251233,1005244,26420,TX,29.7842,-95.7054,1682.4615,10.3309,115.0,14.6301,0.1674,4,0,0.5357,False,False
1253861,16060,42660,WA,47.68,-122.3255,796.8462,7.8613,112.0,7.1147,0.0637,2,0,0.5356,False,True
2548215,1016270,38900,OR,45.3038,-122.7662,1658.1538,-8.9427,107.5,15.4247,0.5455,3,0,0.5356,False,False
1259007,13560,37980,PA,40.0203,-75.3166,1125.7692,-3.0281,105.0,10.7216,0.1606,1,1,0.5355,False,True
6294509,1031596,31080,CA,33.8735,-118.3541,858.6923,8.7058,114.5,7.4995,0.0982,3,0,0.5352,False,True
5071540,1019765,41700,TX,29.4554,-98.4703,2173.7692,1.363,112.0,19.4087,0.1169,3,0,0.5351,False,False
1255439,13725,24540,CO,40.4221,-104.7502,777.1538,-8.7353,106.5,7.2972,0.1,1,0,0.5348,False,True
2545944,14354,31080,CA,33.6815,-117.8118,2060.8462,0.6462,105.0,19.6271,0.5391,2,0,0.5345,False,False
1255160,13387,41860,CA,37.6901,-122.0627,1211.7692,3.6586,107.5,11.2723,0.43,2,0,0.5345,False,True
2544275,7275,33460,MN,44.7507,-93.379,2839.2308,0.0786,105.0,27.0403,0.7222,3,0,0.5343,False,False
13368369,1040581,16740,NC,35.1912,-80.7973,1468.3846,3.3178,105.0,13.9846,0.1711,1,1,0.5341,False,True
6294962,1040108,46820,SD,42.7863,-96.9195,1732.6154,15.3007,98.0,17.6797,1.0,1,0,0.534,False,False
1254153,12170,31080,CA,34.0271,-118.5018,1254.6923,25.046,115.5,10.8631,0.2263,4,1,0.5335,False,True
2545715,13416,38900,OR,45.4217,-122.7839,1165.0,0.491,105.0,11.0952,0.2645,1,0,0.5332,False,True
1260667,7095,28140,KS,38.9124,-94.756,2788.0769,3.2386,107.5,25.9356,0.2364,2,0,0.5331,False,False
11883871,1028807,42660,WA,47.5763,-122.1394,1329.0769,-0.2713,104.0,12.7796,0.3431,1,0,0.5325,False,True
2546507,16862,41740,CA,32.7422,-117.056,2500.0769,6.1049,107.5,23.2565,0.578,3,0,0.5324,False,False
1260616,1009955,17900,SC,33.9833,-80.9679,1880.9231,-3.3747,105.0,17.9136,0.1429,1,0,0.5321,False,False
5070480,1024799,33340,WI,43.0356,-88.0156,2497.9231,7.1858,105.0,23.7897,0.549,2,0,0.5321,False,False
1259023,12925,47900,VA,39.1128,-77.5352,1365.8462,-8.0572,105.0,13.0081,0.4979,2,1,0.5319,False,True
1250869,92471,38900,WA,45.639,-122.5998,1687.8462,5.3739,108.5,15.5562,0.5702,3,0,0.5317,False,False
1251572,8299,25900,HI,19.6461,-155.9884,2657.2308,4.7327,108.0,24.604,0.5,3,0,0.5316,False,False
5429018,1018161,42660,WA,47.5141,-122.3548,1403.7692,1.9668,110.5,12.7038,0.3775,3,0,0.5315,False,True
1252720,16858,28140,MO,39.0571,-94.6052,1578.0769,10.6407,107.5,14.6798,0.0545,1,0,0.5314,False,False
5071249,1016011,41860,CA,37.9279,-122.0169,1660.0769,5.4532,107.5,15.4426,0.68,3,0,0.5313,False,False
2548447,1017400,39580,NC,35.9534,-78.5255,342.4615,-0.625,112.0,3.0577,0.0233,2,1,0.5313,False,True
2546453,16590,47300,CA,36.3304,-119.2925,1058.9231,4.3116,107.5,9.8504,0.0741,1,0,0.5312,False,True
13641748,11119,33340,WI,42.9596,-88.0246,3041.3846,45.1842,105.0,28.9656,0.7255,2,1,0.5311,False,False
2545221,11147,13380,WA,48.7312,-122.4712,1612.5385,-5.3546,104.0,15.5052,0.6667,2,0,0.531,False,False
1254482,12646,22660,CO,40.553,-105.0921,1134.8462,1.3743,105.0,10.8081,0.2143,1,1,0.5309,False,True
1259775,8950,24660,NC,36.0888,-79.8857,2208.5385,4.888,104.0,21.2359,0.2778,1,0,0.5309,False,False
1249124,8624,31080,CA,33.6625,-117.8972,1417.4615,-0.9301,108.5,13.0642,0.2762,2,0,0.5308,False,True
5429387,19046,33100,FL,26.1383,-80.112,1276.0769,-0.7894,112.0,11.3935,0.1579,3,1,0.5304,False,True
5430042,1026668,19740,CO,39.709,-104.9401,2366.0769,14.1209,112.0,21.1257,0.6947,6,1,0.5302,False,False
11884140,1038319,44300,PA,40.7941,-77.859,1200.3077,1.2392,112.0,10.717,0.3333,4,3,0.5299,False,True
6294369,1031298,17900,SC,34.0138,-81.0106,2026.6923,2.136,105.0,19.3018,0.1786,1,0,0.5298,False,False
1254418,13365,41860,CA,37.5608,-122.2803,1448.3846,2.6551,111.0,13.0485,0.56,4,0,0.5298,False,True
1254783,17581,29820,NV,36.2999,-115.2805,2316.3846,3.1585,108.5,21.3492,0.4124,3,1,0.5297,False,False
7282126,1040205,41060,MN,45.5591,-94.1574,1421.6154,1.1494,105.0,13.5392,0.25,1,0,0.5295,False,True
2545032,10365,37980,PA,39.9758,-75.442,902.0769,14.1314,101.5,8.8875,0.1022,0,0,0.5294,False,True
1259051,12335,37980,PA,40.0051,-75.24,1985.6923,0.3733,105.0,18.9114,0.4964,2,1,0.5294,False,False
2546218,15575,17820,CO,39.0964,-104.8661,2050.6154,1.1958,101.5,20.2031,0.5161,1,0,0.5294,False,False
1249714,17256,16980,IL,41.8884,-87.7933,1545.6154,22.6529,112.0,13.8001,0.2473,3,3,0.5293,False,True
11884238,1039606,23940,WY,44.2675,-105.5101,2501.4615,-0.2729,105.0,23.8234,0.5,2,0,0.5292,False,False
1255027,9247,31080,CA,34.0311,-118.401,683.0769,6.1693,108.5,6.2956,0.0516,1,0,0.5287,False,True
2544169,6775,38900,OR,45.3243,-122.5801,1781.0,-3.4809,107.5,16.5674,0.6033,3,0,0.5286,False,False
5715185,1030165,31080,CA,33.8753,-118.1516,865.1538,31.467,120.5,7.1797,0.0998,5,0,0.5285,False,True
13368203,1038356,42100,CA,36.9879,-121.984,1868.6923,25.5387,108.5,17.223,0.7273,3,0,0.5279,False,False
1259633,15318,12060,GA,33.9595,-84.1356,1810.8462,10.0921,104.0,17.412,0.3137,1,1,0.5273,False,False
1260885,9712,29820,NV,36.0557,-115.0424,3137.1538,8.4856,108.0,29.0477,0.7113,4,0,0.5273,False,False
1249480,6890,29820,NV,36.0629,-115.2243,1638.8462,2.3983,114.5,14.3131,0.1959,4,0,0.5272,False,False
1259602,14683,26900,IN,39.9796,-86.0713,2021.6154,-4.3284,97.0,20.8414,0.2561,0,0,0.5272,False,False
2546223,15597,33100,FL,25.7869,-80.1294,1319.5385,-1.0613,112.0,11.7816,0.1637,3,1,0.5271,False,True
13368234,1055255,48580,WI,42.7927,-88.3901,1612.3077,11.1111,98.0,16.4521,0.3333,0,0,0.5271,False,False
13641728,1039884,26420,TX,29.5828,-95.6486,858.2308,-13.3841,111.0,7.7318,0.0226,2,0,0.527,False,True
1251391,1006917,19100,TX,32.8644,-96.6603,2032.1538,11.9359,105.0,19.3538,0.1979,1,1,0.527,False,False
1255035,12462,31080,CA,34.0418,-117.7984,1297.9231,0.8367,105.5,12.3026,0.2396,1,0,0.5269,False,True
1257442,15117,47900,VA,38.9277,-77.3752,1022.3077,10.0257,105.0,9.7363,0.3176,1,1,0.5269,False,True
1254768,16926,41860,CA,37.4617,-122.1372,1163.9231,13.1797,105.0,11.085,0.395,1,0,0.5267,False,True
5429915,1018159,18140,OH,40.0764,-83.1273,1385.6923,-1.5628,106.5,13.0112,0.1053,1,0,0.5265,False,True
1252751,1012124,10540,OR,44.6327,-123.0925,2218.1538,3.8349,107.0,20.7304,0.6667,3,0,0.5264,False,False
1254785,16471,31080,CA,34.1582,-118.4235,426.4615,-14.484,114.5,3.7246,0.0183,3,0,0.5264,False,True
1254695,16223,40900,CA,38.5476,-121.3946,2287.9231,1.2459,105.0,21.7897,0.5515,2,0,0.526,False,False
6294993,14408,47900,MD,39.0553,-76.9549,700.3846,-33.1988,111.0,6.3098,0.1717,3,0,0.526,False,True
1249731,18040,19820,MI,42.5109,-83.2223,1611.3077,-2.5268,105.0,15.3458,0.2099,1,0,0.526,False,False
1252876,17703,16980,IL,41.9533,-87.7379,1177.0,9.8027,112.0,10.5089,0.121,3,8,0.5259,False,True
2547528,1013938,33460,MN,44.8644,-93.3534,1405.4615,-1.6578,105.0,13.3853,0.2444,1,0,0.5259,False,True
1260674,14491,39580,NC,35.8216,-78.8475,1299.7692,-1.8358,105.0,12.3788,0.186,1,1,0.5259,False,True
1254721,16509,40140,CA,33.7883,-116.4815,1437.0,-21.673,105.0,13.6857,0.0786,1,0,0.5257,False,True
5429912,6358,31080,CA,33.6083,-117.8274,1552.8462,8.4681,105.0,14.789,0.3095,1,0,0.5253,False,False
5071777,1020702,26420,TX,29.7157,-95.4174,2561.8462,22.8341,114.5,22.3742,0.4434,5,0,0.5247,False,False
13368335,1053998,16980,IL,41.8429,-87.7029,851.6154,3.0052,99.5,8.5589,0.0699,0,4,0.5247,False,True
5429112,1017612,31080,CA,34.1544,-118.4477,1257.4615,1.6478,118.0,10.6565,0.228,6,0,0.5245,False,True
1254297,14839,41740,CA,33.125,-117.3202,899.1538,-11.5876,107.0,8.4033,0.0405,1,0,0.5241,False,True
1250370,89857,37980,PA,40.0485,-75.4131,1575.6154,4.6172,104.0,15.1501,0.3139,1,1,0.524,False,False
2544888,9766,42660,WA,47.2427,-122.3652,1784.9231,-4.3647,101.0,17.6725,0.598,1,0,0.5238,False,False
6294436,1031608,43620,SD,43.5153,-96.6692,1222.9231,-7.6074,105.0,11.6469,0.2308,1,0,0.5236,False,True
7282197,1040370,33460,MN,45.0355,-92.8282,3126.6154,1.0969,104.0,30.0636,0.8444,3,0,0.5235,False,False
13205459,1044875,45300,FL,27.7915,-82.3724,1829.4615,2.801,98.0,18.668,0.1798,0,1,0.5235,False,False
5071004,8616,12060,GA,33.9671,-84.0191,980.7692,5.5027,114.5,8.5657,0.0327,3,1,0.5233,False,True
1249691,7575,38900,OR,45.5338,-122.9351,1382.2308,-2.6123,104.0,13.2907,0.3554,1,0,0.5233,False,True
2546632,17411,26420,TX,29.7558,-95.6246,2040.2308,10.8775,105.0,19.4308,0.276,1,0,0.5231,False,False
1257309,15086,35440,OR,44.9896,-124.0052,2121.9231,11.3421,105.0,20.2088,0.6667,2,0,0.523,False,False
1252389,12340,16980,IL,42.1671,-87.8444,2331.6923,5.3195,105.0,22.2066,0.5215,2,1,0.5227,False,False
1251190,1005506,47900,MD,39.024,-77.1469,653.0,9.7621,111.5,5.8565,0.1373,2,1,0.5226,False,True
1254410,18670,14500,CO,39.9651,-105.1643,1468.5385,2.5295,108.0,13.5976,0.3846,2,0,0.5224,False,True
1250738,92837,12060,GA,33.9219,-84.3383,2418.0769,-3.0891,105.0,23.0293,0.5163,2,0,0.5222,False,False
1259022,11463,12580,MD,39.4047,-76.6026,1742.0,-1.6332,105.0,16.5905,0.5,2,2,0.522,False,False
2548396,1017162,14260,ID,43.5878,-116.3932,1586.0769,5.6409,105.0,15.1055,0.2963,1,0,0.5219,False,False
5715342,1028648,16980,IL,41.975,-87.7453,1066.6154,26.3302,114.5,9.3154,0.1022,3,4,0.5218,False,True
1248879,10940,37980,PA,40.2213,-75.249,1444.6154,-1.8809,105.0,13.7582,0.2555,1,0,0.5216,False,True
2548527,1017876,48620,KS,37.7221,-97.2851,2231.2308,2.0979,105.0,21.2498,0.1875,1,0,0.5215,False,False
1254625,14787,41860,CA,37.7295,-121.9314,1700.7692,2.4987,100.5,16.9231,0.71,1,0,0.5214,False,False
2546376,16252,47900,MD,38.8967,-76.8235,1045.4615,0.3248,105.0,9.9568,0.3305,1,0,0.5212,False,True
5071927,1021519,31080,CA,33.7741,-117.9924,2506.6154,3.5232,108.5,23.1024,0.7188,4,0,0.521,False,False
1250649,89977,47900,VA,38.8456,-77.068,1205.6923,7.268,107.5,11.2157,0.4034,2,2,0.521,False,True
1260614,14557,33340,WI,43.0538,-88.3712,3223.7692,0.847,98.0,32.8956,0.7451,1,0,0.5208,False,False
11884668,1040149,38300,PA,40.4504,-79.9868,4866.1538,25.3542,108.0,45.057,0.8889,6,2,0.5208,False,False
1253468,8287,47900,VA,38.2328,-77.5044,2954.1538,24.5226,105.0,28.1348,0.8927,3,1,0.5207,False,False
1260264,11538,41740,CA,32.8729,-117.2174,2198.7692,4.9493,110.0,19.9888,0.4104,3,0,0.5207,False,False
13284995,1054555,17460,OH,41.6421,-81.4235,2186.7692,-5.2305,105.0,20.8264,0.463,2,1,0.5205,False,False
1253793,19295,34580,WA,48.4361,-122.3356,2406.8462,2.6273,105.0,22.9223,0.5714,2,0,0.5204,False,False
1250842,91102,33340,WI,42.9827,-87.9489,2003.3846,4.565,104.0,19.2633,0.2745,1,1,0.52,False,False
5070798,1017715,35620,NJ,40.9701,-73.9552,1191.4615,1.4741,105.0,11.3473,0.2114,1,2,0.5199,False,True
1260720,8485,24340,MI,42.9121,-85.5431,2504.6154,-5.1531,105.0,23.8535,0.5,2,0,0.5196,False,False
5071972,1021345,14260,ID,43.6625,-116.3529,2134.7692,0.6711,105.0,20.3311,0.5926,2,0,0.5196,False,False
1254284,13343,19740,CO,39.7071,-104.9205,1302.3846,3.903,112.0,11.6284,0.2405,3,1,0.5189,False,True
13368201,1055724,35620,NY,40.7498,-73.8702,1735.6154,13.0354,112.0,15.4966,0.4196,5,19,0.5189,False,False
2546734,17820,24860,SC,34.8245,-82.3938,3065.7692,-4.1094,105.0,29.1978,0.4444,2,0,0.5189,False,False
1255156,11348,37100,CA,34.278,-119.2123,2711.1538,6.6544,108.5,24.9876,0.5111,3,0,0.5188,False,False
2546151,15249,31080,CA,34.0538,-118.4661,2156.3846,10.4357,112.0,19.2534,0.5857,5,1,0.5188,False,False
1252602,13619,16980,IL,42.1845,-88.0926,2405.6154,2.0693,107.5,22.3778,0.543,3,1,0.5185,False,False
1260240,14304,19740,CO,39.6944,-104.9411,1829.3846,-1.4463,108.5,16.8607,0.4809,3,1,0.5184,False,False
1258045,16313,47900,MD,39.0203,-77.0118,1461.9231,43.315,105.0,13.9231,0.5622,1,1,0.5184,False,True
5071479,1018755,41940,CA,37.402,-121.94,420.5385,-9.4718,112.0,3.7548,0.06,2,0,0.5183,False,True
5071466,1026419,41940,CA,37.3874,-121.9603,786.2308,3.6402,117.0,6.7199,0.11,4,0,0.5182,False,True
1252269,1009951,19820,MI,42.6351,-83.1325,2655.0,-2.9169,105.0,25.2857,0.5062,2,0,0.5181,False,False
2546611,17317,41940,CA,37.2897,-121.848,1675.0,-3.2609,109.0,15.367,0.51,3,0,0.518,False,False
13205440,1032719,26900,IN,39.6673,-86.0202,1257.3077,9.1705,108.5,11.5881,0.0366,1,0,0.5179,False,True
1248759,17143,42660,WA,47.2723,-122.2293,1092.6923,-3.433,106.5,10.26,0.1667,1,0,0.5178,False,True
5429070,1017456,33100,FL,25.8052,-80.1251,347.3077,-7.5553,112.0,3.101,0.0234,2,1,0.5175,False,True
5069895,1014140,19380,OH,39.7844,-83.9955,744.6154,4.0077,108.5,6.8628,0.0714,1,0,0.5174,False,True
2546395,1029802,47900,MD,38.844,-76.8843,1699.8462,7.2042,101.5,16.7473,0.6609,1,0,0.5173,False,False
6294638,1032493,16740,NC,35.3065,-80.851,1984.0769,7.4574,98.0,20.2457,0.2237,0,1,0.5171,False,False
6294227,1030659,31540,WI,43.0423,-89.3771,1518.0769,-6.2915,104.0,14.5969,0.3333,1,0,0.517,False,False
1250004,7491,35620,NY,40.605,-73.9985,931.6923,43.3712,112.0,8.3187,0.1388,2,13,0.5169,False,True
1253644,1010056,42660,WA,47.4407,-122.2222,1540.3077,1.8049,107.5,14.3284,0.4461,2,0,0.5165,False,False
2546283,15863,12060,GA,34.0433,-84.3417,1586.0,-3.1746,105.0,15.1048,0.1765,1,1,0.5164,False,False
12195990,1040030,29820,NV,36.2635,-115.2464,2728.0769,2.1546,107.5,25.3775,0.5876,3,0,0.5159,False,False
1254547,17672,31080,CA,33.7219,-117.771,2498.2308,0.6009,108.5,23.0252,0.7171,4,0,0.5159,False,False
1249974,10439,19100,TX,32.6651,-97.401,3032.8462,2.4078,105.0,28.8842,0.5139,2,0,0.5159,False,False
1255256,15965,41940,CA,37.3042,-121.9142,1412.0,9.2294,114.5,12.3319,0.33,4,0,0.5151,False,True
1250809,1005284,19740,CO,39.5956,-104.8803,1640.0769,-4.1451,112.0,14.6435,0.3664,4,1,0.5151,False,False
1260439,14804,47900,MD,39.0311,-77.0038,1068.5385,-0.3801,104.0,10.2744,0.3391,1,2,0.515,False,True
1249421,7533,37860,FL,30.4742,-87.2158,2932.5385,2.7962,112.0,26.1834,0.2727,4,1,0.5149,False,False
1253306,14887,38060,AZ,33.4217,-111.9519,1605.8462,2.0981,118.0,13.6089,0.1165,6,2,0.5146,False,True
1252013,15861,16980,IL,42.0823,-87.9815,1556.3077,2.5859,98.0,15.8807,0.2527,0,1,0.5145,False,False
1248654,8015,16740,NC,35.3334,-80.812,2007.8462,2.7719,105.0,19.1223,0.25,1,0,0.5145,False,False
1254503,8969,31080,CA,33.7234,-118.3121,741.5385,1.989,108.5,6.8345,0.0682,1,0,0.5143,False,True
1255236,9242,39900,NV,39.4202,-119.7548,3055.4615,1.2645,104.0,29.3794,0.8214,3,1,0.5142,False,False
1255241,11534,14720,CO,39.4798,-106.0461,1006.5385,-6.3283,98.0,10.2708,0.3333,0,0,0.5142,False,True
2546425,16460,31540,WI,43.0161,-89.4292,1509.4615,-4.1284,98.0,15.4027,0.2778,0,0,0.5141,False,False
2547902,12472,41740,CA,33.0179,-117.062,2272.0,2.4488,106.5,21.3333,0.474,2,0,0.5141,False,False
13284994,1052568,17140,OH,39.4934,-84.3322,280.1538,-15.0851,108.5,2.5821,0.02,1,0,0.514,False,True
2546687,17636,12580,MD,38.9798,-76.5241,1301.6154,12.0893,109.0,11.9414,0.3182,2,2,0.5139,False,True
2546804,18103,27260,FL,30.1404,-81.5326,2042.5385,-6.6941,107.5,19.0004,0.2128,2,2,0.5136,False,False
2546900,18607,45300,FL,27.9442,-82.5235,2627.2308,2.4938,105.0,25.0212,0.4607,2,2,0.5132,False,False
5071423,1022531,44060,WA,47.7571,-117.3954,1567.9231,23.7884,115.5,13.5751,0.3333,4,0,0.513,False,True
5072049,1019789,38060,AZ,33.3323,-111.9775,2376.6923,6.6885,115.0,20.6669,0.3301,5,0,0.513,False,False
1248736,17903,22660,CO,40.4068,-105.0987,2322.3846,3.7563,101.5,22.8806,0.5714,1,0,0.5128,False,False
5715491,1027849,31080,CA,33.6587,-117.8022,544.0769,-7.0199,108.5,5.0145,0.0349,1,0,0.5128,False,True
2546313,16005,35620,NJ,40.3508,-74.0657,1164.2308,-0.5781,105.0,11.0879,0.1987,1,3,0.5127,False,True
13368226,1045406,48620,KS,37.7088,-97.219,2950.9231,14.1319,105.0,28.104,0.5625,2,1,0.5122,False,False
2547793,1014903,38060,AZ,33.6032,-111.979,2021.3077,0.099,111.5,18.1283,0.2184,3,0,0.5122,False,False
2545751,13550,47900,MD,38.9447,-76.7338,675.3077,4.0906,112.0,6.0295,0.1502,2,0,0.5121,False,True
5715398,1028701,16980,IL,41.7564,-88.1429,1891.3077,24.4848,112.0,16.8867,0.3629,3,1,0.512,False,False
1260408,14458,47260,VA,37.1049,-76.5085,2546.4615,5.1522,105.0,24.252,0.5397,2,1,0.5118,False,False
1252538,13616,19820,MI,42.5259,-83.4655,1815.0769,0.4983,98.0,18.5212,0.284,0,0,0.5116,False,False
1251124,14833,19100,TX,32.9184,-96.9593,1098.2308,6.0856,115.5,9.5085,0.0382,3,0,0.5113,False,True
1259308,17587,41180,MO,38.5925,-90.2721,2136.8462,7.7039,104.0,20.5466,0.3913,1,0,0.5112,False,False
13368279,1044201,36540,NE,41.23,-96.0418,1058.1538,-1.3483,107.5,9.8433,0.04,1,1,0.5112,False,True
1254727,16501,42020,CA,35.1359,-120.6251,1181.3846,2.3594,107.5,10.9896,0.125,1,0,0.511,False,True
1260819,18395,12060,GA,33.8493,-84.4282,1771.8462,-0.4968,105.0,16.8747,0.268,1,0,0.511,False,False
11884218,1038097,27180,TN,35.6154,-88.8196,2395.6154,-0.8406,98.0,24.4451,0.2,0,0,0.5108,False,False
1252789,1013052,49180,NC,36.0843,-80.2944,1519.0,1.7519,112.0,13.5625,0.2308,3,1,0.5104,False,True
6294569,1031892,16740,NC,35.2958,-80.7417,2632.6154,4.0117,112.0,23.5055,0.4737,5,2,0.5099,False,False
6294119,1031362,31080,CA,33.8888,-117.8111,1035.7692,2.1004,107.5,9.6351,0.1481,1,0,0.5099,False,True
5071266,1023022,41740,CA,32.804,-116.9507,2077.9231,0.8211,112.0,18.5529,0.3757,4,1,0.5098,False,False
1253569,8691,42660,WA,47.8206,-122.288,1761.2308,0.5048,111.0,15.8669,0.5882,4,0,0.5094,False,False
2545347,11734,14260,ID,43.6046,-116.2826,2657.9231,5.5408,102.5,25.931,0.8519,2,0,0.5094,False,False
1250891,94978,10740,NM,35.1475,-106.5555,1628.5385,5.1975,105.0,15.5099,0.3415,1,0,0.5089,False,False
5715685,1017571,41740,CA,33.052,-117.2615,2160.5385,2.2982,107.5,20.098,0.4046,2,0,0.5088,False,False
6294873,1033868,41700,TX,29.4813,-98.3627,1826.8462,3.6893,100.5,18.1776,0.0779,0,0,0.5086,False,False
1248885,17512,36260,UT,40.9206,-111.8872,1829.0,3.9841,104.0,17.5865,0.4118,1,0,0.5084,False,False
5071613,1023011,19740,CO,39.8711,-104.9791,2074.4615,-3.4685,107.5,19.2973,0.5802,3,1,0.5083,False,False
1259891,1005635,34940,FL,26.2748,-81.8003,1072.9231,-6.7273,98.0,10.9482,0.2727,0,1,0.5083,False,True
1257779,13540,47900,VA,38.9025,-77.2039,863.7692,15.9063,108.0,7.9979,0.2403,1,0,0.5082,False,True
5428986,1019485,23540,FL,29.7044,-82.3894,2232.3846,0.2764,104.0,21.4652,0.3333,1,0,0.5078,False,False
1254422,16578,41860,CA,37.5797,-122.3333,1348.0,12.3261,108.5,12.424,0.49,2,0,0.5075,False,True
1250383,66226,42660,WA,47.1903,-122.5097,1519.6154,0.7446,104.0,14.6117,0.4314,1,0,0.5071,False,False
1255427,18407,38060,AZ,33.6237,-111.8919,1492.0769,16.0246,117.0,12.7528,0.0922,4,1,0.507,False,True
2547520,1013881,26420,TX,29.7233,-95.4676,2002.0,2.3115,112.0,17.875,0.2624,3,0,0.5068,False,False
1257030,12294,35620,NY,40.8078,-73.945,1381.7692,7.9637,112.0,12.3372,0.2808,4,22,0.5067,False,True
5070106,1027182,33100,FL,26.1195,-80.2639,545.3077,-1.0883,112.0,4.8688,0.0409,2,2,0.5064,False,True
2544423,7911,23820,NV,38.9612,-119.7797,1337.0,-4.5052,98.0,13.6429,0.3333,0,0,0.5059,False,True
12195758,8015,16740,NC,35.3335,-80.812,2082.7692,5.985,105.0,19.8359,0.3026,1,0,0.5059,False,False
11884113,1037701,31080,CA,33.926,-117.8777,2545.3846,-2.3231,108.5,23.4598,0.7304,4,0,0.5056,False,False
13284991,1055185,29200,IN,40.4615,-86.9361,2180.3846,20.1721,112.0,19.4677,0.1111,2,0,0.5054,False,False
1256723,9139,16820,VA,38.0355,-78.5009,2085.5385,-11.9512,105.0,19.8623,0.5556,2,0,0.5053,False,False
1252100,1008772,31080,CA,33.9766,-118.4176,3121.1538,7.9409,107.5,29.034,0.8519,4,0,0.5052,False,False
1255865,13479,35620,NJ,40.8612,-73.9704,1129.3846,74.2464,115.5,9.7782,0.1893,2,3,0.5052,False,True
2545822,13867,31080,CA,34.0275,-117.8365,2091.8462,-1.6385,102.0,20.5083,0.5541,1,0,0.5051,False,False
1248866,17895,33100,FL,26.1079,-80.1366,1628.1538,4.0507,112.0,14.5371,0.2164,3,2,0.505,False,False
2544834,9557,34060,WV,39.6553,-79.9638,3084.0769,-7.9422,104.0,29.6546,1.0,4,1,0.505,False,False
1259926,12160,35840,FL,27.3889,-82.4605,2312.1538,9.8651,112.0,20.6442,0.2963,3,0,0.5047,False,False
2545897,14197,42660,WA,47.461,-122.3335,2107.9231,5.9422,107.5,19.6086,0.7402,3,0,0.5044,False,False
5715481,1027833,42660,WA,47.7903,-122.2184,2783.1538,4.7813,105.0,26.5062,0.8922,3,0,0.5043,False,False
1254689,15462,41620,UT,40.621,-111.8565,1104.8462,0.6588,112.0,9.8647,0.0938,2,0,0.5037,False,True
1251028,116524,19100,TX,32.7299,-97.4118,2289.2308,1.681,108.5,21.0989,0.3021,2,0,0.5036,False,False
1259749,15363,36740,FL,28.5944,-81.3505,1000.3846,-3.2582,108.5,9.2201,0.033,1,0,0.5031,False,True
1251238,1005459,31080,CA,33.6379,-117.8632,2599.2308,-0.7956,108.5,23.956,0.7471,4,0,0.5031,False,False
1254090,16556,41860,CA,37.8843,-122.1916,723.2308,10.3392,101.5,7.1254,0.21,0,0,0.5031,False,True
1259754,11400,16740,NC,35.1171,-80.8236,553.1538,0.799,108.5,5.0982,0.0658,1,1,0.5031,False,True
1259908,16116,37860,FL,30.4727,-87.2096,2911.9231,0.909,112.0,25.9993,0.0909,3,1,0.503,False,False
2548181,14242,40140,CA,33.7574,-116.3916,1630.3077,-9.7821,106.5,15.3081,0.1048,1,0,0.5029,False,False
5072060,1024409,38060,AZ,33.5746,-111.9054,1966.8462,1.8848,112.0,17.5611,0.2087,3,1,0.5028,False,False
1248916,17390,29820,NV,35.9968,-115.1277,4031.2308,11.7351,107.5,37.4998,0.8969,5,1,0.5028,False,False
1259793,16865,27260,FL,30.3039,-81.6548,1136.4615,-7.5701,107.5,10.5717,0.0851,1,0,0.5027,False,True
1259034,16104,37980,PA,39.9144,-75.3447,2116.1538,-0.8363,105.0,20.1538,0.5401,2,2,0.5026,False,False
12196116,1051966,35620,NY,40.9695,-73.7107,692.0769,2.4482,101.5,6.8185,0.082,0,1,0.5025,False,True
1258500,11638,37980,PA,39.9596,-75.3549,723.4615,2.8881,101.5,7.1277,0.0803,0,1,0.5025,False,True
1249950,6616,18140,OH,40.023,-83.0597,1827.0769,-4.6449,105.0,17.4007,0.2632,1,0,0.5023,False,False
11884667,1040305,38900,OR,45.5144,-122.7892,1184.4615,10.3167,111.0,10.6708,0.2727,2,0,0.5021,False,True
1251791,1008843,40220,VA,37.2566,-79.9413,2814.9231,-0.8266,105.0,26.8088,0.5,2,1,0.5019,False,False
1248543,10239,40900,CA,38.8004,-121.2941,2950.0769,0.2221,107.5,27.4426,0.8235,4,0,0.5017,False,False
5715477,1016236,41420,OR,44.9956,-123.0271,1832.2308,0.553,104.0,17.6176,0.4118,1,0,0.5016,False,False
5071604,1021013,19740,CO,39.5537,-105.0076,2647.6923,0.1659,108.5,24.4027,0.7557,4,0,0.5016,False,False
1252719,10940,37980,PA,40.2213,-75.249,1491.0769,-8.6952,105.0,14.2007,0.2774,1,0,0.5015,False,False
12195714,1032096,16820,VA,38.0785,-78.4777,1386.8462,5.0763,105.0,13.2081,0.3333,1,1,0.5012,False,True
1251538,15327,46520,HI,21.4588,-158.0167,1790.6154,7.0154,108.5,16.5034,0.4167,2,0,0.5011,False,False
2545769,13658,24340,MI,43.0009,-85.591,1775.4615,-8.4269,112.0,15.8523,0.2273,3,0,0.5009,False,False
1253564,15909,44060,WA,47.6588,-117.4231,1031.6923,6.9026,112.0,9.2115,0.1667,2,0,0.5008,False,True
5071517,17049,38900,OR,45.5391,-122.8666,930.7692,9.97,115.0,8.0936,0.1736,3,0,0.5008,False,True
1251809,8784,16980,IL,41.8766,-88.0658,1646.3077,-0.1027,98.0,16.7991,0.2769,0,1,0.5005,False,False
1259856,15400,33100,FL,25.6864,-80.3105,2301.6923,-1.6662,112.0,20.5508,0.3684,4,1,0.5004,False,False
5071127,1021883,47260,VA,37.0672,-76.4917,1234.2308,4.8419,107.5,11.4812,0.1111,1,1,0.5003,False,True
1251945,1008854,33540,MT,46.851,-114.0153,2068.3077,0.5084,108.5,19.0627,0.3333,2,0,0.5002,False,False
1251033,116364,34820,SC,33.7835,-78.7743,5246.1538,-2.709,88.0,59.6154,0.7692,0,1,0.5002,False,False
1254693,16483,41940,CA,37.2919,-121.879,918.9231,2.4089,111.5,8.2415,0.13,2,1,0.5002,False,True
1252056,11747,19820,MI,42.5647,-83.1098,1829.0769,7.0117,105.0,17.4198,0.2963,1,1,0.4999,False,False
1260508,14357,47460,WA,46.0504,-118.3465,2602.7692,5.3097,101.5,25.643,1.0,2,0,0.4997,False,False
2547410,17063,47300,CA,36.2924,-119.3142,2026.2308,-0.3857,113.5,17.8523,0.3333,4,0,0.4997,False,False
1251411,1006387,36260,UT,40.8845,-111.8905,1502.0,8.9013,107.0,14.0374,0.2353,1,0,0.4995,False,True
1251266,1006595,42660,WA,47.8209,-122.3174,1329.3846,2.7467,114.5,11.6103,0.3529,4,0,0.4994,False,True
1252332,12320,41180,MO,38.6444,-90.2613,1023.9231,-6.3858,108.0,9.4808,0.0725,1,0,0.4993,False,True
2546052,14779,41860,CA,38.0172,-122.1364,814.4615,13.2528,101.5,8.0243,0.235,0,0,0.4992,False,True
11884215,1039841,36420,OK,35.3476,-97.4965,2365.3077,1.9326,105.0,22.5267,0.1915,1,1,0.4991,False,False
13490952,14432,19100,TX,32.9683,-96.6407,1519.7692,52.8352,112.0,13.5694,0.0868,1,0,0.499,False,True
1254529,16851,31080,CA,33.7771,-117.8668,1858.0,-1.2873,114.5,16.2271,0.4359,5,0,0.4989,False,False
2546055,14808,35620,NJ,40.9793,-74.1155,1274.2308,-4.766,105.0,12.1355,0.2366,1,2,0.4988,False,True
2544856,9648,33700,CA,37.6778,-120.9762,2498.7692,1.8882,115.5,21.6344,0.4359,6,0,0.4987,False,False
5430094,1022352,36500,WA,47.0441,-122.8342,2593.8462,3.757,115.5,22.4575,0.5714,7,0,0.4987,False,False
1257330,7862,46700,CA,38.0542,-122.1542,2120.8462,0.4554,108.5,19.547,0.3333,2,0,0.4986,False,False
2546871,18426,31080,CA,34.1224,-118.1058,1021.0,-7.1169,100.5,10.1592,0.1448,0,0,0.4986,False,True
2546102,15047,31080,CA,34.1266,-118.2635,1243.8462,5.9355,115.5,10.7692,0.2196,4,1,0.4981,False,True
1249436,18230,35620,NY,40.8234,-73.9426,1425.2308,3.6416,112.0,12.7253,0.2902,4,19,0.4981,False,True
2547841,1015073,38900,OR,45.397,-122.7436,2058.5385,2.4031,110.0,18.714,0.719,4,0,0.498,False,False
2544510,8244,41740,CA,32.9204,-117.2141,2030.4615,6.1444,98.0,20.719,0.3584,0,0,0.4978,False,False
6294906,1033793,17900,SC,33.9883,-81.0036,3009.6923,-0.1811,105.0,28.6637,0.5,2,1,0.4976,False,False
6294149,1031023,36540,NE,41.2301,-96.2335,1724.4615,3.7006,107.5,16.0415,0.12,1,0,0.4976,False,False
5715638,11321,47900,VA,38.8696,-77.1517,1188.9231,9.0755,112.0,10.6154,0.3863,3,1,0.4976,False,True
1251963,1008859,38900,OR,45.3667,-122.8358,1826.9231,-2.8987,108.5,16.838,0.6281,3,0,0.4974,False,False
2546639,17437,38900,OR,45.5295,-122.4332,2399.3077,8.2682,104.0,23.0703,0.8182,2,0,0.4972,False,False
2548060,1015724,41860,CA,37.9646,-121.9931,2627.0,3.9256,101.5,25.8818,0.925,2,1,0.4972,False,False
1250858,1005248,28420,WA,46.2102,-119.225,2442.9231,4.2887,104.0,23.4896,0.3846,1,0,0.4971,False,False
5069852,14488,34980,TN,36.1077,-86.8153,4077.8462,4.8933,107.0,38.1107,0.8039,4,0,0.497,False,False
1251304,1006385,33100,FL,25.9285,-80.1966,563.0,-2.4003,101.5,5.5468,0.0468,0,2,0.497,False,True
1254110,8828,42020,CA,35.2937,-120.671,1925.3846,1.6984,108.5,17.7455,0.375,2,0,0.4967,False,False
1252851,12228,16980,IL,42.2425,-88.3186,3491.2308,3.7323,105.0,33.2498,0.8333,3,0,0.4964,False,False
1248587,16256,18140,OH,40.1178,-83.01,1789.6923,-1.8478,105.0,17.0447,0.2456,1,1,0.496,False,False
5070916,1021885,12060,GA,33.8476,-84.4298,1793.6154,-4.6612,105.0,17.0821,0.2941,1,0,0.4959,False,False
11884405,1043421,16980,IL,41.7728,-88.1499,2793.2308,5.3468,107.0,26.105,0.6613,3,1,0.4955,False,False
1260573,9436,13460,OR,44.269,-121.1928,1810.5385,-0.3936,109.5,16.5346,0.5556,3,0,0.4953,False,False
2544750,9182,19100,TX,32.7071,-97.3897,2335.3077,5.5782,105.0,22.241,0.3125,1,0,0.4952,False,False
13205493,1054405,35620,NY,40.8241,-73.8584,1175.7692,5.7346,112.0,10.4979,0.205,3,9,0.4952,False,True
1260431,14368,42200,CA,34.4176,-119.6968,966.0769,7.3052,115.5,8.3643,0.1364,3,0,0.4945,False,True
2545418,12072,42200,CA,34.4134,-119.8552,864.6923,-3.1866,108.5,7.9695,0.0909,1,0,0.4941,False,True
1251439,16910,38060,AZ,33.6402,-112.0111,1266.6923,4.2611,115.5,10.967,0.0728,3,0,0.4941,False,True
5429894,1021724,38900,OR,45.4372,-122.7575,1507.3077,-0.4976,108.5,13.8922,0.4215,2,0,0.4939,False,True
5072008,1018582,24540,CO,40.4798,-104.9294,2781.1538,-2.0853,105.0,26.4872,0.6,2,0,0.4935,False,False
1249953,7477,35840,FL,27.3933,-82.4354,2367.4615,7.7098,105.0,22.5473,0.3333,1,0,0.4934,False,False
1255419,14190,17820,CO,38.8537,-104.8722,1607.0,-5.5817,105.0,15.3048,0.3226,1,0,0.493,False,False
1255269,17615,41740,CA,32.7515,-117.2062,2108.3077,2.0934,118.0,17.867,0.3931,7,0,0.4928,False,False
11884338,1042849,35620,NY,40.9659,-73.8387,872.6154,16.0393,112.0,7.7912,0.1325,2,4,0.4925,False,True
1260534,18089,39900,NV,39.5306,-119.831,1833.8462,2.5862,115.5,15.8775,0.3929,5,0,0.4925,False,False
7281923,1034202,36540,NE,41.181,-96.1066,1543.6154,2.091,107.5,14.3592,0.08,1,1,0.4925,False,False
1255713,16786,19100,TX,33.0285,-96.8277,2197.5385,6.7364,112.0,19.6209,0.2639,3,1,0.4924,False,False
1252030,9066,33340,WI,43.0651,-87.8783,1939.1538,3.324,106.5,18.208,0.2157,1,0,0.4924,False,False
6294510,1031584,10740,NM,35.1841,-106.5956,2568.0,4.1655,105.0,24.4571,0.6829,2,0,0.492,False,False
5715636,1027853,48900,NC,34.2087,-77.9256,150.8462,55.3883,114.5,1.3174,0.125,1,0,0.4918,False,True
2546222,15595,46140,OK,36.0251,-95.9494,2966.8462,7.8401,98.0,30.2739,0.28,0,0,0.491,False,False
1255682,12044,35620,NY,40.8304,-73.6885,586.6154,-8.9215,112.0,5.2376,0.0757,2,1,0.491,False,True
1253456,16246,39580,NC,35.943,-78.541,2399.6923,2.4466,105.0,22.8542,0.5814,2,2,0.4907,False,False
1254604,11956,31080,CA,33.6135,-117.6795,1986.0,5.6902,112.0,17.7321,0.5058,4,1,0.4907,False,False
2547451,1012914,35620,NJ,40.7385,-74.1708,799.6923,-4.6851,112.0,7.1401,0.1167,3,20,0.4906,False,True
13284978,1055120,40140,CA,34.0863,-117.2615,1234.1538,36.0468,115.5,10.6853,0.0699,2,0,0.4903,False,True
2544624,8660,16980,IL,42.195,-88.1108,2521.3077,0.9579,108.0,23.3454,0.586,3,1,0.4902,False,False
1248394,8041,26900,IN,39.9113,-86.2619,1557.3846,-4.765,100.5,15.4964,0.122,0,0,0.4902,False,False
1254824,1009962,19100,TX,32.7274,-97.3615,3686.0,14.8094,105.0,35.1048,0.6458,2,0,0.4901,False,False
7281905,1039114,12540,CA,35.1424,-118.4508,631.1538,11.7391,111.0,5.6861,0.0213,1,0,0.4897,False,True
5071205,1018157,31080,CA,33.8841,-117.9248,155.0,3.7056,115.5,1.342,0.0033,2,0,0.4897,False,True
1252474,1009665,12540,CA,35.368,-119.0449,3305.1538,5.5752,105.0,31.4777,0.617,2,0,0.4896,False,False
1250685,1005808,35620,NY,40.6088,-73.9587,1902.7692,23.1934,112.0,16.989,0.47,4,12,0.4895,False,False
2544738,9132,41860,CA,37.561,-122.2739,989.8462,-6.2167,115.0,8.6074,0.315,4,0,0.4893,False,True
6294264,1030666,36740,FL,28.3861,-81.5052,4182.8462,-0.3555,108.5,38.5516,0.7363,5,1,0.4892,False,False
5071501,1018524,40900,CA,38.5744,-121.4164,1721.7692,10.8344,115.5,14.9071,0.3088,4,0,0.4891,False,False
1252837,1013215,45300,FL,27.9602,-82.505,3410.5385,-1.8702,105.0,32.4813,0.6854,3,3,0.489,False,False
5070471,7383,33340,WI,42.9828,-87.9117,2399.6154,6.0477,107.5,22.322,0.4902,2,0,0.4887,False,False
2544962,10088,34820,SC,33.8334,-78.6744,3926.4615,-1.0142,93.0,42.22,0.4615,0,1,0.4886,False,False
5071585,1024755,26420,TX,29.5485,-95.5846,1184.1538,38.1371,112.0,10.5728,0.0543,1,0,0.4885,False,True
2546560,17133,40420,IL,42.2382,-88.8199,3071.2308,-4.9675,93.5,32.8474,0.5455,0,1,0.4885,False,False
1253113,12854,26900,IN,39.8902,-86.0469,2638.0,0.1226,107.5,24.5395,0.4146,2,0,0.4885,False,False
1252598,11116,17140,KY,39.0803,-84.4664,3034.6923,-1.3256,106.5,28.4948,0.46,2,0,0.4884,False,False
1253437,11871,41180,MO,38.7857,-90.3532,1922.4615,3.5123,105.0,18.3092,0.3043,1,1,0.4883,False,False
1259576,13569,14860,CT,41.0247,-73.6252,534.0769,4.4217,108.0,4.9452,0.2143,1,1,0.4879,False,True
12196032,1045255,38300,PA,40.6317,-80.0568,2985.9231,5.2265,105.0,28.4374,0.5873,2,1,0.4879,False,False
1251574,14625,46520,HI,21.3663,-157.9302,1567.3077,-5.3162,112.0,13.9938,0.3333,3,0,0.4876,False,True
1255226,8695,31080,CA,33.9171,-117.9007,1983.6923,2.7001,114.5,17.3248,0.5025,5,0,0.4871,False,False
1249608,17117,16740,NC,35.0585,-80.8132,1117.7692,-2.9973,112.0,9.9801,0.1316,2,0,0.4871,False,True
1259934,12713,12060,GA,34.0597,-84.2352,1706.6154,-10.6448,105.0,16.2535,0.2222,1,1,0.487,False,False
12196004,1038635,13740,MT,45.7838,-108.5933,2171.8462,6.9915,108.5,20.017,0.4286,2,0,0.487,False,False
5070797,1009978,35620,NJ,41.0845,-74.1522,1708.3077,1.9323,107.5,15.8912,0.4069,2,3,0.4867,False,False
2544519,8294,27140,MS,32.3284,-90.3265,1966.7692,-2.9493,106.5,18.4673,0.1667,1,0,0.4864,False,False
1254189,16593,40140,CA,33.7218,-116.363,1530.0,4.1743,108.5,14.1014,0.0917,1,0,0.4863,False,False
1257853,1005715,37980,PA,40.0741,-75.4319,1593.4615,-8.656,105.0,15.1758,0.3285,1,0,0.486,False,False
2546335,16095,47900,MD,38.6275,-76.9168,1714.7692,-4.3098,105.0,16.3311,0.6738,2,1,0.4859,False,False
1254707,15464,41740,CA,33.1314,-117.1651,2635.8462,-3.7039,108.0,24.406,0.6243,3,0,0.4859,False,False
1253263,12660,19100,TX,32.9326,-96.8031,2624.4615,-2.9443,112.0,23.4327,0.3819,4,1,0.4858,False,False
1256124,1013016,18140,OH,40.1057,-83.163,2985.9231,7.2204,105.0,28.4374,0.6842,2,0,0.4856,False,False
1251926,12612,13380,WA,48.7893,-122.5088,1384.4615,-1.0827,111.0,12.4726,0.2222,2,0,0.4856,False,True
11884063,1037562,31080,CA,33.7486,-117.8103,2356.9231,1.4738,108.5,21.7228,0.6489,3,0,0.4855,False,False
5071566,17200,26420,TX,29.7433,-95.776,1409.2308,0.071,115.0,12.2542,0.1086,3,0,0.4855,False,True
5071567,1021672,26420,TX,29.7722,-95.5747,2151.1538,0.2366,112.0,19.2067,0.3167,3,0,0.4855,False,False
1258891,15160,47900,VA,38.8592,-77.3883,1325.3077,1.676,111.0,11.9397,0.4635,3,1,0.4853,False,True
1252850,1012889,33460,MN,45.2091,-93.3585,2282.4615,-7.6444,105.0,21.7377,0.5778,2,1,0.4853,False,False
1255329,11447,31080,CA,34.2353,-118.4859,2007.5385,2.049,107.5,18.6748,0.5191,2,0,0.4853,False,False
1255232,13724,41740,CA,33.201,-117.2447,1661.4615,6.2943,111.0,14.9681,0.2486,2,0,0.4853,False,False
1250048,6692,45300,FL,27.8528,-82.6383,2039.5385,1.9064,105.0,19.4242,0.2921,1,1,0.4846,False,False
1253154,1013046,38540,ID,42.8912,-112.4519,1997.0,17.8492,105.0,19.019,0.5,1,0,0.4842,False,False
2546692,17664,47900,MD,38.9955,-77.0776,1189.8462,-3.4035,108.0,11.0171,0.3906,2,3,0.484,False,True
1260089,13837,42660,WA,47.9693,-122.2008,1357.0,1.4784,110.0,12.3364,0.3578,2,0,0.484,False,True
1254942,15650,26420,TX,30.1689,-95.4574,2532.3077,-0.7417,114.5,22.1162,0.4253,5,0,0.4838,False,False
7281970,1037528,34060,WV,39.6289,-79.9586,2342.8462,4.8831,105.0,22.3128,0.75,2,0,0.4838,False,False
1257145,16095,47900,MD,38.6274,-76.9168,1759.4615,-3.1667,105.0,16.7568,0.6867,2,1,0.4836,False,False
1254612,12307,39900,NV,39.5278,-119.8624,1622.1538,2.4585,106.5,15.2315,0.2143,1,1,0.4835,False,False
2547620,1014356,31080,CA,33.962,-118.3665,1040.7692,2.2135,122.5,8.4961,0.1514,8,1,0.4832,False,True
1253406,14416,19100,TX,32.9152,-96.818,2240.0,-3.6814,112.0,20.0,0.2847,3,0,0.483,False,False
2544505,8224,26620,AL,34.7417,-86.6015,1762.6923,-40.6808,105.0,16.7875,0.3846,2,1,0.4829,False,False
11884017,1039331,18140,OH,39.9479,-82.9403,1429.3846,0.9782,112.0,12.7624,0.1404,2,0,0.4829,False,True
1255068,15540,31080,CA,33.457,-117.6002,1864.9231,1.2149,108.5,17.1882,0.4376,2,0,0.4825,False,False
1248450,9606,40140,CA,34.02,-117.6672,1853.6154,4.9612,112.0,16.5501,0.1223,2,0,0.4824,False,False
13490854,12883,46060,AZ,32.2357,-110.9265,1505.5385,4.2728,112.0,13.4423,0.0882,2,1,0.4823,False,True
2545447,17581,29820,NV,36.2999,-115.2805,2718.6154,1.0349,108.5,25.0564,0.5464,3,1,0.482,False,False
1260801,8241,40140,CA,33.5554,-117.1993,1124.3077,-3.3908,118.0,9.528,0.0524,4,0,0.4819,False,True
12195940,1038521,29940,KS,38.971,-95.2676,3080.8462,1.841,107.5,28.659,0.3333,2,1,0.4818,False,False
5071375,1018167,42660,WA,47.5441,-122.1639,1792.4615,-4.3393,106.5,16.8306,0.6127,2,0,0.4817,False,False
5071435,1018486,34580,WA,48.4714,-122.337,2238.8462,5.2812,108.5,20.6345,0.4286,2,0,0.4817,False,False
2546600,17266,16980,IL,42.1066,-87.8038,3095.2308,2.5303,104.0,29.7618,0.7527,2,0,0.4816,False,False
1260399,13797,29820,NV,36.0563,-115.0845,1466.3077,4.719,108.5,13.5144,0.1237,1,0,0.4816,False,True
1248666,7786,25840,OR,45.6593,-118.809,1686.2308,11.6197,105.0,16.0593,0.5,1,0,0.4815,False,False
1253328,11675,17140,OH,39.1884,-84.3635,2200.6923,3.6821,105.0,20.959,0.3,1,1,0.4813,False,False
6294957,1039021,16980,IL,41.9608,-87.8082,1939.3846,1.4649,114.5,16.9379,0.379,5,3,0.4813,False,False
5428688,1006936,41940,CA,37.2486,-121.8032,1051.0769,6.9673,115.5,9.1002,0.18,3,0,0.4812,False,True
1253683,116598,42660,WA,47.4741,-122.2163,1592.6154,7.766,109.0,14.6112,0.4951,2,0,0.4811,False,False
1259937,15421,17900,SC,34.0182,-80.9642,2197.0769,1.6622,105.0,20.9245,0.2857,1,1,0.4809,False,False
1252908,1013005,29820,NV,36.1012,-115.1185,2003.2308,-0.2375,112.0,17.886,0.2784,3,1,0.4808,False,False
1257196,11324,47900,VA,38.9216,-77.2365,1587.4615,13.0918,112.0,14.1738,0.6137,4,2,0.4808,False,False
1259592,13403,41860,CA,37.9799,-122.0563,1574.2308,-3.6941,113.5,13.8699,0.63,5,0,0.4808,False,True
2546129,15137,33100,FL,25.9526,-80.1462,2836.0,-15.5662,112.0,25.3214,0.5263,5,0,0.4807,False,False
7282298,91205,16980,IL,41.7515,-88.1148,2114.6923,7.282,104.0,20.3336,0.4462,1,1,0.4807,False,False
13368301,1027379,38500,IN,41.3624,-86.3275,4532.0,0.2092,88.0,51.5,1.0,0,0,0.4807,False,False
5069870,1026098,32820,TN,35.1369,-90.0142,3928.6923,4.1222,105.0,37.4161,0.7812,3,1,0.4804,False,False
13641740,1038311,38060,AZ,33.6553,-112.063,1727.6154,4.407,118.0,14.6408,0.1553,5,1,0.4802,False,False
2546378,16277,19100,TX,33.0441,-96.8279,2390.7692,1.6417,112.0,21.3462,0.3229,3,0,0.4801,False,False
1249750,6609,10740,NM,35.205,-106.6507,1908.6154,2.044,111.0,17.1947,0.4878,3,0,0.4798,False,False
1255066,18420,31080,CA,34.2005,-118.1889,978.6154,13.3767,110.0,8.8965,0.1281,1,0,0.4796,False,True
1250758,91096,33460,MN,45.1253,-93.4911,1804.1538,1.5369,105.0,17.1824,0.4111,1,0,0.4795,False,False
1254774,12464,31080,CA,33.6816,-117.9189,1279.1538,3.5752,114.5,11.1716,0.2313,3,0,0.4794,False,True
1249990,6646,28140,KS,38.9124,-94.778,2903.7692,-4.9742,107.5,27.0118,0.3091,2,1,0.4792,False,False
1250060,7015,16700,SC,32.7859,-79.9365,2670.8462,-0.1294,114.5,23.3262,0.4348,5,0,0.479,False,False
2546704,17715,38060,AZ,33.3213,-111.9117,2051.6923,-1.0939,114.5,17.9187,0.2476,4,1,0.479,False,False
2547611,1014342,42660,WA,47.4889,-122.1633,1768.3077,4.1123,107.5,16.4494,0.5931,2,0,0.4787,False,False
1249261,17789,47900,VA,39.0389,-77.4134,2350.4615,9.3355,105.0,22.3853,0.8069,2,0,0.4786,False,False
1249049,17885,19780,IA,41.6142,-93.7708,2251.4615,3.835,107.5,20.9438,0.1364,1,0,0.4783,False,False
1252863,16514,18140,OH,40.0811,-82.8152,3094.3077,9.3573,105.0,29.4696,0.7193,2,0,0.4783,False,False
1254449,9028,31080,CA,34.1887,-118.6415,1103.4615,-8.0154,114.5,9.6372,0.1647,3,0,0.4783,False,True
5428830,1009955,17900,SC,33.9833,-80.9679,2225.0769,-3.7052,105.0,21.1912,0.3214,1,0,0.4782,False,False
5430139,1024851,31080,CA,33.7152,-118.0224,2640.3846,1.7188,107.5,24.5617,0.7521,3,0,0.478,False,False
5715716,1028648,16980,IL,41.9749,-87.7454,1429.5385,21.7904,114.5,12.4851,0.2016,3,4,0.4776,False,True
5428584,1021557,28140,KS,38.9715,-94.7384,1957.1538,2.2588,107.5,18.2061,0.0909,1,1,0.4776,False,False
1251540,94592,25900,HI,19.6408,-155.9924,3774.7692,8.1262,108.0,34.9516,0.625,3,0,0.4775,False,False
13368390,1044902,37100,CA,34.2183,-119.0736,1422.5385,5.3792,112.0,12.7012,0.2,2,0,0.4773,False,True
2544251,7169,14500,CO,39.9999,-105.2631,2537.7692,0.6222,105.0,24.1692,1.0,3,0,0.4773,False,False
1249110,8457,19100,TX,32.8895,-97.1504,2494.0769,2.6174,105.0,23.7531,0.3438,1,0,0.4773,False,False
1253605,12492,42660,WA,47.5474,-122.0391,2019.3846,5.8463,114.5,17.6365,0.7157,6,0,0.4772,False,False
1260412,9546,42660,WA,47.2961,-122.2455,899.5385,5.7133,110.0,8.1776,0.0882,1,0,0.477,False,True
1253443,14280,39540,WI,42.7196,-87.8485,3675.1538,6.1688,91.0,40.3863,0.8,0,2,0.477,False,False
1248477,7377,31080,CA,33.7673,-117.9728,2079.0,4.6058,114.5,18.1572,0.5491,5,0,0.477,False,False
1255374,1005152,17820,CO,38.7756,-104.8136,1456.1538,1.7797,107.5,13.5456,0.2258,1,0,0.4767,False,True
1252777,1012261,12060,GA,33.5387,-84.5762,2883.3846,10.3087,94.5,30.512,0.6405,0,1,0.4767,False,False
1253469,7021,42660,WA,47.5819,-122.135,1969.4615,4.1831,106.5,18.4926,0.6814,2,0,0.4766,False,False
1252540,1009822,45300,FL,27.981,-82.4884,1507.4615,4.6457,107.5,14.0229,0.1011,1,3,0.4764,False,True
12195952,11543,27180,TN,35.6724,-88.8534,3525.3077,-1.4621,105.0,33.5744,0.8,3,1,0.4762,False,False
2544590,8529,42660,WA,47.3728,-122.2045,1582.5385,8.3189,112.0,14.1298,0.4902,3,0,0.4761,False,False
1249743,10777,39820,CA,40.5303,-122.3813,2108.0,6.4274,100.5,20.9751,0.2,0,0,0.4758,False,False
5715634,1027818,24860,SC,34.8564,-82.252,1658.5385,5.1653,108.5,15.2861,0.0556,1,1,0.4758,False,False
2546556,17114,16980,IL,41.969,-87.729,2194.4615,13.2153,112.0,19.5934,0.4758,4,6,0.4757,False,False
1253572,16796,34580,WA,48.5079,-122.6133,1845.6154,-3.0272,107.5,17.1685,0.1429,1,0,0.4753,False,False
1249351,7860,16980,IL,42.2249,-87.8739,1794.3846,4.39,99.5,18.034,0.3172,0,0,0.4752,False,False
1254536,12484,41940,CA,37.3283,-121.9661,1523.6154,11.8913,115.5,13.1915,0.4,4,0,0.4751,False,True
5715260,1029619,17900,SC,34.0861,-81.1822,3332.5385,1.7043,105.0,31.7385,0.5714,2,1,0.4751,False,False
2548242,13733,25420,PA,40.3126,-76.8008,1038.6923,3.9972,112.0,9.274,0.25,2,0,0.4749,False,True
5070895,1025848,16740,NC,35.4762,-81.2363,266.3846,17.3898,112.0,2.3784,0.0263,1,1,0.4749,False,True
1257522,14943,47900,VA,38.9281,-77.2389,3237.0,-12.448,105.0,30.8286,0.927,4,2,0.4747,False,False
1255202,15729,26420,TX,29.5554,-95.3823,1119.6154,5.3412,119.0,9.4085,0.0498,4,0,0.4746,False,True
1254160,15894,31080,CA,33.6897,-117.8935,1950.6923,7.113,118.5,16.4615,0.4792,7,0,0.4744,False,False
1255369,14013,31080,CA,33.7583,-118.0243,1193.9231,4.822,108.5,11.0039,0.1913,1,0,0.4743,False,True
5715212,1029423,41700,TX,29.5241,-98.5053,1386.4615,-0.9888,115.5,12.004,0.026,3,1,0.4743,False,True
1249448,6450,42660,WA,47.4409,-122.2441,1496.9231,5.3657,110.0,13.6084,0.4118,2,0,0.4743,False,True
1260040,11760,27260,FL,30.1899,-81.5525,2369.5385,-1.2059,105.0,22.567,0.3404,1,0,0.4743,False,False
1249446,7625,42660,WA,47.2947,-122.2137,1250.3077,1.7592,107.5,11.6308,0.2647,1,0,0.474,False,True
1255311,12933,42220,CA,38.3485,-122.7209,1840.7692,5.81,114.5,16.0766,0.6,5,0,0.4738,False,False
1260606,7210,25420,PA,40.1976,-77.1556,1040.8462,3.9487,107.5,9.6823,0.3125,1,0,0.4738,False,True
11884016,1040242,27500,WI,42.7135,-89.0,1689.0,18.0674,114.5,14.7511,0.25,3,1,0.4738,False,False
1251760,1008755,33100,FL,26.4402,-80.0781,2159.4615,6.2164,105.0,20.5663,0.3158,1,2,0.4737,False,False
12195969,1038095,37980,PA,39.9944,-75.758,1656.8462,-2.631,105.0,15.7795,0.3504,1,1,0.4734,False,False
1249228,6793,19780,IA,41.562,-93.7957,2959.7692,-1.5304,111.0,26.6646,0.3636,3,0,0.4733,False,False
1252478,1009689,39780,CA,40.1832,-122.2186,2481.6923,6.7642,104.0,23.8624,0.5,1,0,0.4731,False,False
1255264,11776,40140,CA,33.9968,-117.716,2477.0,-4.4736,112.0,22.1161,0.2926,3,0,0.473,False,False
5070775,1024672,35620,NJ,40.9029,-74.0716,1538.0,3.5368,111.5,13.7937,0.3375,3,5,0.473,False,True
13368162,1054451,42200,CA,34.4257,-119.684,1546.3846,13.9626,112.0,13.807,0.2727,2,0,0.4729,False,True
1250025,6871,38900,OR,45.4936,-122.8098,1789.6923,11.8773,111.0,16.1234,0.6116,3,0,0.4728,False,False
2546152,15251,31080,CA,33.7064,-117.7882,2531.7692,-0.9838,105.0,24.1121,0.7255,2,0,0.4727,False,False
1255192,16706,41740,CA,32.6306,-117.0867,587.0,8.6263,115.5,5.0823,0.0173,2,0,0.4726,False,True
5428543,1022226,38060,AZ,33.5062,-112.0646,2133.7692,21.2263,112.0,19.0515,0.2621,2,0,0.4725,False,False
1251432,1006775,19820,MI,42.4973,-83.4411,1994.6923,-1.7542,98.5,20.2507,0.3704,0,0,0.4724,False,False
1251630,1007201,33340,WI,42.9589,-87.9198,2241.2308,-1.5276,108.0,20.7521,0.3922,2,1,0.4724,False,False
1255116,16132,19100,TX,32.9983,-97.2058,2919.9231,21.6362,105.0,27.8088,0.4688,1,0,0.4722,False,False
1252855,1012890,41740,CA,33.1316,-117.2296,2407.4615,-0.5213,110.0,21.886,0.5434,3,0,0.4721,False,False
1249156,7703,42660,WA,47.1801,-122.5474,1579.1538,2.5834,105.0,15.0396,0.4804,1,0,0.472,False,False
5715553,1018096,39380,CO,38.3094,-104.6274,584.4615,8.6049,114.5,5.1045,0.3333,3,1,0.4717,False,True
1252239,1007782,42660,WA,47.767,-122.1912,1802.2308,3.9625,107.5,16.7649,0.6176,2,0,0.4715,False,False
1259816,18467,33100,FL,25.7871,-80.3807,13634.9231,2.0766,87.0,156.7233,1.0,2,1,0.4713,False,False
13205492,1044328,35620,NY,40.7445,-73.9332,3767.6154,26.215,106.0,35.5435,0.9401,4,17,0.4713,False,False
1253355,7993,37100,CA,34.2721,-118.7777,2145.4615,6.719,114.5,18.7377,0.3333,4,1,0.4711,False,False
1253902,9082,38900,OR,45.5191,-122.6795,1136.5385,12.5629,122.5,9.2779,0.2314,7,0,0.4708,False,True
12196087,1052111,33460,MN,45.2797,-93.5649,3228.2308,-0.9769,98.0,32.9411,0.8667,1,1,0.4707,False,False
1258912,15287,47260,VA,36.7622,-76.0105,2054.0769,34.1185,115.5,17.7842,0.3175,3,0,0.4707,False,False
2544340,7615,35620,NY,40.7496,-73.8874,745.9231,-3.5508,115.5,6.4582,0.0946,4,18,0.4706,False,True
11883947,1039514,24540,CO,40.4136,-104.7111,2334.6154,3.6544,105.0,22.2344,0.4,1,0,0.4705,False,False
2546533,17000,38900,OR,45.5667,-122.6619,1144.8462,-9.7727,111.0,10.3139,0.2479,2,0,0.4701,False,True
5071465,1017198,41940,CA,37.3811,-121.9744,1569.0,2.1331,114.5,13.7031,0.44,4,0,0.4701,False,True
5429020,1018077,16740,NC,35.1462,-80.8315,2217.6923,-2.238,105.0,21.1209,0.3684,1,0,0.47,False,False
1248702,18034,16980,IL,42.0774,-87.7102,1246.8462,0.5022,112.0,11.1326,0.1425,2,1,0.47,False,True
6294630,1032810,36780,WI,44.0329,-88.5782,138.3846,-15.8166,101.5,1.3634,0.2,0,1,0.47,False,True
2545611,12932,31080,CA,33.7489,-118.4071,1358.9231,1.0352,107.5,12.6411,0.2612,1,0,0.4699,False,True
1255487,14337,38060,AZ,33.4857,-111.9094,1941.2308,-0.6378,115.5,16.8072,0.199,4,1,0.4698,False,False
13368225,1039511,29820,NV,36.0848,-115.2948,1854.4615,-4.719,113.5,16.3389,0.2371,3,0,0.4697,False,False
1260376,1011597,18140,OH,40.035,-83.0163,2071.0,2.0158,105.0,19.7238,0.3509,1,1,0.4697,False,False
2548218,1017892,12420,TX,30.5448,-97.8649,777.3846,16.0942,112.0,6.9409,0.0118,1,0,0.4697,False,True
2546176,15339,33100,FL,25.6879,-80.32,2658.1538,1.1119,114.5,23.2153,0.4854,5,0,0.4697,False,False
6294330,1030284,36500,WA,47.0174,-122.8982,2360.2308,-1.7735,105.0,22.4784,0.3571,1,0,0.4694,False,False
7282174,1037917,29820,NV,35.9829,-115.1903,1498.8462,2.769,108.5,13.8143,0.1546,1,0,0.4694,False,True
13205421,1045167,19100,TX,33.1752,-96.7207,2145.6154,4.2106,111.0,19.3299,0.2396,2,0,0.4693,False,False
1249457,17155,45300,FL,28.05,-82.7376,2850.2308,5.6936,103.0,27.6721,0.4944,1,1,0.4692,False,False
2545702,13362,40900,CA,38.5347,-121.4945,1664.2308,0.0416,111.0,14.9931,0.2647,2,0,0.4691,False,False
1253596,11172,42660,WA,48.1527,-122.1805,1820.0,0.216,110.0,16.5455,0.6324,3,0,0.4691,False,False
2547293,1007391,12420,TX,30.2422,-97.759,1483.4615,3.5381,112.0,13.2452,0.2118,2,0,0.4691,False,True
7281978,1039328,25940,SC,32.1515,-80.7603,2905.8462,14.8661,105.0,27.6747,0.4286,1,0,0.469,False,False
5428545,1022331,42660,WA,47.3673,-122.1862,1811.3077,1.9704,112.5,16.1005,0.6225,4,0,0.4689,False,False
1248786,18652,29820,NV,36.144,-115.1544,2513.7692,4.5929,116.5,21.5774,0.4948,7,2,0.4688,False,False
5071459,1023199,46700,CA,38.3633,-121.9651,1923.7692,1.2264,115.5,16.656,0.2917,4,0,0.4688,False,False
1257621,1006327,37980,PA,40.0942,-75.366,2303.8462,-9.0357,105.0,21.9414,0.635,2,1,0.4683,False,False
1260456,10424,11540,WI,44.2868,-88.4147,2278.3846,2.7332,107.5,21.1943,0.1667,1,0,0.4681,False,False
1260934,8536,30460,KY,38.039,-84.5143,2170.7692,-1.232,115.5,18.7945,0.3529,5,1,0.4681,False,False
1254731,9232,29820,NV,36.1794,-115.2426,1221.9231,18.873,111.0,11.0083,0.0825,1,0,0.4681,False,True
2544076,6364,41860,CA,37.8006,-121.9197,1984.3077,4.1211,101.5,19.5498,0.805,1,0,0.4678,False,False
6294422,1031357,19100,TX,33.1242,-96.8145,4437.7692,-0.0416,107.5,41.2816,0.7951,4,0,0.4677,False,False
13368376,1044501,29820,NV,36.1466,-115.3272,1958.0769,0.5848,119.0,16.4544,0.268,6,0,0.4677,False,False
5070453,1024302,19340,IA,41.5506,-90.4871,2135.6154,4.0007,107.5,19.8662,0.125,1,1,0.4676,False,False
1252910,11295,26900,IN,39.9571,-86.0438,1835.8462,-23.904,98.0,18.7331,0.1951,0,1,0.4674,False,False
1249445,18334,42660,WA,48.1512,-122.1933,2653.6923,10.0099,107.5,24.6855,0.8627,3,0,0.4673,False,False
1256141,11597,35620,NJ,40.3332,-74.0616,1485.3846,-4.8018,105.0,14.1465,0.3123,1,3,0.4666,False,False
5071999,1022260,39340,UT,40.3531,-111.7658,1444.7692,1.2616,101.0,14.3046,0.25,0,0,0.4666,False,False
1260920,8370,32820,TN,35.094,-89.8105,2201.5385,0.3999,105.0,20.967,0.4062,1,0,0.4665,False,False
1258944,1032096,16820,VA,38.0785,-78.4777,1407.3077,0.8545,105.0,13.4029,0.4444,1,1,0.4656,False,True
5070185,1009243,16980,IL,41.9185,-87.9403,1308.4615,-2.5829,114.5,11.4276,0.164,3,1,0.4655,False,True
1253804,16754,42660,WA,47.4715,-122.2114,1431.8462,9.6425,111.0,12.8995,0.3873,2,0,0.4655,False,True
1259342,17000,38900,OR,45.5667,-122.6619,1139.3846,-13.3244,111.0,10.2647,0.2397,2,0,0.4654,False,True
1249065,6968,18140,OH,40.0629,-83.0448,2063.1538,-2.5577,105.0,19.6491,0.3333,1,1,0.4653,False,False
1248718,8599,42660,WA,47.3578,-122.1659,1748.9231,6.7117,108.5,16.1191,0.5686,2,0,0.4653,False,False
12195710,1031599,27260,FL,30.2611,-81.6461,2454.3077,3.2022,105.0,23.3744,0.4043,1,0,0.4651,False,False
5715646,1027333,35380,LA,29.9224,-90.1217,299.6923,9.2234,115.5,2.5947,0.037,2,1,0.4649,False,True
1255357,13935,31080,CA,33.6712,-117.6528,1780.3077,-4.9059,108.5,16.4084,0.401,2,1,0.4648,False,False
6294270,1030515,43620,SD,43.4909,-96.7678,2129.9231,8.461,108.5,19.6306,0.5385,2,0,0.4647,False,False
5070508,1023273,35620,NY,40.6264,-73.9169,2160.8462,0.0392,112.0,19.2933,0.5615,5,9,0.4644,False,False
2546277,15832,41180,MO,38.6504,-90.338,2642.6923,16.4774,105.0,25.1685,0.4928,1,0,0.4643,False,False
1249569,6655,38060,AZ,33.4653,-112.3417,1841.1538,-0.0918,117.0,15.7364,0.1699,4,0,0.464,False,False
2547693,1014558,31080,CA,34.1509,-118.0182,1955.4615,1.166,115.5,16.9304,0.4859,5,0,0.464,False,False
1254539,15259,31080,CA,34.1431,-118.3973,1103.3846,19.0373,114.5,9.6365,0.1631,2,0,0.464,False,True
5715347,1029285,40060,VA,37.5925,-77.4935,847.0,1.0091,114.5,7.3974,0.0526,2,0,0.464,False,True
1249666,7862,46700,CA,38.0541,-122.1541,2320.8462,1.0009,108.5,21.3903,0.4583,2,0,0.4639,False,False
5715257,1029194,36020,WA,48.2857,-122.6606,2052.3077,2.0853,108.5,18.9153,0.5,2,0,0.4637,False,False
5072059,1025742,38060,AZ,33.5541,-111.8805,2296.1538,5.6002,114.5,20.0537,0.2961,4,2,0.4637,False,False
1250552,91218,42140,NM,35.6789,-105.9535,1529.4615,5.9861,110.5,13.8413,0.3333,2,1,0.4637,False,True
1248553,7910,16740,NC,35.0348,-80.8056,2268.0,-3.2772,105.0,21.6,0.3816,1,0,0.4633,False,False
1254740,16477,31080,CA,33.8777,-117.9635,1304.9231,1.5079,112.0,11.6511,0.2429,2,0,0.4632,False,True
1251463,1005715,37980,PA,40.074,-75.4319,1705.0769,-11.4953,105.0,16.2388,0.3869,1,0,0.463,False,False
1249978,10961,41940,CA,37.3021,-121.8643,1897.6923,1.5059,112.0,16.9437,0.67,4,0,0.4628,False,False
1253984,18493,38900,OR,45.4382,-122.8269,3424.0769,2.8845,105.0,32.6103,0.9752,3,0,0.4626,False,False
13205466,1054954,12060,GA,33.8378,-84.3125,744.3846,8.0263,105.0,7.0894,0.0065,0,0,0.4623,False,True
2545734,13492,47900,VA,38.7713,-77.0835,858.2308,4.7409,113.0,7.595,0.2361,2,0,0.4623,False,True
1255134,12221,31080,CA,33.8581,-118.1157,1555.6154,12.1817,117.0,13.2959,0.3111,4,0,0.4622,False,True
13368303,1038943,35620,NJ,40.6441,-74.4112,1308.4615,64.5227,112.0,11.6827,0.2492,1,2,0.4621,False,True
1255277,1032008,40900,CA,38.922,-121.0575,1221.4615,24.5119,115.5,10.5754,0.0956,2,0,0.462,False,True
13368252,1043381,45340,NM,36.3899,-105.5834,1484.0,11.0651,105.0,14.1333,1.0,2,0,0.462,False,False
1249862,6782,29180,LA,30.1452,-91.9469,4340.3077,1.2871,98.0,44.2889,0.8571,1,0,0.462,False,False
1255438,1010369,19740,CO,39.769,-105.1101,1419.8462,1.4287,107.5,13.2079,0.2901,1,0,0.4618,False,True
1255170,8852,44920,UT,40.6579,-111.5069,1673.4615,1.2426,105.0,15.9377,0.5,1,0,0.4617,False,False
1259091,16791,37980,PA,40.3645,-74.9513,872.1538,5.6565,103.0,8.4675,0.0949,0,1,0.4616,False,True
1248744,7096,41060,MN,45.5495,-94.2175,3421.3077,-12.7594,105.0,32.5839,0.5,2,1,0.4615,False,False
1254805,15262,41940,CA,37.3517,-121.9678,1362.7692,4.9153,112.0,12.1676,0.27,2,0,0.4615,False,True
11884258,1038212,47300,CA,36.2978,-119.294,637.2308,2.436,118.0,5.4003,0.037,3,0,0.4614,False,True
2545689,13319,41940,CA,37.3615,-122.0979,1671.4615,1.0275,105.0,15.9187,0.5,1,0,0.4613,False,False
1260904,7383,33340,WI,42.9828,-87.9117,2566.0769,4.107,107.5,23.8705,0.5686,2,0,0.4613,False,False
1253070,17622,48620,KS,37.6943,-97.244,2563.0769,0.3373,105.0,24.4103,0.3125,1,1,0.4612,False,False
1249962,6569,38900,OR,45.5382,-122.9007,1583.8462,1.3986,112.0,14.1415,0.4959,3,0,0.4612,False,False
5070217,1009827,41180,MO,38.6219,-90.5192,2278.0769,0.5295,105.0,21.696,0.4203,1,0,0.4612,False,False
1254499,11122,46700,CA,38.3534,-121.986,2551.1538,5.6244,107.5,23.7317,0.5833,2,0,0.4612,False,False
1249137,17281,12260,GA,33.49,-82.0792,2180.5385,10.1582,112.0,19.4691,0.1429,2,1,0.4611,False,False
5715597,1029954,40900,CA,38.594,-121.2869,2694.9231,6.4669,111.0,24.2786,0.7279,4,0,0.4611,False,False
1252045,1006879,38060,AZ,33.5442,-111.9053,1626.0769,5.0594,115.0,14.1398,0.1262,3,2,0.4611,False,False
6294551,1008467,41740,CA,32.9039,-117.1142,2692.6154,15.6698,109.5,24.5901,0.659,3,1,0.461,False,False
1248864,7092,24300,CO,39.0957,-108.6088,3080.5385,-0.5167,105.0,29.3385,0.7143,2,0,0.4607,False,False
1260511,1011149,31080,CA,33.9992,-118.0556,802.3077,2.2048,114.5,7.0071,0.0832,2,0,0.4606,False,True
1253054,1012582,42660,WA,47.3583,-122.0989,2414.6923,-2.3547,107.5,22.4623,0.8186,3,0,0.4606,False,False
5429113,1017635,46520,HI,21.273,-157.8231,1061.6923,1.2248,121.5,8.7382,0.1667,6,0,0.4602,False,True
1250062,10889,42660,WA,47.9428,-122.1083,1999.0769,-0.8357,106.5,18.7707,0.7059,2,0,0.46,False,False
1252148,1008995,40140,CA,34.0471,-117.2434,2252.5385,1.769,107.5,20.9538,0.1965,1,0,0.4599,False,False
1253896,10824,37980,PA,40.0953,-75.0156,1706.9231,8.17,105.0,16.2564,0.3942,1,4,0.4598,False,False
1252583,1009925,39140,AZ,34.8635,-111.793,2165.3846,3.1929,112.0,19.3338,0.1667,2,0,0.4594,False,False
5430162,1027636,21660,OR,44.2306,-123.204,270.2308,-3.1965,111.0,2.4345,0.1,1,0,0.4593,False,True
1251503,1008943,16980,IL,41.9479,-87.6886,1863.5385,0.7151,119.0,15.66,0.3495,8,7,0.4586,False,False
5069932,1022320,45780,OH,41.5808,-83.6816,2701.0769,-0.945,104.0,25.9719,0.4,1,1,0.4585,False,False
1253329,13824,11700,NC,35.5237,-82.529,1555.8462,1.2921,101.5,15.3285,0.2,0,0,0.4583,False,False
6294437,1031748,24330,MN,47.2088,-93.5296,363.0769,36.0231,105.0,3.4579,1.0,1,0,0.4583,False,True
1259095,13955,47900,MD,39.0383,-77.0569,1383.0,0.9319,111.0,12.4595,0.5215,3,2,0.4582,False,True
13368374,1052574,21660,OR,43.9839,-124.1008,1655.1538,10.8895,104.0,15.9149,0.7,1,0,0.4581,False,False
1260123,9439,47260,VA,36.7632,-76.2507,2153.6923,2.1117,114.5,18.8095,0.3492,4,1,0.4581,False,False
2544219,7005,19100,TX,33.1731,-96.7336,2205.4615,3.1257,111.0,19.869,0.2708,2,0,0.458,False,False
1250893,91232,41180,MO,38.6326,-90.234,3775.9231,0.4893,107.5,35.1249,0.6957,3,0,0.458,False,False
1251547,14693,46520,HI,21.2799,-157.827,320.7692,-2.7519,125.0,2.5662,0.0417,7,0,0.4578,False,True
2545696,13348,41860,CA,37.9535,-121.955,1961.6923,-2.0435,101.5,19.327,0.8,1,0,0.4577,False,False
2547556,1014158,40900,CA,38.6552,-121.1784,2986.0,3.4154,104.5,28.5742,0.8382,2,0,0.4577,False,False
1254476,8717,31080,CA,33.664,-117.857,2456.6154,-4.2657,108.5,22.6416,0.7072,3,0,0.4576,False,False
1260173,8990,14260,ID,43.5996,-116.3933,1529.6154,0.9442,108.5,14.0978,0.1852,1,0,0.4576,False,False
1250713,1006932,33340,WI,43.0356,-88.0714,2381.0,3.9773,105.0,22.6762,0.451,1,0,0.4575,False,False
2544208,6947,33100,FL,25.7256,-80.2631,2630.3077,9.0231,112.0,23.4849,0.4503,3,0,0.4574,False,False
5071424,1021106,13380,WA,48.8451,-122.5842,1505.3846,5.7895,107.5,14.0036,0.3333,1,0,0.4573,False,True
1248612,8121,17860,MO,38.9481,-92.3274,2900.3846,-1.6229,107.5,26.9803,0.5,2,0,0.4572,False,False
12196039,1037934,14860,CT,41.0731,-73.5498,1662.1538,-0.1248,101.5,16.3759,0.7143,1,3,0.4572,False,False
2545197,11035,42140,NM,35.6428,-106.0128,2925.3846,9.9038,105.0,27.8608,0.8333,2,0,0.4569,False,False
1252267,1008691,27180,TN,35.6575,-88.8273,3000.0769,5.5536,98.0,30.613,0.4,0,0,0.4568,False,False
1259963,12590,11700,NC,35.6015,-82.5471,1906.7692,-1.1485,105.0,18.1597,0.4,1,1,0.4568,False,False
1259618,14812,35620,NY,41.2068,-73.7289,715.4615,18.5898,111.0,6.4456,0.0883,1,2,0.4566,False,True
5069999,1008760,33100,FL,25.8869,-80.1652,92.7692,2.6383,112.0,0.8283,0.0058,1,2,0.4564,False,True
1260112,14952,12940,LA,30.4178,-91.052,1669.9231,-3.0199,101.5,16.4524,0.1579,0,0,0.4564,False,False
5428548,1022214,44700,CA,37.9582,-121.2908,3365.9231,3.9309,108.5,31.0223,0.675,3,0,0.4562,False,False
1255296,15572,31080,CA,33.6156,-117.8996,2072.8462,3.818,108.5,19.1046,0.5441,2,0,0.456,False,False
2547482,9683,25420,PA,40.2387,-76.9348,1563.4615,1.8899,107.5,14.5438,0.625,2,1,0.4559,False,False
1250265,1053815,31080,CA,33.6408,-117.8756,6782.8462,1.487,98.0,69.2127,0.9917,2,0,0.4558,False,False
1249396,10289,41700,TX,29.4371,-98.4907,2205.3077,5.424,115.5,19.0936,0.1299,3,0,0.4557,False,False
6294744,1033261,16980,IL,42.27,-88.0045,2005.5385,-0.1149,105.0,19.1004,0.4005,1,1,0.4557,False,False
5070847,1026451,43900,SC,34.9647,-81.8989,2534.5385,4.4574,101.5,24.9708,0.1111,0,0,0.4556,False,False
5071562,1024158,41700,TX,29.4854,-98.7248,989.1538,3.0451,114.5,8.6389,0.013,2,1,0.4555,False,True
1253315,13859,23420,CA,36.8377,-119.7005,2832.5385,0.3598,112.0,25.2905,0.5833,4,0,0.4554,False,False
13368184,1044508,19300,AL,30.5973,-87.8988,3605.6923,6.2228,105.0,34.3399,0.3333,1,0,0.4554,False,False
5715156,1028285,31080,CA,34.452,-118.5662,1236.1538,1.5803,115.5,10.7026,0.2163,3,0,0.4554,False,True
1252320,11152,11460,MI,42.2796,-83.7411,1319.5385,7.4139,112.0,11.7816,0.25,2,1,0.4554,False,True
5715409,1018252,35620,NY,40.7469,-73.8835,2142.6923,4.1776,112.0,19.1312,0.5584,5,20,0.4554,False,False
2544148,6680,33460,MN,45.0076,-93.1764,1929.0,-4.0335,111.0,17.3784,0.4667,3,1,0.4553,False,False
5071749,1020699,35380,LA,29.9353,-90.1109,1837.6154,6.462,115.5,15.9101,0.1111,3,1,0.4553,False,False
1255366,12609,37100,CA,34.2631,-119.2696,1515.4615,4.0125,108.5,13.9674,0.2222,1,0,0.4551,False,True
5070164,1019315,16980,IL,42.1142,-87.9835,1632.3846,5.3099,100.5,16.2426,0.2688,0,1,0.4551,False,False
5071989,1025888,36260,UT,41.1391,-111.9168,1615.8462,12.1576,101.5,15.9197,0.2941,0,0,0.455,False,False
2544585,8522,41620,UT,40.5801,-111.8355,1824.0,3.9909,105.0,17.3714,0.5312,1,0,0.455,False,False
6294245,1030642,40900,CA,38.6952,-121.2713,3703.0769,19.8138,104.0,35.6065,0.9338,2,0,0.4548,False,False
1252319,1009147,35620,NJ,40.8228,-74.1007,3061.6154,-2.1872,101.5,30.1637,0.836,2,6,0.4546,False,False
1254730,15468,41860,CA,37.9274,-122.061,1861.1538,1.8522,113.5,16.3978,0.75,5,0,0.4545,False,False
12195708,1031798,33100,FL,26.0112,-80.1742,2651.5385,11.402,112.0,23.6745,0.4795,3,0,0.4544,False,False
1254748,12416,31080,CA,33.8589,-118.0906,1676.4615,-1.7979,115.5,14.5148,0.3627,4,0,0.4544,False,False
5715322,1028125,35620,NY,40.5999,-73.9421,1413.7692,1.0224,112.0,12.6229,0.2871,3,11,0.4544,False,True
13205457,1040514,45300,FL,27.9963,-82.48,2497.2308,1.5579,105.0,23.7832,0.3596,1,1,0.4543,False,False
1252277,14031,11460,MI,42.2557,-83.6881,2083.0769,3.7309,105.0,19.8388,0.5,1,0,0.4541,False,False
2544804,9420,41860,CA,37.4235,-122.1978,1500.3846,5.5294,105.0,14.2894,0.59,1,0,0.454,False,False
1248398,7940,28140,MO,38.8891,-94.6073,2175.0,-0.5872,108.5,20.0461,0.1091,1,0,0.4537,False,False
5715478,1017575,41860,CA,37.8717,-122.5098,1209.4615,10.3446,107.5,11.2508,0.425,1,0,0.4537,False,True
1253968,1009954,38900,OR,45.5542,-122.8365,1658.4615,3.4102,105.0,15.7949,0.5537,1,0,0.4536,False,False
1248618,7805,37980,PA,40.3217,-75.1309,2720.6154,1.7169,107.5,25.3081,0.7737,3,1,0.4535,False,False
1254334,13351,31080,CA,34.0625,-118.4474,705.3077,-0.2936,122.5,5.7576,0.0566,6,1,0.4535,False,True
1254262,11570,31080,CA,33.6716,-117.7893,1336.5385,0.2712,107.5,12.4329,0.2562,1,1,0.4532,False,True
5071320,1021024,31080,CA,34.0897,-118.0541,884.9231,2.3214,114.5,7.7286,0.1032,2,0,0.4531,False,True
5715321,1019469,35620,NY,40.6559,-74.0082,61.5455,90.1685,112.0,0.5495,0.0032,0,5,0.4531,False,True
2545013,10270,39900,NV,39.4233,-119.7383,2567.9231,-3.3077,105.5,24.3405,0.6786,2,1,0.4529,False,False
1251989,1007347,40900,CA,38.6701,-121.1618,2329.7692,2.2242,104.0,22.4016,0.5662,1,0,0.4529,False,False
5071106,1020069,40220,VA,37.2827,-79.9323,2337.4615,5.8817,107.5,21.7438,0.25,1,0,0.4526,False,False
6294629,1032714,28140,KS,39.0293,-94.6338,2791.1538,13.0268,107.5,25.9642,0.2545,1,0,0.4526,False,False
1254395,15946,41860,CA,37.5199,-122.2756,1183.1538,-1.4038,115.0,10.2883,0.41,4,1,0.4526,False,True
5071602,1023705,19740,CO,39.5468,-104.7929,2083.9231,-8.9225,110.0,18.9448,0.5954,3,0,0.4525,False,False
1254713,15019,40140,CA,34.1219,-117.5749,2259.3846,0.3725,114.5,19.7326,0.2009,3,0,0.4522,False,False
5070119,1017758,15980,FL,26.6156,-81.7963,2056.2308,-8.4304,112.0,18.3592,0.2857,3,2,0.4516,False,False
1252999,1010274,33340,WI,43.1929,-88.1318,2026.0,6.1331,107.5,18.8465,0.2941,1,0,0.4516,False,False
1259145,16683,41740,CA,32.9514,-117.1073,2396.8462,0.016,111.0,21.5932,0.5318,3,0,0.4515,False,False
2547398,1009970,19100,TX,33.068,-96.8817,2119.4615,-1.8733,113.5,18.6737,0.2292,3,1,0.4512,False,False
1255291,15053,46700,CA,38.2586,-122.0539,2691.0,-0.1513,112.0,24.0268,0.7917,5,0,0.4511,False,False
5429979,1027498,36540,NE,41.2618,-95.9814,4253.2308,11.3366,107.5,39.5649,0.76,3,0,0.4509,False,False
11884337,1042903,16740,NC,35.1088,-80.8812,278.0,-3.5238,105.0,2.6476,0.0526,0,0,0.4509,False,True
1260436,1009993,19340,IA,41.5393,-90.5192,2270.5385,3.9294,107.5,21.1213,0.25,1,0,0.4508,False,False
7281996,1039449,22220,AR,36.193,-94.1828,763.2308,7.719,111.0,6.876,0.0588,1,1,0.4507,False,True
5071721,1023418,48620,KS,37.6785,-97.2026,1839.9231,35.4033,105.0,17.5231,0.125,0,0,0.4506,False,False
1252893,16136,18140,OH,40.1578,-83.0922,3102.8462,-7.6851,107.5,28.8637,0.7368,3,0,0.4505,False,False
2546432,16491,42660,WA,47.2357,-122.5273,1217.3077,2.2617,115.5,10.5395,0.2451,3,0,0.4505,False,True
1252441,1009579,31080,CA,33.7695,-118.1978,809.7692,6.1618,118.0,6.8625,0.0865,3,0,0.4505,False,True
2547334,1008761,11700,NC,35.4829,-82.5547,2075.6154,-2.4617,105.0,19.7678,0.4667,1,0,0.4503,False,False
1258481,1007745,10100,SD,45.4586,-98.4419,2111.3077,2.174,105.0,20.1077,0.5,1,0,0.4503,False,False
1249317,14404,24860,SC,34.8493,-82.3387,1836.6154,-3.7762,108.5,16.9273,0.1389,1,0,0.4502,False,False
1251456,1006412,24860,SC,34.8291,-82.3046,1935.2308,1.0808,108.5,17.8362,0.1667,1,0,0.4501,False,False
2545550,12685,47900,VA,38.8018,-77.0718,930.9231,37.6009,119.0,7.8229,0.2747,4,4,0.45,False,True
6294249,1030529,38900,OR,45.4992,-122.8096,1520.8462,9.2924,111.0,13.7013,0.438,2,0,0.45,False,True
13205379,1052770,42020,CA,35.2519,-120.688,1859.8462,11.7386,112.0,16.6058,0.3125,2,0,0.4498,False,False
1258947,15102,15380,NY,42.958,-78.87,1375.3077,-3.4559,107.5,12.7936,0.2353,1,1,0.4498,False,True
2544138,6629,29820,NV,36.0857,-115.1195,2283.6923,8.7951,115.5,19.7722,0.3918,4,0,0.4497,False,False
1260834,8102,20740,WI,44.7985,-91.4666,2428.3077,-5.0729,105.0,23.1267,0.3333,1,1,0.4497,False,False
1250722,94724,31080,CA,33.778,-117.9582,1582.0769,4.2317,114.5,13.8173,0.3228,3,0,0.4497,False,True
1259684,15345,33100,FL,25.7021,-80.3335,1759.3077,3.3437,112.0,15.7081,0.2573,2,0,0.4496,False,False
2548005,1015533,41740,CA,33.0213,-117.1253,2986.6154,3.9073,108.5,27.5264,0.7457,3,0,0.4496,False,False
2545994,14558,40140,CA,33.7427,-116.3044,2297.3077,6.8859,112.0,20.5117,0.2227,2,0,0.4495,False,False
1251783,1007334,14740,WA,47.6356,-122.5172,652.1538,-2.3272,111.0,5.8753,0.0714,1,0,0.4495,False,True
1260536,8525,28420,WA,46.185,-119.1755,1698.0769,1.6625,107.5,15.7961,0.3077,1,0,0.4495,False,False
1260215,15929,45780,OH,41.528,-83.6398,2362.5385,2.0772,107.0,22.0798,0.2,1,1,0.4495,False,False
1255157,16236,41860,CA,37.6543,-122.1102,1451.1538,1.7639,112.0,12.9567,0.565,3,0,0.4494,False,True
1248502,8136,41420,OR,44.93,-123.3099,1889.8462,1.9165,105.0,17.9985,0.5294,1,0,0.4494,False,False
1256626,15282,12580,MD,39.3876,-76.7361,1554.0769,3.0765,105.0,14.8007,0.4394,1,3,0.4494,False,False
2548114,18559,28740,NY,41.748,-74.0853,1129.3846,-3.3888,108.5,10.4091,0.1667,1,1,0.4493,False,True
1252440,14997,19740,CO,39.6089,-104.9573,2015.0769,2.5284,98.0,20.562,0.5344,0,0,0.4491,False,False
5071714,1019749,48620,KS,37.7238,-97.2073,3113.9231,-0.6235,105.0,29.6564,0.6875,2,1,0.4489,False,False
1252152,1006963,19820,MI,42.5156,-83.1834,1798.3846,3.7223,112.0,16.057,0.2593,2,0,0.4488,False,False
11884175,1038524,42660,WA,47.8285,-122.268,2782.2308,5.2618,107.5,25.8812,0.8873,3,0,0.4486,False,False
2544628,8695,31080,CA,33.917,-117.9007,2295.0,2.674,114.5,20.0437,0.6273,5,0,0.4486,False,False
1256284,16027,47900,MD,39.1179,-77.2516,1396.3846,2.0979,105.0,13.2989,0.5279,1,1,0.4484,False,True
7282221,1039858,24580,WI,44.4294,-88.0558,2747.1538,2.6855,98.0,28.0322,0.4444,0,0,0.4482,False,False
1254133,13317,31080,CA,33.9796,-118.4654,633.1538,3.3785,105.0,6.03,0.0466,0,0,0.4482,False,True
1252228,11403,16980,IL,41.8175,-87.9168,1039.3077,10.1141,114.5,9.0769,0.0941,2,1,0.4482,False,True
1254419,9187,41500,CA,36.7044,-121.6672,1493.8462,3.3969,114.5,13.0467,0.3333,3,0,0.4481,False,True
1259118,13564,37980,PA,39.9726,-75.3192,1990.3846,0.7397,104.0,19.1383,0.5036,1,2,0.448,False,False
5072013,1024019,19740,CO,39.6991,-105.3293,789.0,5.3946,105.0,7.5143,0.0382,0,0,0.448,False,True
2547328,1008656,16700,SC,32.7835,-79.9955,2086.0,1.9052,108.0,19.3148,0.2174,1,0,0.4476,False,False
1260818,8578,39580,NC,35.7715,-78.7626,2162.1538,0.057,105.0,20.5919,0.4884,1,0,0.4474,False,False
1254856,16276,19100,TX,32.9114,-96.8042,2084.0769,2.6795,112.0,18.6078,0.2222,2,0,0.4474,False,False
1248383,7992,41740,CA,32.5673,-116.9654,1683.4615,17.3584,103.0,16.3443,0.2543,0,0,0.4474,False,False
1254665,12430,38060,AZ,33.6237,-111.9264,1924.4615,3.5728,115.5,16.662,0.1845,3,0,0.4468,False,False
12196058,1040219,29820,NV,35.9987,-115.1721,1474.6923,12.4927,114.5,12.8794,0.134,2,0,0.4468,False,True
1251947,1007263,41420,OR,45.151,-122.8302,1508.4615,2.8047,107.5,14.0322,0.3529,1,0,0.4467,False,True
1252729,13629,26900,IN,39.7815,-86.1705,3821.1538,5.1857,115.0,33.2274,0.7195,7,0,0.4465,False,False
1248771,17414,40900,CA,38.6567,-121.3842,2428.4615,14.0082,108.5,22.3821,0.625,2,0,0.4463,False,False
11884100,1040355,16980,IL,42.1329,-87.8205,633.5385,2.5909,105.0,6.0337,0.0484,0,0,0.4462,False,True
1260002,12757,31080,CA,33.6543,-117.7785,2075.7692,4.9796,105.0,19.7692,0.5474,1,0,0.4455,False,False
5070474,1025835,33340,WI,43.042,-88.2565,777.3077,-0.1581,104.0,7.4741,0.0392,0,1,0.4454,False,True
6294355,1031269,33460,MN,45.165,-93.1638,1349.0,23.8576,104.0,12.9712,0.2222,0,0,0.4453,False,True
5715142,1010185,15980,FL,26.5561,-81.8968,831.3077,19.8913,105.0,7.9172,0.0476,0,2,0.4452,False,True
1253445,15003,22660,CO,40.5505,-105.0586,1398.0,0.7149,107.5,13.0047,0.2857,1,1,0.4451,False,True
2544541,13802,12580,MD,39.3956,-76.6041,1448.6923,-2.1205,112.0,12.9348,0.4091,3,3,0.4451,False,True
2547252,1006590,16980,IL,42.1524,-87.8359,2087.4615,5.0763,105.0,19.8806,0.4355,1,2,0.445,False,False
1259122,13895,35620,NY,40.6191,-73.9898,1628.9231,12.161,105.0,15.5136,0.388,1,12,0.4448,False,False
1254371,12063,41860,CA,37.8482,-122.0317,1485.6923,15.8817,106.5,13.9502,0.575,1,0,0.4447,False,True
5071038,1019678,12580,MD,39.2212,-76.8751,1156.3846,2.5723,111.5,10.3712,0.2879,2,2,0.4447,False,True
5072016,1005427,20780,CO,39.3877,-107.0832,1542.3077,10.7857,105.0,14.6886,0.6667,1,0,0.4446,False,False
6294507,1031729,40140,CA,34.0744,-117.4354,3271.3846,-6.9002,108.5,30.151,0.5764,3,1,0.4442,False,False
5715278,1028633,38900,WA,45.6942,-122.5531,794.5385,1.9846,111.0,7.158,0.1074,1,0,0.4439,False,True
1251115,1006011,16980,IL,41.9979,-87.6609,1153.5385,1.0921,112.0,10.2995,0.1156,2,8,0.4436,False,True
2548156,1016038,47900,DC,38.9326,-76.9969,759.2308,29.2392,105.0,7.2308,0.1845,0,1,0.4434,False,True
1255286,16360,46140,OK,36.1324,-95.965,3142.3077,30.9001,107.0,29.3674,0.44,1,0,0.4433,False,False
1251660,1008748,28140,KS,39.0152,-94.7273,3484.3077,6.9967,107.5,32.4122,0.4909,2,1,0.4431,False,False
2547370,1009277,19740,CO,39.413,-104.8738,3397.2308,-1.4724,108.5,31.3109,0.9008,4,0,0.4431,False,False
11884436,1044202,13740,MT,45.7557,-108.5379,2554.6923,13.8806,105.0,24.3304,0.5714,1,0,0.443,False,False
5715504,1029736,29620,MI,42.7404,-84.6259,485.6154,5.3044,105.0,4.6249,0.1111,0,0,0.443,False,True
5071234,1020873,41500,CA,36.6129,-121.8434,1475.3846,2.3261,115.0,12.8294,0.2963,3,0,0.443,False,True
1252665,9362,16980,IL,42.1857,-87.8023,1226.4615,-3.51,108.5,11.3038,0.1371,1,2,0.443,False,True
11884015,1037591,17820,CO,38.8862,-104.7019,2532.6154,11.384,107.5,23.5592,0.7097,2,0,0.4427,False,False
5069881,1017586,19380,OH,39.6974,-84.1052,1903.3077,2.617,108.5,17.542,0.2143,1,0,0.4427,False,False
1260127,14052,33340,WI,42.8841,-87.9116,3579.5385,1.9744,99.0,36.157,0.8627,1,1,0.4427,False,False
1254513,16816,31080,CA,34.2061,-118.2176,1244.4615,9.2813,116.5,10.6821,0.2213,3,0,0.4426,False,True
2546143,15205,19100,TX,33.0774,-96.8209,2564.8462,-22.3281,114.5,22.4004,0.3472,5,1,0.4426,False,False
1260579,8319,19100,TX,32.8622,-96.8914,1218.6154,12.1081,105.0,11.6059,0.0521,0,0,0.4425,False,True
1252514,1009778,35620,NY,40.7298,-73.8629,1885.1538,-56.1035,112.0,16.8317,0.4637,7,15,0.4422,False,False
5071718,1022187,28140,KS,38.8542,-94.6834,4787.1538,-1.3318,105.0,45.5919,0.8,3,1,0.4421,False,False
1248539,17871,40900,CA,38.7101,-121.0849,3086.7692,1.0043,100.5,30.7141,0.8529,1,0,0.4421,False,False
1254519,12115,41940,CA,37.3785,-122.1167,496.2308,-0.031,105.0,4.726,0.07,0,0,0.442,False,True
2545918,14265,16980,IL,41.8022,-88.1736,1856.2308,12.2894,107.5,17.2673,0.336,1,1,0.4416,False,False
1258329,6333,19740,CO,39.7869,-105.11,2472.6154,-11.1332,108.5,22.7891,0.7176,3,0,0.4414,False,False
5428963,1019280,10740,NM,35.1318,-106.5515,1664.0769,0.8437,110.5,15.0595,0.3659,2,1,0.4412,False,False
1260490,7673,12540,CA,35.3975,-119.111,2552.6154,1.069,116.5,21.9109,0.4894,6,1,0.4411,False,False
1253281,12054,31080,CA,33.9756,-118.3579,1641.6154,5.8004,118.0,13.912,0.3411,5,1,0.4409,False,True
1258143,8891,47900,MD,39.0615,-77.1593,1272.4615,16.182,101.5,12.5366,0.4335,0,0,0.4409,False,True
1259062,14408,47900,MD,39.0553,-76.9549,1615.9231,-5.6671,111.0,14.5579,0.6266,3,0,0.4403,False,False
1250700,89731,24340,MI,42.8487,-85.626,2062.4615,10.442,112.0,18.4148,0.3182,2,0,0.4402,False,False
1254663,16876,42220,CA,38.2503,-122.6289,1414.6154,10.9502,114.5,12.3547,0.3667,3,1,0.4402,False,True
1249709,17967,42540,PA,41.4081,-75.6677,2136.3077,4.5751,108.5,19.6895,0.1,1,2,0.44,False,False
1255099,11298,40900,CA,38.6504,-121.0683,2537.2308,5.9012,107.5,23.6021,0.6765,2,0,0.4399,False,False
1251543,14655,46520,HI,21.2772,-157.7055,2319.2308,6.4957,108.5,21.3754,0.6042,2,0,0.4398,False,False
1251058,15797,41860,CA,37.6034,-122.3942,9733.9231,-8.1552,101.5,95.9007,1.0,5,0,0.4398,False,False
1249879,6789,24580,WI,44.4518,-88.0861,1653.5385,5.6522,100.5,16.4531,0.3333,0,1,0.4397,False,False
1252816,1012888,37980,PA,39.9477,-75.1935,599.9231,2.5914,124.5,4.8187,0.0438,8,10,0.4396,False,True
1251280,1005699,19380,OH,39.6467,-84.1099,2812.7692,0.445,108.5,25.9241,0.4286,2,1,0.4392,False,False
1254583,1025421,41860,CA,37.8264,-122.2095,482.0,-0.6186,105.0,4.5905,0.08,0,0,0.4392,False,True
5069903,1021734,26900,IN,39.6382,-86.1279,2556.2308,-0.1022,112.0,22.8235,0.3902,3,1,0.439,False,False
13205384,1054309,40140,CA,34.4713,-117.2901,2395.4615,8.7325,112.0,21.388,0.2707,2,0,0.439,False,False
13205472,1040652,39580,NC,35.8,-78.817,2604.4615,-6.2599,105.0,24.8044,0.7442,2,1,0.4389,False,False
5071020,1025415,47900,MD,38.6768,-76.8747,450.5385,-0.2045,112.0,4.0227,0.0644,1,0,0.4389,False,True
1252991,11363,16980,IL,42.0531,-87.8361,1335.4615,1.7226,108.5,12.3084,0.1828,1,2,0.4388,False,True
2545069,10534,33100,FL,25.7966,-80.3248,1539.0769,-0.3486,112.0,13.7418,0.1871,2,2,0.4388,False,True
6294514,1009987,34140,ID,46.733,-117.0281,2524.5385,2.393,105.0,24.0432,0.5,1,0,0.4387,False,False
1255214,11475,31080,CA,33.8237,-118.3282,2361.8462,0.3169,107.5,21.9707,0.6572,2,0,0.4387,False,False
1260269,12534,16980,IL,41.9646,-87.7089,1371.7692,9.4519,114.5,11.9805,0.1909,3,10,0.4386,False,True
5428493,1022321,31080,CA,33.8818,-118.3262,2397.6923,2.5801,107.5,22.3041,0.6722,2,0,0.4385,False,False
1252212,1009950,16980,IL,42.281,-87.88,1532.1538,7.1782,108.5,14.1212,0.2446,1,1,0.4384,False,False
2544439,7973,15380,NY,42.9084,-78.7707,1962.1538,-6.2998,112.0,17.5192,0.4118,3,1,0.4384,False,False
1258320,18465,35620,NY,40.6193,-74.033,1011.5385,0.466,112.0,9.0316,0.164,2,7,0.4384,False,True
1256008,12162,47900,VA,38.7871,-77.2968,1040.8462,-3.9196,107.5,9.6823,0.3262,1,1,0.4382,False,True
1259772,13470,12060,GA,33.8875,-84.4739,2132.3077,5.1354,114.5,18.6228,0.4183,4,2,0.4382,False,False
5070430,1021746,33460,MN,44.9174,-93.2476,927.0769,0.3831,104.0,8.9142,0.1222,0,0,0.4382,False,True
1256700,12359,40900,CA,38.6502,-121.1641,3903.0,14.8773,104.0,37.5288,0.9412,2,0,0.438,False,False
5071190,1026427,41500,CA,36.6005,-121.869,1053.3846,11.261,115.5,9.1202,0.1111,2,0,0.438,False,True
5715525,1029296,40140,CA,34.0643,-117.5752,3231.6923,-14.5316,112.5,28.7262,0.5633,5,1,0.4378,False,False
5071195,1026224,31460,CA,36.9532,-120.0589,716.8462,36.2825,114.0,6.2881,0.125,1,0,0.4378,False,True
1254666,9119,10740,NM,35.0994,-106.515,1558.3077,1.2697,112.0,13.9135,0.2439,2,1,0.4378,False,True
2545781,13705,29820,NV,35.9981,-115.2064,3232.7692,2.4025,101.5,31.8499,0.7629,1,0,0.4376,False,False
5429285,91893,11260,AK,61.5764,-149.4054,2985.1538,8.6361,104.0,28.7034,1.0,2,0,0.4376,False,False
5715603,1018164,40340,MN,44.0384,-92.463,601.4615,30.9715,105.0,5.7282,0.25,0,1,0.4375,False,True
11884330,1042818,33700,CA,37.5207,-120.8885,2513.3846,-1.4953,112.0,22.4409,0.4615,3,0,0.4375,False,False
5070763,1017610,35620,NJ,40.7311,-74.2767,1353.6154,0.4854,112.0,12.0859,0.265,2,1,0.4374,False,True
2548541,1018079,46060,AZ,32.2868,-110.9604,2078.4615,2.0085,115.5,17.9953,0.4118,4,0,0.4374,False,False
1260691,8216,47900,VA,38.2959,-77.4929,2166.0,-1.6211,108.5,19.9631,0.7768,3,1,0.4374,False,False
2545259,11321,47900,VA,38.8695,-77.1518,1383.0,-2.1391,112.0,12.3482,0.5215,3,1,0.4374,False,True
2548069,1015746,42660,WA,47.1664,-122.5092,1626.6923,1.6341,115.0,14.1452,0.5147,4,0,0.4372,False,False
13143429,1054826,47900,DC,38.8975,-77.0062,2265.0,16.2777,121.5,18.642,0.7897,14,6,0.4372,False,False
1255199,17624,39780,CA,40.1619,-122.2273,1875.8462,1.6507,101.5,18.4812,0.25,0,0,0.437,False,False
1250244,18681,17660,ID,47.7078,-116.7855,3221.5385,5.0888,108.5,29.6916,1.0,4,0,0.4369,False,False
1251064,8983,27260,FL,30.2023,-81.6172,2103.9231,3.4925,107.5,19.5714,0.2553,1,1,0.4365,False,False
1254866,15488,19100,TX,32.8959,-96.4695,3512.4615,-0.6592,111.0,31.6438,0.6111,4,1,0.4364,False,False
1257448,8730,47900,MD,38.9663,-76.9536,1651.3846,21.1444,112.0,14.7445,0.6395,3,2,0.4363,False,False
1257460,18504,47900,VA,38.8361,-77.1565,1640.7692,3.6494,105.0,15.6264,0.6309,1,0,0.4362,False,False
1254543,14865,41740,CA,33.022,-117.2823,1724.9231,1.807,108.5,15.8979,0.2601,1,0,0.4355,False,False
1255246,15565,38060,AZ,33.4932,-112.2867,957.7692,0.5979,115.5,8.2924,0.0485,2,0,0.4354,False,True
5070866,1024553,11700,NC,35.5024,-82.9889,1728.7692,53.6684,112.0,15.4354,0.3333,1,0,0.4354,False,False
2544080,9058,19820,MI,42.4939,-83.4768,1388.9231,11.2371,111.0,12.5128,0.1358,1,0,0.4353,False,True
13368177,1052394,25420,PA,40.2266,-76.9396,1163.0769,0.9548,112.0,10.3846,0.375,2,0,0.4351,False,True
6294631,1031614,26980,IA,41.7191,-91.6086,1992.5385,-5.725,107.5,18.5352,0.2,1,1,0.4351,False,False
1248708,10380,38900,OR,45.502,-122.5783,1479.5385,14.5154,108.5,13.6363,0.3967,1,0,0.4351,False,True
1255012,16497,29820,NV,36.0662,-115.0366,3750.6923,3.6962,111.0,33.79,0.8763,5,0,0.4349,False,False
1249132,17432,19740,CO,39.526,-104.9421,5154.4615,0.5552,104.0,49.5621,0.9771,3,0,0.4348,False,False
13490940,15341,20500,NC,35.913,-79.0555,1594.6923,6.242,112.0,14.2383,0.3636,2,0,0.4348,False,False
7281922,1034180,31080,CA,34.0895,-117.7373,2099.5385,2.872,112.0,18.7459,0.5574,3,0,0.4346,False,False
1252395,1009468,26420,TX,30.0721,-95.4406,531.9231,-3.5161,115.5,4.6054,0.0136,2,1,0.4346,False,True
1248891,7088,41860,CA,38.1118,-122.5681,1650.0,1.6347,108.5,15.2074,0.67,2,0,0.4343,False,False
11884212,1038527,31080,CA,33.6206,-117.7311,2271.8462,4.7119,108.5,20.9387,0.619,2,0,0.4342,False,False
1251765,1008958,32780,OR,42.3091,-122.8542,2377.7692,7.1067,106.5,22.3265,0.8333,2,0,0.4341,False,False
1251482,1005467,16980,IL,41.9753,-87.8678,11897.6154,0.7799,93.5,127.2472,1.0,3,4,0.434,False,False
2546318,16020,18140,OH,39.9573,-82.9333,2015.4615,6.1328,112.0,17.9952,0.3158,2,0,0.4338,False,False
5430092,1025514,42220,CA,38.424,-122.7142,1174.0,-3.8432,115.5,10.1645,0.2,3,1,0.4338,False,True
5428910,7242,41860,CA,37.5325,-122.0023,935.0,6.6696,118.0,7.9237,0.29,4,1,0.4338,False,True
1253633,9012,38900,WA,45.7234,-122.653,2241.0769,3.5323,112.0,20.0096,0.7686,4,0,0.4336,False,False
1252060,9058,19820,MI,42.4939,-83.4768,1430.0769,12.4887,111.0,12.8836,0.1481,1,0,0.4336,False,True
11884442,1044206,49420,WA,46.5629,-120.4947,2640.3846,25.6176,108.0,24.448,0.8,2,0,0.4335,False,False
1258890,16139,47900,VA,38.9383,-77.3303,1559.7692,-2.3454,105.0,14.8549,0.6052,1,0,0.4333,False,False
1250229,10690,39540,WI,42.6988,-87.8533,3759.7692,-4.4326,91.0,41.3161,1.0,0,0,0.4331,False,False
13368295,1053053,40420,IL,42.2409,-89.0004,2619.0,4.1384,108.5,24.1382,0.1818,1,0,0.433,False,False
5715546,1028936,33340,WI,43.3845,-87.9236,1123.9231,8.7856,105.0,10.704,0.0784,0,0,0.433,False,True
6294709,1033217,45300,FL,27.726,-82.6805,458.3846,-2.7261,105.0,4.3656,0.0225,0,1,0.4329,False,True
5715719,1029216,16300,IA,41.9867,-91.654,2780.6923,0.1996,101.5,27.396,0.1429,0,0,0.4326,False,False
1257490,13529,35620,NJ,40.933,-74.0713,2230.2308,3.576,112.0,19.9128,0.6088,4,4,0.4326,False,False
1250170,10763,35620,NY,40.8059,-73.9545,2104.3077,12.101,112.0,18.7885,0.5457,4,20,0.4324,False,False
1249865,18183,44180,MO,37.2027,-93.2624,4073.6154,2.6696,108.5,37.5448,0.3333,2,1,0.4323,False,False
1253363,12719,16980,IL,41.705,-87.7399,1733.8462,4.106,111.0,15.6202,0.3011,2,3,0.4323,False,False
12195939,1040020,36540,NE,41.2593,-96.1396,2716.2308,3.7491,107.5,25.2673,0.6,2,1,0.432,False,False
6294292,1030275,40060,VA,37.636,-77.5474,1903.0769,1.0745,101.5,18.7495,0.2632,0,0,0.432,False,False
1254662,16821,31080,CA,33.6179,-117.9298,1759.7692,3.7176,107.5,16.3699,0.391,1,0,0.4318,False,False
5071449,1023429,40900,CA,38.5406,-121.7319,2072.7692,14.6394,107.5,19.2816,0.4412,1,0,0.4318,False,False
1259936,13894,16740,NC,35.1366,-80.9372,2331.6923,-9.7615,98.0,23.7928,0.3947,0,1,0.4317,False,False
11884179,1040062,26420,TX,29.9778,-95.6753,90.7692,-36.1817,115.0,0.7893,0.0045,2,0,0.4317,False,True
1254928,16786,19100,TX,33.0285,-96.8277,2855.0769,7.1633,112.0,25.4918,0.4479,3,1,0.4314,False,False
2545207,11068,41740,CA,32.6285,-116.966,2479.1538,9.2286,108.5,22.8493,0.5723,2,1,0.4313,False,False
13368242,1042863,11700,NC,35.5526,-82.5203,1225.6154,8.123,105.0,11.6725,0.0667,0,0,0.4311,False,True
1253231,12513,29820,NV,36.1782,-115.1772,2311.2308,12.9931,107.5,21.4998,0.4021,1,0,0.431,False,False
5070159,1015400,16980,IL,41.805,-87.8893,2053.0,-0.0824,115.5,17.7749,0.4247,4,0,0.431,False,False
5715540,1029197,28420,WA,46.2277,-119.2239,313.0769,2.9858,112.0,2.7953,0.1538,1,0,0.4308,False,True
1254357,12154,31080,CA,33.8749,-117.8901,2906.7692,1.0455,108.5,26.7905,0.812,3,0,0.4305,False,False
5070770,1021447,14860,CT,41.4072,-73.4163,1149.7692,2.7426,105.0,10.9502,0.5714,1,3,0.4305,False,True
6294980,1033954,27260,FL,30.1421,-81.5503,2524.1538,-12.4493,108.0,23.3718,0.4468,2,1,0.4302,False,False
5071455,1026921,40900,CA,38.7434,-121.3097,1604.9231,1.9347,108.5,14.7919,0.2279,1,1,0.4301,False,False
1260236,8791,41860,CA,37.7148,-122.1417,1616.3077,-3.7736,113.5,14.2406,0.66,4,0,0.4297,False,False
5429109,1017635,46520,HI,21.273,-157.8231,1398.5385,3.4363,121.5,11.5106,0.2708,6,0,0.4297,False,True
1259100,14196,47260,VA,36.8287,-76.1339,1852.7692,23.9247,114.5,16.1814,0.254,2,0,0.4295,False,False
1260455,12612,13380,WA,48.7893,-122.5088,1517.0769,-0.6198,111.0,13.6674,0.4444,2,0,0.4295,False,True
1254221,11577,41860,CA,37.9931,-122.1195,1329.9231,5.9245,107.5,12.3714,0.475,1,0,0.4294,False,True
1249161,7875,31080,CA,33.8177,-117.9146,3367.7692,-9.6479,114.5,29.4128,0.8869,8,0,0.4292,False,False
1256034,18150,26420,TX,30.1798,-95.4807,2983.6923,-4.1396,107.5,27.7553,0.5882,2,0,0.4292,False,False
5070302,1013589,24340,MI,42.8114,-85.6728,751.2308,4.2263,112.0,6.7074,0.0909,1,0,0.4289,False,True
1260621,6770,38060,AZ,33.5381,-111.8862,1638.5385,0.7092,118.0,13.8859,0.1311,4,2,0.4288,False,True
1259970,12468,38060,AZ,33.639,-112.0704,3721.7692,1.4659,112.0,33.2301,0.7136,5,1,0.4288,False,False
1255290,11255,41740,CA,32.75,-117.1703,994.7692,5.4812,118.0,8.4302,0.0751,3,1,0.4287,False,True
2547812,1014984,32780,OR,42.3162,-122.833,1920.9231,2.4576,108.5,17.7044,0.6667,2,0,0.4287,False,False
1249821,10510,40060,VA,37.6326,-77.5094,2367.8462,6.8597,105.0,22.5509,0.5263,1,1,0.4287,False,False
2544563,1015252,19100,TX,33.0712,-97.059,2956.3846,0.4784,105.0,28.156,0.4757,1,0,0.4286,False,False
1251749,1005886,40900,CA,38.956,-119.9423,1525.2308,-16.6506,112.0,13.6181,0.2132,2,0,0.4284,False,True
1249369,17877,19820,MI,42.505,-83.1119,1985.1538,-0.2782,107.5,18.4665,0.3457,1,0,0.4282,False,False
1260427,17634,46700,CA,38.2586,-122.0335,2563.0,2.6021,107.5,23.8419,0.625,2,1,0.4282,False,False
2547699,1014568,45300,FL,28.054,-82.4425,1857.3077,-0.4083,101.5,18.2986,0.2022,0,1,0.4281,False,False
2548202,1016244,31540,WI,43.1035,-89.4869,2768.6923,6.2054,98.0,28.252,0.5556,0,0,0.4281,False,False
2544445,7994,31080,CA,33.8353,-117.9141,2039.3077,-4.9137,112.0,18.2081,0.5291,3,0,0.428,False,False
5429103,1010107,37980,PA,40.1878,-75.2278,706.2308,-2.3921,105.0,6.726,0.073,0,0,0.4279,False,True
13143374,1052575,17140,KY,39.0199,-84.6897,3402.5385,-0.6179,104.0,32.7167,0.52,1,0,0.4279,False,False
1248697,7190,16580,IL,40.1482,-88.2572,2470.2308,-4.0744,105.0,23.526,0.5,1,0,0.4278,False,False
11884183,1038354,41740,CA,32.6014,-117.0639,2767.7692,3.6737,114.5,24.1727,0.6705,5,0,0.4277,False,False
1254263,15810,41940,CA,37.2797,-122.0311,764.6154,1.9174,105.0,7.2821,0.1,0,0,0.4276,False,True
5715286,1029203,36540,NE,41.2979,-96.0253,1824.0,23.4164,104.0,17.5385,0.16,0,1,0.4274,False,False
1259792,15380,34980,TN,35.9241,-86.8716,3129.2308,-8.5041,104.0,30.0888,0.4902,1,0,0.4274,False,False
1250119,6394,40060,VA,37.6414,-77.5711,2156.0769,7.7417,107.5,20.0565,0.3947,1,0,0.4271,False,False
1260420,14589,41740,CA,32.7649,-117.1971,1595.6923,3.1373,118.5,13.4658,0.2254,4,0,0.4269,False,True
2546094,15002,16980,IL,41.8882,-88.3077,2210.9231,-2.974,98.0,22.5604,0.4866,0,1,0.4268,False,False
2547770,1014805,35380,LA,29.9497,-90.0698,2646.2308,16.8989,115.5,22.9111,0.2963,3,0,0.4266,False,False
1255717,8263,19780,IA,41.712,-93.5806,3157.8462,5.2373,105.0,30.0747,0.5,1,0,0.4264,False,False
11884161,1039988,29820,NV,35.9987,-115.1853,442.4615,-0.2428,122.0,3.6267,0.0103,4,0,0.4263,False,True
1249770,6846,25060,MS,30.4021,-88.9766,3273.3077,-4.7221,107.5,30.4494,0.1667,1,0,0.4261,False,False
2547568,6845,17860,MO,38.9555,-92.3812,4344.9231,-1.5358,107.5,40.4179,0.75,3,0,0.4261,False,False
2546172,15325,46520,HI,21.3837,-157.945,1429.0769,-1.4273,115.5,12.373,0.2917,3,0,0.426,False,True
1251269,1005641,19820,MI,43.0318,-82.4554,2446.7692,-0.4538,105.0,23.3026,0.4691,1,1,0.4259,False,False
1252290,1009025,26420,TX,30.1702,-95.4713,4449.6154,0.635,112.0,39.7287,0.8643,6,0,0.4256,False,False
5070093,1021749,34940,FL,26.1971,-81.8016,644.0,11.5672,112.0,5.75,0.1818,1,0,0.4256,False,True
5070324,1024147,21540,MI,45.7489,-87.0804,4001.6923,-4.4872,91.0,43.9746,1.0,0,0,0.4255,False,False
1255411,12828,41740,CA,32.7797,-117.0397,1840.1538,2.4628,108.5,16.9599,0.2948,1,0,0.4252,False,False
5715427,1028675,27260,FL,30.1011,-81.7193,753.0,8.4053,112.5,6.6933,0.0213,1,1,0.4248,False,True
1252162,1008998,18060,MS,33.5187,-88.4346,4256.2308,-0.8263,91.0,46.7718,1.0,0,0,0.4248,False,False
1260025,16171,16980,IL,42.0643,-87.7268,1707.8462,1.8207,112.0,15.2486,0.2849,2,1,0.4248,False,False
2548277,17877,19820,MI,42.505,-83.1119,1989.0,-0.5347,107.5,18.5023,0.358,1,0,0.4247,False,False
5071644,1022613,19740,CO,39.8572,-105.1648,2100.4615,2.2543,105.0,20.0044,0.6107,1,0,0.4245,False,False
5071409,1025838,39420,WA,46.7142,-117.1777,1737.1538,-4.3701,105.0,16.5443,1.0,2,0,0.4244,False,False
2545232,11212,47900,MD,39.4263,-77.4162,1100.1538,-1.8057,107.5,10.234,0.3519,1,2,0.4244,False,True
1251781,15573,31080,CA,33.4907,-117.6981,1470.7692,-4.4191,108.5,13.5555,0.2895,1,0,0.4243,False,True
1252555,116523,16980,IL,42.0497,-87.6822,2033.6154,22.286,112.0,18.1573,0.414,2,1,0.4243,False,False
5070948,1020561,42340,GA,31.9557,-81.3227,2071.0769,-0.0816,108.5,19.0883,0.25,1,0,0.4242,False,False
1252322,1009150,35620,NY,40.7608,-73.8304,1583.5385,2.0928,112.5,14.0759,0.3722,3,9,0.424,False,True
1253373,12887,41860,CA,37.9781,-121.9928,2907.0,2.4146,104.0,27.9519,0.945,2,1,0.424,False,False
2545615,12944,37980,PA,40.2426,-74.8393,1652.7692,2.6467,101.5,16.2834,0.3431,0,0,0.4239,False,False
1260759,8100,33460,MN,44.6924,-93.2832,1902.6154,9.6317,107.5,17.6987,0.4556,1,0,0.4237,False,False
13641701,1044341,38060,AZ,33.4231,-111.7542,1365.2308,22.6792,117.0,11.6686,0.0825,2,0,0.4237,False,True
1260714,8135,12060,GA,33.7306,-84.7366,2738.3846,2.7625,96.5,28.377,0.5948,0,1,0.4233,False,False
5071508,1019816,40900,CA,38.4645,-121.492,804.8462,9.126,106.5,7.5572,0.0294,0,0,0.4233,False,True
1254970,13469,26420,TX,29.7906,-95.7205,2003.5385,-1.3857,114.5,17.4982,0.267,3,1,0.4233,False,False
12195651,1030190,41860,CA,37.9592,-122.094,1810.9231,6.3132,108.5,16.6905,0.735,2,0,0.4232,False,False
1253951,52117,13460,OR,44.0321,-121.3085,1665.4615,4.2869,107.5,15.4927,0.4444,1,0,0.4231,False,False
5428917,1021039,28140,KS,38.927,-94.7212,2832.4615,2.76,107.5,26.3485,0.2909,1,0,0.4231,False,False
1254082,11595,41860,CA,37.5487,-121.9869,1961.1538,-2.7762,112.0,17.5103,0.795,4,0,0.4231,False,False
2545701,13359,40900,CA,38.6119,-121.4971,2343.1538,0.5811,105.0,22.3158,0.5735,1,0,0.4231,False,False
11884141,1040163,40060,VA,37.5138,-77.7917,1340.6154,10.4716,105.0,12.7678,0.1053,0,0,0.4228,False,True
5070272,1020407,41180,IL,38.7879,-89.978,3858.0,-0.8422,101.5,38.0099,0.7246,1,0,0.4228,False,False
1260434,91391,41740,CA,32.7066,-117.0095,1111.3846,4.1147,115.5,9.6224,0.1098,2,0,0.4228,False,True
5428551,1022196,16980,IL,41.7862,-88.1441,2409.7692,-5.6074,104.0,23.1709,0.5484,1,1,0.4228,False,False
13368216,8518100,31080,CA,34.1476,-118.6982,1162.0769,13.3053,115.5,10.0613,0.178,2,0,0.4227,False,True
5428495,1024384,39580,NC,35.7049,-78.7954,2214.5385,-0.3944,105.0,21.0908,0.5116,1,1,0.4227,False,False
1252899,1012543,11180,IA,42.0225,-93.6467,4281.3077,6.3842,98.0,43.6868,1.0,1,1,0.4227,False,False
6294967,1039616,33340,WI,42.9501,-88.0089,2445.8462,2.77,105.0,23.2938,0.5098,1,1,0.4225,False,False
7281954,1037015,35620,NY,40.9351,-73.9011,463.4615,3.7898,105.0,4.4139,0.0473,0,3,0.4225,False,True
13368342,1039524,32780,OR,42.2807,-122.8217,397.8462,-0.8245,105.0,3.789,0.1667,0,0,0.4224,False,True
2544178,6829,19740,CO,39.5487,-105.0358,1663.4615,7.6031,101.5,16.3888,0.3893,0,0,0.4222,False,False
2545238,11254,41740,CA,32.8139,-117.2701,105.6923,-1.2221,107.5,0.9832,0.0058,0,0,0.4222,False,True
1254848,15917,26420,TX,29.6888,-95.4621,1203.5385,-0.4644,115.5,10.4202,0.0633,2,0,0.4221,False,True
13641720,6396,24580,WI,44.5222,-88.0643,4205.3077,-3.0485,91.0,46.2122,1.0,0,0,0.4221,False,False
1253408,1005371,38900,WA,45.6239,-122.5872,1673.0769,12.3566,111.0,15.0728,0.562,2,0,0.422,False,False
1254270,16376,31080,CA,33.8852,-118.4099,1580.7692,-1.6087,114.5,13.8058,0.3211,3,1,0.422,False,True
5715329,1029293,19820,MI,42.244,-83.3482,947.9231,-5.2587,105.0,9.0278,0.037,0,0,0.4219,False,True
1249368,7622,29620,MI,42.731,-84.4673,4016.6923,-11.8194,105.0,38.2542,0.8889,3,1,0.4216,False,False
1258859,12264,37980,PA,40.2278,-74.9371,2195.0,-0.3353,108.5,20.2304,0.5693,2,1,0.4216,False,False
1254669,12448,31080,CA,34.1915,-118.3289,1749.1538,0.3088,118.5,14.7608,0.386,5,0,0.4214,False,False
5070439,1020170,33340,WI,43.0894,-88.0669,2467.8462,-3.8828,105.0,23.5033,0.5294,1,0,0.4213,False,False
6294506,1031578,41940,CA,37.3383,-121.8869,413.3846,5.3725,113.5,3.6422,0.05,1,0,0.4212,False,True
5071506,1023531,40900,CA,38.5593,-121.4412,2146.3077,3.0735,119.0,18.0362,0.4632,6,0,0.4211,False,False
1253067,1013177,14740,WA,47.8091,-122.5399,1165.1538,-12.1557,110.0,10.5923,0.1429,1,0,0.4205,False,True
1252578,11117,41180,MO,38.508,-90.3754,1228.5385,8.5503,105.0,11.7004,0.1159,0,0,0.4203,False,True
5070383,1018182,33460,MN,44.9106,-93.5241,2722.3077,7.6175,104.0,26.176,0.7,1,0,0.4203,False,False
2548429,1017327,12060,GA,33.9217,-84.3148,951.0,1.3278,105.0,9.0571,0.0261,0,1,0.4202,False,True
7282059,1039815,19780,IA,41.5855,-93.6516,3535.0769,4.8434,107.5,32.8844,0.6364,2,0,0.4202,False,False
5715501,1029777,16980,IL,41.8378,-87.6465,397.6923,0.0581,115.5,3.4432,0.0161,2,5,0.4202,False,True
5071745,1025502,35380,LA,29.943,-90.0953,1928.9231,19.9005,115.5,16.7006,0.1481,2,0,0.4202,False,False
5715242,1029059,10580,NY,42.8697,-73.9318,3245.8462,16.935,105.0,30.9128,0.8947,2,2,0.4201,False,False
1254380,11614,37100,CA,34.284,-118.719,2842.2308,2.816,112.0,25.3771,0.5333,3,0,0.4201,False,False
1255126,12235,41740,CA,32.5441,-117.0419,1275.3846,1.0852,111.0,11.49,0.1329,1,0,0.4201,False,True
5071066,1024910,37980,PA,40.0547,-75.5293,2270.8462,-1.2444,104.0,21.8351,0.6131,1,1,0.4199,False,False
1251308,1008671,16980,IL,42.0386,-88.0478,2892.0769,0.1678,111.0,26.0547,0.6855,4,3,0.4199,False,False
2545936,14330,19100,TX,32.9991,-96.9616,3596.2308,4.5276,107.5,33.4533,0.6285,2,0,0.4198,False,False
1252847,1013157,27180,TN,35.6811,-88.8571,3850.3846,-1.4762,105.0,36.6703,1.0,3,1,0.4197,False,False
5715552,1027828,14260,ID,43.6634,-116.4115,2147.3846,2.7646,105.0,20.4513,0.6296,1,0,0.4197,False,False
2544171,6784,11460,MI,42.2522,-83.6692,1857.5385,3.6573,112.0,16.5852,0.375,2,0,0.4196,False,False
5071467,1019545,41940,CA,37.3676,-121.9941,408.8462,13.6169,114.5,3.5707,0.02,1,0,0.4195,False,True
1252125,18383,19820,MI,42.488,-83.1446,999.9231,-4.2078,105.0,9.5231,0.0494,0,0,0.4192,False,True
2545125,10799,47260,VA,36.7756,-76.0878,1898.7692,-0.9391,108.5,17.5002,0.2857,1,0,0.4192,False,False
1251270,1005874,47900,MD,39.0336,-77.0746,1292.5385,1.9352,114.0,11.3381,0.4506,3,1,0.4191,False,True
5071614,1022776,19740,CO,39.6569,-105.0536,1787.2308,5.7148,107.5,16.6254,0.458,1,0,0.4191,False,False
1254901,12477,19100,TX,32.892,-96.9603,1942.1538,10.7223,114.5,16.962,0.1806,2,0,0.419,False,False
2544119,6564,33340,WI,43.0684,-88.0483,2580.7692,3.8153,105.0,24.5788,0.5882,1,0,0.419,False,False
1255288,11445,41740,CA,32.8511,-117.2538,2216.0769,8.9805,107.5,20.6147,0.4335,1,0,0.4187,False,False
1254538,8738,41860,CA,37.6914,-121.7736,1430.3077,11.135,107.5,13.3052,0.55,1,0,0.4186,False,True
2544631,8704,31080,CA,34.1042,-118.153,1950.8462,4.6937,111.0,17.5752,0.4809,2,0,0.4185,False,False
1252825,1005591,19740,CO,39.5664,-104.9069,2696.6923,8.5894,107.5,25.0855,0.771,2,0,0.4184,False,False
5428511,1017939,24340,MI,42.9269,-85.6061,2075.3846,4.7604,112.0,18.5302,0.3636,2,0,0.4183,False,False
1248721,7827,48300,WA,47.4531,-120.3341,2470.9231,2.6688,108.5,22.7735,0.25,1,0,0.4183,False,False
1249901,18186,42660,WA,47.3848,-122.2964,1569.3846,2.8223,107.5,14.5989,0.4657,1,0,0.4183,False,False
1254931,15505,19100,TX,32.8241,-97.2002,2283.8462,1.9574,107.5,21.2451,0.2986,1,1,0.4183,False,False
1253175,17942,33100,FL,26.1466,-80.3325,1601.1538,-7.2539,112.0,14.296,0.2105,2,2,0.4182,False,False
1254177,9126,44700,CA,38.0112,-121.3222,1709.4615,1.9123,117.5,14.5486,0.125,3,0,0.4181,False,False
5072047,1022325,46060,AZ,32.2618,-110.8929,1583.0769,9.8479,115.5,13.7063,0.1176,2,0,0.4178,False,True
1249411,17763,41740,CA,33.1425,-117.1914,4951.9231,2.588,107.5,46.0644,0.9711,4,0,0.4176,False,False
1253094,1013261,29340,LA,30.198,-93.2253,3874.3846,3.9609,108.5,35.7086,0.5,2,0,0.4176,False,False
1260778,17360,31080,CA,33.8478,-118.2643,1797.3077,1.556,114.5,15.697,0.411,3,0,0.4175,False,False
1249398,17806,26420,TX,29.5853,-95.6308,2519.0,1.5694,117.5,21.4383,0.4208,5,0,0.4175,False,False
5715146,1030239,41180,MO,38.6298,-90.2168,4594.2308,-0.5081,107.5,42.737,0.7681,3,0,0.4173,False,False
1248946,17330,19380,OH,39.6125,-84.227,2282.2308,3.7486,108.5,21.0344,0.2857,1,0,0.4172,False,False
1255158,16366,39900,NV,39.2494,-119.9531,2285.4615,5.1233,105.0,21.7663,0.6429,1,0,0.4171,False,False
1254855,14747,26420,TX,29.7601,-95.4824,1318.9231,4.1424,105.0,12.5612,0.0814,0,0,0.417,False,True
11884372,1043367,31080,CA,33.5827,-117.6316,256.1538,6.5259,114.5,2.2372,0.0083,1,0,0.417,False,True
1255665,6736,47900,VA,38.8823,-77.3,708.6923,13.3071,105.0,6.7495,0.176,0,1,0.4168,False,True
1251082,116626,11540,WI,44.2624,-88.4567,2644.4615,1.8668,107.5,24.5996,0.3333,1,0,0.4166,False,False
5071353,14558,40140,CA,33.7428,-116.3044,2492.2308,2.1857,112.0,22.2521,0.3013,2,0,0.4166,False,False
1249915,10435,39660,SD,44.0678,-103.2329,2296.9231,-6.4859,108.5,21.1698,0.6,2,0,0.4166,False,False
1260665,9636,16980,IL,42.3456,-87.8962,1722.6154,-5.2026,100.5,17.1405,0.293,0,2,0.4164,False,False
11884012,1039714,44700,CA,37.8261,-121.22,1851.0,-2.5829,110.0,16.8273,0.15,1,0,0.4164,False,False
1248681,10960,31080,CA,33.6604,-117.6687,2096.0769,2.1748,110.0,19.0552,0.5557,2,0,0.4164,False,False
5070981,1018086,16740,SC,35.0259,-80.9619,3884.3077,-4.5534,105.0,36.9934,0.7763,2,0,0.4162,False,False
1254201,9038,41940,CA,37.2928,-121.9304,1642.3077,2.4128,118.0,13.9179,0.49,5,0,0.4162,False,True
1252427,1008701,27340,NC,34.791,-77.4048,734.7692,1.3905,112.0,6.5604,0.125,1,0,0.4161,False,True
1254093,18430,41860,CA,37.5795,-122.3462,1734.2308,8.2957,112.0,15.4842,0.725,3,0,0.4159,False,False
1254691,15625,40900,CA,38.5588,-121.3346,1208.8462,5.0889,112.0,10.7933,0.0882,1,0,0.4158,False,True
1248468,8129,11260,AK,61.3255,-149.5706,2056.0,4.9391,108.5,18.9493,0.7273,2,0,0.4153,False,False
1250919,1006743,19100,TX,33.0104,-96.5736,2209.0769,-18.8803,111.0,19.9016,0.2743,2,0,0.4148,False,False
1259804,11392,32820,MS,34.9632,-89.9867,3696.3077,-2.4543,105.0,35.2029,0.75,2,1,0.4147,False,False
1254965,15517,41700,TX,29.5701,-98.327,2783.1538,8.4465,114.0,24.4136,0.3377,3,1,0.4146,False,False
11884188,1039882,39820,CA,40.586,-122.3982,3195.1538,6.6802,101.5,31.4793,0.9,1,0,0.4146,False,False
1254874,1006054,12420,TX,30.4769,-97.8052,836.3077,-7.0769,112.0,7.467,0.0471,1,0,0.4146,False,True
1249997,6831,19340,IA,41.5753,-90.528,3303.8462,2.1743,107.5,30.7335,0.875,3,1,0.4146,False,False
5715684,1023107,41620,UT,40.7218,-111.8544,1004.1538,-7.8433,115.5,8.694,0.0625,2,0,0.4145,False,True
7281879,1031515,37100,CA,34.1542,-118.828,1110.3077,-2.8406,115.5,9.6131,0.0889,2,0,0.4145,False,True
1260461,9665,41740,CA,32.8203,-116.962,3292.1538,2.9962,108.0,30.4829,0.8324,3,1,0.4144,False,False
2546040,14726,37100,CA,34.2811,-119.2914,1366.2308,-3.5462,114.5,11.9321,0.1556,2,0,0.4142,False,True
1260729,9643,25840,OR,45.8494,-119.2906,2270.2308,4.7675,101.5,22.3668,1.0,1,0,0.4142,False,False
2544964,10097,39580,NC,35.7897,-78.87,2239.1538,-1.6322,105.0,21.3253,0.5349,1,1,0.4142,False,False
2547856,1015101,12580,MD,39.336,-76.6306,1144.6154,-9.002,112.0,10.2198,0.2727,2,2,0.4142,False,True
5715531,1029278,19740,CO,39.7478,-104.8852,1658.7692,-1.4307,112.0,14.8104,0.3817,2,0,0.414,False,False
1248868,17889,16980,IL,42.2798,-88.0425,3657.0769,1.7572,105.0,34.8293,0.8629,2,0,0.414,False,False
1260104,11072,41860,CA,37.824,-122.0038,1960.0,3.6953,104.0,18.8462,0.79,1,0,0.4137,False,False
5070805,1024687,16740,NC,35.1619,-80.9711,2181.8462,1.1447,112.0,19.4808,0.3421,2,0,0.4135,False,False
13205470,1039810,39580,NC,35.8817,-78.6465,2591.6923,17.3488,105.0,24.6828,0.7209,1,0,0.4134,False,False
12195982,17063,47300,CA,36.2924,-119.3142,3012.3077,0.6813,113.5,26.5402,0.5926,4,0,0.4134,False,False
5429064,1018306,29340,LA,30.1713,-93.2497,2796.2308,0.8545,107.5,26.0114,0.25,1,1,0.4134,False,False
1260883,8115,29820,NV,36.1146,-115.3044,2360.4615,-1.4801,115.5,20.4369,0.4536,4,0,0.4134,False,False
1253746,14921,41860,CA,37.4773,-122.2235,1238.1538,-1.5595,118.0,10.4928,0.45,5,1,0.4129,False,True
5070433,1026217,33460,MN,44.9875,-93.4213,917.1538,-1.5035,105.0,8.7348,0.1111,0,0,0.4128,False,True
5071824,1018084,19100,TX,32.8647,-96.7111,1322.0,-0.7851,105.0,12.5905,0.059,0,0,0.4128,False,True
1248719,8138,28420,WA,46.2274,-119.2676,2883.2308,5.0681,104.0,27.7234,0.6923,1,0,0.4127,False,False
5071922,1026241,31080,CA,33.8162,-118.3076,1831.9231,4.6491,117.0,15.6575,0.421,4,0,0.4125,False,False
2548155,1016037,12060,GA,34.0495,-84.2871,2450.6923,-8.9118,105.0,23.3399,0.5294,1,0,0.4123,False,False
1248491,6902,26900,IN,39.7001,-86.0818,3513.6923,3.0966,107.5,32.6855,0.6585,2,0,0.4122,False,False
1253680,16702,42660,WA,47.3808,-122.2529,1259.3077,2.4404,110.0,11.4483,0.2843,1,0,0.4122,False,True
1254714,1010144,42200,CA,34.9155,-120.4356,2775.3846,-0.4854,111.5,24.8913,0.8182,4,0,0.4121,False,False
12196104,1042862,11700,NC,35.5693,-82.5072,2824.6923,5.1846,105.0,26.9018,0.6,1,0,0.4121,False,False
2544157,6726,16980,IL,41.8455,-87.9774,2249.9231,0.0718,112.0,20.0886,0.5,3,2,0.412,False,False
5070065,1026669,45300,FL,28.4964,-82.5958,843.2308,-1.1898,112.0,7.5288,0.0337,1,1,0.4119,False,True
1260857,8165,29820,NV,36.2737,-115.2519,5932.1538,2.5001,106.5,55.701,0.9897,4,0,0.4115,False,False
7282153,1039355,46700,CA,38.1408,-122.2315,1562.8462,12.261,115.5,13.5311,0.1667,2,0,0.4115,False,True
2544721,9063,17140,OH,39.2329,-84.3763,1901.6923,-5.3268,112.0,16.9794,0.22,2,2,0.4111,False,False
1254233,11723,41860,CA,37.5111,-122.293,1319.3077,2.5164,112.0,11.7795,0.47,2,0,0.411,False,True
2548386,1017146,41180,MO,38.6796,-90.4998,1138.7692,-1.5495,105.0,10.8454,0.087,0,0,0.4108,False,True
13368384,1040941,26900,IN,40.0003,-86.1864,3070.7692,2.4693,98.0,31.3344,0.561,0,0,0.4108,False,False
2546700,17691,31080,CA,33.9096,-117.8528,1792.2308,1.2648,108.0,16.5947,0.406,1,0,0.4105,False,False
1254134,12175,41940,CA,37.1125,-121.6437,2021.5385,5.8653,108.5,18.6317,0.76,2,0,0.4104,False,False
11884514,1045134,35620,NY,40.6251,-73.9606,3061.3077,43.1804,112.0,27.3331,0.8328,4,12,0.4103,False,False
2547983,1015497,26900,IN,39.8808,-86.2721,2690.1538,-0.4498,99.5,27.0367,0.4512,0,0,0.4101,False,False
2545291,11492,47900,VA,38.8299,-77.092,1226.0,5.1874,109.0,11.2477,0.4249,1,0,0.4101,False,True
13641710,15584,41740,CA,32.6692,-117.0224,1186.8462,-0.0453,115.5,10.2757,0.1214,2,0,0.4098,False,True
1253399,12729,44060,WA,47.6027,-117.3662,2562.6154,2.0212,108.5,23.6186,0.6667,2,0,0.4098,False,False
6294407,1031373,19740,CO,39.6237,-104.9873,2900.8462,15.4513,107.5,26.9846,0.8397,2,0,0.4098,False,False
1259913,15415,45300,FL,27.9224,-82.3273,3793.2308,-0.6267,105.0,36.126,0.7753,2,1,0.4097,False,False
2544237,7114,41860,CA,37.7318,-122.1398,587.3846,8.8214,117.0,5.0204,0.14,2,0,0.4095,False,True
12195786,17940,41740,CA,33.1818,-117.2949,1986.6923,3.5399,115.5,17.2008,0.3353,3,0,0.4095,False,False
1249365,17455,43340,LA,32.4572,-93.7472,2158.6923,18.8959,105.0,20.559,0.125,0,0,0.4095,False,False
7282438,10065,33100,FL,26.101,-80.1337,1760.0769,-2.9603,112.0,15.715,0.2632,2,2,0.4095,False,False
1249919,7847,36500,WA,46.9336,-122.5904,2328.0,0.3415,108.5,21.4562,0.2857,1,0,0.4095,False,False
1259679,10739,12060,GA,33.9782,-84.4194,2433.2308,-2.6887,105.0,23.1736,0.5229,1,1,0.4094,False,False
1259653,15322,33100,FL,26.1335,-80.2886,1107.9231,2.8492,105.0,10.5516,0.1345,0,0,0.4091,False,True
7282070,1039539,19780,IA,41.5706,-93.8099,2839.0,-1.1808,107.5,26.4093,0.3182,1,0,0.4091,False,False
5428586,1021457,19780,IA,41.7379,-93.6009,2612.2308,5.8209,108.5,24.0759,0.2273,1,1,0.409,False,False
13368131,1040697,40900,CA,38.4076,-121.3856,2544.3077,3.4368,108.5,23.4498,0.6838,2,0,0.409,False,False
1260035,14833,19100,TX,32.9184,-96.9593,2297.6923,3.9282,115.5,19.8934,0.3056,3,0,0.4089,False,False
6294493,1031730,35620,NJ,40.888,-74.2166,364.4615,20.1014,114.0,3.197,0.0221,1,3,0.4088,False,True
1250565,116297,37100,CA,34.2407,-119.1789,3495.7692,0.7963,112.0,31.2122,0.7111,4,0,0.4088,False,False
1252195,1007085,22660,CO,40.6119,-105.0757,2417.8462,2.615,105.0,23.0271,0.6429,1,0,0.4086,False,False
1260018,15177,41500,CA,36.7198,-121.6555,2562.7692,2.2999,107.5,23.8397,0.7778,2,0,0.4085,False,False
7282448,17231,16980,IL,41.9016,-88.1015,1917.9231,12.3159,112.0,17.1243,0.3737,2,2,0.4082,False,False
5071306,1024959,31080,CA,34.1159,-117.8315,2468.3077,3.4563,113.5,21.7472,0.7105,4,0,0.4082,False,False
1251987,1006743,19100,TX,33.0104,-96.5736,2278.2308,-19.2293,111.0,20.5246,0.2917,2,0,0.4082,False,False
1259562,12303,26900,IN,39.8891,-86.1213,1468.9231,2.3365,105.0,13.9897,0.0854,0,0,0.408,False,True
1253621,1025651,42660,WA,47.4424,-122.3352,1734.1538,11.4109,107.5,16.1317,0.5588,1,0,0.4079,False,False
2546339,16125,24340,MI,42.9505,-85.6148,1276.0769,7.903,112.0,11.3935,0.1364,1,0,0.4078,False,True
2548180,11627,31080,CA,33.923,-118.3959,1724.4615,7.3042,118.0,14.6141,0.3777,4,0,0.4078,False,False
2547911,1015353,26420,TX,29.7357,-95.6049,2718.1538,24.7872,112.0,24.2692,0.4977,2,0,0.4077,False,False
1253758,16154,42660,WA,47.6398,-122.3999,1109.1538,7.2443,105.0,10.5634,0.1765,0,0,0.4076,False,True
2547413,1010208,25740,MT,46.5984,-112.031,5165.6154,-10.7791,104.0,49.6694,1.0,3,0,0.4076,False,False
1254537,12343,41860,CA,37.5349,-121.9983,1044.8462,3.8694,121.5,8.5996,0.345,6,1,0.4076,False,True
5070040,1019197,37460,FL,30.2197,-85.8652,1050.7692,32.0062,120.5,8.7201,0.2,3,0,0.4072,False,True
5428949,1017420,39580,NC,35.7907,-78.6618,2477.7692,8.2686,112.0,22.1229,0.6744,3,0,0.4072,False,False
1249764,7041,16980,IL,41.7374,-88.2525,2010.9231,1.7753,101.0,19.9101,0.4032,0,0,0.407,False,False
1252674,12491,41180,MO,38.669,-90.5988,3350.6923,5.7617,105.0,31.9114,0.5652,1,0,0.4069,False,False
2544215,6990,39580,NC,35.7606,-78.741,1179.2308,8.8469,119.0,9.9095,0.1395,3,0,0.4066,False,True
1248691,8134,15980,FL,26.6437,-81.8708,1136.8462,5.9654,105.0,10.8271,0.0952,0,1,0.4066,False,True
1248570,14560,19740,CO,39.5546,-104.8839,3534.6923,2.5784,105.0,33.6637,0.916,2,0,0.4065,False,False
1253066,66170,23060,IN,41.0342,-85.2577,3014.0,-0.8051,107.5,28.0372,0.3125,1,0,0.4064,False,False
1254831,15478,41700,TX,29.5061,-98.4587,1645.5385,0.2531,105.0,15.6718,0.0519,0,0,0.4064,False,False
1252614,1010031,47900,VA,38.8635,-77.084,1228.3077,1.9603,107.5,11.4261,0.4292,1,2,0.4063,False,True
1254323,9166,41940,CA,37.2458,-121.8886,1542.8462,3.2748,108.5,14.2198,0.42,1,0,0.4063,False,False
11883910,1036944,30460,KY,38.0021,-84.5739,1342.3077,3.2789,105.0,12.7839,0.1176,0,0,0.4062,False,True
13205386,1043121,41740,CA,32.82,-117.1737,2028.2308,4.4941,115.5,17.5604,0.3526,3,0,0.4062,False,False
1253575,18537,42660,WA,47.7567,-122.2368,1595.6923,1.0719,107.5,14.8436,0.5,1,0,0.4062,False,False
5069953,1023402,17140,OH,39.3588,-84.2761,2827.6923,-4.9736,105.0,26.9304,0.4,1,3,0.4061,False,False
13143418,1037967,40140,CA,34.1217,-117.3724,1990.1538,7.5088,111.0,17.9293,0.1572,1,0,0.4057,False,False
1249573,18135,31080,CA,34.2856,-118.5007,2596.1538,-2.7013,107.5,24.1503,0.7454,2,0,0.4057,False,False
1250896,91205,16980,IL,41.7515,-88.1148,2766.5385,3.318,104.0,26.6013,0.6532,1,1,0.4051,False,False
5069983,1023440,36740,FL,28.3865,-81.4873,3584.3077,0.831,112.0,32.0027,0.6044,4,2,0.4051,False,False
1254595,1006438,29820,NV,36.1148,-115.1575,2915.4615,3.9608,129.5,22.5132,0.6392,29,6,0.4051,False,False
2547529,1013939,20500,NC,35.9699,-78.9596,1856.9231,5.6964,112.0,16.5797,0.4545,2,0,0.4049,False,False
5430052,9637,14010,IL,40.5066,-88.9552,2744.1538,-0.4382,111.0,24.7221,0.3333,2,1,0.4049,False,False
5070234,1018155,28140,MO,39.0137,-94.5908,561.1538,5.955,107.5,5.22,0.0182,0,0,0.4048,False,True
1254907,15914,19100,TX,32.9424,-97.1305,2423.8462,-1.1048,112.0,21.6415,0.3333,2,0,0.4048,False,False
1255350,17614,31080,CA,33.4858,-117.7243,1043.0,1.6493,105.0,9.9333,0.1531,0,0,0.4047,False,True
1258132,11164,35620,NY,40.725,-73.6344,2052.3846,1.3985,112.0,18.3249,0.5363,3,3,0.4046,False,False
2545294,18335,42660,WA,47.2001,-122.2972,1073.2308,-2.1324,115.5,9.292,0.1422,2,0,0.4046,False,True
1256382,13430,31080,CA,34.1064,-117.8065,3114.7692,10.2543,112.0,27.8104,0.8486,4,0,0.4045,False,False
1251659,1008799,16980,IL,41.8344,-88.0215,1830.3846,3.7316,112.0,16.3427,0.3306,2,2,0.4045,False,False
1253211,13815,26900,IN,39.8524,-86.2636,1536.1538,4.5495,105.0,14.63,0.1098,0,0,0.4044,False,False
2544206,6941,31080,CA,34.1297,-118.3486,1134.6923,2.3025,115.5,9.8242,0.1714,2,0,0.4043,False,True
1252240,1007783,38060,AZ,33.4892,-111.9273,2564.7692,5.1765,118.0,21.7353,0.3883,5,1,0.4041,False,False
12195648,14977,13820,AL,33.5966,-86.646,2275.0769,-0.775,114.5,19.8697,0.0417,2,1,0.404,False,False
2544757,9222,41940,CA,37.3002,-121.8219,1602.3846,2.7119,108.0,14.8369,0.47,1,0,0.4039,False,False
1248955,18145,31080,CA,34.1987,-118.3271,1759.8462,1.1629,117.5,14.9774,0.3927,4,0,0.4038,False,False
1259769,12425,33100,FL,26.1213,-80.2401,2328.2308,1.9846,112.0,20.7878,0.3743,2,0,0.4037,False,False
13368239,1054376,17900,SC,34.0228,-80.953,3086.0769,5.4099,105.0,29.3912,0.5357,1,1,0.4037,False,False
1257337,18559,28740,NY,41.748,-74.0853,1618.2308,1.1394,108.5,14.9146,0.3333,1,1,0.4035,False,False
2545979,14506,42660,WA,47.4422,-122.1975,1646.1538,3.4716,107.5,15.3131,0.5245,1,0,0.4035,False,False
1252832,1013054,35620,NY,40.8257,-73.9195,1282.0,7.3356,112.0,11.4464,0.2429,2,18,0.4035,False,True
1257253,13524,37980,NJ,39.8911,-74.9249,2271.6154,8.8741,105.0,21.6344,0.6204,1,2,0.4035,False,False
12195925,1034140,40140,CA,34.0758,-117.5752,2511.3846,-1.6508,119.0,21.1041,0.31,5,0,0.4033,False,False
1260567,9763,47900,MD,38.9805,-76.9391,1930.8462,-10.4591,109.5,17.6333,0.7339,3,2,0.4032,False,False
1251651,1006932,33340,WI,43.0356,-88.0714,2839.4615,8.8205,105.0,27.0425,0.6667,1,0,0.403,False,False
1258911,16370,35620,NJ,40.9461,-74.0712,2232.5385,8.7859,112.0,19.9334,0.612,3,2,0.4029,False,False
5715369,1029404,47900,VA,39.1092,-77.5521,2312.0769,6.9454,107.5,21.5077,0.7983,2,1,0.4029,False,False
5070815,1020691,22180,NC,35.0513,-78.975,1495.0769,-1.7491,108.5,13.7795,0.4,1,0,0.4029,False,True
1248975,17312,39900,NV,39.576,-119.7403,2004.3077,5.6267,107.5,18.6447,0.5,1,0,0.4028,False,False
2545971,14480,33100,FL,26.102,-80.1408,3132.6923,28.0057,112.0,27.9705,0.6374,3,3,0.4027,False,False
1250755,91315,31080,CA,33.7964,-118.1244,1886.4615,5.5931,120.5,15.6553,0.4509,6,0,0.4027,False,False
1253252,13733,25420,PA,40.3126,-76.8008,1529.9231,5.1271,112.0,13.66,0.5,2,0,0.4027,False,True
2548402,1017208,32820,TN,35.1146,-89.8011,1799.3077,0.7147,104.0,17.301,0.1562,0,0,0.4026,False,False
1254391,12114,41740,CA,32.9584,-117.1249,1328.9231,-17.316,110.0,12.0811,0.1561,1,0,0.4025,False,True
1250813,90627,19100,TX,32.6811,-97.1098,2146.7692,-8.6092,112.0,19.1676,0.2431,2,1,0.4025,False,False
6294806,1033499,16980,IL,41.9831,-88.7094,2523.2308,3.0505,105.0,24.0308,0.5887,1,1,0.4025,False,False
1260191,16098,44060,WA,47.6646,-117.2824,2117.6923,7.9989,106.5,19.8844,0.6111,1,0,0.4024,False,False
1256346,15081,10580,NY,43.0802,-73.7862,1053.2308,4.9035,112.0,9.4038,0.0526,1,2,0.4023,False,True
2545946,14356,42660,WA,47.5051,-122.1569,1972.1538,8.9217,110.0,17.9287,0.6863,2,0,0.4022,False,False
5715364,1028703,28140,KS,38.8842,-94.6697,3030.4615,1.223,107.5,28.1903,0.3455,1,0,0.4022,False,False
2545323,11634,40900,CA,38.5889,-121.266,2577.6923,9.0394,112.0,23.0151,0.6912,3,0,0.4021,False,False
13641666,9702,16740,NC,35.3351,-80.7543,814.5385,0.4744,105.0,7.7575,0.1184,0,1,0.402,False,True
7282055,1039325,41500,CA,36.6743,-121.6382,2330.5385,5.5203,114.5,20.354,0.6667,4,0,0.4019,False,False
1248391,8616,12060,GA,33.9671,-84.0191,1790.3077,-13.2215,114.5,15.6359,0.2876,3,1,0.4019,False,False
12195779,16929,40060,VA,37.5683,-77.5363,718.0,-18.6934,112.0,6.4107,0.0263,1,0,0.4017,False,True
2544069,6325,16980,IL,42.0866,-87.7004,1048.6154,-4.0203,112.0,9.3626,0.0968,1,0,0.4017,False,True
1260162,17659,33340,WI,42.9885,-87.8834,1766.5385,2.1257,104.0,16.9859,0.1765,0,0,0.4016,False,False
7282061,1037104,16980,IL,41.8082,-88.3724,2433.4615,-2.4394,105.0,23.1758,0.5591,1,1,0.4015,False,False
1256697,7576,40900,CA,38.8731,-121.3033,1386.0,2.0214,118.5,11.6962,0.1324,3,0,0.4015,False,True
11884427,1043963,28420,WA,46.2807,-119.1878,609.6154,8.7106,112.5,5.4188,0.2308,1,0,0.4015,False,True
1252979,11772,33340,WI,43.3971,-88.1818,2188.6923,0.5051,101.5,21.5635,0.3529,0,0,0.4013,False,False
1254483,8694,38060,AZ,33.3808,-111.7534,918.8462,-2.4818,119.0,7.7214,0.034,3,1,0.4013,False,True
1253750,15182,23820,NV,39.11,-119.7768,2205.5385,-3.1384,101.5,21.7294,1.0,1,0,0.4011,False,False
1248460,8071,19740,CO,39.66,-104.8502,2023.9231,11.1153,107.5,18.8272,0.5496,1,0,0.4011,False,False
1249428,17286,12940,LA,30.3494,-91.027,2717.1538,2.4806,106.5,25.5132,0.5,1,0,0.4011,False,False
2548528,1017887,41500,CA,36.6089,-121.9232,1667.3077,0.8843,108.5,15.3669,0.4074,1,0,0.401,False,False
2547102,69990,42200,CA,34.4193,-119.7045,1886.3077,3.9376,112.0,16.842,0.4545,2,0,0.4008,False,False
5069995,1017770,33100,FL,25.8088,-80.3152,687.3077,-7.7344,112.0,6.1367,0.0526,1,1,0.4008,False,True
13285005,1038057,10900,PA,40.833,-75.2974,942.4615,3.0446,105.0,8.9758,0.125,0,1,0.4007,False,True
7282274,1037813,19340,IA,41.5746,-90.5075,3655.7692,6.2652,107.5,34.0072,1.0,3,0,0.4005,False,False
1248953,10899,38060,AZ,33.5825,-111.928,1447.3846,0.7281,112.0,12.9231,0.0874,1,0,0.4005,False,True
2548111,1015898,17460,OH,41.4872,-81.7682,1006.5385,0.1071,105.0,9.5861,0.0926,0,1,0.4005,False,True
5070347,1017396,29200,IN,40.4216,-86.9026,2862.7692,-4.5548,112.0,25.5604,0.5556,3,0,0.4004,False,False
7281859,1033884,37100,CA,34.2643,-119.2451,2930.6154,2.0054,114.5,25.5949,0.5778,4,0,0.4004,False,False
12195945,1052793,33460,WI,44.8683,-92.6211,324.0,-36.5089,104.0,3.1154,0.0222,0,1,0.4003,False,True
1255302,17588,40140,CA,34.1061,-117.5686,1779.2308,-2.1739,118.0,15.0782,0.1092,3,0,0.4001,False,False
1260213,12299,39580,NC,35.9127,-78.7807,2331.2308,-11.9088,112.0,20.8146,0.5581,3,0,0.4,False,False
1253475,13937,31080,CA,33.8747,-118.0821,2354.9231,5.3439,112.5,20.9326,0.6439,3,0,0.4,False,False
1254906,1010057,41940,CA,37.3368,-122.0365,1569.7692,-1.8375,112.0,14.0158,0.45,2,0,0.4,False,True
1260446,14660,35620,NJ,40.9392,-74.269,2179.0,-0.6419,105.0,20.7524,0.571,1,2,0.3997,False,False
6294387,1031788,23420,CA,36.8962,-119.7446,1636.6154,6.5291,105.0,15.5868,0.1333,0,0,0.3996,False,False
1251030,116525,38060,AZ,33.3824,-111.9263,1497.4615,0.714,118.0,12.6904,0.0971,3,1,0.3996,False,True
1253323,13924,26980,IA,41.6582,-91.5344,3512.8462,-6.9464,105.0,33.4557,0.8,2,1,0.3995,False,False
1259643,90074,39580,NC,35.8665,-78.6202,1128.8462,-1.0652,105.0,10.7509,0.0698,0,1,0.3995,False,True
2545952,1030238,40140,CA,33.6796,-116.2953,1011.3846,17.3719,114.5,8.8331,0.0393,1,0,0.3995,False,True
1254377,11612,40900,CA,38.6372,-121.3292,2053.3846,14.3163,108.5,18.9252,0.4044,1,1,0.3994,False,False
1252704,15612,31140,KY,38.2399,-85.7245,1775.6154,4.4716,105.0,16.9106,0.1,0,0,0.3993,False,False
2545823,13871,40140,CA,33.8877,-117.3303,2813.8462,1.6732,106.5,26.4211,0.4192,1,1,0.3991,False,False
1254804,11715,41860,CA,37.5628,-122.3238,1510.3077,2.3937,111.0,13.6064,0.6,2,0,0.3991,False,True
5071487,1026249,38900,OR,45.3659,-122.8502,3010.6154,-2.1477,108.5,27.7476,0.9091,3,0,0.399,False,False
1248830,17251,16980,IL,41.6544,-87.9992,2425.4615,0.1811,105.0,23.0996,0.5511,1,2,0.3988,False,False
2545379,11858,14020,IN,39.1661,-86.5271,5265.7692,12.3539,105.0,50.1502,0.8333,2,0,0.3986,False,False
2547583,1014244,40060,VA,37.5214,-77.6122,2703.7692,8.952,105.0,25.7502,0.6316,1,1,0.3986,False,False
1260590,14483,42100,CA,36.9764,-121.9003,1352.3846,-1.308,107.5,12.5803,0.5455,1,0,0.3985,False,True
1260551,7884,10140,WA,46.9776,-123.8029,2490.9231,-0.1265,101.5,24.5411,1.0,1,0,0.3985,False,False
1259892,15345,33100,FL,25.702,-80.3335,1845.6154,-20.0979,112.0,16.4787,0.2749,2,0,0.3983,False,False
5715505,1029606,23060,IN,41.0751,-85.2036,1221.8462,-7.1165,112.0,10.9093,0.0625,1,0,0.3983,False,True
1251613,1008830,17140,OH,39.2717,-84.3763,2073.3846,2.592,103.0,20.1299,0.26,0,0,0.3981,False,False
2547890,1015252,19100,TX,33.0712,-97.059,3155.4615,-3.3845,105.0,30.052,0.5521,1,0,0.398,False,False
1259555,14438,41860,CA,37.5206,-121.991,1489.3077,3.9294,113.5,13.1217,0.585,3,1,0.3979,False,True
2544532,8356,33460,MN,45.0553,-93.3232,1516.1538,8.5891,104.0,14.5784,0.2778,0,0,0.3979,False,False
1250561,87151,41740,CA,32.6034,-117.0837,2585.7692,13.6563,115.5,22.3876,0.6185,4,0,0.3978,False,False
13205463,1045000,36740,FL,28.6124,-81.2071,3059.0769,5.3345,112.0,27.3132,0.4835,3,3,0.3976,False,False
5715693,1028237,31080,CA,34.0798,-118.2599,1818.4615,2.174,108.5,16.76,0.4143,1,0,0.3975,False,False
1260390,8762,14260,ID,43.579,-116.1746,2255.5385,0.7179,109.0,20.693,0.7037,2,0,0.3975,False,False
5715627,1028152,24580,WI,44.5916,-88.0724,1632.3077,12.109,104.0,15.6953,0.2222,0,1,0.3973,False,False
1250089,7674,38300,PA,40.6957,-80.3044,1784.1538,-7.3907,112.5,15.8591,0.2698,2,1,0.3973,False,False
6294449,1031612,17140,KY,38.8596,-84.6205,2459.0,2.2421,108.5,22.6636,0.34,1,0,0.3969,False,False
1253740,13680,19100,TX,32.866,-96.7635,2262.1538,3.2838,119.5,18.9302,0.2882,5,1,0.3969,False,False
7282099,1040235,10900,NJ,40.7361,-74.9749,2880.3077,4.2108,96.0,30.0032,0.75,0,1,0.3968,False,False
2548423,1017316,19740,CO,39.9226,-105.0913,1242.0769,0.9061,118.0,10.5261,0.2137,3,0,0.3968,False,True
2547563,1014178,38300,PA,40.4436,-79.9556,3323.2308,-19.7228,112.0,29.6717,0.6508,5,3,0.3968,False,False
5070875,1018687,39580,NC,35.7466,-78.8301,2465.1538,-4.826,105.0,23.4777,0.6279,1,0,0.3967,False,False
13205452,1052782,16860,TN,34.9988,-85.0944,3997.6923,0.7053,101.5,39.3861,0.8333,1,0,0.3966,False,False
5715446,1029202,10740,NM,35.0588,-106.6347,2686.0,8.0049,105.0,25.581,0.7073,1,0,0.3963,False,False
1249026,17969,37980,PA,39.9853,-75.395,1461.8462,-3.4104,102.5,14.2619,0.2628,0,1,0.3963,False,False
1260924,7087,33340,WI,42.9254,-87.9503,1393.9231,1.2007,105.0,13.2755,0.1373,0,0,0.3962,False,True
1253923,9047,38900,OR,45.3312,-122.5837,5308.3077,-2.5503,105.0,50.5553,1.0,3,0,0.3961,False,False
6294139,1030925,12060,GA,33.7243,-84.7618,2390.0,0.9815,98.5,24.264,0.5098,0,2,0.3959,False,False
5715498,1029317,37340,FL,28.0785,-80.6446,1927.8462,2.9452,112.0,17.2129,0.0667,1,0,0.3958,False,False
5071744,1021393,30700,NE,40.8619,-96.683,3147.3077,1.2246,105.0,29.9744,0.6,1,0,0.3958,False,False
2544535,8362,12420,TX,30.3949,-97.7526,1217.8462,-0.365,112.0,10.8736,0.1294,1,0,0.3957,False,True
1260013,16942,19820,MI,42.5317,-82.9151,2260.9231,-2.5012,111.5,20.2773,0.4321,2,0,0.3957,False,False
5715288,1028964,33700,CA,37.7006,-121.0607,2822.2308,2.6582,115.0,24.5411,0.5641,4,0,0.3956,False,False
1248423,10094,45300,FL,27.8941,-82.5037,3077.6923,-5.9009,107.5,28.6297,0.5955,2,2,0.3952,False,False
1259887,15409,12060,GA,33.9366,-84.3777,1332.4615,8.7382,105.0,12.6901,0.098,0,2,0.3952,False,True
1259819,8983,27260,FL,30.2023,-81.6172,2429.8462,2.1241,107.5,22.6032,0.383,1,1,0.3949,False,False
2546746,17847,37980,PA,40.0284,-75.6221,2214.0,-4.4295,105.0,21.0857,0.5985,1,1,0.3949,False,False
1250139,18592,16980,IL,42.0891,-88.0202,1812.3077,0.5548,108.0,16.7806,0.3226,1,3,0.3948,False,False
1253402,12715,16980,IL,41.9929,-87.7111,2024.4615,21.758,112.0,18.0755,0.4086,2,6,0.3948,False,False
2544328,7573,38900,OR,45.8487,-122.8308,1697.8462,6.2635,107.5,15.7939,0.5785,1,0,0.3948,False,False
1249108,18590,37980,PA,40.0692,-75.0081,1476.3077,-2.0016,108.5,13.6065,0.2701,1,4,0.3947,False,True
13368352,1044873,31080,CA,34.4281,-118.4218,3042.3846,21.5309,108.5,28.0404,0.8353,2,0,0.3947,False,False
2547436,12618,38900,OR,45.4982,-122.4096,1589.0769,2.2521,112.0,14.1882,0.5041,2,0,0.3946,False,False
1249172,18007,31140,KY,38.2043,-85.7635,2904.8462,16.226,115.5,25.1502,0.4,3,0,0.3946,False,False
1252018,1008976,31080,CA,33.6681,-117.8833,2091.1538,2.8916,111.0,18.8392,0.5524,2,0,0.3946,False,False
7282229,1039979,12580,MD,39.458,-76.664,765.3077,-12.9419,105.0,7.2886,0.1212,0,0,0.3945,False,True
1260494,1012345,28100,IL,41.1749,-87.8507,1803.0,0.3382,114.5,15.7467,0.5,3,0,0.3944,False,False
6294891,1033591,41180,MO,38.5385,-90.988,672.8462,7.2331,114.5,5.8764,0.029,1,0,0.3944,False,True
2544758,9224,33460,MN,44.7895,-93.2103,1952.5385,6.3786,107.5,18.1631,0.4778,1,1,0.3944,False,False
5071498,1021744,17020,CA,39.7577,-121.6246,2431.1538,11.7495,101.5,23.9523,0.4444,0,0,0.3943,False,False
1259847,11200,39580,NC,35.8398,-78.6433,1150.3077,2.0751,112.0,10.2706,0.093,1,1,0.3943,False,True
1259809,9296,12060,GA,33.9735,-84.4805,1700.7692,-22.9885,112.0,15.1854,0.2157,2,1,0.3942,False,False
1254264,113920,42220,CA,38.3493,-122.7101,1642.6154,4.6252,119.0,13.8035,0.5,5,0,0.3939,False,True
5071623,1023840,19740,CO,39.7732,-104.8823,1412.6923,2.0108,114.5,12.3379,0.2824,2,0,0.3939,False,True
11884306,1042036,45300,FL,27.8083,-82.6382,1726.3846,7.723,105.0,16.4418,0.1573,0,0,0.3937,False,False
1250902,1007283,32820,MS,34.9623,-90.0067,4233.6154,5.4571,105.0,40.3201,0.8438,2,1,0.3936,False,False
13205399,1040495,31080,CA,33.9159,-118.3904,983.8462,-11.6652,120.5,8.1647,0.1314,4,0,0.3935,False,True
2546532,16997,38900,OR,45.5044,-122.5336,1481.5385,-12.1951,112.0,13.228,0.405,2,0,0.3935,False,True
1249586,16961,35620,NJ,40.9943,-74.2134,1181.3077,4.8259,105.0,11.2505,0.2082,0,0,0.3934,False,True
1253244,17882,35620,NY,40.9901,-73.8081,940.6923,3.9969,112.0,8.399,0.142,1,1,0.3933,False,True
1249263,17403,42660,WA,47.4127,-122.2503,601.4615,-23.2227,105.5,5.7011,0.0343,0,0,0.3933,False,True
2547603,8827,31080,CA,33.9568,-118.3969,1754.8462,9.2158,122.5,14.3253,0.3877,7,1,0.3933,False,False
1249583,6799,16740,NC,35.0781,-80.817,1608.2308,8.7773,105.0,15.3165,0.1842,0,0,0.393,False,False
5071975,1022910,25720,UT,40.499,-111.4131,452.6154,4.1047,105.0,4.3106,1.0,1,0,0.3929,False,True
13143427,1053244,19660,FL,29.0544,-81.3013,1157.9231,4.6437,105.0,11.0278,0.1,0,2,0.3926,False,True
1253677,12517,42660,WA,47.5871,-122.2369,1758.7692,0.7313,107.0,16.4371,0.5784,1,0,0.3924,False,False
5071197,12154,31080,CA,33.8749,-117.8901,3429.7692,-1.613,108.5,31.6108,0.8952,3,0,0.3922,False,False
1252192,1007077,33460,MN,45.1585,-93.3908,2505.3077,-6.0112,105.0,23.8601,0.6333,1,0,0.3922,False,False
11884579,1053280,42660,WA,47.2193,-122.4668,280.1538,7.7515,115.5,2.4256,0.0147,1,0,0.392,False,True
5070144,1026243,16980,IL,41.7047,-87.7977,1249.3077,-0.9514,114.5,10.911,0.1452,2,3,0.3919,False,True
13205391,1045370,31080,CA,34.2086,-118.6238,1213.7692,6.7808,112.0,10.8372,0.2047,1,0,0.3919,False,True
2548063,1015735,41700,TX,29.4662,-98.5275,2164.6923,6.8619,105.0,20.6161,0.1039,0,0,0.3916,False,False
1258799,20208,40900,CA,38.6703,-121.727,3003.9231,7.9711,107.5,27.9435,0.8456,2,0,0.3916,False,False
1252953,15731,33460,MN,44.8641,-93.4409,2594.3077,-0.8992,105.0,24.7077,0.6667,1,0,0.3916,False,False
11883986,1039796,23420,CA,36.8246,-119.7719,2410.9231,8.0349,112.0,21.5261,0.4667,2,0,0.3915,False,False
5429075,1016378,36260,UT,40.862,-111.8981,2401.2308,2.7248,107.0,22.4414,0.5294,1,0,0.3915,False,False
1251019,1005260,41700,TX,29.4853,-98.4297,2726.6923,-3.4825,108.5,25.1308,0.2857,1,0,0.3915,False,False
5070903,1026898,39580,NC,35.7221,-78.6524,1210.6154,10.0636,112.0,10.8091,0.1628,1,1,0.3913,False,True
1255322,13784,26420,TX,29.3083,-94.7932,1384.0,-5.7714,105.0,13.181,0.1041,0,0,0.3911,False,True
1259734,16187,35620,NY,40.866,-73.6311,825.1538,3.5025,112.0,7.3674,0.123,1,2,0.3911,False,True
1254794,8810,41860,CA,38.0078,-122.5476,297.3846,7.8081,115.5,2.5748,0.015,1,0,0.3911,False,True
7282066,1039248,18140,OH,40.0299,-82.9098,2984.3077,4.5348,105.0,28.422,0.6667,1,0,0.3911,False,False
2548310,1016615,33460,MN,45.5733,-93.2063,1873.0,1.2222,101.5,18.4532,0.4444,0,0,0.391,False,False
11883964,1039601,14260,ID,43.6034,-116.4344,1865.2308,-0.5577,107.5,17.351,0.5185,1,0,0.391,False,False
1250013,18176,31080,CA,33.6807,-117.9063,2108.2308,4.5271,118.0,17.8664,0.5624,5,0,0.3909,False,False
6294171,1030786,12580,MD,39.4482,-76.8152,855.3846,-0.6433,105.0,8.1465,0.1515,0,1,0.3908,False,True
1248755,7391,24860,SC,34.8456,-82.4021,1697.0769,-1.1471,112.0,15.1525,0.0833,1,0,0.3908,False,False
1251485,1006441,35620,NY,40.8657,-73.9272,511.8462,-1.815,115.5,4.4316,0.0536,2,9,0.3907,False,True
5071245,1022081,42220,CA,38.3638,-122.7157,2586.7692,1.5522,114.5,22.5919,0.8333,5,0,0.3905,False,False
6294184,1030840,34540,OH,40.401,-82.4536,2943.2308,2.3486,101.5,28.9973,1.0,1,0,0.3903,False,False
1260523,10087,37980,PA,40.2476,-75.2943,1221.5385,1.5865,105.0,11.6337,0.1898,0,0,0.3903,False,True
1260908,8166,26900,IN,39.7952,-86.0449,2462.2308,0.3983,101.5,24.2584,0.3659,0,0,0.3903,False,False
1251332,17155,45300,FL,28.0499,-82.7376,3565.9231,5.2396,103.0,34.6206,0.7416,1,1,0.3902,False,False
2547019,20069,35620,NY,40.762,-73.9249,1241.0,-4.7976,114.5,10.8384,0.224,3,22,0.3901,False,True
13368165,1053080,15100,SD,44.2821,-96.769,2148.3077,-28.9056,105.0,20.4601,0.5,1,0,0.3901,False,False
5071280,1022231,41740,CA,33.0981,-117.2006,1352.2308,0.2624,105.0,12.8784,0.1618,0,0,0.3901,False,True
1255151,16443,41940,CA,37.331,-121.812,1625.1538,-0.7097,115.0,14.1318,0.48,3,0,0.3901,False,False
11884023,1040481,26420,TX,29.7977,-95.4854,2545.4615,4.5794,112.0,22.7273,0.4299,2,0,0.39,False,False
5429006,1019297,39420,WA,46.7396,-117.1704,837.5385,-7.6349,108.5,7.7192,0.5,1,0,0.3899,False,True
5069866,1019785,32820,TN,35.0468,-89.6935,1753.9231,-5.441,115.5,15.1855,0.0938,2,0,0.3898,False,False
5429080,1018501,31080,CA,34.1362,-117.8708,2050.7692,5.6051,114.5,17.9106,0.5341,3,0,0.3897,False,False
1258319,14822,37980,PA,40.1123,-75.2857,2304.4615,4.5947,105.0,21.9473,0.6423,1,2,0.3895,False,False
7282128,1039551,35620,NJ,40.8205,-74.1214,2680.0769,6.1578,112.0,23.9293,0.7445,4,5,0.3895,False,False
11884305,1042035,19780,IA,41.5324,-93.5962,4212.7692,14.6644,107.5,39.1886,0.7727,2,0,0.3895,False,False
5429003,1019309,39900,NV,39.4387,-119.7604,2721.6154,-4.6617,107.5,25.3174,0.7143,2,1,0.3894,False,False
13641651,1045409,12220,AL,32.6146,-85.3997,1549.0,-2.4039,114.5,13.5284,0.25,2,0,0.3892,False,True
5715663,1028622,19100,TX,32.9884,-97.1814,1640.1538,-1.7419,105.0,15.6205,0.1111,0,0,0.3892,False,False
2546171,15320,12060,GA,33.9501,-84.412,1640.4615,16.6758,105.0,15.6234,0.1895,0,1,0.3892,False,False
1249218,9861,35840,FL,27.4435,-82.4641,2367.7692,-1.2004,101.5,23.3278,0.3704,0,0,0.389,False,False
7282407,1031753,12580,MD,39.4109,-76.7685,2389.2308,13.9691,112.0,21.3324,0.697,3,2,0.3889,False,False
12195698,1024422,42220,CA,38.4529,-122.7713,3241.1538,24.7151,107.5,30.1503,0.9667,2,0,0.3888,False,False
2545814,13844,47900,MD,38.6598,-77.0162,801.3846,4.8933,105.0,7.6322,0.2146,0,1,0.3886,False,True
2548510,1017758,15980,FL,26.6156,-81.7963,1782.3846,-16.923,112.0,15.9141,0.2381,2,2,0.3885,False,False
1254569,15442,42200,CA,34.4296,-119.8724,1209.8462,1.9181,115.5,10.4749,0.2273,2,0,0.3884,False,True
1250179,10893,46700,CA,38.2545,-122.0664,1642.9231,1.7629,118.0,13.9231,0.2083,3,0,0.3883,False,True
2546496,16792,42660,WA,47.5585,-122.1146,1580.5385,0.0341,101.5,15.5718,0.4853,0,0,0.3883,False,False
11884683,1044987,29620,MI,42.83,-84.5418,1105.9231,16.159,105.0,10.5326,0.3333,0,0,0.3883,False,True
1255208,11258,41860,CA,37.4664,-122.2245,926.5385,0.108,114.5,8.092,0.285,2,1,0.3882,False,True
2547673,1014516,47260,VA,36.8475,-76.292,960.5385,11.4413,114.5,8.389,0.0476,1,0,0.3881,False,True
5070573,1023567,25420,PA,40.2571,-76.9167,323.7692,5.2776,107.5,3.0118,0.0625,0,1,0.3881,False,True
6294809,1033491,15100,SD,44.3112,-96.7816,2906.3846,-6.0148,105.0,27.6799,1.0,2,0,0.388,False,False
5070292,1024438,19340,IL,41.4907,-90.4809,2418.9231,-2.7493,107.5,22.5016,0.375,1,1,0.388,False,False
1253961,11970,38900,OR,45.4668,-122.7518,1116.1538,0.4987,105.0,10.63,0.2066,0,0,0.3878,False,True
7282150,1039434,38820,WA,48.1067,-123.3985,1527.2308,2.9398,108.5,14.0759,0.5,1,0,0.3877,False,True
1249916,6483,34980,TN,35.8322,-86.3515,3171.7692,-5.5048,105.0,30.2073,0.5098,1,1,0.3877,False,False
1258339,87112,12580,MD,39.1977,-76.8192,1046.2308,0.3912,111.0,9.4255,0.2273,1,1,0.3876,False,True
2544866,9703,41940,CA,37.1441,-121.6644,2477.9231,10.3752,111.0,22.3236,0.88,3,0,0.3876,False,False
5428585,1021452,12060,GA,33.9878,-84.2734,1536.9231,0.503,105.0,14.6374,0.1503,0,0,0.3875,False,False
2545233,11219,40140,CA,34.0266,-117.6899,2760.9231,3.3012,112.0,24.6511,0.4061,2,0,0.3874,False,False
12195825,15585,31080,CA,33.79,-118.3294,3662.7692,2.8001,111.0,32.9979,0.9201,4,0,0.3874,False,False
1252725,1011781,16980,IL,41.8601,-87.974,2289.0,4.6602,110.5,20.7149,0.5134,2,2,0.3874,False,False
1259929,1006605,27260,FL,30.2793,-81.3896,2317.2308,-1.3589,108.5,21.357,0.2979,1,1,0.3873,False,False
5071725,1025408,31740,KS,39.1904,-96.6056,4383.8462,1.7951,105.0,41.7509,0.5,1,0,0.3872,False,False
2548027,1015640,42660,WA,47.7976,-122.2117,2751.7692,1.5701,110.0,25.0161,0.8824,3,0,0.3871,False,False
1251240,1005870,41460,KS,38.8003,-97.612,3477.0,1.6781,105.0,33.1143,1.0,2,0,0.387,False,False
11884342,1042869,11700,NC,35.2975,-82.4102,1250.6154,2.1745,105.0,11.9106,0.1333,0,1,0.387,False,True
13368163,1052402,28140,MO,38.9894,-94.274,3145.9231,11.8382,108.5,28.9947,0.3818,1,0,0.387,False,False
1254280,113667,41940,CA,37.3506,-121.9221,1370.3077,1.7187,119.0,11.5152,0.29,4,1,0.3869,False,True
1259756,15367,32820,TN,35.1993,-89.7911,2523.3846,18.9025,112.0,22.5302,0.5625,2,0,0.3868,False,False
5429089,1018093,38060,AZ,33.6519,-111.9247,914.3077,14.091,115.0,7.9505,0.0291,1,0,0.3868,False,True
5715331,1022215,38300,PA,40.4294,-79.8104,422.4615,14.4405,108.5,3.8937,0.0159,0,1,0.3867,False,True
1249158,11037,42660,WA,47.5457,-122.2851,1099.3846,2.5178,112.5,9.7723,0.1716,1,0,0.3867,False,True
5070396,1026234,33460,MN,45.0061,-93.0246,1973.3846,1.7935,112.0,17.6195,0.4889,2,0,0.3865,False,False
1260539,9463,40900,CA,38.4229,-121.3735,2393.5385,8.0379,107.0,22.3695,0.5956,1,0,0.3865,False,False
1254360,9161,41860,CA,37.6974,-122.4629,920.8462,2.4301,115.5,7.9727,0.28,2,0,0.3863,False,True
1259694,15347,45300,FL,28.0785,-82.5074,3173.6154,0.0364,105.0,30.2249,0.6292,1,0,0.3862,False,False
5428998,1019786,19820,MI,42.5468,-83.2147,1176.4615,-5.8193,112.0,10.5041,0.0617,1,1,0.3859,False,True
2547344,1008888,47900,MD,38.9694,-76.9365,2422.3846,-4.7229,111.0,21.8233,0.824,4,4,0.3858,False,False
1254840,9179,19100,TX,32.9535,-96.8244,2046.2308,-1.6599,114.5,17.871,0.2118,2,0,0.3857,False,False
1250861,91103,21660,OR,44.0477,-123.1387,1401.3077,-0.9353,113.5,12.3463,0.4,2,0,0.3857,False,True
1254186,90203,38060,AZ,33.6302,-111.8888,3169.9231,7.1867,114.5,27.6849,0.5874,4,1,0.3855,False,False
1255061,15538,31080,CA,33.8882,-117.8295,2931.0769,0.2209,107.5,27.2658,0.8186,2,0,0.3853,False,False
5430029,1026800,38060,AZ,33.6123,-111.9954,2361.6154,9.878,119.0,19.8455,0.3204,4,0,0.3853,False,False
1250623,90093,23420,CA,36.8087,-119.8283,2552.5385,12.8213,112.0,22.7905,0.5167,2,0,0.3853,False,False
1252407,1026156,16980,IL,41.8597,-88.0197,1456.1538,2.0705,110.5,13.1779,0.207,1,2,0.3853,False,True
1252904,1012298,41860,CA,37.7742,-121.9786,735.8462,-0.8499,119.0,6.1836,0.215,3,0,0.3852,False,True
12195855,1026891,19780,IA,41.5965,-93.8082,3321.5385,-0.9451,108.5,30.6133,0.5909,2,1,0.3852,False,False
1251887,13583,33460,MN,44.9842,-93.3791,1360.9231,6.5655,105.0,12.9612,0.2333,0,0,0.3852,False,True
1256153,16343,35620,NJ,40.746,-74.2603,953.1538,5.3119,112.0,8.5103,0.1451,1,2,0.3851,False,True
5070020,1022089,27260,FL,30.2047,-81.7593,796.0,11.955,107.5,7.4047,0.0426,0,1,0.385,False,True
2546520,16910,38060,AZ,33.6402,-112.011,2654.7692,9.7396,115.5,22.985,0.4175,3,0,0.3848,False,False
1248534,17450,33340,WI,43.1482,-88.0023,2990.3077,13.9632,98.0,30.5133,0.7059,0,1,0.3848,False,False
2546054,14794,41740,CA,32.8517,-117.2157,2206.9231,1.4103,108.5,20.3403,0.4162,1,0,0.3848,False,False
1260394,7253,42660,WA,47.2894,-122.3163,1478.6154,5.7199,110.0,13.442,0.402,1,0,0.3846,False,True
2546391,16325,40900,CA,38.6994,-121.192,2124.0769,3.1606,101.5,20.9269,0.4559,0,0,0.3846,False,False
1250307,20216,41700,TX,29.4263,-98.4912,3799.3077,12.7417,112.0,33.9224,0.6623,3,0,0.3845,False,False
2544300,7431,45300,FL,27.9906,-82.6891,1080.8462,-20.4045,105.0,10.2938,0.0562,0,0,0.3845,False,True
1255229,15841,42100,CA,36.9781,-121.9663,1592.0,11.8945,117.0,13.6068,0.6364,4,0,0.3844,False,True
11884654,1037305,21500,PA,42.1435,-80.0059,1795.5385,17.8234,105.0,17.1004,0.2,0,1,0.3843,False,False
7282050,1039300,40140,CA,34.1359,-117.6333,2869.6923,-2.5266,118.0,24.3194,0.4541,5,0,0.3834,False,False
1255227,8545,31080,CA,33.9277,-118.1294,1203.0,6.569,122.5,9.8204,0.1947,5,1,0.3832,False,True
2548546,1018131,44060,WA,47.67,-117.409,1714.5385,20.312,115.0,14.909,0.3889,2,0,0.3832,False,False
2546202,15459,31080,CA,34.0713,-117.959,1700.1538,-1.537,115.5,14.7199,0.371,3,1,0.3832,False,False
1259987,9704,40900,CA,38.3936,-121.4182,2408.5385,1.894,106.5,22.6154,0.6103,1,0,0.3831,False,False
2545933,14317,42100,CA,37.0614,-122.0071,1204.3077,5.9269,104.0,11.5799,0.3636,0,0,0.3831,False,True
2547870,1015128,41180,MO,38.5554,-90.4113,2307.4615,0.3009,107.5,21.4648,0.4348,1,1,0.3831,False,False
1260449,12440,35620,NY,41.1521,-73.8288,956.1538,-3.4263,105.0,9.1062,0.1483,0,1,0.3829,False,True
11884255,1040924,34900,CA,38.3207,-122.2988,1948.3077,1.7475,115.0,16.9418,0.7143,4,0,0.3822,False,False
5071509,1022322,40900,CA,38.496,-121.5077,2156.7692,3.3773,115.0,18.7545,0.4853,3,0,0.3821,False,False
1251161,1005867,35620,NJ,40.5692,-74.6159,2227.9231,-1.5065,105.0,21.2183,0.6057,1,3,0.382,False,False
11884665,1040094,47260,VA,36.8429,-76.1261,2313.7692,7.5402,112.0,20.6587,0.4444,2,1,0.3819,False,False
1257310,12261,47900,VA,38.8478,-77.1205,1537.9231,0.6545,113.0,13.6099,0.588,3,3,0.3818,False,True
1259931,14388,12060,GA,34.0668,-84.1696,1318.9231,-5.4483,105.0,12.5612,0.085,0,1,0.3818,False,True
13143388,1039670,19100,TX,32.9868,-96.8039,1767.9231,3.5597,112.0,15.785,0.1528,1,0,0.3817,False,False
1259059,15311,47900,VA,38.7144,-77.2621,685.7692,13.4224,107.5,6.3792,0.1588,0,0,0.3816,False,True
1255060,1012368,41740,CA,32.659,-117.0909,2963.1538,-0.0337,108.5,27.3102,0.7283,2,0,0.3811,False,False
2548135,1017875,35620,NJ,40.4993,-74.4483,701.0769,-5.2796,112.0,6.2596,0.0852,1,3,0.3811,False,True
1260768,8274,34980,TN,36.0369,-86.8012,3533.2308,1.8312,108.5,32.5643,0.6078,2,1,0.381,False,False
2544190,6884,33100,FL,26.5461,-80.0878,1012.7692,-5.1782,112.0,9.0426,0.1111,1,1,0.381,False,True
12195761,10673,41940,CA,37.4443,-122.1634,2080.6154,1.4021,112.0,18.5769,0.78,3,0,0.3807,False,False
5071396,15166,44060,WA,47.6706,-117.1043,2067.5385,1.5107,107.5,19.2329,0.5556,1,0,0.3807,False,False
1252618,1010272,33460,MN,44.8611,-93.5245,2828.9231,2.1187,105.0,26.9421,0.7111,1,0,0.3806,False,False
1249717,6954,26900,IN,39.9507,-86.2756,3380.8462,-1.4485,98.0,34.4984,0.622,0,0,0.3806,False,False
13368142,1044971,39740,PA,40.4452,-75.9553,1176.4615,1.4864,105.0,11.2044,0.1667,0,1,0.3805,False,True
1260289,15793,38060,AZ,33.711,-112.1115,1934.6923,4.465,115.5,16.7506,0.1942,2,0,0.3804,False,False
5071314,1019759,40140,CA,34.0637,-117.6609,1916.2308,-8.8444,111.0,17.2633,0.1441,1,0,0.3803,False,False
1258724,1005868,36540,NE,41.214,-96.1096,2388.0,-1.5008,108.5,22.0092,0.32,1,1,0.3801,False,False
13368223,1053516,33460,MN,44.9985,-92.9507,2848.8462,4.8348,105.0,27.1319,0.7333,1,0,0.3801,False,False
1249319,18173,26620,AL,34.7536,-86.7401,3396.4615,0.2748,108.5,31.3038,0.6154,2,1,0.38,False,False
1249234,17732,35620,NJ,40.583,-74.615,2286.7692,4.4847,105.0,21.7788,0.6562,1,3,0.3799,False,False
1253027,11516,19820,MI,42.3697,-83.4699,1378.3077,-8.549,112.0,12.3063,0.1111,1,0,0.3799,False,True
5715691,1028313,41740,CA,32.7978,-117.2393,1919.8462,3.2731,117.0,16.4089,0.3295,3,0,0.3798,False,False
1248828,10311,19740,CO,39.58,-104.7244,2683.6923,5.9717,105.0,25.559,0.7634,1,0,0.3798,False,False
1249059,10263,32100,MI,46.5488,-87.4561,3922.7692,0.0981,105.0,37.3597,0.5,1,1,0.3797,False,False
1251745,1008754,19780,IA,41.6447,-93.5013,3805.6923,1.3957,107.5,35.4018,0.6818,2,1,0.3797,False,False
2548375,1016974,33460,MN,44.892,-93.4186,2957.2308,11.3964,98.0,30.1758,0.7833,0,0,0.3796,False,False
11884661,1039712,38300,PA,40.3658,-80.1103,1194.6154,4.1373,112.0,10.6662,0.127,1,2,0.3795,False,True
11883977,1039474,41180,MO,38.469,-90.305,1901.2308,17.3098,105.0,18.107,0.2754,0,0,0.3794,False,False
1253079,9190,18140,OH,40.158,-83.0196,1564.3077,1.7767,105.0,14.8982,0.193,0,0,0.3793,False,False
5428539,1021923,41940,CA,37.2947,-121.9628,1897.5385,1.8497,117.5,16.1493,0.66,5,0,0.379,False,False
13143376,1043778,40060,VA,37.4004,-77.7055,1941.6154,19.3541,105.0,18.4916,0.2895,0,0,0.3788,False,False
13368258,1056212,19780,IA,41.3849,-93.5578,3105.4615,3.1109,107.5,28.888,0.4545,1,0,0.3787,False,False
1253658,12217,38900,OR,45.4439,-122.6276,1477.7692,0.7869,110.0,13.4343,0.3884,1,0,0.3786,False,True
1260743,9718,33700,CA,37.67,-121.0314,1644.0769,3.3911,116.0,14.1731,0.1795,2,0,0.3785,False,False
5715166,1024861,37980,PA,40.1456,-75.3936,1178.3846,1.4638,105.0,11.2227,0.1752,0,1,0.3785,False,True
1251397,1005656,40900,CA,38.6507,-121.1208,2232.6154,2.5148,112.0,19.9341,0.5,2,0,0.3784,False,False
1250014,18136,31080,CA,33.4664,-117.7037,2689.8462,-0.0314,108.5,24.7912,0.772,2,0,0.3784,False,False
1249266,10391,33660,AL,30.6807,-88.0734,1886.2308,6.743,105.0,17.9641,0.125,0,1,0.3783,False,False
2545374,11844,46060,AZ,32.3221,-110.9287,1732.1538,5.446,105.0,16.4967,0.2059,0,0,0.3782,False,False
1249969,7464,42660,WA,47.2555,-122.4638,773.3846,0.2593,107.5,7.1943,0.0539,0,0,0.3779,False,True
2546775,1025102,40220,VA,37.2963,-80.0277,598.3846,-6.198,107.0,5.5924,0.0833,0,0,0.3778,False,True
6294468,1031597,25940,SC,32.2433,-80.9799,2278.0769,5.7943,105.0,21.696,0.1429,0,0,0.3776,False,False
1254941,13468,19100,TX,33.0236,-96.7959,1739.3077,-0.0044,112.0,15.5295,0.1458,1,0,0.3775,False,False
2547213,1005596,38060,AZ,33.4878,-112.0653,2503.3846,0.7897,118.0,21.2151,0.3689,4,0,0.3774,False,False
5070016,1020048,19660,FL,29.475,-81.2214,3585.3077,-5.9525,105.0,34.1458,0.5,1,1,0.3774,False,False
1255154,7925,31080,CA,34.0193,-118.3347,1673.0769,25.3675,112.0,14.9382,0.3611,1,0,0.3773,False,False
2547292,1007378,38900,OR,45.4089,-122.6259,2932.6923,5.9852,107.5,27.2809,0.9008,2,0,0.3773,False,False
2546011,14634,41420,OR,44.951,-123.0508,3305.0769,8.9678,107.5,30.7449,0.8824,2,0,0.3772,False,False
2548016,1015580,41860,CA,37.7415,-122.3873,456.6923,-5.552,107.5,4.2483,0.065,0,0,0.3772,False,True
1260175,9573,16980,IL,41.6526,-88.2045,3860.7692,0.7487,105.0,36.7692,0.879,2,2,0.377,False,False
1260699,9521,41860,CA,38.0132,-121.8902,2221.9231,3.2455,108.5,20.4786,0.86,2,0,0.377,False,False
2546365,16202,12060,GA,33.8572,-84.3437,1502.5385,2.2295,105.0,14.3099,0.1438,0,1,0.377,False,False
5070148,1014427,16980,IL,42.0709,-88.1914,1390.1538,-3.9234,111.0,12.5239,0.1935,1,1,0.3768,False,True
11884116,1040425,22180,NC,34.9812,-79.0109,1470.6154,1.5564,111.0,13.2488,0.3,1,0,0.3766,False,True
11884234,1039980,24580,WI,44.4982,-87.992,1426.6923,-3.2751,105.0,13.5875,0.1111,0,1,0.3765,False,True
1260222,9809,26420,TX,30.1637,-95.4644,4652.3846,-2.0963,112.0,41.5391,0.8824,5,0,0.3765,False,False
1253718,9148,35620,NY,40.578,-73.9612,1916.9231,18.6158,112.0,17.1154,0.4763,2,6,0.3765,False,False
1254088,12128,31080,CA,34.0958,-117.7183,2040.6154,2.5237,112.0,18.2198,0.5324,2,0,0.3762,False,False
1251116,1006257,15980,FL,26.5479,-81.8057,1173.5385,-3.875,105.0,11.1766,0.1429,0,1,0.3761,False,True
1249098,1010355,12580,MD,39.284,-76.6017,2356.0,4.2513,116.5,20.2232,0.6667,6,9,0.376,False,False
7282109,1040260,49660,OH,41.0135,-80.6635,1336.1538,-2.5307,112.0,11.9299,0.1111,1,1,0.376,False,True
1251029,116466,41940,CA,37.4028,-122.1123,1276.3846,-3.428,115.5,11.0509,0.23,2,0,0.376,False,True
1252653,15211,14500,CO,40.015,-105.2527,2482.0769,9.4353,111.0,22.3611,0.9231,3,0,0.3759,False,False
2544887,9762,33100,FL,26.1479,-80.2686,1182.6154,7.2555,112.0,10.5591,0.1404,1,3,0.3758,False,True
1250067,6489,15260,GA,31.203,-81.4828,2308.4615,-1.7065,102.5,22.5216,0.25,0,1,0.3758,False,False
5070555,1015873,35620,NY,40.8244,-73.8368,1455.3846,-5.9922,112.0,12.9945,0.2997,2,9,0.3757,False,True
13143397,1040137,44700,CA,38.0,-121.2615,785.8462,11.7113,108.5,7.2428,0.05,0,0,0.3756,False,True
1260772,9454,34980,TN,36.1435,-86.8138,1489.1538,4.7225,120.5,12.3581,0.1373,4,3,0.3755,False,True
6294339,1021671,12060,GA,33.9149,-84.3796,1324.3077,-0.3877,112.0,11.8242,0.0915,1,2,0.3753,False,True
1248835,9934,12580,MD,39.1761,-76.8396,1045.7692,-5.8583,104.0,10.0555,0.2121,0,2,0.3752,False,True
5070498,1021445,35620,NY,40.7001,-73.9411,1584.0769,8.3158,112.0,14.1435,0.3754,2,12,0.3751,False,False
2544753,9204,14860,CT,41.1464,-73.495,954.3846,5.1173,104.0,9.1768,0.3571,0,1,0.3751,False,True
6294761,1033293,35620,NJ,40.3989,-74.1107,915.0769,-4.8244,105.0,8.715,0.1356,0,2,0.3751,False,True
2546619,17340,30780,AR,34.7401,-92.2764,2233.1538,2.4672,112.0,19.9389,0.1176,1,0,0.3751,False,False
7282045,1033842,31080,CA,33.8845,-118.3963,1872.0,5.1595,115.5,16.2078,0.4409,3,1,0.375,False,False
5071246,1008983,41860,CA,37.699,-121.8729,1373.6154,0.7333,118.0,11.6408,0.51,4,0,0.3749,False,True
5071563,1022175,41700,TX,29.5913,-98.588,3175.4615,0.4257,107.5,29.5392,0.4416,1,0,0.3749,False,False
1260901,8530,42660,WA,47.7024,-122.0937,1252.8462,-2.2448,104.5,11.989,0.2745,0,0,0.3748,False,True
1254479,11989,38060,AZ,33.5805,-111.8818,1874.4615,-4.0328,117.5,15.9529,0.1748,3,1,0.3747,False,False
11884028,1037862,19100,TX,32.8501,-96.9928,1685.5385,7.5594,119.0,14.1642,0.1354,3,1,0.3746,False,False
1253371,12524,11540,WI,44.2442,-88.3573,4727.6154,0.726,105.0,45.0249,0.8333,2,1,0.3745,False,False
1248967,8551,16980,IL,41.9318,-88.7722,2731.1538,3.1103,105.0,26.011,0.6452,1,2,0.3744,False,False
1253050,1013247,12060,GA,34.0469,-84.1795,1129.2308,-15.2327,105.0,10.7546,0.0654,0,1,0.3742,False,True
1252430,1009537,41700,TX,29.5125,-98.5368,1978.8462,-5.3393,112.0,17.6683,0.0909,1,0,0.3736,False,False
1248554,10323,29820,NV,36.1285,-115.3145,2101.6154,-17.3468,115.5,18.1958,0.3093,3,0,0.3736,False,False
5070268,1026890,16580,IL,40.1131,-88.2764,1768.6923,7.3887,105.0,16.8447,0.1667,0,1,0.3735,False,False
1252957,1011075,16980,IL,42.1529,-87.9434,2902.7692,5.1757,105.0,27.6454,0.6882,1,1,0.3733,False,False
2546215,15571,26420,TX,29.9158,-95.6163,2095.3846,8.7903,115.0,18.2207,0.2941,2,0,0.3733,False,False
2545339,11702,17460,OH,41.5208,-81.4392,2368.2308,1.9538,107.5,22.0301,0.5556,1,0,0.3733,False,False
6294825,1033613,17460,OH,41.5202,-81.5178,1240.1538,0.8823,105.0,11.811,0.1852,0,1,0.3732,False,True
1251832,12251,17140,OH,39.1454,-84.3766,1903.9231,18.3805,105.0,18.1326,0.24,0,1,0.3732,False,False
1248607,17940,41740,CA,33.1818,-117.2949,2212.8462,-1.4458,115.5,19.1588,0.4277,3,0,0.3731,False,False
1258274,13547,38300,PA,40.4526,-80.1644,4182.0,0.8908,112.0,37.3393,0.7937,4,0,0.3731,False,False
1255904,1008748,28140,KS,39.0152,-94.7272,4161.1538,10.4295,107.5,38.7084,0.7455,2,1,0.3729,False,False
1249876,10489,47900,VA,38.8537,-77.3209,852.3077,1.8289,112.0,7.6099,0.2275,1,1,0.3728,False,True
5428537,1018260,19740,CO,39.7324,-105.0819,1890.6923,0.9239,108.5,17.4257,0.5038,1,0,0.3727,False,False
2544212,6961,26900,IN,39.8542,-86.1592,1797.4615,9.4114,105.0,17.1187,0.1829,0,1,0.3727,False,False
2544684,8910,12060,GA,33.9059,-84.6025,2494.6923,3.8224,100.5,24.8228,0.5359,0,0,0.3726,False,False
5429066,1017896,16980,IL,42.0822,-87.9386,2199.5385,2.0777,100.5,21.886,0.4812,0,2,0.3725,False,False
1260060,12755,41740,CA,32.7683,-117.0534,3367.0769,-1.6956,115.5,29.1522,0.8497,6,0,0.3723,False,False
6294564,1032152,31540,WI,42.9186,-89.2417,3010.7692,-4.1626,98.0,30.7221,0.6111,0,1,0.3723,False,False
12195953,1040852,32820,TN,35.0496,-89.8282,1996.3846,3.8452,104.0,19.196,0.2188,0,1,0.3721,False,False
5715249,1028539,47900,VA,39.0613,-77.472,2951.6154,15.8195,107.5,27.4569,0.8884,2,2,0.3721,False,False
1254076,9131,41940,CA,37.3219,-122.0328,1764.3846,1.1956,114.5,15.4095,0.61,3,0,0.3721,False,False
6294280,1030452,41420,OR,45.0106,-122.7842,1944.3077,6.2151,107.5,18.0866,0.6471,1,0,0.3721,False,False
1252133,18385,16980,IL,41.7195,-87.7493,2219.6923,2.3408,111.0,19.9972,0.4892,2,3,0.372,False,False
2544714,9030,31080,CA,34.1505,-118.0731,2714.9231,-0.9903,115.5,23.5058,0.777,5,0,0.372,False,False
2545083,10618,25860,NC,35.7157,-81.314,4604.3846,-3.43,105.0,43.8513,0.5,1,0,0.3719,False,False
1260049,13806,41180,MO,38.508,-90.4428,3601.0,-4.1738,105.0,34.2952,0.6087,1,0,0.3718,False,False
13368291,1053277,17660,ID,47.701,-117.0236,1235.5385,27.3246,107.0,11.5471,0.2857,0,0,0.3718,False,True
13205390,1037394,40140,CA,34.1063,-117.612,1506.7692,4.0863,117.5,12.8236,0.0873,2,0,0.3718,False,True
6294816,1033568,24580,WI,44.4854,-88.0688,3344.5385,7.3264,107.5,31.112,0.8889,2,0,0.3718,False,False
7282134,1038300,24340,MI,42.6467,-85.3218,3541.0769,15.108,105.0,33.7245,0.7727,1,0,0.3717,False,False
1249451,17844,42660,WA,47.5643,-122.377,1329.2308,5.1863,118.0,11.2647,0.348,3,0,0.3717,False,True
5070375,1020376,19820,MI,42.4998,-83.3082,1542.5385,7.3501,112.0,13.7727,0.1852,1,1,0.3715,False,True
1252634,1010092,41180,MO,38.6083,-90.2408,1400.6154,-7.5501,105.0,13.3392,0.1739,0,0,0.3714,False,True
1251210,1005868,36540,NE,41.214,-96.1096,2570.6923,1.3157,108.5,23.693,0.36,1,1,0.3714,False,False
5071319,1018697,31080,CA,34.1818,-118.3845,2217.1538,0.3377,118.0,18.7894,0.6023,5,0,0.3713,False,False
1248421,10359,36740,FL,28.9338,-81.9365,3308.7692,-3.0954,105.0,31.5121,0.5824,1,1,0.3713,False,False
5428957,1019822,41740,CA,32.7913,-117.0207,2350.6154,2.6125,119.0,19.7531,0.5029,5,0,0.3713,False,False
1260009,1011011,33100,FL,25.9799,-80.3604,2732.3846,7.4603,112.0,24.3963,0.5146,2,0,0.3713,False,False
5715202,1025856,35620,NY,40.5756,-73.9775,1575.6923,-1.2534,112.0,14.0687,0.3659,2,7,0.3712,False,True
6294628,1032809,36540,NE,41.2627,-96.0481,2655.0,13.2754,108.5,24.47,0.52,1,0,0.3711,False,False
1252266,1008690,33460,MN,44.7469,-93.2954,2177.0,1.8022,112.0,19.4375,0.5333,2,0,0.371,False,False
2546751,15449,31080,CA,33.6808,-118.0047,3976.0769,3.1058,111.0,35.8205,0.9451,4,0,0.371,False,False
1253257,14324,43620,SD,43.5427,-96.731,2900.3077,-4.6313,107.5,26.9796,0.8462,2,0,0.371,False,False
12195743,15197,19740,CO,39.6231,-105.1106,3453.0,19.6051,107.5,32.1209,0.9084,2,1,0.371,False,False
2544421,7905,38060,AZ,33.3841,-111.737,2950.3846,3.2742,119.0,24.7931,0.5243,6,1,0.371,False,False
1260008,14213,33100,FL,25.9129,-80.3313,2146.3077,22.5169,112.0,19.1635,0.3099,1,0,0.3708,False,False
2547986,1015504,29820,NV,36.115,-115.202,2152.6923,7.5147,114.5,18.8008,0.3402,2,0,0.3708,False,False
1253331,13849,35620,NY,40.6315,-74.0275,2004.3846,28.6575,112.0,17.8963,0.5268,2,10,0.3706,False,False
1255084,16419,29820,NV,36.2401,-115.2494,949.2308,-2.1256,118.0,8.0443,0.0619,2,0,0.3706,False,True
1251687,1006676,35620,NJ,40.6546,-74.3028,771.3846,-7.7036,112.0,6.8874,0.1009,1,3,0.3706,False,True
2547724,1014679,36500,WA,47.0547,-122.7774,3032.7692,2.1796,108.5,27.9518,0.7857,2,0,0.3705,False,False
1254546,20208,40900,CA,38.6703,-121.727,3324.9231,8.2223,107.5,30.9295,0.9044,2,0,0.3704,False,False
6294240,1030652,38060,AZ,33.4992,-111.9178,2886.9231,3.1667,118.5,24.3622,0.5049,5,0,0.3704,False,False
1255442,11697,12420,TX,30.276,-97.8001,1433.5385,-4.8893,112.0,12.7995,0.1765,1,0,0.3702,False,True
1258024,11058,35620,NJ,40.4108,-74.1333,2278.0,-5.7539,105.0,21.6952,0.6467,1,2,0.3702,False,False
1260274,14306,33460,MN,44.7135,-93.2803,1448.6154,-1.5938,104.0,13.929,0.2556,0,1,0.3699,False,True
1259925,15418,45300,FL,28.0496,-82.6958,1584.7692,-1.4164,105.0,15.093,0.1348,0,1,0.3699,False,False
6294683,1033064,29820,NV,36.0704,-115.2073,2231.3846,5.2654,110.0,20.2853,0.3711,1,0,0.3699,False,False
5071296,1025629,31080,CA,34.4451,-118.5073,1253.8462,-2.4478,112.0,11.1951,0.2246,1,0,0.3698,False,True
2548235,1016337,33460,MN,45.0175,-93.4813,2658.1538,-0.2684,105.0,25.3158,0.6889,1,1,0.3698,False,False
1260593,8182,12260,GA,33.5121,-82.0455,2352.5385,3.0286,114.5,20.5462,0.2143,2,1,0.3697,False,False
1253021,8373,16980,IL,41.8024,-87.929,1222.7692,-4.968,112.0,10.9176,0.1344,1,1,0.3697,False,True
5070917,1019333,12060,GA,33.9056,-84.429,1659.4615,-1.6503,105.0,15.8044,0.1961,0,0,0.3696,False,False
1256409,16674,47900,MD,38.9921,-76.8782,929.9231,-5.0503,105.0,8.8564,0.2704,0,0,0.3693,False,True
5071531,1021444,46520,HI,21.577,-158.1052,151.0,31.2166,112.0,1.3482,0.0208,0,0,0.3692,False,True
1250931,91242,47260,VA,36.8141,-76.1674,1680.6154,-9.9423,114.5,14.6779,0.1905,2,1,0.369,False,False
1255058,16506,19100,TX,33.0257,-96.8418,2694.0769,0.2289,112.0,24.0543,0.3993,2,1,0.3689,False,False
1253296,1006381,26900,IN,39.9136,-86.1391,2589.6923,-16.1056,107.5,24.0902,0.4024,1,0,0.3688,False,False
1252337,1009270,40060,VA,37.6035,-77.5249,2220.1538,-6.5562,108.0,20.557,0.4737,1,0,0.3685,False,False
2545875,14107,33700,CA,37.6452,-120.9912,2259.6154,6.6785,111.0,20.3569,0.2821,1,0,0.3684,False,False
1255920,13680,19100,TX,32.866,-96.7635,2628.5385,4.6809,119.5,21.9961,0.3854,5,1,0.3683,False,False
13143371,1039645,14260,ID,43.5762,-116.354,1808.1538,-10.0834,108.5,16.665,0.4444,1,0,0.3683,False,False
2547362,1009064,41740,CA,33.203,-117.3672,824.0769,-5.4874,117.5,7.0134,0.0347,2,1,0.3683,False,True
1254788,18425,41500,CA,36.5835,-121.897,1163.6154,3.1926,113.0,10.2975,0.1852,1,0,0.3682,False,True
1259676,15343,33100,FL,25.7164,-80.274,2662.3077,1.857,112.0,23.7706,0.4912,2,0,0.3681,False,False
1250180,18805,14860,CT,41.0437,-73.5581,1669.2308,5.5037,108.5,15.3846,0.7857,2,6,0.368,False,False
1248865,9923,14500,CO,40.1906,-105.1028,1349.3077,-0.2502,104.5,12.912,0.3077,0,0,0.368,False,True
1260480,9699,42660,WA,47.2029,-122.2292,2066.7692,2.6672,106.5,19.4063,0.7255,1,0,0.3679,False,False
1251390,1006978,41940,CA,37.3788,-122.0707,1763.3846,-2.3804,114.5,15.4007,0.6,3,0,0.3678,False,False
2545688,13312,31080,CA,34.0272,-118.3928,1457.9231,1.7447,115.5,12.6227,0.2862,2,0,0.3676,False,True
5715434,1028780,14260,ID,43.6191,-116.3222,1289.3846,4.3841,114.5,11.261,0.037,1,0,0.3675,False,True
1250689,8590,28740,NY,41.9628,-73.989,2113.9231,3.6432,112.0,18.8743,0.5,2,1,0.3675,False,False
1252027,1007001,25420,PA,40.2459,-77.0144,1195.3846,-1.962,114.0,10.4858,0.4375,2,0,0.3675,False,True
5070252,1026238,16980,IL,41.9166,-87.7457,1521.6154,6.7627,114.5,13.2892,0.2392,2,5,0.3675,False,True
2544147,6679,14500,CO,39.9284,-105.1477,1743.5385,-3.4051,107.5,16.219,0.6154,1,0,0.3673,False,False
1252928,15214,16980,IL,41.902,-87.9402,1310.4615,-1.034,112.0,11.7005,0.1667,1,1,0.367,False,True
2544425,7917,33460,WI,44.9597,-92.7208,3008.2308,-1.8325,104.0,28.9253,0.8222,1,0,0.3668,False,False
2545015,10278,42660,WA,47.8461,-122.2941,1856.7692,1.3733,107.5,17.2723,0.6422,1,0,0.3668,False,False
1252888,16495,31540,WI,43.0589,-89.5023,2725.3077,11.8905,112.0,24.3331,0.5,2,1,0.3668,False,False
1260094,11536,46060,AZ,32.2205,-110.8385,1248.7692,5.9868,114.5,10.9063,0.0588,1,0,0.3668,False,True
5071462,1024946,42100,CA,37.0474,-122.0304,46.6154,-9.1454,115.5,0.4036,0.0909,1,0,0.3667,False,True
1255107,9244,36420,OK,35.5571,-97.6379,3108.8462,-0.844,112.0,27.7576,0.4255,2,0,0.3667,False,False
5428979,1019530,38060,AZ,33.6409,-112.0313,2060.2308,5.7739,115.5,17.8375,0.2524,2,0,0.3664,False,False
13368112,1044743,29820,NV,36.0366,-114.9957,2639.8462,4.6791,112.0,23.5701,0.5258,2,0,0.366,False,False
5070056,1022784,13820,AL,33.498,-86.8744,2718.3846,8.8325,105.0,25.8894,0.1667,0,0,0.3659,False,False
1260458,8159,31080,CA,33.7752,-118.1526,702.3846,5.2808,108.5,6.4736,0.0549,0,0,0.3658,False,True
5070191,1025412,16980,IL,42.167,-87.9221,1688.0769,7.2843,105.0,16.0769,0.2823,0,0,0.3657,False,False
13368255,1055789,12420,TX,30.3093,-97.9633,1534.1538,1.3878,112.0,13.6978,0.2353,1,0,0.3656,False,True
5071031,1026473,12580,MD,39.1707,-76.643,1134.7692,33.9629,107.5,10.556,0.2576,0,1,0.3656,False,True
1252301,1009059,45220,FL,30.5027,-84.3298,1624.8462,0.7825,105.0,15.4747,0.1667,0,1,0.3656,False,False
2547589,1014255,38900,OR,45.3042,-122.9553,3069.6923,4.4769,107.5,28.5553,0.9256,2,0,0.3654,False,False
1249288,17018,35620,NY,41.0989,-74.0149,1795.5385,-1.0219,112.0,16.0316,0.4385,2,3,0.3653,False,False
1255939,12853,26900,IN,39.7631,-86.3294,1954.6154,-3.0708,114.5,17.0709,0.2317,2,1,0.365,False,False
1250703,89978,16980,IL,42.2265,-88.3127,3844.8462,10.891,112.0,34.329,0.8763,4,1,0.3649,False,False
13205486,1053257,38300,PA,40.3999,-79.5842,2421.4615,34.113,105.0,23.0615,0.4127,0,0,0.3648,False,False
2547326,1008638,33100,FL,25.814,-80.1342,1346.3846,-1.4859,112.0,12.0213,0.1696,1,1,0.3645,False,True
1260715,9691,16980,IL,41.956,-88.7228,2905.2308,0.6744,105.0,27.6689,0.6909,1,1,0.3645,False,False
12196016,1008257,44260,MS,33.4541,-88.8066,4086.0,-14.7712,105.0,38.9143,0.5,1,0,0.3644,False,False
5070192,1019287,16980,IL,42.182,-87.9888,1507.0769,6.4956,105.0,14.3531,0.2339,0,1,0.3644,False,False
2544170,6776,19100,TX,32.8804,-97.0981,2599.2308,1.3801,115.5,22.5042,0.375,3,1,0.3644,False,False
2547229,1005939,40380,NY,43.1229,-77.618,2056.0769,-3.2119,114.5,17.957,0.2222,2,1,0.3642,False,False
2546000,1010145,33700,CA,37.6708,-120.9946,4092.7692,8.7279,114.5,35.7447,0.8462,5,0,0.364,False,False
1249014,10212,31080,CA,34.1686,-118.616,2275.8462,14.3509,114.5,19.8764,0.6223,3,1,0.3639,False,False
2545558,12730,42660,WA,47.9254,-122.0975,1864.8462,0.4641,107.5,17.3474,0.6471,1,0,0.3638,False,False
1251494,1009966,10740,NM,35.1969,-106.6606,2715.9231,4.4802,115.0,23.6167,0.7317,4,0,0.3637,False,False
2547691,1014556,41180,MO,38.7675,-90.2799,1989.5385,2.3992,104.0,19.1302,0.3188,0,0,0.3633,False,False
1252154,1008677,16980,IL,42.0477,-88.0463,3646.2308,-2.1772,111.0,32.8489,0.8602,4,2,0.3631,False,False
2548028,16020,18140,OH,39.9574,-82.9333,2585.9231,0.2206,112.0,23.0886,0.5088,2,0,0.3631,False,False
5428538,1023021,10540,OR,44.6317,-123.0728,1973.2308,1.721,117.5,16.7935,0.3333,3,0,0.3631,False,False
13368138,1044503,27260,FL,29.9186,-81.4154,3716.1538,15.483,105.0,35.3919,0.7234,1,1,0.363,False,False
1254373,16268,31080,CA,33.8725,-118.3786,1792.3846,6.2614,114.5,15.654,0.4077,2,0,0.3629,False,False
1254657,12417,41940,CA,37.3006,-121.7719,1415.6154,8.3932,105.0,13.4821,0.34,0,0,0.3628,False,True
1252599,1009974,10740,NM,35.0877,-106.5955,1592.8462,4.7819,112.0,14.2218,0.2683,1,0,0.3628,False,False
1250392,68129,31080,CA,33.7605,-117.8854,2686.3846,-0.9979,112.0,23.9856,0.7704,3,0,0.3628,False,False
12195723,13880,40900,CA,38.815,-121.2584,4426.3077,-0.9468,105.0,42.1553,0.9779,2,0,0.3627,False,False
1252531,11867,41180,MO,38.6265,-90.4816,1643.0769,-4.9145,105.0,15.6484,0.2029,0,0,0.3626,False,False
1249959,6339,40420,IL,42.2707,-88.971,2889.0769,1.4341,108.5,26.6274,0.3636,1,1,0.3625,False,False
5429961,1027515,47900,VA,39.0815,-77.4977,1992.4615,13.3864,107.5,18.5345,0.7425,1,0,0.3624,False,False
1249350,17265,16980,IL,42.3363,-88.03,2249.8462,6.8811,101.5,22.166,0.4973,0,1,0.3624,False,False
2544427,7931,41620,UT,40.6511,-111.9394,1275.7692,0.968,112.0,11.3908,0.2812,1,0,0.362,False,True
5070829,1021108,16740,NC,35.1814,-80.9154,1845.2308,7.6951,105.0,17.5736,0.2105,0,1,0.362,False,False
13368109,1053582,28940,TN,35.9045,-84.142,2924.9231,0.8487,115.5,25.324,0.1364,2,0,0.3618,False,False
13368192,1043874,41740,CA,32.5945,-117.0693,2053.2308,-1.0711,119.0,17.254,0.3699,4,0,0.3618,False,False
7282001,1039444,22660,CO,40.3363,-105.0961,262.4615,-5.7459,108.5,2.419,0.0714,0,0,0.3617,False,True
2547926,1015384,26900,IN,39.954,-86.1639,4294.2308,2.1426,103.0,41.6916,0.8293,1,0,0.3617,False,False
1259827,16636,35840,FL,27.2992,-82.498,1651.2308,-3.2278,105.0,15.726,0.1481,0,1,0.3617,False,False
1258352,12414,35620,NJ,40.8232,-74.1562,2985.3077,1.4243,112.0,26.6545,0.8139,4,4,0.3617,False,False
1253057,16251,36540,NE,41.2347,-96.187,2624.6154,-2.2742,108.5,24.19,0.44,1,0,0.3616,False,False
5070001,1019470,33100,FL,26.2026,-80.1539,1555.3077,8.0479,112.0,13.8867,0.193,1,2,0.3613,False,True
2544748,9164,31080,CA,34.1526,-118.4603,1341.7692,1.3068,119.0,11.2754,0.2579,3,0,0.3611,False,True
5070224,1019829,44180,MO,37.1592,-93.2817,4080.5385,2.3342,113.5,35.9519,0.4444,3,1,0.3607,False,False
5715762,1027746,31380,IL,40.4591,-90.6406,3444.1538,-6.4304,101.5,33.9326,1.0,1,0,0.3606,False,False
6294526,1031522,18140,OH,39.9732,-82.8979,1653.4615,8.3363,112.0,14.763,0.2281,1,1,0.3606,False,False
5430009,13859,23420,CA,36.8378,-119.7005,3889.0,-0.9405,112.0,34.7232,0.8667,4,0,0.3605,False,False
13143377,1043979,10900,PA,40.8155,-75.733,5253.0,11.8447,101.5,51.7537,0.9375,1,0,0.3605,False,False
1254963,1005593,19100,TX,32.9388,-97.1113,4046.9231,3.3717,113.0,35.8135,0.7153,4,1,0.3603,False,False
1250607,89869,47900,VA,38.9965,-77.2871,997.6923,-5.2455,105.0,9.5018,0.3004,0,0,0.36,False,True
1250208,7664,14860,CT,41.4136,-73.3781,1901.3846,3.6177,105.0,18.1084,0.8571,1,1,0.36,False,False
1260854,14603,28140,MO,39.0249,-94.2713,2943.2308,-3.7603,108.5,27.1266,0.3273,1,1,0.3599,False,False
1254487,16795,41740,CA,32.995,-117.2589,2674.3846,3.9714,111.0,24.0936,0.6474,2,0,0.3598,False,False
2546787,17995,19100,TX,33.0011,-96.6453,1878.1538,-4.6697,112.0,16.7692,0.1701,1,0,0.3598,False,False
1252199,12142,33460,MN,45.0996,-93.45,2904.9231,7.3237,105.0,27.6659,0.7667,1,1,0.3596,False,False
2546286,15882,38300,PA,40.3922,-80.0667,1725.1538,-0.9627,105.0,16.43,0.2381,0,0,0.3595,False,False
1249254,17909,12420,TX,30.5165,-97.6893,2785.6923,0.6392,112.0,24.8723,0.5059,2,0,0.3595,False,False
2545548,12674,14500,CO,40.1882,-105.0765,2340.3846,-0.1379,105.0,22.2894,0.8462,1,0,0.3594,False,False
1249751,6868,10740,NM,35.071,-106.533,1721.9231,4.1696,114.5,15.0386,0.4146,2,0,0.3594,False,False
2546558,17126,29340,LA,30.1845,-93.2182,4130.2308,-5.6942,107.5,38.4208,0.75,2,0,0.3594,False,False
6294478,1031626,47260,VA,36.9305,-76.3174,1055.7692,6.3624,118.0,8.9472,0.0952,2,1,0.3594,False,True
5071554,1018074,12420,TX,30.5343,-97.8178,3202.8462,-2.2261,112.0,28.5968,0.6471,3,1,0.3593,False,False
1252747,1012901,18140,OH,39.984,-83.1522,1992.6923,-6.2941,114.5,17.4034,0.2982,2,0,0.3592,False,False
1248949,10389,36500,WA,47.0478,-122.9424,2625.7692,4.8727,115.5,22.7339,0.7143,4,0,0.359,False,False
5069860,1025187,27140,MS,32.3396,-90.0675,5073.4615,7.999,102.5,49.4972,0.8333,1,0,0.3589,False,False
1260193,6565,41860,CA,37.9654,-122.3446,950.6154,7.8171,117.0,8.1249,0.3,2,0,0.3588,False,True
2545199,11043,19100,TX,33.0911,-96.6802,2369.3077,7.7372,115.0,20.6027,0.3194,2,0,0.3588,False,False
1259955,12849,12060,GA,34.2485,-84.4786,3007.1538,-0.8748,105.0,28.6396,0.6928,1,1,0.3586,False,False
2546652,17482,10900,PA,40.5602,-75.411,2415.4615,3.4289,102.5,23.5655,0.4375,0,0,0.3585,False,False
1259874,15406,39580,NC,35.905,-78.6018,3300.0,9.3551,105.0,31.4286,0.814,1,0,0.3584,False,False
6294938,1039421,36260,UT,41.0886,-112.0469,1497.3077,4.3476,106.5,14.0592,0.1765,0,0,0.3583,False,True
2547718,1014668,19100,TX,32.9263,-97.087,3618.1538,1.4253,112.0,32.3049,0.6354,3,1,0.3583,False,False
1254421,16284,41860,CA,37.8366,-122.2951,855.5385,-0.3048,117.0,7.3123,0.25,2,0,0.3582,False,True
2548101,1015882,35840,FL,27.2301,-82.4954,2982.8462,-0.1828,105.0,28.4081,0.7037,1,1,0.358,False,False
1253098,1013262,14720,CO,39.631,-106.0705,1205.9231,4.9541,112.0,10.7672,0.6667,2,1,0.3579,False,True
12195689,1030867,42660,WA,47.4452,-122.1508,3161.5385,2.9379,107.5,29.4097,0.9363,2,0,0.3579,False,False
6294140,1030869,49220,WI,44.6834,-90.161,2814.3846,-8.5782,101.5,27.7279,1.0,1,1,0.3578,False,False
6294851,1033383,37980,PA,40.0491,-75.0594,1832.9231,1.6423,112.0,16.3654,0.4672,2,4,0.3577,False,False
2548232,1016333,41180,MO,38.6993,-90.4211,3754.0769,-1.1745,98.0,38.3069,0.6812,0,0,0.3575,False,False
1248392,9637,14010,IL,40.5065,-88.9553,3044.3077,-1.5155,111.0,27.4262,0.5,2,1,0.3575,False,False
1253372,9693,42020,CA,35.5843,-120.697,3333.4615,-6.2459,105.0,31.7473,0.6875,1,0,0.3574,False,False
7282146,1039657,24660,NC,36.0024,-79.9056,2138.4615,4.2331,112.0,19.0934,0.2222,1,0,0.3574,False,False
1248665,7213,29260,OR,45.3334,-118.0679,1263.1538,0.5881,105.0,12.03,1.0,1,0,0.3574,False,True
1255022,15063,41740,CA,32.9513,-117.0674,2520.3846,1.6631,107.5,23.4454,0.6069,1,0,0.3573,False,False
5071431,1022778,42660,WA,47.8777,-122.2032,3250.0,4.3364,107.5,30.2326,0.9412,2,0,0.3571,False,False
1254967,15518,12420,TX,30.2222,-97.8373,1633.3077,3.9101,112.0,14.5831,0.2824,1,0,0.357,False,False
5069786,1024326,30460,KY,38.1839,-84.567,566.0,1.1687,115.5,4.9004,0.0588,1,0,0.3569,False,True
13368407,1038987,26900,IN,39.8675,-86.1217,1311.8462,0.294,114.5,11.4572,0.0488,1,0,0.3569,False,True
12195703,1031154,40380,NY,43.113,-77.5499,2538.1538,-3.0898,112.0,22.6621,0.4444,2,1,0.3568,False,False
12195735,14485,33340,WI,43.0745,-88.4678,3570.3077,-3.5212,107.5,33.2122,0.8431,2,0,0.3566,False,False
1259696,11427,36740,FL,28.6464,-81.2678,1953.9231,-3.2895,112.0,17.4457,0.1868,1,0,0.3566,False,False
1255477,14069,38060,AZ,33.5234,-112.0471,2028.0769,1.0502,118.0,17.1871,0.2282,3,1,0.3565,False,False
5069857,1024540,32820,MS,34.9355,-89.9893,1923.1538,-5.7846,105.0,18.3158,0.1875,0,0,0.3565,False,False
1259985,15090,40900,CA,38.6768,-121.1981,2383.6923,4.0949,100.5,23.7183,0.5882,0,1,0.3564,False,False
1258873,18109,40380,NY,43.0284,-77.4386,2697.4615,3.7455,112.0,24.0845,0.5556,2,0,0.3563,False,False
2544431,7951,36740,FL,28.6597,-81.3389,2125.3077,4.1975,111.0,19.1469,0.2198,1,2,0.3561,False,False
1255318,17714,23420,CA,36.5188,-119.5574,1371.0769,5.0386,114.5,11.9745,0.0833,1,0,0.3561,False,True
6294813,1033365,33460,MN,44.7222,-93.1776,3495.0,0.6714,107.5,32.5116,0.8889,2,0,0.3559,False,False
2547940,1015405,41740,CA,32.8376,-116.9672,1992.3846,-0.0656,117.5,16.9565,0.341,3,0,0.3557,False,False
6294451,1031375,16860,TN,35.144,-85.2498,1669.9231,-1.707,112.0,14.91,0.1667,1,1,0.3557,False,False
2548058,1015722,14500,CO,40.1528,-105.1067,1706.0,1.7293,108.5,15.7235,0.5385,1,1,0.3557,False,False
5715339,1026327,16980,IL,42.3464,-88.2817,2796.0,-3.9759,105.0,26.6286,0.664,1,2,0.3557,False,False
2546546,17066,28140,KS,38.8844,-94.645,2617.2308,5.727,105.0,24.926,0.2,0,0,0.3555,False,False
2547407,1010061,38060,AZ,33.4642,-112.0654,3071.5385,9.6165,119.0,25.8112,0.5534,5,0,0.3554,False,False
6294488,1031388,37980,PA,40.135,-75.2088,1406.6923,-1.0765,105.0,13.3971,0.2263,0,1,0.3554,False,True
7282294,1038403,26900,IN,39.6951,-86.0749,2294.0,-1.8367,114.5,20.0349,0.3171,2,0,0.3554,False,False
5069831,1018057,16860,TN,35.0048,-85.1506,2369.6923,4.1377,104.0,22.7855,0.25,0,1,0.3554,False,False
1252164,1008777,13740,MT,45.7838,-108.5389,2626.0769,2.6181,106.5,24.658,0.7143,1,0,0.3553,False,False
1252238,1007781,39580,NC,35.8463,-78.8874,4643.4615,-2.2097,105.0,44.2234,0.9767,2,0,0.3553,False,False
1260468,10343,45300,FL,27.7712,-82.7281,1730.2308,2.0878,105.0,16.4784,0.1685,0,2,0.3552,False,False
2547616,1014349,35620,NY,40.7036,-73.809,791.9231,4.6878,112.0,7.0707,0.1073,1,18,0.3552,False,True
2547758,1014759,12060,GA,33.7922,-84.2868,1768.8462,3.9275,111.5,15.8641,0.2549,1,1,0.3551,False,False
5071092,1025824,47260,VA,36.862,-76.468,2263.2308,28.0832,112.0,20.2074,0.4127,1,0,0.3549,False,False
2547722,1014675,37980,PA,40.0512,-75.6624,2591.4615,-6.2345,105.0,24.6806,0.7153,1,1,0.3549,False,False
6294202,1030795,41620,UT,40.5373,-112.0195,1929.2308,6.5375,108.5,17.7809,0.625,1,0,0.3549,False,False
5070141,1026059,16980,IL,41.5141,-87.9652,712.1538,3.6498,114.5,6.2197,0.0565,1,2,0.3548,False,True
2548297,1016564,23420,CA,36.8348,-119.9185,1559.4615,9.2236,114.5,13.6198,0.1,1,0,0.3548,False,True
1249209,10310,34900,CA,38.3207,-122.3105,861.9231,-1.9256,118.0,7.3044,0.4286,3,0,0.3547,False,True
2548405,1017212,22900,AR,35.339,-94.3827,2053.3077,2.3897,111.0,18.4983,0.3333,1,0,0.3547,False,False
1248644,7841,16980,IL,41.8609,-87.9817,2393.3077,-8.789,110.5,21.6589,0.5376,2,2,0.3547,False,False
5070318,1025103,19820,MI,42.5804,-83.6116,3699.0769,2.4391,105.0,35.2293,0.7284,1,0,0.3546,False,False
6294129,1031177,38900,WA,45.6316,-122.6677,1945.9231,12.1321,108.5,17.9348,0.6694,1,0,0.3546,False,False
5715770,1028730,41740,CA,32.7764,-117.1546,2355.1538,0.2718,115.5,20.3909,0.5087,3,0,0.3546,False,False
1259911,12857,39580,NC,35.8271,-78.7709,1633.6923,5.5934,105.0,15.559,0.3256,0,0,0.3546,False,False
1254434,15941,41940,CA,37.3521,-121.9367,973.0,15.897,114.5,8.4978,0.16,1,1,0.3546,False,True
1251658,1007202,33460,MN,45.0572,-93.1477,2273.2308,4.3392,108.5,20.9514,0.5667,1,0,0.3546,False,False
6294755,1033158,39580,NC,35.7381,-78.7981,2640.6923,-8.0687,105.0,25.1495,0.7674,1,0,0.3546,False,False
5715253,1028752,41860,CA,38.1018,-122.5699,2228.4615,2.7086,114.5,19.4625,0.865,4,0,0.3545,False,False
7282051,1039110,48700,PA,41.241,-76.8337,4422.3846,4.3299,101.5,43.5703,1.0,1,0,0.3544,False,False
1253444,14978,33860,AL,32.3579,-86.1696,2190.6154,3.2223,112.0,19.5591,0.2222,1,0,0.3543,False,False
1258967,14784,47900,VA,38.8715,-77.2612,1673.3846,1.5166,107.5,15.5664,0.6524,1,1,0.3541,False,False
1260303,14525,10740,NM,35.1146,-106.5337,2157.4615,7.2379,112.0,19.263,0.5854,2,1,0.3539,False,False
5715435,1028915,26820,ID,43.4673,-111.9823,2247.8462,3.0831,107.5,20.9102,0.6667,1,0,0.3538,False,False
5070120,1023288,15980,FL,26.5688,-81.8713,1547.7692,-4.0807,105.0,14.7407,0.1905,0,1,0.3538,False,False
11883997,1039513,16980,IL,41.5794,-87.794,1363.0,-5.1344,112.0,12.1696,0.1868,1,1,0.3536,False,True
1252310,13606,18140,OH,40.1417,-82.988,4389.0769,-2.9131,111.0,39.5412,0.9298,4,0,0.3536,False,False
2545960,14421,31340,VA,37.4468,-79.2176,2329.0,0.3347,105.0,22.181,0.2,0,0,0.3536,False,False
13285000,1054007,45220,FL,30.203,-84.3671,1565.5385,4.1449,107.5,14.5631,0.0833,0,0,0.3536,False,False
1249376,6870,35620,NY,40.6263,-73.736,1489.0,12.5211,112.0,13.2946,0.3155,1,1,0.3534,False,True
1250087,9888,40060,VA,37.6071,-77.3563,3853.3077,11.3871,105.0,36.6982,0.7895,1,0,0.3533,False,False
1259609,7189,35620,NY,40.5813,-73.9854,1652.9231,-4.6969,112.0,14.7582,0.3975,2,8,0.3532,False,False
1251122,15517,41700,TX,29.5701,-98.327,3298.8462,5.9805,114.0,28.9372,0.5325,3,1,0.353,False,False
1251620,1006786,19740,CO,39.6378,-104.8285,1005.3846,-0.9173,107.5,9.3524,0.1221,0,0,0.3527,False,True
2544605,8593,19380,OH,39.7768,-84.0703,3031.0769,10.8816,107.5,28.1961,0.5714,1,1,0.3527,False,False
1252287,13605,16980,IL,41.947,-88.2071,3461.8462,9.6696,98.0,35.325,0.828,0,0,0.3525,False,False
5715420,1029588,12580,MD,39.3646,-76.7129,1133.0769,3.2163,105.0,10.7912,0.2424,0,3,0.3522,False,True
2547405,1010049,41860,CA,37.9985,-122.2865,1215.0,3.8735,118.0,10.2966,0.44,3,0,0.3521,False,True
1249005,10235,40140,CA,33.9834,-117.714,970.3077,3.1314,115.5,8.4009,0.0349,1,0,0.3521,False,True
1255654,16526,47900,VA,38.8345,-77.413,635.4615,4.8217,108.5,5.8568,0.1245,0,0,0.352,False,True
7281904,1027503,28140,MO,39.247,-94.5952,3908.3077,21.9177,107.5,36.3564,0.6364,1,0,0.352,False,False
5715475,1017321,42660,WA,47.7769,-122.3437,1110.3077,4.9211,118.0,9.4094,0.1814,2,0,0.3519,False,True
2545473,12347,19100,TX,32.9987,-96.7942,1381.6923,1.1374,114.5,12.0672,0.0694,1,0,0.3519,False,True
2545256,11310,31080,CA,33.8037,-117.8873,3144.3846,0.9035,113.5,27.7038,0.8636,4,0,0.3518,False,False
1260065,13839,12540,CA,35.3689,-119.0185,2771.9231,5.5229,112.0,24.7493,0.5106,2,1,0.3518,False,False
6294892,1033865,16980,IL,42.012,-87.6899,2467.3077,15.7149,114.5,21.5485,0.5726,3,4,0.3517,False,False
1260630,8040,19740,CO,39.6523,-104.7731,1821.0769,7.5895,114.5,15.9046,0.4656,2,0,0.3517,False,False
1249417,17277,33100,FL,26.0338,-80.1758,1705.6923,5.5252,112.0,15.2294,0.2398,1,1,0.3516,False,False
13143370,1038842,38060,AZ,33.2769,-111.8754,820.3846,2.0379,119.0,6.894,0.0243,2,1,0.3514,False,True
1250185,10659,35620,NJ,40.6203,-74.7644,1513.4615,1.7269,105.0,14.4139,0.3249,0,0,0.3513,False,False
2546847,18322,17140,OH,39.3787,-84.3786,4686.0,-2.5484,108.0,43.3889,0.7,2,0,0.3513,False,False
2546769,17935,41740,CA,32.7279,-117.2177,1731.1538,-1.4581,118.0,14.6708,0.2659,3,1,0.3513,False,False
5430037,1026664,35840,FL,27.3588,-82.5492,2016.0,1.2048,105.0,19.2,0.1852,0,1,0.3512,False,False
1260083,13814,26900,IN,39.7777,-86.2896,2189.8462,6.7617,105.0,20.8557,0.2805,0,0,0.3511,False,False
1260574,12132,10900,PA,40.7163,-75.284,2250.8462,1.7385,111.0,20.2779,0.25,1,1,0.351,False,False
1252029,1008875,47900,VA,38.8661,-77.3604,1792.4615,5.5201,112.0,16.0041,0.6996,2,0,0.351,False,False
5070039,1019049,37860,FL,30.4172,-87.2037,2919.5385,5.3926,105.0,27.8051,0.1818,0,0,0.351,False,False
1253368,14417,26420,TX,29.5962,-95.6224,1690.0769,-11.7524,121.0,13.9676,0.1719,4,0,0.351,False,True
5715720,1029105,26620,AL,34.7203,-86.584,3563.2308,-5.332,112.0,31.8146,0.6923,3,0,0.3507,False,False
5428598,1018110,33100,FL,25.7492,-80.2605,1713.0769,-2.9841,112.0,15.2953,0.2456,1,0,0.3506,False,False
1248897,16950,19740,CO,39.7673,-105.2344,1478.5385,-0.7282,105.0,14.0813,0.313,0,0,0.3506,False,True
12195722,1033550,41700,TX,29.5518,-98.6643,3742.1538,-1.1521,112.0,33.4121,0.6364,3,1,0.3505,False,False
5070188,1014755,16980,IL,41.9368,-88.082,1637.8462,7.7749,112.0,14.6236,0.2715,1,1,0.3505,False,False
6294886,1039585,30700,NE,40.7401,-96.6049,2366.0,7.9228,105.0,22.5333,0.2,0,1,0.3505,False,False
11884031,1039782,12420,TX,30.3941,-97.8674,1748.6923,-13.8673,114.5,15.2724,0.3059,2,0,0.3504,False,False
5715564,1014249,17660,ID,47.6946,-116.7886,2477.3846,2.7862,114.5,21.6365,0.8571,4,0,0.3502,False,False
2544740,9141,35620,NY,40.7977,-73.7001,1359.2308,3.1704,112.0,12.136,0.2713,1,1,0.35,False,True
1251812,1007045,26820,ID,43.4821,-112.0157,1636.2308,3.974,105.0,15.5832,0.3333,0,0,0.3499,False,False
1250555,91289,41500,CA,36.5384,-121.9096,2159.0769,7.7839,108.5,19.8993,0.6296,1,0,0.3499,False,False
5070988,1020690,16700,SC,32.8648,-79.9055,1316.2308,-1.5478,107.5,12.244,0.087,0,0,0.3498,False,True
1249023,17797,16980,IL,42.005,-87.8842,2185.6923,2.4482,108.5,20.1446,0.4704,1,2,0.3498,False,False
1260879,7121,16980,IL,42.217,-87.8202,1783.5385,3.9172,105.0,16.9861,0.3145,0,0,0.3498,False,False
11884030,1039898,32900,CA,37.362,-120.6136,1900.6923,4.275,112.0,16.9705,0.2857,1,0,0.3497,False,False
13368343,1055304,35620,NY,40.7066,-73.8967,1481.2308,30.7619,112.0,13.2253,0.306,1,10,0.3497,False,True
1254227,11756,38060,AZ,33.6717,-112.2024,2662.6154,6.0998,115.5,23.0529,0.432,3,2,0.3495,False,False
1253433,12690,37980,DE,39.6042,-75.7478,1416.5385,-0.0705,112.0,12.6477,0.2409,1,1,0.3493,False,True
1249936,6892,12420,TX,30.5269,-97.8145,3452.5385,2.8247,112.0,30.8262,0.7059,3,1,0.3493,False,False
1260428,1015466,40900,CA,38.6636,-121.2273,2322.3077,-0.5141,101.5,22.8799,0.5588,0,0,0.3493,False,False
13368245,1039347,19740,CO,39.7398,-105.1082,1602.0769,5.24,105.0,15.2579,0.3511,0,0,0.3493,False,False
5071472,1020422,44700,CA,38.1144,-121.3923,1641.7692,8.3236,108.0,15.2016,0.075,0,0,0.3493,False,False
5715422,1029577,35620,NY,40.7217,-73.8433,2264.4615,-47.6527,112.0,20.2184,0.6341,5,12,0.3491,False,False
13205443,1044744,17460,OH,41.4687,-81.9882,1415.7692,-10.638,115.5,12.2577,0.2037,2,1,0.349,False,True
5715628,1028156,33340,WI,43.1413,-87.9135,1492.2308,9.4258,107.5,13.8812,0.1569,0,0,0.3489,False,True
1256330,17573,47900,MD,39.0406,-77.1561,1642.2308,55.2767,105.5,15.5662,0.6352,0,1,0.3487,False,False
1253083,17643,36420,OK,35.6379,-97.4841,4753.7692,13.8606,98.0,48.5078,0.7234,0,0,0.3485,False,False
13368305,1043606,18140,OH,39.9706,-83.1497,1958.8462,3.782,112.0,17.4897,0.2807,1,0,0.3484,False,False
1255150,11347,41740,CA,32.6148,-117.0264,4464.3846,5.876,102.5,43.555,0.948,1,0,0.3483,False,False
11884056,1040756,26420,TX,29.5565,-95.3728,903.4615,-10.9485,121.5,7.4359,0.0271,3,0,0.3483,False,True
6294418,1030855,19100,TX,32.8101,-96.63,904.6923,5.0371,120.0,7.5391,0.0208,2,0,0.3483,False,True
11884484,1044759,15380,NY,42.9721,-78.6392,1477.4615,-4.4238,105.0,14.0711,0.2941,0,0,0.3482,False,True
1250029,16999,38900,OR,45.4974,-122.6257,1001.7692,7.4948,114.5,8.7491,0.1901,1,0,0.3478,False,True
1249972,10503,10740,NM,35.1527,-106.4991,1623.9231,0.5669,105.0,15.4659,0.3171,0,0,0.3478,False,False
13284993,1053636,23060,IN,41.1791,-85.0807,1960.6923,41.3151,108.5,18.0709,0.1875,0,1,0.3476,False,False
13368355,1044487,46140,OK,36.133,-95.95,2519.7692,6.3125,112.0,22.4979,0.24,1,0,0.3475,False,False
1249281,17284,16980,IN,41.438,-87.4691,2557.3077,3.9231,107.5,23.7889,0.5941,1,1,0.3475,False,False
5071243,1019312,41860,CA,37.8843,-122.2979,683.2308,8.2511,119.0,5.7414,0.185,2,0,0.3475,False,True
5070410,1018136,48820,MN,45.105,-95.0421,4803.0769,5.7642,101.5,47.321,1.0,1,0,0.3473,False,False
1249733,6930,37980,PA,40.0321,-75.2139,1628.8462,20.2374,105.0,15.5128,0.3358,0,3,0.3473,False,False
1250064,10554,49700,CA,39.127,-121.6359,2533.3846,1.8178,114.5,22.1256,0.2857,2,1,0.3472,False,False
13205528,8555100,26620,AL,34.716,-86.6742,1379.6154,1.1791,108.0,12.7742,0.0769,0,0,0.3471,False,True
7282433,1031591,27260,FL,30.294,-81.6046,1090.5385,-0.9571,107.5,10.1445,0.0638,0,1,0.3471,False,True
1251243,1005639,33340,WI,42.9196,-88.1081,1976.2308,-1.9615,105.0,18.8212,0.2549,0,0,0.347,False,False
13368269,1043830,16300,IA,42.0101,-91.6355,3792.3077,4.1051,101.5,37.3626,0.4286,0,0,0.3469,False,False
1259019,11226,44300,PA,40.7928,-77.8635,2375.3846,4.749,112.0,21.2088,1.0,4,3,0.3469,False,False
1248745,17389,29820,NV,36.2878,-115.1787,3214.5385,3.2822,110.0,29.2231,0.7423,2,0,0.3469,False,False
1257552,12450,47260,VA,36.7995,-76.1779,2070.9231,1.0206,114.5,18.0867,0.3333,2,1,0.3469,False,False
13143411,1043378,45060,NY,43.0065,-75.9845,1543.8462,-10.7603,104.0,14.8447,0.2727,0,1,0.3469,False,False
1252625,11169,18140,OH,39.8784,-83.0613,2181.6154,-1.9838,114.5,19.0534,0.3684,2,0,0.3467,False,False
1248936,18358,44700,CA,37.8256,-121.2363,3140.3846,0.6509,107.5,29.2129,0.575,1,0,0.3466,False,False
6294595,1032492,25060,MS,30.3898,-88.9913,4804.0769,-2.3424,106.0,45.3215,0.5,1,0,0.3465,False,False
2545693,13329,41860,CA,37.757,-122.253,1763.5385,6.2816,112.0,15.7459,0.73,2,0,0.3465,False,False
5715485,1007325,34980,TN,35.8615,-86.4444,3487.3077,4.0557,110.5,31.5593,0.5882,2,1,0.3464,False,False
1248914,6361,41180,MO,38.557,-90.3811,1875.8462,-4.939,105.0,17.8652,0.2464,0,0,0.3464,False,False
11883978,1040031,16980,IL,41.788,-87.6835,1011.0769,21.2099,115.0,8.792,0.0887,1,4,0.3464,False,True
6294423,1031169,19100,TX,33.1883,-96.8401,1675.1538,11.4027,121.5,13.7873,0.1215,3,0,0.3464,False,True
11883868,1039061,35620,NJ,40.8214,-74.4087,2505.6923,-9.0417,105.0,23.8637,0.7003,1,2,0.3463,False,False
1249291,18110,45780,OH,41.617,-83.6652,1852.3846,6.5861,107.5,17.2315,0.1,0,0,0.3463,False,False
1260379,14310,33340,WI,42.9905,-88.0479,5130.7692,-1.2978,104.0,49.3343,1.0,2,1,0.3463,False,False
1252868,11665,16980,IL,42.1018,-87.7704,1857.1538,2.3703,104.0,17.8572,0.3414,0,1,0.3462,False,False
11884152,1040253,31080,CA,33.9694,-118.099,1872.5385,2.4278,114.5,16.354,0.4426,2,0,0.3462,False,False
1260433,9773,41740,CA,33.2315,-117.3076,1452.2308,1.7681,117.5,12.3594,0.1908,2,0,0.3462,False,True
1254685,15614,41740,CA,32.6312,-117.0892,2512.2308,0.3873,112.0,22.4306,0.5954,2,0,0.3462,False,False
2547987,1015505,41860,CA,37.669,-121.8573,1812.1538,1.2246,107.5,16.8572,0.74,1,0,0.3462,False,False
11884086,1039779,38900,OR,45.1529,-122.605,2159.3077,6.9209,107.5,20.0866,0.7438,1,0,0.3461,False,False
5070853,1018133,11700,NC,35.4455,-82.5327,5050.1538,9.7566,105.0,48.0967,1.0,2,1,0.3459,False,False
1251984,1008864,33100,FL,26.722,-80.0875,2434.3846,-6.3421,112.0,21.7356,0.4094,2,3,0.3456,False,False
2544681,8902,41860,CA,37.9287,-122.3214,1424.6154,7.9506,114.5,12.4421,0.545,2,0,0.3456,False,True
5070072,1023228,35840,FL,27.1398,-82.4599,1503.7692,-19.339,105.0,14.3216,0.1111,0,1,0.3453,False,False
1255492,12057,23420,CA,36.809,-119.7835,3105.6154,9.9123,114.5,27.1233,0.65,3,0,0.3453,False,False
5070333,1026891,19780,IA,41.5966,-93.8084,3875.6923,1.3722,108.5,35.7207,0.7273,2,1,0.3451,False,False
1260045,13777,14020,IN,39.1658,-86.4985,2303.3077,3.298,114.5,20.1162,0.3333,2,1,0.3451,False,False
13143405,1053881,31860,MN,44.1664,-93.9824,742.3846,-45.8478,108.5,6.8423,0.3333,1,1,0.3451,False,True
5715350,1029509,16540,PA,39.7493,-77.5681,1246.5385,33.6495,107.5,11.5957,0.3333,0,1,0.345,False,True
6294710,1033147,45300,FL,27.7232,-82.7401,1963.3077,7.2125,105.0,18.6982,0.2697,0,1,0.3449,False,False
11883968,1039593,24660,NC,36.0733,-79.7965,2264.3077,-0.1425,111.0,20.3992,0.3333,1,0,0.3448,False,False
1249157,18304,42660,WA,48.1005,-122.1817,1511.3846,6.4413,115.5,13.0856,0.4216,2,0,0.3447,False,True
5070552,1027054,35620,NY,41.1789,-73.755,2224.6154,0.742,101.5,21.9174,0.6025,0,0,0.3447,False,False
5070418,1018205,43620,SD,43.5469,-96.6843,1195.9231,1.7674,107.5,11.1249,0.1538,0,0,0.3447,False,True
13368362,1039618,24540,CO,40.4209,-104.8102,2983.8462,37.6704,108.5,27.5009,0.8,1,0,0.3447,False,False
1252417,66170,23060,IN,41.0342,-85.2577,3344.5385,0.8279,107.5,31.112,0.5625,1,0,0.3446,False,False
1250188,10511,28420,WA,46.2577,-119.3104,3023.5385,2.5624,110.0,27.4867,0.7692,2,0,0.3445,False,False
6294795,1033855,19100,TX,33.2155,-96.6621,5479.3077,4.1495,105.0,52.1839,0.9132,2,1,0.3444,False,False
1253576,18562,44060,WA,47.6619,-117.1957,3468.9231,0.6405,107.5,32.2691,0.9444,2,0,0.3443,False,False
1252434,1009544,10580,NY,42.7715,-73.8233,1577.6923,5.104,105.0,15.0256,0.2632,0,2,0.3442,False,False
1259906,1010059,35840,FL,27.4481,-82.5759,3009.2308,2.1037,105.0,28.6593,0.7407,1,2,0.3442,False,False
7282267,16540,23420,CA,36.8735,-119.7767,2087.1538,3.66,115.5,18.0706,0.3333,2,0,0.3441,False,False
5070152,1022222,16980,IL,41.7695,-88.0699,1474.0769,0.1882,112.0,13.1614,0.2177,1,2,0.3441,False,True
1251383,1005880,40900,CA,38.9227,-121.059,2751.6923,15.0373,111.5,24.6789,0.7647,2,0,0.344,False,False
1252541,1009826,31140,KY,38.2927,-85.5605,3376.4615,-0.7574,112.0,30.147,0.5,2,0,0.3439,False,False
5071672,1022436,36420,OK,35.5372,-97.5324,1485.1538,2.7187,114.5,12.9708,0.1064,1,0,0.3438,False,True
2544207,6943,39900,NV,39.584,-119.7404,1572.6154,0.1126,113.5,13.8556,0.1786,1,0,0.3438,False,True
5071646,1022894,19740,CO,39.7404,-104.8144,2021.9231,8.6067,110.0,18.3811,0.542,1,0,0.3437,False,False
11884336,1042901,16740,NC,35.4149,-80.6669,3481.4615,0.542,112.0,31.0845,0.7105,3,1,0.3436,False,False
11884184,1032985,12860,NY,43.0087,-78.2074,1420.7692,9.3806,105.0,13.5311,1.0,1,2,0.3435,False,True
1250250,1005543,40900,CA,38.6133,-121.2706,1897.2308,3.9097,115.5,16.4262,0.3603,2,0,0.3435,False,False
1257058,18549,26420,TX,29.7698,-95.6072,2086.4615,3.9313,112.0,18.6291,0.2896,1,0,0.3435,False,False
1253787,7214,44060,WA,47.7157,-117.4368,1894.0769,8.0667,114.5,16.5422,0.5,2,0,0.3431,False,False
1258173,13546,47900,VA,38.9513,-77.4087,892.8462,10.1756,114.5,7.7978,0.2489,1,0,0.3431,False,True
13205436,1055600,34380,MI,43.5851,-84.7669,2541.9231,-4.0199,112.0,22.6957,0.5,2,1,0.3429,False,False
6294217,1030785,39580,NC,35.8573,-78.8421,1741.8462,9.2593,105.0,16.589,0.3953,0,0,0.3428,False,False
5715589,1028150,16980,IL,42.185,-88.4213,32.3846,-43.414,107.5,0.3013,0.0027,0,1,0.3427,False,True
6294160,1030871,22660,CO,40.529,-105.0764,1817.4615,7.7923,112.0,16.2273,0.3571,1,0,0.3426,False,False
1249492,17154,33100,FL,25.6864,-80.3647,1638.7692,2.3886,112.0,14.6319,0.2222,1,2,0.3425,False,False
1260799,17778,46060,AZ,32.2221,-110.9183,2497.0,9.6063,112.0,22.2946,0.6176,2,1,0.3425,False,False
2546240,15666,40140,CA,33.5663,-117.2045,3450.2308,3.2005,111.0,31.0832,0.6332,2,0,0.3425,False,False
5715204,1027949,15980,FL,26.44,-81.772,2320.7692,-11.1,112.0,20.7212,0.4286,2,2,0.3424,False,False
1256676,69034,41860,CA,37.9279,-122.5176,3360.2308,0.7775,103.5,32.466,0.965,1,0,0.3422,False,False
1260144,1011149,31080,CA,33.9991,-118.0556,1897.7692,2.3396,114.5,16.5744,0.4576,2,0,0.3422,False,False
1259835,17583,45300,FL,28.0141,-82.7095,2363.3846,21.3764,105.0,22.5084,0.3483,0,1,0.342,False,False
5070551,1017218,35620,NY,40.9845,-73.777,1258.7692,-10.2359,105.0,11.9883,0.2334,0,1,0.342,False,True
1251618,1006986,39580,NC,35.8557,-78.5804,1450.7692,-4.7042,112.0,12.9533,0.2326,1,1,0.342,False,True
5071299,1021202,37100,CA,34.1666,-118.8335,889.6923,2.6629,120.0,7.4141,0.0444,2,0,0.342,False,True
1251344,1007090,18140,OH,39.9289,-82.7875,4635.0,-13.4566,105.0,44.1429,0.9474,2,0,0.3419,False,False
12195796,12111,12580,MD,39.406,-76.7874,2864.9231,-26.134,112.0,25.5797,0.7879,4,1,0.3419,False,False
1250146,8661,41420,OR,44.9674,-122.9832,2329.1538,2.3769,107.5,21.6665,0.7059,1,0,0.3419,False,False
1250403,68133,16980,IL,42.0117,-87.8006,2280.7692,4.6298,112.0,20.364,0.5108,2,4,0.3419,False,False
1255176,15557,40140,CA,33.9113,-117.4615,3156.5385,-0.1533,119.0,26.5255,0.5284,5,0,0.3416,False,False
1251368,1007021,41940,CA,37.3199,-121.9732,1508.9231,6.5392,112.0,13.4725,0.39,1,0,0.3415,False,True
1260820,7921,12100,NJ,39.3312,-74.5951,1844.3077,3.1536,112.0,16.467,0.25,1,1,0.3415,False,False
1249560,6639,12060,GA,33.9006,-84.4778,1825.7692,-2.16,114.5,15.9456,0.3203,2,2,0.3413,False,False
5071103,1021782,31340,VA,37.3934,-79.2338,3126.6154,7.8057,103.0,30.3555,0.4,0,0,0.3413,False,False
2546838,18274,19820,MI,42.5438,-83.7874,2053.1538,11.1754,111.0,18.4969,0.3951,1,1,0.3412,False,False
2546799,18054,35620,NJ,40.65,-74.6416,1472.0769,6.4705,105.0,14.0198,0.3028,0,2,0.3411,False,True
1251110,116413,26420,TX,29.7466,-95.3767,3314.3077,9.2555,122.5,27.0556,0.6425,8,0,0.341,False,False
6294815,1033373,44620,WI,44.4535,-89.5258,2222.4615,4.0516,104.0,21.3698,0.3333,0,1,0.341,False,False
1249993,6970,17140,OH,39.3537,-84.3671,5837.0,-0.4186,107.5,54.2977,0.9,3,1,0.3409,False,False
5069948,1024529,17140,OH,39.1605,-84.2775,5109.7692,49.6744,107.5,47.5327,0.78,1,0,0.3409,False,False
5715506,1029595,16860,TN,35.0982,-85.3281,411.5385,-2.9566,108.5,3.793,0.0833,0,1,0.3408,False,True
1255113,11792,31080,CA,33.7163,-117.9716,1766.0,0.1352,118.0,14.9661,0.3943,3,0,0.3408,False,False
1254518,11948,41860,CA,38.0911,-122.5549,1247.1538,4.2034,115.5,10.7979,0.455,2,0,0.3408,False,True
12195653,11725,28420,WA,46.2987,-119.2747,3859.4615,8.7974,109.0,35.4079,0.8462,2,0,0.3407,False,False
5430126,1024927,41740,CA,32.9368,-117.0995,2939.8462,4.7413,111.0,26.4851,0.711,2,0,0.3407,False,False
1257453,16540,23420,CA,36.8735,-119.7766,2235.6154,5.7875,115.5,19.356,0.35,2,0,0.3406,False,False
1250058,6589,16740,NC,35.442,-80.857,3754.2308,-2.2336,105.0,35.7546,0.75,1,0,0.3403,False,False
5429395,18549,26420,TX,29.7698,-95.6072,2125.3077,3.588,112.0,18.976,0.2986,1,0,0.3399,False,False
12195712,1032008,40900,CA,38.9216,-121.057,1925.3077,3.1401,115.5,16.6693,0.3676,2,0,0.3399,False,False
1253324,16857,29200,IN,40.4529,-86.9153,2652.8462,1.6296,112.0,23.6861,0.2222,1,0,0.3398,False,False
5428930,1020529,12540,CA,35.354,-119.058,2461.6923,10.4203,118.0,20.8618,0.4043,3,0,0.3397,False,False
1248780,10245,31140,KY,38.253,-85.6606,2666.0769,3.0843,112.0,23.8043,0.2333,1,0,0.3397,False,False
5070804,1018682,16740,NC,35.054,-80.7691,3314.7692,-15.9689,112.0,29.5962,0.6842,3,0,0.3396,False,False
6294152,1030936,19100,TX,32.8362,-97.0049,1463.2308,3.6904,119.0,12.2961,0.0799,2,0,0.3395,False,True
1258750,18297,19740,CO,39.6536,-104.9158,1682.9231,-0.1005,114.5,14.698,0.4046,2,1,0.3394,False,False
6294807,1033871,43620,SD,43.4744,-96.7293,2007.1538,10.1017,105.0,19.1158,0.3846,0,0,0.3393,False,False
13143395,1055504,36500,WA,46.9484,-122.619,1224.2308,1.8951,108.5,11.2832,0.0714,0,0,0.3393,False,True
1254573,14866,41740,CA,32.78,-117.1296,1398.7692,2.6996,118.0,11.854,0.185,2,0,0.3392,False,True
5070835,1023877,17900,SC,34.1403,-80.9519,1559.2308,-3.2089,114.5,13.6177,0.0714,1,0,0.339,False,True
6294850,1033543,47900,VA,39.0836,-77.5628,796.6154,7.0498,107.5,7.4104,0.2103,0,1,0.3389,False,True
11884236,1039949,42660,WA,47.2393,-122.3586,2194.7692,6.5183,107.5,20.4165,0.7696,1,0,0.3389,False,False
5071959,1019820,31080,CA,33.9777,-118.3699,632.7692,2.5942,122.5,5.1655,0.0449,3,1,0.3388,False,True
11883856,1042471,33100,FL,25.7312,-80.2542,3261.0,-8.391,112.0,29.1161,0.6842,3,1,0.3388,False,False
1248874,6478,30700,NE,40.8139,-96.6724,5493.1538,3.0209,105.0,52.3158,1.0,2,0,0.3388,False,False
5071599,1021781,19740,CO,39.5835,-104.9879,2407.9231,-10.6216,106.5,22.6096,0.7023,1,0,0.3387,False,False
1260216,12896,18140,OH,39.929,-82.8304,2873.9231,7.3592,101.5,28.3145,0.5965,0,0,0.3387,False,False
1249527,17881,35620,NY,40.6211,-74.0259,1940.3077,5.1088,112.0,17.3242,0.489,2,10,0.3385,False,False
2546899,18606,17140,OH,39.2726,-84.328,3610.8462,11.9909,107.5,33.5893,0.58,1,1,0.3384,False,False
2547360,1009062,31080,CA,34.0244,-118.4609,989.0769,-1.9596,121.5,8.1406,0.1348,3,0,0.3383,False,True
5715388,1029752,40900,CA,38.6176,-121.3982,1680.9231,14.3964,120.5,13.9496,0.2868,3,0,0.3382,False,True
13490893,12529,40900,CA,38.7433,-121.2739,2969.6154,12.1391,115.5,25.711,0.8309,4,0,0.3382,False,False
1251194,1006766,40140,CA,33.5746,-117.1785,3069.2308,0.3269,112.0,27.4038,0.4978,2,1,0.3382,False,False
6294542,1031617,37980,PA,40.1587,-75.1501,1499.1538,-2.1489,105.0,14.2777,0.2847,0,1,0.3381,False,False
1259731,12321,12060,GA,34.0172,-84.1914,1770.2308,-7.3028,112.0,15.8056,0.2614,1,0,0.338,False,False
1253713,11135,37900,IL,40.779,-89.6763,3949.3846,-0.2487,107.5,36.7385,0.4444,1,1,0.338,False,False
13143404,1043612,16980,IL,42.1762,-88.3818,1325.0,-1.4193,106.5,12.4413,0.1747,0,1,0.3379,False,True
6294187,1030817,16980,IL,41.7181,-87.8114,2836.2308,11.1811,111.0,25.5516,0.6747,2,2,0.3379,False,False
1251483,1008740,41700,TX,29.4911,-98.5696,3617.3846,3.957,111.0,32.5891,0.5714,2,1,0.3377,False,False
5070618,1025419,45060,NY,43.1832,-76.2488,4453.4615,1.9709,104.0,42.8217,0.8182,1,0,0.3376,False,False
1249397,17051,26420,TX,30.0736,-95.5082,2125.9231,5.4968,115.5,18.4063,0.3032,2,1,0.3375,False,False
1250093,6387,19820,MI,42.6217,-83.1298,2847.4615,-3.3019,112.0,25.4238,0.5679,2,0,0.3374,False,False
2544429,7936,12260,GA,33.5259,-82.1201,2901.0,-1.2076,111.0,26.1351,0.2857,1,0,0.3374,False,False
2544404,7843,46520,HI,21.3783,-157.7288,1884.3077,2.8768,111.0,16.9757,0.4375,1,0,0.3373,False,False
5430172,1027634,41740,CA,32.7769,-117.016,3630.6154,4.9708,115.5,31.4339,0.8844,5,0,0.3373,False,False
1259637,1010171,12060,GA,34.0181,-84.3119,1750.1538,-3.0799,105.0,16.6681,0.2484,0,1,0.3372,False,False
13368145,1045311,35620,NY,40.6989,-73.9189,1601.4615,-13.2108,112.0,14.2988,0.3785,2,11,0.3372,False,False
1255426,8352,37100,CA,34.1738,-119.1616,725.6154,-16.8679,119.0,6.0976,0.0222,2,0,0.3371,False,True
1255216,11481,42220,CA,38.3624,-122.693,2269.3846,2.129,107.5,21.1106,0.7333,1,0,0.3371,False,False
1251952,1010268,33340,WI,43.0373,-88.1362,2250.2308,3.0761,104.0,21.6368,0.4118,0,0,0.337,False,False
1248941,7409,27140,MS,32.3565,-90.15,2069.1538,3.3464,105.0,19.7062,0.3333,0,0,0.3369,False,False
1254245,13340,19740,CO,39.797,-105.0786,1302.3846,-3.1019,106.5,12.229,0.2405,0,0,0.3369,False,True
2544607,8597,40220,VA,37.3024,-79.9586,3174.5385,2.6771,112.0,28.3441,0.5833,2,0,0.3367,False,False
1248417,8215,44920,UT,40.7221,-111.5408,1906.6923,-0.6971,105.0,18.159,1.0,1,0,0.3366,False,False
1252532,1009797,19740,CO,39.6977,-104.8265,1358.3077,-2.0578,113.0,12.0204,0.2672,1,0,0.3366,False,True
2545683,18484,29820,NV,36.1594,-115.3195,4831.6923,0.6651,114.5,42.1982,0.9794,6,0,0.3366,False,False
1260146,7885,40900,CA,38.642,-121.5325,1955.3077,2.6077,115.5,16.9291,0.375,2,0,0.3366,False,False
1254555,15827,41860,CA,37.7744,-122.2302,1016.6923,12.294,118.0,8.616,0.325,2,0,0.3365,False,True
6294226,1030725,33100,FL,26.6899,-80.0548,2836.3077,0.3757,112.0,25.3242,0.5322,2,1,0.3365,False,False
1248414,14547,32820,TN,35.0722,-89.843,2127.6923,5.2391,105.0,20.2637,0.3438,0,0,0.3364,False,False
5428929,1019802,19820,MI,42.1985,-83.2604,1950.6923,3.2533,112.0,17.4169,0.3333,1,0,0.3363,False,False
2546142,15204,31080,CA,33.5628,-117.6479,3055.3846,-3.625,105.0,29.0989,0.8386,1,0,0.3362,False,False
1250056,10991,16980,IL,42.2031,-87.9352,2684.3077,16.5609,108.5,24.7402,0.6317,1,1,0.336,False,False
13368371,1038134,35620,NJ,40.8367,-74.1543,2843.3846,-1.2107,111.5,25.5012,0.7823,3,3,0.336,False,False
1260441,9584,33460,MN,44.9334,-93.4189,1670.7692,0.6721,105.0,15.9121,0.3667,0,0,0.3359,False,False
11884561,1052711,29300,GA,33.0354,-85.059,903.5385,3.9377,105.0,8.6051,0.5,0,0,0.3359,False,True
5071962,1017579,31080,CA,33.8646,-118.3521,1659.2308,1.1868,121.0,13.7127,0.3511,4,0,0.3357,False,True
5715454,1028018,25500,VA,38.4323,-78.8426,6444.8462,2.4092,112.0,57.5433,0.6667,4,1,0.3357,False,False
1255458,14085,41940,CA,37.2706,-121.9462,1449.9231,-12.8934,118.0,12.2875,0.35,3,0,0.3356,False,True
5071211,1026439,31080,CA,33.7674,-117.8354,1973.9231,2.5374,120.5,16.3811,0.4942,5,1,0.3356,False,False
2546672,17580,47900,VA,38.7528,-77.2651,875.6154,1.9891,107.5,8.1453,0.2446,0,0,0.3354,False,True
1248550,10348,12060,GA,34.0817,-84.358,1786.7692,0.4584,105.0,17.0168,0.281,0,1,0.3354,False,False
5070852,1021356,11700,NC,35.6148,-82.3184,3107.3077,0.0421,105.0,29.5934,0.8667,1,0,0.3353,False,False
2544589,8527,42660,WA,48.2403,-122.3587,2113.6923,0.2152,107.5,19.6623,0.7451,1,0,0.3352,False,False
1260012,12591,10740,NM,35.0587,-106.5829,1835.6154,11.7862,105.0,17.4821,0.439,0,0,0.3352,False,False
1248882,17510,19100,TX,32.7217,-97.1496,1995.3077,2.953,113.5,17.5798,0.191,1,0,0.3351,False,False
2544755,9212,12060,GA,34.0218,-84.2682,1775.6923,-0.6798,105.0,16.9114,0.2745,0,1,0.3351,False,False
6294362,1031306,45540,FL,28.8667,-82.0077,1233.5385,9.3786,105.0,11.748,0.5,0,0,0.3351,False,True
1249349,6832,16980,IL,42.2105,-88.2857,1726.4615,1.1173,105.0,16.4425,0.2957,0,1,0.3351,False,False
5071476,1006936,41940,CA,37.2486,-121.8031,2012.6154,13.5344,115.5,17.4252,0.75,3,0,0.3348,False,False
1249988,10433,26900,IN,39.8816,-86.0684,2217.0,-0.7541,105.0,21.1143,0.2927,0,0,0.3345,False,False
1254465,17606,31080,CA,33.8542,-118.1365,1705.4615,0.0993,122.5,13.9221,0.3744,5,0,0.3344,False,True
12195931,1044844,19100,TX,33.1775,-97.0971,4198.1538,2.1755,112.0,37.4835,0.7604,3,0,0.3343,False,False
2548448,1017402,14260,ID,43.6476,-116.6662,1512.7692,2.8503,114.5,13.212,0.1481,1,0,0.3343,False,True
1259646,16070,39580,NC,35.8577,-78.7036,886.1538,-53.0983,105.0,8.4396,0.0465,0,0,0.3343,False,True
2546214,15570,23820,NV,38.9359,-119.7388,2064.8462,0.0895,101.5,20.3433,0.6667,0,0,0.3341,False,False
11883928,1039025,19740,CO,39.5913,-104.6917,2031.6154,-12.022,108.5,18.7246,0.5573,1,0,0.3341,False,False
12195654,16788,41740,CA,32.8224,-117.1001,2217.0,5.9946,111.0,19.973,0.4393,1,0,0.3339,False,False
2545631,13037,42660,WA,48.0014,-122.1053,2732.0769,-4.192,112.0,24.3935,0.8725,3,0,0.3337,False,False
1249900,7759,19100,TX,32.8966,-96.4757,4601.5385,-4.1423,112.0,41.0852,0.816,4,1,0.3337,False,False
6294328,1030288,31080,CA,33.9457,-118.3618,1211.8462,1.6387,125.0,9.6948,0.203,5,0,0.3336,False,True
1254389,1012235,31080,CA,33.6149,-117.8747,985.0,4.9504,115.5,8.5281,0.1331,1,0,0.3336,False,True
5715365,1023708,35620,NY,40.5871,-73.9534,1989.9231,8.2113,112.0,17.7672,0.5142,2,12,0.3336,False,False
1252046,1008503,35380,LA,30.2718,-89.7599,3680.3846,2.9013,107.5,34.2361,0.5926,1,0,0.3335,False,False
2547971,1015472,29820,NV,36.0012,-115.0836,3728.6923,0.9686,108.5,34.3658,0.866,2,0,0.3335,False,False
13490860,11479,27260,FL,30.3193,-81.5532,1943.3846,9.2119,107.5,18.078,0.1702,0,0,0.3333,False,False
5715618,1028369,31140,IN,38.279,-85.7465,287.9231,48.1789,114.5,2.5146,0.0333,0,0,0.3332,False,True
5070890,1024943,16740,NC,35.4825,-80.8785,3251.8462,-9.2813,105.0,30.97,0.6711,1,2,0.3331,False,False
13143401,1052236,29820,NV,36.0105,-114.9912,2327.6154,5.1025,111.0,20.9695,0.4227,1,0,0.3331,False,False
1249726,6515,45300,FL,28.2385,-82.7282,1906.6154,-5.9533,105.0,18.1582,0.2247,0,1,0.333,False,False
5071635,1025113,12420,TX,30.4939,-97.6569,3192.7692,9.4943,114.5,27.8844,0.6235,3,1,0.3328,False,False
2546863,10031,42220,CA,38.4125,-122.7129,1132.4615,1.3284,118.0,9.5971,0.1667,2,1,0.3327,False,True
5715577,1020055,38900,OR,45.5504,-122.9031,2089.6923,11.004,115.5,18.0926,0.7273,3,0,0.3327,False,False
1248954,6568,31080,CA,34.1951,-118.3503,2676.3077,1.4048,116.0,23.0716,0.7654,4,0,0.3326,False,False
5070757,1018179,35620,NJ,40.487,-74.4157,1430.7692,3.4023,105.0,13.6264,0.2934,0,3,0.3326,False,True
5715604,1029941,29100,WI,43.7746,-91.2187,1749.0769,-4.1238,105.0,16.6579,0.3333,0,0,0.3326,False,False
13368378,1054790,23060,IN,41.2154,-85.1705,1617.6923,10.988,108.5,14.9096,0.125,0,0,0.3325,False,False
13368380,8649300,15380,NY,42.996,-78.8219,3666.3077,3.3479,112.0,32.7349,0.9412,4,2,0.3325,False,False
7281955,1033361,19100,TX,33.0712,-96.7738,1677.3846,1.3573,114.5,14.6496,0.125,1,0,0.3323,False,False
5715179,1028162,17900,SC,33.9801,-81.3043,1617.2308,-4.2056,107.5,15.044,0.1071,0,0,0.3322,False,False
1258108,17231,16980,IL,41.9016,-88.1014,2555.9231,6.3775,112.0,22.8207,0.5914,2,2,0.3321,False,False
1259811,14908,12060,GA,34.0049,-84.3898,1985.4615,3.2853,105.0,18.9092,0.366,0,0,0.332,False,False
5071605,1010365,19740,CO,39.7622,-105.1421,2166.3846,-1.0088,108.5,19.9667,0.6412,1,0,0.3318,False,False
5071072,1018920,47900,VA,39.052,-77.4526,3716.6923,12.3886,107.5,34.5739,0.9571,2,2,0.3318,False,False
2546190,15401,12060,GA,33.8186,-84.3124,1233.6923,7.3853,108.5,11.3704,0.0784,0,1,0.3317,False,True
5071399,1021753,49420,WA,46.6187,-120.5611,2039.1538,3.7128,111.5,18.2884,0.4,1,0,0.3317,False,False
5071148,1024855,49020,VA,39.0801,-78.2144,989.5385,11.3188,107.5,9.205,0.25,0,1,0.3316,False,True
5070290,1020438,23660,IL,40.9708,-90.3837,2879.9231,-1.6652,104.0,27.6916,1.0,1,0,0.3316,False,False
1253863,16061,48300,WA,47.4386,-120.3265,3290.9231,9.1684,111.0,29.648,0.75,2,0,0.3316,False,False
5715517,14342,42660,WA,47.8388,-122.1238,1670.7692,-3.9533,110.0,15.1888,0.5392,1,0,0.3316,False,False
12196048,1044516,33700,CA,37.5075,-120.8754,1323.5385,2.5815,126.0,10.5043,0.1026,5,0,0.3315,False,True
1249674,6917,19740,CO,39.9589,-104.9913,4015.5385,3.9053,112.0,35.853,0.9542,4,1,0.3315,False,False
1251443,1008821,35620,NJ,40.6582,-74.2911,1518.7692,7.1471,112.0,13.5604,0.3281,1,2,0.3313,False,True
5715141,1028026,22500,SC,34.2324,-79.8042,2635.5385,7.1324,105.0,25.1004,0.25,0,1,0.3312,False,False
1260878,17230,16980,IL,41.859,-88.0581,2455.6154,-5.3629,107.5,22.8429,0.5645,1,2,0.3312,False,False
1259952,8262,33100,FL,26.3926,-80.1017,1941.0,0.3859,105.0,18.4857,0.2807,0,1,0.3312,False,False
6294208,1030685,38900,OR,45.5198,-123.0871,887.8462,1.7634,115.5,7.687,0.1322,1,0,0.3311,False,True
1256226,15039,35620,NY,40.9695,-73.8064,1549.4615,2.3111,105.0,14.7568,0.347,0,1,0.3311,False,False
1250757,91223,19740,CO,39.5367,-104.8559,3927.7692,6.5613,104.0,37.767,0.9466,1,0,0.331,False,False
1259760,12353,34980,TN,36.1462,-86.8091,3545.9231,-4.4661,114.5,30.9688,0.6275,4,3,0.331,False,False
1249519,17796,16980,IL,41.9132,-88.3373,3143.2308,0.2675,105.0,29.9355,0.7715,1,2,0.3309,False,False
7282224,1040804,43620,SD,43.491,-96.707,2013.4615,14.8329,105.0,19.1758,0.4615,0,0,0.3309,False,False
5715303,1028923,37900,IL,40.7066,-89.5945,1287.2308,-1.0467,107.5,11.9742,0.1111,0,1,0.3309,False,True
2544591,8538,30460,KY,37.9389,-84.5487,3115.1538,4.584,101.5,30.6912,0.5882,0,0,0.3308,False,False
5071111,1025093,47900,WV,39.2968,-77.8313,1837.4615,2.753,108.5,16.9351,0.7167,1,0,0.3308,False,False
1255317,12575,41940,CA,37.2749,-121.8576,1281.6154,2.7949,118.0,10.8611,0.24,2,0,0.3307,False,True
1251078,116446,41140,MO,39.8072,-94.8157,4231.9231,-2.5214,107.5,39.3667,0.5,1,0,0.3307,False,False
1249509,6360,31080,CA,34.173,-118.5571,824.3077,4.3326,115.5,7.1369,0.0932,1,1,0.3307,False,True
5715704,1029398,16700,SC,32.8248,-80.0858,3110.3846,2.567,108.5,28.6671,0.5652,1,0,0.3307,False,False
1251863,1010146,16980,IL,42.0634,-87.9356,1991.9231,2.1862,103.5,19.2456,0.3952,0,2,0.3307,False,False
13368331,1044995,14260,ID,43.6607,-116.6676,1571.4615,15.2813,114.5,13.7246,0.2593,1,0,0.3306,False,True
11884071,1038069,19780,IA,41.6001,-93.8438,3264.2308,-1.6866,107.5,30.3649,0.5455,1,1,0.3304,False,False
1260884,7247,22280,NV,39.2626,-119.5821,3226.4615,6.861,102.5,31.4777,0.5,0,0,0.3303,False,False
11884240,1040335,37980,NJ,39.971,-74.8762,2861.4615,0.5623,105.0,27.252,0.8102,1,2,0.3303,False,False
1248931,17752,43260,WY,44.7734,-106.9431,2355.0,1.0063,98.0,24.0306,1.0,0,0,0.3302,False,False
2548151,1016022,16980,IL,42.2168,-88.2546,2039.0769,5.2949,104.0,19.6065,0.4167,0,1,0.3302,False,False
5070838,1023901,17900,SC,34.0998,-81.1774,2340.1538,2.5104,114.5,20.438,0.3929,2,1,0.33,False,False
2546868,18398,33460,MN,45.0112,-93.1776,1828.7692,2.43,117.5,15.564,0.4333,3,1,0.33,False,False
13368319,8585700,36740,FL,28.7841,-81.7491,2066.9231,-7.2425,105.0,19.685,0.2088,0,1,0.3299,False,False
1253267,11992,47900,VA,38.8485,-77.353,1700.9231,34.4031,105.0,16.1993,0.6652,0,0,0.3299,False,False
1259597,8416,45300,FL,27.9964,-82.5809,1936.3077,-6.022,105.0,18.441,0.236,0,1,0.3297,False,False
5070739,1019804,37980,NJ,40.0362,-74.8252,2809.5385,67.6182,112.0,25.0852,0.7883,1,0,0.3297,False,False
1257947,11912,40380,NY,43.1301,-77.477,2093.6154,6.6413,105.0,19.9392,0.2778,0,2,0.3296,False,False
1254125,15905,31080,CA,34.1624,-118.0529,800.1538,-15.1896,108.0,7.4088,0.0815,0,0,0.3296,False,True
5070794,1019066,35620,NJ,40.9803,-74.0246,2162.6923,2.1695,108.5,19.9326,0.5647,1,2,0.3296,False,False
1251036,18297,19740,CO,39.6536,-104.9158,1782.9231,1.3202,114.5,15.5714,0.4504,2,1,0.3295,False,False
1259350,8167,29820,NV,36.218,-115.1602,1370.4615,-11.7277,107.5,12.7485,0.0928,0,0,0.3292,False,True
5715400,1028697,16980,IL,41.9648,-87.9894,1278.9231,18.4526,115.5,11.0729,0.1532,1,1,0.3291,False,True
6294102,1031228,41620,UT,40.522,-111.9456,1230.7692,5.2355,107.5,11.449,0.25,0,0,0.329,False,True
5428516,1023296,30780,AR,34.7596,-92.3081,1688.5385,-10.9168,107.5,15.7073,0.0588,0,0,0.329,False,False
5070395,1024866,33460,MN,44.8356,-93.3992,3723.6154,10.642,105.0,35.463,0.9111,1,0,0.3289,False,False
1259036,15305,35620,NJ,40.3541,-74.3078,2755.0,1.2009,106.0,25.9906,0.7666,1,1,0.3289,False,False
1248694,1010340,35840,FL,27.3896,-82.5168,2287.9231,1.7516,105.0,21.7897,0.2593,0,1,0.3289,False,False
2546562,17142,41620,UT,40.7252,-111.8878,1569.0769,-1.8619,112.0,14.0096,0.375,1,0,0.3285,False,True
2548426,1017320,10420,OH,41.3171,-81.3503,2323.6154,-6.8318,105.0,22.1297,0.1875,0,1,0.3284,False,False
2546004,14617,40140,CA,33.9572,-117.3304,2758.7692,4.8502,111.0,24.8538,0.393,1,0,0.3284,False,False
2546216,15573,31080,CA,33.4907,-117.6981,2360.3077,1.5589,108.5,21.754,0.6556,1,0,0.3282,False,False
6294694,1033090,37900,IL,40.7496,-89.6338,4988.0,0.5053,107.5,46.4,0.7778,2,1,0.3282,False,False
1259904,11302,45300,FL,27.92,-82.4994,3029.9231,-4.3446,107.5,28.1853,0.5618,1,1,0.3281,False,False
5071755,1026743,35380,LA,30.0066,-90.1979,2632.9231,1.7056,115.5,22.7959,0.2593,2,1,0.3281,False,False
5715208,1030121,48180,GA,31.2029,-82.3336,4607.1538,-8.0239,101.5,45.3907,1.0,1,0,0.3281,False,False
1250488,17396,29540,PA,40.1307,-76.3055,2930.8462,-2.4926,106.0,27.6495,0.7273,1,1,0.3279,False,False
5428570,1021757,32900,CA,37.32,-120.4806,986.3846,-2.9443,122.5,8.0521,0.0714,3,0,0.3279,False,True
2545912,14241,40140,CA,33.8169,-116.5286,2585.0,2.5168,115.5,22.381,0.345,2,0,0.3276,False,False
1249129,6827,47300,CA,36.3264,-119.3292,3500.8462,10.6381,107.5,32.566,0.7037,1,0,0.3276,False,False
5715280,1029634,22180,NC,35.0104,-78.8288,1070.7692,-4.5398,107.5,9.9606,0.2,0,0,0.3275,False,True
5715468,1028520,47660,MO,38.7727,-93.7365,1533.4615,-11.9168,105.0,14.6044,1.0,1,0,0.3274,False,False
1248959,7607,31080,CA,33.8034,-118.0708,2425.9231,-0.3444,108.0,22.4623,0.6889,1,0,0.3272,False,False
6294868,1033509,46060,AZ,32.3737,-111.1373,1635.6154,4.0671,114.5,14.2849,0.1765,1,0,0.3272,False,False
11883934,1039878,18700,OR,44.5514,-123.3074,2137.4615,-2.6043,105.0,20.3568,1.0,1,0,0.3272,False,False
5072000,1024395,39340,UT,40.2968,-111.7355,1522.3077,-0.6626,105.0,14.4982,0.4167,0,0,0.3271,False,False
11884125,1038439,24580,WI,44.4313,-88.1003,2861.5385,7.2819,102.5,27.9174,0.5556,0,0,0.3271,False,False
12195979,1038214,39820,CA,40.5632,-122.3247,2451.8462,11.6349,105.0,23.3509,0.4,0,0,0.327,False,False
1260051,12589,16740,NC,35.128,-80.7029,3033.3077,-0.5598,112.0,27.0831,0.6184,2,0,0.327,False,False
1248623,17875,41940,CA,37.2303,-121.9796,1365.7692,6.7713,118.0,11.5743,0.28,2,0,0.3269,False,True
1249976,6574,44060,WA,47.6205,-117.4018,1368.0,2.8334,107.5,12.7256,0.2222,0,0,0.3269,False,True
1256883,16817,35620,NJ,40.4092,-74.2342,3184.4615,8.7218,105.0,30.3282,0.8549,1,2,0.3268,False,False
2546784,17989,42660,WA,47.8844,-122.2816,1910.9231,6.0174,113.5,16.8363,0.6618,2,0,0.3267,False,False
6294714,1032780,16740,NC,35.1629,-80.8867,662.3077,-0.7493,108.5,6.1042,0.0789,0,2,0.3267,False,True
1249355,6752,16980,IL,42.041,-87.731,1568.1538,-0.3666,112.0,14.0014,0.2554,1,3,0.3262,False,True
5070378,8484,19820,MI,42.2783,-83.2154,3003.5385,10.2496,112.0,26.8173,0.642,2,1,0.3262,False,False
12195926,1040095,31080,CA,34.1897,-118.3962,1996.3846,3.6048,121.5,16.4311,0.5125,5,0,0.3261,False,False
1249326,10033,41860,CA,37.7877,-122.2511,1057.4615,13.4147,107.5,9.8369,0.355,0,0,0.326,False,True
5428559,1021902,36740,FL,28.4933,-81.4622,2623.2308,6.3925,112.0,23.4217,0.3297,1,0,0.3259,False,False
1251999,1006956,41740,CA,33.0823,-117.2336,2771.1538,2.2973,108.0,25.6588,0.6763,1,0,0.3258,False,False
2547706,13727,41660,TX,31.4454,-100.4792,2969.0,1.2646,112.0,26.5089,0.25,1,0,0.3257,False,False
1259976,9586,36540,NE,41.2914,-96.1452,4380.8462,-1.5642,107.5,40.7521,0.84,2,1,0.3257,False,False
6294804,1033766,32340,MO,40.3293,-94.8734,2291.9231,-1.1512,105.0,21.8278,1.0,1,0,0.3256,False,False
1259920,15100,42940,TN,35.8316,-83.5728,3232.3846,-2.4627,103.0,31.3824,0.3333,0,1,0.3256,False,False
1249694,18151,41620,UT,40.5815,-111.8614,1702.8462,3.8126,105.0,16.2176,0.4375,0,0,0.3254,False,False
2546327,16071,12060,GA,33.9946,-84.3502,1803.3077,-1.8546,105.0,17.1744,0.3072,0,1,0.3254,False,False
5715404,1029263,17460,OH,41.4601,-81.6916,1819.3077,-2.8347,112.0,16.2438,0.3519,1,0,0.3252,False,False
1250157,7308,36420,OK,35.5073,-97.5652,1246.0769,4.5367,115.5,10.7885,0.0638,1,1,0.325,False,True
1259589,11315,23420,CA,36.1363,-120.3646,2258.9231,0.5169,111.5,20.2594,0.3833,1,0,0.3249,False,False
2546915,18654,47260,VA,36.8755,-76.4395,3060.0,12.009,107.5,28.4651,0.7778,1,0,0.3249,False,False
2548243,1016355,28900,OR,42.2086,-121.7526,2976.0,2.0172,108.5,27.4286,1.0,2,0,0.3249,False,False
1255453,14050,41620,UT,40.5294,-111.8551,1167.8462,-7.0357,114.5,10.1995,0.1562,1,0,0.3249,False,True
1248962,7830,44700,CA,37.9615,-121.2698,2793.9231,0.9197,114.5,24.4011,0.425,2,0,0.3249,False,False
7281749,18259,27260,FL,30.0138,-81.3923,2239.7692,0.7578,105.0,21.3311,0.2766,0,1,0.3248,False,False
5070426,1020064,33460,MN,45.0372,-93.2191,1222.1538,9.301,108.5,11.2641,0.2,0,0,0.3247,False,True
1253657,1010887,38900,OR,45.402,-122.2815,2312.9231,8.5919,112.0,20.6511,0.7851,2,0,0.3247,False,False
5430164,1025178,31080,CA,33.6712,-117.9707,4584.7692,0.9553,112.0,40.9354,0.9734,4,0,0.3246,False,False
5071881,1021559,10740,NM,35.2123,-106.6973,1543.6923,3.4166,114.5,13.482,0.1951,1,0,0.3245,False,True
11884191,1040388,39340,UT,40.4127,-111.7728,1332.6923,6.806,108.5,12.2829,0.1667,0,0,0.3244,False,True
1252122,1008773,24060,CO,39.5308,-107.3257,2408.6923,2.8781,112.0,21.5062,0.3333,1,0,0.3243,False,False
5070074,1025485,39460,FL,26.9292,-82.0479,2567.7692,-4.1244,105.0,24.4549,0.2,0,1,0.3242,False,False
1255166,9192,41940,CA,37.321,-121.9491,394.2308,0.9454,121.0,3.2581,0.01,2,1,0.3241,False,True
2546646,17464,19340,IA,41.5573,-90.5578,3236.6923,-4.8376,107.5,30.1088,0.625,1,0,0.324,False,False
1253337,14472,16860,TN,35.0299,-85.1561,3740.6154,2.7207,109.5,34.1609,0.75,2,1,0.324,False,False
1254838,15186,19100,TX,32.8329,-96.7028,2345.1538,-0.3367,112.0,20.9389,0.316,1,0,0.324,False,False
1260795,9495,33860,AL,32.3539,-86.2643,1982.6154,-2.9776,107.5,18.4429,0.1111,0,0,0.3238,False,False
12196002,1034005,14010,IL,40.4837,-89.017,2297.6923,8.5511,107.5,21.3739,0.1667,0,0,0.3238,False,False
1249829,6421,14260,ID,43.59,-116.2852,2036.4615,11.799,111.0,18.3465,0.5556,1,0,0.3237,False,False
1253014,16256,18140,OH,40.1178,-83.0101,3728.6154,1.3762,105.0,35.5106,0.7895,1,1,0.3235,False,False
5071603,1018237,19740,CO,39.5671,-105.1107,1688.5385,-0.6382,105.0,16.0813,0.4122,0,0,0.3235,False,False
1248789,7134,19100,TX,32.7939,-96.7773,1688.6154,0.545,121.5,13.8981,0.1389,3,0,0.3234,False,True
1249080,10390,29100,WI,43.875,-91.19,2911.3077,1.5591,112.0,25.9938,0.6667,2,0,0.3233,False,False
2547465,1013466,19820,MI,42.546,-83.2857,2026.8462,11.6578,112.0,18.0968,0.3827,1,1,0.3232,False,False
5070600,1023501,37980,PA,39.9158,-75.3802,1114.0,-3.3051,107.5,10.3628,0.1533,0,1,0.3231,False,True
5429027,1019477,34980,TN,36.1566,-86.8076,1881.3077,1.0328,126.5,14.872,0.1961,7,2,0.3231,False,False
2548100,1015881,13980,VA,37.214,-80.4009,1031.6923,21.4305,108.5,9.5087,0.3333,0,0,0.323,False,True
6294756,1031735,47900,MD,39.059,-77.0489,1470.3846,14.5228,105.0,14.0037,0.5665,0,0,0.323,False,True
1250897,92836,34820,SC,33.6405,-78.9899,2905.9231,0.892,112.0,25.9457,0.1538,1,2,0.3229,False,False
2544290,7370,42660,WA,47.3584,-122.1108,2364.2308,12.8511,115.0,20.5585,0.8088,3,0,0.3229,False,False
2545245,11273,31080,CA,34.1719,-118.2894,2281.6154,-0.1784,117.0,19.501,0.6256,4,2,0.3229,False,False
13368202,1055881,17020,CA,39.7402,-121.8366,2783.2308,15.6307,114.5,24.3077,0.5556,2,0,0.3228,False,False
1254309,11752,38060,AZ,33.6112,-112.1855,1078.0769,-3.1578,108.5,9.9362,0.0583,0,1,0.3224,False,True
1249766,6561,16980,IL,42.0269,-87.894,1716.8462,1.7321,105.0,16.3509,0.2903,0,3,0.3224,False,False
2546112,15084,35620,NJ,40.5215,-74.5213,1573.9231,4.6813,105.0,14.9897,0.3628,0,2,0.3223,False,False
1248613,10266,16740,NC,35.1369,-80.9042,2628.1538,6.2541,104.0,25.2707,0.4605,0,0,0.3223,False,False
1255447,9503,12540,CA,35.3809,-119.0162,2342.1538,1.673,115.5,20.2784,0.3191,2,1,0.3223,False,False
1249570,6811,38060,AZ,33.3806,-111.6006,2886.7692,5.041,117.0,24.6732,0.5,3,0,0.3221,False,False
2544077,6373,16980,IL,42.3631,-88.1673,1977.6154,-0.0156,105.0,18.8344,0.3871,0,0,0.3221,False,False
5715445,1029063,10740,NM,35.1095,-106.6046,1960.6154,11.1557,115.5,16.975,0.5122,2,0,0.3221,False,False
6294695,1032989,16980,IL,42.3175,-87.8651,881.4615,43.0587,112.0,7.8702,0.078,0,2,0.3221,False,True
2545235,11233,35620,NJ,40.6529,-74.5766,1712.5385,7.3795,105.0,16.3099,0.4101,0,1,0.322,False,False
1250417,12464,31080,CA,33.6816,-117.9189,2223.1538,-21.285,114.5,19.4162,0.604,3,0,0.3219,False,False
5429302,17343,38060,AZ,33.2342,-111.7908,3097.0,1.3544,115.0,26.9304,0.568,3,1,0.3219,False,False
1253122,1013273,41620,UT,40.5885,-111.8927,1718.7692,5.8005,105.0,16.3692,0.4688,0,0,0.3218,False,False
1260151,16064,33100,FL,26.5282,-80.0899,1833.6154,-0.931,112.0,16.3716,0.269,1,2,0.3217,False,False
5428971,1019793,27260,FL,30.2627,-81.5296,2816.6154,-5.658,108.5,25.9596,0.5745,1,0,0.3217,False,False
1260708,9602,27260,FL,30.2432,-81.5987,1797.2308,3.7662,107.5,16.7184,0.1277,0,1,0.3217,False,False
11884048,1040450,47900,MD,39.0835,-76.889,1358.3077,-10.4836,104.0,13.0607,0.4893,0,0,0.3216,False,True
11883915,1039416,29820,NV,36.2401,-115.1281,2158.3077,8.6004,112.0,19.2706,0.3505,1,1,0.3215,False,False
1248947,10222,32820,TN,35.1575,-89.728,2030.3846,-3.8048,105.0,19.337,0.2812,0,1,0.3215,False,False
13285008,1045229,35620,NY,41.3152,-74.137,2220.9231,-8.7196,112.0,19.8297,0.5994,2,1,0.3214,False,False
11884070,1040250,24860,SC,34.4923,-81.9814,3592.3077,2.6983,108.5,33.1088,0.5556,1,0,0.3214,False,False
5715643,1021748,17460,OH,41.3135,-81.8201,2753.6154,2.2392,114.5,24.049,0.6667,3,1,0.3214,False,False
1258880,13554,35620,NJ,40.5634,-74.2984,1503.0769,8.5978,112.0,13.4203,0.3186,1,5,0.3211,False,True
1249918,6594,36020,WA,48.3033,-122.6468,3114.0,8.2899,105.0,29.6571,1.0,1,0,0.3211,False,False
11884311,1042454,41940,CA,37.013,-121.5853,3091.0,2.9357,112.0,27.5982,0.95,3,0,0.321,False,False
1259219,1023271,31140,KY,38.2438,-85.5221,3537.8462,5.1702,112.0,31.5879,0.5667,2,1,0.3209,False,False
2546916,18656,19740,CO,39.8285,-105.054,2722.2308,5.8758,107.5,25.3231,0.7863,1,0,0.3209,False,False
1251260,1005889,33500,ND,48.2102,-101.3197,3058.8462,7.354,105.0,29.1319,1.0,1,0,0.3208,False,False
2545947,14358,21780,IN,37.975,-87.4734,2830.4615,-5.8565,115.5,24.5062,0.2857,2,0,0.3207,False,False
5071439,1022181,42660,WA,47.2232,-122.4403,1855.6923,4.5914,110.0,16.8699,0.6373,1,0,0.3207,False,False
1255485,13401,13820,AL,33.4218,-86.6993,4102.9231,-1.3739,107.5,38.1667,0.5,1,1,0.3206,False,False
1252204,1007372,41740,CA,33.1898,-117.28,3209.6154,4.0316,113.5,28.2785,0.8092,3,0,0.3206,False,False
5715610,1028305,26420,TX,30.2782,-95.4611,961.0,10.3719,121.5,7.9095,0.0407,2,0,0.3206,False,True
5715283,1029045,11180,IA,42.0509,-93.6212,2288.6923,17.638,105.0,21.7971,0.5,0,0,0.3204,False,False
1255473,1010006,31080,CA,33.9024,-118.0993,2441.0769,14.0444,115.5,21.1349,0.6988,3,1,0.3204,False,False
5430035,1026522,16700,SC,32.9068,-79.8244,4611.6154,7.6262,105.0,43.9201,0.8261,1,0,0.3204,False,False
1251557,15337,46520,HI,21.3783,-157.9303,4119.6923,-0.3164,111.0,37.1143,0.9167,3,0,0.3203,False,False
2544216,6991,16740,NC,35.4065,-80.8638,2024.3077,-3.6115,105.0,19.2791,0.2895,0,1,0.3202,False,False
1251969,1011952,16980,IL,42.0176,-88.1442,1907.6923,-0.9664,111.0,17.1864,0.371,1,2,0.3202,False,False
1253222,11539,12580,MD,39.5468,-76.3152,1449.6923,-2.5291,112.0,12.9437,0.4242,1,0,0.3201,False,True
5430148,1024647,42660,WA,47.1843,-122.2932,2093.1538,4.7463,115.5,18.1225,0.7353,3,0,0.3201,False,False
1260245,16173,36940,MN,44.084,-93.2412,2930.6923,5.0485,105.0,27.9114,1.0,1,0,0.3201,False,False
1254511,15439,31080,CA,33.8232,-117.8357,1986.9231,1.3935,117.0,16.9822,0.5092,3,1,0.32,False,False
1251567,15932,46520,HI,21.2945,-157.8422,12386.7692,1.7786,108.5,114.1638,0.9792,7,0,0.3198,False,False
2547985,1015499,31180,TX,33.5057,-101.9218,4541.1538,0.8008,112.0,40.546,0.5,2,0,0.3198,False,False
1249289,10255,35620,NY,40.7435,-73.9183,2142.0,15.1375,115.0,18.6261,0.5552,3,20,0.3195,False,False
1249076,10075,43220,WA,47.4531,-122.8238,1885.0769,0.1963,111.0,16.9827,0.5,1,0,0.3194,False,False
1252155,1008996,31080,CA,34.1587,-118.1327,2020.6154,4.4287,122.5,16.4948,0.5241,6,1,0.3194,False,False
7281751,17125,29380,FL,30.1798,-82.6732,5685.4615,3.6853,112.0,50.763,0.3333,2,1,0.3194,False,False
1260548,8267,41700,TX,29.4841,-98.5343,2314.5385,1.4875,114.0,20.303,0.1558,1,0,0.3193,False,False
6294632,1032728,24340,MI,42.9312,-85.3736,2350.5385,6.6823,105.0,22.3861,0.4091,0,0,0.3192,False,False
13368314,1053964,41540,MD,38.3652,-75.5463,950.0,42.9233,111.0,8.5586,0.2222,0,1,0.3189,False,True
1259663,15400,33100,FL,25.6864,-80.3105,4818.7692,0.391,112.0,43.0247,0.9006,4,1,0.3187,False,False
5069918,1024435,26900,IN,40.0422,-86.1456,4001.9231,-1.7339,105.0,38.1136,0.7561,1,1,0.3186,False,False
6294230,1028024,14020,IN,39.2134,-86.5899,1569.3077,0.8054,108.0,14.5306,0.1667,0,0,0.3186,False,False
5070319,1021970,19820,MI,42.5279,-83.3594,1380.2308,2.4085,108.0,12.7799,0.1235,0,1,0.3185,False,True
1259806,8993,16700,SC,32.8405,-79.8563,2329.9231,-9.0147,104.0,22.4031,0.3913,0,0,0.3184,False,False
12196000,1043374,45500,TX,33.4528,-94.1077,3926.6154,-2.6861,111.0,35.3749,0.25,1,0,0.3183,False,False
1260073,16442,37980,PA,39.9224,-75.1698,702.3846,-2.4778,114.5,6.1344,0.0657,1,8,0.3182,False,True
5428855,1013861,37980,PA,39.8755,-75.5441,3317.2308,-1.8079,104.0,31.8964,0.8978,1,2,0.3181,False,False
1249960,10448,44100,IL,39.7579,-89.6453,2667.0769,-6.2564,105.0,25.4007,0.2,0,1,0.318,False,False
5071286,1021208,41740,CA,33.173,-117.2534,2275.3846,2.5161,111.0,20.499,0.4798,1,0,0.3179,False,False
5071730,1021173,12940,LA,30.4395,-91.008,2549.8462,-1.0626,112.0,22.7665,0.3158,1,0,0.3178,False,False
13143366,1055517,25260,CA,35.9876,-119.9611,1564.4615,46.6542,112.0,13.9684,0.1429,0,0,0.3178,False,True
1252900,1013470,34060,WV,39.6576,-80.002,1654.8462,-4.2761,111.0,14.9085,0.5,1,0,0.3177,False,False
2548343,1016821,36100,FL,29.1857,-82.1402,2688.8462,4.3744,105.0,25.6081,0.2857,0,1,0.3176,False,False
1258896,14733,35620,NJ,40.6197,-74.2488,2312.2308,7.2731,112.0,20.6449,0.6656,2,3,0.3176,False,False
11884460,1044655,10180,TX,32.413,-99.4916,3317.6923,0.293,105.0,31.5971,0.25,0,0,0.3176,False,False
7282444,8283,24860,SC,34.9392,-82.2685,2459.3077,-7.5421,115.0,21.3853,0.3056,2,1,0.3175,False,False
1254564,9304,31080,CA,34.1868,-118.6243,2236.6923,6.6928,117.0,19.117,0.6073,3,0,0.3174,False,False
1259072,18555,38300,PA,40.4409,-79.9576,3983.1538,1.649,112.0,35.5639,0.746,3,2,0.3174,False,False
1256902,18457,47260,VA,37.1139,-76.4708,2624.3077,14.2149,114.5,22.9197,0.5873,2,0,0.3174,False,False
1249487,6685,42660,WA,47.7912,-122.2918,1377.7692,4.4982,113.5,12.1389,0.3627,1,0,0.3174,False,True
1248562,14644,41860,CA,37.9437,-122.0569,1609.6154,2.8306,117.0,13.7574,0.65,3,0,0.3172,False,True
1257891,15640,35620,NY,40.754,-73.6881,2238.8462,-3.53,112.0,19.9897,0.6183,2,2,0.3171,False,False
1250989,113970,14580,MT,45.6968,-111.0634,2835.1538,18.8437,115.5,24.5468,0.5,2,0,0.3171,False,False
2547020,20070,31080,CA,34.0562,-118.2354,820.6154,6.5947,126.0,6.5128,0.0899,4,0,0.3171,False,True
1257022,6358,31080,CA,33.6083,-117.8274,3654.2308,3.5464,105.0,34.8022,0.9185,1,0,0.3169,False,False
2547544,1014068,40900,CA,38.7299,-121.2725,2212.4615,9.2491,115.5,19.1555,0.4926,2,0,0.3169,False,False
1255088,15546,40900,CA,38.4086,-121.392,1405.2308,-1.8061,115.0,12.2194,0.1544,1,0,0.3168,False,True
6294810,1033387,40340,MN,44.0489,-92.5204,2628.5385,7.4627,105.0,25.0337,1.0,1,1,0.3168,False,False
2547637,1014394,31080,CA,34.0051,-117.8229,464.1538,2.1673,118.0,3.9335,0.025,1,0,0.3168,False,True
2548260,6366,12060,GA,33.8649,-84.4774,1714.6154,-0.3843,118.0,14.5306,0.2288,2,0,0.3166,False,False
7282206,1038285,16300,IA,42.0334,-91.7018,6350.8462,11.941,104.0,61.0658,0.7143,1,1,0.3165,False,False
1255432,8706,47300,CA,36.3412,-119.3475,1539.7692,-5.0742,107.5,14.3234,0.1852,0,0,0.3164,False,False
5071076,1022906,47900,VA,39.0259,-77.5098,2121.2308,0.3895,107.5,19.7324,0.7639,1,1,0.3163,False,False
1258884,1010329,37980,PA,40.0421,-75.488,1795.5385,-2.2693,104.0,17.2648,0.4526,0,1,0.3162,False,False
5071456,1021034,40900,CA,38.5309,-121.9565,1477.4615,8.2328,108.5,13.6172,0.1985,0,0,0.3161,False,True
1253365,14286,48620,KS,37.6643,-97.2439,2583.3846,4.1106,105.0,24.6037,0.375,0,0,0.3161,False,False
1251561,14246,25900,HI,19.6987,-155.0616,1270.6923,29.4085,122.0,10.4155,0.125,2,0,0.3161,False,True
1250040,11030,16980,IL,41.72,-87.7894,2820.0,1.2511,111.0,25.4054,0.6694,2,3,0.3161,False,False
5072029,1022171,38060,AZ,33.283,-111.8904,1136.5385,0.9497,120.5,9.4319,0.068,2,0,0.3159,False,True
2548078,1015760,19660,FL,29.15,-80.9708,2544.5385,2.9664,105.0,24.2337,0.3,0,1,0.3159,False,False
1252339,1009275,10740,NM,35.0798,-106.5147,2321.6154,5.3144,114.0,20.365,0.6098,2,0,0.3156,False,False
2547913,1015356,39140,AZ,34.5908,-112.3399,2178.5385,-2.8072,115.5,18.8618,0.3333,2,1,0.3156,False,False
1260034,9583,28020,MI,42.2966,-85.6558,2133.4615,2.0082,112.0,19.0488,0.4,1,0,0.3155,False,False
1255082,15545,29820,NV,36.0229,-115.0466,576.0769,4.2746,122.0,4.7219,0.0206,2,0,0.3154,False,True
1251950,1006846,46300,ID,42.596,-114.4536,3354.6923,2.9484,112.0,29.9526,0.6667,2,0,0.3154,False,False
6294759,1033360,38300,PA,40.5388,-79.8321,2114.9231,6.0153,112.0,18.8832,0.3651,1,1,0.3152,False,False
1254777,52099,42020,CA,35.4869,-120.6637,3746.6154,-1.606,105.0,35.6821,0.875,1,0,0.315,False,False
7282325,1038389,33460,WI,45.1015,-92.5393,3106.8462,-16.6636,98.0,31.7025,0.8333,0,0,0.315,False,False
1253360,11318,40140,CA,33.9465,-117.3971,2688.2308,2.1305,122.5,21.9447,0.3755,5,0,0.315,False,False
2545320,11627,31080,CA,33.923,-118.3959,2516.9231,9.0267,118.0,21.3299,0.7221,4,0,0.3149,False,False
1252412,1009509,19820,MI,42.5633,-83.0867,3459.3077,4.7884,111.0,31.1649,0.7037,2,1,0.3149,False,False
1250678,89218,40060,VA,37.403,-77.6759,2139.7692,4.6421,105.0,20.3788,0.3684,0,1,0.3148,False,False
11884094,1038017,29820,NV,36.0643,-115.0285,3909.4615,12.7221,117.0,33.4142,0.8866,5,0,0.3147,False,False
1254676,15458,23420,CA,36.8378,-119.682,2240.0,-2.2491,121.0,18.5124,0.3667,4,0,0.3146,False,False
2546878,18480,16700,SC,32.7931,-79.8678,2321.5385,4.7371,105.0,22.1099,0.3478,0,1,0.3146,False,False
5072003,91105,41620,UT,40.6874,-111.8661,1195.3077,1.2709,108.5,11.0167,0.1875,0,0,0.3145,False,True
1259595,14482,40900,CA,38.644,-121.3828,2632.5385,4.4945,108.5,24.263,0.7132,1,0,0.3144,False,False
1259074,12861,35620,NJ,40.8666,-74.5069,1870.3846,2.7858,105.0,17.8132,0.4606,0,0,0.3143,False,False
2544085,6393,41620,UT,40.6964,-111.9583,1670.0769,-7.071,105.0,15.9055,0.4062,0,0,0.3143,False,False
1252276,1008792,41500,CA,36.6161,-121.9042,2123.5385,7.8022,115.0,18.4656,0.5556,2,0,0.3142,False,False
2546437,16507,49180,NC,36.1164,-80.3123,1914.7692,2.7831,105.0,18.2359,0.3846,0,1,0.3141,False,False
11883961,1039429,33100,FL,26.2457,-80.2528,796.3077,35.8887,112.0,7.1099,0.0643,0,2,0.3141,False,True
1254825,14827,37100,CA,34.2227,-119.0686,2316.0,9.9434,116.5,19.8798,0.4,2,0,0.314,False,False
1254923,18566,12420,TX,30.3599,-97.7379,1385.4615,2.4283,115.5,11.9953,0.1529,1,0,0.314,False,True
12195910,13634,19820,MI,42.6028,-83.2623,1570.0769,11.8411,114.5,13.7125,0.1975,1,2,0.314,False,True
13284984,1043112,10740,NM,35.1041,-106.5502,3197.4615,16.9682,112.0,28.5488,0.8049,2,0,0.314,False,False
1249707,17271,18700,OR,44.645,-123.1137,1735.5385,5.2872,105.0,16.5289,0.5,0,0,0.3139,False,False
13143408,1042999,22180,NC,35.0784,-78.9387,1650.9231,-0.2139,104.0,15.8743,0.5,0,1,0.3137,False,False
11884500,1044958,12420,TX,30.4741,-97.6414,2064.1538,1.3866,112.0,18.4299,0.4118,1,0,0.3137,False,False
2547325,1007883,33460,MN,44.7759,-93.4143,1664.5385,-13.7614,105.0,15.8527,0.3556,0,0,0.3137,False,False
6294913,1033799,35620,NY,40.7878,-73.8143,584.4615,-0.7446,119.0,4.9114,0.0726,2,7,0.3137,False,True
1258163,8977,38300,PA,40.6842,-80.1096,7719.0769,3.3322,98.5,78.3663,1.0,1,1,0.3136,False,False
1260570,8357,33540,MT,46.8485,-114.0389,2245.1538,-7.4398,108.5,20.6927,0.6667,1,0,0.3135,False,False
1252524,1009789,19100,TX,32.6363,-97.3694,1590.9231,38.8613,112.0,14.2047,0.0972,0,0,0.3134,False,False
1249460,12645,12580,MD,39.3853,-76.687,1657.0769,-0.0139,105.0,15.7817,0.4697,0,0,0.3134,False,False
1253359,8846,40900,CA,38.6616,-121.3548,2735.0,-0.3615,114.5,23.8865,0.7574,3,0,0.3134,False,False
5069806,1024862,18140,OH,39.9522,-82.9879,311.5385,2.7658,122.5,2.5432,0.0175,2,0,0.3132,False,True
1251024,115369,31080,CA,34.1579,-118.6347,1139.8462,0.536,115.5,9.8688,0.173,1,0,0.3132,False,True
1260640,9591,26420,TX,29.7838,-95.5886,2722.5385,8.8245,111.0,24.5274,0.5023,1,0,0.3131,False,False
1260784,9465,12060,GA,33.431,-84.4569,3232.1538,1.8445,107.5,30.0665,0.732,1,0,0.3131,False,False
5071147,1022170,25500,VA,38.427,-78.8747,7401.1538,-6.8145,105.0,70.4872,1.0,3,2,0.3131,False,False
1250780,116305,37100,CA,34.1788,-118.8582,1840.9231,7.1742,114.5,16.0779,0.2444,1,0,0.3131,False,False
2548038,1015656,16940,WY,41.1739,-104.8291,2556.6154,-3.1783,108.5,23.5633,0.6667,1,0,0.313,False,False
1251870,1006996,40900,CA,38.6766,-121.7463,2252.0,10.2135,115.5,19.4978,0.5147,2,0,0.313,False,False
1252927,13647,19380,OH,39.7423,-84.1821,2614.2308,0.3514,105.0,24.8974,0.3571,0,0,0.3127,False,False
1250252,19320,41740,CA,33.1464,-117.2416,3088.9231,0.4855,111.0,27.8281,0.7919,2,0,0.3127,False,False
5715236,1028833,12580,MD,39.2151,-76.9332,1703.2308,0.3672,111.0,15.3444,0.4848,1,1,0.3126,False,False
1248428,10244,29200,IN,40.4149,-86.8395,2851.7692,2.121,112.0,25.4622,0.3333,1,0,0.3125,False,False
2545954,14396,41740,CA,33.1355,-117.1211,3073.8462,-1.2797,111.0,27.6923,0.7803,2,0,0.3125,False,False
11884246,1040110,41620,UT,40.5075,-112.0114,3773.3846,4.9104,105.0,35.937,0.9375,1,0,0.3124,False,False
1260384,8146,31080,CA,33.7228,-118.0418,2101.3077,0.6522,114.5,18.352,0.5607,2,0,0.3124,False,False
5071633,1019779,12420,TX,30.4028,-97.7213,1390.6154,3.0085,115.5,12.04,0.1647,1,0,0.3124,False,True
12195770,15010,40900,CA,38.8185,-121.1903,2053.4615,4.8837,112.5,18.253,0.4118,1,0,0.3124,False,False
5428976,1019762,31080,CA,33.8606,-118.1503,2358.1538,9.4818,119.0,19.8164,0.6522,4,0,0.3124,False,False
1248510,9608,41740,CA,33.1015,-117.311,2872.7692,4.2689,108.5,26.4771,0.6936,1,0,0.3123,False,False
1252811,1013210,17460,OH,41.3714,-81.8264,1076.6154,1.9003,108.5,9.9227,0.1481,0,1,0.3123,False,True
1249948,6512,35620,NJ,40.8143,-74.2202,1548.3846,-4.0745,105.0,14.7465,0.3438,0,2,0.3121,False,False
1255423,13942,23420,CA,36.849,-119.7289,3189.5385,0.7949,112.0,28.478,0.6833,2,0,0.3121,False,False
2547662,1014476,10740,NM,35.1037,-106.6704,1444.7692,1.3873,115.5,12.5088,0.1463,1,0,0.312,False,True
11883973,1039451,46060,AZ,32.2502,-110.8923,1930.8462,-10.1868,119.0,16.2256,0.3235,3,0,0.312,False,False
1259833,8916,34980,TN,36.0441,-86.9557,2550.1538,0.8917,105.0,24.2872,0.3725,0,0,0.312,False,False
1254525,12309,31080,CA,33.8577,-118.3652,2799.1538,16.7699,115.5,24.2351,0.7937,3,0,0.3119,False,False
1252616,1010033,39340,UT,40.3736,-111.7858,1511.0,3.3298,107.0,14.1215,0.3333,0,0,0.3115,False,False
2545258,11312,16980,IL,41.796,-88.0107,1167.3846,1.9344,115.5,10.1072,0.1183,1,1,0.3113,False,True
5715680,1017591,43780,IN,41.7248,-86.1764,2379.9231,4.506,118.0,20.1688,0.5,3,0,0.3112,False,False
2547761,1014776,31080,CA,34.1332,-117.9269,1325.8462,5.5287,115.0,11.5291,0.2512,1,0,0.3112,False,True
1249713,7763,19740,CO,39.5388,-104.7683,3312.9231,-0.0395,105.0,31.5516,0.8855,1,1,0.3111,False,False
5429078,1018479,19100,TX,32.9339,-97.2308,1790.3846,-5.5743,114.5,15.6365,0.1562,1,0,0.3111,False,False
6294207,1030935,41420,OR,44.851,-123.2177,1848.0769,1.7405,105.0,17.6007,0.4706,0,0,0.3111,False,False
1259610,14811,35620,NY,40.9833,-73.6849,1304.0,-2.1078,113.0,11.5398,0.2461,1,3,0.3111,False,True
2547715,1014650,41740,CA,32.7943,-116.935,3851.6923,5.6884,109.5,35.1753,0.896,2,0,0.3109,False,False
1248403,7783,37980,NJ,40.0188,-74.9445,2350.0769,0.118,108.5,21.6597,0.6569,1,1,0.3108,False,False
13368187,1053997,44420,VA,38.1951,-78.9998,2540.7692,3.3868,105.0,24.1978,0.4,0,0,0.3108,False,False
1248769,7379,41860,CA,37.5563,-121.9525,1415.3077,5.5836,112.0,12.6367,0.54,1,0,0.3107,False,True
11884092,1040261,12580,MD,38.9881,-76.5493,4914.3846,1.2055,112.0,43.8784,0.8939,4,2,0.3107,False,False
1249021,17304,16980,IL,41.8514,-87.853,1326.8462,3.6412,114.5,11.5882,0.1774,1,2,0.3106,False,True
1248651,10265,41180,MO,38.7809,-90.699,4612.9231,5.2218,105.0,43.9326,0.7826,1,1,0.3105,False,False
1254726,13444,41940,CA,37.1304,-121.6393,2006.2308,1.05,113.0,17.7543,0.74,2,0,0.3105,False,False
11884669,1039853,16980,IL,42.3627,-88.0001,1416.0769,-0.3465,107.5,13.1728,0.1989,0,1,0.3101,False,True
5069869,1019189,28940,TN,35.8627,-84.0669,1829.1538,2.3237,115.5,15.8368,0.0455,1,1,0.3101,False,False
1259807,11185,25940,SC,32.2544,-80.8484,3762.5385,2.2643,112.0,33.5941,0.5714,2,1,0.31,False,False
1248895,9895,44700,CA,38.0374,-121.2607,2158.5385,5.4647,107.5,20.0794,0.225,0,0,0.3099,False,False
11884151,1039458,23420,CA,36.8214,-119.8707,3215.0,3.916,112.0,28.7054,0.7167,2,0,0.3099,False,False
5071000,1023430,12060,GA,33.9993,-83.9057,2094.6923,4.1498,112.0,18.7026,0.3791,1,1,0.3096,False,False
1254596,11712,31080,CA,33.7601,-118.1337,951.3846,-2.5374,115.5,8.2371,0.1198,1,1,0.3096,False,True
1255005,15528,12420,TX,30.5082,-97.6866,2036.9231,-4.394,112.0,18.1868,0.3882,1,0,0.3096,False,False
2544139,6633,32900,CA,37.344,-120.6157,2364.0769,1.2586,111.0,21.298,0.5,1,0,0.3094,False,False
1251518,1007728,19100,TX,32.6613,-97.4216,3673.1538,7.3877,108.5,33.854,0.6424,1,0,0.3094,False,False
12196054,1039904,37100,CA,34.1799,-119.1642,2906.5385,22.0249,115.5,25.1648,0.5556,2,0,0.3093,False,False
2544504,8213,26420,TX,29.7753,-95.6434,1921.1538,2.7989,107.5,17.8712,0.2353,0,0,0.3093,False,False
1258057,11847,37980,NJ,39.9116,-74.9955,1721.4615,5.876,105.0,16.3949,0.4161,0,2,0.3093,False,False
1248643,7336,16980,IL,42.24,-87.9715,2715.5385,2.2742,108.5,25.028,0.6398,1,1,0.3091,False,False
2547705,1014586,21660,OR,44.0459,-123.0646,1509.0769,1.1811,112.0,13.4739,0.5,1,0,0.3091,False,True
1252518,16841,28140,MO,38.9155,-94.3615,5363.0769,-0.6002,107.5,49.8891,0.8909,2,0,0.3091,False,False
1252405,9000,29820,NV,36.1595,-115.2877,1533.7692,-0.5487,122.0,12.5719,0.1649,3,0,0.3091,False,True
5430178,1026223,23420,CA,36.8078,-119.8841,1977.9231,7.5723,118.0,16.7621,0.3,2,0,0.3089,False,False
6294582,1032551,31180,TX,33.5734,-101.9062,3551.9231,5.4248,112.0,31.7136,0.3,1,0,0.3089,False,False
1249538,17965,33340,WI,43.2868,-87.9859,2216.1538,2.8231,105.0,21.1062,0.3725,0,1,0.3089,False,False
2544906,9846,40900,CA,38.7063,-121.3263,1331.9231,-8.4153,108.5,12.2758,0.1176,0,0,0.3088,False,True
1249932,6925,41180,MO,38.6085,-90.3673,2122.6923,1.7928,105.0,20.2161,0.3768,0,1,0.3087,False,False
13368143,1044753,38060,AZ,33.6247,-112.4166,2533.3846,11.6028,119.0,21.2889,0.3786,3,1,0.3087,False,False
6294573,1031580,47900,MD,39.1601,-77.221,2256.4615,49.3813,115.5,19.5365,0.7854,2,1,0.3086,False,False
12195705,1031367,42220,CA,38.4593,-122.6726,3392.0,8.5894,114.5,29.6245,1.0,4,0,0.3086,False,False
5428987,1018108,47900,VA,38.9638,-77.3989,1583.0,5.4901,114.5,13.8253,0.6094,2,1,0.3084,False,True
5070475,1026102,33340,WI,43.0231,-88.2016,3607.9231,-6.6997,105.0,34.3612,0.8824,1,0,0.3083,False,False
1249388,17848,32820,TN,35.1519,-89.7947,2354.3077,3.6122,104.0,22.6376,0.4688,0,1,0.3082,False,False
1248892,17780,31080,CA,33.8074,-117.87,1827.5385,1.9438,112.5,16.2448,0.4193,1,0,0.3082,False,False
2545993,14555,42660,WA,47.1616,-122.5184,2176.7692,2.4288,115.5,18.8465,0.7647,3,0,0.3082,False,False
5071442,1022958,36500,WA,47.0033,-122.8812,1856.0,2.5197,108.5,17.106,0.1429,0,0,0.3081,False,False
1248461,17454,16980,IL,41.7219,-88.0396,2456.6154,0.9419,109.5,22.4348,0.5672,1,1,0.3081,False,False
1251496,9304,31080,CA,34.1868,-118.6243,2297.9231,4.6083,117.0,19.6404,0.629,3,0,0.3081,False,False
2544819,9496,38060,AZ,33.678,-111.9778,2495.0,-1.0615,119.0,20.9664,0.3544,3,0,0.308,False,False
13205498,1055499,35620,NJ,40.4384,-74.2258,1926.6154,11.3799,105.0,18.3487,0.4826,0,1,0.308,False,False
1253165,14207,40980,MI,43.2505,-83.7823,3750.3077,3.3624,105.0,35.7172,0.2,0,1,0.308,False,False
2548240,1016346,36500,WA,47.0361,-122.94,3201.8462,0.7113,115.5,27.7216,0.8571,4,0,0.3079,False,False
13368108,1052504,10900,PA,40.6452,-75.3454,2364.0769,4.7192,105.0,22.515,0.375,0,1,0.3078,False,False
11883955,1037390,47900,MD,38.8108,-76.7384,1308.2308,-2.5387,105.0,12.4593,0.4549,0,1,0.3071,False,True
7281972,1039283,41940,CA,37.1482,-121.659,1867.0,0.9399,117.0,15.9573,0.65,3,0,0.3071,False,False
11883870,1039230,41860,CA,37.9463,-121.6957,1017.1538,1.2636,114.5,8.8834,0.33,1,0,0.307,False,True
1252413,1009511,48620,KS,37.6935,-97.4465,3233.0,0.4253,107.5,30.0744,0.75,1,0,0.307,False,False
2548105,1015888,16980,IL,42.2519,-87.8402,1258.9231,2.0388,108.5,11.603,0.1505,0,1,0.3069,False,True
1254363,16288,41860,CA,37.7795,-122.2757,1526.8462,7.176,115.5,13.2194,0.605,2,0,0.3069,False,True
1253233,13900,29820,NV,36.0414,-115.1717,3215.0,1.2893,115.5,27.8355,0.7526,4,2,0.3068,False,False
1249290,17997,18140,OH,39.9256,-83.1186,1597.3846,8.416,115.5,13.8302,0.2105,1,0,0.3067,False,True
1250866,16994,28940,TN,36.0499,-84.0,3659.0769,-4.4167,115.5,31.6803,0.2727,2,0,0.3067,False,False
2548465,1017478,31080,CA,34.0814,-118.0644,2246.6923,0.8042,117.0,19.2025,0.6106,3,0,0.3066,False,False
2548124,1015920,12940,LA,30.3617,-91.013,3336.3077,-0.145,107.5,31.0354,0.7368,1,0,0.3063,False,False
7282040,1039464,33460,MN,44.7463,-93.2791,2957.2308,6.4459,112.0,26.4038,0.7833,2,0,0.3063,False,False
1253708,1012297,33860,AL,32.3554,-86.2169,2782.6154,4.8157,105.0,26.5011,0.3333,0,1,0.3062,False,False
6294604,1032469,49620,PA,40.1463,-76.8138,3701.3846,4.83,104.0,35.5902,0.4,0,0,0.3061,False,False
13368358,1055659,37980,PA,40.0181,-75.6772,1759.7692,6.3948,105.0,16.7597,0.4307,0,2,0.3061,False,False
13143379,1045159,15380,NY,43.0207,-78.9626,1882.0,-6.472,105.0,17.9238,0.3529,0,1,0.306,False,False
1250016,17106,31080,CA,33.5432,-117.7861,2662.3846,0.3159,108.0,24.6517,0.7587,1,0,0.306,False,False
5071781,1021960,26420,TX,29.7726,-95.4246,2066.7692,17.0158,115.0,17.9719,0.2805,1,0,0.306,False,False
5428563,1021755,42100,CA,36.9636,-122.0424,980.2308,1.0467,116.0,8.4503,0.1818,1,0,0.3059,False,True
5070170,1024967,13900,ND,46.8529,-100.7718,301.2308,-14.7213,108.5,2.7763,0.25,0,0,0.3059,False,True
5072048,1022907,46060,AZ,32.2364,-110.9684,2645.5385,7.5052,115.5,22.9051,0.7647,3,0,0.3058,False,False
1252251,11740,17460,OH,41.48,-81.839,1927.5385,-1.5287,105.0,18.3575,0.3889,0,1,0.3057,False,False
5070824,1019532,16740,NC,35.3717,-80.7849,2161.3077,-3.4434,112.0,19.2974,0.3289,1,1,0.3057,False,False
1250984,91363,42660,WA,47.8498,-122.2191,1305.9231,2.8971,107.5,12.1481,0.3333,0,0,0.3056,False,True
1252091,1006961,16980,IL,41.9669,-87.8068,1982.0,-3.1026,121.5,16.3128,0.3898,5,4,0.3056,False,False
6294952,1039686,19100,TX,32.813,-96.7706,2414.0,2.0885,117.0,20.6325,0.3264,2,0,0.3056,False,False
1249904,6572,33100,FL,25.7506,-80.238,2194.6154,-2.5149,112.0,19.5948,0.3333,1,1,0.3055,False,False
11884074,1040195,41620,UT,40.6829,-112.0239,2514.3077,5.8142,108.5,23.1733,0.7812,1,0,0.3055,False,False
11883930,1039424,31080,CA,33.9881,-117.907,2443.5385,5.9361,113.5,21.529,0.7022,2,0,0.3054,False,False
11884132,1040890,36740,FL,28.371,-81.2795,1304.0,22.9653,112.0,11.6429,0.044,0,0,0.3053,False,True
11883892,1034272,47900,VA,38.4179,-77.4175,2462.8462,-0.9498,107.5,22.9102,0.8369,1,0,0.3053,False,False
2546965,1029193,42660,WA,47.6629,-122.2829,986.3846,5.1066,126.0,7.8284,0.1127,4,0,0.3052,False,True
1257321,11951,35620,NJ,40.2647,-74.0426,1831.3846,4.3387,105.0,17.4418,0.4511,0,1,0.3052,False,False
5070281,1018304,23300,IL,42.2809,-89.6311,10494.1538,0.3487,87.5,119.9332,1.0,0,1,0.3051,False,False
2547595,1014267,42020,CA,35.1203,-120.6011,3367.9231,7.1721,112.0,30.0707,0.75,2,0,0.305,False,False
1249192,1013601,47900,VA,38.9183,-77.2207,4891.2308,24.5807,118.5,41.2762,0.9914,7,1,0.3047,False,False
5429991,1026885,12060,GA,34.0933,-84.2366,2144.7692,-3.2009,105.0,20.4264,0.4248,0,0,0.3046,False,False
1250826,91238,17820,CO,38.8942,-104.7175,2543.3846,-5.4369,112.0,22.7088,0.7419,2,0,0.3045,False,False
1252079,1008771,19740,CO,39.7388,-105.1963,1825.8462,-2.2164,105.0,17.389,0.4733,0,0,0.3045,False,False
1260157,13831,35620,NJ,40.6691,-74.4798,1023.3846,-1.0561,108.5,9.4321,0.1703,0,1,0.3044,False,True
12196075,1045412,48620,KS,37.6829,-97.1358,3572.3077,-1.6747,105.0,34.022,0.875,1,1,0.3044,False,False
13490866,14819,12580,MD,39.4303,-76.6221,2366.0,4.6725,108.5,21.8065,0.6818,1,2,0.3044,False,False
1253144,14206,26900,IN,39.8615,-85.9759,2356.3846,-1.7386,105.0,22.4418,0.3415,0,1,0.3042,False,False
2546186,15383,12060,GA,33.9576,-84.2322,2196.0,1.5257,112.0,19.6071,0.4444,1,0,0.3041,False,False
6294222,1030694,17900,SC,34.0681,-81.1413,3526.0,-0.0545,112.0,31.4821,0.6786,2,0,0.3041,False,False
2545771,13661,19820,MI,42.581,-83.2818,2681.7692,4.8322,104.0,25.7862,0.5309,0,0,0.304,False,False
1249335,7008,40140,CA,34.5067,-117.328,2852.1538,3.4052,115.5,24.694,0.4367,2,0,0.3039,False,False
1249780,6698,22220,AR,36.3357,-94.2,2422.0769,-5.6795,114.5,21.1535,0.1176,1,0,0.3039,False,False
1251583,7530,25900,HI,19.9142,-155.8801,1939.3846,-12.963,105.0,18.4703,0.375,0,0,0.3038,False,False
1248966,10761,16980,IL,41.8148,-88.2805,2937.2308,-1.8785,107.5,27.3231,0.7097,1,1,0.3038,False,False
1252824,13635,31140,KY,38.2467,-85.5765,2863.6923,-4.2687,105.0,27.2733,0.3333,0,0,0.3038,False,False
1249176,10051,39580,NC,35.8161,-78.6938,3735.4615,-7.4606,105.0,35.5758,0.8837,1,0,0.3037,False,False
2545335,11693,35620,NJ,40.7891,-74.3933,1645.3077,-6.488,105.0,15.6696,0.3943,0,1,0.3037,False,False
1260055,18464,19100,TX,32.8369,-97.0981,1797.1538,-0.303,114.5,15.6957,0.1632,1,1,0.3037,False,False
5715456,1028038,47900,MD,38.9402,-76.9065,1518.3077,4.8666,105.0,14.4601,0.5751,0,0,0.3036,False,False
12196022,1033220,12060,GA,33.4813,-84.2241,1384.6154,-8.504,115.5,11.988,0.1176,1,0,0.3036,False,True
2547524,1013918,40900,CA,38.5699,-121.4712,5584.8462,6.4295,117.0,47.7337,1.0,7,0,0.3036,False,False
11884082,1038344,35100,NC,34.9079,-76.9344,2748.1538,-13.5152,102.5,26.8113,0.5,0,0,0.3036,False,False
2546319,16022,37100,CA,34.2795,-118.873,2407.4615,-11.9089,114.5,21.0259,0.4667,2,0,0.3036,False,False
1260906,10431,19740,CO,39.9996,-104.977,1979.0769,5.1969,105.0,18.8484,0.5191,0,0,0.3035,False,False
5429059,1018500,38060,AZ,33.3785,-111.7888,2831.1538,2.0547,119.0,23.7912,0.4709,4,2,0.3035,False,False
1253699,17396,29540,PA,40.1307,-76.3055,3404.1538,0.9351,106.0,32.1147,0.8182,1,1,0.3034,False,False
1249089,17278,36740,FL,28.3049,-81.441,2655.6923,2.0183,105.0,25.2923,0.3407,0,1,0.3032,False,False
1248568,10572,41740,CA,32.8338,-116.7497,3102.6923,2.1631,107.5,28.8623,0.7977,1,0,0.3032,False,False
1259949,10359,36740,FL,28.9339,-81.9365,4341.0769,-3.2488,105.0,41.3436,0.7802,1,1,0.3032,False,False
1260488,8103,31080,CA,33.8468,-118.1161,4008.3077,7.2115,114.5,35.0071,0.9501,4,0,0.3031,False,False
2546359,16184,27260,FL,30.3115,-81.6809,3220.6154,4.5863,108.5,29.6831,0.7021,1,0,0.303,False,False
6294206,1030522,31080,CA,33.9599,-118.3452,1521.3077,0.3654,125.0,12.1705,0.3028,5,0,0.3029,False,True
5715448,1029075,38060,AZ,33.7564,-111.9913,3592.6923,-3.8893,107.5,33.4204,0.6942,1,0,0.3029,False,False
13205439,1033767,19820,MI,42.9104,-82.4972,4643.5385,5.2883,105.0,44.2242,0.8889,1,0,0.3028,False,False
2547387,1009829,27740,TN,36.3081,-82.3658,1743.2308,-9.0099,114.5,15.2247,0.5,2,1,0.3027,False,False
13368238,1043832,16740,NC,35.2427,-80.8233,2468.0769,1.5702,105.0,23.5055,0.4342,0,0,0.3025,False,False
5428906,1021045,26420,TX,29.9584,-95.6726,2743.3077,3.8587,111.0,24.7145,0.5113,1,0,0.3025,False,False
11884406,1043518,31080,CA,34.1399,-118.0177,1292.0,1.2051,126.0,10.254,0.2346,5,0,0.3025,False,True
5430168,1025001,47900,VA,38.9066,-77.2596,1334.5385,-2.2371,105.0,12.7099,0.4764,0,1,0.3025,False,True
1254194,1010149,41860,CA,37.5378,-122.3004,1350.9231,7.0788,113.0,11.9551,0.5,1,0,0.3024,False,True
1253606,11108,42660,WA,47.776,-122.3102,1225.2308,2.8077,108.5,11.2924,0.2549,0,0,0.3024,False,True
1249966,6874,40060,VA,37.634,-77.4562,1826.8462,6.136,107.5,16.9939,0.2368,0,1,0.3023,False,False
6294209,1030804,41940,CA,37.4169,-121.955,995.6923,21.5171,118.0,8.4381,0.17,1,0,0.3023,False,True
5069930,1020167,10420,OH,41.3144,-81.5193,2709.1538,12.9104,112.0,24.1889,0.375,1,2,0.302,False,False
5071236,1021201,41860,CA,37.5228,-122.0042,1918.0,4.3438,115.5,16.6061,0.77,3,1,0.3018,False,False
5428549,1022345,19100,TX,32.6806,-97.0944,2043.6154,7.4673,114.5,17.8482,0.2083,1,1,0.3014,False,False
1260740,7996,45300,FL,27.9966,-82.4549,1840.6154,4.1525,108.5,16.9642,0.191,0,0,0.3014,False,False
1248693,7429,15980,FL,26.5457,-81.8686,4027.0,5.8794,105.0,38.3524,0.8571,1,2,0.3014,False,False
1250268,70130,19100,TX,32.9135,-97.309,5365.4615,2.9186,111.0,48.3375,0.9028,3,0,0.3012,False,False
5429965,1027526,25940,SC,32.2987,-80.943,2444.0,-9.1684,105.0,23.2762,0.2857,0,1,0.3011,False,False
1250145,6596,35620,NY,40.9279,-73.8431,1564.8462,12.5104,117.0,13.3748,0.3533,2,4,0.3011,False,True
1253546,7698,36500,WA,46.9991,-122.8243,2546.3846,5.3028,115.5,22.0466,0.5,2,0,0.301,False,False
1250126,18042,35620,NY,40.8413,-73.9399,1130.3077,-25.4339,115.0,9.8288,0.1924,2,14,0.301,False,True
1253641,1009987,34140,ID,46.733,-117.0282,3301.9231,-0.9895,105.0,31.4469,1.0,1,0,0.301,False,False
5070242,1022913,16980,IL,41.7188,-87.6827,1622.7692,12.9699,114.0,14.2348,0.2634,1,4,0.3009,False,False
2545172,10939,37980,PA,40.214,-75.5016,3608.1538,-6.5599,105.0,34.3634,0.9197,1,0,0.3009,False,False
7282435,1023548,36100,FL,29.1649,-82.1696,2017.3077,5.0765,115.0,17.5418,0.1429,1,1,0.3009,False,False
5071505,1022223,40900,CA,38.5384,-121.4901,2453.6154,8.3531,114.5,21.429,0.6397,2,0,0.3008,False,False
1249175,10050,41180,MO,38.5687,-90.475,2104.9231,-5.0455,105.0,20.0469,0.3623,0,1,0.3008,False,False
1260728,8202,36420,OK,35.5306,-97.5749,3064.0769,6.7022,112.0,27.3578,0.4043,1,0,0.3007,False,False
5070799,1027066,35620,NJ,40.9446,-74.2733,5764.5385,-0.701,101.0,57.0746,0.9716,1,2,0.3005,False,False
1255019,11193,12420,TX,30.4817,-97.8342,2068.5385,3.7461,112.0,18.4691,0.4235,1,1,0.3005,False,False
7282033,1037602,41500,CA,36.6749,-121.616,1628.6923,11.9909,114.5,14.2244,0.3704,1,0,0.3005,False,False
13143391,1054317,27340,NC,34.8882,-77.549,3105.6154,11.1867,105.0,29.5773,0.375,0,1,0.3005,False,False
1259199,12531,30460,KY,38.0092,-84.4537,2551.9231,1.2792,111.5,22.8872,0.4706,1,0,0.3005,False,False
1254432,8666,31080,CA,33.8453,-118.3871,720.4615,12.208,112.0,6.4327,0.0632,0,0,0.3005,False,True
5715226,1028902,31140,KY,38.23,-85.64,2068.7692,1.9987,115.5,17.9114,0.1333,1,0,0.3005,False,False
1260186,12079,21500,PA,42.0648,-80.0995,3514.7692,5.534,112.0,31.3819,0.6,2,3,0.3005,False,False
12195957,1040692,36740,FL,28.8108,-81.3485,4753.6923,3.5385,105.0,45.2733,0.8022,1,1,0.3005,False,False
2545011,10262,12580,MD,39.1957,-76.6126,1946.4615,-8.8965,114.5,16.9997,0.5606,2,0,0.3002,False,False
1253745,12663,42220,CA,38.2992,-122.4758,1404.6923,10.2518,115.0,12.2147,0.3333,1,0,0.3002,False,True
11884503,1044986,12660,WI,43.4619,-89.7683,3865.3077,7.9115,105.0,36.8125,0.3333,0,0,0.3002,False,False
1253403,14890,43780,IN,41.6998,-86.216,2931.3077,5.9971,115.5,25.3793,0.75,3,0,0.3,False,False
1257837,9003,47900,VA,38.8848,-77.1741,1201.6154,5.2203,117.5,10.2265,0.3991,2,1,0.2999,False,True
2544953,10047,47900,MD,39.091,-77.0466,1337.6154,-3.287,105.0,12.7392,0.4807,0,1,0.2998,False,True
1248926,7428,42660,WA,47.8104,-122.3773,1072.9231,1.4252,110.0,9.7538,0.1373,0,0,0.2996,False,True
2545920,14270,38900,OR,45.3351,-122.7651,1960.8462,-0.4374,110.0,17.8259,0.686,1,0,0.2996,False,False
5071018,1008890,47900,MD,38.8706,-76.8494,1213.3846,20.2562,108.5,11.1833,0.412,0,0,0.2996,False,True
2548162,1016063,19100,TX,33.1149,-96.6978,4339.1538,8.9524,111.0,39.0915,0.7882,2,0,0.2995,False,False
1253611,11877,42660,WA,47.546,-122.0595,2240.5385,-0.7124,115.5,19.3986,0.7745,3,0,0.2995,False,False
1249196,7246,25860,NC,35.7511,-81.3358,3668.1538,3.2232,105.0,34.9348,0.25,0,1,0.2995,False,False
1251133,1006619,41740,CA,32.808,-116.9586,1492.6923,0.0258,121.5,12.2855,0.2023,3,1,0.2995,False,True
2544649,8778,10420,OH,41.2366,-81.4399,2026.0769,-2.3939,108.5,18.6735,0.125,0,0,0.2994,False,False
7281931,1034393,38900,OR,45.4256,-122.4851,333.5385,0.208,119.0,2.8028,0.0165,1,0,0.2992,False,True
1257093,14974,35620,NY,40.7744,-73.7329,2533.0769,4.3806,112.0,22.6168,0.7066,2,3,0.2992,False,False
1260192,12650,26580,WV,38.4222,-82.4437,2686.2308,8.4402,115.0,23.3585,0.5,2,1,0.2991,False,False
5070139,1020682,45300,FL,28.0329,-82.6479,2540.1538,2.8883,105.0,24.1919,0.382,0,1,0.2991,False,False
1258154,8283,24860,SC,34.9392,-82.2685,2825.0769,-6.8034,115.0,24.5659,0.3611,2,1,0.299,False,False
12195783,11092,35620,NJ,40.75,-74.3999,1970.8462,12.0926,112.0,17.5968,0.511,1,1,0.2989,False,False
7282303,1040543,31540,WI,43.2508,-89.371,4841.1538,6.4602,98.0,49.3995,0.8889,0,0,0.2989,False,False
1255384,14042,17820,CO,38.9643,-104.7959,1422.4615,-7.6093,108.5,13.1102,0.1613,0,0,0.2989,False,True
2544637,8731,38060,AZ,33.6267,-111.9957,2778.0,5.7604,118.0,23.5424,0.4563,3,1,0.2988,False,False
11884355,1042920,37860,FL,30.3607,-87.3595,3338.6154,4.2716,112.0,29.8091,0.3636,1,0,0.2988,False,False
1251545,14494,46520,HI,21.3935,-157.7408,2067.0769,5.8036,112.0,18.456,0.5208,1,0,0.2987,False,False
7282337,1042719,26620,AL,34.6845,-86.7172,1532.1538,2.6013,108.5,14.1212,0.2308,0,0,0.2987,False,False
1260246,14923,10740,NM,35.3184,-106.5432,2005.0,2.8083,111.0,18.0631,0.5366,1,1,0.2986,False,False
1248650,7172,24340,MI,42.9132,-85.5841,2366.3846,1.8946,112.0,21.1284,0.4545,1,0,0.2986,False,False
1253950,11969,38900,OR,45.4162,-122.6633,1347.7692,1.0322,107.5,12.5374,0.3471,0,0,0.2986,False,True
5070317,17176,19820,MI,42.4731,-83.2007,919.4615,10.9842,111.0,8.2834,0.0247,0,2,0.2985,False,True
1253679,14335,42660,WA,47.8495,-122.2523,1915.2308,8.6063,111.0,17.2543,0.6667,1,0,0.2985,False,False
1251935,1007053,40060,VA,37.5013,-77.5286,2279.3846,6.1584,112.0,20.3516,0.5,1,0,0.2985,False,False
5428530,1023095,38060,AZ,33.6548,-112.014,2044.7692,7.9034,119.0,17.1829,0.2427,2,0,0.2985,False,False
1260087,14426,38900,OR,45.4528,-122.7221,1383.5385,3.5463,107.5,12.8701,0.3636,0,0,0.2984,False,True
1253554,13044,42660,WA,47.1696,-122.1699,2592.2308,2.2825,117.0,22.1558,0.8431,4,0,0.2984,False,False
11884245,1038253,34980,TN,36.1842,-86.638,467.3077,0.1484,112.0,4.1724,0.0196,0,0,0.2984,False,True
1248381,8112,23420,CA,36.8348,-119.8793,1969.7692,4.9553,114.5,17.2032,0.2833,1,0,0.2983,False,False
1249561,7545,16980,IL,41.7873,-88.0734,1458.6154,2.188,114.5,12.739,0.2097,1,2,0.2983,False,True
13368193,1052065,35620,NJ,40.787,-74.4539,1728.7692,-3.9203,112.0,15.4354,0.4132,1,1,0.2983,False,False
1248948,17410,26420,TX,29.7296,-95.4381,2172.0,14.5244,121.5,17.8765,0.3213,3,0,0.2981,False,False
1260120,14428,13460,OR,44.0559,-121.2633,2109.3846,18.7768,114.5,18.4226,0.7778,2,0,0.298,False,False
5070463,1015755,24580,WI,44.4584,-87.9884,3121.5385,-3.2058,107.5,29.0376,0.7778,1,0,0.2979,False,False
1255346,13835,31080,CA,33.8265,-118.3595,1632.9231,2.9436,125.0,13.0634,0.3361,5,0,0.2978,False,True
6294110,1030791,31080,CA,33.8584,-118.0459,1609.7692,-0.2574,123.0,13.0876,0.3311,4,0,0.2978,False,True
11884408,1043558,41780,OH,41.4324,-82.6875,2578.1538,3.6973,115.5,22.3217,0.5,2,0,0.2977,False,False
2545299,11511,38060,AZ,33.6521,-112.2335,3362.6154,-3.1075,115.5,29.1136,0.6408,3,0,0.2977,False,False
1248768,1005701,31080,CA,33.9949,-117.9072,2319.3077,3.6402,114.5,20.256,0.6323,2,0,0.2976,False,False
2548154,1016035,41740,CA,33.1901,-117.2389,1851.3846,-0.2735,118.0,15.6897,0.3064,2,0,0.2976,False,False
1249024,10243,37900,IL,40.7323,-89.5734,1635.6923,-1.5647,107.5,15.2157,0.2222,0,1,0.2975,False,False
6294823,1032080,17140,OH,39.2972,-84.392,2855.4615,11.2573,105.0,27.1949,0.42,0,1,0.2975,False,False
2544597,8555,16980,IL,41.9894,-88.1493,2180.9231,12.1608,105.0,20.7707,0.4677,0,2,0.2974,False,False
2545962,14425,26580,WV,38.4213,-82.2873,5249.3846,2.954,112.0,46.8695,0.8333,3,0,0.2973,False,False
11884310,1040415,38300,PA,40.4868,-79.8872,2559.3077,10.4028,112.0,22.851,0.5079,1,0,0.2973,False,False
11883927,1039285,16980,IL,41.9468,-87.8067,2357.8462,8.9152,114.5,20.5925,0.5296,2,3,0.2973,False,False
1249574,10477,41940,CA,37.3661,-121.828,2447.7692,-0.1506,114.5,21.3779,0.87,3,0,0.2973,False,False
1252145,1008894,32820,TN,35.1703,-89.7938,2289.9231,-3.9152,105.0,21.8088,0.4375,0,0,0.2973,False,False
11884250,1040579,19820,MI,42.5552,-82.9003,3777.1538,15.0654,108.5,34.8125,0.7531,1,0,0.2972,False,False
5070109,1017423,33100,FL,26.148,-80.2554,2300.5385,2.7026,112.0,20.5405,0.3626,1,2,0.2972,False,False
1250990,1005863,37980,PA,40.2201,-75.1406,3295.0,0.6982,105.0,31.381,0.8905,1,3,0.2972,False,False
1252396,14937,19380,OH,39.6374,-84.2192,3141.9231,1.4228,108.5,28.9578,0.6429,1,1,0.2971,False,False
5070135,1017781,45300,FL,27.7915,-82.6798,2173.4615,-6.4837,112.0,19.4059,0.3034,1,2,0.2971,False,False
5715767,1027649,35840,FL,27.5313,-82.5001,2393.3846,4.3149,112.0,21.3695,0.4074,1,1,0.2971,False,False
2546506,16856,16980,IL,41.9093,-87.8026,1473.3077,-0.0157,114.0,12.9238,0.2124,1,3,0.297,False,True
1256070,1013431,35620,NJ,40.9608,-74.2399,342.9231,4.4273,112.0,3.0618,0.0158,0,1,0.297,False,True
1248793,7010,39780,CA,40.1913,-122.237,3319.7692,1.783,108.0,30.7386,0.75,1,0,0.2968,False,False
1255037,16475,41500,CA,36.582,-121.8286,1368.5385,-2.3009,108.5,12.6133,0.2222,0,0,0.2967,False,True
1253484,9069,42660,WA,47.6626,-122.2996,3076.0769,1.5078,119.0,25.8494,0.9167,6,0,0.2966,False,False
1250027,17048,38900,OR,45.5208,-122.9742,1803.3077,6.8554,115.5,15.6131,0.6198,2,0,0.2966,False,False
1258862,16367,35620,NJ,40.9623,-74.1309,1813.6923,3.1228,105.0,17.2733,0.4448,0,2,0.2965,False,False
1253687,12618,38900,OR,45.4982,-122.4095,2477.3077,0.0932,112.0,22.1188,0.8347,2,0,0.2964,False,False
6294532,1031595,36740,FL,28.6062,-81.384,2616.0769,4.8851,112.0,23.3578,0.3187,1,3,0.2964,False,False
1252651,11903,16980,IL,42.01,-87.828,1219.0769,-5.9243,115.0,10.6007,0.1317,1,2,0.2964,False,True
1250262,68122,22660,CO,40.5644,-105.0766,3050.9231,1.9746,112.0,27.2404,0.7143,2,1,0.2963,False,False
1248925,16985,42660,WA,47.7281,-121.9862,1728.3846,1.107,105.0,16.4608,0.5539,0,0,0.2962,False,False
1259994,12495,12420,TX,30.2337,-97.7424,1684.6154,7.7438,119.0,14.1564,0.2941,2,0,0.2962,False,False
1251607,1006659,15980,FL,26.4919,-81.7867,3402.3077,6.6323,112.0,30.3777,0.7143,2,1,0.2961,False,False
1255893,1006772,46060,AZ,32.2352,-110.8242,1764.6154,7.4574,115.5,15.2781,0.2353,1,0,0.2961,False,False
12195916,12094,47900,MD,38.9797,-76.7356,2426.4615,12.2562,112.0,21.6648,0.8283,2,2,0.296,False,False
1252049,1008769,14740,WA,47.5959,-122.6299,2032.6154,1.013,112.0,18.1484,0.5,1,0,0.2959,False,False
1258659,13445,35620,NY,41.4152,-73.6695,572.9231,15.778,112.0,5.1154,0.0694,0,1,0.2956,False,True
5428977,1019653,37100,CA,34.2767,-119.2263,7501.6154,2.2447,112.0,66.9787,1.0,5,0,0.2955,False,False
1260244,14612,26900,IN,39.8547,-86.0855,1785.9231,-2.8333,108.5,16.4601,0.1707,0,0,0.2954,False,False
1260443,8295,16740,NC,35.0553,-80.8518,2545.5385,1.5622,112.0,22.728,0.4474,1,0,0.2954,False,False
6294960,1039199,16980,IL,41.9768,-88.1297,1409.3077,-4.6477,107.5,13.1098,0.1962,0,2,0.2952,False,True
2547178,92727,17460,OH,41.5018,-81.5384,1610.6923,-1.1472,107.5,14.9832,0.2407,0,1,0.2951,False,False
5071609,1025004,19740,CO,39.3799,-104.8628,1592.3846,2.4092,107.5,14.8129,0.3435,0,0,0.2951,False,False
5070732,1025088,35620,NJ,40.557,-74.3432,2497.4615,-0.166,112.0,22.2988,0.694,2,3,0.2951,False,False
1253613,1006253,48300,WA,47.5965,-120.66,3464.1538,-2.2848,105.0,32.9919,1.0,1,0,0.2951,False,False
1255669,16026,47900,VA,38.9335,-77.1785,1046.4615,-4.9336,114.5,9.1394,0.3348,1,0,0.2951,False,True
5070301,1023101,22420,MI,42.7892,-83.7415,4451.5385,5.1991,112.0,39.7459,0.6667,2,0,0.2949,False,False
12196067,1039577,24540,CO,40.382,-104.7164,2314.3846,7.9083,107.5,21.5292,0.3,0,0,0.2949,False,False
1260591,9508,19740,CO,39.9146,-104.9878,2247.7692,3.6169,114.5,19.6312,0.6565,2,0,0.2944,False,False
1260483,15792,38060,AZ,33.2814,-111.7889,3086.3846,3.5673,114.5,26.9553,0.5631,2,0,0.2943,False,False
6294593,1032082,49220,WI,44.3784,-89.8176,2337.9231,-1.4015,104.0,22.48,0.5,0,1,0.2941,False,False
13368199,1044071,36540,NE,41.1464,-96.1768,2001.3846,4.1095,107.5,18.6175,0.24,0,1,0.294,False,False
5071119,1019819,47260,VA,36.9158,-76.3077,1755.6154,0.3738,114.5,15.3329,0.2222,1,1,0.2939,False,False
5072022,1019092,17820,CO,38.7672,-104.7843,2055.2308,4.0097,105.0,19.5736,0.5484,0,0,0.2938,False,False
6294670,1032915,42200,CA,34.4401,-119.7294,1592.0769,0.8675,114.5,13.9046,0.3182,1,0,0.2937,False,True
1248482,9482,40900,CA,38.5753,-121.3826,1629.9231,2.5506,108.5,15.0223,0.2426,0,0,0.2937,False,False
5071512,1019173,46520,HI,21.3162,-157.8553,3232.3077,0.9538,112.0,28.8599,0.7708,2,0,0.2936,False,False
1259997,15119,47900,VA,38.7334,-77.7713,2385.5385,71.4791,107.5,22.1911,0.8155,0,0,0.2934,False,False
5069958,1020685,17460,OH,41.4627,-81.9552,2884.7692,-5.3553,112.0,25.7569,0.7593,2,0,0.2934,False,False
1254610,14914,31080,CA,33.8087,-118.1249,1929.9231,2.4166,123.5,15.6269,0.4725,5,0,0.293,False,False
1260933,7316,31140,KY,38.2056,-85.6662,2750.9231,-6.392,112.0,24.5618,0.3,1,1,0.293,False,False
5715354,1028083,29540,PA,40.0612,-76.3374,1570.3077,35.3265,122.0,12.8714,0.1818,2,1,0.293,False,True
13368122,1043375,19100,TX,32.7667,-96.8755,1326.1538,14.9333,122.5,10.8257,0.0625,2,0,0.2928,False,True
5429095,1017879,41740,CA,33.0332,-117.0803,3290.2308,2.0324,107.5,30.6068,0.8266,1,0,0.2928,False,False
5429031,1019296,40060,VA,37.6826,-77.5886,2061.4615,4.5529,107.5,19.1764,0.3158,0,0,0.2924,False,False
5430140,1022895,19740,CO,39.6252,-104.7901,2707.0769,2.6964,108.0,25.0655,0.7786,1,1,0.2924,False,False
13490873,16503,35620,NY,40.8338,-73.8611,1513.3846,4.2718,112.0,13.5124,0.3218,1,15,0.2924,False,True
13368183,1054781,27260,FL,30.2478,-81.7763,2508.7692,3.6418,105.0,23.893,0.4255,0,1,0.2923,False,False
5071291,1026096,31080,CA,34.2006,-118.37,1773.5385,1.923,120.5,14.7182,0.396,3,0,0.2923,False,False
2548514,1017776,16980,IL,41.9217,-88.2674,2923.6154,-3.4056,108.0,27.0705,0.7043,1,1,0.2923,False,False
5070546,1018195,35620,NY,40.8561,-73.8673,1316.0,-9.1353,112.0,11.75,0.2524,1,13,0.2923,False,True
11884119,1039937,35740,NE,42.0255,-97.4271,4358.5385,8.5273,105.0,41.5099,1.0,1,0,0.2922,False,False
5070003,1010336,33100,FL,25.7731,-80.264,2630.8462,1.8372,112.0,23.4897,0.4561,1,0,0.2921,False,False
1253015,1005690,18140,OH,40.0543,-83.0689,2396.8462,3.4633,105.0,22.8271,0.4386,0,1,0.2921,False,False
1252384,11145,18140,OH,40.1119,-82.927,2780.0,12.8458,111.0,25.045,0.5614,1,1,0.292,False,False
1250123,6375,35620,NJ,40.6604,-74.1719,2800.6154,-6.4062,100.5,27.8668,0.776,0,1,0.2917,False,False
12195927,8363,38060,AZ,33.3949,-111.9095,2944.4615,-1.3174,117.0,25.1663,0.5194,3,1,0.2917,False,False
6294821,1033779,19820,MI,42.3915,-83.511,3623.4615,4.4549,101.5,35.6991,0.716,0,0,0.2917,False,False
1249257,17275,19100,TX,33.0667,-96.8902,4076.5385,9.1151,114.5,35.603,0.7257,3,1,0.2916,False,False
1250181,10602,42340,GA,32.0413,-81.0637,3016.4615,-6.7776,110.5,27.2983,0.5,1,0,0.2916,False,False
1252650,1010156,10580,NY,42.7388,-73.6774,2075.3077,0.8712,104.0,19.9549,0.5263,0,3,0.2915,False,False
5429021,1018139,47900,DC,38.9202,-76.9527,1458.6923,2.5637,105.0,13.8923,0.5536,0,1,0.2914,False,True
2546774,17950,19100,TX,33.188,-97.1069,3501.0,-9.2227,115.5,30.3117,0.6076,3,0,0.2914,False,False
1259824,15389,33100,FL,26.6867,-80.2028,3148.6154,-1.8935,112.0,28.1126,0.655,2,2,0.2914,False,False
5070373,1022186,19820,MI,42.1842,-83.1905,649.3077,-1.0666,112.0,5.7974,0.0123,0,0,0.2914,False,True
7282156,1040279,35620,NY,40.6406,-73.9183,2312.9231,4.6389,112.0,20.6511,0.6688,2,10,0.2914,False,False
1260248,8930,46140,OK,36.0602,-95.9739,3087.3077,8.3734,105.0,29.4029,0.4,0,1,0.2913,False,False
2547990,9003,47900,VA,38.8849,-77.1741,1165.4615,-3.2935,117.5,9.9188,0.3777,2,1,0.2913,False,True
1255211,15562,41860,CA,37.8896,-121.6218,1700.8462,0.5091,110.5,15.3923,0.715,1,0,0.2913,False,False
1248662,10250,10580,NY,42.7836,-73.9136,2154.9231,28.1284,105.0,20.5231,0.6316,0,2,0.2912,False,False
5072007,1024152,19740,CO,39.9874,-104.7509,1640.7692,6.8584,114.5,14.3299,0.374,1,0,0.2911,False,False
2545496,12474,41860,CA,37.9013,-122.2997,1472.6154,-1.7501,112.0,13.1484,0.57,1,0,0.2911,False,True
2548335,1010261,36740,FL,28.6032,-81.3646,1840.0769,4.765,119.0,15.4628,0.1648,2,2,0.291,False,False
5071061,1025005,20100,DE,39.1639,-75.5165,1654.3077,-0.2088,111.5,14.8368,0.5,1,2,0.2908,False,False
5071070,1009620,37980,PA,40.1661,-75.2905,2093.6154,-0.0588,105.0,19.9392,0.5255,0,0,0.2908,False,False
5715586,1028137,36420,OK,35.4935,-97.2784,1056.6923,9.7467,112.0,9.4348,0.0426,0,0,0.2907,False,True
7282084,1037601,18140,OH,39.9523,-82.6841,2198.2308,-15.789,105.0,20.9355,0.386,0,0,0.2905,False,False
1252331,1009244,26900,IN,39.9048,-86.0869,2689.4615,-0.4612,112.0,24.013,0.439,1,0,0.2905,False,False
7282419,1033352,47900,MD,38.5559,-76.5957,4006.6154,-1.197,105.0,38.1582,0.97,1,0,0.2904,False,False
5069914,1020174,26900,IN,39.7631,-86.3509,2757.6923,-5.309,114.5,24.0846,0.4756,2,1,0.2903,False,False
6294766,1033521,38900,OR,45.2266,-123.1833,2863.3846,2.4354,107.5,26.6361,0.8926,1,0,0.2901,False,False
1254976,12366,19100,TX,32.8595,-97.2906,2156.2308,5.2294,107.5,20.058,0.25,0,1,0.2901,False,False
5070938,1014994,12060,GA,33.4759,-84.4385,2249.3077,4.1012,112.0,20.0831,0.4575,1,1,0.2901,False,False
5069993,1025108,33100,FL,25.7862,-80.3374,4488.3077,3.5788,104.5,42.9503,0.8772,1,2,0.2899,False,False
13368106,1025662,29820,NV,36.1964,-115.1336,1564.7692,3.3061,115.5,13.5478,0.1856,1,1,0.2898,False,True
5071784,1018203,19100,TX,33.1476,-97.106,4866.3077,-3.436,105.0,46.3458,0.8576,1,0,0.2898,False,False
13205388,1052631,31080,CA,34.0367,-117.749,1484.2308,-3.5105,121.5,12.2159,0.2945,3,0,0.2898,False,True
5070904,1022620,39580,NC,35.9664,-78.5431,1710.1538,-14.512,112.0,15.2692,0.3721,1,1,0.2897,False,False
13368326,1044984,19820,MI,42.5293,-83.4386,2514.3846,10.6084,112.0,22.4499,0.4815,1,1,0.2897,False,False
5428913,1019748,37100,CA,34.253,-118.8114,3815.8462,1.4209,107.5,35.4962,0.7778,1,0,0.2897,False,False
13368309,8535500,41180,MO,38.7746,-90.7383,659.5385,-1.6518,112.0,5.8887,0.0145,0,0,0.2897,False,True
6294741,1033252,14700,MO,36.641,-93.2569,5118.9231,6.9029,101.5,50.4327,0.5,0,1,0.2897,False,False
2548430,1017329,16980,IL,42.1151,-88.0343,3013.8462,-6.7942,107.5,28.0358,0.7312,1,1,0.2896,False,False
1249381,10779,10900,PA,40.6566,-75.4181,2191.8462,2.9222,107.5,20.3893,0.1875,0,2,0.2896,False,False
2547638,1014402,19660,FL,28.9858,-81.2988,3077.3077,-1.71,105.0,29.3077,0.4,0,0,0.2895,False,False
2545081,10610,26900,IN,39.9258,-86.1574,2148.1538,0.165,114.5,18.7612,0.2683,1,0,0.2894,False,False
1252011,1005626,16980,IL,41.7999,-87.5877,2344.9231,12.5993,115.5,20.3024,0.5269,2,2,0.2894,False,False
2546006,14621,29820,NV,36.1987,-115.2829,3414.6154,2.6714,107.5,31.7639,0.8351,1,0,0.2894,False,False
11884368,1043120,28740,NY,41.9781,-73.9899,2540.0769,5.2227,112.0,22.6793,0.8333,2,1,0.2893,False,False
11883932,1037628,16980,IL,41.9092,-87.7496,2123.9231,16.6547,112.0,18.9636,0.4489,1,6,0.2893,False,False
5429856,15601,38060,AZ,33.8668,-112.1368,2241.3077,3.0341,114.5,19.5747,0.2816,1,0,0.2893,False,False
6294336,1030103,29820,NV,36.0316,-115.2083,2719.8462,2.6625,118.0,23.0495,0.5567,3,0,0.2893,False,False
11884566,1052922,44340,GA,32.4129,-81.7954,11369.6923,-13.6481,94.5,120.3142,1.0,1,0,0.2892,False,False
1260526,14459,31460,CA,37.333,-119.6524,2492.7692,3.3684,112.0,22.2569,0.5,1,0,0.289,False,False
1254515,8958,31080,CA,34.1745,-118.3007,1517.6154,8.0272,123.5,12.2884,0.2995,4,2,0.289,False,True
6294107,1031229,38060,AZ,33.4566,-112.3575,2036.3077,-0.5036,124.0,16.4218,0.233,4,0,0.289,False,False
13368206,1043240,27460,NY,42.4581,-79.3192,2675.1538,14.6469,112.0,23.8853,0.5,1,1,0.2889,False,False
1255652,8803,47900,MD,39.0166,-77.209,1098.9231,3.785,108.5,10.1283,0.3476,0,0,0.2889,False,True
5069878,1007080,19380,OH,39.6301,-84.193,3415.7692,0.1172,108.5,31.4817,0.7143,1,0,0.2888,False,False
2546743,17841,32820,TN,35.0504,-89.7333,2360.5385,1.2405,112.0,21.0762,0.5,1,0,0.2886,False,False
1255429,14353,40900,CA,38.4093,-121.3535,2358.0769,3.0455,104.5,22.5653,0.5809,0,0,0.2886,False,False
1252739,1013205,35620,NY,40.6998,-73.9112,2292.4615,3.5763,112.0,20.4684,0.6593,2,12,0.2886,False,False
2547892,1015260,26420,TX,29.8316,-95.4828,2143.6923,13.7423,114.5,18.7222,0.3122,1,1,0.2885,False,False
2548453,1017421,41620,UT,40.6382,-111.9779,1449.1538,5.058,108.5,13.3563,0.3125,0,0,0.2885,False,True
1249337,18297,19740,CO,39.6536,-104.9158,2138.0,3.4118,114.5,18.6725,0.626,2,1,0.2884,False,False
11884187,1039586,38300,PA,40.5854,-80.0367,2496.9231,-3.5364,105.0,23.7802,0.4603,0,0,0.2883,False,False
5430112,1025242,37980,PA,40.2347,-74.9417,2715.8462,-1.2585,112.0,24.2486,0.7664,2,1,0.2882,False,False
1260842,9717,33700,CA,37.4995,-120.8257,1995.2308,3.1947,108.5,18.3892,0.2308,0,0,0.2881,False,False
5430089,1025666,13740,MT,45.792,-108.5132,1853.6923,1.4098,108.0,17.1638,0.2857,0,0,0.2881,False,False
7282028,1037461,45940,NJ,40.3097,-74.66,2848.9231,1.8984,112.0,25.4368,0.7778,2,1,0.2881,False,False
5070032,1025850,36740,FL,28.7011,-81.3276,2854.4615,6.2049,112.0,25.4863,0.4176,1,1,0.2877,False,False
5070045,1021777,37860,FL,30.6042,-87.1221,4799.4615,-13.0557,105.0,45.7092,0.7273,1,1,0.2875,False,False
1254964,15516,26420,TX,29.9593,-95.547,3107.5385,-0.4755,117.0,26.5602,0.6018,3,0,0.2874,False,False
1255360,14075,41740,CA,32.6482,-116.9667,2519.8462,7.0733,117.5,21.4455,0.6012,3,1,0.2874,False,False
1252575,1009908,16700,SC,32.8145,-79.9967,2141.6923,2.1537,108.0,19.8305,0.2609,0,0,0.2872,False,False
1252351,6526,39820,CA,40.5898,-122.3523,4976.8462,6.6743,108.5,45.8695,1.0,2,0,0.2872,False,False
1249855,16964,40900,CA,38.4594,-121.4155,2424.4615,5.5915,114.5,21.1743,0.6176,2,1,0.2871,False,False
5715482,1026158,31080,CA,34.2498,-118.5802,2355.0,1.1832,121.5,19.3827,0.6456,5,0,0.2869,False,False
11884333,1042832,33700,CA,37.6898,-121.011,4775.7692,3.0046,108.5,44.0163,0.9231,2,1,0.2867,False,False
5428509,1023552,19100,TX,32.8277,-96.8457,1681.3846,-3.5818,115.5,14.5574,0.1319,1,1,0.2866,False,False
5071934,1023909,31080,CA,34.2359,-118.5541,2255.6154,4.4564,121.5,18.5647,0.614,5,1,0.2864,False,False
7282185,1037634,11540,WI,44.2944,-88.3122,2720.5385,3.4153,105.0,25.9099,0.5,0,0,0.2863,False,False
2544685,8925,33100,FL,26.8841,-80.1072,2472.1538,2.6052,112.0,22.0728,0.4386,1,1,0.2863,False,False
1249863,6866,28140,MO,38.8133,-94.5168,6038.5385,3.4214,107.5,56.1725,0.9636,2,0,0.2863,False,False
1260807,14559,23420,CA,36.838,-119.7278,3406.3846,-1.7527,112.0,30.4141,0.7667,2,0,0.2863,False,False
1254420,9355,31080,CA,33.6558,-117.7019,1516.6923,2.934,108.5,13.9787,0.2978,0,0,0.2863,False,True
1255448,14119,24540,CO,40.3945,-104.6965,2461.0,1.1668,112.0,21.9732,0.5,1,0,0.2862,False,False
13205532,1040255,12060,GA,33.8216,-84.4564,2263.5385,0.7119,105.0,21.5575,0.4641,0,1,0.2859,False,False
1252393,1009464,41180,MO,38.5511,-90.3334,2748.0,6.2266,105.0,26.1714,0.5217,0,0,0.2859,False,False
1249957,10691,12060,GA,33.9718,-84.5513,1876.0769,0.5981,107.5,17.4519,0.3399,0,0,0.2858,False,False
2546633,17412,36500,WA,46.9994,-122.9081,1982.3846,-4.357,119.0,16.6587,0.2143,2,0,0.2857,False,False
1255465,14393,40140,CA,34.0756,-117.5584,1389.1538,-3.1273,129.5,10.7271,0.0742,6,0,0.2853,False,True
2548477,1017585,41700,TX,29.5883,-98.4752,2526.5385,9.5746,108.5,23.2861,0.2338,0,0,0.2852,False,False
2547384,1009796,39340,UT,40.3126,-111.7014,1844.9231,-2.7531,114.0,16.1835,0.75,2,0,0.2852,False,False
2546274,15825,35840,FL,27.3217,-82.5292,2099.2308,1.8778,108.5,19.3477,0.2222,0,0,0.2852,False,False
12195688,1030753,46140,OK,36.0894,-95.9374,1927.9231,-3.1569,121.0,15.9332,0.04,2,0,0.2852,False,False
2547687,1014552,38300,PA,40.6408,-79.9387,3703.4615,1.7929,108.5,34.1333,0.7143,1,0,0.2852,False,False
1248810,6992,29820,NV,36.1736,-115.1168,777.2308,4.1327,119.0,6.5314,0.0412,1,0,0.2851,False,True
2545200,11045,36260,UT,41.1763,-112.0075,1328.3846,3.3886,117.5,11.3054,0.1176,1,0,0.2851,False,True
1250898,91233,16980,IL,42.1623,-88.3364,4208.2308,1.8544,105.0,40.0784,0.9274,1,1,0.2851,False,False
5071893,1026185,39140,AZ,34.7215,-112.0029,2248.6154,6.1746,112.0,20.0769,0.5,1,1,0.285,False,False
1253316,18490,40140,CA,33.7595,-116.2976,2325.5385,3.6372,119.0,19.5423,0.2445,2,0,0.285,False,False
1251448,1006920,26420,TX,29.8148,-95.411,1820.5385,3.8938,115.0,15.8308,0.1946,1,2,0.2849,False,False
1251891,1007741,12420,TX,30.3016,-97.6999,886.6923,8.1231,119.0,7.4512,0.0588,1,0,0.2849,False,True
6294517,1031741,26420,TX,30.0023,-95.5595,2764.3846,15.2862,112.0,24.682,0.5158,1,1,0.2849,False,False
1250152,10824,37980,PA,40.0953,-75.0156,4315.6154,21.0604,105.0,41.1011,0.9781,1,4,0.2848,False,False
5070773,1021868,35620,NJ,40.1572,-74.0541,1729.7692,-6.6968,112.0,15.4444,0.4164,1,2,0.2848,False,False
1248578,10052,35820,NE,41.1158,-100.7651,3463.1538,-0.3563,98.0,35.3383,1.0,0,1,0.2848,False,False
2544965,1023096,25420,PA,40.2936,-76.6485,2702.9231,-0.4674,112.0,24.1332,0.75,2,2,0.2848,False,False
1249885,7570,49660,PA,41.2313,-80.4486,3275.8462,-0.2389,112.0,29.2486,0.3333,1,1,0.2847,False,False
13368383,1055768,16980,IL,41.5227,-88.1343,3131.5385,0.5756,107.5,29.1306,0.7608,1,2,0.2847,False,False
6294465,1031609,45740,GA,34.5698,-83.3064,3771.7692,4.3655,105.0,35.9216,1.0,1,1,0.2846,False,False
1252982,1013072,31080,CA,33.6299,-117.7179,1976.8462,1.6373,112.0,17.6504,0.4975,1,1,0.2846,False,False
2546455,16613,41740,CA,33.0709,-117.0704,2346.0769,-1.882,112.0,20.9471,0.4971,1,0,0.2845,False,False
1253250,14164,38900,OR,45.5203,-123.0494,1423.2308,-0.8998,114.5,12.43,0.3719,1,0,0.2844,False,True
2544577,8497,18140,OH,39.9867,-82.7849,2582.0,0.6326,112.0,23.0536,0.4912,1,0,0.2844,False,False
6294337,1030256,38900,WA,45.8154,-122.7044,539.6154,0.0285,119.0,4.5346,0.0496,1,0,0.2843,False,True
7282091,1039897,26660,TX,30.7067,-95.546,4716.3077,-4.0786,111.0,42.4893,1.0,3,0,0.2842,False,False
2545784,13709,35620,NY,41.1441,-73.862,2280.7692,39.4572,107.0,21.3156,0.6498,0,0,0.2842,False,False
13205369,1044652,33700,CA,37.7592,-120.8638,3440.8462,1.1533,108.5,31.7129,0.7436,1,0,0.2842,False,False
2548409,1017224,34820,SC,33.578,-79.0297,3272.1538,-3.8081,112.0,29.2157,0.3077,1,1,0.2841,False,False
1260858,17292,29820,NV,36.2395,-115.2263,1415.5385,-11.4224,115.5,12.2557,0.1134,1,1,0.2841,False,True
1255685,14742,35620,NY,40.5696,-74.1096,5574.3846,-12.4213,105.0,53.0894,0.9653,2,4,0.2841,False,False
5071570,1027039,26420,TX,30.4203,-95.4931,1681.3077,-10.1459,115.5,14.5568,0.1629,1,0,0.284,False,False
13205376,1030453,23420,CA,36.7574,-119.7369,1073.0,-0.2003,122.5,8.7592,0.0167,2,0,0.2839,False,True
1248893,18099,47300,CA,36.0648,-119.016,1974.4615,-2.3585,114.5,17.2442,0.2963,1,0,0.2838,False,False
1249660,6610,17460,OH,41.4624,-81.8494,2370.2308,-2.6538,114.5,20.7007,0.5741,2,1,0.2837,False,False
5069847,1023867,34980,TN,35.8655,-86.4629,512.6923,-3.921,118.0,4.3449,0.0588,1,1,0.2837,False,True
2547242,1006221,19100,TX,32.7548,-97.332,1001.7692,-5.0317,122.0,8.2112,0.0312,2,0,0.2837,False,True
6294817,1033518,43100,WI,43.7744,-87.7354,1263.5385,1.489,108.5,11.6455,0.3333,0,0,0.2836,False,True
2547511,1013855,10740,NM,35.1311,-106.5128,2148.0,2.5185,112.0,19.1786,0.561,1,0,0.2835,False,False
1249681,17988,15260,GA,31.2181,-81.5206,3411.8462,-5.1677,108.0,31.5912,0.75,1,0,0.2835,False,False
1252411,1009508,19820,MI,42.3785,-83.3344,2917.6154,18.6913,112.0,26.0501,0.6049,1,0,0.2834,False,False
1260372,17757,35620,NJ,40.8216,-74.328,2103.1538,11.5231,105.0,20.03,0.5426,0,2,0.2834,False,False
2544824,9517,41500,CA,36.608,-121.8556,1764.6154,5.447,122.5,14.405,0.4815,4,0,0.2834,False,False
1252483,15835,41180,MO,38.5908,-90.3395,2053.0,-18.3848,105.0,19.5524,0.3478,0,1,0.2834,False,False
1253209,14030,26900,IN,39.956,-86.0102,3385.9231,9.4569,114.5,29.5714,0.6341,2,0,0.2833,False,False
1254846,116570,12420,TX,30.2924,-97.8251,781.6154,-2.157,112.0,6.9787,0.0235,0,0,0.2833,False,True
5070976,1026452,24860,SC,34.7902,-82.4898,2014.8462,-5.9801,114.5,17.5969,0.1944,1,1,0.2831,False,False
1254647,11905,41940,CA,37.2382,-121.831,649.9231,6.05,111.5,5.8289,0.09,0,1,0.2831,False,True
1251252,1005809,41740,CA,32.7543,-117.2232,3297.4615,4.8324,119.0,27.7098,0.8382,5,0,0.2831,False,False
1249165,17076,22660,CO,40.4067,-104.9814,3159.0,1.6837,108.5,29.1152,0.7857,1,0,0.283,False,False
2546821,18181,33100,FL,25.6146,-80.3099,2651.1538,-3.0439,105.0,25.2491,0.4737,0,0,0.2828,False,False
6294994,1034181,47900,MD,39.172,-77.2042,1333.0769,0.0173,113.0,11.7971,0.4721,1,1,0.2828,False,True
1249497,18157,41180,MO,38.5575,-90.2621,2526.1538,23.598,107.5,23.4991,0.4638,0,0,0.2827,False,False
1252120,18152,41180,MO,38.5933,-90.4975,2379.4615,-1.4276,105.0,22.6615,0.4493,0,1,0.2826,False,False
1259171,16051,42660,WA,47.5832,-122.033,1281.7692,0.0901,115.5,11.0976,0.3039,1,0,0.2824,False,True
5071710,1020345,36540,NE,41.2657,-96.2353,2342.9231,-1.9287,107.5,21.7946,0.28,0,0,0.2824,False,False
1260625,14645,40900,CA,38.643,-121.4564,1622.1538,-3.2749,115.5,14.0446,0.2353,1,0,0.2822,False,True
1260707,14532,45300,FL,27.8381,-82.6835,2000.4615,3.8205,114.5,17.4713,0.2809,1,1,0.2821,False,False
7282365,1033053,40060,VA,37.6048,-77.5913,1765.9231,-1.0858,108.5,16.2758,0.1842,0,1,0.282,False,False
5715472,1028647,42660,WA,47.0953,-122.6236,2803.8462,-2.9863,107.5,26.0823,0.8971,1,0,0.282,False,False
11884429,1043957,29540,PA,40.0527,-76.2538,2540.2308,3.5431,105.0,24.1927,0.5455,0,0,0.2819,False,False
5071428,1025482,14740,WA,47.5677,-122.6336,1215.1538,15.1133,111.0,10.9473,0.2143,0,0,0.2818,False,True
1252658,15031,18140,OH,40.0063,-83.0458,2650.5385,2.5353,111.0,23.8787,0.5439,1,1,0.2818,False,False
5428932,1021022,10540,OR,44.5261,-122.9074,2390.6154,3.5933,107.5,22.2383,1.0,1,0,0.2818,False,False
2546808,18134,40140,CA,33.7831,-116.3566,1205.6154,9.4713,112.0,10.7644,0.0655,0,0,0.2818,False,True
1258588,8901,40900,CA,38.5508,-121.5384,1436.6923,2.8696,117.0,12.2794,0.1691,1,0,0.2817,False,True
1253533,1010338,42660,WA,47.7907,-122.3645,1318.0,4.4247,115.5,11.4113,0.3382,1,0,0.2817,False,True
1254899,1010183,19100,TX,32.9777,-96.7665,2092.9231,-3.974,119.0,17.5876,0.2257,2,0,0.2816,False,False
1254181,15691,41940,CA,37.2356,-121.9645,1935.6923,-2.2416,114.5,16.9056,0.71,2,0,0.2816,False,False
1260694,9513,49420,WA,46.5672,-120.4831,2227.6923,1.1173,115.5,19.2874,0.6,2,0,0.2815,False,False
1259358,91289,41500,CA,36.5384,-121.9096,2751.6923,7.6886,108.5,25.3612,0.8889,1,0,0.2815,False,False
1250161,10996,47260,VA,36.8381,-76.3066,1622.1538,4.2206,117.0,13.8646,0.1587,1,0,0.2815,False,True
1248659,7413,29820,NV,36.0774,-115.298,3416.5385,5.0522,112.0,30.5048,0.8454,2,0,0.2815,False,False
2546597,17255,16980,IL,42.3055,-87.9578,1777.2308,1.6678,107.5,16.5324,0.3118,0,1,0.2815,False,False
2546080,14938,31080,CA,34.1689,-118.1126,1561.6923,2.6494,108.5,14.3935,0.3145,0,0,0.2814,False,False
6294863,1038252,44700,CA,37.781,-121.5319,2554.3077,1.6469,114.5,22.3084,0.275,1,0,0.2814,False,False
5429016,1018497,37980,PA,40.1707,-74.8921,2902.3846,5.4616,111.0,26.1476,0.8248,2,5,0.2814,False,False
13205423,1052242,12940,LA,30.4886,-90.8629,2444.8462,9.5286,108.5,22.5331,0.2632,0,0,0.2813,False,False
1254451,15434,31080,CA,34.155,-118.643,1479.6923,0.844,115.5,12.8112,0.2912,1,0,0.2812,False,True
1249117,17054,16940,WY,41.138,-104.817,2259.2308,15.3982,108.5,20.8224,0.3333,0,0,0.2812,False,False
5715724,1029096,12060,GA,33.354,-84.1228,1880.3846,9.5402,114.5,16.4226,0.3464,1,1,0.2812,False,False
5428970,1019792,40380,NY,43.0905,-77.5135,2298.8462,-11.0274,105.0,21.8938,0.3889,0,1,0.2811,False,False
7282204,1038383,43340,LA,32.4797,-93.7198,3167.6154,5.3764,107.5,29.4662,0.25,0,0,0.281,False,False
5715254,1028720,32900,CA,37.0728,-120.8347,2105.2308,5.1321,114.5,18.3863,0.3571,1,0,0.2809,False,False
2547976,1015488,24420,OR,42.437,-123.3025,2375.2308,9.071,112.0,21.2074,1.0,2,0,0.2805,False,False
5071043,1022183,37980,DE,39.8109,-75.5491,2106.5385,3.3825,105.0,20.0623,0.5328,0,1,0.2805,False,False
2546729,17793,39140,AZ,34.5635,-112.4876,2527.6154,-0.5087,112.0,22.568,0.8333,2,1,0.2805,False,False
1248937,17934,33700,CA,37.7715,-120.8354,3957.0,2.8203,107.5,36.8093,0.8205,1,0,0.2805,False,False
2546606,17290,20500,NC,35.8994,-78.8971,2109.8462,7.1783,105.0,20.0938,0.6364,0,0,0.2802,False,False
2544529,8346,35620,NJ,40.6054,-74.689,1967.1538,3.0837,105.0,18.7348,0.5079,0,2,0.2801,False,False
2547606,1014328,33460,MN,45.0385,-93.0184,2208.1538,-1.3641,105.0,21.03,0.5556,0,0,0.28,False,False
1260564,8293,23060,IN,41.1749,-85.1654,2744.1538,7.455,107.5,25.527,0.25,0,1,0.2799,False,False
1260710,7147,33100,FL,25.6561,-80.3962,2367.4615,-4.9565,112.0,21.138,0.3801,1,2,0.2799,False,False
6294939,1039576,14260,ID,43.5977,-116.5726,2429.3077,12.2042,110.5,21.9847,0.7778,1,0,0.2799,False,False
1248637,7358,36740,FL,28.597,-81.2889,2969.6923,8.3039,112.0,26.5151,0.4615,1,1,0.2799,False,False
1259590,15627,23420,CA,36.8735,-119.7411,4805.7692,-3.3508,105.0,45.7692,0.9167,1,0,0.2797,False,False
1260284,14311,33340,WI,43.3194,-87.926,4852.1538,5.1002,105.0,46.211,0.9804,1,0,0.2796,False,False
1255143,15601,38060,AZ,33.8668,-112.1369,2267.0,-1.4842,114.5,19.7991,0.2913,1,0,0.2796,False,False
1255467,14068,38060,AZ,33.6992,-111.8883,1277.3846,53.7023,115.5,11.0596,0.0777,0,0,0.2794,False,True
1260504,7984,19100,TX,32.9539,-96.8393,1679.0,-10.7828,120.0,13.9917,0.1285,2,0,0.2794,False,True
2547640,1014426,40900,CA,38.5881,-121.3059,2452.0,6.8374,115.5,21.2294,0.6324,2,0,0.2794,False,False
5715206,1029967,29460,FL,28.0017,-81.9757,2293.6923,6.7483,115.5,19.8588,0.1818,1,1,0.2793,False,False
1260672,7082,28140,MO,39.2451,-94.4499,3516.7692,8.2211,115.0,30.5806,0.5091,2,1,0.2791,False,False
1250024,17049,38900,OR,45.5391,-122.8666,2506.3846,-5.8023,115.0,21.7946,0.843,3,0,0.2791,False,False
1255500,11817,31080,CA,34.081,-117.7189,1591.0769,-0.1689,119.0,13.3704,0.3278,2,0,0.2791,False,True
2545401,11975,33460,MN,44.9053,-93.288,863.7692,6.0941,112.0,7.7122,0.1,0,0,0.279,False,True
1260612,9735,26660,TX,30.7173,-95.5708,4165.5385,0.4489,114.5,36.3802,0.5,2,0,0.279,False,False
5072014,1023888,15860,CO,38.4451,-105.2296,2130.8462,-2.0439,107.5,19.8218,1.0,1,0,0.279,False,False
1254453,15435,41860,CA,37.4802,-122.1512,1349.8462,7.0522,107.5,12.5567,0.495,0,0,0.279,False,True
5430100,1025418,44060,WA,47.6532,-117.4343,877.8462,10.6565,119.0,7.3769,0.1111,1,0,0.279,False,True
11883891,1034288,10900,PA,40.7125,-75.2186,341.6923,-1.0911,112.0,3.0508,0.0625,0,1,0.2789,False,True
2546344,16144,25420,PA,40.3028,-76.845,1533.6154,2.131,105.0,14.6059,0.5625,0,2,0.2789,False,False
2546572,17190,34940,FL,26.1381,-81.7493,2413.3846,-0.248,105.0,22.9846,0.5455,0,0,0.2789,False,False
5071218,1026214,37100,CA,34.1772,-119.1941,1301.5385,1.6766,121.5,10.7123,0.1333,2,0,0.2788,False,True
1260395,9801,42660,WA,47.5842,-122.3339,1257.3846,11.7675,117.0,10.7469,0.2794,1,0,0.2787,False,True
1253190,8903,27260,FL,30.1931,-81.7385,1843.4615,-1.1508,108.5,16.9904,0.1489,0,2,0.2787,False,False
11883902,1035330,10740,NM,35.0992,-106.7072,1433.6923,5.2875,111.0,12.9161,0.122,0,0,0.2787,False,True
1254954,11178,19100,TX,32.8898,-97.2588,3571.1538,7.8197,114.5,31.1891,0.625,2,0,0.2786,False,False
2544126,6588,24660,NC,36.1485,-79.8692,3328.8462,15.1084,112.0,29.7218,0.5556,1,0,0.2785,False,False
11884135,1038329,39460,FL,26.7748,-81.7577,3687.7692,0.0835,105.0,35.1216,0.4,0,0,0.2785,False,False
2547743,1014701,26420,TX,29.6827,-95.4579,1585.6923,-0.5212,121.0,13.1049,0.1357,2,0,0.2784,False,True
2548139,16994,28940,TN,36.0499,-84.0,4023.8462,-0.4851,115.5,34.8385,0.4091,2,0,0.2783,False,False
1249585,16943,49180,NC,36.144,-80.3006,2311.5385,-1.948,112.0,20.6387,0.4615,1,1,0.2782,False,False
5071477,1017199,41940,CA,37.2928,-121.9962,1823.3846,5.1129,119.0,15.3226,0.63,3,0,0.2781,False,False
6294148,1030991,36420,OK,35.4354,-97.569,3506.3077,10.8646,105.0,33.3934,0.5106,0,0,0.2781,False,False
1249216,17400,19740,CO,39.7117,-104.8627,1265.1538,1.5623,110.0,11.5014,0.2214,0,0,0.2781,False,True
5071430,1021882,42660,WA,47.3222,-122.5886,1506.6923,8.859,119.0,12.6613,0.4167,2,0,0.278,False,True
1254585,12305,42200,CA,34.4024,-119.7233,2131.3846,6.1162,105.0,20.2989,0.6364,0,0,0.278,False,False
1256567,16719,10580,NY,42.7282,-73.7612,1436.6154,3.9924,109.0,13.18,0.2105,0,2,0.2779,False,True
2546707,17718,16980,IN,41.469,-87.3157,3402.3077,1.8561,107.5,31.6494,0.8172,1,1,0.2779,False,False
11884433,1044118,38060,AZ,33.539,-112.101,3073.7692,6.4126,114.5,26.8451,0.5583,2,2,0.2778,False,False
5071645,1005578,19740,CO,39.6917,-104.8653,1137.0,20.7006,122.0,9.3197,0.1908,2,1,0.2777,False,True
1252167,1007892,16980,IL,42.0414,-87.6997,2109.6154,-2.6205,112.0,18.8359,0.4409,1,2,0.2777,False,False
1251425,1005643,37980,PA,40.1803,-75.134,2165.3846,4.959,105.0,20.6227,0.5547,0,1,0.2773,False,False
1250026,17001,38900,OR,45.5027,-122.4143,2207.4615,5.0633,114.5,19.2791,0.7603,2,0,0.2772,False,False
1260562,9424,36740,FL,28.4818,-81.3312,1788.4615,11.0315,111.0,16.1123,0.1319,0,0,0.2772,False,False
1254522,13441,40140,CA,33.8548,-117.5625,2873.0,-1.4486,115.5,24.8745,0.4585,2,1,0.2772,False,False
2547619,1014353,16740,NC,35.1005,-80.992,2657.4615,-3.4811,112.0,23.7273,0.4868,1,0,0.2771,False,False
1248765,10395,33660,AL,30.6616,-88.1902,3339.6923,5.1566,107.5,31.0669,0.25,0,0,0.2768,False,False
1252020,1007745,10100,SD,45.4586,-98.4419,4718.9231,3.839,105.0,44.9421,1.0,1,0,0.2768,False,False
2544174,6809,16980,IL,41.7464,-88.2006,3026.3077,2.6643,101.5,29.8158,0.7366,0,2,0.2767,False,False
5071248,1008718,41860,CA,37.8773,-122.0728,1610.9231,-0.5272,105.0,15.3421,0.655,0,0,0.2767,False,False
1254739,15469,40900,CA,38.4814,-121.4093,1850.5385,3.7118,115.0,16.0916,0.3456,1,0,0.2766,False,False
1258230,15173,31080,CA,34.0948,-118.1281,1120.5385,-3.8355,117.0,9.5773,0.1697,1,0,0.2766,False,True
1260105,13775,19740,CO,39.8168,-105.0809,1716.1538,2.9344,107.5,15.9642,0.4275,0,0,0.2764,False,False
7281984,1039186,26580,WV,38.423,-82.4213,1506.7692,3.1545,120.5,12.5043,0.1667,2,1,0.2762,False,True
2546036,10814,42020,CA,35.0354,-120.4862,2397.7692,-0.1058,112.5,21.3135,0.5,1,0,0.2762,False,False
1248929,18335,42660,WA,47.2001,-122.2972,1907.0769,0.0767,115.5,16.5115,0.6569,2,0,0.2761,False,False
1250509,86960,38060,AZ,33.5314,-112.0134,935.6923,28.815,114.5,8.172,0.0437,0,0,0.276,False,True
7281991,1039221,18380,GA,31.9629,-83.7631,1037.0769,31.7631,105.0,9.8769,1.0,0,0,0.276,False,True
1252432,1009542,41700,TX,29.5527,-98.5727,3897.6923,7.2063,113.5,34.3409,0.7013,2,0,0.276,False,False
6294553,1032209,29820,NV,36.1838,-115.3087,2603.6923,-7.6906,115.5,22.5428,0.5155,2,0,0.2759,False,False
2546135,15169,33100,FL,26.3156,-80.0906,2462.1538,3.8546,112.0,21.9835,0.4327,1,3,0.2758,False,False
2545404,11986,31080,CA,33.8711,-118.0596,2936.3077,-1.8967,112.5,26.1005,0.8203,2,0,0.2757,False,False
1248870,8549,16980,IL,42.0203,-88.2022,2049.1538,4.5282,113.5,18.0542,0.4194,1,1,0.2754,False,False
1251944,1006732,28060,MT,48.1989,-114.3144,2508.5385,9.1289,111.5,22.4981,0.6667,1,0,0.2754,False,False
1248393,7080,16980,IL,41.565,-87.6368,1860.7692,5.5963,114.5,16.2513,0.3468,1,1,0.2754,False,False
1248516,7025,40900,CA,38.6262,-121.3276,1102.0769,13.5082,119.0,9.2612,0.0515,1,1,0.2753,False,True
1254491,12246,31080,CA,34.1041,-118.259,947.0769,6.0648,118.0,8.0261,0.1165,1,1,0.2753,False,True
1249848,18593,47900,MD,38.5293,-76.9833,3057.8462,3.6045,112.0,27.3022,0.9056,2,0,0.2752,False,False
1250739,88907,12060,GA,33.7736,-84.3659,1800.1538,0.5716,125.0,14.4012,0.3007,5,2,0.275,False,False
1249461,18083,47900,MD,38.9554,-76.8241,1725.9231,5.2491,112.0,15.41,0.6781,1,0,0.2749,False,False
2546585,17216,41180,MO,38.7684,-90.7845,5552.0,-0.2088,105.0,52.8762,0.8841,1,0,0.2748,False,False
1254332,11624,37100,CA,34.2111,-118.8403,2196.6154,0.3444,107.5,20.4336,0.3556,0,0,0.2747,False,False
5428541,1022328,38060,AZ,33.6403,-112.1123,1929.1538,2.2214,120.5,16.0096,0.1893,2,0,0.2747,False,False
1249716,17079,26900,IN,39.9265,-86.041,2226.3077,7.2562,108.5,20.519,0.3049,0,0,0.2747,False,False
5070348,1020341,29200,IN,40.468,-86.9574,2856.2308,1.1771,112.0,25.5021,0.4444,1,1,0.2745,False,False
1259587,9497,39140,AZ,34.5756,-111.8818,2348.6154,6.25,111.5,21.0638,0.6667,1,0,0.2745,False,False
1253751,11480,13820,AL,33.419,-86.6698,2917.0769,1.2793,107.5,27.1356,0.2083,0,1,0.2744,False,False
5069809,1025193,18140,OH,40.2043,-83.0291,5625.0769,0.2715,104.0,54.0873,0.9825,1,0,0.2744,False,False
1248467,8326,41740,CA,32.7181,-117.1341,1107.3077,10.6457,119.0,9.3051,0.104,1,0,0.2743,False,True
1259664,18198,16740,NC,35.1771,-80.7999,2759.4615,12.0786,113.0,24.42,0.5132,1,0,0.2743,False,False
13368240,1055115,19100,TX,32.9538,-96.5838,1157.3846,1.3881,112.0,10.3338,0.0451,0,0,0.2743,False,True
1250354,11948,41860,CA,38.0911,-122.5549,1672.3846,0.1797,115.5,14.4795,0.695,2,0,0.2743,False,False
1253635,13447,42660,WA,47.3598,-122.6071,4098.1538,6.0916,110.5,37.0874,0.9706,2,0,0.2742,False,False
11884379,1043355,41540,DE,38.4576,-75.5596,662.8462,0.525,112.0,5.9183,0.1111,0,0,0.2742,False,True
2547345,1008912,37980,PA,40.0825,-75.4036,2665.4615,-1.1666,108.5,24.5665,0.7518,1,2,0.2742,False,False
5070993,1019811,16700,SC,32.7363,-79.9673,2291.6154,3.7797,107.5,21.3174,0.3043,0,1,0.274,False,False
5070632,1023555,38300,PA,40.6172,-80.0942,2565.3846,-3.9459,105.0,24.4322,0.5238,0,0,0.2737,False,False
1260506,9437,21340,TX,31.7793,-106.3927,2784.3846,4.0323,119.0,23.3982,0.3448,2,0,0.2737,False,False
1255841,17343,38060,AZ,33.2342,-111.7909,3751.3846,-0.5141,115.0,32.6207,0.7233,3,1,0.2736,False,False
1248812,17313,48060,NY,43.9766,-75.9465,4583.3846,1.2903,104.0,44.071,1.0,1,2,0.2734,False,False
1252684,1006375,19820,MI,42.6282,-82.9767,3881.3846,14.7607,113.5,34.1972,0.7778,2,0,0.2734,False,False
1250202,19281,47900,MD,38.9579,-76.8698,1793.8462,15.5485,105.0,17.0842,0.7082,0,1,0.2734,False,False
5071094,1022574,40060,VA,37.6022,-77.5663,2398.3077,-3.1589,105.0,22.841,0.5526,0,0,0.2733,False,False
1255508,12208,40900,CA,38.6639,-121.3077,3536.2308,-1.3223,111.0,31.8579,0.9265,2,0,0.2731,False,False
1249662,7538,13820,AL,33.224,-86.8018,3707.6923,0.8115,112.5,32.9573,0.375,1,0,0.2731,False,False
5071622,1021955,19740,CO,39.7404,-104.9197,1029.9231,11.696,112.0,9.1957,0.1527,0,0,0.2731,False,True
2545957,14412,16740,NC,35.1713,-80.8507,2862.1538,0.2614,105.0,27.2586,0.5263,0,0,0.273,False,False
2545156,10897,16980,IL,42.3825,-88.0635,3020.6154,0.7156,108.5,27.8398,0.7339,1,2,0.2727,False,False
6294747,1026518,19380,OH,40.1516,-84.2157,1275.6923,14.2621,112.0,11.3901,0.1429,0,0,0.2726,False,True
1259751,15715,34980,TN,36.3048,-86.6184,4239.6154,33.3051,113.5,37.3534,0.8235,2,1,0.2726,False,False
1256287,16289,35620,NY,40.8096,-73.6275,2028.3077,-0.8983,112.0,18.1099,0.5331,1,1,0.2725,False,False
1260126,8204,42660,WA,47.7329,-122.2919,1304.8462,-2.8632,115.5,11.2974,0.3284,1,0,0.2725,False,True
5069968,1017747,33100,FL,25.9111,-80.3192,3641.8462,1.3465,112.0,32.5165,0.7661,2,1,0.2725,False,False
1254231,15173,31080,CA,34.0948,-118.1282,1221.9231,0.2524,117.0,10.4438,0.2113,1,0,0.2724,False,True
1253270,13747,21260,WA,46.9769,-120.5422,2632.7692,1.066,107.5,24.4909,1.0,1,0,0.2723,False,False
5428589,1021394,38060,AZ,33.4585,-112.0823,3419.5385,7.4339,121.5,28.1443,0.6602,5,0,0.2723,False,False
13368190,1044453,40220,VA,37.232,-80.0084,4619.9231,8.2417,107.5,42.976,0.8333,1,0,0.2723,False,False
2546785,17990,31080,CA,33.5879,-117.7214,3122.1538,2.8377,108.5,28.7756,0.8552,1,0,0.2722,False,False
1251803,8782,17140,OH,39.1475,-84.443,2659.6154,4.129,122.5,21.7111,0.36,4,1,0.2722,False,False
2546256,15757,38300,PA,40.4076,-79.9171,2463.6923,6.4478,113.0,21.8026,0.4444,1,1,0.272,False,False
13368278,1044352,39660,SD,44.0671,-103.1687,1974.6154,13.4435,108.5,18.1992,0.4,0,0,0.2719,False,False
1254429,9356,31080,CA,33.7296,-117.955,1833.3077,3.5272,114.5,16.0114,0.4226,1,0,0.2719,False,False
2548010,1015549,28260,NE,40.716,-99.0844,3692.5385,2.2798,115.5,31.97,0.5,2,0,0.2719,False,False
5070481,1023249,42340,GA,32.0245,-81.2261,2966.1538,-3.6891,113.0,26.2491,0.375,1,0,0.2718,False,False
5070961,1025094,12060,GA,34.079,-83.9188,2506.4615,6.5882,112.0,22.3791,0.5425,1,1,0.2717,False,False
13368402,1040588,16980,IL,41.8059,-87.7623,2911.2308,4.886,116.0,25.0968,0.6962,3,3,0.2716,False,False
2544287,7350,25420,PA,40.277,-76.8241,2752.7692,46.9048,105.0,26.2168,0.8125,0,2,0.2716,False,False
1251871,1007204,46700,CA,38.3675,-121.9621,2943.0769,3.6716,115.5,25.4812,0.875,3,0,0.2715,False,False
1259982,8325,37100,CA,34.1979,-119.1795,1037.0769,0.1486,112.0,9.2596,0.0667,0,0,0.2714,False,True
5070153,1022362,16980,IL,41.9738,-88.2077,2336.0769,-0.0395,105.0,22.2484,0.5242,0,1,0.2714,False,False
12196050,1038270,41860,CA,38.0182,-121.8899,1502.2308,0.8313,117.0,12.8396,0.595,2,0,0.2714,False,True
2545046,10422,38820,WA,48.0779,-123.1299,1891.3077,2.2243,108.5,17.4314,1.0,1,0,0.2714,False,False
1248871,17812,16980,IL,41.9149,-88.2096,2207.8462,-7.011,105.0,21.0271,0.4839,0,1,0.2713,False,False
1260546,9681,16740,SC,35.0289,-80.9672,3962.1538,-1.0736,112.0,35.3764,0.7895,2,0,0.2713,False,False
2546287,15883,49620,PA,39.9765,-76.6766,2754.5385,3.7581,116.0,23.746,0.1,1,1,0.2712,False,False
5071991,1018581,41620,UT,40.6672,-111.9846,1200.1538,8.6036,111.0,10.8122,0.2188,0,0,0.2712,False,True
1251324,1006772,46060,AZ,32.2352,-110.8242,1944.0,8.8091,115.5,16.8312,0.3529,1,0,0.2711,False,False
1253161,13911,16980,IL,41.6005,-87.5584,2374.9231,6.4217,105.0,22.6183,0.5323,0,2,0.271,False,False
1250400,91216,19820,MI,42.1411,-83.2269,2588.1538,1.2366,112.0,23.1085,0.4938,1,1,0.2709,False,False
5070444,1025972,39540,WI,42.6917,-88.2653,2198.0769,3.3417,107.5,20.4472,0.4,0,0,0.2709,False,False
12195984,1038145,40140,CA,34.1361,-117.2317,2353.7692,2.1499,115.5,20.379,0.2533,1,0,0.2708,False,False
1250386,70101,41700,TX,29.5558,-98.5354,3266.5385,1.6955,112.0,29.1655,0.4935,1,0,0.2708,False,False
1249951,10507,41420,OR,45.0064,-123.0009,3454.1538,17.1297,108.5,31.8355,0.9412,1,0,0.2708,False,False
12196080,1040251,16980,IL,41.71,-88.0705,2070.7692,-7.5486,105.0,19.7216,0.4274,0,3,0.2708,False,False
11884242,1040522,43340,LA,32.3976,-93.8095,4075.1538,-2.6051,105.0,38.811,0.375,0,0,0.2706,False,False
5071021,1021719,12580,MD,39.0979,-76.8081,1412.9231,-0.304,114.5,12.3399,0.3788,1,1,0.2705,False,True
13284976,1030453,23420,CA,36.7573,-119.7369,1277.0,0.5877,122.5,10.4245,0.0667,2,0,0.2705,False,True
1252193,1007078,36540,NE,41.2465,-96.023,3153.0,12.3571,114.5,27.5371,0.68,2,1,0.2701,False,False
6294469,1031294,24860,SC,34.7558,-82.2676,2441.8462,-8.6425,107.5,22.7148,0.2778,0,0,0.27,False,False
2547721,1014674,37980,PA,40.2646,-75.6512,4577.6154,-3.3427,105.0,43.5963,0.9927,1,0,0.27,False,False
5072023,1020530,17820,CO,38.7951,-104.8026,3112.5385,3.1456,108.5,28.687,0.871,1,0,0.2699,False,False
5071262,1018146,41740,CA,33.1514,-117.3372,1789.3846,-0.4664,109.0,16.4164,0.2717,0,0,0.2699,False,False
1250398,66368,38060,AZ,33.3194,-111.9272,2417.6923,6.3621,119.0,20.3167,0.335,2,0,0.2699,False,False
1253661,16114,44060,WA,47.7403,-117.4886,5277.2308,0.8779,104.5,50.4998,1.0,1,0,0.2698,False,False
11883949,1030421,12060,GA,33.9678,-84.4908,2609.4615,3.6798,115.5,22.5927,0.5686,2,1,0.2696,False,False
6294812,1033602,33460,MN,44.8615,-93.4841,2375.7692,1.3188,105.0,22.6264,0.6111,0,0,0.2696,False,False
5715735,1029149,37980,NJ,39.9009,-74.8462,2476.0,20.8304,105.0,23.581,0.6861,0,1,0.2696,False,False
1252891,15606,17140,OH,39.1997,-84.3767,3460.2308,-1.1667,114.5,30.2204,0.54,2,1,0.2695,False,False
13368282,1039845,31080,CA,33.8592,-118.3271,1362.8462,5.4521,117.0,11.6483,0.2629,1,0,0.2695,False,True
1254303,9174,23420,CA,36.8089,-119.7126,1572.0,-8.004,126.0,12.4762,0.1167,4,0,0.2695,False,True
1255131,15553,29820,NV,36.2742,-115.2689,3117.1538,5.2081,114.5,27.2241,0.701,2,0,0.2694,False,False
2544368,7707,16980,IL,41.9838,-88.0799,2394.0769,1.4969,105.0,22.8007,0.5403,0,1,0.2693,False,False
13368385,1052405,36420,OK,35.7258,-97.4192,3344.2308,27.1571,107.5,31.1091,0.4681,0,0,0.2692,False,False
13205367,1054786,40900,CA,38.6366,-121.1137,3246.1538,1.2306,112.0,28.9835,0.8971,2,0,0.2692,False,False
2545146,10872,16980,IL,42.2558,-87.9483,1764.6154,-0.434,115.5,15.2781,0.3091,1,0,0.2692,False,False
1248738,17240,27260,FL,30.4295,-81.6628,2070.0769,1.4438,108.5,19.079,0.234,0,1,0.2692,False,False
6294239,1030500,16060,IL,37.7282,-89.2003,3956.6923,-1.0599,112.0,35.3276,0.3333,1,1,0.2691,False,False
6294300,1030392,36740,FL,28.3442,-81.4844,3126.0,3.8777,115.5,27.0649,0.5165,2,1,0.2691,False,False
2546705,17716,41740,CA,33.1911,-117.3599,2243.0,1.0535,117.0,19.1709,0.4509,2,1,0.2691,False,False
2544760,9233,31540,WI,43.0473,-89.3239,2572.2308,9.071,106.5,24.1524,0.4444,0,1,0.2689,False,False
1257012,18454,47900,MD,39.0752,-77.1377,1532.4615,-5.2461,115.5,13.2681,0.5837,2,2,0.2687,False,True
5430137,1020685,17460,OH,41.4627,-81.9553,3223.6154,-9.6248,112.0,28.7823,0.8148,2,0,0.2686,False,False
1251223,1005869,45780,OH,41.5492,-83.5992,2690.2308,-1.7171,114.5,23.4955,0.3,1,0,0.2685,False,False
1249782,18238,37860,FL,30.5317,-87.2265,3381.0769,-3.1146,112.0,30.1882,0.4545,1,0,0.2684,False,False
1259923,13732,18880,FL,30.3921,-86.4241,3419.3077,7.0773,112.0,30.5295,0.5333,1,0,0.2684,False,False
1249715,6336,23060,IN,41.1781,-85.1139,3786.9231,-3.4744,108.5,34.9025,0.75,1,0,0.2683,False,False
1255051,16502,41940,CA,37.4356,-121.8859,1498.0,6.9824,116.0,12.9138,0.37,1,0,0.2682,False,True
2547821,1014993,40140,CA,33.5194,-117.1642,3585.5385,1.1721,119.0,30.1306,0.69,4,0,0.2681,False,False
2544844,9611,19820,MI,42.6742,-82.829,3953.3077,-0.2136,107.5,36.775,0.7901,1,1,0.268,False,False
1255313,15576,42220,CA,38.4076,-122.7412,502.4615,17.9913,114.5,4.3883,0.0667,0,0,0.268,False,True
5715162,1027938,34820,NC,34.2147,-78.0196,3266.8462,5.9526,114.5,28.5314,0.2308,1,1,0.2679,False,False
1252047,1009038,46520,HI,21.2789,-157.753,1580.0,-0.907,108.5,14.5622,0.3542,0,0,0.2679,False,False
7281755,1033378,26900,IN,39.7843,-86.1619,5207.1538,-14.8901,115.5,45.0836,0.9024,5,0,0.2678,False,False
1260022,11731,33940,CO,38.4566,-107.8655,1769.2308,0.7844,112.0,15.7967,1.0,2,1,0.2677,False,False
1255016,13420,12540,CA,35.3839,-119.1047,2356.3846,0.7333,118.0,19.9694,0.3404,2,1,0.2675,False,False
1259322,16026,47900,VA,38.9335,-77.1785,1277.4615,-5.9147,114.5,11.1569,0.4378,1,0,0.2675,False,True
1253987,8997,38900,OR,45.5048,-122.4408,1453.9231,0.0476,108.5,13.4002,0.3802,0,0,0.2675,False,True
12195690,1030842,12420,TX,30.6494,-97.6778,2898.3077,1.7252,112.0,25.8777,0.5529,1,0,0.2674,False,False
1250167,10580,40980,MI,43.4795,-83.9688,4366.8462,2.5933,112.0,38.9897,0.4,1,0,0.2673,False,False
1254521,18547,31080,CA,33.8371,-118.3554,2203.3077,5.9988,123.5,17.8405,0.5957,5,0,0.2673,False,False
5715530,1029403,41620,UT,40.6833,-111.9394,1109.4615,5.9191,112.0,9.9059,0.125,0,0,0.2673,False,True
13368250,1055317,26980,IA,41.7532,-91.6183,3183.2308,6.4352,104.0,30.608,0.6,0,1,0.2673,False,False
1255073,1009990,26420,TX,29.5291,-95.0733,4109.1538,1.6749,107.5,38.2247,0.7919,1,1,0.2673,False,False
13205480,1038555,37980,PA,40.2092,-75.6592,2301.6154,0.7136,105.0,21.9201,0.6277,0,0,0.2672,False,False
1257302,14986,35620,NY,40.6569,-73.645,2112.7692,10.8126,112.0,18.864,0.5521,1,4,0.2672,False,False
6294441,1031386,33340,WI,43.3181,-88.3524,2031.5385,-3.4087,107.5,18.898,0.3137,0,1,0.2671,False,False
5715674,1022247,14740,WA,47.66,-122.6864,2722.2308,-1.352,118.0,23.0698,0.8571,4,0,0.267,False,False
1253693,12928,42660,WA,47.9061,-122.2941,2060.2308,-2.469,111.0,18.5606,0.7206,1,0,0.267,False,False
5715316,1029604,31080,CA,33.465,-117.6883,2346.3077,-1.4093,115.5,20.3144,0.6423,2,0,0.267,False,False
2548419,1017299,41740,CA,32.7646,-117.0257,4386.3077,0.9132,115.5,37.9767,0.9422,4,0,0.2669,False,False
2548271,1016409,37980,PA,40.2414,-75.2435,2186.3846,-0.605,105.0,20.8227,0.562,0,1,0.2668,False,False
1249613,1008805,10420,OH,41.2503,-81.3625,1837.9231,-1.2237,118.0,15.5756,0.0625,1,0,0.2667,False,False
13368349,1056017,34980,TN,36.0736,-86.9256,3382.5385,11.9333,115.5,29.286,0.5686,2,1,0.2664,False,False
1259830,89835,45300,FL,27.7902,-82.7265,3038.0769,0.3863,104.0,29.2123,0.573,0,1,0.2663,False,False
1255303,9152,31080,CA,33.7736,-117.8842,2061.7692,8.4088,128.5,16.0449,0.5424,8,0,0.2663,False,False
1249809,6753,16980,IL,42.3794,-87.9403,2705.6923,16.3816,115.5,23.4259,0.6371,2,2,0.2663,False,False
5069762,1010245,30460,KY,37.9782,-84.528,4787.7692,-1.7444,111.0,43.1331,0.8235,2,0,0.2663,False,False
1251185,1005714,31080,CA,34.1423,-118.0729,1837.7692,-11.3474,122.5,15.0022,0.426,4,0,0.2663,False,False
1251249,1005604,13460,OR,44.2637,-121.1778,2827.5385,0.3988,115.5,24.4809,0.8889,3,0,0.2662,False,False
1253973,8711,38900,OR,45.4539,-122.5787,1968.2308,5.1578,112.0,17.5735,0.6942,1,0,0.2662,False,False
1259787,15376,36740,FL,28.5573,-81.2064,3773.8462,0.4134,108.5,34.782,0.6813,1,2,0.2661,False,False
5715219,1028772,42540,PA,41.2571,-75.8921,2247.3846,-1.1437,119.0,18.8856,0.2,2,2,0.266,False,False
5069789,1027056,21060,KY,37.7332,-85.8859,4536.0,-4.3395,112.0,40.5,0.3333,1,0,0.2659,False,False
1254102,8827,31080,CA,33.9568,-118.3968,3304.5385,15.8018,122.5,26.9758,0.8819,7,1,0.2658,False,False
12904566,18177,17820,CO,38.7897,-104.7587,2525.2308,6.8515,111.0,22.7498,0.6774,1,1,0.2657,False,False
1251938,11743,15940,OH,40.8789,-81.433,2572.9231,14.2779,119.0,21.6212,0.3333,2,1,0.2657,False,False
1251693,1008257,44260,MS,33.4541,-88.8067,4353.6923,-8.4471,105.0,41.4637,1.0,1,0,0.2656,False,False
1254724,11237,31080,CA,33.8416,-118.2624,1906.2308,7.5051,121.5,15.6891,0.4609,3,0,0.2655,False,False
5715461,1027831,38900,OR,45.558,-122.8651,2187.6154,13.082,105.0,20.8344,0.7521,0,0,0.2654,False,False
1252260,1008665,16700,SC,32.8637,-79.7863,2829.3077,-2.3003,105.0,26.9458,0.4783,0,1,0.2654,False,False
1255356,14400,23420,CA,36.7945,-119.7565,2408.1538,4.6743,118.0,20.4081,0.45,2,0,0.2653,False,False
1254999,16928,19100,TX,33.2154,-96.6383,3052.8462,-1.9275,112.0,27.2576,0.5174,1,0,0.2652,False,False
1255189,15162,41500,CA,36.6583,-121.6603,2340.7692,4.9129,115.5,20.2664,0.7037,2,0,0.2652,False,False
6294323,1030276,41620,UT,40.6098,-112.0236,1971.6154,-0.1714,112.0,17.6037,0.6562,1,0,0.2651,False,False
1248713,7980,41700,TX,29.4364,-98.6496,3724.6923,9.5646,114.5,32.5301,0.6234,2,1,0.2649,False,False
13641714,13333,19740,CO,39.9148,-105.0682,1991.5385,20.4522,115.0,17.3177,0.5267,1,0,0.2649,False,False
5069959,1021206,17460,OH,41.1357,-81.7977,3624.0,0.7571,107.5,33.7116,0.8519,1,1,0.2648,False,False
5070616,1026236,45060,NY,43.0477,-76.2376,2704.0769,5.2107,112.0,24.1435,0.5455,1,1,0.2648,False,False
5070980,1018153,16740,SC,34.9437,-81.0289,2866.2308,-2.3303,112.0,25.5913,0.5395,1,0,0.2644,False,False
1249375,7749,35620,NJ,40.0558,-74.1648,2187.7692,6.5565,112.0,19.5337,0.5773,1,2,0.2642,False,False
1259651,1017309,24660,NC,36.1146,-79.8356,3097.7692,-1.7996,115.5,26.8205,0.5,2,1,0.2641,False,False
12195687,1030551,31080,CA,34.107,-117.8265,2529.6154,-1.4977,121.5,20.8199,0.7238,5,0,0.2641,False,False
1250189,10971,40140,CA,33.5405,-117.1439,2568.3077,-0.4473,121.5,21.1383,0.3319,3,0,0.2641,False,False
5070328,1021928,19780,IA,41.6143,-93.8556,4316.8462,-3.1245,107.5,40.1567,0.8182,1,0,0.2641,False,False
12196046,1039641,46520,HI,21.4204,-158.0046,572.6923,-3.5247,119.5,4.7924,0.0833,1,0,0.2641,False,True
6294764,1033764,34180,WA,47.3079,-119.5604,4780.0,13.0311,106.5,44.8826,1.0,1,0,0.264,False,False
6294201,1030879,41620,UT,40.5439,-111.9364,2095.1538,2.7075,105.0,19.9538,0.6875,0,0,0.2639,False,False
1251039,6323,11460,MI,42.2371,-83.6809,2217.3077,-1.3788,112.0,19.7974,0.625,1,0,0.2637,False,False
2547944,1015409,34820,SC,33.7511,-78.8144,4849.0769,0.1398,108.5,44.692,0.6154,1,1,0.2637,False,False
1260417,9690,31080,CA,34.0646,-117.9675,1420.5385,1.8307,125.0,11.3643,0.2779,4,1,0.2637,False,True
13368152,1055849,12060,GA,33.5082,-84.1434,3908.3846,-2.836,107.5,36.3571,0.7974,1,1,0.2635,False,False
11883931,1039353,14740,WA,47.5053,-122.6333,2522.0,6.0692,120.5,20.9295,0.7143,4,0,0.2635,False,False
11884201,1040159,16980,IL,42.3164,-88.2753,2645.3077,1.1947,105.0,25.1934,0.6102,0,0,0.2635,False,False
1258415,13548,13780,NY,42.0945,-76.0064,4431.5385,47.491,112.0,39.5673,0.6667,1,2,0.2632,False,False
6294754,1033385,22180,NC,34.9823,-78.9622,478.1538,18.4451,114.5,4.176,0.1,0,0,0.2632,False,True
1250808,116306,38900,OR,45.6113,-122.6801,1577.8462,32.182,117.0,13.4859,0.4876,1,0,0.2632,False,True
12196108,1042785,47260,VA,37.0951,-76.4596,2304.3077,5.2417,114.5,20.125,0.4286,1,0,0.2631,False,False
2546383,16294,29820,NV,36.1956,-115.2589,2152.0,3.6878,115.5,18.632,0.3299,1,0,0.2631,False,False
6294600,1032104,16740,NC,35.3269,-80.9448,3372.3846,2.3294,109.5,30.798,0.6974,1,1,0.2631,False,False
5071837,1023225,19100,TX,32.8774,-96.7344,628.5385,10.5235,114.5,5.4894,0.0104,0,0,0.263,False,True
2546587,17225,12580,MD,39.3678,-76.4498,2103.7692,-0.2298,115.5,18.2145,0.5909,2,2,0.2629,False,False
1259712,15354,33100,FL,25.7617,-80.3332,2632.8462,-7.3042,112.0,23.5076,0.462,1,1,0.2629,False,False
1252603,1009981,47900,VA,38.8049,-77.1336,1217.7692,14.1714,115.5,10.5435,0.4163,1,2,0.2628,False,True
1253796,14799,42660,WA,47.6342,-122.2809,1535.1538,5.7381,108.5,14.1489,0.4412,0,0,0.2627,False,False
6294819,1033080,24340,MI,42.9719,-85.7747,2710.7692,0.7548,112.0,24.2033,0.5909,1,0,0.2627,False,False
1251237,1005373,41740,CA,32.8348,-117.1874,3073.3846,4.444,117.0,26.2682,0.7746,3,0,0.2627,False,False
1260366,8263,19780,IA,41.7119,-93.5806,5857.6154,10.3017,105.0,55.7868,1.0,1,0,0.2626,False,False
2544842,9603,35840,FL,27.463,-82.6365,2873.5385,1.7847,105.0,27.367,0.5926,0,0,0.2626,False,False
1255805,16680,35620,NJ,40.7956,-74.3157,2198.0,0.1893,105.0,20.9333,0.5899,0,1,0.2625,False,False
1251793,1007335,10900,NJ,40.6853,-75.1516,2717.8462,5.8986,112.0,24.2665,0.5625,1,1,0.2624,False,False
1251604,1015457,35620,NJ,40.2285,-74.0451,5235.7692,10.8695,105.0,49.8645,0.9621,1,2,0.2623,False,False
2547369,1009269,13820,AL,33.5095,-86.8028,6564.3077,-12.2933,107.5,61.0633,0.8333,2,1,0.2623,False,False
1253353,16802,41940,CA,37.3883,-122.0303,1688.0769,8.1781,114.5,14.743,0.53,1,0,0.2621,False,False
12196053,1044515,12540,CA,35.2965,-119.0721,3365.8462,29.8937,113.0,29.7862,0.6596,1,0,0.2619,False,False
1248405,7188,29820,NV,36.2911,-115.2874,4076.6154,-0.083,113.5,35.9173,0.9072,3,1,0.2619,False,False
1252366,1009361,19100,TX,32.8611,-96.8575,3015.4615,4.369,119.0,25.34,0.5069,3,1,0.2619,False,False
1260503,15986,38300,PA,40.6816,-80.3045,1832.5385,-0.6589,119.0,15.3995,0.3175,2,1,0.2619,False,False
13368277,1053780,19100,TX,33.0898,-97.1931,3145.6154,-1.0166,105.0,29.9582,0.5417,0,0,0.2618,False,False
1249452,17053,38900,WA,45.6658,-122.5577,1929.2308,-2.3821,112.0,17.2253,0.6612,1,0,0.2618,False,False
11884675,1043387,33100,FL,26.2043,-80.1374,2888.0769,7.7424,112.0,25.7864,0.5614,1,1,0.2618,False,False
6294835,1033289,36740,FL,28.4279,-81.6181,1365.4615,-2.1983,112.0,12.1916,0.0549,0,0,0.2617,False,True
5715259,1028809,42660,WA,47.4007,-122.2288,703.0769,2.386,113.5,6.1945,0.0441,0,0,0.2617,False,True
2547419,1010281,10580,NY,42.8612,-73.7794,4187.7692,0.8708,112.0,37.3908,1.0,3,2,0.2617,False,False
6294457,1031567,35840,FL,27.3859,-82.3965,2461.7692,-9.7439,105.0,23.4454,0.4815,0,1,0.2617,False,False
12195997,1040389,26420,TX,29.6012,-95.2519,1885.4615,10.4248,121.5,15.5182,0.2262,2,0,0.2617,False,False
1252006,16383,16980,IL,42.0607,-87.7488,2521.0,5.2542,112.0,22.5089,0.5833,1,1,0.2617,False,False
5069886,1022575,26900,IN,39.9572,-85.92,4027.6154,1.1573,112.0,35.9609,0.7805,2,1,0.2616,False,False
1253551,8776,42660,WA,47.3227,-122.3569,1788.0,3.192,106.5,16.7887,0.6029,0,0,0.2616,False,False
1255351,15579,43300,TX,33.6692,-96.6117,1725.1538,-13.4293,121.5,14.1988,0.3333,3,0,0.2614,False,False
6294907,1039435,39580,NC,35.6673,-78.6977,2761.4615,4.1034,109.5,25.2188,0.7907,1,1,0.2613,False,False
1250878,91229,22220,AR,36.055,-94.1901,3087.9231,-5.5192,114.0,27.087,0.2353,1,1,0.2612,False,False
7281928,1034229,19820,MI,42.6346,-83.7443,2862.8462,10.7781,112.0,25.5611,0.5926,1,1,0.2611,False,False
5715609,1028047,12420,TX,30.41,-97.8516,3150.9231,8.2963,112.0,28.1332,0.6118,1,0,0.2611,False,False
5071175,1019659,31080,CA,34.6977,-118.1461,2699.5385,9.3101,111.0,24.3202,0.7737,1,0,0.2611,False,False
1249929,6963,33740,LA,32.5289,-92.1166,3642.3846,0.4625,105.0,34.6894,0.5,0,0,0.2611,False,False
12195685,1030218,42660,WA,47.7119,-122.187,2159.3077,4.5903,120.5,17.9196,0.7549,4,0,0.2611,False,False
5429153,1015743,32900,CA,37.2991,-120.4816,2585.8462,4.2745,112.0,23.0879,0.6429,1,0,0.261,False,False
5715705,1029582,35620,NJ,40.9861,-74.1396,2004.8462,-4.0143,112.0,17.9004,0.53,1,2,0.261,False,False
5071486,1025955,38900,OR,45.5576,-122.9257,1534.1538,-9.9594,118.0,13.0013,0.4545,2,0,0.261,False,True
1250009,6416,43100,WI,43.7561,-87.7234,2450.4615,3.3749,105.0,23.3377,0.6667,0,0,0.2606,False,False
13205375,1040113,23420,CA,36.8217,-119.8087,2466.3846,3.905,120.5,20.4679,0.5,3,0,0.2606,False,False
1260940,7362,41180,MO,38.7192,-90.7022,3705.2308,1.5346,103.0,35.9731,0.6377,0,1,0.2605,False,False
5071188,1007894,23420,CA,36.8523,-119.7728,3253.4615,3.229,119.5,27.2256,0.7333,4,0,0.2605,False,False
1251639,1008831,35620,NJ,40.8899,-74.2495,2201.4615,-7.4538,119.0,18.4997,0.5962,4,6,0.2604,False,False
5429060,1018587,47300,CA,36.08,-119.0433,3094.6923,2.7901,115.5,26.7939,0.6296,2,0,0.2603,False,False
1249413,17316,46380,CA,39.1324,-123.1991,1996.3846,1.8564,115.0,17.3599,0.4,1,0,0.2603,False,False
1252740,1013599,17460,OH,41.362,-81.6857,1668.3077,-20.2354,107.5,15.5191,0.2593,0,1,0.2602,False,False
1250540,70130,19100,TX,32.9134,-97.309,6753.0769,2.4961,111.0,60.8385,0.9653,3,0,0.2601,False,False
2545438,12179,31080,CA,33.6386,-117.6784,3141.1538,-4.0508,108.5,28.9507,0.8619,1,0,0.2601,False,False
1248575,7804,43340,LA,32.4425,-93.7172,4597.8462,-4.3219,115.5,39.8082,0.625,3,1,0.26,False,False
1251599,1007292,24860,SC,34.8255,-82.5444,4052.8462,13.4567,110.0,36.8441,0.6944,1,1,0.2599,False,False
5715232,1027936,39580,NC,35.7467,-78.873,3760.9231,3.189,112.0,33.5797,0.907,2,0,0.2598,False,False
5070741,1022327,37980,NJ,39.9443,-74.9693,2082.1538,2.7483,112.0,18.5907,0.5109,1,5,0.2598,False,False
2547889,1015251,38060,AZ,33.2976,-111.877,2366.3077,1.9521,121.5,19.4758,0.3252,3,1,0.2597,False,False
1252190,1007075,19820,MI,42.6074,-83.3001,2757.3846,-4.9783,112.0,24.6195,0.5556,1,0,0.2597,False,False
1251617,1006785,33100,FL,26.3184,-80.1517,3310.0769,3.3728,109.5,30.229,0.6901,1,2,0.2595,False,False
5715177,1027743,29540,PA,39.9912,-76.2874,1844.6154,4.7665,110.0,16.7692,0.2727,0,0,0.2593,False,False
1249154,10071,40220,VA,37.255,-79.9551,2426.2308,1.5061,114.5,21.1898,0.3333,1,1,0.2593,False,False
2546596,17249,17660,ID,47.7437,-116.7929,2350.5385,2.4406,115.5,20.351,0.7143,2,0,0.2593,False,False
1259825,15390,33100,FL,26.6507,-80.2121,3760.2308,3.7261,112.0,33.5735,0.8012,2,2,0.2593,False,False
5071292,1023420,31080,CA,34.1605,-118.3443,2052.6923,2.7809,129.5,15.8509,0.5358,9,0,0.2591,False,False
2546457,16637,47300,CA,36.3125,-119.3472,1960.6923,6.2086,110.0,17.8245,0.2593,0,0,0.259,False,False
1260059,17222,31080,CA,33.6728,-117.9535,1995.6154,2.2868,118.0,16.912,0.5108,2,0,0.259,False,False
2547854,1015099,30460,KY,37.9747,-84.4987,1622.0769,2.0767,111.0,14.6133,0.1765,0,0,0.2589,False,False
1249243,7857,36420,OK,35.6096,-97.4614,2455.2308,-5.8272,108.5,22.6289,0.2553,0,0,0.2589,False,False
2545151,10886,47900,VA,38.7481,-77.4511,2123.2308,1.6686,114.5,18.5435,0.7682,2,1,0.2589,False,False
1255771,13477,37980,NJ,39.8979,-75.0315,2229.4615,2.0097,112.0,19.9059,0.6058,1,1,0.2589,False,False
1252224,1007630,35620,NY,40.671,-73.9573,523.5385,8.6526,112.0,4.6745,0.0568,0,8,0.2588,False,True
1260668,14001,22420,MI,43.0183,-83.6355,4096.3846,5.3326,105.0,39.0132,0.5,0,0,0.2588,False,False
1260794,6395,33340,WI,43.0245,-88.2419,2652.0,-1.1923,104.0,25.5,0.6471,0,1,0.2588,False,False
2544329,7577,42220,CA,38.2686,-122.6393,1576.8462,2.7416,107.5,14.6683,0.4667,0,1,0.2586,False,False
1249828,7536,45220,FL,30.5426,-84.2297,1699.5385,-50.5229,105.0,16.1861,0.3333,0,0,0.2586,False,False
5071935,1024527,31080,CA,34.1651,-118.5253,2327.6923,3.0478,122.5,19.0016,0.6373,5,1,0.2586,False,False
1254584,15445,41860,CA,37.7632,-121.9506,1527.5385,13.2672,114.5,13.3409,0.61,1,0,0.2586,False,True
1252220,1007626,41740,CA,33.1709,-117.2163,2944.6923,4.0245,111.0,26.5288,0.7168,1,0,0.2585,False,False
1251655,1008798,17860,MO,38.9103,-92.3312,2580.8462,3.8827,108.5,23.7866,0.25,0,1,0.2585,False,False
1251440,1008672,12420,TX,30.2424,-97.7275,2060.0,1.891,119.0,17.3109,0.4,2,0,0.2583,False,False
1252628,1010082,37340,FL,28.3584,-80.6109,3378.9231,0.4551,112.0,30.169,0.4667,1,1,0.2583,False,False
1248770,7404,41940,CA,37.2538,-121.9526,1700.0769,7.0474,114.5,14.8478,0.54,1,0,0.2583,False,False
1260042,16338,14010,IL,40.4808,-88.952,6189.0,0.5612,107.5,57.5721,1.0,2,1,0.2583,False,False
1253145,13953,16980,IL,41.9484,-88.0257,1986.0,-0.3243,107.5,18.4744,0.3925,0,1,0.2582,False,False
1260765,9572,44300,PA,40.809,-77.9074,1624.3077,0.1185,112.0,14.5027,0.6667,1,1,0.2582,False,False
1249996,1008720,19660,FL,29.1972,-81.0565,2472.0769,-2.3013,115.5,21.4033,0.2,1,1,0.2582,False,False
1248456,1006757,41740,CA,33.1841,-117.3278,3346.4615,9.049,116.5,28.725,0.8439,3,0,0.2581,False,False
7282170,1040392,29820,NV,35.9395,-115.1308,2190.3846,4.6721,115.5,18.9644,0.3608,1,0,0.258,False,False
5070017,1026454,45540,FL,28.9277,-82.0104,1418.3077,4.5594,105.0,13.5077,0.75,0,1,0.258,False,True
6294389,1031126,31460,CA,36.9756,-120.0746,1707.3846,8.2098,115.5,14.7826,0.375,1,1,0.2579,False,False
1249965,6630,41700,TX,29.6512,-98.448,2709.5385,-3.039,114.5,23.6641,0.2727,1,1,0.2578,False,False
1249881,17028,40140,CA,34.1332,-117.6166,3666.0769,3.6448,119.5,30.6785,0.7118,4,0,0.2577,False,False
1254861,15486,19100,TX,32.9626,-96.7901,4311.4615,-6.6317,112.0,38.4952,0.7812,2,0,0.2573,False,False
5070553,1022240,35620,NY,41.0474,-73.8088,355.9231,13.1849,113.5,3.1359,0.0189,0,6,0.2573,False,True
1250462,69695,33340,WI,43.2236,-87.9246,2383.6923,14.5032,107.5,22.1739,0.4706,0,1,0.2571,False,False
1251743,1006561,41740,CA,33.1213,-117.3139,3070.3077,0.1179,110.0,27.9119,0.7688,1,0,0.2571,False,False
7282047,1039282,31080,CA,33.8315,-118.2596,1968.0,3.558,123.5,15.9352,0.4925,4,0,0.2571,False,False
11884334,1042837,16300,IA,42.0348,-91.6524,8797.4615,6.379,101.5,86.6745,1.0,1,0,0.257,False,False
1250952,113969,19100,TX,32.5752,-97.0838,3468.2308,2.3425,115.5,30.028,0.6042,2,0,0.2569,False,False
1260160,15734,26420,TX,30.0651,-95.4351,4205.3846,1.9906,115.5,36.4103,0.8054,3,0,0.2568,False,False
2545847,13981,47900,VA,38.6529,-77.286,3437.3077,9.1662,112.0,30.6902,0.9356,2,1,0.2568,False,False
11884173,1040531,29820,NV,36.0625,-115.0467,3145.5385,1.3407,121.5,25.8892,0.7216,5,0,0.2568,False,False
1259443,7806,33100,FL,25.8623,-80.1936,886.5385,2.9661,112.0,7.9155,0.076,0,2,0.2568,False,True
1253097,1013585,26420,TX,30.1269,-95.4348,2282.6154,-3.3168,115.0,19.8488,0.3439,1,0,0.2568,False,False
2545075,10596,35620,NJ,41.1089,-74.5809,2250.4615,1.3019,105.0,21.433,0.6246,0,1,0.2566,False,False
1250634,87280,41740,CA,33.2508,-117.3008,1873.8462,1.4873,123.0,15.2345,0.3237,3,0,0.2564,False,False
1250890,113978,28140,KS,38.9566,-94.6292,3068.2308,1.8591,107.5,28.5417,0.3636,0,0,0.2563,False,False
2547820,1014992,38060,AZ,33.5534,-112.1096,1687.8462,2.3319,117.5,14.3646,0.1456,1,1,0.2563,False,False
2547975,1015487,40900,CA,38.7888,-121.2242,3977.6154,9.0654,101.0,39.3823,0.9485,0,0,0.2562,False,False
6294571,1031833,16740,NC,35.322,-80.6547,3836.0769,-0.3994,108.5,35.3555,0.7632,1,1,0.2562,False,False
6294836,1029929,35840,FL,27.1021,-82.3837,2762.0,0.1004,105.0,26.3048,0.5556,0,1,0.2561,False,False
2546747,17858,28060,MT,48.2371,-114.3313,3086.0769,9.513,108.5,28.4431,1.0,1,0,0.2561,False,False
5070493,1021871,35620,NY,40.7234,-73.9514,1741.1538,-8.7593,112.0,15.546,0.4259,1,9,0.2561,False,False
1253155,14266,16980,IN,41.4673,-87.0322,4575.7692,-8.6603,110.0,41.5979,0.9435,2,0,0.256,False,False
11883929,1037001,47260,VA,37.2735,-76.7119,967.5385,-2.7975,112.0,8.6387,0.0635,0,1,0.256,False,True
5071544,1015598,26420,TX,29.7451,-95.7933,6936.4615,2.9654,111.0,62.4906,0.9729,3,0,0.2559,False,False
1251816,1006714,16740,NC,35.0159,-80.802,3027.2308,-0.4704,105.0,28.8308,0.5921,0,0,0.2559,False,False
1257206,14932,47900,MD,39.1549,-77.1655,1221.1538,2.3137,108.5,11.2549,0.4206,0,1,0.2559,False,True
5715522,1029517,12540,CA,35.4282,-119.0216,1478.3846,3.4559,112.5,13.1412,0.0638,0,0,0.2557,False,True
2545833,13916,14740,WA,47.6267,-122.6283,1288.2308,-1.2966,121.0,10.6465,0.2857,2,0,0.2557,False,True
1254841,16562,19100,TX,32.8112,-96.6231,2719.5385,9.2927,119.0,22.8533,0.4028,2,0,0.2556,False,False
5070465,1026230,36780,WI,44.2322,-88.4247,2757.7692,10.2124,107.5,25.6537,0.4,0,1,0.2556,False,False
5715245,1028845,31080,CA,34.1156,-118.1508,1383.3846,4.1826,121.5,11.3859,0.2679,2,0,0.2554,False,True
2547830,1015013,46140,OK,36.3214,-95.8229,3352.6923,-4.996,105.0,31.9304,0.52,0,0,0.2554,False,False
2545772,13666,33460,MN,44.8542,-93.2402,10269.5385,16.0107,99.5,103.2114,1.0,1,2,0.2554,False,False
1250478,66442,41500,CA,36.6008,-121.8945,2557.3846,5.9296,115.5,22.1419,0.7407,2,0,0.2554,False,False
12195818,13477,37980,NJ,39.8979,-75.0316,2195.2308,-4.4145,112.0,19.6003,0.5766,1,1,0.2554,False,False
2547923,1015381,33100,FL,26.4544,-80.1703,2841.8462,3.7112,105.0,27.0652,0.538,0,2,0.2553,False,False
6294338,1025698,46700,CA,38.1339,-122.2222,2765.7692,7.4213,114.5,24.1552,0.8333,2,0,0.2553,False,False
1253791,17449,42660,WA,47.2,-121.9878,2574.6154,5.3609,114.5,22.4857,0.8382,2,0,0.2552,False,False
1249450,10581,42660,WA,47.532,-122.1942,1276.0,-4.3423,110.0,11.6,0.2941,0,0,0.2551,False,True
1248426,9939,12060,GA,33.9003,-84.0061,1435.2308,3.7305,112.0,12.8146,0.1307,0,0,0.255,False,True
1256616,8797,47900,VA,38.8795,-77.3965,1343.3077,-1.3055,107.5,12.4959,0.485,0,1,0.2548,False,True
5071232,1018263,37100,CA,34.2425,-119.0108,3158.2308,5.4284,112.0,28.1985,0.6222,1,0,0.2547,False,False
5069966,1021451,33100,FL,26.0083,-80.2987,3985.8462,1.3021,112.0,35.5879,0.8246,2,1,0.2545,False,False
1248462,17888,16980,IL,41.9056,-88.0102,2579.6154,6.8708,105.0,24.5678,0.5995,0,2,0.2545,False,False
1251195,1007463,41940,CA,37.4479,-122.1264,1701.0769,6.9756,114.5,14.8566,0.56,1,0,0.2545,False,False
5430000,1018162,40340,MN,44.0067,-92.4793,1015.7692,41.9282,112.0,9.0694,0.5,0,0,0.2545,False,True
5428995,1019751,16940,WY,41.1605,-104.7792,2883.1538,6.9724,115.5,24.9624,1.0,3,0,0.2544,False,False
1259924,15417,13820,AL,33.446,-86.7915,3832.0769,2.3083,105.0,36.496,0.4583,0,1,0.2544,False,False
5715175,1025846,47900,VA,38.8665,-77.2301,1544.2308,4.9948,117.5,13.1424,0.5923,2,1,0.2542,False,True
1250017,17108,31080,CA,33.5268,-117.717,1852.0,3.834,108.5,17.0691,0.4326,0,0,0.2541,False,False
5429126,1016769,37980,PA,39.9795,-75.3471,1928.8462,-4.9433,106.5,18.1112,0.4891,0,1,0.254,False,False
1252582,1009924,44700,CA,38.0202,-121.324,3294.0,3.6852,115.5,28.5195,0.65,2,0,0.2539,False,False
1257226,13523,35620,NJ,40.6888,-74.3072,2179.6154,2.868,112.0,19.4609,0.5741,1,3,0.2539,False,False
13368211,1045230,41540,DE,38.7393,-75.1459,2630.3846,-1.8175,112.0,23.4856,0.5556,1,1,0.2539,False,False
1249426,6903,28140,KS,38.8553,-94.7623,4918.0769,0.5141,107.5,45.7496,0.8364,1,0,0.2539,False,False
11884057,1037825,19820,MI,42.682,-83.1558,2957.9231,1.7733,105.0,28.1707,0.6296,0,0,0.2539,False,False
1254388,14700,31080,CA,34.0312,-118.8431,1165.7692,4.6183,112.0,10.4087,0.1797,0,0,0.2538,False,True
11884231,1040276,16980,IL,41.9309,-87.746,1730.0,1.1105,114.5,15.1092,0.2984,1,7,0.2538,False,False
1249389,7461,12420,TX,30.4188,-97.7027,2025.1538,1.4098,115.5,17.5338,0.3765,1,0,0.2538,False,False
2544497,8191,19100,TX,32.6709,-97.1144,3698.3077,4.928,114.5,32.2996,0.6493,2,1,0.2537,False,False
1252877,16169,16980,IL,41.7586,-88.2449,2504.9231,-2.2513,105.0,23.8564,0.5806,0,1,0.2537,False,False
1256597,1008773,24060,CO,39.5308,-107.3257,2625.4615,2.7764,112.0,23.4416,0.6667,1,0,0.2536,False,False
1260184,12542,35440,OR,44.6373,-124.0526,2991.9231,6.5004,108.5,27.5753,1.0,1,0,0.2536,False,False
2544595,8550,16980,IL,42.3453,-88.0662,2659.3846,4.4314,105.0,25.3275,0.6183,0,1,0.2534,False,False
1256974,14842,38060,AZ,33.3629,-111.9107,3204.2308,3.3187,119.0,26.9263,0.5971,3,0,0.2532,False,False
5715345,1028450,26900,IN,39.6386,-86.0825,174.2308,13.25,115.5,1.5085,0.0122,0,1,0.2532,False,True
2547928,1015386,45820,KS,39.0129,-95.7619,3984.0,1.6805,114.5,34.7948,0.6667,2,0,0.2532,False,False
5715666,1028606,34660,KY,36.6185,-88.3158,4763.1538,-2.2511,105.0,45.3634,1.0,1,1,0.2532,False,False
1248384,87720,41740,CA,32.7272,-117.2276,2429.9231,6.4893,117.0,20.7686,0.5607,2,1,0.2531,False,False
1254634,15451,31080,CA,34.2578,-118.4699,2979.3846,10.2251,114.0,26.135,0.8253,2,1,0.253,False,False
7282057,1037713,17140,KY,39.0058,-84.4257,2717.9231,7.0113,114.5,23.7373,0.38,1,1,0.253,False,False
1250654,88905,33100,FL,25.9455,-80.1674,1221.7692,10.1838,112.0,10.9087,0.152,0,1,0.2527,False,True
6294458,1031140,45300,FL,27.9811,-82.7097,3038.4615,-3.5645,105.0,28.9377,0.5843,0,0,0.2525,False,False
11884120,1039940,24460,KS,38.3622,-98.7866,970.8462,15.0711,105.0,9.2462,1.0,0,0,0.2525,False,True
2544441,7979,19100,TX,32.883,-97.3843,3327.4615,2.4246,115.5,28.8092,0.5729,2,1,0.2525,False,False
1255184,13943,41860,CA,37.618,-122.0698,1603.6154,8.748,118.0,13.59,0.645,2,0,0.2524,False,True
2544570,17233,19740,CO,39.7853,-104.8951,2171.3846,4.5327,117.0,18.5588,0.6489,2,0,0.2524,False,False
5715172,1029937,26900,IN,39.9127,-86.1818,2493.8462,3.2517,114.5,21.7803,0.378,1,1,0.2523,False,False
1259954,13783,28940,TN,35.902,-84.1507,4251.5385,2.1589,115.5,36.8099,0.5455,2,0,0.2523,False,False
1254199,17417,19740,CO,39.6061,-105.0904,3387.5385,-1.9853,108.5,31.2216,0.8931,1,0,0.2523,False,False
2546122,11903,16980,IL,42.01,-87.828,1712.6154,-7.5684,115.0,14.8923,0.2876,1,2,0.2522,False,False
1259842,15396,34940,FL,26.1414,-81.7965,155.6923,-21.6718,112.0,1.3901,0.0909,0,1,0.2522,False,True
1260056,14342,42660,WA,47.8387,-122.1238,2599.0769,-1.7105,110.0,23.628,0.848,1,0,0.2521,False,False
11884080,1039610,27340,NC,34.755,-77.424,3568.3077,2.1537,105.0,33.9839,0.5,0,1,0.2521,False,False
5070213,1019056,41180,MO,38.2243,-91.154,3719.4615,1.6631,104.0,35.7641,0.6522,0,0,0.2521,False,False
1259715,18560,34980,TN,36.1469,-86.7991,2977.4615,3.1307,126.5,23.5372,0.4314,7,3,0.252,False,False
2546235,15643,33700,CA,37.7662,-120.8471,3074.5385,1.1899,116.0,26.5046,0.6154,2,0,0.252,False,False
2548300,1016586,38900,OR,45.5836,-122.7279,1613.9231,-0.8319,114.5,14.0954,0.5207,1,0,0.252,False,False
1260671,7097,28140,MO,39.0789,-94.394,2785.3077,-1.5766,108.5,25.671,0.2182,0,1,0.2519,False,False
13205411,1043392,21340,TX,31.7266,-106.2646,1450.3846,-1.5508,112.0,12.9499,0.1034,0,0,0.2518,False,True
5070103,1020370,45300,FL,27.8536,-82.2114,3582.6154,-4.4989,102.0,35.1237,0.7528,0,1,0.2518,False,False
2546943,18742,19100,TX,33.1264,-96.734,2595.6923,-6.165,114.5,22.6698,0.3646,1,0,0.2518,False,False
6294447,1031274,17460,OH,41.5197,-81.4689,2450.0,-2.9023,105.0,23.3333,0.5926,0,1,0.2518,False,False
5071606,1017307,14500,CO,39.9556,-105.1651,2113.3077,0.774,115.5,18.297,0.7692,2,0,0.2517,False,False
2544565,8455,26420,TX,29.6493,-95.164,2298.6154,4.7205,119.0,19.3161,0.362,2,1,0.2516,False,False
2548255,1016383,38900,OR,45.3891,-122.6431,2094.6923,0.3279,105.0,19.9495,0.7355,0,0,0.2515,False,False
1256572,13509,35620,NY,40.7609,-73.7665,1966.0,-0.2303,112.0,17.5536,0.5047,1,8,0.2514,False,False
5429011,1019266,37980,PA,40.126,-75.4073,2388.3077,-4.087,105.0,22.7458,0.6642,0,0,0.2513,False,False
5715631,1028300,16860,TN,35.0852,-85.1989,2543.6923,-3.9837,107.5,23.6623,0.3333,0,1,0.2513,False,False
6294781,1033841,46060,AZ,32.2221,-110.877,2907.9231,17.8177,114.5,25.3967,0.8529,2,1,0.2513,False,False
1250438,113969,19100,TX,32.5752,-97.0838,3609.6923,3.7841,115.5,31.2527,0.6319,2,0,0.2513,False,False
13368212,1054775,18880,FL,30.7181,-86.569,2505.3077,-7.1129,115.5,21.691,0.2667,1,0,0.2512,False,False
1251067,1005212,28940,TN,35.9103,-84.0917,4228.7692,4.3091,115.5,36.6127,0.5,2,1,0.2512,False,False
1251711,1006795,47260,VA,36.8795,-76.0423,2713.9231,5.3133,112.0,24.2315,0.619,1,1,0.2512,False,False
1254735,13440,31080,CA,34.4598,-118.534,1906.9231,-0.0161,108.0,17.6567,0.4626,0,0,0.2512,False,False
6294472,1031549,43900,SC,35.0217,-81.8952,4681.6154,1.914,107.5,43.5499,0.8889,1,0,0.2512,False,False
1254656,15455,46700,CA,38.0948,-122.2288,2241.6154,7.6148,115.5,19.4079,0.4167,1,0,0.2511,False,False
5071223,1026226,23420,CA,36.2547,-120.2522,1257.3846,7.1939,113.5,11.0783,0.05,0,0,0.2511,False,True
11884078,1040151,41180,IL,38.9179,-90.1654,1366.5385,-0.0394,112.0,12.2012,0.1304,0,0,0.2511,False,True
1259743,1010284,45300,FL,28.1,-82.6912,3092.5385,7.6818,105.0,29.4527,0.6067,0,1,0.2509,False,False
1251866,1006723,16980,IL,41.6038,-87.8535,4033.6154,8.5001,112.0,36.0144,0.8978,2,1,0.2509,False,False
1251263,1007285,17020,CA,39.7153,-121.7949,4308.3077,2.1727,112.0,38.467,0.8889,2,0,0.2508,False,False
2546101,15046,48620,KS,37.7239,-97.4633,2661.8462,5.5805,118.0,22.558,0.4375,2,1,0.2507,False,False
6294596,1032550,32820,MS,34.9602,-89.9361,3933.3846,-5.4737,108.5,36.2524,0.8125,1,0,0.2507,False,False
2545867,14067,19100,TX,33.0111,-96.6135,3147.6923,1.8088,112.0,28.1044,0.5451,1,1,0.2506,False,False
1259823,15388,33100,FL,25.9004,-80.1599,4099.7692,2.2269,112.0,36.6051,0.8421,2,1,0.2505,False,False
1250406,14246,25900,HI,19.6987,-155.0616,1835.4615,11.5208,122.0,15.0448,0.25,2,0,0.2505,False,False
5069820,1025254,34980,TN,35.8461,-86.4398,6601.7692,12.5784,114.5,57.6574,1.0,4,0,0.2505,False,False
5071141,1022179,20660,MD,38.7756,-76.0607,1799.3077,-4.2686,108.5,16.5835,1.0,1,1,0.2504,False,False
6294651,1032916,12580,MD,39.1212,-76.5113,2128.0769,-1.4428,112.0,19.0007,0.6364,1,1,0.2503,False,False
1251722,1006798,38060,AZ,33.3342,-111.9128,2347.3077,-2.7038,115.0,20.4114,0.3058,1,1,0.2503,False,False
5428902,1021167,19740,CO,39.8848,-104.9939,2513.8462,8.9333,119.0,21.1248,0.7328,3,0,0.2503,False,False
2545471,12333,47900,VA,38.8535,-77.4497,762.5385,20.0557,114.0,6.6889,0.1888,0,0,0.2502,False,True
1254120,8829,41860,CA,37.9914,-122.3024,1487.2308,-2.5553,118.0,12.6037,0.58,2,0,0.2501,False,True
11884477,1044527,27260,FL,29.871,-81.3239,5310.7692,0.4277,105.0,50.5788,0.9787,1,1,0.2499,False,False
1251351,1005608,31080,CA,34.451,-118.6246,2121.3077,10.8668,114.5,18.5267,0.5674,1,0,0.2499,False,False
2545786,13731,13820,AL,33.4562,-86.7356,4605.3077,16.6287,105.0,43.8601,0.5833,0,0,0.2498,False,False
6294380,1031569,49700,CA,39.1459,-121.5939,2853.5385,3.826,114.5,24.9217,0.4286,1,0,0.2497,False,False
5071715,1021023,48620,KS,37.6935,-97.2998,1711.2308,4.761,112.0,15.2788,0.0625,0,1,0.2497,False,False
1248942,17431,37980,NJ,40.1326,-74.7241,1083.2308,4.9877,112.0,9.6717,0.146,0,1,0.2496,False,True
1260204,9684,38940,FL,27.2365,-80.2682,2887.9231,-4.5363,112.0,25.785,0.6,1,0,0.2495,False,False
6294930,1037830,31080,CA,33.7166,-118.0062,2320.5385,-0.0894,119.5,19.4187,0.6339,3,0,0.2493,False,False
1259838,16395,32820,TN,35.048,-89.7981,2776.7692,4.2271,105.0,26.4454,0.625,0,1,0.2493,False,False
7281867,1042524,31080,CA,34.2316,-118.3677,2101.2308,2.7265,114.0,18.4318,0.5591,1,0,0.2492,False,False
1260243,8435,26900,IN,39.9572,-86.1131,3046.8462,-2.7833,105.0,29.0176,0.5366,0,1,0.2492,False,False
11884423,1043871,17780,TX,30.6645,-96.3718,1063.9231,-4.8238,112.0,9.4993,0.1429,0,0,0.2491,False,True
5071030,1018050,12580,MD,39.1533,-76.7283,3646.6923,3.0363,112.0,32.5598,0.8636,2,2,0.2491,False,False
5715670,1028628,33700,CA,37.6576,-121.0317,514.1538,19.9354,129.0,3.9857,0.0769,3,0,0.249,False,True
1260655,14445,31080,CA,33.5245,-117.6862,2405.5385,-3.6302,105.0,22.9099,0.6789,0,0,0.249,False,False
5071009,1022959,17220,WV,39.3308,-80.2367,3457.0769,3.5936,105.0,32.9245,0.5,0,2,0.249,False,False
11884382,1043237,33460,MN,45.1832,-93.1104,2033.2308,0.6397,114.5,17.7575,0.5,1,0,0.2489,False,False
1250624,89047,31140,KY,38.2157,-85.5381,3591.6923,3.8177,105.0,34.2066,0.6,0,0,0.2489,False,False
11884193,1039695,44420,VA,38.1239,-79.0659,3760.1538,6.2052,105.0,35.811,0.6,0,0,0.2489,False,False
11884243,1040869,19100,TX,33.2489,-95.9105,6030.4615,-3.1299,105.0,57.433,0.9479,1,0,0.2487,False,False
6294344,1031158,26420,TX,29.7022,-95.7412,1867.5385,3.8009,111.0,16.8247,0.2172,0,0,0.2486,False,False
1254673,1012281,25260,CA,36.3283,-119.6542,1757.0769,4.0306,116.5,15.0822,0.2857,1,1,0.2486,False,False
5071762,1024645,19100,TX,32.8696,-97.3418,2792.7692,3.2946,114.5,24.391,0.4375,1,0,0.2485,False,False
1252554,1010103,18140,OH,40.0281,-83.1163,3274.3846,-0.0775,114.5,28.5972,0.7544,2,0,0.2485,False,False
2544973,10121,36740,FL,28.3176,-81.5414,2563.6923,2.5919,108.5,23.6285,0.2967,0,1,0.2485,False,False
1252197,1007196,35620,NJ,40.4905,-74.8615,812.6154,-3.7887,112.0,7.2555,0.1199,0,1,0.2484,False,True
1254684,17704,40140,CA,33.4823,-117.0948,2994.7692,-1.423,117.5,25.4874,0.4803,2,0,0.2484,False,False
1255334,14709,41940,CA,37.2748,-121.8933,1919.8462,-0.0721,105.0,18.2842,0.7,0,1,0.2484,False,False
11883889,1027546,46060,AZ,32.2293,-110.9998,2595.4615,0.9937,115.5,22.4715,0.7353,2,0,0.2483,False,False
5428897,1021226,38060,AZ,33.4874,-112.0836,1677.9231,-0.2606,127.5,13.1602,0.1408,4,0,0.2483,False,True
5071437,66166,13380,WA,48.7724,-122.4609,1876.6154,4.8479,119.0,15.7699,1.0,4,0,0.2482,False,False
6294775,1033074,31080,CA,33.803,-118.1423,3956.2308,3.3041,119.0,33.2456,0.9434,5,0,0.2482,False,False
1260623,7240,37100,CA,34.216,-119.0044,2359.0769,7.8758,115.5,20.4249,0.4222,1,0,0.2481,False,False
5070485,1024871,35620,NY,40.749,-73.6406,397.3077,-4.5639,119.0,3.3387,0.0315,1,6,0.2481,False,True
1255224,14727,31080,CA,33.7889,-117.9409,1951.2308,3.7719,119.0,16.3969,0.4842,2,0,0.2481,False,False
1248622,8008,31080,CA,33.8983,-118.0067,1318.0769,0.8416,118.0,11.1701,0.2463,1,0,0.248,False,True
11884441,1044155,19340,IL,41.4936,-90.536,2608.5385,6.4175,107.5,24.2655,0.5,0,0,0.248,False,False
2545590,12829,31080,CA,33.7721,-118.0071,3906.2308,8.1874,108.5,36.0021,0.9418,1,0,0.248,False,False
1250807,90333,17420,TN,35.2104,-84.8591,5356.2308,2.2196,118.0,45.3918,0.5,3,0,0.2479,False,False
1260176,14948,16980,IL,41.786,-88.3763,4001.1538,-0.0653,107.5,37.22,0.8952,1,1,0.2479,False,False
1259585,13795,38060,AZ,33.3496,-111.9648,1498.6923,-49.9268,119.0,12.5941,0.1019,2,0,0.2478,False,True
1250384,66413,19100,TX,33.0253,-96.8876,3382.9231,-1.4609,112.0,30.2047,0.5799,1,0,0.2478,False,False
1248376,14642,41940,CA,37.3223,-121.8251,1898.0,1.5976,122.0,15.5574,0.68,4,0,0.2477,False,False
5070127,1021169,45300,FL,28.0435,-82.582,2949.6923,-5.0348,105.0,28.0923,0.5393,0,1,0.2475,False,False
5429077,1018750,41700,TX,29.6076,-98.5224,2980.5385,7.9123,114.5,26.0309,0.3896,1,1,0.2474,False,False
6294992,1039560,47900,VA,38.59,-77.7706,1836.4615,20.6123,107.5,17.0834,0.7124,0,0,0.2473,False,False
2547555,1014138,17140,OH,39.3171,-84.4934,986.3846,1.1916,112.0,8.807,0.1,0,2,0.2472,False,True
1252568,12379,26900,IN,40.0026,-86.124,10409.9231,-2.9134,98.0,106.2237,1.0,1,2,0.2472,False,False
2544911,9871,34980,TN,35.9991,-86.6923,2478.4615,0.0745,108.5,22.843,0.2941,0,1,0.2471,False,False
1260108,9523,12060,GA,33.8735,-84.0135,2648.8462,-3.0355,112.0,23.6504,0.5817,1,1,0.247,False,False
1255471,1010210,17820,CO,38.9734,-105.04,5739.0,-1.8639,105.0,54.6571,1.0,1,0,0.247,False,False
1258392,17239,18880,FL,30.3774,-86.349,3318.0,-8.024,112.0,29.625,0.4667,1,1,0.247,False,False
11884375,1043216,17460,OH,41.4141,-82.2394,2613.1538,2.4921,112.5,23.228,0.6481,1,0,0.2469,False,False
1259945,12876,33660,AL,30.6756,-88.1448,3792.6923,6.8781,107.5,35.2809,0.375,0,0,0.2467,False,False
6294829,1033534,27180,TN,35.6747,-88.7818,3135.3077,-4.2047,105.0,29.8601,0.6,0,0,0.2467,False,False
1249734,18149,19100,TX,32.6489,-97.0597,2421.4615,5.1508,115.5,20.965,0.3299,1,1,0.2466,False,False
2547347,1008953,28140,KS,38.9564,-94.6887,3155.6154,3.2051,107.5,29.3546,0.4182,0,0,0.2466,False,False
1252083,1008982,41860,CA,37.9614,-122.3268,2069.5385,2.8362,115.5,17.9181,0.82,2,0,0.2465,False,False
2546835,18258,31080,CA,33.7581,-118.082,3161.7692,4.4177,110.0,28.7434,0.8652,1,0,0.2464,False,False
1260917,9490,36420,OK,35.6082,-97.6195,2972.4615,-2.4685,114.5,25.9604,0.383,1,0,0.2464,False,False
1256123,16084,14860,CT,41.2915,-73.4933,901.1538,3.9301,111.0,8.1185,0.2857,0,1,0.2464,False,True
5715431,1028722,16740,SC,35.0929,-80.9352,3122.7692,3.6088,112.0,27.8819,0.6579,1,0,0.2463,False,False
11884077,1040834,42220,CA,38.4073,-122.8387,1860.6154,12.7751,114.5,16.2499,0.6333,1,0,0.2463,False,False
5069925,1025343,17460,OH,41.6082,-81.4407,2230.0769,1.9733,107.5,20.7449,0.5185,0,0,0.2463,False,False
6294142,1031018,19780,IA,41.689,-93.7696,4689.9231,1.148,107.5,43.6272,0.9091,1,0,0.2462,False,False
1250833,91333,31080,CA,33.8583,-118.0304,1922.1538,1.6061,122.0,15.7554,0.4676,3,0,0.2462,False,False
1250213,10931,42660,WA,47.1684,-122.1492,4008.4615,1.9845,117.0,34.2604,0.9657,4,0,0.246,False,False
1249248,17486,28940,TN,35.8127,-83.9824,2933.8462,-15.3122,115.5,25.4013,0.1818,1,0,0.246,False,False
1258399,7091,41940,CA,37.3414,-121.9117,2120.3846,2.8967,122.5,17.3093,0.8,5,0,0.2459,False,False
1251804,1007736,38300,PA,40.3542,-80.1142,4781.3846,2.5219,111.0,43.0755,0.8571,2,2,0.2459,False,False
5071913,1021094,31080,CA,33.7363,-118.2921,897.9231,0.4994,124.0,7.2413,0.1065,2,0,0.2459,False,True
1250163,20057,41860,CA,37.6713,-122.4642,2141.6923,6.2104,124.0,17.2717,0.835,6,0,0.2457,False,False
2545244,11271,33100,FL,26.3677,-80.126,2401.1538,0.0962,118.5,20.2629,0.3977,2,1,0.2457,False,False
5070142,1021980,16980,IL,41.5857,-87.7161,1320.3846,9.4218,112.0,11.7891,0.172,0,1,0.2457,False,True
1251241,1005804,16980,IL,41.6124,-88.2015,2158.0769,2.6603,107.5,20.0751,0.4651,0,1,0.2456,False,False
1260755,9511,43780,IN,41.6289,-86.2301,2550.1538,-6.3371,115.5,22.0793,0.625,2,1,0.2455,False,False
1251002,113968,12060,GA,34.2366,-84.4553,2830.3846,2.4531,112.0,25.2713,0.6144,1,1,0.2455,False,False
1260489,8039,40140,CA,34.2508,-116.8842,6205.0769,10.2703,106.0,58.5385,0.9563,1,0,0.2454,False,False
1260582,16197,26620,AL,34.6916,-86.5746,2165.0769,-6.6189,107.5,20.1403,0.4615,0,0,0.2454,False,False
2545464,12302,46520,HI,21.4519,-158.0057,3678.4615,10.2478,114.5,32.1263,0.8125,2,0,0.2453,False,False
5715757,1029835,19660,FL,29.0283,-80.8998,4586.7692,-5.057,101.5,45.1898,0.7,0,1,0.2453,False,False
5715569,1028248,12420,TX,30.391,-97.7225,2763.3846,7.6407,114.5,24.1344,0.4941,1,0,0.2453,False,False
1249551,7459,35620,NY,41.1344,-73.7933,1227.4615,5.5218,111.0,11.0582,0.2177,0,2,0.2452,False,True
11884050,1037730,24660,NC,36.0634,-79.6069,527.8462,1.9311,114.5,4.61,0.0556,0,0,0.2452,False,True
1257048,14075,41740,CA,32.6481,-116.9668,2973.7692,2.4704,117.5,25.3087,0.7399,3,1,0.2451,False,False
1249769,6918,26900,IN,39.665,-86.0989,2712.0769,2.8591,114.5,23.6863,0.4634,1,0,0.2449,False,False
1248532,17749,19100,TX,32.7221,-97.1152,3557.6154,3.963,112.0,31.7644,0.6215,1,0,0.2448,False,False
5070044,1019489,18880,FL,30.5147,-86.4587,271.5385,5.0908,114.5,2.3715,0.0667,0,1,0.2447,False,True
1260166,14672,31080,CA,34.6072,-118.1472,3039.3846,3.8669,114.5,26.5448,0.8336,2,0,0.2446,False,False
11884248,1040377,36140,NJ,38.9863,-74.8269,2979.6154,-5.038,112.0,26.6037,0.5,1,2,0.2446,False,False
11884229,1040510,35620,NY,41.3969,-74.3338,865.9231,-4.7067,112.0,7.7315,0.1262,0,1,0.2446,False,True
5070355,1024436,43780,IN,41.6626,-86.1091,332.3077,-4.2977,120.5,2.7577,0.125,1,0,0.2446,False,True
2546392,16337,45540,FL,28.9082,-81.9741,819.1538,-12.0354,111.0,7.3798,0.25,0,0,0.2445,False,True
5072030,1023547,38060,AZ,33.335,-111.9671,5468.4615,-3.5152,119.0,45.9535,0.9078,6,0,0.2445,False,False
1248566,7091,41940,CA,37.3414,-121.9117,2180.0769,6.2974,122.5,17.7965,0.83,5,0,0.2443,False,False
2546494,16783,34580,WA,48.4221,-122.308,2454.9231,-1.8303,105.0,23.3802,0.7143,0,0,0.2442,False,False
2547230,18189,38060,AZ,33.6723,-111.9057,2483.8462,-2.6882,115.5,21.5052,0.3447,1,0,0.2441,False,False
2545870,14091,19740,CO,39.7164,-105.081,4387.5385,2.3525,114.5,38.3191,0.9618,3,0,0.2441,False,False
1251600,1008944,41180,MO,38.5068,-90.3265,6369.1538,-0.6766,105.0,60.6586,0.9565,1,0,0.2441,False,False
1252798,13632,16980,WI,42.568,-87.9505,3882.9231,0.0357,112.0,34.669,0.8844,2,1,0.2439,False,False
7282009,1039566,33100,FL,26.4574,-80.1212,2892.6923,0.1758,105.0,27.5495,0.5673,0,2,0.2438,False,False
1257138,13045,42660,WA,47.3604,-122.0203,1289.5385,5.1034,122.0,10.57,0.3137,2,0,0.2438,False,True
1248748,8590,28740,NY,41.9628,-73.989,2891.6923,0.7666,112.0,25.8187,1.0,2,1,0.2438,False,False
13490981,14009,31080,CA,33.5656,-117.7151,3773.9231,3.0325,115.5,32.6747,0.9318,3,0,0.2437,False,False
11884459,1044481,40220,VA,37.3573,-79.9556,2627.8462,2.2661,107.5,24.4451,0.4167,0,1,0.2437,False,False
5071892,1018289,29420,AZ,34.505,-114.35,2603.6923,8.9762,111.0,23.4567,0.2,0,0,0.2437,False,False
5715144,1030143,41180,MO,38.756,-90.4301,2752.1538,-9.5899,112.0,24.5728,0.5362,1,1,0.2436,False,False
13368382,1043559,15940,OH,40.7977,-81.4894,2655.4615,8.1112,115.5,22.991,0.4167,1,0,0.2435,False,False
2545731,13473,35620,NJ,40.7171,-74.3578,866.3077,3.7303,112.0,7.7349,0.1293,0,3,0.2435,False,True
12195955,1044294,36740,FL,28.1969,-81.2921,2395.8462,11.9192,110.0,21.7804,0.2747,0,1,0.2435,False,False
2547643,1014431,40900,CA,38.9387,-121.0966,3365.6154,9.7061,114.0,29.5229,0.9191,2,0,0.2434,False,False
1248723,8169,43100,WI,43.7172,-87.7543,3390.0,1.2777,107.5,31.5349,1.0,1,1,0.2434,False,False
2548348,1016832,42660,WA,47.4649,-122.1372,1752.4615,-0.5196,107.5,16.302,0.5735,0,0,0.2433,False,False
5071470,17356,32900,CA,37.3611,-120.5939,2210.1538,3.1707,115.5,19.1355,0.4286,1,0,0.2432,False,False
1249760,6614,27260,FL,30.3243,-81.3978,2348.1538,-1.4623,108.5,21.642,0.3191,0,1,0.2431,False,False
6294843,1033544,39580,NC,35.8379,-78.6135,2424.2308,-7.7592,105.0,23.0879,0.6047,0,1,0.2431,False,False
5071704,1021193,19100,TX,33.0202,-96.9314,1692.8462,0.8848,112.0,15.1147,0.1424,0,0,0.2429,False,False
5070766,1025406,35620,NJ,40.7585,-74.1616,1525.3846,3.1469,119.0,12.8184,0.3312,2,8,0.2429,False,True
7282265,1039472,10580,NY,42.694,-73.6878,1292.3077,-8.8542,111.0,11.6424,0.1053,0,2,0.2429,False,True
13368263,1045130,49180,NC,36.1231,-80.6605,565.6154,-26.6534,112.0,5.0501,0.0769,0,0,0.2428,False,True
5070035,1024313,36740,FL,28.5981,-81.2123,6598.3077,8.4,112.0,58.9135,0.9121,3,2,0.2428,False,False
1255193,15109,31080,CA,33.8611,-117.7913,1910.6923,-2.9006,119.0,16.0562,0.4642,2,0,0.2428,False,False
1255764,13476,35620,NJ,41.0145,-73.9819,2617.5385,1.7036,105.0,24.9289,0.7319,0,0,0.2427,False,False
5429988,1027445,47900,MD,39.0831,-76.8646,1414.5385,-0.0924,114.5,12.354,0.5322,1,1,0.2427,False,True
1251656,1006987,31860,MN,44.1672,-93.952,3441.6154,-3.9109,114.5,30.0578,0.6667,2,1,0.2426,False,False
13641693,17742,36740,FL,28.6626,-81.3637,1495.7692,3.5134,112.0,13.3551,0.0769,0,2,0.2426,False,True
6294934,1039226,10740,NM,34.8064,-106.7039,4169.4615,6.2471,108.5,38.4282,0.9268,1,0,0.2426,False,False
5071185,1026095,12540,CA,35.3553,-119.1448,875.5385,26.9746,115.5,7.5804,0.0426,0,1,0.2425,False,True
1249403,6936,44420,VA,38.1338,-79.0412,1874.1538,19.1918,112.0,16.7335,0.2,0,1,0.2425,False,False
1248430,9935,19820,MI,42.5075,-83.0475,2728.6154,-5.3575,112.5,24.2544,0.5432,1,1,0.2425,False,False
1260660,10185,40900,CA,38.5984,-121.4508,1634.4615,12.9252,112.0,14.5934,0.25,0,0,0.2425,False,False
1254320,11623,40900,CA,38.9113,-120.0041,2282.0769,3.265,107.5,21.2286,0.5441,0,0,0.2425,False,False
5715149,1030033,31080,CA,33.8463,-118.1671,1623.6923,2.3666,124.0,13.0943,0.3328,3,0,0.2424,False,True
1249795,18643,33100,FL,26.2841,-80.1872,3140.6923,-8.4264,110.0,28.5517,0.6433,1,3,0.2424,False,False
6294874,1039965,13140,TX,30.057,-94.0854,347.9231,9.7017,121.5,2.8636,0.1429,1,0,0.2423,False,True
2545965,14441,44100,IL,39.8015,-89.6054,3222.4615,-1.0417,107.5,29.9764,0.4,0,0,0.2423,False,False
1253095,1013600,46520,HI,21.2924,-157.8453,10573.4615,19.7239,118.0,89.6056,0.9583,8,0,0.2423,False,False
1249264,17395,48140,WI,44.9136,-89.65,4727.5385,-9.2616,101.5,46.5767,0.6667,0,1,0.2423,False,False
13284983,1039759,10740,NM,35.0661,-106.4972,1407.8462,30.4676,115.5,12.1891,0.0732,0,0,0.2422,False,True
5070051,1020693,36740,FL,28.4931,-81.5094,1371.5385,-5.2906,112.0,12.2459,0.0659,0,1,0.2421,False,True
2547898,1015273,31080,CA,34.0477,-117.8109,2569.3846,1.0192,116.0,22.1499,0.7371,2,0,0.242,False,False
1251063,1005637,26900,IN,39.9894,-85.9215,3132.0769,-9.6884,112.0,27.965,0.5732,1,0,0.242,False,False
11884170,1032911,19100,TX,33.3665,-97.1817,3725.5385,-5.3471,104.0,35.8225,0.6528,0,0,0.2416,False,False
2546870,18423,42200,CA,34.4388,-119.7525,2409.9231,4.5624,112.0,21.5172,0.7727,1,0,0.2416,False,False
1251612,1006555,16980,IL,41.78,-88.2401,2426.2308,-2.3317,106.0,22.889,0.5538,0,1,0.2416,False,False
13368265,1040097,12060,GA,34.178,-84.4227,5749.9231,-1.523,105.0,54.7612,0.9608,1,1,0.2415,False,False
5071964,1017590,31080,CA,33.8375,-118.3088,1657.1538,2.2546,121.0,13.6955,0.3494,2,0,0.2415,False,True
5070583,1026911,25420,PA,40.3342,-76.8423,2424.6154,2.8889,112.0,21.6484,0.6875,1,1,0.2413,False,False
1252326,1009158,35620,NY,40.9658,-73.8565,1703.7692,8.9903,115.5,14.7512,0.4038,1,3,0.2411,False,False
11884434,1044121,39740,PA,40.3085,-75.8626,4731.0,2.9029,112.0,42.2411,0.8333,2,1,0.241,False,False
2547330,1008701,27340,NC,34.791,-77.4048,3645.1538,2.8699,112.0,32.546,0.625,1,0,0.2409,False,False
1259568,15657,37980,PA,39.9686,-75.5764,2304.8462,-0.5543,105.0,21.9509,0.6496,0,2,0.2407,False,False
5070750,1024773,37980,NJ,40.0003,-74.9874,1781.8462,3.8838,108.5,16.4225,0.4453,0,1,0.2407,False,False
1253743,14331,19100,TX,32.7509,-97.1321,736.8462,-2.1453,114.5,6.4353,0.0139,0,0,0.2406,False,True
1248801,10198,16980,IL,41.6909,-88.1265,4038.3846,1.4885,107.5,37.5664,0.9032,1,2,0.2405,False,False
5715216,1028707,47900,VA,38.7687,-77.4854,815.1538,8.0334,112.0,7.2782,0.2189,0,2,0.2404,False,True
7282135,1039418,31740,KS,39.1807,-96.5561,5947.0,5.1879,105.0,56.6381,1.0,1,1,0.2404,False,False
1249155,10072,47900,VA,38.7791,-77.19,1793.2308,18.6482,122.5,14.6386,0.7039,4,2,0.2404,False,False
1250937,91243,41700,TX,29.516,-98.5941,3178.9231,4.8537,114.5,27.7635,0.4545,1,0,0.2403,False,False
2546078,14925,42660,WA,47.1564,-122.2924,1725.3846,3.0459,119.0,14.499,0.549,2,0,0.2401,False,False
1249898,10650,19100,TX,32.9218,-96.9926,2568.6154,-9.2362,107.5,23.8941,0.3507,0,1,0.2401,False,False
13641715,1044519,19300,AL,30.5226,-87.8856,2724.3846,4.0422,111.0,24.544,0.1667,0,0,0.2401,False,False
5069889,1022455,11900,OH,39.3278,-82.1021,1446.8462,1.8244,104.0,13.912,1.0,0,0,0.24,False,True
1252117,1011086,28140,KS,39.0036,-94.6301,3413.8462,3.8299,107.0,31.9051,0.4727,0,0,0.2399,False,False
1251426,1006580,35620,NJ,40.7065,-74.4045,2429.1538,-0.1581,105.0,23.1348,0.6845,0,1,0.2398,False,False
5071572,1024148,26420,TX,29.7892,-95.6889,2447.8462,-0.7578,115.5,21.1935,0.3891,1,0,0.2398,False,False
2547597,1014272,24780,NC,35.5515,-77.405,1684.2308,5.625,112.0,15.0378,0.2,0,0,0.2398,False,False
5428496,1023868,17140,OH,39.1316,-84.6092,4775.7692,-6.267,112.0,42.6408,0.72,2,2,0.2397,False,False
13205410,1042973,14260,ID,43.6914,-116.476,2476.4615,7.6218,105.0,23.5853,0.8148,0,0,0.2396,False,False
13205450,1053633,28700,TN,36.5602,-82.5597,5271.4615,4.2155,112.0,47.0666,0.4,1,1,0.2393,False,False
5715346,1029300,47260,VA,36.7726,-76.0892,1688.7692,8.5918,119.0,14.1913,0.2063,1,0,0.2393,False,False
5070956,1023227,47080,GA,32.2077,-82.3833,1271.5385,-7.6743,103.5,12.2854,1.0,0,0,0.2392,False,True
12196131,1052505,12580,MD,39.2358,-76.4724,421.9231,6.9618,115.5,3.653,0.0455,0,0,0.2392,False,True
6294887,1030432,44180,MO,37.1379,-93.3161,3524.8462,1.4434,115.5,30.5181,0.2222,1,1,0.2391,False,False
13368364,1039972,40060,VA,37.6536,-77.3954,4013.0,0.0038,108.5,36.9862,0.8421,1,1,0.2391,False,False
1250580,90325,31080,CA,34.2052,-118.2279,2375.6923,1.6925,117.0,20.3051,0.6656,2,0,0.2391,False,False
2544214,6985,19740,CO,39.88,-105.097,1973.3846,9.4174,122.5,16.1093,0.5115,3,0,0.239,False,False
5715366,1028521,19100,TX,33.1283,-96.6626,2748.6923,-5.5507,121.5,22.623,0.4097,3,0,0.239,False,False
5071176,1017607,42200,CA,34.8646,-120.4191,2170.0769,0.395,113.0,19.2042,0.6818,1,0,0.2389,False,False
1260556,9501,42020,CA,35.6167,-120.6588,2238.9231,1.6555,115.5,19.3846,0.4375,1,0,0.2389,False,False
1252506,1009752,27260,FL,30.195,-81.8294,2024.7692,0.7386,117.5,17.2321,0.1915,1,1,0.2387,False,False
5071024,1022897,47900,MD,38.9207,-76.8455,1499.3077,4.7115,108.5,13.8185,0.5708,0,0,0.2387,False,True
5070936,1025656,12060,GA,33.5752,-84.3712,4250.3846,9.7701,102.0,41.6704,0.8235,0,1,0.2385,False,False
1249575,17196,41940,CA,37.3709,-121.9172,2041.9231,0.1056,118.0,17.3044,0.77,3,2,0.2385,False,False
6294154,1030994,36420,OK,35.6082,-97.5679,2411.1538,0.0255,121.5,19.8449,0.2128,2,0,0.2385,False,False
1249282,17406,43340,LA,32.5593,-93.7113,5296.3846,4.6382,112.0,47.2891,0.875,2,0,0.2382,False,False
1253623,1012353,14740,WA,47.6508,-122.6926,2884.2308,2.7317,119.0,24.2372,0.9286,4,0,0.2382,False,False
2547348,1008955,40900,CA,38.6854,-121.3395,2850.0,3.7612,115.5,24.6753,0.7868,2,0,0.2382,False,False
7282046,1039726,31080,CA,34.074,-117.7781,1777.3846,7.0119,117.0,15.1913,0.3977,1,0,0.2382,False,False
1249571,17384,38060,AZ,33.5089,-112.3415,3507.5385,3.0766,118.0,29.7249,0.6796,3,1,0.2381,False,False
1251081,1005768,42140,NM,35.6194,-106.0287,3707.0,5.2481,101.5,36.5222,1.0,0,0,0.238,False,False
1249468,17341,30780,AR,34.85,-92.4048,2605.3077,1.2556,108.5,24.0121,0.4118,0,0,0.238,False,False
5070979,1027069,16740,SC,34.957,-81.0472,1297.5385,0.2913,112.0,11.5852,0.1447,0,1,0.2379,False,True
1251779,1006814,15980,FL,26.5624,-81.9562,2817.4615,-3.8434,105.0,26.833,0.619,0,1,0.2379,False,False
1251392,1006918,19380,OH,39.768,-84.0532,3920.1538,4.8407,114.5,34.2372,0.7857,2,0,0.2378,False,False
7281990,1032116,38060,AZ,33.2624,-111.8571,3375.0769,2.0918,118.0,28.6023,0.6456,3,2,0.2378,False,False
1251480,1008940,33460,MN,45.3169,-93.5615,2973.8462,0.5279,104.0,28.5947,0.8111,0,0,0.2377,False,False
1251327,1007288,10580,NY,42.6982,-73.8917,2176.8462,-5.5125,105.0,20.7319,0.6842,0,1,0.2377,False,False
13490831,15759,31080,CA,34.149,-118.121,2481.5385,0.2642,122.5,20.2575,0.7155,5,1,0.2376,False,False
1259828,1024681,33100,FL,26.0267,-80.3138,1563.4615,10.8113,112.0,13.9595,0.1988,0,1,0.2375,False,True
6294849,1033800,47900,MD,38.6101,-76.9263,2014.8462,2.101,112.0,17.9897,0.7511,1,1,0.2375,False,False
5071114,1022577,16620,WV,38.3188,-81.7185,844.0,31.6219,114.0,7.4035,0.3333,0,0,0.2374,False,True
1260643,9593,33340,WI,43.2215,-88.1145,3298.3846,-0.6925,104.0,31.7152,0.7647,0,0,0.2374,False,False
13368194,8576600,38900,WA,45.8164,-122.6902,909.3077,-11.0668,119.0,7.6412,0.157,1,0,0.2372,False,True
12195764,16301,19100,TX,32.9089,-96.7717,2164.1538,0.8712,121.5,17.812,0.2535,2,0,0.2372,False,False
5715381,1029587,31340,VA,37.3472,-79.1875,3206.1538,1.389,119.0,26.9425,0.6,3,1,0.2372,False,False
2548548,1018154,23060,IN,41.0526,-85.229,3027.3077,-1.7108,107.5,28.161,0.375,0,1,0.2372,False,False
1250939,91236,36420,OK,35.2385,-97.4814,5377.6154,-3.2763,112.0,48.0144,0.8085,2,0,0.2371,False,False
11883979,1039793,22220,AR,36.3607,-94.216,3998.6154,27.2603,108.5,36.8536,0.4706,0,0,0.237,False,False
13641641,1054110,24660,NC,36.0419,-79.8426,1810.4615,1.4614,112.0,16.1648,0.1667,0,0,0.237,False,False
2546739,17832,12940,LA,30.5273,-90.9567,2717.1538,0.2327,107.5,25.2758,0.5,0,0,0.2368,False,False
2548268,1016378,36260,UT,40.862,-111.8975,5181.8462,6.1435,107.0,48.4285,1.0,1,0,0.2368,False,False
2544972,10117,44620,WI,44.497,-89.513,3566.7692,2.3057,101.5,35.1406,1.0,0,0,0.2368,False,False
13368135,1037976,38060,AZ,33.3917,-112.0478,2221.1538,10.5179,122.0,18.2062,0.2767,2,0,0.2367,False,False
7282023,1037061,35620,NJ,40.8967,-74.2367,3480.6154,2.6055,112.0,31.0769,0.8959,2,4,0.2367,False,False
13368251,1045385,23420,CA,36.7344,-120.0643,3362.9231,11.3466,112.0,30.0261,0.75,1,0,0.2365,False,False
1255039,15534,34900,CA,38.1654,-122.2548,1366.7692,3.7063,115.5,11.8335,0.5714,1,0,0.2365,False,True
5071412,1023212,21820,AK,64.8503,-147.7006,2326.8462,8.7741,114.5,20.3218,1.0,2,0,0.2363,False,False
5071287,1017885,31080,CA,33.522,-117.6184,1963.4615,0.2829,108.5,18.0964,0.4908,0,0,0.2362,False,False
1249995,10488,36740,FL,28.3563,-81.6766,1792.1538,6.3738,112.0,16.0014,0.1429,0,1,0.236,False,False
12195909,12858,13900,ND,46.7976,-100.7941,4139.8462,3.2341,112.0,36.9629,1.0,2,0,0.2359,False,False
1251885,1007050,43900,SC,34.9394,-81.9905,4593.5385,-2.5395,115.5,39.7709,0.7778,3,1,0.2353,False,False
13205534,1040385,39740,PA,40.3803,-75.9278,3586.0,-3.3764,112.0,32.0179,0.5,1,2,0.2353,False,False
1250791,8227,30780,AR,35.1109,-92.4386,2595.3846,-6.3896,115.5,22.4709,0.3529,1,0,0.2352,False,False
5070510,1025501,10580,NY,42.9713,-73.7979,2195.7692,1.3708,112.0,19.6051,0.7368,1,1,0.2352,False,False
1252870,13639,31140,KY,38.308,-85.5766,3465.6923,-6.1179,112.0,30.9437,0.5333,1,1,0.2351,False,False
2548039,1015657,47900,MD,39.0333,-76.9102,1446.5385,1.7532,108.0,13.3939,0.5451,0,1,0.2351,False,True
7281989,1032022,41860,CA,37.9573,-122.037,1687.6154,-2.2065,113.5,14.8689,0.7,1,0,0.2351,False,False
1249022,10259,16980,IL,41.7064,-87.6704,2017.0,9.5005,115.5,17.4632,0.4059,1,3,0.235,False,False
7282079,1037540,31080,CA,33.6603,-117.8737,2771.7692,5.3627,116.0,23.8946,0.7903,2,0,0.235,False,False
5070857,1022367,16740,NC,35.8129,-80.8765,3080.3077,2.2626,112.0,27.5027,0.6447,1,1,0.235,False,False
5071059,1020173,20100,DE,38.9159,-75.4416,1102.4615,13.0284,112.0,9.8434,0.25,0,2,0.2349,False,True
1260485,15818,38060,AZ,33.4341,-112.305,2461.3077,7.1496,117.0,21.0368,0.3398,1,0,0.2349,False,False
5715712,1029255,10780,LA,31.2935,-92.4771,4390.8462,0.2917,107.5,40.8451,1.0,1,0,0.2349,False,False
1250232,18613,44060,WA,47.7023,-117.4117,2631.0,3.5325,112.0,23.4911,0.7778,1,0,0.2348,False,False
2548072,1015750,33460,MN,45.0789,-93.0572,2145.0,-6.8451,107.5,19.9535,0.5222,0,0,0.2348,False,False
5072005,1021952,22660,CO,40.3795,-105.5154,2287.3077,7.1763,115.5,19.8035,0.5,1,0,0.2348,False,False
13205469,1044211,16740,NC,35.3698,-80.7338,3030.2308,-4.6267,105.0,28.8593,0.6053,0,1,0.2348,False,False
2544636,8728,38900,WA,45.6779,-122.6626,1710.8462,3.7118,119.0,14.3769,0.5868,2,0,0.2348,False,False
5429963,1027586,47900,MD,39.2865,-77.2081,1912.6154,-4.5161,112.0,17.0769,0.7253,1,1,0.2347,False,False
5069915,1023447,26900,IN,39.8617,-86.3932,3514.3846,-8.03,114.5,30.6933,0.6707,2,1,0.2347,False,False
1251271,1006769,16980,IL,41.8083,-88.0139,2136.3077,0.5139,114.5,18.6577,0.4543,1,2,0.2347,False,False
1248985,7244,41740,CA,33.1308,-117.2606,2253.3077,-0.7084,108.5,20.7678,0.4566,0,0,0.2346,False,False
1249740,7599,46700,CA,38.082,-122.1935,2383.9231,8.3298,115.5,20.64,0.5,1,0,0.2346,False,False
1254913,18511,26420,TX,29.7533,-95.4103,1945.6154,4.1293,121.5,16.0133,0.2489,2,1,0.2344,False,False
6294159,1031020,39340,UT,40.3871,-111.9201,1835.9231,1.813,114.0,16.1046,0.6667,1,0,0.2344,False,False
1259980,12522,11540,WI,44.2726,-88.4708,4306.7692,-0.3382,111.0,38.7997,0.6667,1,0,0.2344,False,False
5715247,1022069,37980,PA,40.1394,-75.3142,1736.2308,1.1789,108.5,16.0021,0.4234,0,2,0.2344,False,False
5070061,1021548,38940,FL,27.2649,-80.4164,3160.3077,-0.7081,114.5,27.6009,0.7,2,3,0.2342,False,False
1260752,8271,12060,GA,34.1609,-84.1749,4304.3077,-1.9812,112.0,38.4313,0.8366,2,2,0.2342,False,False
1260648,7332,22380,AZ,35.1874,-111.6619,3295.9231,-5.4964,122.0,27.0158,0.25,3,1,0.2341,False,False
13368144,1038501,28140,KS,38.9927,-94.6949,3211.0,10.1398,108.5,29.5945,0.4364,0,0,0.2341,False,False
6294244,1030688,40900,CA,38.7948,-121.3251,2152.9231,1.0689,115.5,18.64,0.4706,1,0,0.234,False,False
1254632,16269,41740,CA,33.2075,-117.2854,1790.8462,-0.2528,111.0,16.1337,0.2775,0,0,0.2338,False,False
1253788,9399,44060,WA,47.7719,-117.4051,2765.1538,5.2066,115.5,23.9407,0.8333,2,0,0.2338,False,False
1252728,1012149,30780,AR,34.7711,-92.3973,2345.7692,4.2137,111.0,21.1331,0.1765,0,1,0.2338,False,False
13143390,1054108,12060,GA,34.2515,-84.4711,3018.6923,-1.5454,112.0,26.9526,0.6993,1,0,0.2337,False,False
1250773,10263,32100,MI,46.5488,-87.4561,5851.3077,-0.8486,105.0,55.7267,1.0,1,1,0.2337,False,False
13205455,1054003,13820,AL,33.5357,-86.6759,2628.4615,0.5444,112.0,23.4684,0.0833,0,0,0.2336,False,False
1255071,11484,38060,AZ,33.4671,-111.6845,3502.3846,-0.9356,118.0,29.6812,0.6748,3,1,0.2334,False,False
13143385,1040027,31080,CA,33.8086,-118.2635,1206.3077,16.5601,127.5,9.4612,0.1997,3,0,0.2332,False,True
5429161,1015937,38060,AZ,33.509,-112.3575,3773.2308,0.758,118.0,31.9765,0.733,3,0,0.2332,False,False
11884686,1045160,21780,IN,37.9772,-87.4313,466.4615,2.71,114.5,4.0739,0.1429,0,0,0.233,False,True
5071270,1020181,40140,CA,34.1221,-117.6926,1862.3846,-3.2102,119.0,15.6503,0.1266,1,0,0.233,False,False
5072068,1021892,38060,AZ,33.3808,-111.7216,3237.3077,-0.9438,119.0,27.2043,0.6019,3,1,0.233,False,False
2546158,15275,26420,TX,29.9642,-95.5437,2208.6923,3.3809,124.0,17.812,0.3303,3,0,0.233,False,False
5072067,1026090,38060,AZ,33.3926,-111.7889,2656.7692,4.5466,119.0,22.3258,0.4272,2,1,0.2329,False,False
5715557,1021901,24580,WI,44.4846,-87.9719,2972.4615,0.7667,105.0,28.3092,0.6667,0,1,0.2329,False,False
7282167,1040179,43620,SD,43.6035,-96.7868,2774.2308,-7.8329,105.0,26.4212,0.6923,0,0,0.2328,False,False
2548333,1016782,19820,MI,42.4907,-83.515,3258.8462,7.3428,112.0,29.0968,0.679,1,1,0.2328,False,False
1258644,17988,15260,GA,31.2181,-81.5206,4052.9231,0.4365,108.0,37.5271,1.0,1,0,0.2328,False,False
1251022,1006971,35620,NY,40.7126,-73.9515,3610.7692,13.42,112.0,32.239,0.9211,2,9,0.2327,False,False
1252659,1010244,43580,IA,42.5146,-96.4173,3709.2308,2.9858,112.0,33.1181,0.6667,1,0,0.2326,False,False
1249207,10573,31080,CA,33.6874,-117.9883,4088.0,5.1212,118.0,34.6441,0.9584,4,0,0.2325,False,False
1259866,11381,27260,FL,29.8287,-81.2722,3897.5385,25.8395,105.0,37.1194,0.766,0,1,0.2324,False,False
6294923,1034356,41420,OR,44.923,-123.0123,2566.2308,4.9484,105.0,24.4403,0.8235,0,0,0.2324,False,False
2547411,1010175,38060,AZ,33.3055,-111.8632,4507.4615,3.7188,115.5,39.0256,0.8544,3,1,0.2324,False,False
5070026,1018312,27260,FL,30.1102,-81.4174,2955.3077,-3.3897,105.0,28.1458,0.6383,0,1,0.2323,False,False
5071716,1018290,23340,NE,41.4521,-96.4826,4627.6154,1.7058,107.5,43.0476,1.0,1,0,0.2323,False,False
7281742,17904,39380,CO,38.266,-104.6274,1888.3077,5.1531,107.5,17.5657,0.6667,0,0,0.2322,False,False
5070244,1022605,16980,IL,41.9568,-87.747,1882.6154,6.4642,119.0,15.8203,0.3575,2,10,0.2322,False,False
1257884,1027591,37980,DE,39.7283,-75.6483,993.9231,-3.6465,112.0,8.8743,0.1168,0,3,0.232,False,True
5070184,1019310,16980,IL,42.0109,-88.3356,2188.2308,-3.5106,114.5,19.1112,0.4731,1,1,0.232,False,False
2547273,1007099,37980,PA,40.0887,-75.0926,1780.0,-3.2083,108.5,16.4055,0.438,0,1,0.232,False,False
6294186,1030926,36860,IL,41.374,-88.8353,3983.8462,2.8253,107.5,37.059,0.3333,0,1,0.232,False,False
1250918,91234,33460,MN,45.2006,-93.5539,4556.7692,2.3692,107.5,42.3886,0.9444,1,1,0.2319,False,False
6294178,1030209,26580,WV,38.4529,-81.9372,3723.3077,-4.0232,115.5,32.2364,0.6667,2,0,0.2318,False,False
1248930,7207,44620,WI,44.5337,-89.5744,3094.3846,1.7426,105.0,29.4703,0.6667,0,1,0.2318,False,False
11883943,1037715,38060,AZ,33.4584,-112.306,2914.6923,7.0186,107.5,27.1134,0.5097,0,0,0.2317,False,False
5071791,1019319,19100,TX,33.0087,-97.2236,2760.8462,-4.5097,115.0,24.0074,0.4236,1,0,0.2314,False,False
7282073,1039688,16980,IL,41.9165,-87.8056,2140.5385,2.1624,114.5,18.6947,0.457,1,3,0.2314,False,False
1250571,87402,31080,CA,34.2372,-118.589,1984.7692,-0.4821,119.5,16.6089,0.5042,2,0,0.2313,False,False
1253351,12731,36780,WI,44.0085,-88.5811,3635.8462,-4.0693,109.5,33.2041,0.8,1,1,0.2313,False,False
1260048,14950,29180,LA,30.1865,-92.0754,2644.5385,0.7679,115.5,22.8964,0.4286,1,0,0.2313,False,False
5070953,1020687,12020,GA,33.9461,-83.4094,3351.0769,-2.8283,112.0,29.9203,0.6667,1,0,0.2312,False,False
5430122,1023885,42660,WA,47.7398,-122.3447,935.8462,5.7453,114.5,8.1733,0.1029,0,0,0.2312,False,True
1250827,90550,40140,CA,33.891,-117.208,2759.3846,7.1702,115.5,23.8908,0.3974,1,1,0.2311,False,False
5070764,1019744,35620,NJ,40.7985,-74.3406,2539.6154,-1.5976,105.0,24.1868,0.7098,0,1,0.2311,False,False
6294233,1030696,33580,SD,43.6971,-98.0176,1239.6154,4.9017,105.0,11.8059,1.0,0,0,0.2311,False,True
1254797,16377,31080,CA,34.1826,-118.3107,2004.0,12.3997,126.0,15.9048,0.5158,5,2,0.2311,False,False
1249244,17210,46140,OK,36.0033,-95.886,3279.0769,2.7057,114.5,28.6382,0.48,1,0,0.2309,False,False
1251775,1006701,19820,MI,42.446,-83.1207,1669.0769,10.5236,112.0,14.9025,0.2222,0,1,0.2308,False,False
6294348,1031000,19100,TX,33.1517,-96.7685,2007.2308,-9.4493,111.0,18.0832,0.1944,0,0,0.2307,False,False
11884290,1041006,26900,IN,39.9766,-86.0029,2832.0769,-2.5619,114.5,24.7343,0.4878,1,0,0.2306,False,False
2546369,16226,36540,NE,41.2336,-96.1035,2705.0,2.9601,107.5,25.1628,0.56,0,0,0.2306,False,False
2547790,1014898,17460,OH,41.4344,-81.8811,2207.8462,3.0112,115.5,19.1156,0.5,1,0,0.2306,False,False
6294654,1032906,33100,FL,26.121,-80.1827,3242.3846,6.8656,104.5,31.0276,0.6784,0,3,0.2305,False,False
1252996,17695,36540,NE,41.2621,-96.0904,2652.0769,4.988,108.5,24.4431,0.48,0,0,0.2305,False,False
5070855,1027043,25860,NC,35.9198,-81.5242,1836.1538,0.8577,112.0,16.3942,0.125,0,1,0.2305,False,False
1249909,6424,16980,IL,42.0614,-88.1439,3141.3077,7.5875,111.0,28.3001,0.7688,1,2,0.2304,False,False
2548344,1016823,19820,MI,42.3222,-83.4536,4736.3846,11.1787,112.5,42.1012,0.9136,2,1,0.2304,False,False
1248944,10379,45780,OH,41.374,-83.6245,2840.3077,-1.1273,114.5,24.8062,0.5,1,0,0.2304,False,False
1248506,7945,26420,TX,30.082,-95.6311,3538.1538,-5.5039,115.5,30.6334,0.6833,2,0,0.2303,False,False
5070311,1026222,29620,MI,42.7603,-84.5144,3289.4615,-4.3868,112.0,29.3702,0.6667,1,0,0.2302,False,False
1259575,12107,14860,CT,41.1078,-73.5469,1506.2308,7.9735,107.0,14.0769,0.6429,0,3,0.2302,False,True
13368167,1053152,38940,FL,27.4279,-80.3263,2716.0769,39.9207,112.0,24.2507,0.3,0,2,0.2302,False,False
1251127,116608,12420,TX,30.1827,-97.847,2838.9231,0.8306,114.5,24.7941,0.5176,1,0,0.2301,False,False
11883876,1034244,16980,IL,41.5495,-88.1246,1082.0769,16.8064,114.5,9.4505,0.1075,0,1,0.2301,False,True
1251581,7397,46520,HI,21.389,-157.9527,2386.3077,1.6548,118.0,20.2229,0.625,2,0,0.23,False,False
5428533,1022786,36740,FL,28.6921,-81.3871,2608.3077,-15.6895,115.5,22.5828,0.3077,1,0,0.2298,False,False
2547726,1014681,11700,NC,35.3378,-82.4437,2861.8462,-6.2777,111.0,25.7824,0.7333,1,1,0.2297,False,False
1250938,113209,17460,OH,41.3842,-81.4363,2315.0769,10.8753,115.0,20.1311,0.537,1,1,0.2297,False,False
2548061,1015725,38300,PA,40.3374,-80.0261,2820.5385,-12.3575,105.0,26.8623,0.5556,0,2,0.2296,False,False
5715725,1029210,24860,SC,34.7244,-82.294,731.1538,-8.3679,114.5,6.3856,0.0278,0,0,0.2296,False,True
7282447,10281,39820,CA,40.5744,-122.4168,2476.0,4.229,108.5,22.8203,0.5,0,0,0.2295,False,False
6294340,1019153,38060,AZ,33.3492,-111.8584,1792.4615,-5.5146,122.0,14.6923,0.165,2,1,0.2294,False,False
1253090,12853,26900,IN,39.7631,-86.3295,3901.1538,0.7409,114.5,34.0712,0.7317,2,1,0.2294,False,False
1251197,1005803,16980,IL,41.7811,-87.8673,4138.6923,1.9209,112.0,36.9526,0.914,2,2,0.2294,False,False
6294368,1031149,42340,GA,32.0808,-81.2809,1695.0,-2.0754,112.0,15.1339,0.125,0,1,0.2293,False,False
1260183,1011085,35620,NY,40.786,-73.7259,2258.9231,-6.2538,112.0,20.169,0.6309,1,3,0.2292,False,False
11884194,1039498,36540,NE,41.291,-96.2049,2574.5385,-6.8805,108.5,23.7285,0.4,0,0,0.2292,False,False
1251080,1005767,39340,UT,40.4309,-111.8962,1788.7692,3.9796,108.5,16.4864,0.5833,0,0,0.2291,False,False
11884422,1043868,40380,NY,43.2526,-77.6934,2003.0769,7.4701,112.0,17.8846,0.1667,0,1,0.2291,False,False
6294530,1031789,45300,FL,28.4356,-82.548,2600.8462,-5.9447,107.5,24.1939,0.4382,0,1,0.2289,False,False
2545435,12164,31080,CA,33.4587,-117.6513,1977.2308,-3.752,108.5,18.2233,0.4992,0,0,0.2288,False,False
5715568,1028295,11100,TX,35.1519,-101.9207,3496.8462,0.9012,119.0,29.3853,0.3333,2,1,0.2288,False,False
1255418,14039,23420,CA,36.709,-119.5561,1803.6154,1.8859,119.0,15.1564,0.2,1,0,0.2287,False,False
1252017,1006873,41740,CA,32.7722,-117.251,2390.9231,0.4297,108.0,22.1382,0.526,0,0,0.2287,False,False
1257143,16815,35620,NJ,40.8495,-73.9708,1678.5385,-3.6303,119.0,14.1054,0.4006,2,4,0.2287,False,False
5070614,1018760,18660,NY,42.6062,-76.1679,2584.3846,-9.3468,101.5,25.4619,1.0,0,1,0.2287,False,False
13368259,1053117,45300,FL,28.5448,-82.4019,1637.0,-0.8941,112.0,14.6161,0.1461,0,1,0.2286,False,False
12195745,1038252,44700,CA,37.781,-121.5319,2972.0769,2.3795,114.5,25.957,0.525,1,0,0.2285,False,False
1249469,18177,17820,CO,38.7897,-104.7587,3063.4615,8.5327,111.0,27.5988,0.8387,1,1,0.2284,False,False
12195773,16165,19820,MI,42.6602,-83.385,2345.9231,6.756,115.5,20.311,0.4568,1,1,0.2283,False,False
2547339,1008806,37980,PA,40.0368,-75.3518,2909.1538,-4.6323,104.0,27.9726,0.8321,0,0,0.2282,False,False
1250128,18572,40700,OR,43.2304,-123.3707,2405.3077,4.0635,114.5,21.0071,1.0,2,0,0.2282,False,False
12196157,17566,35620,NY,40.5881,-73.6636,2738.6154,7.2479,112.0,24.4519,0.7634,1,1,0.2282,False,False
1252415,1009513,11460,MI,42.2414,-83.768,3184.6154,2.9339,112.0,28.4341,0.75,1,0,0.2282,False,False
11884011,1037779,32820,MS,34.8234,-89.9786,6632.0,5.7281,105.0,63.1619,1.0,1,1,0.2281,False,False
11884247,1038556,16980,IL,41.4183,-88.2636,4788.4615,4.2714,107.5,44.5438,0.957,1,1,0.228,False,False
1252631,1010084,45220,FL,30.4401,-84.2622,3173.7692,2.619,112.0,28.3372,0.75,1,0,0.2279,False,False
1255261,8679,41500,CA,36.6867,-121.8,919.3846,-1.9846,121.5,7.567,0.037,1,0,0.2279,False,True
1255619,113968,12060,GA,34.2365,-84.4553,2993.3077,1.0071,112.0,26.726,0.6863,1,1,0.2278,False,False
1248968,7217,14020,IN,39.1455,-86.5316,3077.4615,-1.1636,107.5,28.6275,0.5,0,0,0.2277,False,False
1248438,18464,19100,TX,32.8369,-97.0981,2856.2308,-0.2069,114.5,24.9452,0.4514,1,1,0.2275,False,False
12196019,1044208,47580,GA,32.5539,-83.6568,3787.4615,-3.5552,111.0,34.1213,0.6667,1,1,0.2274,False,False
1253712,16685,12060,GA,34.07,-83.9129,3053.6154,4.7414,112.0,27.2644,0.7124,1,1,0.2274,False,False
11884377,1043373,30980,TX,32.7412,-94.9422,2832.9231,22.6782,113.5,24.9597,0.125,0,0,0.2274,False,False
1257578,13532,35620,NJ,40.6163,-74.4944,2556.9231,-2.659,105.0,24.3516,0.7224,0,1,0.2271,False,False
2545026,89871,47260,VA,36.8748,-76.1352,976.0,0.6026,114.5,8.524,0.0794,0,0,0.2271,False,True
5428737,1007886,26420,TX,30.1132,-95.555,2589.7692,9.0995,115.5,22.4222,0.457,1,1,0.2269,False,False
5430118,1024906,45300,FL,28.1471,-82.7413,3255.3846,5.1037,105.0,31.0037,0.6629,0,2,0.2268,False,False
1249985,6613,12060,GA,34.0626,-84.4204,2968.3077,0.6049,105.0,28.2696,0.6601,0,2,0.2268,False,False
2546662,17550,36420,OK,35.4357,-97.3998,3802.6923,-6.1313,112.0,33.9526,0.617,1,0,0.2267,False,False
2544490,8155,12060,GA,34.1181,-84.2705,2919.9231,-14.894,105.0,27.8088,0.6536,0,0,0.2267,False,False
13368195,1039476,41100,UT,37.0832,-113.5545,2063.6154,8.0122,112.0,18.4251,0.25,0,0,0.2266,False,False
1254886,11605,26420,TX,30.0399,-95.4887,2796.4615,20.4612,115.5,24.2118,0.5294,1,1,0.2264,False,False
12196034,1044170,45060,NY,43.0402,-76.2688,924.8462,-9.7372,112.0,8.2576,0.1818,0,1,0.2264,False,True
1258846,10643,42780,PA,40.8403,-76.8304,4472.3077,-3.1823,112.0,39.9313,0.5,1,1,0.2263,False,False
7281759,1031393,19660,FL,29.265,-81.1039,3974.0769,2.0746,105.0,37.8484,0.6,0,1,0.2263,False,False
1250658,113206,37980,NJ,39.9324,-74.9592,2583.3077,8.5318,112.0,23.0652,0.708,1,4,0.2263,False,False
13490864,13662,19820,MI,42.6851,-83.1938,1690.7692,0.3103,112.0,15.0962,0.2346,0,0,0.2263,False,False
5428790,9676,19380,OH,39.6101,-84.1611,4436.0,-1.6626,108.5,40.8848,0.8571,1,1,0.2262,False,False
5429084,1018116,33100,FL,26.4091,-80.121,3065.3846,-5.5799,105.0,29.1941,0.6023,0,2,0.2261,False,False
1248822,7986,47900,VA,38.7287,-77.7961,2649.2308,-2.7366,114.5,23.1374,0.8584,2,1,0.2261,False,False
1260647,7991,38060,AZ,33.451,-111.9268,1902.5385,-1.1352,119.0,15.9877,0.1796,1,0,0.2261,False,False
1249728,6341,16980,IL,41.7192,-88.3745,3513.5385,3.0363,104.0,33.784,0.836,0,0,0.2261,False,False
1257276,66413,19100,TX,33.0253,-96.8876,3789.3846,-0.3298,112.0,33.8338,0.6701,1,0,0.226,False,False
11884150,1038470,47900,VA,38.2557,-77.4284,3090.9231,18.4541,105.0,29.4374,0.9099,0,0,0.2258,False,False
1251771,1007106,38060,AZ,33.5823,-111.981,2668.4615,-1.8865,115.5,23.1036,0.4369,1,0,0.2258,False,False
1252218,1007625,31080,CA,34.1426,-118.2351,1258.1538,1.609,128.5,9.7911,0.2296,4,0,0.2258,False,True
5071643,1023018,19740,CO,39.9108,-105.0958,2962.2308,-1.7327,111.0,26.6868,0.855,1,0,0.2256,False,False
1259918,12847,12060,GA,34.18,-84.1329,2362.6923,-2.8529,114.5,20.6349,0.4967,1,1,0.2255,False,False
1259616,114462,33340,WI,43.0187,-87.9673,1863.8462,8.6645,119.0,15.6626,0.1961,1,1,0.2255,False,False
1259973,13800,26740,KS,38.0728,-97.9014,6428.3077,0.9678,105.0,61.222,1.0,1,1,0.2254,False,False
13284988,1056039,19100,TX,33.1934,-96.6125,3177.2308,6.2318,107.5,29.5556,0.5625,0,0,0.2254,False,False
1255191,15559,41860,CA,37.4701,-122.435,1538.6923,1.1479,108.5,14.1815,0.615,0,0,0.2253,False,False
13284981,1040390,29820,NV,36.2174,-115.2427,4143.7692,14.9401,114.5,36.1901,0.9175,2,0,0.2252,False,False
1249673,17315,41860,CA,37.6084,-122.0229,123.5385,0.4378,117.0,1.0559,0.005,0,0,0.2252,False,True
5429194,18258,31080,CA,33.7581,-118.082,3664.3077,3.106,110.0,33.3119,0.9218,1,0,0.2251,False,False
1254672,14082,31080,CA,33.7233,-118.0757,2061.0,-0.1193,108.5,18.9954,0.5408,0,0,0.2251,False,False
1251219,1005520,19740,CO,39.6528,-105.0133,3102.8462,6.5285,104.5,29.6923,0.8779,0,0,0.225,False,False
5429094,1017784,14740,WA,47.7344,-122.6363,1736.2308,4.7281,118.0,14.7138,0.3571,1,0,0.225,False,False
1259752,1011521,27260,FL,30.2864,-81.7198,2529.3846,-2.2649,108.5,23.3123,0.4681,0,0,0.225,False,False
1260241,17586,16980,IL,41.5496,-88.199,3146.8462,1.5187,114.5,27.4834,0.7742,2,3,0.2249,False,False
5430091,1025416,31080,CA,34.1653,-118.2811,1849.0769,-0.7392,127.5,14.5026,0.4309,5,0,0.2249,False,False
1260898,14552,19100,TX,32.5999,-97.1472,3864.4615,2.814,112.0,34.5041,0.6944,1,0,0.2248,False,False
5071732,1024753,12940,LA,30.3692,-91.0733,2802.8462,2.4835,107.5,26.073,0.5789,0,0,0.2248,False,False
1249284,18003,13900,ND,46.8323,-100.8116,2591.7692,-9.2982,105.0,24.6835,0.75,0,0,0.2247,False,False
1259942,11993,28940,TN,35.9214,-84.0929,4466.7692,-0.1651,115.5,38.6733,0.5909,2,1,0.2247,False,False
5070809,1019828,48900,NC,34.1813,-77.919,2550.6923,3.4828,115.5,22.0839,0.5,1,0,0.2247,False,False
2545336,11695,37980,PA,40.1977,-74.8638,2208.6154,-4.8105,107.5,20.5453,0.5912,0,0,0.2246,False,False
1254121,13316,41940,CA,37.2197,-121.8618,2273.0769,-1.8631,105.0,21.6484,0.85,0,0,0.2246,False,False
2547798,1007886,26420,TX,30.1132,-95.555,2560.0769,4.5487,115.5,22.1652,0.4389,1,1,0.2242,False,False
1260422,7565,33100,FL,25.6976,-80.1635,1741.0769,1.6299,112.0,15.5453,0.2515,0,0,0.2242,False,False
1260076,12667,41860,CA,37.9544,-122.3321,2088.6154,4.8421,117.0,17.8514,0.825,2,0,0.2237,False,False
1250092,10823,29180,LA,30.1591,-92.0523,3939.4615,5.4503,112.0,35.1738,0.7143,1,0,0.2237,False,False
1260529,9429,16980,IL,41.5617,-87.8909,3070.1538,5.3643,105.0,29.2396,0.7473,0,1,0.2236,False,False
5071108,1026092,48540,WV,40.0601,-80.5995,5613.3846,0.7427,112.0,50.1195,0.5,1,0,0.2235,False,False
1251880,1008759,33100,FL,25.733,-80.3039,2875.6923,0.4136,114.5,25.1152,0.5497,1,0,0.2235,False,False
5715358,1028471,37100,CA,34.4272,-119.2883,1872.0769,4.9054,112.0,16.715,0.2667,0,0,0.2234,False,False
1249425,6422,16980,IL,41.7591,-87.9442,2957.2308,1.3658,112.0,26.4038,0.7204,1,1,0.2232,False,False
12195649,1005704,47900,VA,38.916,-77.4876,1602.4615,-0.072,114.5,13.9953,0.6223,1,1,0.2232,False,True
2546811,18143,41860,CA,37.9761,-121.8009,2066.5385,2.8207,117.0,17.6627,0.815,2,0,0.2231,False,False
1252078,1008657,42660,WA,48.0039,-122.2004,1571.2308,-0.4387,110.0,14.2839,0.4706,0,0,0.2231,False,False
5070111,1024547,33100,FL,26.6364,-80.2049,4742.0,2.8445,112.0,42.3393,0.8947,2,2,0.2231,False,False
1258877,16447,12580,MD,39.2769,-76.8309,1372.1538,4.8431,111.0,12.3617,0.3636,0,1,0.223,False,True
2546537,17010,39900,NV,39.6137,-119.8487,6155.0769,-0.9801,106.0,58.0668,1.0,1,0,0.223,False,False
1248910,18105,26900,IN,39.771,-86.07,1683.5385,-13.1163,112.0,15.0316,0.1463,0,0,0.2229,False,False
2546038,1027070,47900,VA,38.8968,-77.1394,1733.6923,0.2625,114.5,15.1414,0.6824,1,0,0.2229,False,False
12196128,1044293,17900,SC,34.2184,-80.5948,4049.0,2.1403,104.0,38.9327,0.7857,0,0,0.2229,False,False
1248764,17089,36780,WI,44.04,-88.5411,2915.7692,5.2595,107.5,27.1234,0.6,0,0,0.2228,False,False
1253055,1012995,22900,AR,35.4673,-94.3555,3978.8462,-0.9953,105.0,37.8938,0.6667,0,0,0.2228,False,False
1255171,15696,46060,AZ,32.2204,-110.774,2158.7692,5.4641,115.5,18.6906,0.5,1,1,0.2228,False,False
1255032,12903,46700,CA,38.3432,-121.9959,2614.3077,4.5787,118.0,22.1551,0.6667,2,0,0.2228,False,False
2546756,17891,34620,IN,40.1898,-85.4196,3137.5385,-3.1072,112.0,28.0137,0.6667,1,1,0.2228,False,False
1251792,1008642,38900,OR,45.5684,-122.6004,899.6154,4.6345,114.5,7.8569,0.1488,0,0,0.2228,False,True
1251340,1008734,33460,MN,45.1675,-93.236,2440.1538,-9.8807,113.5,21.4992,0.6222,1,0,0.2227,False,False
1249534,17804,34980,TN,35.8469,-86.4227,5523.2308,3.5043,114.5,48.2378,0.9804,3,0,0.2223,False,False
1249321,10578,38060,AZ,33.7077,-112.2733,2640.9231,-5.2858,119.0,22.1926,0.4126,2,1,0.2222,False,False
1250216,10995,45300,FL,28.2356,-82.6668,3327.4615,-1.016,105.0,31.6901,0.6742,0,1,0.2222,False,False
5715314,1028726,33340,WI,42.9599,-87.969,4508.5385,2.9003,108.0,41.7457,0.9608,1,1,0.2222,False,False
13368159,1053333,45060,NY,43.094,-76.173,2679.4615,10.0882,108.5,24.6955,0.4545,0,2,0.2222,False,False
11884207,1040844,43780,IN,41.6724,-86.317,4202.8462,0.9945,108.5,38.7359,1.0,1,0,0.2221,False,False
5071269,1025834,41740,CA,32.7555,-117.0139,3257.3846,0.9849,115.5,28.2025,0.815,2,0,0.222,False,False
2544461,8049,46520,HI,21.3875,-158.0337,2429.7692,7.5851,114.5,21.2207,0.6667,1,0,0.222,False,False
6294824,1033488,17460,OH,41.3534,-81.3868,3059.2308,2.2312,112.0,27.3146,0.7963,1,0,0.2218,False,False
13205424,1043866,29180,LA,29.9799,-92.1099,1949.0,-10.432,112.0,17.4018,0.1429,0,0,0.2218,False,False
2546388,16311,16980,IL,42.1069,-87.7356,1505.5385,2.4819,112.0,13.4423,0.2312,0,1,0.2217,False,True
11884464,1044661,26140,FL,28.8389,-82.3568,4764.2308,-2.624,105.0,45.3736,0.5,0,1,0.2217,False,False
6294847,1033379,47900,MD,39.3821,-77.3996,3300.9231,-1.0492,113.5,29.083,0.9313,2,1,0.2215,False,False
1260709,8612,27260,FL,30.15,-81.7527,2651.3846,3.4299,107.5,24.664,0.5532,0,1,0.2214,False,False
6294742,1033296,40300,IL,41.9332,-89.0691,935.5385,1.1645,105.0,8.9099,1.0,0,1,0.2213,False,True
1250783,90546,22660,CO,40.4078,-105.0068,4106.5385,-0.8966,108.5,37.8483,1.0,1,0,0.2213,False,False
1249756,17219,16740,NC,35.554,-80.8542,4968.0769,-0.381,100.5,49.4336,0.9342,0,1,0.2213,False,False
2547404,1010040,19100,TX,32.9,-97.3188,3734.2308,-10.8039,118.5,31.5125,0.6562,3,0,0.2213,False,False
13368354,1043173,22140,NM,36.7481,-108.1992,1959.6923,2.4985,112.0,17.4973,0.25,0,0,0.2212,False,False
1248463,10247,10740,NM,35.0905,-106.6429,2329.5385,8.4981,107.5,21.6701,0.6341,0,1,0.2211,False,False
6294716,1032980,24660,NC,36.0843,-79.8296,3584.0,-0.2804,112.0,32.0,0.7222,1,0,0.2211,False,False
1252543,13617,16980,IL,42.314,-88.4479,2947.0,-2.3227,105.0,28.0667,0.7151,0,1,0.221,False,False
1255375,9327,19740,CO,39.6728,-104.7884,1588.2308,6.187,112.0,14.1806,0.3359,0,0,0.221,False,False
2545561,12736,45220,FL,30.4707,-84.2904,2012.4615,-0.0802,108.5,18.548,0.5,0,1,0.221,False,False
1252835,1012762,37980,DE,39.7758,-75.5962,1516.2308,0.8081,112.0,13.5378,0.292,0,0,0.221,False,True
1248807,7187,47900,MD,38.7681,-76.888,1210.6154,10.1021,112.0,10.8091,0.4077,0,0,0.2209,False,True
2546426,16466,35620,NY,40.6,-73.6541,2556.5385,-1.0628,112.0,22.8262,0.7192,1,2,0.2207,False,False
5071221,1018915,25260,CA,36.3276,-119.6052,1964.5385,11.3393,111.0,17.6985,0.4286,0,0,0.2206,False,False
5715487,1023854,17780,TX,30.6343,-96.3282,4000.4615,-2.7671,115.5,34.636,0.7143,2,0,0.2206,False,False
1249860,6635,27260,FL,30.0645,-81.5001,3155.5385,1.3189,105.0,30.0527,0.6809,0,2,0.2206,False,False
2544947,10025,40140,CA,34.5212,-117.3257,3908.0769,0.5542,115.5,33.8362,0.7511,2,0,0.2206,False,False
1259099,14058,35620,NY,40.7523,-73.9092,2068.8462,-2.2675,119.0,17.3853,0.5394,3,22,0.2206,False,False
6294585,1032071,26420,TX,29.6472,-95.5825,1636.5385,17.8605,121.5,13.4695,0.1538,1,0,0.2204,False,True
1260847,10282,31080,CA,34.4237,-118.5793,2766.6154,0.9062,121.5,22.7705,0.7887,4,0,0.2203,False,False
1250165,10461,12060,GA,33.9689,-84.1952,1745.3846,-0.0132,111.5,15.6537,0.2418,0,1,0.2202,False,False
5070042,1024328,23540,FL,29.616,-82.3905,3000.2308,2.3244,114.5,26.2029,0.5,1,1,0.2202,False,False
13368285,1053765,19100,TX,32.2411,-97.7507,3006.8462,4.3681,108.5,27.7129,0.4965,0,0,0.22,False,False
2546893,18576,33100,FL,26.619,-80.1479,2806.8462,1.9787,114.0,24.6215,0.5205,1,2,0.2199,False,False
1254374,1005978,38060,AZ,33.6394,-111.9783,1768.0769,-1.2078,119.0,14.8578,0.1602,1,1,0.2199,False,False
1248803,8537,31140,KY,38.188,-85.5191,3672.0769,-3.4172,105.0,34.9722,0.7,0,0,0.2199,False,False
2548264,1016401,38060,AZ,33.5671,-112.1512,1947.5385,6.6785,119.0,16.3659,0.2039,1,1,0.2199,False,False
1252903,13642,33460,MN,44.8272,-93.2892,2963.1538,-1.3067,105.0,28.2205,0.8,0,0,0.2198,False,False
5430014,1027041,25940,SC,32.2153,-80.7063,4042.9231,12.7201,112.0,36.0975,0.7143,1,1,0.2198,False,False
5070999,1022192,12060,GA,33.9084,-84.2057,1687.6923,6.2727,112.0,15.0687,0.2092,0,2,0.2198,False,False
1249697,17157,15260,GA,31.16,-81.3911,3231.1538,1.3952,108.0,29.9181,0.5,0,0,0.2197,False,False
1254719,15623,38060,AZ,33.4622,-112.3557,3625.6154,12.8664,122.5,29.5969,0.699,4,0,0.2196,False,False
2547753,1014740,33100,FL,26.0471,-80.2511,5164.9231,4.1138,112.0,46.1154,0.924,2,1,0.2194,False,False
13368368,1044530,16980,IL,41.7191,-88.2833,3518.1538,7.2558,104.0,33.8284,0.8387,0,1,0.2193,False,False
2546753,17874,31080,CA,33.6974,-117.7408,2356.0,2.0491,114.5,20.5764,0.6473,1,0,0.2191,False,False
1259603,9694,18020,IN,39.216,-85.8825,3200.6154,1.7485,115.0,27.8314,0.5,1,0,0.2191,False,False
1253208,12721,40420,IL,42.2667,-88.995,3003.1538,-4.0502,114.5,26.2284,0.4545,1,1,0.2191,False,False
1254336,8669,38060,AZ,33.5264,-111.9245,330.1538,28.9663,119.0,2.7744,0.0097,0,0,0.2191,False,True
1259698,17564,33100,FL,26.2653,-80.2509,3195.9231,-0.6813,112.0,28.535,0.6608,1,2,0.219,False,False
13205481,1039934,37980,PA,40.1336,-75.5371,2622.6154,-0.7857,105.0,24.9773,0.7372,0,2,0.2189,False,False
2548526,1017874,26420,TX,29.8908,-95.7181,1343.5385,1.9496,114.5,11.734,0.0905,0,0,0.2189,False,True
11884003,1039151,46060,AZ,32.3588,-111.0859,1956.0,-14.9024,115.5,16.9351,0.3824,1,1,0.2188,False,False
2548059,1015723,38060,AZ,33.379,-111.6874,2861.1538,-2.3805,114.5,24.9882,0.4854,1,1,0.2188,False,False
1259961,1010262,35840,FL,27.2689,-82.4829,3199.1538,-1.4712,105.0,30.4681,0.7778,0,0,0.2187,False,False
5071039,1021531,47900,MD,39.1123,-76.9333,1012.2308,1.6767,112.0,9.0378,0.309,0,1,0.2186,False,True
1249549,6467,28020,MI,42.2705,-85.6461,2019.4615,-4.7735,112.0,18.0309,0.2,0,0,0.2185,False,False
13368401,1053632,31140,IN,38.3877,-85.7664,3836.9231,1.9895,105.0,36.5421,0.7333,0,0,0.2185,False,False
1251464,1008824,35620,NY,41.3077,-73.8753,3037.6154,5.6392,111.5,27.2432,0.8265,1,1,0.2184,False,False
6294414,1031518,19100,TX,32.9727,-97.3099,2201.3077,-4.6227,118.0,18.6551,0.2674,1,0,0.2184,False,False
1259885,1005210,27260,FL,30.188,-81.3804,2635.8462,2.2194,108.5,24.2935,0.5319,0,0,0.2183,False,False
1251710,1005617,37860,FL,30.3891,-87.0686,4188.3846,-5.1659,105.0,39.8894,0.6364,0,0,0.2183,False,False
1248760,16986,48300,WA,47.8418,-120.021,2947.9231,2.6271,108.5,27.1698,0.5,0,0,0.2182,False,False
11884383,1043239,42140,NM,35.8795,-106.0094,2791.3846,7.9807,107.5,25.9664,0.6667,0,0,0.2179,False,False
6294942,1035040,19740,CO,39.9283,-104.9072,2263.2308,1.8168,114.5,19.7662,0.6641,1,0,0.2178,False,False
1254092,1011925,42220,CA,38.5494,-122.8071,2133.5385,6.5908,115.0,18.5525,0.6667,1,0,0.2176,False,False
6294219,1030406,33100,FL,25.478,-80.4344,2073.6923,0.2864,117.5,17.6484,0.2982,1,1,0.2176,False,False
2545506,12519,19100,TX,33.1729,-96.6417,2054.9231,-2.6919,112.0,18.3475,0.2188,0,0,0.2175,False,False
2544841,9600,33100,FL,26.8416,-80.1325,1696.6154,2.4669,112.0,15.1484,0.2339,0,1,0.2173,False,False
1252685,14919,29620,MI,42.6848,-84.4332,3614.0769,-0.4112,104.0,34.7507,0.7778,0,1,0.2173,False,False
5069929,1025721,17460,OH,41.4848,-81.8016,658.4615,1.6506,115.5,5.701,0.0185,0,1,0.2172,False,True
2547884,1015166,17820,CO,38.8576,-104.722,3027.7692,-1.568,105.0,28.8359,0.8065,0,0,0.2172,False,False
11884331,1042821,31460,CA,36.9386,-120.0552,2567.6923,0.7303,114.5,22.4253,0.625,1,0,0.2171,False,False
1249970,10747,31020,WA,45.9135,-122.7482,2096.3846,0.9931,118.0,17.766,0.3333,1,0,0.217,False,False
6294197,1030924,26420,TX,30.0752,-95.5588,1413.9231,4.313,114.5,12.3487,0.1131,0,0,0.2169,False,True
5429978,1027499,28140,KS,38.9706,-94.7725,3751.7692,10.2987,107.5,34.9002,0.5818,0,0,0.2169,False,False
2547428,1010451,19100,TX,33.1295,-97.041,4083.0769,4.8908,112.0,36.456,0.7361,1,0,0.2168,False,False
1255391,14282,31080,CA,33.8319,-118.2975,855.2308,9.107,131.5,6.5037,0.0965,4,0,0.2168,False,True
5071041,1017922,12580,MD,39.4957,-76.6499,560.7692,-1.5397,114.5,4.8975,0.0758,0,2,0.2166,False,True
1254933,90486,19740,CO,39.544,-104.9422,3037.6923,0.7758,115.5,26.3004,0.8702,2,0,0.2166,False,False
5071688,1018493,19100,TX,33.0813,-96.8258,4581.8462,2.9593,119.0,38.5029,0.8125,4,1,0.2165,False,False
2547342,1008849,37980,PA,39.8766,-75.3957,2645.6923,-1.3538,105.0,25.1971,0.7445,0,2,0.2165,False,False
11884475,1044533,33460,MN,45.5107,-93.0002,3193.8462,6.3443,105.0,30.4176,0.8556,0,0,0.2165,False,False
1249255,10069,41700,TX,29.6096,-98.4661,3243.5385,3.0424,108.5,29.8944,0.4805,0,0,0.2164,False,False
5428587,1021401,41860,CA,37.7234,-121.943,2449.0,3.8728,112.0,21.8661,0.905,1,0,0.2164,False,False
2546603,17285,35380,LA,29.9515,-90.214,3118.6154,-3.3287,108.5,28.743,0.4444,0,0,0.2162,False,False
5069943,1014557,45780,OH,41.7015,-83.6531,3009.6154,2.9687,114.5,26.2849,0.6,1,0,0.2162,False,False
1250844,90553,40900,CA,38.7442,-121.2237,3214.1538,3.3848,115.5,27.8282,0.875,2,0,0.2161,False,False
5429794,7400,41860,CA,37.6796,-122.0836,1160.0769,9.2114,126.0,9.207,0.39,3,0,0.2161,False,True
1251083,1006086,38300,PA,40.4273,-79.7012,3499.4615,-0.101,105.0,33.3282,0.6984,0,1,0.2161,False,False
1251027,1005211,23900,PA,39.8425,-77.2029,2396.9231,8.217,104.0,23.0473,1.0,0,1,0.2161,False,False
1253102,13892,41180,MO,38.7888,-90.6255,3742.6154,-0.5925,105.0,35.644,0.6667,0,1,0.2161,False,False
11883913,1036873,28140,MO,38.8119,-94.4849,5974.7692,1.0815,107.5,55.5792,0.9455,1,0,0.216,False,False
1249840,6951,12060,GA,33.8274,-84.3313,1968.0,12.0729,112.0,17.5714,0.3595,0,0,0.2158,False,False
1254992,1005209,19100,TX,32.8583,-96.6467,1965.0769,1.8093,119.0,16.5133,0.1875,1,1,0.2157,False,False
1258467,1009361,19100,TX,32.8611,-96.8575,4186.5385,17.3636,119.0,35.181,0.7569,3,1,0.2156,False,False
5715548,1027619,35620,NY,41.5954,-73.9109,1763.9231,-11.2268,108.5,16.2574,0.4322,0,2,0.2154,False,False
13490901,9004,36740,FL,28.365,-81.4251,3743.6923,-0.1354,112.0,33.4258,0.6703,1,1,0.2152,False,False
2544843,9604,11260,AK,61.1813,-149.8358,2570.0,7.1761,105.5,24.3602,0.9091,0,0,0.2152,False,False
7281912,1031579,41740,CA,33.1941,-117.2501,2703.8462,-0.2526,118.0,22.914,0.6647,2,0,0.2151,False,False
2547618,1014352,35620,NY,41.0172,-73.7996,1240.6923,-2.8491,112.0,11.0776,0.2208,0,2,0.215,False,True
1258894,15285,47900,VA,38.8362,-77.4373,789.0769,12.1215,114.5,6.8915,0.2017,0,1,0.215,False,True
7281979,1031807,38060,AZ,33.4364,-111.7185,2635.3846,3.1679,117.0,22.5247,0.4078,1,0,0.2149,False,False
7282142,1038241,41180,MO,38.4861,-90.3578,3805.5385,-4.0999,105.0,36.2432,0.7101,0,0,0.2148,False,False
6294357,1031146,45780,OH,41.536,-83.6359,3060.5385,-0.8597,112.5,27.2048,0.7,1,1,0.2148,False,False
1248909,10043,23060,IN,41.0754,-85.1456,3328.3846,0.1829,115.0,28.9425,0.5,1,0,0.2148,False,False
2547076,68132,12420,TX,30.4531,-97.8271,1908.1538,6.6604,112.0,17.0371,0.3294,0,0,0.2147,False,False
1254837,16560,12420,TX,30.3048,-97.7645,1601.7692,-5.2121,112.0,14.3015,0.2706,0,0,0.2147,False,False
5429966,1027345,45620,GA,30.8424,-83.9438,1151.0769,0.0267,105.0,10.9626,1.0,0,1,0.2147,False,True
12196059,1040369,10740,NM,34.6644,-106.7758,3387.2308,10.4218,105.0,32.2593,0.878,0,0,0.2145,False,False
1249529,18338,10580,NY,42.7269,-73.7949,2121.0769,1.9786,108.0,19.6396,0.5789,0,1,0.2145,False,False
5715469,1028604,49660,OH,41.1573,-80.6654,3907.9231,3.2078,114.5,34.1303,0.4444,1,1,0.2145,False,False
2544611,8610,45300,FL,28.0693,-82.6333,3471.6923,-2.0892,105.0,33.0637,0.6966,0,1,0.2143,False,False
1252185,1007070,28140,KS,39.0225,-94.6606,3519.3846,-0.6234,114.5,30.737,0.5273,1,0,0.2143,False,False
5070442,1019815,48580,WI,42.5927,-88.4138,1967.2308,2.7729,120.0,16.3936,0.5,2,1,0.2143,False,False
1260942,7975,38300,PA,40.2658,-80.1301,1693.8462,-10.1664,112.0,15.1236,0.2222,0,0,0.2142,False,False
13143430,1040084,21500,PA,42.0694,-80.188,3629.9231,3.968,105.0,34.5707,0.8,0,0,0.2141,False,False
1255086,12220,31080,CA,33.9167,-118.0494,1374.2308,3.6915,120.0,11.4519,0.2646,1,0,0.2141,False,True
5715281,1029854,43140,NC,35.2726,-81.5238,3199.3846,0.408,114.5,27.9422,0.5,1,1,0.2141,False,False
2547584,1014245,26420,TX,29.6079,-95.6596,3078.4615,0.5806,107.5,28.6369,0.5973,0,0,0.214,False,False
1253559,12034,14740,WA,47.5192,-122.6272,2394.5385,0.0804,121.5,19.7081,0.6429,3,0,0.2138,False,False
1255119,16237,40140,CA,33.5952,-117.243,3258.3077,-5.1099,117.25,27.7894,0.5721,2,1,0.2138,False,False
5070447,1021224,20220,IA,42.4908,-90.7013,2228.0769,-0.3612,114.5,19.4592,1.0,2,1,0.2138,False,False
13368214,1039865,46380,CA,39.4045,-123.3523,2271.8462,9.7266,116.0,19.5849,0.6,1,0,0.2137,False,False
1260620,15791,38060,AZ,33.3256,-111.6874,2730.8462,20.9657,118.0,23.1428,0.4466,1,0,0.2136,False,False
1249853,6757,46140,OK,36.0322,-95.9226,2513.3846,-1.43,112.0,22.4409,0.2,0,0,0.2136,False,False
6294999,1039415,35620,NJ,40.4102,-74.041,2849.3077,-0.697,105.0,27.1363,0.7855,0,1,0.2136,False,False
5072035,1022344,46060,AZ,32.2578,-110.9443,2804.3077,2.6496,119.0,23.5656,0.7941,3,1,0.2135,False,False
13368339,1053512,23420,CA,36.5182,-119.5657,1857.9231,-4.5902,119.0,15.6128,0.2333,1,0,0.2134,False,False
5070734,1009700,35620,NJ,40.4291,-74.3849,1535.8462,9.2949,112.0,13.7129,0.3344,0,1,0.2132,False,True
2545508,12528,45000,CA,40.4056,-120.6342,3275.3077,4.5705,115.5,28.3576,0.5,1,0,0.2131,False,False
1249506,7691,40900,CA,38.4964,-121.4329,1182.4615,2.61,114.5,10.3272,0.0809,0,1,0.2131,False,True
1250101,18641,33100,FL,26.7059,-80.0799,2442.3077,15.1823,120.5,20.2681,0.4211,2,4,0.2131,False,False
2546529,16984,42660,WA,47.4873,-121.7934,3108.4615,5.3688,115.5,26.9131,0.9216,2,0,0.2131,False,False
1248907,18138,16980,IL,41.7109,-88.2068,3917.7692,-3.0532,109.5,35.7787,0.8871,1,1,0.213,False,False
1253319,12677,14860,CT,41.4674,-73.4862,2047.2308,4.4998,105.0,19.4974,0.9286,0,1,0.213,False,False
5715453,1029065,36260,UT,41.1882,-111.983,2470.3846,-7.1177,107.0,23.0877,0.6471,0,0,0.213,False,False
1254945,15266,31080,CA,34.1559,-118.7566,2031.3846,-9.1416,115.5,17.5877,0.5275,1,0,0.213,False,False
12195950,1040284,17460,OH,41.381,-81.7859,1064.0769,-2.2541,114.5,9.2932,0.1296,0,0,0.213,False,True
1255029,12112,40900,CA,38.5958,-121.4163,1794.7692,0.2621,122.5,14.6512,0.3309,2,0,0.2129,False,False
1259132,11701,35620,NY,40.6122,-74.1326,2463.6923,-1.425,112.0,21.9973,0.6877,1,6,0.2129,False,False
1255459,14182,19100,TX,32.7312,-97.7914,3838.4615,-7.3593,112.0,34.272,0.6875,1,0,0.2128,False,False
1249000,10220,43900,SC,34.9651,-81.9315,3089.8462,-2.5332,118.0,26.1851,0.2222,1,0,0.2128,False,False
1251300,1006976,41060,MN,45.5529,-94.1925,4259.4615,-3.3849,112.0,38.0309,1.0,2,1,0.2128,False,False
1259564,14066,41140,MO,39.7694,-94.8041,4287.8462,-3.4837,107.5,39.8869,1.0,1,2,0.2127,False,False
7282214,1040876,36540,NE,41.3241,-96.0721,2936.9231,2.8279,107.5,27.3202,0.64,0,0,0.2126,False,False
1260803,9461,41940,CA,37.3576,-121.818,1978.6154,1.9581,114.5,17.2805,0.73,1,0,0.2126,False,False
1249439,16982,17140,OH,39.2538,-84.4262,2102.6154,1.6663,112.0,18.7734,0.28,0,0,0.2124,False,False
5070114,1026441,29460,FL,28.2248,-81.6445,4228.5385,-0.0273,112.0,37.7548,0.6364,1,1,0.2124,False,False
5071084,1023295,37620,WV,39.3038,-81.5502,3110.3846,9.3074,108.5,28.6671,0.5,0,1,0.2124,False,False
1255145,11296,19100,TX,33.1373,-96.805,3770.6923,-2.9711,112.0,33.6669,0.6632,1,1,0.2122,False,False
11884000,1039713,12420,TX,30.497,-97.7743,1016.6154,-6.5875,114.5,8.8787,0.1059,0,0,0.2122,False,True
2544536,8364,38060,AZ,33.3779,-112.1709,3390.5385,13.4864,118.0,28.7334,0.6505,2,1,0.2121,False,False
1248754,17483,24860,SC,34.8694,-82.3565,2122.6923,-5.4545,112.0,18.9526,0.2222,0,0,0.212,False,False
5715356,1028508,27260,FL,30.2863,-81.5287,2587.5385,0.2952,108.5,23.8483,0.4894,0,1,0.212,False,False
5070092,1023027,26620,AL,34.8182,-86.4928,2540.3077,-15.8731,107.5,23.6308,0.5385,0,0,0.212,False,False
1251964,1006736,19100,TX,33.1673,-96.8916,3305.8462,-6.8796,118.0,28.0156,0.566,2,0,0.2119,False,False
12195992,1039883,38060,AZ,33.4653,-111.9077,2354.4615,6.6778,118.0,19.9531,0.3107,1,1,0.2119,False,False
1260695,14484,33340,WI,43.1705,-88.1065,2583.4615,1.9612,107.5,24.0322,0.6078,0,1,0.2118,False,False
1250140,10513,19100,TX,33.144,-96.678,4896.6154,-5.2823,108.5,45.1301,0.8646,1,1,0.2118,False,False
5429044,1018120,24220,ND,47.916,-97.0444,2748.7692,9.2415,115.5,23.7989,1.0,2,0,0.2118,False,False
5071277,1026210,41740,CA,32.6157,-117.0696,991.0,9.8857,132.0,7.5076,0.0636,4,0,0.2118,False,True
1254709,11838,41740,CA,32.8554,-116.9714,3587.3077,-0.6413,111.0,32.3181,0.8786,1,0,0.2117,False,False
1249799,6650,28700,TN,36.5429,-82.5201,6303.9231,0.7487,111.0,56.7921,0.6,1,0,0.2117,False,False
1252191,1007076,17140,OH,39.1912,-84.6565,4438.3077,0.1058,105.0,42.2696,0.62,0,1,0.2117,False,False
1260790,7966,27340,NC,34.7648,-77.3826,1862.3846,2.6629,112.0,16.6284,0.25,0,1,0.2117,False,False
5715201,1030065,21300,NY,42.1591,-76.8536,1013.8462,3.243,112.0,9.0522,1.0,1,2,0.2117,False,True
1259064,15604,12580,MD,39.3708,-76.4644,6338.6923,43.9832,113.5,55.8475,0.9848,2,2,0.2116,False,False
2547676,1014525,31460,CA,37.0192,-120.1315,820.7692,0.8125,114.0,7.1997,0.25,0,0,0.2116,False,True
1251053,116509,36260,UT,40.9859,-111.9085,2752.7692,0.9336,112.0,24.5783,0.8824,1,0,0.2116,False,False
1258475,8572,19820,MI,42.3378,-83.401,3986.2308,7.7539,112.0,35.5913,0.8025,1,0,0.2115,False,False
6294808,1033866,43620,SD,43.5154,-96.8286,2345.3077,3.1079,108.5,21.6157,0.6154,0,0,0.2115,False,False
1249729,6654,16980,IL,41.6757,-87.7984,2978.0,0.6945,105.0,28.3619,0.7231,0,3,0.2115,False,False
5715699,1029826,19100,TX,32.9665,-97.4186,3125.8462,88.4,115.5,27.0636,0.5312,0,0,0.2113,False,False
11884447,1044355,12540,CA,35.2658,-119.0251,2245.5385,4.2385,119.0,18.8701,0.2766,1,0,0.211,False,False
1251688,1006790,35620,NY,40.7026,-73.8186,3275.1538,-4.8389,112.0,29.2424,0.8691,2,19,0.211,False,False
1251032,114022,12660,WI,43.5762,-89.7814,4503.9231,6.1764,105.0,42.8945,0.6667,0,1,0.2109,False,False
2547826,1015002,26420,TX,29.9297,-95.6293,2906.5385,5.4858,115.5,25.1648,0.5611,1,0,0.2109,False,False
1249054,12656,35380,LA,30.2839,-89.7486,5431.6154,-0.1089,108.5,50.061,0.9259,1,0,0.2109,False,False
1253556,13046,42660,WA,47.8624,-121.9806,2632.6154,14.0876,120.5,21.8474,0.8529,3,0,0.2108,False,False
1252103,8777,19820,MI,42.4638,-83.3743,1805.6923,-5.0289,112.0,16.1223,0.2716,0,0,0.2107,False,False
7282032,1039684,35380,LA,30.0864,-90.4441,2544.5385,-0.5113,112.0,22.7191,0.2222,0,0,0.2106,False,False
1253056,1013248,42100,CA,36.9626,-121.9886,1259.7692,8.8751,112.0,11.2479,0.4545,0,0,0.2106,False,True
1250090,10611,40900,CA,38.6463,-121.1135,3128.7692,-2.9098,115.5,27.0889,0.8676,2,0,0.2106,False,False
6294985,1034373,20380,NC,35.244,-79.0231,3623.3077,-2.0116,102.5,35.3493,1.0,0,0,0.2105,False,False
5715626,1027945,11540,WI,44.2444,-88.3502,11476.8462,8.0941,105.0,109.3033,1.0,2,1,0.2104,False,False
7281944,1035437,47260,VA,37.0254,-76.3339,2833.0769,6.701,107.5,26.3542,0.6984,0,0,0.2103,False,False
1249700,18360,35620,NJ,40.7204,-74.5633,2188.0769,4.24,108.5,20.1666,0.5804,0,1,0.2102,False,False
5071448,1023715,46700,CA,38.4689,-121.8218,2157.0,1.7158,118.0,18.2797,0.375,1,0,0.2101,False,False
6294137,1031164,45300,FL,28.0314,-82.3929,1554.8462,9.9848,114.5,13.5794,0.1124,0,1,0.2101,False,True
1254130,8831,41860,CA,37.696,-122.0781,3469.3077,2.4813,121.5,28.554,0.97,5,0,0.2101,False,False
5070157,1018601,16980,IL,41.6798,-88.2036,3160.0769,5.528,105.0,30.096,0.7796,0,2,0.21,False,False
1249603,6960,16980,IL,42.1371,-87.7918,3565.0769,5.668,105.0,33.9531,0.8468,0,0,0.21,False,False
1257353,14933,35620,NY,41.2749,-73.7804,1619.9231,1.0315,111.0,14.5939,0.3817,0,1,0.2099,False,False
6294211,1030547,13980,VA,37.1359,-80.3623,2274.4615,3.143,107.5,21.1578,0.6667,0,1,0.2099,False,False
1254741,16484,41740,CA,33.1493,-117.1982,1807.3846,-1.2192,119.0,15.1881,0.289,1,0,0.2098,False,False
1248435,17197,42540,PA,41.3639,-75.6808,2369.0,9.1241,111.5,21.2466,0.3,0,1,0.2098,False,False
1259617,11617,27500,WI,42.7181,-88.9806,4262.2308,-7.1285,115.5,36.9024,1.0,3,0,0.2097,False,False
2547850,1015094,22220,AR,36.1757,-94.1771,3699.5385,5.3722,115.5,32.0306,0.4118,1,1,0.2096,False,False
7282010,1039216,36420,OK,35.264,-97.4756,3704.0769,9.4735,108.0,34.297,0.5745,0,0,0.2096,False,False
2545009,10256,17140,OH,39.3232,-84.4298,3590.9231,-0.1711,107.5,33.4039,0.56,0,0,0.2096,False,False
6294905,1037770,42860,SC,34.6904,-82.8608,3880.8462,-3.5575,107.5,36.1009,0.5,0,0,0.2095,False,False
5071406,1026001,38900,WA,45.6377,-122.6413,1982.3846,-3.7426,114.5,17.3134,0.7025,1,0,0.2095,False,False
5071321,1021103,31080,CA,34.096,-117.8723,2478.3077,4.6379,114.5,21.6446,0.7138,1,0,0.2095,False,False
13368207,1039770,35840,FL,27.462,-82.5716,4057.6154,35.2851,112.0,36.2287,0.8889,1,3,0.2094,False,False
2547768,1014797,35620,NY,40.6445,-73.6389,2656.2308,0.9442,112.0,23.7163,0.7413,1,4,0.2094,False,False
1250461,66396,39580,NC,35.9009,-78.6544,2528.0769,3.2549,114.5,22.0793,0.6977,1,0,0.2094,False,False
5428951,1018048,47900,VA,38.2938,-77.5183,2207.5385,7.8305,117.0,18.8679,0.7811,2,3,0.2094,False,False
2546599,17264,31080,CA,34.1579,-118.3788,1844.8462,-0.1997,124.5,14.818,0.4293,3,0,0.2093,False,False
1253285,9774,40140,CA,34.0719,-117.5938,2829.0769,1.8951,122.5,23.0945,0.4236,3,2,0.2093,False,False
5715302,1028815,28140,MO,39.145,-94.5585,758.0,-9.163,115.5,6.5628,0.0364,0,0,0.2092,False,True
1250975,1005763,25060,MS,30.4559,-88.9025,4487.2308,-3.286,115.5,38.8505,0.3333,1,0,0.2092,False,False
7282030,1039277,28260,NE,40.6852,-99.0852,4416.1538,2.8742,108.5,40.7019,1.0,1,1,0.2092,False,False
1252610,1010026,41940,CA,37.3873,-121.8619,1800.6154,13.2956,117.0,15.3899,0.62,1,0,0.2091,False,False
2547842,1015077,19100,TX,32.9954,-97.0649,3324.7692,-3.183,107.5,30.9281,0.5694,0,0,0.209,False,False
11884095,1040295,19100,TX,32.9085,-96.4485,3157.9231,2.5735,114.5,27.5801,0.5556,1,1,0.2087,False,False
1254803,15801,40900,CA,38.5959,-121.3641,1392.8462,-1.9972,125.0,11.1428,0.1397,2,0,0.2087,False,True
2544209,6950,47900,MD,38.3735,-76.4411,2784.8462,4.636,105.0,26.5223,0.867,0,1,0.2087,False,False
2545804,13793,46060,AZ,32.3555,-111.0924,2285.6923,3.7717,115.5,19.7895,0.5588,1,1,0.2087,False,False
1249949,6597,10420,OH,41.1196,-81.4797,2883.2308,-3.0521,115.5,24.963,0.4375,1,1,0.2086,False,False
2546442,9908,23420,CA,36.847,-119.7893,2272.3846,14.0403,125.5,18.1067,0.4,3,0,0.2085,False,False
5715545,1028834,33460,MN,45.28,-92.9998,2634.3846,1.5508,114.5,23.0077,0.6778,1,0,0.2085,False,False
5071154,1024791,47900,VA,38.6853,-77.3138,681.8462,-3.1997,115.0,5.9291,0.1545,0,0,0.2083,False,True
1260676,17773,35620,NJ,40.83,-74.1369,2166.8462,7.9396,126.0,17.1972,0.5678,5,3,0.2083,False,False
1257115,1010249,47260,VA,37.1026,-76.4919,2225.3846,2.7782,121.5,18.3159,0.3651,2,1,0.2082,False,False
5071760,1018280,19100,TX,32.7551,-97.4295,4111.6923,-0.9084,112.0,36.7115,0.7396,1,0,0.2082,False,False
1248673,7194,26420,TX,29.2708,-94.8279,4223.3846,3.4909,115.5,36.5661,0.819,2,0,0.2081,False,False
1260787,8152,24660,NC,36.1307,-79.7991,3701.0769,-1.7881,112.0,33.0453,0.7778,1,0,0.208,False,False
1259015,89674,47260,VA,36.8608,-76.2108,2693.8462,7.9365,115.0,23.4247,0.6032,1,1,0.208,False,False
5715758,1029824,39740,PA,40.1562,-75.8602,4263.3846,0.5023,105.0,40.6037,0.6667,0,1,0.2079,False,False
2548340,1016816,12260,GA,33.5013,-82.0883,3369.0769,-8.4815,118.0,28.5515,0.5714,2,0,0.2079,False,False
5428582,1020686,47900,VA,39.0229,-77.4774,1785.7692,1.8023,108.5,16.4587,0.6953,0,0,0.2079,False,False
11884496,1044878,41940,CA,37.4127,-121.9004,1675.2308,8.5102,111.0,15.0922,0.52,0,0,0.2078,False,False
5715250,1028805,32780,OR,42.4228,-122.8512,2568.5385,8.2963,105.0,24.4623,1.0,0,0,0.2077,False,False
1248836,17427,35620,NJ,40.8553,-74.0435,1254.0769,-3.5325,112.0,11.1971,0.2303,0,3,0.2076,False,True
5070941,1020684,12260,GA,33.478,-82.1983,3567.0769,5.2617,113.5,31.428,0.6429,1,1,0.2076,False,False
6294732,1033089,38060,AZ,33.5389,-112.1347,1593.6154,2.3163,121.5,13.1162,0.1117,1,0,0.2076,False,True
1259854,89108,27260,FL,30.2603,-81.5542,2591.6923,-0.4756,108.5,23.8866,0.5106,0,1,0.2076,False,False
2547365,1009153,41940,CA,37.3154,-121.8724,2240.9231,9.2191,118.0,18.9909,0.84,2,0,0.2074,False,False
5070435,1018676,33340,WI,43.09,-88.1491,3539.7692,0.3796,105.0,33.7121,0.8235,0,0,0.2074,False,False
5070504,1023898,35620,NY,40.7804,-73.7768,2283.0769,7.9508,114.0,20.027,0.653,1,4,0.2074,False,False
13368360,1052679,16980,IL,41.5064,-87.6708,1954.2308,16.8637,112.0,17.4485,0.3817,0,1,0.2073,False,False
5071937,1023094,31080,CA,34.2163,-118.2263,2436.0,1.8853,121.5,20.0494,0.6938,3,0,0.2073,False,False
1260739,8463,41940,CA,37.3394,-121.8422,1918.4615,4.4607,115.5,16.6101,0.69,1,0,0.2073,False,False
1249693,10648,41700,TX,29.4942,-98.707,3065.3077,4.8934,120.5,25.4382,0.4026,2,1,0.2072,False,False
2548485,1017618,12060,GA,33.407,-84.6794,5382.5385,-3.7126,107.5,50.0701,0.9542,1,1,0.2072,False,False
5428947,1019679,26420,TX,29.734,-95.4049,2461.0,9.1464,121.5,20.2551,0.3982,2,1,0.2072,False,False
1249164,12583,41860,CA,37.5882,-122.0663,1880.1538,-0.5736,114.5,16.4206,0.755,1,0,0.2072,False,False
2545602,12877,30780,AR,34.7713,-92.3578,2463.3077,4.4932,112.0,21.9938,0.2941,0,0,0.2072,False,False
2545839,13949,41500,CA,36.7,-121.6201,2147.0769,8.3835,116.5,18.4298,0.5926,1,0,0.2071,False,False
5071915,1025887,31080,CA,33.8026,-118.0411,3420.5385,1.2431,115.5,29.6151,0.8918,2,0,0.2071,False,False
2548122,1015915,19740,CO,39.7108,-105.0223,2726.8462,14.3664,107.5,25.366,0.7939,0,0,0.207,False,False
1251580,10295,46520,HI,21.3291,-158.0868,2064.4615,3.406,120.5,17.1325,0.5,2,1,0.2069,False,False
1252398,18565,19380,OH,39.7088,-84.1705,2886.6923,-6.8855,108.5,26.6055,0.5,0,0,0.2069,False,False
2547454,1013198,14720,CO,39.5906,-106.0949,1714.4615,-3.1798,112.0,15.3077,1.0,1,0,0.2069,False,False
2547999,1015525,13740,MT,45.7557,-108.5671,2700.6923,4.6749,106.0,25.4782,0.8571,0,0,0.2069,False,False
11883911,1039119,35620,NJ,40.3511,-74.3067,2955.5385,-0.3863,112.0,26.3887,0.8076,1,1,0.2068,False,False
5429092,1017892,12420,TX,30.5447,-97.865,3841.6154,-1.0599,112.0,34.3001,0.7765,1,0,0.2068,False,False
7281735,1011598,12940,LA,30.4299,-91.1167,2983.3077,-2.1101,107.5,27.7517,0.6316,0,0,0.2067,False,False
7281909,1023401,37100,CA,34.2824,-118.6918,3877.2308,2.142,112.0,34.6181,0.8,1,0,0.2065,False,False
2545928,14291,38300,PA,40.1842,-80.2199,5093.6923,-7.0964,112.0,45.4794,0.9206,2,1,0.2065,False,False
5071746,1021458,30700,NE,40.8138,-96.6236,3182.1538,0.3931,105.0,30.3062,0.8,0,1,0.2064,False,False
5428845,90326,12580,MD,39.0336,-76.6827,1869.8462,5.8434,120.5,15.5174,0.5455,2,1,0.2063,False,False
5070934,1024166,12060,GA,33.3983,-84.74,2831.8462,-1.8895,118.0,23.9987,0.6209,2,1,0.2063,False,False
5715551,1027937,29420,AZ,35.0185,-114.5985,3067.0769,2.4276,119.0,25.7738,0.6,2,0,0.2062,False,False
7282230,1039876,41420,OR,44.884,-123.0116,4296.7692,6.9544,110.0,39.0615,1.0,1,0,0.2062,False,False
2544983,10155,29740,NM,32.3469,-106.7651,2432.0769,2.1584,112.0,21.715,0.2857,0,0,0.2061,False,False
5070786,1022071,35620,NJ,40.1266,-74.2217,2995.0,0.6697,112.0,26.7411,0.817,1,1,0.206,False,False
1251780,1006815,27260,FL,30.1665,-81.6316,2945.0,3.6551,107.5,27.3953,0.617,0,1,0.2059,False,False
1250147,7762,38900,OR,45.3803,-122.7596,2341.1538,4.602,118.0,19.8403,0.8017,2,0,0.2058,False,False
1249424,17135,37900,IL,40.7839,-89.6031,4118.6923,12.3791,107.5,38.3134,0.5556,0,1,0.2057,False,False
11884210,1040454,29460,FL,28.2748,-81.6626,2660.9231,14.7064,112.0,23.7582,0.3636,0,0,0.2057,False,False
6294799,1033535,33740,LA,32.5338,-92.079,3986.0769,2.4212,110.0,36.2371,1.0,1,0,0.2057,False,False
1253711,1005592,42660,WA,47.2217,-122.5375,1939.6923,-3.7263,119.0,16.2999,0.6765,2,0,0.2056,False,False
2547287,1007322,35620,NJ,40.7927,-73.9985,2713.7692,1.9978,118.5,22.901,0.7571,3,7,0.2055,False,False
7282058,1037534,16740,NC,35.201,-80.7735,2144.0,1.3085,112.0,19.1429,0.3158,0,0,0.2055,False,False
1248439,7426,26420,TX,29.508,-95.095,2930.1538,1.1552,108.5,27.006,0.5701,0,0,0.2053,False,False
1255000,16644,10740,NM,35.1337,-106.6122,2416.5385,-8.0572,107.5,22.4794,0.6585,0,0,0.2053,False,False
1260929,7481,35840,FL,27.0786,-82.4254,3273.6154,2.6657,105.0,31.1773,0.8148,0,1,0.2053,False,False
2545768,13656,26900,IN,39.6311,-86.1577,3314.5385,-2.7753,107.5,30.8329,0.5976,0,0,0.2052,False,False
1260197,18514,46060,AZ,32.337,-111.0499,3647.9231,1.5786,115.5,31.5837,0.8824,2,0,0.2052,False,False
1255409,13864,38060,AZ,33.6525,-112.1857,2871.9231,0.6009,115.5,24.8651,0.4903,1,1,0.2051,False,False
1250143,10873,12580,MD,39.4585,-76.3181,3148.9231,4.0675,112.0,28.1154,0.8333,1,1,0.2051,False,False
5069919,1019338,26900,IN,39.9959,-85.9356,4285.7692,8.4414,112.0,38.2658,0.8171,1,0,0.205,False,False
1260939,7859,19820,MI,42.3239,-83.4346,3873.4615,5.3562,112.0,34.5845,0.7654,1,1,0.2049,False,False
1248984,10227,40540,WY,41.5782,-109.252,2635.8462,0.5045,104.5,25.2234,1.0,0,0,0.2046,False,False
5071049,1019088,37980,DE,39.6713,-75.649,4771.1538,2.1038,112.0,42.5996,1.0,2,2,0.2046,False,False
1258208,16869,47900,MD,39.2034,-77.2486,1522.6923,7.0521,117.5,12.9591,0.5794,1,0,0.2046,False,True
1251379,1008736,35620,NJ,40.4622,-74.2952,2698.9231,-1.0854,112.0,24.0975,0.7508,1,4,0.2045,False,False
2545773,13668,14540,KY,36.9467,-86.4228,5066.3077,-0.2469,112.0,45.2349,0.6667,1,0,0.2045,False,False
2548455,1017424,12060,GA,34.1445,-84.5124,2901.9231,-3.1102,107.5,26.9946,0.6471,0,0,0.2045,False,False
1250356,1011850,16980,IL,42.1387,-88.0251,2462.1538,-1.8039,119.0,20.6904,0.5699,2,1,0.2045,False,False
2544406,7854,38900,OR,45.5647,-122.5338,1531.1538,-5.5157,111.0,13.7942,0.4463,0,0,0.2043,False,True
1249058,10124,47900,MD,39.1599,-77.2794,1597.5385,-4.6508,108.5,14.7239,0.618,0,1,0.2043,False,False
1252537,13615,16980,IN,41.5222,-87.4708,2875.3077,1.7947,114.5,25.1119,0.6801,1,0,0.2042,False,False
11884213,1040534,22300,OH,41.0594,-83.6581,325.3077,-0.2359,112.0,2.9045,0.5,0,1,0.2042,False,True
1260457,8324,31080,CA,33.8751,-118.1422,1219.3077,-1.8575,129.0,9.452,0.208,4,1,0.2041,False,True
1248504,7825,34980,TN,35.9601,-86.8028,3964.0769,-3.3025,115.5,34.321,0.7451,2,1,0.2041,False,False
5070785,1019311,35620,NJ,40.3982,-74.2259,2623.6154,-10.9059,112.0,23.4251,0.735,1,2,0.2041,False,False
2546631,17398,47380,TX,31.4955,-97.2183,3726.5385,-2.8574,115.0,32.4047,0.4286,1,1,0.2041,False,False
5071387,1020565,40700,OR,43.3868,-123.3406,1708.7692,16.4134,112.0,15.2569,0.5,0,0,0.2041,False,False
2547157,91217,16980,IL,42.0039,-88.0075,2680.4615,1.5149,114.5,23.4101,0.629,1,1,0.204,False,False
1250521,68842,19100,TX,33.0659,-97.0813,8459.6923,1.5176,105.0,80.5685,0.9861,1,0,0.204,False,False
13284975,8539400,38900,WA,45.6047,-122.5044,2453.2308,-14.2296,119.0,20.6154,0.8264,3,0,0.2039,False,False
1248876,17548,36420,OK,35.5474,-97.5651,2893.9231,13.6174,112.0,25.8386,0.3404,0,0,0.2039,False,False
2545222,11149,16980,IL,41.875,-88.3397,3550.6154,-0.0217,105.0,33.8154,0.8414,0,0,0.2039,False,False
2546642,17451,22540,WI,43.7839,-88.4791,2983.8462,2.2754,115.5,25.8342,0.5,1,1,0.2038,False,False
5071701,1020162,46140,OK,36.2993,-95.6257,4032.9231,-3.2319,105.0,38.4088,0.76,0,0,0.2038,False,False
1255175,15556,20780,CO,39.6423,-106.5905,2605.7692,5.8032,105.0,24.8168,1.0,0,0,0.2038,False,False
1260585,17633,31080,CA,33.9124,-118.0822,2460.7692,4.5186,124.0,19.8449,0.7088,4,0,0.2038,False,False
1254843,9180,26420,TX,29.7768,-95.7503,2283.9231,2.0169,111.0,20.5759,0.3484,0,1,0.2038,False,False
5071034,1026416,12580,MD,39.493,-76.3938,1592.0769,17.5832,112.0,14.215,0.4545,0,1,0.2037,False,False
6294455,1031366,33860,AL,32.2697,-86.3558,5033.5385,0.7607,107.5,46.8236,0.4444,0,0,0.2037,False,False
1252272,1008712,45780,OH,41.6117,-83.7008,3803.0,-1.7332,115.0,33.0696,0.9,2,0,0.2037,False,False
1248710,10085,11820,OR,46.1609,-123.9004,3482.1538,19.2173,112.0,31.0907,1.0,1,0,0.2037,False,False
5070984,1018924,24860,SC,34.8067,-82.2246,3389.1538,1.0435,108.5,31.2364,0.5278,0,0,0.2037,False,False
1248730,9849,40140,CA,34.4707,-117.2924,2526.6923,0.7855,122.5,20.6261,0.3144,2,0,0.2035,False,False
13368406,1054194,35620,NY,40.6461,-73.5833,2875.0769,2.783,112.0,25.6703,0.7918,1,3,0.2035,False,False
1260514,8261,31080,CA,34.2077,-118.5096,1302.2308,4.3711,121.0,10.7622,0.2413,1,0,0.2035,False,True
2544478,8110,48580,WI,42.6285,-88.6147,2309.5385,-1.2985,107.5,21.4841,0.6667,0,1,0.2035,False,False
5071698,1016592,19100,TX,33.1756,-96.8369,4458.9231,2.2996,118.5,37.628,0.8056,3,0,0.2034,False,False
13368118,1055014,36100,FL,29.2136,-82.1982,3852.5385,3.7624,108.5,35.5073,0.4286,0,1,0.2033,False,False
5070436,1022333,48020,WI,43.0829,-88.7623,2664.0769,6.0833,105.0,25.3722,1.0,0,0,0.2031,False,False
5071274,1024407,41740,CA,32.6208,-116.9678,1549.3077,-7.4743,124.0,12.4944,0.2081,2,0,0.2031,False,True
1250959,9608,41740,CA,33.1015,-117.311,5619.5385,2.4859,108.5,51.793,0.9769,1,0,0.203,False,False
2547049,64267,46020,CA,39.2031,-121.0635,2615.4615,8.2903,115.5,22.6447,0.6667,1,0,0.2029,False,False
5715516,1028751,37340,FL,28.0945,-80.5682,2689.0769,1.3363,112.0,24.0096,0.2,0,1,0.2027,False,False
5429057,1018931,41740,CA,32.7944,-117.1937,2115.6923,4.5779,118.5,17.8539,0.3988,1,0,0.2026,False,False
7282060,1039739,17900,SC,33.9611,-80.9395,2094.7692,-1.0069,112.0,18.7033,0.25,0,1,0.2026,False,False
6294263,1030326,37340,FL,28.3978,-80.7045,3529.2308,-0.1002,114.5,30.823,0.5333,1,1,0.2025,False,False
1258583,17331,47900,VA,38.486,-77.9688,1692.9231,-19.1269,114.5,14.7854,0.6567,1,0,0.2025,False,False
1255009,15598,40140,CA,34.1074,-117.6657,2460.6923,1.8693,119.0,20.6781,0.2882,1,0,0.2024,False,False
5070603,1026100,11020,PA,40.469,-78.4065,2568.6154,-16.8857,113.0,22.7311,1.0,2,2,0.2024,False,False
1259834,17125,29380,FL,30.1798,-82.6732,8647.8462,3.546,112.0,77.2129,0.6667,2,1,0.2023,False,False
1254168,12121,41860,CA,37.6791,-121.778,1915.6154,3.715,115.0,16.6575,0.765,1,0,0.2023,False,False
2548157,1016039,32820,TN,35.2051,-89.7622,2429.5385,-4.678,108.5,22.3921,0.5312,0,1,0.202,False,False
1251886,1007341,41940,CA,37.4176,-121.8758,2286.5385,3.6979,113.0,20.2349,0.86,1,1,0.2019,False,False
1252878,1013322,33660,AL,30.6544,-88.1169,4867.3077,5.5657,105.0,46.3553,0.75,0,0,0.2018,False,False
1260601,9741,27900,MO,37.0876,-94.4764,5218.4615,-4.1713,113.5,45.9776,0.5,1,0,0.2018,False,False
2545006,10225,36260,UT,41.1396,-112.0614,2551.1538,4.168,107.5,23.7317,0.7647,0,0,0.2018,False,False
13368169,12824,31080,CA,34.415,-118.5615,2908.2308,4.2377,122.5,23.7407,0.8136,4,0,0.2017,False,False
2548512,1017765,45300,FL,27.8941,-82.2516,3849.6923,-2.8441,105.0,36.6637,0.7978,0,0,0.2017,False,False
7282440,1032325,37980,NJ,39.9717,-74.9105,4115.6923,33.7466,112.0,36.7473,0.9489,1,2,0.2017,False,False
6294390,1031531,12540,CA,35.1256,-117.9574,2376.9231,7.2805,112.0,21.2225,0.3617,0,0,0.2017,False,False
1249498,7457,33980,NC,34.7392,-76.8087,3389.0769,-6.8403,114.5,29.5989,0.5,1,1,0.2015,False,False
5071930,1025417,31080,CA,34.1237,-118.2557,1438.3077,-2.4673,126.0,11.4151,0.2829,3,1,0.2014,False,True
1258396,18594,40060,VA,37.3544,-77.4125,2582.5385,7.8651,115.5,22.3596,0.6053,1,1,0.2014,False,False
5070503,1017494,35620,NY,40.749,-73.756,2724.7692,2.2221,112.0,24.3283,0.7603,1,6,0.2014,False,False
1249753,7462,12420,TX,30.3059,-97.708,1975.2308,2.3925,119.0,16.5986,0.3529,1,0,0.2014,False,False
5072028,1019780,38060,AZ,33.3077,-111.7563,2571.5385,0.872,118.0,21.7927,0.3932,1,0,0.2013,False,False
5069973,1019067,33100,FL,26.2736,-80.2498,2216.3077,0.6744,118.0,18.7823,0.345,1,1,0.2012,False,False
1249082,7543,31080,CA,33.6684,-117.7635,2173.6154,0.0779,115.5,18.8192,0.589,1,1,0.2012,False,False
6294597,1032494,36740,FL,28.3787,-81.6171,588.0,-9.9647,122.5,4.8,0.011,1,1,0.2011,False,True
13368197,1042902,16740,NC,35.3357,-80.7158,2427.3846,14.7074,112.0,21.6731,0.4211,0,0,0.2009,False,False
1255231,14706,40140,CA,33.6625,-117.2967,3139.6154,-3.8085,115.5,27.1828,0.524,1,0,0.2009,False,False
1258885,113995,47260,VA,37.2761,-76.7471,2605.1538,-5.4786,115.5,22.5554,0.5714,1,0,0.2005,False,False
2547942,1015407,16980,IL,42.3601,-88.2665,3372.2308,0.509,112.0,30.1092,0.8091,1,1,0.2005,False,False
5071916,1018126,31080,CA,33.7892,-118.3087,972.3846,-1.7106,129.0,7.5379,0.1248,3,0,0.2005,False,True
5071808,1017419,19100,TX,32.673,-97.0055,2917.6923,9.2202,121.5,24.0139,0.4653,2,0,0.2004,False,False
7281958,1036715,32820,TN,35.1493,-89.9029,2201.1538,5.3571,112.0,19.6532,0.375,0,0,0.2004,False,False
5715587,15768,26380,LA,29.6124,-90.7563,4751.2308,-6.885,115.5,41.1362,0.3333,1,0,0.2003,False,False
7281975,1037697,40380,NY,43.1499,-77.5539,2224.4615,9.2978,112.0,19.8613,0.3333,0,1,0.2003,False,False
1252419,15089,42660,WA,47.9095,-122.2253,2485.2308,12.0871,114.5,21.7051,0.8333,1,0,0.2001,False,False
5071001,1021881,12060,GA,33.6249,-83.9761,1839.4615,2.6529,112.0,16.4238,0.3268,0,1,0.2,False,False
1255503,8901,40900,CA,38.5508,-121.5384,2279.3077,2.5188,117.0,19.4813,0.5368,1,0,0.1999,False,False
11884081,1037587,27340,NC,34.7014,-77.1492,3926.1538,-9.1395,105.0,37.3919,0.75,0,0,0.1998,False,False
5070110,1025492,33100,FL,26.8825,-80.1177,3621.4615,-3.4138,112.0,32.3345,0.7544,1,1,0.1998,False,False
5071436,1022193,13380,WA,48.9959,-122.7516,1618.8462,2.975,108.5,14.9202,0.7778,0,0,0.1998,False,False
5071202,1019048,31080,CA,33.774,-117.9382,1099.2308,1.6286,126.0,8.7241,0.1581,2,0,0.1997,False,True
5071011,1023253,47900,MD,38.7167,-76.6589,2105.9231,4.0278,107.5,19.59,0.7597,0,1,0.1996,False,False
5071179,1022523,47300,CA,36.3247,-119.2779,2671.3077,4.3981,118.0,22.6382,0.4074,1,0,0.1996,False,False
2547199,116572,38060,AZ,33.6097,-111.9263,2581.7692,2.0493,118.0,21.8794,0.3981,1,0,0.1996,False,False
5071060,1021750,41540,DE,38.7012,-75.4024,1804.8462,2.4764,112.0,16.1147,0.3333,0,1,0.1994,False,False
7282122,1038313,36420,OK,35.0271,-97.9354,5254.7692,-3.8279,103.5,50.7707,0.7872,0,0,0.1994,False,False
1252612,1010028,28660,TX,31.1138,-97.7988,3869.7692,-0.0556,118.0,32.7947,0.5714,2,1,0.1993,False,False
1250748,16681,20940,CA,32.7915,-115.5702,2535.0,4.2748,125.0,20.28,0.125,2,0,0.1993,False,False
6294769,1033664,41860,CA,37.8172,-122.2674,1067.0769,15.4845,114.5,9.3194,0.36,0,0,0.1993,False,True
1260833,8220,42660,WA,47.1506,-122.3566,2121.9231,2.7489,119.0,17.8313,0.75,2,0,0.1992,False,False
1249943,7871,18140,OH,40.2673,-82.9305,3882.9231,-4.6974,111.5,34.8244,0.8421,1,0,0.1992,False,False
5715224,1028906,18140,OH,39.9404,-82.9968,2884.6154,2.4898,115.5,24.975,0.614,1,0,0.1992,False,False
1258117,11983,42660,WA,47.5415,-122.0481,7090.7692,7.1026,114.5,61.9281,0.9951,3,0,0.1992,False,False
6294935,1042509,10740,NM,35.3229,-106.5615,4240.7692,9.1381,114.5,37.0373,0.9512,2,1,0.1991,False,False
12195922,15562,41860,CA,37.8897,-121.6218,3729.0769,-0.6028,110.5,33.7473,0.995,1,0,0.1991,False,False
1255373,16713,26420,TX,29.7498,-95.4998,1353.1538,0.1537,115.5,11.7156,0.095,0,0,0.1991,False,True
11884362,1042962,47260,VA,36.6591,-76.2319,2800.6923,5.8063,114.5,24.4602,0.6825,1,1,0.1991,False,False
1251967,1008765,31080,CA,33.5563,-117.6857,2582.4615,1.3494,114.5,22.5542,0.7421,1,0,0.1991,False,False
5715526,1029390,40140,CA,34.0006,-117.5763,169.0,10.8476,126.0,1.3413,0.0044,1,0,0.1991,False,True
12195711,1032429,16500,WA,46.729,-122.9798,2942.0769,3.2586,119.0,24.7233,0.6667,2,0,0.1989,False,False
1260464,14450,12540,CA,35.3177,-119.0548,1851.0,-1.3448,114.5,16.1659,0.1277,0,0,0.1989,False,False
1252581,1009923,17900,SC,34.013,-81.1517,4073.9231,0.9262,105.0,38.7993,0.8214,0,0,0.1988,False,False
13368154,1038701,31080,CA,34.2793,-118.418,1956.6154,10.7165,122.5,15.9724,0.4875,2,0,0.1988,False,False
6294554,1032148,29780,NM,35.6057,-105.2216,3131.0,9.4343,105.0,29.819,1.0,0,0,0.1988,False,False
12196133,1043856,20700,PA,40.9921,-75.1857,4962.0769,3.5542,112.0,44.3043,1.0,2,3,0.1987,False,False
5070183,1023543,16980,IL,42.2917,-88.4211,1898.3077,-1.2366,112.0,16.9492,0.3683,0,0,0.1987,False,False
5715189,1028378,11700,NC,35.5615,-82.6335,2839.3077,4.0274,114.5,24.7974,0.6667,1,1,0.1987,False,False
6294768,1033788,33700,CA,37.6869,-120.9584,1607.5385,7.6717,126.0,12.7582,0.1538,2,0,0.1986,False,True
1259469,7375,40140,CA,34.0858,-117.6695,1156.3077,3.5333,122.5,9.4392,0.0568,1,1,0.1986,False,True
11884309,1039696,29180,LA,30.2327,-92.3844,2494.7692,-3.0173,112.0,22.2747,0.2857,0,0,0.1984,False,False
5070558,1021402,29540,PA,40.0428,-76.3643,2095.0,9.5932,112.0,18.7054,0.3636,0,1,0.1984,False,False
1248635,7564,34940,FL,26.2443,-81.7722,1821.6154,-3.2125,112.0,16.2644,0.3636,0,0,0.1983,False,False
1251881,1007303,35840,FL,27.0365,-82.2132,3971.6154,2.8281,105.0,37.8249,0.8519,0,0,0.1983,False,False
1248425,7935,17980,GA,32.5449,-84.9535,3133.0,-0.1544,112.0,27.9732,0.1667,0,1,0.1983,False,False
1259951,1011448,36740,FL,28.602,-81.3194,2325.8462,-2.1457,112.0,20.7665,0.2418,0,1,0.1983,False,False
1251977,1007744,10420,OH,41.1488,-81.508,3322.4615,8.8755,115.5,28.7659,0.625,1,0,0.1982,False,False
11884289,1040904,27260,FL,30.1037,-81.5414,3825.4615,-3.762,105.0,36.433,0.7447,0,1,0.1982,False,False
7281977,1039627,47260,VA,36.8241,-76.3378,2783.4615,2.7312,114.5,24.3097,0.6667,1,1,0.198,False,False
7281882,1030438,41740,CA,32.8971,-117.193,2651.8462,16.423,110.0,24.1077,0.6358,0,0,0.1979,False,False
13368392,1040722,41180,IL,38.5845,-89.91,9926.8462,5.9977,104.0,95.4504,1.0,1,0,0.1979,False,False
5070344,1015354,31140,IN,38.3288,-85.7606,3599.4615,0.6041,114.5,31.4363,0.6333,1,0,0.1978,False,False
1255444,14083,41860,CA,38.0135,-121.8681,3610.2308,2.8511,118.0,30.5952,0.985,3,0,0.1978,False,False
12195958,1038476,45220,FL,30.4624,-84.2233,3550.6923,2.9003,105.0,33.8161,0.8333,0,1,0.1977,False,False
5069985,1021030,37340,FL,28.139,-80.5858,2838.4615,-1.1863,112.0,25.3434,0.2667,0,0,0.1976,False,False
2547874,1015134,17820,CO,38.9915,-104.8081,2093.2308,2.0246,108.5,19.2924,0.6129,0,2,0.1975,False,False
5715598,1029950,28140,MO,38.9284,-94.414,3743.6923,6.2968,115.5,32.4129,0.5636,1,0,0.1975,False,False
5428959,1019758,40140,CA,34.4264,-117.3869,2369.1538,1.4059,123.5,19.1834,0.2664,2,0,0.1975,False,False
5071129,1023272,37980,MD,39.6008,-75.8285,1353.2308,8.2651,114.5,11.8186,0.2044,0,1,0.1975,False,True
7282166,1040291,47900,MD,39.442,-77.4366,2273.2308,2.6468,107.0,21.2451,0.794,0,1,0.1975,False,False
5071356,1019176,41740,CA,32.813,-117.1531,2956.6154,8.9394,122.0,24.2346,0.7225,3,0,0.1974,False,False
2547508,1013851,31080,CA,34.1064,-117.8897,2024.7692,2.48,121.5,16.6648,0.5258,2,0,0.1974,False,False
1251273,10312,31080,CA,34.0281,-117.7607,1986.7692,-4.764,124.0,16.0223,0.5075,3,0,0.1974,False,False
1249864,6477,28140,MO,38.933,-94.3794,3875.9231,1.3048,107.5,36.0551,0.6182,0,0,0.1974,False,False
2548363,1010451,19100,TX,33.1295,-97.041,4443.0,2.0189,112.0,39.6696,0.7986,1,0,0.1972,False,False
1254346,116486,46060,AZ,32.3366,-110.9793,2422.2308,0.1654,115.5,20.9717,0.5882,1,1,0.1971,False,False
1260829,8156,34180,WA,47.1424,-119.2778,1684.6154,-2.9771,119.5,14.0972,0.3333,1,0,0.1971,False,False
1249379,6837,38900,OR,45.573,-122.5579,2686.2308,16.6483,114.5,23.4605,0.8678,1,0,0.1971,False,False
1250641,90537,33100,FL,26.273,-80.2057,3507.0769,-4.1581,112.0,31.3132,0.7368,1,2,0.1971,False,False
6294260,1024976,26620,AL,34.6168,-86.5666,3615.6923,-13.3918,105.0,34.4352,0.7692,0,0,0.1971,False,False
5428763,1014136,46140,OK,36.1364,-95.922,2355.3846,-10.877,119.0,19.7931,0.16,1,1,0.197,False,False
1260210,13776,26900,IN,39.7741,-85.9963,2315.0,-1.4151,112.0,20.6696,0.3293,0,0,0.1969,False,False
11883898,1034468,22660,CO,40.4363,-104.9843,3647.5385,6.531,105.0,34.7385,0.9286,0,0,0.1969,False,False
13368249,1053052,40420,IL,42.348,-89.051,1925.5385,8.7733,115.0,16.7438,0.0909,0,1,0.1968,False,False
1249256,6872,41700,TX,29.6122,-98.4929,3609.6154,-0.5974,114.5,31.525,0.5584,1,1,0.1967,False,False
5071068,1023023,37980,PA,40.1936,-75.5262,2498.6154,-0.6788,107.5,23.2429,0.6934,0,1,0.1967,False,False
1249357,17404,26900,IN,39.8581,-86.3919,4412.8462,-2.682,114.5,38.5401,0.8537,2,1,0.1966,False,False
1259986,16775,40900,CA,38.7133,-120.8389,2856.3077,3.2133,118.0,24.206,0.7941,2,0,0.1966,False,False
1252624,1010053,33100,FL,25.7325,-80.382,2182.1538,-4.5459,112.0,19.4835,0.3216,0,0,0.1966,False,False
1260761,14619,10740,NM,35.1516,-106.5863,1889.7692,-2.0025,118.0,16.015,0.4634,1,0,0.1964,False,False
5070536,1021171,35620,NY,40.9718,-73.8824,999.3077,-4.1396,114.5,8.7276,0.1577,0,1,0.1964,False,True
1249946,10505,41180,IL,38.7888,-89.9519,5019.5385,-0.1836,111.0,45.2211,0.8261,1,0,0.1964,False,False
2545042,10414,30860,UT,41.7618,-111.8338,2035.7692,15.1153,112.0,18.1765,0.5,0,0,0.1964,False,False
2547861,1015107,31080,CA,34.1074,-117.7403,2912.0769,-0.1266,113.5,25.6571,0.8153,1,0,0.1962,False,False
12196110,1038516,47260,VA,37.2906,-76.5086,3632.3077,3.514,112.0,32.4313,0.9048,1,0,0.1962,False,False
1248795,7886,49700,CA,39.1004,-121.6164,1294.7692,2.7156,115.5,11.2101,0.1429,0,0,0.1961,False,True
1260145,8817,40900,CA,38.5626,-121.7689,2825.2308,5.3465,107.5,26.2812,0.7794,0,0,0.1961,False,False
1248785,6907,20500,NC,35.8793,-78.8473,2274.5385,2.0465,107.5,21.1585,0.8182,0,0,0.196,False,False
11884335,1042835,36740,FL,28.3938,-81.2437,3842.6154,-11.2733,112.0,34.3091,0.6923,1,1,0.1959,False,False
1251370,92592,12420,TX,30.34,-97.97,3120.0769,1.2153,115.5,27.0137,0.6,1,0,0.1959,False,False
5715355,1028469,27260,FL,30.1177,-81.625,3937.0,-2.4213,105.0,37.4952,0.8298,0,0,0.1958,False,False
1254549,12350,41740,CA,32.8791,-117.1647,2429.9231,2.3225,110.0,22.0902,0.5607,0,0,0.1958,False,False
5071706,1026345,19100,TX,33.1165,-96.6545,9044.9231,0.4305,112.0,80.7582,0.9965,3,0,0.1958,False,False
2548518,1017802,16980,IL,41.5417,-87.8513,2865.7692,1.9149,107.5,26.6583,0.6774,0,1,0.1958,False,False
1249816,6661,10900,PA,40.5933,-75.5454,2774.4615,1.7921,107.5,25.8089,0.6875,0,1,0.1957,False,False
5070058,1027078,13820,AL,33.3321,-86.7892,4907.9231,-0.3592,105.0,46.7421,0.6667,0,1,0.1956,False,False
13284990,1040674,43580,IA,42.529,-96.3727,2264.8462,-2.7128,112.0,20.2218,0.3333,0,0,0.1956,False,False
7282158,1039918,49620,PA,39.9833,-76.8234,3357.6923,4.4183,111.0,30.2495,0.3,0,1,0.1955,False,False
5069872,1025481,32820,TN,35.1792,-89.8368,1703.9231,3.432,115.5,14.7526,0.0312,0,1,0.1954,False,False
1253100,1009952,33340,WI,42.9771,-88.108,2630.6923,-1.679,108.0,24.3583,0.6275,0,1,0.1953,False,False
1251265,1006336,21500,PA,42.0571,-80.089,4812.9231,-1.3076,112.0,42.9725,1.0,2,3,0.1951,False,False
1249391,10801,26420,TX,29.8287,-95.4304,1823.9231,15.1467,121.5,15.0117,0.1991,1,1,0.195,False,False
2547731,1014686,42660,WA,47.8815,-122.2383,1791.0,-1.9581,110.0,16.2818,0.6078,0,0,0.195,False,False
13641626,1028711,19100,TX,32.6244,-96.9076,1948.6923,6.1201,121.5,16.0386,0.184,1,0,0.1949,False,False
12196098,1044106,27260,FL,30.0808,-81.4783,4011.2308,0.4798,105.0,38.2022,0.8511,0,0,0.1949,False,False
7282314,1038599,12420,TX,30.5303,-97.8456,3881.0,0.2165,112.0,34.6518,0.7882,1,1,0.1949,False,False
5429099,1016829,31080,CA,34.199,-118.6056,2188.0,4.8549,126.0,17.3651,0.5923,4,0,0.1948,False,False
5429408,16536,42200,CA,34.4419,-119.8323,1073.9231,2.7678,115.5,9.298,0.1818,0,0,0.1947,False,True
13205409,1052682,36260,UT,40.8363,-111.912,2632.6154,6.8131,107.5,24.4894,0.8235,0,0,0.1946,False,False
5715414,1029179,37100,CA,34.2957,-118.8435,3205.0,1.9951,108.0,29.6759,0.6667,0,0,0.1946,False,False
6294568,1032077,36740,FL,28.2783,-81.3437,3716.4615,4.2711,107.0,34.7333,0.6484,0,1,0.1946,False,False
2544173,6792,42220,CA,38.5102,-122.7806,2529.4615,2.3946,107.5,23.5299,0.8,0,0,0.1946,False,False
11884343,1042870,31080,CA,33.7474,-117.8336,5506.1538,14.1499,119.5,46.0766,0.9867,4,0,0.1946,False,False
1252601,1009979,47900,VA,38.2991,-77.4838,3569.5385,14.4252,112.0,31.8709,0.9399,1,1,0.1945,False,False
7281946,1035852,12940,LA,30.2837,-90.9555,1626.3846,1.8449,115.5,14.0813,0.1053,0,0,0.1945,False,True
5071737,1025647,12940,LA,30.4214,-91.2183,2636.6154,5.8293,112.0,23.5412,0.3684,0,0,0.1943,False,False
1251001,1005716,38900,OR,45.5339,-122.5373,893.6154,-5.7674,115.5,7.7369,0.1405,0,0,0.1942,False,True
11884009,1039907,28140,MO,39.2456,-94.4741,7197.2308,4.6109,107.5,66.951,0.9818,1,0,0.1942,False,False
13368200,1034033,11700,NC,35.7049,-82.5679,4137.0,12.0928,112.0,36.9375,0.9333,1,0,0.1941,False,False
1250011,6813,12060,GA,34.1521,-84.1732,3842.3846,-0.5693,112.0,34.307,0.7908,1,1,0.1941,False,False
5715625,1027806,35380,LA,29.9023,-90.0656,3529.8462,-0.2933,115.5,30.5614,0.5556,1,0,0.1941,False,False
1259883,1010150,33100,FL,25.8347,-80.1844,2075.9231,-1.5037,112.0,18.535,0.3041,0,1,0.194,False,False
1251222,1005602,38060,AZ,33.4953,-112.0213,3319.6154,3.1577,121.5,27.3219,0.6262,3,1,0.194,False,False
11884171,1032912,19100,TX,33.1701,-96.8037,2754.9231,0.8845,111.0,24.8191,0.4201,0,0,0.194,False,False
13143421,1054911,33260,TX,32.0005,-102.114,1989.3077,14.2725,115.5,17.2234,0.1667,0,0,0.194,False,False
2546794,18032,16980,IL,42.0015,-88.1256,2106.7692,2.6229,111.0,18.9799,0.4382,0,1,0.194,False,False
1252021,1006874,31080,CA,34.0031,-118.4337,1211.7692,2.7526,114.5,10.5831,0.2013,0,1,0.1939,False,True
12195757,15565,38060,AZ,33.4932,-112.2874,4469.3846,-0.9377,115.5,38.696,0.8495,2,0,0.1939,False,False
1249800,18328,42940,TN,35.809,-83.5773,5967.3846,3.8556,112.0,53.2802,1.0,2,1,0.1939,False,False
2547403,1010036,41500,CA,36.6659,-121.8097,1434.5385,1.5188,125.0,11.4763,0.2593,2,0,0.1939,False,True
5715764,1027810,16300,IA,42.0328,-91.5829,7408.1538,0.4915,107.5,68.9131,0.8571,1,1,0.1938,False,False
1252179,1006904,11460,MI,42.286,-83.8393,3498.8462,-4.6976,105.0,33.3223,0.875,0,0,0.1938,False,False
2544820,9502,40140,CA,34.0494,-117.4348,747.4615,4.5626,128.5,5.8168,0.0218,2,0,0.1937,False,True
6294626,1030941,12940,LA,30.5385,-91.0279,1899.9231,5.2813,114.5,16.5932,0.2105,0,0,0.1936,False,False
1252471,11861,19820,MI,42.433,-83.434,4300.2308,0.7116,112.0,38.3949,0.8272,1,0,0.1936,False,False
2545579,12788,12060,GA,33.856,-84.5821,3026.6923,-2.9092,107.5,28.1553,0.7059,0,0,0.1935,False,False
1258930,15163,37980,DE,39.8018,-75.5048,1681.2308,-0.292,112.0,15.011,0.365,0,1,0.1935,False,False
6294981,1033375,27260,FL,29.965,-81.4886,3919.9231,1.5929,105.0,37.3326,0.8085,0,1,0.1935,False,False
1248533,14507,33340,WI,42.8721,-87.9429,2878.2308,1.1708,107.5,26.7742,0.6863,0,1,0.1933,False,False
6294675,1033218,40900,CA,38.7426,-121.1712,2593.6154,2.4646,108.5,23.9043,0.6985,0,0,0.1933,False,False
5070214,1018688,41180,MO,38.7364,-90.3984,2040.4615,-7.8574,112.0,18.2184,0.3333,0,0,0.1932,False,False
5071140,1017283,15700,MD,38.5613,-76.0639,1796.0,-6.4096,105.0,17.1048,1.0,0,1,0.193,False,False
13641652,16535,31080,CA,33.726,-117.9887,2676.3846,18.4967,125.0,21.4111,0.7671,4,0,0.193,False,False
1253671,11225,42660,WA,47.3044,-122.5798,4121.4615,1.2109,115.0,35.8388,0.9755,2,0,0.193,False,False
2547623,1014360,38060,AZ,33.3784,-111.8592,3523.9231,16.8857,119.0,29.6128,0.6845,2,1,0.193,False,False
6294204,1030845,41740,CA,32.8062,-116.9361,3086.3846,10.2129,121.5,25.4023,0.7861,3,0,0.193,False,False
12195998,1042164,47380,TX,31.5047,-97.2019,4545.5385,6.359,113.5,40.0488,0.7143,1,0,0.1929,False,False
6294707,1029196,39460,FL,26.9341,-82.3116,3895.6154,-0.364,105.0,37.1011,0.8,0,1,0.1928,False,False
1259493,13429,38060,AZ,33.4422,-111.9555,930.3077,-1.4505,117.0,7.9513,0.0388,0,0,0.1927,False,True
1249440,7874,28940,TN,35.9259,-84.0423,3570.7692,3.3232,122.5,29.1491,0.2273,2,1,0.1926,False,False
1254559,8721,41860,CA,37.6869,-122.1297,1691.2308,3.1529,120.5,14.0351,0.705,2,0,0.1926,False,True
2547823,1014996,14580,MT,45.6789,-111.0527,3956.0769,9.8887,115.5,34.2517,1.0,2,0,0.1926,False,False
5430021,1026196,31340,VA,37.3449,-79.2338,3979.1538,1.0687,112.0,35.5282,0.8,1,1,0.1925,False,False
2544650,8781,12060,GA,33.9494,-84.3357,3941.6154,0.5593,105.0,37.5392,0.8039,0,1,0.1925,False,False
7282105,1040074,17460,OH,41.4529,-81.8007,1891.1538,2.5828,112.0,16.8853,0.3704,0,1,0.1924,False,False
2547929,1015391,41700,TX,29.4416,-98.6662,4249.0769,1.5087,115.5,36.7885,0.8312,2,1,0.1924,False,False
2545378,11857,33100,FL,26.3689,-80.167,2383.0769,-0.4499,111.0,21.4692,0.3918,0,1,0.1923,False,False
2546191,15403,33100,FL,26.2287,-80.1031,2186.4615,6.6727,112.0,19.522,0.3275,0,2,0.1923,False,False
1249947,6987,43340,LA,32.3978,-93.7604,4733.2308,-4.0437,105.0,45.0784,0.75,0,0,0.1922,False,False
5070339,1021012,24340,MI,43.0184,-85.7238,1914.9231,12.0342,114.5,16.7242,0.2727,0,0,0.1922,False,False
13368126,1044504,27260,FL,29.8415,-81.3651,4320.1538,14.0229,105.0,41.1443,0.8723,0,1,0.1922,False,False
12196025,1038518,47260,VA,36.8167,-76.4493,1389.1538,0.9503,115.5,12.0273,0.1429,0,0,0.1921,False,True
13205529,1040647,36740,FL,28.5241,-81.1931,2742.9231,4.7686,112.0,24.4904,0.3626,0,0,0.1921,False,False
1251932,1006448,33460,MN,44.925,-92.9607,3277.8462,0.8592,112.0,29.2665,0.8778,1,1,0.1921,False,False
2545010,10261,26380,LA,29.8116,-90.8154,5287.3077,-6.8025,105.0,50.3553,0.6667,0,0,0.1921,False,False
1251366,1005610,35620,NJ,40.7466,-74.4309,3275.1538,-1.2661,105.0,31.1919,0.8691,0,1,0.1921,False,False
1255412,15594,31080,CA,33.8184,-117.96,1895.7692,4.1191,112.0,16.9265,0.4559,0,0,0.1921,False,False
1259960,14404,24860,SC,34.8493,-82.3386,5926.0,-2.8365,108.5,54.6175,0.9722,1,0,0.192,False,False
5071795,1024658,19100,TX,32.949,-96.4627,5563.6923,1.419,114.0,48.8043,0.9201,2,0,0.192,False,False
1252994,16463,16980,IL,42.1602,-88.2731,3095.4615,2.9129,107.5,28.795,0.7554,0,0,0.192,False,False
2546320,16029,31080,CA,33.6491,-117.8308,3646.9231,5.1663,122.5,29.7708,0.9168,5,1,0.192,False,False
5715425,1028913,38900,OR,45.5435,-122.3898,1851.3846,12.8046,111.0,16.6791,0.6364,0,0,0.192,False,False
6294212,1030660,20700,PA,41.1238,-75.3722,787.6154,5.372,112.0,7.0323,0.5,0,2,0.1919,False,True
1258291,7332,22380,AZ,35.1874,-111.6619,3617.0,-3.0055,122.0,29.6475,0.5,3,1,0.1919,False,False
1259843,12471,33100,FL,26.4618,-80.0708,992.0,-15.9705,115.0,8.6261,0.1053,0,0,0.1919,False,True
11884106,1040396,41180,MO,38.7808,-90.5084,3577.4615,3.7755,119.0,30.0627,0.5797,2,1,0.1919,False,False
1253221,1013589,24340,MI,42.8113,-85.673,4648.1538,8.3427,112.0,41.5014,0.8636,1,0,0.1918,False,False
1257006,13517,47900,VA,38.9198,-77.1503,1381.2308,3.2785,112.0,12.3324,0.515,0,0,0.1917,False,True
1250078,6598,12580,MD,39.1996,-76.6832,2672.8462,3.8092,107.5,24.8637,0.7424,0,1,0.1917,False,False
1251157,1005772,47260,VA,36.842,-76.0487,1636.3846,17.0196,115.5,14.1678,0.1746,0,1,0.1917,False,False
1249789,6798,24780,NC,35.6056,-77.374,3038.8462,14.587,119.0,25.5365,0.4,1,0,0.1917,False,False
2546181,15355,33100,FL,26.1698,-80.2568,2067.3846,3.0601,112.0,18.4588,0.2865,0,3,0.1917,False,False
5070143,1026192,16980,IL,41.9284,-87.8355,1475.8462,12.8655,114.5,12.8895,0.2231,0,2,0.1917,False,True
7281985,1039383,16820,VA,38.0964,-78.4641,2314.0,1.9521,108.5,21.3272,0.6667,0,1,0.1917,False,False
1251103,1005220,10900,NJ,40.8213,-74.8369,2253.4615,0.0683,112.0,20.1202,0.3125,0,1,0.1916,False,False
1251218,1005703,16980,IL,41.6558,-88.4417,4074.1538,1.6193,104.0,39.1746,0.9059,0,1,0.1915,False,False
1254983,1013706,35380,LA,30.2844,-89.7795,3830.1538,1.6765,107.5,35.6293,0.6667,0,0,0.1913,False,False
5715528,1029584,38060,AZ,33.3482,-111.7551,4406.6923,2.2927,119.0,37.031,0.8398,3,0,0.1913,False,False
1259080,15314,35620,NY,40.6303,-74.1061,1570.1538,7.1159,112.0,14.0192,0.3596,0,4,0.1913,False,True
5070102,1018679,45300,FL,28.191,-82.3952,4721.2308,19.1605,112.0,42.1538,0.8764,1,1,0.1912,False,False
7282234,1040317,12260,GA,33.4757,-81.9893,2924.8462,2.0149,111.0,26.35,0.3571,0,1,0.1912,False,False
6294833,1033845,26620,AL,34.9443,-86.5722,1491.9231,-9.7949,114.5,13.0299,0.1538,0,0,0.1911,False,True
13368130,1052719,45060,NY,43.0519,-76.1845,2040.5385,7.943,112.0,18.2191,0.3636,0,2,0.191,False,False
5070578,1018184,49620,PA,39.824,-76.9976,4580.8462,-0.0906,113.5,40.3599,0.6,1,1,0.1909,False,False
5070422,1021099,13420,MN,47.4948,-94.9059,5616.6923,-4.423,108.5,51.7667,1.0,1,0,0.1909,False,False
2545012,10268,16180,NV,39.1898,-119.7582,3382.9231,7.5704,112.0,30.2047,1.0,1,0,0.1909,False,False
6294278,1030278,31080,CA,34.1863,-118.5355,2337.0,2.1897,122.5,19.0776,0.6389,3,1,0.1909,False,False
2547540,1014064,33460,MN,45.0648,-93.2486,1719.3846,-5.3603,119.0,14.4486,0.3889,1,0,0.1908,False,False
1252318,1005573,19820,MI,42.7079,-83.3077,4365.6923,2.2631,112.0,38.9794,0.8519,1,0,0.1907,False,False
12196066,1043122,39940,ID,43.804,-111.8112,3823.5385,12.7427,105.0,36.4147,1.0,0,0,0.1907,False,False
1252930,1010207,19820,MI,42.5,-83.3592,2255.5385,3.7139,112.0,20.1387,0.4198,0,0,0.1906,False,False
13368161,1051937,26900,IN,39.7272,-85.9132,3526.7692,-1.1001,107.5,32.8072,0.6829,0,0,0.1906,False,False
1255345,16524,19100,TX,32.8963,-96.8036,3159.2308,-7.7037,115.5,27.3526,0.559,1,0,0.1905,False,False
1254935,15508,12420,TX,30.3369,-97.7569,2001.8462,-4.6356,119.0,16.8222,0.3647,1,0,0.1905,False,False
6294261,1030443,36740,FL,28.3318,-81.5877,2555.7692,0.1356,112.0,22.8194,0.2857,0,1,0.1905,False,False
5715768,1027829,45300,FL,27.9808,-82.3409,3517.2308,2.5455,114.5,30.7182,0.7079,1,0,0.1903,False,False
1259733,17081,12940,LA,30.3795,-91.0969,3523.6154,5.364,107.0,32.931,0.7895,0,0,0.1903,False,False
1249370,6346,14700,MO,36.6444,-93.2155,5590.0769,-4.2391,101.5,55.0746,1.0,0,0,0.1902,False,False
1254403,15939,41860,CA,37.5679,-122.0253,1082.2308,10.0947,114.5,9.4518,0.375,0,0,0.1901,False,True
11884139,1039814,30140,PA,40.3395,-76.4513,1466.5385,10.2342,112.0,13.0941,0.5,0,1,0.1901,False,True
1253604,13051,38900,WA,45.7814,-122.5487,2349.7692,1.1825,121.5,19.3397,0.8099,3,0,0.1901,False,False
6294757,1033470,10900,PA,40.5673,-75.3394,2759.6923,1.825,108.5,25.435,0.625,0,1,0.1899,False,False
1260068,8140,12580,MD,38.9422,-76.5611,2253.6154,-0.347,115.5,19.5118,0.6515,1,1,0.1899,False,False
7282124,1040298,12060,GA,33.5573,-83.4759,4682.8462,4.1487,111.0,42.1878,0.8693,1,1,0.1899,False,False
1258909,15286,35620,NJ,40.3085,-74.3036,3270.5385,2.3766,112.0,29.2012,0.8644,1,2,0.1898,False,False
5070622,1021352,38300,PA,40.4503,-80.1735,4324.6154,-5.492,118.0,36.6493,0.8254,3,1,0.1898,False,False
7281771,87276,31080,CA,33.7861,-118.0295,2155.4615,41.2064,120.5,17.8876,0.584,1,0,0.1898,False,False
13641618,1039580,13180,WI,43.4858,-88.8094,4241.0769,17.7926,105.0,40.3912,1.0,0,0,0.1897,False,False
12196076,1040449,27300,IL,39.7236,-90.2463,2272.3846,-1.8441,105.0,21.6418,1.0,0,1,0.1897,False,False
1254437,1009965,38060,AZ,33.6377,-112.2326,4195.8462,-4.6715,119.0,35.2592,0.8155,3,0,0.1896,False,False
2547794,1014904,30860,UT,41.7186,-111.835,3119.9231,2.9207,112.0,27.8565,1.0,1,0,0.1896,False,False
1258099,18603,35620,NY,40.7571,-73.6193,3395.0,10.5642,112.0,30.3125,0.8896,1,3,0.1895,False,False
1252669,1010334,38940,FL,27.1713,-80.2946,2448.4615,22.3055,114.5,21.3839,0.2,0,2,0.1895,False,False
1248627,10429,41860,CA,37.7029,-122.126,1159.8462,17.7509,128.5,9.026,0.385,3,0,0.1894,False,True
1259242,16941,35620,NY,41.6983,-73.8802,3526.8462,9.2293,105.0,33.589,0.9022,0,2,0.1893,False,False
2546208,15519,12420,TX,30.2079,-97.8154,2134.0,4.1953,112.0,19.0536,0.4471,0,0,0.1893,False,False
1255255,14731,39900,NV,39.541,-119.7161,2805.1538,-12.633,122.0,22.9931,0.75,4,1,0.1892,False,False
1249035,17164,33340,WI,43.1372,-88.2426,4261.7692,4.2448,104.0,40.9786,0.9216,0,1,0.1892,False,False
2548395,1017161,31080,CA,34.1076,-118.0313,2008.1538,0.7448,118.0,17.0183,0.5208,1,0,0.1891,False,False
2546498,16800,41860,CA,37.9268,-121.691,2206.9231,1.8459,114.5,19.2744,0.855,1,0,0.1891,False,False
12195866,16217,35620,NJ,40.8495,-74.2945,3302.4615,-1.3987,112.0,29.4863,0.877,1,1,0.1891,False,False
7282133,1038222,43780,IN,41.6808,-86.1884,4071.2308,-0.515,105.0,38.7736,0.875,0,0,0.1891,False,False
11884416,1043777,26620,AL,34.7398,-86.6665,3881.8462,-6.2129,112.0,34.6593,0.8462,1,0,0.1891,False,False
7282125,1040096,34580,WA,48.5011,-122.259,2593.3077,5.7862,107.5,24.1238,0.8571,0,0,0.189,False,False
5070122,1024870,15980,FL,26.4472,-81.818,2243.8462,-8.4029,112.0,20.0343,0.3333,0,0,0.189,False,False
5070446,1006905,33340,WI,43.4265,-88.2016,3384.8462,4.2453,106.5,31.7826,0.7843,0,1,0.189,False,False
2545588,12825,31080,CA,33.9459,-118.3311,2406.7692,10.5739,123.5,19.488,0.6805,3,0,0.189,False,False
2546433,16494,47900,VA,38.9157,-77.5116,1281.6923,-5.0923,112.5,11.3928,0.4421,0,0,0.189,False,True
5070629,1023896,27780,PA,40.4707,-78.7538,3642.9231,8.7215,105.0,34.6945,1.0,0,0,0.189,False,False
1250255,10989,12420,TX,30.6322,-97.693,3789.1538,9.0935,114.5,33.093,0.7412,1,0,0.1889,False,False
5070570,1027061,30140,PA,40.3172,-76.4238,2233.6154,-1.228,112.0,19.943,1.0,1,1,0.1889,False,False
11884058,1038039,44540,CO,40.6257,-103.2103,3111.9231,1.0466,105.0,29.6374,1.0,0,0,0.1889,False,False
5070082,1024217,34980,TN,35.9258,-86.8159,5304.0,8.1804,113.5,46.7313,0.9608,2,2,0.1888,False,False
2546370,16230,17780,TX,30.6134,-96.3161,3385.3077,2.5923,119.0,28.448,0.2857,1,0,0.1888,False,False
5430157,1027447,16540,PA,39.9109,-77.6501,3138.6923,-1.3229,107.5,29.1971,0.6667,0,1,0.1887,False,False
1251289,1005876,47900,MD,39.1152,-77.2069,1361.6923,-3.5891,118.0,11.5398,0.4936,1,1,0.1887,False,True
1260547,8284,28500,TX,30.062,-99.1713,2082.9231,-3.2756,111.0,18.7651,0.5,0,0,0.1887,False,False
6294889,1037780,28140,MO,38.6661,-94.3665,2345.0,-2.7033,114.5,20.4803,0.1273,0,0,0.1887,False,False
1248415,14572,19100,TX,32.5216,-97.3466,3431.0769,1.3451,119.0,28.8326,0.5972,2,1,0.1886,False,False
11884291,1039867,48580,WI,42.6955,-88.5427,4070.8462,1.9299,104.0,39.1428,1.0,0,0,0.1886,False,False
2544907,9852,36740,FL,28.6256,-81.3167,1959.0,-20.8214,112.0,17.4911,0.1978,0,1,0.1886,False,False
1260299,16172,35380,LA,30.3087,-89.8263,3738.5385,-6.434,107.5,34.7771,0.6296,0,0,0.1885,False,False
5071093,1022618,47260,VA,36.7696,-76.5858,771.3846,0.1798,117.0,6.593,0.0317,0,1,0.1885,False,True
5071942,1025090,31080,CA,34.0255,-118.4312,1677.0769,3.8042,128.5,13.0512,0.3644,4,1,0.1885,False,True
11884462,1044490,31540,WI,43.1864,-89.2651,6656.6154,7.2277,108.5,61.3513,1.0,1,0,0.1885,False,False
1249332,12570,40140,CA,34.1023,-117.2968,3569.4615,2.9279,119.0,29.9955,0.6681,2,0,0.1885,False,False
1260177,9645,41540,MD,38.4054,-75.5687,1946.1538,-3.6301,111.0,17.5329,0.4444,0,1,0.1883,False,False
5070997,1019884,12060,GA,33.5683,-85.0773,4821.3077,0.8123,114.5,42.1075,0.8954,2,1,0.1883,False,False
1249883,6862,14260,ID,43.6021,-116.5988,3051.0769,-3.7468,112.0,27.2418,0.963,1,0,0.1882,False,False
1250114,6329,41180,IL,38.5733,-89.9307,4680.7692,-2.4824,112.0,41.7926,0.7971,1,0,0.1882,False,False
1249203,10030,46020,CA,39.042,-121.0936,3295.3077,2.9759,105.0,31.3839,1.0,0,0,0.188,False,False
2546048,14765,19740,CO,39.4718,-104.8766,4569.2308,-24.3996,101.5,45.0171,0.9695,0,0,0.1879,False,False
2548138,8375,26900,IN,39.5054,-86.0689,4408.9231,-0.8082,112.0,39.3654,0.8415,1,0,0.1879,False,False
1251897,17406,43340,LA,32.5593,-93.7114,6589.6923,-1.9649,112.0,58.8365,1.0,2,0,0.1879,False,False
1248674,7983,26420,TX,29.8914,-95.5849,1891.3077,2.9262,114.5,16.518,0.2308,0,0,0.1879,False,False
1254152,1005578,19740,CO,39.6917,-104.8653,2081.9231,18.131,122.0,17.0649,0.5878,2,1,0.1878,False,False
5071848,1026191,39900,NV,39.5404,-119.7343,3664.8462,3.4818,118.5,30.927,0.9286,3,1,0.1878,False,False
2544141,6644,38060,AZ,33.3199,-111.8915,3097.9231,7.956,117.0,26.478,0.5728,1,0,0.1877,False,False
2547392,1009855,41700,TX,29.5001,-98.6252,2848.6154,9.6887,112.0,25.4341,0.3506,0,1,0.1875,False,False
5429412,1023093,31080,CA,33.8072,-118.3577,2422.3846,1.5446,116.0,20.8826,0.6872,1,0,0.1874,False,False
1252420,1009519,19820,MI,42.2237,-83.4843,3332.8462,3.3244,107.5,31.0032,0.6914,0,1,0.1874,False,False
1253063,1013160,29820,NV,36.1937,-115.1613,2397.3077,3.3665,111.5,21.5005,0.4742,0,0,0.1874,False,False
11884109,1040073,24860,SC,34.8234,-82.5813,4315.0769,-5.009,112.0,38.5275,0.75,1,1,0.1873,False,False
11884659,1039544,20500,NC,35.9101,-78.9841,1938.6923,11.7352,112.0,17.3098,0.5455,0,0,0.1872,False,False
2547763,12034,14740,WA,47.5192,-122.6272,2698.0,0.3577,121.5,22.2058,0.7857,3,0,0.1872,False,False
1251186,1005348,37980,NJ,39.7361,-75.0069,4247.2308,1.5337,114.5,37.0937,0.9708,2,1,0.1868,False,False
5070947,1023842,42340,GA,32.2767,-81.2302,7466.3846,-2.3374,107.5,69.4547,0.875,1,1,0.1868,False,False
6294428,1031550,30660,IL,40.1582,-89.4163,2741.7692,2.7353,105.0,26.1121,1.0,0,1,0.1868,False,False
1250502,69867,41180,MO,38.4447,-90.3746,4592.5385,-1.3712,105.0,43.7385,0.7536,0,1,0.1867,False,False
2547908,1015346,23420,CA,36.8378,-119.7534,1650.8462,1.2455,115.5,14.293,0.15,0,0,0.1867,False,False
1254650,12487,42220,CA,38.435,-122.6886,2468.1538,5.3036,115.5,21.3693,0.7667,1,0,0.1866,False,False
13205408,1040145,41620,UT,40.4842,-111.9063,3842.3077,5.6003,105.0,36.5934,0.9688,0,0,0.1865,False,False
5070263,1023215,16060,IL,37.7426,-88.9701,5642.5385,1.2548,112.0,50.3798,0.6667,1,1,0.1864,False,False
2544476,8099,16300,IA,42.0266,-91.6215,2934.7692,1.9916,112.0,26.2033,0.2857,0,1,0.1864,False,False
11884001,1039741,28140,KS,39.1169,-94.7579,4141.1538,7.0385,107.5,38.5224,0.7091,0,0,0.1863,False,False
1252414,1009512,28940,TN,35.8196,-84.2675,5077.0769,-0.2011,115.5,43.9574,0.7727,2,1,0.1863,False,False
2544107,6522,46300,ID,42.5707,-114.4609,3601.8462,5.8839,105.0,34.3033,1.0,0,0,0.1863,False,False
6294487,1031345,37980,PA,40.2458,-75.3409,2845.8462,-0.4815,107.5,26.473,0.7956,0,0,0.1863,False,False
1251478,1008739,31080,CA,34.2348,-118.5358,1190.1538,0.3437,128.5,9.2619,0.1897,3,1,0.1862,False,True
5070722,1025997,45940,NJ,40.2062,-74.6943,1462.0769,0.0579,112.0,13.0543,0.4444,0,1,0.1862,False,True
1250010,7661,41860,CA,38.0019,-121.8402,2260.7692,-1.293,113.5,19.9187,0.875,1,1,0.1862,False,False
1249167,7801,12020,GA,33.94,-83.4645,3229.0769,2.8797,112.0,28.831,0.3333,0,0,0.1861,False,False
7282228,1040372,47300,CA,36.3416,-119.2512,1879.8462,0.2461,114.5,16.4179,0.2222,0,0,0.1861,False,False
2548146,1016015,42660,WA,48.0522,-122.1672,2312.6154,5.4137,115.5,20.0226,0.7892,1,0,0.186,False,False
13205526,1054898,41180,MO,38.5915,-90.5899,4942.0769,9.9932,105.0,47.0674,0.8116,0,1,0.186,False,False
6294319,1030207,41700,TX,29.1492,-98.1602,4738.0769,1.3809,104.5,45.3404,0.8701,0,0,0.1859,False,False
5071139,1024552,12580,MD,38.9762,-76.3128,2527.6923,-3.2647,114.5,22.0759,0.7273,1,1,0.1859,False,False
1258573,10578,38060,AZ,33.7077,-112.2733,3105.3077,-7.6203,119.0,26.095,0.5777,2,1,0.1858,False,False
1249050,17886,14010,IL,40.4602,-88.9715,3618.4615,2.9074,107.5,33.6601,0.6667,0,1,0.1858,False,False
6294529,1031762,42460,AL,34.6491,-86.0298,757.0769,-9.022,107.5,7.0426,1.0,0,0,0.1856,False,True
1254319,11755,39900,NV,39.5554,-119.7529,1935.0,0.3591,112.5,17.2,0.4286,0,0,0.1855,False,False
1249377,18108,40380,NY,43.2099,-77.4604,4037.6923,0.082,112.0,36.0508,0.8333,1,1,0.1855,False,False
5071365,1019825,40140,CA,34.4629,-117.353,2529.7692,1.4655,119.0,21.2586,0.3188,1,1,0.1854,False,False
5070458,1024428,26980,IA,41.6471,-91.541,4315.7692,4.8221,114.5,37.6923,1.0,2,1,0.1854,False,False
13205507,1034170,35620,NY,41.0977,-73.9985,3530.7692,2.0408,112.0,31.5247,0.9054,1,1,0.1853,False,False
6294486,1031733,37980,DE,39.6652,-75.6067,1881.0,10.2281,112.0,16.7946,0.4818,0,1,0.1853,False,False
1254773,15977,40140,CA,33.7477,-116.9962,2639.0,7.6332,119.0,22.1765,0.3581,1,1,0.1853,False,False
5070554,1018061,35620,NY,40.8675,-73.8303,2913.9231,-6.0654,112.0,26.0172,0.795,1,5,0.1853,False,False
1249018,17801,37980,DE,39.4502,-75.6992,1715.9231,-2.158,112.0,15.3207,0.4015,0,1,0.1853,False,False
12195893,8360,19100,TX,33.0173,-96.7333,4781.6154,1.6899,112.0,42.693,0.8403,1,0,0.1852,False,False
2544268,7241,41700,TX,29.5668,-98.4853,3743.7692,6.6414,115.5,32.4136,0.6494,1,0,0.1852,False,False
1251526,11601,35620,NJ,40.8131,-73.9847,1334.4615,-10.8072,122.5,10.8936,0.2618,2,7,0.1852,False,True
5070489,1018115,35620,NY,40.6449,-73.7036,1633.9231,0.3354,112.0,14.5886,0.3912,0,2,0.1851,False,False
2548173,1016082,34220,GA,31.1912,-83.7638,2038.0769,-18.2152,105.0,19.4103,1.0,0,0,0.1849,False,False
1249107,10159,49780,OH,39.993,-82.0314,1018.6154,-1.605,112.0,9.0948,0.5,0,1,0.1848,False,True
2548239,1016344,41620,UT,40.5593,-111.8943,2747.8462,4.2978,114.5,23.9987,0.8438,1,0,0.1847,False,False
5715240,1029057,15380,NY,42.9888,-78.6974,2835.3846,8.4181,115.5,24.5488,0.7647,1,0,0.1847,False,False
1260513,7374,40140,CA,34.427,-117.3763,2014.0,3.0787,126.0,15.9841,0.1659,2,0,0.1846,False,False
1255507,12654,40900,CA,38.9548,-119.9446,2088.0,-4.0543,122.5,17.0449,0.4485,2,0,0.1846,False,False
1255484,13402,13820,AL,33.3724,-86.8116,3066.6154,1.6938,113.0,27.1382,0.25,0,0,0.1845,False,False
5069970,1023206,33100,FL,26.0488,-80.1568,2069.8462,0.6207,112.0,18.4808,0.2924,0,4,0.1845,False,False
1249609,6653,16740,NC,35.4194,-80.6751,4276.5385,2.3679,119.0,35.9373,0.8289,3,1,0.1844,False,False
1255737,11601,35620,NJ,40.8131,-73.9847,1448.5385,-5.5854,122.5,11.8248,0.2965,2,7,0.1843,False,True
1249476,17037,35380,LA,30.0041,-90.1055,2263.2308,-0.4332,114.5,19.7662,0.1852,0,0,0.1843,False,False
1255922,14417,26420,TX,29.5963,-95.6223,4284.3077,-8.4835,121.0,35.4075,0.8326,4,0,0.1843,False,False
1252838,1013009,35100,NC,35.1026,-77.0893,4225.6154,2.6459,114.5,36.9049,1.0,2,1,0.1842,False,False
5070291,1023209,19340,IL,41.4703,-90.5289,3253.9231,-0.8973,114.5,28.4185,0.75,1,0,0.1842,False,False
2548482,1017602,46220,AL,33.1976,-87.5245,4683.9231,-22.6142,115.5,40.5534,1.0,3,0,0.184,False,False
1250227,18711,33100,FL,25.9792,-80.3415,4206.0769,2.7453,112.0,37.5543,0.848,1,1,0.1839,False,False
5070390,1023217,33460,MN,44.9709,-93.4958,4028.4615,1.5887,105.0,38.3663,0.9333,0,0,0.1838,False,False
2548234,1016335,31080,CA,33.9015,-118.0822,1647.1538,2.386,127.5,12.9189,0.3461,3,0,0.1837,False,True
11884424,1043873,27660,LA,30.2458,-92.6603,1069.9231,-4.9022,107.5,9.9528,1.0,0,0,0.1837,False,True
6294958,1039352,16980,IL,41.6425,-88.0811,3001.3077,0.0359,107.5,27.9191,0.7285,0,1,0.1836,False,False
1260849,8132,36740,FL,28.468,-81.3092,3019.6923,2.3544,111.0,27.2044,0.4725,0,0,0.1836,False,False
5430166,1024658,19100,TX,32.949,-96.4627,5937.1538,2.0723,114.0,52.0803,0.9444,2,0,0.1836,False,False
1253212,17650,33460,MN,44.9174,-93.1882,6306.6923,2.6711,102.0,61.8303,0.9667,0,0,0.1836,False,False
11884004,1039344,29820,NV,36.0519,-114.9713,3175.7692,1.39,119.0,26.6871,0.732,2,0,0.1833,False,False
11884032,1039529,26420,TX,29.9884,-95.4966,2732.0769,10.5003,122.5,22.3027,0.5068,2,0,0.1833,False,False
1260521,8487,39580,NC,35.7988,-78.5608,1973.3846,-1.0186,112.0,17.6195,0.4651,0,0,0.1832,False,False
6294379,1031782,49700,CA,39.1413,-121.6252,3639.6923,12.2669,122.5,29.7118,0.8571,4,1,0.1832,False,False
5070926,6769,12060,GA,34.0866,-84.4788,4177.6923,-2.3676,105.0,39.7875,0.817,0,1,0.1832,False,False
1249539,6694,39820,CA,40.4319,-122.2874,2424.2308,2.2583,113.5,21.3589,0.3,0,0,0.1831,False,False
1255190,17685,31080,CA,34.1725,-118.4475,1423.3846,3.305,128.5,11.0769,0.2795,3,0,0.1831,False,True
1253143,12722,23060,IN,41.1381,-85.1626,3448.7692,4.6203,108.5,31.7859,0.6875,0,0,0.1831,False,False
2545157,10898,29020,IN,40.441,-86.1255,4845.3077,0.5218,115.5,41.9507,0.5,1,0,0.183,False,False
1248782,8572,19820,MI,42.3378,-83.401,4776.4615,13.2895,112.0,42.647,0.9506,1,0,0.183,False,False
13368357,1054100,47940,IA,42.7116,-92.4762,4604.3077,-7.4497,105.0,43.8505,0.8,0,0,0.183,False,False
2545077,10603,13820,AL,33.4037,-86.8068,3341.8462,-3.4191,112.0,29.8379,0.2917,0,0,0.183,False,False
1252763,1010366,16980,IL,41.5067,-87.7331,2077.0,4.7403,112.0,18.5446,0.4301,0,1,0.183,False,False
5071117,1019746,47260,VA,36.8684,-76.2919,1760.4615,8.9187,121.5,14.4894,0.2381,1,1,0.1829,False,False
5428935,1020406,10740,NM,35.1296,-106.7022,1546.7692,4.9369,115.5,13.3919,0.2195,0,0,0.1828,False,True
1248487,7130,19740,CO,39.9856,-104.8231,2905.0,5.1715,114.5,25.3712,0.8473,1,0,0.1827,False,False
2548159,1016044,34700,IA,41.4563,-91.0221,5275.6923,4.8557,109.5,48.1798,1.0,1,1,0.1826,False,False
11884536,1045299,44500,TX,32.2167,-98.2105,4916.9231,-2.5922,107.5,45.7388,0.5,0,1,0.1825,False,False
1260169,17090,40900,CA,38.4252,-121.4824,2708.5385,1.3383,108.5,24.9635,0.75,0,0,0.1824,False,False
5715324,1029402,28140,KS,39.2711,-94.9003,4007.1538,-2.6408,107.5,37.2758,0.6727,0,0,0.1824,False,False
6294592,1032529,33460,MN,44.8583,-93.1428,1673.3846,-29.7737,111.0,15.0755,0.3778,0,0,0.1824,False,False
6294700,1033076,12980,MI,42.2969,-85.2328,3663.2308,3.4159,105.0,34.8879,1.0,0,0,0.1823,False,False
1253438,16969,27460,NY,42.0977,-79.2912,3371.8462,0.1897,112.0,30.1058,1.0,1,0,0.1823,False,False
1252701,13465,19820,MI,42.431,-83.4801,2337.6154,0.8964,112.0,20.8716,0.4444,0,0,0.1823,False,False
1258442,1014067,49180,NC,36.1084,-80.0978,3825.6923,3.9112,119.0,32.1487,0.6923,2,0,0.1823,False,False
1253153,11965,47940,IA,42.5124,-92.4358,3887.2308,8.6075,115.5,33.6557,0.6,1,1,0.1821,False,False
5429107,1018097,38060,AZ,33.3933,-111.8785,2027.5385,1.3263,121.5,16.6876,0.2233,1,0,0.1821,False,False
5715237,1028981,37980,PA,39.9748,-75.1209,1702.9231,3.3955,119.0,14.3103,0.3796,1,3,0.182,False,False
1249671,10981,31080,CA,34.0719,-117.7884,1680.5385,1.2091,120.5,13.9464,0.3661,1,0,0.182,False,True
1260881,10321,41180,MO,38.7738,-90.4906,3664.1538,1.8953,119.0,30.7912,0.6232,2,1,0.182,False,False
2544241,7136,40900,CA,38.4737,-121.4299,2901.1538,6.0304,115.0,25.2274,0.8088,1,0,0.1819,False,False
5070280,1020329,44580,IL,41.8181,-89.6469,3558.4615,1.5565,105.0,33.8901,1.0,0,0,0.1819,False,False
5715353,1028053,37980,PA,40.0776,-75.688,3332.0769,-4.691,105.0,31.7341,0.9051,0,1,0.1818,False,False
11884145,1039662,32700,KS,38.3715,-97.6279,4194.7692,10.3261,105.0,39.9502,1.0,0,0,0.1817,False,False
1249113,18594,40060,VA,37.3544,-77.4125,3066.0769,7.7503,115.5,26.5461,0.6842,1,1,0.1816,False,False
7281950,1035875,35620,NJ,41.0652,-74.7464,3150.0769,-5.6037,105.0,30.0007,0.8486,0,3,0.1816,False,False
1249126,7576,40900,CA,38.873,-121.3033,4226.8462,0.8202,118.5,35.6696,0.9632,3,0,0.1816,False,False
1260121,13792,19100,TX,32.6784,-97.1974,3422.8462,1.3114,115.5,29.635,0.5938,1,1,0.1816,False,False
1248638,7191,16300,IA,41.9576,-91.7181,5055.5385,7.0391,114.5,44.1532,0.5714,1,1,0.1816,False,False
5715544,1025523,33460,MN,44.9015,-93.1718,1661.2308,8.0827,114.5,14.5086,0.3444,0,0,0.1815,False,False
1260476,7913,17460,OH,41.4095,-81.6161,2099.7692,3.0231,112.0,18.7479,0.4259,0,1,0.1812,False,False
1260797,8227,30780,AR,35.1109,-92.4386,3598.5385,-6.2637,115.5,31.1562,0.5882,1,0,0.1811,False,False
11884129,1040420,40140,CA,34.135,-117.4526,2444.0,6.9728,125.0,19.552,0.2795,2,0,0.1811,False,False
5715661,1027650,17140,KY,38.6816,-84.5984,5103.1538,1.6689,105.0,48.6015,0.76,0,1,0.1811,False,False
1252632,1010089,17140,OH,39.29,-84.4661,3049.9231,-0.6191,117.0,26.0677,0.48,1,1,0.181,False,False
1248448,17799,12540,CA,35.2955,-119.055,2468.0769,7.0928,119.5,20.6534,0.4255,1,0,0.1809,False,False
2548163,1016066,16980,IL,42.0115,-87.7581,4234.2308,2.986,115.0,36.8194,0.9328,2,2,0.1808,False,False
5072042,1021446,37740,AZ,34.2411,-111.3198,3379.4615,1.2468,115.5,29.2594,1.0,2,1,0.1808,False,False
1255371,13992,21340,TX,31.8654,-106.5765,1220.2308,8.6581,124.0,9.8406,0.069,1,1,0.1807,False,True
1255096,15548,40140,CA,34.0271,-117.6115,2864.3077,2.9814,122.5,23.3821,0.4498,2,0,0.1807,False,False
6294640,1032727,38300,PA,40.4957,-80.0676,1679.6154,-0.5239,114.5,14.6691,0.2063,0,1,0.1807,False,False
6294343,1031019,41700,TX,28.9451,-98.5046,3234.8462,2.1696,111.0,29.1428,0.4675,0,0,0.1807,False,False
1259992,9761,31420,GA,32.8997,-83.6877,3532.0,-0.4099,118.0,29.9322,0.3333,1,1,0.1807,False,False
1251342,1007229,33100,FL,26.033,-80.1418,2261.9231,1.407,112.0,20.1957,0.3567,0,2,0.1805,False,False
11884160,1040106,40140,CA,34.0343,-117.3197,2270.0769,0.9959,121.5,18.6838,0.2052,1,0,0.1805,False,False
2545858,14026,48620,KS,37.6488,-97.3531,2876.4615,2.5589,118.0,24.3768,0.5,1,0,0.1804,False,False
5715622,1028314,34980,TN,36.0463,-86.6551,911.1538,3.8944,117.0,7.7876,0.098,0,1,0.1803,False,True
1253407,11703,41100,UT,37.1108,-113.5539,3403.2308,-1.1241,112.0,30.386,1.0,1,0,0.1803,False,False
7282019,1039521,29820,NV,36.1669,-115.2066,4310.3846,5.9784,111.0,38.8323,0.9485,1,2,0.1803,False,False
6294237,1030657,26300,AR,34.4927,-93.0825,4341.5385,-8.7056,108.5,40.0142,0.5,0,0,0.1802,False,False
1248508,7211,44060,WA,47.6439,-117.5562,1445.6923,1.8976,115.0,12.5712,0.2778,0,0,0.1802,False,True
1249952,7016,24860,SC,34.7116,-82.2559,3710.0769,-0.343,115.0,32.2615,0.6111,1,1,0.1801,False,False
2547824,1014999,12060,GA,33.9432,-84.1231,2272.6923,2.5227,111.0,20.4747,0.4706,0,2,0.1801,False,False
1249706,6910,38900,OR,45.498,-122.905,2645.8462,7.2228,115.0,23.0074,0.8595,1,0,0.1801,False,False
1249991,6988,24340,MI,43.0231,-85.6896,3301.0769,2.2176,114.5,28.8304,0.7273,1,1,0.1801,False,False
5071071,1018204,47900,VA,38.9965,-77.4814,2481.7692,-5.4259,107.5,23.0862,0.8412,0,0,0.1801,False,False
1254745,11827,41860,CA,37.5297,-122.0384,919.9231,16.7529,117.0,7.8626,0.275,0,0,0.18,False,True
1254211,15980,41940,CA,37.3714,-121.8423,3021.9231,3.1508,117.5,25.7185,0.94,2,0,0.18,False,False
6294224,1030553,38940,FL,27.2625,-80.4319,4496.2308,1.1228,115.0,39.0977,0.9,2,2,0.1799,False,False
7282207,1040007,24860,SC,34.8727,-82.6928,4834.1538,0.5761,105.0,46.0396,0.8611,0,0,0.1799,False,False
2547814,1014986,45300,FL,28.019,-82.7566,4577.6154,4.9245,105.0,43.5963,0.8539,0,1,0.1799,False,False
2547333,1008756,41740,CA,32.7718,-117.1395,2916.8462,5.0097,128.5,22.6992,0.7052,6,0,0.1799,False,False
5430153,1024408,38060,AZ,33.6392,-112.136,2156.4615,0.5848,125.0,17.2517,0.267,2,0,0.1798,False,False
5069981,1020049,36740,FL,28.5096,-81.2376,2854.0,1.3245,112.0,25.4821,0.4066,0,0,0.1798,False,False
5715335,1029981,36540,NE,41.1806,-96.0421,7495.2308,-1.4374,107.5,69.7231,1.0,1,0,0.1797,False,False
5428498,1024161,37340,FL,28.2166,-80.6738,2156.8462,9.2883,115.5,18.674,0.1333,0,1,0.1797,False,False
5429137,1016827,38060,AZ,33.7019,-111.9249,2040.8462,-1.0591,114.5,17.824,0.2379,0,0,0.1797,False,False
6294727,1033088,12540,CA,35.6094,-117.6698,3366.3846,0.7876,115.5,29.1462,0.6809,1,0,0.1796,False,False
2545836,13920,38060,AZ,33.3044,-111.9835,4224.7692,-3.5339,119.0,35.5023,0.8204,3,1,0.1795,False,False
1259272,14497,37980,PA,40.447,-75.3613,3961.0769,6.3091,112.0,35.3668,0.9343,1,1,0.1795,False,False
1254985,15523,12420,TX,30.3049,-97.9341,1584.0,6.0077,115.5,13.7143,0.2471,0,0,0.1795,False,True
1251120,1006973,31080,CA,33.8085,-117.9219,7755.1538,-4.6188,122.5,63.3074,0.995,8,0,0.1794,False,False
1248972,10264,28140,MO,39.0512,-94.586,3262.9231,7.5071,122.5,26.6361,0.4545,2,0,0.1794,False,False
1260272,14314,34740,MI,43.1526,-86.2045,3457.2308,-1.2046,112.0,30.8681,1.0,1,0,0.1794,False,False
5070274,1024657,44100,IL,39.8393,-89.6036,5996.9231,-7.7517,101.5,59.083,1.0,0,0,0.1794,False,False
1258812,1005348,37980,NJ,39.7362,-75.0069,4570.0769,1.0752,114.5,39.9133,0.9854,2,1,0.1794,False,False
5715167,1029976,16980,IL,41.9077,-87.8416,2746.9231,1.7292,115.5,23.7829,0.6478,1,2,0.1793,False,False
13368294,1052899,48620,KS,37.7225,-97.4371,2417.4615,5.276,114.5,21.1132,0.25,0,0,0.1791,False,False
1259861,12461,34980,TN,35.914,-86.8291,4561.0769,0.5358,115.5,39.4898,0.8824,2,1,0.1791,False,False
5429999,1027342,19820,MI,42.3259,-83.3021,4745.3077,6.353,112.0,42.3688,0.9259,1,0,0.179,False,False
2546839,18276,35620,NY,40.7645,-73.7263,2681.4615,0.3714,114.5,23.4189,0.7476,1,2,0.1788,False,False
11884278,1038566,38300,PA,40.7056,-79.7243,2708.7692,2.0696,111.0,24.4033,0.5397,0,0,0.1787,False,False
1253653,11794,49420,WA,46.5933,-120.6048,2943.5385,1.9529,117.0,25.1584,1.0,2,0,0.1786,False,False
1249007,17353,41860,CA,37.6658,-122.1186,1672.2308,1.9223,121.5,13.7632,0.69,2,0,0.1785,False,True
2545014,10272,36420,OK,35.3194,-97.4959,5082.1538,-0.6018,112.0,45.3764,0.766,1,1,0.1784,False,False
12196070,1045298,48660,TX,33.8865,-98.4677,2395.2308,17.0778,115.5,20.7379,0.25,0,0,0.1784,False,False
1260381,9462,41860,CA,37.9982,-121.8736,2371.9231,-0.0519,114.5,20.7155,0.895,1,0,0.1784,False,False
2546664,17561,33100,FL,26.3534,-80.0848,2250.0769,0.6884,119.0,18.9082,0.3509,1,2,0.1784,False,False
13368261,1040198,24540,CO,40.3351,-104.9715,2929.7692,37.2109,112.0,26.1587,0.7,0,0,0.1783,False,False
6294855,1033102,35620,NJ,40.4048,-74.6499,2110.2308,7.0681,112.0,18.8413,0.5489,0,0,0.1783,False,False
6294327,1030332,40140,CA,34.0686,-117.6514,1096.4615,6.0644,125.0,8.7717,0.048,1,0,0.1783,False,True
1249735,10801,26420,TX,29.8287,-95.4304,2000.9231,10.6799,121.5,16.4685,0.2579,1,1,0.1782,False,False
1248624,8170,40140,CA,33.9444,-117.226,3537.2308,3.6539,116.0,30.4934,0.6507,1,0,0.1782,False,False
2548223,1016291,34980,TN,36.1329,-86.8943,2469.3077,16.1859,122.0,20.2402,0.2745,1,0,0.1782,False,False
1248595,7251,19100,TX,32.9081,-96.5757,2035.2308,4.1367,121.5,16.7509,0.2014,1,1,0.1782,False,False
1253059,17712,14020,IN,39.1685,-86.5731,4377.8462,10.8337,115.5,37.9034,0.6667,1,0,0.1781,False,False
5715263,1029615,49020,VA,39.2191,-78.1354,2885.3077,-2.4397,114.5,25.1992,0.75,1,1,0.1779,False,False
5715579,1011707,40380,NY,43.1986,-77.5774,2703.5385,-0.5743,115.5,23.4073,0.6111,1,3,0.1779,False,False
1249868,6388,29820,NV,36.0417,-115.1354,2989.5385,1.7196,115.5,25.8834,0.6701,1,1,0.1778,False,False
1249611,7455,35620,NY,41.003,-73.857,3484.7692,-0.6884,112.0,31.114,0.8991,1,2,0.1778,False,False
6294704,1033082,28940,TN,36.1612,-84.0885,2133.9231,2.079,115.5,18.4755,0.0909,0,1,0.1778,False,False
5715376,1028460,33860,AL,32.3563,-86.1308,5900.3846,3.0898,105.0,56.1941,0.7778,0,0,0.1778,False,False
5070613,1025504,35620,NY,41.4548,-74.0583,1953.5385,6.0686,112.0,17.4423,0.4921,0,1,0.1778,False,False
5071457,1023880,40900,CA,38.5956,-121.4276,2487.3846,14.0559,118.0,21.0795,0.6544,1,0,0.1777,False,False
13490967,11316,31080,CA,34.1066,-117.9376,2204.7692,3.1675,118.0,18.6845,0.5973,1,0,0.1777,False,False
6294753,1033262,17900,SC,34.1497,-80.9123,2757.0769,5.2628,112.0,24.6168,0.4643,0,0,0.1777,False,False
1252244,1007787,31080,CA,33.852,-117.9238,2513.4615,3.6742,125.5,20.0276,0.7205,4,0,0.1777,False,False
2547075,68125,41740,CA,32.8554,-116.9315,2425.1538,0.1748,118.0,20.5522,0.5491,1,0,0.1776,False,False
5715233,1029058,40220,VA,37.3076,-79.8893,2218.0,-0.3869,114.5,19.3712,0.1667,0,1,0.1775,False,False
1253356,13933,42220,CA,38.3349,-122.6777,2712.0769,4.4497,114.5,23.6863,0.9,1,0,0.1775,False,False
6294796,1033805,22220,AR,36.1816,-94.1391,2553.1538,9.3248,115.5,22.1052,0.1765,0,0,0.1774,False,False
1249214,10451,33700,CA,37.4932,-120.8742,2007.0769,1.0495,121.5,16.5192,0.2564,1,0,0.1774,False,False
1250789,91118,26420,TX,29.7149,-95.7784,2867.7692,4.0294,111.0,25.8358,0.5475,0,0,0.1773,False,False
1253719,18410,46140,OK,36.0605,-95.8858,3007.3846,4.2949,112.0,26.8516,0.36,0,1,0.1773,False,False
5072044,1024652,38060,AZ,33.4681,-112.3931,3816.8462,5.056,119.0,32.0743,0.7379,2,0,0.1773,False,False
1251650,1007098,39660,SD,44.0985,-103.1829,5229.3077,2.768,110.5,47.3241,1.0,1,0,0.1772,False,False
1254694,12409,31080,CA,33.7874,-117.8147,3065.6923,3.2193,121.5,25.232,0.8403,3,0,0.1772,False,False
5070350,1025833,45460,IN,39.4417,-87.3324,2542.6154,5.2273,114.5,22.2062,0.25,0,0,0.1771,False,False
1249867,6437,10740,NM,35.26,-106.6379,1704.0,-2.285,113.5,15.0132,0.3902,0,0,0.1771,False,False
1253099,13663,16980,IL,41.9865,-88.3416,3864.6154,1.5709,112.0,34.5055,0.8817,1,2,0.177,False,False
6294955,1039754,37900,IL,40.6297,-89.4639,4251.6154,4.0493,107.5,39.5499,0.6667,0,1,0.177,False,False
11884148,1040496,19100,TX,33.2632,-96.7873,4168.1538,1.4225,113.5,36.7238,0.7535,1,1,0.1769,False,False
1249540,10726,40140,CA,33.8452,-116.4778,2698.3077,-4.984,119.0,22.6749,0.3799,1,0,0.1768,False,False
1260555,8638,40140,CA,34.1077,-117.5366,2234.5385,-0.1444,128.0,17.4573,0.1878,3,1,0.1768,False,False
1255341,12725,19100,TX,33.114,-96.8389,2881.2308,3.5154,118.0,24.4172,0.4618,1,1,0.1767,False,False
11884437,1044204,31080,CA,33.724,-117.7946,2735.7692,4.2289,122.5,22.3328,0.7837,3,0,0.1766,False,False
1260130,16885,42660,WA,47.1919,-122.407,1292.8462,7.8616,115.5,11.1935,0.3186,0,0,0.1766,False,True
1260793,8219,44420,VA,38.0642,-78.9361,4854.2308,-0.9931,112.0,43.3413,0.8,1,1,0.1766,False,False
2546414,16416,42660,WA,47.7524,-122.2803,1534.3846,0.3875,113.5,13.5188,0.4363,0,0,0.1766,False,True
5070441,1020334,33340,WI,42.8538,-88.3253,4429.6923,1.859,105.0,42.1875,0.9412,0,0,0.1765,False,False
5071642,1026892,31180,TX,33.5484,-101.8859,3555.0,4.3864,118.0,30.1271,0.4,1,1,0.1764,False,False
1252146,1006755,35620,NJ,40.2103,-74.2577,3604.1538,-3.8833,105.0,34.3253,0.918,0,1,0.1764,False,False
2544506,8232,26900,IN,39.9137,-86.1087,3030.0769,15.2255,112.0,27.0543,0.5244,0,0,0.1763,False,False
1249604,17224,12580,MD,39.1702,-76.7852,1862.5385,8.1614,112.0,16.6298,0.5303,0,1,0.1763,False,False
1249920,10537,13820,AL,33.527,-86.7194,3460.3846,-2.5413,112.0,30.8963,0.3333,0,0,0.1762,False,False
2547605,1014327,39340,UT,40.3887,-111.8291,2512.5385,-7.6403,114.5,21.9436,0.8333,1,0,0.1761,False,False
5070295,1019767,40420,IL,42.3176,-89.0351,2635.0,8.3436,114.5,23.0131,0.2727,0,0,0.176,False,False
11884684,1044967,10180,TX,32.3844,-99.7673,6653.0769,18.4292,113.0,58.8768,0.75,1,0,0.1759,False,False
5071345,1025029,31080,CA,33.4393,-117.6206,4209.0769,1.5892,119.0,35.3704,0.9617,3,0,0.1758,False,False
1254436,15942,42200,CA,34.395,-119.5132,1675.0769,5.6062,114.5,14.6295,0.3636,0,0,0.1757,False,False
1252875,15020,16980,IL,41.5613,-87.6677,2028.6154,0.5414,112.0,18.1126,0.4113,0,2,0.1757,False,False
1255062,14773,44700,CA,38.1159,-121.3058,2144.9231,-5.5292,121.5,17.6537,0.2,1,0,0.1757,False,False
6294360,1031127,34980,TN,35.933,-86.8778,5156.0,-5.4692,110.0,46.8727,0.9412,1,1,0.1756,False,False
5715178,1028133,17900,SC,33.9831,-81.0993,2528.4615,-4.2333,112.0,22.5755,0.4286,0,0,0.1755,False,False
5428601,1007768,31080,CA,34.6913,-118.1721,3394.0769,4.2579,118.0,28.7634,0.8902,2,0,0.1755,False,False
2547418,1010278,40900,CA,38.6772,-121.7969,3230.8462,6.364,107.5,30.0544,0.8824,0,0,0.1755,False,False
13368179,1056112,33460,MN,45.2899,-93.7716,10096.0,-0.1939,105.0,96.1524,0.9889,1,0,0.1755,False,False
2544295,7390,30460,KY,37.9979,-84.5208,3468.6923,2.3143,119.0,29.1487,0.7647,2,0,0.1754,False,False
1251577,7799,46520,HI,21.3357,-157.8681,2238.1538,1.6454,111.5,20.0731,0.5625,0,0,0.1754,False,False
6294841,1033099,16740,NC,35.2654,-80.8818,2695.6923,6.7211,112.0,24.0687,0.5,0,0,0.1753,False,False
5715652,1027765,23240,TX,30.2579,-98.852,3939.6154,1.2194,105.0,37.5201,1.0,0,0,0.1753,False,False
6294194,1028244,44100,IL,39.7589,-89.6082,5372.4615,-3.5851,105.0,51.1663,0.8,0,0,0.1753,False,False
1254202,11574,41860,CA,37.9664,-121.7824,2572.0,2.3948,114.5,22.4629,0.915,1,0,0.1752,False,False
5070888,7435,15500,NC,36.0682,-79.5204,4271.0769,-8.4804,119.0,35.8914,0.2,1,0,0.1752,False,False
1250200,91081,37980,PA,40.1645,-75.4811,4149.9231,-1.3802,105.0,39.5231,0.9562,0,0,0.1752,False,False
1258485,15167,31080,CA,33.8098,-118.29,1040.0769,3.9597,133.0,7.8201,0.1498,4,0,0.1752,False,True
1256373,8008,31080,CA,33.8983,-118.0067,2169.0,-1.188,118.0,18.3814,0.5874,1,0,0.1751,False,False
6294798,1037593,30780,AR,34.6778,-92.3434,3234.4615,4.9128,111.0,29.1393,0.5294,0,0,0.1751,False,False
5069950,1021221,17140,OH,39.5631,-84.2626,7197.1538,-2.1492,108.5,66.3332,0.96,1,0,0.1751,False,False
1250006,7539,34980,TN,35.7802,-86.9147,4001.4615,-0.9332,113.5,35.2552,0.7647,1,1,0.1751,False,False
1249229,1012119,41760,ID,48.3095,-116.5469,2172.6923,5.1094,107.5,20.2111,1.0,0,0,0.175,False,False
2547596,1014269,29820,NV,36.2712,-115.2062,2526.2308,6.478,119.0,21.2288,0.5052,1,0,0.175,False,False
1251043,116480,39340,UT,40.1236,-111.6448,2736.3846,2.1449,113.5,24.1091,1.0,1,0,0.1749,False,False
2548417,1017292,37980,NJ,39.8758,-74.8148,3724.6923,-2.4459,105.0,35.4733,0.927,0,1,0.1748,False,False
1256225,16087,35620,NY,40.6567,-73.5497,1962.9231,-0.6076,118.0,16.6349,0.5016,1,2,0.1748,False,False
12196011,1052037,40980,MI,43.3547,-83.8718,6930.0769,17.1458,105.0,66.0007,0.8,0,0,0.1748,False,False
1260633,9574,40420,IL,42.3651,-89.0325,4470.7692,4.0347,114.5,39.046,0.7273,1,0,0.1748,False,False
1250248,10836,12420,TX,30.5563,-97.8439,2449.8462,-0.8869,112.0,21.8736,0.4706,0,0,0.1747,False,False
1254613,1033355,31080,CA,33.9357,-118.1235,1579.6923,-2.135,129.5,12.1984,0.3195,4,1,0.1747,False,True
1248669,10100,37980,PA,40.1381,-74.9627,4210.6154,5.2249,111.0,37.9335,0.9635,1,3,0.1747,False,False
2546850,18332,47260,VA,37.3432,-76.7407,3316.7692,16.8066,114.5,28.9674,0.8413,1,2,0.1746,False,False
1250247,18671,46060,AZ,32.3158,-110.9773,2161.2308,2.145,112.0,19.2967,0.5294,0,0,0.1746,False,False
11883984,1039649,41700,TX,29.6238,-98.241,4028.3846,0.7697,107.5,37.4733,0.7532,0,0,0.1746,False,False
1255495,14002,40140,CA,33.5708,-117.2332,3579.7692,-1.1681,108.5,32.9933,0.6856,0,0,0.1746,False,False
7281744,17239,18880,FL,30.3774,-86.3491,5255.2308,2.3889,112.0,46.9217,0.8,1,1,0.1745,False,False
13368182,1040717,40140,CA,33.5058,-117.1505,4785.9231,11.8749,122.5,39.0688,0.8734,4,0,0.1745,False,False
2544089,18235,19100,TX,32.9406,-97.0664,2798.7692,0.1266,112.0,24.989,0.441,0,0,0.1745,False,False
5071936,1021190,31080,CA,33.8321,-118.1645,2214.5385,3.6396,121.5,18.2267,0.6007,2,1,0.1745,False,False
7282068,1039276,17140,OH,39.2591,-84.7994,4558.8462,5.3637,114.5,39.8153,0.66,1,1,0.1744,False,False
1259850,8911,39580,NC,35.8214,-78.5919,1608.3846,-4.1355,114.5,14.047,0.3023,0,0,0.1743,False,True
1253366,13912,48620,KS,37.6749,-97.39,3366.1538,7.4102,107.5,31.3131,0.8125,0,1,0.1743,False,False
1256495,12023,47900,VA,38.7751,-77.171,2567.7692,-2.0252,122.5,20.9614,0.8455,4,3,0.1743,False,False
1260149,8757,24860,SC,34.8211,-82.28,3806.8462,4.7165,108.5,35.0861,0.6389,0,1,0.1743,False,False
5715424,1029576,35620,NJ,40.4217,-74.1862,1917.5385,-0.2401,111.0,17.2751,0.4795,0,4,0.1743,False,False
2548547,1018150,28660,TX,31.0779,-97.7564,2306.9231,7.8234,115.5,19.9734,0.2143,0,0,0.1743,False,False
5069974,1020068,33100,FL,25.9513,-80.2452,2443.0769,2.0107,112.0,21.8132,0.4269,0,1,0.1743,False,False
1248404,7784,22140,NM,36.7618,-108.1549,4375.3077,-0.3696,115.5,37.8815,1.0,2,0,0.1743,False,False
5071556,1022180,15180,TX,26.0742,-97.2273,3103.7692,2.4242,115.0,26.9893,0.125,0,0,0.1743,False,False
5072053,1024310,38060,AZ,33.5674,-112.0709,2336.3077,6.1179,114.5,20.4044,0.301,0,0,0.1742,False,False
1249839,6456,38940,FL,27.1324,-80.2063,2871.6154,4.595,112.0,25.6394,0.4,0,1,0.1742,False,False
1248746,10378,10580,NY,42.6463,-73.6973,2362.7692,-1.7528,115.0,20.5458,0.7895,1,1,0.1741,False,False
1250228,18595,28660,TX,31.1112,-97.7472,2187.0769,5.9946,115.5,18.9357,0.1429,0,1,0.1741,False,False
7282107,1040341,28620,NC,36.0029,-75.6552,3790.6154,-1.4243,112.0,33.8448,1.0,1,0,0.1741,False,False
1255403,13786,26420,TX,29.5672,-95.5668,2496.5385,2.9011,119.0,20.9793,0.4163,1,1,0.1738,False,False
2544195,6904,40900,CA,38.6938,-121.2917,3231.3077,6.9234,114.5,28.221,0.8897,1,0,0.1738,False,False
1250843,1005315,19100,TX,33.039,-97.0039,2934.3846,5.1954,112.0,26.1999,0.4722,0,0,0.1738,False,False
1260916,8054,10420,OH,40.9929,-81.4927,3738.9231,1.3026,115.5,32.3716,0.6875,1,0,0.1737,False,False
5069759,1022470,17140,KY,38.9675,-84.6695,6892.4615,-1.0262,108.5,63.525,0.94,1,1,0.1737,False,False
1253039,1010002,31140,KY,38.2829,-85.6323,2922.5385,0.1899,112.0,26.0941,0.4333,0,0,0.1737,False,False
5070071,1027050,36100,FL,29.087,-82.25,4059.4615,4.3378,107.5,37.7624,0.7143,0,1,0.1736,False,False
5715727,1029104,22180,NC,35.0397,-79.0001,2474.6923,1.6943,111.0,22.2945,0.6,0,0,0.1736,False,False
2548107,1015890,15980,FL,26.6111,-81.9405,5260.3077,6.2969,105.0,50.0982,0.9048,0,0,0.1736,False,False
5070449,1027075,36540,IA,41.2622,-95.8841,3930.3846,3.1535,107.5,36.5617,0.72,0,1,0.1735,False,False
5428574,1021543,41740,CA,33.1404,-117.0937,2576.3846,-4.3549,124.0,20.7773,0.6127,3,0,0.1735,False,False
1249330,18296,47300,CA,36.0655,-119.0385,2753.6154,2.5702,126.0,21.8541,0.4444,3,0,0.1734,False,False
1260496,8288,34620,IN,40.2186,-85.3938,3615.3846,-2.2259,115.5,31.302,1.0,2,1,0.1733,False,False
7281780,14677,46520,HI,21.2775,-157.7869,1459.7692,2.9959,122.0,11.9653,0.3125,1,0,0.1733,False,True
1260196,1025827,29420,AZ,34.4726,-114.3429,2634.1538,-0.6268,123.5,21.3292,0.4,2,0,0.1733,False,False
1253638,13054,30300,ID,46.4066,-117.0013,2266.2308,4.8919,107.5,21.0812,1.0,0,0,0.1732,False,False
1252016,1008872,31080,CA,33.76,-117.9546,2985.5385,1.7619,119.0,25.0886,0.827,2,0,0.1732,False,False
5071461,1024323,40900,CA,38.6843,-121.4557,1853.4615,4.6926,114.5,16.1874,0.3529,0,0,0.1732,False,False
1249877,18745,40060,VA,37.5136,-77.6946,4831.1538,1.781,112.0,43.1353,0.9211,1,0,0.1732,False,False
2546083,14947,44100,IL,39.7518,-89.7074,4773.4615,-9.2139,114.5,41.6896,0.6,1,0,0.1731,False,False
1248679,6698,22220,AR,36.3359,-94.2001,4439.4615,-0.4742,114.5,38.7726,0.7059,1,0,0.1731,False,False
13368123,1052512,41180,MO,38.5263,-90.3636,6156.5385,22.6402,105.0,58.6337,0.942,0,0,0.1731,False,False
1256799,13514,35620,NY,41.1115,-74.1133,1955.3077,7.4845,112.0,17.4581,0.4953,0,2,0.1731,False,False
2547391,1009853,41700,TX,29.5696,-98.6503,3987.6154,8.1669,108.5,36.7522,0.7273,0,0,0.173,False,False
5715148,1029953,31080,CA,34.1496,-118.2582,2137.7692,1.1023,132.5,16.1341,0.5757,8,1,0.173,False,False
5072034,1020336,46060,AZ,32.3227,-111.0128,2849.9231,5.5708,115.5,24.6747,0.8235,1,0,0.1729,False,False
7282205,1040375,22700,IA,42.5016,-94.1568,4721.6923,-0.8817,114.5,41.2375,1.0,2,1,0.1729,False,False
7282052,1039834,16980,IL,41.8534,-88.3394,4703.4615,-0.8706,115.0,40.8997,0.9516,2,1,0.1728,False,False
13368394,1038564,46500,OH,40.1065,-83.7159,3875.2308,-5.6786,104.0,37.2618,1.0,0,1,0.1728,False,False
1248577,14597,36540,NE,41.1582,-95.9348,4288.7692,8.5046,107.5,39.8955,0.8,0,0,0.1728,False,False
13205510,1038554,31080,CA,34.0095,-118.08,1243.6154,0.1673,123.0,10.1107,0.218,1,0,0.1728,False,True
6294381,1031530,33700,CA,37.5012,-120.8511,501.9231,0.6168,119.0,4.2178,0.0513,0,0,0.1728,False,True
5715145,1030122,28140,MO,39.2672,-94.4489,4089.7692,-1.5298,108.0,37.8682,0.6909,0,0,0.1726,False,False
1258915,8854,35620,NJ,40.2404,-74.3055,3924.0,1.2083,112.0,35.0357,0.9464,1,1,0.1726,False,False
1248653,17907,38240,NC,35.1578,-79.4196,3800.3846,-6.8094,115.0,33.0468,1.0,2,1,0.1725,False,False
7282026,1037530,38060,AZ,33.4221,-111.8056,1665.7692,4.5832,117.0,14.2373,0.1359,0,0,0.1723,False,False
2547580,1014225,12060,GA,34.0347,-84.0526,2351.3846,-0.8498,111.0,21.1836,0.4902,0,2,0.1723,False,False
6294652,1032981,49180,NC,36.0796,-80.106,1846.3077,-1.7761,114.5,16.125,0.3077,0,0,0.1723,False,False
1252241,13600,28140,KS,38.8831,-94.7635,4150.0,-2.896,107.5,38.6047,0.7273,0,0,0.1722,False,False
7282005,1039465,12060,GA,34.192,-84.5078,4571.3846,-0.8558,105.0,43.537,0.8627,0,1,0.1722,False,False
7281895,15728,42100,CA,36.9154,-121.7675,2325.7692,21.0659,121.5,19.1421,0.8182,2,0,0.1722,False,False
5428692,1009156,31080,CA,33.8341,-117.8366,3115.5385,0.6136,121.5,25.6423,0.8502,3,0,0.1721,False,False
13368188,1052783,45500,TX,33.4725,-94.4084,6289.3077,-0.0636,105.0,59.8982,0.75,0,0,0.1721,False,False
1251208,1005576,42660,WA,47.0544,-122.2939,1648.0,-5.2915,119.0,13.8487,0.5294,1,0,0.1721,False,True
2547367,1009251,38060,AZ,33.4885,-111.9612,3044.0,3.3131,118.0,25.7966,0.5485,1,0,0.172,False,False
1254582,11175,31080,CA,34.1192,-117.7813,2813.8462,1.3324,115.5,24.3623,0.8003,1,0,0.1719,False,False
5070612,1025877,45060,NY,43.1536,-76.123,4880.0,-0.0236,110.0,44.3636,1.0,1,2,0.1719,False,False
1255047,10209,31080,CA,34.2028,-118.5974,2075.2308,4.5618,126.0,16.4701,0.5458,3,0,0.1719,False,False
1251020,1007723,37980,NJ,39.835,-74.9251,2764.0769,-3.4267,108.5,25.4754,0.781,0,0,0.1717,False,False
11883919,1039345,16980,IL,41.9831,-87.8074,3129.4615,6.6284,121.5,25.7569,0.7581,3,3,0.1717,False,False
1248505,8513,28940,TN,35.9548,-83.9376,4810.3846,-13.1133,115.5,41.6484,0.7273,2,3,0.1717,False,False
1248472,17902,42020,CA,35.5262,-120.7026,3563.5385,-1.0572,107.5,33.1492,0.8125,0,0,0.1716,False,False
5715515,1028911,47300,CA,36.0532,-119.0266,2970.2308,4.7359,122.5,24.2468,0.5185,2,0,0.1716,False,False
2546536,17008,16180,NV,39.1718,-119.7528,3275.4615,0.9555,115.5,28.359,0.75,1,0,0.1715,False,False
2548049,9489,29820,NV,36.1149,-115.0917,1376.5385,-10.4175,122.5,11.237,0.1031,1,1,0.1715,False,True
5715462,1028456,40060,VA,37.4119,-77.6466,3266.6923,-8.09,114.5,28.5301,0.7105,1,1,0.1713,False,False
6294109,1030868,38060,AZ,33.6881,-112.0327,320.6154,-17.4326,118.5,2.7056,0.0049,0,0,0.1713,False,True
2546209,15525,12420,TX,30.4133,-97.6882,2690.8462,2.4784,119.0,22.6122,0.4824,1,0,0.1712,False,False
1248917,10098,15380,NY,43.0321,-78.6976,2117.3846,-8.8573,112.0,18.9052,0.4706,0,0,0.1711,False,False
1248950,8602,13820,AL,33.215,-86.826,5874.6154,-1.472,105.0,55.9487,0.7917,0,0,0.1711,False,False
2547857,1015103,16980,IL,41.9571,-88.0735,3218.1538,-0.343,107.5,29.9363,0.7903,0,1,0.171,False,False
1251539,15328,46520,HI,21.4018,-157.7991,2251.9231,6.8587,112.0,20.1065,0.5833,0,0,0.171,False,False
1251875,1007167,10580,NY,42.5988,-73.7109,1918.5385,-2.711,112.0,17.1298,0.4737,0,1,0.171,False,False
11884463,1044491,22420,MI,42.9435,-83.7307,1070.4615,0.9503,115.5,9.2681,0.3333,0,0,0.1709,False,True
5071981,1026164,14260,ID,43.6492,-116.4342,2886.3846,2.6621,107.5,26.8501,0.9259,0,0,0.1708,False,False
2546607,17293,17140,OH,39.2981,-84.5225,2898.4615,6.8815,112.0,25.8791,0.44,0,1,0.1708,False,False
2548444,11743,15940,OH,40.8788,-81.4329,4215.9231,4.1879,119.0,35.4279,0.6667,2,1,0.1706,False,False
1259565,8221,41180,MO,38.5822,-90.6281,5269.3846,-2.3896,105.0,50.1846,0.8551,0,0,0.1706,False,False
7282035,1039482,33100,FL,26.5084,-80.1226,1530.5385,-1.9756,115.5,13.2514,0.1813,0,1,0.1706,False,True
1248884,17495,26420,TX,29.6797,-95.4265,1845.4615,8.8966,122.5,15.065,0.2127,1,1,0.1705,False,False
11884162,1040312,19660,FL,28.948,-81.251,4647.4615,-9.027,105.0,44.2615,0.8,0,1,0.1705,False,False
1250471,86955,12580,MD,39.4023,-76.9432,4730.4615,6.7917,112.0,42.2363,0.8788,1,2,0.1705,False,False
2547335,1008764,42200,CA,34.6113,-120.1868,2009.8462,0.2802,119.0,16.8895,0.5455,1,0,0.1704,False,False
7282081,1040237,44780,MI,41.7878,-85.429,2875.0769,4.7328,112.0,25.6703,0.5,0,0,0.1703,False,False
1255148,9227,41860,CA,37.4786,-122.186,917.4615,7.4021,117.0,7.8416,0.27,0,0,0.1702,False,True
1248965,17153,27260,FL,30.6283,-81.5535,3062.9231,-5.5438,115.5,26.5188,0.6596,1,1,0.17,False,False
13205401,1039653,29820,NV,36.0713,-115.0754,3282.8462,3.7789,115.5,28.4229,0.7835,1,0,0.17,False,False
6294456,1031607,13820,AL,33.3645,-86.998,2656.8462,-2.2776,115.5,23.003,0.125,0,0,0.1699,False,False
13368148,1054446,16980,IL,41.4273,-87.7536,3699.2308,14.6201,107.5,34.4114,0.8656,0,1,0.1699,False,False
1249565,18366,14660,MN,46.3702,-94.2457,4471.1538,3.8002,112.0,39.921,1.0,1,0,0.1699,False,False
1249545,6794,26820,ID,43.4951,-112.0504,2385.0,3.6159,107.5,22.186,1.0,0,0,0.1698,False,False
1248518,14561,45860,CT,41.569,-73.4149,2049.3846,-0.2733,106.5,19.243,1.0,0,2,0.1698,False,False
5715623,1027654,19100,TX,33.2178,-96.6808,3755.9231,-3.2286,119.0,31.5624,0.6597,2,1,0.1698,False,False
1249786,7613,16740,NC,35.0485,-80.6464,4792.6154,2.1092,112.0,42.7912,0.8816,1,1,0.1697,False,False
2547910,1015352,19740,CO,39.7733,-104.8108,2322.3077,17.4754,118.0,19.6806,0.687,1,1,0.1697,False,False
12196132,1043855,37980,DE,39.6799,-75.7355,3367.6923,-12.9985,112.0,30.0687,0.9124,1,1,0.1697,False,False
2548153,1016030,33340,WI,42.9018,-87.9202,3506.5385,4.1633,107.5,32.619,0.8039,0,1,0.1697,False,False
5429124,1017151,45300,FL,28.0726,-82.7396,4492.3077,-8.1039,105.0,42.7839,0.8315,0,1,0.1696,False,False
1260632,14562,43580,IA,42.4463,-96.3444,4461.9231,3.451,112.0,39.8386,1.0,1,0,0.1696,False,False
1248509,14556,38900,WA,45.62,-122.548,1762.6154,2.2079,119.0,14.8119,0.595,1,0,0.1696,False,False
5715255,1029052,17820,CO,38.8405,-104.7476,2088.1538,2.853,112.0,18.6442,0.5806,0,0,0.1696,False,False
2547846,1015086,17020,CA,39.7606,-121.8449,4736.3077,-0.1087,115.5,41.007,1.0,2,0,0.1694,False,False
2547346,1008948,34980,TN,36.1627,-86.5143,3920.5385,-2.1559,119.0,32.9457,0.7255,2,0,0.1694,False,False
5070949,1018247,25980,GA,31.8221,-81.6002,3660.9231,0.7601,105.0,34.8659,1.0,0,1,0.1694,False,False
6294702,1033148,31140,IN,38.3363,-85.707,4158.0769,4.1241,114.5,36.3151,0.8,1,0,0.1694,False,False
5429118,1022798,38060,AZ,33.7844,-112.1181,3043.7692,0.4621,122.0,24.9489,0.5437,2,0,0.1694,False,False
2544618,9498,41740,CA,32.7807,-116.9565,3511.4615,4.5365,114.5,30.6678,0.8728,1,0,0.1693,False,False
5070878,1019902,34340,NC,36.4799,-80.6167,2870.6923,3.6812,112.0,25.6312,0.5,0,0,0.1692,False,False
1259744,18443,36740,FL,28.5152,-81.4582,2850.0,-0.6756,112.0,25.4464,0.3956,0,1,0.1692,False,False
2545419,12086,35620,NJ,40.1388,-74.0612,2711.9231,46.6026,112.0,24.2136,0.7539,0,2,0.1692,False,False
1251644,1006930,45780,OH,41.6734,-83.7105,3559.0,-3.9187,114.5,31.083,0.8,1,0,0.1692,False,False
11884386,1043382,25860,NC,35.5846,-80.9876,5310.1538,8.0195,105.0,50.5729,0.875,0,1,0.1691,False,False
1252189,1007073,13020,MI,43.6243,-83.8932,2444.0,-2.4711,112.0,21.8214,0.5,0,0,0.169,False,False
6294485,1031566,37980,DE,39.6953,-75.5572,1272.3077,-0.3674,115.5,11.0157,0.1971,0,2,0.1689,False,True
1252966,1013070,17980,GA,32.5388,-84.8679,4058.5385,-1.1059,112.0,36.237,0.3333,0,0,0.1689,False,False
6294659,1032779,40420,IL,42.3195,-88.9756,3553.3077,-3.0557,115.5,30.7646,0.6364,1,1,0.1688,False,False
1250740,90145,36540,IA,41.2206,-95.8338,6068.3846,1.3164,111.0,54.6701,0.92,1,0,0.1688,False,False
11884049,1039683,47900,VA,38.4238,-77.4295,4449.3846,0.4045,112.0,39.7266,0.9828,1,0,0.1688,False,False
2548456,1017428,17820,CO,38.839,-104.7939,4398.5385,2.5668,105.0,41.8908,0.9355,0,1,0.1687,False,False
5071233,1024386,37100,CA,34.2564,-119.2109,2388.1538,3.8988,124.0,19.2593,0.4444,2,0,0.1687,False,False
13368280,1054523,31080,CA,34.257,-118.5877,3376.4615,5.5094,121.5,27.7898,0.8885,3,0,0.1687,False,False
13205509,1054914,31080,CA,34.1543,-118.7958,2723.3846,3.4721,115.5,23.5791,0.7804,1,1,0.1686,False,False
2548099,1015879,37100,CA,34.2833,-118.7685,5431.1538,1.5286,114.5,47.4337,0.9778,2,1,0.1686,False,False
5715225,1028910,30460,KY,38.0253,-84.4071,2996.2308,3.6813,122.5,24.459,0.5294,2,0,0.1686,False,False
13368287,1053639,41700,TX,29.4646,-98.6214,3295.5385,3.4181,117.5,28.0471,0.5195,1,1,0.1685,False,False
12195964,1040316,48900,NC,34.3913,-77.6809,2073.3846,6.2981,114.5,18.1082,0.375,0,0,0.1684,False,False
13368180,1055413,47900,MD,39.3224,-77.3527,1712.1538,-0.2644,121.5,14.0918,0.6695,2,1,0.1684,False,False
13368172,1040071,46140,OK,35.6061,-95.9622,2982.9231,-17.7282,112.0,26.6332,0.32,0,0,0.1684,False,False
1251329,1006551,36260,UT,41.2452,-111.9705,2465.0,1.6979,111.5,22.1076,0.5882,0,0,0.1683,False,False
2544413,7888,40420,IL,42.305,-88.9786,4754.9231,-5.1249,112.0,42.4547,0.9091,1,0,0.1683,False,False
2546522,16932,41740,CA,32.7485,-117.1007,1844.0769,2.9901,126.0,14.6355,0.3006,2,0,0.1683,False,False
1254675,15457,44700,CA,37.7396,-121.4512,2579.3846,1.9241,120.5,21.4057,0.3,1,1,0.1682,False,False
1252833,1013213,41940,CA,37.2267,-121.7757,1409.6154,-11.8185,114.5,12.3111,0.31,0,0,0.1681,False,True
1252983,1012994,40140,CA,34.5152,-117.3202,4206.2308,5.1618,118.5,35.4956,0.8166,2,0,0.1681,False,False
6294533,1031790,31420,GA,33.0421,-83.9392,4636.0769,1.4373,114.5,40.4898,0.6667,1,1,0.1681,False,False
1251060,1005561,35840,FL,27.493,-82.4792,2415.5385,-1.8595,112.0,21.5673,0.4444,0,1,0.168,False,False
2545064,7400,41860,CA,37.6792,-122.0833,1577.0,5.6045,126.0,12.5159,0.635,3,0,0.168,False,True
2546610,17309,12060,GA,34.0351,-84.571,2213.3077,-1.9125,119.0,18.5992,0.451,1,1,0.168,False,False
1248912,9936,12980,MI,42.2623,-85.1795,3358.3077,9.1368,112.0,29.9849,0.5,0,0,0.1679,False,False
5429041,1018151,40140,CA,34.0635,-117.4307,3245.2308,0.7643,126.0,25.7558,0.5677,4,1,0.1679,False,False
1250838,92307,31080,CA,33.8506,-117.8887,2269.6154,4.2764,122.5,18.5275,0.6173,2,0,0.1677,False,False
11884280,1040541,34820,NC,33.9538,-78.0509,3678.8462,-0.9691,112.0,32.8468,0.3846,0,0,0.1677,False,False
13368111,1054198,16980,IL,41.6834,-88.3809,3708.0769,13.8683,114.5,32.385,0.8683,1,1,0.1677,False,False
1251224,1005704,47900,VA,38.916,-77.4876,2807.9231,2.7559,114.5,24.5233,0.8755,1,1,0.1677,False,False
7281838,1031765,38900,OR,45.4338,-122.5621,3394.7692,6.5784,118.0,28.7692,0.9669,2,0,0.1676,False,False
6294730,1033344,31080,CA,33.9167,-118.349,1838.0,1.8196,129.0,14.2481,0.4276,4,1,0.1676,False,False
6294811,1033274,33460,MN,45.0956,-93.4311,2522.0769,0.1925,117.0,21.5562,0.6444,1,1,0.1675,False,False
11883965,1039176,31080,CA,34.2191,-118.588,2260.6923,3.7527,122.5,18.4546,0.6156,2,0,0.1675,False,False
1250031,16998,38900,OR,45.5262,-122.4775,1506.8462,1.7399,114.5,13.1602,0.4132,0,0,0.1674,False,True
1259599,17453,16980,IL,42.0485,-88.0921,2479.4615,1.871,111.0,22.3375,0.5753,0,1,0.1674,False,False
2545609,1006997,26420,TX,29.9799,-95.5137,2452.6154,8.7857,125.0,19.6209,0.3937,2,0,0.1672,False,False
1260509,9496,38060,AZ,33.678,-111.9779,5287.8462,-0.6475,119.0,44.4357,0.8981,3,0,0.1672,False,False
11883914,1039130,23780,KS,37.9769,-100.8459,3756.9231,16.3023,114.0,32.9555,1.0,1,0,0.1672,False,False
1249664,7540,38060,AZ,33.4793,-111.9876,2064.6154,2.03,125.5,16.4511,0.2573,2,1,0.1672,False,False
1249069,10387,19100,TX,33.0107,-97.0461,5372.7692,2.1798,105.0,51.1692,0.9062,0,0,0.1672,False,False
7282278,1040350,19100,TX,33.1545,-96.9463,3959.3846,-0.3176,108.5,36.492,0.7049,0,0,0.1671,False,False
1251614,1006661,17140,OH,39.3615,-84.4615,5398.2308,2.4691,112.0,48.1985,0.84,1,1,0.1671,False,False
1259017,16302,47900,MD,39.0979,-77.1927,1416.5385,-1.0266,112.0,12.6477,0.5365,0,2,0.1671,False,True
6294372,1031168,40060,VA,37.5295,-77.3563,2524.8462,11.9742,118.5,21.3067,0.5789,1,1,0.1671,False,False
1252306,1009083,38900,WA,45.7221,-122.6667,3324.4615,-3.3262,122.5,27.1385,0.9504,4,0,0.167,False,False
2548475,1017582,20420,CO,37.2953,-107.8734,2193.6154,0.1299,114.5,19.1582,1.0,1,0,0.1669,False,False
11883983,1040028,37980,NJ,39.8637,-74.9654,2464.1538,5.1743,111.0,22.1996,0.6788,0,0,0.1669,False,False
1252156,1008896,21500,PA,42.1047,-80.131,3140.2308,1.732,112.0,28.0378,0.4,0,1,0.1669,False,False
1248443,7790,47260,VA,36.8818,-76.1872,1861.1538,6.4312,122.0,15.2554,0.2698,1,1,0.1669,False,False
2547845,1015083,17020,CA,39.4985,-121.5697,2218.6154,0.7757,115.5,19.2088,0.2222,0,0,0.1668,False,False
11883933,1039493,47900,VA,38.2464,-77.5151,2795.5385,6.372,114.5,24.4152,0.8712,1,2,0.1668,False,False
5715533,1029369,17460,OH,41.3484,-81.8229,1801.1538,-6.609,114.5,15.7306,0.3148,0,0,0.1667,False,False
1252409,1009506,19100,TX,32.934,-97.2542,2989.2308,-1.7521,111.0,26.93,0.4931,0,1,0.1667,False,False
1253810,15233,28420,WA,46.2121,-119.1594,2825.2308,0.7378,118.5,23.8416,0.5385,1,0,0.1667,False,False
1253805,11983,42660,WA,47.5415,-122.0481,9231.5385,6.1453,114.5,80.6248,1.0,3,0,0.1666,False,False
11884677,1044065,35500,IA,41.6878,-93.0764,4166.9231,-3.5297,105.0,39.685,1.0,0,0,0.1665,False,False
2548337,1016813,38900,OR,45.5049,-122.9554,1948.0,-0.5732,118.0,16.5085,0.6777,1,0,0.1665,False,False
2545545,12659,31080,CA,34.0788,-118.1145,1934.1538,5.0336,124.5,15.5354,0.4759,2,0,0.1665,False,False
5070728,1024664,12100,NJ,39.4467,-74.6333,3886.6154,1.7459,112.0,34.7019,1.0,1,1,0.1664,False,False
1255949,13786,26420,TX,29.5672,-95.5668,2707.3077,8.4926,119.0,22.7505,0.4932,1,1,0.1664,False,False
6294138,1031024,12260,GA,33.5724,-82.192,2979.7692,2.5901,112.0,26.6051,0.4286,0,1,0.1664,False,False
1250810,90548,38300,PA,40.3185,-79.6888,5110.0769,-0.9291,111.0,46.0367,0.9365,1,1,0.1664,False,False
1254962,14917,19100,TX,32.5913,-96.9356,2817.6154,3.8944,119.0,23.6774,0.4444,1,1,0.1664,False,False
1257447,8460,34860,TX,31.6222,-94.6529,3691.6923,9.254,118.0,31.2855,0.5,1,1,0.1662,False,False
1248784,17458,41180,MO,38.5365,-90.4966,5439.3846,-2.2789,105.0,51.8037,0.8696,0,0,0.1662,False,False
1249009,12569,41740,CA,32.8114,-117.2006,2107.6923,8.4676,121.5,17.3473,0.3873,1,0,0.1662,False,False
6294701,1033235,19820,MI,42.5965,-82.9008,1726.6923,-7.7697,114.5,15.0803,0.2469,0,1,0.1662,False,False
1252584,1009926,38060,AZ,33.6706,-112.1178,2927.9231,-7.6701,118.0,24.8129,0.5146,1,0,0.1662,False,False
7282064,1037373,36840,KS,38.5808,-95.2687,4595.9231,2.102,105.0,43.7707,1.0,0,0,0.1662,False,False
1250516,70039,38060,AZ,33.3645,-111.8773,967.5385,2.552,125.0,7.7403,0.0534,1,1,0.1661,False,True
5715266,1030010,19100,TX,32.7293,-97.5023,3080.9231,6.1824,112.0,27.5082,0.5208,0,0,0.166,False,False
1248465,10224,26420,TX,29.6516,-95.5671,2294.3846,7.1334,121.5,18.8838,0.3575,1,0,0.166,False,False
5428900,1021191,16980,IL,41.5287,-87.7098,2391.5385,7.0224,112.0,21.353,0.5349,0,1,0.1659,False,False
12196096,1007780,36740,FL,28.618,-81.2657,3985.0769,1.77,115.0,34.6528,0.7033,1,1,0.1658,False,False
13205442,1052507,17140,OH,39.0431,-83.922,8523.0,5.8262,107.5,79.2837,0.98,1,1,0.1658,False,False
1250657,90167,26420,TX,29.5788,-95.3984,2217.3846,3.0199,121.5,18.2501,0.3348,1,0,0.1657,False,False
1250965,114020,29940,KS,38.9719,-95.3034,4990.6923,-4.8904,107.5,46.425,0.6667,0,0,0.1657,False,False
7282100,1039894,47300,CA,36.332,-119.3913,2980.6154,2.3509,111.5,26.732,0.5556,0,0,0.1656,False,False
5071907,1024150,29820,NV,36.8097,-114.0629,1905.0769,-0.4742,115.5,16.4942,0.2577,0,0,0.1655,False,False
2544306,7454,33100,FL,26.9113,-80.1014,2885.6923,7.2809,112.0,25.7651,0.5556,0,0,0.1655,False,False
1260401,9716,17460,OH,41.3801,-81.7352,2203.5385,-0.6417,119.0,18.5171,0.4815,1,1,0.1654,False,False
5071367,1024746,40140,CA,34.0418,-117.1572,3919.2308,4.4229,115.5,33.9327,0.7555,1,0,0.1654,False,False
11884108,1039942,28140,MO,39.0245,-94.1984,7582.9231,-1.049,108.5,69.8887,1.0,1,0,0.1653,False,False
5715379,1028904,40140,CA,34.0342,-117.6282,1830.8462,0.8773,124.0,14.7649,0.1179,1,0,0.1653,False,False
1248645,7094,26900,IN,40.0473,-86.026,2441.0769,-6.7662,113.5,21.5073,0.3537,0,0,0.1653,False,False
5715507,1029621,34980,TN,36.1894,-86.7456,2261.3846,5.771,122.0,18.5359,0.2353,1,1,0.1653,False,False
1250274,20488,17460,OH,41.4582,-82.0167,2813.6923,-18.9784,115.5,24.361,0.6852,1,0,0.1652,False,False
1252288,1009023,17300,TN,36.564,-87.31,2933.3077,1.7341,115.0,25.507,0.1429,0,1,0.1651,False,False
1253380,14264,33100,FL,26.808,-80.0962,3117.3077,2.8005,116.5,26.758,0.6199,1,2,0.1651,False,False
5715157,1028017,31080,CA,34.4451,-118.473,750.8462,1.2657,119.0,6.3096,0.0732,0,0,0.1651,False,True
11884420,1043858,12100,NJ,39.4645,-74.4967,2368.6923,1.6103,112.0,21.149,0.5,0,1,0.1651,False,False
1249040,17074,41740,CA,32.5848,-117.0612,3448.4615,5.2768,119.0,28.9787,0.8671,2,0,0.1651,False,False
2548403,1017210,33100,FL,25.9261,-80.309,2977.8462,-0.1496,116.5,25.5609,0.5906,1,3,0.165,False,False
1255323,16359,31180,TX,33.5202,-101.9054,3010.4615,-3.537,122.5,24.5752,0.1,1,0,0.1649,False,False
5715203,1029924,35620,NY,40.5268,-74.2016,3687.8462,-2.0952,112.0,32.9272,0.9306,1,3,0.1649,False,False
1252867,13439,31140,KY,38.2507,-85.6344,2666.2308,-0.2073,121.5,21.9443,0.2667,1,0,0.1649,False,False
6294295,1030197,38300,PA,39.9149,-79.7499,5008.3077,3.233,112.0,44.717,0.9048,1,1,0.1648,False,False
13205398,1044990,31080,CA,33.9168,-118.3673,2154.2308,7.2578,128.5,16.7644,0.5824,4,0,0.1648,False,False
1253717,12512,33540,MT,46.9144,-114.0329,2781.0769,4.5669,107.5,25.8705,1.0,0,0,0.1646,False,False
5071340,1025998,40140,CA,33.5575,-117.1782,3844.6154,0.5593,124.0,31.005,0.738,4,1,0.1644,False,False
5071700,1013864,46140,OK,36.0475,-96.0039,3906.2308,-1.0348,115.5,33.8202,0.72,1,0,0.1644,False,False
1255510,13834,41740,CA,32.6292,-117.0397,2402.6923,-2.7099,112.0,21.4526,0.5376,0,0,0.1644,False,False
1256401,1010279,10580,NY,42.8157,-73.8909,2413.7692,1.1215,108.5,22.2467,0.8421,0,1,0.1644,False,False
7282078,1039970,19100,TX,32.9976,-96.6691,1599.9231,5.2794,118.0,13.5587,0.1042,0,0,0.1644,False,True
1260086,12380,38900,OR,45.1972,-123.2067,2765.2308,1.4878,108.5,25.486,0.876,0,0,0.1643,False,False
11884345,1042895,13820,AL,33.6402,-86.6211,3737.0,0.6089,112.0,33.3661,0.4167,0,0,0.1643,False,False
2544072,6351,12420,TX,30.0156,-97.8635,3569.8462,4.4167,115.5,30.9078,0.7294,1,1,0.1643,False,False
1259216,8297,15500,NC,36.0763,-79.4888,4996.6923,-0.2304,119.0,41.989,0.6,2,1,0.1642,False,False
1249135,6658,45300,FL,28.1881,-82.5458,5242.8462,-0.4615,105.0,49.9319,0.9213,0,0,0.1642,False,False
5430041,1019834,19100,TX,32.7538,-97.3608,2753.2308,12.4827,125.0,22.0258,0.4167,2,0,0.164,False,False
7282446,9730,40140,CA,34.0494,-117.3096,2662.8462,1.2696,124.0,21.4746,0.3668,2,1,0.164,False,False
1250640,89996,41860,CA,37.9948,-122.1059,2558.3077,4.1069,115.5,22.1499,0.91,1,0,0.164,False,False
5715555,1022209,31080,CA,33.9403,-117.9672,2398.3077,2.7824,118.0,20.3246,0.6739,1,0,0.1639,False,False
2548129,1015937,38060,AZ,33.5089,-112.3574,6124.5385,1.8211,118.0,51.9029,0.9612,3,0,0.1638,False,False
5715405,1028470,19820,MI,42.552,-82.961,2663.8462,6.8069,112.0,23.7843,0.5185,0,1,0.1637,False,False
2547984,1015498,22660,CO,40.5237,-104.9894,3332.1538,6.6106,108.5,30.7111,0.8571,0,0,0.1637,False,False
1250120,11028,40140,CA,33.7068,-116.2715,3692.7692,5.6726,120.5,30.6454,0.7162,2,0,0.1637,False,False
2544218,7002,26900,IN,39.856,-86.1953,1882.4615,-15.0809,115.0,16.3692,0.2073,0,0,0.1637,False,False
5071728,1018597,35380,LA,30.4519,-90.1373,4902.2308,5.6043,114.5,42.8142,0.7778,1,0,0.1636,False,False
5071547,1023204,26420,TX,29.5551,-95.4028,3149.6923,-1.1205,121.5,25.9234,0.6154,2,0,0.1635,False,False
1260220,14328,12420,TX,30.5328,-97.7836,2883.9231,3.6436,112.0,25.7493,0.5412,0,0,0.1635,False,False
5071840,1023302,19100,TX,32.7922,-96.7469,1111.8462,-10.7833,118.0,9.4224,0.0417,0,0,0.1635,False,True
1248838,17547,17460,OH,41.1505,-81.8639,4484.3077,0.0,112.0,40.0385,0.9444,1,1,0.1634,False,False
13205407,1040243,38060,AZ,33.0651,-111.4855,2959.6923,4.5856,119.0,24.8714,0.5291,1,0,0.1634,False,False
13368147,1037930,33100,FL,26.279,-80.0974,2859.0769,17.3492,112.0,25.5275,0.5439,0,2,0.1633,False,False
1249427,17927,28140,KS,38.9683,-94.6669,3146.0769,6.7023,113.5,27.7187,0.4,0,0,0.1633,False,False
12195977,1039916,21260,WA,47.1964,-120.9569,2178.7692,10.9875,119.0,18.309,0.6667,1,0,0.1632,False,False
1255297,16254,41740,CA,32.8311,-117.1307,2997.2308,6.1921,110.0,27.2476,0.7572,0,0,0.1632,False,False
1249531,17861,35620,NY,40.7083,-73.8691,3678.2308,6.0691,112.0,32.8413,0.9274,1,8,0.1632,False,False
1260469,14564,16980,IL,41.9053,-87.9668,4577.6923,6.2394,112.0,40.8723,0.9462,1,2,0.1631,False,False
2547573,1014210,40140,CA,34.0752,-117.5465,2275.8462,16.9777,133.0,17.1116,0.2096,4,0,0.1631,False,False
2545806,13799,31080,CA,34.6747,-118.168,4039.6154,-1.9529,123.25,32.7758,0.9567,5,1,0.163,False,False
2547931,1015394,31080,CA,34.1227,-118.0724,2274.5385,0.4007,122.5,18.5677,0.6206,2,0,0.163,False,False
1260702,7798,23420,CA,36.8447,-119.6645,3715.3077,0.7867,115.0,32.307,0.8167,1,0,0.163,False,False
1251652,1007882,16980,IL,42.1096,-87.8748,4936.6154,-0.4452,105.0,47.0154,0.9651,0,0,0.163,False,False
2551159,17887,16980,IL,41.9084,-87.8661,1881.0769,6.234,120.5,15.6106,0.3548,1,4,0.1629,False,False
1260451,1014213,26420,TX,29.8198,-95.4673,1612.7692,5.1929,124.5,12.954,0.1448,1,0,0.1628,False,True
5715601,1029943,16980,IL,42.0256,-88.3124,1854.7692,1.5028,114.5,16.1989,0.3333,0,1,0.1627,False,False
2547269,1006933,28140,MO,39.2673,-94.5763,5776.3846,-4.5456,103.5,55.8105,0.9091,0,1,0.1627,False,False
7282145,1040436,24780,NC,35.565,-77.3575,3550.9231,-1.2746,114.5,31.0124,0.8,1,1,0.1626,False,False
2548459,1017445,27260,FL,30.1664,-81.7007,3917.9231,1.1197,107.5,36.4458,0.7872,0,1,0.1624,False,False
2548109,1015892,41740,CA,32.9792,-117.0838,2654.3077,0.771,118.0,22.4941,0.6416,1,0,0.1624,False,False
1248692,6841,28580,FL,25.0949,-80.4408,2451.6154,0.2012,112.0,21.8894,0.5,0,1,0.1623,False,False
7282192,1038331,28140,MO,39.3674,-94.371,4699.6923,2.1997,107.5,43.7181,0.7818,0,0,0.1623,False,False
5715417,1029534,38240,NC,35.2043,-79.4841,3474.3077,-6.1017,118.0,29.4433,0.5,1,0,0.1622,False,False
1251016,1005764,44700,CA,38.1004,-121.266,3127.1538,0.4472,111.5,28.0462,0.55,0,0,0.1621,False,False
6294612,1032476,37100,CA,34.2721,-118.677,3928.0769,-0.1369,114.5,34.3063,0.8444,1,0,0.1621,False,False
1248969,6933,28140,KS,39.0092,-94.84,4316.2308,-5.4559,107.5,40.151,0.7636,0,0,0.1621,False,False
1253213,14375,48620,KS,37.7217,-97.3626,2979.0,13.8427,112.0,26.5982,0.625,0,0,0.162,False,False
11884024,1039370,26420,TX,29.7015,-95.2931,2084.3846,4.3597,122.5,17.0154,0.2851,1,0,0.162,False,False
13368283,1040837,24860,SC,34.7303,-82.389,3166.6923,-2.4363,112.0,28.274,0.4722,0,0,0.1619,False,False
1252261,1008666,46660,GA,30.8792,-83.2964,4001.8462,-1.4081,105.0,38.1128,1.0,0,1,0.1619,False,False
5071779,90578,26420,TX,29.7748,-95.3981,4207.6154,12.346,122.5,34.3479,0.81,3,0,0.1618,False,False
1250927,91235,22220,AR,36.3126,-94.1786,4478.9231,9.3323,115.5,38.7786,0.7647,1,0,0.1617,False,False
2544682,8905,45300,FL,27.9161,-82.7618,2186.2308,2.9634,114.5,19.0937,0.3146,0,1,0.1617,False,False
7282260,1039469,29100,WI,43.8589,-91.2417,5160.7692,-6.7223,104.0,49.6228,1.0,0,0,0.1616,False,False
1258496,16510,15380,NY,42.8685,-78.6976,2648.0769,-21.9936,115.5,22.9271,0.7059,1,0,0.1616,False,False
1260741,9519,11500,AL,33.6075,-85.8281,3640.2308,15.7693,112.0,32.5021,0.5,0,1,0.1615,False,False
1260634,9673,43340,LA,32.5271,-93.7013,4413.0,4.7109,111.0,39.7568,0.5,0,0,0.1615,False,False
5069960,1025849,15940,OH,40.9672,-81.3445,433.6923,-7.3764,119.0,3.6445,0.0833,0,0,0.1615,False,True
1248848,7331,30780,AR,34.7976,-92.4154,2452.6923,0.6916,115.5,21.2354,0.2353,0,0,0.1615,False,False
1259004,15103,47900,VA,38.7633,-77.4582,2896.4615,-0.8401,114.5,25.2966,0.8841,1,1,0.1614,False,False
2547825,1015000,12060,GA,34.0038,-84.1707,2525.4615,-0.0244,111.5,22.6499,0.549,0,1,0.1613,False,False
1259024,1010282,16820,VA,38.0289,-78.4438,4946.0,11.0712,105.0,47.1048,1.0,0,1,0.1612,False,False
13368312,1042714,38060,AZ,33.5816,-112.4282,2817.3077,-7.6944,119.0,23.6749,0.4612,1,0,0.1612,False,False
1253392,15089,42660,WA,47.9095,-122.2254,3845.6154,12.1951,114.5,33.5862,0.9608,1,0,0.1612,False,False
1259046,16012,45940,NJ,40.3012,-74.7832,2570.3077,-1.2559,112.0,22.9492,0.5556,0,0,0.1611,False,False
1248747,7047,35620,NY,40.8492,-73.6348,3668.0,-3.9171,112.0,32.75,0.9243,1,4,0.161,False,False
5715624,1027505,19100,TX,33.1673,-96.6666,1917.5385,-13.2577,114.5,16.7471,0.1771,0,2,0.161,False,False
12196068,1037610,19740,CO,39.485,-105.0748,3565.3846,2.8492,107.5,33.1664,0.9237,0,0,0.161,False,False
1249778,6480,18140,OH,39.7317,-82.6144,4388.1538,6.3042,118.0,37.1877,0.9123,2,0,0.161,False,False
1249956,6367,36740,FL,28.5214,-81.588,6104.0,3.1631,112.0,54.5,0.8901,1,0,0.161,False,False
2548207,1016252,42660,WA,47.1186,-122.2927,3112.3077,4.4075,119.0,26.1538,0.9265,2,0,0.161,False,False
2546841,18279,38300,PA,40.2796,-80.0845,3989.8462,5.6332,109.0,36.6041,0.7619,0,0,0.1609,False,False
1250991,116458,47900,VA,38.8166,-77.6435,1371.0769,5.051,114.5,11.9745,0.5064,0,0,0.1609,False,True
5070505,1024795,35620,NY,40.7687,-73.792,4521.7692,20.2869,112.0,40.3729,0.959,1,9,0.1609,False,False
1251146,116560,39580,NC,35.6628,-78.8473,4898.3077,1.0489,112.0,43.7349,1.0,1,0,0.1609,False,False
13368222,1054968,36420,OK,35.4217,-97.5299,1660.0769,21.1055,119.0,13.9502,0.1489,0,0,0.1608,False,True
1260586,7089,31080,CA,34.1283,-117.8301,3432.2308,-1.2308,114.5,29.9758,0.8985,1,0,0.1608,False,False
11884471,1044512,33700,CA,37.7068,-121.0844,2431.7692,5.4259,114.5,21.2382,0.3846,0,0,0.1608,False,False
1249219,6626,36740,FL,28.5461,-81.7087,5755.5385,-2.8765,112.0,51.3887,0.8791,1,0,0.1607,False,False
5430061,1026225,14740,WA,47.5343,-122.6085,1995.2308,9.107,115.0,17.3498,0.4286,0,0,0.1607,False,False
1250138,6659,18880,FL,30.7341,-86.5666,4260.9231,2.3144,115.5,36.8911,0.6667,1,1,0.1607,False,False
5071911,1026280,31080,CA,33.8894,-118.1611,976.5385,5.7917,134.5,7.2605,0.1265,4,0,0.1607,False,True
12196027,1029799,12580,MD,39.4899,-76.2573,5186.0769,76.7996,112.0,46.3043,0.9091,0,0,0.1606,False,False
2546464,16663,33100,FL,26.1183,-80.3928,2895.7692,5.0158,112.0,25.8551,0.5731,0,0,0.1606,False,False
5071255,1023208,41860,CA,37.9897,-121.7845,2953.8462,4.6521,115.0,25.6856,0.95,1,0,0.1604,False,False
5070180,1023031,16980,IL,42.1192,-88.2588,2928.9231,9.0066,111.0,26.3867,0.707,0,0,0.1603,False,False
2547858,1015104,17900,SC,34.0029,-81.108,5506.6154,0.3955,105.0,52.444,0.9286,0,0,0.1603,False,False
1253342,14089,39380,CO,38.2349,-104.6647,4609.3077,-3.2986,112.0,41.1545,1.0,1,0,0.1603,False,False
5070068,1024654,15980,FL,26.3307,-81.754,2583.6923,3.037,112.0,23.0687,0.5238,0,1,0.1602,False,False
1248841,18330,19100,TX,32.8183,-96.8709,2586.0769,3.6887,114.5,22.5858,0.3576,0,0,0.1602,False,False
1254760,8912,31080,CA,33.704,-117.9341,2325.3846,13.1235,112.0,20.7624,0.6356,0,1,0.1602,False,False
2546616,17331,47900,VA,38.486,-77.9688,2827.7692,-12.2272,114.5,24.6967,0.8798,1,0,0.1602,False,False
2544767,1030842,12420,TX,30.6492,-97.6775,5420.0,1.3011,112.0,48.3929,0.9529,1,0,0.1601,False,False
5429277,16886,41740,CA,32.9155,-117.1208,1178.1538,3.1797,124.5,9.4631,0.1156,1,1,0.1601,False,True
2546807,18133,40140,CA,34.0633,-117.2846,2637.6923,5.5889,121.5,21.7094,0.3537,1,0,0.16,False,False
13368124,1038436,19500,IL,39.9213,-88.9547,3644.8462,5.5936,112.0,32.5433,0.5,0,0,0.16,False,False
11884664,1039996,45300,FL,28.2378,-82.3562,5115.0,3.1234,112.0,45.6696,0.8876,1,2,0.16,False,False
1251761,1007802,33100,FL,26.0954,-80.2521,2439.6923,-12.6546,112.0,21.783,0.4152,0,1,0.1599,False,False
5070983,1023528,16740,SC,34.938,-80.8363,5591.5385,4.23,112.0,49.9245,0.9605,1,0,0.1599,False,False
1253362,14381,33100,FL,26.8463,-80.0601,2548.0769,-2.5133,112.0,22.7507,0.4444,0,2,0.1598,False,False
5071851,1019537,29820,NV,36.072,-115.1005,2725.1538,2.3843,112.0,24.3317,0.5773,0,0,0.1598,False,False
5070807,1022227,27340,NC,34.7549,-77.4634,5058.4615,2.2738,105.0,48.1758,1.0,0,0,0.1595,False,False
7281745,6772,16980,IL,41.7973,-88.2041,2279.4615,1.2402,112.0,20.3523,0.5081,0,2,0.1595,False,False
7282056,1039173,23060,IN,41.1684,-85.4898,3836.4615,6.1872,114.5,33.5062,0.8125,1,2,0.1595,False,False
1259041,1010310,47260,VA,36.8275,-76.4106,2546.2308,1.674,112.0,22.7342,0.5238,0,1,0.1594,False,False
2544140,6641,24860,SC,34.6906,-82.8344,4942.6923,-8.3629,115.5,42.7939,0.9167,2,1,0.1593,False,False
5715543,1028945,16980,IL,42.4659,-88.0615,3465.6923,-9.092,107.0,32.3896,0.8306,0,1,0.1593,False,False
2548481,1017601,45220,FL,30.402,-84.2369,3680.4615,1.9627,107.5,34.2369,0.9167,0,0,0.1593,False,False
5428523,1022553,37100,CA,34.1763,-119.2137,3996.3846,6.7038,119.0,33.5831,0.8667,2,0,0.1593,False,False
1248600,17866,31820,WI,44.0745,-87.7037,4329.3077,0.5646,105.0,41.2315,1.0,0,1,0.1591,False,False
5070760,1017609,35620,NJ,40.8413,-74.4601,3026.3846,2.065,108.5,27.8929,0.8202,0,1,0.159,False,False
1258861,10295,46520,HI,21.3291,-158.0868,2979.5385,2.4872,120.5,24.7265,0.7292,2,1,0.1589,False,False
12195713,1032149,41860,CA,37.6748,-122.4705,3130.3077,1.5395,125.5,24.9427,0.955,5,0,0.1589,False,False
2547759,1014772,19100,TX,32.9978,-96.6989,2585.6154,8.3591,115.0,22.4836,0.3542,0,0,0.1589,False,False
2544271,7249,19100,TX,33.1983,-96.707,5765.1538,2.2358,112.0,51.4746,0.934,1,0,0.1589,False,False
1251062,1005504,33100,FL,25.8864,-80.1239,2966.0,4.9997,112.0,26.4821,0.5789,0,0,0.1588,False,False
1252002,1008870,38300,PA,40.3017,-79.4958,2507.0769,-3.3337,112.0,22.3846,0.4921,0,1,0.1588,False,False
6294880,1031181,46340,TX,32.2851,-95.3299,5276.3077,4.4384,115.5,45.6823,0.6667,1,0,0.1587,False,False
13368292,1040461,39340,UT,40.4162,-111.8692,1727.9231,1.0982,114.0,15.1572,0.5,0,0,0.1586,False,False
1251328,1006330,17820,CO,38.7183,-104.6995,3169.5385,2.5026,114.5,27.6816,0.9032,1,1,0.1586,False,False
13368310,1045161,47540,OH,40.5628,-84.1747,5033.3846,9.6819,105.0,47.937,1.0,0,1,0.1585,False,False
2545802,13781,29820,NV,35.9748,-114.8455,3420.0769,2.6647,108.5,31.5214,0.8557,0,0,0.1585,False,False
5071874,1022177,31080,CA,34.0241,-118.2782,2413.5385,3.2411,129.5,18.6374,0.6839,6,2,0.1584,False,False
5429097,1017593,17460,OH,41.4165,-81.9231,2887.4615,0.9629,115.5,24.9997,0.7778,1,2,0.1584,False,False
2548144,1016012,29620,MI,42.66,-84.5368,3101.6923,3.5703,112.0,27.6937,0.5556,0,0,0.1584,False,False
5715527,1029739,37100,CA,34.1839,-118.8759,5049.7692,-2.2921,121.5,41.5619,0.9556,4,0,0.1583,False,False
1253465,14670,47900,VA,38.7958,-77.6092,4414.0769,-9.066,115.5,38.2171,0.9742,2,1,0.1582,False,False
1251089,1006764,37980,DE,39.7728,-75.7139,1818.4615,3.4754,114.5,15.8818,0.4599,0,0,0.1582,False,False
12196094,1022767,36100,FL,29.1991,-82.0853,4142.4615,-0.0501,107.5,38.5345,0.8571,0,0,0.1582,False,False
5071485,1017719,41420,OR,45.1514,-122.8845,1338.7692,4.2905,118.0,11.3455,0.1765,0,0,0.1581,False,True
5072065,1024305,38060,AZ,33.3929,-111.6157,6466.7692,4.9997,114.5,56.4783,0.9806,2,1,0.1581,False,False
13205426,1053396,11680,KS,37.0875,-97.0394,4997.0769,0.0031,105.0,47.5912,1.0,0,0,0.158,False,False
5428818,1014212,42340,GA,32.0048,-81.1192,3590.6923,-5.8208,117.0,30.6897,0.625,1,0,0.158,False,False
1254277,15254,42200,CA,34.4217,-119.6502,2101.0,0.2018,112.5,18.6756,0.5909,0,0,0.158,False,False
5715196,1028147,23540,FL,29.6536,-82.4937,4664.9231,3.9154,107.5,43.3946,0.8333,0,0,0.1579,False,False
6294786,1033503,41700,TX,29.421,-98.775,2747.7692,4.3436,115.0,23.8936,0.3117,0,0,0.1579,False,False
13368235,1054575,12260,SC,33.602,-81.8423,3224.2308,6.5211,112.0,28.7878,0.5,0,1,0.1577,False,False
1250223,10954,12060,GA,34.0097,-84.7548,4721.7692,-0.7262,105.5,44.7561,0.8824,0,1,0.1577,False,False
2545116,10759,38060,AZ,33.409,-111.6852,2496.6923,0.2471,114.5,21.8052,0.3592,0,0,0.1577,False,False
2544867,9705,47900,VA,38.5974,-77.3347,2427.1538,10.4294,117.5,20.6566,0.8326,1,0,0.1577,False,False
13368388,1042830,23420,CA,36.7494,-119.6811,1131.1538,1.5749,119.5,9.4657,0.0333,0,0,0.1577,False,True
1251724,1006683,35620,NJ,40.9431,-74.1293,1934.3846,-1.7964,112.0,17.2713,0.4858,0,4,0.1577,False,False
1260078,17354,12540,CA,35.1313,-118.4669,6004.4615,4.8068,115.5,51.9867,1.0,2,0,0.1577,False,False
11883988,1039552,26900,IN,40.0496,-85.6518,5461.3846,-3.0625,105.0,52.0132,0.9268,0,0,0.1576,False,False
5070454,1014361,15460,IA,40.8152,-91.1402,3041.3077,1.6166,107.5,28.2912,1.0,0,0,0.1576,False,False
12195742,14050,41620,UT,40.5292,-111.8546,3719.8462,0.4028,114.5,32.4877,0.9062,1,0,0.1576,False,False
1249346,10013,33100,FL,25.654,-80.4152,5122.9231,-0.5109,112.0,45.7404,0.9181,1,1,0.1575,False,False
12196008,1039609,48580,WI,42.8352,-88.7559,3305.3846,-2.5734,108.5,30.4644,0.8333,0,0,0.1575,False,False
11884216,1040781,41700,TX,29.3409,-98.5551,2459.9231,7.6335,117.0,21.025,0.1818,0,0,0.1575,False,False
1252596,1009972,19100,TX,33.0861,-96.619,3087.1538,-1.3834,112.0,27.5639,0.5243,0,0,0.1575,False,False
1249336,10974,19740,CO,39.7734,-104.9401,1871.4615,7.0159,114.5,16.3446,0.4885,0,0,0.1574,False,False
5070491,1017777,35620,NY,40.7068,-73.6609,2838.6923,-3.129,119.0,23.8546,0.7792,2,3,0.1574,False,False
1248647,10285,40820,LA,32.5386,-92.6525,5044.3846,-0.4131,112.0,45.0391,1.0,1,0,0.1574,False,False
6294364,1031292,45300,FL,27.7678,-82.3934,2621.5385,-8.5616,112.0,23.4066,0.4494,0,1,0.1571,False,False
1252285,1009021,36740,FL,28.537,-81.2748,2941.1538,-4.0238,112.0,26.2603,0.4505,0,1,0.1571,False,False
5070104,1021396,45300,FL,28.238,-82.3415,5176.3846,3.7784,112.0,46.2177,0.9101,1,2,0.157,False,False
1254469,14751,41860,CA,37.5992,-122.0691,1037.3846,4.0908,127.5,8.1363,0.34,2,0,0.1569,False,True
1259881,1012036,33100,FL,26.1933,-80.2533,2633.9231,2.4505,112.0,23.5172,0.4678,0,3,0.1569,False,False
1254170,1011439,33700,CA,37.6535,-120.9571,3600.5385,2.6469,115.5,31.1735,0.7692,1,1,0.1568,False,False
5428943,1019781,41700,TX,29.5152,-98.6935,2541.3846,-5.0878,114.5,22.1955,0.2468,0,1,0.1568,False,False
1257038,9028,31080,CA,34.1893,-118.6414,9486.0769,-0.254,114.5,82.8478,0.9983,3,0,0.1568,False,False
1249850,7495,48980,NC,35.7411,-77.9618,4079.8462,9.0173,119.0,34.2844,0.5,1,0,0.1568,False,False
1251434,1006552,31080,CA,33.7875,-117.8362,1780.3846,-2.1684,130.5,13.6428,0.4027,4,0,0.1568,False,True
1249342,1013199,27260,FL,30.64,-81.4539,4667.0,-4.9178,105.0,44.4476,0.9362,0,1,0.1567,False,False
1249185,17152,21660,OR,44.0821,-123.042,2686.3077,3.6599,115.0,23.3592,1.0,1,0,0.1567,False,False
5071758,1018259,19100,TX,32.7564,-97.7116,2957.4615,-9.4917,112.0,26.4059,0.4792,0,0,0.1567,False,False
2544588,8526,42660,WA,47.0929,-122.6456,2804.6154,-0.5238,115.5,24.2824,0.902,1,0,0.1566,False,False
1252764,1010106,18140,OH,40.1002,-83.0905,4011.6154,12.2565,115.5,34.7326,0.8772,1,0,0.1566,False,False
7281948,1035971,31080,CA,33.9656,-118.2248,1873.6154,10.0732,126.0,14.87,0.4443,2,0,0.1566,False,False
1251181,1005402,31140,IN,38.3073,-85.8414,4602.4615,1.859,114.5,40.1962,0.8333,1,0,0.1565,False,False
1250193,10768,35620,NJ,41.027,-74.2399,2193.9231,1.6719,112.0,19.5886,0.5868,0,1,0.1565,False,False
5070052,1014346,45300,FL,28.202,-82.6657,5623.1538,3.4795,112.0,50.2067,0.9775,1,0,0.1565,False,False
2546666,17565,33100,FL,26.84,-80.1064,2711.1538,-0.6595,112.0,24.2067,0.5088,0,1,0.1565,False,False
1252984,1013341,45300,FL,27.8144,-82.7803,2198.5385,-0.5013,114.5,19.2012,0.3258,0,1,0.1564,False,False
1249566,6800,18140,OH,39.9811,-82.8342,2429.6923,-0.7416,120.5,20.1634,0.4561,1,0,0.1564,False,False
1260359,9481,41860,CA,37.5041,-121.9762,1173.3846,0.1444,122.5,9.5786,0.4,1,0,0.1564,False,True
6294743,1033155,16980,IL,41.5785,-87.8511,4904.6923,1.2642,105.0,46.7114,0.9624,0,1,0.1564,False,False
5071358,1018600,40140,CA,34.1362,-117.1971,2357.9231,-0.1596,122.5,19.2484,0.262,1,0,0.1564,False,False
6294143,1031013,18140,OH,40.0804,-82.8502,5196.1538,5.0185,112.0,46.3942,0.9649,1,1,0.1563,False,False
13143386,1039497,38060,AZ,33.2191,-111.8406,2886.5385,1.4271,119.0,24.2566,0.4951,1,1,0.1562,False,False
1251336,1005877,17460,OH,41.4294,-82.2034,1140.8462,-23.3461,115.5,9.8775,0.1667,0,1,0.1562,False,True
12195726,1024946,42100,CA,37.0474,-122.0305,2721.1538,9.8773,115.5,23.5598,1.0,1,0,0.1561,False,False
2544870,9714,49660,OH,41.1214,-80.7677,1758.3846,-13.6223,115.0,15.2903,0.2222,0,1,0.156,False,False
1250949,113982,41700,TX,29.5348,-98.6814,3706.3846,3.5081,111.0,33.3909,0.6104,0,0,0.1559,False,False
5070306,1019904,28020,MI,42.3258,-85.5184,2674.6154,0.7505,112.0,23.8805,0.6,0,0,0.1559,False,False
5069767,1021392,21060,KY,37.7134,-85.8314,4861.6923,-3.5629,115.5,42.0926,0.6667,1,0,0.1558,False,False
1257383,16782,47900,MD,39.0153,-76.9282,898.1538,-6.9567,116.0,7.7427,0.2575,0,2,0.1558,False,True
1259645,9214,16740,NC,35.1529,-80.8257,14306.0769,0.9466,101.5,140.9466,1.0,1,0,0.1558,False,False
1249036,17383,38060,AZ,33.4802,-112.1121,1520.0,4.9724,118.0,12.8814,0.1068,0,1,0.1557,False,True
6294228,1030679,19820,MI,42.4466,-82.9068,5596.0,2.8909,105.0,53.2952,0.9753,0,0,0.1557,False,False
6294865,1032487,23420,CA,36.7777,-119.6816,5852.2308,20.7297,113.5,51.5615,0.9667,1,0,0.1555,False,False
5069955,1023516,10420,OH,41.1542,-81.3449,7095.0,0.4323,113.5,62.511,1.0,2,1,0.1555,False,False
1260168,18392,35620,NJ,40.6521,-74.3469,2002.1538,-4.8093,112.0,17.8764,0.5237,0,2,0.1554,False,False
1259849,11691,35620,NJ,40.8938,-73.9741,1362.3846,1.3389,115.5,11.7955,0.2744,0,3,0.1553,False,True
1250238,70100,49620,PA,39.9845,-76.7263,3156.9231,1.0937,114.5,27.5714,0.2,0,2,0.1552,False,False
1249572,10930,31080,CA,34.1351,-118.2582,2809.9231,2.3393,130.0,21.6148,0.797,7,1,0.1551,False,False
5071677,1017787,30780,AR,35.0698,-92.4558,4602.5385,-2.6947,115.5,39.8488,0.7059,1,0,0.1551,False,False
1260518,9431,16980,IL,41.5077,-87.917,5294.1538,-2.351,112.0,47.2692,0.9758,1,0,0.1551,False,False
5069867,1024443,28940,TN,35.8808,-84.1606,4096.7692,-4.6325,122.5,33.443,0.4545,2,0,0.155,False,False
5071397,8528,44060,WA,47.507,-117.5669,1891.5385,-0.4333,114.5,16.52,0.4444,0,0,0.155,False,False
5071764,1022312,19100,TX,32.6324,-97.4074,2975.9231,-0.7797,112.0,26.5707,0.4896,0,1,0.155,False,False
1250714,91093,19660,FL,29.1112,-81.0265,5741.3846,-6.0247,112.0,51.2624,0.9,1,0,0.155,False,False
5069982,1020067,36740,FL,28.5141,-81.3111,3285.5385,3.1716,111.0,29.5994,0.5495,0,2,0.1549,False,False
5070837,1026449,35140,SC,34.2834,-81.596,4539.9231,-0.6615,105.0,43.2374,1.0,0,1,0.1548,False,False
5071391,1020402,21660,OR,44.0706,-123.1047,1606.3077,1.4724,113.5,14.1525,0.6,0,0,0.1548,False,False
6294253,1030521,47220,NJ,39.4869,-75.0513,743.1538,9.3863,115.5,6.4342,0.5,0,1,0.1548,False,True
1251172,116594,48620,KS,37.5685,-97.2437,4597.6923,-7.7723,112.0,41.0508,0.9375,1,1,0.1546,False,False
1250169,8662,34580,WA,48.5053,-122.337,3275.7692,2.0147,107.5,30.4723,1.0,0,0,0.1546,False,False
6294951,1039607,30980,TX,32.5269,-94.7867,4337.3846,9.4343,112.0,38.7266,0.5,0,0,0.1545,False,False
6294473,1031368,17900,SC,34.1063,-80.8316,2244.7692,-6.7042,114.5,19.605,0.3571,0,0,0.1544,False,False
1250369,63031,31080,CA,33.922,-118.0979,2365.2308,2.7949,123.0,19.2295,0.6606,2,0,0.1543,False,False
5715221,1028035,31080,CA,34.0188,-118.4223,1827.1538,3.9701,126.0,14.5012,0.4176,2,0,0.1543,False,False
1252161,1007874,36500,WA,46.8012,-123.0129,3374.1538,4.1826,114.5,29.4686,1.0,1,0,0.1543,False,False
1251978,1008972,26420,TX,29.9792,-95.5677,2279.0,-0.1584,122.0,18.6803,0.3394,1,0,0.1542,False,False
11884388,1043501,41700,TX,29.3537,-98.5337,4851.6154,12.3239,118.0,41.1154,0.8961,2,1,0.1542,False,False
11884663,1039927,46060,AZ,32.1908,-110.8415,2591.1538,12.5723,119.0,21.7744,0.7059,1,0,0.1541,False,False
2547909,1015347,46180,MS,34.3033,-88.7067,9346.7692,-4.0396,99.5,93.9374,1.0,0,0,0.154,False,False
2544656,8789,41620,UT,40.7058,-112.0245,2475.4615,3.6926,118.0,20.9785,0.75,1,0,0.154,False,False
11884093,1039781,29820,NV,36.1738,-115.0959,3303.8462,7.2945,117.0,28.238,0.7938,1,0,0.1539,False,False
1260863,1012284,39340,UT,40.2735,-111.6784,2712.0,0.9391,109.0,24.8807,0.9167,0,0,0.1539,False,False
2546601,17270,10580,NY,42.6522,-73.7761,1310.0769,9.2361,117.0,11.1972,0.1579,0,6,0.1538,False,True
7281898,12316,41740,CA,32.9577,-117.0399,1359.1538,-0.6578,118.0,11.5183,0.1676,0,0,0.1538,False,True
1249204,6519,31080,CA,33.9747,-117.8377,3469.7692,4.6518,108.5,31.9794,0.9035,0,0,0.1537,False,False
6294297,1030279,40220,VA,37.3161,-79.9572,3765.2308,3.5192,121.5,30.9896,0.6667,2,0,0.1537,False,False
2545365,11815,31080,CA,34.0805,-118.1523,1740.6923,10.7256,130.0,13.3899,0.381,3,0,0.1536,False,True
1248454,10054,33700,CA,37.6455,-121.0184,2731.3846,4.5183,124.0,22.0273,0.5385,2,0,0.1536,False,False
1260027,11160,44180,MO,37.1826,-93.2963,3400.5385,-0.7944,115.5,29.4419,0.1111,0,1,0.1535,False,False
2544803,9417,12420,TX,30.4449,-97.7437,2129.6923,0.2862,114.5,18.5999,0.4353,0,0,0.1534,False,False
1260583,9680,12220,AL,32.618,-85.404,6485.1538,-5.6948,114.5,56.6389,1.0,2,0,0.1534,False,False
1253136,12622,12660,WI,43.6247,-89.7874,4949.8462,3.5799,105.0,47.1414,1.0,0,1,0.1534,False,False
1250043,116429,41860,CA,37.6566,-121.9002,1947.5385,0.083,118.0,16.5046,0.785,1,0,0.1534,False,False
6294776,1033287,31080,CA,33.8716,-118.1248,4473.0769,22.7855,121.5,36.8154,0.9667,3,1,0.1532,False,False
5715387,1016952,40900,CA,38.5247,-121.4421,677.9231,11.7125,121.5,5.5796,0.0147,0,0,0.1532,False,True
1251784,1008684,17820,CO,38.9012,-104.8182,2384.1538,-0.5104,112.0,21.2871,0.6452,0,0,0.1531,False,False
11884478,1044528,26620,AL,34.8053,-86.9511,1748.7692,-21.213,114.5,15.2731,0.3077,0,0,0.1531,False,False
2548552,1018298,45300,FL,27.8705,-82.7616,2211.7692,-2.1807,114.5,19.3168,0.3371,0,1,0.1531,False,False
1251653,1008946,16980,IL,42.0526,-87.9824,2763.3846,-5.6915,116.5,23.72,0.6505,1,3,0.153,False,False
7282200,1040506,11100,TX,35.2166,-101.9009,3320.5385,3.9693,122.5,27.1064,0.2222,1,0,0.153,False,False
1249685,10765,28620,NC,36.0985,-75.7246,3670.8462,11.7195,113.0,32.4854,0.5,0,0,0.153,False,False
5070189,1018606,16980,IL,41.9307,-87.8854,1204.6923,4.9384,118.0,10.2093,0.1263,0,2,0.1529,False,True
1251661,1008749,16980,IL,41.8508,-87.8022,1475.6923,-3.0866,115.5,12.7766,0.2204,0,4,0.1529,False,True
1249128,18702,41740,CA,32.8017,-117.1571,3269.6154,9.0515,121.0,27.0216,0.8208,2,0,0.1528,False,False
7282067,1039694,32940,MS,32.3641,-88.6767,6087.3077,9.7253,105.0,57.9744,1.0,0,0,0.1527,False,False
5430145,1019525,40900,CA,38.6911,-121.1246,2640.4615,-0.7345,111.0,23.7879,0.7206,0,0,0.1527,False,False
12195718,1032481,31080,CA,33.8395,-117.9421,1668.0769,4.6877,132.0,12.6369,0.3577,4,0,0.1527,False,True
2545276,11404,12060,GA,33.7228,-84.507,1352.5385,-9.7057,118.0,11.4622,0.1046,0,0,0.1526,False,True
1250606,87500,41700,TX,29.6125,-98.6022,2925.6154,3.0844,121.5,24.0791,0.3636,1,0,0.1524,False,False
1252112,1008891,12580,MD,39.5275,-76.3528,5875.3846,-0.1947,112.0,52.4588,0.9545,1,0,0.1523,False,False
1248886,7206,47260,VA,37.0797,-76.4609,3377.2308,6.1073,115.5,29.2401,0.8571,1,1,0.1523,False,False
12195798,1005878,35620,NJ,40.2917,-74.0531,3103.6923,0.6586,115.5,26.8718,0.8423,1,1,0.1523,False,False
5715246,1028704,40060,VA,37.3767,-77.5113,2176.1538,1.2998,114.5,19.0057,0.4474,0,0,0.1523,False,False
6294444,1031711,37020,MI,42.9988,-84.1205,5210.3846,-2.7271,105.0,49.6227,1.0,0,0,0.1522,False,False
5069859,1023910,34980,TN,35.5938,-87.0545,4353.7692,-8.0812,113.5,38.3592,0.8431,1,1,0.1522,False,False
1260030,8621,42220,CA,38.7835,-123.0112,1733.1538,5.4181,114.5,15.1367,0.5333,0,0,0.1522,False,False
1254706,12363,37100,CA,34.1715,-118.9559,2229.1538,-0.2032,115.0,19.3839,0.3778,0,0,0.1522,False,False
1248818,10405,12420,TX,30.5321,-97.616,1908.6923,-2.9909,115.5,16.5255,0.3412,0,0,0.1521,False,False
1253710,12238,37860,FL,30.3647,-87.1692,5603.3846,0.0522,105.0,53.3656,0.9091,0,1,0.152,False,False
1252479,1009691,13820,AL,33.3567,-86.8549,5288.3846,2.1728,115.0,45.986,0.75,1,0,0.152,False,False
5071289,1025503,31080,CA,34.2213,-118.451,2397.3077,-0.606,129.5,18.512,0.6705,5,0,0.152,False,False
5070856,1018075,11700,NC,35.5867,-82.587,2183.4615,-0.3021,113.5,19.2375,0.5333,0,0,0.152,False,False
7281733,1030411,31080,CA,33.8677,-117.7441,3270.0,-0.5172,122.5,26.6939,0.8769,3,0,0.152,False,False
1249796,6407,45300,FL,28.1834,-82.3528,4533.6154,-2.3462,114.5,39.5949,0.8427,1,0,0.152,False,False
1249064,7867,17140,OH,39.2525,-84.599,4565.5385,5.1874,116.0,39.3581,0.68,1,1,0.1519,False,False
7282212,1040039,25860,NC,35.7036,-81.296,5135.1538,-0.2808,115.5,44.4602,0.625,1,1,0.1519,False,False
2547860,1015106,35620,NJ,41.0363,-74.0301,2191.7692,-3.3743,112.0,19.5694,0.5836,0,1,0.1518,False,False
1250798,113850,38060,AZ,33.251,-111.8408,4104.4615,0.2555,119.0,34.4913,0.7913,2,1,0.1518,False,False
1250721,91221,31080,CA,34.0769,-118.0404,1865.4615,0.219,128.5,14.5172,0.4393,3,0,0.1517,False,False
11883987,1039556,16580,IL,40.3077,-88.1751,6173.0769,6.3083,104.0,59.3565,1.0,0,1,0.1516,False,False
1253170,13723,26900,IN,39.8147,-85.7691,4597.6154,2.4688,114.5,40.1538,0.878,1,0,0.1516,False,False
1260255,16273,44060,WA,47.6567,-117.2385,2885.3077,4.7708,116.5,24.7666,0.8889,1,0,0.1515,False,False
2544422,7906,42220,CA,38.4997,-122.7502,1818.8462,10.0843,114.5,15.8851,0.5667,0,0,0.1515,False,False
1248574,14563,16980,IL,41.8158,-87.8325,1893.5385,16.7244,115.5,16.3943,0.3656,0,3,0.1515,False,False
5071128,1021399,47260,VA,37.0206,-76.4436,2246.3846,7.9314,115.5,19.4492,0.3968,0,0,0.1514,False,False
1252619,1010035,41740,CA,32.95,-117.247,3880.1538,1.8639,119.0,32.6063,0.9017,2,0,0.1514,False,False
5430001,1009469,26420,TX,29.5019,-95.1177,4212.0769,1.9721,115.5,36.4682,0.8145,1,0,0.1513,False,False
5715722,1029122,33100,FL,25.7018,-80.3817,4979.6923,-4.737,112.0,44.4615,0.9064,1,2,0.1513,False,False
5715239,1029204,40380,NY,43.0683,-77.6083,3004.1538,13.3643,112.5,26.7036,0.6667,0,0,0.1513,False,False
1249443,16995,47260,VA,36.7123,-76.2764,2484.0,16.8265,114.5,21.6943,0.4762,0,1,0.1512,False,False
1260869,7398,34900,CA,38.1821,-122.2544,2083.0769,4.6651,117.0,17.8041,0.8571,1,1,0.1511,False,False
1248913,17518,33460,MN,45.1502,-93.2764,1734.4615,-12.268,114.5,15.1481,0.4,0,0,0.1509,False,False
5070840,1020375,17900,SC,34.2502,-80.6442,3332.9231,-6.9735,111.0,30.0263,0.6071,0,0,0.1508,False,False
1254688,11080,41860,CA,37.6386,-122.4208,771.0769,3.3935,131.5,5.8637,0.225,3,1,0.1508,False,True
2545062,10485,22280,NV,39.6064,-119.2228,5387.7692,-1.7341,105.0,51.3121,1.0,0,0,0.1508,False,False
13205378,1044370,23420,CA,36.7935,-119.7158,2916.8462,0.5596,119.0,24.5113,0.6,1,0,0.1507,False,False
1250201,10638,38060,AZ,33.4509,-111.735,2724.1538,6.6719,114.5,23.7917,0.4417,0,0,0.1507,False,False
11883950,1039638,34100,TN,36.1933,-83.3566,4462.6923,-2.399,113.0,39.4929,1.0,1,0,0.1507,False,False
2547645,1014433,35840,FL,27.4457,-82.5081,2728.7692,-4.9235,112.0,24.364,0.5185,0,1,0.1507,False,False
1251892,1008964,12420,TX,30.4985,-97.7229,2969.7692,-1.8283,112.0,26.5158,0.5882,0,0,0.1506,False,False
1251889,1005932,41500,CA,36.5146,-121.4369,988.3077,-2.3263,119.5,8.2704,0.0741,0,0,0.1506,False,True
5428593,1021225,16740,NC,35.2905,-80.7655,3014.3846,-2.5732,119.0,25.331,0.5658,1,0,0.1506,False,False
1253463,12661,21340,TX,31.7678,-106.3195,3342.1538,-2.1882,122.5,27.2829,0.5862,2,0,0.1505,False,False
13368232,1055779,16980,IL,42.0533,-88.3389,2407.6154,14.8756,114.5,21.0272,0.5457,0,0,0.1505,False,False
1252849,1012989,28140,KS,38.8858,-94.7233,4858.7692,-2.6254,107.5,45.1979,0.8182,0,0,0.1505,False,False
1249820,18349,28660,TX,31.0695,-97.668,3077.2308,4.9065,125.0,24.6178,0.3571,2,1,0.1505,False,False
5070958,1019298,12060,GA,33.884,-84.3162,1430.4615,-8.2359,118.0,12.1226,0.1242,0,0,0.1504,False,True
5715512,1029281,19380,OH,39.8664,-84.1374,5229.6154,-3.3233,115.5,45.2781,1.0,2,1,0.1503,False,False
2548531,1017895,15980,FL,26.6701,-81.9375,3435.3846,-0.9712,115.5,29.7436,0.8095,1,1,0.1503,False,False
6294770,1033555,12540,CA,35.3239,-119.1285,1766.2308,4.525,119.0,14.8423,0.0851,0,0,0.1503,False,False
1254655,16392,42220,CA,38.6084,-122.8729,1179.0769,1.0149,118.0,9.9922,0.2333,0,0,0.1502,False,True
1251601,1007729,27140,MS,32.434,-90.1492,4214.0,3.4951,112.0,37.625,0.5,0,0,0.1501,False,False
12196052,1042817,23420,CA,36.7072,-119.5769,2387.0769,2.2134,121.5,19.6467,0.4333,1,0,0.1499,False,False
1253160,1015905,10420,OH,41.1138,-81.5784,3117.5385,5.0302,112.0,27.8352,0.5625,0,1,0.1499,False,False
5070907,1022200,40580,NC,35.9609,-77.8218,2681.0,-7.1973,119.0,22.5294,0.5,1,1,0.1496,False,False
11884508,1044980,19100,TX,32.7628,-97.1677,3092.8462,-7.2118,119.0,25.9903,0.5278,1,0,0.1496,False,False
1251149,1005694,30780,AR,34.7579,-92.45,4696.6923,0.0721,108.5,43.2875,0.7647,0,0,0.1495,False,False
5715591,1028515,27260,FL,30.2214,-81.5647,2391.0,-0.2311,114.5,20.8821,0.3617,0,1,0.1495,False,False
1260595,14446,19780,IA,41.6559,-93.7371,4352.4615,3.8545,107.5,40.488,0.8636,0,1,0.1495,False,False
5715447,1029014,38060,AZ,33.6384,-112.423,3023.0769,3.56,126.0,23.9927,0.5388,3,1,0.1494,False,False
5429071,1017884,40900,CA,38.5582,-121.2435,2023.6154,2.7979,115.5,17.5205,0.3971,0,0,0.1494,False,False
5071138,1019286,47900,MD,39.4485,-77.388,3055.2308,-9.6394,107.5,28.4208,0.9013,0,1,0.1493,False,False
5070057,1025089,45180,AL,33.1726,-86.2831,5502.8462,-1.6498,105.0,52.4081,1.0,0,0,0.1493,False,False
2546282,15862,19820,MI,42.3051,-83.2469,3026.0,5.6791,112.0,27.0179,0.6543,0,0,0.1492,False,False
1249767,6340,16980,IL,41.7521,-87.9129,2196.3077,15.129,115.5,19.0157,0.4785,0,0,0.1492,False,False
1250577,91128,19100,TX,33.2303,-97.1622,5135.2308,7.4852,118.5,43.3353,0.8889,2,0,0.1492,False,False
7282176,1038378,29820,NV,36.1962,-115.2243,2437.6923,6.3816,114.5,21.2899,0.4845,0,0,0.1491,False,False
5428675,13045,42660,WA,47.3603,-122.0203,2356.9231,1.6758,122.0,19.319,0.799,2,0,0.149,False,False
5428922,1021091,12060,GA,33.9208,-84.1683,2692.6923,1.4109,112.0,24.0419,0.5882,0,1,0.1489,False,False
5071445,1017803,42660,WA,47.1062,-122.4354,2165.2308,8.2699,119.0,18.1952,0.7598,1,0,0.1488,False,False
6294954,1040112,19100,TX,32.8665,-96.9454,2592.0769,-5.0842,121.5,21.334,0.3611,1,0,0.1488,False,False
1259695,10570,33100,FL,26.033,-80.1976,2704.0769,-9.0573,112.0,24.1435,0.5029,0,1,0.1488,False,False
1251096,116512,27920,KS,39.0223,-96.8172,6187.6923,7.0264,105.0,58.9304,1.0,0,0,0.1487,False,False
7282439,1042727,46060,AZ,32.2068,-110.791,2117.3077,13.8055,126.0,16.804,0.4412,2,1,0.1486,False,False
13284986,1055279,11100,TX,35.1446,-101.9374,7224.1538,27.5208,112.0,64.5014,1.0,1,1,0.1485,False,False
5428903,1021090,41860,CA,37.8587,-122.1244,2171.6923,3.6531,111.0,19.5648,0.845,0,0,0.1485,False,False
7282191,1039804,28140,KS,39.0884,-94.8806,3800.6923,-4.0043,111.0,34.2405,0.6,0,0,0.1484,False,False
5428920,1021019,40340,MN,43.9894,-92.4617,1952.5385,1.3617,112.0,17.4334,0.75,0,0,0.1483,False,False
1249489,18144,41940,CA,37.1558,-121.6508,4107.1538,2.356,121.0,33.9434,1.0,3,0,0.1482,False,False
5428921,1020696,12580,MD,38.9778,-76.4885,1356.3077,-13.7631,115.0,11.794,0.3333,0,1,0.1482,False,True
6294924,1033596,40900,CA,38.8516,-121.2894,2068.7692,6.7561,115.5,17.9114,0.4338,0,0,0.1482,False,False
11884509,1045038,26900,IN,40.0651,-86.1335,5830.3077,-4.3464,105.0,55.5267,0.9512,0,0,0.1482,False,False
1249109,17397,16860,TN,35.011,-85.2148,3344.3846,0.1221,112.0,29.8606,0.5833,0,0,0.1481,False,False
5428936,1020349,36740,FL,28.5511,-81.5403,3303.5385,5.5366,112.0,29.4959,0.5604,0,1,0.1481,False,False
1260080,9522,46700,CA,38.2464,-122.0199,2665.8462,4.0034,118.0,22.5919,0.7083,1,1,0.1481,False,False
1258722,10711,26420,TX,29.4699,-95.0928,1606.8462,9.4009,126.0,12.7527,0.1403,1,0,0.1481,False,True
1249222,1006328,45300,FL,27.8938,-82.7611,1960.6154,-16.4602,115.5,16.975,0.2584,0,0,0.1481,False,False
6294382,1031577,44700,CA,38.0556,-121.2581,4135.3077,4.5041,108.0,38.2899,0.925,0,0,0.1481,False,False
1253824,12926,42660,WA,47.9304,-122.2213,1635.6923,4.3018,115.0,14.2234,0.5196,0,0,0.1479,False,False
1250396,89568,31020,WA,46.1457,-122.8959,3019.6923,-0.6152,119.0,25.3756,1.0,2,0,0.1478,False,False
1250175,10579,24540,CO,40.0871,-104.9855,3525.6923,-0.9658,108.5,32.4949,0.9,0,0,0.1478,False,False
5071271,1025497,31080,CA,34.0426,-117.8503,2807.8462,5.7692,111.0,25.2959,0.7953,0,0,0.1477,False,False
1249722,7571,38300,PA,40.3995,-80.0436,1813.3077,28.3443,118.0,15.367,0.2857,0,2,0.1476,False,False
5070335,1026190,45900,MI,44.7639,-85.5941,2629.3846,0.0322,112.0,23.4766,0.6667,0,0,0.1476,False,False
5071794,1019671,19100,TX,32.9157,-96.5225,3537.3077,7.1562,119.0,29.7253,0.6146,1,0,0.1476,False,False
1260717,7216,16980,IL,41.7001,-88.3146,3743.0769,-4.7768,114.5,32.6906,0.871,1,1,0.1475,False,False
1255222,17602,19100,TX,32.7284,-97.3884,3542.2308,0.1566,111.5,31.7689,0.6181,0,0,0.1475,False,False
1252495,14953,17460,OH,41.3211,-81.6262,2458.7692,-9.2911,112.0,21.9533,0.6111,0,0,0.1475,False,False
1249843,6923,39500,IL,39.9356,-91.3657,9086.4615,1.079,112.0,81.1291,1.0,2,1,0.1475,False,False
1253688,1006591,38900,WA,45.5963,-122.4777,2815.4615,-17.9736,119.0,23.6593,0.8843,2,0,0.1474,False,False
5715231,1029081,36700,SC,33.4852,-80.4692,3470.6154,-0.0886,114.5,30.3111,0.3333,0,0,0.1473,False,False
1255004,8922,26420,TX,30.3163,-95.4764,3666.1538,1.1331,121.5,30.1741,0.7104,2,0,0.1472,False,False
1259933,1010108,34940,FL,25.9555,-81.7227,2502.9231,2.9097,112.0,22.3475,0.6364,0,1,0.1472,False,False
1252822,1012996,10500,GA,31.6178,-84.2229,5246.8462,0.9143,112.0,46.8468,1.0,1,1,0.1472,False,False
11883944,1039107,40140,CA,33.6845,-117.3671,2573.3077,2.6481,122.5,21.0066,0.3362,1,0,0.1472,False,False
5071081,1023889,47900,VA,39.0167,-77.377,2601.0,6.8274,117.0,22.2308,0.8498,1,1,0.1471,False,False
11884287,1038593,12940,LA,30.4538,-91.093,2710.1538,0.2105,114.5,23.6695,0.4211,0,0,0.147,False,False
1254995,12481,47380,TX,31.5338,-97.1906,3561.8462,-0.0669,122.5,29.0763,0.1429,1,1,0.1469,False,False
13368134,1039502,31080,CA,34.2472,-118.2791,2057.2308,7.5698,121.5,16.9319,0.5374,1,0,0.1469,False,False
1252372,1009371,31080,CA,34.087,-117.9082,1204.2308,-3.626,125.0,9.6338,0.1963,1,0,0.1468,False,True
1249384,10101,48700,PA,41.2413,-76.9966,4003.2308,6.1822,112.0,35.7431,0.5,0,1,0.1468,False,False
5072039,15623,38060,AZ,33.4628,-112.3555,5977.1538,8.7135,122.5,48.7931,0.9466,4,0,0.1468,False,False
1250121,10952,12060,GA,34.1718,-84.5481,5309.5385,-7.7799,105.0,50.567,0.9216,0,1,0.1467,False,False
6294306,1030067,18140,OH,39.8973,-82.8816,2281.5385,4.4844,115.5,19.7536,0.4035,0,0,0.1467,False,False
5070115,1023306,29460,FL,27.9101,-81.8429,2469.8462,-0.295,115.5,21.3839,0.2727,0,1,0.1466,False,False
1252667,1010327,41740,CA,32.9619,-117.1901,2385.0,1.0165,114.0,20.9211,0.5202,0,0,0.1465,False,False
6294108,1031166,38060,AZ,33.5828,-112.0127,2191.6154,-4.4856,115.5,18.975,0.2718,0,1,0.1464,False,False
5070055,1018918,13820,AL,33.4449,-86.8267,4964.6923,2.3469,108.5,45.7575,0.7083,0,1,0.1464,False,False
2544805,9430,16980,IL,41.7464,-87.7992,2951.0769,10.6994,111.0,26.5863,0.7177,0,2,0.1463,False,False
7282119,1040138,15980,FL,26.5294,-81.8484,2740.8462,-2.7671,112.0,24.4718,0.5714,0,1,0.1462,False,False
1250000,10882,23180,KY,38.1767,-84.8138,3685.0769,1.2769,112.0,32.9025,0.5,0,1,0.1462,False,False
2544452,8012,33100,FL,25.7909,-80.1344,3703.3077,-4.4327,122.5,30.2311,0.7778,3,1,0.1461,False,False
6294984,1039663,17900,SC,33.9226,-81.2902,5103.3077,1.0387,107.5,47.4726,0.8571,0,0,0.1461,False,False
1249669,6678,40140,CA,34.0492,-117.2257,3128.5385,5.9168,120.5,25.963,0.5197,1,0,0.1461,False,False
1252501,1009749,47260,VA,36.9176,-76.1937,2381.2308,-0.463,114.5,20.7968,0.4603,0,0,0.1461,False,False
1259829,16186,45300,FL,28.0325,-82.5413,3180.5385,13.0286,119.0,26.7272,0.6404,1,1,0.1461,False,False
5070095,1019334,33100,FL,26.5272,-80.1861,3434.4615,14.3765,112.0,30.6648,0.7076,0,0,0.1459,False,False
13205535,1053254,38300,PA,40.5897,-79.75,6188.0,7.7385,112.0,55.25,0.9683,1,1,0.1458,False,False
1249267,17296,38060,AZ,33.6558,-112.374,2841.0,21.8589,122.5,23.1918,0.4757,1,0,0.1458,False,False
6294540,1031804,37980,DE,39.6341,-75.6564,2441.3846,4.7943,112.0,21.7981,0.6715,0,1,0.1457,False,False
5715755,1029290,30020,OK,34.6293,-98.4928,5831.9231,-1.9439,112.0,52.0707,1.0,1,0,0.1456,False,False
2547843,1015078,42020,CA,35.3114,-120.8312,3049.3846,-1.339,112.0,27.2266,0.625,0,0,0.1456,False,False
1252635,1010095,19820,MI,42.6297,-82.9138,4681.7692,0.2669,114.5,40.8888,0.9012,1,0,0.1455,False,False
2546386,16304,33100,FL,26.306,-80.278,2677.0769,-13.5783,112.0,23.9025,0.4971,0,1,0.1454,False,False
1259797,17125,29380,FL,30.1798,-82.6732,9424.3077,3.2087,112.0,84.1456,1.0,2,1,0.1454,False,False
1259593,9599,41860,CA,37.6992,-121.8176,1013.6154,4.1825,118.0,8.59,0.32,0,0,0.1454,False,True
5071787,1025237,19100,TX,32.8642,-97.1867,2720.0769,-3.1603,114.5,23.7561,0.4062,0,0,0.1454,False,False
5430149,1024442,23540,FL,29.6672,-82.3395,4117.5385,-6.4899,108.5,37.9497,0.6667,0,3,0.1453,False,False
11884154,1040429,12060,GA,33.6149,-84.614,3154.3077,8.1895,111.0,28.4172,0.7255,0,1,0.1452,False,False
1251772,1006813,29540,PA,40.1655,-76.1582,2886.6923,6.1674,112.0,25.774,0.6364,0,1,0.1452,False,False
1251831,1008757,19100,TX,32.8119,-96.7302,1740.9231,6.7497,119.0,14.6296,0.1493,0,0,0.1451,False,False
2548068,1015745,25060,MS,30.412,-88.7823,5777.9231,-2.1099,108.5,53.2527,0.6667,0,0,0.145,False,False
1250073,11039,31080,CA,33.8967,-118.3521,2084.1538,4.6909,129.5,16.0939,0.5507,4,1,0.145,False,False
12196107,1040313,21020,NC,36.2943,-76.2399,3759.3077,0.9982,112.0,33.5652,0.5,0,1,0.1449,False,False
5070594,7412,37980,PA,40.206,-75.0992,2083.7692,-6.0258,112.0,18.6051,0.5182,0,5,0.1449,False,False
2545034,10375,47900,MD,39.0218,-76.9765,1924.9231,24.864,114.5,16.8116,0.7296,0,0,0.1448,False,False
1252081,1007185,31080,CA,33.8102,-118.1056,2929.3846,2.4453,121.5,24.1102,0.817,2,0,0.1448,False,False
1250598,89148,31080,CA,33.7298,-117.9954,2997.5385,7.3883,126.0,23.79,0.8319,4,1,0.1447,False,False
6294897,1039262,36740,FL,28.5916,-81.7225,3591.5385,3.9195,112.0,32.0673,0.6154,0,0,0.1447,False,False
13368300,1052716,32900,CA,37.0567,-120.8228,1806.2308,4.9289,125.0,14.4498,0.2143,1,0,0.1446,False,False
1249905,6896,29180,LA,29.985,-91.8189,3530.2308,-2.4487,112.0,31.5199,0.5714,0,0,0.1446,False,False
2548296,1016563,41740,CA,32.7437,-117.0432,2990.1538,1.066,127.0,23.5445,0.7514,4,0,0.1445,False,False
1260102,16681,20940,CA,32.7915,-115.5702,2966.8462,6.1922,125.0,23.7348,0.5,2,0,0.1444,False,False
1260155,11762,46180,MS,34.2552,-88.7449,4543.8462,-1.7808,111.0,40.9356,0.5,0,1,0.1443,False,False
2544293,7386,29460,FL,27.9782,-81.9575,3443.0,11.2882,114.5,30.0699,0.4545,0,0,0.1442,False,False
7282127,1040418,21340,TX,31.8086,-106.247,3397.2308,11.438,119.0,28.5482,0.6207,1,1,0.1442,False,False
5071400,1025252,10140,WA,47.0071,-123.3888,2190.0,12.463,115.5,18.961,0.5,0,0,0.1441,False,False
2546160,15281,47900,VA,38.78,-77.2354,1156.7692,-1.1763,117.0,9.8869,0.3734,0,0,0.1441,False,True
1260377,15658,16740,SC,34.9764,-80.9897,3026.3077,-0.1193,112.0,27.0206,0.5789,0,1,0.144,False,False
2546591,17234,24300,CO,39.0871,-108.46,4511.3846,3.2881,108.5,41.5796,0.8571,0,0,0.1439,False,False
5070476,1027169,39540,WI,42.7252,-87.9499,768.6154,5.2011,119.0,6.459,0.2,0,1,0.1439,False,True
1249518,7546,16980,IL,41.9552,-87.8715,1858.1538,5.8731,115.5,16.0879,0.3441,0,3,0.1439,False,False
1251513,1008742,40900,CA,38.8012,-121.2042,4521.4615,13.0539,115.0,39.3171,0.9853,1,0,0.1438,False,False
1254897,1010519,35380,LA,30.0011,-90.1306,3015.8462,-0.6965,114.5,26.3393,0.4074,0,0,0.1438,False,False
7282426,69556,40140,CA,33.7474,-117.4536,1624.3846,0.2136,126.0,12.8919,0.1004,1,0,0.1437,False,True
2545554,12703,24780,NC,35.5822,-77.373,3185.9231,-13.4405,121.5,26.2216,0.6,2,1,0.1436,False,False
2544985,1011707,40380,NY,43.1986,-77.5774,3908.6154,3.1506,115.5,33.8408,0.7778,1,3,0.1435,False,False
2547792,1014902,12540,CA,35.351,-119.1206,3936.3077,2.6231,120.5,32.6665,0.8298,2,0,0.1433,False,False
5071343,1025047,40140,CA,33.7444,-117.0203,3637.0769,11.1236,118.0,30.8227,0.7031,1,1,0.1433,False,False
11884495,1044874,41700,TX,29.7156,-98.0705,2494.6923,77.6457,129.5,19.264,0.2208,1,1,0.1432,False,False
1249322,10896,38060,AZ,33.48,-112.0134,3242.6154,-0.8118,118.0,27.4798,0.6068,1,2,0.1432,False,False
1260748,8229,31080,CA,34.1869,-118.3179,2226.5385,3.7195,128.5,17.3271,0.6057,4,2,0.1431,False,False
5071082,1023213,47900,VA,38.8865,-77.4449,2385.9231,8.7019,118.0,20.2197,0.8197,1,1,0.143,False,False
1250764,91202,34900,CA,38.2993,-122.2859,861.7692,-35.8839,115.5,7.4612,0.2857,0,0,0.143,False,True
1260114,1010514,16740,NC,35.5941,-80.8646,4704.7692,-4.4075,118.0,39.8709,0.8684,2,1,0.1428,False,False
7281966,1039194,35620,NY,40.5912,-73.8011,2271.8462,4.7379,112.0,20.2843,0.6435,0,3,0.1428,False,False
6294844,1033530,24660,NC,36.0053,-80.0363,2354.3077,2.0676,115.0,20.4722,0.3889,0,1,0.1427,False,False
5715194,1028124,45300,FL,28.1388,-82.3581,2583.3077,8.5599,114.5,22.5616,0.427,0,2,0.1426,False,False
5715386,1029839,38900,OR,45.4101,-122.5241,3048.6923,7.6457,117.0,26.0572,0.9174,1,0,0.1426,False,False
1252268,1008692,17300,TN,36.5792,-87.4102,3429.0,9.6335,115.5,29.6883,0.2857,0,1,0.1426,False,False
12195934,1043615,14180,AR,35.9292,-89.8682,5830.7692,-4.1004,105.0,55.5311,1.0,0,0,0.1426,False,False
13205482,1040304,42540,PA,41.25,-75.8428,5690.5385,1.7859,112.0,50.8084,1.0,1,1,0.1425,False,False
1249882,10460,45300,FL,27.8797,-82.8274,2582.0769,1.8787,114.5,22.5509,0.4157,0,1,0.1425,False,False
1251747,1007716,23060,IN,41.0737,-85.2704,3134.6923,5.715,114.0,27.4973,0.4375,0,1,0.1425,False,False
6294404,1031557,38060,AZ,33.22,-111.6337,3393.3846,5.0684,119.0,28.5158,0.6553,1,0,0.1425,False,False
1259604,14793,45820,KS,39.0449,-95.7623,3809.0,-0.7258,114.5,33.2664,0.3333,0,0,0.1424,False,False
2546605,17289,42740,MO,38.7087,-93.2645,3291.4615,2.3758,108.5,30.3361,1.0,0,0,0.1422,False,False
7281750,18180,12580,MD,39.3646,-77.1598,5436.5385,19.8999,114.5,47.4807,0.9394,1,1,0.1422,False,False
2548008,1015547,47920,OH,39.6183,-83.604,3693.0769,7.7327,108.5,34.0376,1.0,0,0,0.142,False,False
13205494,1040505,35620,NJ,40.5394,-74.3693,2797.3846,23.551,112.0,24.9766,0.7729,0,2,0.142,False,False
1256367,16237,40140,CA,33.5952,-117.243,5379.3077,3.2161,117.25,45.879,0.9389,2,1,0.1419,False,False
7282154,1040118,34820,SC,33.8684,-78.6355,4994.4615,-3.9001,108.5,46.0319,0.6923,0,1,0.1419,False,False
1249070,17750,26420,TX,29.7838,-95.8075,2631.9231,-0.2158,114.5,22.9862,0.4706,0,0,0.1418,False,False
1249269,17102,44700,CA,38.1378,-121.288,2788.8462,2.7869,115.5,24.1459,0.375,0,0,0.1417,False,False
13368398,1039811,45940,NJ,40.3281,-74.7981,2663.9231,3.2036,112.0,23.785,0.6667,0,1,0.1417,False,False
13284974,1042004,12420,TX,30.336,-97.7176,810.6154,4.9811,121.5,6.6717,0.0353,0,0,0.1417,False,True
2544326,7563,47900,VA,38.9647,-78.1893,3709.5385,-1.2673,114.5,32.3977,0.9528,1,1,0.1416,False,False
5715639,1022896,37980,PA,39.9058,-75.568,3015.0,-4.0068,110.0,27.4091,0.8467,0,0,0.1416,False,False
2547809,1014972,19740,CO,39.6825,-105.0818,2792.7692,5.2531,110.5,25.2739,0.8244,0,1,0.1416,False,False
1252992,14053,16980,IL,41.7658,-87.5856,1922.7692,-1.6989,115.0,16.7197,0.3763,0,2,0.1416,False,False
1259068,14160,38300,PA,40.3815,-80.0957,2992.2308,-0.3714,112.0,26.7163,0.6032,0,1,0.1414,False,False
2545549,12684,19100,TX,32.9736,-97.0376,3445.2308,-3.3033,112.0,30.761,0.6007,0,0,0.1414,False,False
2546754,17879,29820,NV,35.9416,-115.1166,4189.2308,5.4119,115.5,36.2704,0.9278,1,0,0.1414,False,False
6294326,1029980,40140,CA,33.5702,-117.183,4154.5385,1.5971,125.0,33.2363,0.7991,4,1,0.1414,False,False
1248837,8591,18140,OH,39.9926,-83.0253,2555.6923,-0.4584,135.5,18.8612,0.4737,8,1,0.1413,False,False
2544731,9093,29820,NV,36.2599,-115.1557,1756.3077,-2.7101,118.0,14.884,0.2062,0,0,0.1413,False,False
5071142,1021957,12580,MD,38.947,-76.4877,2010.6923,-0.4911,113.5,17.7154,0.5758,0,1,0.1413,False,False
1251657,1008833,17140,OH,39.3798,-84.2216,4554.0,3.9763,118.0,38.5932,0.64,1,0,0.1412,False,False
13368322,1045399,18980,AL,34.206,-86.866,4192.7692,-5.9284,112.0,37.4354,0.5,0,0,0.1412,False,False
7281741,1030638,40060,VA,37.4422,-77.5837,2826.9231,3.8752,112.0,25.2404,0.6579,0,1,0.1412,False,False
1255377,1010260,41620,UT,40.6596,-111.8879,1889.3077,3.7774,114.5,16.5005,0.5938,0,0,0.1411,False,False
5070053,1022790,36740,FL,28.5506,-81.5803,3304.4615,-0.3641,112.0,29.5041,0.5714,0,1,0.1411,False,False
1254590,15027,31080,CA,33.8041,-118.17,2124.5385,8.8391,128.5,16.5334,0.5707,3,0,0.1411,False,False
13368110,1044198,13820,AL,33.8412,-87.2393,6854.1538,1.5777,105.0,65.2777,0.875,0,1,0.141,False,False
5715372,1029614,41740,CA,32.8272,-116.9011,1387.0,1.0027,119.0,11.6555,0.1792,0,0,0.141,False,True
13368150,1040705,44700,CA,37.7395,-121.4163,1674.7692,-4.5171,119.0,14.0737,0.1,0,0,0.141,False,True
1251753,1008837,35620,NJ,40.0458,-74.2244,2241.1538,-9.1008,112.0,20.0103,0.6215,0,1,0.141,False,False
13368141,1052238,36740,FL,28.3461,-81.6493,4787.1538,9.9193,108.5,44.1212,0.8352,0,1,0.1409,False,False
1249874,6612,26420,TX,29.9964,-95.5729,2905.4615,-4.6211,126.0,23.0592,0.5566,3,1,0.1408,False,False
13205371,1044112,41940,CA,37.3196,-121.8096,3572.0769,-4.4211,126.0,28.3498,0.96,5,0,0.1407,False,False
5070886,1020283,24660,NC,36.0563,-79.8969,2808.2308,-0.4119,121.5,23.113,0.4444,1,0,0.1407,False,False
1259983,12510,12540,CA,35.4127,-119.0585,4725.0769,2.6007,107.5,43.9542,0.9574,0,0,0.1407,False,False
2547614,1014347,30780,AR,34.82,-92.234,2692.4615,-0.7317,114.5,23.5149,0.4706,0,0,0.1405,False,False
1249696,7693,31080,CA,34.1236,-118.2196,2644.3846,0.8094,125.5,21.0708,0.7537,3,0,0.1404,False,False
5069963,1019051,10420,OH,41.1365,-81.6397,3048.0,7.522,114.5,26.6201,0.5,0,0,0.1403,False,False
13368393,1040294,40900,CA,38.4369,-121.3979,4050.0,-0.4086,115.0,35.2174,0.9559,1,0,0.1402,False,False
7282113,1037969,35840,FL,27.073,-82.2083,5311.5385,-9.4462,105.0,50.5861,0.963,0,1,0.1402,False,False
1249323,17261,12540,CA,35.3831,-119.1489,3788.9231,2.3799,116.5,32.5229,0.7872,1,1,0.1399,False,False
1252094,1011850,16980,IL,42.1387,-88.0251,3998.3077,-0.8337,119.0,33.5992,0.8925,2,1,0.1399,False,False
1253126,14152,33340,WI,42.9388,-88.0477,3784.1538,3.3726,108.5,34.877,0.902,0,1,0.1398,False,False
13368181,1044150,23420,CA,36.7509,-120.3875,3165.6154,11.2033,113.0,28.0143,0.6667,0,0,0.1398,False,False
5430146,1024756,34820,SC,33.7993,-78.7359,4018.4615,-5.0337,112.0,35.8791,0.5385,0,0,0.1398,False,False
11884149,1040779,28740,NY,42.0837,-73.9688,2469.8462,-1.5817,112.0,22.0522,0.6667,0,1,0.1397,False,False
1251242,1005697,31540,WI,43.1664,-89.2698,6306.0,-8.9113,112.0,56.3036,0.9444,1,0,0.1397,False,False
1251292,1006546,19100,TX,32.9194,-97.1178,2667.4615,3.9759,115.0,23.1953,0.3958,0,1,0.1397,False,False
1260389,16543,17660,ID,47.7144,-116.8954,1864.8462,11.8839,115.5,16.1459,0.5714,0,0,0.1396,False,False
11884008,1039169,37860,FL,30.4022,-86.8776,6348.6923,-0.3333,105.0,60.4637,1.0,0,0,0.1395,False,False
1251377,1005879,47260,VA,37.3162,-76.7348,2865.0,2.6514,112.0,25.5804,0.7302,0,0,0.1395,False,False
5715165,1027844,47900,VA,38.7394,-77.2118,1447.8462,2.4159,115.5,12.5355,0.5494,0,0,0.1394,False,True
1260531,9585,33460,MN,44.8332,-92.9571,3496.6154,-0.3092,115.5,30.2737,0.9,1,1,0.1394,False,False
13205484,1040328,49660,PA,41.2338,-80.4708,4437.3077,2.6314,119.0,37.2883,0.5556,1,0,0.1393,False,False
1252188,1007071,31140,KY,38.2892,-85.5107,3639.6154,5.1398,112.0,32.4966,0.6667,0,0,0.1392,False,False
13368276,1054774,18880,FL,30.457,-86.6369,3035.6154,6.4152,115.5,26.2824,0.4,0,0,0.1391,False,False
5071992,1018605,41100,UT,37.1274,-113.5245,2398.3077,10.0763,115.5,20.7646,0.5,0,0,0.1391,False,False
5070345,1021403,23060,IN,41.1276,-85.013,3885.6154,0.2819,115.5,33.6417,0.9375,1,0,0.1391,False,False
1249033,1010242,47260,VA,36.7487,-76.5824,2740.1538,-2.3948,112.0,24.4657,0.6349,0,1,0.1391,False,False
7281974,1039724,38060,AZ,33.3641,-111.7893,3711.4615,-6.9881,121.5,30.547,0.7087,2,0,0.1391,False,False
2545988,14537,35380,LA,29.8801,-90.0982,2954.4615,1.4394,115.5,25.5798,0.3704,0,0,0.1389,False,False
5070729,1023558,35620,NJ,40.4211,-74.5283,2380.6154,-2.832,112.0,21.2555,0.6751,0,1,0.1388,False,False
2547697,1014565,45300,FL,27.8392,-82.7875,2526.9231,-8.3273,114.5,22.0692,0.3708,0,1,0.1388,False,False
13205478,1042960,12580,MD,39.5846,-76.988,6585.5385,1.9555,105.0,62.7194,1.0,0,0,0.1386,False,False
2545053,10452,17980,GA,32.5315,-84.9694,4964.5385,-2.227,118.0,42.0724,0.5,1,1,0.1385,False,False
12196152,8904,27260,FL,30.2886,-81.4357,4332.3077,-0.3697,108.5,39.9291,0.8936,0,0,0.1385,False,False
13368210,1038463,16980,IL,41.7762,-87.7418,2295.8462,10.7458,120.5,19.0527,0.5161,1,5,0.1385,False,False
1251949,1008968,41860,CA,38.0054,-121.7527,1056.3077,-2.2007,124.5,8.4844,0.35,1,0,0.1385,False,True
1249600,10533,36740,FL,28.6688,-81.4417,2804.3846,-3.1789,114.5,24.4924,0.3846,0,1,0.1385,False,False
2544693,8952,26420,TX,30.1678,-95.504,3805.6923,15.1683,112.0,33.9794,0.7376,0,0,0.1384,False,False
11884235,1038123,24860,SC,34.4828,-82.6652,7122.1538,8.8515,105.0,67.83,1.0,0,0,0.1383,False,False
12196072,1052887,19100,TX,33.0235,-96.5168,3822.3077,3.9975,111.0,34.4352,0.6771,0,1,0.1382,False,False
11884344,1042866,46060,AZ,32.165,-110.943,2138.8462,10.5874,115.5,18.5181,0.4706,0,1,0.1381,False,False
2544402,7839,18880,FL,30.4299,-86.6388,2538.0,-0.7759,115.5,21.974,0.3333,0,1,0.1381,False,False
1248756,10219,24860,SC,34.8603,-82.2652,4564.8462,-5.7569,115.0,39.6943,0.8056,1,1,0.1381,False,False
1249408,18293,40140,CA,33.5997,-117.1757,3288.3846,1.3346,124.0,26.5192,0.5852,2,0,0.1381,False,False
6294910,1039432,20100,DE,39.1043,-75.5409,2027.9231,0.5071,112.0,18.1065,0.75,0,1,0.138,False,False
1250995,1007087,45300,FL,27.9601,-82.7466,5605.0,-2.2602,105.0,53.381,0.9663,0,2,0.138,False,False
5070969,1022521,24860,SC,34.7777,-82.3097,2886.5385,-2.044,114.5,25.2099,0.3889,0,1,0.138,False,False
11884065,1039764,24860,SC,34.9002,-82.2555,4716.5385,-3.3024,108.5,43.4704,0.8333,0,0,0.1379,False,False
1248800,10132,37900,IL,40.5433,-89.599,5751.7692,4.977,107.5,53.5048,0.8889,0,0,0.1379,False,False
1249386,7442,24940,SC,34.2113,-82.179,4856.3846,-0.6937,119.0,40.81,0.5,1,0,0.1378,False,False
5071771,1026331,19100,TX,32.5696,-97.1152,4077.3077,5.2585,118.0,34.5535,0.7292,1,0,0.1378,False,False
11884221,1038402,27900,MO,37.0843,-94.5315,4089.2308,0.2792,115.5,35.4046,0.25,0,0,0.1377,False,False
11884249,1038451,45300,FL,27.9167,-82.7271,2850.7692,2.7703,114.5,24.8975,0.5056,0,0,0.1377,False,False
5715191,1028367,20500,NC,35.9699,-79.0635,2207.3846,-8.8147,112.0,19.7088,0.7273,0,0,0.1377,False,False
2546814,18156,16980,WI,42.5661,-87.9271,4230.1538,4.367,119.0,35.5475,0.9301,2,1,0.1377,False,False
6294346,1031280,19100,TX,32.4468,-97.385,8137.1538,19.664,105.0,77.4967,0.9826,0,0,0.1377,False,False
7282331,1040855,26420,TX,29.8796,-95.6413,2649.0769,7.327,121.5,21.8031,0.4796,1,1,0.1376,False,False
2547578,1014222,26420,TX,29.5373,-95.1523,5321.7692,2.7781,121.5,43.8006,0.9231,3,0,0.1376,False,False
6294231,1030658,34620,IN,40.1144,-85.5667,2438.9231,-24.257,114.5,21.3006,0.3333,0,0,0.1376,False,False
5715300,1028803,37620,WV,39.2177,-81.5463,3442.3077,-0.5047,108.5,31.7263,1.0,0,0,0.1375,False,False
1249523,17405,31140,KY,38.2196,-85.6265,2869.2308,0.0671,122.5,23.4223,0.3667,1,0,0.1375,False,False
7282232,1040119,31340,VA,37.4435,-79.1204,5641.9231,1.0693,106.0,53.2257,1.0,0,0,0.1375,False,False
6294834,1031533,13820,AL,33.3832,-86.7397,4254.2308,-4.031,112.0,37.9842,0.5417,0,0,0.1374,False,False
5071322,1022604,40140,CA,33.9639,-117.6923,1866.3846,1.0495,126.0,14.8126,0.1354,1,0,0.1373,False,False
13205467,1054481,12060,GA,33.4599,-84.1945,1454.4615,1.645,119.0,12.2224,0.1373,0,1,0.1373,False,True
1251622,1008746,35620,NJ,40.5909,-74.4986,2373.6154,6.6351,112.0,21.193,0.6719,0,4,0.1372,False,False
12195928,17996,23940,WY,44.2742,-105.4947,5104.3077,1.9779,118.0,43.2568,1.0,2,0,0.1372,False,False
2547816,1014988,31080,CA,34.0461,-118.3761,2944.1538,16.6748,122.5,24.0339,0.822,2,1,0.1372,False,False
6294225,1030533,45300,FL,28.1948,-82.507,5596.3846,-9.861,105.0,53.2989,0.9551,0,1,0.1371,False,False
11884062,1033254,33100,FL,26.9658,-80.0862,3141.6154,2.6027,112.0,28.0501,0.6491,0,1,0.137,False,False
1252759,1013006,16580,IL,40.0916,-88.2463,3892.3077,-15.5061,108.5,35.8738,0.8333,0,0,0.1369,False,False
1249775,17012,35620,NY,41.4532,-74.3825,4252.7692,-0.4967,118.0,36.0404,0.9558,2,2,0.1369,False,False
1255285,11632,13140,TX,30.1161,-94.1693,3547.8462,-3.4701,125.0,28.3828,0.4286,2,0,0.1368,False,False
1249378,6730,48540,OH,40.0711,-80.8659,6896.9231,2.3364,112.0,61.5797,1.0,1,0,0.1368,False,False
2545179,10975,37340,FL,28.1643,-80.6725,3155.6923,-6.547,114.5,27.5606,0.3333,0,1,0.1368,False,False
5070259,1021105,16980,IL,41.7933,-87.7032,2327.6923,3.5521,124.0,18.7717,0.5188,2,5,0.1367,False,False
1260421,6825,41860,CA,38.0025,-121.7318,2827.5385,0.6297,117.0,24.167,0.935,1,0,0.1367,False,False
11884418,1043854,44420,VA,38.0342,-79.0377,6915.1538,4.307,105.0,65.8586,1.0,0,0,0.1367,False,False
13368158,1039374,26420,TX,29.5437,-95.5462,2958.4615,12.6604,114.5,25.8381,0.5837,0,0,0.1366,False,False
1254633,18424,31080,CA,33.8185,-118.3857,1517.7692,0.4736,118.0,12.8625,0.3012,0,0,0.1366,False,True
1259753,15365,34980,TN,35.9477,-86.8217,4522.0,-2.0282,114.5,39.4934,0.8627,1,2,0.1366,False,False
1248778,17452,19780,IA,41.5443,-93.6447,4894.1538,-0.0173,107.5,45.527,0.9545,0,0,0.1364,False,False
1260471,15767,23060,IN,41.0985,-85.0905,3349.1538,-6.9759,112.0,29.9032,0.625,0,0,0.1364,False,False
2545005,10223,21340,TX,31.8394,-106.5725,2943.0769,11.5322,123.0,23.9275,0.4138,1,0,0.1363,False,False
1248555,7416,49660,OH,41.2174,-80.7413,7217.8462,0.9435,112.0,64.4451,0.8889,1,1,0.1363,False,False
2544785,9338,31080,CA,34.0057,-118.1526,2384.3077,0.071,127.0,18.7741,0.6672,3,0,0.1362,False,False
5070334,1025815,24340,MI,42.9718,-85.6402,2601.9231,2.5559,114.5,22.7242,0.5455,0,0,0.1361,False,False
5715695,1029921,45820,KS,39.0906,-95.6697,4731.3077,3.0095,107.5,44.0122,1.0,0,0,0.1361,False,False
1260467,7440,33100,FL,25.7605,-80.4253,3132.0,-0.7024,112.0,27.9643,0.6316,0,1,0.136,False,False
5070615,1025257,46540,NY,43.094,-75.3078,5820.6923,2.726,105.0,55.4352,1.0,0,2,0.136,False,False
5428552,1008800,16980,IL,41.7982,-87.7435,2810.4615,1.2162,124.5,22.574,0.6667,3,7,0.136,False,False
5071632,1025837,46620,TX,29.2118,-99.7779,920.7692,45.9044,115.5,7.972,1.0,0,0,0.1359,False,True
2546485,16757,35620,NJ,41.011,-74.1673,2270.3846,-11.7506,112.0,20.2713,0.6404,0,1,0.1359,False,False
6294279,1030520,38060,AZ,33.3912,-111.6679,3730.0769,-2.4973,118.0,31.6108,0.7184,1,0,0.1359,False,False
2547893,1015261,23420,CA,36.7344,-120.0434,1900.2308,3.3425,125.0,15.2018,0.2667,1,0,0.1358,False,False
6294196,1030670,12420,TX,30.528,-97.6897,3317.1538,0.2324,119.0,27.8752,0.6824,1,0,0.1357,False,False
11884144,1038509,18880,FL,30.3874,-86.4711,7575.7692,2.0232,112.0,67.6408,0.8667,1,1,0.1356,False,False
1250834,91101,31080,CA,34.0191,-118.1536,2148.0,4.1629,128.5,16.716,0.579,3,0,0.1355,False,False
5430003,1027426,22380,AZ,35.2236,-111.5836,3842.2308,5.6317,119.0,32.2877,1.0,2,1,0.1354,False,False
2544806,9432,31980,IN,40.5321,-85.6729,3579.8462,1.2092,115.5,30.9943,0.3333,0,0,0.1352,False,False
1254433,14759,41940,CA,37.3528,-122.0513,1763.0769,7.8487,115.5,15.2647,0.59,0,0,0.1351,False,False
5715556,1022210,41740,CA,33.1042,-117.0767,3067.0,6.2235,119.0,25.7731,0.763,1,0,0.1351,False,False
5430028,1026275,38060,AZ,33.4806,-112.0424,2250.3077,16.2026,118.0,19.0704,0.2864,0,1,0.1351,False,False
1250042,10643,42780,PA,40.8403,-76.8304,5999.5385,-2.2289,112.0,53.5673,1.0,1,1,0.135,False,False
2547414,1010235,40900,CA,38.5501,-121.6947,4278.3846,4.9633,115.5,37.0423,0.9706,1,0,0.135,False,False
11884329,1042834,12540,CA,35.2096,-118.8279,3104.5385,14.2344,114.5,27.1139,0.5957,0,0,0.1349,False,False
2544833,9555,26420,TX,29.5095,-95.1873,2812.6154,2.5926,114.5,24.5643,0.5339,0,0,0.1348,False,False
2546200,15443,31080,CA,33.6936,-117.9546,2039.5385,0.2154,114.5,17.8126,0.5308,0,1,0.1348,False,False
5071033,1021188,12580,MD,39.5615,-76.3732,2878.1538,15.5599,112.0,25.6978,0.803,0,1,0.1348,False,False
11884138,1039828,25860,NC,35.7355,-81.365,5269.6923,-0.7174,108.5,48.5686,0.75,0,1,0.1348,False,False
2544874,9731,20940,CA,32.7667,-115.5329,2826.3846,15.5004,124.0,22.7934,0.375,1,0,0.1347,False,False
1249360,17420,45460,IN,39.4713,-87.3785,3211.6923,3.6055,114.5,28.0497,0.5,0,0,0.1347,False,False
2547680,1014531,18140,OH,40.0541,-82.8631,2957.4615,-2.5153,112.0,26.4059,0.6491,0,1,0.1346,False,False
1255511,12673,41940,CA,37.2508,-121.8659,3637.0769,0.2417,125.0,29.0966,0.97,4,0,0.1345,False,False
5069845,1025262,16860,TN,35.086,-85.0659,2943.6923,-4.1455,113.5,25.9356,0.5,0,1,0.1344,False,False
1255483,13785,26420,TX,29.9978,-95.178,3905.0,3.8479,125.0,31.24,0.7557,3,0,0.1344,False,False
5715334,1029842,45140,OK,35.8779,-94.9752,1174.6923,5.3899,112.0,10.4883,1.0,0,0,0.1344,False,True
13368248,8585900,30980,TX,32.5341,-94.9322,3618.9231,5.8879,115.5,31.3327,0.375,0,0,0.1344,False,False
1249680,10746,33100,FL,26.1211,-80.3307,3202.4615,2.6531,112.0,28.5934,0.6667,0,1,0.1343,False,False
2547689,1014554,31080,CA,33.9307,-118.3531,1661.6923,5.6126,131.5,12.6364,0.3561,3,0,0.1342,False,True
1260386,9662,23420,CA,36.8367,-119.8079,3068.0769,4.4739,120.5,25.4612,0.6167,1,0,0.1342,False,False
6294236,1030667,22220,AR,36.0389,-94.2537,3233.3077,-9.31,115.5,27.994,0.2941,0,0,0.1342,False,False
2548390,1017156,26420,TX,30.1127,-95.387,5506.6154,1.9221,114.5,48.0927,0.9276,1,0,0.1342,False,False
1249626,20214,12580,MD,39.0806,-76.5478,3583.8462,5.9201,117.0,30.6312,0.8485,1,1,0.1342,False,False
1248399,7909,16740,NC,35.0887,-80.8718,3064.4615,-3.6706,112.0,27.3613,0.6316,0,1,0.1342,False,False
7282086,1040168,16980,IL,41.4838,-87.7343,3132.0,13.4624,112.0,27.9643,0.7634,0,1,0.1342,False,False
5428940,1020333,26420,TX,29.6508,-95.1386,2583.7692,3.3063,122.5,21.092,0.4525,1,0,0.1342,False,False
5071560,1026742,41700,TX,29.5348,-98.3937,3159.5385,6.0138,115.5,27.3553,0.4286,0,0,0.134,False,False
1249690,90026,10420,OH,41.1568,-81.4086,3940.7692,-3.5307,115.5,34.1192,0.875,1,1,0.1339,False,False
1251396,1007091,47900,MD,39.3258,-77.3496,3662.1538,-4.6486,119.0,30.7744,0.9485,2,1,0.1339,False,False
1253325,13741,48620,KS,37.7383,-97.244,5174.6923,12.7894,108.0,47.9138,1.0,0,0,0.1339,False,False
2548213,1016268,49620,PA,39.9384,-76.6922,4659.1538,-3.7518,108.5,42.9415,0.8,0,1,0.1339,False,False
1249235,6938,37980,NJ,39.8029,-75.0418,2601.7692,9.2968,112.0,23.2301,0.7226,0,3,0.1336,False,False
1249703,6455,37460,FL,30.163,-85.5905,3512.8462,-3.4075,114.0,30.8144,0.4,0,1,0.1336,False,False
1254593,9000,29820,NV,36.1596,-115.2876,4620.8462,1.7877,122.0,37.8758,0.9691,3,0,0.1335,False,False
1248788,8413,46100,TN,35.4574,-86.0492,3722.9231,0.4629,113.0,32.9462,0.5,0,1,0.1335,False,False
2544205,6934,26420,TX,29.9665,-95.6914,3796.9231,4.4325,125.5,30.2544,0.7285,3,0,0.1334,False,False
2547551,1014104,13740,MT,45.8065,-108.4757,3999.0769,3.2553,115.5,34.624,1.0,1,0,0.1334,False,False
1260062,16539,40140,CA,33.7147,-116.2342,3631.6923,3.6829,119.0,30.5184,0.6987,1,0,0.1334,False,False
1260760,8297,15500,NC,36.0763,-79.4888,5272.5385,-3.4864,119.0,44.307,0.8,2,1,0.1334,False,False
5715640,1014067,49180,NC,36.1084,-80.0978,5430.9231,4.7476,119.0,45.638,0.9231,2,0,0.1333,False,False
5071669,1020559,22220,AR,36.0962,-94.1516,3514.4615,0.6033,115.5,30.4282,0.3529,0,0,0.1333,False,False
7282213,1040393,27540,IN,38.4307,-86.9373,5104.5385,3.7119,106.5,47.9299,1.0,0,1,0.1332,False,False
6294521,1031787,16980,IL,41.8168,-87.7242,2828.7692,6.3047,122.5,23.092,0.672,2,5,0.1332,False,False
5715612,1028612,31080,CA,33.6491,-117.5825,3992.9231,-2.7211,122.5,32.5953,0.9468,3,0,0.1331,False,False
5070069,1016048,34940,FL,26.0667,-81.6977,3222.5385,9.0197,112.0,28.7727,0.7273,0,1,0.1331,False,False
1255260,14078,31080,CA,33.8413,-118.2854,2739.0,6.9376,119.5,22.9205,0.7854,1,0,0.133,False,False
11884292,1040663,31860,MN,44.1777,-94.034,3815.3077,-0.3236,108.5,35.1641,1.0,0,0,0.133,False,False
1251363,1005878,35620,NJ,40.2917,-74.0531,3797.7692,1.9199,115.5,32.8811,0.9432,1,1,0.1329,False,False
5428973,1019774,38060,AZ,33.6073,-112.0655,2561.5385,0.033,115.5,22.1778,0.3835,0,1,0.1329,False,False
7282220,1040098,38420,WI,42.7336,-90.4437,5086.6154,4.3063,107.5,47.3174,1.0,0,0,0.1329,False,False
5070064,9569,45300,FL,28.1867,-82.4403,2925.7692,9.9945,114.5,25.5526,0.5281,0,1,0.1328,False,False
1248904,18112,47580,GA,32.6179,-83.6737,3167.4615,3.3196,122.5,25.8568,0.3333,1,1,0.1327,False,False
11884515,1045137,11100,TX,35.1504,-101.8655,2577.4615,0.3714,119.0,21.6593,0.1111,0,0,0.1327,False,False
6294909,1037958,40060,VA,37.6341,-77.3561,5053.7692,-2.8236,107.5,47.0118,0.9474,0,0,0.1327,False,False
5070844,1017890,43900,SC,34.9123,-82.1047,3271.0769,3.0785,115.5,28.321,0.3333,0,1,0.1326,False,False
7282188,8258,31080,CA,33.989,-118.2137,1358.7692,16.0121,131.0,10.3723,0.2596,2,0,0.1326,False,True
1259081,14351,35620,NY,41.6609,-73.9312,2932.3077,5.7626,111.0,26.4172,0.7981,0,2,0.1326,False,False
2547756,1014756,12100,NJ,39.476,-74.5409,2369.7692,-0.5937,112.0,21.1587,0.75,0,1,0.1325,False,False
1260602,9550,32820,MS,34.9625,-89.8455,5103.6154,1.3597,107.5,47.4755,0.9062,0,1,0.1325,False,False
1254953,92592,12420,TX,30.34,-97.97,4770.0,-0.9362,115.5,41.2987,0.8941,1,0,0.1325,False,False
1259932,1032085,12060,GA,33.396,-84.7536,10999.6923,13.9338,112.0,98.2115,1.0,2,2,0.1324,False,False
7282227,1039548,32900,CA,37.2743,-120.4331,2941.4615,2.8013,112.0,26.263,0.7857,0,0,0.1324,False,False
2548515,1017779,15940,OH,40.8365,-81.3899,3944.8462,1.0642,119.0,33.15,0.5833,1,1,0.1323,False,False
11884220,1039954,39580,NC,35.7763,-78.4327,1518.8462,-9.8031,118.0,12.8716,0.2558,0,0,0.1323,False,True
1248698,7338,19500,IL,39.8909,-88.9578,4507.8462,4.8093,114.5,39.3698,1.0,1,1,0.1323,False,False
5070215,1025484,41180,MO,38.2126,-90.4028,6493.3846,-1.0155,105.0,61.8418,0.971,0,1,0.1323,False,False
5715384,1029923,42660,WA,47.2462,-122.2084,3150.7692,-0.4569,117.0,26.9297,0.9314,1,0,0.1322,False,False
6294648,1031734,35620,NY,40.5884,-74.1029,2399.7692,2.6251,112.0,21.4265,0.6814,0,4,0.1322,False,False
1251214,1006568,17780,TX,30.5859,-96.2838,5212.6923,-0.2502,115.5,45.1315,0.8571,1,0,0.1322,False,False
1255466,14132,41700,TX,29.6867,-98.1259,3357.2308,8.33,114.5,29.3208,0.5455,0,0,0.1321,False,False
6294425,1031546,27860,AR,35.8601,-90.65,2446.4615,11.9071,115.5,21.1815,0.5,0,1,0.1321,False,False
2548120,1015913,45300,FL,27.8396,-82.739,2659.0769,-1.3414,114.5,23.2234,0.4719,0,1,0.1321,False,False
2544437,7971,13780,NY,42.1364,-75.9044,4479.1538,7.6799,108.5,41.2825,1.0,0,0,0.1321,False,False
11884021,1032007,41400,OH,40.9013,-80.8293,1430.0,-15.6151,114.5,12.4891,0.5,0,1,0.1321,False,True
5071440,1025402,42660,WA,47.2551,-122.5223,2446.3846,2.1586,119.0,20.5579,0.8235,1,0,0.1321,False,False
13205394,1052849,31080,CA,33.8533,-118.1852,3184.6923,10.8936,122.5,25.9975,0.8669,2,0,0.1321,False,False
5070113,1024666,29460,FL,27.9937,-81.6892,3668.1538,-8.4546,112.0,32.7514,0.5455,0,1,0.1321,False,False
1248684,7544,40140,CA,33.5933,-117.2478,5472.1538,2.5442,118.0,46.3742,0.9432,2,1,0.1319,False,False
13205462,1053411,36740,FL,28.4585,-81.2702,4774.0769,9.5939,109.5,43.5989,0.8132,0,1,0.1318,False,False
11884178,1040309,31080,CA,34.0077,-118.2203,604.3846,-1.0329,129.0,4.6852,0.0399,1,0,0.1318,False,True
1260250,12031,34980,TN,35.9789,-86.5632,3635.6154,6.7511,119.0,30.5514,0.6667,1,1,0.1318,False,False
7282292,1040029,19100,TX,32.9923,-96.569,3969.1538,6.4402,112.0,35.4389,0.7083,0,0,0.1317,False,False
7282223,1039584,13460,OR,44.2936,-121.1734,1992.2308,4.0455,114.5,17.3994,0.6667,0,0,0.1317,False,False
1248676,9933,41100,UT,37.1266,-113.602,2922.6154,-2.5845,112.0,26.0948,0.75,0,0,0.1317,False,False
5070096,1022078,33100,FL,26.6174,-80.0576,2411.2308,4.1949,115.5,20.8765,0.4035,0,2,0.1317,False,False
5071241,1024165,41860,CA,37.6149,-122.0875,1073.7692,3.6149,125.5,8.5559,0.365,1,0,0.1317,False,True
5428497,1023907,36740,FL,28.6269,-81.3637,3718.4615,-6.8468,111.0,33.4997,0.6593,0,1,0.1316,False,False
1251878,1008847,33100,FL,26.9346,-80.0882,3226.6923,0.7155,112.0,28.8098,0.6725,0,1,0.1316,False,False
1260607,8016,37980,PA,40.1698,-75.0719,2575.9231,-4.8557,112.0,22.9993,0.7007,0,1,0.1315,False,False
1251928,1008762,26420,TX,29.6643,-95.1145,2785.7692,4.9741,122.0,22.8342,0.5204,1,0,0.1315,False,False
1258857,18156,16980,WI,42.5661,-87.927,4585.0,4.2538,119.0,38.5294,0.9489,2,1,0.1315,False,False
12196014,1043601,26900,IN,40.0038,-85.7665,3997.1538,-1.6932,111.0,36.0104,0.7439,0,0,0.1314,False,False
1252595,1009971,19100,TX,32.4569,-97.7261,5497.0,9.7914,115.5,47.5931,0.9167,1,0,0.1314,False,False
1254495,12317,41940,CA,37.353,-121.9973,1710.0769,1.5578,128.5,13.308,0.57,3,1,0.1314,False,True
1250644,89201,41940,CA,37.4174,-122.1306,1845.6154,0.6502,121.5,15.1903,0.64,1,0,0.1314,False,False
13368327,1040620,16980,IL,42.204,-88.3355,3392.9231,11.3079,112.0,30.294,0.8145,0,0,0.1313,False,False
1252681,1010406,14010,IL,40.5324,-88.9947,5817.5385,0.5705,107.5,54.1166,0.8333,0,1,0.1313,False,False
1249136,18240,42680,FL,27.6396,-80.4569,3437.8462,-10.3794,114.5,30.0249,1.0,1,1,0.1312,False,False
2546301,15933,33660,AL,30.6817,-88.226,5474.3846,6.4307,115.0,47.6033,0.875,1,1,0.1309,False,False
1259615,12613,16980,WI,42.5666,-87.8556,2907.0769,-0.2981,119.0,24.4292,0.6935,1,1,0.1309,False,False
1254405,1010294,31080,CA,34.0786,-117.8906,1890.7692,-0.8271,130.0,14.5444,0.4542,3,0,0.1309,False,False
5715238,1024153,25420,PA,40.1933,-76.9819,2845.8462,-4.153,117.0,24.3235,0.875,1,1,0.1309,False,False
5070181,1013741,16980,IL,41.9389,-88.1172,2254.0769,0.5697,114.5,19.6863,0.5027,0,2,0.1309,False,False
2546561,17139,46140,OK,36.046,-95.8695,2146.5385,-6.4501,119.0,18.0381,0.12,0,0,0.1309,False,False
1248599,7148,36780,WI,44.1779,-88.4829,3988.3077,-0.4053,108.5,36.7586,1.0,0,0,0.1308,False,False
2544514,8258,31080,CA,33.989,-118.2138,1205.7692,4.1667,131.0,9.2043,0.198,2,0,0.1308,False,True
5070484,1017771,35620,NY,40.6561,-73.6132,2484.0769,3.1692,112.0,22.1793,0.6909,0,4,0.1306,False,False
1248436,8446,42540,PA,41.2376,-75.8555,4163.0,16.0232,119.0,34.9832,0.7,1,1,0.1304,False,False
1248677,10074,49020,VA,39.1862,-78.1314,1482.2308,-16.6674,114.5,12.9452,0.5,0,1,0.1304,False,True
1250800,90147,16980,IL,42.1386,-87.9856,4562.3846,0.9996,107.5,42.4408,0.9409,0,2,0.1303,False,False
1250231,10852,41700,TX,29.3571,-98.5246,3832.9231,1.6607,122.5,31.2892,0.6753,2,1,0.1302,False,False
1260905,7337,16980,IL,41.7364,-87.6288,2237.6154,2.167,114.5,19.5425,0.4946,0,3,0.1301,False,False
5071967,1023105,31080,CA,33.9026,-118.3263,2248.2308,1.3032,121.5,18.504,0.6123,1,0,0.1301,False,False
2545978,14505,42660,WA,47.4858,-122.2728,1759.3077,1.3291,115.5,15.2321,0.5833,0,0,0.1301,False,False
7281787,1021517,16980,IL,41.75,-88.013,2921.4615,3.4878,112.0,26.0845,0.7016,0,2,0.13,False,False
1257969,1014222,26420,TX,29.5373,-95.1523,5802.5385,1.2782,121.5,47.7575,0.9321,3,0,0.13,False,False
1248906,17252,16980,IL,41.5969,-88.0225,3576.6154,0.4776,109.5,32.6632,0.8522,0,2,0.1299,False,False
2545063,10499,37340,FL,28.2948,-80.7226,3945.7692,7.7219,112.0,35.2301,0.6667,0,1,0.1299,False,False
1248632,7872,45300,FL,27.9372,-82.2635,3232.8462,-3.7292,112.0,28.8647,0.6517,0,1,0.1298,False,False
6294879,1037176,46340,TX,32.2338,-95.2272,3908.3846,-0.552,115.5,33.8388,0.3333,0,0,0.1298,False,False
1260418,8260,31080,CA,33.8877,-118.0293,1884.6923,3.6202,117.0,16.1085,0.4493,0,0,0.1298,False,False
11884200,1038064,16980,IL,41.5922,-88.2008,3558.3077,-1.0841,110.0,32.3483,0.8441,0,1,0.1297,False,False
1251283,1005875,37340,FL,28.3567,-80.6971,3352.9231,0.1171,115.5,29.0296,0.4,0,0,0.1296,False,False
5071207,1019776,31080,CA,33.8184,-117.8885,1639.5385,1.6259,125.0,13.1163,0.3394,1,0,0.1295,False,True
1253913,15239,38900,OR,45.4736,-122.649,1234.2308,1.3134,119.0,10.3717,0.3058,0,0,0.1292,False,True
6294479,1031589,47260,VA,36.7656,-76.0139,2913.4615,-2.725,126.0,23.1227,0.746,3,0,0.1291,False,False
1249773,18231,40380,NY,43.2065,-77.6707,4753.9231,1.2782,115.5,41.1595,0.9444,1,0,0.1291,False,False
1249787,1010356,16700,SC,32.9361,-80.0398,5131.6923,10.0277,115.0,44.6234,0.9565,1,1,0.1291,False,False
2546852,18340,31140,KY,38.3447,-85.4906,3283.3846,-5.7977,114.5,28.6758,0.4667,0,0,0.1291,False,False
2544967,10107,26420,TX,30.1777,-95.5354,2829.4615,-2.5203,114.5,24.7115,0.543,0,0,0.129,False,False
1254926,1010368,19740,CO,39.8132,-105.1373,2107.4615,-3.3036,114.5,18.4058,0.6183,0,0,0.129,False,False
5428561,1021790,26420,TX,30.0843,-95.5235,3905.6154,-0.6749,121.5,32.145,0.7602,2,1,0.1289,False,False
5071053,1025498,41540,DE,38.653,-75.5936,3419.4615,-0.4412,112.0,30.5309,0.6667,0,1,0.1289,False,False
5430075,1025996,25260,CA,36.3586,-119.6548,2920.5385,1.9796,114.5,25.5069,0.5714,0,0,0.1288,False,False
1249400,1018106,47260,VA,36.6869,-76.2265,3596.3077,-5.6678,117.0,30.7377,0.873,1,0,0.1288,False,False
2547966,1015464,23580,GA,34.3215,-83.8335,3615.9231,-1.1108,114.5,31.5801,0.4,0,1,0.1288,False,False
1248816,17484,47980,SD,44.8894,-97.0686,5910.1538,-18.1105,105.0,56.2872,1.0,0,0,0.1287,False,False
1256750,18180,12580,MD,39.3646,-77.1598,5965.1538,15.4712,114.5,52.0974,0.9697,1,1,0.1287,False,False
2547917,1015362,35620,NY,40.8512,-73.844,2585.6154,20.6107,112.0,23.0859,0.7256,0,14,0.1286,False,False
1251507,1007330,28140,KS,39.129,-94.8256,5867.6154,0.1773,114.5,51.2455,0.9273,1,0,0.1286,False,False
1253364,14895,16980,IL,41.7513,-87.742,3311.4615,6.4673,111.0,29.833,0.7984,0,2,0.1286,False,False
1249698,7861,25180,MD,39.6592,-77.7453,6411.3846,-2.6911,105.0,61.0608,1.0,0,1,0.1286,False,False
1253320,14386,45300,FL,27.8943,-82.6686,2754.6154,-2.6452,114.5,24.0578,0.4831,0,1,0.1286,False,False
1260486,14806,33700,CA,37.7323,-120.9576,2413.3846,11.1922,118.0,20.4524,0.359,0,0,0.1285,False,False
1258924,15289,47260,VA,36.793,-76.1198,5626.0769,15.9391,114.5,49.136,0.9683,1,2,0.1285,False,False
7282008,1039588,16980,IL,41.8247,-87.6852,2049.9231,6.3196,122.5,16.7341,0.422,1,4,0.1283,False,False
1252321,1009149,45940,NJ,40.298,-74.7297,3266.3846,15.3478,112.0,29.1641,0.8889,0,0,0.1283,False,False
5070019,1026894,27260,FL,30.0925,-81.5222,6454.4615,-2.462,105.0,61.4711,1.0,0,1,0.1283,False,False
1259781,15373,33100,FL,26.097,-80.3815,3749.3846,10.3035,112.0,33.4766,0.7953,0,0,0.1283,False,False
5070985,1021938,24860,SC,34.8318,-82.3483,3336.5385,6.8429,114.5,29.1401,0.5,0,1,0.1282,False,False
1253327,11159,44180,MO,37.1478,-93.2956,4799.7692,2.7077,115.5,41.5564,0.8889,1,1,0.1282,False,False
6294636,1032477,17900,SC,33.915,-81.5249,3613.3846,-1.621,112.0,32.2624,0.7143,0,0,0.1281,False,False
1251144,116454,25220,LA,30.5013,-90.4875,6523.7692,9.8064,112.0,58.2479,0.5,0,0,0.1281,False,False
1251373,1005562,42660,WA,47.5431,-122.02,2363.0,-16.5199,125.0,18.904,0.8039,3,0,0.1281,False,False
7282027,1039206,19100,TX,33.0189,-96.7101,3341.6923,7.2007,114.5,29.1851,0.5764,0,0,0.1279,False,False
1250778,90545,12540,CA,35.3343,-119.0736,1989.9231,0.6302,119.5,16.6521,0.1702,0,0,0.1279,False,False
5428941,1020209,40140,CA,33.8234,-116.5471,2070.8462,-1.2363,126.0,16.4353,0.179,1,0,0.1279,False,False
1253159,14322,16980,IN,41.4932,-87.507,2573.3077,1.718,114.0,22.5729,0.5968,0,1,0.1279,False,False
12196130,1040527,37980,MD,39.6076,-75.9491,3113.4615,19.0897,112.0,27.7988,0.8686,0,1,0.1279,False,False
1259165,1009512,28940,TN,35.8197,-84.2675,7532.8462,-4.3616,115.5,65.2194,0.9545,2,1,0.1279,False,False
5069931,1024309,17460,OH,41.4249,-82.0766,4178.7692,-3.3622,115.5,36.1798,0.9074,1,1,0.1278,False,False
5069812,1017982,18140,OH,39.8406,-83.0861,3803.2308,2.3835,118.0,32.2308,0.8246,1,0,0.1277,False,False
7282015,1033483,36740,FL,28.1974,-81.4393,3063.6923,1.9297,114.5,26.7571,0.4945,0,1,0.1277,False,False
1258848,10083,36420,OK,35.4848,-97.7593,5720.7692,0.2089,115.5,49.5305,0.8511,1,0,0.1276,False,False
5715138,1028294,40140,CA,34.1356,-117.242,703.1538,1.4314,129.5,5.4298,0.0175,1,0,0.1276,False,True
1248429,8439,30460,KY,37.9814,-84.5513,8992.6923,9.9641,104.0,86.4682,1.0,0,0,0.1275,False,False
5070086,1026457,20020,AL,31.2537,-85.4307,5126.9231,8.6921,114.5,44.7766,0.3333,0,1,0.1275,False,False
5071055,1017149,41540,DE,38.7208,-75.1205,3675.0769,6.2846,112.0,32.8132,0.7778,0,0,0.1275,False,False
1250814,91099,38900,OR,45.4253,-122.5135,2570.3846,2.015,119.0,21.5999,0.8512,1,0,0.1275,False,False
2547656,1005439,29820,NV,36.0124,-114.9639,3351.5385,1.3539,118.5,28.283,0.8144,1,0,0.1275,False,False
1255272,14131,18580,TX,27.7069,-97.37,3797.0,4.5142,122.5,30.9959,0.4,1,0,0.1274,False,False
1254778,1013037,22380,AZ,35.1957,-111.6281,3665.6923,3.6069,119.0,30.8041,0.75,1,0,0.1274,False,False
7281915,1030861,12540,CA,34.8637,-118.1779,3048.2308,3.9042,121.5,25.0883,0.5745,1,0,0.1273,False,False
6294314,1030261,16980,IL,41.6005,-87.6062,2879.3846,27.2851,114.5,25.1475,0.6828,0,2,0.1273,False,False
5715155,1028019,40140,CA,33.7126,-116.2913,3215.0769,4.1152,128.5,25.0201,0.5459,3,0,0.1272,False,False
7281748,18299,47900,VA,38.678,-77.3626,1977.4615,7.5292,114.5,17.2704,0.7382,0,0,0.1272,False,False
1251585,6764,46520,HI,21.3993,-157.9741,1684.8462,2.5998,117.0,14.4004,0.375,0,2,0.1272,False,False
1249431,18321,19820,MI,42.7184,-83.4168,3732.4615,2.1129,112.0,33.3255,0.7407,0,0,0.1272,False,False
1251723,1006682,37980,NJ,39.7551,-75.0461,2611.0,-0.6265,112.0,23.3125,0.7299,0,2,0.1271,False,False
1260477,9802,19100,TX,32.6822,-97.4606,2863.9231,-2.4089,115.5,24.7959,0.4549,0,0,0.1271,False,False
1260890,8266,42940,TN,35.8785,-83.5728,3672.8462,0.847,112.0,32.7933,0.6667,0,1,0.1271,False,False
2547644,1014432,42660,WA,47.12,-122.5562,1406.9231,-2.0091,118.0,11.9231,0.3824,0,0,0.127,False,True
5070098,1023066,33100,FL,26.3713,-80.2025,3102.0769,-8.329,112.0,27.6971,0.614,0,2,0.1269,False,False
7282117,1040383,41820,NC,35.4876,-79.1933,3708.0,1.433,114.5,32.3843,0.5,0,0,0.1269,False,False
1260307,14763,38300,PA,40.2629,-80.1732,3456.6154,-0.3084,112.0,30.8626,0.6825,0,1,0.1269,False,False
1259378,12682,32820,TN,35.3583,-89.8943,4949.1538,-13.5275,108.0,45.8255,0.875,0,0,0.1269,False,False
2544787,9349,34180,WA,47.1015,-119.2473,3378.5385,-12.1105,112.0,30.1655,0.6667,0,0,0.1269,False,False
1260770,9470,28940,TN,36.0104,-83.9705,3779.8462,1.2779,115.5,32.7259,0.3182,0,1,0.1268,False,False
1259996,9096,12420,TX,29.8286,-97.9871,5234.9231,4.1616,115.5,45.324,0.9412,1,0,0.1267,False,False
2546673,17591,33100,FL,26.2548,-80.0998,3344.6923,4.7432,112.0,29.8633,0.6959,0,2,0.1267,False,False
2547936,1015401,41740,CA,32.7556,-117.1355,2510.9231,2.3324,135.5,18.5308,0.5896,7,0,0.1265,False,False
1260231,11268,41740,CA,32.7402,-116.9409,4938.6154,3.1722,115.5,42.7586,0.9653,1,0,0.1265,False,False
1254000,15247,38900,OR,45.3676,-122.6003,4415.2308,-0.2277,115.5,38.2271,0.9917,1,0,0.1265,False,False
2547663,1014477,33100,FL,26.2349,-80.215,3437.3846,7.846,112.0,30.6909,0.7135,0,2,0.1264,False,False
2548245,1016357,17820,CO,38.9262,-104.7161,2636.6154,-0.8189,112.0,23.5412,0.7742,0,1,0.1264,False,False
2547734,1014689,10740,NM,35.2427,-106.656,3131.1538,-5.8931,111.0,28.2086,0.7805,0,1,0.1264,False,False
2547541,1014065,26420,TX,29.716,-95.5584,1220.1538,-7.359,121.0,10.0839,0.0679,0,0,0.1262,False,True
1260896,17954,41700,TX,29.7971,-98.4222,3874.8462,0.7782,112.5,34.4431,0.6883,0,0,0.1262,False,False
6294717,1032899,40220,VA,37.2492,-80.0357,4875.5385,-3.6206,107.0,45.5658,1.0,0,1,0.1262,False,False
7282080,1039678,33100,FL,25.7658,-80.2228,3494.1538,-3.4764,112.0,31.1978,0.731,0,0,0.1261,False,False
11884647,1006069,37100,CA,34.1834,-118.7858,2501.1538,-4.3198,115.5,21.655,0.4889,0,0,0.1261,False,False
5071107,1019179,19260,VA,36.5946,-79.4241,5411.6154,-6.9185,119.0,45.4758,0.5,1,0,0.1261,False,False
13368257,1039494,19100,TX,32.8251,-97.3842,3021.6923,5.2601,115.5,26.1618,0.5104,0,0,0.126,False,False
2547228,1005937,16700,SC,32.9364,-80.1424,3076.9231,-5.3613,114.5,26.8727,0.5217,0,0,0.1259,False,False
13368209,1040059,10760,AL,32.9154,-85.9535,6767.0,-9.7261,105.0,64.4476,1.0,0,0,0.1259,False,False
1249268,10037,41860,CA,37.6508,-121.8045,2279.6923,2.2178,112.5,20.2639,0.88,0,0,0.1259,False,False
1249973,11034,35620,NJ,40.8931,-74.4783,3410.7692,23.758,112.0,30.4533,0.8927,0,1,0.1259,False,False
2547800,1014915,31080,CA,34.043,-118.0324,2118.3846,-2.2643,121.5,17.4353,0.5657,1,1,0.1258,False,False
5715492,1029405,18140,OH,39.5794,-82.9522,3615.0769,2.5778,112.0,32.2775,0.7719,0,0,0.1256,False,False
5429110,1017780,34980,TN,35.94,-86.5281,2826.1538,-1.21,115.5,24.4689,0.4118,0,1,0.1256,False,False
1249931,1013047,12580,MD,39.2143,-76.8029,2749.6154,2.9018,112.0,24.5501,0.7576,0,2,0.1256,False,False
7282038,1039731,46540,NY,43.1079,-75.2218,4740.0769,1.4855,112.0,42.3221,0.5,0,3,0.1256,False,False
1254324,16581,41860,CA,37.6519,-122.0909,1339.2308,-6.1456,123.0,10.8881,0.485,1,1,0.1255,False,True
6294637,1032888,29900,NC,34.7635,-79.4807,4424.3846,-4.258,107.5,41.1571,1.0,0,1,0.1255,False,False
13368274,1054099,38900,WA,45.6216,-122.4766,1892.1538,6.6002,115.5,16.3823,0.6529,0,0,0.1255,False,False
1248877,7202,39260,OR,44.3022,-120.8273,2426.5385,1.3755,111.0,21.8607,1.0,0,0,0.1254,False,False
7282137,1039495,41060,MN,45.5968,-94.1925,3593.0,-0.6445,112.0,32.0804,0.75,0,0,0.1254,False,False
7282157,1038071,37340,FL,28.0908,-80.6224,3812.2308,-2.2717,112.0,34.0378,0.6,0,2,0.1254,False,False
2547349,1008962,12420,TX,30.561,-97.6806,2963.9231,0.8348,121.5,24.3944,0.5765,1,0,0.1254,False,False
2547704,1014580,16540,PA,39.9405,-77.6309,5248.0,-2.6776,114.5,45.8341,1.0,1,0,0.1252,False,False
2546187,1023502,12060,GA,33.9552,-84.0525,3386.0,6.047,112.0,30.2321,0.7582,0,1,0.1252,False,False
7282136,1040645,27340,NC,34.7171,-77.3233,4677.2308,3.579,110.0,42.5203,0.875,0,0,0.125,False,False
1252110,1007871,25180,MD,39.6267,-77.7693,4514.9231,1.092,119.0,37.9405,0.6667,1,0,0.1248,False,False
1254413,1010351,10740,NM,35.1298,-106.5869,3310.2308,7.5717,112.0,29.5556,0.8537,0,0,0.1248,False,False
1255293,14221,31080,CA,34.0683,-117.9273,2193.1538,2.7868,115.5,18.9883,0.594,0,0,0.1248,False,False
1260440,17552,24340,MI,43.0655,-86.2196,2756.0769,3.0309,114.5,24.0705,0.6364,0,0,0.1248,False,False
12196033,1044896,18500,NY,42.1535,-77.0782,3834.3077,19.8625,111.0,34.5433,1.0,0,0,0.1246,False,False
6294584,1032074,26420,TX,29.6645,-95.0285,2941.2308,-0.6677,121.5,24.2077,0.5747,1,0,0.1245,False,False
11884260,1038596,22140,NM,36.7287,-108.2159,2863.2308,-0.0644,115.5,24.7899,0.5,0,0,0.1244,False,False
2544690,8946,47260,VA,37.2468,-76.6592,2949.0769,20.5939,114.5,25.7561,0.7619,0,0,0.1243,False,False
2547863,1015110,12580,MD,39.5644,-76.9752,5400.9231,-2.243,114.5,47.1696,0.9242,1,1,0.1243,False,False
7282106,1037907,40060,VA,37.352,-77.4814,3392.4615,-3.0768,112.0,30.2898,0.7632,0,0,0.1243,False,False
5428500,1017909,37980,PA,40.1532,-75.0076,2860.8462,3.2538,112.0,25.5433,0.8029,0,1,0.1242,False,False
1250039,10438,26420,TX,30.3592,-95.5952,3805.0,-1.3718,112.0,33.9732,0.733,0,0,0.1242,False,False
2546566,17156,12060,GA,34.1721,-84.7812,5370.0,4.5342,119.0,45.1261,0.9412,2,1,0.1241,False,False
1252026,1006958,26420,TX,29.7024,-95.6872,2615.3077,4.8026,116.5,22.449,0.4661,0,0,0.1241,False,False
1248717,10226,28700,VA,36.6319,-82.1231,7343.3846,13.6125,115.0,63.8555,0.8,1,1,0.124,False,False
2547507,1013831,38300,PA,40.2857,-79.389,4168.5385,8.719,112.0,37.2191,0.7778,0,0,0.124,False,False
1257945,17666,47900,MD,39.1803,-77.2663,1381.1538,12.2398,117.5,11.7545,0.5107,0,1,0.1239,False,True
12196015,1043980,41400,OH,40.6641,-80.5891,2288.1538,6.4105,111.0,20.614,1.0,0,1,0.1239,False,False
11883846,1038645,16980,IN,41.6172,-87.046,4414.9231,-1.1181,115.5,38.2244,0.9382,1,1,0.1239,False,False
6294210,1030851,41860,CA,37.7156,-121.707,2665.9231,7.1248,123.0,21.6742,0.93,2,0,0.1238,False,False
2544366,7705,40380,NY,43.1317,-77.6887,2586.5385,4.2636,115.5,22.3943,0.5,0,1,0.1238,False,False
1259898,9220,12060,GA,34.0298,-84.6555,1722.8462,2.3722,119.0,14.4777,0.2353,0,1,0.1237,False,False
7282259,1040438,25860,NC,35.753,-81.2877,4108.7692,0.0862,115.5,35.5738,0.375,0,0,0.1237,False,False
13205422,1042718,36420,OK,35.6106,-97.6379,6769.1538,6.8338,114.5,59.1192,0.9362,1,0,0.1237,False,False
1251066,1005180,38060,AZ,33.4097,-111.9259,4191.6923,-2.2933,132.0,31.7552,0.8107,8,1,0.1237,False,False
1249562,6330,35380,LA,30.0043,-90.1802,3303.6923,6.2517,126.0,26.2198,0.4815,2,1,0.1237,False,False
5071438,1020070,42660,WA,47.1611,-122.4346,1916.5385,6.9956,115.5,16.5934,0.6716,0,0,0.1236,False,False
13490899,8678,47900,VA,38.7717,-77.1363,1654.6154,5.1474,122.0,13.5624,0.6481,1,1,0.1236,False,True
2546034,14705,41940,CA,37.3832,-121.8945,1383.0769,-4.9783,125.0,11.0646,0.3,1,1,0.1235,False,True
1255247,15104,33260,TX,32.0179,-102.1247,3180.6154,1.1448,117.0,27.1847,0.3333,0,0,0.1234,False,False
12196074,1044765,31680,AR,34.3878,-92.8295,4535.0769,-1.5858,108.5,41.7979,1.0,0,0,0.1234,False,False
12195746,17223,40140,CA,33.8957,-117.4703,3496.9231,1.1166,129.5,27.0033,0.6463,4,0,0.1234,False,False
6294132,1031009,24860,SC,34.9585,-82.4357,2132.0,0.6829,119.0,17.916,0.25,0,0,0.1233,False,False
5715502,1029735,31220,MI,43.9562,-86.3927,1813.9231,2.736,112.0,16.1957,1.0,0,0,0.1233,False,False
1258049,11028,40140,CA,33.7068,-116.2715,5084.8462,4.6215,120.5,42.1979,0.9127,2,0,0.1232,False,False
1253448,9044,37340,FL,28.231,-80.722,5236.8462,-7.0886,115.0,45.5378,0.9333,1,0,0.1232,False,False
6294708,1033159,36740,FL,28.2605,-81.607,3612.5385,-4.3991,112.0,32.2548,0.6264,0,2,0.1231,False,False
5070630,1019068,38300,PA,40.5916,-79.9484,4208.1538,12.0841,112.0,37.5728,0.8095,0,0,0.1231,False,False
6294559,1032105,36420,OK,35.8777,-97.3963,3403.0,-2.1348,115.0,29.5913,0.4894,0,0,0.123,False,False
13368219,1052545,19760,LA,30.8511,-93.2894,3534.6154,-15.6927,108.5,32.5771,1.0,0,0,0.123,False,False
6294420,1031697,19100,TX,32.8142,-96.9496,2302.4615,9.8261,119.0,19.3484,0.309,0,0,0.123,False,False
1249986,6899,41180,IL,38.6763,-90.0144,3994.1538,0.4527,112.0,35.6621,0.7391,0,0,0.1229,False,False
1260909,8113,36980,KY,37.752,-87.1119,3520.6154,3.1113,114.5,30.7477,0.5,0,1,0.1229,False,False
5715739,1029259,17020,CA,39.5022,-121.5389,3161.0,9.8655,114.5,27.607,0.6667,0,0,0.1228,False,False
6294482,1031565,16820,VA,38.2386,-78.3676,3167.5385,-6.0935,112.0,28.2816,0.7778,0,0,0.1228,False,False
6294970,1028023,14020,IN,39.1461,-86.5772,5329.5385,1.7147,115.0,46.3438,1.0,1,0,0.1227,False,False
1251353,1005890,26420,TX,29.5991,-95.2658,5270.4615,19.37,121.5,43.3783,0.9186,2,0,0.1227,False,False
5070564,1025079,10900,PA,40.5652,-75.565,5798.7692,-0.8627,117.0,49.5621,1.0,2,3,0.1226,False,False
1251384,1005705,26420,TX,30.3326,-95.4797,2567.7692,-2.0194,122.5,20.9614,0.448,1,1,0.1225,False,False
5072057,1019796,38060,AZ,33.451,-111.7873,3986.8462,0.2185,118.0,33.7868,0.767,1,1,0.1224,False,False
5069785,1024324,30460,KY,38.0087,-84.2136,4964.8462,-11.6539,115.5,42.9857,0.8824,1,0,0.1223,False,False
7282248,1040314,23500,SC,35.0878,-81.6615,4479.1538,-3.6853,108.5,41.2825,1.0,0,0,0.1222,False,False
6294690,1033143,19100,TX,33.2227,-97.7571,4322.3077,-2.9869,111.0,38.9397,0.7847,0,0,0.1222,False,False
5071767,1025007,33420,TX,32.8111,-98.0811,5254.6154,6.6794,108.5,48.4296,1.0,0,0,0.1222,False,False
6294405,1031538,17820,CO,38.9413,-104.6748,5151.7692,1.3223,108.5,47.4817,0.9677,0,0,0.1222,False,False
1251255,1005856,31080,CA,33.8602,-117.9422,2370.1538,2.2364,128.5,18.4448,0.6639,3,0,0.1221,False,False
1260887,14633,36420,OK,35.5488,-97.6185,2450.9231,3.6635,126.0,19.4518,0.234,1,0,0.1221,False,False
1260207,14658,38940,FL,27.1766,-80.2362,2880.8462,-0.0907,115.0,25.0508,0.5,0,1,0.1221,False,False
5715411,1018111,35620,NJ,40.7784,-74.6974,2946.9231,2.1164,112.0,26.3118,0.8044,0,1,0.1221,False,False
1258409,87531,35620,NY,41.5056,-74.0682,2511.9231,-9.4024,119.0,21.1086,0.7035,1,2,0.122,False,False
1260816,10350,24140,NC,35.3765,-77.9417,2738.5385,-6.6742,121.5,22.5394,0.5,1,1,0.122,False,False
1250397,87531,35620,NY,41.5056,-74.0682,2501.0,-10.393,119.0,21.0168,0.6972,1,2,0.122,False,False
5070062,1027168,38940,FL,27.4188,-80.3806,657.9231,-9.645,121.0,5.4374,0.1,0,1,0.1219,False,True
11884348,1042914,39460,FL,27.0105,-82.1419,4532.6923,-6.8659,114.5,39.5868,1.0,1,1,0.1219,False,False
13205533,1042980,47260,VA,36.74,-76.3426,2834.0769,10.1567,114.5,24.7518,0.7143,0,0,0.1218,False,False
1259790,116459,33100,FL,25.6572,-80.3274,7705.6923,-5.3033,112.0,68.8008,0.9942,1,0,0.1217,False,False
5070147,1024670,16980,IL,42.008,-88.0804,3419.6154,10.2773,112.0,30.5323,0.8226,0,1,0.1216,False,False
7282021,1039614,35620,NJ,40.8974,-74.0972,2609.9231,3.4263,112.0,23.3029,0.7287,0,6,0.1216,False,False
5428573,1021726,38060,AZ,33.7115,-112.206,3454.0769,-7.0293,119.0,29.0259,0.6699,1,1,0.1215,False,False
1248385,8632,41500,CA,36.6945,-121.596,1117.1538,1.3044,121.5,9.1947,0.1481,0,0,0.1214,False,True
1254127,15906,31080,CA,33.652,-117.6474,3091.3077,-0.6551,112.0,27.601,0.8436,0,0,0.1214,False,False
1249517,7026,16980,IL,41.6882,-88.0688,3386.0,-0.7553,110.5,30.6425,0.8118,0,3,0.1214,False,False
12195719,1032825,49620,PA,39.9104,-76.6812,6029.6923,2.7326,114.5,52.6611,1.0,1,0,0.1214,False,False
12196023,1040754,43900,SC,34.8972,-82.1641,3832.0769,-3.9709,115.0,33.3224,0.4444,0,0,0.1214,False,False
2548121,1015914,35620,NY,40.5422,-74.2069,7091.1538,2.8805,112.0,63.3139,0.9842,1,3,0.1214,False,False
1260047,14443,21780,IN,38.0211,-87.5743,6818.1538,3.6242,114.5,59.5472,0.8571,1,1,0.1213,False,False
5071085,1024935,47260,VA,36.779,-76.2567,2742.1538,4.8255,125.0,21.9372,0.6508,2,1,0.1212,False,False
7282428,1033581,33100,FL,26.3496,-80.1579,3475.3846,-2.3177,112.0,31.0302,0.7193,0,1,0.1211,False,False
1249683,17257,26900,IN,39.5267,-85.7388,2966.2308,-0.1347,115.0,25.7933,0.5,0,1,0.1211,False,False
6294740,1033362,19100,TX,33.1961,-96.667,4160.6154,-1.9701,111.0,37.483,0.75,0,1,0.1211,False,False
1248540,17223,40140,CA,33.8957,-117.4703,3553.0,0.6823,129.5,27.4363,0.6594,4,0,0.1211,False,False
6294839,1033263,19000,NC,35.3612,-83.2022,1911.4615,1.4286,112.0,17.0666,1.0,0,0,0.121,False,False
5715511,1029399,31930,OH,39.4078,-81.419,1567.4615,-3.7731,112.0,13.9952,1.0,0,0,0.121,False,True
1250974,114010,16980,IL,42.1517,-88.434,5131.6154,-3.6261,114.5,44.8176,0.9731,1,1,0.121,False,False
5069835,1018251,28940,TN,36.0228,-83.9263,4020.7692,4.0489,122.5,32.8226,0.3636,1,1,0.121,False,False
5071167,1026101,42020,CA,35.4679,-120.6539,5088.7692,2.9346,108.5,46.9011,1.0,0,0,0.1209,False,False
2548108,1015891,16980,IL,41.6037,-87.7376,3312.6154,5.3193,112.0,29.5769,0.8011,0,1,0.1209,False,False
1249470,18239,33100,FL,25.8219,-80.2813,3041.2308,-23.7537,112.0,27.1538,0.5965,0,1,0.1208,False,False
5715169,1030129,32860,WI,44.8996,-91.9324,1630.5385,5.6575,112.0,14.5584,1.0,0,1,0.1207,False,False
1259900,1005619,45300,FL,27.94,-82.3232,3617.1538,-2.0579,122.0,29.6488,0.764,2,2,0.1206,False,False
2544440,7976,38300,PA,40.3061,-79.583,5957.0,3.6763,114.5,52.0262,0.9524,1,1,0.1205,False,False
1251117,1005624,33260,TX,32.0289,-102.1441,5636.9231,2.5785,122.5,46.0157,0.6667,2,0,0.1205,False,False
1260791,18217,37980,NJ,39.75,-75.0766,2945.0,9.6206,112.0,26.2946,0.8394,0,2,0.1205,False,False
13368286,1052796,33460,MN,45.1862,-93.8753,8300.0769,-1.6032,104.0,79.8084,0.9778,0,1,0.1205,False,False
1249763,18260,44340,GA,32.4372,-81.7616,5094.3077,-3.6418,112.0,45.4849,0.5,0,2,0.1204,False,False
7281924,15167,31080,CA,33.8098,-118.29,1929.6154,-0.3694,133.0,14.5084,0.4709,4,0,0.1204,False,False
13368151,1044760,12540,CA,35.6152,-119.6568,1894.1538,0.232,120.5,15.7191,0.1489,0,0,0.1204,False,False
5070307,1021964,28020,MI,42.2404,-85.6769,3030.3846,0.6978,112.0,27.057,0.8,0,1,0.1204,False,False
1252773,1012073,26420,TX,29.5564,-95.1499,3137.6154,7.1055,122.0,25.7182,0.6063,1,0,0.1204,False,False
2545889,14159,42540,PA,41.4673,-75.6369,4424.7692,-10.0375,116.5,37.9809,0.8,1,1,0.1204,False,False
2546823,18187,27500,WI,42.5249,-88.9834,2383.0769,-2.6551,115.5,20.6327,0.5,0,1,0.1203,False,False
1255197,17693,10180,TX,32.4028,-99.7581,4178.0,6.2418,126.0,33.1587,0.5,2,0,0.1203,False,False
1249249,17487,34980,TN,36.1939,-86.6169,2992.3846,-0.6157,115.5,25.9081,0.451,0,1,0.1202,False,False
2546306,15955,31080,CA,33.6589,-118.0005,2174.4615,-3.4035,115.5,18.8265,0.5907,0,0,0.1202,False,False
2545024,10319,42680,FL,27.624,-80.3898,3202.0,0.6772,114.5,27.9651,0.5,0,2,0.1201,False,False
13205383,1053279,31080,CA,33.8507,-117.9059,1836.6923,6.2948,132.0,13.9143,0.4243,3,0,0.12,False,True
1248701,17065,16980,IL,42.0799,-87.7627,2698.6154,5.0611,114.5,23.5687,0.6344,0,1,0.12,False,False
2547775,1014836,39900,NV,39.5184,-119.8875,2267.8462,-0.3616,115.5,19.635,0.6071,0,0,0.1199,False,False
1260502,14374,41780,OH,41.4093,-82.6643,3726.3846,-1.9809,115.5,32.2631,1.0,1,2,0.1199,False,False
1248712,8125,23500,SC,35.0807,-81.705,4118.5385,-1.5012,114.5,35.9698,0.5,0,0,0.1199,False,False
5071308,1020646,40140,CA,34.1218,-117.539,4731.8462,0.8542,127.5,37.1125,0.869,5,1,0.1199,False,False
5070138,1026886,45300,FL,28.0687,-82.3706,5151.6154,-1.23,108.5,47.4803,0.8989,0,1,0.1198,False,False
2546617,17335,19820,MI,42.5484,-83.1674,2858.2308,-4.2518,121.0,23.6217,0.5802,1,1,0.1198,False,False
2546516,16898,31080,CA,33.6564,-117.9187,2357.2308,1.6992,122.0,19.3216,0.6506,1,0,0.1197,False,False
13205476,1042782,47260,VA,37.372,-76.7744,3620.0,10.0355,112.0,32.3214,0.8889,0,0,0.1197,False,False
1250241,7550,35620,NY,41.1446,-73.9904,2934.2308,5.0595,112.5,26.0821,0.8013,0,1,0.1197,False,False
5715451,1029051,38060,AZ,33.3808,-111.8063,4166.3077,8.7088,122.5,34.0107,0.7961,2,1,0.1197,False,False
2545111,10738,28100,IL,41.1582,-87.8859,4616.7692,-2.1903,115.0,40.1458,1.0,1,1,0.1197,False,False
2545155,10895,49740,AZ,32.6982,-114.5993,1576.6923,14.1831,129.0,12.2224,0.1429,1,0,0.1197,False,True
13205417,1044850,19100,TX,32.8589,-97.2116,3802.8462,15.4315,114.5,33.2126,0.6736,0,0,0.1196,False,False
5070782,1026179,35620,NJ,41.0762,-74.6597,3033.1538,2.6795,112.0,27.0817,0.8233,0,1,0.1196,False,False
5070031,1023294,36740,FL,28.812,-81.3347,3171.8462,12.0154,122.5,25.8926,0.5275,1,1,0.1196,False,False
2548373,1016967,17140,OH,39.2511,-84.2972,5807.3846,-3.9039,108.5,53.5243,0.88,0,0,0.1196,False,False
13368246,1039813,45300,FL,27.7927,-82.3293,3800.3077,8.4491,112.0,33.9313,0.7865,0,1,0.1196,False,False
1249490,7662,40140,CA,34.0642,-117.6114,1552.4615,4.9834,132.0,11.7611,0.0961,2,1,0.1196,False,True
1253461,16388,21660,OR,44.0948,-123.0967,1820.3077,3.7849,114.5,15.8979,0.8,0,0,0.1196,False,False
13205416,1053428,41660,TX,31.4347,-100.4502,5838.6154,-2.0468,114.5,50.9923,1.0,1,0,0.1194,False,False
2548064,1015737,16980,IL,41.6512,-87.7376,2770.1538,16.7477,114.5,24.1935,0.6559,0,3,0.1194,False,False
2547894,1015264,37340,FL,28.5536,-80.8487,3959.2308,-7.9792,118.0,33.5528,0.7333,1,1,0.1194,False,False
1255104,12445,41740,CA,32.5848,-117.0917,2358.7692,5.7015,117.0,20.1604,0.5145,0,0,0.1194,False,False
6294307,1029256,32820,TN,35.2213,-89.7355,5316.6923,-3.8158,108.5,49.0018,0.9375,0,0,0.1192,False,False
1260642,7788,12420,TX,30.2026,-97.8788,2871.8462,-2.7304,115.5,24.8645,0.5294,0,0,0.119,False,False
13143422,1044767,40780,AR,35.3024,-93.138,4047.9231,9.0271,115.5,35.047,0.5,0,0,0.119,False,False
2545913,14247,29820,NV,36.0992,-115.2967,2722.6154,6.4545,127.0,21.4379,0.567,2,0,0.1189,False,False
1260683,8331,19100,TX,32.8423,-96.596,2234.1538,0.5888,119.0,18.7744,0.2812,0,0,0.1189,False,False
1251768,11102,28940,TN,36.0143,-84.2552,5860.6154,1.936,115.5,50.7413,0.8636,1,1,0.1189,False,False
2547298,115367,38060,AZ,33.7133,-112.1424,4260.0,-2.3246,118.0,36.1017,0.8252,1,0,0.1188,False,False
1260913,10234,35620,NJ,40.4565,-74.4003,2787.2308,3.2661,112.0,24.886,0.7697,0,4,0.1188,False,False
1251131,1005562,42660,WA,47.5431,-122.02,2749.7692,-13.5941,125.0,21.9982,0.8775,3,0,0.1187,False,False
1250407,113850,38060,AZ,33.251,-111.8406,5566.3846,-2.4994,119.0,46.7763,0.9175,2,1,0.1187,False,False
6294298,1029819,47260,VA,36.8604,-76.3959,3097.3846,0.6298,112.0,27.6552,0.8095,0,1,0.1186,False,False
5071673,1024225,36420,OK,35.1821,-97.4164,4730.2308,9.1191,112.0,42.2342,0.7021,0,1,0.1186,False,False
1250862,94729,18140,OH,40.2671,-83.0708,3749.8462,9.095,112.0,33.4808,0.807,0,1,0.1186,False,False
1248567,18672,38060,AZ,33.5813,-112.2023,2498.6154,1.1648,118.0,21.1747,0.3641,0,0,0.1185,False,False
7282003,1037227,30620,OH,40.7679,-84.161,6972.0,4.1087,112.0,62.25,0.5,0,0,0.1185,False,False
1259674,9207,12060,GA,34.1083,-84.5522,3834.3077,-0.6101,119.0,32.2211,0.7843,1,0,0.1184,False,False
1252158,1007190,36420,OK,35.3629,-97.4939,4703.3077,-2.547,119.0,39.5236,0.6809,1,0,0.1184,False,False
7281732,1032900,38060,AZ,33.6384,-112.2903,4063.0769,1.8452,119.0,34.1435,0.7816,1,0,0.1184,False,False
1248634,6652,33100,FL,25.6848,-80.4152,4094.0769,8.2098,112.0,36.5543,0.8363,0,0,0.1184,False,False
1260792,9453,34980,TN,36.2144,-86.5981,2423.5385,-0.756,119.0,20.3659,0.2549,0,0,0.1184,False,False
5071648,1025487,19740,CO,39.9402,-105.1271,3768.2308,3.9159,111.0,33.948,0.9389,0,0,0.1184,False,False
6294205,1030789,31080,CA,34.3945,-118.4615,5554.7692,-0.4508,118.5,46.8757,0.99,2,1,0.1183,False,False
13368139,1055654,35620,NY,40.6504,-73.9595,2001.0769,-25.2729,112.0,17.8668,0.5205,0,14,0.1182,False,False
7281753,7452,19300,AL,30.6548,-87.9067,9655.7692,3.8856,112.0,86.2122,0.8333,1,1,0.1182,False,False
2545489,12435,26420,TX,29.7167,-95.4982,2139.1538,1.6262,119.0,17.9761,0.3077,0,0,0.1182,False,False
11883972,1037303,38060,AZ,33.4377,-112.4256,5494.9231,3.3912,120.5,45.601,0.9126,2,0,0.1181,False,False
2544530,8347,26420,TX,30.0696,-95.2164,3289.2308,2.4094,114.5,28.7269,0.638,0,0,0.1181,False,False
5070233,1019180,28140,MO,39.1905,-94.5483,3687.6923,4.8878,114.5,32.2069,0.5455,0,1,0.118,False,False
1260247,14689,36420,OK,35.4609,-97.6204,3728.4615,2.8083,114.5,32.563,0.5957,0,0,0.1179,False,False
5070841,1025431,17900,SC,34.0912,-80.9268,3814.0769,2.073,112.0,34.0543,0.75,0,1,0.1179,False,False
1252909,1013224,29820,NV,36.0595,-115.2787,2792.7692,-0.871,128.0,21.8185,0.6186,3,1,0.1178,False,False
1249293,89213,10900,PA,40.6388,-75.4354,2940.9231,4.5218,119.0,24.7136,0.8125,1,2,0.1178,False,False
6294987,1039284,16740,NC,35.2548,-80.4594,4021.0769,4.0051,112.0,35.9025,0.8158,0,0,0.1178,False,False
1249093,17280,12060,GA,34.0445,-84.6956,2832.0769,-3.7011,121.5,23.3093,0.6275,1,0,0.1178,False,False
2544363,7690,33100,FL,25.6845,-80.4567,3068.5385,-3.0878,121.5,25.2555,0.6082,1,0,0.1177,False,False
1249893,18158,16020,MO,37.3034,-89.5773,8207.3846,-3.1463,112.0,73.2802,1.0,1,0,0.1177,False,False
11884198,1040614,18580,TX,27.7964,-97.4276,4411.0,5.6293,114.0,38.693,0.6,0,0,0.1177,False,False
6294162,1030940,33700,CA,37.6666,-121.0305,1542.8462,-2.2801,132.0,11.6882,0.1282,2,0,0.1177,False,True
1248547,17931,15980,FL,26.5975,-81.8633,3421.7692,3.1155,112.0,30.5515,0.7619,0,2,0.1176,False,False
6294215,1030535,11700,NC,35.5631,-82.5416,3003.6154,-3.0875,112.0,26.818,0.8,0,1,0.1176,False,False
1252338,1009272,31080,CA,34.0308,-118.0089,1874.0,1.4111,118.0,15.8814,0.4459,0,0,0.1175,False,False
5070733,1018303,35620,NJ,40.5164,-74.3733,2970.2308,9.3233,112.0,26.5199,0.8107,0,4,0.1175,False,False
13205435,1045237,45900,MI,44.7351,-85.5959,3715.8462,22.2442,112.0,33.1772,1.0,0,0,0.1175,False,False
1249999,6586,26900,IN,40.0353,-86.47,3066.5385,-3.5516,114.5,26.782,0.5488,0,1,0.1175,False,False
5430141,1024939,15380,NY,42.96,-78.7598,2372.0,-4.2598,115.5,20.5368,0.5882,0,0,0.1174,False,False
5071047,1019191,37980,DE,39.4485,-75.7307,3046.0,3.7194,112.0,27.1964,0.854,0,1,0.1172,False,False
1250191,18664,41740,CA,32.8383,-116.9949,2253.3846,-1.7343,128.0,17.6046,0.4624,2,0,0.1172,False,False
5070731,1020695,35620,NJ,40.4981,-74.6454,3088.9231,2.4257,112.0,27.5797,0.8391,0,1,0.1172,False,False
2548487,1017627,38900,OR,45.5183,-122.8431,2333.8462,7.4287,114.5,20.3829,0.7934,0,0,0.1172,False,False
5715294,1027592,47900,VA,38.9078,-77.4081,1999.2308,3.2496,115.0,17.3846,0.7468,0,0,0.1171,False,False
2547343,1008876,35620,NY,40.7323,-73.8662,6779.3077,-1.0487,125.0,54.2345,0.9811,7,18,0.1171,False,False
1248731,17430,32900,CA,37.2888,-120.4542,3380.6923,-0.3447,112.0,30.1848,0.8571,0,0,0.1171,False,False
2548029,1015642,36420,OK,35.6678,-97.4966,3543.5385,-8.5938,114.5,30.9479,0.5319,0,0,0.117,False,False
5715499,1029123,12060,GA,33.3965,-84.5916,1885.4615,-1.7674,118.0,15.9785,0.3529,0,1,0.117,False,False
2546574,17198,42540,PA,41.487,-75.6955,3215.6154,4.3822,116.5,27.6018,0.4,0,1,0.1169,False,False
2545376,11851,31080,CA,34.2751,-118.5634,3230.0769,0.57,119.0,27.1435,0.8719,1,0,0.1169,False,False
13368351,1038129,12060,GA,33.8356,-84.0752,3576.0769,0.2956,112.0,31.9293,0.7712,0,1,0.1169,False,False
1248974,10479,35620,NJ,41.0155,-73.9462,4048.9231,-8.3332,108.5,37.3173,0.9495,0,2,0.1169,False,False
13641734,1042574,26420,TX,29.7045,-95.5153,2381.6154,11.5149,119.0,20.0136,0.3756,0,0,0.1167,False,False
2544786,9342,43760,CA,37.9727,-120.3672,4197.0,3.2043,117.0,35.8718,1.0,1,0,0.1167,False,False
1255217,13879,46700,CA,38.2214,-122.1289,2672.3846,1.8081,125.0,21.3791,0.75,2,0,0.1166,False,False
13368344,1040190,35620,NJ,40.8907,-74.5148,3219.5385,10.9479,112.0,28.7459,0.858,0,2,0.1166,False,False
2546206,15499,35380,LA,29.9641,-90.1868,3520.5385,1.551,115.5,30.4809,0.5185,0,0,0.1166,False,False
1248743,10318,31140,KY,38.1518,-85.8358,5501.2308,-1.4483,115.5,47.6297,0.9667,1,0,0.1166,False,False
1259946,12021,35620,NJ,40.8397,-74.208,1909.4615,-12.0656,115.5,16.5321,0.4732,0,2,0.1166,False,False
6294320,1030257,26420,TX,30.1024,-95.5073,3156.7692,-3.5263,114.5,27.57,0.6199,0,0,0.1165,False,False
6294518,1031541,26420,TX,29.5993,-95.3556,1539.0,-0.9702,121.5,12.6667,0.1267,0,0,0.1165,False,True
5070737,1026000,37980,NJ,39.9825,-74.8049,2700.8462,-4.8405,112.0,24.1147,0.7591,0,3,0.1165,False,False
5715510,1029407,30620,OH,40.7303,-84.0664,7034.6154,1.2164,106.5,66.0527,1.0,0,0,0.1165,False,False
5070858,1019331,14380,NC,36.1995,-81.6598,5746.0,-6.9137,114.5,50.1834,1.0,1,0,0.1164,False,False
7281790,1009811,45300,FL,27.9145,-82.3493,2972.2308,-0.7602,114.5,25.9583,0.5506,0,2,0.1164,False,False
13143406,1038107,26580,OH,38.4164,-82.511,2463.5385,-5.706,118.0,20.8774,0.3333,0,0,0.1164,False,False
2547925,1015383,19820,MI,42.6294,-82.8578,2923.3077,6.711,114.5,25.5311,0.6173,0,2,0.1163,False,False
5071528,1007379,25900,HI,19.6731,-156.0157,4844.3077,10.7718,110.0,44.0392,1.0,0,0,0.1163,False,False
13284998,1052938,15980,FL,26.4937,-81.8058,8274.8462,9.9288,112.0,73.8826,1.0,1,2,0.1163,False,False
5429076,1018530,31080,CA,33.8053,-118.1898,2995.3846,5.6774,127.0,23.5857,0.8303,3,0,0.1163,False,False
6294881,1033610,19100,TX,32.8352,-96.6735,2791.3846,4.9271,117.5,23.7565,0.434,0,0,0.1163,False,False
2545126,10803,37340,FL,28.1287,-80.6308,4589.6923,7.6324,112.0,40.9794,0.8,0,0,0.1162,False,False
1260362,16326,46380,CA,39.4349,-123.8057,2401.7692,7.8552,114.5,20.9762,0.8,0,0,0.1161,False,False
5070810,1026475,48900,NC,34.2728,-77.819,3500.0,1.1561,114.5,30.5677,0.625,0,0,0.1161,False,False
11884186,1040625,42540,PA,41.4364,-75.6184,3257.8462,-8.8204,114.5,28.4528,0.5,0,1,0.116,False,False
2545253,11297,19100,TX,33.0419,-97.0376,4443.7692,2.4182,118.0,37.6591,0.8021,1,1,0.116,False,False
1255960,14061,12060,GA,33.8882,-84.7466,3968.5385,-2.642,118.0,33.6317,0.8105,1,1,0.1159,False,False
7282074,1040001,36500,WA,47.0675,-122.7681,2609.6154,-0.449,126.0,20.7112,0.6429,2,0,0.1158,False,False
1251942,1007859,16500,WA,46.6048,-122.9079,2222.3077,2.9616,119.0,18.6749,0.3333,0,0,0.1158,False,False
7281976,1039423,19060,MD,39.6362,-78.8409,1655.6154,-0.0418,112.0,14.7823,1.0,0,1,0.1158,False,False
1255497,17298,40140,CA,33.8429,-117.533,3190.7692,8.063,122.5,26.0471,0.5328,1,1,0.1157,False,False
12195766,1038244,17460,OH,41.6835,-81.3417,2854.7692,3.9232,114.5,24.9325,0.7222,0,0,0.1157,False,False
5429040,1018140,33100,FL,26.007,-80.3892,3660.2308,-0.0861,112.0,32.6806,0.7719,0,1,0.1156,False,False
1253033,1013436,12260,SC,33.5211,-81.7189,5742.7692,-4.3509,115.5,49.7209,0.8571,1,1,0.1156,False,False
1249667,6807,40140,CA,33.9714,-117.6893,4121.3077,0.1626,119.0,34.6328,0.7904,1,0,0.1156,False,False
1259317,9223,38300,PA,40.4191,-80.0457,2910.6923,6.9472,115.5,25.2008,0.5714,0,1,0.1155,False,False
1248500,8101,30020,OK,34.623,-98.4427,3224.8462,-6.4887,115.5,27.9207,0.5,0,0,0.1154,False,False
2548001,1015528,36740,FL,28.6564,-81.2038,4074.1538,-1.9657,112.0,36.3764,0.7143,0,1,0.1154,False,False
1251014,114051,49740,AZ,32.672,-114.442,3030.5385,4.0624,120.5,25.1497,0.7143,1,1,0.1153,False,False
1259086,14214,47260,VA,36.8415,-76.0939,1986.0769,3.9412,119.0,16.6897,0.3016,0,1,0.1153,False,False
2547859,1015105,36740,FL,28.2517,-81.3128,4277.2308,4.5758,112.0,38.1896,0.7473,0,1,0.1152,False,False
6294618,1031755,38060,AZ,33.3639,-111.8234,2850.5385,3.413,117.0,24.3636,0.4806,0,0,0.1152,False,False
1254950,1011447,19100,TX,32.9975,-96.8576,3630.0,3.369,114.5,31.7031,0.6389,0,0,0.1152,False,False
5715228,1029111,33100,FL,26.7078,-80.1588,3772.4615,5.0375,112.0,33.6827,0.807,0,1,0.1151,False,False
5071026,1024424,15680,MD,38.3034,-76.5223,5548.7692,-2.325,114.5,48.4609,1.0,1,1,0.115,False,False
2545051,10446,33100,FL,26.0079,-80.2749,3628.3077,2.3989,112.0,32.3956,0.7602,0,2,0.115,False,False
1260649,9689,40140,CA,34.107,-117.5923,3025.8462,3.2197,130.5,23.1866,0.4847,3,0,0.115,False,False
2544166,6755,16980,IN,41.4621,-87.0872,3589.0769,-4.0176,111.0,32.334,0.8575,0,1,0.1149,False,False
7282120,1039594,44940,SC,33.9034,-80.3818,4776.6923,0.7725,114.5,41.7178,0.5,0,0,0.1149,False,False
11884439,1044152,47300,CA,36.297,-119.1557,3326.1538,2.2899,114.5,29.0494,0.6667,0,0,0.1148,False,False
2548115,1015906,23580,GA,34.2295,-83.8695,2562.1538,-1.3739,119.0,21.5307,0.2,0,1,0.1147,False,False
2547872,1015131,31080,CA,33.6781,-117.6767,2610.8462,0.5868,120.5,21.6668,0.7488,1,1,0.1147,False,False
6294483,1031743,47900,VA,38.9095,-78.1844,4757.8462,-9.4513,107.5,44.259,0.9871,0,2,0.1146,False,False
2547941,1015406,39580,NC,35.7963,-78.5115,2468.0,-0.8958,121.5,20.3128,0.6512,1,1,0.1144,False,False
5069912,1017789,26900,IN,39.8,-86.2713,2669.3077,6.0188,118.0,22.6213,0.4268,0,0,0.1144,False,False
2545152,10887,40060,VA,37.259,-77.3274,5896.3077,-2.0559,114.5,51.4961,0.9737,1,1,0.1144,False,False
5069947,1021443,15940,OH,40.8902,-81.4054,2484.3846,3.2579,119.0,20.8772,0.25,0,1,0.1143,False,False
1260912,8546,20740,WI,44.7924,-91.5131,3164.5385,-0.4115,114.5,27.6379,0.6667,0,0,0.1143,False,False
6294772,1032721,47300,CA,36.0058,-119.301,2380.0769,7.7971,119.0,20.0006,0.3704,0,0,0.1143,False,False
2545605,17777,49740,AZ,32.6835,-114.6487,2525.5385,0.1464,128.5,19.654,0.4286,2,0,0.1142,False,False
5071885,1025820,17580,NM,34.4403,-103.1969,7103.0769,8.9956,107.5,66.0751,1.0,0,0,0.1142,False,False
1259705,15351,33100,FL,25.9346,-80.1222,3522.6154,-7.3521,112.0,31.4519,0.7427,0,1,0.1142,False,False
6294243,1030684,48220,OK,35.5274,-98.6945,1965.3846,-6.2076,112.0,17.5481,1.0,0,0,0.1142,False,False
13368345,1043236,25620,MS,31.3193,-89.3919,5792.7692,-9.1648,114.5,50.5919,1.0,1,0,0.1142,False,False
13368204,1054210,11980,TX,32.3096,-95.4733,3104.2308,-1.4843,114.5,27.1112,0.6667,0,0,0.1141,False,False
2548457,1017433,46220,AL,33.1657,-87.549,4334.5385,-5.9533,114.5,37.8562,0.5,0,0,0.1141,False,False
13368348,1039928,19740,CO,39.9999,-104.7197,2619.3077,1.8241,114.5,22.876,0.7481,0,0,0.114,False,False
1257823,13542,45060,NY,43.1368,-76.2266,4421.8462,7.5714,112.0,39.4808,0.7273,0,2,0.114,False,False
7282085,1039997,43900,SC,34.7485,-82.0462,4145.6154,10.6201,115.5,35.8928,0.5556,0,0,0.1138,False,False
6294983,1039760,43900,SC,34.9236,-81.9804,5485.9231,0.3461,114.5,47.912,1.0,1,2,0.1137,False,False
1258642,1006442,33860,AL,32.4591,-86.3906,7296.4615,-4.632,114.5,63.7246,0.8889,1,0,0.1137,False,False
6294950,1040035,30980,TX,32.1473,-94.7898,3313.1538,-8.1348,118.0,28.0776,0.25,0,0,0.1137,False,False
1253730,14721,42660,WA,47.1632,-122.4843,3033.8462,-1.1207,119.0,25.4945,0.9118,1,0,0.1137,False,False
2544310,7472,40900,CA,38.6976,-121.0021,2701.7692,0.6996,114.5,23.5962,0.7353,0,0,0.1135,False,False
5428531,1022908,24340,MI,42.7827,-86.0816,3247.0769,1.3323,114.5,28.3588,0.6818,0,0,0.1134,False,False
1249866,18342,20500,NC,36.0578,-78.9294,3247.8462,-0.3987,112.0,28.9986,0.9091,0,0,0.1134,False,False
7281919,1034193,31080,CA,34.22,-118.6054,2395.6154,2.8976,122.5,19.556,0.6689,1,0,0.1134,False,False
5069913,1021183,18020,IN,39.3103,-85.966,6453.3846,-0.669,107.5,60.0315,1.0,0,0,0.1133,False,False
1249772,18229,35620,NY,40.727,-73.7139,2200.3846,2.7183,115.5,19.0509,0.5931,0,2,0.1133,False,False
6294800,17422,24260,NE,40.9191,-98.3823,2600.0,-6.5059,122.5,21.2245,0.5,1,1,0.1133,False,False
1251876,1008846,47260,VA,36.8157,-76.1093,2567.6923,-0.2272,122.5,20.9608,0.5556,1,1,0.1132,False,False
6294350,1031751,38620,OK,36.7371,-97.0677,2354.6923,-1.8721,112.0,21.024,1.0,0,0,0.1132,False,False
5069769,1018483,21780,KY,37.8745,-87.5675,3535.0,-4.9358,115.5,30.6061,0.4286,0,1,0.1131,False,False
5430008,1027074,41740,CA,32.75,-117.1062,3911.8462,9.9451,126.0,31.0464,0.9075,3,0,0.113,False,False
1249913,6774,12580,MD,39.2834,-76.7549,2127.2308,-7.9856,114.5,18.5784,0.6212,0,2,0.113,False,False
2545504,12515,26420,TX,29.6978,-95.2977,3608.4615,15.36,122.0,29.5776,0.6968,1,0,0.113,False,False
7282160,1040186,45540,FL,28.6681,-82.1412,2404.6154,-1.3538,112.0,21.4698,1.0,0,0,0.113,False,False
2544472,8091,27780,PA,40.2781,-78.8464,3579.6154,4.2778,115.5,30.9923,0.5,0,1,0.113,False,False
1249085,18308,31080,CA,34.0724,-117.8819,2827.4615,5.7969,125.0,22.6197,0.8037,2,0,0.113,False,False
1260267,11965,47940,IA,42.5124,-92.4358,5635.7692,8.4893,115.5,48.7945,1.0,1,1,0.1129,False,False
2548434,1017336,36740,FL,28.8226,-81.7016,7567.0769,-8.7424,105.0,72.0674,0.978,0,1,0.1129,False,False
13368275,8586200,19100,TX,32.3746,-96.0981,4215.0769,-5.5274,112.0,37.6346,0.7674,0,0,0.1129,False,False
2545027,10344,12060,GA,34.0502,-84.5972,3803.3077,-7.6488,122.0,31.1747,0.7778,2,2,0.1129,False,False
1248766,18132,33660,AL,30.7034,-88.1251,3911.1538,-0.3606,115.5,33.8628,0.5,0,0,0.1129,False,False
7282173,1040064,29200,IN,40.5006,-86.8677,3701.0,2.5055,112.0,33.0446,0.8889,0,0,0.1128,False,False
1249908,12578,12060,GA,33.855,-84.21,2126.7692,9.7753,118.5,17.9474,0.4118,0,1,0.1126,False,False
2547321,1007735,38300,PA,40.8784,-79.9509,4353.6923,1.1962,111.0,39.2225,0.8413,0,1,0.1125,False,False
5071182,1026195,12540,CA,35.1459,-119.4655,3857.2308,6.5103,113.0,34.1348,0.8085,0,0,0.1125,False,False
5715289,1029074,41940,CA,37.2761,-121.8425,2774.3846,2.8722,126.5,21.9319,0.92,3,0,0.1125,False,False
1249329,17061,31080,CA,33.8896,-118.1441,2340.8462,3.0756,132.0,17.7337,0.6406,4,0,0.1125,False,False
1260651,14618,40140,CA,34.0471,-117.5484,2340.2308,0.9122,120.0,19.5019,0.2489,0,0,0.1124,False,False
2546846,18316,40140,CA,34.1069,-117.4518,2642.7692,3.588,125.5,21.0579,0.3624,1,0,0.1124,False,False
1249720,18015,40380,NY,42.8774,-77.263,3388.1538,-13.9121,112.0,30.2514,0.7222,0,1,0.1124,False,False
2544100,6473,37980,PA,39.8236,-75.8748,3254.8462,3.9938,112.0,29.0611,0.8832,0,1,0.1123,False,False
1259052,15309,37980,PA,39.8629,-75.6833,3221.2308,2.6297,112.0,28.761,0.8759,0,1,0.1123,False,False
1250696,89279,21340,TX,31.9112,-106.5839,2874.9231,13.0011,119.0,24.159,0.3793,0,0,0.1123,False,False
2546291,15903,41740,CA,32.6445,-117.0013,3123.6154,7.2217,114.0,27.4001,0.8035,0,0,0.1122,False,False
1259462,9615,47260,VA,37.1294,-76.5137,5445.9231,82.7397,115.5,47.1508,0.9524,0,1,0.1122,False,False
2547216,1005687,31080,CA,34.6752,-118.1476,4036.8462,-0.3702,124.0,32.5552,0.9534,3,1,0.1122,False,False
5071889,1019665,21580,NM,36.0133,-106.0652,3494.6154,-0.0418,111.0,31.483,1.0,0,0,0.1122,False,False
1260666,9510,20820,IL,39.1389,-88.5667,2048.6923,1.17,112.0,18.2919,1.0,0,1,0.1121,False,False
1254875,15175,41700,TX,29.4971,-98.4801,2466.3077,-9.455,119.5,20.6386,0.1948,0,0,0.1121,False,False
1251742,1006806,36740,FL,28.4107,-81.4556,4338.3846,4.0169,112.0,38.7356,0.7692,0,1,0.112,False,False
5071920,1017594,31080,CA,33.8315,-118.24,1686.9231,2.2092,126.5,13.3354,0.3694,1,0,0.1119,False,True
11883848,1036351,32820,TN,35.2702,-89.6675,5572.0769,-5.8036,108.5,51.3555,0.9688,0,0,0.1118,False,False
2546573,17192,12060,GA,33.8442,-84.4899,2123.6923,1.4925,118.0,17.9974,0.4052,0,1,0.1118,False,False
1252836,1013214,19660,FL,28.9107,-81.2922,8576.1538,2.7558,112.0,76.5728,1.0,1,1,0.1117,False,False
12195983,1053804,40140,CA,34.0284,-117.1161,2859.2308,7.0873,118.0,24.2308,0.4432,0,0,0.1116,False,False
5069976,1023554,36740,FL,28.543,-81.1537,4152.7692,-4.3463,112.0,37.0783,0.7253,0,1,0.1116,False,False
1259966,12723,27740,TN,36.3399,-82.3742,4996.5385,10.8844,116.5,42.8887,1.0,1,1,0.1116,False,False
5071588,1021026,26420,TX,29.5996,-95.5638,1973.0,14.5096,121.5,16.2387,0.2534,0,0,0.1116,False,False
1249542,17768,31080,CA,33.5506,-117.6711,4128.5385,3.4103,118.0,34.9876,0.9601,1,0,0.1115,False,False
5715401,1028733,17460,OH,41.4254,-81.7349,710.3846,7.4962,124.0,5.7289,0.037,0,1,0.1115,False,True
2547829,1015005,40900,CA,38.6907,-121.3838,2703.6154,-0.9721,114.5,23.6124,0.7426,0,0,0.1115,False,False
1249285,6929,35620,NJ,40.4615,-74.4572,2294.1538,16.5683,115.5,19.8628,0.6625,0,4,0.1114,False,False
1248536,14479,44700,CA,37.8245,-121.2875,3580.0,3.241,120.5,29.7095,0.775,1,0,0.1114,False,False
5715209,1030193,12060,GA,34.0525,-83.9937,5956.1538,-9.7426,119.0,50.0517,0.9673,2,0,0.1113,False,False
1248739,17984,27260,FL,30.48,-81.6382,2940.0,5.3357,115.5,25.4545,0.5957,0,1,0.1112,False,False
1248733,7048,41940,CA,37.3731,-121.873,2146.0,5.4745,125.0,17.168,0.82,2,1,0.1112,False,False
1255358,13938,41860,CA,37.962,-121.7384,3479.3077,-3.573,122.0,28.5189,0.975,2,0,0.1111,False,False
6294410,1031535,18580,TX,27.9242,-97.1778,3983.9231,-7.9893,115.0,34.6428,0.5,0,0,0.1111,False,False
2545080,10609,42660,WA,47.0961,-122.3547,3349.6154,3.7774,119.0,28.148,0.9461,1,0,0.111,False,False
5071543,1026336,26420,TX,29.4456,-95.0836,4230.1538,-0.8885,112.0,37.7692,0.8235,0,0,0.111,False,False
1248725,9960,22220,AR,36.1227,-94.1458,5543.9231,-2.4842,115.5,47.9993,0.9412,1,1,0.1109,False,False
13368381,1054014,12420,TX,30.5897,-97.6595,3197.3077,4.3534,115.5,27.6823,0.6353,0,0,0.1109,False,False
2547152,90538,26420,TX,29.8211,-95.5458,3491.0,12.3731,115.5,30.2251,0.6697,0,0,0.1108,False,False
6294838,1033542,12060,GA,34.2664,-84.0925,5373.6154,-4.0017,115.5,46.5248,0.9477,1,1,0.1108,False,False
13143367,1038494,31080,CA,34.0904,-117.7487,1317.1538,5.6649,128.5,10.2502,0.2446,1,0,0.1107,False,True
5070960,1022249,23580,GA,34.1434,-83.956,4437.6923,-0.3937,113.5,39.0986,0.6,0,1,0.1107,False,False
7282226,1037988,47300,CA,36.2414,-119.3486,2812.2308,3.5109,117.5,23.9339,0.4815,0,0,0.1106,False,False
1248753,10352,43740,PA,40.0179,-79.0784,2563.0769,6.5831,112.0,22.8846,1.0,0,1,0.1106,False,False
1255225,1013189,37100,CA,34.2364,-119.0385,3376.8462,3.9522,114.0,29.6215,0.6889,0,1,0.1106,False,False
1250295,11297,19100,TX,33.0419,-97.0376,4704.7692,1.7671,118.0,39.8709,0.8264,1,1,0.1106,False,False
5071667,1026097,22220,AR,36.1816,-94.5071,4704.5385,-0.4233,111.0,42.3832,0.8824,0,0,0.1106,False,False
2545187,10997,16980,IL,42.3708,-87.8833,2134.3846,5.6425,118.0,18.088,0.4516,0,1,0.1105,False,False
13205523,1053772,11100,TX,35.2224,-101.8299,5640.0769,11.1935,112.0,50.3578,0.7778,0,0,0.1105,False,False
5070050,1023633,36740,FL,28.4463,-81.5595,4309.8462,0.2828,112.0,38.4808,0.7582,0,1,0.1105,False,False
1260462,11132,40140,CA,33.9478,-116.9759,4175.5385,8.2134,113.0,36.9517,0.8079,0,0,0.1104,False,False
2548305,1016596,16700,SC,33.0396,-80.1436,5281.5385,-1.2342,119.0,44.3827,1.0,2,2,0.1103,False,False
2545595,12845,23540,FL,29.6591,-82.4142,5659.7692,-1.2204,107.5,52.649,1.0,0,2,0.1103,False,False
5070582,1025722,25420,PA,40.2599,-76.776,2988.4615,4.0969,112.0,26.6827,0.9375,0,1,0.1101,False,False
1250625,88903,33100,FL,25.7467,-80.3354,7417.4615,8.8181,119.0,62.3316,0.9883,2,0,0.1101,False,False
11884096,1040547,38920,TX,28.633,-96.6291,3250.0,6.5601,112.0,29.0179,1.0,0,0,0.1101,False,False
1249903,17121,49740,AZ,32.6721,-114.6238,3337.3077,8.5385,119.0,28.0446,1.0,1,0,0.11,False,False
2548075,1015757,16980,IL,41.8312,-88.1034,2613.0,0.0471,115.5,22.6234,0.6022,0,1,0.11,False,False
2546810,18141,29420,AZ,35.2324,-114.0374,6038.9231,2.2693,119.0,50.7473,1.0,2,1,0.1099,False,False
13641682,8525800,27500,WI,42.543,-89.012,3497.3077,21.1399,115.5,30.2797,0.75,0,0,0.1099,False,False
1248740,17091,18880,FL,30.4174,-86.654,3710.0769,1.4749,114.5,32.4024,0.6,0,1,0.1097,False,False
1260926,7195,19300,AL,30.3761,-87.682,6211.6923,3.7597,112.0,55.4615,0.6667,0,0,0.1096,False,False
2548006,1015540,38060,AZ,33.6024,-112.2902,2491.9231,2.7369,126.0,19.7772,0.3495,1,0,0.1096,False,False
5715743,1029392,31080,CA,34.0849,-117.9642,1951.0769,-0.7668,125.0,15.6086,0.4825,1,0,0.1095,False,False
1259868,14724,24660,NC,36.0358,-79.9626,4454.8462,-3.8565,118.0,37.7529,0.8889,1,0,0.1095,False,False
5428937,1020350,36420,OK,35.3624,-97.566,4647.0,-17.5682,112.0,41.4911,0.6596,0,0,0.1094,False,False
2544814,9475,39820,CA,40.6104,-122.3713,2766.2308,4.6595,115.5,23.95,0.7,0,0,0.1094,False,False
2544899,9806,18140,OH,40.2366,-83.3504,4170.2308,5.0334,112.0,37.2342,0.8947,0,0,0.1094,False,False
2544191,6886,19100,TX,32.7336,-97.3442,5313.1538,-4.294,124.0,42.848,0.8993,3,0,0.1094,False,False
11884438,1044151,12540,CA,35.777,-119.2491,2866.4615,5.6116,124.0,23.1166,0.5319,1,0,0.1093,False,False
6294625,1032889,35060,LA,31.754,-93.0806,4081.6154,4.1392,111.0,36.7713,1.0,0,0,0.1093,False,False
1251690,1008751,42660,WA,47.0714,-122.4178,3671.6923,5.7796,112.0,32.783,0.9559,0,0,0.1093,False,False
1248986,7011,31080,CA,34.4954,-118.6219,2669.2308,4.3954,115.0,23.2107,0.7621,0,0,0.1092,False,False
5070070,1023293,34940,FL,26.1267,-81.7666,3339.5385,4.2678,112.0,29.8173,0.9091,0,1,0.1092,False,False
5715682,1028609,19180,IL,40.1882,-87.6292,2541.3846,4.2998,112.0,22.6909,1.0,0,1,0.1091,False,False
1252123,1007431,46700,CA,38.3849,-121.9342,4085.9231,-0.6249,118.0,34.6265,0.9583,1,0,0.109,False,False
1260465,14369,23420,CA,36.743,-119.7798,1874.6154,1.6094,134.5,13.9377,0.25,3,0,0.1089,False,True
1249294,17802,24860,SC,34.8904,-82.4004,2651.9231,-4.0282,118.0,22.4739,0.3333,0,1,0.1089,False,False
1254630,113741,37100,CA,34.1918,-118.9381,4614.3846,3.5365,118.5,38.94,0.8889,1,0,0.1088,False,False
7282007,1039698,17900,SC,33.9282,-81.0762,3335.0769,4.3868,115.5,28.8751,0.6429,0,0,0.1088,False,False
11884660,1039371,36540,NE,41.213,-95.9759,5234.9231,12.5548,111.0,47.1615,0.88,0,1,0.1087,False,False
2545112,10742,44700,CA,37.7967,-121.2352,3483.3846,4.6061,121.5,28.6698,0.725,1,0,0.1087,False,False
5715633,1028245,29460,FL,27.9496,-81.9715,1206.6923,-7.6203,122.5,9.8505,0.0909,0,0,0.1086,False,True
12195923,1042829,25260,CA,36.0983,-119.5626,3493.8462,2.445,114.5,30.5139,0.7143,0,0,0.1086,False,False
1260391,15768,26380,LA,29.6126,-90.7564,5292.8462,-10.21,115.5,45.8255,1.0,1,0,0.1086,False,False
6294467,1031568,40660,GA,34.2719,-85.2322,3717.5385,-6.0004,115.0,32.3264,0.5,0,1,0.1086,False,False
1252217,1007624,31080,CA,34.0445,-117.9496,2003.0,2.4956,125.0,16.024,0.5141,1,0,0.1085,False,False
6294607,1032442,35620,NJ,40.5285,-74.8559,3363.2308,0.8279,112.0,30.0288,0.8864,0,1,0.1085,False,False
2548406,1017213,19100,TX,32.9382,-97.1841,4230.0769,-2.0571,112.0,37.7685,0.7708,0,1,0.1083,False,False
1260424,8787,25620,MS,31.3245,-89.3451,4651.4615,-9.4328,114.5,40.6241,0.5,0,0,0.1082,False,False
2548161,1016052,16980,IL,41.7801,-87.6451,3064.4615,13.8424,114.5,26.7639,0.7446,0,2,0.1082,False,False
1255456,14037,33700,CA,37.5204,-120.8485,3216.3077,0.1893,126.0,25.5263,0.6667,2,0,0.1082,False,False
1251587,1006924,31080,CA,34.1669,-118.5886,2666.5385,1.9589,133.5,19.9741,0.7604,6,1,0.1082,False,False
2544327,7569,38900,WA,45.5814,-122.376,3210.8462,-2.2962,119.0,26.9819,0.9421,1,0,0.1081,False,False
5070059,1024881,36740,FL,28.4748,-81.6285,3124.6154,-7.4336,115.5,27.0529,0.5055,0,1,0.1081,False,False
7281863,1029366,19940,IL,41.827,-89.4747,3229.7692,3.6435,112.0,28.8372,1.0,0,0,0.1081,False,False
5070363,1021870,29200,IN,40.3677,-86.8644,3162.3077,0.1901,114.5,27.6184,0.6667,0,1,0.108,False,False
12195776,18476,42340,GA,32.0283,-81.1102,9338.7692,7.3498,112.0,83.3819,1.0,1,1,0.108,False,False
1249478,17326,34380,MI,43.6121,-84.7353,3499.3077,7.0931,112.0,31.2438,1.0,0,0,0.1079,False,False
13368347,1053294,38060,AZ,33.61,-112.4135,1624.5385,-1.8953,133.0,12.2146,0.1214,2,0,0.1078,False,True
5070351,1017778,21780,IN,37.9767,-87.6327,3744.6923,-12.9608,114.5,32.7047,0.5714,0,0,0.1078,False,False
5715567,1028385,19740,CO,39.8052,-104.9322,2734.8462,8.0507,115.0,23.7813,0.8015,0,0,0.1076,False,False
5072018,1021982,24300,CO,39.1532,-108.7387,5920.2308,-2.8404,108.5,54.5643,1.0,0,0,0.1076,False,False
7282225,1040116,36540,NE,41.202,-96.235,7324.7692,-1.758,107.5,68.1374,0.96,0,0,0.1075,False,False
1253340,14065,19820,MI,42.6703,-83.0102,6953.6154,7.0306,107.5,64.6848,1.0,0,1,0.1074,False,False
2547996,1015519,41940,CA,37.2418,-121.9318,2142.3846,0.5705,115.0,18.6294,0.81,0,0,0.1074,False,False
1249533,7632,28940,TN,35.75,-83.9921,5133.7692,-1.4224,122.5,41.9083,0.8182,2,0,0.1073,False,False
2547217,1005691,41740,CA,32.7476,-116.9847,2896.4615,3.5019,115.5,25.0776,0.6994,0,0,0.1073,False,False
5070273,1021229,34500,IL,38.313,-88.9461,6197.1538,-4.2626,114.5,54.1236,1.0,1,1,0.1073,False,False
1248714,8168,41700,TX,29.5977,-98.2827,3684.0,2.2241,115.0,32.0348,0.5844,0,1,0.1073,False,False
6294713,1033050,16740,NC,35.2116,-80.6963,2345.3077,2.8123,119.0,19.7085,0.4079,0,0,0.1072,False,False
5071619,1024684,19740,CO,39.9136,-104.9223,6305.5385,-0.3247,115.5,54.5934,0.9924,1,0,0.1072,False,False
1259914,11241,33100,FL,25.9868,-80.1289,4370.0769,10.6801,112.0,39.0185,0.8713,0,1,0.1072,False,False
12196062,1039956,38060,AZ,33.4605,-112.2546,4665.7692,8.9017,118.5,39.3736,0.8738,1,1,0.1072,False,False
1255626,1008833,17140,OH,39.3799,-84.2216,5688.2308,4.766,118.0,48.2053,0.86,1,0,0.1072,False,False
5071711,1020400,25700,KS,38.8925,-99.3171,15426.6923,-2.1879,105.0,146.9209,1.0,1,0,0.1072,False,False
1251872,1008674,37100,CA,34.3463,-119.0697,3555.6154,4.8735,121.5,29.2643,0.7333,1,0,0.1071,False,False
1249008,10428,40140,CA,33.9873,-117.3728,2859.2308,1.1621,118.0,24.2308,0.4432,0,0,0.1071,False,False
6294711,1033096,24860,SC,34.687,-82.1969,3634.0769,7.5244,115.5,31.4639,0.5833,0,1,0.1071,False,False
1254729,14902,46700,CA,38.4571,-121.8432,3031.3077,-9.1377,119.0,25.4732,0.9167,1,0,0.1071,False,False
1257161,16312,47900,MD,39.0243,-77.1238,3001.6923,11.3705,125.0,24.0135,0.897,2,0,0.1071,False,False
1251510,1008741,18880,FL,30.3783,-86.31,2359.3077,0.8119,121.0,19.4984,0.2,0,0,0.107,False,False
6294974,1040202,27140,MS,32.1874,-90.2632,4419.2308,6.5072,114.5,38.5959,0.6667,0,0,0.107,False,False
1248727,8606,22220,AR,36.2837,-94.1533,4213.9231,6.6525,115.5,36.4842,0.5882,0,0,0.107,False,False
12195847,8679,41500,CA,36.6871,-121.7997,2573.5385,2.0809,121.5,21.1814,0.8148,1,0,0.1069,False,False
2547526,1013929,16980,IN,41.546,-87.5096,2717.8462,-10.293,114.5,23.7366,0.6425,0,1,0.1069,False,False
7281914,1034059,44700,CA,37.9118,-121.2963,2885.1538,4.9852,118.0,24.4505,0.475,0,0,0.1068,False,False
5429037,1018275,26420,TX,30.036,-95.5533,3745.4615,4.514,114.5,32.7115,0.724,0,0,0.1068,False,False
2548398,1017200,44180,MO,37.18,-93.2296,4205.6154,2.2518,115.5,36.4123,0.5556,0,0,0.1068,False,False
11884476,1044521,20020,AL,31.2191,-85.3602,6489.2308,-1.3922,114.5,56.6745,1.0,1,1,0.1067,False,False
5430102,1025424,23860,SC,33.4359,-79.1316,2435.6923,-0.6152,112.0,21.7473,1.0,0,1,0.1065,False,False
1260758,8211,38260,KS,37.4363,-94.7045,3118.8462,0.0642,112.0,27.8468,1.0,0,0,0.1065,False,False
5071836,1026428,19100,TX,32.9235,-96.8992,2134.6154,7.8633,121.5,17.5689,0.2361,0,0,0.1065,False,False
2544604,8592,18140,OH,39.8555,-82.8275,3033.5385,4.5327,115.5,26.2644,0.7018,0,0,0.1065,False,False
2547423,1010326,30260,PA,40.9811,-76.8845,2528.0,0.5261,112.0,22.5714,1.0,0,1,0.1064,False,False
1249382,17314,49620,PA,39.7704,-76.9599,4499.5385,-5.0252,114.5,39.2973,0.5,0,1,0.1064,False,False
6294466,1031805,12060,GA,33.4397,-84.1234,2973.0,-3.7409,114.5,25.9651,0.6732,0,1,0.1064,False,False
1249409,10727,40140,CA,33.9002,-117.5585,3540.0769,0.2767,126.0,28.0958,0.655,2,0,0.1064,False,False
13368359,1055024,30780,AR,34.9448,-92.06,3667.0,5.8838,115.5,31.7489,0.6471,0,0,0.1063,False,False
5071666,1021963,36420,OK,35.6812,-97.4186,4208.0,-0.8087,114.5,36.7511,0.6383,0,0,0.1062,False,False
1255437,12821,12540,CA,35.4002,-119.3975,2210.8462,-0.4641,120.5,18.3473,0.2553,0,0,0.1062,False,False
5715721,1029295,33100,FL,26.5137,-80.0588,3722.3077,-0.5835,112.0,33.2349,0.7895,0,3,0.1062,False,False
1248380,12664,41740,CA,33.2193,-117.2258,2089.2308,3.325,119.0,17.5566,0.3815,0,1,0.1061,False,False
2546737,17828,46520,HI,21.427,-158.0016,2979.6923,-1.7426,121.5,24.5242,0.75,1,0,0.1061,False,False
6294285,1029759,35620,NJ,40.0258,-74.1435,3108.1538,-5.7938,112.0,27.7514,0.8454,0,2,0.1061,False,False
2547196,116441,46520,HI,21.3275,-158.0214,2055.1538,8.2449,126.0,16.3107,0.4792,1,0,0.106,False,False
5429122,1017572,12420,TX,30.4481,-97.7917,3322.3846,0.4348,115.0,28.8903,0.6941,0,0,0.106,False,False
1252809,1012535,20100,DE,39.1941,-75.5465,2549.0769,0.0543,112.0,22.7596,1.0,0,1,0.1058,False,False
13205446,1040661,30460,KY,38.0862,-84.552,3436.4615,9.4978,115.5,29.7529,0.7059,0,0,0.1058,False,False
5071273,1019172,41740,CA,32.5836,-117.1156,773.7692,3.509,125.0,6.1902,0.0231,0,0,0.1058,False,True
2544610,8608,33100,FL,26.934,-80.138,3960.4615,-3.1435,112.0,35.3613,0.8187,0,1,0.1058,False,False
1260773,8205,41700,TX,29.5105,-98.5787,2782.8462,-0.3224,134.5,20.6903,0.3247,4,1,0.1058,False,False
12195981,1019851,41940,CA,37.0024,-121.5596,1700.3077,14.3981,133.0,12.7843,0.55,3,0,0.1057,False,True
2545017,10286,46140,OK,36.0614,-95.8143,4405.8462,5.1978,112.0,39.3379,0.84,0,1,0.1057,False,False
1249899,7568,30980,TX,32.5461,-94.7276,4582.7692,2.1449,121.5,37.7183,0.625,1,0,0.1056,False,False
5070288,1023711,37900,IL,40.6677,-89.5793,6452.9231,1.8615,114.5,56.3574,1.0,1,2,0.1056,False,False
1253357,11069,41940,CA,37.0024,-121.5512,2707.8462,2.4595,127.5,21.238,0.9,3,0,0.1056,False,False
1253567,14975,42660,WA,47.6126,-122.0351,2070.9231,-4.1171,122.5,16.9055,0.7304,1,0,0.1055,False,False
5070991,1020692,16700,SC,33.2073,-79.985,3512.6923,-9.0936,114.5,30.6785,0.6522,0,0,0.1055,False,False
1251330,1005564,36740,FL,28.8247,-81.6408,10558.5385,15.1267,105.0,100.5575,1.0,0,0,0.1055,False,False
5069949,1018519,17140,OH,39.195,-84.2376,4184.7692,1.9394,114.5,36.5482,0.6,0,1,0.1055,False,False
1252633,1010091,22220,AR,36.0782,-94.2103,4119.1538,-3.8618,115.5,35.6637,0.5294,0,0,0.1054,False,False
6294787,1033504,26420,TX,29.8289,-94.8475,936.0769,6.7082,125.0,7.4886,0.0317,0,0,0.1053,False,True
1253000,1012894,31080,CA,33.9853,-118.0578,2447.0769,3.8217,127.0,19.2683,0.7055,2,0,0.1053,False,False
5715632,1028164,36740,FL,28.5017,-81.7186,4953.0,3.7361,112.0,44.2232,0.8462,0,0,0.1052,False,False
1260473,14620,10740,NM,34.814,-106.7557,3278.7692,9.1049,114.5,28.6355,0.8293,0,0,0.1052,False,False
1260713,10804,33100,FL,25.4802,-80.4635,2381.2308,11.7142,119.0,20.0103,0.386,0,2,0.1052,False,False
1260732,9494,21340,TX,31.7595,-106.2687,3257.4615,12.3114,128.5,25.3499,0.5517,2,0,0.1051,False,False
2548329,1016754,38060,AZ,33.7997,-111.967,2520.9231,-2.0415,119.0,21.1842,0.3738,0,0,0.105,False,False
7282069,1037353,25940,SC,32.3132,-81.0562,4050.3846,1.6447,112.0,36.1641,0.8571,0,1,0.1049,False,False
1260039,11732,24060,CO,39.5231,-107.7698,3651.4615,13.7609,112.0,32.6023,1.0,0,1,0.1048,False,False
5715605,1029806,22300,OH,41.0528,-83.6133,3242.8462,-0.7604,112.0,28.954,1.0,0,0,0.1047,False,False
12195720,1033355,31080,CA,33.9352,-118.1238,3042.7692,4.1249,129.5,23.4963,0.8369,4,1,0.1046,False,False
2546602,17276,26420,TX,29.8123,-95.4055,2481.1538,-0.4045,125.0,19.8492,0.4118,1,1,0.1045,False,False
5715248,1028463,10900,PA,40.6456,-75.4942,2499.3846,-3.4671,116.5,21.4539,0.5,0,2,0.1045,False,False
1248819,7250,12420,TX,30.1655,-97.7882,4452.5385,5.6259,119.0,37.4163,0.8471,1,1,0.1045,False,False
5070846,1018250,43900,SC,35.0475,-81.9846,4333.0769,2.3214,114.5,37.8435,0.6667,0,0,0.1045,False,False
2546686,17629,11100,TX,35.1896,-101.8655,4824.6923,2.4903,122.5,39.3852,0.4444,1,1,0.1044,False,False
13368289,1044347,46140,OK,36.0142,-96.1123,5243.1538,20.3046,112.0,46.8139,0.96,0,0,0.1043,False,False
1251476,1005782,31080,CA,33.7975,-118.3071,1974.4615,1.1228,129.5,15.2468,0.4958,2,0,0.1043,False,False
1249362,10284,17140,KY,38.9918,-84.6524,4802.0,-3.5236,119.0,40.3529,0.74,1,1,0.1043,False,False
1249463,17138,17140,OH,39.0713,-84.3117,6140.0769,-6.6082,115.5,53.1608,0.92,1,1,0.1042,False,False
1248628,10032,40900,CA,38.5725,-121.5798,2461.5385,4.1497,117.0,21.0388,0.6471,0,0,0.1041,False,False
1259940,17663,33100,FL,26.0654,-80.363,4269.4615,3.7439,112.0,38.1202,0.8596,0,1,0.1041,False,False
2545001,10210,23420,CA,36.8082,-119.7713,5196.5385,3.8876,125.0,41.5723,0.9333,3,0,0.1041,False,False
5070725,1020044,45940,NJ,40.2195,-74.6323,3557.1538,16.5692,112.0,31.7603,1.0,0,2,0.104,False,False
1251395,1008934,22520,AL,34.8393,-87.6359,5801.8462,-9.9813,115.5,50.2324,1.0,1,0,0.104,False,False
6294895,1039707,17460,OH,41.6382,-81.4745,2868.9231,-0.0509,114.5,25.0561,0.7407,0,1,0.104,False,False
11883855,1042605,46380,CA,39.1694,-123.2126,1983.2308,4.3088,122.0,16.256,0.2,0,0,0.104,False,False
1256882,1006997,26420,TX,29.9799,-95.5137,4410.4615,20.0126,125.0,35.2837,0.8597,2,0,0.1039,False,False
6294345,1031252,19100,TX,32.8955,-97.2889,3864.5385,0.0159,121.5,31.8069,0.6979,1,0,0.1039,False,False
1259800,15381,32820,TN,35.2063,-89.8412,2945.0,-2.0318,115.5,25.4978,0.6875,0,0,0.1038,False,False
1251453,1005700,31080,CA,33.7244,-117.835,2753.3077,1.4541,126.0,21.8516,0.787,2,0,0.1037,False,False
1260223,9556,47260,VA,36.859,-75.979,6360.6154,-35.9693,112.0,56.7912,1.0,1,1,0.1037,False,False
5715503,1029533,44780,MI,41.9382,-85.6508,3678.6154,3.7556,112.0,32.8448,1.0,0,0,0.1037,False,False
5070927,1021965,12060,GA,33.7127,-84.9361,3301.7692,5.7764,114.5,28.8364,0.7451,0,1,0.1037,False,False
5071194,1019777,23420,CA,36.7716,-119.835,2453.6923,8.5483,119.0,20.6193,0.4833,0,0,0.1036,False,False
1255361,13866,32900,CA,37.0574,-120.8336,2459.0,2.8043,128.5,19.1362,0.5714,2,0,0.1035,False,False
1250277,116292,11460,MI,42.3029,-83.7059,4051.2308,8.5091,112.0,36.1717,1.0,0,0,0.1035,False,False
6294949,1039303,11980,TX,32.2053,-95.8368,677.9231,-0.1925,122.0,5.5567,0.3333,0,0,0.1034,False,True
1260838,7815,38060,AZ,33.416,-111.5742,2997.5385,9.0655,118.0,25.4029,0.534,0,0,0.1034,False,False
2546089,14979,26300,AR,34.4576,-93.0627,5856.3846,-0.7379,108.5,53.9759,1.0,0,1,0.1033,False,False
1248495,7433,22180,NC,35.039,-78.9352,2969.5385,-3.1364,121.5,24.4406,0.7,1,1,0.1033,False,False
1249078,10385,30780,AR,34.6053,-92.5331,5338.6154,-3.8887,122.5,43.5805,0.8235,2,0,0.1032,False,False
11884159,1040356,31080,CA,33.9583,-118.2326,1117.3077,-0.9411,136.5,8.1854,0.1681,3,0,0.1032,False,True
5071665,1021758,21340,TX,31.7691,-106.4255,2783.0769,8.2035,120.5,23.0961,0.3103,0,0,0.1031,False,False
6294608,1031633,36140,NJ,39.0891,-74.8203,3979.3846,6.8335,112.0,35.5302,1.0,0,0,0.103,False,False
1255382,12055,31080,CA,33.7595,-117.8337,1599.5385,3.2114,138.0,11.5909,0.3295,5,1,0.103,False,True
5071660,1026906,21340,TX,31.8795,-106.4221,1698.6154,6.5014,122.5,13.8662,0.1379,0,1,0.103,False,True
1251354,1006633,26420,TX,29.5047,-95.0435,6698.3077,-4.271,115.5,57.994,0.9683,1,0,0.1029,False,False
1253336,11186,43620,SD,43.5144,-96.77,5526.0,10.1101,122.5,45.1102,0.9231,2,0,0.1029,False,False
5070337,1015923,15620,MI,44.2809,-85.4046,3690.6154,2.796,112.0,32.9519,1.0,0,0,0.1029,False,False
1255294,11246,31080,CA,34.1949,-118.5356,1460.8462,2.5432,128.5,11.3685,0.2879,1,0,0.1028,False,True
5428562,1021884,38060,AZ,33.6089,-111.7296,3442.0769,0.4242,115.5,29.8015,0.665,0,0,0.1028,False,False
5071689,1023532,43300,TX,33.7088,-96.5907,3206.4615,-15.1851,114.5,28.004,0.6667,0,0,0.1027,False,False
5071355,1019770,41740,CA,32.5563,-116.9372,1482.1538,1.4639,122.5,12.0992,0.1965,0,0,0.1027,False,True
5715607,1029940,36100,FL,29.1591,-82.0887,3974.6154,-8.0981,114.5,34.7128,0.5714,0,1,0.1027,False,False
5070965,1019185,12060,GA,34.3494,-84.0497,6601.8462,-7.9418,114.5,57.658,0.9804,1,1,0.1026,False,False
1248609,8175,19740,CO,39.7421,-105.4977,3017.8462,-4.9451,113.5,26.589,0.8626,0,0,0.1026,False,False
1252087,1007313,34820,SC,33.7587,-78.9697,5431.4615,0.9955,118.5,45.8351,0.8462,1,0,0.1026,False,False
7282203,1040422,47380,TX,31.5338,-97.1293,3682.1538,-6.1945,129.5,28.4336,0.2857,2,0,0.1026,False,False
11884678,1044168,15020,MS,31.5784,-90.4651,712.0,-11.7383,114.5,6.2183,1.0,0,0,0.1025,False,True
1251079,116526,39140,AZ,34.5503,-112.4339,3479.3846,-0.5278,112.0,31.0659,1.0,0,0,0.1025,False,False
5070021,1022777,17980,GA,32.5068,-84.966,5349.3077,-8.204,112.0,47.7617,0.6667,0,1,0.1025,False,False
5071729,1023260,35380,LA,29.9201,-90.015,1530.3077,-13.2138,122.5,12.4923,0.0741,0,0,0.1025,False,True
1255309,7922,31080,CA,34.4442,-118.5744,2874.6154,-0.7147,125.5,22.9053,0.8087,2,0,0.1024,False,False
11884674,1042957,40060,VA,37.5107,-77.1938,3349.3077,3.674,114.5,29.2516,0.7368,0,1,0.1024,False,False
1254986,15524,26420,TX,29.5479,-95.0979,3546.8462,-8.5592,114.5,30.9768,0.6878,0,0,0.1024,False,False
13205515,1038620,17300,TN,36.628,-87.3753,5079.9231,14.4821,114.5,44.3661,0.7143,0,0,0.1024,False,False
5070266,1016764,16660,IL,39.4837,-88.333,4944.6154,7.6104,115.5,42.8105,0.5,0,1,0.1024,False,False
1252181,1006907,19820,MI,42.7308,-83.3789,3130.6154,4.6678,115.5,27.1049,0.6667,0,1,0.1023,False,False
13368337,1051987,31140,KY,38.1988,-85.2689,5597.7692,26.845,112.0,49.9801,1.0,0,0,0.1022,False,False
2545881,14130,31080,CA,34.0175,-118.1062,1550.0769,8.3329,122.0,12.7055,0.3078,0,0,0.1022,False,True
1255003,15527,26420,TX,30.2079,-95.4621,4249.2308,-3.4367,112.0,37.9396,0.8281,0,1,0.1019,False,False
6294309,1030277,26090,MI,42.4504,-85.6595,3682.0769,1.368,112.0,32.8757,1.0,0,0,0.1019,False,False
1255080,15544,47380,TX,31.6025,-97.1086,4321.0,-0.9644,115.5,37.4113,0.5714,0,0,0.1019,False,False
1251437,1005700,31080,CA,33.7244,-117.835,2889.0,3.312,126.0,22.9286,0.8103,2,0,0.1017,False,False
5070309,1022185,28020,MI,42.2221,-85.589,3698.3077,1.2851,112.0,33.0206,1.0,0,0,0.1017,False,False
1255420,1020273,38060,AZ,33.3355,-111.8777,3141.7692,-0.635,116.0,27.0842,0.5825,0,1,0.1016,False,False
13368284,1054757,26420,TX,29.3798,-95.1088,3673.4615,-4.7643,114.5,32.0826,0.7149,0,0,0.1015,False,False
5070364,1025702,18820,IN,40.0244,-86.9018,3830.7692,2.7355,112.0,34.2033,1.0,0,0,0.1015,False,False
13490841,10564,42200,CA,34.9532,-120.4154,2173.3846,1.4179,116.5,18.6557,0.7273,0,0,0.1014,False,False
1248514,17306,42200,CA,34.9233,-120.427,3446.0769,-2.9064,129.5,26.6106,0.9545,5,1,0.1014,False,False
5715495,1029252,33660,AL,30.5975,-88.1601,4743.3077,-2.1471,114.5,41.4263,0.625,0,0,0.1014,False,False
1260133,11812,46060,AZ,32.1625,-110.9903,3852.6923,13.69,120.5,31.9726,0.9412,1,0,0.1014,False,False
5715436,1028716,47300,CA,36.3504,-119.4255,3596.0769,13.9164,115.5,31.1349,0.7778,0,0,0.1013,False,False
1253343,12790,12060,GA,33.6502,-84.0102,2971.8462,1.1494,115.5,25.7303,0.6667,0,1,0.1013,False,False
1249455,11024,35840,FL,27.4949,-82.5626,2951.6154,0.8728,115.5,25.5551,0.6667,0,1,0.1013,False,False
7282022,1037663,29540,PA,40.1132,-76.4516,3529.0769,-1.5472,112.0,31.5096,1.0,0,0,0.1013,False,False
6294408,1028832,37420,TX,35.5539,-100.9717,3358.4615,-2.8893,119.0,28.2224,1.0,1,0,0.1011,False,False
1256389,17777,49740,AZ,32.6836,-114.6487,2859.6154,4.345,128.5,22.2538,0.5714,2,0,0.1011,False,False
11883920,1029536,32740,PA,41.62,-80.1677,2292.6923,-10.2664,112.0,20.4705,1.0,0,1,0.101,False,False
5429405,1021917,41940,CA,37.2565,-121.7925,2622.9231,-0.5048,128.0,20.4916,0.89,3,0,0.101,False,False
1260219,11102,28940,TN,36.0143,-84.2552,7478.5385,3.9741,115.5,64.7493,0.9091,1,1,0.1009,False,False
13205427,1038469,28140,KS,39.0145,-94.6878,5066.7692,16.976,113.5,44.6411,0.8545,0,0,0.1009,False,False
6294342,1028590,12420,TX,30.6624,-97.901,4537.1538,-6.394,112.0,40.5103,0.8588,0,0,0.1007,False,False
5071908,1024655,37220,NV,36.2131,-115.9916,426.5385,-17.571,121.5,3.5106,1.0,1,0,0.1004,False,True
1248551,14682,16980,IL,42.0918,-88.3361,2614.2308,2.0846,117.5,22.2488,0.6048,0,0,0.1003,False,False
2547327,1008645,28580,FL,24.563,-81.7761,3606.1538,6.8758,112.0,32.1978,1.0,0,1,0.1003,False,False
6294161,1030846,33700,CA,37.6399,-121.0007,5086.3846,8.8803,123.0,41.3527,0.9487,2,0,0.1003,False,False
6294621,1032716,41700,TX,29.7098,-98.1625,4049.6923,0.8467,113.5,35.6801,0.7662,0,1,0.1002,False,False
2546538,17015,35620,NY,40.6766,-73.557,1956.4615,3.7191,118.0,16.5802,0.4984,0,3,0.1002,False,False
2545989,14541,19100,TX,32.7649,-96.8961,3839.4615,6.2363,122.5,31.3425,0.691,1,0,0.1002,False,False
6294912,1033912,36580,NY,42.4465,-75.0505,1875.5385,-8.6543,112.0,16.7459,1.0,0,3,0.1002,False,False
6294624,1032718,36420,OK,35.4637,-97.6518,5619.6154,3.2288,112.0,50.1751,0.8298,0,0,0.1001,False,False
1248572,6516,12060,GA,33.4638,-84.2187,4784.6923,2.4087,118.5,40.3772,0.8889,1,1,0.1,False,False
5070832,1026453,16740,NC,35.1844,-80.7585,4812.3077,0.637,112.0,42.967,0.8947,0,0,0.1,False,False
5071865,1017908,31080,CA,34.0258,-118.3087,1436.8462,4.4044,133.0,10.8034,0.2812,2,0,0.0999,False,True
2545991,14548,19100,TX,32.9566,-96.6161,4066.6154,-0.2284,121.5,33.4701,0.7222,1,0,0.0998,False,False
7282054,1039799,36260,UT,41.1915,-112.0469,2481.1538,5.4671,117.0,21.2064,0.7059,0,0,0.0997,False,False
1248631,8609,33100,FL,26.4083,-80.2003,4301.3077,-1.2939,112.0,38.4045,0.8655,0,1,0.0997,False,False
2545288,11466,41740,CA,33.1326,-117.062,2322.7692,4.3653,126.0,18.4347,0.4913,1,0,0.0996,False,False
12196143,16455,19100,TX,33.0524,-96.795,4890.6154,-3.1959,112.0,43.6662,0.8611,0,0,0.0995,False,False
1248933,8604,33860,AL,32.338,-86.1822,5208.2308,1.2562,114.5,45.4867,0.5556,0,1,0.0995,False,False
11884259,1040657,23420,CA,36.7344,-119.736,2645.3077,-1.1952,118.0,22.4179,0.5333,0,0,0.0995,False,False
1252435,1009538,38060,AZ,33.6116,-112.0992,2739.6923,2.6398,119.0,23.0226,0.4515,0,0,0.0994,False,False
5715361,1028594,41620,UT,40.5272,-111.8988,2606.0769,2.645,115.5,22.5634,0.8125,0,0,0.0994,False,False
1260653,7233,40140,CA,33.5559,-117.1858,3896.1538,0.492,130.0,29.9704,0.7467,4,1,0.0994,False,False
1256784,16660,35620,NJ,40.8567,-74.0703,2386.6154,0.5966,115.5,20.6633,0.6782,0,3,0.0994,False,False
13368273,1054200,40980,MI,43.4164,-84.0688,5092.8462,8.7232,115.5,44.0939,0.6,0,0,0.0993,False,False
1254853,89651,19100,TX,32.9496,-96.7695,2666.1538,3.0321,119.0,22.4047,0.3924,0,1,0.0993,False,False
1254507,18456,40900,CA,38.7308,-120.7868,2942.4615,1.1637,115.0,25.5866,0.8162,0,0,0.0993,False,False
6294731,1033283,31080,CA,34.0323,-118.1531,1704.6154,1.3307,134.5,12.6737,0.3727,3,0,0.0993,False,True
1251287,1005805,21340,TX,31.772,-106.3755,3818.4615,2.3273,126.0,30.3053,0.7241,2,0,0.0993,False,False
1249955,10754,37860,FL,30.5348,-87.3135,4799.8462,-1.1939,112.0,42.8558,0.8182,0,1,0.0993,False,False
1253390,12724,23620,TX,33.6241,-97.1491,5162.1538,-7.8996,117.0,44.121,1.0,1,0,0.0992,False,False
5071183,1025832,12540,CA,35.3758,-118.9375,2153.5385,-2.194,121.5,17.7246,0.234,0,0,0.0992,False,False
5715534,1028596,22500,SC,34.3616,-80.0634,6088.1538,-5.4601,111.0,54.8482,0.75,0,1,0.0992,False,False
7281952,1037023,16980,IL,41.781,-88.3165,2912.4615,1.2407,115.5,25.2161,0.6989,0,1,0.0992,False,False
6294948,1038242,28660,TX,31.0846,-97.7837,5274.3846,21.1217,114.5,46.0645,0.7857,0,0,0.0991,False,False
2544381,7758,12420,TX,30.456,-97.6034,3829.8462,1.0103,121.5,31.5214,0.7647,1,0,0.0991,False,False
1253133,12739,13900,ND,46.8288,-100.7738,1977.3846,-2.2288,119.0,16.6167,0.5,0,0,0.0991,False,False
1249842,6585,16660,IL,39.4849,-88.1862,6049.0769,-4.253,108.5,55.7519,1.0,0,1,0.099,False,False
7281943,1036992,40900,CA,38.5436,-121.3363,3121.4615,3.7269,121.5,25.691,0.8603,1,0,0.099,False,False
1251986,1006860,15980,FL,26.3439,-81.8065,2278.5385,-4.0646,119.0,19.1474,0.381,0,1,0.099,False,False
1249210,10442,40140,CA,33.9457,-117.4163,5356.6154,3.9111,122.5,43.7275,0.9345,2,0,0.0989,False,False
1259598,9427,12060,GA,33.5113,-84.2241,2378.4615,-0.4988,118.0,20.1565,0.5033,0,1,0.0989,False,False
7281731,9485,35380,LA,30.443,-90.0843,3847.8462,1.1363,114.5,33.6056,0.7037,0,1,0.0989,False,False
2546748,17860,29820,NV,36.1955,-115.1205,2333.5385,-1.3271,125.5,18.5939,0.433,1,1,0.0988,False,False
13205461,1044107,33100,FL,26.7057,-80.2306,5291.6923,18.2501,112.0,47.2473,0.9298,0,1,0.0988,False,False
7282102,1040379,40220,VA,37.0159,-79.865,4813.4615,1.5993,112.0,42.9773,0.9167,0,0,0.0988,False,False
1250542,90216,41740,CA,33.0656,-117.2934,4771.3077,6.2143,112.0,42.601,0.9595,0,0,0.0987,False,False
1250132,18578,39460,FL,27.0162,-82.0529,3710.5385,-1.0909,115.5,32.1259,0.6,0,1,0.0987,False,False
1249514,7439,29460,FL,28.1039,-81.9507,5092.2308,4.129,112.0,45.4663,0.9091,0,0,0.0987,False,False
1252357,1009318,20500,NC,36.0478,-78.9037,4125.6923,11.3547,112.0,36.8365,1.0,0,1,0.0986,False,False
7282131,1039673,24860,SC,34.4942,-81.847,3835.3846,-0.278,115.5,33.2068,0.6667,0,0,0.0985,False,False
5070869,1019685,16740,NC,35.6382,-80.487,3701.6154,6.5803,115.5,32.0486,0.7368,0,0,0.0985,False,False
13205485,1051981,38300,PA,40.1245,-79.5553,4828.6923,4.6374,112.0,43.1133,0.873,0,1,0.0984,False,False
1260931,9837,37340,FL,28.0347,-80.6487,4736.6923,2.9337,119.0,39.8041,0.8667,1,1,0.0984,False,False
2547862,1015108,26420,TX,29.803,-95.7525,4054.8462,4.6059,114.5,35.4135,0.7873,0,0,0.0984,False,False
5430019,1027177,23420,CA,36.7721,-119.7909,4277.4615,7.4739,120.5,35.4976,0.8833,1,0,0.0983,False,False
1249837,10558,19740,CO,39.8844,-104.7723,3611.0,3.7139,113.5,31.815,0.9313,0,0,0.0982,False,False
5071997,1025845,41620,UT,40.5883,-111.9718,2290.9231,8.6657,117.5,19.4972,0.7188,0,0,0.0982,False,False
2544845,9612,19820,MI,42.5156,-83.6155,4765.0769,2.774,112.0,42.5453,0.9383,0,0,0.0982,False,False
5071057,1026448,41540,DE,38.5751,-75.287,4167.4615,-2.3961,112.0,37.2095,0.8889,0,1,0.0982,False,False
1249887,6838,21340,TX,31.9,-106.4404,907.4615,9.3125,126.0,7.2021,0.0345,0,0,0.0981,False,True
7282098,1038137,43620,SD,43.5433,-96.7774,2779.2308,-2.2351,115.5,24.0626,0.7692,0,0,0.0981,False,False
5715357,1028619,47300,CA,36.1964,-119.315,1230.6923,-0.4666,124.0,9.9249,0.1111,0,0,0.0981,False,True
2544948,10027,31080,CA,34.3721,-118.5163,3121.3077,0.032,114.5,27.2603,0.8536,0,0,0.0981,False,False
6294788,1033386,26420,TX,29.6643,-95.2041,1378.6154,5.5912,124.5,11.0732,0.0995,0,0,0.098,False,True
2545068,10530,18860,CA,41.7617,-124.198,2672.1538,11.8488,114.5,23.3376,1.0,0,0,0.098,False,False
6294352,1031259,22220,AR,36.2544,-94.1365,4289.6154,2.3624,115.5,37.1395,0.6471,0,0,0.098,False,False
5715750,1029406,21340,TX,31.7962,-106.232,5116.6923,1.6349,122.0,41.9401,0.931,2,1,0.0979,False,False
5715163,1027950,39580,NC,35.8214,-78.6226,3575.7692,6.6096,114.5,31.2294,0.8605,0,0,0.0979,False,False
2547263,1006779,42660,WA,47.2513,-122.2935,4536.3846,5.4841,119.0,38.1209,0.9853,1,0,0.0978,False,False
5429262,8460,34860,TX,31.6222,-94.6529,4460.0,2.6013,118.0,37.7966,1.0,1,1,0.0978,False,False
5069917,1022310,26900,IN,39.9495,-86.351,3591.0,-4.7966,114.5,31.3624,0.6951,0,1,0.0978,False,False
5070225,1025654,28140,KS,38.8809,-94.8349,4002.6923,-0.6852,115.5,34.6553,0.6545,0,0,0.0978,False,False
13641658,1039658,33860,AL,32.4839,-86.4159,5612.5385,8.7734,114.5,49.0178,0.6667,0,0,0.0977,False,False
1260079,8818,41860,CA,38.0211,-122.2613,2598.7692,9.1391,126.0,20.6252,0.92,2,0,0.0977,False,False
11884430,1044059,13820,AL,33.5755,-86.5172,4628.3846,-0.146,114.5,40.4226,0.625,0,1,0.0977,False,False
5071802,1026803,19100,TX,32.7916,-96.5971,3416.4615,-17.2107,115.5,29.5798,0.5833,0,0,0.0977,False,False
1255280,15569,44700,CA,37.756,-121.4662,3853.0,3.4533,121.0,31.843,0.85,1,0,0.0977,False,False
5715205,1027761,12060,GA,34.0595,-84.5931,3300.0,-2.1263,121.5,27.1605,0.7386,1,1,0.0976,False,False
1248444,10417,47260,VA,37.147,-76.4594,3081.0769,0.293,114.5,26.909,0.7937,0,1,0.0976,False,False
7281752,7692,12780,OK,36.7503,-95.9348,3327.6154,8.3073,113.5,29.3182,1.0,0,0,0.0976,False,False
1260099,12691,31080,CA,34.0632,-118.0194,1741.3077,4.2939,128.0,13.604,0.3827,1,0,0.0976,False,True
1260438,14659,26900,IN,40.072,-85.6535,4004.9231,0.5174,114.5,34.9775,0.7683,0,0,0.0976,False,False
1253752,12078,49620,PA,39.7745,-76.6699,4587.3846,-0.4424,114.5,40.0645,0.7,0,0,0.0975,False,False
5069864,1024526,28940,TN,35.908,-83.839,4479.3846,2.6875,115.5,38.7826,0.6364,0,0,0.0974,False,False
6294898,1039516,33100,FL,26.6512,-80.1109,2973.0,2.6534,117.0,25.4103,0.5848,0,1,0.0974,False,False
1255295,17626,31080,CA,34.1038,-118.0739,1855.6154,15.6756,121.5,15.2726,0.4343,0,0,0.0974,False,False
5070182,1016377,16980,IL,42.1391,-87.9259,2110.7692,4.1287,119.0,17.7376,0.4435,0,2,0.0974,False,False
1249520,18298,29200,IN,40.418,-86.8162,3405.6154,8.4883,115.0,29.614,0.7778,0,1,0.0973,False,False
5070761,1021101,35620,NJ,40.8635,-74.398,3588.5385,4.5237,119.0,30.1558,0.9148,1,4,0.0973,False,False
1248611,10141,24340,MI,42.8605,-85.7224,4738.6923,5.8107,112.0,42.3098,0.9091,0,1,0.0969,False,False
13143372,1043391,21340,TX,31.8852,-106.5733,4264.2308,7.1746,120.5,35.3878,0.8276,1,1,0.0969,False,False
1260932,7341,12060,GA,33.8408,-83.9063,3355.2308,-2.3813,114.5,29.3033,0.7516,0,1,0.0968,False,False
1260296,14451,44700,CA,37.7623,-121.4333,2820.4615,1.2593,126.0,22.3846,0.45,1,0,0.0968,False,False
6294688,1033094,26420,TX,29.4733,-95.3727,4045.8462,1.6957,114.5,35.3349,0.7828,0,0,0.0968,False,False
2545186,10994,37460,FL,30.2208,-85.6499,3854.4615,-8.254,115.0,33.5171,0.6,0,1,0.0968,False,False
6294424,1031803,43300,TX,33.7614,-96.5836,5128.7692,0.555,111.0,46.2051,1.0,0,0,0.0967,False,False
1259761,15368,33100,FL,26.3188,-80.2033,4240.3846,-2.7469,112.0,37.8606,0.8538,0,2,0.0967,False,False
1249880,6670,14140,WV,37.3634,-81.0526,4313.3077,2.1664,112.0,38.5117,1.0,0,0,0.0966,False,False
1249241,17787,32020,OH,40.5818,-83.0821,3150.0,-4.6544,112.0,28.125,1.0,0,1,0.0966,False,False
1249148,10083,36420,OK,35.4849,-97.7593,8282.7692,4.6312,115.5,71.7123,0.9574,1,0,0.0965,False,False
2547415,1010239,33780,MI,41.9502,-83.3991,2837.4615,-9.1364,112.0,25.3345,1.0,0,1,0.0965,False,False
1260767,8183,16700,SC,33.0341,-80.1596,3896.6923,-4.989,124.0,31.4249,0.7826,2,2,0.0964,False,False
11884066,1039872,36420,OK,35.5088,-97.9706,5949.6923,7.2701,112.0,53.1223,0.8723,0,0,0.0963,False,False
11884185,1039578,26900,IN,39.9278,-86.0123,3455.0769,-2.3077,115.5,29.9141,0.6463,0,1,0.0962,False,False
5715613,1028491,40140,CA,34.0594,-117.1861,5720.8462,5.8647,122.5,46.7008,0.9476,2,0,0.0962,False,False
1249668,10972,31080,CA,34.7044,-118.165,2660.1538,4.8734,127.5,20.864,0.7571,2,0,0.0961,False,False
11884147,1040433,40940,AZ,32.836,-109.7317,5031.3077,10.848,119.0,42.2799,1.0,1,0,0.0961,False,False
1253291,13885,16980,IL,42.0998,-88.2866,3195.9231,2.267,115.5,27.6703,0.7849,0,0,0.096,False,False
1249371,16993,17860,MO,38.9475,-92.3011,7193.0769,-2.4535,108.5,66.2956,1.0,0,0,0.096,False,False
2548400,1017204,15940,OH,40.8555,-81.4332,4717.6154,0.1339,119.0,39.6438,0.8333,1,2,0.0959,False,False
2547353,1008997,22780,MO,37.8229,-92.1414,4137.8462,-1.252,112.0,36.9451,1.0,0,0,0.0959,False,False
6294365,1031170,36740,FL,28.3645,-81.3654,4462.3846,2.9093,113.5,39.3162,0.7912,0,1,0.0958,False,False
6294291,1030313,47260,VA,36.8479,-76.0224,2531.5385,3.6079,126.0,20.0916,0.5079,1,0,0.0958,False,False
1251281,1006628,14260,ID,43.5553,-116.5723,3296.7692,17.0984,114.5,28.7927,1.0,0,0,0.0958,False,False
1255476,14275,36220,TX,31.8889,-102.3533,4843.6923,6.1712,125.0,38.7495,0.8,2,0,0.0958,False,False
11883976,1039925,44180,MO,37.004,-93.2274,4754.0,21.1092,115.5,41.1602,0.7778,0,0,0.0957,False,False
1249387,16944,12260,SC,33.5038,-81.9597,4514.9231,-2.3183,114.5,39.4316,0.7143,0,0,0.0957,False,False
5070974,1024975,24860,SC,34.5803,-82.715,4124.4615,-6.4258,114.5,36.0215,0.7222,0,0,0.0957,False,False
2547409,1010094,34980,TN,36.2313,-86.5151,3718.8462,-3.5473,115.5,32.1978,0.6863,0,0,0.0957,False,False
1249287,7600,21220,NV,40.8343,-115.7864,2013.7692,-0.7582,114.5,17.5875,1.0,0,0,0.0957,False,False
1248397,8105,33220,MI,43.6627,-84.248,3777.3077,-6.3971,112.0,33.726,1.0,0,0,0.0956,False,False
5715164,1028014,25780,NC,36.3337,-78.4352,4275.3846,0.0954,112.0,38.1731,1.0,0,0,0.0956,False,False
2545150,10884,19100,TX,32.8584,-97.2646,2154.6154,2.5932,121.5,17.7335,0.2465,0,1,0.0954,False,False
5715542,1029097,18300,OR,43.3767,-124.2142,4915.9231,8.2894,112.0,43.8922,1.0,0,0,0.0954,False,False
1253230,13782,29820,NV,36.1431,-115.066,1877.3846,5.28,129.5,14.4972,0.2474,1,0,0.0953,False,False
6294614,1031786,31080,CA,33.9095,-117.9776,3316.0769,-2.5543,125.0,26.5286,0.8835,2,0,0.0953,False,False
5429996,1027457,10420,OH,41.101,-81.3861,3788.9231,-1.6944,115.0,32.9472,0.75,0,0,0.0953,False,False
11883980,1039295,40140,CA,34.1086,-117.3003,2234.9231,2.9736,129.5,17.2581,0.1921,1,0,0.0953,False,False
2548460,1017447,12420,TX,30.1911,-98.0859,3927.2308,-0.0685,114.5,34.299,0.8,0,0,0.0952,False,False
12196088,1038237,31140,KY,38.2112,-85.3477,5207.6154,-0.5494,112.0,46.4966,0.9,0,0,0.0952,False,False
1252743,1012259,31080,CA,33.9016,-118.3,1327.2308,6.6049,129.5,10.2489,0.2529,1,1,0.0952,False,True
1260764,17093,45780,OH,41.677,-83.6233,4786.6923,-9.0062,117.0,40.9119,1.0,1,1,0.0952,False,False
1255490,15154,41860,CA,37.994,-122.0322,3550.9231,-0.7226,124.0,28.6365,0.98,2,0,0.0951,False,False
1250835,91203,33700,CA,37.6706,-120.9572,4671.0769,1.8722,126.0,37.072,0.8974,3,1,0.0951,False,False
5429273,1021922,38060,AZ,33.3048,-111.9469,3702.7692,0.0582,115.0,32.198,0.7039,0,1,0.0951,False,False
1249532,17274,16860,TN,35.0403,-85.1557,5548.3077,-1.8453,122.5,45.2923,0.9167,2,0,0.0949,False,False
13641623,1037995,26420,TX,29.6441,-95.5377,2344.5385,40.4433,124.0,18.9076,0.3665,0,0,0.0949,False,False
2547395,1009919,46060,AZ,32.1828,-110.9482,2543.1538,-25.7423,114.5,22.211,0.6765,0,1,0.0947,False,False
2545079,10607,40140,CA,33.9236,-116.9493,3226.3077,4.2322,125.0,25.8105,0.559,1,0,0.0947,False,False
1254924,8725,12940,LA,30.4204,-91.1403,3242.3846,1.13,116.5,27.8316,0.6842,0,0,0.0947,False,False
1260111,13801,21380,KS,38.4221,-96.2187,3853.8462,1.9972,112.0,34.4093,1.0,0,1,0.0947,False,False
13205404,1040502,38060,AZ,33.6384,-112.4438,5716.0769,16.6125,119.0,48.0343,0.9272,1,1,0.0945,False,False
1259890,1010354,48900,NC,34.2369,-77.8718,5273.3846,-2.1789,122.5,43.048,0.875,2,1,0.0944,False,False
2546422,16453,38300,PA,40.5164,-80.2199,3790.9231,-3.0245,114.5,33.1085,0.7302,0,1,0.0943,False,False
1250630,90219,33100,FL,26.1878,-80.1155,5017.6154,5.9394,112.0,44.8001,0.9123,0,1,0.0943,False,False
1250652,88904,24860,SC,34.5525,-82.6782,4926.7692,-6.9394,112.0,43.989,0.8889,0,0,0.0943,False,False
6294246,1030534,40140,CA,33.7285,-116.1998,3748.7692,0.0267,115.5,32.4569,0.7293,0,0,0.0943,False,False
2548355,1016853,22540,WI,43.7842,-88.4049,8742.6154,3.0174,107.5,81.3267,1.0,0,0,0.0942,False,False
1252365,18557,16980,IL,41.8074,-87.7428,2665.8462,5.4015,134.0,19.8944,0.621,5,5,0.0941,False,False
5430174,1027584,40140,CA,34.1359,-116.0547,2885.5385,-1.4631,119.0,24.2482,0.4672,0,0,0.094,False,False
6294943,1039525,36220,TX,31.8609,-102.3479,2124.4615,-1.7538,122.5,17.3425,0.2,0,0,0.094,False,False
1249552,16981,10420,OH,41.3111,-81.4407,3807.5385,6.7411,114.5,33.2536,0.8125,0,1,0.0939,False,False
1252915,1012354,49020,VA,39.1657,-78.1642,4721.3846,6.3356,118.5,39.8429,1.0,1,1,0.0939,False,False
5070063,1025430,36740,FL,28.8206,-81.7809,7661.0,7.8605,108.5,70.6083,0.989,0,1,0.0938,False,False
5715514,1028905,39820,CA,40.54,-122.3498,2997.6923,-1.9968,115.5,25.954,0.8,0,0,0.0937,False,False
11883942,1039304,12060,GA,33.7965,-83.741,5322.5385,1.9959,112.0,47.5227,0.9281,0,0,0.0936,False,False
5070038,1021461,18880,FL,30.3888,-86.4301,9568.0769,6.9307,115.0,83.2007,0.9333,1,0,0.0936,False,False
6294953,1040638,19100,TX,33.2211,-96.925,4118.9231,35.4635,118.0,34.9061,0.7465,0,0,0.0936,False,False
1249665,16966,38060,AZ,33.4343,-111.9259,4103.0769,-0.06,136.5,30.0592,0.7864,8,0,0.0936,False,False
7282082,1040364,49660,OH,41.1,-80.7574,4460.0769,1.7764,114.5,38.9526,0.6667,0,2,0.0935,False,False
1250500,69887,28660,TX,31.1201,-97.8751,3613.1538,-1.4167,118.0,30.6199,0.4286,0,1,0.0935,False,False
5071891,1018921,29420,AZ,35.1228,-114.5815,3530.8462,5.9506,122.5,28.8232,0.8,1,0,0.0934,False,False
5715421,1029580,47900,MD,39.1239,-77.2364,1555.3846,-5.5626,125.0,12.4431,0.6009,1,1,0.0934,False,True
5715523,1029600,40140,CA,33.9757,-117.5921,2307.8462,-0.03,133.0,17.3522,0.2314,2,0,0.0934,False,False
13641711,6617,44660,OK,36.1274,-97.0528,4902.8462,4.9791,112.0,43.7754,1.0,0,0,0.0933,False,False
7282183,1039917,34340,NC,36.2784,-80.8337,4862.0769,4.4192,112.0,43.4114,1.0,0,0,0.0933,False,False
5429992,1027452,35900,NC,36.1495,-81.2011,4485.4615,-0.5407,112.0,40.0488,1.0,0,0,0.0933,False,False
1251216,1005484,46520,HI,21.4681,-158.0018,2472.2308,2.4285,128.5,19.2391,0.6875,2,0,0.0933,False,False
2545604,12882,38060,AZ,33.3774,-111.6355,6191.4615,3.117,122.0,50.7497,0.966,2,0,0.0933,False,False
1251394,1006919,47260,VA,36.9144,-76.2707,4646.6154,6.2158,113.0,41.1205,0.9365,0,0,0.0933,False,False
5070607,1021958,40380,NY,43.2096,-77.697,4705.6923,-2.6388,112.0,42.0151,0.8889,0,1,0.0932,False,False
2547445,1012283,16980,IL,41.9302,-87.7861,2674.2308,-0.2496,122.5,21.8305,0.6263,1,7,0.0932,False,False
2545016,10283,23060,IN,41.1187,-85.1384,5175.3846,8.209,119.0,43.4906,1.0,1,0,0.0931,False,False
1250750,1009512,28940,TN,35.8197,-84.2676,10966.2308,-2.7379,115.5,94.9457,1.0,2,1,0.0931,False,False
6294884,1039700,36420,OK,35.6537,-97.5684,9175.7692,9.6541,114.5,80.1377,0.9787,1,1,0.093,False,False
1251943,1007116,29660,WY,41.3093,-105.5564,1848.0,-7.2468,114.5,16.1397,1.0,0,0,0.0929,False,False
7282163,1038326,28660,TX,31.0666,-98.1838,5235.3077,2.6763,114.5,45.7232,0.7143,0,0,0.0929,False,False
1249104,17429,10740,NM,35.2412,-106.6992,3510.8462,3.4967,114.5,30.6624,0.9024,0,0,0.0928,False,False
5070951,1014738,20140,GA,32.542,-82.9515,4051.3077,1.8468,112.0,36.1724,1.0,0,1,0.0928,False,False
11884174,1039709,10620,NC,35.344,-80.1766,4284.4615,4.9223,112.0,38.2541,1.0,0,1,0.0928,False,False
13205497,1038449,35620,NJ,40.2506,-74.2747,4077.2308,-3.7324,112.0,36.4038,0.9527,0,1,0.0928,False,False
5715615,1028597,31080,CA,34.0127,-117.9238,2403.2308,2.9289,118.0,20.3664,0.6755,0,0,0.0926,False,False
5070569,1025836,42540,PA,40.981,-76.0294,4996.8462,1.5556,112.0,44.6147,0.9,0,1,0.0926,False,False
13205438,1045234,22420,MI,43.0127,-83.5515,6249.9231,0.6055,112.0,55.8029,0.8333,0,0,0.0925,False,False
7282144,1037761,41700,TX,29.44,-98.4512,4017.9231,3.1661,122.5,32.7994,0.7403,1,0,0.0925,False,False
1255304,16354,40900,CA,38.7141,-121.3663,2276.3077,-4.2268,119.0,19.1286,0.5294,0,0,0.0925,False,False
2544403,7842,31080,CA,33.8381,-117.9583,1944.3077,0.3653,136.0,14.2964,0.4775,4,0,0.0924,False,False
5715731,1029198,12180,NY,42.9449,-76.55,2202.0769,-15.5571,112.0,19.6614,1.0,0,3,0.0923,False,False
12195930,1039911,26420,TX,29.6283,-95.3855,1499.8462,-22.6454,122.5,12.2436,0.1222,0,0,0.0922,False,True
1260520,8296,16740,NC,35.6595,-80.4607,3503.4615,1.8061,115.5,30.333,0.7237,0,1,0.0922,False,False
1253430,16682,23420,CA,36.7802,-119.7867,2825.3846,9.017,126.0,22.4237,0.5667,1,0,0.0921,False,False
6294977,1033214,35840,FL,27.4858,-82.4354,4267.8462,-5.4934,112.0,38.1058,0.9259,0,1,0.0921,False,False
1249444,18044,40220,VA,37.2259,-79.9692,4178.6923,1.0623,114.5,36.4951,0.75,0,1,0.0921,False,False
2546805,18113,12060,GA,34.0513,-84.0909,5081.6923,-5.0833,112.0,45.3723,0.915,0,0,0.0921,False,False
5071657,1025025,21340,TX,31.9248,-106.4406,2228.6154,8.6599,129.5,17.2094,0.2069,1,1,0.092,False,False
2547755,1014751,26420,TX,29.6983,-95.8467,4187.9231,-1.4321,114.5,36.5757,0.8009,0,0,0.092,False,False
1251569,14690,46520,HI,21.42,-157.8026,3878.0,1.6411,125.5,30.9004,0.8542,2,0,0.0918,False,False
6294696,1033056,16980,IL,42.3219,-88.1659,3355.1538,9.4365,115.5,29.049,0.8065,0,1,0.0918,False,False
11884118,1040414,35420,OH,40.5497,-81.4967,3263.6154,4.0975,119.0,27.4253,0.5,0,0,0.0918,False,False
1248433,7351,10900,PA,40.5567,-75.4896,2953.0769,-0.2131,114.5,25.7911,0.875,0,1,0.0917,False,False
5715563,1014648,41700,TX,29.6634,-98.6316,4399.6923,7.7746,114.5,38.4253,0.8571,0,0,0.0917,False,False
2547558,1014161,36740,FL,28.7555,-81.3527,2702.3077,-5.7975,126.0,21.4469,0.3516,1,2,0.0917,False,False
1249359,17890,31980,IN,40.4809,-85.5507,4548.4615,-1.5042,115.5,39.3806,0.6667,0,0,0.0915,False,False
2547664,1014478,36220,TX,31.8942,-102.3329,4886.6923,-4.6985,122.5,39.8914,1.0,2,0,0.0915,False,False
6294476,1031747,48980,NC,35.7631,-78.0078,4632.7692,-1.4224,112.0,41.364,1.0,0,0,0.0914,False,False
1260910,8163,19820,MI,42.5104,-82.9272,2235.8462,8.4633,121.5,18.402,0.4074,0,0,0.0913,False,False
1253115,10898,29020,IN,40.441,-86.1255,8285.4615,2.0899,115.5,71.7356,1.0,1,0,0.0913,False,False
6294151,1031008,41180,MO,38.7991,-90.7346,3593.7692,-0.0257,117.5,30.5853,0.5942,0,0,0.0911,False,False
7282264,1040658,38380,TX,34.1873,-101.7474,5049.2308,3.3229,119.0,42.4305,1.0,1,0,0.091,False,False
1259613,9803,42660,WA,47.1406,-122.4341,2255.5385,5.0779,117.5,19.1961,0.7794,0,0,0.0909,False,False
13368323,1054779,37460,FL,30.2048,-85.6735,5948.0769,12.9409,114.0,52.1761,0.8,0,0,0.0909,False,False
1260594,8290,46660,GA,30.8439,-83.3281,3023.2308,-0.4029,119.0,25.4053,0.5,0,0,0.0909,False,False
2544855,9644,47260,VA,36.8245,-76.0677,3136.6923,-1.4,115.5,27.1575,0.8254,0,0,0.0908,False,False
13143403,1053419,26420,TX,29.8032,-95.8025,1254.2308,8.5119,126.0,9.9542,0.0724,0,0,0.0908,False,True
6294304,1028022,26900,IN,39.6769,-86.3703,3673.0769,-8.914,115.5,31.8015,0.7073,0,0,0.0908,False,False
1255462,14077,40900,CA,39.0952,-120.9502,2533.7692,1.1329,118.0,21.4726,0.6691,0,0,0.0908,False,False
5715184,1028015,40140,CA,33.9657,-117.0369,2566.2308,2.0557,121.5,21.1212,0.3275,0,0,0.0907,False,False
1248797,17825,18880,FL,30.4176,-86.6077,4278.3846,4.4135,115.0,37.2033,0.7333,0,1,0.0907,False,False
7281951,1035858,44180,MO,37.2484,-93.3114,4687.1538,-1.1839,115.5,40.5814,0.6667,0,0,0.0906,False,False
5070275,1022199,41180,IL,38.5921,-89.9526,5717.4615,-1.2161,112.0,51.0488,0.8986,0,0,0.0906,False,False
5070417,11186,43620,SD,43.5144,-96.7698,5981.5385,6.8513,122.5,48.8289,1.0,2,0,0.0905,False,False
5430106,1025338,26420,TX,29.9023,-95.5532,3146.4615,3.2434,125.0,25.1717,0.6109,1,0,0.0905,False,False
1253225,14796,19820,MI,42.5612,-83.0287,4024.0769,-4.3393,114.5,35.1448,0.8148,0,0,0.0904,False,False
12196082,1045163,16980,IL,41.8721,-87.8342,3304.3846,10.1631,115.5,28.6094,0.7957,0,2,0.0902,False,False
1249563,17288,24340,MI,43.0578,-85.5803,3610.6923,3.011,115.5,31.2614,0.8182,0,0,0.0902,False,False
1248711,17803,22500,SC,34.1893,-79.8056,4268.0,-1.9197,117.0,36.4786,0.5,0,1,0.0902,False,False
1253107,17598,26900,IN,39.6423,-86.3333,4102.5385,-6.3742,114.5,35.83,0.7927,0,0,0.0902,False,False
6294440,1031377,31540,WI,43.0619,-89.308,4265.7692,0.7174,114.5,37.2556,0.8333,0,0,0.0902,False,False
5071513,14677,46520,HI,21.2776,-157.7869,3966.3846,11.6711,122.0,32.5113,0.8958,1,0,0.0901,False,False
12195849,13352,31080,CA,34.4153,-118.4725,5493.3846,13.1293,123.0,44.6617,0.985,2,1,0.0901,False,False
11884107,1037965,34820,SC,33.631,-78.9629,5713.3846,0.887,112.0,51.0124,0.9231,0,0,0.09,False,False
2548035,1015649,12540,CA,35.4124,-119.1114,4429.2308,0.5185,123.5,35.8642,0.9362,2,1,0.0899,False,False
1252143,1007319,25940,SC,32.4407,-80.6871,4602.5385,4.6379,112.0,41.0941,1.0,0,1,0.0899,False,False
1248480,6916,31080,CA,33.9027,-118.0551,2838.2308,3.3935,123.5,22.9816,0.8053,1,0,0.0899,False,False
5071542,1022234,41700,TX,29.5663,-98.259,4368.5385,2.9401,114.5,38.1532,0.8442,0,0,0.0899,False,False
1250788,113922,40140,CA,33.916,-117.3252,2323.0769,-0.4286,122.5,18.9639,0.2402,0,0,0.0899,False,False
1253020,15106,16980,IL,42.1806,-88.3347,3790.0,1.8817,114.0,33.2456,0.8737,0,1,0.0899,False,False
2547914,1015357,41820,NC,35.4537,-79.1371,4341.6923,1.0527,112.0,38.7651,1.0,0,1,0.0898,False,False
2544608,8600,28420,WA,46.2738,-119.1856,4115.6923,10.0679,121.5,33.874,0.9231,1,0,0.0898,False,False
1252382,1009398,36740,FL,28.3413,-81.4121,3372.0,10.0301,118.0,28.5763,0.5934,0,1,0.0898,False,False
5071662,1024308,21340,TX,31.8848,-106.5798,2508.3846,4.0624,128.5,19.5205,0.2759,1,1,0.0897,False,False
6294358,1031161,43700,KY,37.0634,-84.6222,5101.6154,2.0716,119.0,42.8707,1.0,1,0,0.0897,False,False
1250871,91104,33100,FL,26.5706,-80.0892,3543.2308,-4.8777,115.0,30.8107,0.7485,0,1,0.0896,False,False
13641617,11852,47900,MD,39.4171,-77.4398,3149.4615,22.2289,115.5,27.2681,0.9185,0,2,0.0896,False,False
1251643,1006929,41620,UT,40.5513,-112.2976,3535.0769,1.7198,115.0,30.7398,0.875,0,0,0.0896,False,False
5070811,1025246,48900,NC,34.1379,-77.8935,7222.2308,-4.8589,115.5,62.5301,1.0,1,1,0.0895,False,False
2547324,1007790,40140,CA,34.0549,-117.1749,3702.9231,3.1101,127.5,29.0425,0.7205,2,0,0.0895,False,False
11884378,1043376,29340,LA,30.2254,-93.3261,7453.5385,-0.1546,108.5,68.6962,1.0,0,1,0.0895,False,False
1249989,6795,45460,IN,39.4073,-87.4084,4748.0769,-4.4001,114.5,41.4679,0.75,0,0,0.0895,False,False
7282132,1039901,23060,IN,41.0147,-85.1157,3845.3077,-0.7347,114.5,33.5835,0.875,0,0,0.0895,False,False
5072064,1026091,38060,AZ,33.3917,-111.8406,3277.3077,12.5241,125.0,26.2185,0.6165,1,1,0.0893,False,False
1259611,8214,26420,TX,30.0503,-95.2337,3597.0,4.347,124.0,29.0081,0.6923,1,0,0.0893,False,False
1248982,6762,40060,VA,37.7589,-77.4699,4448.0769,6.0037,114.5,38.8478,0.8684,0,0,0.0893,False,False
13205406,1040378,38060,AZ,33.3381,-111.8424,4189.4615,4.5114,121.5,34.4812,0.8058,1,1,0.0892,False,False
5071042,1025403,12580,MD,39.5231,-76.1788,3108.8462,-3.9476,114.5,27.1515,0.8182,0,2,0.0892,False,False
1255445,1010155,31080,CA,34.26,-118.3131,3078.6923,-1.1534,122.5,25.1322,0.8419,1,0,0.0892,False,False
2544278,7286,33100,FL,26.3048,-80.187,5811.3846,21.2979,112.0,51.8874,0.9474,0,3,0.0891,False,False
5715689,1028366,31460,CA,36.9724,-120.0441,4748.4615,10.3741,114.5,41.4713,0.875,0,0,0.0891,False,False
6294588,1032580,25580,NE,40.6166,-98.3819,5638.0769,7.9137,112.0,50.34,1.0,0,0,0.0891,False,False
7282171,1039778,26900,IN,39.8161,-85.9179,5579.6923,-0.4843,112.0,49.8187,0.939,0,0,0.089,False,False
6294866,1033780,40140,CA,33.9423,-117.2418,4717.6923,8.3588,125.5,37.5912,0.8646,2,0,0.0889,False,False
5070982,1024970,16740,SC,35.116,-81.0752,4974.8462,1.2588,112.0,44.4183,0.9474,0,1,0.0888,False,False
1251819,1007301,16700,SC,32.9756,-80.0613,3445.8462,11.3636,118.0,29.2021,0.6087,0,1,0.0888,False,False
5070937,1018579,12060,GA,33.2765,-84.2921,5049.0,-2.581,112.0,45.0804,0.9085,0,1,0.0888,False,False
1250184,10455,19820,MI,42.2538,-83.191,1937.4615,2.5529,122.5,15.816,0.321,0,0,0.0887,False,False
1248560,7452,19300,AL,30.6547,-87.9067,11256.4615,3.3038,112.0,100.5041,1.0,1,1,0.0887,False,False
1260615,8243,31080,CA,33.8743,-118.2477,2307.1538,15.9508,119.5,19.3067,0.6306,0,1,0.0886,False,False
5071670,1021789,36420,OK,35.3913,-97.7228,6061.6154,2.1162,112.0,54.1216,0.9149,0,0,0.0886,False,False
1249275,10892,33100,FL,26.0068,-80.3558,5826.2308,3.7079,112.0,52.0199,0.9532,0,0,0.0885,False,False
6294189,1030884,39540,WI,42.7838,-87.8079,2710.0,4.0,119.0,22.7731,0.6,0,0,0.0884,False,False
5715262,1029578,20380,NC,35.3022,-78.6024,3150.3846,-2.5809,119.0,26.4738,0.5,0,0,0.0884,False,False
1258193,1006924,31080,CA,34.1669,-118.5886,3552.4615,2.098,133.5,26.6102,0.9101,6,1,0.0884,False,False
1260109,11733,23580,GA,34.2971,-83.8563,4693.0,-0.2502,121.5,38.6255,0.8,1,0,0.0884,False,False
1251114,1005480,38060,AZ,33.2978,-111.7439,4718.4615,3.5974,125.0,37.7477,0.8835,2,0,0.0883,False,False
1249535,18255,19100,TX,32.6036,-96.8237,3136.8462,1.7973,119.0,26.3601,0.5382,0,0,0.0883,False,False
2548507,1017748,18580,TX,27.6993,-97.4112,2730.2308,-6.0982,122.5,22.2876,0.1,0,1,0.0883,False,False
7282155,1039772,16980,IL,42.4651,-87.88,3324.9231,3.1821,115.5,28.7872,0.8038,0,1,0.0883,False,False
1249838,6369,27260,FL,30.2639,-82.1071,5289.6923,-0.5438,111.5,47.4412,0.9574,0,1,0.0882,False,False
5071184,1018099,12540,CA,35.295,-119.0269,2124.7692,5.2628,130.5,16.2818,0.2128,1,0,0.0882,False,False
5070931,1020371,12060,GA,34.1212,-84.7457,4520.0769,3.6166,114.5,39.4767,0.8562,0,0,0.0881,False,False
6294448,1031727,17460,OH,41.583,-81.2121,3833.0769,5.1155,114.5,33.4767,0.8704,0,1,0.0881,False,False
13143400,1039457,40140,CA,33.9592,-117.3113,2884.6923,-3.4897,126.5,22.8039,0.4629,1,0,0.088,False,False
2547582,1014243,38060,AZ,33.336,-111.8076,4038.6154,0.621,122.5,32.9683,0.7767,1,0,0.0878,False,False
5715244,1028935,31080,CA,34.2958,-118.418,2675.9231,13.7648,132.0,20.2721,0.7637,3,0,0.0876,False,False
6294419,1031555,19100,TX,32.7674,-96.6238,2596.0,2.5121,121.5,21.3663,0.3681,0,0,0.0876,False,False
5070226,1019800,40620,MO,37.9599,-91.7674,8562.0769,2.3315,108.5,78.9132,1.0,0,0,0.0875,False,False
5071443,1027076,42660,WA,47.1848,-122.2567,5110.8462,1.8628,119.5,42.7686,0.9902,1,0,0.0875,False,False
5428905,1021016,19740,CO,39.83,-105.0246,2310.6923,2.905,118.0,19.5821,0.6794,0,1,0.0875,False,False
1249032,10326,40060,VA,37.2494,-77.3894,4543.9231,-13.0017,112.0,40.5707,0.8947,0,1,0.0875,False,False
1254911,15502,35380,LA,30.3932,-90.0852,4743.8462,3.6662,115.5,41.0723,0.7407,0,0,0.0875,False,False
5428560,1021933,45300,FL,28.2921,-82.7112,5375.0769,2.3944,112.0,47.9918,0.9326,0,1,0.0874,False,False
1251231,1005774,34980,TN,36.33,-86.5944,3818.5385,-3.8878,115.5,33.0609,0.7059,0,1,0.0873,False,False
1259998,13842,31080,CA,33.9552,-118.2191,1534.6154,-1.729,136.5,11.2426,0.3062,3,0,0.0873,False,True
2547091,68810,40140,CA,33.7415,-116.2162,2895.1538,-0.6808,126.0,22.9774,0.4716,1,1,0.0873,False,False
1260670,8251,33460,MN,44.7326,-93.1278,3831.7692,1.3531,114.5,33.4652,0.9222,0,0,0.0872,False,False
6294563,1032118,16980,IL,41.4584,-88.2719,5475.8462,-3.1233,111.0,49.3319,0.9812,0,1,0.0872,False,False
2548036,1015650,41940,CA,37.0058,-121.5507,4089.7692,2.3959,127.5,32.0766,0.99,3,0,0.0871,False,False
6294385,1031742,41860,CA,37.736,-122.2391,2895.0,3.5664,115.5,25.0649,0.94,0,0,0.0871,False,False
5071341,1027161,40140,CA,33.9108,-117.1744,1174.3077,5.8962,126.5,9.2831,0.0611,0,0,0.087,False,True
5715332,1029813,19100,TX,32.5762,-97.3178,6796.1538,1.6967,118.0,57.5945,0.9688,1,0,0.0867,False,False
1260472,8568,19820,MI,42.6972,-83.1354,4412.8462,0.7234,114.5,38.5401,0.8642,0,0,0.0866,False,False
1251705,1008950,19100,TX,32.5659,-97.3496,4732.3077,0.564,114.5,41.3302,0.8299,0,0,0.0866,False,False
1248675,7818,18580,TX,27.8834,-97.3188,3598.0,-0.6457,121.0,29.7355,0.3,0,0,0.0866,False,False
1249595,6785,18580,TX,27.7406,-97.3881,2849.6923,-3.864,122.5,23.2628,0.2,0,0,0.0865,False,False
5071350,1027163,31080,CA,33.65,-117.953,3338.9231,1.8155,115.5,28.9084,0.8852,0,0,0.0865,False,False
5715394,1028711,19100,TX,32.6245,-96.9077,4837.2308,5.0816,121.5,39.8126,0.8542,1,0,0.0864,False,False
1260360,9647,46380,CA,39.152,-123.1956,2423.7692,5.4483,122.5,19.7859,1.0,1,0,0.0864,False,False
5071242,1019803,41860,CA,37.92,-122.3475,1936.8462,5.9499,118.5,16.3447,0.78,0,0,0.0864,False,False
12196095,1052239,36740,FL,28.7598,-81.2866,6634.3077,15.6128,112.0,59.2349,0.9231,0,1,0.0863,False,False
6294130,1030952,12060,GA,33.6032,-83.8615,5328.6923,0.2895,112.0,47.5776,0.9346,0,1,0.0863,False,False
2545132,10820,33700,CA,37.6385,-120.9248,2308.8462,2.0155,122.5,18.8477,0.3077,0,0,0.0863,False,False
5070105,1024439,45300,FL,28.2595,-82.1875,4225.1538,0.9687,114.5,36.9009,0.8202,0,1,0.0861,False,False
2547696,1014564,36740,FL,28.7785,-81.3579,3273.6154,8.7496,119.0,27.5094,0.5385,0,1,0.0861,False,False
5071778,1023334,41660,TX,31.4273,-100.5114,3756.3077,-5.0515,118.5,31.6988,0.5,0,0,0.086,False,False
6294266,1030409,11500,AL,33.8095,-85.7618,4369.2308,-4.789,112.0,39.011,1.0,0,1,0.0859,False,False
13368328,1053975,16700,SC,33.0564,-80.0984,4615.0769,15.3925,115.5,39.9574,0.8696,0,0,0.0859,False,False
5070928,1023886,12060,GA,34.0545,-84.5572,2534.5385,0.8849,119.0,21.2986,0.5556,0,1,0.0859,False,False
5429022,1009824,16980,IN,41.47,-87.346,2779.4615,4.0697,118.0,23.5548,0.6586,0,1,0.0859,False,False
5071615,1020716,19740,CO,39.818,-104.7725,2528.3077,1.9922,118.0,21.4263,0.7405,0,0,0.0859,False,False
5070034,1024413,36740,FL,28.6958,-81.2609,4778.0769,-0.7066,114.5,41.7299,0.8242,0,0,0.0859,False,False
11884019,1040339,16740,NC,35.448,-80.9991,7745.6154,-3.8326,108.5,71.3882,0.9868,0,1,0.0858,False,False
7281740,10320,35380,LA,30.3752,-90.0877,5018.8462,1.1676,114.5,43.8327,0.8148,0,0,0.0858,False,False
7282169,1040080,27900,MO,37.1312,-94.4759,5354.4615,-2.608,114.5,46.7639,0.75,0,0,0.0858,False,False
5715256,1028909,28500,TX,30.0669,-99.1149,5390.6923,-0.5323,112.0,48.1312,1.0,0,0,0.0858,False,False
1250234,6604,10300,MI,41.8745,-84.0328,5048.3077,0.624,112.5,44.8738,1.0,0,0,0.0856,False,False
2548399,1017201,17300,TN,36.6257,-87.3185,4570.9231,-1.4446,116.5,39.2354,0.5714,0,1,0.0856,False,False
1249088,18339,36740,FL,28.688,-81.3925,2343.6154,-3.7347,129.5,18.0974,0.2527,1,0,0.0853,False,False
1260278,16441,47220,NJ,39.4327,-75.0382,8558.7692,4.2208,115.5,74.1019,1.0,1,1,0.085,False,False
1252099,1008991,26420,TX,29.9992,-95.1939,2925.2308,-1.1669,126.0,23.2161,0.5656,1,0,0.085,False,False
1259941,12848,12060,GA,34.0055,-84.574,6379.9231,7.1397,122.0,52.2945,0.9739,2,2,0.085,False,False
13205458,1040120,45300,FL,27.8577,-82.3322,5383.7692,-0.107,112.0,48.0694,0.9438,0,1,0.085,False,False
7282280,1040280,40580,NC,35.8849,-77.5469,6038.0769,6.4022,112.0,53.9114,1.0,0,0,0.0849,False,False
1259507,12528,45000,CA,40.406,-120.6346,9452.6154,6.057,115.5,81.8408,1.0,1,0,0.0849,False,False
2544718,9045,33100,FL,26.03,-80.3601,5486.6923,0.0519,112.0,48.9883,0.9357,0,1,0.0849,False,False
5071552,1024160,12420,TX,30.2133,-97.6582,4154.3846,1.4826,122.5,33.9133,0.8118,1,0,0.0848,False,False
1253722,14051,28660,TX,31.0919,-97.7328,1804.1538,2.5625,125.0,14.4332,0.0714,0,1,0.0848,False,False
1259422,17635,23420,CA,36.7644,-119.7188,4368.0,8.1415,126.0,34.6667,0.9,2,0,0.0847,False,False
6294214,1030807,43220,WA,47.2294,-123.1269,2599.4615,3.0589,115.5,22.5062,1.0,0,0,0.0847,False,False
1253210,12599,26900,IN,39.6796,-86.1485,3293.0769,3.6537,119.0,27.6729,0.5854,0,0,0.0847,False,False
1260577,8273,39740,PA,40.3402,-75.9783,2978.0,0.8125,121.0,24.6116,0.3333,0,1,0.0846,False,False
2547974,1015481,47260,VA,37.1906,-76.4887,3900.1538,-2.2989,114.5,34.0625,0.9206,0,0,0.0845,False,False
2548145,1016013,16980,IL,41.7508,-87.9732,3403.4615,0.1607,115.5,29.4672,0.8199,0,1,0.0845,False,False
1260070,9092,29820,NV,36.1007,-115.0525,2147.6154,7.1253,122.5,17.5316,0.3196,0,1,0.0845,False,False
6294927,1039358,12540,CA,35.2957,-119.1121,4093.7692,6.6791,115.5,35.4439,0.8723,0,0,0.0845,False,False
13205430,1053905,33460,MN,45.2105,-93.6515,5834.2308,-2.5329,112.0,52.0913,0.9556,0,0,0.0844,False,False
1260416,7955,44700,CA,38.1166,-121.2551,2793.6154,3.8935,121.5,22.9927,0.4,0,0,0.0844,False,False
5715701,1029922,15380,NY,42.7966,-78.7501,3645.5385,-4.2663,115.0,31.7003,0.8824,0,0,0.0844,False,False
2546401,16374,40140,CA,33.8019,-117.2293,3558.3077,5.053,125.0,28.4665,0.6638,1,0,0.0844,False,False
1248656,9868,39580,NC,35.6665,-78.4977,3549.6923,-4.8771,115.5,30.7333,0.8372,0,0,0.0843,False,False
5071886,1022221,29740,NM,32.3726,-106.7415,2916.2308,-3.8621,120.5,24.2011,0.4286,0,0,0.0843,False,False
1251487,1007841,41700,TX,29.6003,-97.9496,3703.0769,-2.4677,118.0,31.382,0.5974,0,0,0.0843,False,False
6294315,1030322,16980,IL,41.3841,-88.4232,7150.8462,1.9287,117.0,61.1183,0.9973,1,1,0.0843,False,False
11884323,1042783,12260,GA,33.4848,-82.1332,4727.6154,0.0114,114.5,41.2892,0.7857,0,1,0.0842,False,False
1250176,12595,19820,MI,43.0431,-83.3214,4358.1538,5.5872,115.5,37.7329,0.8395,0,0,0.0842,False,False
5428578,1021348,46520,HI,21.3774,-158.0259,2400.3846,0.6645,126.0,19.0507,0.6458,1,0,0.0842,False,False
1255069,15541,42200,CA,34.6618,-120.4573,1824.5385,6.9098,129.5,14.0891,0.4091,1,0,0.0841,False,False
1260378,8680,47900,VA,38.8122,-77.1839,1429.6154,-10.7048,120.5,11.864,0.5408,0,0,0.0841,False,True
1249858,12627,33100,FL,25.8926,-80.3506,3706.0,0.909,116.5,31.8112,0.7836,0,0,0.0841,False,False
2545115,10753,26420,TX,30.1902,-95.5862,4372.1538,-6.1119,114.5,38.1847,0.8462,0,0,0.0841,False,False
7282148,1040044,40460,NC,34.9229,-79.7503,4699.3846,-3.5445,112.0,41.9588,1.0,0,1,0.0841,False,False
5070060,1021675,38940,FL,27.2743,-80.348,3881.6923,-4.688,114.5,33.9012,0.8,0,2,0.0838,False,False
5070966,1024533,18460,GA,34.5413,-83.5401,4604.1538,-5.2928,112.0,41.1085,1.0,0,1,0.0838,False,False
7282245,1039978,48660,TX,33.965,-98.6712,6104.5385,5.2395,112.0,54.5048,1.0,0,0,0.0837,False,False
1256399,12090,35620,NY,40.5867,-74.1676,11104.1538,1.9845,112.0,99.1442,1.0,1,3,0.0836,False,False
5715752,1029279,31180,TX,33.5192,-101.9897,5159.6923,-2.4789,114.5,45.0628,0.8,0,0,0.0836,False,False
1259720,15357,33100,FL,25.8131,-80.3539,5919.4615,-1.6751,112.0,52.8523,0.9649,0,0,0.0836,False,False
13368105,1043008,38060,AZ,33.5381,-112.1695,3182.0,1.2681,119.0,26.7395,0.5922,0,0,0.0836,False,False
13368299,1053792,19100,TX,33.0229,-96.4529,4990.7692,13.1654,114.5,43.5875,0.875,0,1,0.0835,False,False
5071168,1018602,42020,CA,35.645,-120.6604,3826.3846,9.5588,115.5,33.1289,0.9375,0,0,0.0834,False,False
1251961,1008969,37060,MS,34.3647,-89.5539,9476.4615,-8.2046,114.5,82.7639,1.0,1,0,0.0834,False,False
1248476,9907,23420,CA,36.7931,-119.8725,3070.0,6.2142,126.0,24.3651,0.6333,1,0,0.0834,False,False
1251646,1007032,33100,FL,25.8122,-80.3823,6011.9231,-3.7701,111.0,54.1615,0.9708,0,1,0.0833,False,False
1254732,15078,41860,CA,37.4912,-121.9298,1922.5385,-3.9174,125.0,15.3803,0.775,1,0,0.0833,False,False
13368290,1053635,34460,KY,38.0757,-83.9468,5791.5385,0.4724,112.0,51.7102,1.0,0,0,0.0833,False,False
1259561,9797,26900,IN,39.6139,-86.082,4282.3077,-1.366,115.5,37.0763,0.8049,0,0,0.0832,False,False
2546759,17901,17020,CA,39.3656,-121.6882,4306.5385,8.1146,116.5,36.966,0.7778,0,0,0.0831,False,False
2545901,14208,41180,MO,38.7425,-90.635,5090.0769,0.7046,114.5,44.4548,0.8406,0,0,0.0831,False,False
11884275,1038587,30460,KY,38.0846,-84.49,3129.6154,-6.286,118.0,26.5222,0.6471,0,0,0.083,False,False
1256871,1008911,47900,VA,38.7538,-77.0828,1775.8462,4.7982,126.0,14.094,0.691,1,1,0.083,False,False
1260824,8371,19100,TX,32.6721,-97.3759,2623.2308,9.1893,122.5,21.4141,0.3785,0,0,0.0829,False,False
7281743,1032433,38540,ID,42.9064,-112.466,2680.3077,0.7809,115.5,23.2061,1.0,0,0,0.0827,False,False
1248699,10372,16980,IL,41.6321,-87.8535,4111.8462,4.9208,114.5,35.9113,0.9113,0,1,0.0827,False,False
1255001,11303,35380,LA,30.0211,-90.258,9368.3077,1.3017,115.5,81.1109,1.0,1,0,0.0826,False,False
7281980,1037386,12540,CA,35.2809,-119.032,4422.7692,12.7505,126.5,34.9626,0.9149,2,0,0.0826,False,False
1249081,7468,44700,CA,37.7988,-120.9976,3880.0,5.5893,116.0,33.4483,0.875,0,0,0.0826,False,False
1251267,1006975,31080,CA,34.1149,-118.1834,1792.0769,0.7481,122.5,14.6292,0.4043,0,0,0.0826,False,False
1250777,89942,12420,TX,30.6815,-97.7158,4390.4615,-3.477,115.0,38.1779,0.8353,0,0,0.0826,False,False
13368353,1040246,15980,FL,26.6851,-81.7958,5362.4615,-12.1827,112.0,47.8791,0.9524,0,0,0.0825,False,False
5070892,1019336,21020,NC,36.2938,-76.2974,5078.3846,27.9041,114.5,44.3527,1.0,0,1,0.0825,False,False
1250153,18649,26420,TX,29.5782,-95.157,4581.3846,10.2477,115.5,39.6657,0.8778,0,0,0.0825,False,False
1248517,10236,40140,CA,33.5135,-117.1024,4246.3077,-0.7658,115.5,36.7646,0.8253,0,0,0.0823,False,False
5715726,1029257,36700,SC,33.5462,-80.8311,5609.6923,-3.0575,115.5,48.5688,0.6667,0,0,0.0823,False,False
1249777,6704,15940,OH,40.8601,-81.4826,3187.5385,-12.1704,119.0,26.786,0.5,0,0,0.0823,False,False
11884027,1040049,24860,SC,34.7087,-82.497,4416.8462,-4.472,115.5,38.2411,0.7778,0,0,0.0823,False,False
1249870,10711,26420,TX,29.4699,-95.0928,3231.9231,5.8072,126.0,25.6502,0.629,1,0,0.0822,False,False
1248395,10042,16980,IN,41.4269,-87.3637,4261.3077,9.1351,114.5,37.2167,0.9355,0,1,0.0822,False,False
13205473,1051962,21900,WV,39.427,-80.1877,6071.1538,2.1339,112.0,54.2067,1.0,0,0,0.0821,False,False
11884301,1038544,47580,GA,32.6635,-83.7398,5381.3846,1.9335,112.0,48.0481,1.0,0,1,0.0821,False,False
5715183,1027948,16820,VA,38.0099,-78.5057,4274.6154,6.8284,115.5,37.0097,0.8889,0,0,0.0819,False,False
1260143,19381,49700,CA,39.145,-121.5915,3173.4615,2.3977,125.0,25.3877,0.7143,1,0,0.0819,False,False
1251457,1006442,33860,AL,32.4591,-86.3906,10066.3846,-3.4791,114.5,87.916,1.0,1,0,0.0819,False,False
1255340,14106,44700,CA,38.0206,-121.2954,3293.1538,3.7666,119.0,27.6736,0.625,0,0,0.0818,False,False
1249761,6350,15660,GA,34.4735,-84.9252,3508.7692,6.5175,114.5,30.6443,1.0,0,1,0.0818,False,False
1251306,1007142,15380,NY,43.0897,-78.9878,8543.5385,32.0611,118.0,72.4029,1.0,1,2,0.0817,False,False
7281738,17428,35620,NJ,40.8314,-74.0889,1993.8462,0.0347,126.0,15.8242,0.5174,1,6,0.0817,False,False
2547145,90144,41740,CA,33.0396,-116.8741,5798.9231,4.6287,119.0,48.7304,0.9884,1,1,0.0816,False,False
2544564,8454,41700,TX,29.7784,-98.7375,4121.0769,2.6479,115.5,35.6803,0.8052,0,1,0.0815,False,False
1248998,17863,26860,PA,40.609,-79.1781,4974.0,-4.3815,112.0,44.4107,1.0,0,1,0.0815,False,False
13368400,1051948,32000,NC,35.6526,-82.0304,4942.6923,-4.9201,112.0,44.1312,1.0,0,1,0.0814,False,False
1253031,1013245,40140,CA,34.0318,-117.6683,2504.3846,4.1891,134.0,18.6894,0.3057,2,0,0.0813,False,False
13205444,1045295,31580,KY,37.3506,-87.4923,6262.9231,2.9721,112.0,55.919,1.0,0,0,0.0812,False,False
2547253,1006597,14260,ID,43.5972,-116.5137,2738.1538,2.3021,117.0,23.403,0.8889,0,0,0.081,False,False
6294878,1039975,31260,TX,31.3343,-94.7199,1438.9231,13.4591,122.5,11.7463,0.5,0,1,0.0809,False,True
11884190,1040472,24660,NC,36.1026,-79.7835,3395.0,1.8484,119.0,28.5294,0.6111,0,0,0.0809,False,False
5070891,1023214,16740,NC,35.2527,-81.0275,3990.6923,-0.4376,115.5,34.5514,0.8026,0,1,0.0809,False,False
13205453,1052823,20020,AL,31.1923,-85.4051,6115.0769,-2.6977,114.5,53.4068,0.6667,0,1,0.0809,False,False
1253480,16541,12540,CA,35.3092,-119.0926,3978.3077,9.6603,123.5,32.213,0.8511,1,0,0.0808,False,False
6294289,1030330,15380,NY,42.7482,-78.8538,2494.2308,3.1198,119.0,20.9599,0.6471,0,1,0.0808,False,False
1248935,17362,31080,CA,33.8329,-117.9285,2121.5385,0.4187,136.5,15.5424,0.5691,4,0,0.0808,False,False
5071879,1019683,10740,NM,35.0751,-106.7427,2754.3077,11.0746,119.0,23.1454,0.7561,0,0,0.0807,False,False
2548208,1016253,29460,FL,28.0957,-81.973,4804.9231,11.9748,122.5,39.2239,0.8182,1,1,0.0807,False,False
6294644,1031757,35620,NJ,39.9865,-74.1793,9714.1538,1.5945,115.5,84.1052,0.9968,1,0,0.0806,False,False
1255320,14301,37100,CA,34.396,-118.917,4936.8462,5.8413,114.5,43.1166,0.9333,0,0,0.0805,False,False
1252896,1013222,38900,OR,45.2561,-122.7038,4024.0769,0.2414,114.5,35.1448,0.9835,0,0,0.0805,False,False
5715367,1028363,22220,AR,36.4215,-94.2237,4606.1538,0.5288,115.5,39.8801,0.8235,0,0,0.0805,False,False
7282000,1039460,40140,CA,34.1064,-117.4348,3364.3846,0.4109,126.0,26.7015,0.5983,1,0,0.0804,False,False
1251372,1006773,40140,CA,33.9604,-117.5951,4840.4615,4.1252,126.0,38.4164,0.8821,2,0,0.0804,False,False
13205460,1043519,33100,FL,26.7503,-80.3084,6385.4615,0.1726,112.0,57.013,0.9766,0,0,0.0803,False,False
1249892,7494,35380,LA,29.8891,-90.0307,2665.9231,-0.2418,122.5,21.7626,0.3333,0,0,0.0803,False,False
5071545,1021918,26420,TX,29.6986,-95.8138,7606.6923,2.2468,118.0,64.4635,0.9819,1,0,0.0803,False,False
5715585,1027823,46140,OK,36.0195,-95.977,4663.1538,7.763,115.5,40.3736,0.88,0,0,0.0802,False,False
1256826,15457,44700,CA,37.7397,-121.4512,4644.1538,3.4811,120.5,38.5407,0.975,1,1,0.0802,False,False
6294752,1033275,12060,GA,33.9485,-83.7533,4277.6923,-6.3442,121.5,35.2073,0.8301,1,1,0.0802,False,False
5428532,1022224,41740,CA,33.1333,-117.087,3727.3077,-0.5439,129.5,28.7823,0.8902,3,0,0.0802,False,False
1248667,7020,38300,PA,40.1399,-79.8439,6679.5385,4.5437,112.0,59.6387,0.9841,0,0,0.0802,False,False
1255421,13719,23420,CA,36.7943,-119.6828,9397.2308,0.5821,120.0,78.3103,1.0,2,0,0.0801,False,False
1260874,14530,36740,FL,28.6509,-81.4672,2888.8462,1.2046,121.5,23.7765,0.4286,0,0,0.08,False,False
7281930,1027777,17140,OH,39.3974,-84.5485,5393.9231,0.516,115.0,46.9037,0.8,0,0,0.08,False,False
5430053,1018130,29940,KS,38.9425,-95.2562,9435.1538,-5.7217,114.5,82.4031,1.0,1,1,0.08,False,False
7282164,1040322,12420,TX,30.5935,-97.4127,5069.4615,12.2154,115.0,44.0823,0.9294,0,0,0.0799,False,False
1253009,1013017,24860,SC,34.531,-82.6343,5606.3077,-5.7836,112.0,50.0563,0.9444,0,1,0.0799,False,False
1251555,15333,25900,HI,20.0205,-155.6672,4491.1538,4.2496,115.5,38.8844,0.875,0,0,0.0798,False,False
1258902,9331,47900,MD,39.3759,-77.4116,3983.0769,12.0537,126.0,31.6117,0.9657,2,1,0.0798,False,False
13368208,1039530,38060,AZ,33.4525,-112.2719,4423.7692,2.2055,126.0,35.1093,0.8447,2,1,0.0797,False,False
7282149,1038318,44060,WA,47.66,-117.1531,2589.8462,2.7309,119.0,21.7634,0.7222,0,0,0.0796,False,False
1248827,16948,40140,CA,34.0111,-117.736,2451.5385,3.2227,134.5,18.2271,0.2838,2,0,0.0795,False,False
12196055,1040172,40140,CA,33.8787,-117.6487,1866.1538,8.2504,133.0,14.0312,0.131,1,0,0.0795,False,True
7282323,1040463,24940,SC,34.1784,-82.152,6510.0,3.059,112.0,58.125,1.0,0,0,0.0794,False,False
1248700,17387,16980,IL,41.5217,-88.1461,4033.9231,3.0295,121.5,33.201,0.9005,1,2,0.0794,False,False
1249206,6982,31080,CA,33.7741,-117.9026,2440.3077,3.4029,138.0,17.6834,0.6972,6,1,0.0794,False,False
11884064,1039643,11780,OH,41.7735,-80.9458,5431.2308,-2.0925,112.0,48.4931,1.0,0,1,0.0794,False,False
2546736,17824,26420,TX,29.678,-95.6428,2651.3077,3.6414,121.5,21.8215,0.4842,0,0,0.0793,False,False
5071371,1023202,40140,CA,33.8215,-116.4071,3371.6154,-2.4959,119.0,28.3329,0.6026,0,0,0.0792,False,False
1260300,14951,12940,LA,30.2111,-90.9497,3778.0,-10.1759,115.5,32.71,0.8421,0,0,0.0791,False,False
6294250,1030641,46520,HI,21.4226,-157.7482,2533.0,-0.6187,119.0,21.2857,0.7083,0,0,0.0791,False,False
5715710,1029261,48660,TX,33.8536,-98.4994,5677.1538,2.4288,115.5,49.1528,0.75,0,0,0.079,False,False
1251602,1006783,40140,CA,34.004,-117.6513,3450.3846,2.5234,119.0,28.9948,0.6376,0,0,0.079,False,False
7282408,1032839,35620,NY,41.7277,-73.9314,5658.7692,-3.6427,112.0,50.5247,0.9685,0,1,0.079,False,False
1249407,10728,40140,CA,33.5699,-116.0911,3371.9231,-2.3502,119.0,28.3355,0.607,0,0,0.079,False,False
5715270,1029099,19100,TX,33.2183,-96.8774,4113.2308,8.3943,124.0,33.1712,0.7431,1,1,0.0789,False,False
5071880,1021787,10740,NM,35.102,-106.7294,4353.6923,13.0807,115.5,37.6943,0.9756,0,0,0.0788,False,False
1260610,7916,19100,TX,32.8104,-97.4317,4792.2308,3.2928,122.5,39.1203,0.8472,1,0,0.0788,False,False
13368389,1053767,19100,TX,32.9157,-97.3501,3829.1538,1.0741,125.0,30.6332,0.684,1,0,0.0787,False,False
1250395,68130,45300,FL,28.0405,-82.5054,3107.6154,3.7521,119.0,26.1144,0.618,0,1,0.0786,False,False
7281939,1034128,24340,MI,43.1778,-85.2812,7336.7692,6.5247,112.0,65.5069,0.9545,0,0,0.0786,False,False
5715297,1028721,17900,SC,33.9092,-81.2277,5320.0769,2.2366,114.5,46.4636,0.8929,0,0,0.0785,False,False
2545591,12831,40900,CA,38.5913,-121.5546,1678.4615,-5.9361,124.0,13.536,0.2794,0,0,0.0785,False,True
1260221,9812,45500,TX,33.4578,-94.089,6718.2308,2.6419,119.0,56.4557,1.0,1,0,0.0783,False,False
5071634,1022189,31180,TX,33.5643,-101.9448,6304.8462,-2.6105,119.0,52.9819,1.0,1,0,0.0781,False,False
13143399,1043213,40140,CA,33.9174,-117.2953,2297.7692,8.0247,125.0,18.3822,0.2271,0,0,0.0781,False,False
2547922,1015376,37100,CA,34.1866,-118.91,3186.2308,-1.7924,119.0,26.775,0.6444,0,0,0.078,False,False
1252699,13627,19820,MI,42.7752,-83.2395,4415.1538,-3.4793,114.5,38.5603,0.8765,0,1,0.078,False,False
1251744,1007405,31080,CA,33.8768,-118.2179,1590.3077,0.4031,131.0,12.1398,0.3253,1,0,0.078,False,True
1260032,8235,24540,CO,40.1628,-104.9775,3583.8462,4.6073,115.5,31.029,1.0,0,0,0.0779,False,False
1253739,15179,33700,CA,37.4659,-121.1746,3257.7692,28.2082,121.0,26.9237,0.6923,0,0,0.0779,False,False
6294288,1018189,15380,NY,43.0369,-78.8226,3156.0,0.4628,117.5,26.8596,0.8235,0,0,0.0778,False,False
5071846,1025264,39900,NV,39.6405,-119.711,2943.8462,-0.7624,118.0,24.9478,0.7857,0,0,0.0777,False,False
2548229,1016324,46700,CA,38.3521,-121.9527,5085.6923,-0.8414,127.5,39.8878,1.0,3,0,0.0776,False,False
1251221,1005601,22180,NC,35.1207,-78.8803,4557.6923,0.5379,114.5,39.8052,0.9,0,1,0.0776,False,False
1259584,8962,32580,TX,26.2353,-98.2252,4323.8462,1.6015,129.5,33.3888,0.2105,1,0,0.0776,False,False
6294699,1033258,24340,MI,42.8423,-85.531,8018.9231,6.6619,111.0,72.2426,1.0,0,0,0.0775,False,False
1249911,6475,14540,KY,36.9623,-86.4666,4382.3846,-4.8898,120.0,36.5199,0.3333,0,1,0.0775,False,False
1248880,8414,34980,TN,35.7908,-86.4005,3590.6923,-1.2649,118.0,30.4296,0.6471,0,1,0.0774,False,False
2545717,13431,40140,CA,33.946,-117.3864,4789.0,5.2581,129.5,36.9807,0.8777,3,0,0.0774,False,False
2544449,8005,26620,AL,34.784,-86.9458,4070.0769,-3.3889,114.5,35.5465,0.9231,0,1,0.0773,False,False
2544305,7453,40140,CA,34.1372,-117.3711,2704.5385,3.2115,129.5,20.8845,0.3843,1,0,0.0773,False,False
11884137,1038096,35380,LA,30.4192,-90.0401,5280.4615,-1.018,114.5,46.1176,0.8889,0,0,0.0773,False,False
1254145,89220,41860,CA,37.5506,-122.0486,1653.3077,-0.093,127.5,12.9671,0.675,1,0,0.0773,False,True
6294840,1032917,33980,NC,34.6896,-77.0685,4381.3846,1.1472,114.5,38.2654,1.0,0,0,0.0773,False,False
6294508,1031776,41740,CA,32.8443,-116.8795,4070.1538,0.3737,115.5,35.2394,0.9249,0,0,0.0772,False,False
13368363,1039382,29820,NV,36.2398,-115.0811,3338.7692,14.2211,118.0,28.2947,0.8041,0,1,0.0771,False,False
11884356,1042921,36700,SC,33.5226,-80.8851,7588.6154,12.4726,112.0,67.7555,1.0,0,0,0.077,False,False
1249125,8623,41500,CA,36.2036,-121.1369,2644.0769,3.5955,118.0,22.4074,0.8519,0,0,0.077,False,False
1250001,6797,30940,KY,37.1118,-84.1003,4493.1538,3.8695,119.0,37.7576,0.5,0,1,0.077,False,False
2548250,1016365,27860,AR,35.8205,-90.7057,4128.2308,9.9058,115.5,35.7423,1.0,0,0,0.077,False,False
6294689,1033092,47380,TX,31.8053,-97.101,4804.9231,0.8818,115.5,41.6011,0.8571,0,0,0.0769,False,False
1253215,14896,23180,KY,38.1667,-84.8978,4678.0769,4.3175,114.5,40.8566,1.0,0,0,0.0769,False,False
5430156,1027612,16700,SC,33.1059,-80.1273,3687.0769,5.0726,118.0,31.2464,0.6957,0,1,0.0769,False,False
1255262,14074,40900,CA,38.7301,-121.2894,2155.1538,1.1298,133.0,16.2042,0.4779,2,0,0.0768,False,False
6294966,1037537,20740,WI,44.8176,-91.4563,4082.8462,5.1946,114.5,35.658,1.0,0,1,0.0768,False,False
5429014,1019061,46700,CA,38.2907,-122.0344,2488.3077,3.956,121.5,20.4799,0.5417,0,0,0.0767,False,False
11884272,1040478,46060,AZ,32.1728,-111.0639,1906.1538,8.5747,125.0,15.2492,0.2941,0,0,0.0767,False,False
2547972,1015474,12540,CA,35.3392,-119.0465,3766.3846,2.9024,131.5,28.6417,0.766,3,0,0.0766,False,False
6294928,1039955,31080,CA,33.8938,-117.945,2541.0,-2.3963,119.0,21.3529,0.7288,0,0,0.0766,False,False
5071593,1019308,26420,TX,30.0517,-95.1806,4022.4615,-1.9261,124.0,32.4392,0.7738,1,0,0.0766,False,False
6294383,1031799,42100,CA,36.9188,-121.7826,2627.0,0.4825,131.0,20.0534,0.9091,3,0,0.0765,False,False
1259588,8222,40140,CA,34.8907,-116.9994,2759.8462,4.6219,129.5,21.3116,0.4017,1,0,0.0765,False,False
5072037,1023460,43320,AZ,34.2534,-110.0282,4070.0,8.0502,115.5,35.2381,1.0,0,0,0.0764,False,False
11884013,1040493,40140,CA,33.8877,-117.2267,1981.2308,-3.4452,131.5,15.0664,0.1528,1,1,0.0763,False,False
7282048,1039939,31140,IN,38.3518,-85.7953,4745.7692,-3.4885,114.5,41.4478,0.8667,0,1,0.0763,False,False
1249372,7623,28140,MO,39.0455,-94.4403,5276.7692,7.5963,115.5,45.6863,0.8727,0,0,0.0763,False,False
13368166,1052548,36220,TX,31.9412,-102.3727,3166.1538,7.0927,122.5,25.8462,0.4,0,0,0.0762,False,False
5071334,1025101,40140,CA,33.6543,-117.2976,5130.0,-1.2571,121.5,42.2222,0.917,1,0,0.0762,False,False
1251118,116630,31080,CA,34.221,-118.5021,2991.0769,4.1489,129.0,23.1866,0.8286,2,0,0.0761,False,False
2548445,1017397,26420,TX,29.6652,-95.1564,3683.3077,-7.3059,128.5,28.6639,0.7195,2,0,0.0761,False,False
5428908,1018047,12540,CA,35.6441,-117.6703,3600.4615,16.6912,119.5,30.1294,0.7447,0,0,0.076,False,False
13205403,1039635,46060,AZ,32.0501,-110.7066,4835.9231,4.955,121.5,39.8018,1.0,1,0,0.0759,False,False
1252553,1009857,12540,CA,34.9901,-118.9414,4379.3077,7.5448,122.5,35.7495,0.8936,1,1,0.0759,False,False
1260484,9790,38060,AZ,33.3786,-112.0307,2655.3846,0.7707,128.5,20.6645,0.4223,1,1,0.0758,False,False
6294882,1040569,19100,TX,33.3101,-96.7823,6037.9231,1.2251,113.5,53.1976,0.9514,0,0,0.0758,False,False
5715690,1028381,40140,CA,33.6942,-117.3359,4951.7692,-0.0171,126.0,39.2998,0.9039,2,0,0.0758,False,False
1252221,1007627,12060,GA,34.0866,-84.5305,4697.1538,-3.5385,121.5,38.6597,0.8758,1,1,0.0757,False,False
13205415,1042136,26420,TX,29.9364,-95.1769,3527.1538,2.529,119.0,29.6399,0.6787,0,0,0.0757,False,False
1260470,15766,26900,IN,39.4057,-86.4377,5221.5385,-2.0038,114.5,45.603,0.9146,0,0,0.0754,False,False
5070359,1024958,26540,IN,40.8968,-85.5128,4305.2308,-3.28,114.5,37.6003,1.0,0,0,0.0754,False,False
1250113,7534,30460,KY,38.0407,-84.4241,2415.5385,-2.8373,122.5,19.7187,0.4118,0,0,0.0753,False,False
11884346,1042896,12060,GA,33.8992,-83.9604,2278.8462,-0.5639,121.5,18.7559,0.4771,0,1,0.0753,False,False
1252907,10385,30780,AR,34.6053,-92.5331,7375.6923,-2.8304,122.5,60.2097,1.0,2,0,0.0751,False,False
1249252,10584,26420,TX,30.2209,-95.5671,4832.3846,-0.628,121.5,39.7727,0.8959,1,1,0.0751,False,False
7282159,1039490,36740,FL,28.2453,-81.2532,5010.3077,10.2677,115.5,43.3793,0.8681,0,1,0.0751,False,False
2545382,11908,35620,NY,40.7803,-73.6505,3581.2308,-0.2101,115.0,31.1411,0.9117,0,3,0.0751,False,False
1251345,1005369,41700,TX,29.599,-98.5628,5558.4615,5.7639,114.5,48.5455,0.9481,0,0,0.0751,False,False
1249897,6484,26420,TX,29.6778,-95.1228,3623.1538,2.8833,125.0,28.9852,0.7014,1,1,0.075,False,False
1254457,1009982,31080,CA,34.2652,-118.5239,3301.3846,-0.5215,124.0,26.6241,0.8802,1,0,0.075,False,False
6294665,1032841,12420,TX,29.989,-97.8712,4899.0769,6.0141,115.5,42.4163,0.9176,0,0,0.075,False,False
6294771,1033514,12540,CA,35.5001,-119.2792,2282.0769,-0.473,124.0,18.4038,0.2979,0,0,0.0749,False,False
6294679,1032713,31080,CA,34.0342,-118.1305,2210.9231,0.3982,132.0,16.7494,0.599,2,0,0.0748,False,False
2547988,1015507,31080,CA,34.1399,-117.9778,2241.0,1.9242,132.0,16.9773,0.609,2,0,0.0748,False,False
1251018,1006125,16740,NC,35.2628,-81.1318,4388.6154,-0.6565,122.5,35.8254,0.8421,1,1,0.0748,False,False
6294687,1032984,13300,TX,28.4229,-97.7574,5098.7692,5.7009,114.5,44.5307,1.0,0,0,0.0747,False,False
2547394,1009861,40140,CA,34.0833,-117.6893,5156.6154,6.7401,128.5,40.1293,0.9258,3,1,0.0747,False,False
6294366,1031147,27260,FL,30.1042,-81.8276,4632.6923,-2.0302,114.5,40.4602,0.9149,0,1,0.0747,False,False
1260046,17692,21780,IN,37.9774,-87.3915,6071.6923,-8.5281,114.5,53.0279,0.7143,0,1,0.0746,False,False
2547666,1014481,26900,IN,40.0356,-85.9961,5143.0,-1.1955,115.0,44.7217,0.8902,0,0,0.0746,False,False
5715150,1030111,35620,NJ,40.874,-74.6499,6259.4615,1.9852,112.0,55.888,0.9748,0,2,0.0746,False,False
6294901,1033599,17980,GA,32.4801,-84.943,5519.2308,-0.9484,114.5,48.2029,0.8333,0,1,0.0746,False,False
1260088,14427,41420,OR,44.9446,-122.9832,2350.1538,-2.1741,126.0,18.652,0.7647,1,0,0.0746,False,False
13368386,1038086,12060,GA,33.9258,-84.7472,2644.3077,6.2463,121.5,21.7638,0.5752,0,0,0.0746,False,False
1249784,6524,39980,IN,39.8315,-84.8487,4129.2308,5.4762,115.5,35.7509,1.0,0,0,0.0745,False,False
1248781,7360,27100,MI,42.2702,-84.4249,5989.5385,-3.6766,112.0,53.478,1.0,0,1,0.0745,False,False
6294411,1031519,26420,TX,29.4027,-95.0318,3446.8462,-2.3216,119.0,28.9651,0.6652,0,0,0.0745,False,False
1255370,12836,40140,CA,34.1269,-116.4047,3577.6154,1.2738,119.0,30.064,0.6812,0,0,0.0745,False,False
2548031,1015644,31080,CA,34.2344,-118.2559,4503.3077,0.1351,126.0,35.7405,0.9684,2,0,0.0744,False,False
5715703,1029579,12060,GA,34.1167,-84.2238,4377.7692,-2.1004,115.5,37.9028,0.8431,0,1,0.0744,False,False
12196056,8222,40140,CA,34.8907,-116.9994,2792.7692,2.7247,129.5,21.5658,0.4148,1,0,0.0744,False,False
1249066,8595,43060,OK,35.3802,-96.9293,6908.3846,-1.0216,112.0,61.682,1.0,0,0,0.0743,False,False
5070078,1016831,12220,AL,32.625,-85.447,5283.6154,5.7993,117.0,45.1591,0.75,0,0,0.0743,False,False
6294242,1030655,19100,TX,33.2266,-96.7971,5036.7692,-1.0054,121.5,41.4549,0.8854,1,1,0.0743,False,False
11884241,1040410,13020,MI,43.5949,-83.8898,5473.6923,9.5177,114.5,47.8052,1.0,0,0,0.0742,False,False
2544780,9311,46520,HI,21.3996,-158.0068,3506.8462,0.8272,118.0,29.719,0.7917,0,0,0.0742,False,False
1252274,1008714,16980,IL,41.6922,-87.7404,3140.6923,3.2835,125.0,25.1255,0.7661,1,1,0.0741,False,False
6294785,1039258,10860,TX,27.759,-98.0524,6875.3077,-2.1287,112.0,61.3867,1.0,0,0,0.074,False,False
1255007,12457,26420,TX,29.5517,-95.1262,4552.6923,3.2627,122.5,37.1648,0.8733,1,1,0.074,False,False
5069885,1016804,44220,OH,39.9418,-83.8318,3642.4615,-2.234,115.5,31.5365,1.0,0,0,0.0738,False,False
2548034,1015648,12060,GA,34.0396,-84.46,2844.0769,-6.5725,119.0,23.8998,0.634,0,1,0.0737,False,False
5070212,1021174,38740,MO,36.7694,-90.4169,6819.6154,5.4199,112.0,60.8894,1.0,0,1,0.0737,False,False
13490947,14332,47900,VA,38.4686,-77.4098,3982.0,-0.4806,121.5,32.7737,0.9614,1,2,0.0737,False,False
13368171,1045247,41860,CA,38.0191,-121.9654,1914.0769,7.1435,127.5,15.0124,0.76,1,0,0.0736,False,False
1249910,18269,29200,IN,40.4012,-86.8578,4743.8462,7.6547,114.5,41.431,1.0,0,1,0.0735,False,False
1248586,10160,18140,OH,39.8792,-83.0411,5769.9231,-1.6843,124.5,46.3448,1.0,2,0,0.0734,False,False
5071361,1022332,40140,CA,34.0218,-117.3361,2002.0769,-0.0384,126.0,15.8895,0.1616,0,0,0.0732,False,False
7282281,1040468,28660,TX,31.0865,-97.4578,5759.9231,-6.3989,114.5,50.305,0.8571,0,0,0.0732,False,False
1260718,8292,33140,IN,41.6792,-86.8945,2543.5385,1.8669,121.5,20.9345,0.5,0,1,0.0732,False,False
1260406,9614,19100,TX,32.671,-97.134,3774.2308,3.1644,129.5,29.1446,0.6667,2,1,0.0731,False,False
1250104,12653,16980,IN,41.6069,-87.1722,3192.3846,-10.2526,117.0,27.2853,0.7823,0,1,0.0731,False,False
1248817,7101,18260,TN,36.1386,-85.5057,5404.0,-9.525,124.5,43.4056,0.5,1,1,0.0731,False,False
5715213,1029599,12940,LA,30.2723,-90.9848,5290.8462,4.5669,115.5,45.8082,0.8947,0,0,0.0731,False,False
1253032,13655,48140,WI,44.9606,-89.6559,5521.0769,4.1818,113.5,48.6438,1.0,0,1,0.073,False,False
6294131,1030933,12260,SC,33.575,-81.9395,7056.2308,-1.7869,112.0,63.0021,0.9286,0,1,0.0729,False,False
5071230,1025646,31080,CA,33.8875,-117.863,5532.6154,-0.6122,125.0,44.2609,0.9884,2,0,0.0729,False,False
1252586,1009928,41700,TX,29.5619,-98.3291,4204.6154,1.2035,127.5,32.9774,0.8182,2,1,0.0729,False,False
5071473,1019069,44700,CA,38.1149,-121.2795,3738.6154,5.2857,118.0,31.6832,0.825,0,0,0.0728,False,False
1255168,1014649,37100,CA,34.2794,-118.7384,3899.3077,1.6239,128.5,30.3448,0.8222,2,0,0.0727,False,False
1254790,15798,41740,CA,32.6864,-117.18,2207.4615,-7.3244,122.0,18.0939,0.422,0,1,0.0726,False,False
2547617,1014351,40140,CA,34.0342,-117.0609,6893.2308,2.5168,120.0,57.4436,0.9825,1,0,0.0725,False,False
7282090,1040684,26420,TX,29.7335,-95.3431,3894.6154,10.8848,126.0,30.9096,0.7466,1,0,0.0725,False,False
11884347,1042899,12060,GA,33.6996,-84.5794,3568.5385,-4.8546,118.0,30.2419,0.7647,0,0,0.0725,False,False
7282293,1038400,36740,FL,28.6042,-81.5509,4959.0769,3.2231,115.5,42.9357,0.8571,0,1,0.0724,False,False
11884156,1040288,32620,MS,31.2611,-90.4766,4535.6923,-5.9075,114.5,39.613,1.0,0,0,0.0724,False,False
1249835,6584,12540,CA,35.4407,-119.0761,3423.9231,-0.634,126.0,27.174,0.7021,1,0,0.0723,False,False
1250049,6897,29180,LA,30.1882,-92.0131,4697.3846,-3.8951,114.5,41.0252,1.0,0,0,0.0723,False,False
6294268,1030503,22100,MO,37.7934,-90.4382,6960.3077,-4.1889,112.0,62.1456,1.0,0,0,0.0723,False,False
1255209,11299,31080,CA,34.063,-118.09,2005.1538,-0.8595,122.5,16.3686,0.5175,0,0,0.0723,False,False
5071776,1025082,19100,TX,32.9338,-97.3127,4517.0,-0.3783,117.0,38.6068,0.809,0,0,0.0723,False,False
5071131,1021975,41540,MD,38.4281,-75.0561,6579.6923,-0.5014,112.0,58.7473,1.0,0,1,0.0722,False,False
5070556,1025505,14100,PA,41.0182,-76.4896,5136.9231,1.2939,114.5,44.864,1.0,0,0,0.0721,False,False
7282262,1040318,19260,VA,36.6216,-79.4055,5483.0,-23.5089,112.0,48.9554,1.0,0,0,0.0721,False,False
7282013,1039905,13820,AL,32.8022,-86.5842,8354.4615,2.5087,112.0,74.5934,0.9167,0,0,0.072,False,False
1248983,9909,28420,WA,46.2196,-119.7906,4266.0769,2.3871,115.5,36.9357,1.0,0,0,0.072,False,False
6294748,1033253,17460,OH,41.3845,-81.9769,4197.6923,1.1792,115.5,36.3437,0.9259,0,1,0.072,False,False
1248988,10038,19740,CO,39.6942,-104.7905,2057.6923,-0.4169,122.0,16.8663,0.5725,0,0,0.0719,False,False
1260604,9466,16740,NC,35.4397,-80.6059,4964.5385,1.2075,115.5,42.983,0.9211,0,0,0.0718,False,False
1250118,6592,31180,TX,33.5215,-101.8698,3059.6154,-1.1777,124.0,24.6743,0.2,0,1,0.0717,False,False
7282193,1038363,42660,WA,48.0224,-122.1089,2951.3846,3.1176,118.0,25.0117,0.9069,0,0,0.0717,False,False
1260587,8245,40140,CA,33.9373,-117.5569,2026.5385,-1.4956,126.0,16.0836,0.1703,0,0,0.0717,False,False
7282006,1037522,40140,CA,34.0211,-117.5589,3391.9231,15.26,121.5,27.9171,0.6157,0,0,0.0716,False,False
13641703,1040940,26420,TX,30.0797,-95.9918,3324.4615,14.3999,120.5,27.5889,0.6471,0,1,0.0716,False,False
1252085,1008985,41500,CA,36.6707,-121.6415,4223.0,9.0023,130.0,32.4846,1.0,3,0,0.0716,False,False
2544654,8786,41740,CA,32.7091,-117.0853,2500.2308,-0.5294,121.5,20.578,0.5838,0,0,0.0714,False,False
7282083,1039725,21060,KY,37.8407,-85.9381,7446.8462,0.0403,112.0,66.4897,1.0,0,0,0.0713,False,False
5429970,1027460,27140,MS,32.2798,-90.0373,7255.7692,-2.5769,112.0,64.7837,1.0,0,0,0.0712,False,False
11884274,1038457,40080,KY,37.7322,-84.281,7472.0,-0.3979,122.5,60.9959,1.0,2,1,0.0712,False,False
1249099,17408,41180,MO,38.8184,-90.8784,5911.7692,-1.7728,121.5,48.6565,0.913,1,0,0.0712,False,False
1259939,14061,12060,GA,33.8882,-84.7466,7781.3077,-2.0992,118.0,65.9433,0.9935,1,1,0.0712,False,False
5070572,1018198,25420,PA,40.2303,-76.892,4285.6154,-2.7289,114.5,37.429,1.0,0,1,0.0711,False,False
5071801,1021823,19100,TX,32.5326,-96.8207,5292.3077,0.9464,115.5,45.8208,0.8958,0,0,0.0711,False,False
5428901,1021100,38060,AZ,33.6381,-112.3696,5460.6154,-3.0272,126.0,43.3382,0.9029,2,0,0.0711,False,False
5071705,1021160,19100,TX,32.9992,-96.9105,3154.6923,2.7278,121.5,25.9645,0.5486,0,0,0.071,False,False
5429088,1018053,19380,OH,40.0558,-84.2415,5079.1538,1.8887,115.5,43.9754,0.9286,0,0,0.0709,False,False
2546524,16951,46520,HI,21.4351,-158.1842,3935.0,10.236,118.0,33.3475,0.875,0,0,0.0709,False,False
5071264,1017578,41740,CA,32.6773,-117.0922,4342.1538,2.9359,122.5,35.4462,0.9364,1,1,0.0709,False,False
1252668,1010333,36740,FL,28.3866,-81.245,7206.6923,-3.3417,119.0,60.5604,0.9451,1,1,0.0708,False,False
13368175,1039445,42540,PA,41.3734,-75.7018,3619.3846,2.4183,119.0,30.415,0.6,0,3,0.0708,False,False
1249889,18215,19460,AL,34.5593,-87.0005,4059.8462,-2.5535,115.5,35.1502,1.0,0,0,0.0708,False,False
1249846,10484,12940,LA,30.4571,-90.9571,5999.4615,2.9121,114.5,52.397,0.9474,0,0,0.0707,False,False
1248705,17422,24260,NE,40.9191,-98.3823,3482.2308,-0.1632,122.5,28.4264,1.0,1,1,0.0707,False,False
5071067,1020050,39740,PA,40.5629,-76.0038,7084.3077,2.9638,112.0,63.2527,1.0,0,1,0.0707,False,False
1249280,17893,43780,IN,41.7236,-86.2512,2219.8462,-0.8452,124.5,17.8301,0.25,0,1,0.0706,False,False
1252981,1013184,31080,CA,33.5618,-117.6292,5349.3846,-0.9034,121.5,44.0279,0.9834,1,0,0.0706,False,False
6294409,1031746,12420,TX,30.03,-97.8501,4820.3077,3.9739,115.5,41.7343,0.9059,0,1,0.0706,False,False
2548401,1017207,19820,MI,42.6735,-83.2213,5376.0769,5.5613,114.5,46.9526,0.963,0,1,0.0706,False,False
5071596,1022311,26420,TX,30.1894,-95.4541,4381.5385,0.2235,117.0,37.449,0.8552,0,0,0.0705,False,False
6294321,1030262,32220,TX,32.5452,-94.3497,5505.0,2.8395,114.5,48.0786,1.0,0,0,0.0705,False,False
7282246,1038343,46060,AZ,32.4585,-111.2167,1806.5385,4.5637,126.0,14.3376,0.2647,0,0,0.0704,False,False
5071363,8642,40140,CA,34.0482,-117.3054,2320.0769,6.0364,132.0,17.5763,0.2358,1,1,0.0703,False,False
1260629,8234,19740,CO,39.8494,-104.979,2882.3846,11.5673,119.0,24.2217,0.8321,0,1,0.0702,False,False
11884181,1040562,49780,OH,39.9473,-82.0038,3260.4615,9.2676,117.5,27.7486,1.0,0,0,0.0702,False,False
1253245,11162,17140,OH,39.3351,-84.5246,8632.1538,12.663,112.0,77.0728,1.0,0,0,0.0701,False,False
11884300,1040678,20460,OK,33.9967,-96.4008,8807.7692,14.8225,112.0,78.6408,1.0,0,0,0.0701,False,False
1260599,8440,17140,KY,39.0249,-84.5793,5394.8462,-0.2517,115.5,46.7086,0.82,0,1,0.0701,False,False
5071800,1021172,11980,TX,32.3313,-96.1335,5343.1538,-0.1323,114.5,46.6651,1.0,0,0,0.07,False,False
1257285,13525,35620,NY,40.6614,-73.8401,3739.4615,1.4165,126.0,29.6783,0.9369,2,5,0.07,False,False
1255343,13836,41500,CA,36.4164,-121.321,1699.9231,0.1314,124.0,13.7091,0.4444,0,0,0.0699,False,True
6294561,1032081,19980,KS,37.774,-100.0336,4912.4615,6.6108,115.5,42.5321,1.0,0,0,0.0699,False,False
1249278,17795,12260,GA,33.4676,-82.0776,8238.0769,-4.9304,111.0,74.2169,1.0,0,0,0.0699,False,False
5715489,1027742,19100,TX,33.3483,-96.5849,6105.7692,3.5511,114.5,53.3255,0.9549,0,0,0.0698,False,False
13205413,1053245,18580,TX,27.6641,-97.2845,8164.9231,6.2013,112.0,72.9011,1.0,0,0,0.0698,False,False
1253702,8820,32900,CA,37.0991,-121.0155,4658.9231,6.8862,116.5,39.9908,0.9286,0,0,0.0698,False,False
6294546,1031756,35620,NJ,39.8598,-74.2054,6629.3846,-2.2769,112.0,59.1909,0.9779,0,2,0.0697,False,False
5430135,1024937,45300,FL,28.1896,-82.618,6764.6923,-4.3693,112.0,60.399,0.9888,0,1,0.0697,False,False
5070237,1024429,27620,MO,38.5789,-92.1813,11965.1538,2.6042,107.5,111.3038,1.0,0,0,0.0697,False,False
2547950,1015418,31080,CA,33.9034,-118.1506,2659.2308,2.6029,131.0,20.2995,0.7554,2,0,0.0697,False,False
2545074,10594,41500,CA,36.6911,-121.6527,2862.2308,8.4874,129.5,22.1022,0.9259,2,0,0.0696,False,False
5071227,1026215,42200,CA,34.4434,-119.7888,1911.2308,-7.1594,129.5,14.7585,0.5,1,0,0.0695,False,False
13205456,1044210,26140,FL,28.8931,-82.4854,7908.7692,2.3371,112.0,70.614,1.0,0,0,0.0695,False,False
2546849,18331,19100,TX,32.7444,-96.4485,5396.3846,0.7366,122.5,44.0521,0.9097,1,0,0.0694,False,False
1252243,1007786,31080,CA,33.812,-118.1809,2367.6154,8.0913,135.5,17.4732,0.6622,3,0,0.0694,False,False
12196064,1040849,41620,UT,40.6504,-112.0253,5004.5385,6.6174,115.5,43.3293,1.0,0,0,0.0693,False,False
1258707,17408,41180,MO,38.8184,-90.8784,6114.0769,-1.2732,121.5,50.3216,0.9275,1,0,0.0693,False,False
2546107,15060,31080,CA,33.9754,-118.1243,2362.8462,2.6398,121.5,19.4473,0.6589,0,0,0.0692,False,False
1255219,9288,41860,CA,37.9903,-122.335,1997.8462,3.4535,120.5,16.5796,0.81,0,0,0.0692,False,False
5715751,1029273,33260,TX,32.0374,-102.0867,6004.1538,-1.6804,115.5,51.984,0.8333,0,0,0.0692,False,False
6294331,1028939,44700,CA,37.9359,-121.299,1949.5385,16.8465,128.0,15.2308,0.175,0,0,0.0691,False,False
1259483,8231,22900,AR,35.3593,-94.3633,5532.2308,9.2197,114.5,48.3164,1.0,0,1,0.0691,False,False
5071169,1021180,42200,CA,34.6386,-120.4537,3033.4615,6.3569,119.0,25.4913,0.8636,0,0,0.0691,False,False
5428690,1012761,31080,CA,34.5758,-118.0456,2685.7692,3.3324,131.0,20.5021,0.7687,2,0,0.069,False,False
11884326,1042731,41700,TX,29.3481,-99.1222,6581.1538,6.6917,114.0,57.7294,0.987,0,0,0.069,False,False
5715298,1028507,43140,NC,35.2287,-81.3326,5060.6154,0.3707,115.0,44.0054,1.0,0,0,0.0689,False,False
1249097,10048,12580,MD,39.3982,-76.4814,2750.1538,-0.3456,119.0,23.1105,0.7727,0,1,0.0688,False,False
1250692,91237,47900,VA,38.6282,-77.288,3114.5385,9.0672,118.0,26.3944,0.9142,0,1,0.0687,False,False
2546026,14680,25260,CA,36.3257,-119.6733,4960.6923,1.7482,127.0,39.0606,0.8571,2,1,0.0687,False,False
5070978,1024762,42860,SC,34.6935,-82.9786,6844.3846,-4.1113,112.0,61.1106,1.0,0,1,0.0686,False,False
5070258,1018180,16980,IL,41.9674,-87.7678,2652.3077,8.1861,120.0,22.1026,0.6129,0,8,0.0685,False,False
1253277,10064,17220,WV,39.2762,-80.2818,8004.2308,1.5488,112.0,71.4663,1.0,0,0,0.0685,False,False
6294956,1040104,40420,IL,42.431,-89.02,4786.2308,2.1708,115.5,41.4392,1.0,0,0,0.0685,False,False
2546589,17232,12140,IN,41.3662,-85.0743,4166.5385,-5.7672,115.5,36.0739,1.0,0,0,0.0685,False,False
1248908,10374,13260,IN,38.8613,-86.5148,5394.3077,3.585,115.0,46.907,1.0,0,0,0.0684,False,False
5715375,1028449,34980,TN,36.0473,-86.7141,3206.5385,8.5773,122.5,26.1758,0.5294,0,0,0.0684,False,False
1260891,9551,17300,TN,36.5896,-87.2934,3748.6923,-0.925,121.5,30.8534,0.4286,0,1,0.0684,False,False
5071419,1018265,28420,WA,46.2418,-119.1242,2852.8462,8.0466,122.0,23.384,0.6154,0,0,0.0682,False,False
2547683,1014541,37580,TX,33.6628,-95.5093,3489.7692,-6.4058,115.5,30.2145,1.0,0,1,0.0681,False,False
2544485,8137,44500,TX,32.204,-98.2399,6089.3077,5.4131,114.5,53.1817,1.0,0,0,0.0681,False,False
6294384,1031176,41940,CA,36.8573,-121.4014,3790.6923,10.7567,124.5,30.4473,0.98,1,0,0.0681,False,False
13641729,16736,31080,CA,34.1261,-118.0568,3132.4615,42.9243,133.0,23.5523,0.8586,2,0,0.068,False,False
7282277,1040342,26420,TX,29.9614,-95.6509,6471.4615,4.1162,114.5,56.5193,0.9548,0,0,0.0678,False,False
5071558,14551,41700,TX,29.3514,-98.436,3143.0,11.1628,124.0,25.3468,0.4156,0,0,0.0678,False,False
1260397,9800,38900,WA,45.6859,-122.6009,3341.2308,6.7538,118.0,28.3155,0.9587,0,0,0.0678,False,False
13368191,1053394,40140,CA,33.8441,-117.2453,3201.2308,10.3492,129.5,24.7199,0.5415,1,0,0.0677,False,False
1249980,6434,33100,FL,25.4482,-80.4757,3371.3077,1.9612,119.0,28.3303,0.7018,0,2,0.0677,False,False
1260004,16801,33700,CA,37.4772,-120.8493,3716.2308,3.714,119.0,31.2288,0.7949,0,0,0.0676,False,False
11884110,1038438,30780,AR,34.5797,-92.5819,5970.1538,0.5949,115.5,51.6896,0.8824,0,0,0.0675,False,False
5715494,1029410,46980,MS,32.3137,-90.8759,5477.0769,-3.6209,114.5,47.8347,1.0,0,0,0.0674,False,False
2547924,1015382,31140,KY,37.9921,-85.7067,5249.6923,-2.2824,115.5,45.4519,0.9333,0,0,0.0674,False,False
2546137,15176,26420,TX,30.1272,-95.4553,4381.3846,0.5899,124.5,35.1918,0.8507,1,0,0.0674,False,False
1249945,6619,36260,UT,41.0894,-111.9739,4435.7692,6.0213,124.0,35.7723,0.9412,1,0,0.0674,False,False
1248867,8620,12060,GA,33.4219,-84.1866,4903.1538,-1.8478,115.5,42.4515,0.902,0,1,0.0674,False,False
2547679,1014529,34940,FL,26.2741,-81.6859,4832.6923,0.4943,115.5,41.8415,1.0,0,0,0.0673,False,False
1251130,1005311,31080,CA,33.7391,-118.0066,2817.2308,2.9371,130.0,21.671,0.802,2,1,0.0673,False,False
5715741,1028967,42100,CA,36.8957,-121.7782,1103.7692,2.07,127.0,8.6911,0.2727,0,0,0.0673,False,True
5071624,1026805,19740,CO,39.8856,-104.8443,5484.1538,6.4455,115.5,47.4819,0.9847,0,0,0.0672,False,False
1259222,8963,31260,TX,31.2996,-94.7284,5130.3077,-8.6809,121.5,42.2248,1.0,1,0,0.067,False,False
2548387,1017147,23420,CA,36.7372,-119.7005,3818.6923,-0.8013,125.0,30.5495,0.85,1,0,0.067,False,False
1251106,1006966,42340,GA,32.1377,-81.252,5044.0,3.9357,117.5,42.9277,0.75,0,1,0.067,False,False
13205488,1042717,36460,NY,42.0775,-78.4623,6882.3077,-1.8043,112.0,61.4492,1.0,0,2,0.067,False,False
1251848,1005887,41860,CA,37.9442,-121.7395,3622.4615,1.332,124.0,29.2134,0.99,1,0,0.067,False,False
1255077,94698,19100,TX,32.6067,-97.1165,4202.1538,0.9237,118.0,35.6115,0.7639,0,1,0.067,False,False
1252308,1009087,31080,CA,34.6131,-118.1997,4891.1538,4.0228,123.0,39.7655,0.9784,1,0,0.0669,False,False
6294392,1031534,40140,CA,33.8199,-117.5223,4236.9231,6.3567,129.5,32.7176,0.821,2,0,0.0668,False,False
6294990,1039447,13980,VA,37.1432,-80.5812,6021.0769,1.6928,114.5,52.5858,1.0,0,0,0.0667,False,False
7282049,1039753,35620,NJ,40.7875,-74.1752,2551.4615,2.9582,119.0,21.4409,0.7129,0,7,0.0667,False,False
1252636,14131,18580,TX,27.7068,-97.3699,6054.5385,1.5888,122.5,49.4248,0.9,1,0,0.0666,False,False
1251894,1006830,40140,CA,34.0704,-117.1406,3413.0769,10.5877,122.0,27.976,0.6201,0,0,0.0666,False,False
5715160,1027630,29820,NV,36.0617,-115.1718,4283.2308,-1.1591,122.5,34.9651,0.9381,1,2,0.0665,False,False
2544198,6908,29820,NV,36.2187,-115.3246,3386.8462,0.8844,119.0,28.4609,0.8247,0,0,0.0665,False,False
1248915,10246,29740,NM,32.2909,-106.7845,2950.3077,2.6716,121.5,24.2824,0.5714,0,1,0.0664,False,False
1248657,8577,16740,NC,35.3667,-80.7095,4959.4615,-2.3181,115.5,42.9391,0.9079,0,1,0.0664,False,False
7282130,1040437,36420,OK,35.4522,-97.7241,5961.3077,-0.456,115.5,51.6131,0.8936,0,0,0.0664,False,False
1250196,10752,26420,TX,29.3958,-94.949,4037.0,3.0494,119.0,33.9244,0.7783,0,0,0.0663,False,False
6294308,1030070,35660,MI,42.0324,-86.5152,4371.9231,1.1353,115.5,37.8521,1.0,0,1,0.0662,False,False
1249806,6454,36100,FL,29.1387,-82.1959,4363.5385,0.8516,115.5,37.7796,1.0,0,1,0.0661,False,False
1251431,1007327,45500,AR,33.4615,-94.0427,5334.1538,1.2661,120.5,44.2668,0.5,0,0,0.0661,False,False
6294462,1031273,33100,FL,25.9804,-80.296,5667.3846,2.6543,114.5,49.4968,0.9415,0,2,0.066,False,False
6294583,1032706,17780,TX,30.5911,-96.3302,3791.3077,-5.1662,121.5,31.2042,0.4286,0,1,0.066,False,False
7282147,1040160,24660,NC,36.1721,-79.9876,4892.2308,-1.5648,115.5,42.357,1.0,0,0,0.066,False,False
7282096,1040025,19100,TX,32.932,-96.3811,5702.4615,-0.0431,115.5,49.372,0.9306,0,0,0.0659,False,False
13368304,1053666,24660,NC,35.7008,-79.7855,4078.9231,9.4154,119.0,34.2767,0.8333,0,0,0.0659,False,False
5715688,1028306,23420,CA,36.6052,-119.5451,3782.8462,5.6661,119.0,31.7886,0.8333,0,0,0.0658,False,False
13368117,1053777,36220,TX,31.9211,-102.2918,4559.9231,28.6158,122.5,37.2239,0.6,0,0,0.0658,False,False
1260066,11477,32900,CA,37.3888,-120.7359,2707.3846,19.637,122.5,22.1011,0.7143,0,0,0.0658,False,False
1250082,10767,35620,NJ,40.9448,-74.2051,2851.0,-3.2626,119.0,23.958,0.7886,0,1,0.0657,False,False
11884294,1038627,26900,IN,39.9998,-86.0049,6624.0769,5.6899,114.5,57.8522,0.9878,0,0,0.0657,False,False
1251386,1006339,31080,CA,34.4184,-118.503,2442.7692,1.5834,121.5,20.1051,0.7005,0,0,0.0657,False,False
1260234,7924,42020,CA,35.6419,-120.6871,2953.0769,3.8325,122.5,24.1068,0.5625,0,0,0.0656,False,False
13205405,1039184,38060,AZ,33.3561,-112.4283,6233.9231,4.0722,122.0,51.0977,0.9709,1,0,0.0656,False,False
11883917,1039572,26420,TX,29.8311,-95.5648,2371.2308,8.6034,125.5,18.8943,0.371,0,0,0.0655,False,False
1260382,9492,44700,CA,38.053,-121.3749,3673.7692,0.7404,126.0,29.1569,0.8,1,0,0.0655,False,False
5069825,1018504,28700,TN,36.5901,-82.2616,7549.2308,-1.6732,112.0,67.4038,1.0,0,1,0.0654,False,False
1248834,17641,40080,KY,37.7355,-84.3253,4199.8462,-0.599,122.5,34.2845,0.3333,0,1,0.0654,False,False
1252289,1009024,26420,TX,29.5352,-95.5232,3438.1538,8.8447,121.5,28.2976,0.6606,0,0,0.0654,False,False
11883969,1039922,36740,FL,28.4373,-81.4243,6120.5385,8.9989,115.5,52.9917,0.9011,0,1,0.0653,False,False
6294367,1031260,20060,GA,31.4919,-82.8514,5105.0,-0.4411,115.5,44.1991,1.0,0,0,0.0652,False,False
1248475,7334,23420,CA,36.6279,-119.6833,5618.0,5.9892,116.0,48.431,0.95,0,0,0.0652,False,False
2544579,10257,46140,OK,36.2889,-95.8416,3881.7692,-4.8083,119.0,32.6199,0.68,0,1,0.0651,False,False
7282198,1038235,41740,CA,32.546,-117.0318,2647.4615,2.5842,129.0,20.523,0.6301,1,0,0.065,False,False
1249433,17193,49180,NC,36.1879,-80.2768,4294.9231,2.0862,119.0,36.0918,0.7692,0,0,0.0648,False,False
2544998,10187,36860,IL,41.3714,-89.125,8786.8462,0.8511,122.5,71.7294,0.6667,1,0,0.0648,False,False
1248839,7425,34980,TN,36.3786,-86.4666,4052.6154,0.5727,119.0,34.0556,0.7843,0,0,0.0647,False,False
5071809,1023201,19100,TX,32.7061,-97.0234,4687.9231,18.4348,126.5,37.0587,0.8229,1,0,0.0647,False,False
1248980,10221,17300,TN,36.5095,-87.2747,5118.7692,1.4545,116.5,43.9379,0.8571,0,1,0.0645,False,False
1260356,18516,31080,CA,33.7596,-117.8529,3093.0769,1.6791,136.5,22.6599,0.8453,5,1,0.0645,False,False
5071649,1023019,19740,CO,39.638,-104.7325,6555.6923,3.5604,114.5,57.255,1.0,0,0,0.0644,False,False
1252621,1010050,41860,CA,37.7056,-121.8887,2416.1538,3.0309,133.5,18.0985,0.9,3,0,0.0642,False,False
13368241,1045405,17980,AL,32.4945,-85.0416,6706.3077,-7.3439,113.5,59.0864,1.0,0,0,0.0642,False,False
1255433,14079,44700,CA,37.7528,-121.1411,3394.3846,6.6875,120.5,28.1692,0.7,0,1,0.0641,False,False
2547525,1013926,15940,OH,40.9024,-81.1545,4220.3077,-2.7303,119.0,35.4648,0.75,0,0,0.0641,False,False
1249964,6684,19100,TX,32.838,-96.979,2970.7692,3.8228,136.5,21.7639,0.4861,3,1,0.064,False,False
5070310,1021962,29620,MI,42.7404,-84.6625,4317.9231,-4.3356,115.5,37.3846,1.0,0,1,0.064,False,False
1251387,1005806,26420,TX,29.8635,-95.721,3326.2308,3.1685,121.5,27.3764,0.6516,0,0,0.0639,False,False
7282029,1037706,15980,FL,26.617,-81.6702,2828.7692,7.1847,121.5,23.2821,0.6667,0,1,0.0638,False,False
11884662,1039273,26900,IN,39.586,-86.1021,4545.4615,2.1823,118.0,38.5209,0.8659,0,0,0.0637,False,False
5070023,1025704,41220,GA,30.7861,-81.6472,4581.8462,-2.3221,115.5,39.6697,1.0,0,1,0.0633,False,False
5715694,1027735,29820,NV,36.3148,-115.3065,3046.3077,3.7707,128.5,23.7067,0.6804,1,0,0.0633,False,False
7282088,1040148,26420,TX,29.8537,-95.1896,2895.3077,9.1428,123.5,23.4438,0.552,0,0,0.0633,False,False
1249171,17227,30460,KY,38.2302,-84.5345,5267.0,-1.0978,115.5,45.6017,0.9412,0,1,0.0632,False,False
2546217,15574,11100,TX,35.1785,-101.9387,6436.6923,5.9699,122.5,52.5444,0.8889,1,1,0.063,False,False
5429995,1027164,26900,IN,39.4841,-86.0162,5949.5385,0.8738,115.5,51.5112,0.9634,0,0,0.063,False,False
5071328,1019293,40140,CA,33.6847,-117.1519,3573.6154,2.6493,132.0,27.0728,0.6769,2,0,0.063,False,False
1253030,17589,26900,IN,39.7178,-86.3557,6352.8462,7.114,115.5,55.003,0.9756,0,0,0.0629,False,False
1249841,6949,29300,GA,33.0416,-84.9827,5145.0,3.7138,115.5,44.5455,1.0,0,1,0.0628,False,False
1249553,6802,31180,TX,33.5464,-101.9577,4731.5385,6.2037,128.0,36.9651,0.6,1,0,0.0627,False,False
6294728,1028806,12540,CA,35.0495,-118.1724,2379.2308,10.5195,126.0,18.8828,0.383,0,0,0.0627,False,False
1249584,6768,49180,NC,36.0226,-80.3814,2820.1538,-1.663,121.5,23.2111,0.6154,0,1,0.0626,False,False
2544127,6599,12020,GA,33.9158,-83.4466,7736.6154,-7.1346,119.0,65.0136,1.0,1,1,0.0626,False,False
5429997,1027428,21140,IN,41.5643,-85.801,1904.1538,14.2264,133.5,14.2633,0.3333,1,1,0.0625,False,False
5715158,1014911,31080,CA,34.2506,-118.5019,3719.5385,-2.4433,125.0,29.7563,0.9268,1,0,0.0623,False,False
1251302,1005717,20940,CA,32.9627,-115.5483,3359.6154,1.5839,127.5,26.3499,0.75,1,0,0.0623,False,False
1249347,17986,40660,GA,34.2613,-85.1696,5070.0,1.8387,122.5,41.3878,1.0,1,1,0.0623,False,False
1253568,14798,38900,WA,45.6366,-122.5065,3105.3846,1.6032,119.0,26.0957,0.9339,0,0,0.0622,False,False
2544442,7982,19100,TX,32.7576,-96.9945,2655.0,1.3002,125.0,21.24,0.3889,0,0,0.0622,False,False
5715484,1027631,31080,CA,33.8608,-117.9246,4866.0769,3.5285,133.0,36.587,0.9767,4,0,0.0621,False,False
2548352,1016840,31080,CA,34.1286,-117.8905,3678.1538,1.9379,129.5,28.4027,0.9235,2,0,0.062,False,False
2545028,10351,24660,NC,36.0023,-79.7931,3480.5385,2.916,121.5,28.6464,0.6667,0,0,0.062,False,False
5715664,1028501,19100,TX,32.8639,-97.4266,6342.6923,3.3646,115.5,54.9151,0.9618,0,0,0.062,False,False
1252008,1008676,46140,OK,36.1345,-96.1143,3505.3077,2.6514,122.5,28.6148,0.56,0,0,0.062,False,False
7282018,1039924,30980,TX,32.4443,-94.719,5408.8462,1.02,118.5,45.6443,0.75,0,0,0.0619,False,False
5071352,1022956,40140,CA,33.7423,-116.2333,3085.3846,0.6676,129.5,23.8254,0.5022,1,1,0.0619,False,False
5429008,1019306,31080,CA,33.8911,-118.3004,1921.6154,6.0719,135.5,14.1817,0.4659,2,1,0.0619,False,False
6294706,1033104,45980,AL,31.7797,-85.9462,5872.4615,-1.6287,114.5,51.2879,1.0,0,1,0.0619,False,False
1253400,16803,41740,CA,32.6503,-117.0869,2968.9231,6.2607,128.5,23.1045,0.7341,1,0,0.0619,False,False
1248854,7077,33700,CA,37.7118,-120.9579,2673.8462,2.1752,131.0,20.411,0.4872,1,0,0.0618,False,False
11884370,1043218,38060,AZ,33.9697,-112.7217,4386.6923,4.6962,119.0,36.863,0.835,0,0,0.0618,False,False
5071708,1005372,46140,OK,36.104,-95.9114,3782.9231,2.7431,121.5,31.1352,0.64,0,0,0.0617,False,False
5715271,1028823,10220,OK,34.7904,-96.6696,8118.0769,-11.3315,112.0,72.4828,1.0,0,0,0.0617,False,False
2544093,6435,42700,FL,27.4995,-81.4886,7783.8462,-2.0009,112.0,69.4986,1.0,0,2,0.0615,False,False
5069942,1026183,15740,OH,39.9947,-81.5749,1643.2308,-2.8956,119.0,13.8087,1.0,0,1,0.0615,False,True
2546007,14623,33260,TX,31.9733,-102.075,3801.5385,6.4926,122.5,31.033,0.5,0,1,0.0614,False,False
5715467,1028506,13140,TX,30.1194,-93.747,1849.4615,-11.0902,126.0,14.6783,0.2857,0,0,0.0613,False,False
1248537,8622,40140,CA,33.7,-116.2156,601.6923,-4.5865,137.5,4.3759,0.0131,1,0,0.0613,False,True
5069965,1017155,16980,IN,41.4931,-87.047,5530.4615,3.087,115.5,47.8828,0.9839,0,1,0.0612,False,False
1253725,14260,26420,TX,29.5636,-95.6849,3934.8462,7.3808,120.5,32.6543,0.7647,0,0,0.0612,False,False
5071589,1024904,26420,TX,29.7592,-95.7339,6650.0769,-6.5647,114.5,58.0793,0.9638,0,0,0.0612,False,False
6294179,1030784,18260,TN,36.1536,-85.5145,5696.4615,-1.9529,122.5,46.5017,1.0,1,0,0.0612,False,False
1253464,9765,21340,TX,31.7745,-106.5004,4218.4615,7.7407,131.0,32.202,0.7931,2,0,0.0611,False,False
1252088,1007206,34980,TN,35.8665,-86.3887,4922.8462,2.6679,116.5,42.2562,0.902,0,2,0.0611,False,False
1249797,6647,25060,MS,30.4373,-89.0964,6474.9231,-4.0457,115.5,56.0599,0.8333,0,1,0.0611,False,False
5070299,1019794,40980,MI,43.4363,-84.0131,7075.4615,2.7698,114.5,61.7944,1.0,0,0,0.0611,False,False
5428736,17159,26420,TX,30.021,-95.3812,2407.0,7.7032,126.0,19.1032,0.3846,0,0,0.061,False,False
1250620,89215,14740,WA,47.5682,-122.6674,2212.1538,2.6741,124.0,17.84,0.5714,0,0,0.061,False,False
1252333,1009252,13820,AL,33.6504,-86.8239,8605.9231,-3.1821,112.0,76.8386,0.9583,0,1,0.061,False,False
2544496,8190,36420,OK,35.3907,-97.5456,5038.2308,-0.2042,119.0,42.3381,0.7447,0,0,0.0609,False,False
13368356,1054018,32580,TX,26.1422,-97.9908,2177.0,36.7462,132.0,16.4924,0.0526,0,0,0.0609,False,False
2548032,1015645,16980,IN,41.5708,-87.4763,4726.3077,-2.6307,115.5,40.9204,0.9543,0,3,0.0609,False,False
5069911,1025494,16980,IN,41.4228,-87.3347,4877.9231,7.7646,117.0,41.6917,0.9597,0,1,0.0608,False,False
2547074,66422,17900,SC,33.9957,-81.223,7313.9231,0.6361,114.5,63.8771,0.9643,0,0,0.0607,False,False
1248411,7365,15940,OH,40.7682,-81.5226,6910.4615,1.8306,115.5,59.8308,0.9167,0,0,0.0606,False,False
2547714,1014649,37100,CA,34.2794,-118.7384,4739.9231,-2.7923,128.5,36.8866,0.9111,2,0,0.0605,False,False
1260684,8203,19100,TX,32.9749,-96.7173,2751.3077,3.8169,132.0,20.8432,0.4132,1,0,0.0605,False,False
13143363,1040183,41860,CA,37.6291,-122.0469,1330.3846,3.5567,126.0,10.5586,0.48,0,0,0.0605,False,True
5715479,1019307,31080,CA,34.3801,-118.5422,5020.0769,2.9483,124.0,40.4845,0.98,1,0,0.0605,False,False
1252754,1012155,39580,NC,35.6978,-78.5831,4598.2308,7.1234,125.0,36.7858,0.9535,1,0,0.0604,False,False
2544301,7432,33100,FL,26.6731,-80.2483,4060.3077,5.6779,119.0,34.1202,0.8304,0,1,0.0603,False,False
5069910,1026220,16980,IN,41.6965,-87.5186,5757.8462,-3.054,114.5,50.2869,0.9866,0,2,0.0603,False,False
7282332,1040819,21340,TX,31.6802,-106.3149,4594.3077,18.9951,120.0,38.2859,0.8621,0,0,0.0602,False,False
1248542,10563,31080,CA,34.0354,-117.9119,2428.9231,-0.7075,128.5,18.9021,0.6905,1,1,0.0602,False,False
2545043,10416,16260,UT,37.6558,-113.0844,2700.7692,-0.0342,119.0,22.6955,1.0,0,0,0.0602,False,False
2544446,8000,19100,TX,32.6937,-97.0615,2785.7692,3.436,125.0,22.2862,0.4306,0,0,0.0601,False,False
2544507,8233,31080,CA,34.5795,-118.1251,3789.4615,11.5178,119.5,31.711,0.9334,0,0,0.0601,False,False
1249616,17050,26420,TX,29.5449,-95.7535,10875.6923,5.5396,122.5,88.7812,0.991,2,0,0.0601,False,False
5428912,1021166,31080,CA,34.0145,-118.1304,1716.6154,2.5881,133.5,12.8585,0.376,1,0,0.06,False,True
2548247,1016361,23420,CA,36.8377,-119.847,7907.3077,8.0006,114.5,69.0595,0.9833,0,0,0.0597,False,False
5715561,1027926,38060,AZ,33.3771,-112.1867,5078.5385,-0.7919,128.0,39.6761,0.8932,2,1,0.0597,False,False
1249146,17181,11620,OK,34.1855,-97.1657,5493.0,-7.7939,115.5,47.5584,1.0,0,0,0.0596,False,False
2547509,1013852,12540,CA,35.318,-119.0305,2894.3077,7.4139,124.0,23.3412,0.5532,0,0,0.0596,False,False
2545703,13364,40140,CA,33.8162,-116.4575,3352.1538,-0.5159,122.5,27.3645,0.5939,0,0,0.0596,False,False
6294947,1040334,26420,TX,29.1782,-95.4334,4817.0,-0.5053,118.0,40.822,0.8914,0,0,0.0595,False,False
5070959,1025081,23580,GA,34.1232,-83.8291,6400.0,-0.3247,114.5,55.8952,1.0,0,1,0.0595,False,False
1260003,12526,44700,CA,37.797,-121.1922,3506.0769,2.8825,128.0,27.3912,0.75,1,0,0.0594,False,False
1250388,69863,16740,NC,35.0219,-80.579,6339.3077,-5.193,121.5,52.1754,0.9737,1,1,0.0594,False,False
1249188,9870,34980,TN,36.1877,-86.7979,2526.5385,2.2858,125.5,20.1318,0.3529,0,1,0.0594,False,False
6294735,1033144,21340,TX,31.7954,-106.5177,3812.0,3.8801,121.5,31.3745,0.6897,0,0,0.0593,False,False
5071247,1021929,41860,CA,37.6988,-121.903,2332.3077,5.5122,132.0,17.669,0.89,2,0,0.0592,False,False
1260294,8093,44700,CA,37.9838,-121.3465,2748.6154,3.4092,126.0,21.8144,0.35,0,0,0.0591,False,False
1254696,1013320,41500,CA,36.7922,-121.6659,2089.4615,5.1851,132.0,15.8293,0.5185,1,0,0.059,False,False
1260201,8239,23420,CA,36.6032,-119.46,2686.6154,1.6088,124.0,21.6663,0.55,0,0,0.059,False,False
7282097,1040381,29860,MS,31.696,-89.1463,6418.3077,-10.1397,114.5,56.0551,1.0,0,0,0.059,False,False
2544583,8516,16860,TN,35.1249,-85.2401,3345.8462,2.8396,121.5,27.5378,0.6667,0,1,0.0588,False,False
1248410,7320,35620,NY,41.5309,-73.8932,3239.6154,0.5924,119.0,27.2237,0.8612,0,2,0.0588,False,False
13205429,1045041,41180,IL,38.5924,-89.9881,9921.4615,-0.4346,111.0,89.3825,0.9855,0,1,0.0587,False,False
11884498,1044956,29460,FL,28.3108,-81.6669,9655.0769,1.0035,112.0,86.206,1.0,0,0,0.0587,False,False
1250076,10947,16980,IL,41.6019,-87.7935,3085.0769,9.3343,121.5,25.3916,0.75,0,1,0.0586,False,False
1250832,90551,17460,OH,41.0495,-81.7296,5385.8462,-3.041,115.5,46.6307,1.0,0,1,0.0585,False,False
1248814,7974,21420,OK,36.3912,-97.9076,9453.9231,-1.9959,112.0,84.41,1.0,0,0,0.0584,False,False
2548303,1016591,35380,LA,30.008,-90.1557,5085.4615,1.6154,118.5,42.9153,0.8519,0,0,0.0584,False,False
5071833,1023632,19100,TX,32.6618,-96.8786,3979.3077,6.5388,121.5,32.7515,0.7118,0,0,0.0584,False,False
1260578,12564,19100,TX,32.7029,-96.2763,6142.3077,-7.7817,115.5,53.1802,0.9583,0,0,0.0584,False,False
13368121,1043258,12420,TX,29.8913,-97.9126,6556.6923,1.0073,115.5,56.7679,0.9882,0,0,0.0583,False,False
1250706,89190,32580,TX,26.1913,-98.2064,4142.8462,5.1094,133.0,31.1492,0.1579,1,1,0.0583,False,False
13368244,1054681,47020,TX,28.8154,-96.9672,1303.4615,0.6773,126.0,10.3449,0.5,0,0,0.0583,False,True
5070839,1026450,17900,SC,33.9825,-81.0609,8315.3077,-2.7047,112.0,74.2438,1.0,0,2,0.0583,False,False
5429129,114030,28660,TX,31.0546,-97.4539,3811.2308,-15.8226,122.0,31.2396,0.5,0,0,0.0582,False,False
1254450,14750,29820,NV,36.1004,-115.2092,4497.1538,7.2499,129.5,34.7271,0.9588,2,0,0.0581,False,False
5071675,1026082,30780,AR,34.9793,-92.0383,6587.0,-5.0275,115.5,57.0303,0.9412,0,0,0.0581,False,False
2548014,1006913,26420,TX,29.9255,-95.1971,3899.7692,-1.7195,127.5,30.5864,0.7511,1,0,0.0581,False,False
11884649,1026490,11060,OK,34.6668,-99.3312,12784.3077,-0.3615,108.5,117.8277,1.0,0,0,0.058,False,False
5430068,1025734,16620,WV,38.3288,-81.6006,8892.0,-1.4199,112.0,79.3929,1.0,0,1,0.0579,False,False
1249844,10762,16980,IL,41.611,-88.1225,4140.7692,3.2452,119.0,34.7964,0.9194,0,0,0.0579,False,False
1255026,15530,40140,CA,34.1222,-117.5105,3644.0769,1.8074,128.5,28.3586,0.7074,1,0,0.0578,False,False
1249871,6634,47260,VA,37.3966,-76.5268,6014.1538,-20.187,114.5,52.5254,0.9841,0,0,0.0577,False,False
5070994,1023899,22500,SC,34.159,-79.7548,6257.9231,-2.8992,115.5,54.1812,1.0,0,0,0.0576,False,False
1250173,10714,12420,TX,30.4491,-97.6554,3568.6923,0.1641,121.5,29.372,0.7176,0,0,0.0576,False,False
1253665,13056,16500,WA,46.6769,-122.9795,3433.6923,3.3359,119.0,28.8546,1.0,0,0,0.0575,False,False
1250151,10951,39580,NC,35.5918,-78.7752,4110.3077,-0.4805,118.0,34.8331,0.9302,0,1,0.0575,False,False
1251084,116567,35620,NY,40.5217,-74.2356,8226.8462,-4.9967,119.0,69.1332,0.9937,1,3,0.0575,False,False
1253817,16058,38900,WA,45.6213,-122.5543,2269.6923,5.3297,129.5,17.5266,0.7769,1,0,0.0574,False,False
5070342,1019817,42980,IN,38.9585,-85.8503,5971.0,1.7299,115.5,51.697,1.0,0,1,0.0574,False,False
1258533,6802,31180,TX,33.5464,-101.9576,4790.5385,7.0659,128.0,37.4261,0.7,1,0,0.0574,False,False
2547055,65669,44700,CA,37.7109,-121.4337,3270.0,4.8284,123.5,26.4777,0.6,0,0,0.0573,False,False
5069784,1021104,19220,KY,37.6175,-84.7816,9820.0,-0.2796,112.0,87.6786,1.0,0,0,0.0572,False,False
13368156,1029271,40140,CA,34.0134,-117.4617,1961.3846,36.7772,132.0,14.859,0.1485,0,0,0.057,False,False
11884211,1040548,45300,FL,28.2696,-82.2839,7302.7692,2.4143,115.0,63.5023,1.0,0,0,0.057,False,False
7282257,1040301,19140,GA,34.7601,-84.9918,7698.7692,-0.4526,121.5,63.3644,1.0,1,0,0.057,False,False
1248857,17798,40140,CA,33.9827,-117.3395,5067.6154,4.8394,129.5,39.1322,0.9083,2,0,0.057,False,False
2547218,1006645,31080,CA,34.4266,-118.4252,3554.4615,-6.2984,130.0,27.342,0.9118,2,0,0.0569,False,False
2545114,10751,26420,TX,29.6317,-95.2342,3012.4615,-11.2234,122.5,24.5915,0.5928,0,0,0.0569,False,False
1251346,1006915,26420,TX,29.4253,-95.2262,5115.9231,-7.0963,117.5,43.5398,0.9095,0,0,0.0569,False,False
2546830,18241,19140,GA,34.797,-84.9628,5142.5385,-0.4556,121.5,42.3254,0.5,0,1,0.0568,False,False
1260371,14789,40260,NC,36.4249,-77.6323,2881.9231,3.0986,119.0,24.2178,1.0,0,1,0.0567,False,False
5071310,1026187,31080,CA,34.0347,-117.7594,4277.9231,3.0347,132.5,32.2862,0.9634,3,0,0.0567,False,False
2547522,1013914,46140,OK,36.0669,-95.7803,5061.1538,5.2821,129.5,39.0823,0.92,2,0,0.0566,False,False
1260251,14308,19100,TX,32.8606,-97.3161,4638.7692,0.236,119.5,38.8182,0.8194,0,0,0.0566,False,False
1250876,18408,29740,NM,32.3163,-106.744,3249.0769,3.7508,128.5,25.2846,0.7143,1,1,0.0565,False,False
6294738,1033156,26420,TX,29.5311,-95.8105,2820.1538,2.3849,124.5,22.6518,0.5385,0,0,0.0565,False,False
2548272,1016412,21780,IN,37.9816,-87.4932,12204.6154,2.288,116.0,105.2122,1.0,1,2,0.0564,False,False
1252014,1008768,41860,CA,37.7061,-121.8521,3212.0,8.1453,134.0,23.9701,0.96,3,0,0.0563,False,False
5429993,1027052,12060,GA,33.9991,-84.7043,4388.3077,-6.4204,119.0,36.8765,0.8497,0,0,0.0561,False,False
1260161,12496,19100,TX,33.1526,-96.862,3422.0,0.3949,122.5,27.9347,0.5903,0,1,0.056,False,False
1250032,18324,38900,OR,45.5194,-122.5582,1861.6154,-19.5205,129.5,14.3754,0.6446,1,0,0.056,False,False
5715320,1029818,19740,CO,39.7842,-104.7771,2763.0,7.1345,121.5,22.7407,0.8168,0,1,0.056,False,False
1251037,116479,12060,GA,33.9526,-84.5518,3127.4615,3.5821,122.5,25.5303,0.719,0,0,0.056,False,False
6294929,11855,31080,CA,33.601,-117.6908,2839.5385,4.4509,135.0,21.0336,0.807,3,1,0.0559,False,False
2545752,13551,47900,VA,38.6466,-77.3345,2348.6923,4.1371,122.0,19.2516,0.8026,0,1,0.0558,False,False
1249186,10168,16700,SC,32.8674,-80.0169,4792.6154,-3.9349,124.5,38.4949,0.913,1,1,0.0558,False,False
5715474,1028530,45300,FL,27.9885,-82.1212,3529.3846,3.2774,121.5,29.0484,0.7191,0,1,0.0553,False,False
1255436,12835,31080,CA,34.4328,-118.591,4845.0769,6.266,129.5,37.4137,0.975,2,0,0.0553,False,False
5715662,1028591,26420,TX,30.0677,-95.2489,5005.2308,2.231,125.0,40.0418,0.9005,1,1,0.0553,False,False
5071940,1024534,31080,CA,33.7895,-118.1394,9716.1538,1.9065,129.5,75.0282,1.0,4,0,0.0553,False,False
5715645,1028365,46140,OK,36.1194,-95.8565,3627.3846,1.7521,122.5,29.6113,0.6,0,1,0.055,False,False
1260915,8201,40380,NY,43.1879,-77.7009,6346.8462,0.6514,115.5,54.951,1.0,0,1,0.055,False,False
1251286,1005659,41660,TX,31.4642,-100.445,4347.5385,7.5652,121.5,35.7822,0.75,0,0,0.055,False,False
11884115,1040076,14420,TX,35.6605,-101.4057,2481.4615,14.6987,121.5,20.4236,1.0,0,0,0.055,False,False
1259995,14327,28660,TX,31.0727,-97.3696,4372.1538,0.7855,122.0,35.8373,0.6429,0,0,0.0549,False,False
5070077,1018107,12220,AL,32.5832,-85.4909,4904.7692,-4.3603,122.5,40.0389,0.5,0,0,0.0548,False,False
13205373,1045011,41860,CA,37.6498,-122.067,838.6154,-3.1794,129.5,6.4758,0.245,0,0,0.0548,False,True
11884022,1038160,26420,TX,29.7724,-95.1868,1928.5385,-7.0997,128.0,15.0667,0.2443,0,0,0.0546,False,False
1252116,1008992,39900,NV,39.608,-119.6972,5523.2308,5.2029,118.0,46.807,0.9643,0,0,0.0545,False,False
6294959,1033883,16980,IL,41.579,-88.1618,2671.6154,-16.7881,121.5,21.9886,0.6237,0,2,0.0543,False,False
1249253,17140,19100,TX,32.4831,-97.0086,5022.5385,0.3998,119.0,42.2062,0.8785,0,0,0.0543,False,False
1253322,14387,45700,GA,31.4494,-83.5325,6743.3846,-5.1153,115.5,58.3843,1.0,0,0,0.0542,False,False
6294192,1030692,30980,TX,32.4993,-94.7506,5485.2308,5.3372,119.0,46.0944,0.875,0,0,0.0542,False,False
1250125,10595,35620,NJ,41.0077,-74.2929,3570.9231,-0.4674,119.0,30.0078,0.9085,0,2,0.0541,False,False
1250787,89804,41700,TX,29.4969,-98.322,3908.8462,4.418,121.5,32.1716,0.7143,0,1,0.0541,False,False
1249912,7740,35380,LA,30.0054,-90.2306,7304.5385,-3.1149,115.5,63.2428,0.963,0,0,0.0541,False,False
5071587,1024931,26420,TX,29.7634,-96.1519,5097.8462,3.9381,119.0,42.839,0.905,0,0,0.054,False,False
1250172,10645,21340,TX,31.7853,-106.4128,2988.8462,2.4063,125.0,23.9108,0.4483,0,1,0.054,False,False
11883887,1034409,19100,TX,32.7955,-97.3499,2047.5385,2.012,129.0,15.8724,0.2153,0,0,0.0539,False,False
2547579,1014223,19100,TX,32.3318,-96.6181,4939.3846,-2.449,119.0,41.5074,0.8715,0,0,0.0539,False,False
1248826,7608,31080,CA,33.9018,-118.1256,3852.5385,1.6233,126.0,30.5757,0.9368,1,1,0.0539,False,False
2547264,1006812,40140,CA,34.0713,-117.4353,3420.8462,2.5363,136.5,25.0611,0.6288,3,1,0.0536,False,False
5429013,1019052,26420,TX,29.546,-95.2277,3999.5385,2.2035,121.5,32.918,0.7692,0,0,0.0536,False,False
1251447,1006645,31080,CA,34.4266,-118.4251,4039.5385,-3.7712,130.0,31.0734,0.9551,2,0,0.0535,False,False
7282123,1038279,36420,OK,34.9869,-97.3689,11718.3846,13.6409,112.0,104.6284,1.0,0,0,0.0533,False,False
6294669,1032840,31080,CA,34.3894,-118.5725,5079.2308,-0.1784,132.0,38.479,0.9817,3,0,0.0532,False,False
5071201,1019782,40140,CA,33.9153,-117.5895,3600.0769,-0.4594,122.5,29.3884,0.6943,0,0,0.0532,False,False
1254213,12116,34900,CA,38.2834,-122.2751,3720.6154,3.0268,126.5,29.412,1.0,1,0,0.053,False,False
5071702,1022243,46140,OK,35.9889,-95.8088,8345.7692,11.2153,115.5,72.2577,1.0,0,0,0.0529,False,False
1252215,1007621,26420,TX,29.7763,-95.8326,11510.6923,-1.0088,118.5,97.1366,0.9955,1,0,0.0529,False,False
1250197,11023,32900,CA,37.0558,-120.8746,6272.3846,3.2452,124.0,50.5837,1.0,1,0,0.0529,False,False
2544606,8596,19100,TX,32.7595,-97.4796,5034.5385,5.7403,119.0,42.307,0.8819,0,1,0.0527,False,False
2544621,8651,40140,CA,33.9452,-116.5017,5143.8462,3.0751,119.0,43.2256,0.9214,0,0,0.0527,False,False
13143365,1042819,23420,CA,36.6045,-119.4318,2024.8462,4.4646,128.5,15.7576,0.3167,0,0,0.0526,False,False
1249251,10647,26420,TX,29.9801,-95.2172,2558.3077,-4.431,126.0,20.304,0.4344,0,0,0.0526,False,False
1248519,6814,45300,FL,28.5343,-82.508,3540.8462,2.8856,121.5,29.1428,0.7303,0,2,0.0525,False,False
7282255,1040091,40140,CA,33.9761,-117.4857,3225.1538,5.7934,125.0,25.8012,0.5546,0,0,0.0525,False,False
2547741,1014697,38060,AZ,33.2566,-111.6379,4645.5385,-1.3251,119.0,39.0381,0.8689,0,1,0.0524,False,False
13143407,1045001,37340,FL,27.9525,-80.6552,6669.1538,14.557,117.0,57.0013,1.0,0,1,0.0523,False,False
5071761,1021680,19100,TX,33.0257,-97.2805,3955.4615,2.3405,122.5,32.2895,0.7014,0,0,0.0522,False,False
11884122,1040002,25220,LA,30.4858,-90.4565,7897.5385,3.7721,115.5,68.377,1.0,0,0,0.0522,False,False
1251811,1007044,19100,TX,33.2262,-96.9866,5636.6923,4.2125,118.0,47.7686,0.9236,0,1,0.0521,False,False
5715529,1029601,38060,AZ,33.3778,-111.9746,3307.0,2.2475,124.0,26.6694,0.6214,0,0,0.052,False,False
7282333,1042221,25820,TX,34.8115,-102.4046,2102.0,2.18,121.5,17.3004,1.0,0,0,0.052,False,False
6294370,1031263,22580,NC,35.3395,-81.8995,7292.2308,-4.0496,115.5,63.1362,1.0,0,0,0.052,False,False
1255307,11230,41940,CA,37.4516,-121.9215,1956.4615,-4.1709,124.0,15.7779,0.72,0,0,0.052,False,False
5071374,1018168,42660,WA,47.5283,-121.8743,2685.0769,6.1941,122.5,21.919,0.8676,0,0,0.052,False,False
13284992,1054422,31980,IN,40.5695,-85.6764,8144.2308,2.8032,114.5,71.1287,1.0,0,1,0.0519,False,False
7282247,1040311,18420,MS,34.9166,-88.507,6004.3077,-7.8485,116.5,51.5391,1.0,0,0,0.0519,False,False
13205447,1051988,40080,KY,37.5674,-84.3103,4723.0,5.6218,122.5,38.5551,0.6667,0,0,0.0515,False,False
5715608,1027928,11100,TX,35.1179,-101.9079,5073.6154,-2.6609,121.5,41.7582,0.6667,0,0,0.0515,False,False
1255380,7535,40140,CA,33.8,-116.3873,2068.0769,-2.5553,129.5,15.9697,0.1747,0,0,0.0515,False,False
2548149,1016018,23420,CA,36.5768,-119.6322,3190.9231,2.9816,123.5,25.8374,0.7,0,0,0.0514,False,False
5071629,1017310,31180,TX,33.5904,-101.8703,6172.0,-3.8641,129.0,47.845,0.9,2,0,0.0514,False,False
1248686,17363,40140,CA,34.1652,-117.279,2097.6154,-2.3107,129.5,16.1978,0.1834,0,0,0.0511,False,False
1260565,11452,17300,KY,36.8272,-87.4724,5660.6923,-14.8867,116.5,48.5896,1.0,0,0,0.051,False,False
5071342,1026086,40140,CA,33.9184,-117.2267,3125.8462,2.0262,125.5,24.9071,0.5153,0,0,0.0509,False,False
1249746,7473,44700,CA,37.9997,-121.2893,2899.0,3.5556,126.0,23.0079,0.5,0,0,0.0509,False,False
13368220,1054199,25060,MS,30.3817,-88.5223,8106.3846,2.2064,115.5,70.1851,1.0,0,0,0.0506,False,False
1259263,11476,31460,CA,36.9814,-120.0862,3209.4615,5.1938,129.5,24.7835,0.75,1,1,0.0505,False,False
12196061,1052017,49740,AZ,32.6709,-114.4987,3060.3846,7.6492,129.5,23.6323,0.8571,1,0,0.0505,False,False
5071278,1021784,41740,CA,32.5945,-117.0411,3383.3077,0.1868,135.5,24.9691,0.8555,3,0,0.0504,False,False
11884172,1039886,31080,CA,34.5576,-118.0836,2430.3846,6.9856,125.0,19.4431,0.6922,0,0,0.0503,False,False
1259902,11252,28940,TN,35.9404,-83.9856,4544.6154,2.0098,122.5,37.0989,0.6818,0,0,0.0503,False,False
13205402,1043259,29740,NM,32.287,-106.7423,6077.0,17.3933,119.0,51.0672,1.0,0,0,0.0501,False,False
2547361,1009063,31080,CA,33.7264,-117.7887,7078.9231,0.4004,133.0,53.225,0.9933,4,0,0.05,False,False
1250225,10649,12420,TX,30.2177,-97.6899,4229.3846,8.6429,122.0,34.6671,0.8235,0,0,0.05,False,False
5071559,1021760,41700,TX,29.4258,-98.4215,4052.8462,7.2793,122.5,33.0845,0.7792,0,0,0.05,False,False
1250682,89569,18980,AL,34.1522,-86.8434,6437.6923,-8.6274,116.5,55.2592,1.0,0,0,0.0497,False,False
5069840,1022188,46100,TN,35.3782,-86.2269,7763.4615,-4.5193,115.5,67.2161,1.0,0,0,0.0496,False,False
1254631,9001,40140,CA,33.9254,-116.9017,3951.6154,3.7588,122.5,32.2581,0.7686,0,0,0.0496,False,False
5715669,1028613,40900,CA,38.2527,-121.2968,5170.5385,3.5079,119.0,43.4499,0.9926,0,0,0.0495,False,False
5070300,1020681,22420,MI,42.9437,-83.6903,8877.9231,-3.3813,114.5,77.5364,1.0,0,0,0.0495,False,False
6294163,1031134,40140,CA,33.8735,-117.5663,3091.3846,4.8446,133.0,23.2435,0.5066,1,0,0.0495,False,False
5428567,1021776,31080,CA,34.58,-118.0964,3583.4615,3.9681,121.5,29.4935,0.9135,0,0,0.0495,False,False
5715370,1028518,49740,AZ,32.6993,-114.6241,1695.6923,4.1334,135.5,12.5143,0.2857,1,2,0.0494,False,True
2548227,1015137,38060,AZ,33.2468,-111.7889,6010.5385,-2.0533,128.5,46.7746,0.9515,2,1,0.0494,False,False
1248523,7315,21140,IN,41.628,-85.9099,5098.5385,3.309,126.0,40.4646,1.0,1,0,0.0494,False,False
1260538,9419,42220,CA,38.2338,-122.5995,2769.9231,2.1097,122.0,22.7043,0.9333,0,0,0.0494,False,False
1254488,1006578,31080,CA,33.9487,-118.0071,2133.5385,3.6395,136.5,15.6303,0.574,2,1,0.0492,False,False
1252121,1008893,14860,CT,41.4104,-73.4561,2128.6923,-0.4425,120.5,17.6655,1.0,0,3,0.0491,False,False
6294106,1031175,38060,AZ,33.4568,-112.3919,4007.3846,6.4879,133.0,30.1307,0.7718,2,1,0.0489,False,False
1250779,1005936,31080,CA,34.0099,-117.8595,2422.1538,5.7141,125.5,19.3,0.6855,0,0,0.0485,False,False
1248636,10622,34940,FL,26.2111,-81.7498,3257.0769,-5.8418,121.5,26.8072,0.8182,0,1,0.0485,False,False
5071295,1019760,31080,CA,34.2211,-118.367,2559.3846,4.2846,131.5,19.463,0.7338,1,0,0.0484,False,False
1249732,6409,35620,NJ,40.7974,-74.2013,3360.3846,16.9831,121.5,27.6575,0.8833,0,5,0.0483,False,False
11884374,1043260,21340,TX,31.6987,-106.2426,5171.5385,15.4064,120.5,42.9173,0.9655,0,0,0.0483,False,False
7282175,1040395,26420,TX,29.9114,-95.4813,2390.4615,1.0832,127.5,18.7487,0.3801,0,1,0.0482,False,False
6294634,1032838,13820,AL,33.6035,-86.2815,9302.7692,-2.3095,114.5,81.2469,1.0,0,0,0.048,False,False
1249012,17930,40140,CA,33.7738,-117.0063,4083.9231,2.9374,122.5,33.3381,0.786,0,0,0.048,False,False
2546869,18408,29740,NM,32.3163,-106.7441,3589.7692,3.209,128.5,27.9359,0.8571,1,1,0.048,False,False
2548098,1015878,19100,TX,32.7178,-96.3224,4412.8462,1.1443,122.0,36.1709,0.7917,0,0,0.0479,False,False
5715171,1030047,11420,IN,41.67,-84.9992,9872.9231,16.0712,115.5,85.4799,1.0,0,0,0.0478,False,False
1249754,18254,12420,TX,30.0901,-97.8168,3808.0,1.1318,123.0,30.9593,0.7529,0,0,0.0477,False,False
1255451,13993,19100,TX,32.4337,-97.7833,8544.7692,-1.812,115.5,73.9807,0.9896,0,0,0.0476,False,False
1249963,10583,18580,TX,27.6851,-97.3819,4455.6154,-1.7955,122.0,36.5214,0.7,0,1,0.0476,False,False
1249785,18302,27900,MO,37.0524,-94.479,6587.1538,3.9866,118.0,55.8233,1.0,0,0,0.0475,False,False
2545998,14570,17420,TN,35.1622,-84.8827,5806.3846,2.5738,118.0,49.2066,1.0,0,1,0.0474,False,False
5071537,1023218,17780,TX,30.5551,-96.2647,7537.1538,-13.7504,115.5,65.2567,1.0,0,0,0.0473,False,False
1260510,9605,38060,AZ,33.508,-112.2756,4679.3846,0.9576,132.0,35.4499,0.8786,2,0,0.0471,False,False
1254869,1012254,26420,TX,30.0043,-95.2978,3378.9231,5.5406,125.0,27.0314,0.6561,0,0,0.0471,False,False
5072041,1024878,46060,AZ,31.9101,-110.9797,3914.5385,-8.3923,127.0,30.8231,0.9706,1,0,0.047,False,False
2548046,1015674,40140,CA,34.0635,-117.7074,4508.7692,0.6249,121.5,37.1092,0.8515,0,0,0.0469,False,False
5071181,1023089,47300,CA,36.2126,-119.3491,8939.9231,7.4301,116.0,77.0683,1.0,0,0,0.0469,False,False
5071222,1025826,12540,CA,35.7465,-119.2492,2066.0769,5.5239,131.0,15.7716,0.1915,0,0,0.0469,False,False
6294931,1039998,20940,CA,32.855,-115.5696,3131.7692,10.2766,126.0,24.8553,0.625,0,0,0.0468,False,False
2548067,1015744,41740,CA,32.7471,-116.9614,5732.0769,13.4823,120.0,47.7673,0.9827,0,0,0.0466,False,False
5069909,1020680,33140,IN,41.615,-86.7298,5078.9231,-2.0182,118.5,42.8601,1.0,0,1,0.0466,False,False
2546718,17751,12420,TX,30.2205,-97.7574,2942.9231,0.0628,126.0,23.3565,0.5647,0,0,0.0466,False,False
1255389,15590,30980,TX,32.5414,-94.7562,5871.1538,4.658,119.0,49.3374,1.0,0,0,0.0464,False,False
5430007,1027352,31080,CA,33.8749,-118.1843,2143.5385,6.5336,134.0,15.9966,0.5774,1,0,0.0463,False,False
11884299,1038623,19100,TX,32.5353,-96.6583,4307.9231,-0.2529,122.5,35.1667,0.7778,0,0,0.0463,False,False
5071453,1025743,33700,CA,37.4658,-121.1405,2489.0,4.492,128.5,19.3696,0.4103,0,0,0.0462,False,False
5715139,1027523,40140,CA,34.1064,-117.3954,2575.6923,3.0848,129.0,19.9666,0.3406,0,0,0.0461,False,False
1250954,113245,29460,FL,28.0035,-81.7284,4517.0,4.3057,122.5,36.8735,0.7273,0,1,0.0461,False,False
1260167,15685,40140,CA,33.6106,-114.6053,4279.3077,6.8368,129.5,33.0448,0.8341,1,0,0.0461,False,False
5069770,1014771,37140,KY,37.0783,-88.6836,4584.4615,-3.9578,119.0,38.5249,1.0,0,1,0.0459,False,False
5070443,1026276,16980,WI,42.6053,-87.879,5124.4615,-1.0251,119.0,43.0627,0.9704,0,1,0.0458,False,False
2547927,1015385,22220,AR,36.3572,-94.253,8665.6923,-4.7283,115.5,75.0276,1.0,0,0,0.0457,False,False
1252007,1008675,46140,OK,35.9879,-96.0137,4111.7692,-1.9751,122.5,33.5655,0.8,0,0,0.0456,False,False
6294875,1033803,26420,TX,29.4398,-95.4244,3643.0,9.9735,125.0,29.144,0.7059,0,0,0.0454,False,False
5070354,1014141,47700,IN,41.262,-85.8405,10727.1538,1.3798,114.0,94.0978,1.0,0,0,0.0453,False,False
6294198,1030751,46340,TX,32.3459,-95.2681,5086.3077,1.279,125.0,40.6905,0.5,0,0,0.0453,False,False
1249724,10958,12540,CA,35.7763,-119.2515,2527.3077,0.2196,134.5,18.7904,0.4681,1,0,0.0453,False,False
5071759,1027077,19100,TX,32.733,-97.6302,8633.5385,-7.1102,115.5,74.7493,0.9931,0,0,0.0453,False,False
5071303,1024325,40140,CA,34.0005,-117.5566,2776.6154,19.992,136.5,20.3415,0.4105,1,0,0.0452,False,False
1258470,10187,36860,IL,41.3714,-89.125,9478.6923,0.9884,122.5,77.3771,1.0,1,0,0.0452,False,False
1251558,15338,25900,HI,19.7195,-155.0826,4082.1538,2.3136,123.5,33.0539,0.75,0,0,0.0451,False,False
5071799,1024930,19100,TX,32.6475,-96.5318,3828.6923,8.1105,125.0,30.6295,0.6806,0,0,0.045,False,False
1260788,7897,22180,NC,35.0748,-78.9624,5468.7692,-0.0155,119.5,45.7638,1.0,0,0,0.045,False,False
1248672,7192,26420,TX,29.886,-95.0637,3249.4615,1.1397,125.5,25.8921,0.6335,0,0,0.0449,False,False
2547695,1015088,36980,KY,37.7576,-87.0731,8064.9231,-2.6256,116.5,69.2268,1.0,0,0,0.0449,False,False
5071032,1020683,12580,MD,39.138,-76.5995,2523.3077,9.7568,125.5,20.106,0.7121,0,1,0.0448,False,False
2548341,1016817,46340,TX,32.4671,-95.3875,5280.4615,1.1598,121.5,43.4606,0.8333,0,0,0.0447,False,False
5429100,1017326,31080,CA,33.9601,-118.0267,3547.3077,9.9259,122.5,28.9576,0.9085,0,1,0.0444,False,False
1249296,17807,26420,TX,29.5604,-95.2751,4300.6923,1.7934,122.5,35.1077,0.8416,0,0,0.0443,False,False
1252856,1013217,41740,CA,33.3715,-117.2532,6729.6923,7.3184,126.0,53.4103,0.9942,1,0,0.0443,False,False
5071460,1024008,40900,CA,38.2903,-121.31,3359.0769,3.0976,123.0,27.3096,0.9118,0,0,0.0442,False,False
5430175,1027502,46520,HI,21.3812,-158.1445,8473.7692,9.1537,118.0,71.8116,0.9375,0,0,0.0441,False,False
5071364,1022437,40140,CA,34.1915,-117.3596,2663.1538,7.8737,129.5,20.5649,0.3712,0,0,0.044,False,False
1259498,14649,38060,AZ,33.5245,-112.1311,3330.6923,3.1002,132.0,25.2325,0.6311,1,1,0.0439,False,False
6294332,1030407,47300,CA,36.3262,-119.2107,4405.0,7.5864,122.5,35.9592,0.8889,0,0,0.0439,False,False
1251054,1005765,33100,FL,25.5897,-80.3586,4639.0,5.8965,121.5,38.1811,0.883,0,1,0.0439,False,False
1249083,9959,40140,CA,33.9455,-117.4542,3377.5385,3.1915,126.0,26.8059,0.6114,0,0,0.0439,False,False
1254946,9318,19100,TX,33.0995,-96.8119,38002.7692,2.2351,98.0,387.7834,1.0,4,0,0.0438,False,False
1249464,17949,12420,TX,30.1082,-97.3349,6533.3846,10.6387,119.0,54.9024,0.9765,0,1,0.0438,False,False
1260658,7183,47300,CA,36.2022,-119.1029,4258.6154,1.8358,123.0,34.6229,0.8148,0,0,0.0438,False,False
5715415,1019276,40140,CA,33.7256,-117.007,2435.2308,0.0221,129.5,18.8049,0.2751,0,1,0.0433,False,False
6294845,1026632,32300,VA,36.6949,-79.8742,7041.1538,9.4746,119.0,59.1694,1.0,0,0,0.0433,False,False
5429083,1018100,40140,CA,34.0755,-117.3707,2627.1538,4.9215,136.5,19.2465,0.3493,1,0,0.0433,False,False
1252381,1009397,40140,CA,34.1385,-117.4415,6424.9231,7.2484,131.0,49.0452,0.9694,2,0,0.0432,False,False
2544695,8960,26420,TX,29.774,-94.9783,4467.6154,4.1384,129.5,34.499,0.8688,1,0,0.043,False,False
1249640,63154,41700,TX,29.5998,-98.4187,4063.4615,-2.5693,122.5,33.1711,0.7922,0,1,0.043,False,False
1248820,7978,26420,TX,29.8052,-94.983,6622.8462,-2.3821,126.0,52.5623,0.9593,1,0,0.0429,False,False
1249224,6514,45300,FL,28.0255,-82.1512,4057.2308,-0.8497,122.5,33.1203,0.809,0,1,0.0429,False,False
13143369,1034293,38060,AZ,33.2848,-111.755,2360.6923,-3.9829,136.5,17.2944,0.3155,1,0,0.0428,False,False
1260208,17469,33100,FL,25.867,-80.2934,5845.3077,-2.8311,119.0,49.1202,0.9591,0,1,0.0428,False,False
5715769,1010335,33100,FL,25.6263,-80.3941,4709.6154,-4.7008,121.5,38.7623,0.8889,0,0,0.0428,False,False
5071156,1020075,47900,VA,38.6509,-77.2954,2780.8462,19.9914,135.5,20.5228,0.8627,2,2,0.0426,False,False
1255331,12669,41740,CA,33.2265,-117.3315,2821.2308,1.5506,126.0,22.3907,0.6879,0,0,0.0425,False,False
2547688,1014553,14740,WA,47.7554,-122.6607,2976.1538,-0.9904,122.5,24.2951,1.0,0,0,0.0424,False,False
1255488,13694,33700,CA,37.6097,-120.9747,3182.9231,-0.1882,126.0,25.2613,0.641,0,0,0.0424,False,False
1251347,1007324,19100,TX,32.6285,-97.3206,4781.6923,1.6516,122.5,39.0342,0.8438,0,0,0.0423,False,False
1251254,1005777,40420,IL,42.2393,-89.0286,4697.3077,-0.3118,122.0,38.5025,0.8182,0,1,0.0422,False,False
11884197,1040608,32580,TX,26.1237,-98.2172,5789.0769,9.2945,126.0,45.9451,0.4737,0,0,0.0421,False,False
5071789,1024763,28660,TX,31.1397,-97.3282,7812.6923,2.3387,118.0,66.2093,1.0,0,0,0.042,False,False
1249465,17805,19100,TX,32.341,-97.4057,4733.0,-1.1932,122.5,38.6367,0.8333,0,0,0.042,False,False
5069962,1018207,49660,OH,41.2776,-80.7743,5518.0769,-2.5167,121.5,45.4163,0.7778,0,1,0.0419,False,False
5071228,1024015,40140,CA,33.8317,-117.531,4548.3077,1.1184,136.5,33.3209,0.8559,3,0,0.0419,False,False
5428990,1017772,17460,OH,41.2389,-81.8104,4114.0769,-6.129,121.5,33.8607,0.8889,0,1,0.0418,False,False
7282062,1039595,24660,NC,35.9027,-79.9511,4736.9231,1.8289,121.0,39.1481,0.9444,0,1,0.0418,False,False
5070357,1021200,21140,IN,41.7271,-85.9738,5073.5385,1.8625,130.5,38.8777,0.6667,1,1,0.0418,False,False
5715190,1028312,28820,NC,35.2622,-77.6475,3272.9231,-12.2921,121.5,26.9376,1.0,0,0,0.0417,False,False
7282017,1039360,27380,TX,31.9604,-95.2685,3651.3846,5.027,122.5,29.8072,1.0,0,0,0.0417,False,False
2547331,1008745,45300,FL,28.0671,-82.4266,4697.6154,5.9508,121.5,38.6635,0.8652,0,3,0.0416,False,False
2545854,14006,42200,CA,34.9369,-120.4366,3864.1538,12.6677,136.0,28.4129,1.0,3,1,0.0415,False,False
1260103,12511,40140,CA,33.7297,-116.9721,2953.1538,3.9674,128.5,22.9817,0.476,0,0,0.0415,False,False
2547943,1015408,40140,CA,33.9957,-117.0588,3865.0,4.7688,125.0,30.92,0.7424,0,0,0.0414,False,False
2544172,6787,41700,TX,29.4369,-98.71,5304.7692,6.1689,121.0,43.8411,0.9351,0,1,0.0414,False,False
5071177,1021441,12540,CA,35.6012,-119.3505,2479.8462,6.6636,129.5,19.1494,0.4468,0,0,0.0413,False,False
1251026,1005495,19100,TX,32.8386,-97.1858,4752.7692,5.4603,133.0,35.7351,0.8368,2,2,0.0413,False,False
5428517,1023399,29820,NV,36.24,-115.1662,8022.4615,3.7349,124.5,64.4374,1.0,1,1,0.0413,False,False
1249615,6935,19100,TX,32.8229,-97.0593,2597.2308,-1.3556,129.5,20.0558,0.3715,0,0,0.0413,False,False
2548484,1017732,20940,CA,32.8114,-115.5694,4624.5385,12.4834,130.5,35.4371,0.875,1,0,0.0411,False,False
5071549,1019660,18580,TX,27.8566,-97.6451,5831.1538,-1.3662,122.0,47.7963,0.8,0,0,0.0411,False,False
5071792,1018754,19100,TX,32.4146,-97.2281,4796.3077,-1.3152,122.5,39.1535,0.8507,0,0,0.0411,False,False
1249233,17194,49180,NC,36.0709,-80.3389,4383.6923,-9.9118,128.5,34.1143,0.8462,1,1,0.041,False,False
5715416,1029277,25860,NC,35.7239,-81.6558,10087.6923,-2.2219,115.5,87.3393,1.0,0,0,0.0409,False,False
1249031,17823,47020,TX,28.8618,-96.9973,7459.6154,14.3978,126.0,59.2033,1.0,1,1,0.0409,False,False
6294277,1030451,31080,CA,33.8325,-117.9756,2596.0,2.2605,133.0,19.5188,0.7438,1,0,0.0408,False,False
7282031,1037803,32580,TX,26.2333,-98.1809,3044.3846,-0.6377,132.0,23.0635,0.1053,0,0,0.0407,False,False
6294104,1031350,21340,TX,31.6836,-106.1995,7736.8462,9.1127,119.0,65.0155,1.0,0,0,0.0406,False,False
1252698,1012191,26420,TX,29.9118,-95.6855,3813.0769,1.5196,125.0,30.5046,0.7421,0,0,0.0406,False,False
1249723,16945,41700,TX,29.5106,-98.3948,4994.6923,2.7438,121.5,41.1086,0.9091,0,1,0.0405,False,False
5071804,8203,19100,TX,32.9749,-96.7173,4079.2308,4.6411,132.0,30.9033,0.7326,1,0,0.0405,False,False
2544622,8655,19740,CO,39.7643,-104.7747,2758.4615,4.7466,125.0,22.0677,0.8092,0,1,0.0403,False,False
13205474,1051964,16620,WV,38.3646,-81.7066,7998.3846,11.2194,122.5,65.2929,0.6667,0,0,0.0403,False,False
5071191,1022579,41500,CA,36.33,-121.2413,2935.9231,4.9322,124.0,23.6768,0.963,0,0,0.0403,False,False
6294867,1039115,40140,CA,33.7408,-116.2639,3477.3846,-3.86,126.0,27.5983,0.6419,0,0,0.0401,False,False
2547804,1014928,10180,TX,32.4802,-99.6949,8225.3077,5.2223,125.5,65.5403,1.0,1,0,0.04,False,False
1251065,116569,15180,TX,25.9652,-97.5124,6622.2308,-11.4666,129.5,51.1369,0.625,1,0,0.0399,False,False
1248457,6677,31080,CA,34.5586,-118.0464,3461.6154,3.6102,135.0,25.6416,0.9018,2,0,0.0398,False,False
5071738,1026068,12940,LA,30.4701,-90.9181,10706.6923,1.3633,115.5,92.6986,1.0,0,0,0.0397,False,False
5071595,1021041,26420,TX,30.2091,-95.4261,4717.6923,0.1224,122.0,38.6696,0.8869,0,1,0.0397,False,False
1260290,14671,38060,AZ,33.2853,-111.8408,5606.0769,1.6188,120.5,46.5235,0.9223,0,2,0.0396,False,False
1252897,12456,15940,OH,40.8757,-81.3662,7247.1538,-0.6181,119.0,60.9005,1.0,0,0,0.0394,False,False
5430059,1016797,40900,CA,38.4957,-121.4584,2882.0769,2.0704,125.0,23.0566,0.8015,0,1,0.0393,False,False
5071369,1022225,20940,CA,32.7715,-115.5517,5172.0,9.5513,129.0,40.093,1.0,1,0,0.0393,False,False
1250215,10760,38060,AZ,33.3788,-112.1019,4584.9231,0.4991,122.5,37.4279,0.8641,0,1,0.0392,False,False
6294691,1033079,19100,TX,33.283,-96.5637,5205.7692,2.4556,122.5,42.4961,0.8924,0,0,0.0392,False,False
1252171,1006898,40140,CA,34.0663,-117.3224,3342.0,2.2139,127.5,26.2118,0.5895,0,0,0.0392,False,False
5071216,1025719,31080,CA,33.8028,-117.9384,2948.2308,4.1551,136.5,21.5988,0.8236,2,0,0.039,False,False
5430006,1027427,31080,CA,33.9177,-117.9665,8977.3077,36.6953,132.0,68.0099,0.9967,2,0,0.0389,False,False
2545228,11189,38060,AZ,33.6105,-112.1475,3893.6154,6.3874,136.5,28.5247,0.7573,2,0,0.0389,False,False
2545943,14352,31080,CA,33.9889,-118.3099,3139.6923,14.6356,126.0,24.9182,0.8602,0,0,0.0388,False,False
1260944,10327,13220,WV,37.8032,-81.1792,13782.7692,4.563,112.0,123.0604,1.0,0,1,0.0386,False,False
1250156,7754,47300,CA,36.5457,-119.4004,3584.5385,4.4165,126.0,28.4487,0.7407,0,0,0.0386,False,False
5715490,1027750,18620,TX,32.0755,-96.4471,6127.1538,11.4964,121.5,50.4292,1.0,0,0,0.0384,False,False
1249242,17840,49300,OH,40.8464,-81.9452,4743.4615,7.1429,122.5,38.7221,1.0,0,0,0.0383,False,False
1254717,1012035,41940,CA,36.837,-121.3899,2891.6154,1.1571,135.5,21.3403,0.93,2,0,0.0383,False,False
1249038,18271,12540,CA,35.3535,-118.9147,4741.3077,4.3245,122.5,38.7046,0.9787,0,0,0.0383,False,False
5429969,1027517,37460,FL,30.1958,-85.8126,11084.3077,-2.2574,114.5,96.8062,1.0,0,1,0.0382,False,False
5428975,1019761,12420,TX,30.3886,-97.6503,2160.0769,1.994,129.5,16.6801,0.4588,0,1,0.0381,False,False
2545532,12600,45460,IN,39.4333,-87.4142,11203.0769,-1.5593,114.5,97.8435,1.0,0,1,0.038,False,False
1250524,69556,40140,CA,33.7475,-117.4535,8013.3846,0.3439,126.0,63.5983,0.9869,1,0,0.0379,False,False
2544868,9709,19100,TX,32.8362,-97.1323,4054.6154,5.1382,126.0,32.1795,0.7188,0,0,0.0379,False,False
2547588,1014254,12420,TX,30.3497,-97.5564,4615.7692,6.7667,124.0,37.2239,0.8824,0,0,0.0379,False,False
13368129,1052524,15180,TX,25.9223,-97.4833,4664.8462,4.9368,129.5,36.022,0.25,0,1,0.0377,False,False
1249488,17041,40780,AR,35.2822,-93.1071,4259.5385,-1.3539,122.5,34.7717,1.0,0,0,0.0375,False,False
7282143,1039969,49180,NC,36.0554,-80.2587,2724.8462,4.1884,128.5,21.205,0.5385,0,1,0.0375,False,False
1260737,8652,41740,CA,32.6962,-117.1335,2429.9231,3.286,140.0,17.3566,0.5607,2,0,0.0374,False,False
1252080,1008981,19620,TX,29.392,-100.9047,5289.7692,9.985,122.5,43.1818,1.0,0,0,0.0373,False,False
5429973,1027611,14540,KY,37.0078,-86.3759,8779.0769,-1.8144,118.0,74.399,1.0,0,0,0.0373,False,False
5070992,1023530,16700,SC,33.0075,-80.0445,3772.5385,-2.3981,125.0,30.1803,0.7391,0,1,0.0371,False,False
2545525,12572,39780,CA,39.927,-122.198,5062.4615,5.9331,122.5,41.3262,1.0,0,0,0.0369,False,False
6294734,1033369,21340,TX,31.7746,-106.3392,3011.0769,1.9428,129.5,23.2516,0.4828,0,0,0.0368,False,False
1260688,14550,14780,TX,30.1418,-96.3926,4640.8462,0.4027,122.5,37.8845,1.0,0,0,0.0367,False,False
1257106,1005495,19100,TX,32.8386,-97.1858,5843.2308,13.9544,133.0,43.9341,0.9375,2,2,0.0367,False,False
1252324,1009155,31080,CA,34.068,-117.7517,1958.6923,6.2198,131.0,14.9518,0.4892,0,0,0.0365,False,False
5071309,1025104,31080,CA,34.0367,-118.0998,3894.3846,1.5913,131.0,29.7281,0.9401,1,0,0.0365,False,False
2544798,9396,25260,CA,36.3073,-119.7812,5205.4615,-0.1402,122.0,42.6677,1.0,0,0,0.0365,False,False
5072063,1027747,38060,AZ,33.3357,-111.6023,5796.2308,-0.9035,122.0,47.5101,0.9369,0,0,0.0364,False,False
1248592,17489,17780,TX,30.6435,-96.3528,3875.1538,8.5805,128.5,30.1568,0.5714,0,0,0.0362,False,False
1260277,12574,24780,NC,35.606,-77.412,4308.3846,-9.3163,121.5,35.46,1.0,0,1,0.0362,False,False
2548454,1017422,10740,NM,35.0227,-106.7139,4865.4615,0.882,122.5,39.7181,1.0,0,0,0.0361,False,False
1251484,1007394,41700,TX,29.6427,-98.4812,6096.5385,-1.1438,121.5,50.1773,0.974,0,0,0.0359,False,False
1255263,14076,31080,CA,34.4061,-118.4661,4357.6154,3.2309,139.0,31.3498,0.9651,4,1,0.0358,False,False
1251624,1006374,26420,TX,30.1027,-95.2381,4286.0,1.466,125.0,34.288,0.8371,0,0,0.0356,False,False
5429012,1019285,38060,AZ,33.4641,-112.283,6084.4615,3.8345,128.5,47.3499,0.9563,1,1,0.0355,False,False
1260641,9799,46340,TX,32.3088,-95.2779,3109.3846,1.9908,133.0,23.3788,0.1667,0,0,0.0354,False,False
5071212,1026826,31080,CA,33.7271,-117.851,2547.2308,5.5359,139.0,18.3254,0.7321,2,0,0.0354,False,False
1260867,8148,40140,CA,33.9357,-117.1788,3419.6923,1.8558,135.0,25.3311,0.6245,1,0,0.0353,False,False
5429116,1017304,31080,CA,34.4265,-118.5371,3856.0769,-0.9719,123.5,31.2233,0.9384,0,1,0.0353,False,False
1259397,11621,44700,CA,37.9873,-121.2449,2249.6923,1.3164,133.0,16.915,0.25,0,0,0.0353,False,False
1250084,10483,11100,TX,35.1926,-101.7966,4908.3846,8.8185,128.0,38.3468,0.5556,0,0,0.035,False,False
5715406,1028705,17460,OH,41.424,-81.7599,3270.6923,-6.4982,125.5,26.0613,0.8333,0,0,0.0349,False,False
5071293,1018261,31080,CA,34.2724,-118.4681,3639.0769,4.7982,135.5,26.8567,0.9151,2,1,0.0349,False,False
5071339,1017438,40140,CA,33.8064,-117.2265,2720.0,-1.0854,138.0,19.7101,0.3886,1,0,0.0347,False,False
2547397,1009969,12420,TX,29.867,-97.9405,6089.7692,5.4323,122.5,49.7124,0.9647,0,0,0.0346,False,False
1255149,116568,49700,CA,39.1474,-121.6444,4725.4615,4.0568,136.5,34.6188,1.0,3,1,0.0346,False,False
5429128,1017454,44860,TX,33.115,-95.5961,5087.6923,-2.3576,122.5,41.5322,1.0,0,0,0.0346,False,False
2546117,15096,42220,CA,38.4793,-122.7351,2171.7692,9.2989,129.5,16.7704,0.7,0,0,0.0344,False,False
6294973,1039874,30940,KY,36.9188,-84.1271,4643.1538,-9.1017,122.5,37.9033,1.0,0,0,0.0342,False,False
6294274,1030324,12420,TX,30.3514,-97.3929,3301.9231,18.6429,129.5,25.4975,0.6706,0,0,0.0341,False,False
1252961,1013229,13140,TX,30.069,-94.1337,5836.1538,-1.5455,125.0,46.6892,0.7143,0,0,0.034,False,False
2546675,17593,48660,TX,33.8845,-98.5287,5034.6923,4.7518,128.5,39.1805,0.5,0,0,0.034,False,False
2544554,8425,45220,FL,30.5041,-84.2507,4789.0,0.0112,122.5,39.0939,1.0,0,1,0.0338,False,False
6294272,1030423,38060,AZ,33.3905,-112.1342,2831.0,16.4247,132.0,21.447,0.466,0,0,0.0337,False,False
1260311,12874,47380,TX,31.4979,-97.1603,5218.3846,-4.3726,122.5,42.5991,1.0,0,0,0.0336,False,False
5428507,1023549,40140,CA,33.8857,-117.5652,4167.4615,3.1648,140.0,29.7676,0.8035,3,0,0.0335,False,False
2548164,1016067,32580,TX,26.1814,-98.1857,4452.0769,8.7914,132.0,33.7279,0.2632,0,0,0.0334,False,False
5429062,1018314,29820,NV,36.1585,-115.0767,2729.4615,1.7871,136.5,19.9961,0.5979,1,0,0.0333,False,False
2544102,6485,26420,TX,29.6699,-95.262,3220.7692,8.4996,129.5,24.8708,0.6244,0,0,0.0332,False,False
6294550,1032102,17340,CA,38.9306,-122.6187,1903.3846,7.3632,127.0,14.9873,1.0,0,0,0.0332,False,False
7281734,7814,31420,GA,32.8734,-83.7083,5588.3846,6.9721,122.5,45.6195,1.0,0,1,0.0332,False,False
5071850,1025181,29820,NV,36.0197,-115.263,2983.7692,9.7253,129.5,23.0407,0.6598,0,0,0.0332,False,False
5429980,1024023,38060,AZ,33.2621,-111.7198,5838.6923,-6.1733,122.5,47.6628,0.9417,0,0,0.0331,False,False
1260549,14307,21340,TX,31.8293,-106.5291,3124.0769,7.1159,130.0,24.0314,0.5172,0,1,0.0331,False,False
2547762,1014777,28660,TX,31.1157,-97.4119,6167.0,-2.3186,122.0,50.5492,0.9286,0,1,0.0329,False,False
5071527,1026251,46520,HI,21.3298,-158.073,18549.2308,9.4191,121.5,152.6686,1.0,2,1,0.0328,False,False
1259546,16880,31460,CA,37.1261,-120.2564,6125.9231,2.978,122.5,50.0075,1.0,0,0,0.0328,False,False
1251239,1005429,44940,SC,33.9574,-80.3858,7243.6923,-0.1018,120.5,60.1136,1.0,0,1,0.0327,False,False
1248602,17357,31080,CA,33.9031,-118.2551,2810.6154,9.9549,128.5,21.8725,0.7987,0,0,0.0326,False,False
6294792,1033719,19100,TX,32.4573,-96.9956,4926.2308,1.6863,132.0,37.3199,0.8681,1,0,0.0325,False,False
2545084,10619,24140,NC,35.3975,-77.9636,6992.2308,-0.7176,121.5,57.5492,1.0,0,0,0.0324,False,False
1250883,116312,41940,CA,37.4293,-121.9094,2721.8462,11.0226,134.5,20.2368,0.91,1,0,0.0324,False,False
2545803,13791,32580,TX,26.1889,-98.2329,6503.3077,-11.564,136.5,47.6433,0.5789,2,0,0.0324,False,False
1252933,1013225,15500,NC,36.0699,-79.2716,6465.0,-1.3684,122.0,52.9918,1.0,0,0,0.0323,False,False
6294120,1030939,40140,CA,33.7475,-116.9312,2535.1538,1.4998,133.0,19.0613,0.3231,0,0,0.0321,False,False
5071950,1023203,31080,CA,33.9535,-118.1307,3750.2308,6.3501,133.0,28.1972,0.9301,1,0,0.032,False,False
2548269,1019541,46060,AZ,32.1332,-111.0037,2522.7692,8.6896,136.5,18.4818,0.6471,1,1,0.032,False,False
2547970,1015468,32580,TX,26.2358,-98.2064,5375.1538,3.8538,136.5,39.3784,0.4211,1,0,0.0319,False,False
2545966,14452,20940,CA,32.6807,-115.4995,2749.6923,6.2509,134.0,20.5201,0.25,0,0,0.0318,False,False
5071803,1023843,19100,TX,32.5724,-96.3074,6829.4615,-0.2203,121.5,56.2096,0.9722,0,1,0.0317,False,False
1249390,6732,19100,TX,33.095,-96.1146,5674.9231,1.0437,124.0,45.7655,0.9271,0,0,0.0317,False,False
1249037,9937,38060,AZ,33.4226,-112.2719,7992.3077,0.4049,128.0,62.4399,1.0,1,0,0.0316,False,False
1250178,10605,26420,TX,29.8072,-95.1674,2683.3846,1.6671,131.5,20.406,0.4887,0,0,0.0314,False,False
6294203,1030550,40140,CA,33.6846,-117.1789,6262.6154,-4.6719,133.0,47.0873,0.9607,2,1,0.0313,False,False
1251207,1005308,31080,CA,33.8287,-118.143,2533.9231,0.0121,128.5,19.7192,0.7271,0,1,0.0311,False,False
11884320,1038843,12420,TX,30.8055,-97.6167,4596.3846,-2.4982,125.5,36.6246,0.8706,0,0,0.0311,False,False
5715653,1027748,28780,TX,27.4928,-97.845,6382.3846,-2.2433,122.5,52.1011,1.0,0,0,0.0308,False,False
1252431,1009541,12420,TX,30.5407,-97.5649,7019.3846,4.7261,122.5,57.3011,1.0,0,0,0.0307,False,False
12904563,1039126,40140,CA,33.6966,-117.0871,2836.0769,-0.8525,132.0,21.4854,0.4279,0,0,0.0307,False,False
2546242,15684,40140,CA,34.1506,-117.4726,4605.8462,1.576,133.0,34.6304,0.8603,1,0,0.0306,False,False
6294622,1032896,13140,TX,30.2516,-94.2147,5252.0769,-1.7894,127.5,41.1928,0.5714,0,1,0.0305,False,False
7282095,1038224,34820,SC,33.8463,-79.0649,5851.6154,3.4684,122.5,47.7683,1.0,0,2,0.0304,False,False
5071335,1019667,40140,CA,33.9367,-117.406,4945.6923,2.5423,136.5,36.2322,0.8996,2,0,0.0303,False,False
1249333,7017,40140,CA,34.4709,-117.3402,2477.1538,0.4554,140.0,17.694,0.2969,1,1,0.0302,False,False
1254712,11293,31080,CA,34.2846,-118.4416,1779.6923,5.1923,134.0,13.2813,0.3993,0,0,0.0301,False,True
1249742,18216,44700,CA,37.7861,-121.254,4369.0769,2.668,125.0,34.9526,0.95,0,1,0.03,False,False
1251936,1006845,41740,CA,32.6606,-117.1056,4159.5385,2.4303,133.0,31.2747,0.9306,1,0,0.03,False,False
7282367,1043116,32580,TX,26.16,-97.8952,8303.1538,11.8583,132.0,62.9027,0.7368,1,0,0.03,False,False
5071338,1025488,40140,CA,33.6668,-117.2654,1791.3846,-0.1415,136.5,13.1237,0.1135,0,0,0.0299,False,True
1249543,18001,33700,CA,37.5946,-120.9925,3343.6923,7.1855,129.5,25.82,0.7179,0,0,0.0298,False,False
5071304,1023884,40140,CA,33.9993,-117.5234,4060.6923,4.3343,128.0,31.7242,0.7817,0,0,0.0298,False,False
1252852,1012906,35700,AZ,31.3673,-110.9369,5083.9231,16.5195,132.0,38.5146,1.0,1,1,0.0297,False,False
2546791,18016,26420,TX,29.9361,-95.2501,2789.4615,6.0477,132.0,21.1323,0.5249,0,0,0.0296,False,False
5071831,1020326,34420,TX,33.1327,-94.969,7534.4615,-6.4194,121.5,62.012,1.0,0,0,0.0296,False,False
5071970,1018169,31080,CA,33.9884,-118.185,1928.1538,0.4931,133.0,14.4974,0.4692,0,0,0.0295,False,False
13205377,1052594,47300,CA,36.5452,-119.3704,5388.0769,17.4227,126.0,42.7625,0.963,0,0,0.0295,False,False
1248844,7977,13140,TX,29.9478,-93.9932,6211.1538,-0.0161,132.0,47.0542,0.8571,1,0,0.0291,False,False
1253383,7611,38940,FL,27.3124,-80.4065,6586.6923,-11.1043,121.5,54.2115,1.0,0,1,0.0291,False,False
1255201,9260,21340,TX,31.724,-106.3037,3540.2308,6.328,129.5,27.3377,0.6552,0,1,0.0289,False,False
1260452,14448,19100,TX,32.8428,-97.2383,3417.3077,3.8987,131.0,26.0863,0.5868,0,0,0.0286,False,False
13205521,1043099,40140,CA,34.4279,-117.5721,8186.5385,7.5826,122.5,66.8289,0.9913,0,0,0.0285,False,False
6294773,1033146,40140,CA,33.8155,-116.4868,2843.0769,2.798,133.0,21.3765,0.4323,0,0,0.0285,False,False
5430173,1027510,41740,CA,32.5604,-117.0629,4581.7692,2.1594,126.0,36.3632,0.9538,0,0,0.0284,False,False
1255237,16387,29820,NV,36.1302,-115.1181,3072.6154,-1.4969,140.0,21.9473,0.6907,2,1,0.0283,False,False
2548331,1016771,49660,OH,41.0253,-80.7358,13049.6923,-7.0794,115.5,112.9843,1.0,0,1,0.0282,False,False
1251209,1005508,21340,TX,31.7933,-106.2671,3978.3846,8.5712,128.5,30.9602,0.7586,0,1,0.0282,False,False
1255292,12822,47300,CA,36.2253,-119.3313,4287.1538,8.9471,135.0,31.7567,0.8519,1,0,0.028,False,False
5071931,1019193,31080,CA,34.2008,-118.5705,3223.2308,3.3214,128.5,25.0835,0.8686,0,0,0.028,False,False
6294453,1031547,33660,AL,30.8029,-88.1107,13926.3846,-6.4938,115.5,120.5748,1.0,0,0,0.028,False,False
6294575,11025,47900,VA,38.7858,-77.5164,2165.0,-0.8106,136.0,15.9191,0.7725,1,2,0.0276,False,False
2548471,1017570,31080,CA,33.8913,-117.7756,4539.3077,-1.0895,126.0,36.0263,0.97,0,0,0.0274,False,False
13368321,1054759,26420,TX,29.9798,-95.2764,5974.6923,11.4457,126.0,47.4182,0.9367,0,0,0.0274,False,False
2544837,9577,15180,TX,26.1727,-97.6743,5455.6154,6.0991,132.0,41.3304,0.375,0,0,0.027,False,False
1250098,10539,15180,TX,26.1899,-97.7153,6789.0,-2.5162,132.0,51.4318,0.875,1,0,0.0268,False,False
5071924,1017713,31080,CA,33.9393,-118.0443,1982.4615,4.2979,134.0,14.7945,0.5008,0,0,0.0267,False,False
2545569,12752,31080,CA,34.0208,-117.9582,2562.0,1.6543,131.0,19.5573,0.7354,0,0,0.0265,False,False
1248603,8541,38060,AZ,33.4787,-112.2546,5779.6923,5.9074,132.5,43.6203,0.932,1,1,0.0262,False,False
2544298,7402,40140,CA,34.0693,-117.2092,3122.7692,6.5848,140.0,22.3055,0.5109,1,0,0.0262,False,False
1254505,1010250,40140,CA,33.524,-117.1618,3964.1538,0.7192,143.0,27.7214,0.7729,3,0,0.0261,False,False
1255120,68574,40140,CA,34.5245,-117.2169,5973.6923,6.8595,133.0,44.915,0.952,1,0,0.026,False,False
1252057,1008979,34980,TN,36.1937,-86.2944,5010.5385,-23.4232,124.0,40.4076,0.9216,0,1,0.026,False,False
1252313,1009091,38060,AZ,33.0737,-112.0426,7765.0769,6.4057,134.5,57.7329,0.9951,2,1,0.0256,False,False
1249702,10946,40140,CA,33.8877,-117.5209,3948.7692,0.9935,136.5,28.9287,0.7642,1,0,0.0255,False,False
5715137,1027343,40140,CA,33.8885,-117.2745,6381.6154,-2.5822,125.0,51.0529,0.9651,0,0,0.0254,False,False
6294388,1031295,23420,CA,36.6928,-119.762,3423.5385,-0.1122,130.0,26.3349,0.7833,0,0,0.0254,False,False
1259521,11264,40140,CA,33.8989,-117.4947,3929.1538,-0.8848,136.5,28.785,0.7598,1,0,0.0253,False,False
2548142,1016010,42200,CA,34.9711,-120.436,3440.7692,9.4821,129.5,26.5696,0.9091,0,0,0.0251,False,False
1255238,1011445,38060,AZ,33.5814,-112.1274,2585.4615,-3.425,134.5,19.2228,0.4029,0,0,0.025,False,False
2546037,14718,19100,TX,33.2307,-97.5961,7659.0,-17.6656,122.5,62.5224,0.9792,0,0,0.025,False,False
11884029,1038159,38060,AZ,32.9372,-111.7577,4373.1538,-2.5623,135.5,32.2742,0.8301,1,0,0.0248,False,False
5071832,1020725,19100,TX,33.1758,-96.5113,7064.3077,-3.2796,124.0,56.9702,0.9757,0,1,0.0242,False,False
2545789,13743,40140,CA,33.975,-117.5609,4295.0769,0.2046,140.0,30.6791,0.8384,2,0,0.0241,False,False
7282222,1040544,18880,FL,30.6965,-86.1216,9697.5385,5.8425,122.0,79.488,1.0,0,1,0.024,False,False
2545472,12345,16980,IL,41.8948,-87.6207,2446.9231,4.1108,168.0,14.565,0.5618,44,25,0.0239,False,False
5429981,1027524,38060,AZ,33.5671,-112.1869,3929.9231,-1.6914,129.5,30.3469,0.7621,0,1,0.0237,False,False
5715614,1028439,40140,CA,34.5401,-117.2672,6647.7692,4.4981,126.0,52.7601,0.9782,0,0,0.0236,False,False
5715392,1028708,26420,TX,30.1515,-95.2189,7134.4615,-8.6721,124.5,57.3049,0.9774,0,0,0.0236,False,False
5069833,1025725,16860,TN,34.9915,-85.2013,9078.6923,0.7641,122.5,74.1118,1.0,0,1,0.0232,False,False
2548244,1016356,38060,AZ,33.4346,-111.8692,3244.6923,2.3935,133.0,24.3962,0.6117,0,0,0.0232,False,False
5428525,1022915,31080,CA,34.0865,-118.2195,2471.0769,4.1736,133.0,18.5795,0.7121,0,0,0.0229,False,False
5715466,1028554,41700,TX,29.5742,-98.5955,8944.0,-11.9005,122.5,73.0122,1.0,0,0,0.0228,False,False
1251766,1007522,26420,TX,29.0484,-95.456,6400.5385,-6.2456,126.0,50.7979,0.9502,0,0,0.0228,False,False
6294692,1033142,32540,OK,34.8989,-95.7545,9145.7692,-11.761,122.5,74.6593,1.0,0,0,0.0225,False,False
1248513,10055,44700,CA,37.9055,-121.2221,4132.3846,5.0202,130.0,31.7876,0.9,0,0,0.0222,False,False
5715443,1028799,13060,TX,28.9836,-95.9509,8414.6154,5.6082,125.0,67.3169,1.0,0,0,0.022,False,False
5428997,1019541,46060,AZ,32.1334,-111.0035,3823.0769,6.7509,136.5,28.0079,0.9118,1,1,0.0219,False,False
6294870,1037640,21340,TX,31.6888,-106.2644,4833.1538,-0.2888,129.0,37.4663,0.8966,0,0,0.0219,False,False
6294121,1031153,40140,CA,34.1362,-117.2738,4876.3846,5.1154,129.5,37.6555,0.8908,0,0,0.0218,False,False
1249331,10720,40140,CA,33.8829,-117.3695,4872.6923,3.8494,129.5,37.627,0.8865,0,0,0.0217,False,False
7282270,1040275,15180,TX,26.1265,-97.6377,6337.3077,2.1044,132.0,48.0099,0.5,0,0,0.0217,False,False
6294737,1033351,40100,TX,26.3677,-98.7931,6132.1538,14.049,128.0,47.9075,1.0,0,0,0.0216,False,False
2544480,8116,15180,TX,25.952,-97.4966,6668.3846,4.9466,129.5,51.4933,0.75,0,0,0.0213,False,False
6294322,1030331,38060,AZ,33.5381,-112.2573,4837.4615,0.4376,136.5,35.4393,0.8883,1,0,0.021,False,False
1260233,9500,40140,CA,33.4754,-117.1279,6460.0769,0.9897,134.5,48.0303,0.9738,1,0,0.0206,False,False
1252843,1012763,16980,IN,41.5512,-87.1816,6101.2308,-9.5021,126.0,48.4225,0.9892,0,1,0.0206,False,False
5428978,1019742,40140,CA,33.9775,-117.4602,3573.2308,-2.9074,133.0,26.8664,0.6725,0,0,0.0204,False,False
7281933,1034075,40140,CA,33.6833,-116.1811,3191.7692,3.1625,135.5,23.5555,0.5371,0,0,0.02,False,False
2544742,9153,31080,CA,34.6752,-118.1143,4029.3846,8.2653,131.0,30.7587,0.9517,0,0,0.0199,False,False
11884146,1040511,26420,TX,30.0423,-94.894,6224.7692,0.8223,128.5,48.4418,0.9412,0,0,0.0197,False,False
1256189,13484,35620,NY,40.7394,-73.7855,3326.2308,-8.4808,129.5,25.6852,0.8801,0,4,0.0195,False,False
11883940,1029268,41700,TX,29.4771,-98.6627,6040.3846,12.1609,129.5,46.6439,0.961,0,0,0.0195,False,False
11884511,1045039,33260,TX,31.9936,-102.1678,6053.0,2.8735,128.5,47.1051,1.0,0,0,0.0192,False,False
5071362,1026218,40140,CA,34.0703,-117.3526,3063.4615,4.8661,143.5,21.3482,0.4934,1,0,0.019,False,False
1250155,10561,46340,TX,32.3543,-95.3427,5352.0,3.9394,129.5,41.3282,1.0,0,0,0.0187,False,False
1249834,11025,47900,VA,38.7858,-77.5164,5270.9231,6.6175,136.0,38.7568,1.0,1,2,0.018,False,False
5071569,1026329,26420,TX,29.8168,-95.7723,7946.0,-2.5849,133.5,59.5206,0.9864,1,1,0.018,False,False
11884307,1042562,32580,TX,26.2314,-98.3239,5136.2308,3.1021,136.5,37.6281,0.3684,0,0,0.018,False,False
1252335,1009254,38060,AZ,33.4071,-111.9652,4534.4615,2.1187,131.0,34.6142,0.8592,0,2,0.0178,False,False
5715437,1028732,41740,CA,32.5796,-117.0349,7874.8462,7.2159,139.5,56.4505,1.0,2,0,0.0172,False,False
13205524,1053729,15180,TX,25.9451,-97.4306,7736.6154,19.4333,129.5,59.7422,1.0,0,0,0.0172,False,False
1253441,13765,32580,TX,26.2669,-98.2198,4855.0,-5.1701,136.5,35.5678,0.3158,0,1,0.017,False,False
6294686,1033087,32580,TX,26.2419,-98.2485,11107.0769,11.5479,136.5,81.3705,1.0,2,1,0.0169,False,False
7282165,1040303,32580,TX,26.1926,-98.1371,6223.0,10.728,135.5,45.9262,0.5263,0,0,0.0165,False,False
1250099,10840,38060,AZ,33.1793,-111.585,6528.5385,1.9594,129.5,50.4134,0.9854,0,1,0.0158,False,False
1248732,7609,40140,CA,33.8031,-116.9716,3974.2308,1.9516,134.5,29.5482,0.7773,0,1,0.0152,False,False
5071452,1021802,44700,CA,37.7391,-121.1192,2673.2308,2.6344,141.0,18.9591,0.325,0,0,0.0151,False,False
1249199,7034,38060,AZ,32.8791,-111.7233,3823.5385,6.5167,135.5,28.218,0.7427,0,1,0.0149,False,False
1253499,8994,42660,WA,47.1923,-122.4596,2350.1538,-2.5144,136.5,17.2172,0.7941,0,0,0.0147,False,False
1254772,11809,40140,CA,34.0329,-117.69,2355.9231,2.4349,153.0,15.3982,0.2576,2,0,0.0144,False,False
1249521,6773,26580,KY,38.4805,-82.6439,14360.9231,-0.4936,123.5,116.2828,1.0,0,0,0.0144,False,False
5071326,1019775,40140,CA,33.4789,-117.1362,4148.6154,0.1746,142.5,29.1131,0.7948,1,0,0.0139,False,False
6294664,1032895,13140,TX,29.9344,-93.9307,9182.2308,5.9974,129.5,70.9053,1.0,0,0,0.0137,False,False
2546771,17937,42220,CA,38.4276,-122.7411,2691.1538,-13.0267,135.5,19.8609,0.8667,0,0,0.0135,False,False
1248856,6555,40140,CA,33.8452,-117.2242,4905.6154,3.6083,141.5,34.6687,0.8952,1,0,0.0134,False,False
5071332,1022198,40140,CA,33.7721,-116.9583,2282.0769,-1.8559,143.5,15.903,0.214,0,0,0.0133,False,False
1249755,10437,32580,TX,26.172,-98.0084,7222.2308,9.6322,135.5,53.3006,0.6842,0,0,0.013,False,False
1249127,17132,40140,CA,33.7442,-117.1918,4273.5385,5.831,136.5,31.308,0.8297,0,0,0.0128,False,False
11884014,1040066,40140,CA,33.926,-116.9764,5293.6923,2.807,134.5,39.3583,0.9301,0,0,0.0125,False,False
1253249,13690,31900,OH,40.7879,-82.5924,9678.8462,-2.4196,129.5,74.7401,1.0,0,0,0.0123,False,False
5071360,1019788,40140,CA,34.3823,-117.4134,4470.9231,3.6653,136.5,32.754,0.8472,0,0,0.0121,False,False
1252259,1008664,32580,TX,26.1951,-98.2714,10753.8462,-4.1323,136.5,78.7828,0.9474,1,0,0.0119,False,False
1251323,1005625,32580,TX,26.305,-98.1917,6540.7692,-0.32,136.5,47.9177,0.6316,0,1,0.0114,False,False
1260609,9592,19100,TX,32.4171,-96.8404,5859.4615,1.4463,142.5,41.119,0.941,1,0,0.0106,False,False
1252549,1009834,31080,CA,33.9472,-118.0866,3993.3846,7.7859,138.0,28.9376,0.9484,0,0,0.0104,False,False
5072043,1023550,38060,AZ,33.4664,-112.5048,7439.2308,4.4148,134.5,55.3103,0.9903,0,0,0.0101,False,False
6294736,1033160,32580,TX,26.1735,-97.9821,8453.9231,9.1587,135.5,62.3906,0.8421,0,0,0.0101,False,False
1248682,7272,40140,CA,34.507,-117.4,3703.2308,-5.9488,140.0,26.4516,0.7249,0,0,0.0097,False,False
6294505,1031783,33700,CA,37.7049,-121.0496,488.6154,-0.9048,168.0,2.9084,0.0256,4,0,0.0083,False,True
1254523,1010337,31080,CA,33.9168,-118.0114,2577.4615,6.894,144.0,17.899,0.7404,0,0,0.0081,False,False
7281761,1041242,33700,CA,37.5788,-120.9392,4171.4615,1.3134,140.0,29.7962,0.8718,0,1,0.008,False,False
5429067,1017898,31080,CA,34.1501,-118.094,1115.4615,-1.9938,168.0,6.6397,0.1664,5,0,0.0079,False,True
1251692,1006678,32580,TX,26.2615,-98.165,10282.3077,6.1008,136.5,75.3283,0.8947,0,0,0.0074,False,False
1260385,10216,40140,CA,33.5925,-117.1236,10060.0,-2.4445,135.5,74.2435,0.9956,0,0,0.007,False,False
5071366,1021192,40140,CA,34.135,-117.3958,3224.0769,1.3493,147.0,21.9325,0.5502,0,0,0.0065,False,False
5071359,1024531,40140,CA,34.4204,-117.2911,10521.8462,-4.9048,136.5,77.0831,1.0,0,0,0.006,False,False
1253695,14136,42660,WA,47.679,-122.1778,1989.0,0.1007,168.0,11.8393,0.701,5,0,0.0045,False,True
1250305,1009663,31080,CA,34.0264,-118.2775,3228.9231,5.5177,168.0,19.2198,0.8702,7,2,0.0042,False,False
11884257,1040807,32900,CA,37.3194,-120.5039,1670.4615,2.584,168.0,9.9432,0.1429,2,0,0.0042,False,True
2545271,11379,42660,WA,47.7082,-122.3321,1744.6923,4.3332,168.0,10.3851,0.5637,3,0,0.0037,False,True
1252473,1009663,31080,CA,34.0264,-118.2776,3841.3077,1.21,168.0,22.8649,0.9351,7,2,0.0037,False,False
2548483,1017608,31080,CA,33.9167,-118.1251,1401.5385,-0.9298,168.0,8.3425,0.2712,2,2,0.0033,False,True
2545877,14113,31080,CA,33.987,-118.2256,1809.4615,5.1542,168.0,10.7706,0.4126,2,0,0.0032,False,True
1249202,17031,31080,CA,34.0771,-118.134,2724.9231,-1.6847,168.0,16.2198,0.782,4,0,0.0032,False,False
5071315,1026077,31080,CA,34.0404,-118.0501,758.6154,7.5933,168.0,4.5156,0.0749,1,1,0.0032,False,True
2546939,18726,17460,OH,41.502,-81.6215,4500.6923,13.0652,165.0,27.2769,0.963,4,2,0.0032,False,False
6294778,1033364,31080,CA,33.9456,-118.3733,3251.0769,8.372,168.0,19.3516,0.8752,4,0,0.0031,False,False
5715742,1029313,41940,CA,37.0138,-121.5976,2116.5385,5.9329,168.0,12.5984,0.79,3,0,0.0029,False,True
1248379,6956,31080,CA,33.7159,-117.8849,2715.1538,5.7335,168.0,16.1616,0.7787,3,0,0.0028,False,False
2545243,11269,40140,CA,33.94,-117.2783,3032.3846,2.8598,168.0,18.0499,0.4891,2,0,0.0027,False,False
6294581,1031732,40140,CA,33.8454,-116.5286,2289.5385,5.2066,168.0,13.6282,0.2183,1,0,0.0026,False,True
1256618,16668,47900,MD,39.1445,-77.2198,901.7692,6.1577,168.0,5.3677,0.2618,1,2,0.0025,False,True
1254372,15945,41860,CA,37.7116,-122.1625,1661.1538,0.9018,168.0,9.8878,0.685,2,0,0.0024,False,True
5715222,1028791,31080,CA,33.9469,-118.2292,2444.5385,2.1701,168.0,14.5508,0.7038,2,0,0.0023,False,False
7282217,1032914,31080,CA,34.0693,-117.9805,3488.5385,8.5809,168.0,20.7651,0.9068,3,1,0.0022,False,False
5071925,1021042,31080,CA,33.8869,-118.1005,1877.1538,10.1666,168.0,11.1735,0.4476,1,0,0.0022,False,True
1248960,7182,41740,CA,32.7799,-117.1028,3953.6154,2.047,168.0,23.5334,0.9133,3,0,0.0022,False,False
2548077,1015759,31080,CA,34.0253,-118.2397,2618.9231,-3.9144,168.0,15.5888,0.7504,2,0,0.002,False,False
1260163,8822,31080,CA,33.9823,-118.2489,2126.3077,1.9586,168.0,12.6566,0.5724,1,0,0.0018,False,True
1251962,1007345,31080,CA,34.0247,-118.2202,3425.9231,4.7806,168.0,20.3924,0.8935,2,0,0.0018,False,False
1255138,16115,31080,CA,33.7892,-117.9935,2358.3077,7.5304,168.0,14.0375,0.6539,1,0,0.0017,False,True
1251232,1005309,40140,CA,33.8779,-117.6597,3284.3077,5.8614,168.0,19.5495,0.5808,1,0,0.0017,False,False
1248851,9874,31080,CA,33.9611,-118.1108,2576.8462,4.9435,168.0,15.3384,0.7388,1,0,0.0015,False,False
1253706,16468,29820,NV,36.0261,-115.1193,2835.3846,2.2667,168.0,16.8773,0.6289,1,1,0.0015,False,False
6294565,1031726,15940,OH,40.8333,-81.4246,1791.6154,8.4008,168.0,10.6644,0.1667,0,0,0.0015,False,True
5071474,1026070,44700,CA,37.8115,-121.2988,5249.2308,3.3501,168.0,31.2454,1.0,2,0,0.0014,False,False
5070403,1018181,33460,MN,44.7357,-93.2183,2886.5385,0.787,168.0,17.1818,0.7444,1,1,0.0013,False,False
2545249,11280,31080,CA,34.0031,-118.1671,3129.1538,5.9128,168.0,18.6259,0.8569,1,0,0.0013,False,False
2544291,7372,38060,AZ,33.466,-112.2213,6320.7692,9.3326,168.0,37.6236,0.9757,2,1,0.0013,False,False
1260373,7173,29820,NV,36.2394,-115.1165,3259.7692,4.8209,168.0,19.4034,0.7732,1,1,0.0013,False,False
1252744,1012760,31080,CA,34.3088,-118.4315,3430.6923,1.1407,168.0,20.4208,0.8968,1,0,0.0012,False,False
1250127,10617,10420,OH,41.1632,-81.4768,2576.7692,5.612,168.0,15.3379,0.3125,0,1,0.0011,False,False
5715524,1029729,40140,CA,33.8648,-117.5452,4328.0,2.8066,168.0,25.7619,0.8428,1,1,0.0011,False,False
5071910,1019687,31080,CA,34.0558,-118.2045,3704.3846,3.2459,168.0,22.0499,0.9251,1,1,0.0011,False,False
1255330,11227,41740,CA,32.6781,-117.0821,4002.1538,3.7572,168.0,23.8223,0.9191,1,1,0.0011,False,False
1251981,1008863,10420,OH,40.9581,-81.4646,4499.3846,0.3052,168.0,26.7821,0.9375,1,1,0.001,False,False
2548081,1015773,49620,PA,39.9752,-76.7669,6027.5385,6.8785,168.0,35.8782,0.9,1,1,0.001,False,False
1250892,1006418,41860,CA,37.6337,-122.1117,2157.3077,24.5337,168.0,12.8411,0.84,0,0,0.0009,False,True
1255124,11346,31080,CA,33.8541,-117.8369,2405.1538,1.4569,168.0,14.3164,0.6772,0,0,0.0008,False,False
2548148,1016017,40140,CA,33.922,-116.805,3765.6923,7.111,168.0,22.4148,0.7336,0,0,0.0007,False,False
5428520,1022530,38060,AZ,33.6106,-112.235,3837.3846,6.8291,168.0,22.8416,0.7476,0,1,0.0007,False,False
1260419,9948,31080,CA,34.0337,-118.1843,3232.2308,4.9399,168.0,19.2395,0.8735,0,0,0.0007,False,False
1252517,1009781,31080,CA,33.9729,-118.0736,3473.0,10.4887,168.0,20.6726,0.9052,0,0,0.0007,False,False
1260525,8177,33700,CA,37.6088,-120.9392,6021.0769,9.2495,168.0,35.8397,0.9744,0,0,0.0005,False,False
5069946,1019054,35420,OH,40.4926,-81.4721,4709.8462,-6.1266,168.0,28.0348,1.0,0,0,0.0005,False,False
