store_id,lat,lon,msa,address,city,state,open_date,close_date,first_week,last_week,visits_per_week_13w,visits_per_week_13w_ly,visits_per_week_13w_2y,visits_yoy_pct,visits_2y_pct,traffic_pctile_in_metro,status,locator_id,ownership_type,store_name,opening_hours,located_in,company_operated,weekly_hours_2026_09,visits_per_operating_hour,store_key,active_postings,barista_postings,supervisor_postings,store_manager_postings,distinct_roles_open,oldest_posting_age_days,oldest_requisition_age_days,reposted_requisitions,postings_per_1000_weekly_visits,mgr_vacancy_within_5km,mgr_vacancy_within_15km,km_to_nearest_mgr_vacancy,persistent_mgr_vacancy_within_5km,persistent_mgr_vacancy_within_15km,km_to_nearest_persistent_mgr_vacancy,starbucks_within_1km,dunkin_within_1km,starbucks_within_2km,dunkin_within_2km,starbucks_within_5km,dunkin_within_5km,km_to_nearest_dunkin,urbanicity,new,mature,visits_per_week_13w_metro_mature,visits_per_operating_hour_metro_mature,rel_visits,rel_vph,cohort
11883988,40.049555,-85.65185,26900,6608 S. Scatterfield Ave,Anderson,IN,2024-03-01,,2024-03-04,2026-09-21,5461.384615384615,5633.923076923077,5620.846153846154,-3.062492319875487,-2.836966785728956,0.866,open,1039552.0,CO,SR-9 & I-69 Anderson,Mo-Su 05:00-20:00,,True,105.0,52.01,store:66780,2,1,1,0,2,16.0,15.0,0,0.366,0,0,122.41,0,0,232.65,0,0,0,0,1,0,25.29,low density,True,False,2899.1538461538457,26.285,1.8837857199713446,1.9786950732356856,Mar–Dec 2024
11884048,39.0835165,-76.8889695,47900,14940 Silver Trail Lane,Laurel,MD,2024-03-01,,2024-03-04,2026-09-21,1358.3076923076924,1517.3846153846157,1572.6153846153843,-10.483625671702324,-13.627470162394827,0.501,open,1040450.0,CO,Konterra Westside Shoppes,Mo-Fr 05:00-20:00; Sa-Su 05:00-19:30,,True,104.0,13.06,store:67826,2,1,1,0,2,25.0,24.0,0,1.472,0,0,23.4,0,0,23.4,0,0,0,0,3,4,3.36,suburban,True,False,1325.3076923076924,11.86,1.0248998781124847,1.1011804384485666,Mar–Dec 2024
11884135,26.77485,-81.757739,39460,42071 Cypress Parkway,Babcock Ranch,FL,2024-03-01,,2024-03-04,2026-09-21,3687.769230769231,3684.692307692307,3500.3076923076924,0.0835055635581838,5.3555731364275605,0.5,open,1038329.0,CO,SR 31 & Cypress Pkwy-Babcock R,Mo-Su 05:00-20:00,,True,105.0,35.12,store:69073,2,1,1,0,2,80.0,79.0,0,0.542,0,0,70.46,0,0,70.46,0,0,0,0,0,0,8.02,low density,True,False,3803.076923076923,34.615,0.9696804207119742,1.0145890509894553,Mar–Dec 2024
11884152,33.969367,-118.099014,31080,9257 Slauson Ave,Pico Rivera,CA,2024-03-01,,2024-03-04,2026-09-21,1872.5384615384617,1828.1538461538464,1835.2307692307693,2.427838088024892,2.032861094810956,0.476,open,1040253.0,CO,Slauson & Reeve,Mo-Fr 04:30-21:00; Sa-Su 05:00-21:00,,True,114.5,16.35,store:69280,2,1,1,0,2,76.0,75.0,0,1.068,0,1,10.59,0,0,22.77,0,0,2,0,15,1,4.46,urban core,True,False,1957.0769230769229,16.145,0.9568037104001259,1.0126974295447508,Mar–Dec 2024
11884163,27.3391375,-82.4513395,35840,5901 Fruitville Rd.,Sarasota,FL,2024-03-01,,2024-03-04,2026-09-21,2887.153846153846,2735.0,2684.6153846153848,5.56321192518634,7.544412607449846,0.6,open,1040451.0,CO,Fruitville Rd & Cattlemen,Mo-Su 05:00-20:00,,True,105.0,27.5,store:69405,2,1,1,0,2,25.0,24.0,0,0.693,0,0,26.62,0,0,51.15,0,2,3,2,4,3,0.2,suburban,True,False,2461.769230769231,23.45,1.1727963003468425,1.1727078891257996,Mar–Dec 2024
11884222,33.984718,-118.1619515,31080,5850 South Eastern Avenue,Commerce,CA,2024-03-01,,2024-03-04,2026-09-21,1409.7692307692307,1308.3846153846157,1168.076923076923,7.748838850020556,20.691471847217645,0.336,open,1038397.0,CO,Eastern & Slauson,Mo-Su 04:30-20:30,,True,112.0,12.59,store:70525,2,1,1,0,2,24.0,23.0,0,1.419,0,1,9.37,0,0,20.29,0,0,1,1,17,2,1.58,urban core,True,False,1957.0769230769229,16.145,0.7203443125540445,0.779807990089811,Mar–Dec 2024
11884245,36.184167,-86.637979,34980,3175 Lebanon Pike,Nashville,TN,2024-03-01,,2024-03-04,2026-09-21,467.3076923076923,466.61538461538464,445.2307692307692,0.1483679525222436,4.958534899792677,0.032,open,1038253.0,CO,Donelson - Jackson Downs,Mo-Su 05:00-21:00,,True,112.0,4.17,store:70742,2,1,1,0,2,23.0,22.0,0,4.28,0,1,13.11,0,0,218.4,0,0,0,0,2,1,2.07,low density,True,False,3338.4615384615386,30.21,0.1399769585253456,0.13803376365441905,Mar–Dec 2024
11884256,42.1932215,-121.757803,28900,3620 Washburn Way,Klamath Falls,OR,2024-03-01,,2024-03-04,2026-09-21,2622.3846153846152,2531.846153846154,2393.3846153846152,3.5759859026553986,9.56804011056116,0.5,open,1038493.0,CO,Washburn Way - Klamath Falls,Mo-Fr 05:00-19:00; Sa-Su 05:00-18:30,,True,97.0,27.03,store:70848,1,0,1,0,1,16.0,15.0,0,0.381,0,0,233.14,0,0,236.01,0,0,1,0,3,0,335.53,suburban,True,False,2976.0,27.43,0.8811776261373035,0.98541742617572,Mar–Dec 2024
11884260,36.7287045,-108.2159255,22140,719 W Main St,Farmington,NM,2024-03-01,,2024-03-04,2026-09-21,2863.230769230769,2865.076923076923,2748.5384615384614,-0.0644364495516303,4.172847107553657,0.5,open,1038596.0,CO,Broadway (Main) & Bowman,Mo-Su 05:00-21:30,,True,115.5,24.79,store:70861,2,1,1,0,2,37.0,36.0,0,0.699,0,0,493.89,0,0,493.89,0,0,0,0,2,1,4.89,low density,True,False,4081.8076923076924,39.755,0.7014614565567668,0.6235693623443591,Mar–Dec 2024
11884386,35.5846445,-80.9875625,25860,7925 Village Center North,Sherrills Ford,NC,2024-03-01,,2024-03-04,2026-09-21,5310.153846153846,4915.923076923077,4846.538461538462,8.019465786220593,9.565907467661283,0.8,open,1043382.0,CO,"Hwy 150, Sherrills Ford",Mo-Su 05:00-20:00,,True,105.0,50.57,store:75048,2,1,1,0,2,24.0,23.0,0,0.377,0,0,23.81,0,0,176.18,0,1,0,1,0,1,0.11,low density,True,False,4604.384615384615,43.85,1.1532819887398298,1.1532497149372862,Mar–Dec 2024
11884388,29.3537125,-98.533725,41700,7506 S Zarzamora St.,San Antonio,TX,2024-03-01,,2024-03-04,2026-09-21,4851.615384615385,4319.307692307692,3811.076923076923,12.3239123078841,27.30300339092524,0.881,open,1043501.0,CO,S Zarzamora @ I-35,Mo-Fr 05:00-22:00; Sa-Su 05:30-22:00,,True,118.0,41.12,store:75095,2,1,1,0,2,23.0,22.0,0,0.412,0,0,350.58,0,0,792.52,2,0,2,1,3,1,1.6,suburban,True,False,3255.0384615384614,29.245,1.490494027011379,1.406052316635322,Mar–Dec 2024
11884417,30.4409325,-84.319349,45220,2018 W Pensacola St,Tallahassee,FL,2024-03-01,,2024-03-04,2026-09-21,1684.7692307692307,1709.2307692307693,1586.2307692307693,-1.4311431143114397,6.212113864507041,0.45,open,1043779.0,CO,W Pensacola St & Ocala Rd,Mo-Su 05:00-20:00,,True,105.0,16.05,store:77730,2,1,1,0,2,84.0,83.0,0,1.187,0,0,108.69,0,0,330.67,1,1,3,2,7,4,0.24,suburban,True,False,3087.6153846153848,28.34,0.545653852861307,0.5663373323923783,Mar–Dec 2024
11884419,38.907067,-77.0010335,47900,331 N Street NE,Washington,DC,2024-03-01,,2024-03-04,2026-09-21,344.84615384615387,282.6923076923077,285.7692307692308,21.98639455782314,20.672947510094208,0.041,open,1043857.0,CO,331 N Street NE_Union Market,Mo-Su 05:00-19:00,,True,98.0,3.52,store:77790,2,1,1,0,2,23.0,22.0,0,5.8,1,1,3.1,1,1,3.1,2,1,5,4,39,16,0.25,urban core,True,False,1325.3076923076924,11.86,0.2602008241917697,0.29679595278246207,Mar–Dec 2024
11884422,43.2526215,-77.6933885,40380,75 Greece Center Drive,Greece,NY,2024-03-01,,2024-03-04,2026-09-21,2003.076923076923,1863.8461538461536,1309.6153846153843,7.470078415187786,52.95154185022029,0.432,open,1043868.0,CO,"Greece, Long Pond and Latta Rd",Mo-Su 05:00-21:00,,True,112.0,17.88,store:77841,2,1,1,0,2,23.0,22.0,0,0.998,0,0,341.01,0,0,341.01,0,0,0,1,2,5,1.22,low density,True,False,2697.4615384615386,23.41,0.7425784925998802,0.7637761640324647,Mar–Dec 2024
11884436,45.7556685,-108.5379255,13740,750 Southgate Drive,Billings,MT,2024-03-01,,2024-03-04,2026-09-21,2554.6923076923076,2243.3076923076924,2086.153846153846,13.880602132839549,22.459439528023584,0.538,open,1044202.0,CO,King & Southgate - Billings,Mo-Fr 04:30-19:30; Sa-Su 05:00-20:00,,True,105.0,24.33,store:78331,2,1,1,0,2,68.0,67.0,0,0.783,1,1,4.22,0,0,659.42,0,0,1,0,5,0,586.01,suburban,True,False,2663.3846153846152,25.07,0.9591901571164511,0.9704826485839648,Mar–Dec 2024
11884459,37.3572505,-79.955603,40220,7515 Friendship Lane,Hollins,VA,2024-03-01,,2024-03-04,2026-09-21,2627.846153846154,2569.6153846153848,2396.3846153846152,2.2661278251758565,9.65878085577634,0.471,open,1044481.0,CO,I-81 and Plantation Road - Hol,Mo-Fr 04:30-20:00; Sa-Su 05:00-20:00,,True,107.5,24.45,store:78651,1,0,1,0,1,23.0,22.0,0,0.381,0,0,122.67,0,0,122.67,0,0,0,1,1,1,1.15,low density,True,False,2994.7307692307695,27.575,0.877489950297317,0.886672710788758,Mar–Dec 2024
11884496,37.4126725,-121.9003885,41940,1292 Great Mall Parkway,Milpitas,CA,2024-03-01,,2024-03-04,2026-09-21,1675.2307692307693,1543.8461538461538,1517.3846153846157,8.51021425012457,10.402514447936738,0.497,open,1044878.0,CO,Great Mall & McCandless,Mo-Fr 04:30-20:30; Sa-Su 05:00-20:30,,True,111.0,15.09,store:79872,2,1,1,0,2,22.0,21.0,0,1.194,0,0,54.44,0,0,60.94,0,0,0,0,16,1,2.39,urban core,True,False,1656.8846153846155,14.79,1.0110726804243366,1.0202839756592292,Mar–Dec 2024
11884504,42.249655,-70.922336,14460,1 Shipyard Dr,Hingham,MA,2024-03-01,,2024-03-04,2026-09-21,398.0,364.46153846153845,344.61538461538464,9.20219501899535,15.491071428571423,0.086,open,1044969.0,CO,"Hingham, Shipyard Dr",Mo-Fr 04:30-21:00; Sa-Su 05:00-21:00,,True,114.5,3.48,store:79960,2,1,1,0,2,67.0,66.0,0,5.025,0,0,20.67,0,0,20.67,0,0,1,2,1,6,1.54,low density,True,False,1574.6923076923076,14.28,0.2527477895559572,0.24369747899159666,Mar–Dec 2024
11884515,35.150367,-101.865516,11100,5721 S. Georgia,Amarillo,TX,2024-03-01,,2024-03-04,2026-09-21,2577.4615384615386,2567.923076923077,2932.3846153846152,0.3714465446484682,-12.10356496419296,0.143,open,1045137.0,CO,58th & Georgia,Mo-Su 05:00-22:00,,True,119.0,21.66,store:80335,1,0,1,0,1,21.0,20.0,0,0.388,0,1,8.55,0,0,542.14,0,0,0,0,3,1,4.13,suburban,True,False,4866.538461538461,38.870000000000005,0.5296293369161464,0.5572420890146642,Mar–Dec 2024
11884536,32.216715,-98.210479,44500,1015 W. Washington St.,Stephenville,TX,2024-03-01,,2024-03-04,2026-09-21,4916.923076923077,5047.7692307692305,5177.2307692307695,-2.592157998201783,-5.027932960893855,0.5,open,1045299.0,CO,N Ollie St & N. Clinton St.,Mo-Fr 04:30-20:00; Sa-Su 05:00-20:00,,True,107.5,45.74,store:80533,2,1,1,0,2,22.0,21.0,0,0.407,0,0,46.45,0,0,482.95,0,1,0,1,1,1,0.71,low density,True,False,6089.307692307692,53.18,0.8074683240484583,0.8600977811207221,Mar–Dec 2024
11884566,32.412889,-81.7953875,44340,151 Tormenta Way,Statesboro,GA,2024-03-01,,2024-03-04,2026-09-21,11369.692307692309,13166.692307692309,13330.0,-13.6480746872937,-14.70598418835477,1.0,open,1052922.0,CO,Veterans Memorial Pkwy,Mo-Su 05:00-18:30,,True,94.5,120.31,store:81625,1,0,1,0,1,21.0,20.0,0,0.088,0,0,190.21,0,0,190.21,0,0,1,0,2,2,2.58,low density,True,False,5094.307692307692,45.48,2.2318424787847673,2.6453386103781886,Mar–Dec 2024
11884653,28.706958,-81.50979,36740,1560 Rock Springs Rd,Apopka,FL,2024-03-20,,2024-03-25,2026-09-21,10012.846153846154,9056.307692307691,7279.461538461538,10.562124146366347,37.54926928238565,0.941,open,1039043.0,CO,Rock Springs & Welch,Mo-Su 04:30-22:00,,True,122.5,81.74,store:63127,2,1,1,0,2,89.0,88.0,0,0.2,0,0,22.68,0,0,22.68,0,0,0,0,0,1,3.79,low density,True,False,3125.3076923076924,27.13,3.2037953186147825,3.012900847769996,Mar–Dec 2024
11884654,42.143531,-80.005888,21500,4175 Buffalo Road,Erie,PA,2024-03-20,,2024-03-25,2026-09-21,1795.5384615384614,1523.923076923077,2117.923076923077,17.823431426984992,-15.221733919296854,0.167,open,1037305.0,CO,"Harborcreek, Giant Eagle Plaza",Mo-Su 05:00-20:00,,True,105.0,17.1,store:63789,1,1,0,0,1,26.0,25.0,0,0.557,0,0,189.36,0,0,189.36,0,1,0,1,0,1,0.15,low density,True,False,3514.769230769231,31.38,0.5108552919548279,0.5449330783938815,Mar–Dec 2024
11884659,35.91012,-78.984111,20500,6120 Farrington Road,Chapel Hill,NC,2024-03-20,,2024-03-25,2026-09-21,1938.6923076923076,1735.076923076923,1646.2307692307693,11.735236744103547,17.765524975468438,0.577,open,1039544.0,CO,NC54 & Farrington Rd,Mo-Su 05:00-21:00,,True,112.0,17.31,store:66363,2,1,1,0,2,47.0,46.0,0,1.032,0,1,6.47,0,0,240.14,0,0,0,0,8,2,2.3,suburban,True,False,2109.846153846154,19.71,0.9188785183024646,0.8782343987823439,Mar–Dec 2024
11884661,40.365766,-80.110281,38300,1031 Washington Pike,Bridgeville,PA,2024-03-20,,2024-03-25,2026-09-21,1194.6153846153843,1147.1538461538462,937.4615384615385,4.137329846442683,27.430868958726503,0.207,open,1039712.0,CO,"Bridgeville, Chartiers Valley",Mo-Su 05:00-21:00,,True,112.0,10.67,store:66503,1,0,1,0,1,13.0,12.0,0,0.837,0,1,12.77,0,1,12.77,0,1,1,2,4,2,0.42,suburban,True,False,2533.1923076923076,24.814999999999998,0.4715849566524451,0.4299818658069716,Mar–Dec 2024
11884662,39.586,-86.102078,26900,189 E. Worthsville Road,Greenwood,IN,2024-03-20,,2024-03-25,2026-09-21,4545.461538461538,4448.384615384615,4427.923076923077,2.182296079821544,2.6544829143720694,0.819,open,1039273.0,CO,Worthsville & US-31,Mo-Fr 04:00-21:00; Sa-Su 04:30-21:00,,True,118.0,38.52,store:66775,2,1,1,0,2,86.0,85.0,0,0.44,0,0,146.38,0,0,249.74,0,0,0,0,1,1,2.37,low density,True,False,2899.1538461538457,26.285,1.5678579957016636,1.4654746052881873,Mar–Dec 2024
11884663,32.1908215,-110.8414605,46060,2630 S. Kolb Rd,Tucson,AZ,2024-03-20,,2024-03-25,2026-09-21,2591.153846153846,2301.769230769231,2179.3846153846152,12.57226882331317,18.893830297896375,0.614,open,1039927.0,CO,Golf Links Rd & Kolb Rd,Mo-Su 04:00-21:00,,True,119.0,21.77,store:67111,2,1,1,0,2,25.0,24.0,0,0.772,0,0,164.61,0,0,164.61,0,0,1,0,7,1,3.87,suburban,True,False,2160.0,18.605,1.1996082621082622,1.1701155603332436,Mar–Dec 2024
11884664,28.2377705,-82.3562345,45300,27825 Wesley Chapel Blvd,Wesley Chapel,FL,2024-03-20,,2024-03-25,2026-09-21,5115.0,4960.076923076923,4747.461538461538,3.1234006916766255,7.741789134274191,0.864,open,1039996.0,CO,SR 54 & I-75,Mo-Su 05:00-21:00,,True,112.0,45.67,store:68290,2,1,1,0,2,25.0,24.0,0,0.391,0,0,33.43,0,0,33.43,0,2,1,2,1,3,0.34,low density,True,False,2850.769230769231,25.96,1.7942525634106852,1.7592449922958397,Mar–Dec 2024
11884665,36.842922,-76.1261015,47260,4393 Virginia Beach Blvd,Virginia Beach,VA,2024-03-20,,2024-03-25,2026-09-21,2313.769230769231,2151.5384615384614,2003.7692307692307,7.540221666070801,15.470843410495627,0.459,open,1040094.0,CO,4393 Virginia Beach Blvd,Mo-Su 05:00-21:00,,True,112.0,20.66,store:68575,2,1,1,0,2,15.0,14.0,0,0.864,0,0,70.17,0,0,239.62,1,0,2,1,8,5,1.6,suburban,True,False,2538.8846153846152,22.25,0.9113329596582389,0.9285393258426966,Mar–Dec 2024
11884667,45.5144215,-122.789153,38900,10910 SW Barnes Rd,Portland,OR,2024-03-20,,2024-03-25,2026-09-21,1184.4615384615386,1073.6923076923076,1115.8461538461538,10.316664278549958,6.149179649800085,0.279,open,1040305.0,CO,Barnes & Cedar Hills,Mo-Fr 04:30-20:30; Sa-Su 05:00-20:30,,True,111.0,10.67,store:68815,2,1,1,0,2,14.0,13.0,0,1.689,1,1,3.0,1,1,3.0,0,0,2,0,12,0,706.37,urban core,True,False,1589.076923076923,14.38,0.7453770936199052,0.7420027816411683,Mar–Dec 2024
11884668,40.4503845,-79.9868085,38300,1701 Smallman Street,Pittsburgh,PA,2024-03-20,,2024-03-25,2026-09-21,4866.153846153846,3881.923076923077,4062.923076923077,25.354205885267,19.76977545533718,0.845,open,1040149.0,CO,Strip District,Mo-Th 05:00-20:00; Fr-Su 05:00-21:00,,True,108.0,45.06,store:69128,2,1,1,0,2,27.0,26.0,0,0.411,1,1,1.33,1,1,1.33,0,0,6,2,17,5,1.29,urban core,True,False,2533.1923076923076,24.814999999999998,1.9209571383022332,1.8158371952448118,Mar–Dec 2024
11884669,42.3627215,-88.0001055,16980,34400 Rte 45,Third Lake,IL,2024-03-20,,2024-03-25,2026-09-21,1416.076923076923,1421.0,1388.7692307692307,-0.3464515779786681,1.966323252464841,0.298,open,1039853.0,CO,Route 45 & Washington,Mo-Fr 04:30-20:00; Sa-Su 05:00-20:00,,True,107.5,13.17,store:70225,2,1,1,0,2,24.0,23.0,0,1.412,0,0,35.7,0,0,44.16,0,1,0,1,7,3,0.15,suburban,True,False,2219.6923076923076,20.33,0.6379609093429442,0.647811116576488,Mar–Dec 2024
11884671,42.149223,-72.4740745,44140,2005 Boston Road,Wilbraham,MA,2024-03-20,,2024-03-25,2026-09-21,2113.6153846153848,1951.1538461538464,1879.3846153846157,8.326434062684807,12.463163064833015,0.739,open,1040761.0,CO,"Wilbraham, Boston Rd",Mo-Su 05:00-21:00,,True,112.0,18.87,store:71105,2,1,1,0,2,79.0,78.0,0,0.946,0,0,69.96,0,0,107.29,0,1,0,1,4,4,0.56,suburban,True,False,1970.7692307692307,17.6,1.0724824355971898,1.0721590909090908,Mar–Dec 2024
11884673,36.740067,-119.781009,23420,2840 Tulare Street,Fresno,CA,2024-03-20,,2024-03-25,2026-09-21,1652.5384615384614,1621.3846153846157,1565.3846153846157,1.9214346712211672,5.567567567567555,0.241,open,1042831.0,CO,Tulare & R St.,Mo-Fr 04:30-19:30; Sa-Su 05:00-20:00,,True,105.0,15.74,store:71650,2,1,1,0,2,67.0,66.0,0,1.21,2,2,0.6,0,0,101.42,3,0,3,0,9,0,37.36,suburban,True,False,2665.9615384615386,22.605,0.6198658299069465,0.6963061269630613,Mar–Dec 2024
11884674,37.5107025,-77.1938065,40060,2151 Pocahontas Trail,Quinton,VA,2024-03-20,,2024-03-25,2026-09-21,3349.3076923076924,3230.6153846153848,3430.769230769231,3.673984475451219,-2.3744394618834153,0.776,open,1042957.0,CO,Bottoms Bridge,Mo-Fr 04:30-21:00; Sa-Su 05:00-21:00,,True,114.5,29.25,store:71980,1,0,1,0,1,19.0,18.0,0,0.299,0,0,50.58,0,0,155.89,0,1,0,1,0,1,0.26,low density,True,False,2279.3846153846152,21.31,1.4693911987041037,1.3725950258094792,Mar–Dec 2024
11884675,26.204272,-80.1373915,33100,701 NE 62nd Street,Fort Lauderdale,FL,2024-03-20,,2024-03-25,2026-09-21,2888.076923076923,2680.5384615384614,2437.076923076923,7.742416850804945,18.505776150495556,0.615,open,1043387.0,CO,E Cypress Creek Rd & Corporate,Mo-Su 05:00-21:00,,True,112.0,25.79,store:74202,1,0,1,0,1,23.0,22.0,0,0.346,0,1,9.1,0,1,9.1,0,0,1,1,4,10,1.66,suburban,True,False,2690.576923076923,24.175,1.0734043313558717,1.0668045501551189,Mar–Dec 2024
11884676,42.1099215,-72.6116605,44140,101 West Street,Springfield,MA,2024-03-20,,2024-03-25,2026-09-21,1556.4615384615386,1520.3076923076924,1275.7692307692307,2.3780611212305125,22.001808863430817,0.478,open,1043879.0,CO,"Springfield, West St",Mo-Su 05:00-21:00,,True,112.0,13.9,store:77839,2,1,1,0,2,69.0,68.0,0,1.285,0,0,61.19,0,0,105.86,0,1,1,6,4,18,0.08,suburban,True,False,1970.7692307692307,17.6,0.7897736143637784,0.7897727272727272,Mar–Dec 2024
11884681,41.631334,-72.7601305,25540,1041 Farmington Avenue,Kensington,CT,2024-03-20,,2024-03-25,2026-09-21,1867.6153846153843,1620.5384615384614,1265.2307692307693,15.246594199458862,47.61065175097274,0.632,open,1044766.0,CO,"Kensington, Farmington Ave",Mo-Fr 05:00-21:00; Sa-Su 05:00-20:30,,True,111.0,16.83,store:78994,2,1,1,0,2,22.0,21.0,0,1.071,0,1,10.51,0,0,63.48,0,1,0,3,2,8,0.23,low density,True,False,1586.8846153846152,14.35,1.1769068566858139,1.1728222996515678,Mar–Dec 2024
11884683,42.829954,-84.5417915,29620,12875 Old US 27,Dewitt,MI,2024-03-20,,2024-03-25,2026-09-21,1105.923076923077,952.0769230769232,1039.3846153846157,16.15900460531632,6.401716992303119,0.389,open,1044987.0,CO,Old US-27 & Webb,Mo-Su 05:00-20:00,,True,105.0,10.53,store:79954,2,1,1,0,2,22.0,21.0,0,1.808,0,1,10.89,0,0,97.45,0,0,0,0,0,0,5.31,low density,True,False,3195.576923076923,28.57,0.34607931636276107,0.36856842842142107,Mar–Dec 2024
11884684,32.38435,-99.7673205,10180,5333 Buffalo Gap,Abilene,TX,2024-03-20,,2024-03-25,2026-09-21,6653.076923076923,5617.7692307692305,6076.461538461538,18.429160219632767,9.489328303415444,0.889,open,1044967.0,CO,Buffalo Gap & Bettes,Mo-Th 05:00-21:00; Fr-Sa 05:00-21:30; Su 05:00-21:00,,True,113.0,58.88,store:79959,2,1,1,0,2,85.0,84.0,0,0.301,0,0,185.33,0,0,543.95,0,0,1,0,3,0,5.38,suburban,True,False,4178.0,33.16,1.5924071141878704,1.7756332931242464,Mar–Dec 2024
11884686,37.977156,-87.431308,21780,9919 Pointe View Drive,Newburgh,IN,2024-03-20,,2024-03-25,2026-09-21,466.46153846153845,454.15384615384613,451.84615384615387,2.7100271002709952,3.2345931222335755,0.167,open,1045160.0,CO,SR-66 & Grimm Rd,Mo-Fr 04:30-21:00; Sa-Su 05:00-21:00,,True,114.5,4.07,store:80309,2,1,1,0,2,84.0,83.0,0,4.288,0,0,149.52,0,0,224.82,0,0,0,0,3,1,3.27,suburban,True,False,4908.192307692308,42.865,0.09503733945601153,0.09494925930246122,Mar–Dec 2024
12195909,46.797583,-100.7941015,13900,715 S. Washington,Bismarck,ND,2024-03-01,,2024-03-04,2026-09-21,4139.846153846154,4010.153846153846,4992.384615384615,3.234098058773882,-17.076778477989542,1.0,open,12858.0,CO,S. Washington and W. Arbor,Mo-Su 04:30-20:30,,True,112.0,36.96,store:02719,2,1,1,0,2,66.0,65.0,0,0.483,0,0,231.47,0,0,906.94,2,0,2,0,4,0,453.49,suburban,True,False,1977.3846153846157,16.62,2.0935968256438184,2.223826714801444,Mar–Dec 2024
12195910,42.602845,-83.262295,19820,42880 Woodward Ave.,Bloomfield Hills,MI,2024-03-01,,2024-03-04,2026-09-21,1570.076923076923,1403.8461538461538,1339.923076923077,11.841095890410958,17.176646190940925,0.339,open,13634.0,CO,Square Lake & Woodward,Mo-Fr 04:30-21:00; Sa-Su 05:00-21:00,,True,114.5,13.71,store:02539,1,0,1,0,1,19.0,18.0,0,0.637,0,1,13.61,0,1,13.61,1,1,1,2,4,3,0.45,suburban,True,False,2672.8076923076924,24.015,0.5874260716906738,0.5708931917551531,Mar–Dec 2024
12195916,38.979701,-76.7356205,47900,15460 Annapolis Road,Bowie,MD,2024-03-01,,2024-03-04,2026-09-21,2426.4615384615386,2161.5384615384614,2221.6153846153848,12.25622775800712,9.220594854748798,0.775,open,12094.0,CO,Bowie Freestate SC_Annapolis R,Mo-Su 05:00-21:00,,True,112.0,21.66,store:07312,2,1,1,0,2,84.0,83.0,0,0.824,0,0,21.04,0,0,21.04,2,1,2,2,6,4,0.69,suburban,True,False,1325.3076923076924,11.86,1.8308665621916536,1.8263069139966275,Mar–Dec 2024
12195920,20.7942895,-156.511193,27980,100 Ma'alaea Rd,Wailuku,HI,2024-04-01,,2024-04-01,2026-09-21,2121.230769230769,2101.6153846153848,2348.230769230769,0.933347974085863,-9.666852294689942,0.579,open,1039612.0,CO,Maalaea Harbor,Mo-Su 04:30-20:00,,True,108.5,19.55,store:69804,2,1,1,0,2,37.0,36.0,0,0.943,0,0,20.11,0,0,3776.38,0,0,0,0,0,0,157.54,low density,True,False,1450.8076923076922,13.08,1.4621033376633705,1.4946483180428134,Mar–Dec 2024
12195922,37.8896565,-121.6218435,41860,14840 HWY 4,Discovery Bay,CA,2024-04-01,,2024-04-01,2026-09-21,3729.076923076923,3751.692307692307,3747.5384615384614,-0.6028048880505232,-0.4926310603883599,0.877,open,15562.0,CO,Hwy 4 & Bixler - Discovery Bay,Mo-Fr 04:00-20:00; Sa 04:30-20:00; Su 05:00-20:00,,True,110.5,33.75,store:06653,2,1,1,0,2,17.0,16.0,0,0.536,0,0,57.8,0,0,71.2,1,0,1,0,1,0,22.47,low density,True,False,1348.923076923077,12.07,2.7644844890510947,2.796188898094449,Mar–Dec 2024
12195923,36.0983095,-119.562646,25260,1204 Whitley Ave,Corcoran,CA,2024-04-01,,2024-04-01,2026-09-21,3493.846153846154,3410.4615384615386,3439.230769230769,2.444965716347891,1.588011630507724,0.7,open,1042829.0,CO,Whitley & Norboe,Mo-Fr 04:30-21:00; Sa-Su 05:00-21:00,,True,114.5,30.51,store:71644,1,0,1,0,1,20.0,19.0,0,0.286,0,0,37.25,0,0,94.39,0,0,0,0,0,0,27.12,low density,True,False,2920.5384615384614,25.51,1.1963020517818106,1.196001568012544,Mar–Dec 2024
12195925,34.0757835,-117.575152,40140,920 N Haven Ave,Ontario,CA,2024-04-01,,2024-04-01,2026-09-21,2511.3846153846152,2553.5384615384614,2166.5384615384614,-1.6508013013616152,15.916918160837913,0.363,open,1034140.0,CO,4th & Haven,Mo-Su 04:30-21:30,,True,119.0,21.1,store:59600,2,1,1,0,2,26.0,25.0,0,0.796,0,0,50.47,0,0,70.59,0,0,5,0,15,3,2.06,urban core,True,False,3127.1923076923076,24.89,0.803079685635923,0.8477300120530333,Mar–Dec 2024
12195926,34.189707,-118.396238,31080,6534 Laurel Canyon Blvd,North Hollywood,CA,2024-04-01,,2024-04-01,2026-09-21,1996.3846153846157,1926.923076923077,1846.6153846153843,3.6047904191616857,8.110472381904543,0.53,open,1040095.0,CO,Laurel Canyon & Kittridge,Mo-Fr 04:30-22:00; Sa-Su 04:30-21:30,,True,121.5,16.43,store:67366,2,1,1,0,2,20.0,19.0,0,1.002,0,0,25.66,0,0,41.19,2,0,5,0,18,0,5.03,urban core,True,False,1957.0769230769229,16.145,1.020084898985929,1.0176525240012388,Mar–Dec 2024
12195927,33.394895,-111.9095115,38060,3206 S. Mcclintock Drive,Tempe,AZ,2024-04-01,,2024-04-01,2026-09-21,2944.4615384615386,2983.769230769231,3013.230769230769,-1.3173837943746936,-2.282242418053704,0.576,open,8363.0,CO,McClintock & Southern,Mo-Fr 04:00-21:00; Sa-Su 05:00-21:00,,True,117.0,25.17,store:09996,2,1,1,0,2,39.0,38.0,0,0.679,0,1,7.59,0,1,7.59,1,0,3,1,24,4,1.46,urban core,True,False,2914.6923076923076,24.67,1.01021350716529,1.0202675314146736,Mar–Dec 2024
12195928,44.2741935,-105.494744,23940,2224 S Douglas Hwy,Gillette,WY,2024-04-01,,2024-04-01,2026-09-21,5104.307692307692,5005.307692307692,5624.923076923077,1.9779003826706945,-9.25551118647776,0.667,open,17996.0,CO,2224 S. Douglas Hwy-Gillette,Mo-Fr 04:00-21:00; Sa-Su 04:30-21:00,,True,118.0,43.26,store:11320,2,1,1,0,2,84.0,83.0,0,0.392,0,0,289.73,0,0,888.84,1,0,2,0,2,0,351.86,low density,True,False,2501.4615384615386,23.82,2.040530151603678,1.8161209068010074,Mar–Dec 2024
12195930,29.6282805,-95.3854855,26420,2451 E Orem Dr,Houston,TX,2024-04-01,,2024-04-01,2026-09-21,1499.8461538461538,1938.923076923077,1446.3076923076924,-22.645401888439267,3.701733858100198,0.177,open,1039911.0,CO,Hwy 288 and E Orem Dr,Mo-Su 04:30-22:00,,True,122.5,12.24,store:67535,2,1,1,0,2,25.0,24.0,0,1.333,0,0,387.99,0,0,705.62,0,0,0,0,1,0,7.02,low density,True,False,2764.3846153846152,24.21,0.5425605921473691,0.5055762081784386,Mar–Dec 2024
12195931,33.177461,-97.0970705,19100,3190 S I-35E,Denton,TX,2024-04-01,,2024-04-01,2026-09-21,4198.153846153846,4108.7692307692305,3681.4615384615386,2.17545961732879,14.03497774713218,0.734,open,1044844.0,CO,I-35 & Wind River,Mo-Su 05:00-21:00,,True,112.0,37.48,store:79153,1,0,1,0,1,21.0,20.0,0,0.238,0,1,5.34,0,0,346.03,0,0,3,0,6,0,11.18,suburban,True,False,2957.4615384615386,26.09,1.4195125757536347,1.4365657339977003,Mar–Dec 2024
12195939,41.2592775,-96.1396145,36540,102 N. 144 St.,Omaha,NE,2024-04-01,,2024-04-01,2026-09-21,2716.230769230769,2618.076923076923,2766.5384615384614,3.749081827530487,-1.818434589183926,0.477,open,1040020.0,CO,144th and Canopy Ave,Mo-Fr 04:30-20:00; Sa-Su 05:00-20:00,,True,107.5,25.27,store:69866,2,1,1,0,2,25.0,24.0,0,0.736,0,0,212.8,0,0,567.83,0,0,2,1,11,2,1.25,urban core,True,False,2680.0,24.814999999999998,1.0135189437428243,1.0183356840620592,Mar–Dec 2024
12195940,38.971048,-95.267558,29940,2515 W. 6th St.,Lawrence,KS,2024-04-01,,2024-04-01,2026-09-21,3080.846153846154,3025.153846153846,2912.6153846153848,1.8409743941821155,5.775934924994708,0.375,open,1038521.0,CO,6th Street & Crestline Dr,Mo-Fr 04:30-20:00; Sa-Su 05:00-20:00,,True,107.5,28.66,store:70741,1,1,0,0,1,68.0,67.0,0,0.325,0,0,319.7,0,0,319.7,2,0,2,1,6,2,1.41,suburban,True,False,7212.923076923076,64.415,0.4271286579643376,0.44492742373670724,Mar–Dec 2024
12195945,44.8683195,-92.621054,33460,708 N. Main Street,River Falls,WI,2024-04-01,,2024-04-01,2026-09-21,324.0,510.3076923076923,480.38461538461536,-36.50889357853482,-32.554043234587674,0.048,open,1052793.0,CO,708 N. Main Street,Mo-Fr 05:00-20:00; Sa-Su 05:00-19:30,,True,104.0,3.12,store:81575,2,1,1,0,2,21.0,20.0,0,6.173,0,0,57.48,0,0,243.82,0,1,0,1,0,1,0.53,low density,True,False,1973.3846153846157,17.76,0.16418492242925078,0.17567567567567566,Mar–Dec 2024
12195950,41.3809785,-81.785941,17460,6780 Pearl Road,Middleburg Heights,OH,2024-04-01,,2024-04-01,2026-09-21,1064.076923076923,1088.6153846153843,1125.7692307692307,-2.254098360655732,-5.480013665869487,0.188,open,1040284.0,CO,130th and Pearl Rd,Mo-Fr 04:30-21:00; Sa-Su 05:00-21:00,,True,114.5,9.29,store:68926,2,1,1,0,2,55.0,54.0,0,1.88,0,0,34.01,0,0,34.01,0,0,0,0,4,4,2.08,suburban,True,False,2272.576923076923,21.46,0.46822482102662183,0.4328984156570363,Mar–Dec 2024
12195952,35.6723765,-88.8533545,27180,12 Stonebridge Blvd,Jackson,TN,2024-04-01,,2024-04-01,2026-09-21,3525.3076923076924,3577.6153846153848,3843.6153846153848,-1.4620826076673366,-8.281465767406493,0.875,open,11543.0,CO,Stonebridge & Country Club,Mo-Su 05:00-20:00,,True,105.0,33.57,store:08527,2,1,1,0,2,14.0,13.0,0,0.567,0,0,85.58,0,0,85.58,1,1,3,1,5,1,0.15,suburban,True,False,3067.6923076923076,30.235,1.149172517552658,1.1103026294030098,Mar–Dec 2024
12195953,35.0496035,-89.8282285,32820,7064 Winchester Rd.,Memphis,TN,2024-04-01,,2024-04-01,2026-09-21,1996.3846153846157,1922.4615384615383,2164.6923076923076,3.845230473751604,-7.775132369141103,0.377,open,1040852.0,CO,Winchester and Riverdale,Mo-Fr 05:00-20:00; Sa-Su 05:00-19:30,,True,104.0,19.2,store:69933,2,1,1,0,2,86.0,85.0,0,1.002,0,0,22.95,0,0,167.95,0,0,0,1,2,1,1.8,low density,True,False,2476.461538461538,25.03,0.8061440019879483,0.7670795045944866,Mar–Dec 2024
12195955,28.1968615,-81.292116,36740,3345 Canoe Creek Rd.,St. Cloud,FL,2024-04-01,,2024-04-01,2026-09-21,2395.846153846154,2140.6923076923076,2054.769230769231,11.91922095655611,16.599281221922713,0.342,open,1044294.0,CO,Canoe Creek & Pine Tree Dr,Mo 05:00-20:00; Tu-Sa 05:00-21:00; Su 05:00-20:00,,True,110.0,21.78,store:78512,2,1,1,0,2,23.0,22.0,0,0.835,0,0,38.91,0,0,38.91,0,1,0,1,0,1,0.55,low density,True,False,3125.3076923076924,27.13,0.7665952890792291,0.8028013269443421,Mar–Dec 2024
12195957,28.810779,-81.3484675,36740,287 High Water Lane,Sanford,FL,2024-04-01,,2024-04-01,2026-09-21,4753.692307692308,4591.2307692307695,4410.384615384615,3.538518245484701,7.784076044301047,0.776,open,1040692.0,CO,SR 46 and International Pkwy,Mo-Su 05:00-20:00,,True,105.0,45.27,store:70463,2,1,1,0,2,23.0,22.0,0,0.421,0,0,30.43,0,0,30.43,0,0,1,1,2,2,1.92,low density,True,False,3125.3076923076924,27.13,1.5210317753328901,1.6686325101363806,Mar–Dec 2024
12195958,30.4624475,-84.223272,45220,3208 Mahan Drive,Tallahassee,FL,2024-04-01,,2024-04-01,2026-09-21,3550.6923076923076,3450.6153846153848,3302.923076923077,2.9002630522983575,7.501513810610638,0.85,open,1038476.0,CO,Mahan Dr & Weems Rd,Mo-Su 05:00-20:00,,True,105.0,33.82,store:71179,2,1,1,0,2,72.0,71.0,0,0.563,0,0,99.32,0,0,327.7,0,1,0,1,4,3,0.14,suburban,True,False,3087.6153846153848,28.34,1.1499788235880315,1.1933662667607623,Mar–Dec 2024
12195964,34.3913285,-77.6808645,48900,17064 US Hwy 17,Hampstead,NC,2024-04-01,,2024-04-01,2026-09-21,2073.3846153846152,1950.5384615384617,1305.8461538461538,6.298063651062824,58.77709707822809,0.579,open,1040316.0,CO,US17 & Country Club,Mo-Fr 04:30-21:00; Sa-Su 05:00-21:00,,True,114.5,18.11,store:68574,2,1,1,0,2,10.0,9.0,0,0.965,0,0,177.25,0,0,311.5,0,0,0,0,0,1,2.66,low density,True,False,3500.0,30.57,0.5923956043956043,0.5924108603205757,Mar–Dec 2024
12195968,38.9633465,-77.1072485,47900,5320 Zenith Overlook,Bethesda,MD,2024-04-01,,2024-04-01,2026-09-21,1331.5384615384614,1306.7692307692307,1150.6153846153843,1.8954556157287472,15.724027276373851,0.484,open,11705.0,CO,Westbard Square - Bethesda,Mo-Fr 05:00-19:30; Sa-Su 05:00-20:00,,True,102.5,12.99,store:00703,2,1,1,0,2,21.0,20.0,0,1.502,0,1,8.72,0,1,8.72,1,0,3,0,15,5,2.26,urban core,True,False,1325.3076923076924,11.86,1.004701375587672,1.0952782462057336,Mar–Dec 2024
12195969,39.9943985,-75.7580425,37980,3219 Lincoln Hwy E,Thorndale,PA,2024-04-01,,2024-04-01,2026-09-21,1656.8461538461538,1701.6153846153843,1606.3076923076924,-2.6309841327245564,3.1462503591609847,0.442,open,1038095.0,CO,Thorndale Station,Mo-Su 05:00-20:00,,True,105.0,15.78,store:70750,2,1,1,0,2,41.0,40.0,0,1.207,0,0,25.63,0,0,34.02,1,0,1,1,1,3,1.3,low density,True,False,2036.269230769231,18.759999999999998,0.8136675292295487,0.8411513859275054,Mar–Dec 2024
12195972,41.2717865,-72.972197,35300,340 Saw Mill Rd,West Haven,CT,2024-04-01,,2024-04-01,2026-09-21,4116.2307692307695,4005.692307692307,3925.3846153846152,2.7595345085839496,4.861845972957091,0.9,open,10843.0,CO,"W. Haven, Saw Mill",Mo-Su 04:30-21:00,,True,115.5,35.64,store:14745,2,1,1,0,2,88.0,87.0,0,0.486,0,0,36.96,0,0,42.49,0,2,2,5,4,17,0.38,suburban,True,False,2081.961538461538,19.465,1.9770926086715566,1.8309786796814795,Mar–Dec 2024
12195973,41.2800225,-72.5984855,35300,I-95 South,Madison,CT,2024-04-01,,2024-04-01,2026-09-21,3017.846153846154,2924.923076923077,2991.076923076923,3.1769408794445564,0.8949696533278484,0.833,open,15756.0,CO,"Madison, Boston Post Road",Mo-Su 05:00-20:00,,True,105.0,28.74,store:07701,2,1,1,0,2,85.0,84.0,0,0.663,0,0,42.19,0,0,72.56,1,0,1,0,1,3,2.03,low density,True,False,2081.961538461538,19.465,1.4495206074153444,1.4764962753660416,Mar–Dec 2024
12195976,41.779341,-70.542589,12700,16 Canal Street,Bourne,MA,2024-04-01,,2024-04-01,2026-09-21,1590.2307692307693,1575.3076923076924,1354.8461538461538,0.9473118804629088,17.373530914665313,0.636,open,1039973.0,CO,Sagamore Beach,Mo-Su 05:00-21:00,,True,112.0,14.2,store:69995,2,1,1,0,2,37.0,36.0,0,1.258,0,0,80.98,0,0,80.98,0,1,0,1,0,3,0.32,low density,True,False,1279.6923076923076,11.79,1.2426665063717242,1.2044105173876167,Mar–Dec 2024
12195977,47.196404,-120.9569135,21260,903 Douglas Munro Blvd,Cle Elum,WA,2024-05-01,,2024-05-06,2026-09-21,2178.769230769231,1963.076923076923,1782.8461538461538,10.987460815047022,22.207360745566728,0.571,open,1039916.0,CO,Cle Elum - W 1st Street,Mo-Su 05:00-22:00,,True,119.0,18.31,store:69644,1,0,1,0,1,37.0,36.0,0,0.459,0,0,89.11,0,0,102.43,1,0,1,0,1,0,829.29,low density,True,False,2215.346153846154,21.1,0.9834892966891787,0.8677725118483411,Mar–Dec 2024
12195979,40.563235,-122.3247055,39820,3045 Shasta View Drive,Redding,CA,2024-05-01,,2024-05-06,2026-09-21,2451.846153846154,2196.3076923076924,2193.153846153846,11.634911739983188,11.795447371190072,0.333,open,1038214.0,CO,Shasta View & Hartnell,Mo-Su 05:00-20:00,,True,105.0,23.35,store:68185,2,1,1,0,2,28.0,27.0,0,0.816,0,0,101.64,0,0,101.64,0,0,0,0,5,0,163.8,suburban,True,False,2727.230769230769,24.95,0.8990240875500649,0.935871743486974,Mar–Dec 2024
12195981,37.0024435,-121.5595535,41940,7030 CHESTNUT ST.,Gilroy,CA,2024-05-01,,2024-05-06,2026-09-21,1700.3076923076924,1486.3076923076924,1301.2307692307693,14.398095435255144,30.669188933554036,0.516,open,1019851.0,CO,E 10th & Hwy 101,Mo-Su 03:30-22:30,,True,133.0,12.78,store:51386,2,1,1,0,2,29.0,28.0,0,1.176,0,0,63.3,0,0,63.3,3,0,3,0,7,0,36.8,suburban,True,False,1656.8846153846155,14.79,1.0262076649875809,0.8640973630831643,Mar–Dec 2024
12195982,36.2923755,-119.3141975,47300,3551 S Mooney Blvd,Visalia,CA,2024-05-01,,2024-05-06,2026-09-21,3012.3076923076924,2991.923076923077,2983.3076923076924,0.6813215066203915,0.9720753938581296,0.636,open,17063.0,CO,"Mooney & Packwood, Visalia",Mo-Th 05:00-21:00; Fr-Su 05:00-21:30,,True,113.5,26.54,store:11243,1,0,1,0,1,33.0,32.0,0,0.332,0,0,65.11,0,0,105.61,2,0,4,0,10,1,2.25,urban core,True,False,2891.230769230769,24.09,1.0418772947374022,1.1017019510170194,Mar–Dec 2024
12195983,34.0283655,-117.116105,40140,31515 Yucaipa Boulevard,Yucaipa,CA,2024-05-01,,2024-05-06,2026-09-21,2859.230769230769,2670.0,2640.0,7.0872947277441645,8.30419580419579,0.476,open,1053804.0,CO,Yucaipa & Avenue E,Mo-Fr 04:00-21:00; Sa-Su 04:30-21:00,,True,118.0,24.23,store:82522,1,1,0,0,1,17.0,16.0,0,0.35,0,0,92.83,0,0,109.74,0,0,0,0,2,0,17.46,low density,True,False,3127.1923076923076,24.89,0.9143124208247752,0.9734833266372037,Mar–Dec 2024
12195984,34.136093,-117.231736,40140,2536 Highland Ave,San Bernadino,CA,2024-05-01,,2024-05-06,2026-09-21,2353.769230769231,2304.230769230769,2254.6153846153848,2.149891503922574,4.397816444899361,0.315,open,1038145.0,CO,Highland & Eucalyptus,Mo-Su 04:30-21:00,,True,115.5,20.38,store:70593,2,1,1,0,2,68.0,67.0,0,0.85,0,0,82.46,0,0,102.56,1,0,1,0,5,0,11.84,suburban,True,False,3127.1923076923076,24.89,0.7526781211949771,0.8188027320208918,Mar–Dec 2024
12195990,36.263461,-115.2463535,29820,6962 W. Ann Rd.,Las Vegas,NV,2024-05-01,,2024-05-06,2026-09-21,2728.076923076923,2670.5384615384614,2451.3076923076924,2.154564046432572,11.290676875764882,0.568,open,1040030.0,CO,Ann & Rio Vista,Mo-Fr 04:30-20:00; Sa-Su 05:00-20:00,,True,107.5,25.38,store:68633,2,1,1,0,2,25.0,24.0,0,0.733,0,0,34.42,0,0,354.22,1,0,3,0,14,2,3.4,urban core,True,False,2636.153846153846,21.5,1.0348701488182082,1.1804651162790698,Mar–Dec 2024
12195991,35.5295875,-108.7219985,23700,190 Will St,Gallup,NM,2024-05-01,,2024-05-06,2026-09-21,3531.153846153846,2531.6153846153848,1992.6923076923076,39.4822399805536,77.20517274657404,1.0,open,1043011.0,CO,Gallup - Route 66 & Will St,Mo-Fr 04:30-22:00; Sa-Su 05:00-22:00,,True,121.5,29.06,store:71906,2,1,1,0,2,23.0,22.0,0,0.566,0,0,369.46,0,0,369.46,0,0,0,0,2,0,144.16,low density,True,False,712.4615384615385,5.86,4.95627294320881,4.959044368600682,Mar–Dec 2024
12195992,33.465292,-111.907719,38060,8055 E Mcdowell,Scottsdale,AZ,2024-05-01,,2024-05-06,2026-09-21,2354.4615384615386,2207.076923076923,2143.0,6.677819601282597,9.867547291719012,0.422,open,1039883.0,CO,Hayden and McDowell,Mo-Fr 04:00-21:00; Sa-Su 04:30-21:00,,True,118.0,19.95,store:64836,1,0,1,0,1,25.0,24.0,0,0.425,0,1,9.01,0,1,9.01,1,0,1,1,13,1,1.64,urban core,True,False,2914.6923076923076,24.67,0.8077907682563142,0.8086745034454803,Mar–Dec 2024
12195997,29.601244,-95.251911,26420,9291 S. Sam Houston Pkwy,Houston,TX,2024-05-01,,2024-05-06,2026-09-21,1885.4615384615383,1707.4615384615386,1560.923076923077,10.424832184529432,20.79144490439584,0.273,open,1040389.0,CO,Beltway 8 and Blackhawk Blvd,Mo-Fr 04:30-22:00; Sa-Su 05:00-22:00,,True,121.5,15.52,store:68627,2,1,1,0,2,26.0,25.0,0,1.061,0,0,398.05,0,0,695.56,0,0,2,0,4,1,4.14,suburban,True,False,2764.3846153846152,24.21,0.6820547068480952,0.641057414291615,Mar–Dec 2024
12195998,31.5046935,-97.2019155,47380,193 Archway Dr,Woodway,TX,2024-05-01,,2024-05-06,2026-09-21,4545.538461538462,4273.7692307692305,4011.5384615384614,6.35900574164403,13.31160115052734,0.692,open,1042164.0,CO,Hwy 84 and Texas Central Pkwy,Mo-Fr 04:30-21:00; Sa-Su 04:30-20:00,,True,113.5,40.05,store:71391,2,1,1,0,2,20.0,19.0,0,0.44,0,0,118.26,0,0,528.89,0,0,1,0,4,2,2.77,suburban,True,False,3856.307692307693,36.73,1.1787281576637676,1.0903893275251837,Mar–Dec 2024
12196000,33.452779,-94.107705,45500,5211 W Park Blvd,Texarkana,TX,2024-05-01,,2024-05-06,2026-09-21,3926.6153846153848,4035.0,4674.153846153846,-2.686111905442756,-15.993022184188,0.25,open,1043374.0,CO,I-30 and University,Mo-Fr 05:00-21:00; Sa-Su 05:00-20:30,,True,111.0,35.37,store:74056,1,0,1,0,1,23.0,22.0,0,0.255,0,0,224.66,0,0,346.16,0,0,1,0,1,1,2.23,low density,True,False,6026.192307692308,50.365,0.6515914501439231,0.7022734041497071,Mar–Dec 2024
12196002,40.483711,-89.0170315,14010,1609 Market St.,Bloomington,IL,2024-05-01,,2024-05-06,2026-09-21,2297.6923076923076,2116.6923076923076,1969.3076923076924,8.551077515717553,16.67512987773914,0.3,open,1034005.0,CO,Market St & Caroline St,Mo-Fr 04:30-20:00; Sa-Su 05:00-20:00,,True,107.5,21.37,store:71233,1,0,1,0,1,39.0,38.0,0,0.435,1,1,1.98,0,0,139.88,0,0,0,0,3,0,5.04,suburban,True,False,3618.4615384615386,33.66,0.6349914965986394,0.6348781937017232,Mar–Dec 2024
12196004,45.7837655,-108.593335,13740,3049 Meadow View Dr.,Billings,MT,2024-05-01,,2024-05-06,2026-09-21,2171.846153846154,2029.923076923077,2254.3846153846152,6.991549509265216,-3.661241341658983,0.462,open,1038635.0,CO,Grand & 30th St W - Billings,Mo-Su 04:30-20:00,,True,108.5,20.02,store:71295,2,1,1,0,2,70.0,69.0,0,0.921,0,1,7.18,0,0,654.55,1,0,2,0,6,0,586.64,suburban,True,False,2663.3846153846152,25.07,0.8154459334565619,0.7985640207419226,Mar–Dec 2024
12196008,42.8351995,-88.7558765,48580,1280 W Main St.,Whitewater,WI,2024-05-01,,2024-05-06,2026-09-21,3305.3846153846152,3392.6923076923076,3355.5384615384614,-2.5734043759210956,-1.4946586584750787,0.857,open,1039609.0,CO,Whitewater - Main St,Mo-Su 05:00-20:30,,True,108.5,30.46,store:66359,2,1,1,0,2,26.0,25.0,0,0.605,0,0,55.02,0,0,55.02,0,0,0,0,0,0,14.88,low density,True,False,2138.3846153846152,18.935000000000002,1.5457390553617036,1.6086612094005808,Mar–Dec 2024
12196011,43.3546785,-83.8718385,40980,6301 Dixie Hwy,Bridgeport,MI,2024-05-01,,2024-05-06,2026-09-21,6930.076923076923,5915.7692307692305,4484.692307692308,17.14582926987842,54.52736659748547,0.857,open,1052037.0,CO,Dixie Hwy & Bearcat,Mo-Su 05:00-20:00,,True,105.0,66.0,store:80740,2,1,1,0,2,21.0,20.0,0,0.289,0,0,88.73,0,0,96.01,0,0,0,0,0,0,13.96,low density,True,False,4366.846153846154,38.99,1.5869752858073947,1.6927417286483712,Mar–Dec 2024
12196014,40.0038215,-85.766464,26900,720 Henderson Way,Pendleton,IN,2024-05-01,,2024-05-06,2026-09-21,3997.153846153846,4066.0,4213.7692307692305,-1.693215785689961,-5.140656090837725,0.717,open,1043601.0,CO,SR 38 & I-69,Mo-Fr 05:00-21:00; Sa-Su 05:00-20:30,,True,111.0,36.01,store:77670,1,0,1,0,1,75.0,74.0,0,0.25,0,0,130.8,0,0,229.54,0,0,0,0,0,0,15.51,low density,True,False,2899.1538461538457,26.285,1.3787311947783174,1.3699828799695644,Mar–Dec 2024
12196015,40.66414,-80.589074,41400,16292 Dresden Ave,East Liverpool,OH,2024-05-01,,2024-05-06,2026-09-21,2288.153846153846,2150.3076923076924,2289.4615384615386,6.410531587608204,-0.057117898061354,1.0,open,1043980.0,CO,East Liverpool,Mo-Fr 05:00-21:00; Sa-Su 05:00-20:30,,True,111.0,20.61,store:77919,2,1,1,0,2,40.0,39.0,0,0.874,0,0,55.94,0,0,55.94,0,0,0,1,0,1,1.34,low density,True,False,1430.0,12.49,1.6001075847229693,1.6501200960768614,Mar–Dec 2024
12196016,33.4540805,-88.806634,44260,601 MS Highway 12 W,Starkville,MS,2024-05-01,,2024-05-06,2026-09-21,4086.0,4794.153846153846,5011.538461538462,-14.77119568705474,-18.46815042210285,0.5,open,1008257.0,CO,"University Village, Starkville",Mo-Su 05:00-20:00,,True,105.0,38.91,store:21546,2,1,1,0,2,74.0,73.0,0,0.489,0,0,35.49,0,0,35.49,1,0,1,0,1,0,89.09,low density,True,False,4353.692307692308,41.46,0.9385137284002969,0.9384949348769898,Mar–Dec 2024
12196018,36.1036765,-86.8173145,34980,4015 Hillsboro Pike,Nashville,TN,2024-05-01,,2024-05-06,2026-09-21,690.0769230769231,582.2307692307693,587.4615384615385,18.52292244682257,17.467591986382104,0.064,open,1052591.0,CO,Hill Center Green Hills,Mo-Su 05:00-20:00,,True,105.0,6.57,store:81116,2,1,1,0,2,45.0,44.0,0,2.898,0,1,7.3,0,0,203.94,3,0,4,0,7,2,4.25,suburban,True,False,3338.4615384615386,30.21,0.20670506912442396,0.21747765640516387,Mar–Dec 2024
12196019,32.5539065,-83.656826,47580,758 Hwy 96,Bonaire,GA,2024-05-01,,2024-05-06,2026-09-21,3787.4615384615386,3927.076923076923,3768.692307692307,-3.5551986210138553,0.4980303308635969,0.625,open,1044208.0,CO,Hwy 96 & Houston Lake Rd,Mo-Fr 04:30-20:30; Sa-Su 05:00-20:30,,True,111.0,34.12,store:78364,2,1,1,0,2,81.0,80.0,0,0.528,0,0,109.35,0,0,109.35,1,0,1,1,1,2,1.06,low density,True,False,4274.423076923077,36.955,0.8860754937688397,0.9232850764443241,Mar–Dec 2024
12196020,33.522797,-82.021446,12260,814 Cabela Drive,Augusta,GA,2024-05-01,,2024-05-06,2026-09-21,595.3076923076923,611.2307692307693,711.6923076923077,-2.605084319154305,-16.35322092520537,0.074,open,1052773.0,CO,I-20 & River Watch Pkwy,Mo-Su 05:00-20:00,,True,105.0,5.67,store:81532,2,1,1,0,2,37.0,36.0,0,3.36,0,0,105.56,0,0,105.56,0,0,2,0,3,1,2.59,suburban,True,False,3468.076923076923,29.990000000000002,0.17165354330708663,0.1890630210070023,Mar–Dec 2024
12196021,33.783255,-84.407901,12060,1042 Northside Dr,Atlanta,GA,2024-05-01,,2024-05-06,2026-09-21,993.4615384615385,924.4615384615385,866.4615384615385,7.463804293559662,14.657315340909085,0.139,open,1042878.0,CO,Northside & 11th - INTERLOCK,Mo-Su 05:00-20:00,,True,105.0,9.46,store:71759,1,0,1,0,1,23.0,22.0,0,1.007,1,1,4.27,1,1,4.27,0,1,5,3,20,10,0.9,urban core,True,False,2357.0384615384614,21.205,0.42148719873374346,0.44612119783070037,Mar–Dec 2024
12196022,33.481281,-84.224137,12060,2145 Jodeco Road,Stockbridge,GA,2024-05-01,,2024-05-06,2026-09-21,1384.6153846153843,1513.3076923076924,371.7692307692308,-8.504041071519353,272.43947858472995,0.245,open,1033220.0,CO,I-75 & Jodeco,Mo-Th 04:30-21:00; Fr 04:30-21:30; Sa 05:00-21:30; Su 05:00-21:00,,True,115.5,11.99,store:67348,2,1,1,0,2,84.0,83.0,0,1.444,0,1,8.1,0,1,8.1,0,0,1,0,4,2,2.79,suburban,True,False,2357.0384615384614,21.205,0.5874386045069594,0.565432680971469,Mar–Dec 2024
12196023,34.8971955,-82.1640955,43900,1467 S Hwy 101,Greer,SC,2024-05-01,,2024-05-06,2026-09-21,3832.076923076923,3990.5384615384614,3911.307692307693,-3.970931241205155,-2.0256848978307596,0.5,open,1040754.0,CO,I-85 & Hwy 101,Mo-Sa 04:30-21:00; Su 05:00-21:00,,True,115.0,33.32,store:68662,2,1,1,0,2,38.0,37.0,0,0.522,0,0,143.73,0,0,143.73,0,0,0,0,0,2,4.88,low density,True,False,4239.346153846154,36.865,0.90393112145378,0.9038383290383832,Mar–Dec 2024
12196025,36.8166565,-76.4493055,47260,5000 Portsmouth Blvd,Chesapeake,VA,2024-05-01,,2024-05-06,2026-09-21,1389.1538461538462,1376.076923076923,1558.6923076923076,0.9503046564928176,-10.876967872476918,0.193,open,1038518.0,CO,Jolliff Landing @ Portsmouth B,Mo-Su 04:30-21:00,,True,115.5,12.03,store:71183,2,1,1,0,2,37.0,36.0,0,1.44,0,0,55.44,0,0,238.11,0,0,0,0,1,1,2.26,low density,True,False,2538.8846153846152,22.25,0.5471512323703626,0.5406741573033708,Mar–Dec 2024
12196027,39.4899045,-76.257265,12580,2698 Admiral Lane,Bel Air,MD,2024-05-01,,2024-05-06,2026-09-21,5186.076923076923,2933.3076923076924,2823.230769230769,76.79962237432146,83.69298675821481,0.864,open,1029799.0,CO,"Belcamp, James Runs",Mo-Su 05:00-21:00,,True,112.0,46.3,store:60581,2,1,1,0,2,26.0,25.0,0,0.386,0,0,37.58,0,0,37.58,0,0,0,0,0,2,2.13,low density,True,False,1703.2307692307693,15.52,3.04484689729925,2.9832474226804124,Mar–Dec 2024
12196029,38.976057,-77.02749,47900,1155 Dahlia Street NW,Washington,DC,2024-05-01,,2024-05-06,2026-09-21,648.7692307692307,586.0,644.5384615384615,10.711472827513768,0.656402912042009,0.175,open,1043499.0,CO,The Parks at Walter Reed,Mo-Su 05:00-19:00,,True,98.0,6.62,store:75093,2,1,1,0,2,23.0,22.0,0,3.083,0,1,7.7,0,1,7.7,1,0,5,0,10,4,2.09,urban core,True,False,1325.3076923076924,11.86,0.4895234778571013,0.5581787521079259,Mar–Dec 2024
12196032,40.631723,-80.0567715,38300,120 Town Center Blvd,Wexford,PA,2024-05-01,,2024-05-06,2026-09-21,2985.923076923077,2837.6153846153848,2851.6153846153848,5.226490281655782,4.70988103908716,0.621,open,1045255.0,CO,"Village at Pine, Wexford",Mo-Su 05:00-20:00,,True,105.0,28.44,store:80288,2,1,1,0,2,22.0,21.0,0,0.67,0,0,21.86,0,0,21.86,1,0,2,1,3,1,1.25,suburban,True,False,2533.1923076923076,24.814999999999998,1.1787194631280082,1.146080999395527,Mar–Dec 2024
12196034,43.0401825,-76.2688355,45060,5241 W Genesee St,Camillus,NY,2024-05-01,,2024-05-06,2026-09-21,924.8461538461538,1024.6153846153843,1029.6153846153843,-9.737237237237228,-10.175569667538287,0.1,open,1044170.0,CO,Camillus Commons,Mo-Su 05:00-21:00,,True,112.0,8.26,store:78428,2,1,1,0,2,87.0,86.0,0,2.163,0,0,284.36,0,0,292.81,0,1,0,1,2,2,0.19,low density,True,False,4421.846153846154,42.82,0.20915385150650614,0.19290051377860812,Mar–Dec 2024
12196036,40.751074,-73.9925485,35620,Penn 1,New York,NY,2024-05-01,,2024-05-06,2026-09-21,3640.153846153846,2789.076923076923,3219.153846153846,30.514645043852397,13.07797079978017,0.859,open,1040995.0,CO,Penn Station,Mo-Su 05:00-24:00,,True,133.0,27.37,store:70726,1,0,1,0,1,61.0,60.0,0,0.275,3,4,3.98,0,0,36.91,31,30,71,67,143,155,0.1,urban core,True,False,1886.0769230769233,17.055,1.9300134589502016,1.604807974201114,Mar–Dec 2024
12196037,40.7659135,-73.9541495,35620,1328 York Ave,New York,NY,2024-05-01,,2024-05-06,2026-09-21,1611.2307692307693,1665.5384615384614,1773.5384615384614,-3.2606687603916384,-9.151630811936151,0.434,open,1043610.0,CO,71st & York (SEC),Mo-Su 05:00-21:00,,True,112.0,14.39,store:77655,2,1,1,0,2,55.0,54.0,0,1.241,3,4,2.39,0,0,33.87,9,4,26,23,121,150,0.16,urban core,True,False,1886.0769230769233,17.055,0.8542762755414168,0.8437408384637937,Mar–Dec 2024
12196039,41.073111,-73.549819,14860,64 High Ridge Rd,Stamford,CT,2024-05-01,,2024-05-06,2026-09-21,1662.1538461538462,1664.2307692307693,1683.6923076923076,-0.1247977813727763,-1.2792397660818633,0.717,open,1037934.0,CO,"Bulls Head, Stamford",Mo-Su 05:00-19:30,,True,101.5,16.38,store:67831,2,1,1,0,2,26.0,25.0,0,1.203,1,1,2.38,1,1,2.38,1,1,1,3,6,17,0.12,suburban,True,False,1367.8076923076922,12.745000000000001,1.2151955684278606,1.285209886229894,Mar–Dec 2024
12196040,41.631305,-72.460751,25540,4-8 E Hampton Rd,Marlborough,CT,2024-05-01,,2024-05-06,2026-09-21,1270.1538461538462,1202.6153846153843,1138.3846153846157,5.6159652040424834,11.57510642610986,0.421,open,1052058.0,CO,"Marlborough, E Hampton Rd",Mo-Su 05:00-20:00,,True,105.0,12.1,store:80800,2,1,1,0,2,85.0,84.0,0,1.575,0,0,34.87,0,0,86.78,0,1,0,1,0,1,0.18,low density,True,False,1586.8846153846152,14.35,0.800407183887152,0.8432055749128919,Mar–Dec 2024
12196042,43.148252,-71.005411,14460,50 Concord Road,Lee,NH,2024-05-01,,2024-05-06,2026-09-21,1426.6923076923076,1461.6923076923076,1652.0,-2.3944847910746248,-13.6384801639039,0.566,open,1038247.0,CO,"Lee, Rt. 4",Mo-Su 05:00-20:00,,True,105.0,13.59,store:68773,2,1,1,0,2,25.0,24.0,0,1.402,0,0,19.08,0,0,56.81,0,1,0,1,0,1,0.08,low density,True,False,1574.6923076923076,14.28,0.906013384788237,0.9516806722689076,Mar–Dec 2024
12196044,42.718513,-71.1806695,14460,4 Broadway,Methuen,MA,2024-05-01,,2024-05-06,2026-09-21,591.6153846153846,558.5384615384615,588.3846153846154,5.922049304503507,0.5490913844947043,0.184,open,1039575.0,CO,"Methuen, Broadway",Mo-Su 05:00-21:00,,True,112.0,5.28,store:68176,2,1,1,0,2,66.0,65.0,0,3.381,0,0,18.95,0,0,24.0,0,1,0,3,3,13,0.08,suburban,True,False,1574.6923076923076,14.28,0.37570221288652245,0.3697478991596639,Mar–Dec 2024
12196045,42.0888845,-72.626644,44140,22 Main St,Agawam,MA,2024-05-01,,2024-05-06,2026-09-21,1936.4615384615383,1945.923076923077,1958.2307692307693,-0.4862236628849214,-1.1116785167144538,0.565,open,1043867.0,CO,"Agawam, Main St",Mo-Su 05:00-21:00,,True,112.0,17.29,store:77840,2,1,1,0,2,76.0,75.0,0,1.033,0,0,58.57,0,0,103.29,0,0,0,2,4,16,1.4,suburban,True,False,1970.7692307692307,17.6,0.982591725214676,0.9823863636363636,Mar–Dec 2024
12196046,21.420384,-158.0046055,46520,94-1050 Ka Uka Blvd,Waipahu,HI,2024-06-05,,2024-06-10,2026-09-21,572.6923076923077,593.6153846153846,636.7692307692307,-3.5246857587145186,-10.062817105581043,0.108,open,1039641.0,CO,Ukee St at Okinawan Cultural C,Mo-Fr 04:00-21:30; Sa-Su 05:00-21:00,,True,119.5,4.79,store:69267,2,1,1,0,2,72.0,71.0,0,3.492,0,0,149.77,0,0,3858.7,1,0,1,0,6,2,3.86,suburban,True,False,2065.7692307692305,18.55,0.27722956618879174,0.2582210242587601,Mar–Dec 2024
12196048,37.5075235,-120.8754355,33700,2401 Fulkerth Rd.,Turlock,CA,2024-06-05,,2024-06-10,2026-09-21,1323.5384615384614,1290.2307692307693,1287.3846153846157,2.5815298396231867,2.808317399617577,0.149,open,1044516.0,CO,Fulkerth & Countryside,Mo-Su 05:00-23:00,,True,126.0,10.5,store:78763,1,0,1,0,1,24.0,23.0,0,0.756,0,0,50.0,0,0,50.0,0,0,5,0,10,0,10.13,urban core,True,False,2729.769230769231,22.44,0.48485360836362607,0.4679144385026738,Mar–Dec 2024
12196050,38.0182345,-121.8898585,41860,999 Center Drive,Pittsburg,CA,2024-06-05,,2024-06-10,2026-09-21,1502.2307692307693,1489.8461538461538,1241.3076923076924,0.8312680710450326,21.02001611204065,0.544,open,1038270.0,CO,Railroad & Hwy 4,Mo-Fr 04:00-21:00; Sa-Su 05:00-21:00,,True,117.0,12.84,store:68970,2,1,1,0,2,80.0,79.0,0,1.331,0,0,41.04,0,0,53.77,1,0,2,0,5,1,4.95,suburban,True,False,1348.923076923077,12.07,1.1136519160583942,1.063794531897266,Mar–Dec 2024
12196052,36.707221,-119.576885,23420,2700 Jensen Ave,Sanger,CA,2024-06-05,,2024-06-10,2026-09-21,2387.076923076923,2335.3846153846152,1445.7692307692307,2.213438735177853,65.10774142059057,0.494,open,1042817.0,CO,Jensen & Bethel,Mo-Fr 04:30-22:00; Sa-Su 05:00-22:00,,True,121.5,19.65,store:71649,2,1,1,0,2,76.0,75.0,0,0.838,0,0,19.04,0,0,119.76,0,0,1,0,1,0,43.29,low density,True,False,2665.9615384615386,22.605,0.8953906080934861,0.869276708692767,Mar–Dec 2024
12196053,35.296512,-119.07213,12540,6230 PANAMA LANE,Bakersfield,CA,2024-06-05,,2024-06-10,2026-09-21,3365.846153846154,2591.230769230769,2085.6153846153848,29.89372439589149,61.38383801128609,0.704,open,1044515.0,CO,Panama & Ashe,Mo-Th 05:00-21:00; Fr-Sa 05:00-21:30; Su 05:00-21:00,,True,113.0,29.79,store:78762,2,1,1,0,2,23.0,22.0,0,0.594,0,1,9.82,0,1,9.82,0,0,1,0,9,0,10.37,suburban,True,False,2819.1923076923076,23.23,1.1939044188870245,1.282393456736978,Mar–Dec 2024
12196054,34.179932,-119.1641575,37100,1600 Ives Avenue,Oxnard,CA,2024-06-05,,2024-06-10,2026-09-21,2906.5384615384614,2381.923076923077,2083.230769230769,22.02486678507991,39.520714865962645,0.6,open,1039904.0,CO,Oxnard & Ives,Mo-Su 04:30-21:00,,True,115.5,25.16,store:67596,2,1,1,0,2,68.0,67.0,0,0.688,0,0,55.89,0,0,55.89,1,0,2,0,7,0,12.35,suburban,True,False,2606.153846153846,25.13,1.1152597402597402,1.0011937922801433,Mar–Dec 2024
12196055,33.878748,-117.6487455,40140,4316 Green River Road,Corona,CA,2024-06-05,,2024-06-10,2026-09-21,1866.1538461538464,1723.923076923077,1535.3846153846157,8.250412743741919,21.543086172344683,0.189,open,1040172.0,CO,Dominguez Ranch & Green River,Mo-Su 04:00-23:00,,True,133.0,14.03,store:69011,2,1,1,0,2,82.0,81.0,0,1.072,0,0,48.26,0,0,58.68,0,0,1,0,1,0,9.51,low density,True,False,3127.1923076923076,24.89,0.596750587280308,0.5636801928485335,Mar–Dec 2024
12196056,34.890713,-116.9994015,40140,1540 E Main St,Barstow,CA,2024-06-05,,2024-06-10,2026-09-21,2792.769230769231,2718.6923076923076,2813.6923076923076,2.7247262541380213,-0.7436163814314556,0.453,open,8222.0,CO,Main & I-15,Mo-Su 03:30-22:00,,True,129.5,21.57,store:08106,2,1,1,0,2,25.0,24.0,0,0.716,0,0,138.15,0,0,166.49,1,0,1,0,1,0,9.03,low density,True,False,3127.1923076923076,24.89,0.893059638161536,0.8666130976295701,Mar–Dec 2024
12196058,35.9987245,-115.172089,29820,10508 South Las Vegas Blvd,Las Vegas,NV,2024-06-05,,2024-06-10,2026-09-21,1474.6923076923076,1310.923076923077,1157.7692307692307,12.49266518014318,27.37359643877484,0.218,open,1040219.0,CO,Las Vegas Blvd & Cactus Ave,Mo-Fr 04:00-20:30; Sa-Su 04:30-20:30,,True,114.5,12.88,store:68969,2,1,1,0,2,25.0,24.0,0,1.356,0,0,17.71,0,0,354.28,0,0,2,0,13,2,2.21,urban core,True,False,2636.153846153846,21.5,0.5594105631747884,0.5990697674418605,Mar–Dec 2024
12196059,34.6643825,-106.7757815,10740,401 N Main St,Belen,NM,2024-06-05,,2024-06-10,2026-09-21,3387.230769230769,3067.5384615384614,2891.3076923076924,10.421786448668446,17.152206880038314,0.782,open,1040369.0,CO,Main and Chavez - Belen,Mo-Su 05:00-20:00,,True,105.0,32.26,store:67582,2,1,1,0,2,25.0,24.0,0,0.59,0,0,454.88,0,0,486.04,0,0,0,0,0,0,47.52,low density,True,False,1934.6153846153843,17.335,1.7508548707753482,1.8609749062590133,Mar–Dec 2024
12196061,32.670929,-114.4986685,49740,7824 E 32nd St,Yuma,AZ,2024-06-05,,2024-06-10,2026-09-21,3060.3846153846152,2842.923076923077,2647.6153846153848,7.649223442826969,15.59022632848135,0.833,open,1052017.0,CO,32nd St & Ave 8E (I-8),Mo-Su 03:30-22:00,,True,129.5,23.63,store:80863,2,1,1,0,2,21.0,20.0,0,0.654,0,0,230.4,0,0,230.4,0,0,1,0,1,0,5.27,low density,True,False,2692.576923076923,20.95,1.1366006256517205,1.1279236276849642,Mar–Dec 2024
12196062,33.4605465,-112.2545735,38060,1207 N. 91st Avenue,Tolleson,AZ,2024-06-05,,2024-06-10,2026-09-21,4665.7692307692305,4284.384615384615,4229.384615384615,8.901736179686527,10.317922229093156,0.813,open,1039956.0,CO,91st Ave & I-10,Mo-Sa 04:00-21:00; Su 04:30-21:00,,True,118.5,39.37,store:67279,2,1,1,0,2,25.0,24.0,0,0.429,0,1,13.44,0,1,13.44,0,0,1,1,12,3,1.7,urban core,True,False,2914.6923076923076,24.67,1.6007759098466654,1.5958654235914063,Mar–Dec 2024
12196064,40.650409,-112.025346,41620,5546 S. 5600 W.,West Valley City,UT,2024-06-05,,2024-06-10,2026-09-21,5004.538461538462,4693.923076923077,4424.615384615385,6.617394011897537,13.106745479833103,0.864,open,1040849.0,CO,54th S and 56th W,Mo-Su 05:00-21:30,,True,115.5,43.33,store:70468,2,1,1,0,2,37.0,36.0,0,0.4,0,0,16.7,0,0,315.53,0,0,0,0,6,0,51.66,suburban,True,False,1743.3076923076924,16.435000000000002,2.8707143802673962,2.636446607849102,Mar–Dec 2024
12196067,40.382014,-104.7163915,24540,3341 23rd Ave,Evans,CO,2024-06-05,,2024-06-10,2026-09-21,2314.3846153846152,2144.769230769231,2031.7692307692307,7.90832795351839,13.909817135501456,0.364,open,1039577.0,CO,23rd Ave and 34th St.,Mo-Fr 04:30-20:00; Sa-Su 05:00-20:00,,True,107.5,21.53,store:68157,1,1,0,0,1,49.0,48.0,0,0.432,0,0,343.67,0,0,894.35,0,0,0,0,8,0,30.88,suburban,True,False,2461.0,22.23,0.9404244678523427,0.9685110211426001,Mar–Dec 2024
12196068,39.485022,-105.0747815,19740,8365 N Rampart Range Rd,Littleton,CO,2024-06-05,,2024-06-10,2026-09-21,3565.3846153846152,3466.6153846153848,3088.3076923076924,2.8491545732924894,15.447842980970394,0.737,open,1037610.0,CO,Waterton and Rampart,Mo-Fr 04:30-20:00; Sa-Su 05:00-20:00,,True,107.5,33.17,store:66924,2,1,1,0,2,19.0,18.0,0,0.561,0,0,409.46,0,0,878.97,0,0,0,0,0,0,10.8,low density,True,False,1878.923076923077,17.39,1.8975681650700074,1.9074180563542267,Mar–Dec 2024
12196070,33.886547,-98.467656,48660,1200 Central Freeway East,Wichita Falls,TX,2024-06-05,,2024-06-10,2026-09-21,2395.230769230769,2045.8461538461536,2264.923076923077,17.07775605354187,5.753294389349262,0.286,open,1045298.0,CO,HWY 287 & Old Windthorst Rd,Mo-Su 04:30-21:00,,True,115.5,20.74,store:80532,2,1,1,0,2,21.0,20.0,0,0.835,0,0,144.48,0,0,338.14,0,0,0,0,1,0,6.89,low density,True,False,5677.153846153846,49.15,0.4219069685514139,0.4219735503560529,Mar–Dec 2024
12196072,33.023519,-96.5167525,19100,1804 N. State Highway 78,Wylie,TX,2024-06-05,,2024-06-10,2026-09-21,3822.307692307693,3675.3846153846152,4692.923076923077,3.997488488907508,-18.55166535536323,0.685,open,1052887.0,CO,HWY 78 & Eubanks,Mo-Fr 05:00-21:00; Sa-Su 05:00-20:30,,True,111.0,34.44,store:81688,2,1,1,0,2,56.0,55.0,0,0.523,0,0,61.21,0,0,351.38,0,1,0,1,1,1,0.54,low density,True,False,2957.4615384615386,26.09,1.2924285379873595,1.3200459946339593,Mar–Dec 2024
12196075,37.682941,-97.1358005,48620,301 S. Andover Rd.,Andover,KS,2024-06-05,,2024-06-10,2026-09-21,3572.3076923076924,3633.153846153846,3496.846153846154,-1.6747475175202695,2.15798851712532,0.71,open,1045412.0,CO,Andover Rd & Willowbrook St,Mo-Su 05:00-20:00,,True,105.0,34.02,store:80658,2,1,1,0,2,79.0,78.0,0,0.56,0,0,198.06,0,0,198.06,1,1,1,1,1,1,0.07,low density,True,False,2876.4615384615386,24.6,1.2419104669198266,1.3829268292682928,Mar–Dec 2024
12196080,41.7099585,-88.070544,16980,115 W. Boughton Road,Bolingbrook,IL,2024-06-05,,2024-06-10,2026-09-21,2070.769230769231,2239.846153846154,2018.0,-7.54859537056115,2.614927193718075,0.483,open,1040251.0,CO,Boughton & Aspen,Mo-Su 05:00-20:00,,True,105.0,19.72,store:70219,2,1,1,0,2,82.0,81.0,0,0.966,1,3,1.27,0,1,9.09,0,1,0,3,4,7,0.49,suburban,True,False,2219.6923076923076,20.33,0.932908233989465,0.9699950811608461,Mar–Dec 2024
12196082,41.8721175,-87.8341795,16980,1718 S. 1st Ave,Maywood,IL,2024-06-05,,2024-06-10,2026-09-21,3304.3846153846152,2999.5384615384614,2572.846153846154,10.163102015694726,28.433043322271057,0.763,open,1045163.0,CO,1st & Harrison,Mo-Su 04:30-21:00,,True,115.5,28.61,store:80317,2,1,1,0,2,82.0,81.0,0,0.605,0,0,16.75,0,0,16.75,0,1,0,2,12,16,0.44,urban core,True,False,2219.6923076923076,20.33,1.4886678680343777,1.4072798819478605,Mar–Dec 2024
12196085,46.836185,-96.767505,22020,805 37Th S. Ave.,Moorhead,MN,2024-06-05,,2024-06-10,2026-09-21,2456.230769230769,2406.6153846153848,2241.3846153846152,2.061625007990786,9.585421099595038,0.333,open,1042919.0,CO,8th St. & 40th Ave S,Mo-Su 05:00-20:00,,True,105.0,23.39,store:71828,2,1,1,0,2,23.0,22.0,0,0.814,1,1,4.86,0,0,614.82,0,0,1,0,4,0,159.17,suburban,True,False,3083.923076923077,25.92,0.7964630465690553,0.9023919753086419,Mar–Dec 2024
12196087,45.2797095,-93.564922,33460,15750 88th St NE,Otsego,MN,2024-06-05,,2024-06-10,2026-09-21,3228.230769230769,3260.076923076923,3355.230769230769,-0.9768528349968107,-3.785134577468019,0.791,open,1052111.0,CO,Parrish and 88th,Mo-Su 05:00-19:00,,True,98.0,32.94,store:80782,2,1,1,0,2,18.0,17.0,0,0.62,0,0,46.54,0,0,325.3,1,1,1,1,2,1,0.13,low density,True,False,1973.3846153846157,17.76,1.6358852420675134,1.8547297297297294,Mar–Dec 2024
12196088,38.2112145,-85.3476985,31140,795 Front Gate Rd,Simpsonville,KY,2024-06-05,,2024-06-10,2026-09-21,5207.615384615385,5236.384615384615,5263.846153846154,-0.5494101919997552,-1.068244921817918,0.793,open,1038237.0,CO,I-64 & Simpsonville-Buck Creek,Mo-Su 05:00-21:00,,True,112.0,46.5,store:70890,2,1,1,0,2,80.0,79.0,0,0.384,0,0,36.17,0,0,280.43,0,0,0,0,0,0,9.6,low density,True,False,3283.3846153846152,28.68,1.5860509792896638,1.6213389121338913,Mar–Dec 2024
12196094,29.199145,-82.085308,36100,3727 E Silver Springs Rd,Ocala,FL,2024-06-05,,2024-06-10,2026-09-21,4142.461538461538,4144.538461538462,4146.461538461538,-0.0501122886467975,-0.0964677945977987,0.889,open,1022767.0,CO,E Silver Springs and NE 36th A,Mo-Fr 04:30-20:00; Sa-Su 05:00-20:00,,True,107.5,38.53,store:57518,2,1,1,0,2,26.0,25.0,0,0.483,0,0,100.65,0,0,100.65,0,0,0,0,1,2,2.28,low density,True,False,3974.6153846153848,34.71,1.0422295335784786,1.1100547392682225,Mar–Dec 2024
12196095,28.759757,-81.286633,36740,3764 S Orlando Drive,Sanford,FL,2024-06-05,,2024-06-10,2026-09-21,6634.307692307692,5738.384615384615,5224.076923076923,15.61280982318798,26.994831622811553,0.875,open,1052239.0,CO,US 17-92 & Lake Mary Blvd,Mo-Su 05:00-21:00,,True,112.0,59.23,store:81065,2,1,1,0,2,21.0,20.0,0,0.301,0,0,26.21,0,0,26.21,0,1,0,1,0,2,0.08,low density,True,False,3125.3076923076924,27.13,2.122769450392577,2.1831920383339476,Mar–Dec 2024
12196096,28.618028,-81.265698,36740,3645 Aloma Ave,Oviedo,FL,2024-06-05,,2024-06-10,2026-09-21,3985.076923076923,3915.769230769231,4190.307692307692,1.769963657793916,-4.897749385027728,0.678,open,1007780.0,CO,Aloma Ave & Tuskawilla Rd,Mo-Sa 04:30-21:00; Su 05:00-21:00,,True,115.0,34.65,store:23308,2,1,1,0,2,26.0,25.0,0,0.502,0,2,14.17,0,1,14.17,1,1,1,1,5,3,0.09,suburban,True,False,3125.3076923076924,27.13,1.275099067168771,1.2771839292296352,Mar–Dec 2024
12196097,30.6407895,-87.180342,37860,5606 Woodbine Rd,Pace,FL,2024-06-05,,2024-06-10,2026-09-21,794.8461538461538,753.0769230769231,847.5384615384615,5.546475995914202,-6.217099292067529,0.111,open,1044535.0,CO,Woodbine Rd,Mo-Su 05:00-20:00,,True,105.0,7.57,store:78788,2,1,1,0,2,21.0,20.0,0,2.516,0,0,239.96,0,0,239.96,0,0,0,0,0,0,6.84,low density,True,False,3792.3846153846152,39.89,0.20959006916695402,0.18977187264978693,Mar–Dec 2024
12196098,30.0808245,-81.4782755,27260,195 Beachwalk Shore Dr,St. Johns,FL,2024-06-05,,2024-06-10,2026-09-21,4011.230769230769,3992.076923076923,3908.307692307693,0.4797965200300513,2.6334435521965016,0.849,open,1044106.0,CO,CR210 & Beachwalk Blvd,Mo-Su 05:00-20:00,,True,105.0,38.2,store:77968,2,1,1,0,2,23.0,22.0,0,0.499,0,0,25.57,0,0,171.78,0,0,0,0,2,3,2.21,low density,True,False,2558.461538461538,23.61,1.5678292242934457,1.6179584921643373,Mar–Dec 2024
12196102,33.7770795,-79.0217265,34820,1478 Hwy 544,Conway,SC,2024-06-05,,2024-06-10,2026-09-21,5557.307692307692,5375.461538461538,5075.615384615385,3.382893776563023,9.490323265083433,0.875,open,1040806.0,CO,Hwy 544 & Singleton Ridge Rd,Mo-Su 04:30-22:00,,True,122.5,45.37,store:68200,2,1,1,0,2,25.0,24.0,0,0.36,0,0,187.47,0,0,187.47,0,1,0,1,2,1,0.1,low density,True,False,4433.7692307692305,43.455,1.2534048127136141,1.0440685766885283,Mar–Dec 2024
12196104,35.569307,-82.507166,11700,211 River Ford Parkway,Asheville,NC,2024-06-05,,2024-06-10,2026-09-21,2824.6923076923076,2685.4615384615386,2520.153846153846,5.184612299848168,12.084121848482996,0.732,open,1042862.0,CO,"Fairview Rd & I240, River Ridg",Mo-Su 05:00-20:00,,True,105.0,26.9,store:71720,2,1,1,0,2,86.0,85.0,0,0.708,0,0,134.76,0,0,134.76,0,0,1,0,5,2,3.45,suburban,True,False,2183.4615384615386,19.77,1.293676237449357,1.3606474456246838,Mar–Dec 2024
12196107,36.294326,-76.239859,21020,1313 W Ehringhaus St,Elizabeth City,NC,2024-06-05,,2024-06-10,2026-09-21,3759.307692307693,3722.153846153846,2741.230769230769,0.9981813672811368,37.139409585812125,0.5,open,1040313.0,CO,W Ehringhaus St,Mo-Su 05:00-21:00,,True,112.0,33.57,store:69858,2,1,1,0,2,21.0,20.0,0,0.532,0,0,116.28,0,0,298.9,0,1,0,1,0,2,0.45,low density,True,False,5078.384615384615,44.35,0.7402565927990429,0.7569334836527621,Mar–Dec 2024
12196108,37.095053,-76.459615,47260,955 J Clyde Morris Blvd,Newport News,VA,2024-06-05,,2024-06-10,2026-09-21,2304.3076923076924,2189.5384615384614,2144.6153846153848,5.241708825182689,7.446197991391679,0.45,open,1042785.0,CO,Bayberry,Mo-Fr 04:30-21:00; Sa-Su 05:00-21:00,,True,114.5,20.12,store:71530,1,0,1,0,1,39.0,38.0,0,0.434,0,0,29.39,0,0,207.75,0,0,1,0,8,3,2.24,suburban,True,False,2538.8846153846152,22.25,0.9076063080395692,0.9042696629213484,Mar–Dec 2024
12196110,37.2905635,-76.5085915,47260,3019 George Washington Memorial Hwy,Hayes,VA,2024-06-05,,2024-06-10,2026-09-21,3632.307692307693,3509.0,3377.923076923077,3.51404081811606,7.530799535445087,0.817,open,1038516.0,CO,Hayes - GW Parkway,Mo-Su 05:00-21:00,,True,112.0,32.43,store:69857,2,1,1,0,2,23.0,22.0,0,0.551,0,0,17.73,0,0,185.61,1,0,1,0,1,0,13.39,low density,True,False,2538.8846153846152,22.25,1.4306706458014575,1.4575280898876404,Mar–Dec 2024
12196111,38.1288895,-78.4381475,16820,1815 Fortune Park Rd,Charlottesville,VA,2024-06-05,,2024-06-10,2026-09-21,816.4615384615385,736.9230769230769,686.1538461538462,10.793319415448854,18.991031390134516,0.083,open,1042855.0,CO,1815 Fortune Park Rd,Mo-Su 05:00-20:00,,True,105.0,7.78,store:71714,2,1,1,0,2,77.0,76.0,0,2.45,0,0,40.06,0,0,40.06,1,0,1,0,2,1,4.96,low density,True,False,2199.7692307692305,20.595,0.3711578137566878,0.3777615926195679,Mar–Dec 2024
12196113,40.451614,-79.9319845,38300,5600 Walnut St,Pittsburgh,PA,2024-06-05,,2024-06-10,2026-09-21,941.5384615384615,1042.6153846153843,858.8461538461538,-9.694555112881796,9.628302731751017,0.164,open,15884.0,CO,"Shadyside, Walnut Street",Mo-Su 05:00-20:00,,True,105.0,8.97,store:00778,2,1,1,0,2,22.0,21.0,0,2.124,0,1,5.54,0,1,5.54,4,1,9,3,15,5,0.93,urban core,True,False,2533.1923076923076,24.814999999999998,0.3716806097505428,0.36147491436631074,Mar–Dec 2024
12196115,40.8086535,-73.2369355,35620,410 Motor Pkwy,Hauppauge,NY,2024-06-05,,2024-06-10,2026-09-21,1767.5384615384614,1784.6923076923076,1683.076923076923,-0.9611654670057312,5.018281535648983,0.489,open,1054150.0,CO,Hauppauge-Motor Pkwy & Kennedy,Mo-Su 05:00-21:00,,True,112.0,15.78,store:82964,2,1,1,0,2,85.0,84.0,0,1.132,0,0,20.82,0,0,37.2,0,1,0,3,6,12,0.19,suburban,True,False,1886.0769230769233,17.055,0.9371507810269585,0.9252418645558487,Mar–Dec 2024
12196116,40.9694815,-73.710716,35620,318 Halstead Ave,Harrison,NY,2024-06-05,,2024-06-10,2026-09-21,692.0769230769231,675.5384615384615,653.0769230769231,2.448189478478713,5.97173144876324,0.146,open,1051966.0,CO,"Harrison, Halstead Ave",Mo-Su 05:00-19:30,,True,101.5,6.82,store:80858,1,0,1,0,1,22.0,21.0,0,1.445,0,1,8.4,0,1,8.4,0,1,0,1,4,7,0.26,suburban,True,False,1886.0769230769233,17.055,0.36693992414046245,0.39988273233655824,Mar–Dec 2024
12196128,34.218404,-80.5948045,17900,449 Sumter Hwy,Camden,SC,2024-07-01,,2024-07-01,2026-09-21,4049.0,3964.153846153846,3681.5384615384614,2.14033453642255,9.9811951525282,0.773,open,1044293.0,CO,I-20 & Hwy 521,Mo-Fr 05:00-20:00; Sa-Su 05:00-19:30,,True,104.0,38.93,store:78511,2,1,1,0,2,23.0,22.0,0,0.494,0,0,47.19,0,0,47.19,0,0,0,0,0,0,27.64,low density,True,False,3009.6923076923076,28.66,1.3453202474058172,1.3583391486392185,Mar–Dec 2024
12196130,39.6075955,-75.949115,37980,2512 Pulaski Hwy,North East,MD,2024-07-01,,2024-07-01,2026-09-21,3113.4615384615386,2614.3846153846152,2449.4615384615386,19.089651925736327,27.10799861822064,0.845,open,1040527.0,CO,North East Station,Mo-Su 05:00-21:00,,True,112.0,27.8,store:70749,3,2,1,0,2,29.0,29.0,0,0.964,0,0,59.03,0,0,66.84,0,1,0,1,0,1,0.43,low density,True,False,2036.269230769231,18.759999999999998,1.5290028899004589,1.4818763326226014,Mar–Dec 2024
12196131,39.235789,-76.4723695,12580,7201 Bethlehem Blvd,Sparrows Point,MD,2024-07-01,,2024-07-01,2026-09-21,421.9230769230769,394.46153846153845,304.9230769230769,6.961778471138835,38.37033299697276,0.091,open,1052505.0,CO,Tradepoint Atlantic,Mo-Su 04:30-21:00,,True,115.5,3.65,store:81334,2,1,1,0,2,84.0,83.0,0,4.74,0,1,13.35,0,1,13.35,0,0,0,0,0,2,3.54,low density,True,False,1703.2307692307693,15.52,0.24771926655225363,0.23518041237113402,Mar–Dec 2024
12196132,39.6799275,-75.7354645,37980,139 Grove Lane,Newark,DE,2024-07-01,,2024-07-01,2026-09-21,3367.6923076923076,3870.846153846154,4588.692307692308,-12.998549313407926,-26.608888069334313,0.884,open,1043855.0,CO,The Grove at U of Delaware,Mo-Su 05:00-21:00,,True,112.0,30.07,store:77792,2,1,1,0,2,84.0,83.0,0,0.594,0,0,39.7,0,0,52.89,0,0,1,1,3,8,1.4,suburban,True,False,2036.269230769231,18.759999999999998,1.6538541450238935,1.6028784648187635,Mar–Dec 2024
12196133,40.9920845,-75.185685,20700,115 Brown Street,East Stroudsburg,PA,2024-07-01,,2024-07-01,2026-09-21,4962.076923076923,4791.7692307692305,4341.076923076923,3.5541714157288906,14.305206081440256,1.0,open,1043856.0,CO,"East Stroudsburg, Brown Street",Mo-Su 05:00-21:00,,True,112.0,44.3,store:77791,2,1,1,0,2,24.0,23.0,0,0.403,0,0,60.01,0,0,60.01,0,1,2,3,3,6,0.84,suburban,True,False,787.6153846153846,7.03,6.300126965523977,6.3015647226173535,Mar–Dec 2024
12196138,44.8245855,-68.7796935,12620,693 Broadway St,Bangor,ME,2024-07-01,,2024-07-01,2026-09-21,2026.1538461538464,1934.2307692307693,1891.8461538461536,4.7524358719427395,7.099292510368382,0.75,open,1038590.0,CO,"Bangor, 693 Broadway",Mo-Su 05:00-21:00,,True,112.0,18.09,store:71113,2,1,1,0,2,79.0,78.0,0,0.987,1,1,2.64,0,0,97.67,0,0,0,1,2,8,1.36,low density,True,False,4320.153846153846,38.57,0.46900039172394153,0.46901737101374125,Mar–Dec 2024
12196143,33.052419,-96.7950435,19100,4033 PRESTON RD,PLANO,TX,2024-08-01,,2024-08-05,2026-09-21,4890.615384615385,5052.076923076923,,-3.1959437854956807,,0.813,open,16455.0,CO,Preston & Lorimar Dr,Mo-Su 05:00-21:00,,True,112.0,43.67,store:06579,2,1,1,0,2,16.0,15.0,0,0.409,0,0,36.29,0,0,352.6,0,0,0,0,16,3,3.38,urban core,True,False,2957.4615384615386,26.09,1.6536530808645669,1.6738213875047911,Mar–Dec 2024
12196152,30.2885885,-81.4357015,27260,14447 Beach Blvd,Jacksonville,FL,2024-08-01,,2024-08-05,2026-09-21,4332.307692307692,4348.384615384615,,-0.3697217357462534,,0.877,open,8904.0,CO,San Pablo & Beach Blvd,Mo-Su 05:00-20:30,,True,108.5,39.93,store:08789,2,1,1,0,2,19.0,18.0,0,0.462,0,0,44.67,0,0,194.69,0,0,0,0,6,4,2.28,suburban,True,False,2558.461538461538,23.61,1.6933253156945283,1.6912325285895806,Mar–Dec 2024
12196154,38.963297,-77.107424,47900,Westbard Avenue,Bethesda,MD,2024-08-01,,2024-08-05,2026-09-21,1283.2307692307693,2055.923076923077,,-37.58371684064804,,0.468,open,11705.0,CO,Westbard Square - Bethesda,Mo-Fr 05:00-19:30; Sa-Su 05:00-20:00,,True,102.5,12.52,store:00703,2,1,1,0,2,21.0,20.0,0,1.559,0,1,8.73,0,1,8.73,1,0,3,0,15,5,2.27,urban core,True,False,1325.3076923076924,11.86,0.9682512043647339,1.0556492411467115,Mar–Dec 2024
12196155,39.960991,-75.171428,37980,1937 Callowhill Street,Philadelphia,PA,2024-08-01,,2024-08-05,2026-09-21,1415.3846153846157,1314.8461538461538,,7.646404961095188,,0.348,open,8981.0,CO,Granary,Mo-Su 05:00-21:00,,True,112.0,12.64,store:07636,2,1,1,0,2,78.0,77.0,0,1.413,2,4,1.07,2,4,1.07,3,6,11,21,28,47,0.68,urban core,True,False,2036.269230769231,18.759999999999998,0.695087169219727,0.6737739872068231,Mar–Dec 2024
12196157,40.58811,-73.6636105,35620,2 East Park Ave.,Long Beach,NY,2024-08-01,,2024-08-05,2026-09-21,2738.6153846153848,2553.5384615384614,,7.247861188094951,,0.722,open,17566.0,CO,2 E Park Ave - Long Beach,Mo-Su 05:00-21:00,,True,112.0,24.45,store:07425,2,1,1,0,2,22.0,21.0,0,0.73,0,0,19.0,0,0,50.28,0,1,1,1,1,3,0.17,low density,True,False,1886.0769230769233,17.055,1.4520168032954035,1.4335971855760774,Mar–Dec 2024
12904563,33.6966065,-117.08713,40140,32897 Western Hills Dr,Winchester,CA,2024-05-01,,2024-05-06,2026-09-21,2836.076923076923,2860.4615384615386,2743.769230769231,-0.852471360189333,3.364265889147422,0.465,open,1039126.0,CO,"Winchester & Domenigoni, Winch",Mo-Fr 03:30-22:30; Sa-Su 04:00-22:30,,True,132.0,21.49,store:66839,2,1,1,0,2,25.0,24.0,0,0.705,0,0,103.91,0,0,111.44,0,0,0,0,0,0,8.61,low density,True,False,3127.1923076923076,24.89,0.9069083842719569,0.8633989554037765,Mar–Dec 2024
12904566,38.789744,-104.7587075,17820,2910 South Academy Blvd,Colorado Springs,CO,2024-09-11,,2024-09-16,2026-09-21,2525.230769230769,2363.3076923076924,,6.851544445529401,,0.516,open,18177.0,CO,Hancock Expwy & S Academy Blvd,Mo-Fr 04:30-20:30; Sa-Su 05:00-20:30,,True,111.0,22.75,store:11713,2,1,1,0,2,29.0,28.0,0,0.792,0,0,429.38,0,0,826.81,1,1,1,1,4,1,0.24,suburban,True,False,2050.6153846153848,18.81,1.2314502213219294,1.209463051568315,Mar–Dec 2024
12904571,36.160849,-86.7863885,34980,209 10th Ave,Nashville,TN,2024-09-11,,2024-09-16,2026-09-21,2045.8461538461536,1731.2307692307693,,18.172931662667736,,0.351,open,1031781.0,CO,Nashville Yards,Mo-Fr 04:30-21:00; Sa 05:00-21:00; Su 05:00-19:00,,True,112.5,18.19,store:65316,2,1,1,0,2,73.0,72.0,0,0.978,1,1,0.47,0,0,205.59,4,1,7,2,14,6,0.72,urban core,True,False,3338.4615384615386,30.21,0.612811059907834,0.6021185038066865,Mar–Dec 2024
13143363,37.6291325,-122.0468535,41860,29705 Mission Blvd,Hayward,CA,2024-06-18,,2024-06-24,2026-09-21,1330.3846153846157,1284.6923076923076,1367.923076923077,3.55667325309863,-2.7441938930439114,0.449,open,1040183.0,CO,Mission & Industrial,Mo-Su 04:00-22:00,,True,126.0,10.56,store:71294,2,1,1,0,2,22.0,21.0,0,1.503,0,0,27.73,0,0,36.57,0,0,0,0,8,1,4.89,suburban,True,False,1348.923076923077,12.07,0.9862568430656937,0.8748964374482188,Mar–Dec 2024
13143365,36.6044665,-119.4318015,23420,1620 E Manning Ave,Reedley,CA,2024-11-08,,2024-11-11,2026-09-21,2024.8461538461536,1938.3076923076924,,4.464640050797675,,0.367,open,1042819.0,CO,Manning & Buttonwillow,Mo-Fr 04:30-23:00; Sa-Su 05:00-23:00,,True,128.5,15.76,store:71652,2,1,1,0,2,24.0,23.0,0,0.988,0,0,34.99,0,0,135.93,0,0,0,0,1,0,34.14,low density,True,False,2665.9615384615386,22.605,0.7595181418163456,0.6971908869719089,Mar–Dec 2024
13143366,35.9875955,-119.9610505,25260,27623 Bernard Drive,Kettleman City,CA,2024-11-08,,2024-11-11,2026-09-21,1564.4615384615386,1066.7692307692307,,46.65416786847421,,0.1,open,1055517.0,CO,Bernard & Powers,Mo-Su 05:00-21:00,,True,112.0,13.97,store:84328,1,0,1,0,1,22.0,21.0,0,0.639,1,1,2.3,0,0,109.13,0,0,0,0,0,0,45.64,low density,True,False,2920.5384615384614,25.51,0.5356757183870203,0.5476283810270482,Mar–Dec 2024
13143367,34.090392,-117.748729,31080,2302 N Garey Ave,Pomona,CA,2024-06-18,,2024-06-24,2026-09-21,1317.1538461538462,1246.5384615384614,1187.3076923076924,5.664918235112637,10.936183997408476,0.308,open,1038494.0,CO,Garey & Arrow,Mo-Fr 04:30-23:00; Sa-Su 04:30-22:30,,True,128.5,10.25,store:70852,2,1,1,0,2,24.0,23.0,0,1.518,0,0,34.6,0,0,56.95,0,0,1,0,11,0,7.2,urban core,True,False,1957.0769230769229,16.145,0.6730209889159658,0.6348714772375349,Mar–Dec 2024
13143368,33.9717105,-118.203743,31080,3480 E Florence Ave,Huntington Park,CA,2024-11-08,,2024-11-11,2026-09-21,1803.923076923077,1654.5384615384614,,9.028778650797342,,0.45,open,1040121.0,CO,Florence & California Ave,Mo-Su 04:30-23:00,,True,129.5,13.93,store:68295,2,1,1,0,2,26.0,25.0,0,1.109,0,2,12.55,0,0,17.15,0,0,2,0,20,2,2.63,urban core,True,False,1957.0769230769229,16.145,0.9217435736184263,0.8628058222359863,Mar–Dec 2024
13143369,33.284804,-111.754959,38060,3635 S Val Vista Dr,Gilbert,AZ,2024-11-08,,2024-11-11,2026-09-21,2360.6923076923076,2458.6153846153848,,-3.9828546398848697,,0.424,open,1034293.0,CO,Val Vista and Mercy,Mo-Su 03:30-23:00,,True,136.5,17.29,store:60589,2,1,1,0,2,23.0,22.0,0,0.847,0,0,16.15,0,0,16.15,0,0,1,0,8,0,5.13,suburban,True,False,2914.6923076923076,24.67,0.8099284790583516,0.7008512363194163,Mar–Dec 2024
13143370,33.276888,-111.875363,38060,1990 W. Germann Rd,Chandler,AZ,2024-11-08,,2024-11-11,2026-09-21,820.3846153846154,804.0,,2.0378874856486817,,0.122,open,1038842.0,CO,Dobson and Germann Rd,Mo-Su 04:00-21:00,,True,119.0,6.89,store:71436,2,1,1,0,2,23.0,22.0,0,2.438,0,0,15.91,0,0,15.91,0,0,2,1,13,3,1.63,urban core,True,False,2914.6923076923076,24.67,0.281465255601594,0.27928658289420344,Mar–Dec 2024
13143371,43.5761545,-116.354003,14260,3232 E. Victory Rd.,Meridian,ID,2024-06-18,,2024-06-24,2026-09-21,1808.1538461538464,2010.923076923077,1775.7692307692307,-10.083390712263784,1.8236950400693177,0.538,open,1039645.0,CO,Eagle & Victory,Mo-Su 04:30-20:00,,True,108.5,16.67,store:63317,2,1,1,0,2,25.0,24.0,0,1.106,0,0,16.58,0,0,16.58,0,0,1,0,8,0,298.25,suburban,True,False,2036.4615384615383,18.35,0.8878900052882075,0.9084468664850136,Mar–Dec 2024
13143372,31.885246,-106.573332,21340,7715 Paseo Del Norte Rd.,El Paso,TX,2024-06-18,,2024-06-24,2026-09-21,4264.2307692307695,3978.769230769231,2981.769230769231,7.174619132317694,43.01008693857544,0.844,open,1043391.0,CO,Paseo del Norte & N Resler Dr,Mo-Fr 04:00-21:30; Sa-Su 05:00-21:30,,True,120.5,35.39,store:74019,1,0,1,0,1,23.0,22.0,0,0.235,0,0,397.17,0,0,520.78,1,1,1,1,4,2,0.09,suburban,True,False,3190.7692307692305,24.755000000000003,1.3364271938283512,1.4296101797616643,Mar–Dec 2024
13143373,32.908773,-96.9581015,19100,7530 N MacArthur Blvd,Irving,TX,2024-06-18,,2024-06-24,2026-09-21,2190.230769230769,2242.230769230769,1810.4615384615383,-2.319119009228443,20.97637661454792,0.37,open,1044109.0,CO,Macarthur & Las Colinas Blvd,Mo-Su 05:00-21:00,,True,112.0,19.56,store:77971,2,1,1,0,2,12.0,11.0,0,0.913,0,0,21.99,0,0,371.52,1,0,4,0,7,1,3.89,suburban,True,False,2957.4615384615386,26.09,0.740577938460738,0.7497125335377539,Mar–Dec 2024
13143374,39.019899,-84.6896695,17140,1742 Wildcat Blvd,Burlington,KY,2024-06-18,,2024-06-24,2026-09-21,3402.5384615384614,3423.6923076923076,3262.6923076923076,-0.617866450975102,4.286219497819177,0.557,open,1052575.0,CO,Taylor Drive and Wildcat Blvd,Mo-Fr 05:00-20:00; Sa-Su 05:00-19:30,,True,104.0,32.72,store:81323,2,1,1,0,2,81.0,80.0,0,0.588,0,0,17.91,0,0,344.18,1,0,1,0,4,1,2.65,suburban,True,False,3460.230769230769,33.4,0.9833270346575373,0.9796407185628743,Mar–Dec 2024
13143376,37.4003585,-77.705499,40060,15800 Hull Street Rd,Chesterfield,VA,2024-11-08,,2024-11-11,2026-09-21,1941.6153846153843,1626.7692307692307,,19.35407603555892,,0.513,open,1043778.0,CO,Hull and Otterdale - Cosby Vil,Mo-Su 05:00-20:00,,True,105.0,18.49,store:77729,2,1,1,0,2,31.0,30.0,0,1.03,0,0,89.41,0,0,127.9,0,0,0,0,1,1,4.04,low density,True,False,2279.3846153846152,21.31,0.8518156047516198,0.8676677616142656,Mar–Dec 2024
13143377,40.8154885,-75.7330045,10900,1279 Blakeslee Blvd Drive,Lehighton,PA,2024-11-08,,2024-11-11,2026-09-21,5253.0,4696.692307692308,,11.844669734837932,,0.897,open,1043979.0,CO,Lehighton,Mo-Su 05:00-19:30,,True,101.5,51.75,store:77918,2,1,1,0,2,81.0,80.0,0,0.381,0,0,76.07,0,0,81.03,1,0,1,0,1,1,2.71,low density,True,False,2717.846153846154,24.27,1.9327804822823502,2.1322620519159456,Mar–Dec 2024
13143379,43.0207035,-78.9625805,15380,2176 Grand Island Blvd,Grand Island,NY,2024-11-08,,2024-11-11,2026-09-21,1882.0,2012.2307692307693,,-6.471959937306471,,0.533,open,1045159.0,CO,Grand Island NY,Mo-Su 05:00-20:00,,True,105.0,17.92,store:80307,2,1,1,0,2,22.0,21.0,0,1.063,0,0,286.99,0,0,299.42,0,1,0,1,0,1,0.56,low density,True,False,2239.076923076923,20.54,0.8405249415968119,0.8724440116845181,Mar–Dec 2024
13143385,33.808564,-118.2634675,31080,23820 Avalon Blvd,Carson,CA,2024-12-03,,2024-12-09,2026-09-21,1206.3076923076924,1034.923076923077,,16.56013081611418,,0.269,open,1040027.0,CO,Sepulveda & Avalon,Mo-Fr 04:30-23:00; Sa-Su 05:00-22:30,,True,127.5,9.46,store:69276,2,1,1,0,2,26.0,25.0,0,1.658,1,1,3.07,1,1,3.07,2,0,3,0,16,1,3.61,urban core,True,False,1957.0769230769229,16.145,0.6163823598773682,0.5859399194797151,Mar–Dec 2024
13143386,33.2190575,-111.840568,38060,40 E. Riggs Rd.,Chandler,AZ,2024-12-03,,2024-12-09,2026-09-21,2886.5384615384614,2845.923076923077,,1.4271427413033333,,0.559,open,1039497.0,CO,Arizona Ave and Riggs Rd,Mo-Su 04:00-21:00,,True,119.0,24.26,store:65058,2,1,1,0,2,53.0,52.0,0,0.693,0,0,21.82,0,0,21.82,0,0,1,1,7,2,1.46,suburban,True,False,2914.6923076923076,24.67,0.9903407141537568,0.9833806242399675,Mar–Dec 2024
13143388,32.9868195,-96.8038875,19100,17285 Preston Rd,Dallas,TX,2024-12-03,,2024-12-09,2026-09-21,1767.923076923077,1707.1538461538462,,3.559680980489333,,0.26,open,1039670.0,CO,Preston & McCallum Blvd,Mo-Su 05:00-21:00,,True,112.0,15.79,store:70230,2,1,1,0,2,80.0,79.0,0,1.131,0,0,38.75,0,0,359.91,0,0,1,0,11,1,3.84,urban core,True,False,2957.4615384615386,26.09,0.5977839623377637,0.605212725182062,Mar–Dec 2024
13143390,34.2515395,-84.471094,12060,1478 Riverstone Pkwy,Canton,GA,2024-11-08,,2024-11-11,2026-09-21,3018.6923076923076,3066.076923076923,,-1.545447703153613,,0.667,open,1054108.0,CO,Ball Ground & Riverstone Pkwy,Mo-Su 05:00-21:00,,True,112.0,26.95,store:82922,2,1,1,0,2,21.0,20.0,0,0.663,0,0,45.33,0,0,45.33,1,0,1,0,3,2,2.22,suburban,True,False,2357.0384615384614,21.205,1.2807140642592563,1.270926668238623,Mar–Dec 2024
13143391,34.888245,-77.5490115,27340,7439 Richlands Hwy,Richlands,NC,2024-12-03,,2024-12-09,2026-09-21,3105.6153846153848,2793.153846153846,,11.186692737737868,,0.444,open,1054317.0,CO,Richlands Hwy & Koonce Fork Rd,Mo-Su 05:00-20:00,,True,105.0,29.58,store:83219,2,1,1,0,2,37.0,36.0,0,0.644,0,0,139.94,0,0,334.51,0,1,0,1,0,1,0.61,low density,True,False,3606.7307692307695,33.265,0.8610610503865636,0.8892229069592664,Mar–Dec 2024
13143394,41.6421745,-70.8847485,39300,29 Alden Rd,Fairhaven,MA,2024-11-08,,2024-11-11,2026-09-21,4140.384615384615,3889.692307692307,,6.445042123165767,,0.904,open,1045244.0,CO,"Fairhaven, Alden Rd",Mo-Su 05:00-20:00,,True,105.0,39.43,store:80427,2,1,1,0,2,37.0,36.0,0,0.483,0,0,81.6,0,0,81.6,0,2,0,2,1,11,0.21,low density,True,False,1940.076923076923,17.32,2.134134253201697,2.2765588914549655,Mar–Dec 2024
13143395,46.9483505,-122.61895,36500,937 W Yelm Avenue,Yelm,WA,2024-12-27,,2024-12-30,2026-09-21,1224.2307692307693,1201.4615384615386,,1.8951277290479407,,0.129,open,1055504.0,CO,W Yelm Ave & Killion Rd SE,Mo-Su 04:30-20:00,,True,108.5,11.28,store:84311,1,1,0,0,1,45.0,44.0,0,0.817,0,0,18.2,0,0,18.2,0,0,0,0,2,0,853.72,low density,True,False,2593.846153846154,22.46,0.4719750889679716,0.5022261798753339,Mar–Dec 2024
13143396,40.7859715,-124.1813285,21700,2411 Broadway St,Eureka,CA,2024-12-27,,2024-12-30,2026-09-21,907.3076923076924,874.6923076923077,,3.728783748131193,,0.333,open,1040715.0,CO,Broadway & Vigo,Mo-Su 04:30-21:00,,True,115.5,7.86,store:69262,2,1,1,0,2,84.0,83.0,0,2.204,0,0,231.04,0,0,231.04,0,0,0,0,3,0,210.1,suburban,True,False,2532.0,22.81,0.35833637136954677,0.34458570802279703,Mar–Dec 2024
13143397,38.000035,-121.2615115,44700,4343 N Wilson Way,Stockton,CA,2024-12-27,,2024-12-30,2026-09-21,785.8461538461538,703.4615384615385,,11.71131765992346,,0.036,open,1040137.0,CO,Wilson & McAllen,Mo-Su 04:30-20:00,,True,108.5,7.24,store:68186,2,1,1,0,2,26.0,25.0,0,2.545,0,0,91.22,0,0,104.65,0,0,0,0,10,0,23.9,urban core,True,False,3049.6153846153848,26.22,0.2576869718753941,0.2761250953470633,Mar–Dec 2024
13143399,33.9173565,-117.2953005,40140,2050 E Alessandro Blvd,Riverside,CA,2024-12-27,,2024-12-30,2026-09-21,2297.769230769231,2127.076923076923,,8.024736004628984,,0.294,open,1043213.0,CO,Alessandro & San Gorgonio,Mo-Fr 04:00-22:00; Sa-Su 04:30-22:00,,True,125.0,18.38,store:72299,2,1,1,0,2,23.0,22.0,0,0.87,0,0,77.98,0,0,91.56,0,0,0,0,9,0,5.24,suburban,True,False,3127.1923076923076,24.89,0.7347706839509514,0.7384491763760546,Mar–Dec 2024
13143400,33.9591695,-117.311295,40140,5102 Sycamore Canyon Blvd,Riverside,CA,2024-12-27,,2024-12-30,2026-09-21,2884.6923076923076,2989.0,,-3.489718712201151,,0.492,open,1039457.0,CO,Central & Sycamore,Mo-Th 04:00-22:00; Fr 04:00-22:30; Sa-Su 04:30-22:30,,True,126.5,22.8,store:66456,2,1,1,0,2,40.0,39.0,0,0.693,0,0,75.68,0,0,90.68,0,0,1,0,8,0,8.43,suburban,True,False,3127.1923076923076,24.89,0.9224544012200672,0.916030534351145,Mar–Dec 2024
13143401,36.0105395,-114.9912075,29820,8 E Horizon Ridge Pkwy,Henderson,NV,2024-12-27,,2024-12-30,2026-09-21,2327.6153846153848,2214.6153846153848,,5.102466134074324,,0.472,open,1052236.0,CO,Horizon Ridge Pkwy & Horizon D,Mo-Fr 04:00-20:00; Sa-Su 04:30-20:00,,True,111.0,20.97,store:81056,2,1,1,0,2,42.0,41.0,0,0.859,1,1,3.33,0,0,370.53,1,0,1,0,7,1,4.72,suburban,True,False,2636.153846153846,21.5,0.8829588561423987,0.9753488372093023,Mar–Dec 2024
13143403,29.8031535,-95.8025325,26420,2155 Katy Fort Bend Road,Katy,TX,2024-12-27,,2024-12-30,2026-09-21,1254.2307692307693,1155.8461538461538,,8.511912684679901,,0.121,open,1053419.0,CO,Katy Fort Bend and Franz,Mo-Su 04:30-22:30,,True,126.0,9.95,store:82174,1,1,0,0,1,10.0,9.0,0,0.797,0,0,349.33,0,0,706.4,0,0,0,0,5,1,4.83,suburban,True,False,2764.3846153846152,24.21,0.4537106603222306,0.41098719537381245,Mar–Dec 2024
13143404,42.1762105,-88.381807,16980,4501 Algonquin Road,Lake in the Hills,IL,2024-12-27,,2024-12-30,2026-09-21,1325.0,1344.076923076923,,-1.419332684713559,,0.275,open,1043612.0,CO,Algonquin & Lakewood,Mo-Fr 04:30-20:00; Sa-Su 05:00-19:30,,True,106.5,12.44,store:77664,2,1,1,0,2,24.0,23.0,0,1.509,0,0,40.97,0,0,40.97,0,1,0,1,5,4,0.95,suburban,True,False,2219.6923076923076,20.33,0.5969295813695592,0.6119035907525824,Mar–Dec 2024
13143405,44.166446,-93.9824165,31860,110 Dane St,Mankato,MN,2024-12-27,,2024-12-30,2026-09-21,742.3846153846154,1370.923076923077,,-45.84782852654023,,0.25,open,1053881.0,CO,Madison & Dane,Mo-Su 04:30-20:00,,True,108.5,6.84,store:82779,2,1,1,0,2,81.0,80.0,0,2.694,0,0,94.77,0,0,352.71,0,0,1,1,6,2,1.77,suburban,True,False,3628.461538461539,32.61,0.20460038159847357,0.20975160993560257,Mar–Dec 2024
13143407,27.9524815,-80.6552415,37340,3370 Bayside Lakes Blvd SE,Palm Bay,FL,2024-12-27,,2024-12-30,2026-09-21,6669.153846153846,5821.692307692308,,14.556962025316444,,0.96,open,1045001.0,CO,Bayside Lakes Blvd & Cogan Dr.,Mo-Fr 04:00-21:00; Sa-Su 05:00-21:00,,True,117.0,57.0,store:80189,2,1,1,0,2,40.0,39.0,0,0.3,0,0,81.02,0,0,81.02,0,1,0,1,0,1,0.39,low density,True,False,3454.076923076923,30.495,1.9308064049172662,1.8691588785046729,Mar–Dec 2024
13143408,35.0784125,-78.93868,22180,3466 Bragg Blvd,Fayetteville,NC,2024-12-27,,2024-12-30,2026-09-21,1650.923076923077,1654.4615384615386,,-0.2138739073833107,,0.471,open,1042999.0,CO,Bragg & Sycamore,Mo-Fr 05:00-20:00; Sa-Su 05:00-19:30,,True,104.0,15.87,store:71891,2,1,1,0,2,70.0,69.0,0,1.211,0,0,82.58,0,0,226.32,0,1,0,1,6,2,0.08,suburban,True,False,1984.8846153846152,18.035,0.8317476311353111,0.8799556418075963,Mar–Dec 2024
13143411,43.0065035,-75.9844605,45060,406 Fayette St,Manlius,NY,2024-12-27,,2024-12-30,2026-09-21,1543.8461538461538,1730.0,,-10.760337927967988,,0.15,open,1043378.0,CO,"Manlius, Fayette",Mo-Fr 05:00-20:00; Sa-Su 05:00-19:30,,True,104.0,14.84,store:74060,2,1,1,0,2,71.0,70.0,0,1.295,0,0,265.22,0,0,274.87,0,1,0,1,2,2,0.31,low density,True,False,4421.846153846154,42.82,0.3491406304362953,0.34656702475478746,Mar–Dec 2024
13143417,35.2704145,-120.656751,42020,2138 Broad St,San Luis Obispo,CA,2025-01-20,,2025-01-20,2026-09-21,1764.076923076923,1548.0,,13.958457563108716,,0.231,open,1045227.0,CO,Broad & South,Mo-Su 05:00-20:00,,True,105.0,16.8,store:80428,2,1,1,0,2,20.0,19.0,0,1.134,0,0,103.32,0,0,128.75,0,0,2,0,7,0,42.41,suburban,True,False,2953.076923076923,24.11,0.597369106538161,0.6968063044379926,Jan–Sep 2025
13143418,34.1217245,-117.3723995,40140,190 W Baseline Rd,Rialto,CA,2025-01-20,,2025-01-20,2026-09-21,1990.1538461538464,1851.1538461538464,,7.508830251402454,,0.225,open,1037967.0,CO,Baseline & Riverside,Mo-Fr 05:00-21:00; Sa-Su 05:00-20:30,,True,111.0,17.93,store:70849,2,1,1,0,2,23.0,22.0,0,1.005,0,0,69.42,0,0,89.83,0,0,1,0,3,0,7.53,suburban,True,False,3127.1923076923076,24.89,0.6364027697492222,0.7203696263559662,Jan–Sep 2025
13143420,33.4239255,-111.9277115,38060,690 South Novus Place,Tempe,AZ,2025-01-20,,2025-01-20,2026-09-21,1167.8461538461538,1119.5384615384614,,4.31496495808712,,0.192,open,1054430.0,CO,Novus Place - Novus and Univer,Mo-Su 05:00-21:00,,True,112.0,10.43,store:83167,2,1,1,0,2,16.0,15.0,0,1.713,0,1,8.98,0,1,8.98,6,0,9,0,20,4,2.37,urban core,True,False,2914.6923076923076,24.67,0.40067562217940933,0.4227807053100932,Jan–Sep 2025
13143421,32.000512,-102.1140055,33260,1015 Andrews Hwy,Midland,TX,2025-01-20,,2025-01-20,2026-09-21,1989.3076923076924,1740.8461538461538,,14.272458132649902,,0.125,open,1054911.0,CO,Andrews HWY & Cuthbert,Mo-Su 04:30-21:00,,True,115.5,17.22,store:83736,1,1,0,0,1,21.0,20.0,0,0.503,0,0,29.49,0,0,728.5,0,0,0,0,6,0,5.22,suburban,True,False,5636.923076923077,46.02,0.3529066593886463,0.3741851368970013,Jan–Sep 2025
13143422,35.302404,-93.138023,40780,2303 N Arkansas Ave,Russellville,AR,2025-01-20,,2025-01-20,2026-09-21,4047.923076923077,3712.769230769231,,9.027058384784326,,0.5,open,1044767.0,CO,Arkansas Ave & Harrell Dr,Mo-Su 04:30-21:00,,True,115.5,35.05,store:78996,2,1,1,0,2,81.0,80.0,0,0.494,0,0,242.85,0,0,274.52,0,0,0,0,1,0,90.74,low density,True,False,4259.538461538462,34.77,0.950319644598548,1.0080529191832037,Jan–Sep 2025
13143425,39.9885945,-86.2604075,26900,3675 Market Place Dr,Zionsville,IN,2025-01-20,,2025-01-20,2026-09-21,981.0769230769232,953.3846153846154,,2.9046312731967117,,0.079,open,1056025.0,CO,Michigan & Holliday Farms,Mo-Su 05:00-19:00,,True,98.0,10.01,store:84824,2,1,1,0,2,19.0,18.0,0,2.039,0,0,143.13,0,0,204.68,0,0,0,0,1,0,7.12,low density,True,False,2899.1538461538457,26.285,0.33840112499668346,0.3808255659121172,Jan–Sep 2025
13143427,29.0543875,-81.3013285,19660,210 E International Speedway Blvd,Deland,FL,2025-01-20,,2025-01-20,2026-09-21,1157.923076923077,1106.5384615384614,,4.643726103580126,,0.19,open,1053244.0,CO,E International Blvd & N. Amel,Mo-Su 05:00-20:00,,True,105.0,11.03,store:82058,1,0,1,0,1,5.0,4.0,0,0.864,0,0,57.87,0,0,57.87,0,2,0,2,0,3,0.49,low density,True,False,3974.076923076923,37.85,0.2913690649013801,0.2914134742404227,Jan–Sep 2025
13143429,38.897507,-77.0061715,47900,50 Massachusetts Avenue,Washington,DC,2025-01-20,,2025-01-20,2026-09-21,2265.0,1947.923076923077,,16.277692216562013,,0.747,open,1054826.0,CO,Union Station DC_Center,Mo-Fr 04:30-22:00; Sa-Su 05:00-22:00,,True,121.5,18.64,store:83610,1,0,1,0,1,85.0,84.0,0,0.442,1,1,2.87,1,1,2.87,2,1,14,6,38,16,0.44,urban core,True,False,1325.3076923076924,11.86,1.709037088629636,1.5716694772344015,Jan–Sep 2025
13143430,42.069425,-80.1879575,21500,4986 W Ridge Rd,Erie,PA,2025-01-20,,2025-01-20,2026-09-21,3629.923076923077,3491.3846153846152,,3.9680091654181737,,0.833,open,1040084.0,CO,"Asbury, West Ridge Road",Mo-Su 05:00-20:00,,True,105.0,34.57,store:68381,1,0,1,0,1,26.0,25.0,0,0.275,0,0,179.06,0,0,179.06,0,0,0,0,0,1,3.74,low density,True,False,3514.769230769231,31.38,1.0327628468878578,1.1016571064372211,Jan–Sep 2025
13205394,33.8532855,-118.185216,31080,5353 Atlantic Avenue,Long Beach,CA,2024-11-08,,2024-11-11,2026-09-21,3184.6923076923076,2871.846153846154,,10.893555472223705,,0.804,open,1052849.0,CO,Atlantic & Market,Mo-Su 04:30-22:00,,True,122.5,26.0,store:81645,2,1,1,0,2,22.0,21.0,0,0.628,0,1,9.23,0,1,9.23,0,0,2,0,17,1,4.67,urban core,True,False,1957.0769230769229,16.145,1.6272698687210125,1.610405698358625,Mar–Dec 2024
13205506,34.2419225,-119.1816105,37100,775 Town Center Drive,Oxnard,CA,2024-12-27,,2024-12-30,2026-09-21,1140.1538461538462,1093.3846153846157,,4.277472914028424,,0.2,open,1039135.0,CO,Oxnard & Town Center,Mo-Su 05:00-21:00,,True,112.0,10.18,store:64730,2,1,1,0,2,25.0,24.0,0,1.754,0,0,51.44,0,0,51.44,2,0,4,0,13,0,13.37,urban core,True,False,2606.153846153846,25.13,0.4374852420306966,0.40509351372861124,Mar–Dec 2024
13205507,41.097654,-73.998488,35620,25 Route 304,Nanuet,NY,2025-04-03,,2025-04-07,2026-09-21,3530.769230769231,3460.153846153846,,2.0408163265306145,,0.846,open,1034170.0,CO,"Nanuet, West Nyack Rd",Mo-Su 05:00-21:00,,True,112.0,31.52,store:52742,2,1,1,0,2,27.0,26.0,0,0.566,0,0,17.27,0,0,17.27,0,0,1,1,4,8,1.25,suburban,True,False,1886.0769230769233,17.055,1.8720176189893551,1.8481383758428613,Jan–Sep 2025
13205509,34.1542765,-118.79582,31080,5750 Lindero Canyon Rd,Westlake Village,CA,2025-01-20,,2025-01-20,2026-09-21,2723.3846153846152,2632.0,,3.4720598550385784,,0.737,open,1054914.0,CO,Lindero Canyon & Thousand Oaks,Mo-Su 04:30-21:00,,True,115.5,23.58,store:83737,2,1,1,0,2,51.0,50.0,0,0.734,0,0,46.06,0,0,59.44,1,1,1,1,7,1,0.25,suburban,True,False,1957.0769230769229,16.145,1.391557267510416,1.4605140910498606,Jan–Sep 2025
13205510,34.0094585,-118.0799945,31080,9036 Beverly Blvd,Pico Rivera,CA,2025-02-13,,2025-02-17,2026-09-21,1243.6153846153843,1241.5384615384614,,0.1672862453531598,,0.283,open,1038554.0,CO,Rosemead & Beverly,Mo-Th 04:30-22:00; Fr-Sa 04:30-22:30; Su 05:00-22:00,,True,123.0,10.11,store:70855,2,1,1,0,2,24.0,23.0,0,1.608,0,1,7.1,0,0,27.15,0,0,1,0,13,0,6.11,urban core,True,False,1957.0769230769229,16.145,0.6354453266252652,0.6262000619386807,Jan–Sep 2025
13205512,30.645383,-96.3037595,17780,3059 University Drive East,Bryan,TX,2025-01-20,,2025-01-20,2026-09-21,4910.076923076923,4575.615384615385,,7.309651497066372,,0.722,open,1053465.0,CO,University and Plaza Centre,Mo-Su 05:00-21:00,,True,112.0,43.84,store:82233,2,1,1,0,2,27.0,26.0,0,0.407,0,0,244.66,0,0,613.21,0,0,0,0,10,0,7.64,urban core,True,False,3937.8076923076924,32.92,1.2469062246662044,1.3317132442284325,Jan–Sep 2025
13205513,32.6058905,-97.4184955,19100,6077 McPherson Blvd,Fort Worth,TX,2025-02-13,,2025-02-17,2026-09-21,4501.923076923077,3654.076923076923,,23.202745089783814,,0.766,open,1052549.0,CO,McPherson & Chisholm Trail Pkw,Mo-Fr 04:30-21:00; Sa-Su 05:00-21:00,,True,114.5,39.32,,0,0,0,0,0,,,0,0.0,0,0,33.52,0,0,415.64,0,0,0,0,1,1,3.17,low density,True,False,2957.4615384615386,26.09,1.5222254012016543,1.5070908394020697,Jan–Sep 2025
13205515,36.627998,-87.375303,17300,1462 Tiny Town Rd,Clarksville,TN,2025-02-13,,2025-02-17,2026-09-21,5079.923076923077,4437.307692307692,,14.482101066135057,,0.8,open,1038620.0,CO,Tiny Town Rd & Tara Blvd,Mo-Fr 04:30-21:00; Sa-Su 05:00-21:00,,True,114.5,44.37,store:71234,2,1,1,0,2,19.0,18.0,0,0.394,0,0,74.17,0,0,151.96,0,0,0,0,0,1,4.95,low density,True,False,4159.807692307692,35.045,1.2211918080532569,1.266086460265373,Jan–Sep 2025
13205517,41.900843,-71.353255,39300,1250 Newport Ave,South Attleboro,MA,2025-02-13,,2025-02-17,2026-09-21,2532.6923076923076,2903.3846153846152,,-12.767592200084776,,0.692,open,1052240.0,CO,"Bristol Place, Attleboro",Mo-Su 05:00-21:00,,True,112.0,22.61,store:81066,2,1,1,0,2,47.0,46.0,0,0.79,0,0,51.97,0,0,51.97,0,0,0,4,3,19,1.01,suburban,True,False,1940.076923076923,17.32,1.3054597359343403,1.3054272517321015,Jan–Sep 2025
13205518,42.5393525,-71.150625,14460,203 Lowell St,Wilmington,MA,2025-02-13,,2025-02-17,2026-09-21,835.8461538461538,755.3846153846154,,10.651731160896126,,0.303,open,1052410.0,CO,"Wilmington, Lowell St",Mo-Su 05:00-21:00,,True,112.0,7.46,store:81156,2,1,1,0,2,39.0,38.0,0,2.393,1,1,2.04,0,0,18.73,0,2,0,2,5,13,0.26,suburban,True,False,1574.6923076923076,14.28,0.5307996678227737,0.5224089635854342,Jan–Sep 2025
13205519,34.2339825,-119.172293,37100,2551 E Vineyard Ave,Oxnard,CA,2025-02-13,,2025-02-17,2026-09-21,2957.5384615384614,2797.3076923076924,,5.728035198680037,,0.627,open,1039642.0,CO,Vineyard & Riverpark,Mo-Su 05:00-21:00,,True,112.0,26.41,store:65182,2,1,1,0,2,25.0,24.0,0,0.676,0,0,52.57,0,0,52.57,2,0,7,0,10,0,12.38,urban core,True,False,2606.153846153846,25.13,1.1348288075560802,1.0509351372861122,Jan–Sep 2025
13205521,34.4278655,-117.572068,40140,9775 Sheep Creek Rd,Phelan,CA,2025-03-10,,2025-03-10,2026-09-21,8186.538461538462,7609.538461538462,,7.582588653916145,,0.925,open,1043099.0,CO,Phelan & Sheep Creek,Mo-Su 04:30-22:00,,True,122.5,66.83,store:72700,2,1,1,0,2,37.0,36.0,0,0.244,0,0,64.91,0,0,93.06,0,0,0,0,0,0,22.3,low density,True,False,3127.1923076923076,24.89,2.6178557811750527,2.685014061872238,Jan–Sep 2025
13205523,35.2223665,-101.8299175,11100,401 E Amarillo Blvd,Amarillo,TX,2025-02-13,,2025-02-17,2026-09-21,5640.076923076923,5072.307692307692,,11.193509250834088,,0.714,open,1053772.0,CO,Amarillo Blvd & Pierce Street,Mo-Su 05:00-21:00,,True,112.0,50.36,store:82533,2,1,1,0,2,77.0,76.0,0,0.355,1,1,0.13,0,0,537.16,0,0,0,0,2,0,6.44,low density,True,False,4866.538461538461,38.870000000000005,1.1589504465344187,1.295600720349884,Jan–Sep 2025
13205524,25.945128,-97.4306235,15180,5720 Ruben M Torres Blvd,Brownsville,TX,2025-02-13,,2025-02-17,2026-09-21,7736.615384615385,6477.7692307692305,,19.433328187528943,,0.917,open,1053729.0,CO,Ruben Torres & S Minnesota Ave,Mo-Fr 04:30-23:00; Sa-Su 05:00-23:30,,True,129.5,59.74,store:82549,2,1,1,0,2,21.0,20.0,0,0.259,0,0,723.29,0,0,1107.19,0,0,0,0,0,0,5.97,low density,True,False,6479.7692307692305,49.575,1.193964647363985,1.205042864346949,Jan–Sep 2025
13205526,38.591483,-90.5899265,41180,15960 Manchester Road,Ellisville,MO,2025-02-13,,2025-02-17,2026-09-21,4942.076923076923,4493.076923076923,,9.993151857558647,,0.774,open,1054898.0,CO,Manchester Rd and Covert Lane,Mo-Su 05:00-20:00,,True,105.0,47.07,store:83732,2,1,1,0,2,39.0,38.0,0,0.405,0,0,155.16,0,0,276.32,0,0,0,1,3,1,1.71,suburban,True,False,2642.6923076923076,26.17,1.870091689710377,1.7986243790599923,Jan–Sep 2025
13205527,44.1231925,-103.0515675,39660,208 Pilot Way,Box Elder,SD,2025-03-10,,2025-03-10,2026-09-21,1517.6923076923076,1659.3846153846157,,-8.538846653068799,,0.125,open,1052881.0,CO,Liberty Blvd & Cimarron Dr,Mo-Fr 04:30-18:30; Sa-Su 05:00-18:30,,True,97.0,15.65,store:81681,2,1,1,0,2,39.0,38.0,0,1.318,0,0,380.95,0,0,1069.24,0,0,0,0,0,0,334.31,low density,True,False,2380.6153846153848,23.69,0.6375210029727284,0.6606162937948501,Jan–Sep 2025
13205528,34.715975,-86.6742385,26620,325 The Bridge St,Huntsville,AL,2025-02-13,,2025-02-17,2026-09-21,1379.6153846153843,1363.5384615384614,,1.179059009364769,,0.25,open,8555100.0,CO,Bridge Street,Mo-Sa 05:00-21:00; Su 07:00-19:00,,True,108.0,12.77,store:85551,1,0,1,0,1,21.0,20.0,0,0.725,0,0,133.73,0,0,210.85,0,0,0,0,4,1,3.36,suburban,True,False,3479.846153846154,31.555,0.3964587293867986,0.4046902234194264,Jan–Sep 2025
13205529,28.524069,-81.193145,36740,1928 S Alafaya Trl,Orlando,FL,2025-02-13,,2025-02-17,2026-09-21,2742.923076923077,2618.076923076923,,4.768620537681811,,0.421,open,1040647.0,CO,Alafaya & Golfway,Mo-Su 05:00-21:00,,True,112.0,24.49,store:70643,2,1,1,0,2,85.0,84.0,0,0.729,0,0,18.22,0,0,18.22,0,0,0,0,5,4,2.12,suburban,True,False,3125.3076923076924,27.13,0.8776489699475745,0.9026907482491706,Jan–Sep 2025
13205531,30.6485785,-87.0558675,37860,5867 Dogwood Dr,Milton,FL,2025-02-13,,2025-02-17,2026-09-21,11746.384615384615,11011.307692307691,,6.6756550958106065,,0.944,open,1054001.0,CO,Dogwood Dr. & Magnolia St,Mo-Su 05:00-20:00,,True,105.0,111.87,store:82758,2,1,1,0,2,21.0,20.0,0,0.17,0,0,246.57,0,0,246.57,0,0,0,0,0,0,8.08,low density,True,False,3792.3846153846152,39.89,3.0973611082939496,2.804462271245926,Jan–Sep 2025
13205532,33.8215725,-84.456431,12060,2414 Marietta Blvd NW,Atlanta,GA,2025-02-13,,2025-02-17,2026-09-21,2263.5384615384614,2247.5384615384614,,0.7118899308645288,,0.495,open,1040255.0,CO,Bolton Rd & Marietta Blvd,Mo-Su 05:00-20:00,,True,105.0,21.56,store:68261,2,1,1,0,2,33.0,32.0,0,0.884,0,1,10.29,0,1,10.29,0,0,0,1,4,3,1.13,suburban,True,False,2357.0384615384614,21.205,0.9603315764567661,1.0167413345908984,Jan–Sep 2025
13205533,36.740035,-76.342627,47260,2621 Moses Grandy Trl,Chesapeake,VA,2025-03-10,,2025-03-10,2026-09-21,2834.076923076923,2572.769230769231,,10.156670453865924,,0.661,open,1042980.0,CO,GW Highway and Moses - Deep Cr,Mo-Fr 04:30-21:00; Sa-Su 05:00-21:00,,True,114.5,24.75,store:71893,2,1,1,0,2,60.0,59.0,0,0.706,0,0,67.32,0,0,248.57,0,0,0,0,0,0,6.37,low density,True,False,2538.8846153846152,22.25,1.116268500704428,1.1123595505617978,Jan–Sep 2025
13205534,40.3803045,-75.9277565,39740,3050 N 5th Street Highway,Reading,PA,2025-03-10,,2025-03-10,2026-09-21,3586.0,3711.307692307693,,-3.376375733206216,,0.714,open,1040385.0,CO,"Reading, Fairgrounds Square",Mo-Su 05:00-21:00,,True,112.0,32.02,store:68972,2,1,1,0,2,69.0,68.0,0,0.558,0,0,44.72,0,0,55.64,0,0,1,2,2,5,1.07,low density,True,False,4497.192307692308,41.42,0.7973864034825148,0.773056494447127,Jan–Sep 2025
13205535,40.5896935,-79.749977,38300,100 Tarentum Bridge Rd,New Kensington,PA,2025-03-10,,2025-03-10,2026-09-21,6188.0,5743.538461538462,,7.738461950553122,,0.914,open,1053254.0,CO,"New Kensington, Riverview Plaz",Mo-Su 05:00-21:00,,True,112.0,55.25,store:82050,2,1,1,0,2,22.0,21.0,0,0.323,0,0,26.59,0,0,26.59,1,0,1,1,2,2,1.82,low density,True,False,2533.1923076923076,24.814999999999998,2.442767562971623,2.2264759218214794,Jan–Sep 2025
13205536,40.814198,-72.646841,35620,195 Mill Rd,Westhampton Beach,NY,2025-02-13,,2025-02-17,2026-09-21,2846.769230769231,2758.769230769231,,3.1898282400178557,,0.746,open,1053532.0,CO,Westhampton Beach-Mill Rd,Mo-Su 05:00-21:00,,True,112.0,25.42,store:82304,2,1,1,0,2,34.0,33.0,0,0.703,0,0,38.44,0,0,79.5,0,1,0,1,0,1,0.84,low density,True,False,1886.0769230769233,17.055,1.5093600880949467,1.4904720023453535,Jan–Sep 2025
13205540,41.572074,-72.638923,25540,42 Marlborough St,Portland,CT,2025-02-13,,2025-02-17,2026-09-21,2036.076923076923,3981.076923076923,,-48.85612706264249,,0.667,open,1039436.0,CO,"Brainerd Place, Portland",Mo-Su 05:00-20:00,,True,105.0,19.39,store:69476,2,1,1,0,2,26.0,25.0,0,0.982,0,0,20.04,0,0,70.7,0,1,0,1,1,6,0.26,low density,True,False,1586.8846153846152,14.35,1.2830655129789865,1.351219512195122,Jan–Sep 2025
13205541,41.7110365,-72.766147,25540,478 Hartford Rd,New Britain,CT,2025-02-13,,2025-02-17,2026-09-21,2059.076923076923,2047.076923076923,,0.5862017135126907,,0.702,open,1045252.0,CO,"New Britain, Hartford Rd",Mo-Su 05:00-21:00,,True,112.0,18.38,store:80453,1,0,1,0,1,15.0,14.0,0,0.486,0,0,15.75,0,0,67.18,1,2,4,2,6,13,0.53,suburban,True,False,1586.8846153846152,14.35,1.2975593203907025,1.2808362369337978,Jan–Sep 2025
13205543,42.500196,-71.1250805,14460,373 Washington St,Woburn,MA,2025-02-13,,2025-02-17,2026-09-21,1216.4615384615386,1188.8461538461538,,2.322872856680691,,0.504,open,1055447.0,CO,Woburn Landing,Mo-Su 04:30-21:00,,True,115.5,10.53,store:84216,2,1,1,0,2,40.0,39.0,0,1.644,0,2,6.6,0,1,14.13,0,3,1,5,7,22,0.29,suburban,True,False,1574.6923076923076,14.28,0.7725074495627963,0.7373949579831932,Jan–Sep 2025
13284974,30.33601,-97.7175605,12420,6903 Airport Blvd,Austin,TX,2024-06-18,,2024-06-24,2026-09-21,810.6153846153846,772.1538461538462,734.3076923076923,4.981071926678626,10.391787135973196,0.065,open,1042004.0,CO,N Lamar Blvd & Airport Blvd,Mo-Fr 04:30-22:00; Sa-Su 05:00-22:00,,True,121.5,6.67,store:71323,2,1,1,0,2,9.0,8.0,0,2.467,0,0,234.3,0,0,666.48,0,0,0,0,7,0,8.76,suburban,True,False,2812.3076923076924,24.259999999999998,0.28823851203501094,0.2749381698268755,Mar–Dec 2024
13284975,45.6046895,-122.5044455,38900,2100 SE 164th Ave,Vancouver,WA,2025-04-03,,2025-04-07,2026-09-21,2453.230769230769,2860.230769230769,,-14.229621063389184,,0.689,open,8539400.0,CO,Fishers Landing Marketplace,Mo-Su 04:00-21:00,,True,119.0,20.62,store:85394,2,1,1,0,2,21.0,20.0,0,0.815,0,3,11.86,0,2,11.86,1,0,3,0,11,0,708.45,urban core,True,False,1589.076923076923,14.38,1.5438086939684383,1.4339360222531294,Jan–Sep 2025
13284976,36.7572585,-119.7369335,23420,5120 N Chestnut Ave,Fresno,CA,2025-04-03,,2025-04-07,2026-09-21,1277.0,1269.5384615384614,,0.5877363063499841,,0.127,open,1030453.0,CO,Chestnut & Olive,Mo-Su 04:30-22:00,,True,122.5,10.42,store:65249,2,1,1,0,2,26.0,25.0,0,1.566,2,2,4.97,0,0,104.46,1,0,2,0,12,0,39.03,urban core,True,False,2665.9615384615386,22.605,0.4790016590925485,0.46095996460959965,Jan–Sep 2025
13284978,34.086282,-117.2615415,40140,1130 E Central Ave,San Bernardino,CA,2025-04-03,,2025-04-07,2026-09-21,1234.1538461538462,907.1538461538462,,36.04680742813533,,0.105,open,1055120.0,CO,Central & Tippecanoe,Mo-Su 04:30-21:00,,True,115.5,10.69,store:83904,2,1,1,0,2,21.0,20.0,0,1.621,0,0,79.37,0,0,98.25,0,0,2,0,7,0,5.78,suburban,True,False,3127.1923076923076,24.89,0.39465236695487477,0.42948975492165525,Jan–Sep 2025
13284981,36.217429,-115.2427195,29820,3131 N Rainbow Blvd,Las Vegas,NV,2025-04-03,,2025-04-07,2026-09-21,4143.7692307692305,3605.153846153846,,14.940149785563396,,0.799,open,1040390.0,CO,Cheyenne and Rainbow,Mo-Fr 04:30-21:00; Sa-Su 05:00-21:00,,True,114.5,36.19,store:67664,1,0,1,0,1,25.0,24.0,0,0.241,0,0,30.67,0,0,353.23,2,0,2,0,16,1,2.86,urban core,True,False,2636.153846153846,21.5,1.5718996206594689,1.6832558139534883,Jan–Sep 2025
13284983,35.066072,-106.4971525,10740,220 Tramway Blvd SE,Albuquerque,NM,2025-04-03,,2025-04-07,2026-09-21,1407.8461538461538,1079.076923076923,,30.467636156258916,,0.127,open,1039759.0,CO,Tramway Blvd & Central Ave - A,Mo-Su 04:30-21:00,,True,115.5,12.19,store:70457,2,1,1,0,2,68.0,67.0,0,1.421,0,0,424.56,0,0,523.49,0,0,0,0,4,1,4.98,suburban,True,False,1934.6153846153843,17.335,0.7277137176938371,0.7032016152293048,Jan–Sep 2025
13284984,35.1040805,-106.5502015,10740,2004 Wyoming Blvd NE,Albuquerque,NM,2025-04-03,,2025-04-07,2026-09-21,3197.4615384615386,2733.6153846153848,,16.968230295185304,,0.709,open,1043112.0,CO,Wyoming & Northeastern,Mo-Su 05:00-21:00,,True,112.0,28.55,store:73074,2,1,1,0,2,16.0,15.0,0,0.625,0,0,429.13,0,0,520.33,0,0,2,0,16,2,2.87,urban core,True,False,1934.6153846153843,17.335,1.6527634194831018,1.646957023363138,Jan–Sep 2025
13284985,38.9335065,-104.740469,17820,6905 Austin Bluffs Pkwy,Colorado Springs,CO,2025-04-03,,2025-04-07,2026-09-21,717.6153846153846,632.1538461538462,,13.519104404964713,,0.097,open,1044074.0,CO,Dublin and Austin Bluffs,Mo-Su 04:30-19:30,,True,105.0,6.83,store:78301,1,0,1,0,1,3.0,2.0,0,1.394,0,0,418.3,0,0,830.41,1,0,3,0,15,1,2.12,urban core,True,False,2050.6153846153848,18.81,0.3499512341510991,0.3631047315257842,Jan–Sep 2025
13284986,35.14461,-101.93743,11100,6023 S Soncy Rd,Amarillo,TX,2025-04-03,,2025-04-07,2026-09-21,7224.153846153846,5665.076923076923,,27.520842951416235,,0.857,open,1055279.0,CO,Hillside & Soncy,Mo-Su 05:00-21:00,,True,112.0,64.5,store:84088,2,1,1,0,2,84.0,83.0,0,0.277,0,1,12.93,0,0,548.64,0,0,1,1,5,1,1.97,suburban,True,False,4866.538461538461,38.870000000000005,1.484454279617482,1.659377411885773,Jan–Sep 2025
13284988,33.1934035,-96.612482,19100,409 S McDonald St,McKinney,TX,2025-03-10,,2025-03-10,2026-09-21,3177.230769230769,2990.846153846154,,6.231835600936186,,0.594,open,1056039.0,CO,S McDonald Street & Bevoe,Mo-Fr 04:30-20:00; Sa-Su 05:00-20:00,,True,107.5,29.56,store:84806,1,0,1,0,1,16.0,15.0,0,0.315,0,0,48.49,0,0,334.04,0,0,0,0,3,1,3.79,suburban,True,False,2957.4615384615386,26.09,1.0743100892137227,1.133001149865849,Jan–Sep 2025
13284990,42.529016,-96.3726615,43580,3094 Floyd Blvd,Sioux City,IA,2025-03-10,,2025-03-10,2026-09-21,2264.846153846154,2328.0,,-2.7127940787734617,,0.286,open,1040674.0,CO,Floyd and N. Valley,Mo-Su 05:00-21:00,,True,112.0,20.22,store:69779,2,1,1,0,2,23.0,22.0,0,0.883,0,0,116.86,0,0,591.02,0,0,0,0,3,0,68.2,suburban,True,False,4085.576923076923,36.480000000000004,0.554351612144034,0.5542763157894736,Jan–Sep 2025
13284991,40.4614735,-86.936144,29200,1625 Sachem Blvd,West Lafayette,IN,2025-04-03,,2025-04-07,2026-09-21,2180.3846153846152,1814.3846153846157,,20.172128714970093,,0.143,open,1055185.0,CO,Sachem Blvd & Cumberland Ave,Mo-Su 05:00-21:00,,True,112.0,19.47,store:83960,2,1,1,0,2,22.0,21.0,0,0.917,0,0,114.66,0,0,130.16,0,0,2,0,6,1,2.09,suburban,True,False,3012.538461538462,26.59,0.7237698848402828,0.7322301617149304,Jan–Sep 2025
13284992,40.5695345,-85.6764045,31980,1005 N Baldwin Ave,Marion,IN,2025-04-03,,2025-04-07,2026-09-21,8144.2307692307695,7922.153846153846,,2.803239212335429,,1.0,open,1054422.0,CO,Baldwin & Raintree,Mo-Fr 04:30-21:00; Sa-Su 05:00-21:00,,True,114.5,71.13,store:83166,2,1,1,0,2,17.0,16.0,0,0.246,0,0,72.49,0,0,194.54,0,1,0,1,1,1,0.23,low density,True,False,4064.1538461538457,35.185,2.0039179316349323,2.0216001136848085,Jan–Sep 2025
13284993,41.179095,-85.08072,23060,5116 E Dupont Rd,Fort Wayne,IN,2025-04-03,,2025-04-07,2026-09-21,1960.6923076923076,1387.4615384615386,,41.31507456894161,,0.333,open,1053636.0,CO,Dupont & Oak Crossing,Mo-Su 04:30-20:00,,True,108.5,18.07,store:82397,2,1,1,0,2,20.0,19.0,0,1.02,0,1,12.14,0,0,187.37,0,1,0,1,2,1,0.28,low density,True,False,3346.846153846154,30.505,0.5858328161989473,0.5923619078839535,Jan–Sep 2025
13284994,39.493411,-84.332227,17140,6730 Roosevelt Ave,Middletown,OH,2025-03-10,,2025-03-10,2026-09-21,280.15384615384613,329.9230769230769,,-15.085101422242952,,0.026,open,1052568.0,CO,"Roosevelt Ave, Middletown",Mo-Su 04:30-20:00,,True,108.5,2.58,store:81367,2,1,1,0,2,72.0,71.0,0,7.139,0,0,31.89,0,0,283.77,1,0,1,0,1,1,2.2,low density,True,False,3460.230769230769,33.4,0.0809639197029989,0.07724550898203593,Jan–Sep 2025
13284995,41.6420995,-81.4234795,17460,36900 Vine St,Willoughby,OH,2025-04-03,,2025-04-07,2026-09-21,2186.769230769231,2307.4615384615386,,-5.230523052305225,,0.475,open,1054555.0,CO,Vine St & Lakeland Fwy,Mo-Su 05:00-20:00,,True,105.0,20.83,store:83301,2,1,1,0,2,41.0,40.0,0,0.915,0,0,66.57,0,0,66.57,0,0,2,1,5,3,1.95,suburban,True,False,2272.576923076923,21.46,0.9622421175554692,0.9706430568499533,Jan–Sep 2025
13284998,26.493671,-81.8057735,15980,17021 Three Oaks Marketplace Dr,Fort Myers,FL,2025-03-10,,2025-03-10,2026-09-21,8274.846153846154,7527.461538461538,,9.928773618647636,,0.944,open,1052938.0,CO,Alico & Oriole,Mo-Su 05:00-21:00,,True,112.0,73.88,store:81615,2,1,1,0,2,21.0,20.0,0,0.242,0,0,39.12,0,0,39.12,0,1,1,2,3,4,0.19,suburban,True,False,2508.846153846154,23.07,3.298267668250805,3.202427394885132,Jan–Sep 2025
13284999,28.40051,-81.4878455,36740,7563 Redmond Dr,Orlando,FL,2025-04-03,,2025-04-07,2026-09-21,996.8461538461538,1044.0,,-4.516651930445037,,0.046,open,1052194.0,CO,Daryl Carter & Palm Pkwy,Mo-Su 05:00-21:00,,True,112.0,8.9,store:80965,2,1,1,0,2,21.0,20.0,0,2.006,0,0,18.67,0,0,18.67,1,1,3,1,11,4,0.16,urban core,True,False,3125.3076923076924,27.13,0.31895936400108293,0.32805012900847774,Jan–Sep 2025
13285000,30.2029645,-84.367054,45220,2405 Crawfordville Hwy,Crawfordville,FL,2025-04-03,,2025-04-07,2026-09-21,1565.5384615384614,1503.2307692307693,,4.144918636782302,,0.35,open,1054007.0,CO,Crawfordville Hwy & Songbird A,Mo-Fr 04:30-20:00; Sa-Su 05:00-20:00,,True,107.5,14.56,store:82759,2,1,1,0,2,47.0,46.0,0,1.278,0,0,125.6,0,0,311.72,0,0,0,0,0,0,21.55,low density,True,False,3087.6153846153848,28.34,0.5070380428012655,0.5137614678899083,Jan–Sep 2025
13285005,40.833048,-75.2973525,10900,6669 Sullivan Trl,Wind Gap,PA,2025-04-03,,2025-04-07,2026-09-21,942.4615384615385,914.6153846153846,,3.0445752733389453,,0.207,open,1038057.0,CO,"Wind Gap, Sullivan Trail",Mo-Su 05:00-20:00,,True,105.0,8.98,store:69651,2,1,1,0,2,24.0,23.0,0,2.122,0,0,51.35,0,0,51.35,0,1,0,1,0,1,0.61,low density,True,False,2717.846153846154,24.27,0.34676780255858713,0.37000412031314384,Jan–Sep 2025
13285008,41.315229,-74.13705,35620,5 Locey Ln,Harriman,NY,2025-03-10,,2025-03-10,2026-09-21,2220.923076923077,2433.076923076923,,-8.719570028453983,,0.609,open,1045229.0,CO,Harriman,Mo-Su 05:00-21:00,,True,112.0,19.83,store:80432,2,1,1,0,2,20.0,19.0,0,0.901,0,0,30.43,0,0,35.79,2,1,2,1,2,2,0.18,low density,True,False,1886.0769230769233,17.055,1.1775357885721276,1.1627088830255057,Jan–Sep 2025
13368105,33.5380685,-112.169514,38060,5123 W Glendale Ave,Glendale,AZ,2024-10-12,,2024-10-14,2026-09-21,3182.0,3142.153846153846,,1.26811594202898,,0.624,open,1043008.0,CO,51st Ave & Glendale,Mo-Su 04:30-21:30,,True,119.0,26.74,store:71827,2,1,1,0,2,39.0,38.0,0,0.629,0,0,19.49,0,0,19.49,0,0,0,0,5,1,3.23,suburban,True,False,2914.6923076923076,24.67,1.0917104325565439,1.083907580056749,Mar–Dec 2024
13368106,36.1963865,-115.133576,29820,540 E Lake Mead Blvd S,North Las Vegas,NV,2025-05-06,,2025-05-12,2026-09-21,1564.7692307692307,1514.6923076923076,,3.3060789193032347,,0.253,open,1025662.0,CO,5th & Lake Mead Blvd.,Mo-Su 04:30-21:00,,True,115.5,13.55,store:56301,2,1,1,0,2,26.0,25.0,0,1.278,0,0,22.14,0,0,362.18,0,0,1,1,13,3,1.03,urban core,True,False,2636.153846153846,21.5,0.5935803910125473,0.6302325581395349,Jan–Sep 2025
13368108,40.645191,-75.3453945,10900,2675 Easton Ave,Bethlehem,PA,2024-10-12,,2024-10-14,2026-09-21,2364.076923076923,2257.5384615384614,,4.719231293444182,,0.483,open,1052504.0,CO,2675 Easton Ave,Mo-Su 05:00-20:00,,True,105.0,22.52,store:81333,1,0,1,0,1,20.0,19.0,0,0.423,0,0,43.63,0,0,43.63,0,1,0,1,3,6,0.58,suburban,True,False,2717.846153846154,24.27,0.8698347107438016,0.9278945199835188,Mar–Dec 2024
13368109,35.9044865,-84.1420265,28940,356 Lovell Rd,Knoxville,TN,2024-10-12,,2024-10-14,2026-09-21,2924.923076923077,2900.3076923076924,,0.8487163165711964,,0.412,open,1053582.0,CO,40 & Lovell Rd,Mo-Su 04:30-21:00,,True,115.5,25.32,store:82396,2,1,1,0,2,22.0,21.0,0,0.684,0,0,20.88,0,0,20.88,1,0,2,0,8,2,3.06,suburban,True,False,4251.538461538462,36.81,0.6879681563235028,0.6878565607171964,Mar–Dec 2024
13368110,33.8411935,-87.23929,13820,3175 E Hwy 78,Jasper,AL,2024-12-03,,2024-12-09,2026-09-21,6854.153846153846,6747.692307692308,,1.577747378020966,,0.895,open,1044198.0,CO,Hwy 78 & Viking Dr,Mo-Su 05:00-20:00,,True,105.0,65.28,store:78410,2,1,1,0,2,19.0,18.0,0,0.292,0,0,53.5,0,0,116.46,0,1,0,1,0,1,0.78,low density,True,False,4102.923076923077,37.98,1.6705538265401776,1.718799368088468,Mar–Dec 2024
13368111,41.6834175,-88.380896,16980,3443 Orchard Rd,Oswego,IL,2025-01-20,,2025-01-20,2026-09-21,3708.076923076923,3256.4615384615386,,13.86828553881041,,0.82,open,1054198.0,CO,US34 & Orchard,Mo-Fr 04:30-21:00; Sa-Su 05:00-21:00,,True,114.5,32.38,store:83045,1,0,1,0,1,22.0,21.0,0,0.27,1,2,2.45,1,1,2.45,1,1,1,1,2,1,0.44,low density,True,False,2219.6923076923076,20.33,1.6705364568893817,1.59272011805214,Jan–Sep 2025
13368112,36.0365725,-114.9956855,29820,386 W Lake Mead Pkwy,Henderson,NV,2025-05-06,,2025-05-12,2026-09-21,2639.846153846154,2521.846153846154,,4.679111761835042,,0.541,open,1044743.0,CO,Lake Mead Pkwy & Basic Rd-Hend,Mo-Su 04:00-20:00,,True,112.0,23.57,store:78969,2,1,1,0,2,89.0,88.0,0,0.758,1,1,1.3,0,0,370.64,1,0,2,0,14,1,3.09,urban core,True,False,2636.153846153846,21.5,1.0014006419608987,1.0962790697674418,Jan–Sep 2025
13368115,38.9227435,-94.6495745,28140,11350 Nall Ave,Overland Park,KS,2025-05-06,,2025-05-12,2026-09-21,3660.230769230769,3594.0,,1.8428149479902345,,0.613,open,1052408.0,CO,115th & Nall,Mo-Su 04:30-20:00,,True,108.5,33.73,store:81153,2,1,1,0,2,68.0,67.0,0,0.546,0,0,308.72,0,0,329.85,0,0,3,0,8,0,5.19,suburban,True,False,3519.3846153846152,32.21,1.0400201084105614,1.047190313567215,Jan–Sep 2025
13368117,31.9210935,-102.291803,36220,8011 Hwy 191 Sr Wb,Odessa,TX,2024-12-27,,2024-12-30,2026-09-21,4559.923076923077,3545.3846153846152,,28.61575178997615,,0.625,open,1053777.0,CO,Faudree & 191,Mo-Su 04:30-22:00,,True,122.5,37.22,store:82535,2,1,1,0,2,40.0,39.0,0,0.439,0,1,11.03,0,0,746.96,0,0,0,0,1,0,6.37,low density,True,False,4843.692307692308,38.75,0.941414686825054,0.960516129032258,Mar–Dec 2024
13368118,29.213625,-82.1982035,36100,2555 NW 46th Ter,Ocala,FL,2024-12-27,,2024-12-30,2026-09-21,3852.5384615384614,3712.846153846154,,3.7624049557668737,,0.556,open,1055014.0,CO,US Hwy 27 & NW 46th Terrace,Mo-Su 04:30-20:00,,True,108.5,35.51,store:83728,2,1,1,0,2,21.0,20.0,0,0.519,0,0,109.55,0,0,109.55,0,1,0,1,0,2,0.18,low density,True,False,3974.6153846153848,34.71,0.9692858525256435,1.0230481129357534,Mar–Dec 2024
13368121,29.891327,-97.912597,12420,1430 N IH 35,San Marcos,TX,2024-10-12,,2024-10-14,2026-09-21,6556.692307692308,6491.307692307692,,1.007264152061338,,0.951,open,1043258.0,CO,I-35 and Aquarena Springs,Mo-Su 04:30-21:00,,True,115.5,56.77,store:74030,2,1,1,0,2,23.0,22.0,0,0.305,0,0,283.85,0,0,718.96,0,0,0,0,3,1,2.92,suburban,True,False,2812.3076923076924,24.259999999999998,2.3314277899343545,2.3400659521846663,Mar–Dec 2024
13368122,32.766697,-96.875523,19100,3413 Canyon Bluff Blvd,Dallas,TX,2024-12-27,,2024-12-30,2026-09-21,1326.1538461538462,1153.8461538461538,,14.933333333333332,,0.161,open,1043375.0,CO,I-30 & Westmoreland Rd,Mo-Su 04:30-22:00,,True,122.5,10.83,store:74057,2,1,1,0,2,24.0,23.0,0,1.508,0,0,28.29,0,0,385.24,0,0,2,0,3,0,6.26,suburban,True,False,2957.4615384615386,26.09,0.4484094987905428,0.41510157148332694,Mar–Dec 2024
13368123,38.526277,-90.3635545,41180,5266 S Lindbergh Blvd,St. Louis,MO,2025-05-31,,2025-06-02,2026-09-21,6156.538461538462,5020.0,,22.640208397180505,,0.887,open,1052512.0,CO,S Lindbergh and Baptist Church,Mo-Su 05:00-20:00,,True,105.0,58.63,store:81373,2,1,1,0,2,21.0,20.0,0,0.325,0,0,152.55,0,0,260.62,0,0,0,0,6,0,5.48,suburban,True,False,2642.6923076923076,26.17,2.329646339688546,2.2403515475735576,Jan–Sep 2025
13368124,39.9212715,-88.954702,19500,960 South Route 51,Forsyth,IL,2024-10-12,,2024-10-14,2026-09-21,3644.846153846154,3451.769230769231,,5.593564058565281,,0.25,open,1038436.0,CO,US-51 & Marion Ave,Mo-Su 05:00-21:00,,True,112.0,32.54,store:68779,2,1,1,0,2,25.0,24.0,0,0.549,0,0,61.36,0,0,192.91,0,0,0,0,2,1,4.89,low density,True,False,4507.846153846154,39.37,0.808556021978772,0.8265176530353061,Mar–Dec 2024
13368126,29.8415345,-81.365125,27260,40 Sembler Dr,St Augustine,FL,2025-06-24,,2025-06-30,2026-09-21,4320.153846153846,3788.846153846154,,14.022941833316406,,0.863,open,1044504.0,CO,FL 207 Brinkhoff Rd,Mo-Su 05:00-20:00,,True,105.0,41.14,store:78778,1,0,1,0,1,23.0,22.0,0,0.231,0,1,8.36,0,0,144.91,0,0,0,1,0,2,1.68,low density,True,False,2558.461538461538,23.61,1.6885748647023453,1.7424819991529015,Jan–Sep 2025
13368129,25.922274,-97.4833445,15180,2491 Boca Chica Blvd,Brownsville,TX,2025-05-06,,2025-05-12,2026-09-21,4664.846153846154,4445.384615384615,,4.936840283786137,,0.167,open,1052524.0,CO,Boca Chica Blvd & Los Ebnos Bl,Mo-Fr 04:30-23:00; Sa-Su 05:00-23:30,,True,129.5,36.02,,0,0,0,0,0,,,0,0.0,0,0,725.6,0,0,1112.81,0,1,0,1,1,1,0.13,low density,True,False,6479.7692307692305,49.575,0.7199093035127083,0.7265758951084216,Jan–Sep 2025
13368130,43.051915,-76.184547,45060,1525 W Genesee St,Syracuse,NY,2025-06-24,,2025-06-30,2026-09-21,2040.5384615384617,1890.3846153846157,,7.943031536113931,,0.35,open,1052719.0,CO,"Tipperary Hill, 1525 W. Genese",Mo-Su 05:00-21:00,,True,112.0,18.22,store:81547,2,1,1,0,2,89.0,88.0,0,0.98,0,0,280.29,0,0,286.41,0,0,0,2,5,11,1.1,suburban,True,False,4421.846153846154,42.82,0.46146753879340335,0.42550210182157866,Jan–Sep 2025
13368131,38.4076075,-121.3855825,40900,9650 E Stockton Blvd,Elk Grove,CA,2024-10-12,,2024-10-14,2026-09-21,2544.3076923076924,2459.769230769231,,3.4368452325108656,,0.65,open,1040697.0,CO,Hwy 99 & E. Stockton Blvd,Mo-Su 04:30-20:00,,True,108.5,23.45,store:68384,2,1,1,0,2,25.0,24.0,0,0.786,0,0,102.49,0,0,114.61,1,0,2,0,7,0,5.91,suburban,True,False,2184.6153846153848,19.380000000000003,1.1646478873239436,1.2100103199174406,Mar–Dec 2024
13368133,46.6162485,-112.00687,25740,1919 E Custer Ave,Helena,MT,2024-10-12,,2024-10-14,2026-09-21,1860.7692307692307,1816.5384615384617,,2.4348930764344745,,0.5,open,1053133.0,CO,I-15 and Custer - Helena,Mo-Su 05:00-19:00,,True,98.0,18.99,store:81953,2,1,1,0,2,79.0,78.0,0,1.075,0,0,285.27,0,0,381.12,0,0,1,0,5,0,611.88,suburban,True,False,3779.1153846153848,36.230000000000004,0.4923822221317565,0.5241512558653049,Mar–Dec 2024
13368134,34.247206,-118.2791285,31080,6736 Foothill Blvd,Tujunga,CA,2025-05-06,,2025-05-12,2026-09-21,2057.230769230769,1912.4615384615383,,7.569785214383384,,0.552,open,1039502.0,CO,Foothill & Haines Canyon,Mo-Fr 04:30-22:00; Sa-Su 05:00-22:00,,True,121.5,16.93,store:68013,2,1,1,0,2,81.0,80.0,0,0.972,0,0,25.07,0,0,46.21,0,0,1,0,6,0,7.58,suburban,True,False,1957.0769230769229,16.145,1.0511752220737363,1.0486218643542893,Jan–Sep 2025
13368135,33.391688,-112.047824,38060,6032 S 16th St,Phoenix,AZ,2024-10-12,,2024-10-14,2026-09-21,2221.153846153846,2009.7692307692307,,10.517855092433129,,0.393,open,1037976.0,CO,16th & Southern,Mo-Sa 04:00-21:30; Su 04:30-21:30,,True,122.0,18.21,store:68719,2,1,1,0,2,81.0,80.0,0,0.9,0,1,11.73,0,1,11.73,1,0,2,0,3,1,3.83,suburban,True,False,2914.6923076923076,24.67,0.7620543136892666,0.7381434941224159,Mar–Dec 2024
13368136,41.929187,-70.6582645,14460,75 Long Pond Rd,Plymouth,MA,2025-06-24,,2025-06-30,2026-09-21,1733.8461538461538,1600.0,,8.365384615384608,,0.709,open,1044899.0,CO,"Plymouth, Long Pond Road",Mo-Su 04:30-20:00,,True,108.5,15.98,store:79874,2,1,1,0,2,31.0,30.0,0,1.154,0,0,61.87,0,0,61.87,0,1,0,2,2,5,0.46,low density,True,False,1574.6923076923076,14.28,1.1010698060671193,1.119047619047619,Jan–Sep 2025
13368137,27.781145,-82.679009,45300,3355 9th Ave N,St Petersburg,FL,2025-05-31,,2025-06-02,2026-09-21,1572.076923076923,1354.4615384615386,,16.06656065424805,,0.258,open,1052158.0,CO,34th St & 9th Ave N,Mo-Su 05:00-20:00,,True,105.0,14.97,store:80964,2,1,1,0,2,21.0,20.0,0,1.272,1,1,4.1,1,1,4.1,0,1,1,2,5,7,0.22,suburban,True,False,2850.769230769231,25.96,0.5514570966001079,0.5766563944530047,Jan–Sep 2025
13368138,29.918648,-81.4154405,27260,2510 County Road 208,St Augustine,FL,2024-11-08,,2024-11-11,2026-09-21,3716.153846153846,3217.923076923077,,15.482991896349764,,0.767,open,1044503.0,CO,SR 16 & CR 208,Mo-Su 05:00-20:00,,True,105.0,35.39,store:78777,2,1,1,0,2,23.0,22.0,0,0.538,0,1,10.12,0,0,153.52,1,1,1,1,1,1,0.97,low density,True,False,2558.461538461538,23.61,1.4524954900781721,1.4989411266412538,Mar–Dec 2024
13368139,40.6504375,-73.9594585,35620,2101 Church Ave,Brooklyn,NY,2024-12-03,,2024-12-09,2026-09-21,2001.076923076923,2677.846153846154,,-25.27289440422843,,0.559,open,1055654.0,CO,2101 Church Ave,Mo-Su 05:00-21:00,,True,112.0,17.87,store:84386,2,1,1,0,2,88.0,87.0,0,0.999,0,4,10.42,0,0,45.74,0,5,0,14,21,67,0.08,urban core,True,False,1886.0769230769233,17.055,1.0609731228842936,1.047786572852536,Mar–Dec 2024
13368140,40.5599365,-122.2389815,39820,9390 Deschutes Rd,Palo Cedro,CA,2025-05-06,,2025-05-12,2026-09-21,1632.3076923076924,1429.3076923076924,,14.202680157149782,,0.133,open,1054832.0,CO,Deschutes Rd - Palo Cedro,Mo-Su 05:00-19:00,,True,98.0,16.66,store:83611,2,1,1,0,2,24.0,23.0,0,1.225,0,0,98.55,0,0,98.55,0,0,0,0,0,0,165.87,low density,True,False,2727.230769230769,24.95,0.5985220285440289,0.6677354709418838,Jan–Sep 2025
13368141,28.3460745,-81.6493395,36740,9030 W Irlo Bronson Memorial Hwy,Kissimmee,FL,2025-01-20,,2025-01-20,2026-09-21,4787.153846153846,4355.153846153846,,9.919282194393908,,0.796,open,1052238.0,CO,US 192 & Westside Blvd,Mo-Su 05:00-20:30,,True,108.5,44.12,store:81064,2,1,1,0,2,21.0,20.0,0,0.418,0,0,34.0,0,0,34.0,0,1,0,1,5,3,0.5,suburban,True,False,3125.3076923076924,27.13,1.531738413448522,1.6262440103206781,Jan–Sep 2025
13368142,40.4451835,-75.955304,39740,64 Cherry St,Leesport,PA,2025-05-31,,2025-06-02,2026-09-21,1176.4615384615386,1159.2307692307693,,1.4863968148639772,,0.429,open,1044971.0,CO,"Leesport, Cherry Street",Mo-Su 05:00-20:00,,True,105.0,11.2,store:79963,2,1,1,0,2,69.0,68.0,0,1.7,0,0,51.19,0,0,61.77,0,1,0,1,0,2,0.28,low density,True,False,4497.192307692308,41.42,0.2615991173980347,0.2704007725736359,Jan–Sep 2025
13368143,33.624703,-112.416621,38060,16610 W Greenway Rd,Surprise,AZ,2025-05-06,,2025-05-12,2026-09-21,2533.3846153846152,2270.0,,11.602846492714324,,0.477,open,1044753.0,CO,Loop 303 & Greenway,Mo-Su 04:00-21:00,,True,119.0,21.29,store:78985,2,1,1,0,2,60.0,59.0,0,0.789,0,0,37.07,0,0,37.07,1,0,3,1,9,1,1.59,suburban,True,False,2914.6923076923076,24.67,0.8691773772135863,0.8629914876368058,Jan–Sep 2025
13368144,38.992694,-94.694869,28140,9385 W 75th St,Overland Park,KS,2025-01-20,,2025-01-20,2026-09-21,3211.0,2915.3846153846152,,10.13984168865436,,0.559,open,1038501.0,CO,75th Street & Frontage Rd,Mo-Su 04:30-20:00,,True,108.5,29.59,store:70737,2,1,1,0,2,23.0,22.0,0,0.623,0,0,302.39,0,0,335.73,0,0,0,0,11,3,2.32,urban core,True,False,3519.3846153846152,32.21,0.9123754152823921,0.9186588016144054,Jan–Sep 2025
13368145,40.698929,-73.91889,35620,452 Knickerbocker Ave,Brooklyn,NY,2024-10-12,,2024-10-14,2026-09-21,1601.4615384615386,1845.2307692307693,,-13.21077205269301,,0.433,open,1045311.0,CO,452 Knickerbocker,Mo-Su 05:00-21:00,,True,112.0,14.3,store:80520,2,1,1,0,2,48.0,47.0,0,1.249,0,4,10.34,0,0,39.5,1,4,2,11,10,55,0.02,urban core,True,False,1886.0769230769233,17.055,0.8490966189485705,0.8384637936089124,Mar–Dec 2024
13368147,26.2790135,-80.097397,33100,3895 N Federal Hwy,Pompano Beach,FL,2025-05-06,,2025-05-12,2026-09-21,2859.076923076923,2436.3846153846152,,17.349161746598043,,0.6,open,1037930.0,CO,US 1 & 39th,Mo-Su 05:00-21:00,,True,112.0,25.53,store:69062,2,1,1,0,2,18.0,17.0,0,0.7,0,0,17.86,0,0,17.86,0,2,0,2,3,6,0.72,suburban,True,False,2690.576923076923,24.175,1.0626259738403259,1.0560496380558428,Jan–Sep 2025
13368148,41.42735,-87.75359,16980,5828 W Monee Manhattan Rd,Monee,IL,2025-06-24,,2025-06-30,2026-09-21,3699.230769230769,3227.3846153846152,,14.620078177137952,,0.818,open,1054446.0,CO,Monee Manhattan & Hamilton,Mo-Fr 04:30-20:00; Sa-Su 05:00-20:00,,True,107.5,34.41,store:83268,1,0,1,0,1,13.0,12.0,0,0.27,0,1,13.17,0,1,13.17,0,1,0,1,0,1,0.31,low density,True,False,2219.6923076923076,20.33,1.6665511505406154,1.6925725528775208,Jan–Sep 2025
13368150,37.7394555,-121.416284,44700,630 E 11th St,Tracy,CA,2025-04-03,,2025-04-07,2026-09-21,1674.7692307692307,1754.0,,-4.517147618629947,,0.145,open,1040705.0,CO,11th & MacArthur,Mo-Su 04:00-21:00,,True,119.0,14.07,store:68276,2,1,1,0,2,44.0,43.0,0,1.194,0,0,75.48,0,0,88.28,0,0,0,0,7,1,3.18,suburban,True,False,3049.6153846153848,26.22,0.5491739185269264,0.5366132723112128,Jan–Sep 2025
13368151,35.615226,-119.6567905,12540,14814 Aloma St,Lost Hills,CA,2024-12-27,,2024-12-30,2026-09-21,1894.1538461538464,1889.7692307692307,,0.2320185614849146,,0.268,open,1044760.0,CO,I-5 & Hwy 46,Mo-Th 04:30-21:30; Fr-Su 04:30-22:00,,True,120.5,15.72,store:78990,2,1,1,0,2,73.0,72.0,0,1.056,0,0,51.64,0,0,63.72,0,0,0,0,0,0,53.7,low density,True,False,2819.1923076923076,23.23,0.671878197519748,0.6767111493758071,Mar–Dec 2024
13368152,33.508167,-84.1434345,12060,5915 East Lake Pkwy,McDonough,GA,2025-04-03,,2025-04-07,2026-09-21,3908.3846153846152,4022.4615384615386,,-2.835997858180994,,0.758,open,1055849.0,CO,Hwy 155 & East Lake,Mo-Fr 04:30-20:00; Sa-Su 05:00-20:00,,True,107.5,36.36,store:84719,2,1,1,0,2,36.0,35.0,0,0.512,0,1,6.77,0,1,6.77,1,1,1,1,1,1,0.32,low density,True,False,2357.0384615384614,21.205,1.658176003133006,1.7146899316199011,Jan–Sep 2025
13368154,34.279318,-118.418047,31080,13100 Paxton St,Pacoima,CA,2025-05-06,,2025-05-12,2026-09-21,1956.6153846153843,1767.2307692307693,,10.71646208757726,,0.51,open,1038701.0,CO,Paxton & Glenoaks,Mo-Su 04:30-22:00,,True,122.5,15.97,store:47921,2,1,1,0,2,28.0,27.0,0,1.022,0,0,35.82,0,0,51.34,0,0,2,0,6,1,4.95,suburban,True,False,1957.0769230769229,16.145,0.9997641694835311,0.9891607308764324,Jan–Sep 2025
13368156,34.013438,-117.461742,40140,4134 Pyrite Street,Jurupa Valley,CA,2024-10-12,,2024-10-14,2026-09-21,1961.3846153846157,1434.0,,36.77716983156314,,0.213,open,1029271.0,CO,Pyrite & 60 Fwy,Mo-Fr 04:00-23:00; Sa-Su 04:30-23:00,,True,132.0,14.86,store:65117,2,1,1,0,2,25.0,24.0,0,1.02,0,0,61.16,0,0,78.31,0,0,0,0,4,0,7.7,suburban,True,False,3127.1923076923076,24.89,0.6272030698463849,0.597026918441141,Mar–Dec 2024
13368158,29.5437125,-95.5462,26420,8225 Hwy 6,Missouri City,TX,2024-10-12,,2024-10-14,2026-09-21,2958.4615384615386,2626.0,,12.660378463881903,,0.535,open,1039374.0,CO,Hwy 6 and Oyster Creek Place,Mo-Fr 04:30-21:00; Sa-Su 05:00-21:00,,True,114.5,25.84,store:68629,2,1,1,0,2,25.0,24.0,0,0.676,0,0,386.99,0,0,723.74,0,0,0,0,5,1,2.88,suburban,True,False,2764.3846153846152,24.21,1.0702061941731364,1.067327550598926,Mar–Dec 2024
13368159,43.094005,-76.1730025,45060,104 Elwood Davis Rd,Liverpool,NY,2025-05-06,,2025-05-12,2026-09-21,2679.4615384615386,2433.923076923077,,10.0881767327202,,0.5,open,1053333.0,CO,Elwood Davis Rd and 7th North,Mo-Su 04:30-20:00,,True,108.5,24.7,store:82152,2,1,1,0,2,21.0,20.0,0,0.746,0,0,282.9,0,0,283.01,0,1,0,2,2,12,0.39,low density,True,False,4421.846153846154,42.82,0.6059599192818871,0.5768332554880896,Jan–Sep 2025
13368161,39.7271975,-85.9131665,26900,4007 S 600 W,New Palestine,IN,2024-10-12,,2024-10-14,2026-09-21,3526.769230769231,3566.0,,-1.1001337417489876,,0.646,open,1051937.0,CO,US-52 & Mt Comfort Rd.,Mo-Fr 04:30-20:00; Sa-Su 05:00-20:00,,True,107.5,32.81,store:80756,2,1,1,0,2,22.0,21.0,0,0.567,0,0,138.93,0,0,245.48,0,0,0,0,0,0,15.6,low density,True,False,2899.1538461538457,26.285,1.2164822627291785,1.2482404413163402,Mar–Dec 2024
13368162,34.4256995,-119.6839695,42200,402 N Milpas St,Santa Barbara,CA,2025-04-03,,2025-04-07,2026-09-21,1546.3846153846157,1356.923076923077,,13.96258503401362,,0.353,open,1054451.0,CO,Milpas & Gutierrez,Mo-Su 05:00-21:00,,True,112.0,13.81,store:83177,2,1,1,0,2,21.0,20.0,0,1.293,1,1,1.41,1,1,1.41,0,0,2,0,6,0,63.53,suburban,True,False,1960.5384615384614,16.865000000000002,0.788755051594931,0.8188556181440854,Jan–Sep 2025
13368163,38.9894005,-94.27397,28140,3101 SW 7 Hwy,Blue Springs,MO,2024-10-12,,2024-10-14,2026-09-21,3145.923076923077,2812.923076923077,,11.838219208050749,,0.532,open,1052402.0,CO,Hwy 7 & Moreland School Rd,Mo-Su 04:30-20:00,,True,108.5,28.99,store:81150,1,0,1,0,1,11.0,10.0,0,0.318,0,0,294.02,0,0,349.77,0,0,1,0,3,1,4.88,suburban,True,False,3519.3846153846152,32.21,0.8938844203532087,0.9000310462589257,Mar–Dec 2024
13368165,44.2820705,-96.7689675,15100,2008 22nd Ave S,Brookings,SD,2025-01-20,,2025-01-20,2026-09-21,2148.3076923076924,3021.769230769231,,-28.905633480131353,,0.5,open,1053080.0,CO,20th and 22nd - Brookings,Mo-Su 05:00-20:00,,True,105.0,20.46,store:81907,2,1,1,0,2,5.0,4.0,0,0.931,0,0,81.77,0,0,571.98,0,0,1,0,3,0,220.29,suburban,True,False,2906.3846153846152,27.68,0.7391684090728635,0.7391618497109826,Jan–Sep 2025
13368166,31.941182,-102.372717,36220,1923 E 87th St,Odessa,TX,2024-10-12,,2024-10-14,2026-09-21,3166.153846153846,2956.4615384615386,,7.0926783577041075,,0.375,open,1052548.0,CO,87th Street & Loop 338,Mo-Su 04:30-22:00,,True,122.5,25.85,store:81170,1,0,1,0,1,18.0,17.0,0,0.316,0,1,10.63,0,0,751.31,0,0,0,0,0,0,8.58,low density,True,False,4843.692307692308,38.75,0.6536653538305172,0.6670967741935484,Mar–Dec 2024
13368167,27.427857,-80.3263295,38940,2039 S US Highway 1,Fort Pierce,FL,2025-01-20,,2025-01-20,2026-09-21,2716.076923076923,1941.1538461538464,,39.92074499702794,,0.385,open,1053152.0,CO,US-1 & Virginia,Mo-Su 05:00-21:00,,True,112.0,24.25,store:81962,2,1,1,0,2,21.0,20.0,0,0.736,0,0,17.5,0,0,17.5,0,2,0,2,0,7,0.15,low density,True,False,2887.923076923077,25.79,0.9404948991822708,0.9402869329197364,Jan–Sep 2025
13368169,34.4150045,-118.5614945,31080,26575 McBean Pkwy,Valencia,CA,2025-02-13,,2025-02-17,2026-09-21,2908.230769230769,2790.0,,4.237661979597451,,0.767,open,12824.0,CO,McBean & Mall Entrance,Mo-Su 04:30-22:00,,True,122.5,23.74,store:06810,2,1,1,0,2,16.0,15.0,0,0.688,0,0,53.93,0,0,69.79,1,0,4,0,14,1,2.41,urban core,True,False,1957.0769230769229,16.145,1.4860073893561827,1.4704242799628366,Jan–Sep 2025
13368171,38.0191165,-121.9654135,41860,2311 W. Leland Rd,Pittsburg,CA,2025-05-06,,2025-05-12,2026-09-21,1914.076923076923,1786.4615384615386,,7.143472270065443,,0.674,open,1045247.0,CO,San Marco & W. Leland,Mo-Fr 04:00-22:30; Sa-Su 05:00-22:30,,True,127.5,15.01,store:80446,2,1,1,0,2,26.0,25.0,0,1.045,0,0,35.91,0,0,48.21,0,0,1,0,1,0,6.46,low density,True,False,1348.923076923077,12.07,1.418966697080292,1.2435791217895609,Jan–Sep 2025
13368172,35.6061115,-95.9621935,46140,1820 S Wood Dr,Okmulgee,OK,2024-10-12,,2024-10-14,2026-09-21,2982.923076923077,3625.692307692307,,-17.7281792336742,,0.486,open,1040071.0,CO,Hwy 75 & 20th Street,Mo-Su 05:00-21:00,,True,112.0,26.63,store:68848,2,1,1,0,2,73.0,72.0,0,0.67,0,0,60.98,0,0,60.98,0,0,0,0,0,0,50.65,low density,True,False,3429.0,29.939999999999998,0.8699104919577361,0.8894455577822311,Mar–Dec 2024
13368174,42.350611,-71.07464,14460,500 Boylston St,Boston,MA,2024-11-08,,2024-11-11,2026-09-21,1062.6923076923076,915.3846153846154,,16.092436974789905,,0.418,open,1045276.0,CO,500 Boylston St,Mo-Su 04:30-21:00,,True,115.5,9.2,store:80448,2,1,1,0,2,40.0,39.0,0,1.882,1,3,3.85,1,2,3.85,7,5,17,40,52,99,0.34,urban core,True,False,1574.6923076923076,14.28,0.6748571149430902,0.6442577030812324,Mar–Dec 2024
13368175,41.3733855,-75.701802,42540,3500 Birney Ave,Moosic,PA,2025-05-06,,2025-05-12,2026-09-21,3619.3846153846152,3533.923076923077,,2.418319148473036,,0.643,open,1039445.0,CO,"Moosic, Birney Plaza",Mo-Su 05:00-22:00,,True,119.0,30.41,store:69586,2,1,1,0,2,17.0,16.0,0,0.553,0,0,119.05,0,0,119.05,0,2,0,3,2,6,0.16,low density,True,False,3257.846153846154,28.45,1.1109746883264071,1.0688927943760984,Jan–Sep 2025
13368177,40.2266375,-76.9395635,25420,3433 Simpson Ferry Road,Camp Hill,PA,2024-10-12,,2024-10-14,2026-09-21,1163.076923076923,1152.076923076923,,0.9547973559457912,,0.485,open,1052394.0,CO,"3433 Simpson Ferry Rd, Camp Hi",Mo-Su 05:00-21:00,,True,112.0,10.38,store:81159,2,1,1,0,2,50.0,49.0,0,1.72,0,1,9.7,0,1,9.7,0,0,2,0,4,4,2.99,suburban,True,False,1533.6153846153843,14.54,0.7583889251141096,0.7138927097661624,Mar–Dec 2024
13368178,41.740908,-72.176356,49340,6 N Ridge Dr,North Windham,CT,2025-01-20,,2025-01-20,2026-09-21,942.9230769230768,1081.0,,-12.77307336511777,,0.241,open,1045249.0,CO,North Windham,Mo-Su 05:00-20:00,,True,105.0,8.98,store:80450,2,1,1,0,2,22.0,21.0,0,2.121,0,0,60.42,0,0,107.42,0,2,0,2,0,5,0.2,low density,True,False,1839.6153846153843,17.52,0.512565335563454,0.5125570776255708,Jan–Sep 2025
13368179,45.2898855,-93.771639,33460,841 Chelsea Rd W,Monticello,MN,2025-06-24,,2025-06-30,2026-09-21,10096.0,10115.615384615385,,-0.1939119259636634,,0.936,open,1056112.0,CO,I-94 & Fenning,Mo-Su 05:00-20:00,,True,105.0,96.15,store:84971,2,1,1,0,2,21.0,20.0,0,0.198,0,0,55.46,0,0,341.3,1,0,1,0,1,0,14.72,low density,True,False,1973.3846153846157,17.76,5.116083261869493,5.413851351351351,Jan–Sep 2025
13368180,39.322388,-77.3527175,47900,3260 Bennett Creek Avenue,Frederick,MD,2025-05-31,,2025-06-02,2026-09-21,1712.1538461538462,1716.6923076923076,,-0.2643724514943657,,0.648,open,1055413.0,CO,Village Square,Mo-Fr 04:30-22:00; Sa-Su 05:00-22:00,,True,121.5,14.09,store:84277,2,1,1,0,2,12.0,11.0,0,1.168,0,0,53.1,0,0,53.61,2,1,2,1,2,1,0.49,low density,True,False,1325.3076923076924,11.86,1.291891578153114,1.188026981450253,Jan–Sep 2025
13368181,36.750907,-120.38752,23420,680 Derrick Ave,Mendota,CA,2024-10-12,,2024-10-14,2026-09-21,3165.6153846153848,2846.6923076923076,,11.203285864836388,,0.684,open,1044150.0,CO,Hwy 33 & Derrick Ave.,Mo-Th 05:00-21:00; Fr 05:00-22:00; Sa 05:00-21:30; Su 05:00-20:30,,True,113.0,28.01,store:78356,2,1,1,0,2,39.0,38.0,0,0.632,0,0,53.46,0,0,53.46,0,0,0,0,0,0,37.02,low density,True,False,2665.9615384615386,22.605,1.1874197504147732,1.239106392391064,Mar–Dec 2024
13368182,33.5058455,-117.150501,40140,27425 Ynez Rd,Temecula,CA,2025-01-20,,2025-01-20,2026-09-21,4785.923076923077,4277.923076923077,,11.87492133134338,,0.823,open,1040717.0,CO,27425 Ynez Road,Mo-Su 04:30-22:00,,True,122.5,39.07,store:69763,3,2,1,0,2,29.0,29.0,0,0.627,0,0,87.86,0,0,110.78,2,0,4,0,12,0,6.18,urban core,True,False,3127.1923076923076,24.89,1.5304217349059737,1.5697067095218964,Jan–Sep 2025
13368183,30.2477525,-81.7762785,27260,7680 103rd St,Jacksonville,FL,2025-05-31,,2025-06-02,2026-09-21,2508.769230769231,2420.6153846153848,,3.641794839201729,,0.534,open,1054781.0,CO,103rd St & Hillman Dr,Mo-Su 05:00-20:00,,True,105.0,23.89,store:83493,2,1,1,0,2,81.0,80.0,0,0.797,0,0,58.96,0,0,193.93,0,1,0,1,0,2,0.86,low density,True,False,2558.461538461538,23.61,0.980577269993987,1.0118593816179586,Jan–Sep 2025
13368184,30.5972755,-87.898778,19300,916 Van Avenue,Daphne,AL,2024-10-12,,2024-10-14,2026-09-21,3605.692307692307,3394.4615384615386,,6.222806381435819,,0.333,open,1044508.0,CO,Hwy 98 & Van Avenue,Mo-Su 05:00-20:00,,True,105.0,34.34,store:78775,2,1,1,0,2,23.0,22.0,0,0.555,0,0,210.79,0,0,210.79,1,0,1,0,1,0,6.02,low density,True,False,7933.7307692307695,72.365,0.45447626250139367,0.4745387963794653,Mar–Dec 2024
13368187,38.1950545,-78.999804,44420,30 Lodge Ln,Verona,VA,2024-10-12,,2024-10-14,2026-09-21,2540.769230769231,2457.5384615384614,,3.3867534743958982,,0.333,open,1053997.0,CO,Verona - Laurel Hill Rd & I-81,Mo-Su 05:00-20:00,,True,105.0,24.2,store:82722,2,1,1,0,2,49.0,48.0,0,0.787,0,0,17.07,0,0,17.07,0,0,0,0,0,0,7.7,low density,True,False,4307.192307692308,39.575,0.5898898979345818,0.6114971572962729,Mar–Dec 2024
13368188,33.472493,-94.4084315,45500,706 N McCoy Blvd,New Boston,TX,2024-10-12,,2024-10-14,2026-09-21,6289.307692307692,6293.307692307692,,-0.0635595809956868,,0.75,open,1052783.0,CO,I-30 & N McCoy Blvd,Mo-Su 05:00-20:00,,True,105.0,59.9,store:81545,2,1,1,0,2,21.0,20.0,0,0.318,0,0,205.08,0,0,331.38,0,0,0,0,0,0,25.77,low density,True,False,6026.192307692308,50.365,1.0436619628416974,1.1893179787550878,Mar–Dec 2024
13368190,37.232049,-80.008363,40220,4021 Brambleton Ave SW,Roanoke,VA,2025-06-24,,2025-06-30,2026-09-21,4619.923076923077,4268.153846153846,,8.241718631726936,,0.824,open,1044453.0,CO,Brambleton & Electric,Mo-Fr 04:30-20:00; Sa-Su 05:00-20:00,,True,107.5,42.98,store:78650,2,1,1,0,2,23.0,22.0,0,0.433,0,0,132.91,0,0,135.47,1,0,1,0,3,2,3.32,suburban,True,False,2994.7307692307695,27.575,1.5426839448775413,1.558658204895739,Jan–Sep 2025
13368191,33.844095,-117.2452655,40140,3939 Ramona Expressway,Perris,CA,2025-06-24,,2025-06-30,2026-09-21,3201.230769230769,2901.0,,10.349216450560816,,0.556,open,1053394.0,CO,Ramona Expy & Webster,Mo-Su 04:00-22:30,,True,129.5,24.72,store:82223,2,1,1,0,2,21.0,20.0,0,0.625,0,0,84.51,0,0,95.73,0,0,1,0,3,1,4.98,suburban,True,False,3127.1923076923076,24.89,1.023675698279361,0.9931699477701887,Jan–Sep 2025
13368192,32.594531,-117.069331,41740,2965 Main St,Chula Vista,CA,2024-10-12,,2024-10-14,2026-09-21,2053.230769230769,2075.4615384615386,,-1.0711241243838376,,0.406,open,1043874.0,CO,Main St. and 4th,Mo-Su 04:30-21:30,,True,119.0,17.25,store:77832,2,1,1,0,2,23.0,22.0,0,0.974,0,0,15.98,0,0,177.89,1,0,4,0,18,0,9.38,urban core,True,False,2358.769230769231,20.77,0.870466997130185,0.830524795377949,Mar–Dec 2024
13368193,40.786996,-74.453892,35620,200 Madison Ave,Morristown,NJ,2024-10-12,,2024-10-14,2026-09-21,1728.7692307692307,1799.3076923076924,,-3.920311230815277,,0.472,open,1052065.0,CO,200 Madison Ave - Morris Towns,Mo-Su 05:00-21:00,,True,112.0,15.44,store:80763,2,1,1,0,2,22.0,21.0,0,1.157,0,0,34.47,0,0,45.86,1,1,1,1,3,4,0.13,suburban,True,False,1886.0769230769233,17.055,0.916595293445899,0.9053063617707418,Mar–Dec 2024
13368194,45.816414,-122.690208,38900,100 N 56th Pl,Ridgefield,WA,2025-05-31,,2025-06-02,2026-09-21,909.3076923076924,1022.4615384615385,,-11.066807102016252,,0.169,open,8576600.0,CO,Pioneer St & S 56th Pl,Mo-Su 04:00-21:00,,True,119.0,7.64,store:85766,2,1,1,0,2,73.0,72.0,0,2.199,0,0,36.97,0,0,36.97,0,0,1,0,1,0,735.4,low density,True,False,1589.076923076923,14.38,0.5722238358021106,0.5312934631432544,Jan–Sep 2025
13368195,37.083202,-113.5544575,41100,1513 S River Road,St George,UT,2024-10-12,,2024-10-14,2026-09-21,2063.6153846153848,1910.5384615384617,,8.01223980351895,,0.3,open,1039476.0,CO,River Rd and 1450 S,Mo-Su 05:00-21:00,,True,112.0,18.43,store:65195,2,1,1,0,2,21.0,20.0,0,0.969,0,0,172.38,0,0,432.38,0,0,0,0,5,0,158.76,suburban,True,False,2922.6153846153848,26.09,0.7060851713428437,0.7064009198926792,Mar–Dec 2024
13368196,29.791115,-95.386622,26420,1111 E 11th,Houston,TX,2025-01-20,,2025-01-20,2026-09-21,1874.7692307692307,1676.2307692307693,,11.844339406176864,,0.268,open,1053466.0,CO,11th and Norhill,Mo-Su 04:30-20:00,,True,108.5,17.28,store:82234,2,1,1,0,2,14.0,13.0,0,1.067,0,0,373.36,0,0,697.62,0,0,2,1,17,2,1.88,urban core,True,False,2764.3846153846152,24.21,0.6781868269471576,0.7137546468401487,Jan–Sep 2025
13368197,35.335729,-80.7157675,16740,11431 N Tryon St,Charlotte,NC,2025-05-06,,2025-05-12,2026-09-21,2427.3846153846152,2116.153846153846,,14.707379134860044,,0.483,open,1042902.0,CO,N Tryon & I 485,Mo-Su 05:00-21:00,,True,112.0,21.67,store:71680,2,1,1,0,2,81.0,80.0,0,0.824,0,0,52.06,0,0,151.29,0,0,0,0,8,4,2.84,suburban,True,False,2938.3846153846152,26.305,0.8260949239508888,0.823797757080403,Jan–Sep 2025
13368198,39.9558195,-75.1697605,37980,100 N 18th St,Philadelphia,PA,2024-10-12,,2024-10-14,2026-09-21,273.38461538461536,268.84615384615387,,1.6881258941344512,,0.039,open,1052064.0,CO,18th & Arch,Mo-Su 05:00-20:00,,True,105.0,2.6,store:80764,1,1,0,0,1,89.0,88.0,0,3.658,2,4,0.53,2,4,0.53,5,15,15,24,29,46,0.31,urban core,True,False,2036.269230769231,18.759999999999998,0.13425759779385374,0.13859275053304906,Mar–Dec 2024
13368199,41.1464105,-96.176809,36540,11204 S. 167th Court,Gretna,NE,2025-01-20,,2025-01-20,2026-09-21,2001.3846153846157,1922.3846153846157,,4.109479412588524,,0.338,open,1044071.0,CO,S 168th St and Hwy 370,Mo-Fr 04:30-20:00; Sa-Su 05:00-20:00,,True,107.5,18.62,store:78298,2,1,1,0,2,23.0,22.0,0,0.999,0,0,218.5,0,0,555.36,0,0,0,1,2,1,1.36,low density,True,False,2680.0,24.814999999999998,0.7467853042479909,0.7503526093088858,Jan–Sep 2025
13368200,35.704879,-82.5679135,11700,89 Weaver Blvd,Weaverville,NC,2024-12-27,,2024-12-30,2026-09-21,4137.0,3690.692307692307,,12.092790595885706,,0.902,open,1034033.0,CO,Weaverville Plaza,Mo-Su 05:00-21:00,,True,112.0,36.94,store:58503,2,1,1,0,2,51.0,50.0,0,0.483,0,0,125.23,0,0,125.23,1,0,1,0,2,0,10.29,low density,True,False,2183.4615384615386,19.77,1.8946979038224414,1.8684876074860899,Mar–Dec 2024
13368201,40.749845,-73.8701605,35620,37-64 Junction Blvd,Corona,NY,2024-12-27,,2024-12-30,2026-09-21,1735.6153846153843,1535.4615384615386,,13.035419067180998,,0.476,open,1055724.0,CO,37-64 Junction Blvd,Mo-Su 05:00-21:00,,True,112.0,15.5,store:84452,2,1,1,0,2,22.0,21.0,0,1.152,0,4,9.28,0,0,32.86,0,4,5,19,26,75,0.06,urban core,True,False,1886.0769230769233,17.055,0.9202251315306494,0.9088243916739959,Mar–Dec 2024
13368202,39.740233,-121.836629,17020,1030 Mangrove,Chico,CA,2024-10-12,,2024-10-14,2026-09-21,2783.230769230769,2407.0,,15.630692531398791,,0.462,open,1055881.0,CO,Mangrove & 1st,Mo-Fr 04:30-21:00; Sa-Su 05:00-21:00,,True,114.5,24.31,store:84783,2,1,1,0,2,21.0,20.0,0,0.719,1,1,1.31,1,1,1.31,1,0,2,0,7,0,68.86,suburban,True,False,2796.076923076923,25.78,0.9954056507744368,0.942979053529868,Mar–Dec 2024
13368203,36.987876,-121.984027,42100,1520 Soquel Dr,Santa Cruz,CA,2024-12-27,,2024-12-30,2026-09-21,1868.6923076923076,1488.5384615384614,,25.538731848483277,,0.6,open,1038356.0,CO,Soquel & Hwy 1,Mo-Su 04:30-20:00,,True,108.5,17.22,store:70524,2,1,1,0,2,24.0,23.0,0,1.07,0,0,94.26,0,0,95.6,0,0,3,0,5,0,32.41,suburban,True,False,1306.0769230769233,12.08,1.4307674185758876,1.4254966887417218,Mar–Dec 2024
13368204,32.309587,-95.473315,11980,605 SH 31,Chandler,TX,2024-11-08,,2024-11-11,2026-09-21,3104.230769230769,3151.0,,-1.4842662890901637,,0.667,open,1054210.0,CO,Hwy 31 & Kidd Dr,Mo-Fr 04:30-21:00; Sa-Su 05:00-21:00,,True,114.5,27.11,store:83049,2,1,1,0,2,21.0,20.0,0,0.644,0,0,169.0,0,0,430.13,0,0,0,0,0,0,14.77,low density,True,False,3010.5384615384614,26.115000000000002,1.0311214451797532,1.038100708405131,Mar–Dec 2024
13368205,33.6973265,-78.8787995,34820,1301 N Kings Hwy,Myrtle Beach,SC,2024-10-12,,2024-10-14,2026-09-21,1854.0,2016.7692307692307,,-8.070791059577386,,0.344,open,1042974.0,CO,N Kings Hwy & 13th Ave,Mo-Su 05:00-20:00,,True,105.0,17.66,store:72273,2,1,1,0,2,65.0,64.0,0,1.079,0,0,201.94,0,0,201.94,2,0,5,0,8,2,2.03,suburban,True,False,4433.7692307692305,43.455,0.41815437464216937,0.4063974226211023,Mar–Dec 2024
13368206,42.458053,-79.3192015,27460,3969 Vineyard Dr,Dunkirk,NY,2025-05-06,,2025-05-12,2026-09-21,2675.153846153846,2333.3846153846152,,14.646930836684913,,0.75,open,1043240.0,CO,Dunkirk NY,Mo-Su 05:00-21:00,,True,112.0,23.89,store:74087,2,1,1,0,2,24.0,23.0,0,0.748,0,0,231.31,0,0,231.31,0,1,1,1,1,1,0.29,low density,True,False,3371.846153846154,30.11,0.7933795683715837,0.7934241115908336,Jan–Sep 2025
13368207,27.4620035,-82.571574,35840,901 Cortez Rd W,Bradenton,FL,2025-05-31,,2025-06-02,2026-09-21,4057.6153846153848,2999.3076923076924,,35.2850657844118,,0.8,open,1039770.0,CO,Cortez & 9th St West,Mo-Su 05:00-21:00,,True,112.0,36.23,store:68190,2,1,1,0,2,21.0,20.0,0,0.493,0,0,34.65,0,0,34.65,0,1,1,3,2,5,0.94,low density,True,False,2461.769230769231,23.45,1.64825172640065,1.5449893390191898,Jan–Sep 2025
13368208,33.45253,-112.2718745,38060,525 N 99th Ave,Tolleson,AZ,2024-10-12,,2024-10-14,2026-09-21,4423.7692307692305,4328.307692307692,,2.2055164569559915,,0.794,open,1039530.0,CO,99th and Van Buren,Mo-Su 03:30-21:30,,True,126.0,35.11,store:65513,2,1,1,0,2,25.0,24.0,0,0.452,0,1,13.79,0,1,13.79,0,0,2,1,12,2,1.43,urban core,True,False,2914.6923076923076,24.67,1.5177482779551872,1.4231860559383867,Mar–Dec 2024
13368210,41.7762155,-87.741752,16980,6417 S Cicero Ave,Chicago,IL,2024-10-12,,2024-10-14,2026-09-21,2295.846153846154,2073.076923076923,,10.745825602968464,,0.551,open,1038463.0,CO,64th & Cicero,Mo-Th 04:30-21:30; Fr-Su 04:30-22:00,,True,120.5,19.05,store:69076,2,1,1,0,2,26.0,25.0,0,0.871,0,2,12.83,0,2,12.83,1,1,1,5,10,21,0.08,urban core,True,False,2219.6923076923076,20.33,1.0343082894372055,0.9370388588293164,Mar–Dec 2024
13368211,38.739269,-75.1458715,41540,18422 Coastal Hwy,Lewes,DE,2025-03-10,,2025-03-10,2026-09-21,2630.3846153846152,2679.076923076923,,-1.8175031583783088,,0.647,open,1045230.0,CO,"Route 1, Lewes",Mo-Su 05:00-21:00,,True,112.0,23.49,store:80431,2,1,1,0,2,53.0,52.0,0,0.76,0,0,119.57,0,0,119.57,1,1,1,1,2,1,0.34,low density,True,False,3419.4615384615386,30.53,0.7692394214113782,0.7694071405175237,Jan–Sep 2025
13368212,30.7180905,-86.5690275,18880,4315 S Ferdon Blvd,Crestview,FL,2025-05-31,,2025-06-02,2026-09-21,2505.3076923076924,2697.153846153846,,-7.112911045831782,,0.389,open,1054775.0,CO,Ferdon Blvd & Hugo Ln,Mo-Su 04:30-21:00,,True,115.5,21.69,store:83491,1,0,1,0,1,32.0,31.0,0,0.399,0,0,272.81,0,0,272.81,0,0,1,0,1,1,2.06,low density,True,False,3564.6923076923076,31.465,0.702811764959755,0.6893373589702845,Jan–Sep 2025
13368213,35.4686485,-97.514692,36420,100 Park Ave,Oklahoma City,OK,2025-05-31,,2025-06-02,2026-09-21,2532.230769230769,2351.5384615384614,,7.684003925417082,,0.359,open,1055981.0,CO,Park Ave & Broadway,Mo-Th 05:00-20:00; Fr-Sa 05:00-22:00; Su 05:00-20:00,,True,109.0,23.23,store:84790,2,1,1,0,2,89.0,88.0,0,0.79,0,0,81.23,0,0,156.97,1,0,4,0,6,2,2.08,suburban,True,False,3582.846153846154,33.39,0.7067651415934904,0.695717280622941,Jan–Sep 2025
13368214,39.4044775,-123.352337,46380,788 S Main St,Willits,CA,2024-10-12,,2024-10-14,2026-09-21,2271.846153846154,2070.4615384615386,,9.726556694902657,,0.571,open,1039865.0,CO,Main St. & Hwy 20,Mo-Th 04:30-21:00; Fr-Sa 04:30-21:30; Su 05:00-21:00,,True,116.0,19.58,store:69922,2,1,1,0,2,59.0,58.0,0,0.88,0,0,134.76,0,0,134.76,1,0,1,0,1,0,45.95,low density,True,False,2199.0769230769233,18.575,1.0330908073317475,1.0541049798115747,Mar–Dec 2024
13368216,34.14758,-118.6982315,31080,4955 Las Virgenes Rd,Calabasas,CA,2025-06-24,,2025-06-30,2026-09-21,1162.076923076923,1025.6153846153843,,13.305332633315835,,0.25,open,8518100.0,CO,Las Virgenes & 101 Fwy,Mo-Su 04:30-21:00,,True,115.5,10.06,store:85181,2,1,1,0,2,68.0,67.0,0,1.721,0,0,37.92,0,0,52.05,2,0,2,0,2,0,8.73,low density,True,False,1957.0769230769229,16.145,0.5937819353824385,0.6231031279033757,Jan–Sep 2025
13368217,30.055871,-94.8000095,26420,1606 E Hwy 90,Liberty,TX,2025-04-03,,2025-04-07,2026-09-21,6769.153846153846,6051.153846153846,,11.865505625119187,,0.882,open,1054765.0,CO,US 90 & Main St,Mo-Fr 04:30-22:00; Sa-Su 05:00-22:00,,True,121.5,55.71,store:83487,2,1,1,0,2,60.0,59.0,0,0.295,0,0,349.78,0,0,633.91,0,0,0,0,0,0,35.09,low density,True,False,2764.3846153846152,24.21,2.4487018949828867,2.3011152416356877,Jan–Sep 2025
13368220,30.3817305,-88.5223445,25060,3865 Denny Avenue,Pascagoula,MS,2025-04-03,,2025-04-07,2026-09-21,8106.384615384615,7931.384615384615,,2.2064243317686305,,1.0,open,1054199.0,CO,Hwy 90 & Chicot Rd,Mo-Su 04:30-21:00,,True,115.5,70.19,store:83047,2,1,1,0,2,54.0,53.0,0,0.247,0,0,221.12,0,0,221.12,0,0,0,0,0,0,22.32,low density,True,False,4804.076923076923,45.32,1.6873969224857093,1.5487643424536628,Jan–Sep 2025
13368222,35.421736,-97.5299325,36420,4308 S Western Ave,Oklahoma City,OK,2025-05-31,,2025-06-02,2026-09-21,1660.076923076923,1370.7692307692307,,21.105499438832776,,0.25,open,1054968.0,CO,44th & Western,Mo-Su 05:00-22:00,,True,119.0,13.95,store:83771,2,1,1,0,2,68.0,67.0,0,1.205,0,0,80.99,0,0,160.79,0,0,0,0,2,0,5.07,low density,True,False,3582.846153846154,33.39,0.46334027524314575,0.4177897574123989,Jan–Sep 2025
13368223,44.99846,-92.950681,33460,3450 Highpoint Dr N,Oakdale,MN,2025-02-13,,2025-02-17,2026-09-21,2848.846153846154,2717.4615384615386,,4.834828884422682,,0.722,open,1053516.0,CO,34th St. North and Highpoint D,Mo-Su 05:00-20:00,,True,105.0,27.13,store:82321,2,1,1,0,2,66.0,65.0,0,0.702,0,0,33.67,0,0,271.72,1,0,1,0,3,0,8.24,suburban,True,False,1973.3846153846157,17.76,1.443634520932408,1.5275900900900898,Jan–Sep 2025
13368225,36.084838,-115.294823,29820,9285 W. Russell Road,Las Vegas,NV,2024-10-12,,2024-10-14,2026-09-21,1854.4615384615383,1946.3076923076924,,-4.718994545885701,,0.321,open,1039511.0,CO,Russell Road and 215,Mo-Fr 04:30-21:00; Sa 05:00-21:00; Su 05:00-20:00,,True,113.5,16.34,store:67453,2,1,1,0,2,25.0,24.0,0,1.078,0,0,28.59,0,0,345.3,1,0,3,0,13,3,3.44,urban core,True,False,2636.153846153846,21.5,0.7034724248613947,0.76,Mar–Dec 2024
13368226,37.708752,-97.2190135,48620,10222 E. 13th St. N,Wichita,KS,2025-01-20,,2025-01-20,2026-09-21,2950.923076923077,2585.5384615384614,,14.13185766987981,,0.516,open,1045406.0,CO,13th Street & Lindberg Circle,Mo-Su 05:00-20:00,,True,105.0,28.1,store:80688,2,1,1,0,2,40.0,39.0,0,0.678,0,0,204.37,0,0,204.37,0,0,2,1,6,2,1.98,suburban,True,False,2876.4615384615386,24.6,1.0258865058565545,1.1422764227642277,Jan–Sep 2025
13368229,42.3521925,-71.067027,14460,176 Boylston St,Boston,MA,2024-10-12,,2024-10-14,2026-09-21,392.15384615384613,387.53846153846155,,1.190948789202051,,0.082,open,1045390.0,CO,176 Boylston St,Mo-Su 04:30-21:00,,True,115.5,3.4,store:80674,2,1,1,0,2,32.0,31.0,0,5.1,1,3,4.24,1,2,4.24,8,18,19,40,52,99,0.12,urban core,True,False,1574.6923076923076,14.28,0.24903522055590835,0.2380952380952381,Mar–Dec 2024
13368230,41.3013445,-73.22449,14860,255 Monroe Tpke,Monroe,CT,2025-04-03,,2025-04-07,2026-09-21,2219.076923076923,2151.769230769231,,3.1280163014335116,,0.848,open,1053652.0,CO,"Monroe, 255 Monroe Tpke",Mo-Fr 04:30-20:00; Sa-Su 05:00-20:00,,True,107.5,20.64,store:82435,2,1,1,0,2,40.0,39.0,0,0.901,0,0,21.8,0,0,21.8,0,0,0,2,1,4,1.53,low density,True,False,1367.8076923076922,12.745000000000001,1.6223603183083541,1.6194586112200862,Jan–Sep 2025
13368232,42.0533055,-88.338889,16980,1007 N Randall Rd,Elgin,IL,2025-05-06,,2025-05-12,2026-09-21,2407.6153846153848,2095.846153846154,,14.875578066505192,,0.575,open,1055779.0,CO,Randall & Royal,Mo-Fr 04:30-21:00; Sa-Su 05:00-21:00,,True,114.5,21.03,store:84474,2,1,1,0,2,22.0,21.0,0,0.831,0,0,32.59,0,0,36.69,0,0,0,0,4,6,2.09,suburban,True,False,2219.6923076923076,20.33,1.084661768782922,1.0344318740777179,Jan–Sep 2025
13368233,39.0390865,-108.537359,24300,2779 Acrin Ave,Grand Junction,CO,2024-10-12,,2024-10-14,2026-09-21,1214.0,1151.3846153846157,,5.438268305718852,,0.312,open,1044115.0,CO,Orchard Mesa,Mo-Fr 05:00-20:00; Sa-Su 05:00-19:30,,True,104.0,11.67,store:78294,1,0,1,0,1,37.0,36.0,0,0.824,0,0,344.19,0,0,647.31,1,0,1,0,4,0,84.71,suburban,True,False,2445.7692307692305,23.295,0.4963673533574462,0.5009658725048293,Mar–Dec 2024
13368234,42.792747,-88.390127,48580,1885 County Rd Es,East Troy,WI,2024-10-12,,2024-10-14,2026-09-21,1612.3076923076924,1451.076923076923,,11.111111111111116,,0.429,open,1055255.0,CO,East Troy- I-43 & North St,Mo-Su 05:00-19:00,,True,98.0,16.45,store:84041,2,1,1,0,2,38.0,37.0,0,1.24,0,0,30.72,0,0,30.72,0,0,0,0,0,0,22.3,low density,True,False,2138.3846153846152,18.935000000000002,0.7539839562574194,0.8687615526802217,Mar–Dec 2024
13368235,33.602013,-81.842262,12260,8017 Slate Blue Bnd,Graniteville,SC,2024-11-08,,2024-11-11,2026-09-21,3224.230769230769,3026.846153846154,,6.521131413758918,,0.556,open,1054575.0,CO,I-20 & Bettis Academy Rd,Mo-Su 05:00-21:00,,True,112.0,28.79,store:83285,2,1,1,0,2,64.0,63.0,0,0.62,0,0,86.79,0,0,86.79,0,1,0,1,0,1,0.26,low density,True,False,3468.076923076923,29.990000000000002,0.9296883664189863,0.9599866622207401,Mar–Dec 2024
13368238,35.2426815,-80.8232525,16740,1901 N.Tryon,Charlotte,NC,2024-10-12,,2024-10-14,2026-09-21,2468.076923076923,2429.923076923077,,1.5701668302256833,,0.49,open,1043832.0,CO,"1901 N.Tryon, North End",Mo-Su 05:00-20:00,,True,105.0,23.51,store:77718,2,1,1,0,2,24.0,23.0,0,0.81,0,0,60.32,0,0,139.45,0,0,0,0,14,6,2.26,urban core,True,False,2938.3846153846152,26.305,0.8399434540171208,0.893746436038776,Mar–Dec 2024
13368239,34.0228425,-80.9530435,17900,5400 Forest Dr,Columbia,SC,2025-05-06,,2025-05-12,2026-09-21,3086.076923076923,2927.6923076923076,,5.409879138202833,,0.523,open,1054376.0,CO,I-77 & Forest Drive,Mo-Su 05:00-20:00,,True,105.0,29.39,store:83274,2,1,1,0,2,54.0,53.0,0,0.648,0,1,7.93,0,1,7.93,0,0,1,1,5,2,1.41,suburban,True,False,3009.6923076923076,28.66,1.0253795430148749,1.0254710397766922,Jan–Sep 2025
13368240,32.9538455,-96.5837595,19100,3251 Miles Rd,Sachse,TX,2025-05-06,,2025-05-12,2026-09-21,1157.3846153846157,1141.5384615384614,,1.388140161725082,,0.126,open,1055115.0,CO,190 & Miles,Mo-Su 05:00-21:00,,True,112.0,10.33,store:83936,2,1,1,0,2,22.0,21.0,0,1.728,0,0,56.68,0,0,359.93,0,0,0,0,5,1,5.0,suburban,True,False,2957.4615384615386,26.09,0.3913439280047859,0.3959371406669222,Jan–Sep 2025
13368241,32.4945305,-85.0415635,17980,3539 US Hwy 431 N,Phenix City,AL,2025-05-06,,2025-05-12,2026-09-21,6706.307692307692,7237.846153846154,,-7.343876206266209,,1.0,open,1045405.0,CO,US 280 & Railroad,Mo-Fr 03:30-20:00; Sa-Su 04:30-20:00,,True,113.5,59.09,store:80665,2,1,1,0,2,59.0,58.0,0,0.298,0,0,134.87,0,0,134.87,0,0,0,0,0,1,2.48,low density,True,False,4964.538461538462,42.07,1.3508421264661676,1.4045638222010934,Jan–Sep 2025
13368242,35.552571,-82.520276,11700,1 Medical Park Dr,Asheville,NC,2024-12-03,,2024-12-09,2026-09-21,1225.6153846153843,1133.5384615384614,,8.12296416938112,,0.22,open,1042863.0,CO,I-40 & Sweeten Creek,Mo-Su 05:00-20:00,,True,105.0,11.67,store:71721,2,1,1,0,2,72.0,71.0,0,1.632,0,0,134.27,0,0,134.27,0,0,0,0,6,2,2.95,suburban,True,False,2183.4615384615386,19.77,0.5613175973225293,0.590288315629742,Mar–Dec 2024
13368244,28.8154165,-96.967225,47020,3508 Houston Hwy,Victoria,TX,2025-03-10,,2025-03-10,2026-09-21,1303.4615384615386,1294.6923076923076,,0.6773216089358991,,0.333,open,1054681.0,CO,US 59 and Sam Houston Dr,Mo-Su 04:00-22:00,,True,126.0,10.34,store:83479,2,1,1,0,2,33.0,32.0,0,1.534,0,0,410.95,0,0,821.1,0,0,0,0,0,0,7.0,low density,True,False,7459.615384615385,59.2,0.17473575663830884,0.17466216216216215,Jan–Sep 2025
13368245,39.739751,-105.108162,19740,9900 W Colfax Ave,Lakewood,CO,2024-10-12,,2024-10-14,2026-09-21,1602.076923076923,1522.3076923076924,,5.240020212228402,,0.359,open,1039347.0,CO,W Colfax and Kipling St.,Mo-Su 05:00-20:00,,True,105.0,15.26,store:65148,2,1,1,0,2,73.0,72.0,0,1.248,0,0,399.5,0,0,892.61,0,0,0,0,13,2,4.31,urban core,True,False,1878.923076923077,17.39,0.8526570048309179,0.8775158136860264,Mar–Dec 2024
13368246,27.792664,-82.3292905,45300,10754 Big Bend Rd,Riverview,FL,2025-05-31,,2025-06-02,2026-09-21,3800.307692307693,3504.230769230769,,8.449127428383285,,0.75,open,1039813.0,CO,Summerfield Crossing & Big Ben,Mo-Su 05:00-21:00,,True,112.0,33.93,store:69057,2,1,1,0,2,51.0,50.0,0,0.526,0,1,8.17,0,0,21.59,0,1,0,1,2,4,0.67,low density,True,False,2850.769230769231,25.96,1.3330814894765246,1.3070107858243452,Jan–Sep 2025
13368248,32.5340835,-94.932215,30980,1006 Broadway Ave,Gladewater,TX,2025-05-06,,2025-05-12,2026-09-21,3618.923076923077,3417.6923076923076,,5.887913571910874,,0.333,open,8585900.0,CO,Hwy 80 & Loop 485,Mo-Su 04:30-21:00,,True,115.5,31.33,store:85859,2,1,1,0,2,52.0,51.0,0,0.553,0,0,211.95,0,0,414.11,0,0,0,0,0,0,13.09,low density,True,False,4582.7692307692305,38.73,0.7896804082180745,0.8089336431706687,Jan–Sep 2025
13368249,42.347999,-89.051029,40420,8610 N 2nd St,Machesney Park,IL,2024-10-12,,2024-10-14,2026-09-21,1925.5384615384617,1770.2307692307693,,8.773302046669262,,0.188,open,1053052.0,CO,251 and Roosevelt,Mo-Sa 04:30-21:00; Su 05:00-21:00,,True,115.0,16.74,store:81870,2,1,1,0,2,22.0,21.0,0,1.039,0,0,52.73,0,0,52.73,0,1,0,1,3,2,0.83,suburban,True,False,3553.3076923076924,32.85,0.5419002879224125,0.5095890410958903,Mar–Dec 2024
13368250,41.7531765,-91.6183005,26980,1255 Hayes Ln,North Liberty,IA,2025-05-31,,2025-06-02,2026-09-21,3183.230769230769,2990.769230769231,,6.435185185185177,,0.545,open,1055317.0,CO,W. Penn and Jones,Mo-Fr 05:00-20:00; Sa-Su 05:00-19:30,,True,104.0,30.61,store:84159,2,1,1,0,2,84.0,83.0,0,0.628,0,1,12.58,0,0,238.37,0,1,0,1,2,2,0.84,low density,True,False,3346.346153846154,32.019999999999996,0.9512556749612091,0.9559650218613368,Jan–Sep 2025
13368251,36.734405,-120.0643225,23420,15243 W Whitesbridge Ave,Kerman,CA,2025-06-24,,2025-06-30,2026-09-21,3362.923076923077,3020.230769230769,,11.346560374907687,,0.759,open,1045385.0,CO,1st & Whitesbridge,Mo-Su 05:00-21:00,,True,112.0,30.03,store:80668,2,1,1,0,2,22.0,21.0,0,0.595,0,0,24.7,0,0,78.59,0,0,1,0,1,0,26.86,low density,True,False,2665.9615384615386,22.605,1.2614297049700642,1.3284671532846715,Jan–Sep 2025
13368255,30.3092585,-97.963283,12420,14211 State Hwy 71,Austin,TX,2025-06-24,,2025-06-30,2026-09-21,1534.1538461538462,1513.1538461538462,,1.3878298002135026,,0.301,open,1055789.0,CO,Hwy 71 & Hamilton Pool Rd,Mo-Su 05:00-21:00,,True,112.0,13.7,store:84505,1,0,1,0,1,21.0,20.0,0,0.652,0,0,237.7,0,0,675.2,0,0,1,0,4,0,11.81,suburban,True,False,2812.3076923076924,24.259999999999998,0.5455142231947484,0.5647155812036274,Jan–Sep 2025
13368257,32.825118,-97.384225,19100,2453 NW Loop 820 Service Rd E,Fort Worth,TX,2024-10-12,,2024-10-14,2026-09-21,3021.6923076923076,2870.6923076923076,,5.260055199764202,,0.557,open,1039494.0,CO,Marine Creek & Loop 820,Mo-Su 04:30-21:00,,True,115.5,26.16,store:67357,1,0,1,0,1,2.0,1.0,0,0.331,0,0,19.97,0,0,391.49,0,0,0,0,3,0,6.22,suburban,True,False,2957.4615384615386,26.09,1.0217182094831845,1.0026830203142967,Mar–Dec 2024
13368258,41.3849085,-93.5578295,19780,302 E Trail Ridge Ave,Indianola,IA,2025-05-31,,2025-06-02,2026-09-21,3105.4615384615386,3011.769230769231,,3.110872730058989,,0.518,open,1056212.0,CO,North Jefferson Hwy & Valley P,Mo-Fr 04:30-20:00; Sa-Su 05:00-20:00,,True,107.5,28.89,store:85015,2,1,1,0,2,18.0,17.0,0,0.644,0,0,23.14,0,0,403.9,0,0,1,0,1,0,18.77,low density,True,False,3211.0384615384614,30.485,0.9671206295590931,0.9476791864851567,Jan–Sep 2025
13368259,28.5447875,-82.401889,45300,1000 S Broad St,Brooksville,FL,2024-10-12,,2024-10-14,2026-09-21,1637.0,1651.7692307692307,,-0.8941461370092663,,0.28,open,1053117.0,CO,US Hwy 41 & Candlelight Blvd,Mo-Su 05:00-21:00,,True,112.0,14.62,store:81873,1,1,0,0,1,21.0,20.0,0,0.611,0,0,56.31,0,0,66.29,0,1,0,1,0,1,0.3,low density,True,False,2850.769230769231,25.96,0.5742309767943874,0.5631741140215716,Mar–Dec 2024
13368261,40.335101,-104.9714625,24540,4545 Ledge Rock Dr,Johnstown,CO,2025-06-24,,2025-06-30,2026-09-21,2929.769230769231,2135.230769230769,,37.21089415663954,,0.591,open,1040198.0,CO,I-25 and Hwy 60,Mo-Su 04:00-20:00,,True,112.0,26.16,store:69812,2,1,1,0,2,40.0,39.0,0,0.683,0,0,365.9,0,0,910.88,0,0,0,0,0,0,13.13,low density,True,False,2461.0,22.23,1.1904791673178508,1.1767881241565452,Jan–Sep 2025
13368263,36.123104,-80.6604815,49180,640 S State St,Yadkinville,NC,2024-11-08,,2024-11-11,2026-09-21,565.6153846153846,771.1538461538462,,-26.65336658354115,,0.125,open,1045130.0,CO,"Hwy 601 & Hwy, 421 Yadkinville",Mo-Su 05:00-21:00,,True,112.0,5.05,store:80256,2,1,1,0,2,22.0,21.0,0,3.536,0,0,21.59,0,0,238.45,0,0,0,0,0,0,23.64,low density,True,False,2724.846153846154,21.21,0.20757699799565255,0.23809523809523808,Mar–Dec 2024
13368265,34.1780485,-84.4227325,12060,6041 Hickory Flat Hwy,Canton,GA,2025-03-10,,2025-03-10,2026-09-21,5749.923076923077,5838.846153846154,,-1.52295632698769,,0.89,open,1040097.0,CO,Hwy 140 & E. Cherokee,Mo-Su 05:00-20:00,,True,105.0,54.76,store:71298,2,1,1,0,2,79.0,78.0,0,0.348,0,0,39.03,0,0,39.03,1,1,1,1,1,1,0.2,low density,True,False,2357.0384615384614,21.205,2.4394693471272624,2.5824098090073098,Jan–Sep 2025
13368267,38.781803,-90.5318765,41180,1992 Zumbehl Rd,St Charles,MO,2024-10-12,,2024-10-14,2026-09-21,4208.846153846154,4033.846153846154,,4.338291380625492,,0.722,open,1052511.0,CO,Zumbehl & 70,Mo-Su 05:00-20:00,,True,105.0,40.08,store:81372,2,1,1,0,2,70.0,69.0,0,0.475,0,0,134.61,0,0,292.57,0,0,0,0,4,1,3.55,suburban,True,False,2642.6923076923076,26.17,1.5926357153252804,1.5315246465418417,Mar–Dec 2024
13368268,40.8475795,-72.8974335,35620,531 Boulevard East,Yaphank,NY,2024-10-12,,2024-10-14,2026-09-21,3616.0,3661.153846153846,,-1.2333228280281603,,0.858,open,1054149.0,CO,Yaphank-495 & William Floyd,Mo-Su 05:00-21:00,,True,112.0,32.29,store:82963,2,1,1,0,2,22.0,21.0,0,0.553,0,0,18.15,0,0,58.52,0,0,0,0,0,1,4.88,low density,True,False,1886.0769230769233,17.055,1.9172070639096208,1.8932864262679565,Mar–Dec 2024
13368269,42.010059,-91.635528,16300,3214 1st Ave NE,Cedar Rapids,IA,2024-12-03,,2024-12-09,2026-09-21,3792.307692307693,3642.769230769231,,4.105076442267075,,0.571,open,1043830.0,CO,1st Ave and 32nd,Mo-Su 05:00-19:30,,True,101.5,37.36,store:77711,2,1,1,0,2,83.0,82.0,0,0.527,0,0,39.77,0,0,238.68,0,0,0,0,5,2,3.67,suburban,True,False,5703.1923076923085,52.61,0.6649447340558257,0.7101311537730469,Mar–Dec 2024
13368270,25.7817195,-80.1911415,33100,150 NE 8th St,Miami,FL,2025-05-06,,2025-05-12,2026-09-21,3124.769230769231,2789.0,,12.039054527401616,,0.664,open,1044119.0,CO,Miami World Center,Mo-Su 05:00-21:00,,True,112.0,27.9,store:78303,1,0,1,0,1,23.0,22.0,0,0.32,1,1,2.23,1,1,2.23,3,0,11,1,18,3,1.96,urban core,True,False,2690.576923076923,24.175,1.1613751697519836,1.1540847983453981,Jan–Sep 2025
13368271,42.8949905,-73.203848,13540,108 Northside Drive,Bennington,VT,2024-11-08,,2024-11-11,2026-09-21,2005.5384615384617,1964.076923076923,,2.1109936161046505,,0.667,open,1043952.0,CO,"Bennington, Route 7A",Mo-Su 05:00-20:00,,True,105.0,19.1,store:77912,2,1,1,0,2,24.0,23.0,0,0.997,0,0,139.8,0,0,142.32,1,1,1,2,1,2,0.73,low density,True,False,2507.153846153846,23.88,0.7999263645568068,0.7998324958123953,Mar–Dec 2024
13368273,43.416351,-84.068788,40980,7868 Gratiot Rd,Saginaw,MI,2024-10-12,,2024-10-14,2026-09-21,5092.846153846154,4684.2307692307695,,8.723212086378185,,0.714,open,1054200.0,CO,M-46 & Pringle,Mo-Su 04:30-21:00,,True,115.5,44.09,store:83046,2,1,1,0,2,21.0,20.0,0,0.393,0,0,85.7,0,0,111.65,0,0,0,0,0,0,29.97,low density,True,False,4366.846153846154,38.99,1.1662527083443428,1.1308027699410106,Mar–Dec 2024
13368274,45.6216135,-122.4766345,38900,170 NE 192nd Avenue,Vancouver,WA,2024-10-12,,2024-10-14,2026-09-21,1892.1538461538464,1775.0,,6.600216684723725,,0.566,open,1054099.0,CO,192nd and 1st,Mo-Su 04:30-21:00,,True,115.5,16.38,store:82894,2,1,1,0,2,21.0,20.0,0,1.057,0,3,10.56,0,2,10.56,0,0,0,0,8,0,709.55,suburban,True,False,1589.076923076923,14.38,1.1907251428018202,1.1390820584144643,Mar–Dec 2024
13368275,32.374554,-96.0981275,19100,18975 W US Highway 175 Frontage,Mabank,TX,2025-06-24,,2025-06-30,2026-09-21,4215.076923076923,4461.692307692308,,-5.527395607048035,,0.74,open,8586200.0,CO,Hwy 175 & Old Hwy 90,Mo-Su 05:00-21:00,,True,112.0,37.63,store:85862,2,1,1,0,2,22.0,21.0,0,0.474,0,0,112.18,0,0,420.36,0,0,0,0,0,0,29.25,low density,True,False,2957.4615384615386,26.09,1.4252347387312403,1.4423150632426218,Jan–Sep 2025
13368276,30.4570085,-86.63688,18880,1305 Lewis Turner Blvd,Fort Walton Beach,FL,2025-05-06,,2025-05-12,2026-09-21,3035.6153846153848,2852.6153846153848,,6.415165570057169,,0.5,open,1054774.0,CO,Green Acres & Beal Pkwy,Mo-Su 04:30-21:00,,True,115.5,26.28,store:83490,2,1,1,0,2,77.0,76.0,0,0.659,0,0,288.86,0,0,288.86,0,0,0,0,2,2,3.95,low density,True,False,3564.6923076923076,31.465,0.8515785157851579,0.8352137295407596,Jan–Sep 2025
13368277,33.0897575,-97.1930535,19100,215 Stella St,Argyle,TX,2025-03-10,,2025-03-10,2026-09-21,3145.6153846153848,3177.923076923077,,-1.0166291482100132,,0.581,open,1053780.0,CO,HWY 377 & Stella,Mo-Su 05:00-20:00,,True,105.0,29.96,store:82531,1,0,1,0,1,22.0,21.0,0,0.318,0,1,14.99,0,0,357.98,0,0,0,0,0,0,14.13,low density,True,False,2957.4615384615386,26.09,1.063620048378287,1.148332694518973,Jan–Sep 2025
13368278,44.067062,-103.16868,39660,1910 Provider Blvd,Rapid City,SD,2025-05-31,,2025-06-02,2026-09-21,1974.6153846153843,1740.6153846153843,,13.44352130104296,,0.25,open,1044352.0,CO,Hwy 44 & St. Patrick,Mo-Su 04:30-20:00,,True,108.5,18.2,store:78572,1,0,1,0,1,4.0,3.0,0,0.506,0,0,380.45,0,0,1069.85,0,0,0,0,3,0,328.43,suburban,True,False,2380.6153846153848,23.69,0.8294558614450044,0.7682566483748416,Jan–Sep 2025
13368279,41.230028,-96.0418305,36540,3405 S 84th St,Omaha,NE,2025-04-03,,2025-04-07,2026-09-21,1058.1538461538462,1072.6153846153843,,-1.3482501434308514,,0.154,open,1044201.0,CO,84th & Hascall,Mo-Fr 04:30-20:00; Sa-Su 05:00-20:00,,True,107.5,9.84,store:78330,2,1,1,0,2,23.0,22.0,0,1.89,0,0,205.42,0,0,564.45,1,1,1,1,8,3,0.99,suburban,True,False,2680.0,24.814999999999998,0.39483352468427096,0.3965343542212372,Jan–Sep 2025
13368280,34.2569695,-118.5876565,31080,20838 Devonshire St,Chatsworth,CA,2025-05-06,,2025-05-12,2026-09-21,3376.4615384615386,3200.153846153846,,5.509350511994615,,0.825,open,1054523.0,CO,Devonshire & De Soto,Mo-Fr 04:30-22:00; Sa-Su 05:00-22:00,,True,121.5,27.79,store:83376,2,1,1,0,2,53.0,52.0,0,0.592,0,0,39.3,0,0,55.06,2,0,3,0,14,0,5.04,urban core,True,False,1957.0769230769229,16.145,1.7252574483138121,1.7212759368225456,Jan–Sep 2025
13368282,33.859163,-118.3270895,31080,18814 Crenshaw Blvd,Torrance,CA,2024-10-12,,2024-10-14,2026-09-21,1362.8461538461538,1292.3846153846157,,5.452056425212781,,0.322,open,1039845.0,CO,Crenshaw & 190th St,Mo-Fr 04:00-21:00; Sa-Su 05:00-21:00,,True,117.0,11.65,store:68009,2,1,1,0,2,26.0,25.0,0,1.468,0,2,5.19,0,1,5.19,0,0,1,0,25,1,4.52,urban core,True,False,1957.0769230769229,16.145,0.69636821004638,0.7215856302260762,Mar–Dec 2024
13368283,34.730295,-82.388956,24860,7417 Augusta Rd,Piedmont,SC,2024-10-12,,2024-10-14,2026-09-21,3166.6923076923076,3245.769230769231,,-2.436307619386191,,0.508,open,1040837.0,CO,I-185 & Augusta Rd,Mo-Su 05:00-21:00,,True,112.0,28.27,store:69854,2,1,1,0,2,29.0,29.0,0,0.632,0,0,124.09,0,0,148.42,0,0,0,0,0,0,9.05,low density,True,False,3336.5384615384614,29.38,0.9490951008645533,0.9622191967324711,Mar–Dec 2024
13368284,29.379789,-95.1088265,26420,13530 Hwy 6,Santa Fe,TX,2025-06-24,,2025-06-30,2026-09-21,3673.4615384615386,3857.230769230769,,-4.764278876834704,,0.642,open,1054757.0,CO,Hwy 6 & FM 1764,Mo-Fr 04:30-21:00; Sa-Su 05:00-21:00,,True,114.5,32.08,store:83485,2,1,1,0,2,21.0,20.0,0,0.544,0,0,396.28,0,0,695.38,0,0,0,0,0,0,16.46,low density,True,False,2764.3846153846152,24.21,1.3288532710020315,1.3250722841800908,Jan–Sep 2025
13368285,32.241091,-97.750665,19100,307 South English Street,Glen Rose,TX,2024-12-27,,2024-12-30,2026-09-21,3006.846153846154,2881.0,,4.368141403892878,,0.547,open,1053765.0,CO,HWY 67 & English Street,Mo-Su 04:30-20:00,,True,108.5,27.71,store:82529,2,1,1,0,2,68.0,67.0,0,0.665,0,0,22.72,0,0,464.13,0,0,0,0,0,0,44.02,low density,True,False,2957.4615384615386,26.09,1.0166983119619215,1.0620927558451514,Mar–Dec 2024
13368286,45.186199,-93.875254,33460,1202 State HW 25 N,Buffalo,MN,2024-11-08,,2024-11-11,2026-09-21,8300.076923076924,8435.307692307691,,-1.603151588104923,,0.925,open,1052796.0,CO,Hwy 25 and 14th Street,Mo-Fr 05:00-20:00; Sa-Su 05:00-19:30,,True,104.0,79.81,store:81578,2,1,1,0,2,82.0,81.0,0,0.241,0,0,52.83,0,0,346.87,0,0,0,1,1,1,1.27,low density,True,False,1973.3846153846157,17.76,4.20601075855617,4.493806306306306,Mar–Dec 2024
13368287,29.4646465,-98.62142,41700,6405 NW Loop 410,San Antonio,TX,2024-12-03,,2024-12-09,2026-09-21,3295.5384615384614,3186.6153846153848,,3.418143195094858,,0.606,open,1053639.0,CO,NW Loop 410 @ Ingram Rd,Mo-Th 04:30-21:00; Fr-Sa 04:30-22:00; Su 04:30-21:00,,True,117.5,28.05,store:82400,2,1,1,0,2,21.0,20.0,0,0.607,0,0,340.34,0,0,783.24,0,0,1,1,5,2,1.7,suburban,True,False,3255.0384615384614,29.245,1.012442249293994,0.9591383142417507,Mar–Dec 2024
13368288,42.2475465,-71.9382445,49340,1621 Main St,Leicester,MA,2025-05-06,,2025-05-12,2026-09-21,1338.3076923076924,1239.0,,8.015148693114792,,0.345,open,1054115.0,CO,"Leicester, Main St",Mo-Su 05:00-20:00,,True,105.0,12.75,store:82930,2,1,1,0,2,22.0,21.0,0,1.494,0,0,59.53,0,0,64.73,0,0,0,0,0,2,2.39,low density,True,False,1839.6153846153843,17.52,0.7274932051014009,0.7277397260273972,Jan–Sep 2025
13368289,36.014235,-96.112266,46140,1304 N 9th St,Sapulpa,OK,2025-03-10,,2025-03-10,2026-09-21,5243.153846153846,4358.2307692307695,,20.304640203328784,,0.943,open,1044347.0,CO,I44 & 9th Street,Mo-Su 05:00-21:00,,True,112.0,46.81,store:78568,2,1,1,0,2,67.0,66.0,0,0.381,0,0,18.89,0,0,18.89,0,0,0,0,0,0,14.89,low density,True,False,3429.0,29.939999999999998,1.5290620723691588,1.5634602538410156,Jan–Sep 2025
13368291,47.7010145,-117.0235595,17660,231 S Beck Rd,Post Falls,ID,2024-10-12,,2024-10-14,2026-09-21,1235.5384615384614,970.3846153846154,,27.32461355529132,,0.182,open,1053277.0,CO,I-90 and West Pointe Parkway,Mo-Fr 04:30-20:00; Sa 04:30-19:30; Su 05:00-19:30,,True,107.0,11.55,store:82076,2,1,1,0,2,19.0,18.0,0,1.619,0,0,107.72,0,0,107.72,0,0,0,0,0,0,751.98,low density,True,False,2107.6923076923076,18.25,0.5862043795620437,0.6328767123287672,Mar–Dec 2024
13368292,40.416165,-111.8691705,39340,2255 N 1200 W,Lehi,UT,2025-05-06,,2025-05-12,2026-09-21,1727.923076923077,1709.1538461538462,,1.0981592330888024,,0.364,open,1040461.0,CO,I-15 and N 12th W - Lehi,Mo-Sa 04:30-21:00; Su 05:00-20:00,,True,114.0,15.16,store:69811,2,1,1,0,2,19.0,18.0,0,1.157,0,0,38.36,0,0,331.85,0,0,0,0,3,0,78.08,suburban,True,False,1812.3461538461538,16.14,0.9534177967360625,0.9392812887236679,Jan–Sep 2025
13368294,37.7225475,-97.437124,48620,8121 W. 21st St. N,Wichita,KS,2024-10-12,,2024-10-14,2026-09-21,2417.4615384615386,2296.3076923076924,,5.276028406806921,,0.323,open,1052899.0,CO,21st Street & Woodchuck,Mo-Fr 04:30-21:00; Sa-Su 05:00-21:00,,True,114.5,21.11,store:81699,2,1,1,0,2,23.0,22.0,0,0.827,0,0,216.56,0,0,216.56,0,0,0,0,5,1,2.89,suburban,True,False,2876.4615384615386,24.6,0.840428945820185,0.8581300813008129,Mar–Dec 2024
13368295,42.24088,-89.000366,40420,5982 Columbia Pkwy,Rockford,IL,2025-05-06,,2025-05-12,2026-09-21,2619.0,2514.923076923077,,4.138374013580459,,0.312,open,1053053.0,CO,Harrison & Mulford,Mo-Su 04:30-20:00,,True,108.5,24.14,store:81871,1,1,0,0,1,85.0,84.0,0,0.382,0,0,40.31,0,0,40.31,0,0,1,0,5,2,3.17,suburban,True,False,3553.3076923076924,32.85,0.7370597276643647,0.734855403348554,Jan–Sep 2025
13368299,33.0228865,-96.452905,19100,875 S State Hwy 78,Lavon,TX,2024-10-12,,2024-10-14,2026-09-21,4990.7692307692305,4410.153846153846,,13.165422451684927,,0.821,open,1053792.0,CO,HWY 78 & Burleson,Mo-Fr 04:30-21:00; Sa-Su 05:00-21:00,,True,114.5,43.59,store:82536,2,1,1,0,2,21.0,20.0,0,0.401,0,0,66.84,0,0,350.7,0,1,0,1,0,1,0.13,low density,True,False,2957.4615384615386,26.09,1.6875178817593048,1.6707550785741665,Mar–Dec 2024
13368300,37.056738,-120.8228285,32900,2101 E Pacheco Blvd,Los Banos,CA,2024-12-03,,2024-12-09,2026-09-21,1806.2307692307693,1721.3846153846157,,4.928948074001238,,0.238,open,1052716.0,CO,2101 E Pacheco Blvd,Mo-Fr 04:00-22:00; Sa-Su 04:30-22:00,,True,125.0,14.45,store:81538,2,1,1,0,2,85.0,84.0,0,1.107,1,1,2.41,1,1,2.41,1,0,1,0,4,0,59.4,suburban,True,False,2459.0,21.3,0.7345387430788001,0.6784037558685445,Mar–Dec 2024
13368303,40.6440795,-74.411216,35620,1666 US 22,Watchung,NJ,2024-12-27,,2024-12-30,2026-09-21,1308.4615384615386,795.3076923076923,,64.52268111035886,,0.332,open,1038943.0,CO,Watchung Rt. 22,Mo-Su 05:00-21:00,,True,112.0,11.68,store:57317,2,1,1,0,2,19.0,18.0,0,1.529,0,0,23.17,0,0,40.58,1,1,1,2,2,8,0.88,low density,True,False,1886.0769230769233,17.055,0.693747705860761,0.6848431545001465,Mar–Dec 2024
13368304,35.700833,-79.7854595,24660,1497 E Dixie Dr,Asheboro,NC,2025-05-06,,2025-05-12,2026-09-21,4078.923076923077,3727.923076923077,,9.415430328291684,,0.757,open,1053666.0,CO,E Dixie & NC 42,Mo-Su 05:00-22:00,,True,119.0,34.28,store:82377,2,1,1,0,2,21.0,20.0,0,0.49,0,0,69.9,0,0,220.75,0,0,0,0,0,1,2.65,low density,True,False,3213.3076923076924,27.675,1.2693845306777105,1.2386630532971996,Jan–Sep 2025
13368305,39.970629,-83.149739,18140,923 Hilliard Rome Rd,Columbus,OH,2025-05-31,,2025-06-02,2026-09-21,1958.8461538461536,1887.4615384615383,,3.7820434445938744,,0.4,open,1043606.0,CO,Hilliard Rome Rd & Feder Rd,Mo-Su 05:00-21:00,,True,112.0,17.49,store:77675,2,1,1,0,2,76.0,75.0,0,1.021,0,1,12.52,0,0,183.87,0,0,1,0,3,2,2.41,suburban,True,False,2587.8461538461543,23.485,0.756940728850841,0.7447306791569086,Jan–Sep 2025
13368309,38.7746195,-90.7383245,41180,1561 Bryan Road,Dardenne Prairie,MO,2025-06-24,,2025-06-30,2026-09-21,659.5384615384615,670.6153846153846,,-1.651754989676535,,0.061,open,8535500.0,CO,Bryan & Feise,Mo-Su 05:00-21:00,,True,112.0,5.89,store:85355,2,1,1,0,2,75.0,74.0,0,3.032,0,0,145.99,0,0,300.39,0,0,0,0,5,1,4.14,suburban,True,False,2642.6923076923076,26.17,0.24957065929267938,0.22506687046236146,Jan–Sep 2025
13368312,33.581603,-112.4282095,38060,17160 W Peoria Ave,Surprise,AZ,2025-05-06,,2025-05-12,2026-09-21,2817.3076923076924,3052.153846153846,,-7.694440243963907,,0.537,open,1042714.0,CO,Peoria & Cotton,Mo-Su 04:00-21:00,,True,119.0,23.67,store:71524,2,1,1,0,2,49.0,48.0,0,0.71,0,0,34.18,0,0,34.18,1,0,1,0,6,0,6.23,suburban,True,False,2914.6923076923076,24.67,0.9665883719088966,0.9594649371706526,Jan–Sep 2025
13368313,39.36052,-78.035396,25180,24 Terroso Way,Inwood,WV,2025-05-31,,2025-06-02,2026-09-21,9638.692307692309,6453.384615384615,,49.35871456838392,,0.875,open,1039693.0,CO,Inwood,Mo-Su 05:00-20:00,,True,105.0,91.8,store:68402,2,1,1,0,2,60.0,59.0,0,0.207,0,1,12.29,0,0,73.2,0,0,0,0,0,0,8.85,low density,True,False,4514.923076923077,37.94,2.1348519439806455,2.419609910384818,Jan–Sep 2025
13368314,38.365166,-75.546343,41540,317 Tilghman Rd,Salisbury,MD,2025-05-06,,2025-05-12,2026-09-21,950.0,664.6923076923077,,42.92327276935539,,0.176,open,1053964.0,CO,"East Salisbury, Route 50",Mo-Sa 05:00-21:00; Su 05:00-20:00,,True,111.0,8.56,store:82793,2,1,1,0,2,80.0,79.0,0,2.105,0,0,106.74,0,0,106.74,0,1,0,1,1,1,0.27,low density,True,False,3419.4615384615386,30.53,0.2778215193575237,0.28037995414346545,Jan–Sep 2025
13368315,40.7579625,-73.544393,35620,506 W Old Country Rd,Hicksville,NY,2025-05-06,,2025-05-12,2026-09-21,1680.6153846153843,1610.3846153846157,,4.361117745402421,,0.458,open,8555500.0,CO,506 W Old Country Rd - Hicksvi,Mo-Su 05:00-22:00,,True,119.0,14.12,store:85555,2,1,1,0,2,22.0,21.0,0,1.19,0,1,10.43,0,0,32.86,0,2,1,5,8,19,0.13,suburban,True,False,1886.0769230769233,17.055,0.8910640727599002,0.8279097038991498,Jan–Sep 2025
13368319,28.7841285,-81.749144,36740,2046 SR 19,Tavares,FL,2025-06-24,,2025-06-30,2026-09-21,2066.923076923077,2228.3076923076924,,-7.242474454570558,,0.283,open,8585700.0,CO,FL-19 & Slim Haywood Ave,Mo-Su 05:00-20:00,,True,105.0,19.68,store:85857,2,1,1,0,2,25.0,24.0,0,0.968,0,0,45.29,0,0,45.29,0,0,0,1,0,1,1.94,low density,True,False,3125.3076923076924,27.13,0.6613502670506289,0.7253962403243642,Jan–Sep 2025
13368321,29.9797505,-95.2763695,26420,18008 Hwy 59 N,Humble,TX,2025-03-10,,2025-03-10,2026-09-21,5974.692307692308,5361.076923076923,,11.44574855798204,,0.839,open,1054759.0,CO,US 59 & Will Clayton Pkwy,Mo-Su 04:00-22:00,,True,126.0,47.42,store:83486,2,1,1,0,2,87.0,86.0,0,0.335,0,0,363.7,0,0,679.05,0,0,0,0,4,0,6.9,suburban,True,False,2764.3846153846152,24.21,2.1613100704009796,1.9586947542337876,Jan–Sep 2025
13368322,34.2059705,-86.865966,18980,5445 Alabama Highway 157 NW,Cullman,AL,2024-10-12,,2024-10-14,2026-09-21,4192.7692307692305,4457.0,,-5.928444452115089,,0.5,open,1045399.0,CO,I-65 & AL 157,Mo-Su 05:00-21:00,,True,112.0,37.44,store:80661,1,0,1,0,1,21.0,20.0,0,0.239,0,0,76.61,0,0,164.39,0,0,0,0,0,0,9.91,low density,True,False,6437.692307692308,55.26,0.6512845023300274,0.6775244299674267,Mar–Dec 2024
13368323,30.204831,-85.6735365,37460,920 Promenade St,Panama City,FL,2025-05-06,,2025-05-12,2026-09-21,5948.076923076923,5266.538461538462,,12.940918717592908,,0.9,open,1054779.0,CO,St Andrews Blvd - Sweetbay,Mo-Sa 04:30-21:00; Su 05:00-20:00,,True,114.0,52.18,store:83492,2,1,1,0,2,80.0,79.0,0,0.336,0,0,239.8,0,0,374.89,0,0,0,0,2,3,2.63,low density,True,False,3683.653846153846,32.165,1.614722004698512,1.6222602207368257,Jan–Sep 2025
13368326,42.5292585,-83.4385995,19820,251 Haggerty Rd,Commerce Township,MI,2024-10-12,,2024-10-14,2026-09-21,2514.3846153846152,2273.230769230769,,10.608419057931773,,0.548,open,1044984.0,CO,14 Mile & Haggerty,Mo-Su 05:00-21:00,,True,112.0,22.45,store:79951,2,1,1,0,2,22.0,21.0,0,0.795,0,0,16.44,0,0,16.44,1,0,1,1,3,2,1.43,suburban,True,False,2672.8076923076924,24.015,0.9407278430921099,0.9348323964189048,Mar–Dec 2024
13368327,42.204041,-88.3354995,16980,1341 Randall Rd,Crystal Lake,IL,2025-05-06,,2025-05-12,2026-09-21,3392.923076923077,3048.230769230769,,11.307946602064266,,0.78,open,1040620.0,CO,Randall and Ackman,Mo-Su 05:00-21:00,,True,112.0,30.29,store:70143,2,1,1,0,2,24.0,23.0,0,0.589,0,0,45.88,0,0,45.88,0,0,0,0,10,3,2.6,urban core,True,False,2219.6923076923076,20.33,1.528555586359856,1.4899163797343828,Jan–Sep 2025
13368328,33.056407,-80.098393,16700,2503 N Main St,Summerville,SC,2024-12-03,,2024-12-09,2026-09-21,4615.076923076923,3999.4615384615386,,15.392456676860334,,0.826,open,1053975.0,CO,Hwy 17A at Carnes Crossroads,Mo-Su 04:30-21:00,,True,115.5,39.96,store:82795,2,1,1,0,2,47.0,46.0,0,0.433,0,0,136.23,0,0,136.23,0,0,0,0,2,1,4.52,low density,True,False,2953.1153846153848,26.91,1.5627824592021462,1.4849498327759199,Mar–Dec 2024
13368331,43.660704,-116.6676295,14260,620 N 21st Ave,Caldwell,ID,2024-11-08,,2024-11-11,2026-09-21,1571.4615384615386,1363.1538461538462,,15.281304666779526,,0.404,open,1044995.0,CO,21st & Chicago,Mo-Fr 04:30-21:00; Sa-Su 05:00-21:00,,True,114.5,13.72,store:80006,2,1,1,0,2,19.0,18.0,0,1.273,0,1,12.58,0,1,12.58,0,0,1,0,1,0,317.45,low density,True,False,2036.4615384615383,18.35,0.7716627634660422,0.747683923705722,Mar–Dec 2024
13368334,40.726111,-96.68032,30700,2830 Copper Ridge Drive,Lincoln,NE,2024-10-12,,2024-10-14,2026-09-21,2633.923076923077,2536.153846153846,,3.855019714892327,,0.462,open,1038585.0,CO,27th and Yankee Hill,Mo-Su 05:00-20:00,,True,105.0,25.08,store:70894,2,1,1,0,2,23.0,22.0,0,0.759,0,0,273.09,0,0,511.91,0,0,2,0,3,1,3.33,suburban,True,False,3164.7307692307695,30.14,0.8322739812597985,0.8321167883211679,Mar–Dec 2024
13368335,41.842935,-87.702851,16980,3105 W. 26th Street,Chicago,IL,2024-10-12,,2024-10-14,2026-09-21,851.6153846153846,826.7692307692307,,3.00521027167846,,0.139,open,1053998.0,CO,Little Village - 26th & Whippl,Mo-Th 05:00-19:00; Fr-Su 05:00-19:30,,True,99.5,8.56,store:82724,2,1,1,0,2,19.0,18.0,0,2.348,0,1,7.36,0,1,7.36,0,2,0,4,9,25,0.29,suburban,True,False,2219.6923076923076,20.33,0.38366370945383976,0.4210526315789474,Mar–Dec 2024
13368337,38.198766,-85.2688755,31140,140 Mortown Way,Shelbyville,KY,2025-06-24,,2025-06-30,2026-09-21,5597.7692307692305,4413.076923076923,,26.845040962175347,,0.862,open,1051987.0,CO,Taylorsville Rd & I-64,Mo-Su 05:00-21:00,,True,112.0,49.98,store:80890,2,1,1,0,2,28.0,28.0,0,0.357,0,0,43.18,0,0,276.1,0,0,0,0,0,1,3.09,low density,True,False,3283.3846153846152,28.68,1.704877705931965,1.7426778242677823,Jan–Sep 2025
13368338,40.702065,-73.9869475,35620,104 Jay St,Brooklyn,NY,2025-04-03,,2025-04-07,2026-09-21,662.7692307692307,640.3846153846154,,3.495495495495482,,0.141,open,8527800.0,CO,104 Jay St,Mo-Su 05:00-20:00,,True,105.0,6.31,store:85278,2,1,1,0,2,43.0,42.0,0,3.018,0,4,5.11,0,0,41.44,2,0,18,11,71,85,1.13,urban core,True,False,1886.0769230769233,17.055,0.3514009543619233,0.36997947815889765,Jan–Sep 2025
13368339,36.5182015,-119.5656705,23420,301 Sierra St,Kingsburg,CA,2024-10-12,,2024-10-14,2026-09-21,1857.923076923077,1947.3076923076924,,-4.590163934426239,,0.291,open,1053512.0,CO,Hwy 99 & Sierra,Mo-Su 05:00-22:00,,True,119.0,15.61,store:82314,2,1,1,0,2,22.0,21.0,0,1.076,0,0,31.41,0,0,129.17,1,0,1,0,1,0,23.46,low density,True,False,2665.9615384615386,22.605,0.6969054317247348,0.6905551869055518,Mar–Dec 2024
13368342,42.2806865,-122.82168,32780,123 N Phoenix Rd,Medford,OR,2025-05-31,,2025-06-02,2026-09-21,397.84615384615387,401.15384615384613,,-0.8245445829338394,,0.077,open,1039524.0,CO,"Phoenix, OR",Mo-Su 05:00-20:00,,True,105.0,3.79,store:68496,2,1,1,0,2,58.0,57.0,0,5.027,0,0,198.14,0,0,258.55,0,0,0,0,3,0,346.81,suburban,True,False,1920.923076923077,17.7,0.2071119654012494,0.21412429378531075,Jan–Sep 2025
13368343,40.7065685,-73.8966765,35620,66-79 Fresh Pond Rd,Ridgewood,NY,2024-12-27,,2024-12-30,2026-09-21,1481.2307692307693,1132.7692307692307,,30.76191769659107,,0.381,open,1055304.0,CO,66-79 Fresh Pond Rd - Ridgewoo,Mo-Su 05:00-21:00,,True,112.0,13.23,store:84129,2,1,1,0,2,55.0,54.0,0,1.35,0,4,10.57,0,0,38.11,0,3,1,10,19,70,0.05,urban core,True,False,1886.0769230769233,17.055,0.7853501366287369,0.7757255936675462,Mar–Dec 2024
13368344,40.890667,-74.514793,35620,206 US-46,Rockaway,NJ,2025-05-31,,2025-06-02,2026-09-21,3219.5384615384614,2901.846153846154,,10.947937652422857,,0.811,open,1040190.0,CO,Rockaway Rt 46,Mo-Su 05:00-21:00,,True,112.0,28.75,store:68874,2,1,1,0,2,26.0,25.0,0,0.621,0,0,44.03,0,0,51.12,0,0,0,2,4,10,1.15,suburban,True,False,1886.0769230769233,17.055,1.7070027325747377,1.6857226619759602,Jan–Sep 2025
13368345,31.319307,-89.391925,25620,6214 US Hwy 98,Hattiesburg,MS,2024-10-12,,2024-10-14,2026-09-21,5792.7692307692305,6377.2307692307695,,-9.164817137894444,,1.0,open,1043236.0,CO,Hwy 98 & Lamar,Mo-Fr 04:30-21:00; Sa-Su 05:00-21:00,,True,114.5,50.59,store:75016,2,1,1,0,2,37.0,36.0,0,0.345,0,0,133.15,0,0,133.15,1,0,1,0,2,0,100.93,low density,True,False,4651.461538461538,40.62,1.245365393838165,1.2454455933037913,Mar–Dec 2024
13368347,33.610039,-112.413514,38060,16450 W Waddell Rd,Surprise,AZ,2025-05-06,,2025-05-12,2026-09-21,1624.5384615384614,1655.923076923077,,-1.8952942815998577,,0.276,open,1053294.0,CO,Waddell & Loop 303,Mo-Su 04:00-23:00,,True,133.0,12.21,store:82046,2,1,1,0,2,66.0,65.0,0,1.231,0,0,35.62,0,0,35.62,0,0,2,0,10,2,3.22,urban core,True,False,2914.6923076923076,24.67,0.5573619065213375,0.4949331171463316,Jan–Sep 2025
13368348,39.99992,-104.719716,19740,22560 E. 168th Ave,Lochbuie,CO,2024-12-03,,2024-12-09,2026-09-21,2619.3076923076924,2572.3846153846152,,1.8241081307377227,,0.614,open,1039928.0,CO,I76 and Hwy 2,Mo-Fr 04:30-21:00; Sa-Su 05:00-21:00,,True,114.5,22.88,store:70470,1,0,1,0,1,23.0,22.0,0,0.382,0,0,357.63,0,0,874.84,0,0,0,0,2,0,18.21,low density,True,False,1878.923076923077,17.39,1.3940473266191764,1.315698677400805,Mar–Dec 2024
13368349,36.073573,-86.925645,34980,290 Hicks Rd,Nashville,TN,2025-04-03,,2025-04-07,2026-09-21,3382.5384615384614,3021.923076923077,,11.93330787832505,,0.596,open,1056017.0,CO,Hwy 70 and Hicks Rd,Mo-Su 04:30-21:00,,True,115.5,29.29,store:84856,2,1,1,0,2,14.0,13.0,0,0.591,0,0,16.3,0,0,195.06,2,1,2,1,3,1,0.13,suburban,True,False,3338.4615384615386,30.21,1.0132027649769584,0.9695465077788811,Jan–Sep 2025
13368351,33.835565,-84.075237,12060,4195 Stone Mountain Hwy,Lilburn,GA,2025-02-13,,2025-02-17,2026-09-21,3576.076923076923,3565.5384615384614,,0.2955643769416705,,0.722,open,1038129.0,CO,Hwy 78 & Paxton Ln,Mo-Su 05:00-21:00,,True,112.0,31.93,store:71299,2,1,1,0,2,23.0,22.0,0,0.559,0,0,30.44,0,0,30.44,0,1,0,1,1,3,0.82,low density,True,False,2357.0384615384614,21.205,1.5171907380513356,1.5057769394010847,Jan–Sep 2025
13368352,34.4280535,-118.421836,31080,16350 Village Way,Santa Clarita,CA,2025-05-31,,2025-06-02,2026-09-21,3042.3846153846152,2503.3846153846152,,21.530850540806306,,0.785,open,1044873.0,CO,Soledad Canyon & Sand Canyon,Mo-Su 04:30-20:00,,True,108.5,28.04,store:79867,1,0,1,0,1,21.0,20.0,0,0.329,0,0,49.07,0,0,67.56,2,0,2,0,4,1,4.28,suburban,True,False,1957.0769230769229,16.145,1.5545554594764563,1.7367606069990709,Jan–Sep 2025
13368353,26.685059,-81.79582,15980,4030 Boatways Rd,Fort Myers,FL,2025-03-10,,2025-03-10,2026-09-21,5362.461538461538,6106.384615384615,,-12.182709144275227,,0.833,open,1040246.0,CO,Palm Beach Blvd & I-75,Mo-Su 05:00-21:00,,True,112.0,47.88,store:68267,2,1,1,0,2,25.0,24.0,0,0.373,0,0,60.38,0,0,60.38,0,0,0,0,0,1,3.64,low density,True,False,2508.846153846154,23.07,2.1374214318565077,2.0754226267880367,Jan–Sep 2025
13368354,36.7480545,-108.1992135,22140,505 E 20th St,Farmington,NM,2024-10-12,,2024-10-14,2026-09-21,1959.6923076923076,1911.923076923077,,2.4984912492456157,,0.375,open,1043173.0,CO,Butler & 20th - Farmington,Mo-Su 05:00-21:00,,True,112.0,17.5,store:73075,2,1,1,0,2,23.0,22.0,0,1.021,0,0,496.48,0,0,496.48,0,0,0,0,4,1,3.03,suburban,True,False,4081.8076923076924,39.755,0.4801040263081025,0.44019620173563073,Mar–Dec 2024
13368355,36.133007,-95.949983,46140,2722 E 21st St,Tulsa,OK,2024-10-12,,2024-10-14,2026-09-21,2519.769230769231,2370.153846153846,,6.312475658834216,,0.429,open,1044487.0,CO,US 64 & 21st,Mo-Su 05:00-21:00,,True,112.0,22.5,store:78664,2,1,1,0,2,23.0,22.0,0,0.794,1,1,4.49,1,1,4.49,0,0,1,0,9,1,2.55,suburban,True,False,3429.0,29.939999999999998,0.7348408372030419,0.7515030060120241,Mar–Dec 2024
13368356,26.1422185,-97.990775,32580,1620 S Texas Blvd,Weslaco,TX,2024-12-03,,2024-12-09,2026-09-21,2177.0,1592.0,,36.74623115577889,,0.115,open,1054018.0,CO,S Texas Blvd & 18th St,Mo-Fr 04:30-23:30; Sa-Su 05:00-23:30,,True,132.0,16.49,store:82732,2,1,1,0,2,21.0,20.0,0,0.919,0,0,700.77,0,0,1129.29,0,0,0,0,2,0,22.03,low density,True,False,6503.307692307692,47.64,0.33475272938031536,0.3461376994122586,Mar–Dec 2024
13368357,42.7116385,-92.476224,47940,402 13th Ave SW,Waverly,IA,2024-10-12,,2024-10-14,2026-09-21,4604.307692307692,4974.923076923077,,-7.449670655905005,,0.75,open,1054100.0,CO,4th St SW and 13th Ave SW,Mo-Su 05:00-20:00,,True,105.0,43.85,store:82912,1,0,1,0,1,22.0,21.0,0,0.217,0,0,140.43,0,0,308.44,0,0,0,0,0,0,22.35,low density,True,False,3413.576923076923,30.83,1.3488220116503105,1.4223159260460592,Mar–Dec 2024
13368358,40.0180615,-75.677211,37980,1084 E Lancaster Ave,Downingtown,PA,2025-05-06,,2025-05-12,2026-09-21,1759.7692307692307,1654.0,,6.394753976374279,,0.498,open,1055659.0,CO,1084 E Lancaster Ave,Mo-Su 05:00-20:00,,True,105.0,16.76,store:84390,2,1,1,0,2,18.0,17.0,0,1.137,0,0,18.62,0,0,26.65,0,1,0,2,4,3,0.38,suburban,True,False,2036.269230769231,18.759999999999998,0.864212454904331,0.8933901918976548,Jan–Sep 2025
13368359,34.9447785,-92.0599855,30780,3090 Bill Foster Memorial Hwy,Cabot,AR,2025-05-06,,2025-05-12,2026-09-21,3667.0,3463.230769230769,,5.883790147039236,,0.636,open,1055024.0,CO,Bill Foster Memorial & I-67,Mo-Su 04:30-21:00,,True,115.5,31.75,store:83730,2,1,1,0,2,53.0,52.0,0,0.545,0,0,184.47,0,0,317.19,0,0,0,0,1,0,35.88,low density,True,False,2963.4615384615386,26.575000000000003,1.2374042829331602,1.1947318908748823,Jan–Sep 2025
13368360,41.506443,-87.6708275,16980,581 W 14th St,Chicago Heights,IL,2024-10-12,,2024-10-14,2026-09-21,1954.2307692307693,1672.2307692307693,,16.8637011822071,,0.452,open,1052679.0,CO,Hwy 30 & Hilltop,Mo-Su 05:00-21:00,,True,112.0,17.45,store:81435,2,1,1,0,2,57.0,56.0,0,1.023,1,1,2.93,1,1,2.93,0,1,0,1,1,6,0.73,low density,True,False,2219.6923076923076,20.33,0.880406154699196,0.8583374323659617,Mar–Dec 2024
13368362,40.420899,-104.8101535,24540,8006 West 10th Street,Greeley,CO,2024-10-12,,2024-10-14,2026-09-21,2983.846153846154,2167.3846153846152,,37.67035775127769,,0.636,open,1039618.0,CO,10th St and 80th Ave,Mo-Su 04:30-20:00,,True,108.5,27.5,store:66112,2,1,1,0,2,89.0,88.0,0,0.67,0,0,350.22,0,0,903.39,0,0,1,0,1,0,22.62,low density,True,False,2461.0,22.23,1.2124527240333822,1.2370670265407107,Mar–Dec 2024
13368363,36.239768,-115.0810725,29820,4255 E Craig Rd,North Las Vegas,NV,2025-06-24,,2025-06-30,2026-09-21,3338.769230769231,2923.076923076923,,14.221052631578956,,0.712,open,1039382.0,CO,Craig and Lamb,Mo-Fr 04:00-21:00; Sa-Su 04:30-21:00,,True,118.0,28.29,store:68964,2,1,1,0,2,60.0,59.0,0,0.599,0,0,23.99,0,0,367.9,0,0,0,1,3,1,1.51,suburban,True,False,2636.153846153846,21.5,1.2665304931426904,1.3158139534883722,Jan–Sep 2025
13368364,37.6535715,-77.3954095,40060,9329 Chamberlayne Road,Mechanicsville,VA,2024-10-12,,2024-10-14,2026-09-21,4013.0,4012.846153846154,,0.0038338413173022,,0.842,open,1039972.0,CO,Rutland @ I 295 and Chamberlay,Mo-Su 04:30-20:00,,True,108.5,36.99,store:69860,2,1,1,0,2,23.0,22.0,0,0.498,0,0,74.16,0,0,139.04,1,1,1,1,2,1,0.56,low density,True,False,2279.3846153846152,21.31,1.7605629049676026,1.7358047864852184,Mar–Dec 2024
13368367,33.64076,-117.8765085,31080,2523 Eastbluff Dr,Newport Beach,CA,2024-10-12,,2024-10-14,2026-09-21,644.5384615384615,630.0,,2.3076923076922995,,0.086,open,1053815.0,CO,Eastbluff & Vista Del Sol,Mo-Su 05:00-19:00,,True,98.0,6.58,store:82556,2,1,1,0,2,22.0,21.0,0,3.103,0,0,43.06,0,0,43.06,1,0,2,0,24,1,3.59,urban core,True,False,1957.0769230769229,16.145,0.32933731624872264,0.4075565190461443,Mar–Dec 2024
13368368,41.7191425,-88.283318,16980,1991 Hill Ave,Montgomery,IL,2024-10-12,,2024-10-14,2026-09-21,3518.153846153846,3280.153846153846,,7.255757234651283,,0.8,open,1044530.0,CO,Hill & US34,Mo-Fr 05:00-20:00; Sa-Su 05:00-19:30,,True,104.0,33.83,store:78761,2,1,1,0,2,26.0,25.0,0,0.568,0,3,5.53,0,1,6.95,0,1,0,1,3,5,0.37,suburban,True,False,2219.6923076923076,20.33,1.5849736623232604,1.6640432857845548,Mar–Dec 2024
13368369,35.1912015,-80.7972675,16740,901 N Wendover Rd,Charlotte,NC,2025-02-13,,2025-02-17,2026-09-21,1468.3846153846157,1421.2307692307693,,3.317817709460935,,0.248,open,1040581.0,CO,901 N Wendover,Mo-Su 05:00-20:00,,True,105.0,13.98,store:69758,2,1,1,0,2,24.0,23.0,0,1.362,0,0,66.27,0,0,134.15,0,0,1,1,12,4,1.54,urban core,True,False,2938.3846153846152,26.305,0.4997251236943377,0.5314578977380726,Jan–Sep 2025
13368371,40.836709,-74.1542895,35620,10 Metro Blvd,Clifton,NJ,2024-11-08,,2024-11-11,2026-09-21,2843.3846153846152,2878.230769230769,,-1.210679637597878,,0.744,open,1038134.0,CO,Metro Blvd Rt 3 East DT,Mo-Sa 05:00-21:00; Su 05:00-20:30,,True,111.5,25.5,store:67639,2,1,1,0,2,26.0,25.0,0,0.703,0,0,16.05,0,0,39.52,0,2,3,3,9,25,0.66,suburban,True,False,1886.0769230769233,17.055,1.5075655614013619,1.4951627088830255,Mar–Dec 2024
13368372,40.742888,-73.953806,35620,49-19 Vernon Blvd,Long Island City,NY,2024-12-03,,2024-12-09,2026-09-21,395.46153846153845,406.0,,-2.5956801818870834,,0.063,open,1028132.0,CO,Vernon Blvd & 50th Ave,Mo-Su 05:00-21:00,,True,112.0,3.53,store:63280,2,1,1,0,2,26.0,25.0,0,5.057,3,4,4.7,0,0,36.13,0,4,7,14,124,151,0.06,urban core,True,False,1886.0769230769233,17.055,0.20967413026632403,0.20697742597478744,Mar–Dec 2024
13368374,43.9838855,-124.1008185,21660,1940 Hwy 101,Florence,OR,2024-10-12,,2024-10-14,2026-09-21,1655.1538461538462,1492.6153846153843,,10.889507318078762,,0.444,open,1052574.0,CO,Hwy 101 & 20th St - Florence,Mo-Sa 05:00-20:00; Su 05:00-19:00,,True,104.0,15.91,store:81322,2,1,1,0,2,65.0,64.0,0,1.208,0,0,81.44,0,0,196.3,0,0,1,0,1,0,545.01,low density,True,False,1509.076923076923,13.47,1.0967988581914567,1.1811432813659986,Mar–Dec 2024
13368376,36.1465965,-115.32719,29820,2305 S Town Center Dr,Las Vegas,NV,2025-05-31,,2025-06-02,2026-09-21,1958.076923076923,1946.6923076923076,,0.584818429683498,,0.354,open,1044501.0,CO,Town Center & Sahara,Mo-Su 04:00-21:00,,True,119.0,16.45,store:78767,2,1,1,0,2,31.0,30.0,0,1.021,0,0,33.25,0,0,343.99,1,0,6,0,16,2,2.56,urban core,True,False,2636.153846153846,21.5,0.7427779398891159,0.7651162790697674,Jan–Sep 2025
13368377,35.6534185,-97.58372,36420,17900 Grove Parkway,Oklahoma City,OK,2025-05-31,,2025-06-02,2026-09-21,1458.6153846153843,1031.076923076923,,41.465234258430314,,0.188,open,1056021.0,CO,178th & Portland Ave,Mo-Su 05:00-20:00,,True,105.0,13.89,store:84861,2,1,1,0,2,21.0,20.0,0,1.371,0,0,95.49,0,0,153.72,0,0,1,0,1,1,2.36,low density,True,False,3582.846153846154,33.39,0.4071108057625007,0.41599281221922735,Jan–Sep 2025
13368378,41.2153765,-85.170523,23060,1966 Nisbet Rd,Fort Wayne,IN,2025-05-06,,2025-05-12,2026-09-21,1617.6923076923076,1457.5384615384614,,10.987967067764416,,0.208,open,1054790.0,CO,Lima & Copper Mine Passage,Mo-Su 05:00-20:30,,True,108.5,14.91,store:83496,2,1,1,0,2,85.0,84.0,0,1.236,0,0,15.36,0,0,189.79,0,0,0,0,1,1,4.75,low density,True,False,3346.846153846154,30.505,0.4833482727711508,0.4887723324045239,Jan–Sep 2025
13368380,42.9960355,-78.8218645,15380,1531 Niagara Falls Blvd,Amherst,NY,2025-05-06,,2025-05-12,2026-09-21,3666.307692307693,3547.5384615384614,,3.347933561732952,,0.844,open,8649300.0,CO,Consumer Square South,Mo-Su 05:00-21:00,,True,112.0,32.73,store:86493,2,1,1,0,2,69.0,68.0,0,0.546,0,0,298.39,0,0,300.38,2,1,4,2,7,4,0.52,suburban,True,False,2239.076923076923,20.54,1.6374192661811189,1.5934761441090555,Jan–Sep 2025
13368381,30.5897335,-97.659543,12420,2960 FM 1460,Georgetown,TX,2024-10-12,,2024-10-14,2026-09-21,3197.3076923076924,3063.923076923077,,4.353393085787438,,0.675,open,1054014.0,CO,FM 1460 & Teravista Crossing,Mo-Su 04:30-21:00,,True,115.5,27.68,store:82731,2,1,1,0,2,54.0,53.0,0,0.626,0,0,206.37,0,0,637.75,0,0,0,0,2,0,10.28,low density,True,False,2812.3076923076924,24.259999999999998,1.136898249452954,1.1409727947238253,Mar–Dec 2024
13368382,40.79769,-81.489366,15940,2419 Lincoln Way East,Massillon,OH,2024-12-03,,2024-12-09,2026-09-21,2655.4615384615386,2456.230769230769,,8.111239860950192,,0.4,open,1043559.0,CO,Lincoln Way East and 25th Stre,Mo-Su 04:30-21:00,,True,115.5,22.99,store:77667,2,1,1,0,2,68.0,67.0,0,0.753,0,0,93.14,0,0,93.14,1,0,1,0,2,3,2.46,low density,True,False,3944.846153846154,33.15,0.6731470467796347,0.6935143288084464,Mar–Dec 2024
13368383,41.5227015,-88.134259,16980,2211 W Jefferson St,Joliet,IL,2025-05-31,,2025-06-02,2026-09-21,3131.5384615384614,3113.6153846153848,,0.5756355461125962,,0.737,open,1055768.0,CO,Jefferson and Hammes Ave,Mo-Fr 04:30-20:00; Sa-Su 05:00-20:00,,True,107.5,29.13,store:84396,2,1,1,0,2,72.0,71.0,0,0.639,1,1,4.38,1,1,4.38,1,1,1,2,3,7,0.84,suburban,True,False,2219.6923076923076,20.33,1.4107984474632658,1.4328578455484506,Jan–Sep 2025
13368384,40.000281,-86.186396,26900,1589 S Waterleaf Dr,Westfield,IN,2025-05-31,,2025-06-02,2026-09-21,3070.769230769231,2996.769230769231,,2.469325940756706,,0.559,open,1040941.0,CO,146th & Ditch,Mo-Su 05:00-19:00,,True,98.0,31.33,store:71232,2,1,1,0,2,57.0,56.0,0,0.651,0,0,140.49,0,0,207.21,0,0,0,0,4,0,5.85,suburban,True,False,2899.1538461538457,26.285,1.0591949905808062,1.1919345634392238,Jan–Sep 2025
13368385,35.725829,-97.41923,36420,14770 Boucher Dr,Edmond,OK,2024-12-03,,2024-12-09,2026-09-21,3344.230769230769,2630.0,,27.157063468850534,,0.516,open,1052405.0,CO,I35 & Waterloo,Mo-Fr 04:30-20:00; Sa-Su 05:00-20:00,,True,107.5,31.11,store:81152,2,1,1,0,2,21.0,20.0,0,0.598,0,0,87.77,0,0,136.96,0,0,0,0,1,0,16.67,low density,True,False,3582.846153846154,33.39,0.9334006054490414,0.9317160826594788,Mar–Dec 2024
13368386,33.9257645,-84.7471625,12060,2650 Charles Hardy Pkwy,Dallas,GA,2024-10-12,,2024-10-14,2026-09-21,2644.3076923076924,2488.846153846154,,6.24632977901407,,0.582,open,1038086.0,CO,Hwy 120 & Hwy 92,Mo-Fr 04:30-22:00; Sa-Su 05:00-22:00,,True,121.5,21.76,store:69923,2,1,1,0,2,45.0,44.0,0,0.756,0,0,38.6,0,0,38.6,0,0,0,0,2,1,3.95,low density,True,False,2357.0384615384614,21.205,1.1218771926961801,1.0261730723885878,Mar–Dec 2024
13368388,36.7493965,-119.681073,23420,6050 E Grant Ave,Fresno,CA,2025-06-24,,2025-06-30,2026-09-21,1131.1538461538462,1113.6153846153843,,1.574911929267131,,0.063,open,1042830.0,CO,Fowler & Belmont,Mo-We 04:30-21:30; Th-Fr 04:30-22:00; Sa 05:00-22:00; Su 05:00-21:30,,True,119.5,9.47,store:71645,2,1,1,0,2,24.0,23.0,0,1.768,0,2,9.54,0,0,109.46,0,0,0,0,5,0,43.53,suburban,True,False,2665.9615384615386,22.605,0.42429488566688306,0.41893386418933865,Jan–Sep 2025
13368389,32.91571,-97.350138,19100,10021 NW Hwy 287,Fort Worth,TX,2024-10-12,,2024-10-14,2026-09-21,3829.153846153846,3788.4615384615386,,1.0741116751268986,,0.689,open,1053767.0,CO,287 & 156,Mo-Fr 04:00-22:00; Sa-Su 04:30-22:00,,True,125.0,30.63,store:82532,2,1,1,0,2,20.0,19.0,0,0.522,0,0,19.66,0,0,380.93,0,0,1,0,8,0,5.65,suburban,True,False,2957.4615384615386,26.09,1.2947434130101179,1.1740130318129551,Mar–Dec 2024
13368390,34.2183125,-119.0735855,37100,243 W Ventura Blvd,Camarillo,CA,2025-05-31,,2025-06-02,2026-09-21,1422.5384615384614,1349.923076923077,,5.379223887400975,,0.253,open,1044902.0,CO,Camarillo Town Center,Mo-Su 05:00-21:00,,True,112.0,12.7,store:79877,2,1,1,0,2,21.0,20.0,0,1.406,0,0,61.62,0,0,61.62,2,0,2,0,3,1,3.21,suburban,True,False,2606.153846153846,25.13,0.5458382526564344,0.5053720652606446,Jan–Sep 2025
13368391,41.70326,-72.7018965,25540,1862 Berlin Tpke,Wethersfield,CT,2024-10-12,,2024-10-14,2026-09-21,1735.6153846153843,1725.4615384615386,,0.5884713120235308,,0.579,open,1040898.0,CO,"Wethersfield, 1862 Berlin Tpke",Mo-Su 05:00-21:00,,True,112.0,15.5,store:69595,2,1,1,0,2,88.0,87.0,0,1.152,0,0,18.82,0,0,71.37,0,1,0,4,3,15,0.44,suburban,True,False,1586.8846153846152,14.35,1.0937250054533556,1.0801393728222997,Mar–Dec 2024
13368392,38.584465,-89.9100175,41180,105 E Hwy 50,O'Fallon,IL,2024-10-12,,2024-10-14,2026-09-21,9926.846153846154,9365.153846153846,,5.9976837211594525,,0.974,open,1040722.0,CO,Lincoln and Hwy 50,Mo-Fr 05:00-20:00; Sa-Su 05:00-19:30,,True,104.0,95.45,store:71174,2,1,1,0,2,23.0,22.0,0,0.201,0,0,135.0,0,0,251.71,0,0,1,0,3,0,6.48,suburban,True,False,2642.6923076923076,26.17,3.7563382331538353,3.6473060756591518,Mar–Dec 2024
13368393,38.4369145,-121.397892,40900,8848 E Stockton Blvd,Elk Grove,CA,2024-10-12,,2024-10-14,2026-09-21,4050.0,4066.6153846153848,,-0.4085801838610847,,0.865,open,1040294.0,CO,Sheldon & Hwy 99,Mo-Sa 04:30-21:00; Su 05:00-21:00,,True,115.0,35.22,store:67611,2,1,1,0,2,60.0,59.0,0,0.494,0,0,103.84,0,0,115.79,0,0,1,0,15,1,2.59,urban core,True,False,2184.6153846153848,19.380000000000003,1.8538732394366195,1.8173374613003093,Mar–Dec 2024
13368397,42.4914325,-71.7262155,49340,16 Jungle Rd,Leominster,MA,2025-06-24,,2025-06-30,2026-09-21,2411.4615384615386,2680.3076923076924,,-10.03042130639421,,0.793,open,1045303.0,CO,"Leominster, Rte 117",Mo-Fr 04:30-20:00; Sa-Su 05:00-20:00,,True,107.5,22.43,store:80406,2,1,1,0,2,55.0,54.0,0,0.829,0,0,31.78,0,0,37.09,0,2,0,3,1,6,0.26,low density,True,False,1839.6153846153843,17.52,1.310850930378424,1.2802511415525115,Jan–Sep 2025
13368398,40.3280805,-74.7980965,45940,5 NJ-31,Pennington,NJ,2025-04-03,,2025-04-07,2026-09-21,2663.923076923077,2581.230769230769,,3.203599952318537,,0.733,open,1039811.0,CO,5 NJ - Rt. 31 Pennington,Mo-Su 05:00-21:00,,True,112.0,23.79,store:69075,2,1,1,0,2,26.0,25.0,0,0.751,0,1,12.39,0,0,21.13,0,1,0,1,1,1,0.92,low density,True,False,2016.1923076923076,18.67,1.3212643787794969,1.2742367434386714,Jan–Sep 2025
13368401,38.3876755,-85.7664055,31140,8055 CR 311,Sellersburg,IN,2025-06-24,,2025-06-30,2026-09-21,3836.923076923077,3762.076923076923,,1.9894902570184447,,0.69,open,1053632.0,CO,HWY 311 & Camp Run Pkwy,Mo-Su 05:00-20:00,,True,105.0,36.54,store:82388,2,1,1,0,2,21.0,20.0,0,0.521,0,1,10.13,0,0,315.53,0,0,0,0,1,0,5.33,low density,True,False,3283.3846153846152,28.68,1.1685877612220037,1.2740585774058577,Jan–Sep 2025
13368402,41.8058865,-87.762312,16980,4751 S Central Ave,Chicago,IL,2024-06-18,,2024-06-24,2026-09-21,2911.230769230769,2775.6153846153848,2622.846153846154,4.885957376049643,10.995102208405427,0.69,open,1040588.0,CO,Central & 47th,Mo-Th 04:30-21:00; Fr 04:30-21:30; Sa-Su 05:00-21:30,,True,116.0,25.1,store:70224,2,1,1,0,2,24.0,23.0,0,0.687,0,1,13.78,0,1,13.78,0,2,3,3,11,21,0.29,urban core,True,False,2219.6923076923076,20.33,1.3115469919600775,1.2346286276438763,Mar–Dec 2024
13368406,40.646104,-73.583346,35620,168 Atlantic Ave,Freeport,NY,2024-10-12,,2024-10-14,2026-09-21,2875.076923076923,2797.230769230769,,2.7829721702782972,,0.755,open,1054194.0,CO,Freeport- 168 Atlantic Ave,Mo-Su 05:00-21:00,,True,112.0,25.67,store:83061,2,1,1,0,2,22.0,21.0,0,0.696,0,1,9.97,0,0,45.45,0,1,1,3,5,11,0.84,suburban,True,False,1886.0769230769233,17.055,1.5243688568049265,1.505130460275579,Mar–Dec 2024
13368407,39.867523,-86.1216675,26900,6171 N Keystone Ave,Indianapolis,IN,2024-12-27,,2024-12-30,2026-09-21,1311.8461538461538,1308.0,,0.2940484591860803,,0.118,open,1038987.0,CO,62nd & Keystone,Mo-Fr 04:30-21:00; Sa-Su 05:00-21:00,,True,114.5,11.46,store:57280,2,1,1,0,2,27.0,26.0,0,1.525,0,0,154.08,0,0,222.46,1,0,1,0,5,1,3.42,suburban,True,False,2899.1538461538457,26.285,0.4524927697736741,0.4359901084268595,Mar–Dec 2024
13490779,33.259187,-87.515201,46220,4610 Rice Mine Rd NE,Tuscaloosa,AL,2025-10-02,,2025-10-06,2026-09-21,3548.230769230769,,,,,0.444,open,1055875.0,CO,New Watermelon & Rice Mine,Mo-Su 05:00-21:00,,True,112.0,31.68,store:84771,2,1,1,0,2,75.0,74.0,0,0.564,0,0,71.51,0,0,88.68,0,0,0,0,0,0,5.45,low density,True,False,4509.2307692307695,39.205,0.7868816103718866,0.80806019640352,Oct 2025–Jun 2026
13490780,36.082541,-115.242337,29820,5860 S Rainbow Blvd,Las Vegas,NV,2025-07-19,,2025-07-21,2026-09-21,2272.3846153846152,,,,,0.45,open,1038471.0,CO,Rainbow and Quail,Mo-Fr 04:30-20:00; Sa-Su 05:00-20:00,,True,107.5,21.14,store:71483,2,1,1,0,2,54.0,53.0,0,0.88,0,0,23.91,0,0,349.86,0,1,1,2,15,3,0.9,urban core,True,False,2636.153846153846,21.5,0.8620075868106215,0.9832558139534884,Jan–Sep 2025
13490781,26.430741,-81.786005,15980,21301 Town Commons Dr,Estero,FL,2025-10-27,,2025-10-27,2026-09-21,2986.846153846154,,,,,0.667,open,1044756.0,CO,Corkscrew Rd & Three Oaks,Mo-Su 05:00-21:00,,True,112.0,26.67,store:78964,1,0,1,0,1,68.0,67.0,0,0.335,0,0,32.11,0,0,32.11,0,1,2,2,7,3,0.17,suburban,True,False,2508.846153846154,23.07,1.1905258316725433,1.1560468140442133,Oct 2025–Jun 2026
13490782,44.105053,-121.3071225,13460,20789 NW Henry Ave,Bend,OR,2025-09-02,,2025-09-08,2026-09-21,1851.7692307692307,,,,,0.5,open,1055714.0,CO,US-20 & Robal Lane - Bend,Mo-Su 05:00-21:00,,True,112.0,16.53,store:84498,2,1,1,0,2,54.0,53.0,0,1.08,0,0,21.45,0,0,21.45,0,0,0,0,1,0,521.9,low density,True,False,1810.5384615384617,16.53,1.0227726558184984,1.0,Jan–Sep 2025
13490783,39.545954,-119.7846545,39900,1929 Silverada Blvd,Reno,NV,2025-10-02,,2025-10-06,2026-09-21,3109.3846153846152,,,,,0.787,open,1052580.0,CO,Oddie Blvd - Reno,Mo-Su 05:00-21:00,,True,112.0,27.76,store:81330,2,1,1,0,2,84.0,83.0,0,0.643,0,0,176.95,0,0,176.95,0,0,1,0,15,0,6.02,urban core,True,False,2004.3076923076924,19.64,1.5513509364445808,1.4134419551934827,Oct 2025–Jun 2026
13490784,35.2285675,-89.526064,32820,24 West Land Way,Oakland,TN,2025-10-27,,2025-10-27,2026-09-21,5267.461538461538,,,,,0.852,open,8589300.0,CO,Hwy 64 and Pinewood Drive,Mo-Su 05:00-20:00,,True,105.0,50.17,store:85893,2,1,1,0,2,52.0,51.0,0,0.38,0,0,48.33,0,0,139.51,0,0,0,0,0,0,19.94,low density,True,False,2476.461538461538,25.03,2.127011244331242,2.004394726328406,Oct 2025–Jun 2026
13490785,33.1105085,-96.7697525,19100,3832 State Hwy 121,Plano,TX,2025-09-02,,2025-09-08,2026-09-21,1862.1538461538464,,,,,0.281,open,1045044.0,CO,Hwy 121 & Coit,Mo-Fr 04:30-21:00; Sa-Su 05:00-21:00,,True,114.5,16.26,store:80222,2,1,1,0,2,12.0,11.0,0,1.074,0,0,35.75,0,0,345.8,0,0,0,0,12,1,4.45,urban core,True,False,2957.4615384615386,26.09,0.6296460061903401,0.6232272901494826,Jan–Sep 2025
13490786,36.3043155,-86.690642,34980,2104B Gallatin Pike,Madison,TN,2025-07-19,,2025-07-21,2026-09-21,2491.923076923077,,,,,0.415,open,1055237.0,CO,Gallatin Pike at Conference Dr,Mo-Su 04:30-21:30,,True,119.0,20.94,store:84074,2,1,1,0,2,84.0,83.0,0,0.803,0,0,17.74,0,0,212.3,2,0,2,0,3,0,5.7,suburban,True,False,3338.4615384615386,30.21,0.7464285714285714,0.6931479642502483,Jan–Sep 2025
13490787,42.558502,-87.849599,16980,3355 80th St,Kenosha,WI,2025-08-12,,2025-08-18,2026-09-21,2157.4615384615386,,,,,0.508,open,1054276.0,CO,Kenosha - 80th & 35th,Mo-Su 04:00-21:00,,True,119.0,18.13,store:83004,1,0,1,0,1,22.0,21.0,0,0.464,0,0,19.42,0,0,19.42,0,0,1,1,3,1,1.09,suburban,True,False,2219.6923076923076,20.33,0.9719642362073746,0.8917855386128873,Jan–Sep 2025
13490788,36.1469195,-120.354894,23420,667 E Elm Ave,Coalinga,CA,2025-08-12,,2025-08-18,2026-09-21,3683.153846153846,,,,,0.797,open,1054730.0,CO,Cherry Lane & Elm,Mo-Su 05:00-21:00,,True,112.0,32.89,store:83619,2,1,1,0,2,23.0,22.0,0,0.543,0,0,38.54,0,0,110.55,0,0,1,0,1,0,64.35,low density,True,False,2665.9615384615386,22.605,1.381548005482219,1.4549878345498783,Jan–Sep 2025
13490792,44.575677,-123.261708,18700,1105 NW 9th St,Corvallis,OR,2025-09-02,,2025-09-08,2026-09-21,2574.846153846154,,,,,0.8,open,1054751.0,CO,9th & Buchanan - Corvallis,Mo-Su 05:00-20:00,,True,105.0,24.52,store:83499,2,1,1,0,2,23.0,22.0,0,0.777,0,0,59.86,0,0,107.79,1,0,1,0,3,0,602.57,suburban,True,False,1936.5,18.445,1.329639118949731,1.3293575494714014,Jan–Sep 2025
13490793,39.3366755,-82.0628405,11900,958 E State St,Athens,OH,2025-10-02,,2025-10-06,2026-09-21,4638.461538461538,,,,,1.0,open,1052582.0,CO,"Athens, E. State Street",Mo-Su 05:00-21:00,,True,112.0,41.41,store:81331,1,0,1,0,1,2.0,1.0,0,0.216,0,0,84.9,0,0,214.86,1,0,1,0,2,0,44.57,low density,True,False,1446.8461538461538,13.91,3.2059120633739164,2.976994967649173,Oct 2025–Jun 2026
13490794,35.3022205,-94.3926575,22900,3850 Park South Road,Fort Smith,AR,2025-09-02,,2025-09-08,2026-09-21,5420.7692307692305,,,,,0.833,open,8546100.0,CO,US 71 & Park Rd,Mo-Su 05:00-21:00,,True,112.0,48.4,store:85461,1,0,1,0,1,4.0,3.0,0,0.184,0,0,131.79,0,0,172.72,0,0,0,0,2,0,6.3,low density,True,False,3978.846153846154,37.89,1.3623972933784436,1.277381894959092,Jan–Sep 2025
13490795,33.3053985,-112.055506,38060,15615 S Desert Foothills Pkwy,Phoenix,AZ,2025-10-27,,2025-10-27,2026-09-21,4542.076923076923,,,,,0.806,open,1053583.0,CO,Chandler & Desert Foothills,Mo-Su 04:30-20:00,,True,108.5,41.86,store:82401,2,1,1,0,2,80.0,79.0,0,0.44,0,1,12.35,0,1,12.35,1,0,1,0,2,0,7.24,low density,True,False,2914.6923076923076,24.67,1.558338391702515,1.6967977300364814,Oct 2025–Jun 2026
13490796,42.213965,-83.14933,19820,2003 Biddle Ave,Wyandotte,MI,2025-09-02,,2025-09-08,2026-09-21,1100.5384615384614,,,,,0.179,open,8637900.0,CO,Biddle & Ford,Mo-Su 05:00-20:00,,True,105.0,10.48,store:86379,2,1,1,0,2,22.0,21.0,0,1.817,0,0,23.47,0,0,23.47,1,0,1,1,2,2,1.6,low density,True,False,2672.8076923076924,24.015,0.41175370181169324,0.4363939204663752,Jan–Sep 2025
13490797,43.144076,-78.696138,15380,5795 S Transit Rd,Lockport,NY,2025-10-02,,2025-10-06,2026-09-21,4366.0,,,,,0.889,open,1052785.0,CO,Lockport NY,Mo-Su 05:00-21:00,,True,112.0,38.98,store:81549,2,1,1,0,2,88.0,87.0,0,0.458,0,0,309.18,0,0,319.33,0,0,0,0,0,0,11.59,low density,True,False,2239.076923076923,20.54,1.9499106774769825,1.8977604673807205,Oct 2025–Jun 2026
13490799,41.028298,-81.461053,10420,1903 E Waterloo Rd,Akron,OH,2025-07-19,,2025-07-21,2026-09-21,2504.3076923076924,,,,,0.548,open,1044898.0,CO,US-224 & George Washington Blv,Mo-Su 04:30-21:00,,True,115.5,21.68,store:79873,2,1,1,0,2,53.0,52.0,0,0.799,0,0,76.59,0,0,76.59,0,0,0,0,2,2,2.46,low density,True,False,3117.5384615384614,26.78,0.8032964863797869,0.8095593726661687,Jan–Sep 2025
13490800,38.4032335,-78.8667065,25500,1926 Stone Port Blvd,Harrisonburg,VA,2025-07-19,,2025-07-21,2026-09-21,732.6153846153846,,,,,0.25,open,1054072.0,CO,Stone Port,Mo-Su 05:00-21:00,,True,112.0,6.54,store:82863,2,1,1,0,2,21.0,20.0,0,2.73,0,1,5.16,0,1,5.16,0,0,0,1,7,4,1.85,suburban,True,False,6923.0,64.015,0.10582339803775598,0.1021635554166992,Jan–Sep 2025
13490801,35.169923,-78.97264,22180,317 Lillington Hwy,Spring Lake,NC,2025-07-19,,2025-07-21,2026-09-21,3139.769230769231,,,,,0.765,open,1055015.0,CO,N. Bragg & Lillington,Mo-Fr 04:30-21:00; Sa-Su 05:00-21:00,,True,114.5,27.42,store:83729,2,1,1,0,2,21.0,20.0,0,0.637,0,0,74.25,0,0,229.21,0,1,1,1,2,1,0.23,low density,True,False,1984.8846153846152,18.035,1.5818396729125896,1.5203770446354312,Jan–Sep 2025
13490802,30.2635625,-91.9933995,29180,3105 Louisiana Ave,Lafayette,LA,2025-10-27,,2025-10-27,2026-09-21,7874.384615384615,,,,,0.929,open,8518300.0,CO,I-10 and Louisiana,Mo-Fr 04:30-21:00; Sa-Su 05:00-21:00,,True,114.5,68.77,store:85183,1,0,1,0,1,9.0,8.0,0,0.127,0,0,80.13,0,0,390.13,1,0,1,0,1,0,18.37,low density,True,False,3530.230769230769,31.52,2.230558037173425,2.1817893401015227,Oct 2025–Jun 2026
13490804,27.6401345,-80.514441,42680,9110 20th St,Vero Beach,FL,2025-10-02,,2025-10-06,2026-09-21,1928.0,,,,,0.25,open,1038083.0,CO,I-95 & SR60 - Vero Beach,Mo-Su 04:30-21:00,,True,115.5,16.69,store:68198,2,1,1,0,2,60.0,59.0,0,1.037,0,0,43.63,0,0,43.63,0,1,0,1,0,1,0.24,low density,True,False,3319.923076923077,28.994999999999997,0.5807363469959915,0.5756164856009658,Oct 2025–Jun 2026
13490805,46.320062,-119.9877195,49420,2500 Yakima Valley Hwy,Sunnyside,WA,2025-09-02,,2025-09-08,2026-09-21,2693.3846153846152,,,,,0.706,open,1054096.0,CO,Yakima Valley Hwy - Sunnyside,Mo-Fr 04:30-20:00; Sa-Su 05:00-20:00,,True,107.5,25.05,store:82910,1,0,1,0,1,25.0,24.0,0,0.371,0,0,54.91,0,0,54.91,0,0,0,0,1,0,707.04,low density,True,False,2227.6923076923076,19.29,1.209046961325967,1.2986003110419908,Jan–Sep 2025
13490806,40.8040825,-73.179407,35620,1864 Veterans Memorial Hwy,Islandia,NY,2025-08-12,,2025-08-18,2026-09-21,1519.4615384615386,,,,,0.398,open,1043356.0,CO,Veterans Hwy- Islandia Center,Mo-Su 05:00-21:00,,True,112.0,13.57,store:74079,2,1,1,0,2,83.0,82.0,0,1.316,0,0,18.34,0,0,40.99,0,1,1,2,7,10,0.65,suburban,True,False,1886.0769230769233,17.055,0.8056201313267262,0.7956610964526533,Jan–Sep 2025
13490807,38.131785,-77.514396,47900,5210 Mudd Tavern Rd,Woodford,VA,2025-07-19,,2025-07-21,2026-09-21,3170.4615384615386,,,,,0.858,open,1017894.0,CO,"I-95 & Mudd Tavern Rd, Thornbu",Mo-Su 05:00-20:00,,True,105.0,30.19,store:29462,2,1,1,0,2,87.0,86.0,0,0.631,0,0,81.48,0,0,95.71,0,0,0,0,0,0,11.54,low density,True,False,1325.3076923076924,11.86,2.3922456323640375,2.5455311973018553,Jan–Sep 2025
13490808,37.7906015,-81.2059995,13220,1808 Harper Rd,Beckley,WV,2025-10-02,,2025-10-06,2026-09-21,4859.076923076923,,,,,0.667,open,1056092.0,CO,"Beckley, Harper Road",Mo-Su 05:00-21:00,,True,112.0,43.38,store:84996,2,1,1,0,2,51.0,50.0,0,0.412,0,0,117.76,0,0,205.51,0,2,0,2,1,3,0.85,low density,True,False,13782.76923076923,123.06,0.35254721614501944,0.35251097025841055,Oct 2025–Jun 2026
13490809,40.31388,-75.3131735,37980,635 E Broad St,Souderton,PA,2025-07-19,,2025-07-21,2026-09-21,3065.4615384615386,,,,,0.841,open,1043352.0,CO,Souderton Market St,Mo-Su 05:00-20:00,,True,105.0,29.19,store:74008,2,1,1,0,2,20.0,19.0,0,0.652,0,1,9.99,0,0,21.71,1,1,1,1,1,1,0.1,low density,True,False,2036.269230769231,18.759999999999998,1.505430368509529,1.5559701492537317,Jan–Sep 2025
13490810,28.3759615,-81.6158,36740,13336 Hartzog Rd,Winter Garden,FL,2025-07-19,,2025-07-21,2026-09-21,6775.615384615385,,,,,0.888,open,1044965.0,CO,Hartzog Rd & Western Way,Mo-Su 05:00-21:00,,True,112.0,60.5,store:79957,2,1,1,0,2,79.0,78.0,0,0.295,0,0,29.37,0,0,29.37,1,1,1,1,3,3,0.27,suburban,True,False,3125.3076923076924,27.13,2.1679834600900834,2.2300036859565058,Jan–Sep 2025
13490811,29.8151345,-94.901623,26420,8535 TX Hwy 146,Baytown,TX,2025-10-02,,2025-10-06,2026-09-21,7784.076923076923,,,,,0.91,open,1034192.0,CO,I-10 and Hwy 146,Mo-Sa 04:30-22:00; Su 05:00-22:00,,True,122.0,63.8,store:58901,2,1,1,0,2,42.0,41.0,0,0.257,0,0,364.14,0,0,654.57,0,0,0,0,0,0,10.01,low density,True,False,2764.3846153846152,24.21,2.815844394356791,2.635274679884345,Oct 2025–Jun 2026
13490814,41.77323,-88.4417205,16980,421 N Sugar Grove Pkwy,Sugar Grove,IL,2025-09-02,,2025-09-08,2026-09-21,4159.153846153846,,,,,0.863,open,1055512.0,CO,Route 47 & Galena - Sugar Grov,Mo-Su 05:00-20:00,,True,105.0,39.61,store:84313,2,1,1,0,2,51.0,50.0,0,0.481,0,2,10.19,0,1,12.54,1,0,1,0,1,0,6.23,low density,True,False,2219.6923076923076,20.33,1.8737524258386469,1.9483521888834237,Jan–Sep 2025
13490815,45.1979195,-93.236508,33460,12555 Ulysses St NE,Blaine,MN,2025-08-12,,2025-08-18,2026-09-21,844.6153846153846,,,,,0.193,open,1052794.0,CO,Main and Ulysses,Mo-Fr 04:30-20:00; Sa-Su 05:00-20:00,,True,107.5,7.86,store:81576,2,1,1,0,2,89.0,88.0,0,2.368,0,0,35.41,0,0,298.18,0,0,0,0,2,0,5.98,low density,True,False,1973.3846153846157,17.76,0.4280034302642862,0.44256756756756754,Jan–Sep 2025
13490816,32.317435,-106.7805315,29740,990 N Main St,Las Cruces,NM,2025-08-12,,2025-08-18,2026-09-21,2201.230769230769,,,,,0.25,open,1055250.0,CO,Main St & Picacho Ave,Mo-Su 05:00-21:00,,True,112.0,19.65,store:84034,2,1,1,0,2,89.0,88.0,0,0.909,0,0,419.02,0,0,487.22,0,0,1,1,6,3,1.84,suburban,True,False,3099.6923076923076,24.78,0.7101449275362318,0.7929782082324455,Jan–Sep 2025
13490817,37.308825,-121.019069,33700,2005 N St,Newman,CA,2025-10-02,,2025-10-06,2026-09-21,2318.153846153846,,,,,0.404,open,8662600.0,CO,Inyo & Hwy 33,Mo-Su 04:00-22:00,,True,126.0,18.4,store:86626,2,1,1,0,2,85.0,84.0,0,0.863,0,0,31.63,0,0,31.63,0,0,0,0,0,0,31.23,low density,True,False,2729.769230769231,22.44,0.8492123876349085,0.819964349376114,Oct 2025–Jun 2026
13490818,40.6257475,-74.1557605,35620,2040 Forest Ave,Staten Island,NY,2025-09-02,,2025-09-08,2026-09-21,3292.923076923077,,,,,0.823,open,1055667.0,CO,Forest Commons,Mo-Su 05:00-21:00,,True,112.0,29.4,store:84392,2,1,1,0,2,15.0,14.0,0,0.607,0,2,5.16,0,0,56.15,0,1,1,4,5,18,0.68,suburban,True,False,1886.0769230769233,17.055,1.7459113340674577,1.723834652594547,Jan–Sep 2025
13490819,36.6715865,-87.444059,17300,215 Claire Ave,Oak Grove,KY,2025-09-02,,2025-09-08,2026-09-21,3302.0,,,,,0.4,open,8635100.0,CO,Ft Campbell & Tuckaway Ln,Mo-Sa 04:30-21:00; Su 05:00-21:00,,True,115.0,28.71,store:86351,2,1,1,0,2,68.0,67.0,0,0.606,0,0,81.95,0,0,146.68,0,0,0,0,1,2,3.44,low density,True,False,4159.807692307692,35.045,0.7937866950210346,0.8192324154658296,Jan–Sep 2025
13490821,39.9555665,-75.1866475,37980,3151 Market St,Philadelphia,PA,2025-09-02,,2025-09-08,2026-09-21,1175.6153846153843,,,,,0.275,open,1053805.0,CO,Schuylkill Yards & Drexel,Mo-Su 05:00-21:00,,True,112.0,10.5,store:82552,2,1,1,0,2,59.0,58.0,0,1.701,2,4,1.86,2,4,1.86,4,5,12,17,25,44,0.39,urban core,True,False,2036.269230769231,18.759999999999998,0.5773378916948414,0.5597014925373135,Jan–Sep 2025
13490822,34.450302,-77.564573,48900,2769 NC Hwy 210 E,Surf City,NC,2025-10-02,,2025-10-06,2026-09-21,2044.076923076923,,,,,0.526,open,8599900.0,CO,Surf City Hwy 210 & Hwy 50,Mo-Su 05:00-21:00,,True,112.0,18.25,store:85999,1,0,1,0,1,77.0,76.0,0,0.489,0,0,177.15,0,0,322.93,0,1,0,1,1,1,0.1,low density,True,False,3500.0,30.57,0.584021978021978,0.5969905135754007,Oct 2025–Jun 2026
13490823,37.610923,-77.519979,40060,7101 W Broad St,Richmond,VA,2025-09-02,,2025-09-08,2026-09-21,515.9230769230769,,,,,0.132,open,1044479.0,CO,W Broad and Emerywood,Mo-Su 04:30-20:00,,True,108.5,4.76,store:78648,2,1,1,0,2,66.0,65.0,0,3.877,0,0,81.1,0,0,130.58,1,0,1,1,9,2,1.96,suburban,True,False,2279.3846153846152,21.31,0.2263431425485961,0.22336931018301268,Jan–Sep 2025
13490824,26.187707,-97.751484,15180,6202 W Expwy 83,Harlingen,TX,2025-10-02,,2025-10-06,2026-09-21,6736.692307692308,,,,,0.75,open,8722900.0,CO,W Expy 83 & Dilworth,Mo-Fr 04:30-23:30; Sa-Su 05:00-23:30,,True,132.0,51.04,store:87229,2,1,1,0,2,84.0,83.0,0,0.297,0,0,695.47,0,0,1113.55,0,0,0,0,2,0,39.76,low density,True,False,6479.7692307692305,49.575,1.0396500350202404,1.0295511850731214,Oct 2025–Jun 2026
13490826,38.759502,-121.309361,40900,5003 Foothills Blvd,Roseville,CA,2025-07-19,,2025-07-21,2026-09-21,2793.846153846154,,,,,0.715,open,8510800.0,CO,Foothills & Junction,Mo-Su 04:30-20:00,,True,108.5,25.75,store:85108,2,1,1,0,2,19.0,18.0,0,0.716,0,0,116.95,0,0,116.95,0,1,2,1,14,1,0.09,urban core,True,False,2184.6153846153848,19.380000000000003,1.2788732394366196,1.328689370485036,Jan–Sep 2025
13490827,30.05034,-95.616562,26420,25517 State Highway 249,Tomball,TX,2025-10-27,,2025-10-27,2026-09-21,3069.6923076923076,,,,,0.546,open,8511500.0,CO,Hwy 249 and Grand Parkway,Mo-Fr 04:30-22:00; Sa-Su 05:00-22:00,,True,121.5,25.26,store:85115,2,1,1,0,2,84.0,83.0,0,0.652,0,0,337.0,0,0,679.6,0,0,0,0,2,1,4.54,low density,True,False,2764.3846153846152,24.21,1.110443275732532,1.043370508054523,Oct 2025–Jun 2026
13490828,40.8311275,-73.0905795,35620,601 Portion Road,Lake Ronkonkoma,NY,2025-10-27,,2025-10-27,2026-09-21,3553.076923076923,,,,,0.847,open,1040633.0,CO,Lake Ronkonkoma- 601 Portion R,Mo-Su 05:00-21:00,,True,112.0,31.72,store:69646,2,1,1,0,2,29.0,28.0,0,0.563,0,1,12.95,0,0,45.03,0,0,0,1,4,11,1.64,suburban,True,False,1886.0769230769233,17.055,1.8838451812879804,1.8598651421870418,Oct 2025–Jun 2026
13490829,37.3490185,-77.355081,40060,13241 Rivers Bend Blvd,Chester,VA,2025-10-02,,2025-10-06,2026-09-21,3080.076923076923,,,,,0.75,open,1044733.0,CO,Rivers Bend,Mo-Fr 04:30-21:00; Sa-Su 05:00-21:00,,True,114.5,26.9,store:78981,2,1,1,0,2,81.0,80.0,0,0.649,0,0,57.93,0,0,156.9,0,0,0,0,0,0,5.01,low density,True,False,2279.3846153846152,21.31,1.3512756479481642,1.2623181604880338,Oct 2025–Jun 2026
13490830,33.0465745,-96.882268,19100,4835 N. Josey Lane,Carrollton,TX,2025-07-19,,2025-07-21,2026-09-21,1940.3846153846157,,,,,0.303,open,1045308.0,CO,Josey & Parker,Mo-Su 05:00-21:00,,True,112.0,17.32,store:80517,2,1,1,0,2,58.0,57.0,0,1.031,0,0,29.92,0,0,354.98,0,0,2,0,8,2,3.8,suburban,True,False,2957.4615384615386,26.09,0.6560980050459074,0.6638558834802607,Jan–Sep 2025
13490831,34.148991,-118.121017,31080,170 N Hill Ave,Pasadena,CA,2024-10-12,,2024-10-14,2026-09-21,2481.5384615384614,2475.0,,0.2641802641802693,,0.688,open,15759.0,CO,Hill & Walnut St,Mo-Su 04:30-22:00,,True,122.5,20.26,store:06594,1,0,1,0,1,17.0,16.0,0,0.403,0,1,9.62,0,0,38.27,1,0,5,1,20,1,1.38,urban core,True,False,1957.0769230769229,16.145,1.2679820768807484,1.2548776711056056,Mar–Dec 2024
13490832,36.93395,-121.7714305,42100,1726 Freedom Blvd,Freedom,CA,2025-09-02,,2025-09-08,2026-09-21,1039.6923076923076,,,,,0.25,open,1038335.0,CO,Freedom and Landis,Mo-Su 05:00-21:00,,True,112.0,9.28,store:71451,2,1,1,0,2,43.0,42.0,0,1.924,0,0,83.0,0,0,83.0,2,0,3,0,6,0,35.83,suburban,True,False,1306.0769230769233,12.08,0.7960421697390893,0.7682119205298013,Jan–Sep 2025
13490833,26.20138,-98.3238825,32580,307 E Expressway 83,Mission,TX,2025-08-12,,2025-08-18,2026-09-21,8451.923076923076,,,,,0.731,open,1042733.0,CO,E I-2 & S Conway Ave,Mo-Su 05:00-24:00,,True,133.0,63.55,store:71573,2,1,1,0,2,89.0,88.0,0,0.237,0,0,695.83,0,0,1128.56,0,0,0,0,2,0,8.8,low density,True,False,6503.307692307692,47.64,1.299634505517902,1.3339630562552476,Jan–Sep 2025
13490834,39.905886,-82.775414,18140,961 Hill Road North,Pickerington,OH,2025-09-02,,2025-09-08,2026-09-21,4950.846153846154,,,,,0.859,open,8551400.0,CO,Hill Road North,Mo-Su 05:00-21:00,,True,112.0,44.2,store:85514,2,1,1,0,2,24.0,23.0,0,0.404,1,1,3.05,0,0,179.13,1,0,1,0,5,0,13.27,suburban,True,False,2587.8461538461543,23.485,1.9131145591819747,1.8820523738556527,Jan–Sep 2025
13490835,34.163011,-117.3036385,40140,935 Kendall Dr,San Bernardino,CA,2025-10-02,,2025-10-06,2026-09-21,2195.769230769231,,,,,0.258,open,1055117.0,CO,Kendall & Shandin Hills,Mo-Su 04:30-21:00,,True,115.5,19.01,store:83895,2,1,1,0,2,60.0,59.0,0,0.911,0,0,76.24,0,0,97.4,0,0,0,0,4,0,12.78,suburban,True,False,3127.1923076923076,24.89,0.7021535661136188,0.7637605464041785,Oct 2025–Jun 2026
13490838,42.081197,-86.41659,35660,2029 Pipestone Rd,Benton Harbor,MI,2025-08-12,,2025-08-18,2026-09-21,1449.4615384615386,,,,,0.2,open,8532900.0,CO,Pipestone & I-94,Mo-Su 05:00-21:00,,True,112.0,12.94,store:85329,2,1,1,0,2,43.0,42.0,0,1.38,0,0,57.42,0,0,102.88,0,0,0,0,0,1,2.15,low density,True,False,4371.923076923077,37.85,0.33153866455529163,0.34187582562747687,Jan–Sep 2025
13490839,39.980427,-75.9296805,37980,151 Nova Way,Parkesburg,PA,2025-07-19,,2025-07-21,2026-09-21,2901.3076923076924,,,,,0.803,open,1055241.0,CO,Parkesburg,Mo-Su 05:00-20:00,,True,105.0,27.63,store:84063,2,1,1,0,2,22.0,21.0,0,0.689,0,0,39.04,0,0,48.39,0,1,0,1,0,1,0.65,low density,True,False,2036.269230769231,18.759999999999998,1.4248153674706758,1.472814498933902,Jan–Sep 2025
13490840,39.5561015,-104.807952,19740,8793 S Chambers Rd,Parker,CO,2025-10-02,,2025-10-06,2026-09-21,1728.3846153846157,,,,,0.413,open,1044143.0,CO,Chambers and Cottonwood,Mo-Su 04:30-20:00,,True,108.5,15.93,store:78326,2,1,1,0,2,45.0,44.0,0,1.157,0,0,385.56,0,0,860.9,0,0,1,0,8,2,4.13,suburban,True,False,1878.923076923077,17.39,0.9198804552525999,0.9160437032777458,Oct 2025–Jun 2026
13490841,34.9532205,-120.415444,42200,1301 E Main St,Santa Maria,CA,2024-10-12,,2024-10-14,2026-09-21,2173.3846153846152,2143.0,,1.4178541943357548,,0.706,open,10564.0,CO,E. Main & US 101,Mo-Th 04:30-21:00; Fr-Sa 04:30-21:30; Su 05:00-21:30,,True,116.5,18.66,store:06997,2,1,1,0,2,20.0,19.0,0,0.92,0,0,88.35,0,0,88.35,0,0,0,0,7,1,2.78,suburban,True,False,1960.5384615384614,16.865000000000002,1.1085651508612233,1.106433442039727,Mar–Dec 2024
13490842,40.9888655,-75.218,20700,1061 N 9th St,Stroudsburg,PA,2025-10-02,,2025-10-06,2026-09-21,1761.3076923076924,,,,,0.714,open,1053424.0,CO,"Stroudsburg, Route 611",Mo-Su 05:00-20:00,,True,105.0,16.77,store:82187,2,1,1,0,2,88.0,87.0,0,1.136,0,0,61.0,0,0,61.0,0,1,1,2,5,5,0.45,suburban,True,False,787.6153846153846,7.03,2.236253540384803,2.385490753911806,Oct 2025–Jun 2026
13490843,41.5511955,-87.238318,16980,8190 E. Ridge Road,Hobart,IN,2025-09-02,,2025-09-08,2026-09-21,956.7692307692308,,,,,0.164,open,8534000.0,CO,East Ridge & Hobart,Mo-Su 04:00-22:00,,True,126.0,7.59,store:85340,2,1,1,0,2,85.0,84.0,0,2.09,0,0,33.45,0,0,33.45,0,1,0,1,1,4,0.13,low density,True,False,2219.6923076923076,20.33,0.4310368727474356,0.3733398917855386,Jan–Sep 2025
13490845,35.9371065,-80.235919,49180,152 Enterprise Rd,Lexington,NC,2025-08-12,,2025-08-18,2026-09-21,6142.076923076923,,,,,0.958,open,1055342.0,CO,"I-285 & 52, Lexington NC",Mo-Su 05:00-22:00,,True,119.0,51.61,store:84160,1,0,1,0,1,75.0,74.0,0,0.163,0,0,61.16,0,0,227.29,0,0,0,0,0,0,14.11,low density,True,False,2724.846153846154,21.21,2.25410044321486,2.433286185761433,Jan–Sep 2025
13490846,33.9224925,-118.2089725,31080,11640 Long Beach Blvd,Lynwood,CA,2025-10-02,,2025-10-06,2026-09-21,1144.5384615384614,,,,,0.243,open,1039183.0,CO,Long Beach & Louise,Mo-Su 04:00-23:30,,True,136.5,8.38,store:62714,2,1,1,0,2,61.0,60.0,0,1.747,0,2,12.13,0,1,12.13,0,0,1,0,10,1,3.82,urban core,True,False,1957.0769230769229,16.145,0.5848203757566229,0.5190461443171261,Oct 2025–Jun 2026
13490848,40.683811,-73.769362,35620,12205 Merrick Blvd,Jamaica,NY,2025-10-02,,2025-10-06,2026-09-21,1388.923076923077,,,,,0.357,open,1039824.0,CO,Merrick Blvd & Baisley Blvd,Mo-Su 05:00-21:00,,True,112.0,12.4,store:67725,2,1,1,0,2,24.0,23.0,0,1.44,0,0,20.28,0,0,38.94,0,1,0,4,8,41,0.86,suburban,True,False,1886.0769230769233,17.055,0.7364084995309759,0.7270595133391967,Oct 2025–Jun 2026
13490849,36.1446225,-115.1009395,29820,3412 Boulder Hwy,Las Vegas,NV,2025-07-19,,2025-07-21,2026-09-21,2389.6923076923076,,,,,0.493,open,1042852.0,CO,Boulder & Sahara,Mo-Su 04:30-20:00,,True,108.5,22.02,store:71705,2,1,1,0,2,77.0,76.0,0,0.837,0,0,15.85,0,0,363.74,0,0,1,0,18,4,3.42,urban core,True,False,2636.153846153846,21.5,0.9065071491100087,1.024186046511628,Jan–Sep 2025
13490851,40.60485,-79.605807,38300,451 Hyde Park Rd,Leechburg,PA,2025-10-02,,2025-10-06,2026-09-21,2403.6923076923076,,,,,0.5,open,8734900.0,CO,"Leechburg, Hyde Park Plaza",Mo-Su 05:00-21:00,,True,112.0,21.46,store:87349,1,0,1,0,1,10.0,9.0,0,0.416,0,0,37.69,0,0,37.69,0,0,0,0,0,0,9.1,low density,True,False,2533.1923076923076,24.814999999999998,0.9488787331278563,0.8647995164215193,Oct 2025–Jun 2026
13490852,41.845132,-71.8838415,49340,550 Hartford Pike,Dayville,CT,2025-08-12,,2025-08-18,2026-09-21,690.7692307692307,,,,,0.172,open,1055744.0,CO,"Killingly, Hartford Pike",Mo-Su 05:00-21:00,,True,112.0,6.17,store:84453,3,2,1,0,2,33.0,32.0,0,4.343,0,0,79.69,0,0,81.53,1,2,1,2,1,3,0.14,low density,True,False,1839.6153846153843,17.52,0.37549655028224965,0.3521689497716895,Jan–Sep 2025
13490853,35.4816835,-97.5283675,36420,1328 N Classen Blvd,Oklahoma City,OK,2025-10-27,,2025-10-27,2026-09-21,1131.4615384615386,,,,,0.141,open,8556300.0,CO,Classen & 12th,Mo-Su 05:00-21:00,,True,112.0,10.1,store:85563,1,0,1,0,1,54.0,53.0,0,0.884,0,0,82.88,0,0,157.35,1,0,3,1,8,3,1.58,suburban,True,False,3582.846153846154,33.39,0.31579964360091894,0.3024857741838874,Oct 2025–Jun 2026
13490854,32.235657,-110.9264535,46060,3100 E Speedway Blvd,Tucson,AZ,2024-09-11,,2024-09-16,2026-09-21,1505.5384615384614,1443.8461538461538,,4.2727757059136895,,0.277,open,12883.0,CO,Speedway & Country Club,Mo-Su 05:00-21:00,,True,112.0,13.44,store:06920,2,1,1,0,2,81.0,80.0,0,1.328,0,0,156.05,0,0,156.05,0,1,2,1,15,2,0.63,urban core,True,False,2160.0,18.605,0.697008547008547,0.7223864552539639,Mar–Dec 2024
13490855,40.8693065,-73.259515,35620,286 Indian Head Rd,Kings Park,NY,2025-09-02,,2025-09-08,2026-09-21,6090.7692307692305,,,,,0.937,open,1040189.0,CO,Kings Park- 286 Indian Head Rd,Mo-Su 05:00-20:00,,True,105.0,58.01,store:68572,3,2,1,0,2,30.0,30.0,0,0.493,0,0,18.15,0,0,31.13,0,0,0,1,4,6,1.72,suburban,True,False,1886.0769230769233,17.055,3.229332354500591,3.4013485781295807,Jan–Sep 2025
13490857,35.6717495,-82.5830615,11700,474 Weaverville Rd,Asheville,NC,2025-07-19,,2025-07-21,2026-09-21,1703.5384615384614,,,,,0.463,open,1055369.0,CO,I-26 & New Stock Rd Exit 21,Mo-Su 05:00-20:00,,True,105.0,16.22,store:84143,2,1,1,0,2,22.0,21.0,0,1.174,0,0,124.82,0,0,124.82,0,0,0,0,2,0,7.02,low density,True,False,2183.4615384615386,19.77,0.7802008102871234,0.8204350025290844,Jan–Sep 2025
13490859,36.0491685,-115.278576,29820,7670 S Durango Dr,Las Vegas,NV,2025-09-02,,2025-09-08,2026-09-21,2948.923076923077,,,,,0.611,open,1040405.0,CO,Durango & Robindale,Mo-Su 04:30-21:00,,True,115.5,25.53,store:69806,2,1,1,0,2,84.0,83.0,0,0.678,0,0,26.71,0,0,345.92,2,1,3,1,12,3,0.85,urban core,True,False,2636.153846153846,21.5,1.1186460461044647,1.1874418604651162,Jan–Sep 2025
13490860,30.3192515,-81.553198,27260,9406 Atlantic Blvd,Jacksonville,FL,2024-10-12,,2024-10-14,2026-09-21,1943.3846153846157,1779.4615384615386,,9.211948298966831,,0.342,open,11479.0,CO,Atlantic Blvd & Beacon Point D,Mo-Fr 04:30-20:00; Sa-Su 05:00-20:00,,True,107.5,18.08,store:09293,2,1,1,0,2,43.0,42.0,0,1.029,0,0,51.93,0,0,198.74,0,0,0,0,1,3,2.22,low density,True,False,2558.461538461538,23.61,0.7595911004209263,0.7657772130453198,Mar–Dec 2024
13490861,32.7190705,-96.614644,19100,12306 Elam Rd,Balch Springs,TX,2025-07-19,,2025-07-21,2026-09-21,2773.3076923076924,,,,,0.5,open,1056173.0,CO,635 & Elam Rd,Mo-Su 05:00-22:00,,True,119.0,23.31,store:84961,2,1,1,0,2,85.0,84.0,0,0.721,0,0,53.26,0,0,386.18,0,0,0,0,2,0,16.03,low density,True,False,2957.4615384615386,26.09,0.9377324628709652,0.8934457646607895,Jan–Sep 2025
13490862,34.745398,-87.671438,22520,415 Avalon Ave,Muscle Shoals,AL,2025-09-02,,2025-09-08,2026-09-21,6995.615384615385,,,,,0.75,open,1033052.0,CO,Hwy 72 & Avalon Ave,Mo-Su 05:00-21:00,,True,112.0,62.46,store:67340,1,0,1,0,1,60.0,59.0,0,0.143,0,0,155.41,0,0,155.41,0,1,0,1,0,1,0.39,low density,True,False,5801.846153846154,50.23,1.2057567882901994,1.2434799920366315,Jan–Sep 2025
13490863,27.9486835,-81.6182105,29460,23270 US 27 Hwy,Lake Wales,FL,2025-10-02,,2025-10-06,2026-09-21,1072.3846153846157,,,,,0.188,open,8585600.0,CO,US Hwy 27 & Eagle Ridge,Mo-Su 04:30-21:00,,True,115.5,9.28,store:85856,2,1,1,0,2,67.0,66.0,0,1.865,0,0,34.09,0,0,69.63,0,0,0,1,0,1,1.24,low density,True,False,3668.153846153846,32.75,0.29234995596191765,0.28335877862595416,Oct 2025–Jun 2026
13490864,42.685136,-83.1937725,19820,398 N Adams Rd,Rochester Hills,MI,2024-11-08,,2024-11-11,2026-09-21,1690.7692307692307,1685.5384615384614,,0.3103322380430873,,0.369,open,13662.0,CO,N Adams & Walton Blvd,Mo-Su 05:00-21:00,,True,112.0,15.1,store:02690,2,1,1,0,2,13.0,12.0,0,1.183,1,1,4.93,1,1,4.93,0,0,0,0,4,1,3.78,suburban,True,False,2672.8076923076924,24.015,0.6325816988761458,0.6287736831147199,Mar–Dec 2024
13490866,39.4303035,-76.6220885,12580,1802 York Rd,Timonium,MD,2024-11-08,,2024-11-11,2026-09-21,2366.0,2260.3846153846152,,4.672451931257449,,0.667,open,14819.0,CO,Yorkridge Shopping Center,Mo-Su 05:00-20:30,,True,108.5,21.81,store:00744,2,1,1,0,2,21.0,20.0,0,0.845,0,0,15.58,0,0,15.58,0,1,1,2,7,5,0.7,suburban,True,False,1703.2307692307693,15.52,1.3891247403125282,1.405283505154639,Mar–Dec 2024
13490868,41.1422075,-96.043477,36540,108 Scott Rd,Papillion,NE,2025-08-12,,2025-08-18,2026-09-21,3447.5384615384614,,,,,0.585,open,1044072.0,CO,Hwy 370 and 84th,Mo-Fr 04:30-20:00; Sa-Su 05:00-20:00,,True,107.5,32.07,store:78299,2,1,1,0,2,43.0,42.0,0,0.58,0,0,207.79,0,0,554.68,0,0,2,0,5,1,2.71,suburban,True,False,2680.0,24.814999999999998,1.2863949483352468,1.292363489824703,Jan–Sep 2025
13490869,36.238833,-115.187884,29820,3555 W Craig Rd,North Las Vegas,NV,2025-10-02,,2025-10-06,2026-09-21,2202.3076923076924,,,,,0.441,open,1040623.0,CO,Craig & Ryder,Mo-Fr 04:30-21:00; Sa-Su 05:00-21:00,,True,114.5,19.23,store:68763,2,1,1,0,2,11.0,10.0,0,0.908,0,0,28.88,0,0,358.59,0,0,2,0,9,3,2.4,suburban,True,False,2636.153846153846,21.5,0.8354245695943975,0.8944186046511629,Oct 2025–Jun 2026
13490870,36.564796,-119.6140505,23420,1726 2nd St,Selma,CA,2025-09-02,,2025-09-08,2026-09-21,3253.4615384615386,,,,,0.741,open,1043242.0,CO,Sylvia & 2nd,Mo-Su 05:00-21:00,,True,112.0,29.05,store:74089,2,1,1,0,2,75.0,74.0,0,0.615,0,0,24.67,0,0,122.94,0,0,0,0,1,0,27.11,low density,True,False,2665.9615384615386,22.605,1.2203707711173628,1.285113912851139,Jan–Sep 2025
13490871,33.7767785,-117.916086,31080,12861 Harbor Blvd,Garden Grove,CA,2025-07-19,,2025-07-21,2026-09-21,2792.230769230769,,,,,0.75,open,8721100.0,CO,Harbor Blvd. & Palm St.,Mo-Su 04:30-21:00,,True,115.5,24.18,store:87211,2,1,1,0,2,85.0,84.0,0,0.716,0,0,34.33,0,0,34.33,0,1,3,1,28,2,0.34,urban core,True,False,1957.0769230769229,16.145,1.4267353195503498,1.4976772994735212,Jan–Sep 2025
13490872,41.437224,-73.408955,14860,128 Federal Rd,Brookfield,CT,2025-10-27,,2025-10-27,2026-09-21,1344.923076923077,,,,,0.5,open,1039288.0,CO,Brookfield- 128 Federal Rd,Mo-Fr 04:30-21:00; Sa 05:00-21:00; Su 05:30-21:00,,True,114.0,11.8,store:66959,2,1,1,0,2,61.0,60.0,0,1.487,0,1,6.03,0,1,6.03,0,2,0,2,4,8,0.5,suburban,True,False,1367.8076923076922,12.745000000000001,0.9832691280263196,0.9258532757944292,Oct 2025–Jun 2026
13490873,40.8337775,-73.8611375,35620,29 Hugh J. Grant Circle,Bronx,NY,2024-12-27,,2024-12-30,2026-09-21,1513.3846153846157,1451.3846153846157,,4.271782912868338,,0.391,open,16503.0,CO,Parkchester,Mo-Su 05:00-21:00,,True,112.0,13.51,store:07745,2,1,1,0,2,22.0,21.0,0,1.322,0,3,10.85,0,0,23.74,0,5,1,15,10,60,0.17,urban core,True,False,1886.0769230769233,17.055,0.8023981402177903,0.792143066549399,Mar–Dec 2024
13490875,33.2772505,-111.686932,38060,7656 S Power Rd,Gilbert,AZ,2025-09-02,,2025-09-08,2026-09-21,3344.076923076923,,,,,0.652,open,1052271.0,CO,Power and Germann,Mo-Su 04:00-21:00,,True,119.0,28.1,store:81060,2,1,1,0,2,87.0,86.0,0,0.598,0,0,20.38,0,0,20.38,0,1,1,1,7,1,0.74,suburban,True,False,2914.6923076923076,24.67,1.1473173049009,1.1390352655046616,Jan–Sep 2025
13490877,37.786149,-89.026726,16060,1712 S Park Ave,Herrin,IL,2025-08-12,,2025-08-18,2026-09-21,5741.2307692307695,,,,,0.714,open,8549200.0,CO,S Park Ave & Railroad Ave,Mo-Su 05:00-21:00,,True,112.0,51.26,store:85492,2,1,1,0,2,4.0,3.0,0,0.348,0,0,151.46,0,0,151.46,0,0,0,0,0,0,6.69,low density,True,False,4799.615384615385,42.855000000000004,1.1961855917942144,1.196126472990316,Jan–Sep 2025
13490880,36.341318,-86.532364,34980,2127 Nashville Pike,Gallatin,TN,2025-10-02,,2025-10-06,2026-09-21,4853.0,,,,,0.819,open,8524000.0,CO,Big Station Camp Blvd,Mo-Su 04:30-21:00,,True,115.5,42.02,store:85240,2,1,1,0,2,81.0,80.0,0,0.412,0,0,29.9,0,0,226.19,1,0,1,0,1,1,3.62,low density,True,False,3338.4615384615386,30.21,1.453663594470046,1.3909301555776235,Oct 2025–Jun 2026
13490881,30.431477,-84.2260115,45220,3102 Dick Wilson Blvd,Tallahassee,FL,2025-08-12,,2025-08-18,2026-09-21,1882.5384615384617,,,,,0.55,open,1054016.0,CO,Dick Wilson Blvd & Capital Cir,Mo-Su 05:00-20:00,,True,105.0,17.93,store:82762,2,1,1,0,2,29.0,28.0,0,1.062,0,0,101.04,0,0,324.92,0,1,2,1,5,2,0.4,suburban,True,False,3087.6153846153848,28.34,0.6097062707092853,0.6326746647847565,Jan–Sep 2025
13490882,40.195892,-88.3985895,16580,204 N Lombard St,Mahomet,IL,2025-07-19,,2025-07-21,2026-09-21,3309.6153846153848,,,,,0.8,open,1055146.0,CO,I-74 & Lombard St,Mo-Su 05:00-20:00,,True,105.0,31.52,store:83983,2,1,1,0,2,22.0,21.0,0,0.604,0,0,18.82,0,0,150.18,0,0,0,0,0,0,13.51,low density,True,False,2470.230769230769,23.53,1.3398000809640958,1.339566510837229,Jan–Sep 2025
13490883,33.6764305,-112.2756675,38060,10050 W Lake Pleasant Pkwy,Peoria,AZ,2025-10-02,,2025-10-06,2026-09-21,1842.4615384615383,,,,,0.317,open,1039892.0,CO,Lake Pleasant & Deer Valley,Mo-Su 04:30-21:00,,True,115.5,15.95,store:67585,2,1,1,0,2,77.0,76.0,0,1.086,0,0,36.24,0,0,36.24,1,0,1,0,9,1,3.91,suburban,True,False,2914.6923076923076,24.67,0.632129001609881,0.6465342521280907,Oct 2025–Jun 2026
13490884,40.7622895,-82.5892565,31900,2005 August Dr,Ontario,OH,2025-10-27,,2025-10-27,2026-09-21,4291.2307692307695,,,,,0.25,open,8546500.0,CO,"Ontario, August Drive",Mo-Su 04:30-22:00,,True,122.5,35.03,store:85465,2,1,1,0,2,69.0,68.0,0,0.466,0,0,49.41,0,0,84.01,0,0,0,0,1,0,13.5,low density,True,False,9678.846153846154,74.74,0.4433618120405325,0.46869146374096876,Oct 2025–Jun 2026
13490886,39.6006835,-86.374127,26900,412 Southbridge South,Mooresville,IN,2025-10-02,,2025-10-06,2026-09-21,2118.6153846153848,,,,,0.307,open,1053640.0,CO,IN-67 & Indiana,Mo-Su 05:00-21:00,,True,112.0,18.92,store:82399,2,1,1,0,2,85.0,84.0,0,0.944,0,0,154.41,0,0,237.16,0,0,0,0,0,0,8.61,low density,True,False,2899.1538461538457,26.285,0.7307702512669481,0.7198021685371886,Oct 2025–Jun 2026
13490888,25.800611,-80.1989145,33100,2451 NW 2nd Ave,Miami,FL,2025-08-12,,2025-08-18,2026-09-21,868.0769230769231,,,,,0.166,open,1044180.0,CO,Society Wynwood,Mo-Su 05:00-21:00,,True,112.0,7.75,store:78419,2,1,1,0,2,59.0,58.0,0,2.304,1,1,4.39,1,1,4.39,0,0,5,1,19,4,1.99,urban core,True,False,2690.576923076923,24.175,0.3226359802730327,0.32057911065149947,Jan–Sep 2025
13490889,33.9498945,-83.98737,12060,92 S Clayton St,Lawrenceville,GA,2025-09-02,,2025-09-08,2026-09-21,1162.3846153846157,,,,,0.198,open,1055851.0,CO,S. Clayton & Nash,Mo-Su 05:00-20:00,,True,105.0,11.07,store:84721,2,1,1,0,2,23.0,22.0,0,1.721,0,0,19.05,0,0,19.05,0,0,0,0,4,3,2.34,suburban,True,False,2357.0384615384614,21.205,0.49315470848359266,0.5220466871020987,Jan–Sep 2025
13490891,42.911552,-78.8767935,15380,531 Elmwood Ave,Buffalo,NY,2025-10-02,,2025-10-06,2026-09-21,1751.6923076923076,,,,,0.511,open,1053378.0,CO,Elmwood & W. Utica,Mo-Su 05:00-20:00,,True,105.0,16.68,store:82157,2,1,1,0,2,9.0,8.0,0,1.142,0,0,290.04,0,0,290.04,0,1,2,1,6,3,0.86,suburban,True,False,2239.076923076923,20.54,0.7823278823691082,0.8120740019474197,Oct 2025–Jun 2026
13490892,34.0515705,-117.943379,31080,1823 N Hacienda Blvd,La Puente,CA,2025-10-02,,2025-10-06,2026-09-21,1716.2307692307693,,,,,0.422,open,1054573.0,CO,Hacienda & Francisquito,Mo-Fr 04:30-22:30; Sa-Su 05:00-22:30,,True,125.0,13.73,store:83288,2,1,1,0,2,22.0,21.0,0,1.165,0,0,16.58,0,0,39.65,1,0,1,0,12,2,3.25,urban core,True,False,1957.0769230769229,16.145,0.8769357754893484,0.8504180860947662,Oct 2025–Jun 2026
13490893,38.743328,-121.2739095,40900,111 S. Harding Blvd,Roseville,CA,2024-08-12,,2024-08-12,2026-09-21,2969.6153846153848,2648.153846153846,,12.13908092720619,,0.765,open,12529.0,CO,Douglas & S. Harding,Mo-Su 04:30-21:00,,True,115.5,25.71,store:07929,2,1,1,0,2,14.0,13.0,0,0.673,0,0,119.82,0,0,119.82,0,0,4,0,14,1,3.65,urban core,True,False,2184.6153846153848,19.380000000000003,1.359330985915493,1.3266253869969038,Mar–Dec 2024
13490894,33.7776605,-116.4585115,40140,68995 E Palm Canyon Dr,Cathedral City,CA,2025-10-02,,2025-10-06,2026-09-21,1981.2307692307693,,,,,0.221,open,1037868.0,CO,Hwy 111 & Date Palm,Mo-Su 04:00-21:30,,True,122.5,16.17,store:68576,2,1,1,0,2,25.0,24.0,0,1.009,0,0,134.95,0,0,168.56,0,0,0,0,4,0,22.63,suburban,True,False,3127.1923076923076,24.89,0.6335493868916576,0.6496584973885094,Oct 2025–Jun 2026
13490895,38.9308045,-84.544701,17140,2012 Boxer Ln,Independence,KY,2025-09-02,,2025-09-08,2026-09-21,1798.2307692307693,,,,,0.33,open,8606100.0,CO,Madison Pike & Centennial Blvd,Mo-Su 05:00-21:00,,True,112.0,16.06,store:86061,2,1,1,0,2,80.0,79.0,0,1.112,0,0,19.37,0,0,334.83,1,1,1,1,1,1,0.44,low density,True,False,3460.230769230769,33.4,0.5196852144143344,0.4808383233532934,Jan–Sep 2025
13490896,36.0815815,-79.476118,15500,2405 S Church St,Burlington,NC,2025-10-02,,2025-10-06,2026-09-21,3992.6153846153848,,,,,0.143,open,1052060.0,CO,Church & Colonial,Mo-Su 05:00-21:00,,True,112.0,35.65,store:80755,2,1,1,0,2,68.0,67.0,0,0.501,0,0,42.19,0,0,226.98,0,1,2,1,5,2,0.41,suburban,True,False,5134.615384615385,43.150000000000006,0.7775880149812734,0.8261877172653532,Oct 2025–Jun 2026
13490897,34.22489,-119.1551805,37100,1720 Ventura Blvd,Oxnard,CA,2025-07-19,,2025-07-21,2026-09-21,3734.3846153846152,,,,,0.72,open,1039375.0,CO,Ventura & Auto Center Drive,Mo-Su 05:00-21:00,,True,112.0,33.34,store:66659,2,1,1,0,2,77.0,76.0,0,0.536,0,0,54.42,0,0,54.42,2,0,3,0,8,0,10.72,suburban,True,False,2606.153846153846,25.13,1.432910271546635,1.3267011539992044,Jan–Sep 2025
13490898,34.1074105,-117.917371,31080,843 W Arrow Hwy,Azusa,CA,2025-10-02,,2025-10-06,2026-09-21,2351.230769230769,,,,,0.638,open,8566100.0,CO,Arrow Hwy & Lark Ellen,Mo-Fr 04:30-21:00; Sa-Su 05:00-21:00,,True,114.5,20.53,store:85661,2,1,1,0,2,61.0,60.0,0,0.851,0,0,19.57,0,0,45.48,1,0,2,0,12,0,6.71,urban core,True,False,1957.0769230769229,16.145,1.2013992610643818,1.2716011148962527,Oct 2025–Jun 2026
13490899,38.7716795,-77.136323,47900,5890 Kingstowne Center,Alexandria,VA,2024-12-03,,2024-12-09,2026-09-21,1654.6153846153843,1573.6153846153843,,5.147382314122306,,0.628,open,8678.0,CO,Kingstowne Towne Center,Mo-Sa 04:00-21:30; Su 04:30-21:30,,True,122.0,13.56,store:07242,2,1,1,0,2,19.0,18.0,0,1.209,0,0,16.91,0,0,17.36,1,0,1,1,9,7,1.69,suburban,True,False,1325.3076923076924,11.86,1.2484764060595503,1.1433389544688028,Mar–Dec 2024
13490901,28.3650125,-81.4250965,36740,4121 W Town Center Blvd,Orlando,FL,2024-11-08,,2024-11-11,2026-09-21,3743.692307692307,3748.769230769231,,-0.1354290638978961,,0.658,open,9004.0,CO,John Young Parkway & Town Cent,Mo-Su 05:00-21:00,,True,112.0,33.43,store:08366,2,1,1,0,2,14.0,13.0,0,0.534,0,0,19.8,0,0,19.8,0,1,1,1,3,4,0.19,suburban,True,False,3125.3076923076924,27.13,1.1978635949691105,1.2322152598599336,Mar–Dec 2024
13490902,35.1628885,-90.1843595,32820,1519 N Missouri St,West Memphis,AR,2025-07-19,,2025-07-21,2026-09-21,1764.7692307692307,,,,,0.295,open,1055356.0,CO,N Missouri St,Mo-Su 05:00-20:00,,True,105.0,16.81,store:84148,2,1,1,0,2,21.0,20.0,0,1.133,0,1,12.4,0,0,173.23,0,0,0,0,0,0,16.14,low density,True,False,2476.461538461538,25.03,0.7126172578741381,0.6715940870954853,Jan–Sep 2025
13490903,42.07291,-88.059102,16980,801 E Algonquin Rd,Schaumburg,IL,2025-08-12,,2025-08-18,2026-09-21,1829.6923076923076,,,,,0.411,open,1038563.0,CO,801 E Algonquin,Mo-Fr 04:30-20:00; Sa-Su 05:00-20:00,,True,107.5,17.02,store:70980,2,1,1,0,2,30.0,29.0,0,1.093,0,0,26.96,0,0,36.77,0,0,0,0,8,6,2.16,suburban,True,False,2219.6923076923076,20.33,0.8242999722761297,0.8371864240039352,Jan–Sep 2025
13490904,36.8227685,-119.70941,23420,10 W Bullard Ave,Clovis,CA,2025-10-02,,2025-10-06,2026-09-21,2382.5384615384614,,,,,0.481,open,1054579.0,CO,Bullard & Minnewawa,Mo-Fr 04:30-21:00; Sa-Su 05:00-21:00,,True,114.5,20.81,store:83289,2,1,1,0,2,85.0,84.0,0,0.839,0,2,11.71,0,0,104.69,0,0,3,0,16,0,37.11,urban core,True,False,2665.9615384615386,22.605,0.8936882348697972,0.9205927892059278,Oct 2025–Jun 2026
13490905,34.0183585,-118.254676,31080,2604 S Central Ave,Los Angeles,CA,2025-10-02,,2025-10-06,2026-09-21,2373.846153846154,,,,,0.652,open,1040124.0,CO,Adams & Central,Mo-Su 00:00-24:00,,True,168.0,14.13,store:69352,2,1,1,0,2,69.0,68.0,0,0.843,0,2,11.05,0,0,20.91,0,0,1,1,32,3,1.34,urban core,True,False,1957.0769230769229,16.145,1.2129549563713546,0.8751935583772066,Oct 2025–Jun 2026
13490907,38.6319355,-90.44332,41180,12151 Clayton Rd,Saint Louis,MO,2025-07-19,,2025-07-21,2026-09-21,2678.3076923076924,,,,,0.513,open,1054334.0,CO,Ballas and Clayton,Mo-Su 05:00-21:00,,True,112.0,23.91,store:83220,2,1,1,0,2,4.0,3.0,0,0.747,0,0,144.97,0,0,274.23,0,0,0,0,4,0,5.07,suburban,True,False,2642.6923076923076,26.17,1.013476932033183,0.9136415743217424,Jan–Sep 2025
13490908,39.0493905,-84.2485185,17140,1186 State Route 125,Amelia,OH,2025-08-12,,2025-08-18,2026-09-21,2272.3846153846152,,,,,0.417,open,1055950.0,CO,St Route 125 - Amelia,Mo-Su 05:00-21:00,,True,112.0,20.29,store:84769,2,1,1,0,2,53.0,52.0,0,0.88,0,0,23.52,0,0,319.61,0,1,0,1,1,1,0.54,low density,True,False,3460.230769230769,33.4,0.6567147589089212,0.6074850299401198,Jan–Sep 2025
13490910,25.6868835,-80.386102,33100,8770 Mills Dr,Miami,FL,2025-10-02,,2025-10-06,2026-09-21,6921.384615384615,,,,,0.94,open,1044061.0,CO,Kendall & 117th Ave,Mo-Th 05:00-21:00; Fr-Sa 05:00-22:00; Su 05:00-21:00,,True,114.0,60.71,store:77974,2,1,1,0,2,4.0,3.0,0,0.289,0,0,21.17,0,0,21.17,0,1,2,1,8,7,0.09,suburban,True,False,2690.576923076923,24.175,2.5724537202487316,2.5112719751809722,Oct 2025–Jun 2026
13490911,42.972398,-123.3380885,40700,140 Petite St,Myrtle Creek,OR,2025-10-02,,2025-10-06,2026-09-21,613.5384615384615,,,,,0.2,open,8565300.0,CO,I-5 & Pruner Rd - Myrtle Creek,Mo-Su 05:00-20:00,,True,105.0,5.84,store:85653,2,1,1,0,2,84.0,83.0,0,3.26,0,0,121.75,0,0,226.37,0,0,0,0,0,0,425.08,low density,True,False,2057.0384615384614,18.135,0.2982629994577716,0.3220292252550317,Oct 2025–Jun 2026
13490912,36.922781,-119.869063,31460,37408 Avenue 12,Madera,CA,2025-10-02,,2025-10-06,2026-09-21,2013.7692307692307,,,,,0.4,open,1044653.0,CO,Ave 12 & Jason Ct,Mo-Su 04:30-21:00,,True,115.5,17.44,store:78658,2,1,1,0,2,80.0,79.0,0,0.993,0,0,21.82,0,0,88.41,0,0,0,0,0,0,19.68,low density,True,False,2530.2307692307695,22.345,0.7958836226552761,0.7804878048780489,Oct 2025–Jun 2026
13490913,40.792247,-73.0083555,35620,718 Route 112,East Patchogue,NY,2025-10-02,,2025-10-06,2026-09-21,3789.0,,,,,0.88,open,1039780.0,CO,Patchogue-718 NY-112,Mo-Su 05:00-21:00,,True,112.0,33.83,store:65868,2,1,1,0,2,69.0,68.0,0,0.528,0,0,17.9,0,0,53.19,0,1,0,1,6,8,0.72,suburban,True,False,1886.0769230769233,17.055,2.008931848770341,1.983582527118147,Oct 2025–Jun 2026
13490916,31.769082,-106.260851,21340,2105 N Zaragoza Rd,El Paso,TX,2025-08-12,,2025-08-18,2026-09-21,2308.923076923077,,,,,0.444,open,1038061.0,CO,N Zaragoza Rd & Sun Fire Blvd,Mo-Sa 04:30-22:00; Su 05:00-22:00,,True,122.0,18.93,store:70139,1,1,0,0,1,23.0,22.0,0,0.433,0,0,367.97,0,0,552.96,0,0,2,0,9,3,2.16,suburban,True,False,3190.7692307692305,24.755000000000003,0.7236258437801352,0.7646940012118763,Jan–Sep 2025
13490917,33.1460915,-96.6939905,19100,5900 Collin McKinney Parkway,McKinney,TX,2025-08-12,,2025-08-18,2026-09-21,4240.307692307692,,,,,0.744,open,1055964.0,CO,Stacy & Collin McKinney,Mo-Su 05:00-22:00,,True,119.0,35.63,store:84717,2,1,1,0,2,35.0,34.0,0,0.472,0,0,41.57,0,0,340.55,0,0,2,1,13,2,1.54,urban core,True,False,2957.4615384615386,26.09,1.433765963534216,1.365657339977003,Jan–Sep 2025
13490918,40.563852,-74.1326325,35620,3155 Amboy Rd,Staten Island,NY,2025-08-12,,2025-08-18,2026-09-21,7168.461538461538,,,,,0.958,open,1056208.0,CO,Amboy Rd & Clarke Ave,Mo-Su 05:00-21:00,,True,112.0,64.0,store:85017,2,1,1,0,2,29.0,28.0,0,0.279,1,1,2.29,0,0,60.84,0,1,2,2,6,12,0.39,suburban,True,False,1886.0769230769233,17.055,3.8007259676169496,3.7525652301377894,Jan–Sep 2025
13490919,36.310041,-86.5990965,34980,267 E Main St,Hendersonville,TN,2025-10-02,,2025-10-06,2026-09-21,1636.3846153846157,,,,,0.245,open,8504400.0,CO,E. Main & Maple Drive,Mo-Su 04:30-21:00,,True,115.5,14.17,store:85044,2,1,1,0,2,81.0,80.0,0,1.222,0,0,23.16,0,0,220.44,1,1,2,1,4,2,0.9,suburban,True,False,3338.4615384615386,30.21,0.4901612903225807,0.46904998344918897,Oct 2025–Jun 2026
13490920,38.45594,-121.3729625,40900,8306 Elk Grove Florin Rd,Sacramento,CA,2025-10-02,,2025-10-06,2026-09-21,2247.3076923076924,,,,,0.515,open,8621500.0,CO,Elk Grove Florin & Robbins,Mo-Su 04:30-20:00,,True,108.5,20.71,store:86215,2,1,1,0,2,4.0,3.0,0,0.89,0,0,106.87,0,0,118.81,2,0,2,0,9,1,3.86,suburban,True,False,2184.6153846153848,19.380000000000003,1.0286971830985916,1.0686274509803921,Oct 2025–Jun 2026
13490921,28.0460395,-97.042142,18580,2302 Highway 35 N,Rockport,TX,2025-10-02,,2025-10-06,2026-09-21,3262.846153846154,,,,,0.333,open,1043350.0,CO,HWY 35 N & Colorado St,Mo-Su 05:00-21:00,,True,112.0,29.13,store:73999,2,1,1,0,2,81.0,80.0,0,0.613,0,0,494.12,0,0,906.94,0,0,0,0,0,0,52.18,low density,True,False,3983.923076923077,34.64,0.8190033017319611,0.8409353348729792,Oct 2025–Jun 2026
13490924,40.0444165,-75.3799265,37980,311 E Lancaster Ave,Wayne,PA,2025-08-12,,2025-08-18,2026-09-21,2145.769230769231,,,,,0.597,open,8722100.0,CO,Wayne Square,Mo-Su 05:00-20:00,,True,105.0,20.44,store:87221,2,1,1,0,2,38.0,37.0,0,0.932,0,4,6.33,0,2,6.33,0,1,0,1,5,3,0.63,suburban,True,False,2036.269230769231,18.759999999999998,1.0537748144230588,1.0895522388059704,Jan–Sep 2025
13490925,28.5589715,-81.815396,36740,8404 State Road 50,Groveland,FL,2025-10-02,,2025-10-06,2026-09-21,3682.4615384615386,,,,,0.638,open,8551900.0,CO,FL-50 & Green Valley Blvd,Mo-Su 05:00-21:00,,True,112.0,32.88,store:85519,2,1,1,0,2,64.0,63.0,0,0.543,0,0,42.69,0,0,42.69,0,1,0,1,0,1,0.67,low density,True,False,3125.3076923076924,27.13,1.178271677865564,1.211942499078511,Oct 2025–Jun 2026
13490926,42.7260815,-84.452067,29620,2731 E Grand River Ave,East Lansing,MI,2025-10-02,,2025-10-06,2026-09-21,3575.0,,,,,0.778,open,1053922.0,CO,Grand River & Northwind,Mo-Su 05:00-20:00,,True,105.0,34.05,store:82613,2,1,1,0,2,69.0,68.0,0,0.559,0,1,8.48,0,0,85.6,1,0,2,0,7,2,2.84,suburban,True,False,3195.576923076923,28.57,1.1187338268038756,1.1918095904795238,Oct 2025–Jun 2026
13490927,34.660564,-118.179234,31080,2703 W Avenue L,Lancaster,CA,2025-07-19,,2025-07-21,2026-09-21,3439.153846153846,,,,,0.836,open,1039999.0,CO,Ave L & 30th St West,Mo-Fr 04:00-23:00; Sa-Su 04:30-23:00,,True,132.0,26.05,store:70594,2,1,1,0,2,84.0,83.0,0,0.582,0,0,66.7,0,0,92.65,0,0,2,0,6,1,3.27,suburban,True,False,1957.0769230769229,16.145,1.7572910934674948,1.61350263239393,Jan–Sep 2025
13490928,42.474062,-88.104247,16980,1051 IL Route 59,Antioch,IL,2025-09-02,,2025-09-08,2026-09-21,2616.4615384615386,,,,,0.626,open,1055254.0,CO,Antioch - 1051 Route 59,Mo-Su 04:30-20:00,,True,108.5,24.11,store:84040,2,1,1,0,2,85.0,84.0,0,0.764,0,0,38.44,0,0,38.44,1,1,1,1,2,2,0.69,low density,True,False,2219.6923076923076,20.33,1.178749653451622,1.1859321200196755,Jan–Sep 2025
13490929,38.259021,-122.063892,46700,2980 Travis Blvd,Fairfield,CA,2025-07-19,,2025-07-21,2026-09-21,1917.6153846153843,,,,,0.364,open,1036300.0,CO,Travis & Holiday,Mo-Fr 04:30-21:30; Sa-Su 05:00-21:30,,True,118.0,16.25,store:48600,1,0,1,0,1,28.0,27.0,0,0.521,0,0,53.72,0,0,62.19,2,0,4,0,7,1,4.05,suburban,True,False,2488.3076923076924,21.38,0.7706504266106095,0.7600561272217026,Jan–Sep 2025
13490930,36.6385025,-120.6260795,23420,46320 W Panoche Rd,Firebaugh,CA,2025-07-19,,2025-07-21,2026-09-21,1831.8461538461536,,,,,0.278,open,8525500.0,CO,I-5 & Panoche Rd.,Mo-Fr 04:30-21:00; Sa-Su 04:30-22:00,,True,117.5,15.59,store:85255,2,1,1,0,2,21.0,20.0,0,1.092,0,0,50.75,0,0,50.75,0,0,0,0,0,0,61.36,low density,True,False,2665.9615384615386,22.605,0.6871239991343864,0.6896704268967042,Jan–Sep 2025
13490933,40.4845905,-111.985523,41620,14672 S Sentinel Ridge Blvd,Herriman,UT,2025-10-27,,2025-10-27,2026-09-21,1749.076923076923,,,,,0.5,open,1054002.0,CO,Academy Village,Mo-Su 05:00-20:00,,True,105.0,16.66,store:82726,2,1,1,0,2,32.0,31.0,0,1.143,0,0,31.73,0,0,320.97,0,0,0,0,2,0,69.94,low density,True,False,1743.3076923076924,16.435000000000002,1.0033093588668756,1.0136902951019164,Oct 2025–Jun 2026
13490934,42.7647505,-78.6338285,15380,123 Grey St,East Aurora,NY,2025-10-02,,2025-10-06,2026-09-21,1608.4615384615386,,,,,0.467,open,8767000.0,CO,East Aurora - Grey Street,Mo-Su 05:00-20:00,,True,105.0,15.32,store:87670,2,1,1,0,2,85.0,84.0,0,1.243,0,0,282.15,0,0,282.15,1,0,1,0,1,0,12.23,low density,True,False,2239.076923076923,20.54,0.7183592139617976,0.7458617332035054,Oct 2025–Jun 2026
13490936,32.814023,-79.8564565,16700,1204 Hospital Dr,Mt Pleasant,SC,2025-10-02,,2025-10-06,2026-09-21,1513.3076923076924,,,,,0.304,open,1054136.0,CO,Hwy 17 & Bowman,Mo-Su 05:00-21:00,,True,112.0,13.51,store:82867,2,1,1,0,2,42.0,41.0,0,1.322,0,0,171.39,0,0,171.39,0,0,0,1,6,2,1.88,suburban,True,False,2953.1153846153848,26.91,0.512444484963728,0.5020438498699368,Oct 2025–Jun 2026
13490937,45.761843,-108.618888,13740,425 Henry Chapple St,Billings,MT,2025-07-19,,2025-07-21,2026-09-21,1647.6153846153843,,,,,0.231,open,1040354.0,CO,Shiloh and Monad - Billings,Mo-Su 04:30-20:00,,True,108.5,15.19,store:71286,2,1,1,0,2,23.0,22.0,0,1.214,0,1,9.47,0,0,653.14,0,0,0,0,5,0,583.55,suburban,True,False,2663.3846153846152,25.07,0.6186171441774491,0.605903470283207,Jan–Sep 2025
13490938,34.0925155,-117.2799115,40140,278 E Mill St,San Bernardino,CA,2025-10-27,,2025-10-27,2026-09-21,2424.769230769231,,,,,0.336,open,8591200.0,CO,Waterman & Mill,Mo-Su 04:30-21:00,,True,115.5,20.99,store:85912,2,1,1,0,2,32.0,31.0,0,0.825,0,0,77.71,0,0,96.84,0,0,2,0,8,0,5.42,suburban,True,False,3127.1923076923076,24.89,0.7753821934150812,0.8433105664925672,Oct 2025–Jun 2026
13490939,36.713631,-81.936693,28700,980 E Main St,Abingdon,VA,2025-07-19,,2025-07-21,2026-09-21,3253.6153846153848,,,,,0.471,open,1053634.0,CO,E Main & Exit 19,Mo-Th 05:00-20:00; Fr-Sa 05:00-21:30; Su 05:00-21:00,,True,109.0,29.85,store:82393,2,1,1,0,2,22.0,21.0,0,0.615,0,0,110.41,0,0,196.45,0,1,0,1,1,1,0.48,low density,True,False,6823.653846153846,60.325,0.47681424907702286,0.49481972648155825,Jan–Sep 2025
13490940,35.913033,-79.0554635,20500,100 E. Franklin Street,Chapel Hill,NC,2024-10-12,,2024-10-14,2026-09-21,1594.6923076923076,1501.0,,6.241992517808637,,0.5,open,15341.0,CO,Franklin & Columbia,Mo-Su 05:00-21:00,,True,112.0,14.24,store:08245,2,1,1,0,2,39.0,38.0,0,1.254,1,1,0.04,0,0,240.13,1,0,2,0,4,2,2.82,suburban,True,False,2109.846153846154,19.71,0.755833454863643,0.7224759005580923,Mar–Dec 2024
13490941,35.315043,-81.18891,16740,106 College View Dr,Dallas,NC,2025-10-02,,2025-10-06,2026-09-21,3591.6923076923076,,,,,0.711,open,1040371.0,CO,Hwy 321 & Cherryville Hwy,Mo-Sa 04:30-20:00; Su 05:00-20:00,,True,108.0,33.26,store:69760,2,1,1,0,2,15.0,14.0,0,0.557,0,0,58.72,0,0,146.83,1,0,1,0,1,1,2.83,low density,True,False,2938.3846153846152,26.305,1.2223356632372575,1.2643984033453715,Oct 2025–Jun 2026
13490942,34.0698365,-117.488285,40140,14527 Valley Blvd,Fontana,CA,2025-10-27,,2025-10-27,2026-09-21,4251.153846153846,,,,,0.778,open,1018137.0,CO,Cherry & Valley,Mo-Su 04:30-22:00,,True,122.5,34.7,store:29859,2,1,1,0,2,44.0,43.0,0,0.47,0,0,58.46,0,0,77.83,0,0,0,0,2,1,4.92,low density,True,False,3127.1923076923076,24.89,1.3594155484767607,1.394134190437927,Oct 2025–Jun 2026
13490943,33.3494985,-111.720872,38060,49 S Higley Rd,Gilbert,AZ,2025-07-19,,2025-07-21,2026-09-21,4167.923076923077,,,,,0.765,open,1040430.0,CO,Higley & Elliot,Mo-Su 04:00-21:00,,True,119.0,35.02,store:67951,2,1,1,0,2,51.0,50.0,0,0.48,0,1,12.6,0,1,12.6,1,0,1,0,13,4,3.18,urban core,True,False,2914.6923076923076,24.67,1.429970177614737,1.4195379002837454,Jan–Sep 2025
13490944,31.4332545,-97.713445,28660,3304 S State Hwy 36,Gatesville,TX,2025-08-12,,2025-08-18,2026-09-21,2584.230769230769,,,,,0.381,open,8586000.0,CO,Hwy 36 & Main,Mo-Su 04:30-21:00,,True,115.5,22.37,store:85860,2,1,1,0,2,73.0,72.0,0,0.774,0,0,112.44,0,0,548.44,0,0,0,0,0,0,32.79,low density,True,False,3869.769230769231,32.79,0.6677997097819388,0.6822201890820373,Jan–Sep 2025
13490946,45.245389,-93.3053075,33460,15170 Bluebird St NW,Andover,MN,2025-08-12,,2025-08-18,2026-09-21,2901.153846153846,,,,,0.733,open,1053391.0,CO,Hanson Blvd NW & Crosstown Blv,Mo-Su 05:00-20:00,,True,105.0,27.63,store:82216,2,1,1,0,2,28.0,27.0,0,0.689,0,0,39.71,0,0,304.66,0,0,0,0,1,1,2.99,low density,True,False,1973.3846153846157,17.76,1.4701411085990486,1.555743243243243,Jan–Sep 2025
13490947,38.4685615,-77.409822,47900,1025 Stafford Market Pl,Stafford,VA,2024-12-03,,2024-12-09,2026-09-21,3982.0,4001.230769230769,,-0.4806213472777543,,0.906,open,14332.0,CO,Stafford Marketplace Garrisonv,Mo-Fr 04:30-22:00; Sa-Su 05:00-22:00,,True,121.5,32.77,store:07918,2,1,1,0,2,81.0,80.0,0,0.502,0,0,42.94,0,0,58.54,1,0,1,2,1,2,1.12,low density,True,False,1325.3076923076924,11.86,3.004585292239828,2.7630691399662735,Mar–Dec 2024
13490948,33.695426,-117.800165,31080,15433 Culver Dr,Irvine,CA,2025-10-27,,2025-10-27,2026-09-21,4003.846153846154,,,,,0.877,open,1042915.0,CO,Irvine Center & Culver,Mo-Su 05:00-21:00,,True,112.0,35.75,store:71788,1,1,0,0,1,19.0,18.0,0,0.25,0,0,47.02,0,0,47.02,0,0,4,0,23,2,2.35,urban core,True,False,1957.0769230769229,16.145,2.04582973036711,2.2143078352431096,Oct 2025–Jun 2026
13490951,37.521529,-120.8623545,33700,1100 W Monte Vista Ave,Turlock,CA,2025-10-02,,2025-10-06,2026-09-21,1792.2307692307693,,,,,0.255,open,1044523.0,CO,Monte Vista & Crowell,Mo-Su 05:00-23:00,,True,126.0,14.22,store:78766,2,1,1,0,2,80.0,79.0,0,1.116,0,0,51.52,0,0,51.52,1,0,5,0,9,0,9.67,suburban,True,False,2729.769230769231,22.44,0.6565502860202327,0.6336898395721925,Oct 2025–Jun 2026
13490952,32.9683075,-96.6406695,19100,6002 N Garland Ave,Garland,TX,2024-10-12,,2024-10-14,2026-09-21,1519.7692307692307,994.3846153846154,,52.83515123385163,,0.193,open,14432.0,CO,190 & N Garland Ave,Mo-Su 05:00-21:00,,True,112.0,13.57,store:03445,1,0,1,0,1,19.0,18.0,0,0.658,0,0,52.03,0,0,359.16,1,0,1,0,8,0,6.0,suburban,True,False,2957.4615384615386,26.09,0.5138762452206934,0.520122652357225,Mar–Dec 2024
13490953,33.61354,-112.35974,38060,14290 N Litchfield Rd,Surprise,AZ,2025-08-12,,2025-08-18,2026-09-21,3859.923076923077,,,,,0.724,open,1039832.0,CO,Litchfield and Waddell,Mo-Su 04:00-21:00,,True,119.0,32.44,store:67583,2,1,1,0,2,42.0,41.0,0,0.518,0,0,33.0,0,0,33.0,2,1,2,1,10,1,0.53,urban core,True,False,2914.6923076923076,24.67,1.324298646116492,1.314957438184029,Jan–Sep 2025
13490955,36.071215,-80.2950125,49180,3288 Silas Creek Pkwy,Winston Salem,NC,2025-10-02,,2025-10-06,2026-09-21,2800.4615384615386,,,,,0.667,open,8655400.0,CO,Silas Creek Pkwy & Hanes Mall,Mo-Su 05:00-21:00,,True,112.0,25.0,store:86554,2,1,1,0,2,9.0,8.0,0,0.714,0,0,53.28,0,0,239.88,0,1,2,1,9,3,0.88,suburban,True,False,2724.846153846154,21.21,1.027750331705389,1.1786892975011787,Oct 2025–Jun 2026
13490957,35.7695985,-83.9887035,28940,1075 Hunters Xing,Alcoa,TN,2025-10-02,,2025-10-06,2026-09-21,3770.076923076923,,,,,0.588,open,1055162.0,CO,Hunters Crossing & Louisville,Mo-Su 04:30-21:00,,True,115.5,32.64,store:83973,2,1,1,0,2,85.0,84.0,0,0.53,0,0,22.11,0,0,22.11,0,0,0,0,6,2,2.8,suburban,True,False,4251.538461538462,36.81,0.8867559254568481,0.8867155664221679,Oct 2025–Jun 2026
13490958,31.6265605,-97.226009,47380,9401 China Spring Rd,Waco,TX,2025-09-02,,2025-09-08,2026-09-21,5103.307692307692,,,,,0.846,open,8598700.0,CO,China Spring Rd & Flat Rock,Mo-Su 04:30-21:00,,True,115.5,44.18,store:85987,2,1,1,0,2,76.0,75.0,0,0.392,0,0,105.32,0,0,516.12,0,0,0,0,0,0,11.26,low density,True,False,3856.307692307693,36.73,1.3233663129338544,1.2028314729104275,Jan–Sep 2025
13490960,42.5721915,-87.886885,16980,6906 Green Bay Rd,Kenosha,WI,2025-09-02,,2025-09-08,2026-09-21,2226.076923076923,,,,,0.533,open,1038852.0,CO,Green Bay & 67th,Mo-Su 04:00-21:00,,True,119.0,18.71,store:71382,2,1,1,0,2,87.0,86.0,0,0.898,0,0,19.12,0,0,19.12,1,0,1,0,6,2,2.5,suburban,True,False,2219.6923076923076,20.33,1.0028763515386747,0.9203148057058536,Jan–Sep 2025
13490961,26.334484,-98.157015,32580,3325 N. Business Hwy 281,"Edinburg, Tx",TX,2025-10-02,,2025-10-06,2026-09-21,8238.307692307691,,,,,0.654,open,8723000.0,CO,Bus 281 & E Monte Cristo Rd,Mo-Su 05:00-24:00,,True,133.0,61.94,store:87230,2,1,1,0,2,52.0,51.0,0,0.243,0,0,680.04,0,0,1111.0,0,0,0,0,1,1,4.2,low density,True,False,6503.307692307692,47.64,1.26678731533066,1.3001679261125105,Oct 2025–Jun 2026
13490962,34.807514,-82.379122,24860,5 Waters Avenue,Greenville,SC,2025-10-02,,2025-10-06,2026-09-21,777.1538461538462,,,,,0.082,open,1054097.0,CO,Augusta St & Mauldin Rd,Mo-Su 05:00-21:00,,True,112.0,6.94,store:82907,2,1,1,0,2,69.0,68.0,0,2.573,0,0,130.82,0,0,152.51,0,0,0,0,5,2,3.58,suburban,True,False,3336.5384615384614,29.38,0.23292219020172913,0.23621511232130704,Oct 2025–Jun 2026
13490964,33.9050855,-117.4781215,40140,3856 La Sierra Ave,Riverside,CA,2025-10-02,,2025-10-06,2026-09-21,2812.769230769231,,,,,0.456,open,1037905.0,CO,La Sierra & Magnolia,Mo-Su 04:00-23:00,,True,133.0,21.15,store:69013,2,1,1,0,2,84.0,83.0,0,0.711,0,0,61.97,0,0,74.64,0,0,5,1,8,1,1.98,suburban,True,False,3127.1923076923076,24.89,0.8994551514629737,0.8497388509441542,Oct 2025–Jun 2026
13490966,43.6752995,-72.260077,17200,8 Centerra Pkwy,Lebanon,NH,2025-08-12,,2025-08-18,2026-09-21,1397.6153846153843,,,,,0.4,open,1043999.0,CO,Centerra Marketplace,Mo-Su 05:00-20:00,,True,105.0,13.31,store:77915,2,1,1,0,2,29.0,28.0,0,1.431,0,0,78.11,0,0,117.08,0,0,0,0,1,2,3.3,low density,True,False,1615.923076923077,15.39,0.8649021754653209,0.8648473034437947,Jan–Sep 2025
13490967,34.1066435,-117.9376245,31080,15716 Arrow Hwy,Irwindale,CA,2025-02-13,,2025-02-17,2026-09-21,2204.769230769231,2137.076923076923,,3.1675185371823567,,0.596,open,11316.0,CO,Arrow Hwy & 4th,Mo-Sa 04:30-21:30; Su 05:00-21:00,,True,118.0,18.68,store:03419,2,1,1,0,2,19.0,18.0,0,0.907,0,0,17.75,0,0,44.06,0,0,1,0,11,0,5.37,urban core,True,False,1957.0769230769229,16.145,1.1265623771716062,1.157014555589966,Jan–Sep 2025
13490968,40.0438335,-86.0641535,26900,6165 Promenade Shops Blvd,Noblesville,IN,2025-09-02,,2025-09-08,2026-09-21,4121.153846153846,,,,,0.756,open,1055138.0,CO,SR 32 & Little Chicago,Mo-Su 05:00-19:00,,True,98.0,42.05,store:83964,2,1,1,0,2,85.0,84.0,0,0.485,0,0,133.99,0,0,209.63,0,0,0,0,2,0,6.54,low density,True,False,2899.1538461538457,26.285,1.4215022950993659,1.5997717329275252,Jan–Sep 2025
13490969,31.7681015,-106.304001,21340,1881 George Dieter Dr,El Paso,TX,2025-07-19,,2025-07-21,2026-09-21,1809.8461538461536,,,,,0.333,open,1055280.0,CO,George Dieter Dr @ Montwood Dr,Mo-Su 04:30-22:00,,True,122.5,14.77,store:84092,1,0,1,0,1,80.0,79.0,0,0.553,0,0,372.05,0,0,549.18,1,0,2,0,8,3,4.19,suburban,True,False,3190.7692307692305,24.755000000000003,0.5672131147540983,0.5966471419915168,Jan–Sep 2025
13490970,30.230331,-85.5840425,37460,4580 Lindsey Crossing,Panama City,FL,2025-10-02,,2025-10-06,2026-09-21,3194.769230769231,,,,,0.6,open,1055956.0,CO,US 231 & Hwy 390,Mo-Su 04:30-21:00,,True,115.5,27.66,store:84772,2,1,1,0,2,81.0,80.0,0,0.626,0,0,230.75,0,0,379.65,0,0,0,0,0,0,6.36,low density,True,False,3683.653846153846,32.165,0.8672826938136258,0.8599409295818436,Oct 2025–Jun 2026
13490971,39.9560955,-75.0584165,37980,2501 Merchantville Ave,Pennsauken,NJ,2025-08-12,,2025-08-18,2026-09-21,1718.8461538461538,,,,,0.476,open,1043955.0,CO,Rt 130 - Pennsauken,Mo-Fr 05:00-20:30; Sa-Su 05:30-21:00,,True,108.5,15.84,store:77908,2,1,1,0,2,61.0,60.0,0,1.164,1,3,4.35,1,3,4.35,0,2,0,2,6,10,0.25,suburban,True,False,2036.269230769231,18.759999999999998,0.8441153693594997,0.8443496801705758,Jan–Sep 2025
13490972,39.0805585,-76.6883855,12580,1161 Annapolis Rd,Odenton,MD,2025-08-12,,2025-08-18,2026-09-21,2105.0,,,,,0.621,open,1040639.0,CO,1161 Annapolis Road,Mo-Su 05:00-21:00,,True,112.0,18.79,store:70803,2,1,1,0,2,60.0,59.0,0,0.95,0,0,20.4,0,0,20.4,0,0,0,0,2,2,2.98,low density,True,False,1703.2307692307693,15.52,1.2358865504471142,1.2106958762886597,Jan–Sep 2025
13490973,35.2118295,-80.865702,16740,330 W Tremont Ave,Charlotte,NC,2025-08-12,,2025-08-18,2026-09-21,1644.1538461538462,,,,,0.282,open,1055367.0,CO,330 W. Tremont,Mo-Su 05:00-20:00,,True,105.0,15.66,store:84166,2,1,1,0,2,23.0,22.0,0,1.216,0,0,63.5,0,0,135.56,0,1,1,2,15,5,0.67,urban core,True,False,2938.3846153846152,26.305,0.5595434435456426,0.5953240828739783,Jan–Sep 2025
13490974,42.4655365,-71.3884695,14460,768 Elm St,Concord,MA,2025-10-02,,2025-10-06,2026-09-21,1290.2307692307693,,,,,0.52,open,1053024.0,CO,"Concord, Route 2",Mo-Su 05:00-20:00,,True,105.0,12.29,store:81822,2,1,1,0,2,69.0,68.0,0,1.55,0,0,15.03,0,0,22.79,0,0,0,2,1,6,1.04,low density,True,False,1574.6923076923076,14.28,0.81935420839236,0.8606442577030812,Oct 2025–Jun 2026
13490976,32.759,-97.778678,19100,1119 Fort Worth Hwy,Weatherford,TX,2025-08-12,,2025-08-18,2026-09-21,2877.3076923076924,,,,,0.52,open,1056040.0,CO,HWY 180 & N. Bankhead Rd,Mo-Su 05:00-20:00,,True,105.0,27.4,store:84807,2,1,1,0,2,61.0,60.0,0,0.695,0,0,35.27,0,0,411.46,0,0,1,0,3,0,5.55,suburban,True,False,2957.4615384615386,26.09,0.9728977553515229,1.0502108087389803,Jan–Sep 2025
13490977,27.722905,-97.399496,18580,3900 S Padre Island Dr,Corpus Christi,TX,2025-09-02,,2025-09-08,2026-09-21,3719.692307692307,,,,,0.533,open,8558600.0,CO,SPID @ Weber,Mo-Su 04:30-21:00,,True,115.5,32.21,store:85586,2,1,1,0,2,84.0,83.0,0,0.538,0,0,526.12,0,0,946.81,0,0,0,0,5,1,3.02,suburban,True,False,3983.923076923077,34.64,0.9336757351663415,0.9298498845265589,Jan–Sep 2025
13490978,40.6293765,-74.3091855,35620,1085 Central Ave,Clark,NJ,2025-07-19,,2025-07-21,2026-09-21,2254.0,,,,,0.623,open,1052427.0,CO,Clark- Central Av & Raritan Rd,Mo-Su 05:00-21:00,,True,112.0,20.12,store:81190,2,1,1,0,2,22.0,21.0,0,0.887,0,1,14.52,0,0,48.26,1,4,1,4,5,17,0.32,suburban,True,False,1886.0769230769233,17.055,1.1950732085321585,1.1797126942245677,Jan–Sep 2025
13490979,34.236381,-118.4499885,31080,9132 Van Nuys Blvd,Panorama City,CA,2025-09-02,,2025-09-08,2026-09-21,1439.3076923076924,,,,,0.347,open,1052677.0,CO,Van Nuys & Terra Bella,Mo-Su 04:30-23:00,,True,129.5,11.11,store:81393,2,1,1,0,2,82.0,81.0,0,1.39,0,0,31.82,0,0,47.6,1,0,3,0,16,2,3.13,urban core,True,False,1957.0769230769229,16.145,0.7354374656080498,0.6881387426447817,Jan–Sep 2025
13490981,33.565618,-117.715128,31080,27360 Alicia Pkwy,Laguna Niguel,CA,2024-10-12,,2024-10-14,2026-09-21,3773.923076923077,3662.846153846154,,3.032530398807154,,0.862,open,14009.0,CO,Alicia Parkway & Avila Road,Mo-Su 04:30-21:00,,True,115.5,32.67,store:06987,2,1,1,0,2,74.0,73.0,0,0.53,0,0,60.19,0,0,60.19,1,0,3,0,10,1,4.71,urban core,True,False,1957.0769230769229,16.145,1.9283468280795537,2.0235366986683183,Mar–Dec 2024
13490982,28.5184855,-81.621744,36740,16123 Marsh Rd,Winter Garden,FL,2025-07-19,,2025-07-21,2026-09-21,2778.5384615384614,,,,,0.428,open,1054955.0,CO,Avalon Rd & Marsh Rd,Mo-Su 05:00-21:00,,True,112.0,24.81,store:83753,2,1,1,0,2,21.0,20.0,0,0.72,0,0,23.82,0,0,23.82,0,0,0,0,3,3,3.89,suburban,True,False,3125.3076923076924,27.13,0.8890447709763961,0.914485809067453,Jan–Sep 2025
13641617,39.4171345,-77.439791,47900,1003 W Patrick St,Frederick,MD,2025-01-01,,2025-01-06,2026-09-21,3149.4615384615386,2576.6923076923076,,22.22885631549094,,0.853,open,11852.0,CO,Frederick Co Sq_W Patrick St,Mo-Su 04:30-21:00,,True,115.5,27.27,store:07618,2,1,1,0,2,19.0,18.0,0,0.635,0,0,45.22,0,0,60.45,0,0,0,2,3,5,1.1,suburban,True,False,1325.3076923076924,11.86,2.3764002553833654,2.2993254637436764,Jan–Sep 2025
13641619,35.227734,-80.84277,16740,101 N. Tryon St,Charlotte,NC,2025-01-01,,2025-01-06,2026-09-21,714.2307692307693,659.3076923076923,,8.330416520826066,,0.141,open,1037499.0,CO,"Tryon & Trade, Independence Ce",Mo-Su 05:00-19:00,,True,98.0,7.29,store:65517,2,1,1,0,2,41.0,40.0,0,2.8,0,0,61.83,0,0,137.57,5,1,6,1,16,7,0.57,urban core,True,False,2938.3846153846152,26.305,0.24306919029293964,0.2771336247861623,Jan–Sep 2025
13641620,34.671504,-86.750213,26620,1030 South St,Pittsfield,MA,2026-01-12,,2026-01-12,2026-09-21,6906.076923076923,,,,,0.964,open,8676300.0,CO,565 & Wall Triana,Mo-Su 05:00-20:00,,True,105.0,65.77,store:86763,2,1,1,0,2,52.0,51.0,0,0.29,0,0,128.32,0,0,202.35,1,0,1,0,3,1,4.83,suburban,True,False,3479.846153846154,31.555,1.984592599142314,2.0842972587545554,Oct 2025–Jun 2026
13641621,29.07141,-82.0720225,36100,10350 SE US Hwy 441,Belleview,FL,2025-11-21,,2025-11-24,2026-09-21,1517.923076923077,,,,,0.111,open,8569300.0,CO,US-441 & SE 102nd,Mo-Fr 04:30-20:00; Sa-Su 05:00-20:00,,True,107.5,14.12,store:85693,2,1,1,0,2,4.0,3.0,0,1.318,0,0,89.85,0,0,89.85,0,0,0,0,0,1,2.57,low density,True,False,3974.6153846153848,34.71,0.3819043932649506,0.4067991933160472,Oct 2025–Jun 2026
13641623,29.6441125,-95.5377395,26420,10888 S Sam Houston Pkwy W,Houston,TX,2025-03-10,,2025-03-10,2026-09-21,2344.5384615384614,1669.3846153846157,,40.44327711731637,,0.375,open,1037995.0,CO,Beltway 8 and W Airport Blvd,Mo-Fr 04:00-22:00; Sa-Su 05:00-22:00,,True,124.0,18.91,store:67536,2,1,1,0,2,25.0,24.0,0,0.853,0,0,378.14,0,0,717.94,0,0,0,0,3,0,9.13,suburban,True,False,2764.3846153846152,24.21,0.8481231043214514,0.7810821974390747,Jan–Sep 2025
13641627,35.4483635,-89.784861,32820,11129 Hwy 51,Munford,TN,2026-02-05,,2026-02-09,2026-09-21,8469.615384615385,,,,,0.934,open,8661100.0,CO,US 51 & McLaughlin Dr,Mo-Su 05:00-20:00,,True,105.0,80.66,store:86611,2,1,1,0,2,87.0,86.0,0,0.236,0,0,40.97,0,0,126.76,0,0,0,0,0,0,27.11,low density,True,False,2476.461538461538,25.03,3.4200472137665408,3.2225329604474626,Oct 2025–Jun 2026
13641629,33.4212085,-112.305086,38060,11420 W Lower Buckeye Rd,Avondale,AZ,2025-12-15,,2025-12-15,2026-09-21,4384.538461538462,,,,,0.787,open,1054011.0,CO,Avondale & Lower Buckeye,Mo-Su 04:00-21:00,,True,119.0,36.84,store:82728,2,1,1,0,2,84.0,83.0,0,0.456,0,1,14.18,0,1,14.18,0,0,1,0,5,0,5.8,suburban,True,False,2914.6923076923076,24.67,1.5042886173497665,1.4933117146331578,Oct 2025–Jun 2026
13641630,34.937988,-82.067243,43900,115 Exchange Village Dr W,Spartanburg,SC,2026-02-05,,2026-02-09,2026-09-21,3004.4615384615386,,,,,0.364,open,8677200.0,CO,I-85 & Warren Abernathy,Mo-Su 05:00-20:00,,True,105.0,28.61,store:86772,2,1,1,0,2,33.0,32.0,0,0.666,0,0,140.78,0,0,140.78,0,0,0,0,1,1,4.58,low density,True,False,4239.346153846154,36.865,0.7087087087087086,0.7760748677607486,Oct 2025–Jun 2026
13641631,42.175053,-72.3219285,44140,1188 Thorndike St,Palmer,MA,2026-02-05,,2026-02-09,2026-09-21,2046.076923076923,,,,,0.652,open,1044214.0,CO,"Palmer, Thorndike St.",Mo-Su 05:00-20:00,,True,105.0,19.49,store:78370,2,1,1,0,2,33.0,32.0,0,0.977,0,0,79.09,0,0,96.02,0,1,0,1,0,3,0.85,low density,True,False,1970.7692307692307,17.6,1.0382123341139735,1.1073863636363634,Oct 2025–Jun 2026
13641632,34.9203485,-120.454443,42200,1202 W Betteravia Rd,Santa Maria,CA,2026-03-02,,2026-03-02,2026-09-21,2167.230769230769,,,,,0.647,open,1044762.0,CO,Betteravia Rd & Skyway Dr,Mo-Su 04:30-21:00,,True,115.5,18.76,store:78989,2,1,1,0,2,45.0,44.0,0,0.923,0,0,88.7,0,0,88.7,0,0,3,0,6,1,2.33,suburban,True,False,1960.5384615384614,16.865000000000002,1.105426295758622,1.1123628817076785,Oct 2025–Jun 2026
13641633,41.925238,-83.3647205,33780,1224 N Dixie Hwy,Monroe,MI,2025-11-03,,2025-11-03,2026-09-21,2664.3076923076924,,,,,0.667,open,8524400.0,CO,N Dixie & Ternes,Mo-Su 04:30-20:00,,True,108.5,24.56,store:85244,2,1,1,0,2,60.0,59.0,0,0.751,0,0,50.37,0,0,52.47,0,0,0,0,1,1,3.74,low density,True,False,2837.4615384615386,25.33,0.9389757909290536,0.9696012633241217,Oct 2025–Jun 2026
13641634,39.958119,-85.9400485,26900,12590 E 116th St,Fishers,IN,2025-12-15,,2025-12-15,2026-09-21,2407.3076923076924,,,,,0.394,open,8722700.0,CO,116th & Brooks School,Mo-Sa 05:00-20:00; Su 05:00-19:00,,True,104.0,23.15,store:87227,2,1,1,0,2,82.0,81.0,0,0.831,0,0,141.85,0,0,223.69,0,1,2,1,5,1,0.13,suburban,True,False,2899.1538461538457,26.285,0.8303483775106797,0.8807304546319192,Oct 2025–Jun 2026
13641635,34.6714915,-86.750246,26620,126 Graphics Dr,Madison,AL,2025-12-15,,2025-12-15,2026-09-21,701.6153846153846,,,,,0.071,open,8676300.0,CO,565 & Wall Triana,Mo-Su 05:00-20:00,,True,105.0,6.68,store:86763,2,1,1,0,2,52.0,51.0,0,2.851,0,0,128.32,0,0,202.35,1,0,1,0,3,1,4.83,suburban,True,False,3479.846153846154,31.555,0.20162252973164155,0.21169386784978608,Oct 2025–Jun 2026
13641638,33.789783,-118.3002565,31080,1333 Pacific Coast Hwy,Harbor City,CA,2025-12-02,,2025-12-08,2026-09-21,1430.6923076923076,,,,,0.343,open,1045300.0,CO,PCH & Frampton,Mo-Fr 04:30-20:30; Sa-Su 05:00-20:30,,True,111.0,12.89,store:80534,2,1,1,0,2,69.0,68.0,0,1.398,1,1,4.96,1,1,4.96,1,0,2,0,20,1,2.29,urban core,True,False,1957.0769230769229,16.145,0.7310352959672982,0.7983895943016415,Oct 2025–Jun 2026
13641639,32.9247625,-97.3558275,19100,133 E Bonds Ranch Rd,Fort Worth,TX,2025-11-03,,2025-11-03,2026-09-21,1306.6153846153843,,,,,0.154,open,8517700.0,CO,Bonds Ranch & 287,Mo-Su 05:00-21:00,,True,112.0,11.67,store:85177,2,1,1,0,2,43.0,42.0,0,1.531,0,0,20.64,0,0,380.15,0,0,1,0,6,0,6.06,suburban,True,False,2957.4615384615386,26.09,0.44180300153457996,0.44729781525488693,Oct 2025–Jun 2026
13641641,36.041861,-79.8426235,24660,1400 Four Seasons Station Dr,Greensboro,NC,2025-04-01,,2025-04-07,2026-09-21,1810.4615384615383,1784.3846153846157,,1.461395870155635,,0.27,open,1054110.0,CO,I-40 & W Gate City Blvd. Exit,Mo-Su 05:00-21:00,,True,112.0,16.16,store:82925,2,1,1,0,2,77.0,76.0,0,1.105,0,0,72.23,0,0,240.7,0,0,0,0,1,1,2.28,low density,True,False,3213.3076923076924,27.675,0.5634261364996528,0.5839205058717254,Jan–Sep 2025
13641642,37.738059,-122.164662,41860,1401 Tucker St,Oakland,CA,2025-10-02,,2025-10-06,2026-09-21,259.0769230769231,,,,,0.022,open,1036892.0,CO,International & Tucker,Mo-Su 04:00-22:00,,True,126.0,2.06,store:54764,2,1,1,0,2,33.0,32.0,0,7.72,0,1,11.91,0,0,22.77,0,0,1,0,4,1,2.89,suburban,True,False,1348.923076923077,12.07,0.19206204379562045,0.17067108533554268,Oct 2025–Jun 2026
13641644,35.440746,-119.0758355,12540,1428 Merle Haggard Dr,Bakersfield,CA,2026-03-02,,2026-03-02,2026-09-21,1787.6923076923076,,,,,0.239,open,6584.0,CO,"7th Standard & Hwy 65, Bakersf",Mo-Su 04:00-22:00,,True,126.0,14.19,store:13596,1,0,1,0,1,32.0,31.0,0,0.559,0,1,9.11,0,1,9.11,1,0,1,0,7,0,5.77,suburban,True,False,2819.1923076923076,23.23,0.6341150629612955,0.6108480413258717,Oct 2025–Jun 2026
13641645,40.1099865,-75.214369,37980,1851 Bethlehem Pike,Flourtown,PA,2025-01-01,,2025-01-06,2026-09-21,1870.2307692307693,1974.6153846153843,,-5.286326451110234,,0.536,open,15758.0,CO,"Bethlehem Pike, Flourtown",Mo-Su 05:00-14:30,,True,66.5,28.12,store:07750,2,1,1,0,2,82.0,81.0,0,1.069,1,5,3.98,1,3,3.98,1,1,1,1,3,3,0.06,suburban,True,False,2036.269230769231,18.759999999999998,0.9184594752847401,1.4989339019189767,Jan–Sep 2025
13641647,42.988017,-88.229223,33340,151 W Sunset Dr,Waukesha,WI,2026-03-02,,2026-03-02,2026-09-21,115.3846153846154,,,,,0.012,open,8716200.0,CO,Sunset & South East Ave,Mo-Su 05:00-20:00,,True,105.0,1.1,store:87162,2,1,1,0,2,19.0,18.0,0,17.333,0,2,9.91,0,2,9.91,0,0,0,1,3,1,1.23,suburban,True,False,2422.7307692307695,22.985,0.0476258513120922,0.047857298237981294,Oct 2025–Jun 2026
13641648,33.2115665,-97.0913165,19100,154 S Loop 288,Denton,TX,2026-01-12,,2026-01-12,2026-09-21,1768.4615384615386,,,,,0.262,open,1055164.0,CO,Loop 288 & E. McKinney,Mo-Su 05:00-21:00,,True,112.0,15.79,store:83946,1,1,0,0,1,26.0,25.0,0,0.565,1,1,3.9,0,0,342.25,0,0,1,0,6,0,10.1,suburban,True,False,2957.4615384615386,26.09,0.5979660311597784,0.605212725182062,Oct 2025–Jun 2026
13641649,33.013655,-80.2356935,16700,1554 Central Ave,Summerville,SC,2025-12-15,,2025-12-15,2026-09-21,2702.0,,,,,0.543,open,1042781.0,CO,Central Ave & Orangeburg Rd,Mo-Su 04:30-21:00,,True,115.5,23.39,store:71593,2,1,1,0,2,56.0,55.0,0,0.74,0,0,132.42,0,0,132.42,0,1,0,1,1,1,0.45,low density,True,False,2953.1153846153848,26.91,0.9149659420950496,0.8691936083240431,Oct 2025–Jun 2026
13641650,40.138676,-76.5854785,29540,1605 S Market St,Elizabethtown,PA,2026-01-12,,2026-01-12,2026-09-21,2275.3846153846152,,,,,0.368,open,1040660.0,CO,"Elizabethtown, Market St.",Mo-Su 05:00-20:00,,True,105.0,21.67,store:71115,2,1,1,0,2,66.0,65.0,0,0.879,0,0,24.48,0,0,24.48,1,1,1,1,1,1,0.09,low density,True,False,2540.230769230769,24.19,0.8957393331920177,0.8958247209590741,Oct 2025–Jun 2026
13641651,32.6146465,-85.399694,12220,1620 Capps Landing,Opelika,AL,2024-10-12,,2024-10-14,2026-09-21,1549.0,1587.1538461538462,,-2.4039160568022133,,0.143,open,1045409.0,CO,I-85 & Gateway,Mo-Fr 04:30-21:00; Sa-Su 05:00-21:00,,True,114.5,13.53,store:80660,2,1,1,0,2,49.0,48.0,0,1.291,0,0,149.04,0,0,149.04,1,0,2,0,3,1,2.67,suburban,True,False,5283.615384615385,45.16,0.2931704689388094,0.2996014171833481,Mar–Dec 2024
13641652,33.7260125,-117.9887255,31080,16388 Beach Blvd,Westminster,CA,2025-05-06,,2025-05-12,2026-09-21,2676.3846153846152,2258.6153846153848,,18.49669641032625,,0.728,open,16535.0,CO,McDonald & Beach,Mo-Fr 04:00-22:00; Sa-Su 04:30-22:00,,True,125.0,21.41,store:05309,2,1,1,0,2,19.0,18.0,0,0.747,0,0,29.52,0,0,29.52,2,0,4,0,19,2,2.09,urban core,True,False,1957.0769230769229,16.145,1.3675418599166733,1.3261071539176217,Jan–Sep 2025
13641653,25.7531575,-80.3676005,33100,1651 SW 107th Ave,Miami,FL,2025-11-21,,2025-11-24,2026-09-21,3155.846153846154,,,,,0.687,open,1054529.0,CO,SW 107th Ave & SW 16th Street,Mo-Su 05:00-22:00,,True,119.0,26.52,store:83383,2,1,1,0,2,19.0,18.0,0,0.634,0,0,17.63,0,0,17.63,2,1,3,1,10,4,0.77,urban core,True,False,2690.576923076923,24.175,1.1729254520763348,1.0970010341261633,Oct 2025–Jun 2026
13641655,30.629885,-97.8666205,12420,1892 N U.S. Highway 183,Leander,TX,2026-02-05,,2026-02-09,2026-09-21,1376.6153846153843,,,,,0.211,open,1042734.0,CO,N US HWY 183 @ Whitewing Dr,Mo-Su 05:00-21:00,,True,112.0,12.29,store:71574,2,1,1,0,2,84.0,83.0,0,1.453,0,0,201.62,0,0,638.37,0,0,0,0,1,0,12.49,low density,True,False,2812.3076923076924,24.259999999999998,0.4894967177242887,0.5065952184666117,Oct 2025–Jun 2026
13641656,25.9525435,-80.1461935,33100,19505 Biscayne Blvd,Aventura,FL,2025-10-02,,2025-10-06,2026-09-21,1570.2307692307693,,,,,0.306,open,15137.0,CO,Biscayne Blvd & NE 191 St,Mo-Su 05:00-21:00,,True,112.0,14.02,store:08316,2,1,1,0,2,14.0,13.0,0,1.274,0,1,10.01,0,1,10.01,2,0,5,0,10,6,2.64,urban core,True,False,2690.576923076923,24.175,0.5836037452648132,0.5799379524301964,Oct 2025–Jun 2026
13641658,32.4839065,-86.415944,33860,2003 Fairview Ave,Prattville,AL,2025-04-01,,2025-04-07,2026-09-21,5612.538461538462,5159.846153846154,,8.773368317481145,,0.615,open,1039658.0,CO,Fairview Ave & I-65,Mo-Fr 04:30-21:00; Sa-Su 05:00-21:00,,True,114.5,49.02,store:69168,2,1,1,0,2,67.0,66.0,0,0.356,0,0,120.79,0,0,215.13,0,0,0,0,2,1,2.74,low density,True,False,5120.884615384615,46.155,1.096009553637818,1.062073448163796,Jan–Sep 2025
13641659,29.9409435,-95.7596385,26420,20115 Bridgeland Creek Pkwy,Cypress,TX,2026-03-02,,2026-03-02,2026-09-21,879.8461538461538,,,,,0.068,open,8636700.0,CO,Grand Pkwy & Bridgeland Creek,Mo-Fr 04:30-21:00; Sa-Su 05:00-21:30,,True,115.5,7.62,store:86367,2,1,1,0,2,44.0,43.0,0,2.273,0,0,338.8,0,0,691.2,0,0,0,0,1,0,8.77,low density,True,False,2764.3846153846152,24.21,0.3182792108411943,0.31474597273853777,Oct 2025–Jun 2026
13641661,25.9652045,-80.145739,33100,20495 Biscayne Blvd,Aventura,FL,2025-11-03,,2025-11-03,2026-09-21,2771.6153846153848,,,,,0.581,open,1040115.0,CO,Biscayne Blvd & Ives Dairy,Mo-Su 05:00-21:00,,True,112.0,24.75,store:68199,1,0,1,0,1,19.0,18.0,0,0.361,0,1,10.31,0,1,10.31,3,0,6,0,9,5,2.57,suburban,True,False,2690.576923076923,24.175,1.0301193624472877,1.0237849017580145,Oct 2025–Jun 2026
13641662,25.9453745,-97.5452395,15180,2055 US HWY 281,Brownsville,TX,2026-03-02,,2026-03-02,2026-09-21,6073.923076923077,,,,,0.333,open,8679700.0,CO,Military Rd & Flor De Mayo Rd,Mo-Fr 04:30-23:00; Sa-Su 05:00-23:30,,True,129.5,46.9,store:86797,2,1,1,0,2,29.0,28.0,0,0.329,0,0,722.8,0,0,1115.69,0,0,0,0,3,0,6.58,suburban,True,False,6479.7692307692305,49.575,0.9373671901895843,0.9460413514876449,Oct 2025–Jun 2026
13641663,33.2616035,-111.599288,38060,20567 S Signal Butte Rd,Queen Creek,AZ,2026-02-05,,2026-02-09,2026-09-21,3549.846153846154,,,,,0.688,open,1052779.0,CO,Signal Butte & Queen Creek,Mo-Su 04:00-21:00,,True,119.0,29.83,store:81542,2,1,1,0,2,19.0,18.0,0,0.563,0,0,27.51,0,0,27.51,1,0,1,0,4,2,2.78,suburban,True,False,2914.6923076923076,24.67,1.2179145443509012,1.2091609241994323,Oct 2025–Jun 2026
13641664,40.8451135,-73.2753515,35620,2061 Jericho Tpke,Commack,NY,2025-10-02,,2025-10-06,2026-09-21,3016.3846153846152,,,,,0.776,open,7866.0,CO,Commack- 2061 Jericho Tpke,Mo-Su 05:00-21:00,,True,112.0,26.93,store:11811,2,1,1,0,2,33.0,32.0,0,0.663,0,0,20.67,0,0,32.03,2,2,2,3,7,9,0.08,suburban,True,False,1886.0769230769233,17.055,1.5992903462620822,1.5790090882439167,Oct 2025–Jun 2026
13641665,38.732889,-89.9039295,41180,2112 Troy Blvd,Troy,IL,2026-01-12,,2026-01-12,2026-09-21,3707.230769230769,,,,,0.626,open,8575800.0,CO,Edwardsville Rd & Bradley Smit,Mo-Su 05:00-21:00,,True,112.0,33.1,store:85758,2,1,1,0,2,54.0,53.0,0,0.539,0,0,118.65,0,0,267.34,0,1,0,1,0,1,0.47,low density,True,False,2642.6923076923076,26.17,1.4028234609227186,1.2648070309514712,Oct 2025–Jun 2026
13641666,35.3351075,-80.7543215,16740,3015 Stelfox St,Charlotte,NC,2025-01-01,,2025-01-06,2026-09-21,814.5384615384615,810.6923076923077,,0.4744283138817584,,0.154,open,9702.0,CO,W Mallard Creek Church Rd,Mo-Su 05:00-20:00,,True,105.0,7.76,store:09437,2,1,1,0,2,55.0,54.0,0,2.455,0,0,51.2,0,0,150.58,0,0,0,1,10,5,1.54,urban core,True,False,2938.3846153846152,26.305,0.2772062095866384,0.29500095038965973,Jan–Sep 2025
13641668,35.169281,-79.4190275,38240,215 Southern Rd,Southern Pines,NC,2026-01-12,,2026-01-12,2026-09-21,3315.6153846153848,,,,,0.714,open,1056167.0,CO,Morganton Park South,Mo-Su 05:00-21:00,,True,112.0,29.6,store:84955,2,1,1,0,2,84.0,83.0,0,0.603,0,0,89.01,0,0,196.88,0,0,2,1,2,1,1.7,low density,True,False,3637.346153846154,31.244999999999997,0.9115479375284179,0.9473515762522005,Oct 2025–Jun 2026
13641669,33.7913895,-118.26534,31080,215 W Pacific Coast Hwy,Wilmington,CA,2026-02-05,,2026-02-09,2026-09-21,2671.846153846154,,,,,0.725,open,1040883.0,CO,PCH & Fries Ave,Mo-Su 04:30-23:00,,True,129.5,20.63,store:69275,2,1,1,0,2,69.0,68.0,0,0.749,1,1,4.73,1,1,4.73,0,0,3,1,11,1,1.9,urban core,True,False,1957.0769230769229,16.145,1.3652228598380631,1.2777949829668627,Oct 2025–Jun 2026
13641670,33.6263205,-117.2698955,40140,22187 Bundy Canyon Rd,Wildomar,CA,2026-01-12,,2026-01-12,2026-09-21,5296.692307692308,,,,,0.868,open,1044063.0,CO,Bundy Canyon & I-15,Mo-Fr 03:30-21:30; Sa-Su 04:30-21:30,,True,124.0,42.72,store:77977,2,1,1,0,2,32.0,31.0,0,0.378,0,0,92.51,0,0,96.31,0,0,0,0,6,1,4.18,suburban,True,False,3127.1923076923076,24.89,1.693753305373461,1.7163519485737242,Oct 2025–Jun 2026
13641671,38.6059285,-121.382236,40900,2222 Watt Ave,Sacramento,CA,2025-12-15,,2025-12-15,2026-09-21,920.3076923076924,,,,,0.095,open,1054274.0,CO,Watt Ave & Cody Way,Mo-Su 04:30-20:30,,True,112.0,8.22,store:83003,2,1,1,0,2,84.0,83.0,0,2.173,0,0,118.22,0,0,129.44,1,0,5,0,10,0,6.01,urban core,True,False,2184.6153846153848,19.380000000000003,0.42126760563380283,0.42414860681114547,Oct 2025–Jun 2026
13641672,43.499854,-96.751341,43620,2225 W 57th St,Sioux Falls,SD,2025-01-01,,2025-01-06,2026-09-21,1556.3846153846157,1330.076923076923,,17.014631889422247,,0.3,open,7367.0,CO,57th and Mellenberndt,Mo-Su 05:00-20:00,,True,105.0,14.82,store:10526,2,1,1,0,2,80.0,79.0,0,1.285,0,1,5.59,0,0,584.91,0,0,1,0,9,0,150.51,suburban,True,False,2345.3076923076924,21.62,0.6636163862376596,0.6854764107308048,Jan–Sep 2025
13641674,47.6158715,-122.2041045,42660,241 Bellevue Sq,Bellevue,WA,2025-01-01,,2025-01-06,2026-09-21,2367.0,1846.923076923077,,28.159100374843817,,0.734,open,18691.0,CO,Bellevue Square - Center Court,Mo-Sa 08:00-21:00; Su 08:30-19:00,,True,88.5,26.75,store:05191,2,1,1,0,2,18.0,17.0,0,0.845,1,2,0.67,1,2,0.67,6,0,9,0,17,0,917.88,urban core,True,False,1612.2307692307695,14.84,1.4681521064936303,1.8025606469002695,Jan–Sep 2025
13641677,33.8069035,-118.351554,31080,23865 Hawthorne Blvd,Torrance,CA,2025-10-27,,2025-10-27,2026-09-21,2765.769230769231,,,,,0.746,open,11613.0,CO,PCH & Hawthorne,Mo-Su 04:30-21:00,,True,115.5,23.95,store:05551,2,1,1,0,2,19.0,18.0,0,0.723,0,1,7.02,0,1,7.02,1,0,3,0,20,0,7.37,urban core,True,False,1957.0769230769229,16.145,1.4132143699394704,1.483431402911118,Oct 2025–Jun 2026
13641678,35.2257455,-79.4017335,38240,250 Capital Dr,Carthage,NC,2026-02-05,,2026-02-09,2026-09-21,3012.3076923076924,,,,,0.571,open,8655600.0,CO,NC 22 & Airport Rd,Mo-Su 05:00-21:00,,True,112.0,26.9,store:86556,2,1,1,0,2,21.0,20.0,0,0.664,0,0,82.6,0,0,202.21,1,0,1,0,1,0,8.01,low density,True,False,3637.346153846154,31.244999999999997,0.8281608526926859,0.8609377500400064,Oct 2025–Jun 2026
13641679,42.2601615,-89.05564,40420,2570 Charles Street,Rockford,IL,2025-12-15,,2025-12-15,2026-09-21,2601.3076923076924,,,,,0.25,open,1054192.0,CO,22nd and Charles,Mo-Su 04:30-22:00,,True,122.5,21.24,store:83043,2,1,1,0,2,85.0,84.0,0,0.769,0,0,44.57,0,0,44.57,0,0,0,1,2,2,1.87,low density,True,False,3553.3076923076924,32.85,0.7320806182754963,0.6465753424657533,Oct 2025–Jun 2026
13641680,37.7249395,-113.050463,16260,2605 N Main St,Cedar City,UT,2025-12-15,,2025-12-15,2026-09-21,2465.230769230769,,,,,0.667,open,1052802.0,CO,Main and Canyon Ranch - Cedar,Mo-Su 05:00-21:00,,True,112.0,22.01,store:81451,2,1,1,0,2,75.0,74.0,0,0.811,0,0,254.21,0,0,416.97,0,0,0,0,0,0,237.91,low density,True,False,2700.769230769231,22.7,0.9127883793790942,0.969603524229075,Oct 2025–Jun 2026
13641682,42.543025,-89.0120065,27500,2660 Prairie Ave,Beloit,WI,2025-05-31,,2025-06-02,2026-09-21,3497.3076923076924,2887.0,,21.139857717620103,,0.5,open,8525800.0,CO,Prairie & Elmwood,Mo-Su 04:30-21:00,,True,115.5,30.28,store:85258,1,0,1,0,1,22.0,21.0,0,0.286,0,0,71.54,0,0,71.54,0,0,0,0,1,1,3.04,low density,True,False,2383.076923076923,20.63,1.4675597159457716,1.4677653902084344,Jan–Sep 2025
13641683,47.0087735,-120.5895565,21260,2708 Triple L Loop,Ellensburg,WA,2025-12-02,,2025-12-08,2026-09-21,663.0,,,,,0.143,open,8518200.0,CO,US-97 & Triple L Loop,Mo-Fr 04:30-20:00; Sa-Su 05:00-20:00,,True,107.5,6.17,store:85182,2,1,1,0,2,4.0,3.0,0,3.017,0,0,123.35,0,0,128.94,0,0,0,0,3,0,795.92,suburban,True,False,2215.346153846154,21.1,0.2992760290977274,0.2924170616113744,Oct 2025–Jun 2026
13641684,43.0116025,-88.3832995,33340,271 W Summit Ave,Wales,WI,2026-02-05,,2026-02-09,2026-09-21,4308.076923076923,,,,,0.88,open,8744400.0,CO,Wales - 83 & Summit,Mo-Su 05:00-19:00,,True,98.0,43.96,store:87444,2,1,1,0,2,33.0,32.0,0,0.464,0,0,22.7,0,0,22.7,0,1,0,1,2,1,0.18,low density,True,False,2422.7307692307695,22.985,1.7781905351558156,1.9125516641287796,Oct 2025–Jun 2026
13641686,35.910582,-78.939554,20500,295 W NC Highway 54,Durham,NC,2026-01-12,,2026-01-12,2026-09-21,1571.1538461538462,,,,,0.462,open,1054908.0,CO,295 W NC Hwy 54,Mo-Su 05:00-21:00,,True,112.0,14.03,store:83735,2,1,1,0,2,77.0,76.0,0,1.273,0,1,10.48,0,0,239.99,3,0,5,0,7,1,2.05,suburban,True,False,2109.846153846154,19.71,0.7446769724369258,0.7118214104515473,Oct 2025–Jun 2026
13641689,41.877461,-80.755339,11780,3112 N Ridge Rd East,Ashtabula,OH,2026-02-05,,2026-02-09,2026-09-21,4486.7692307692305,,,,,0.5,open,8668300.0,CO,"Ashtabula, N. Ridge Road",Mo-Su 05:00-21:00,,True,112.0,40.06,store:86683,2,1,1,0,2,43.0,42.0,0,0.446,0,0,127.6,0,0,127.6,0,1,0,1,0,1,0.96,low density,True,False,5431.2307692307695,48.49,0.8261054301334163,0.8261497215920809,Oct 2025–Jun 2026
13641690,45.5774035,-122.6994105,38900,3171 N Lombard St,Portland,OR,2025-11-21,,2025-11-24,2026-09-21,1393.8461538461538,,,,,0.342,open,1052579.0,CO,Kenton,Mo-Fr 04:30-21:00; Sa-Su 05:00-21:00,,True,114.5,12.17,store:81326,2,1,1,0,2,84.0,83.0,0,1.435,0,1,12.65,0,1,12.65,0,0,1,0,9,0,710.61,suburban,True,False,1589.076923076923,14.38,0.8771420273017717,0.8463143254520167,Oct 2025–Jun 2026
13641693,28.662566,-81.36372,36740,750 E Altamonte Dr,Altamonte Springs,FL,2025-01-01,,2025-01-06,2026-09-21,1495.7692307692307,1445.0,,3.513441575725307,,0.158,open,17742.0,CO,Hwy 436 & Maitland Ave,Mo-Su 05:00-21:00,,True,112.0,13.36,store:11387,2,1,1,0,2,32.0,31.0,0,1.337,0,2,13.89,0,1,13.89,0,1,0,2,6,5,0.56,suburban,True,False,3125.3076923076924,27.13,0.47859903024932926,0.49244378916328785,Jan–Sep 2025
13641694,38.6332165,-121.475061,40900,3580 Northgate Blvd,Sacramento,CA,2025-10-02,,2025-10-06,2026-09-21,3088.4615384615386,,,,,0.785,open,8650100.0,CO,Northgate & Patio,Mo-Su 04:30-21:00,,True,115.5,26.74,store:86501,2,1,1,0,2,60.0,59.0,0,0.648,0,0,115.46,0,0,125.73,0,0,1,0,9,0,12.76,suburban,True,False,2184.6153846153848,19.380000000000003,1.4137323943661972,1.3797729618163053,Oct 2025–Jun 2026
13641695,42.914285,-78.753755,15380,3719 Union Rd,Cheektowaga,NY,2026-03-02,,2026-03-02,2026-09-21,1235.6923076923076,,,,,0.333,open,1055957.0,CO,Village Plaza,Mo-Su 05:00-20:00,,True,105.0,11.77,store:84682,2,1,1,0,2,69.0,68.0,0,1.619,0,0,293.76,0,0,293.76,1,1,3,1,4,1,0.86,suburban,True,False,2239.076923076923,20.54,0.5518757729833723,0.5730282375851996,Oct 2025–Jun 2026
13641696,37.7639555,-121.434668,44700,3780 N Tracy Blvd,Tracy,CA,2026-02-05,,2026-02-09,2026-09-21,3191.769230769231,,,,,0.564,open,8514100.0,CO,Hwy 205 & Tracy,Mo-Fr 03:30-20:00; Sa-Su 04:30-20:00,,True,113.5,28.12,store:85141,2,1,1,0,2,5.0,4.0,0,0.627,0,0,73.65,0,0,86.57,1,0,1,0,6,1,3.26,suburban,True,False,3049.6153846153848,26.22,1.0466136965569428,1.0724637681159421,Oct 2025–Jun 2026
13641698,42.845693,-70.906625,14460,39 Clarks Rd,Amesbury,MA,2026-02-05,,2026-02-09,2026-09-21,2185.076923076923,,,,,0.836,open,1052094.0,CO,Amesbury,Mo-Su 05:00-21:00,,True,112.0,19.51,store:80892,2,1,1,0,2,21.0,20.0,0,0.915,0,0,27.74,0,0,46.62,0,2,0,2,1,6,0.7,low density,True,False,1574.6923076923076,14.28,1.3876215133603633,1.36624649859944,Oct 2025–Jun 2026
13641699,41.241208,-75.8814565,42540,400 Old Train Station Rd,Wilkes Barre,PA,2026-02-05,,2026-02-09,2026-09-21,1684.3846153846157,,,,,0.214,open,1055244.0,CO,"Wilkes Barre, Old Train Statio",Mo-Su 05:00-21:00,,True,112.0,15.04,store:84066,2,1,1,0,2,33.0,32.0,0,1.187,0,0,118.12,0,0,118.12,1,1,2,1,4,5,0.46,suburban,True,False,3257.846153846154,28.45,0.5170239894219872,0.5286467486818981,Oct 2025–Jun 2026
13641701,33.423108,-111.754207,38060,406 N Val Vista Dr,Mesa,AZ,2025-06-24,,2025-06-30,2026-09-21,1365.2307692307693,1112.8461538461538,,22.679200940070523,,0.225,open,1044341.0,CO,Val Vista and University Dr,Mo-Fr 04:00-21:00; Sa-Su 05:00-21:00,,True,117.0,11.67,store:78578,2,1,1,0,2,23.0,22.0,0,1.465,0,1,7.22,0,1,7.22,1,0,2,0,12,3,3.58,urban core,True,False,2914.6923076923076,24.67,0.4683961890686443,0.47304418321848396,Jan–Sep 2025
13641702,38.1387425,-85.685154,31140,4107 Outer Loop,Louisville,KY,2026-03-02,,2026-03-02,2026-09-21,3662.692307692307,,,,,0.655,open,1038569.0,CO,Preston Hwy & Outer Loop,Mo-Su 05:00-21:00,,True,112.0,32.7,store:71237,2,1,1,0,2,80.0,79.0,0,0.546,0,1,14.2,0,0,288.39,0,0,0,0,0,2,3.08,low density,True,False,3283.3846153846152,28.68,1.1155233811264174,1.1401673640167365,Oct 2025–Jun 2026
13641703,30.079724,-95.991848,26420,421 University Dr,Prairie View,TX,2024-10-12,,2024-10-14,2026-09-21,3324.4615384615386,2906.0,,14.399915294615928,,0.589,open,1040940.0,CO,US 290 and University Dr,Mo-Fr 04:30-22:00; Sa 05:00-22:00; Su 05:00-21:00,,True,120.5,27.59,store:71287,1,1,0,0,1,4.0,3.0,0,0.301,0,0,313.59,0,0,675.43,0,1,0,1,0,1,0.81,low density,True,False,2764.3846153846152,24.21,1.2026045579764588,1.1396117306897975,Mar–Dec 2024
13641704,37.6975285,-121.742936,41860,4341 N 1st St,Livermore,CA,2026-02-05,,2026-02-09,2026-09-21,2240.3846153846152,,,,,0.753,open,9023.0,CO,First Street and Las Positas,Mo-Fr 04:00-21:00; Sa-Su 04:30-21:00,,True,118.0,18.99,store:00641,2,1,1,0,2,22.0,21.0,0,0.893,0,0,47.94,0,0,60.11,2,0,2,0,7,0,25.95,suburban,True,False,1348.923076923077,12.07,1.6608690693430657,1.5733222866611432,Oct 2025–Jun 2026
13641705,33.335217,-111.6359205,38060,4418 S Ellsworth Rd,Mesa,AZ,2026-02-05,,2026-02-09,2026-09-21,961.2307692307692,,,,,0.158,open,1043831.0,CO,Ellsworth and Warner,Mo-Sa 03:30-21:00; Su 04:30-21:00,,True,121.5,7.91,store:77716,2,1,1,0,2,47.0,46.0,0,2.081,0,0,20.22,0,0,20.22,0,0,1,0,7,0,6.71,suburban,True,False,2914.6923076923076,24.67,0.32978807632419305,0.3206323469801378,Oct 2025–Jun 2026
13641707,39.480646,-119.793861,39900,4801 Kietzke Lane,Reno,NV,2026-01-12,,2026-01-12,2026-09-21,3386.3846153846152,,,,,0.83,open,13360.0,CO,Firecreek Crossing,Mo-Su 05:00-17:00,,True,84.0,40.31,store:05537,2,1,1,0,2,66.0,65.0,0,0.591,0,0,177.23,0,0,177.23,0,0,1,0,10,0,7.17,urban core,True,False,2004.3076923076924,19.64,1.6895532698802578,2.0524439918533606,Oct 2025–Jun 2026
13641708,34.136435,-118.215288,31080,4959 N Eagle Rock Blvd,Los Angeles,CA,2026-03-02,,2026-03-02,2026-09-21,1802.8461538461536,,,,,0.449,open,15819.0,CO,Eagle Rock & Fair Park,Mo-Fr 04:30-22:00; Sa-Su 05:00-22:00,,True,121.5,14.84,store:08617,2,1,1,0,2,85.0,84.0,0,1.109,0,1,11.83,0,0,34.44,1,0,4,0,18,2,4.12,urban core,True,False,1957.0769230769229,16.145,0.9211933024133323,0.9191700216785382,Oct 2025–Jun 2026
13641709,37.2306905,-107.8371385,20420,49 Copper Ct,Durango,CO,2025-12-15,,2025-12-15,2026-09-21,2052.3846153846152,,,,,0.4,open,1054009.0,CO,Hwy 160 and Wilson Gulch,Mo-Su 05:00-21:00,,True,112.0,18.32,store:82725,2,1,1,0,2,88.0,87.0,0,0.974,0,0,526.0,0,0,557.84,0,0,0,0,0,1,2.15,low density,True,False,2193.6153846153848,19.16,0.9356173510537573,0.9561586638830898,Oct 2025–Jun 2026
13641710,32.669218,-117.0224225,41740,5035 Central Ave,Bonita,CA,2025-01-01,,2025-01-06,2026-09-21,1186.8461538461538,1187.3846153846157,,-0.0453485358901328,,0.171,open,15584.0,CO,Bonnie Brae Center,Mo-Su 04:30-21:00,,True,115.5,10.28,store:06839,2,1,1,0,2,16.0,15.0,0,1.685,0,1,13.97,0,0,174.41,0,0,2,0,8,0,5.81,suburban,True,False,2358.769230769231,20.77,0.5031633185494391,0.4949446316803081,Jan–Sep 2025
13641712,42.9782545,-78.744061,15380,5105 Sheridan Dr,Williamsville,NY,2026-02-05,,2026-02-09,2026-09-21,1675.923076923077,,,,,0.489,open,12900.0,CO,Sheridan and Mill St.,Mo-Su 05:00-21:00,,True,112.0,14.96,store:07938,2,1,1,0,2,15.0,14.0,0,1.193,0,0,300.69,0,0,300.69,0,0,0,0,5,1,4.72,suburban,True,False,2239.076923076923,20.54,0.7484883880720078,0.7283349561830575,Oct 2025–Jun 2026
13641713,27.541881,-99.48386,29700,5106 McPherson Rd,Laredo,TX,2025-12-02,,2025-12-08,2026-09-21,6491.0,,,,,0.444,open,8796500.0,CO,McPherson Rd & Calton Rd,Mo-Th 05:00-23:30; Fr-Sa 05:00-24:00; Su 05:00-23:30,,True,130.5,49.74,store:87965,2,1,1,0,2,11.0,10.0,0,0.308,0,0,553.66,0,0,1012.58,0,0,2,0,6,1,3.8,suburban,True,False,7159.538461538462,56.6,0.9066226873240647,0.8787985865724381,Oct 2025–Jun 2026
13641714,39.914758,-105.0682105,19740,6445 W 120th Ave,Broomfield,CO,2025-01-01,,2025-01-06,2026-09-21,1991.5384615384617,1653.3846153846157,,20.452219223969472,,0.475,open,13333.0,CO,120th and Lamar,Mo-Sa 04:30-21:00; Su 05:00-21:00,,True,115.0,17.32,store:05358,1,1,0,0,1,66.0,65.0,0,0.502,0,0,388.72,0,0,897.5,0,0,1,0,10,0,6.41,urban core,True,False,1878.923076923077,17.39,1.0599361336281012,0.9959746981023576,Jan–Sep 2025
13641715,30.5226435,-87.885558,19300,53 South Greeno Rd,Fairhope,AL,2024-10-12,,2024-10-14,2026-09-21,2724.3846153846152,2618.5384615384614,,4.0421844246643746,,0.222,open,1044519.0,CO,Hwy 98 & Fairhope Ave,Mo-Fr 05:00-21:00; Sa-Su 05:00-20:30,,True,111.0,24.54,store:78780,2,1,1,0,2,37.0,36.0,0,0.734,0,0,218.99,0,0,218.99,0,0,0,0,0,0,14.41,low density,True,False,7933.7307692307695,72.365,0.3433926225415339,0.33911421267187175,Mar–Dec 2024
13641716,40.6924695,-73.684746,35620,596 Franklin Ave,Franklin Square,NY,2025-01-01,,2025-01-06,2026-09-21,2861.4615384615386,1325.3076923076924,,115.9092228219862,,0.751,open,14912.0,CO,596 Franklin Ave,Mo-Su 05:00-22:00,,True,119.0,24.05,store:07642,2,1,1,0,2,46.0,45.0,0,0.699,0,0,17.79,0,0,38.54,0,1,0,3,8,19,0.08,suburban,True,False,1886.0769230769233,17.055,1.517149965333007,1.4101436528877163,Jan–Sep 2025
13641717,28.879092,-81.1783875,19660,601 Courtland Blvd,Deltona,FL,2025-12-15,,2025-12-15,2026-09-21,4410.461538461538,,,,,0.81,open,1045305.0,CO,Courtland Blvd & Ft Smith,Mo-Su 05:00-20:00,,True,105.0,42.0,store:80437,2,1,1,0,2,18.0,17.0,0,0.453,0,0,42.64,0,0,42.64,0,0,0,1,0,1,1.22,low density,True,False,3974.076923076923,37.85,1.1098077928111028,1.1096433289299867,Oct 2025–Jun 2026
13641718,41.5753015,-87.180764,16980,6051 Central Ave,Portage,IN,2025-11-21,,2025-11-24,2026-09-21,1175.7692307692307,,,,,0.217,open,1054527.0,CO,Central and Irving,Mo-Su 04:00-21:00,,True,119.0,9.88,store:83381,2,1,1,0,2,65.0,64.0,0,1.701,0,0,38.63,0,0,38.63,0,1,0,1,2,4,0.1,low density,True,False,2219.6923076923076,20.33,0.5296991960077627,0.485981308411215,Oct 2025–Jun 2026
13641719,46.993541,-122.921875,36500,6104 Littlerock Rd SW,Tumwater,WA,2025-10-02,,2025-10-06,2026-09-21,2591.0,,,,,0.581,open,12189.0,CO,Littlerock & Kingswood Dr.,Mo-Su 04:00-21:00,,True,119.0,21.77,store:03372,2,1,1,0,2,18.0,17.0,0,0.772,0,1,8.75,0,1,8.75,1,0,2,0,7,0,865.2,suburban,True,False,2593.846153846154,22.46,0.9989027283511269,0.9692787177203918,Oct 2025–Jun 2026
13641720,44.522228,-88.0642825,24580,893 South Military Ave,Green Bay,WI,2025-01-01,,2025-01-06,2026-09-21,4205.307692307692,4337.538461538462,,-3.0485209619067977,,0.846,open,6396.0,CO,Military and Mason,Mo-Su 06:00-19:00,,True,91.0,46.21,store:13800,2,1,1,0,2,84.0,83.0,0,0.476,0,0,58.07,0,0,58.07,0,0,0,0,3,0,7.67,suburban,True,False,2804.346153846154,27.975,1.499567978275479,1.6518319928507597,Jan–Sep 2025
13641722,42.0022285,-87.661021,16980,6576 N Sheridan Rd,Chicago,IL,2024-12-03,,2024-12-09,2026-09-21,1626.4615384615386,1492.2307692307693,,8.995309036548282,,0.359,open,9303.0,CO,Loyola University-Rogers Park,Mo-Su 05:00-19:00,,True,98.0,16.6,store:02428,2,1,1,0,2,22.0,21.0,0,1.23,0,2,13.3,0,1,13.44,2,4,2,7,17,21,0.14,urban core,True,False,2219.6923076923076,20.33,0.7327418907679513,0.8165272995573046,Mar–Dec 2024
13641724,34.657135,-86.4812675,26620,6735 US-431,Owens Cross Roads,AL,2025-12-15,,2025-12-15,2026-09-21,1021.3076923076924,,,,,0.214,open,1054006.0,CO,Hwy 431 & Wade Rd,Mo-Su 05:00-21:00,,True,112.0,9.12,store:82760,2,1,1,0,2,25.0,24.0,0,1.958,0,0,130.18,0,0,217.41,0,1,0,1,0,1,0.8,low density,True,False,3479.846153846154,31.555,0.29349219682567756,0.2890191728727618,Oct 2025–Jun 2026
13641725,35.869572,-78.5457795,39580,6903 Louisburg Rd,Raleigh,NC,2026-03-02,,2026-03-02,2026-09-21,333.0,,,,,0.023,open,1053085.0,CO,US401 & Fox Rd,Mo-Su 05:00-21:00,,True,112.0,2.97,store:81889,2,1,1,0,2,65.0,64.0,0,6.006,0,1,13.02,0,0,246.4,0,0,0,0,2,1,2.99,low density,True,False,2214.5384615384614,20.59,0.15036993296050574,0.14424477901894125,Oct 2025–Jun 2026
13641726,33.8454175,-116.4572345,40140,69050 Vista Chino,Cathedral City,CA,2026-02-05,,2026-02-09,2026-09-21,3416.769230769231,,,,,0.619,open,8773500.0,CO,Date Palm & Vista Chino,Mo-Su 04:30-23:00,,True,129.5,26.38,store:87735,2,1,1,0,2,47.0,46.0,0,0.585,0,0,141.63,0,0,168.51,0,0,1,0,3,0,24.92,suburban,True,False,3127.1923076923076,24.89,1.0925996531663942,1.0598633989554036,Oct 2025–Jun 2026
13641727,41.8748895,-71.06031,39300,6 Mozzone Blvd,Taunton,MA,2025-05-06,,2025-05-12,2026-09-21,2935.4615384615386,2848.076923076923,,3.0681971640783345,,0.788,open,13556.0,CO,"Taunton, Mozzone Blvd.",Mo-Su 05:00-21:00,,True,112.0,26.21,store:07726,2,1,1,0,2,84.0,83.0,0,0.681,0,0,53.1,0,0,53.1,1,0,1,2,2,7,1.24,low density,True,False,1940.076923076923,17.32,1.513064509733952,1.5132794457274827,Jan–Sep 2025
13641728,29.5827675,-95.648575,26420,7310 Cotesworth Ave,Sugar Land,TX,2025-03-01,,2025-03-03,2026-09-21,858.2307692307693,990.8461538461538,,-13.384054033071957,,0.063,open,1039884.0,CO,Highway 59 and University Blvd,Mo-Fr 04:00-20:00; Sa-Su 04:30-20:00,,True,111.0,7.73,store:69778,2,1,1,0,2,23.0,22.0,0,2.33,0,0,377.99,0,0,730.58,0,0,2,0,7,0,8.5,suburban,True,False,2764.3846153846152,24.21,0.31045997161699646,0.31928954977282115,Jan–Sep 2025
13641729,34.1261125,-118.056793,31080,747 W Duarte Rd,Arcadia,CA,2025-01-01,,2025-01-06,2026-09-21,3132.4615384615386,2191.6923076923076,,42.92432963638917,,0.8,open,16736.0,CO,Duarte & Baldwin,Mo-Su 04:00-23:00,,True,133.0,23.55,store:00537,2,1,1,0,2,45.0,44.0,0,0.638,0,1,9.33,0,0,38.76,1,0,2,0,20,0,7.17,urban core,True,False,1957.0769230769229,16.145,1.6005817152739568,1.4586559306286777,Jan–Sep 2025
13641732,27.495765,-82.6362155,35840,7493 Manatee Ave W,Bradenton,FL,2025-11-21,,2025-11-24,2026-09-21,9830.923076923076,,,,,0.9,open,10637.0,CO,Manatee Ave & 75th St W,Mo-Su 05:00-20:00,,True,105.0,93.63,store:13236,2,1,1,0,2,37.0,36.0,0,0.203,0,0,30.23,0,0,30.23,0,0,0,1,1,1,1.89,low density,True,False,2461.769230769231,23.45,3.9934381151767018,3.9927505330490405,Oct 2025–Jun 2026
13641733,33.1346345,-96.7086535,19100,7530 State Highway 121,McKinney,TX,2026-03-02,,2026-03-02,2026-09-21,1909.8461538461536,,,,,0.297,open,8636600.0,CO,121 & Alma,Mo-Su 05:00-21:00,,True,112.0,17.05,store:86366,2,1,1,0,2,45.0,44.0,0,1.047,0,0,40.49,0,0,342.06,0,0,1,0,12,1,3.4,urban core,True,False,2957.4615384615386,26.09,0.6457721018545008,0.6535070908394021,Oct 2025–Jun 2026
13641734,29.704543,-95.5153465,26420,"7555 Bellaire, Building A",Houston,TX,2024-10-12,,2024-10-14,2026-09-21,2381.6153846153848,2135.6923076923076,,11.514911396052453,,0.383,open,1042574.0,CO,US 59 and Bellaire Blvd,Mo-Su 05:00-22:00,,True,119.0,20.01,store:71393,2,1,1,0,2,23.0,22.0,0,0.84,0,0,373.82,0,0,713.01,0,0,0,0,7,1,3.94,suburban,True,False,2764.3846153846152,24.21,0.8615354648412501,0.8265179677819083,Mar–Dec 2024
13641735,32.8306955,-97.2192225,19100,7593 Boulevard 26,North Richland Hills,TX,2026-01-12,,2026-01-12,2026-09-21,2036.4615384615383,,,,,0.323,open,8838400.0,CO,Blvd 26 & City Point,Mo-Fr 04:30-21:00; Sa-Su 05:00-21:00,,True,114.5,17.79,store:88384,2,1,1,0,2,22.0,21.0,0,0.982,1,1,4.62,0,0,386.24,0,0,1,0,7,2,3.18,suburban,True,False,2957.4615384615386,26.09,0.6885842848596769,0.6818704484476811,Oct 2025–Jun 2026
13641736,37.176161,-113.3020715,41100,765 W State St,Hurricane,UT,2025-11-21,,2025-11-24,2026-09-21,3212.846153846154,,,,,0.7,open,1044351.0,CO,Hurricane - State and 7th,Mo-Su 05:00-21:00,,True,112.0,28.69,store:78571,2,1,1,0,2,28.0,27.0,0,0.623,0,0,196.08,0,0,436.3,0,0,0,0,0,0,183.15,low density,True,False,2922.6153846153848,26.09,1.0993051534452807,1.0996550402453047,Oct 2025–Jun 2026
13641737,42.3422825,-71.8442205,49340,788 Main St,Holden,MA,2026-01-12,,2026-01-12,2026-09-21,2186.769230769231,,,,,0.759,open,1055764.0,CO,"Holden, Main St",Mo-Su 05:00-20:00,,True,105.0,20.83,store:84527,1,0,1,0,1,38.0,37.0,0,0.457,0,0,48.48,0,0,56.01,0,1,0,2,0,4,1.0,low density,True,False,1839.6153846153843,17.52,1.1887100146351666,1.1889269406392693,Oct 2025–Jun 2026
13641740,33.6553325,-112.063029,38060,810 E Union Hills Dr,Phoenix,AZ,2024-10-12,,2024-10-14,2026-09-21,1727.6153846153843,1654.6923076923076,,4.407047557063826,,0.297,open,1038311.0,CO,Union Hills and 7th St,Mo-Fr 04:00-21:00; Sa-Su 04:30-21:00,,True,118.0,14.64,store:68721,2,1,1,0,2,25.0,24.0,0,1.158,0,0,33.99,0,0,33.99,1,0,5,1,9,3,1.64,suburban,True,False,2914.6923076923076,24.67,0.5927265049747961,0.5934333198216457,Mar–Dec 2024
13641741,33.7099345,-112.2333865,38060,8120 W Happy Valley Rd,Peoria,AZ,2026-02-05,,2026-02-09,2026-09-21,3157.6923076923076,,,,,0.619,open,1044340.0,CO,83rd and Happy Valley,Mo-Su 04:30-21:00,,True,115.5,27.34,store:78577,2,1,1,0,2,18.0,17.0,0,0.633,0,0,39.05,0,0,39.05,0,0,0,0,8,3,2.73,suburban,True,False,2914.6923076923076,24.67,1.0833707212794594,1.1082286177543574,Oct 2025–Jun 2026
13641742,34.449523,-86.944669,19460,820 US Hwy 31 NW,Hartselle,AL,2026-03-02,,2026-03-02,2026-09-21,1645.7692307692307,,,,,0.25,open,8663900.0,CO,Hwy 31 & Longhorn Pass NW,Mo-Su 05:00-21:00,,True,112.0,14.69,store:86639,1,0,1,0,1,39.0,38.0,0,0.608,0,0,104.25,0,0,173.03,0,0,0,0,0,0,16.12,low density,True,False,4059.846153846154,35.15,0.405377240516882,0.417923186344239,Oct 2025–Jun 2026
13641743,33.7151635,-116.2204475,40140,82710 STATE HIGHWAY 111,Indio,CA,2025-11-03,,2025-11-03,2026-09-21,2085.4615384615386,,,,,0.249,open,1053796.0,CO,Hwy 111 & Oasis,Mo-Su 04:00-22:00,,True,126.0,16.55,store:82523,2,1,1,0,2,54.0,53.0,0,0.959,0,0,141.45,0,0,190.96,0,0,2,0,9,1,3.13,suburban,True,False,3127.1923076923076,24.89,0.6668798504433813,0.6649256729610286,Oct 2025–Jun 2026
13641744,43.7033365,-70.2897115,38860,84 Auburn St,Portland,ME,2025-11-03,,2025-11-03,2026-09-21,1127.3846153846157,,,,,0.364,open,12735.0,CO,"Portland, Auburn St",Mo-Su 05:00-21:00,,True,112.0,10.07,store:02830,2,1,1,0,2,79.0,78.0,0,1.774,0,1,5.59,0,0,78.9,0,1,0,1,2,8,0.47,low density,True,False,1747.1538461538462,15.739999999999998,0.6452692290758598,0.6397712833545108,Oct 2025–Jun 2026
13641745,40.80188,-72.8663955,35620,855 Montauk Hwy,Shirley,NY,2026-02-05,,2026-02-09,2026-09-21,2997.769230769231,,,,,0.774,open,1034341.0,CO,Shirley- William Floyd Pkwy,Mo-Su 05:00-22:00,,True,119.0,25.19,store:60442,2,1,1,0,2,81.0,80.0,0,0.667,0,0,23.44,0,0,63.03,0,1,0,2,0,5,0.22,low density,True,False,1886.0769230769233,17.055,1.5894204494473672,1.4769862210495457,Oct 2025–Jun 2026
13641746,38.6745425,-90.357039,41180,8603 Olive Blvd,Olivette,MO,2026-01-12,,2026-01-12,2026-09-21,1602.5384615384614,,,,,0.261,open,1038446.0,CO,Olive and Woodson Rd,Mo-Su 05:00-20:00,,True,105.0,15.26,store:70974,2,1,1,0,2,32.0,31.0,0,1.248,0,0,137.35,0,0,275.21,0,0,0,0,3,1,3.17,suburban,True,False,2642.6923076923076,26.17,0.6064037258041042,0.5831104317921283,Oct 2025–Jun 2026
13641747,32.906846,-96.128305,19100,8852 S State Hwy 34,Quinlan,TX,2025-12-02,,2025-12-08,2026-09-21,1842.5384615384617,,,,,0.276,open,8675900.0,CO,Hwy 34 & Hwy 276,Mo-Su 04:30-22:00,,True,122.5,15.04,store:86759,2,1,1,0,2,89.0,88.0,0,1.085,0,0,97.79,0,0,361.28,0,0,0,0,0,0,29.73,low density,True,False,2957.4615384615386,26.09,0.6230134991026608,0.5764660789574549,Oct 2025–Jun 2026
13641748,42.9596205,-88.0245715,33340,8925 Sura Lane,Greenfield,WI,2025-05-06,,2025-05-12,2026-09-21,3041.3846153846152,2094.846153846154,,45.18415158080269,,0.711,open,11119.0,CO,84 South,Mo-Su 05:00-20:00,,True,105.0,28.97,store:02456,2,1,1,0,2,22.0,21.0,0,0.658,0,2,7.07,0,2,7.07,0,0,2,1,8,3,1.56,suburban,True,False,2422.7307692307695,22.985,1.2553539394516675,1.26038720904938,Jan–Sep 2025
13641749,39.8548595,-86.008503,26900,9055 E 56th St,Indianapolis,IN,2026-02-05,,2026-02-09,2026-09-21,2144.3076923076924,,,,,0.315,open,8542900.0,CO,56th & Post,Mo-Su 05:00-21:00,,True,112.0,19.15,store:85429,2,1,1,0,2,50.0,49.0,0,0.933,0,0,153.24,0,0,229.21,0,0,0,1,1,2,1.33,low density,True,False,2899.1538461538457,26.285,0.7396322534426492,0.728552406315389,Oct 2025–Jun 2026
13641750,39.451211,-119.758362,39900,9343 Double R Blvd,Reno,NV,2026-01-12,,2026-01-12,2026-09-21,1502.3076923076924,,,,,0.277,open,8709200.0,CO,Prototype Drive & Double R,Mo-Fr 04:30-21:00; Sa-Su 05:00-21:00,,True,114.5,13.12,store:87092,2,1,1,0,2,73.0,72.0,0,1.331,0,0,180.8,0,0,180.8,0,0,3,0,10,1,3.15,urban core,True,False,2004.3076923076924,19.64,0.749539453484802,0.6680244399185336,Oct 2025–Jun 2026
13641751,37.9836485,-121.712407,41860,974 Laurel Rd,Oakley,CA,2025-11-03,,2025-11-03,2026-09-21,558.8461538461538,,,,,0.127,open,8676000.0,CO,Laurel & O'Hara,Mo-Su 04:30-21:00,,True,115.5,4.84,store:86760,2,1,1,0,2,82.0,81.0,0,3.579,0,0,52.93,0,0,66.25,0,0,0,0,6,0,11.07,suburban,True,False,1348.923076923077,12.07,0.414290602189781,0.4009942004971002,Oct 2025–Jun 2026
13641752,47.666903,-122.3766015,42660,999 Leary Way NW,Seattle,WA,2025-11-03,,2025-11-03,2026-09-21,266.9230769230769,,,,,0.01,open,1007089.0,CO,Ballard - 15th Ave & NW 53rd,Mo-Su 04:00-20:00,,True,112.0,2.38,store:19991,2,1,1,0,2,32.0,31.0,0,7.493,0,1,14.56,0,1,14.56,4,0,4,0,15,0,926.33,urban core,True,False,1612.2307692307695,14.84,0.16556133403311224,0.16037735849056603,Oct 2025–Jun 2026
13724335,37.7394175,-121.530739,44700,1102 N International Pkwy,Tracy,CA,2026-04-07,,2026-04-13,2026-09-21,2560.3076923076924,,,,,0.309,open,8606900.0,CO,Hwy 205 & International,Mo-Su 04:00-21:00,,True,119.0,21.52,store:86069,2,1,1,0,2,67.0,66.0,0,0.781,0,0,65.48,0,0,78.22,0,0,0,0,3,0,6.88,suburban,True,False,3049.6153846153848,26.22,0.8395510152604364,0.820747520976354,Oct 2025–Jun 2026
13724336,33.2670535,-96.5878725,19100,1210 Melissa Crossing Ct,Melissa,TX,2026-06-09,,2026-06-15,2026-09-21,3654.3846153846152,,,,,0.659,open,8762100.0,CO,Hwy 121 & Fannin,Mo-Su 05:00-21:00,,True,112.0,32.63,store:87621,2,1,1,0,2,77.0,76.0,0,0.547,0,0,51.03,0,0,325.59,0,0,0,0,1,0,8.96,low density,True,False,2957.4615384615386,26.09,1.2356490753504823,1.2506707550785743,Oct 2025–Jun 2026
13724338,41.1918325,-73.134336,14860,1260 Linden Ave,Stratford,CT,2026-05-02,,2026-05-04,2026-09-21,503.15384615384613,,,,,0.087,open,1052398.0,CO,Stratford- W Broad St & Linden,Mo-Fr 04:30-21:00; Sa-Su 05:00-21:00,,True,114.5,4.39,store:81147,2,1,1,0,2,54.0,53.0,0,3.975,0,0,27.82,0,0,34.97,1,2,1,4,3,13,0.15,suburban,True,False,1367.8076923076922,12.745000000000001,0.3678542305204848,0.3444488034523342,Oct 2025–Jun 2026
13724339,30.2880125,-81.487084,27260,12645 Beach Blvd,Jacksonville,FL,2026-05-02,,2026-05-04,2026-09-21,2010.3076923076924,,,,,0.37,open,1045401.0,CO,Beach Blvd & Kernan Blvd,Mo-Su 05:00-20:00,,True,105.0,19.15,store:80664,2,1,1,0,2,89.0,88.0,0,0.995,0,0,46.17,0,0,194.83,0,0,0,0,7,3,2.65,suburban,True,False,2558.461538461538,23.61,0.7857486470234517,0.8110969927996611,Oct 2025–Jun 2026
13724341,32.7638625,-96.8560095,19100,1350 N Hampton Rd,Dallas,TX,2026-03-02,,2026-03-02,2026-09-21,1877.8461538461536,,,,,0.283,open,1053679.0,CO,Fort Worth & Hampton,Mo-Su 05:00-18:00,,True,91.0,20.64,store:82527,2,1,1,0,2,24.0,23.0,0,1.065,0,0,30.14,0,0,385.18,0,0,1,0,3,0,5.8,suburban,True,False,2957.4615384615386,26.09,0.6349520118604831,0.7911077041011882,Oct 2025–Jun 2026
13724342,36.2978655,-119.8017695,25260,1395 W Bush St,Lemoore,CA,2026-06-09,,2026-06-15,2026-09-21,3547.5384615384614,,,,,0.8,open,1054874.0,CO,Bush & Acacia,Mo-Su 04:30-22:00,,True,122.5,28.96,store:83838,2,1,1,0,2,69.0,68.0,0,0.564,0,0,35.26,0,0,124.71,0,0,0,0,1,0,11.99,low density,True,False,2920.5384615384614,25.51,1.214686438222667,1.1352410819286554,Oct 2025–Jun 2026
13724343,27.063787,-82.1563595,35840,1475 Sun Market Pl,North Port,FL,2026-04-07,,2026-04-13,2026-09-21,1904.0,,,,,0.225,open,1053398.0,CO,Toledo Blade & Sun Garden,Mo-Su 05:00-20:00,,True,105.0,18.13,store:82181,2,1,1,0,2,29.0,28.0,0,1.05,0,0,29.76,0,0,91.69,0,0,0,0,0,0,5.22,low density,True,False,2461.769230769231,23.45,0.7734274911727025,0.7731343283582089,Oct 2025–Jun 2026
13724344,34.526435,-117.3999685,40140,15341 US Hwy 395,Adelanto,CA,2026-05-02,,2026-05-04,2026-09-21,5136.0,,,,,0.856,open,8591800.0,CO,Hwy 395 & Mojave,Mo-Su 04:30-21:30,,True,119.0,43.16,store:85918,2,1,1,0,2,66.0,65.0,0,0.389,0,0,84.09,0,0,112.01,0,0,0,0,1,0,8.61,low density,True,False,3127.1923076923076,24.89,1.642367815809217,1.7340297308155883,Oct 2025–Jun 2026
13724345,36.3635525,-94.1901735,22220,1702 SE 8th Street,Bentonville,AR,2026-05-02,,2026-05-04,2026-09-21,1249.4615384615386,,,,,0.091,open,8727900.0,CO,SE 8th St. Walmart Campus,Mo-Su 04:30-20:00,,True,108.5,11.52,store:87279,2,1,1,0,2,29.0,28.0,0,1.601,0,0,163.29,0,0,163.29,0,1,0,1,3,1,0.87,suburban,True,False,4119.153846153846,36.48,0.3033296606846067,0.31578947368421056,Oct 2025–Jun 2026
13724346,42.6493435,-71.6599505,14460,18 Main St,Townsend,MA,2026-04-07,,2026-04-13,2026-09-21,1667.6923076923076,,,,,0.668,open,1043878.0,CO,"Townsend, Main St",Mo-Su 05:00-21:00,,True,112.0,14.89,store:77838,2,1,1,0,2,82.0,81.0,0,1.199,0,0,20.34,0,0,20.34,0,1,0,1,0,2,0.31,low density,True,False,1574.6923076923076,14.28,1.0590591568560404,1.042717086834734,Oct 2025–Jun 2026
13724350,38.2193945,-104.6365535,39380,2173 W Pueblo Boulevard,Pueblo,CO,2025-12-15,,2025-12-15,2026-09-21,2699.846153846154,,,,,0.444,open,1042932.0,CO,Pueblo and Mirror,Mo-Su 05:00-20:00,,True,105.0,25.71,store:71879,2,1,1,0,2,4.0,3.0,0,0.741,0,0,416.6,0,0,799.05,0,0,0,0,2,0,10.16,low density,True,False,1888.3076923076924,17.57,1.429770246048558,1.4632896983494594,Oct 2025–Jun 2026
13724351,32.8029935,-116.9939595,41740,2201 Fletcher Pkwy,El Cajon,CA,2026-06-09,,2026-06-15,2026-09-21,2709.6153846153848,,,,,0.636,open,1054530.0,CO,Fletcher Pkwy & Westwind Dr,Mo-Su 04:30-20:00,,True,108.5,24.97,store:83384,1,0,1,0,1,35.0,34.0,0,0.369,0,0,18.39,0,0,165.53,1,0,2,0,16,1,2.71,urban core,True,False,2358.769230769231,20.77,1.1487411948865118,1.2022147327876744,Oct 2025–Jun 2026
13724352,39.627655,-119.9162095,39900,224 Silver Lake Rd,Reno,NV,2026-04-07,,2026-04-13,2026-09-21,1513.2307692307693,,,,,0.298,open,8709400.0,CO,US 395 & Red Rock,Mo-Su 05:00-21:00,,True,112.0,13.51,store:87094,2,1,1,0,2,59.0,58.0,0,1.322,0,0,164.8,0,0,164.8,0,0,0,0,0,0,11.06,low density,True,False,2004.3076923076924,19.64,0.7549892539146453,0.6878818737270875,Oct 2025–Jun 2026
13724354,30.9671305,-97.525541,28660,2405 Salado Center Dr,Salado,TX,2026-06-09,,2026-06-15,2026-09-21,3236.6153846153848,,,,,0.476,open,1054193.0,CO,I-35 & FM 2484,Mo-Su 04:30-21:00,,True,115.5,28.02,store:83048,2,1,1,0,2,36.0,35.0,0,0.618,0,0,165.96,0,0,593.95,0,0,0,0,0,0,16.96,low density,True,False,3869.769230769231,32.79,0.8363845985648121,0.8545288197621226,Oct 2025–Jun 2026
13724355,38.0036305,-121.8340915,41860,2410 Mahogany Way,Antioch,CA,2026-06-09,,2026-06-15,2026-09-21,1791.7692307692307,,,,,0.649,open,8559900.0,CO,Auto Center & Hwy 4,Mo-Su 04:30-20:00,,True,108.5,16.51,store:85599,1,1,0,0,1,6.0,5.0,0,0.558,0,0,44.29,0,0,57.32,1,1,1,1,6,1,0.31,suburban,True,False,1348.923076923077,12.07,1.3282960766423357,1.3678541839270921,Oct 2025–Jun 2026
13724356,38.069666,-84.4743575,30460,255 W New Circle Rd,Lexington,KY,2026-05-02,,2026-05-04,2026-09-21,2271.4615384615386,,,,,0.395,open,1045373.0,CO,255 W New Circle Rd,Mo-Su 05:00-21:00,,True,112.0,20.28,store:80597,2,1,1,0,2,22.0,21.0,0,0.88,0,0,114.1,0,0,239.61,0,0,0,1,11,1,1.43,urban core,True,False,3055.6923076923076,25.490000000000002,0.7433541435907765,0.7956061200470773,Oct 2025–Jun 2026
13724357,33.6886735,-95.5530925,37580,2610 N Main St,Paris,TX,2026-04-07,,2026-04-13,2026-09-21,623.2307692307693,,,,,0.5,open,8749400.0,CO,Hwy 271 & N Main St,Mo-Su 05:00-20:00,,True,105.0,5.94,store:87494,2,1,1,0,2,75.0,74.0,0,3.209,0,0,139.83,0,0,277.04,0,0,0,0,1,1,3.57,low density,True,False,3489.769230769231,30.21,0.17858796041175304,0.19662363455809334,Oct 2025–Jun 2026
13724358,40.7776475,-80.3852865,38300,2722 Darlington Rd,Beaver Falls,PA,2026-05-02,,2026-05-04,2026-09-21,5585.692307692308,,,,,0.888,open,8706600.0,CO,Chippewa Township,Mo-Th 04:30-21:00; Fr-Sa 04:30-22:00; Su 04:30-21:00,,True,117.5,47.54,store:87066,2,1,1,0,2,39.0,38.0,0,0.358,0,0,49.85,0,0,49.85,0,0,0,1,0,1,1.22,low density,True,False,2533.1923076923076,24.814999999999998,2.205001290557673,1.915776747934717,Oct 2025–Jun 2026
13724359,32.457077,-96.8344065,19100,2932 N US Hwy 77,Waxahachie,TX,2026-06-09,,2026-06-15,2026-09-21,5707.461538461538,,,,,0.866,open,1040194.0,CO,Hwy 77 & Butcher Rd,Mo-Su 04:30-21:30,,True,119.0,47.96,store:67571,2,1,1,0,2,30.0,30.0,0,0.35,0,0,51.48,0,0,418.28,0,0,0,0,2,0,16.44,low density,True,False,2957.4615384615386,26.09,1.9298514838608993,1.838252203909544,Oct 2025–Jun 2026
13724360,36.779158,-119.7630445,23420,3152 N Millbrook Ave,Fresno,CA,2026-05-02,,2026-05-04,2026-09-21,1907.7692307692307,,,,,0.329,open,1053702.0,CO,Shields & Millbrook,Mo-Su 05:00-21:00,,True,112.0,17.03,store:82586,1,1,0,0,1,69.0,68.0,0,0.524,0,2,5.07,0,0,101.48,0,0,1,0,16,0,35.7,urban core,True,False,2665.9615384615386,22.605,0.7156026834018611,0.7533731475337315,Oct 2025–Jun 2026
13724361,40.7877485,-73.127584,35620,3365 Veterans Memorial Hwy,Ronkonkoma,NY,2026-04-07,,2026-04-13,2026-09-21,2790.3076923076924,,,,,0.731,open,8904500.0,CO,Ronkonkoma- 3365 Veterans Mem,Mo-Su 05:00-21:00,,True,112.0,24.91,store:89045,1,1,0,0,1,82.0,81.0,0,0.358,0,0,18.32,0,0,45.45,0,0,0,1,4,8,1.52,suburban,True,False,1886.0769230769233,17.055,1.4794241200701495,1.4605687481676928,Oct 2025–Jun 2026
13724362,39.9067305,-83.4281215,18140,359 Lafayette St,London,OH,2026-05-02,,2026-05-04,2026-09-21,2996.769230769231,,,,,0.667,open,8569900.0,CO,London - Lafayette St,Mo-Su 04:30-20:30,,True,112.0,26.76,store:85699,2,1,1,0,2,43.0,42.0,0,0.667,0,0,36.75,0,0,201.47,0,0,0,0,0,0,25.38,low density,True,False,2587.8461538461543,23.485,1.1580167647583377,1.139450713221205,Oct 2025–Jun 2026
13724363,41.521511,-74.0265215,35620,31 N Plank Rd,Newburgh,NY,2026-04-07,,2026-04-13,2026-09-21,2776.769230769231,,,,,0.728,open,1045008.0,CO,"Newburgh, Mid Valley Mall",Mo-Su 05:00-21:00,,True,112.0,24.79,store:80012,2,1,1,0,2,34.0,33.0,0,0.72,0,0,34.75,0,0,48.45,0,2,0,2,2,7,0.72,low density,True,False,1886.0769230769233,17.055,1.4722460132958113,1.4535326883611843,Oct 2025–Jun 2026
13724364,30.374687,-97.62816,12420,4107 E Yager Ln,Austin,TX,2026-04-07,,2026-04-13,2026-09-21,1432.3076923076924,,,,,0.244,open,8627600.0,CO,E Parmer Ln & Innovar Cir,Mo-Su 05:00-21:00,,True,112.0,12.79,store:86276,2,1,1,0,2,84.0,83.0,0,1.396,0,0,230.42,0,0,660.34,0,0,0,0,1,1,2.47,low density,True,False,2812.3076923076924,24.259999999999998,0.5092997811816192,0.5272052761747733,Oct 2025–Jun 2026
13724365,34.095196,-84.013046,12060,4394 Buford Dr,Buford,GA,2026-06-09,,2026-06-15,2026-09-21,3350.6153846153848,,,,,0.703,open,1045273.0,CO,Hwy 20 & Buford Hwy,Mo-Su 05:00-21:00,,True,112.0,29.92,store:80438,2,1,1,0,2,77.0,76.0,0,0.597,1,1,2.94,1,1,2.94,0,1,0,1,4,3,0.26,suburban,True,False,2357.0384615384614,21.205,1.4215361519507859,1.4109879745343081,Oct 2025–Jun 2026
13724366,34.6285955,-82.6011715,24860,4498 SC-81 N,Anderson,SC,2026-05-02,,2026-05-04,2026-09-21,3800.923076923077,,,,,0.623,open,8537800.0,CO,I-85 & Hwy 81,Mo-Su 05:00-21:00,,True,112.0,33.94,store:85378,2,1,1,0,2,43.0,42.0,0,0.526,0,0,102.42,0,0,140.62,0,0,0,0,0,0,9.42,low density,True,False,3336.5384615384614,29.38,1.1391815561959655,1.155207624234173,Oct 2025–Jun 2026
13724367,33.699359,-116.1914505,40140,48151 Grapefruit Blvd,Coachella,CA,2026-04-07,,2026-04-13,2026-09-21,4189.692307692308,,,,,0.766,open,8737300.0,CO,Ave 48 & Dillon,Mo-Su 04:00-23:00,,True,133.0,31.5,store:87373,2,1,1,0,2,59.0,58.0,0,0.477,0,0,141.77,0,0,193.77,0,0,0,0,5,0,5.43,suburban,True,False,3127.1923076923076,24.89,1.339761644138881,1.2655685014061873,Oct 2025–Jun 2026
13724368,42.555055,-71.2637685,14460,490 Boston Rd,Billerica,MA,2026-06-09,,2026-06-15,2026-09-21,1825.8461538461536,,,,,0.73,open,1040092.0,CO,"490 Boston Rd, Billerica",Mo-Su 05:00-21:00,,True,112.0,16.3,store:66181,2,1,1,0,2,3.0,2.0,0,1.095,0,2,7.52,0,0,23.81,0,1,0,1,1,5,0.2,low density,True,False,1574.6923076923076,14.28,1.1594939182257826,1.1414565826330534,Oct 2025–Jun 2026
13724369,42.4070625,-88.612735,16980,500 S Division St,Harvard,IL,2026-06-09,,2026-06-15,2026-09-21,2597.3846153846152,,,,,0.621,open,1040366.0,CO,Harvard - US 14 & McGuire Rd,Mo-Su 05:00-21:00,,True,112.0,23.19,store:67487,1,1,0,0,1,17.0,16.0,0,0.385,0,0,54.3,0,0,54.3,0,0,0,0,0,0,18.16,low density,True,False,2219.6923076923076,20.33,1.1701552536734128,1.1406787998032466,Oct 2025–Jun 2026
13724370,41.8585915,-71.353726,39300,50 Narragansett Park Dr,Rumford,RI,2026-06-09,,2026-06-15,2026-09-21,2772.6153846153848,,,,,0.75,open,1044747.0,CO,"Newport Ave, Rumford",Mo-Su 05:00-20:00,,True,105.0,26.41,store:78974,2,1,1,0,2,32.0,31.0,0,0.721,0,0,56.48,0,0,56.48,0,2,0,2,3,22,0.29,suburban,True,False,1940.076923076923,17.32,1.4291265215495024,1.5248267898383372,Oct 2025–Jun 2026
13724371,39.869054,-76.226887,29540,55 Friendly Dr,Quarryville,PA,2026-05-02,,2026-05-04,2026-09-21,2568.230769230769,,,,,0.526,open,1052270.0,CO,"55 Friendly Dr. Buck, PA",Mo-Su 05:00-20:00,,True,105.0,24.46,store:81059,2,1,1,0,2,60.0,59.0,0,0.779,0,0,66.9,0,0,66.9,0,0,0,0,0,0,17.88,low density,True,False,2540.230769230769,24.19,1.0110226205977653,1.011161637040099,Oct 2025–Jun 2026
13724373,42.4264715,-71.688259,49340,830 Main St,Clinton,MA,2026-04-07,,2026-04-13,2026-09-21,1242.5384615384614,,,,,0.31,open,1055462.0,CO,"Clinton, Main St",Mo-Su 05:00-20:00,,True,105.0,11.83,store:84217,2,1,1,0,2,69.0,68.0,0,1.61,0,0,32.61,0,0,41.79,0,2,0,2,0,2,0.75,low density,True,False,1839.6153846153843,17.52,0.6754338281413339,0.6752283105022832,Oct 2025–Jun 2026
13724374,39.1600315,-76.519027,12580,8457 Fort Smallwood Rd,Pasadena,MD,2026-06-09,,2026-06-15,2026-09-21,2468.3076923076924,,,,,0.689,open,1054634.0,CO,8457 Ft Smallwood Rd_Riviera B,Mo-Su 05:00-21:00,,True,112.0,22.04,store:83438,2,1,1,0,2,60.0,59.0,0,0.81,0,0,16.51,0,0,16.51,0,1,0,1,2,3,0.08,low density,True,False,1703.2307692307693,15.52,1.4491915816096106,1.4201030927835052,Oct 2025–Jun 2026
13724375,34.2350775,-118.4398695,31080,9080 Woodman Ave,Arleta,CA,2026-05-02,,2026-05-04,2026-09-21,3025.3846153846152,,,,,0.783,open,1039744.0,CO,Woodman & Nordhoff,Mo-Su 04:30-23:00,,True,129.5,23.36,store:69870,2,1,1,0,2,24.0,23.0,0,0.661,0,0,31.43,0,0,47.17,1,0,2,0,16,2,3.79,urban core,True,False,1957.0769230769229,16.145,1.5458690354531877,1.4468875812945183,Oct 2025–Jun 2026
13724376,27.3173255,-80.3796345,38940,920 SW St Lucie Blvd,Port Saint Lucie,FL,2026-06-09,,2026-06-15,2026-09-21,3699.923076923077,,,,,0.769,open,1052940.0,CO,St Lucie West & SW Cashmere Bl,Mo-Su 05:00-21:00,,True,112.0,33.04,store:81616,2,1,1,0,2,35.0,34.0,0,0.541,0,1,5.36,0,1,5.36,0,1,0,1,1,3,0.49,low density,True,False,2887.923076923077,25.79,1.2811709240071385,1.2811167119038387,Oct 2025–Jun 2026
13803523,30.1304795,-95.2381555,26420,11805 N Grand Pkwy E,New Caney,TX,2026-06-09,,2026-06-15,2026-09-21,5286.692307692308,,,,,0.817,open,1054683.0,CO,Grand Parkway & Valley Ranch,Mo-Th 04:00-22:00; Fr 04:00-22:30; Sa 04:30-22:30; Su 05:00-22:00,,True,125.5,42.13,store:83481,2,1,1,0,2,89.0,88.0,0,0.378,0,0,351.05,0,0,668.86,2,0,2,0,4,0,6.84,suburban,True,False,2764.3846153846152,24.21,1.912430085983805,1.7401900041305247,Oct 2025–Jun 2026
13803527,34.9348865,-120.418735,42200,1425 S Bradley Rd,Santa Maria,CA,2026-06-09,,2026-06-15,2026-09-21,3529.4615384615386,,,,,0.912,open,1040032.0,CO,S Bradley Rd & Columbia Dr,Mo-Su 04:30-22:00,,True,122.5,28.81,store:71116,2,1,1,0,2,78.0,77.0,0,0.567,0,0,87.23,0,0,87.23,0,0,3,1,8,1,1.55,suburban,True,False,1960.5384615384614,16.865000000000002,1.8002511084082082,1.708271568336792,Oct 2025–Jun 2026
13803529,41.5944315,-93.7366205,19780,1450 22nd St,West Des Moines,IA,2026-05-02,,2026-05-04,2026-09-21,3052.923076923077,,,,,0.482,open,1052812.0,CO,22nd & I-235,Mo-Su 04:30-20:00,,True,108.5,28.14,store:81581,2,1,1,0,2,68.0,67.0,0,0.655,0,1,9.32,0,0,415.19,0,0,5,0,11,1,2.03,urban core,True,False,3211.0384615384614,30.485,0.9507588007713776,0.9230769230769231,Oct 2025–Jun 2026
13803531,34.0771215,-118.1435375,31080,1800 W Valley Blvd,Alhambra,CA,2026-05-02,,2026-05-04,2026-09-21,1959.1538461538464,,,,,0.513,open,1044876.0,CO,Valley & Campbell,Mo-Su 04:30-22:00,,True,122.5,15.99,store:79870,2,1,1,0,2,45.0,44.0,0,1.021,1,1,2.5,0,0,30.12,2,0,3,0,12,0,5.59,urban core,True,False,1957.0769230769229,16.145,1.00106123732411,0.9903995044905544,Oct 2025–Jun 2026
13803533,45.5862885,-122.471419,38900,19640 SE Brady Rd,Camas,WA,2026-04-07,,2026-04-13,2026-09-21,1226.6153846153843,,,,,0.301,open,1053002.0,CO,192nd & Hwy 14,Mo-Su 04:30-21:00,,True,115.5,10.62,store:81797,2,1,1,0,2,89.0,88.0,0,1.631,0,3,8.97,0,2,8.97,0,0,2,0,7,0,705.7,suburban,True,False,1589.076923076923,14.38,0.771904346984219,0.7385257301808066,Oct 2025–Jun 2026
13803537,34.281421,-119.3010945,37100,21 W Main St,Ventura,CA,2026-06-09,,2026-06-15,2026-09-21,2843.5384615384614,,,,,0.587,open,1054403.0,CO,Main & Ventura,Mo-Su 05:00-21:00,,True,112.0,25.39,store:83163,2,1,1,0,2,16.0,15.0,0,0.703,0,0,39.61,0,0,39.61,2,0,2,0,5,0,25.07,suburban,True,False,2606.153846153846,25.13,1.091086186540732,1.0103461997612415,Oct 2025–Jun 2026
13803541,41.6362645,-83.4808255,45780,2830 Navarre Ave,Oregon,OH,2026-05-02,,2026-05-04,2026-09-21,2945.4615384615386,,,,,0.556,open,8744500.0,CO,Navarre & Isaac,Mo-Fr 05:00-21:00; Sa-Su 05:30-21:00,,True,111.0,26.54,store:87445,2,1,1,0,2,36.0,35.0,0,0.679,0,0,54.53,0,0,84.0,1,1,1,1,2,1,0.71,low density,True,False,2924.9615384615386,26.125,1.007008639166853,1.0158851674641147,Oct 2025–Jun 2026
13803542,33.739754,-112.3236905,38060,28379 N El Mirage Rd,Peoria,AZ,2025-12-15,,2025-12-29,2026-09-21,927.6153846153846,,,,,0.141,open,1039510.0,CO,Vistancia & El Mirage,Mo-Su 04:00-21:00,,True,119.0,7.8,store:67658,2,1,1,0,2,75.0,74.0,0,2.156,0,0,44.29,0,0,44.29,1,0,1,0,1,0,5.6,low density,True,False,2914.6923076923076,24.67,0.31825499458974427,0.3161734900689096,Oct 2025–Jun 2026
13803545,46.1473145,-122.9636165,31020,3061 Ocean Beach Hwy,Longview,WA,2026-04-07,,2026-04-13,2026-09-21,5049.846153846154,,,,,0.636,open,8576900.0,CO,Ocean Beach Hwy & Michigan St,Mo-Su 04:00-20:00,,True,112.0,45.09,store:85769,2,1,1,0,2,53.0,52.0,0,0.396,0,0,74.3,0,0,74.3,2,0,2,0,6,0,776.67,suburban,True,False,2130.4615384615386,22.19,2.370306181398036,2.03199639477242,Oct 2025–Jun 2026
13803548,39.516785,-119.8259735,39900,392 Booth St,Reno,NV,2026-06-09,,2026-06-15,2026-09-21,1231.4615384615386,,,,,0.234,open,8749100.0,CO,Keystone Ave & Booth Street,Mo-Su 04:30-21:00,,True,115.5,10.66,store:87491,2,1,1,0,2,19.0,18.0,0,1.624,0,0,173.88,0,0,173.88,0,0,6,0,16,1,4.13,urban core,True,False,2004.3076923076924,19.64,0.6144074301504452,0.5427698574338086,Oct 2025–Jun 2026
13803550,32.925744,-96.8400435,19100,4169 Lyndon B Johnson Fwy,Farmers Branch,TX,2026-05-02,,2026-05-04,2026-09-21,2500.076923076923,,,,,0.439,open,1053892.0,CO,Midway Rd & 635,Mo-Su 05:00-22:00,,True,119.0,21.01,store:82778,2,1,1,0,2,60.0,59.0,0,0.8,0,0,32.9,0,0,367.25,0,0,2,0,16,1,3.44,urban core,True,False,2957.4615384615386,26.09,0.8453455406143521,0.8052893829053278,Oct 2025–Jun 2026
13803551,42.9918735,-78.8030685,15380,4340 Maple Rd,Amherst,NY,2026-06-09,,2026-06-15,2026-09-21,526.6923076923077,,,,,0.156,open,1044169.0,CO,Maple and Sweet Home,Mo-Su 05:00-20:00,,True,105.0,5.02,store:78429,2,1,1,0,2,33.0,32.0,0,3.797,0,0,299.91,0,0,300.46,0,0,5,1,6,4,1.49,suburban,True,False,2239.076923076923,20.54,0.2352274288855298,0.24440116845180135,Oct 2025–Jun 2026
13803552,38.953522,-94.522695,28140,5740 E Bannister Rd,Kansas City,MO,2026-04-07,,2026-04-13,2026-09-21,2966.230769230769,,,,,0.495,open,1037900.0,CO,Bannister & Hillcrest,Mo-Su 04:30-20:00,,True,108.5,27.34,store:69009,2,1,1,0,2,77.0,76.0,0,0.674,0,0,302.55,0,0,337.18,1,0,1,0,1,0,6.31,low density,True,False,3519.3846153846152,32.21,0.8428265431019408,0.8488047190313567,Oct 2025–Jun 2026
13803559,42.1993735,-88.057149,16980,97 Roman Lane,Hawthorn Woods,IL,2026-04-07,,2026-04-13,2026-09-21,1748.0,,,,,0.391,open,8655300.0,CO,Quentin and IL-22,Mo-Su 05:00-20:00,,True,105.0,16.65,store:86553,2,1,1,0,2,27.0,26.0,0,1.144,0,0,28.36,0,0,49.66,1,0,1,0,5,2,3.1,suburban,True,False,2219.6923076923076,20.33,0.7874965345162185,0.8189867191342843,Oct 2025–Jun 2026
13803560,44.950513,-92.905271,33460,9947 Hudson Blvd N,Lake Elmo,MN,2026-05-02,,2026-05-04,2026-09-21,1702.2307692307693,,,,,0.471,open,8621900.0,CO,I-94 and Keats,Mo-Su 05:00-20:00,,True,105.0,16.21,store:86219,2,1,1,0,2,23.0,22.0,0,1.175,0,0,35.66,0,0,267.31,0,0,2,0,6,0,5.9,suburban,True,False,1973.3846153846157,17.76,0.8625945271692522,0.9127252252252251,Oct 2025–Jun 2026
