placekey,density,closed_wave,max_neighbour_overlap
11883801,59,False,0.06574500768049155
11883813,53,False,0.33526168285825747
11883846,5,False,0.4762653877236782
11883848,6,False,0.0
11883855,3,False,0.3487425781616912
11883856,78,False,0.11021313142088292
11883868,32,False,0.2216062935648591
11883871,98,False,0.15534404689533413
11883872,302,False,0.03903534195060503
11883876,19,False,0.06201450857032805
11883877,3,True,0.3676306733629676
11883880,243,False,0.15575396825396826
11883881,196,False,0.37708653182347424
11883887,49,False,0.09643554959713027
11883888,44,False,0.15630737298250827
11883889,60,False,0.33041981700040335
11883891,7,False,0.0
11883892,7,False,0.16079774210736547
11883896,40,False,0.35194644034341527
11883897,31,False,0.11377154186365716
11883898,21,False,0.20598136220041702
11883899,266,False,0.14366580708897012
11883902,36,False,0.07886710239651416
11883903,140,False,0.4222851798818493
11883904,303,False,0.17038777908343125
11883905,7,False,0.0
11883906,67,False,0.220476377441626
11883908,1,False,0.0
11883911,17,False,0.4045238933256247
11883912,5,False,0.3346524857778877
11883913,11,False,0.5271543953596236
11883914,1,False,0.27830939271758465
11883915,90,False,0.23100825905634148
11883916,34,False,0.08116746572461939
11883917,68,False,0.15985467881812793
11883918,83,False,0.15675363156753633
11883919,142,False,0.12431230684565037
11883920,0,False,0.0
11883925,299,True,0.06308117617491832
11883926,46,True,0.15474568597232094
11883927,153,False,0.07201507605330462
11883928,26,False,0.41223920466706465
11883929,10,False,0.2951153530573451
11883930,89,False,0.1489813887117831
11883931,11,False,0.2947218879382416
11883932,208,False,0.05414589941096511
11883933,13,False,0.19569313593539703
11883934,5,False,0.18361128403394383
11883936,13,False,0.1745110745655948
11883937,112,False,0.157199264479294
11883939,231,False,0.1038685629427548
11883940,43,False,0.19492239559681815
11883941,22,False,0.08172185262833025
11883942,1,False,0.0
11883943,36,False,0.2492061185674131
11883944,9,False,0.30775092664923037
11883947,11,False,0.2516318792321445
11883948,32,False,0.8140123804164322
11883949,52,False,0.2280213796933954
11883950,3,False,0.2478316458849033
11883955,10,False,0.0
11883956,83,False,0.13559069937732615
11883959,49,False,0.19222379436063872
11883960,0,False,0.0
11883961,30,False,0.11689802734578855
11883964,32,False,0.1295219130229677
11883965,90,False,0.1891507280788869
11883967,10,False,0.2838433280069409
11883968,24,False,0.17905969641607433
11883969,63,False,0.18845948506825708
11883971,43,False,0.4456667176787706
11883972,30,False,0.36788535440200554
11883973,63,False,0.23426364077849693
11883976,2,False,0.0
11883977,20,False,0.030021501886486265
11883978,134,False,0.09226443345794295
11883979,8,False,0.1358090976882923
11883980,47,False,0.2632161442640906
11883983,31,False,0.11783049337342688
11883984,9,False,0.14803370848144146
11883985,3,False,0.243357864345464
11883986,62,False,0.11352092228716605
11883987,0,False,0.0
11883988,4,False,0.36030971276437657
11883990,46,False,0.2876347944067554
11883991,101,False,0.03972653362897265
11883995,18,True,0.0941724521141348
11883996,56,True,0.014927718416090509
11883997,31,False,0.18637678858201115
11883999,32,False,0.08922612840141766
11884000,38,False,0.16586056994550039
11884001,15,False,0.0
11884002,54,False,0.057856673241288625
11884003,25,False,0.34036419693291653
11884004,42,False,0.3312040567945481
11884005,67,True,0.1310541026110062
11884007,16,False,0.02015655577299413
11884008,0,False,0.0
11884009,14,False,0.20316044212226855
11884011,2,False,0.29089673194194926
11884014,10,False,0.39998578237513605
11884015,46,False,0.2255985836527882
11884016,3,False,0.07071014934471198
11884017,63,False,0.2445168559969424
11884018,114,True,0.14397683182733576
11884019,11,False,0.0
11884020,5,False,0.0
11884021,0,False,0.0
11884022,12,False,0.21757961326226574
11884023,96,False,0.13896279580559087
11884024,54,False,0.14026189782515386
11884027,8,False,0.0
11884028,59,False,0.11844304540249853
11884029,3,False,0.24073193693560885
11884030,10,False,0.3033579965850882
11884031,30,False,0.4249060923543537
11884032,43,False,0.1814766417519212
11884033,37,True,0.07359773961266824
11884034,0,False,0.0
11884048,37,False,0.005578800557880056
11884049,7,False,0.16079774210736547
11884050,4,False,0.0
11884053,66,False,0.16254464910305833
11884054,7,False,0.2831127574423244
11884055,17,False,0.01339770669885335
11884056,19,False,0.1746757924564707
11884057,27,False,0.15054071247202624
11884058,0,False,0.0
11884059,14,False,0.21844892453195583
11884062,9,False,0.2513670804114737
11884063,133,False,0.18689427868453273
11884064,0,False,0.0
11884065,24,False,0.2221032234141625
11884066,0,False,0.0
11884068,70,False,0.21703932151117966
11884069,3,False,0.0
11884070,2,False,0.35642049696665007
11884071,27,False,0.31063822905613914
11884072,7,False,0.2014589174518553
11884073,1,False,0.0
11884074,29,False,0.18947646532802212
11884075,46,False,0.12982768865121808
11884076,0,False,0.0
11884077,28,False,0.14785745624725782
11884078,0,False,0.0
11884080,5,False,0.18745785569790965
11884081,1,False,0.0
11884082,0,False,0.0
11884083,18,False,0.11883673792273776
11884084,54,False,0.19844790172784404
11884086,3,False,0.3421508309833794
11884087,13,False,0.02338070955842465
11884088,29,False,0.12009316707395633
11884089,11,False,0.2806817579181938
11884090,9,False,0.0
11884091,24,True,0.2453134117158784
11884092,19,False,0.24807598376339055
11884093,121,False,0.18823135061119378
11884094,106,False,0.22680886974155579
11884095,20,False,0.2424008139829326
11884096,0,False,0.0
11884100,56,False,0.22265361647998305
11884101,7,False,0.0
11884106,23,False,0.31929052196516683
11884107,17,False,0.16835603106781694
11884108,6,False,0.37816039800775075
11884109,9,False,0.32854020743884105
11884110,3,False,0.0
11884111,1,False,0.0
11884112,2,False,0.16836594332568502
11884113,100,False,0.2683463679623295
11884114,11,False,0.7753512389675699
11884115,0,False,0.0
11884116,10,False,0.2252565350916994
11884118,1,False,0.0
11884119,1,False,0.6105179463924396
11884120,1,False,0.6899917629503494
11884122,3,False,0.3883114151587738
11884123,0,False,0.0
11884124,5,True,0.6618405377219686
11884125,11,False,0.2842877832868513
11884126,1,False,0.4162628536961219
11884127,10,False,0.0
11884129,49,False,0.12749590218413712
11884132,22,False,0.3487111722092646
11884133,0,False,0.0
11884134,62,True,0.18107370561181185
11884135,1,False,0.0
11884136,15,False,0.013664402280003122
11884137,5,False,0.22510021766796232
11884138,6,False,0.20104063956761625
11884139,2,False,0.19748594111809462
11884140,7,False,0.49033286488327865
11884141,5,False,0.0
11884144,8,False,0.3008519580469774
11884145,0,False,0.0
11884146,1,False,0.0
11884147,1,False,0.5657744615752036
11884148,33,False,0.24420483709055935
11884149,4,False,0.0
11884150,12,False,0.0
11884151,49,False,0.1597143320889466
11884152,127,False,0.09257590571924146
11884153,25,False,0.23911629588095198
11884154,5,False,0.0
11884155,1,False,0.0
11884156,0,False,0.0
11884159,163,False,0.014663408131526327
11884160,59,False,0.26099570616223744
11884161,107,False,0.10131826741996233
11884162,4,False,0.0
11884163,25,False,0.3614661926668357
11884164,307,True,0.11446474878135955
11884170,0,False,0.0
11884171,68,False,0.20533369835140663
11884172,15,False,0.28511122236904773
11884173,119,False,0.23487572744651944
11884174,0,False,0.0
11884175,73,False,0.15393729381045843
11884177,119,True,0.03400503778337532
11884178,169,False,0.17620187078529476
11884180,15,False,0.272105862270499
11884181,2,False,0.3335512924409752
11884182,8,False,0.03545074172689235
11884183,55,False,0.23170647282796816
11884184,0,False,0.0
11884185,44,False,0.2102038210055161
11884186,7,False,0.3457313465340098
11884187,24,False,0.24253595031636896
11884188,12,False,0.12469244842596681
11884189,20,False,0.22372729100855748
11884190,23,False,0.1044238922629441
11884191,17,False,0.07044334975369458
11884192,0,False,0.0
11884193,5,False,0.23795396549443518
11884194,29,False,0.20466019623409756
11884195,0,False,0.0
11884196,2,False,0.0
11884197,15,False,0.0
11884198,8,False,0.0
11884199,26,False,0.22897876234210135
11884200,21,False,0.22629010952852857
11884201,16,False,0.1696153801656717
11884202,17,False,0.6066921220745224
11884203,58,True,0.11591255385126548
11884207,15,False,0.0
11884208,9,False,0.1730425455845549
11884209,134,False,0.25071302831801484
11884210,13,False,0.27338001528072325
11884211,7,False,0.0
11884212,86,False,0.1528987392038875
11884214,20,False,0.06210317103440833
11884215,22,False,0.1849749611448423
11884216,18,False,0.17182985721580468
11884218,8,False,0.41233804679707386
11884220,4,False,0.0
11884221,3,False,0.17927764326069412
11884222,140,False,0.21651480378208166
11884226,185,True,0.41589648798521256
11884227,16,False,0.0
11884229,3,False,0.0
11884230,6,False,0.2053549503875767
11884231,214,False,0.051118684249518445
11884232,0,False,0.0
11884233,0,False,0.0
11884234,13,False,0.12240262471607638
11884235,6,False,0.19674688669194126
11884236,66,False,0.009897927621404269
11884237,24,False,0.04761120263591433
11884238,2,False,0.5598079907733398
11884239,2,False,0.0
11884240,22,False,0.12185427185451177
11884241,4,False,0.34001797418034435
11884242,9,False,0.19234090193744469
11884243,1,False,0.33614567663382633
11884244,1,False,0.4136049336668438
11884245,24,False,0.029271148404722412
11884246,23,False,0.49270396906601105
11884247,7,False,0.3398380236606813
11884248,3,False,0.02463235294117647
11884249,33,False,0.17317629626013264
11884250,22,False,0.19714531964517618
11884255,9,False,0.20073585503329588
11884256,3,False,0.22485032271804725
11884257,11,False,0.19680806273958196
11884258,24,False,0.12139957471486565
11884259,55,False,0.09586535895115954
11884260,5,False,0.24939458976136192
11884271,12,False,0.05647569915829487
11884272,28,False,0.05041827866352552
11884273,12,True,0.26859387146055513
11884274,3,False,0.3361502236886709
11884275,28,False,0.12521859725500425
11884276,6,False,0.0
11884277,9,False,0.3830005008557511
11884278,2,False,0.0
11884279,85,False,0.21666190375048097
11884280,0,False,0.0
11884281,49,False,0.26882773921978087
11884282,165,False,0.0
11884283,23,False,0.13251616092896734
11884287,19,False,0.06835257467472972
11884288,0,False,0.0
11884289,14,False,0.35551304003724254
11884290,43,False,0.10967731591351507
11884291,3,False,0.0
11884292,5,False,0.08201558176086152
11884293,0,False,0.0
11884294,40,False,0.19381390943209567
11884299,0,False,0.0
11884300,2,False,0.0
11884301,6,False,0.0
11884303,7,False,0.0
11884304,55,True,0.07080880074372482
11884305,21,False,0.3306117729537682
11884306,20,False,0.20615228395263235
11884307,15,False,0.19094880001370299
11884308,18,False,0.5668762575361552
11884309,0,False,0.0
11884310,44,False,0.19637617331985047
11884311,11,False,0.12755474887277893
11884312,104,False,0.09262927740409649
11884320,0,False,0.0
11884321,9,False,0.0
11884322,9,False,0.0
11884323,19,False,0.1948449735436947
11884324,0,False,0.0
11884326,0,False,0.0
11884327,13,False,0.03609375
11884328,7,True,0.0
11884329,1,False,0.0
11884330,13,False,0.2836816799136493
11884331,6,False,0.38248743233585275
11884333,30,False,0.17061265577169707
11884334,14,False,0.264592215758914
11884335,16,False,0.395300555607851
11884336,19,False,0.3180814570336737
11884337,65,False,0.04081632653061225
11884338,44,False,0.10462573591253153
11884341,29,False,0.031038919266645225
11884342,6,False,0.2592527279268854
11884343,145,False,0.12521588946459414
11884344,55,False,0.03590541986961176
11884345,7,False,0.15815752900257
11884346,18,False,0.015550009598771357
11884347,9,False,0.0
11884348,5,False,0.2667431060457
11884355,1,False,0.25776540902111345
11884356,1,False,0.0
11884357,302,False,0.1755622814395113
11884359,18,False,0.04412309974045235
11884360,62,True,0.04155614500442087
11884361,58,False,0.07208387942332896
11884362,13,False,0.19154245088232957
11884363,6,False,0.4555110745386018
11884364,24,False,0.23158241816753006
11884367,65,False,0.13606076467914896
11884368,5,False,0.11895981087470449
11884370,1,False,0.3424457303800747
11884371,6,False,0.1485782939527433
11884372,53,False,0.0
11884374,18,False,0.46681429257275747
11884375,7,False,0.27490662464111065
11884377,0,False,0.0
11884378,9,False,0.37459315963973217
11884379,3,False,0.0
11884380,23,False,0.0
11884381,304,True,0.1840480091447156
11884382,15,False,0.039479537366548044
11884383,0,False,0.0
11884386,7,False,0.0
11884387,26,False,0.013268849206349206
11884388,25,False,0.21210888704318778
11884405,59,False,0.16255470518757253
11884406,84,False,0.11803139048496489
11884408,5,False,0.13524734360706495
11884409,42,False,0.22678562891942827
11884412,119,False,0.001960592098813842
11884414,6,False,0.0
11884415,13,False,0.3974799559824232
11884416,18,False,0.26333581999012745
11884417,17,False,0.15314571615122521
11884418,4,False,0.0
11884419,144,False,0.06355796870009582
11884420,14,False,0.304631610823711
11884422,9,False,0.07963816956367506
11884423,15,False,0.16590472404425893
11884424,0,False,0.0
11884425,304,True,0.14297417977091828
11884426,289,False,0.09678617591864955
11884427,16,False,0.18650942687598587
11884428,3,False,0.17985209845674963
11884429,14,False,0.15717041144617958
11884430,4,False,0.0
11884433,90,False,0.16267748741228896
11884434,8,False,0.23082452918726235
11884436,12,False,0.4538610799480929
11884437,126,False,0.3262588533025453
11884438,2,False,0.24560508603105763
11884439,14,False,0.0
11884440,5,False,0.1576579278900954
11884441,19,False,0.16647056234007362
11884442,13,False,0.2887942467745649
11884443,7,False,0.17342702012136696
11884444,37,False,0.365571664525601
11884445,12,False,0.04357090927323322
11884447,32,False,0.030762687836688403
11884458,55,True,0.08898224174145503
11884459,15,False,0.379874716943491
11884460,0,False,0.0
11884462,7,False,0.4353298863022075
11884463,6,False,0.14725100761938764
11884464,1,False,0.0
11884470,61,True,0.5429938460897004
11884471,30,False,0.17289464090411957
11884472,0,False,0.0
11884473,40,False,0.737771007531102
11884475,0,False,0.0
11884476,4,False,0.19320532649396194
11884477,7,False,0.39862919425588067
11884478,1,False,0.40960084040767264
11884479,0,False,0.0
11884482,0,False,0.0
11884484,15,False,0.0
11884487,40,False,0.11548432264096808
11884493,83,True,0.21393772505825037
11884495,4,False,0.25741786704350067
11884496,90,False,0.1065636087176888
11884498,16,False,0.2731363906710751
11884499,0,False,0.0
11884500,27,False,0.14932128605109063
11884501,0,False,0.0
11884502,14,False,0.02538115801533445
11884503,1,False,0.0
11884504,20,False,0.0
11884505,3,False,0.4826701858157987
11884506,302,True,0.14620431115276475
11884507,18,True,0.3807341541918204
11884508,45,False,0.24474758863321192
11884509,21,False,0.19473110841283636
11884510,22,False,0.24618352853759712
11884511,8,False,0.29428519521393354
11884512,11,True,0.2077493131113908
11884514,212,False,0.0743459439111613
11884515,12,False,0.2613364374930925
11884536,1,False,0.6358909575401552
11884561,1,False,0.0
11884566,2,False,0.5181961148496568
11884579,53,False,0.054209183673469385
11884621,301,True,0.18462322368793524
11884647,48,False,0.25853480617059743
11884649,0,False,0.0
11884653,6,False,0.0
11884654,4,False,0.0
11884655,48,False,0.16799489958559133
11884656,1,False,0.5598441402214988
11884657,302,False,0.122519285780485
11884659,29,False,0.172486518753293
11884660,47,False,0.1443675038790802
11884661,37,False,0.0
11884662,20,False,0.2511571117257078
11884663,50,False,0.27670506169125003
11884664,9,False,0.38200554887692406
11884665,43,False,0.15005229110365345
11884666,4,False,0.24129346802649718
11884667,95,False,0.0790486570837925
11884668,53,False,0.11040971403499115
11884669,28,False,0.2583563718261907
11884671,14,False,0.15233656518967514
11884673,58,False,0.008875522628915132
11884674,3,False,0.0
11884675,46,False,0.17858719595852196
11884676,19,False,0.1783840503672613
11884677,1,False,0.5770647752286965
11884678,0,False,0.0
11884680,0,False,0.0
11884681,24,False,0.19027733496479995
11884682,56,False,0.3886685573513676
11884683,11,False,0.0
11884684,7,False,0.4379671783775849
12134493,31,False,0.6906864706792579
12134495,302,False,0.20358070007523535
12195644,19,False,0.7210797638238228
12195646,50,False,0.40090613746470666
12195648,10,False,0.19953397105714987
12195649,46,False,0.8994094523471569
12195650,46,False,0.7045322486926205
12195651,50,False,0.40090613746470666
12195652,25,False,0.6599231869638024
12195653,16,False,0.4412656185825912
12195654,127,False,0.4195418007053207
12195655,54,True,0.24801002446900028
12195656,19,False,0.1986070146345172
12195659,8,False,0.6185077796970755
12195664,20,False,0.7097293472082042
12195677,11,False,0.2905101125367136
12195681,123,False,0.2113994477633897
12195682,7,False,0.4870731559487725
12195683,122,False,0.16275303097733004
12195684,200,False,0.10995919342566061
12195685,116,False,0.36249973178221295
12195686,26,False,0.8407705644091379
12195687,70,False,0.2839599225186814
12195688,28,False,0.21053668371039583
12195689,74,False,0.21986669135345308
12195690,11,False,0.601489191341864
12195691,13,False,0.599505363403176
12195692,5,False,0.5779861211839437
12195693,7,False,0.4663460076921432
12195694,19,False,0.17347163981461047
12195695,59,False,0.498593415814338
12195696,15,False,0.25624711003461514
12195697,22,False,0.0
12195698,33,False,0.46415981378306964
12195699,25,False,0.1355281207133059
12195700,78,False,0.14390088945362134
12195702,45,False,0.16913228253268062
12195703,28,False,0.29697697554945746
12195704,18,False,0.22564965848184051
12195705,32,False,0.34325448662724756
12195706,44,False,0.2607912133125998
12195708,55,False,0.11655728356770564
12195709,150,False,0.5404668546000657
12195710,27,False,0.20004683248889693
12195711,7,False,0.470582565986106
12195712,8,False,0.1352969804357978
12195713,68,False,0.10828165246839563
12195714,12,False,0.3617294731051715
12195715,70,False,0.22843133656022213
12195718,154,False,0.1454579260162765
12195719,10,False,0.23084885552429707
12195720,123,False,0.20355139625567967
12195721,18,False,0.5169490577347537
12195722,43,False,0.39244162974723246
12195723,45,False,0.40915083166956084
12195724,44,False,0.7792640084349977
12195725,36,False,0.051728219696969696
12195726,13,False,0.3306576385042789
12195727,110,False,0.08832503950047316
12195728,65,False,0.8806146530006478
12195729,4,False,0.5977771961186589
12195730,19,False,0.4213434133463623
12195732,21,False,0.11193550571143931
12195733,11,False,0.06186160264710114
12195734,48,False,0.7975122511384832
12195735,4,False,0.2123062883633423
12195736,29,False,0.19888691444492562
12195737,10,False,0.19866478799234258
12195738,57,False,0.1942103519515264
12195739,24,False,0.7131664138447209
12195740,56,False,0.17646486598732
12195741,21,False,0.20527951650707704
12195742,32,False,0.5767284239179692
12195743,55,False,0.28860183609155243
12195744,34,False,0.5409919937725929
12195745,9,False,0.6915815243621763
12195746,47,False,0.9151725810337586
12195749,1,False,0.1822868913450527
12195757,45,False,0.19713630125991982
12195758,45,False,0.8908705412821153
12195759,70,False,0.4976884725950186
12195760,45,False,0.799398382841004
12195761,46,False,0.09587495971640347
12195762,108,False,0.44291557465121806
12195763,69,False,0.0069509674995303404
12195764,118,False,0.08117962257992468
12195765,14,False,0.05704837687310545
12195766,13,False,0.2801684919140184
12195767,13,False,0.1233707288546853
12195768,6,False,0.5718846669646849
12195769,4,False,0.25020717596675773
12195770,42,False,0.5515919718114226
12195771,21,False,0.15827430348901517
12195772,20,False,0.4311624172829895
12195773,15,False,0.10916341577731078
12195774,9,False,0.37890886029355125
12195775,36,False,0.21120661902405605
12195776,14,False,0.16199106345475991
12195777,2,False,0.5824883330555947
12195778,5,False,0.6591639555248356
12195779,51,False,0.28624119652054236
12195780,0,False,0.0
12195782,298,False,0.09292035398230089
12195783,39,False,0.13091740124061377
12195784,90,False,0.11298774456533792
12195785,28,False,0.5477428442168399
12195786,55,False,0.788134175665358
12195788,52,False,0.5561612672933695
12195789,71,True,0.18993621545003544
12195790,9,False,0.48101469265288244
12195791,36,False,0.1816242812962591
12195792,4,False,0.7450201562450265
12195793,2,False,0.08652361429103882
12195794,11,False,0.17752039780088946
12195795,5,False,0.0
12195796,22,False,0.2089147670002454
12195797,38,False,0.13166957437062018
12195798,15,False,0.7485804193474412
12195799,54,False,0.2514996861887469
12195800,9,False,0.2272377137575104
12195802,33,False,0.19611796161809034
12195803,81,False,0.1995513189254191
12195804,53,False,0.0
12195805,10,False,0.21331544813357628
12195806,3,False,0.5413677465224915
12195807,10,False,0.6609111205628865
12195808,11,False,0.47694022656756485
12195809,0,False,0.0
12195810,5,False,0.2425535290972752
12195811,62,False,0.05443371378402107
12195812,5,False,0.2132761370510917
12195813,55,False,0.131707162734555
12195814,17,False,0.0
12195815,1,False,0.03729871837002958
12195816,119,False,0.24096154543160303
12195817,303,False,0.13205509046718877
12195818,59,False,0.8037976015733221
12195819,57,False,0.07042899051443068
12195821,116,False,0.15939425051334702
12195822,5,False,0.0
12195823,108,False,0.3187743042331998
12195824,49,False,0.12718204488778054
12195825,89,False,0.24585534651513138
12195826,0,False,0.0
12195827,1,False,0.4974589351543308
12195828,22,False,0.24785774727306545
12195829,72,False,0.2994585589337776
12195830,12,False,0.4564915904872845
12195831,87,False,0.09349647812728036
12195832,91,False,0.4612690323587642
12195833,30,False,0.1385133762993778
12195834,23,False,0.14000242487489994
12195835,38,False,0.1971780508320739
12195836,0,False,0.0
12195837,4,False,0.8982219497240956
12195838,10,False,0.28028877054502843
12195839,45,False,0.14589077109970555
12195840,35,False,0.4600555412908764
12195841,7,False,0.488365054359449
12195842,29,False,0.1232650373504007
12195844,300,False,0.1287165920913204
12195845,17,False,0.0
12195846,8,False,0.3289415023090049
12195847,25,False,0.6047995443315757
12195848,86,False,0.22341207268719093
12195849,36,False,0.43264115544895887
12195850,2,False,0.0
12195851,0,False,0.0
12195852,6,False,0.43193362807947455
12195853,15,False,0.28940416058213303
12195854,20,False,0.1578727183095824
12195855,31,False,0.5720181898616913
12195856,32,False,0.2410538179768949
12195857,7,False,0.007566124109867752
12195859,17,False,0.2851307293056947
12195860,80,False,0.15045654847427453
12195861,9,False,0.0
12195862,21,False,0.5050936562901688
12195863,3,False,0.17283392231699343
12195864,88,False,0.18463137920175032
12195865,149,False,0.5011322708596334
12195866,43,False,0.21547391792807202
12195867,80,False,0.15159222708312137
12195868,53,False,0.08732660781841109
12195871,4,False,0.2849660881541168
12195872,130,False,0.021358828315703828
12195875,19,False,0.4660950487778203
12195876,11,False,0.0
12195877,1,False,0.0684610883557636
12195878,13,False,0.6234291561371896
12195879,4,False,0.617103067736081
12195880,163,False,0.1828056162741321
12195882,39,False,0.0690614136732329
12195883,2,False,0.4354175779342852
12195884,48,False,0.26346276028423615
12195885,1,False,0.0684610883557636
12195886,0,False,0.0
12195887,2,False,0.0
12195888,61,False,0.21895664952240998
12195889,26,False,0.31550792657473486
12195890,58,False,0.05262369357361847
12195891,30,False,0.08920308483290489
12195892,22,False,0.37412564228493156
12195893,104,False,0.23822532228727997
12195894,3,False,0.2860081704270554
12195895,9,False,0.8023117457079721
12195896,0,False,0.0
12195897,14,False,0.5629606273216804
12195899,2,False,0.0
12195900,59,False,0.3796749346209802
12195901,101,False,0.12227384956451623
12195902,15,False,0.04515695820043646
12195903,60,False,0.12147020283008407
12195904,35,False,0.49103750576982
12195905,9,False,0.6196499237005859
12195906,10,False,0.3012770627021829
12195907,64,False,0.3991322079912205
12195908,51,False,0.18545154429229443
12195909,5,False,0.464822335437561
12195911,0,False,0.0
12195913,1,False,0.45650546553828586
12195914,0,False,0.0
12195915,50,False,0.0706128944946679
12195916,24,False,0.22583056322333694
12195917,14,False,0.17281732611881412
12195919,298,False,0.06393882683400155
12195920,14,False,0.0
12195922,9,False,0.8607826310683118
12195923,0,False,0.0
12195924,12,False,0.05607476635514018
12195925,77,False,0.14061009171008237
12195926,155,False,0.31381957773512476
12195927,109,False,0.3550024519370303
12195928,2,False,0.7438813422697249
12195929,0,False,0.0
12195930,63,False,0.0850230022150281
12195931,24,False,0.3221311162365147
12195932,42,False,0.518906897083505
12195934,0,False,0.0
12195935,13,False,0.220807793599923
12195936,19,False,0.1697027520267196
12195937,10,False,0.08840037418147802
12195938,49,False,0.25095103936445595
12195939,48,False,0.16003833305547244
12195940,9,False,0.3201446782657022
12195941,205,False,0.2862646317973033
12195942,28,False,0.6877184067392614
12195943,50,True,0.1206831716540606
12195944,46,False,0.18946135831381733
12195945,2,False,0.0
12195947,0,False,0.0
12195949,1,False,0.32524855470965586
12195951,0,False,0.0
12195952,8,False,0.34988104695750116
12195953,32,False,0.08300595615257889
12195954,21,False,0.3149108433548191
12195955,4,False,0.0
12195956,77,False,0.0669657511762775
12195957,13,False,0.34644717529121516
12195958,19,False,0.11387073347857662
12195959,14,False,0.07533856833959258
12195960,7,False,0.09086277173913043
12195961,6,False,0.16588298395209847
12195962,37,False,0.0
12195963,21,False,0.150397215665051
12195964,2,False,0.0
12195965,16,False,0.09700412072613877
12195966,47,False,0.0964222012003119
12195967,48,False,0.05326506042457215
12195968,156,False,0.20047449584816132
12195969,10,False,0.12001115984934202
12195970,9,False,0.0
12195971,20,False,0.15463684394806965
12195972,16,False,0.25834837068355865
12195973,3,False,0.8087128493163135
12195974,0,False,0.0
12195975,12,False,0.16389653815893
12195976,1,False,0.0
12195977,1,False,0.0
12195978,23,False,0.16703345070422534
12195979,14,False,0.03827697551349897
12195981,9,False,0.041617122473246136
12195982,24,False,0.6360977822142304
12195984,35,False,0.14399186062580732
12195985,99,False,0.5292144111183025
12195987,75,False,0.1190909090909091
12195988,84,True,0.06388604726058421
12195990,71,False,0.17042241147401077
12195991,2,False,0.36609093935102643
12195992,102,False,0.24857186491100491
12195993,30,False,0.27602769305588737
12195994,12,False,0.15479985454471307
12195995,25,False,0.0
12195996,22,False,0.588027244944295
12195997,33,False,0.07147715678494501
12195998,10,False,0.34573629723889004
12195999,11,False,0.37864656109445144
12196000,2,False,0.1470192915876028
12196001,66,False,0.12413490058222565
12196002,10,False,0.2968818935301987
12196003,43,False,0.2193739628544959
12196004,12,False,0.41955959296211925
12196005,1,False,0.41374215514820323
12196006,8,True,0.0664656432748538
12196007,1,True,0.12292643142877799
12196008,0,False,0.0
12196009,0,False,0.0
12196010,0,False,0.0
12196011,2,False,0.0
12196012,35,False,0.1553073185320158
12196013,23,False,0.2195529565278456
12196014,6,False,0.0
12196015,0,False,0.0
12196016,2,False,0.9576310012858806
12196017,4,False,0.0
12196019,7,False,0.40629390525785597
12196020,17,False,0.05138349736326089
12196021,55,False,0.034623044614490915
12196023,14,False,0.0
12196024,0,False,0.0
12196025,14,False,0.24316835702339284
12196026,162,False,0.12540192926045016
12196027,9,False,0.0
12196028,62,False,0.12259970457902511
12196029,141,False,0.002610381861575179
12196030,0,False,0.0
12196031,0,False,0.0
12196032,19,False,0.1442114682338146
12196033,0,False,0.0
12196034,10,False,0.26079691516709513
12196035,83,False,0.06734712476077645
12196036,301,False,0.06119589889916667
12196037,304,False,0.05702527924750147
12196039,17,False,0.18945753732340015
12196040,2,False,0.0
12196041,7,False,0.0
12196042,3,False,0.0
12196043,107,False,0.1472245306508381
12196044,13,False,0.0
12196045,16,False,0.11261934255306744
12196046,30,False,0.021006441975539164
12196047,69,False,0.8650066230779828
12196048,12,False,0.2836816799136493
12196049,94,False,0.21467506754624988
12196050,26,False,0.2503596851236468
12196051,22,True,0.0890302066772655
12196052,12,False,0.2681301551584531
12196053,40,False,0.2028046675531291
12196054,31,False,0.10970206264323912
12196055,40,False,0.07096528042731783
12196056,4,False,0.9114509088502476
12196057,7,False,0.3343279581748189
12196058,112,False,0.2034276789243805
12196059,0,False,0.0
12196060,65,True,0.13587178440179665
12196061,10,False,0.09674981103552532
12196062,43,False,0.2675590227595698
12196063,4,True,0.2791055206149546
12196065,17,False,0.14806843701390926
12196066,0,False,0.0
12196067,11,False,0.14021608036488817
12196068,23,False,0.3881212627876794
12196069,5,False,0.0
12196070,5,False,0.21221459205320808
12196071,0,False,0.0
12196072,30,False,0.2461502826188084
12196073,0,False,0.0
12196074,0,False,0.0
12196075,13,False,0.36712623754178597
12196076,0,False,0.0
12196077,5,False,0.76254009652836
12196078,175,True,0.03147903400216268
12196079,36,False,0.5481611656778275
12196080,52,False,0.1460079892258135
12196081,53,False,0.0
12196082,114,False,0.05795468126727763
12196083,23,False,0.6529029151436051
12196084,24,False,0.26591690951371705
12196085,10,False,0.2019222877201513
12196086,63,False,0.18428080885158335
12196087,5,False,0.30648425483688174
12196088,2,False,0.0
12196089,28,False,0.6004817441040351
12196090,1,False,0.5870776061471508
12196091,0,False,0.0
12196092,12,False,0.24189951354744615
12196093,47,False,0.03396716606987017
12196094,6,False,0.20921376614986553
12196095,18,False,0.0
12196096,43,False,0.38434333002188453
12196097,5,False,0.0
12196098,12,False,0.20150402313569496
12196099,0,False,0.0
12196100,18,False,0.2871295434615316
12196102,10,False,0.39199091431520655
12196103,9,False,0.4526180004041349
12196104,22,False,0.21892722114481056
12196105,6,False,0.0
12196107,1,False,0.0
12196108,19,False,0.1932206520735199
12196109,44,False,0.20046620046620048
12196110,5,False,0.11273935130910512
12196111,13,False,0.18097164052771011
12196112,44,False,0.15349071238482423
12196113,52,False,0.13863757317722192
12196114,20,False,0.0652837967217022
12196115,38,False,0.12035187510504569
12196117,2,False,0.0
12196119,57,False,0.1223203026481715
12196120,0,False,0.0
12196121,148,False,0.3177185270503281
12196122,6,False,0.0
12196123,19,False,0.14158436997034377
12196124,6,False,0.056682577565632455
12196126,1,False,0.48093738707334116
12196127,22,False,0.14516583670017852
12196128,1,False,0.0
12196129,0,False,0.0
12196130,2,False,0.0
12196131,25,False,0.0
12196132,15,False,0.1640529541974395
12196133,5,False,0.28882315439474726
12196135,52,False,0.461618924923081
12196136,9,False,0.0
12196137,15,False,0.19716739783625
12196138,3,False,0.24465510568920623
12196139,115,False,0.20628360997318992
12196140,142,False,0.067767997105993
12196141,14,False,0.22369935605606597
12196142,2,False,0.27916535628174705
12196143,94,False,0.17296761730684676
12196144,15,False,0.45116810988712447
12196145,30,False,0.12489448938214848
12196146,36,False,0.05156915313042107
12196147,60,False,0.30506756880984087
12196148,0,False,0.0
12196149,29,False,0.1417395153271713
12196150,4,False,0.37908906094810224
12196151,16,False,0.0817676236284383
12196152,17,False,0.23281807385145045
12196153,30,False,0.3064781630826691
12196154,156,False,0.20047449584816132
12196155,66,False,0.0507803139139971
12196156,12,False,0.09948645655019636
12196157,27,False,0.5099464461849033
12196158,53,False,0.0593832811370754
1248376,93,False,0.22973480902687432
1248377,28,False,0.18261021083812512
1248379,166,False,0.2851482070027609
1248380,48,False,0.2783403850222128
1248381,42,False,0.4018778765898006
1248382,10,True,0.41815740189297373
1248383,36,False,0.16449589966232514
1248384,85,False,0.34250306076338294
1248385,17,False,0.4677168970622751
1248387,10,False,0.29956609123170597
1248391,31,False,0.7093628202479512
1248392,10,False,0.6520622263044012
1248393,25,False,0.33920939617374724
1248394,38,False,0.19061792805092864
1248395,10,False,0.46643134659528435
1248397,0,False,0.0
1248398,45,False,0.422052493006603
1248399,51,False,0.15427564110952124
1248400,0,False,0.0
1248402,285,False,0.17775018374530968
1248403,31,False,0.226997688738235
1248404,5,False,0.5993731542063909
1248405,44,False,0.559095314297077
1248406,134,False,0.6155233943778529
1248407,298,False,0.03856903297931805
1248408,36,False,0.24460816252285658
1248409,38,False,0.1372976241584797
1248410,5,False,0.0
1248411,10,False,0.5614061457380214
1248414,34,False,0.19680865249598356
1248415,10,False,0.5484587920544393
1248416,72,False,0.27561319226458886
1248417,4,False,0.5754840906662759
1248421,5,False,0.791020637529425
1248423,34,False,0.5409919937725929
1248424,67,False,0.3504239800291973
1248425,7,False,0.5496630276213577
1248426,25,False,0.22412219515414997
1248428,13,False,0.4877035431708269
1248429,27,False,0.47118037526852163
1248430,40,False,0.340340681264756
1248431,68,False,0.16994074194333955
1248433,15,False,0.0
1248435,7,False,0.08401618743729404
1248436,3,False,0.20516009113247305
1248438,64,False,0.7661411026634695
1248439,26,False,0.30138654035886264
1248443,44,False,0.16850681033770037
1248444,17,False,0.385227953231741
1248447,34,False,0.31543970123857373
1248448,44,False,0.307371962778863
1248449,162,False,0.34051421171169416
1248450,80,False,0.36196416431797235
1248451,34,True,0.5241496620580337
1248454,28,False,0.2299533238577255
1248456,48,False,0.32864737025373114
1248457,11,False,0.43277072295404445
1248460,108,False,0.2653742091242091
1248461,52,False,0.1313972863603904
1248462,76,False,0.35447038007318177
1248463,46,False,0.3007450619619522
1248465,66,False,0.11551019342806727
1248467,120,False,0.1310140636565507
1248468,5,False,0.5845412192320045
1248470,97,False,0.3088987137123651
1248472,9,False,0.0
1248473,161,False,0.2738682570599393
1248475,10,False,0.0
1248476,52,False,0.2721072798732181
1248477,170,False,0.1465966479024452
1248480,133,False,0.20140365045452868
1248482,84,False,0.20636442174422343
1248484,29,False,0.07058623907694918
1248485,24,False,0.22613521897824765
1248486,23,True,0.347942358776652
1248487,21,False,0.5351789174614157
1248491,28,False,0.5384290403514125
1248492,112,False,0.07375999600123198
1248493,64,False,0.12992216181234945
1248495,16,False,0.3981592287923209
1248496,118,True,0.1697208022021235
1248500,3,False,0.6188931848024068
1248501,103,False,0.17603034098594197
1248502,1,False,0.0
1248504,16,False,0.4921074165868948
1248505,25,False,0.8736400637194164
1248506,29,False,0.6010294894304261
1248509,77,False,0.2991794685972313
1248510,54,False,0.8816299684020397
1248511,116,False,0.2638593465185687
1248513,24,False,0.0
1248514,10,False,0.5575001532969291
1248516,77,False,0.33545042433376343
1248517,26,False,0.5356601882179097
1248518,1,False,0.0
1248519,5,False,0.0
1248523,9,False,0.629569003294041
1248525,15,False,0.1538340248539342
1248528,35,False,0.3741018239201288
1248529,27,False,0.5235125027956763
1248530,14,False,0.3066966797213963
1248532,44,False,0.23214916549349945
1248533,22,False,0.3204568864037669
1248534,30,False,0.0
1248536,13,False,0.5221392528051151
1248537,19,False,0.10896827495255773
1248539,28,False,0.5971924432620772
1248540,47,False,0.9151725810337586
1248541,68,False,0.32786885245901637
1248542,92,False,0.1972388262307557
1248543,50,False,0.43272603785021185
1248547,24,False,0.14486032271742944
1248549,1,False,0.0
1248550,32,False,0.3177243100802395
1248551,24,False,0.22897876234210135
1248552,58,False,0.051827667742685685
1248553,41,False,0.4015498943206265
1248554,105,False,0.33740451954252415
1248555,6,False,0.1155368075257578
1248556,50,False,0.2887154342313364
1248558,4,False,0.5977771961186589
1248560,5,False,0.8218231300341725
1248562,51,False,0.1725900641549764
1248566,121,False,0.9094126911172645
1248567,69,False,0.236400647308867
1248568,4,False,0.697591038138985
1248570,80,False,0.41039272556676637
1248571,17,False,0.3090991194400542
1248572,6,False,0.1910984530716269
1248574,80,False,0.10247142788651502
1248575,13,False,0.6472668859082341
1248577,31,False,0.5616719730447167
1248578,0,False,0.0
1248580,299,False,0.20384989257222466
1248583,21,False,0.053520299537478895
1248586,34,False,0.5284361476637849
1248587,69,False,0.7833971184364702
1248588,93,False,0.1042138649750793
1248592,16,False,0.520487933331017
1248594,75,True,0.17672955974842766
1248595,47,False,0.529214042672017
1248596,7,False,0.3827651013903765
1248599,9,False,0.0
1248600,1,False,0.0
1248602,167,False,0.1117612607490659
1248603,47,False,0.35409870379397856
1248604,110,False,0.1106976045920009
1248605,67,True,0.24056165997390777
1248606,83,True,0.06031925413193954
1248607,55,False,0.788134175665358
1248608,47,False,0.507867020323146
1248609,3,False,0.0
1248611,29,False,0.33558720437176515
1248612,9,False,0.6175017456978369
1248613,63,False,0.11160674530249427
1248614,3,False,0.0
1248615,41,False,0.0
1248616,29,False,0.30828700328588554
1248618,10,False,0.4493137296212117
1248622,149,False,0.5905341712490181
1248623,68,False,0.4619809458049617
1248624,43,False,0.3279683608687204
1248627,34,False,0.05970149253731343
1248628,48,False,0.32879044136854424
1248631,27,False,0.4159931226027279
1248632,13,False,0.2756299231199696
1248634,39,False,0.2709515039631312
1248635,15,False,0.358057404781242
1248636,14,False,0.32264030197572363
1248637,48,False,0.3789617567087516
1248638,14,False,0.6030223904820788
1248639,14,False,0.4557451015578487
1248643,44,False,0.4358974411171223
1248644,84,False,0.3595467595539517
1248645,28,False,0.4598570374926068
1248647,1,False,0.29014619591988833
1248648,14,False,0.11291257990267067
1248649,18,False,0.0480294005829426
1248650,39,False,0.3966800872583299
1248651,10,False,0.4905139603970741
1248652,45,False,0.33452980654856174
1248653,4,False,0.0032225888130131206
1248654,45,False,0.8908705412821153
1248656,7,False,0.0
1248657,26,False,0.1597640452190308
1248659,115,False,0.4428074100965138
1248662,24,False,0.15462986438870902
1248663,47,False,0.028026399059759514
1248665,1,False,0.5071311932069237
1248666,1,False,0.6242379714450887
1248667,0,False,0.0
1248669,27,False,0.3293913326309478
1248670,68,True,0.14651066890246525
1248672,8,False,0.0
1248673,3,False,0.582806860175267
1248674,58,False,0.16983171059258015
1248675,3,False,0.0
1248676,9,False,0.467021928374057
1248677,7,False,0.2886950161296128
1248679,8,False,0.5582478040540436
1248681,55,False,0.39687418242886374
1248682,16,False,0.0
1248684,33,False,0.3988391979501087
1248686,32,False,0.1084331239334226
1248691,18,False,0.0
1248692,0,False,0.0
1248693,22,False,0.46186950648546343
1248694,29,False,0.4736275323833083
1248696,42,False,0.32703885683080813
1248697,8,False,0.49555487918232305
1248698,4,False,0.7592744797257482
1248699,34,False,0.4466749768073828
1248700,16,False,0.1740570482352678
1248701,84,False,0.27933028884976435
1248702,75,False,0.1241036011511239
1248704,123,False,0.19419253631130465
1248705,2,False,0.8696748104838351
1248707,47,False,0.20586832061068702
1248708,102,False,0.06736997246247528
1248709,95,False,0.21015523537204106
1248710,2,False,0.5156835182416849
1248711,5,False,0.6443008214938518
1248712,1,False,0.19796510415989926
1248713,44,False,0.47003744739073294
1248714,12,False,0.42163433336539585
1248715,40,False,0.5015632218040215
1248717,5,False,0.18795567821394735
1248718,61,False,0.5429991344585318
1248719,16,False,0.04875830073683253
1248721,5,False,0.6010875664816252
1248722,0,False,0.0
1248723,4,False,0.5695429561443273
1248724,58,False,0.1657345829022993
1248725,11,False,0.44298272334552496
1248726,20,True,0.21193686097827436
1248727,10,False,0.5569309370482324
1248729,44,False,0.2398599066293184
1248730,18,False,0.4954828807308974
1248731,8,False,0.4350823969039969
1248732,12,False,0.4827965083951541
1248733,104,False,0.15633553801748837
1248735,116,False,0.1427583398894569
1248736,14,False,0.611939759981175
1248737,14,False,0.25433753915829943
1248738,7,False,0.0
1248739,4,False,0.07051028481012658
1248740,5,False,0.3807650368072793
1248743,10,False,0.16063308589508163
1248744,5,False,0.5090863401935423
1248745,57,False,0.5798759816498537
1248746,18,False,0.17841906717504805
1248747,35,False,0.1726455565643864
1248748,5,False,0.8287388331320111
1248750,25,True,0.1481615992928921
1248751,25,False,0.30882604711930983
1248752,52,False,0.31152248711108793
1248753,0,False,0.0
1248754,26,False,0.23185501146959742
1248755,27,False,0.1755754632166359
1248756,27,False,0.31550792657473486
1248758,84,False,0.05897195587917237
1248759,53,False,0.437938721619936
1248760,0,False,0.0
1248764,3,False,0.4312475330605149
1248765,10,False,0.5585669520098387
1248766,11,False,0.32835282910520114
1248767,86,False,0.2566361532011472
1248768,92,False,0.19737681027415976
1248769,37,False,0.15743836759860835
1248770,90,False,0.10392609699769052
1248771,82,False,0.14799430334678376
1248773,18,False,0.21474870298926493
1248778,33,False,0.4098277247772852
1248780,39,False,0.37254832333767246
1248781,1,False,0.0
1248782,33,False,0.7746998630521232
1248784,30,False,0.09702825202237658
1248785,40,False,0.19525089931325168
1248786,165,False,0.2722732625431966
1248787,29,False,0.006301502666020358
1248788,0,False,0.0
1248789,78,False,0.1999262642667427
1248790,50,False,0.27907195854179706
1248791,46,False,0.24431935492990808
1248793,2,False,0.6038619125870883
1248794,210,True,0.5618552446010984
1248795,7,False,0.31665996075318553
1248797,7,False,0.38343618585903844
1248800,4,False,0.0
1248801,44,False,0.2844670129690198
1248803,24,False,0.3694187533260315
1248807,18,False,0.012950317871438662
1248809,27,False,0.3121820289134582
1248810,128,False,0.18823135061119378
1248812,2,False,0.4417381957398828
1248813,2,False,0.5738921853098403
1248814,0,False,0.0
1248816,0,False,0.0
1248817,3,False,0.6049766371406236
1248818,21,False,0.30764868373516735
1248819,35,False,0.1994018864710241
1248820,5,False,0.6630991328405001
1248821,12,False,0.3610849772038882
1248822,3,False,0.5756843751360851
1248823,60,False,0.36522936674324397
1248825,74,True,0.23569962505656475
1248826,136,False,0.17277431120180145
1248827,65,False,0.4312450877582854
1248828,40,False,0.581166379935537
1248830,29,False,0.41005919591492695
1248831,7,False,0.308832945071636
1248834,3,False,0.5639539753821505
1248835,30,False,0.3352064855353864
1248836,220,False,0.06395651318405542
1248837,68,False,0.19366252327616243
1248838,5,False,0.435833097923872
1248839,3,False,0.0
1248841,93,False,0.14248825589904032
1248844,3,False,0.11356360572872788
1248848,18,False,0.48449811124386927
1248851,130,False,0.15779730578700493
1248854,32,False,0.4964477208591568
1248855,73,True,0.10874813244276486
1248856,20,False,0.2961708040031276
1248857,53,False,0.15296107860044128
1248863,128,False,0.13983309592891252
1248864,15,False,0.5642853238951451
1248865,11,False,0.3600999412300674
1248866,48,False,0.3195678354260444
1248867,8,False,0.0
1248868,35,False,0.5957287994886413
1248869,31,False,0.051618321597002394
1248870,40,False,0.055027867179527436
1248871,44,False,0.2287486207620949
1248872,29,False,0.6086184078968129
1248874,12,False,0.33238051333268115
1248876,34,False,0.24986971212660114
1248877,0,False,0.0
1248879,26,False,0.7919087133457154
1248880,11,False,0.0
1248881,59,False,0.12809740204064135
1248882,43,False,0.43773772796058136
1248884,83,False,0.31594098641305784
1248885,8,False,0.27960285045198907
1248886,19,False,0.2973602931466892
1248888,16,True,0.39911893888062344
1248890,4,False,0.39717945257721887
1248891,9,False,0.4744665167150936
1248892,153,False,0.22733113201523758
1248893,4,False,0.5381031601353552
1248895,27,False,0.1365145830445787
1248897,29,False,0.15440111451411387
1248898,22,False,0.02215408960538028
1248900,150,False,0.10932404790900599
1248902,2,False,0.0
1248904,7,False,0.488365054359449
1248905,38,False,0.12450973711919022
1248906,29,False,0.0
1248907,45,False,0.32420514790836064
1248908,0,False,0.0
1248909,20,False,0.35427936265672527
1248910,33,False,0.16565335532230502
1248912,1,False,0.0
1248913,29,False,0.17820513065399457
1248914,47,False,0.2527301774152863
1248915,8,False,0.42235752137491345
1248916,113,False,0.5811138278214559
1248917,16,False,0.28822955348060175
1248918,306,False,0.17480489810186595
1248925,27,False,0.13975903614457832
1248926,59,False,0.41601878669256376
1248928,125,False,0.2880403258391196
1248929,59,False,0.9121818619015772
1248930,3,False,0.5959558072357864
1248931,0,False,0.0
1248932,111,False,0.1903190318109216
1248933,8,False,0.5718948296530689
1248935,157,False,0.20523549956833498
1248936,13,False,0.4082806954728325
1248937,7,False,0.5140291903684723
1248941,7,False,0.17522004500447885
1248942,9,False,0.0
1248943,303,False,0.11865118301266273
1248944,2,False,0.532388385672352
1248945,31,False,0.15145620088450007
1248946,18,False,0.5277147819556905
1248947,27,False,0.0
1248948,91,False,0.2222367110546537
1248949,23,False,0.29065360258773515
1248950,3,False,0.5303047719941839
1248953,86,False,0.340155766378564
1248954,145,False,0.1694522647192656
1248955,137,False,0.3123118908496655
1248956,8,False,0.5180504585135838
1248957,66,False,0.305650633685787
1248958,12,False,0.6248155877112093
1248959,141,False,0.31134119730764237
1248960,132,False,0.21406560725244664
1248961,172,False,0.15971579348768616
1248962,21,False,0.20281824604720608
1248963,108,False,0.34866990836043277
1248965,3,False,0.7344221108947165
1248966,43,False,0.02289385575965976
1248967,6,False,0.4194358154563546
1248968,10,False,0.3486853363994863
1248969,22,False,0.0
1248972,27,False,0.1385133762993778
1248974,38,False,0.33111753804123933
1248975,33,False,0.41201491123318873
1248976,301,False,0.08632748874197567
1248980,5,False,0.0
1248982,12,False,0.01058267716535433
1248983,1,False,0.0
1248984,0,False,0.0
1248985,61,False,0.3033977624829503
1248986,24,False,0.47862187537811574
1248988,76,False,0.23108406517322552
1248994,99,False,0.33924022245208585
1248998,1,False,0.40970659747719523
1249000,14,False,0.3460745420150288
1249005,69,False,0.2214116478733278
1249006,82,True,0.0924019681830531
1249007,30,False,0.19082182194597955
1249008,54,False,0.15296107860044128
1249009,104,False,0.17802659774662463
1249011,64,False,0.0803488695676459
1249012,10,False,0.38675070044323134
1249013,116,False,0.05540202658244506
1249014,75,False,0.19254441529641644
1249016,48,False,0.24670505159239706
1249017,146,False,0.11289640186715247
1249018,1,False,0.5090910604383763
1249021,98,False,0.14383837891174583
1249022,46,False,0.18893340447995122
1249023,101,False,0.3844794415764115
1249024,11,False,0.1764522194290262
1249026,35,False,0.2038501288548803
1249031,2,False,0.7136960294929616
1249032,6,False,0.30461005628053683
1249033,2,False,0.25536676432383487
1249035,14,False,0.0
1249036,75,False,0.047531420673523964
1249037,37,False,0.30824023911489734
1249038,26,False,0.2843723054487454
1249040,46,False,0.20328745561425077
1249042,208,False,0.4469914040114613
1249049,34,False,0.3793414351238169
1249050,10,False,0.5282906606273706
1249052,162,True,0.5174659853969903
1249054,3,False,0.538184049200503
1249056,41,False,0.045670995670995675
1249058,20,False,0.18437925006547767
1249059,2,False,0.9333908625492584
1249060,50,False,0.18417029640880161
1249064,16,False,0.5004937514718655
1249065,73,False,0.23955419892910318
1249066,0,False,0.0
1249068,10,False,0.4437138603115888
1249069,48,False,0.5224576890761737
1249070,32,False,0.3961846123694079
1249075,45,False,0.1644398370315579
1249076,3,False,0.5858740679905269
1249078,3,False,0.8997595919629898
1249080,4,False,0.4857456338063807
1249081,22,False,0.0
1249082,111,False,0.25850398468351893
1249083,57,False,0.2486594803758983
1249085,75,False,0.21519848193693164
1249086,120,False,0.13261686730961617
1249088,34,False,0.38872145705205
1249089,27,False,0.3470402555269841
1249091,12,False,0.2071962257074331
1249092,8,False,0.32914373859557855
1249093,21,False,0.5781150639142111
1249097,26,False,0.46486210711696374
1249098,45,False,0.14979032401212486
1249099,5,False,0.9357365671759865
1249104,18,False,0.4487017580194985
1249105,22,False,0.28460132707339336
1249106,0,False,0.0
1249107,2,False,0.3266437665580109
1249108,29,False,0.22044260135358884
1249109,21,False,0.2633265465889621
1249110,60,False,0.42228940207208276
1249113,9,False,0.8817078347371555
1249117,7,False,0.5633104607028843
1249124,132,False,0.2056479636511202
1249125,0,False,0.0
1249126,33,False,0.7829456603246658
1249127,14,False,0.11277315296566078
1249128,119,False,0.24848532069013385
1249129,23,False,0.3663561074935634
1249132,66,False,0.7580290200655297
1249135,12,False,0.4646724692520407
1249136,2,False,0.5528975131415629
1249137,20,False,0.3907824422409768
1249141,180,False,0.12215302998856085
1249142,14,False,0.03867258949568853
1249143,50,False,0.1959033613445378
1249146,0,False,0.0
1249148,8,False,0.764688592909692
1249154,16,False,0.40230897509158087
1249155,85,False,0.2623682910183042
1249156,41,False,0.5391219972681964
1249157,18,False,0.01799256505576208
1249158,120,False,0.10956175391823736
1249160,39,False,0.24980463662412086
1249161,156,False,0.2415638510015342
1249163,13,False,0.14139178148313777
1249164,42,False,0.17268974183081656
1249165,17,False,0.40762851648783294
1249167,7,False,0.5449303438051438
1249168,34,False,0.49347564272602423
1249171,2,False,0.0
1249172,24,False,0.20431763585608742
1249175,40,False,0.18260981865525353
1249176,53,False,0.2349871441189811
1249178,0,False,0.0
1249180,23,False,0.28478486771479716
1249182,11,False,0.4462271749784609
1249185,23,False,0.36404324583357045
1249186,22,False,0.18920699830452684
1249188,25,False,0.1292589502651383
1249190,0,False,0.0
1249192,103,False,0.14095519864750633
1249193,13,False,0.12276481800853226
1249196,6,False,0.3887854957507082
1249197,4,False,0.014857310973815829
1249199,3,False,0.5061660813511005
1249202,164,False,0.2971336590203074
1249203,8,False,0.0
1249204,82,False,0.27734110507824977
1249206,167,False,0.268511216941083
1249207,117,False,0.36409764965254643
1249209,11,False,0.21413170265190434
1249210,49,False,0.2470752955818295
1249211,58,False,0.30303150758778424
1249212,83,True,0.9164012364168272
1249213,73,True,0.004386977603324867
1249214,10,False,0.3471455740201163
1249216,106,False,0.1570452375369957
1249218,27,False,0.33420927343594503
1249219,8,False,0.628363074516939
1249222,32,False,0.39150131059496013
1249223,13,False,0.1336731090849868
1249224,2,False,0.0
1249225,19,False,0.7210797638238228
1249226,24,True,0.16905792682428378
1249228,35,False,0.4624161128516079
1249229,1,False,0.2595408685480333
1249233,16,False,0.36806734435846217
1249234,11,False,0.28134461878343964
1249235,25,False,0.17599826538074342
1249236,39,False,0.19413874019963853
1249239,301,False,0.10249341438596639
1249241,1,False,0.4990791446016255
1249242,0,False,0.0
1249243,24,False,0.35981800689852866
1249244,23,False,0.21410891163382684
1249248,13,False,0.22271842617131002
1249249,17,False,0.3942516676195953
1249251,25,False,0.4379018247844037
1249252,27,False,0.4930651764948366
1249253,8,False,0.5767740518226344
1249254,40,False,0.28338365632684664
1249255,45,False,0.2920545148331412
1249256,46,False,0.45631031118665044
1249257,69,False,0.3527902571185277
1249261,39,False,0.4525760316166745
1249262,2,False,0.41558385730701136
1249263,70,False,0.28607863692232416
1249264,5,False,0.35534144093609604
1249266,11,False,0.16393415782920254
1249267,38,False,0.40984207979589143
1249268,28,False,0.23324138247363857
1249269,15,False,0.47493089615401574
1249274,29,False,0.19027733496479995
1249275,26,False,0.4661772343314016
1249278,19,False,0.4084890056499926
1249279,7,False,0.2853016367717979
1249280,19,False,0.34441201852480813
1249281,14,False,0.6156852807533832
1249282,9,False,0.8631706391088476
1249284,5,False,0.5589201666762028
1249285,22,False,0.2492166028804967
1249287,2,False,0.572258838828124
1249288,20,False,0.23968396123042685
1249289,305,False,0.10629116831933735
1249290,41,False,0.3010043474977615
1249291,21,False,0.2917260889989791
1249293,17,False,0.21198910813547547
1249294,28,False,0.3183683173508958
1249296,29,False,0.3484971738939517
1249304,10,False,0.21049031003737267
1249306,65,False,0.1674168314885211
1249307,60,False,0.3803611821053657
1249310,119,False,0.17343557701410584
1249315,8,False,0.2029391697682857
1249318,22,False,0.14784576037772967
1249319,15,False,0.599000759424207
1249321,41,False,0.9612968435316763
1249322,106,False,0.325610729467511
1249323,39,False,0.34432359657680267
1249326,54,False,0.08198146002317497
1249328,104,False,0.2959625090122567
1249329,141,False,0.12112079068861113
1249330,4,False,0.5541956120710898
1249331,38,False,0.4398310915932864
1249332,51,False,0.2632161442640906
1249333,18,False,0.34469930611917926
1249334,13,False,0.26785323523863425
1249335,17,False,0.4723247682753239
1249336,115,False,0.10338943864944977
1249337,129,False,0.8747999390368226
1249338,126,True,0.21104275910141101
1249340,44,False,0.8274796942505946
1249342,3,False,0.0
1249346,32,False,0.39607383690019293
1249347,2,False,0.5574391437214649
1249349,26,False,0.40594162934231237
1249350,26,False,0.37022068329157726
1249351,36,False,0.17623686095977703
1249355,111,False,0.11014465349342914
1249357,17,False,0.6746659009666719
1249359,2,False,0.0
1249360,4,False,0.08976449275362319
1249362,14,False,0.5060334380499154
1249363,26,False,0.2693367603771495
1249365,13,False,0.19854251192059888
1249367,47,False,0.1831578947368421
1249368,13,False,0.5604507108184946
1249369,39,False,0.9570383326677645
1249370,5,False,0.5771197646053436
1249371,9,False,0.3571081659775776
1249372,15,False,0.10020914415862112
1249373,32,False,0.4860451752530466
1249375,11,False,0.319369009258447
1249376,43,False,0.23702830188679244
1249377,13,False,0.6063605219193646
1249378,2,False,0.511678398088083
1249379,93,False,0.26112385321100917
1249381,15,False,0.23444265742917234
1249382,2,False,0.0
1249384,2,False,0.0
1249386,2,False,0.46957756029103564
1249387,13,False,0.06464881240774073
1249388,35,False,0.27182399958111864
1249389,39,False,0.15941350648580885
1249390,0,False,0.0
1249391,80,False,0.8730418737011029
1249392,60,True,0.2011179826477771
1249396,54,False,0.15774223338103516
1249397,52,False,0.5208763948600645
1249398,30,False,0.45626237210677084
1249400,15,False,0.6261456504606299
1249402,6,False,0.5667900968514306
1249403,5,False,0.23795396549443518
1249407,0,False,0.0
1249408,36,False,0.4843906283726607
1249409,45,False,0.4792609242272603
1249411,69,False,0.3570965276165937
1249413,3,False,0.5803506423484002
1249414,80,False,0.2563411628072571
1249415,29,False,0.19631543970103554
1249417,59,False,0.27341163792084777
1249420,39,False,0.17140427989348392
1249421,8,False,0.4318490991778502
1249424,10,False,0.3630577508748856
1249425,56,False,0.4533522429756112
1249426,33,False,0.5838396380038332
1249427,52,False,0.2342868842588513
1249428,16,False,0.4582884059675477
1249431,8,False,0.29690049141077496
1249433,13,False,0.4473937745350874
1249435,8,True,0.42235752137491345
1249436,289,False,0.09678617591864955
1249439,42,False,0.24321367723899343
1249440,30,False,0.4153969304177024
1249443,20,False,0.345034952080096
1249444,16,False,0.35054012736248985
1249445,11,False,0.5369430775206208
1249446,52,False,0.15932203389830507
1249448,70,False,0.25200574428047934
1249450,116,False,0.1361846180510385
1249451,96,False,0.1820876854689229
1249452,50,False,0.5089280774550484
1249455,13,False,0.2773582596051326
1249457,21,False,0.7879522658519719
1249460,46,False,0.1408515585409235
1249461,33,False,0.28103545984368766
1249463,24,False,0.4228043552567812
1249464,0,False,0.0
1249465,1,False,0.0
1249468,12,False,0.0
1249469,36,False,0.893475311727531
1249470,74,False,0.08071052858497887
1249476,29,False,0.08743631577430491
1249477,113,False,0.1759326016716067
1249478,3,False,0.41879600748685947
1249480,145,False,0.5039734710624847
1249481,300,False,0.14980953943637124
1249483,300,False,0.20807691496520822
1249487,88,False,0.4557306923027292
1249488,1,False,0.4253782721431811
1249489,9,False,0.5153456300783028
1249490,82,False,0.2622375848686712
1249492,58,False,0.20786733335442487
1249494,5,True,0.6320233173330978
1249495,10,True,0.22157173289417642
1249496,28,False,0.08431823596641552
1249497,39,False,0.1027441577111893
1249498,1,False,0.4189581755058673
1249499,67,False,0.1379891411721003
1249501,299,False,0.16240623065318724
1249506,64,False,0.2534037152894378
1249507,48,False,0.1921604177442836
1249509,101,False,0.2630761073727078
1249511,5,False,0.3972771811143356
1249514,6,False,0.4420147318665178
1249516,9,False,0.4544426771628231
1249517,45,False,0.2844670129690198
1249518,96,False,0.19261365779120934
1249519,24,False,0.49921540645644674
1249520,13,False,0.3799704259589558
1249521,1,False,0.0
1249523,37,False,0.22705937255555486
1249525,1,False,0.5061414421391136
1249526,287,False,0.12017074070076984
1249527,168,False,0.11634988553714665
1249528,292,False,0.1738390469243861
1249529,25,False,0.21315745837189362
1249530,36,True,0.859610515858179
1249531,300,False,0.21593778863042648
1249532,21,False,0.4304548795072202
1249533,7,False,0.6063806318929648
1249534,12,False,0.6020671887171377
1249535,11,False,0.23483668223486207
1249536,127,False,0.07922077922077922
1249537,59,True,0.24216715668783045
1249538,6,False,0.0
1249539,5,False,0.41062647769976157
1249540,18,False,0.3651495951639752
1249542,59,False,0.3058839069169317
1249543,31,False,0.33768084358134337
1249544,11,False,0.6323900749168682
1249545,5,False,0.4391063422864674
1249547,18,False,0.1886733909000235
1249549,9,False,0.3807696144814953
1249550,3,False,0.0
1249551,14,False,0.039013340045305815
1249552,12,False,0.0
1249553,22,False,0.9249340301208916
1249555,5,False,0.6385449736133103
1249557,62,False,0.3175066484431611
1249558,148,False,0.11238812414424325
1249560,53,False,0.1337923066324557
1249561,66,False,0.17827474727855128
1249562,23,False,0.3130600258357486
1249563,23,False,0.0
1249565,2,False,0.3289568087243507
1249566,49,False,0.45189275657576417
1249567,10,True,0.42971066738254354
1249569,38,False,0.4299385938478765
1249570,48,False,0.4491225384342669
1249571,48,False,0.5655825430692608
1249572,188,False,0.42688431060865795
1249573,89,False,0.11002185451139557
1249574,93,False,0.22805805114029026
1249575,115,False,0.10397228424027295
1249582,11,False,0.2926183273932533
1249583,52,False,0.19666485076897086
1249584,12,False,0.358082478126421
1249585,14,False,0.4432582642253963
1249586,32,False,0.2039382167630378
1249588,128,False,0.12140610034776714
1249591,299,True,0.20092378752886836
1249595,8,False,0.3077446786588045
1249598,38,True,0.3074905275429904
1249599,133,True,0.26126546812981555
1249600,25,False,0.5287436857132793
1249603,55,False,0.28465828005326
1249604,35,False,0.20201264085142345
1249607,46,False,0.374285926426023
1249608,46,False,0.2242563203255443
1249609,17,False,0.5648476249770821
1249611,38,False,0.138982985425213
1249612,29,False,0.24303365896555412
1249613,13,False,0.22852750025885712
1249614,72,False,0.4228126384191516
1249615,64,False,0.10451093551691658
1249616,16,False,0.6564281414550883
1249623,0,False,0.0
1249624,21,False,0.4289493463544096
1249626,26,False,0.3280731790554236
1249627,0,False,0.0
1249628,16,False,0.5185201946223728
1249629,39,False,0.23191758079897962
1249630,2,False,0.6770673244037995
1249632,49,False,0.3024320232440446
1249633,249,False,0.1657331136738056
1249634,16,False,0.3564581611708213
1249635,121,False,0.21406560725244664
1249637,15,False,0.5311160350023549
1249639,120,False,0.08997014355468809
1249640,36,False,0.2787032735180366
1249643,136,False,0.126908111343909
1249646,89,False,0.16721178101772083
1249648,5,False,0.0
1249649,302,False,0.19569486210953463
1249650,59,False,0.2917042305638189
1249651,0,False,0.0
1249652,0,False,0.0
1249653,2,False,0.0
1249655,56,False,0.4221776392266899
1249656,158,False,0.12540192926045016
1249660,35,False,0.33226625919627795
1249662,3,False,0.516694383517589
1249664,112,False,0.35250439840061937
1249665,111,False,0.3904319686263193
1249666,32,False,0.5663337597959143
1249667,66,False,0.3681630285863373
1249668,17,False,0.3932079736483583
1249669,45,False,0.21535835733492326
1249670,210,False,0.5618552446010984
1249671,77,False,0.18429325266123664
1249673,50,False,0.0454382007780066
1249674,56,False,0.4354983506885771
1249675,152,False,0.11849594642890733
1249676,158,False,0.05960648148148148
1249677,9,False,0.35907723115406787
1249680,30,False,0.15768627945313976
1249681,5,False,0.9793453485835564
1249683,0,False,0.0
1249685,3,False,0.0
1249688,308,True,0.07974335472043996
1249689,5,False,0.441159447075916
1249690,20,False,0.18000380155863904
1249691,39,False,0.3823494594494041
1249693,36,False,0.4928867405850943
1249694,36,False,0.24322001940178142
1249695,41,False,0.17926565874730022
1249696,186,False,0.12616581265897445
1249697,4,False,0.05778871570504056
1249698,3,False,0.45710948589739625
1249700,16,False,0.11836403033586133
1249702,43,False,0.39646659520815775
1249703,3,False,0.0
1249705,171,False,0.28873697767603823
1249706,48,False,0.412014576143436
1249707,8,False,0.41313245733605836
1249709,7,False,0.0
1249712,41,False,0.7500210751576675
1249713,46,False,0.45868132253720223
1249714,214,False,0.19114775439357778
1249715,16,False,0.4428679834385659
1249716,49,False,0.38720159743542737
1249717,34,False,0.34943113229165185
1249718,18,False,0.519610171984106
1249719,293,False,0.04568788501026694
1249720,1,False,0.0
1249722,54,False,0.11186041532862342
1249723,41,False,0.24455714900786665
1249724,2,False,0.33836013325243985
1249725,138,False,0.2271466763979067
1249726,6,False,0.0
1249728,23,False,0.4482809362111226
1249729,42,False,0.1581272935405638
1249731,41,False,0.2859375792416467
1249732,59,False,0.14897349702355295
1249733,75,False,0.10330188679245284
1249734,41,False,0.5743410509742629
1249735,80,False,0.8730418737011029
1249736,38,False,0.44729086083886965
1249737,30,False,0.4344960454052164
1249740,19,False,0.27460413770731434
1249742,12,False,0.4723370249221236
1249743,14,False,0.24504850216828297
1249746,26,False,0.1988515717810531
1249749,8,False,0.20555199615815764
1249750,40,False,0.4067667359130628
1249751,34,False,0.3299730657423948
1249753,42,False,0.12597278905800782
1249754,12,False,0.0
1249755,5,False,0.3394382954655703
1249756,13,False,0.5175026200324295
1249759,41,False,0.433460914826197
1249760,14,False,0.034846765039727584
1249761,0,False,0.0
1249763,2,False,0.5181961148496568
1249764,43,False,0.3065375058643638
1249766,98,False,0.3617034418673884
1249767,62,False,0.25075470128397515
1249769,26,False,0.30974385331456
1249770,7,False,0.27324129035730976
1249771,2,False,0.0
1249772,90,False,0.06023991655076495
1249773,19,False,0.39864129981293644
1249774,25,False,0.21205822704374494
1249775,3,False,0.37773212941375467
1249777,16,False,0.309838949473506
1249778,3,False,0.6135308848447709
1249779,127,False,0.27082721521491715
1249780,8,False,0.5582478040540436
1249782,10,False,0.6452656521846819
1249783,167,False,0.14591009579955785
1249784,0,False,0.0
1249785,3,False,0.5367355241576011
1249786,21,False,0.5493244220629985
1249787,13,False,0.41922908824070604
1249789,8,False,0.46887042910888005
1249793,114,False,0.2849936139585636
1249794,7,False,0.971107983937059
1249795,35,False,0.4018667323064271
1249796,13,False,0.307589481989091
1249797,2,False,0.0
1249798,17,False,0.7461494780417912
1249799,7,False,0.6274973736983833
1249800,8,False,0.49106455064589055
1249801,58,False,0.4233174266833626
1249804,21,False,0.19447627753294394
1249806,7,False,0.4079384507781081
1249807,39,False,0.2817401280699961
1249808,190,True,0.1194596876319122
1249809,26,False,0.5009774788009776
1249812,13,False,0.7249913012468729
1249815,300,False,0.04077761972498815
1249816,12,False,0.3801276361820026
1249819,35,False,0.27193557961508463
1249820,10,False,0.16905615292712067
1249821,49,False,0.2024341778440139
1249822,59,False,0.38929627260106714
1249823,82,False,0.13782680765874808
1249828,18,False,0.531007480892431
1249829,39,False,0.3683007312745284
1249833,160,False,0.12027597853296346
1249834,25,False,0.9300644637942393
1249835,39,False,0.32992943231444655
1249836,106,False,0.3433288061959518
1249837,21,False,0.6242620801255587
1249838,0,False,0.0
1249839,4,False,0.0
1249840,63,False,0.2058408811471123
1249841,1,False,0.0
1249842,1,False,0.0
1249843,3,False,0.7502621460222029
1249844,26,False,0.24023811892997973
1249846,14,False,0.5609058428579751
1249848,8,False,0.5463253605069099
1249850,2,False,0.47459666207509454
1249851,36,False,0.2558536775142971
1249853,29,False,0.39077068004939564
1249855,51,False,0.24942175982262255
1249856,119,False,0.0664989939637827
1249857,158,True,0.11595273264401773
1249858,33,False,0.128597875416713
1249859,51,False,0.3384105082266977
1249860,11,False,0.5569624897972122
1249861,49,False,0.23384312060179568
1249862,10,False,0.3012770627021829
1249863,13,False,0.5428872180501992
1249864,15,False,0.4536897340299248
1249865,17,False,0.3757629596701214
1249866,10,False,0.46011008877374265
1249867,20,False,0.3422787171142474
1249868,143,False,0.3131274269455827
1249870,26,False,0.9117125459050706
1249871,2,False,0.0
1249872,23,False,0.15899129558252573
1249874,46,False,0.3864386425759271
1249875,78,False,0.28168767507002807
1249876,66,False,0.1691761110436564
1249877,21,False,0.559440667701416
1249879,12,False,0.2842877832868513
1249880,0,False,0.0
1249881,62,False,0.6172482521626715
1249882,20,False,0.36980215479129874
1249883,11,False,0.4658782084546683
1249884,11,False,0.10020506885638282
1249885,1,False,0.34969793192469395
1249886,7,False,0.44864231479745054
1249887,20,False,0.4031090405097998
1249889,2,False,0.6565917101471919
1249891,169,False,0.34907849236499733
1249892,16,False,0.23067120508649547
1249893,2,False,0.5751968633039107
1249894,0,False,0.0
1249895,2,False,0.0
1249896,94,False,0.17231041075638048
1249897,17,False,0.5007476782474706
1249898,67,False,0.2441173278493751
1249899,5,False,0.5585278536544316
1249900,24,False,0.5619459744277944
1249901,64,False,0.361431401045238
1249903,8,False,0.3188439175887527
1249904,79,False,0.23139044068543388
1249905,0,False,0.0
1249908,29,False,0.23197287084473966
1249909,49,False,0.25680779717725793
1249910,13,False,0.4877035431708269
1249911,5,False,0.477241375859593
1249912,17,False,0.4708890056250852
1249913,46,False,0.04959209137153278
1249915,7,False,0.4421386884077507
1249916,11,False,0.47810680724585075
1249917,29,False,0.3262946894776832
1249918,3,False,0.5040815885513447
1249919,2,False,0.6507714117600255
1249920,19,False,0.107004176532737
1249924,25,False,0.24691501443064395
1249927,33,False,0.5099164558035651
1249929,3,False,0.43605251707624093
1249931,29,False,0.3817050366667127
1249932,55,False,0.18169381164498383
1249933,154,True,0.3234959985653183
1249936,25,False,0.46225123658708933
1249939,64,False,0.3018284932889739
1249941,11,False,0.3915576954029623
1249943,14,False,0.1905378469978009
1249945,15,False,0.6000237388121455
1249946,5,False,0.5749515338976763
1249947,9,False,0.5089148982429716
1249948,56,False,0.14897349702355295
1249949,20,False,0.4647922235295048
1249950,68,False,0.42053195755514
1249951,18,False,0.5027691954267335
1249952,10,False,0.7068503313578037
1249953,25,False,0.34259542696246914
1249955,6,False,0.0
1249956,27,False,0.5635851728484749
1249957,39,False,0.22617312538762332
1249959,13,False,0.2611482808724637
1249960,9,False,0.3761166252726491
1249962,46,False,0.315426899645938
1249963,8,False,0.4249973334634444
1249964,61,False,0.2091203807617569
1249965,20,False,0.37716076400211507
1249966,45,False,0.20395043655794845
1249967,16,True,0.1662278662253279
1249969,52,False,0.11483361534122956
1249970,5,False,0.5886301332656151
1249972,32,False,0.29067443651935637
1249973,17,False,0.10043174342105263
1249974,36,False,0.2599443565606693
1249975,42,False,0.1868950994970049
1249976,23,False,0.30583512304499466
1249978,107,False,0.22463846769085127
1249979,3,False,0.6717401985754387
1249980,3,False,0.324167538161017
1249982,66,False,0.2043957489047217
1249984,27,False,0.25300435565217044
1249985,39,False,0.32663294774256735
1249986,11,False,0.2806817579181938
1249987,18,False,0.24820224264362956
1249988,48,False,0.2117914080522508
1249989,4,False,0.46202601933503296
1249990,42,False,0.285754670022634
1249991,27,False,0.25099615056541025
1249992,21,False,0.3133983988210479
1249993,32,False,0.49690882921086527
1249994,98,False,0.1999024492758266
1249995,17,False,0.2581405409603697
1249996,9,False,0.4134404870688277
1249997,20,False,0.5207821566557344
1249999,1,False,0.0
1250000,2,False,0.5942124742429932
1250001,0,False,0.0
1250002,75,False,0.27722105974423444
1250004,122,False,0.06719929418684442
1250006,5,False,0.7341350226184431
1250009,4,False,0.5695429561443273
1250010,22,False,0.26275125872463645
1250011,25,False,0.42465669089726454
1250013,146,False,0.17131424647610446
1250014,33,False,0.34277510963926544
1250015,133,False,0.15983668531680023
1250016,63,False,0.37541639200698684
1250017,51,False,0.29516412603401226
1250019,59,False,0.0927860696517413
1250021,157,True,0.14215771438926167
1250024,61,False,0.49686527595955854
1250025,92,False,0.2562631422987439
1250026,46,False,0.4100577286415856
1250027,33,False,0.2465525876712922
1250029,112,False,0.1279162729849553
1250031,72,False,0.21656424364548738
1250032,103,False,0.32775743862232426
1250033,109,False,0.1814184607507102
1250039,7,False,0.0
1250040,53,False,0.24923890259846357
1250042,3,False,0.8994252940881
1250043,42,False,0.4816282276934808
1250044,7,False,0.5241111361438947
1250048,29,False,0.20615228395263235
1250049,10,False,0.34471818868879733
1250056,48,False,0.3419785511052747
1250058,18,False,0.4327724811503413
1250059,5,False,0.28882315439474726
1250060,25,False,0.5207214450497871
1250061,1,False,0.0
1250062,39,False,0.4658880935346578
1250064,7,False,0.39903926229254516
1250067,5,False,0.576613899290582
1250068,1,False,0.0
1250069,104,False,0.1305165418746739
1250071,119,False,0.20606925980447452
1250072,172,False,0.18074204946996467
1250073,134,False,0.18505919172676555
1250075,8,False,0.11579212916246215
1250076,38,False,0.2937436522719544
1250077,38,False,0.018739734209347467
1250078,43,False,0.22979710043003349
1250082,44,False,0.038220289370243375
1250083,14,False,0.07903712062518947
1250084,12,False,0.2649785340960755
1250085,46,True,0.331061698369828
1250086,45,False,0.3590864196763979
1250087,29,False,0.5910799766854697
1250089,2,False,0.4118548364507697
1250090,34,False,0.5002252775404719
1250091,169,True,0.2240674867750804
1250092,10,False,0.46972780541579895
1250093,46,False,0.23786070048609273
1250098,3,False,0.631847551779989
1250099,12,False,0.5641806794681998
1250101,25,False,0.2553020341298934
1250104,4,False,0.0
1250107,117,True,0.12679474216380182
1250109,4,True,0.325679637224099
1250111,189,False,0.1011326860841424
1250113,26,False,0.33700839525472154
1250114,9,False,0.45033976655739927
1250115,9,False,0.13739868776534156
1250116,45,False,0.14601103863522327
1250117,4,False,0.0
1250118,22,False,0.45510281083579884
1250119,39,False,0.21894154888604522
1250120,27,False,0.9314908867886359
1250121,17,False,0.3872210456765478
1250123,83,False,0.046191972395159986
1250124,221,True,0.11816682446246518
1250125,22,False,0.134129652782522
1250126,251,False,0.06505372447816034
1250127,20,False,0.37465283782400505
1250128,2,False,0.6472387619464577
1250129,18,False,0.4949787407754534
1250132,3,False,0.0
1250138,1,False,0.47439220195176446
1250139,58,False,0.21482550816727294
1250140,58,False,0.3736242232471002
1250143,10,False,0.5734824958289979
1250145,56,False,0.11825039401843361
1250146,18,False,0.5722592885856441
1250147,66,False,0.4976884725950186
1250149,164,False,0.12826155297076391
1250151,7,False,0.0
1250152,28,False,0.5789797880875291
1250153,38,False,0.41522803937137204
1250154,69,True,0.2456852545178677
1250155,12,False,0.0
1250156,5,False,0.19109137903007278
1250157,29,False,0.1260572177739973
1250159,221,True,0.16512472186438693
1250161,37,False,0.19826941648435148
1250163,69,False,0.2299514989424648
1250164,12,True,0.3112618985972672
1250165,41,False,0.006156458974631143
1250167,5,False,0.36307112075507175
1250169,8,False,0.5260371644525716
1250170,295,False,0.13517369132849352
1250171,305,False,0.14805194805194805
1250172,29,False,0.23984496902773694
1250173,32,False,0.17620948340504122
1250174,137,False,0.16947965099949514
1250175,20,False,0.0
1250176,0,False,0.0
1250178,6,False,0.21757961326226574
1250179,16,False,0.3523122321933867
1250180,16,False,0.18767317815119586
1250181,12,False,0.3710436824296479
1250183,3,False,0.0
1250184,25,False,0.23823392292770593
1250185,5,False,0.0
1250186,303,False,0.1574875667710444
1250187,135,False,0.11511239764251813
1250188,16,False,0.26300294878923863
1250189,29,False,0.5232515261263646
1250191,72,False,0.524860806729661
1250192,11,False,0.26522532788655057
1250193,22,False,0.18409479599315906
1250194,299,False,0.06192236598890943
1250195,34,False,0.2514382851501609
1250196,3,False,0.0
1250197,5,False,0.5638135407836911
1250200,22,False,0.32207601971752914
1250201,57,False,0.38276079728094886
1250202,67,False,0.13605039562199675
1250208,10,False,0.33185646097890953
1250211,81,False,0.3772833885689422
1250213,27,False,0.6448144454162915
1250215,49,False,0.23906288225688355
1250216,7,False,0.43554891140561924
1250218,41,False,0.16748469289612003
1250221,156,False,0.26401072503966383
1250222,228,True,0.0016492184138821166
1250223,11,False,0.25980917949012416
1250224,14,False,0.251423055839747
1250225,35,False,0.25424687980844496
1250227,25,False,0.32974895232723545
1250228,11,False,0.43678387797581664
1250229,7,False,0.39429550132114577
1250230,57,False,0.13982091225873883
1250231,24,False,0.46437150034266694
1250232,23,False,0.36070605838330005
1250234,0,False,0.0
1250236,67,False,0.04139554434636402
1250237,65,False,0.19232663955743334
1250238,10,False,0.4460717188221288
1250241,14,False,0.0
1250244,9,False,0.5569470707136496
1250246,1,False,0.5844974761035665
1250247,56,False,0.29269351697976126
1250248,18,False,0.426582150925777
1250249,68,False,0.27700953083285884
1250250,69,False,0.2957971420681724
1250251,40,False,0.2532199886183803
1250252,67,False,0.35934810034513454
1250254,302,False,0.22897356689185341
1250255,13,False,0.5412539896550644
1250259,94,False,0.08325389259612329
1250260,4,False,0.5754840906662759
1250262,16,False,0.44697823101931594
1250265,115,False,0.14650357067100334
1250267,39,False,0.5475906232656891
1250268,44,False,0.831964847107749
1250270,88,False,0.11533420707732633
1250271,10,False,0.3446813817184188
1250272,97,False,0.140736919361568
1250274,18,False,0.6207289619729685
1250276,90,False,0.4861545844637176
1250277,13,False,0.17217715919001236
1250278,14,False,0.5568385465996918
1250279,21,False,0.45556753698447916
1250280,98,False,0.5673507555925181
1250285,62,False,0.36505363546162856
1250287,26,False,0.11997857499507082
1250289,14,False,0.5508142039843492
1250291,20,False,0.18423756573012587
1250292,50,False,0.2195614372302767
1250295,44,False,0.9627335611033075
1250297,23,False,0.16376716105081035
1250298,116,False,0.14676862358164774
1250299,19,False,0.11882510013351136
1250301,7,False,0.6879220223511552
1250302,27,False,0.21016561964591662
1250304,28,True,0.08643630737493553
1250305,207,False,0.9487154295358186
1250306,115,False,0.6143260128323094
1250307,49,False,0.15774223338103516
1250310,135,False,0.16088925216374228
1250313,31,False,0.41005919591492695
1250315,20,False,0.5774033815482916
1250316,33,False,0.2552909734513082
1250319,89,False,0.059549484783129644
1250320,69,False,0.4619809458049617
1250321,301,False,0.08413623810984965
1250325,302,False,0.13323337742696972
1250327,115,False,0.2248326349581204
1250328,16,False,0.5236990573742024
1250329,24,False,0.3412499024121192
1250330,98,False,0.3844794415764115
1250331,29,False,0.4055318776801059
1250332,39,False,0.02146492586855499
1250333,68,False,0.2608240140366142
1250334,200,False,0.218020592102309
1250335,62,False,0.44461188907941174
1250336,112,False,0.17399416400185694
1250338,29,False,0.3108610474649845
1250340,3,False,0.5405242264863986
1250341,43,False,0.6025156172926864
1250342,2,False,0.29372937293729373
1250343,27,False,0.21939426096266887
1250346,61,False,0.3293942627584641
1250347,95,False,0.19727304087566422
1250348,20,False,0.49933498831246487
1250352,161,False,0.449897754093622
1250354,11,False,0.9035433770720501
1250355,39,False,0.5537722646957928
1250356,47,False,0.9076054793841571
1250357,134,False,0.15178045204521134
1250362,33,False,0.36460222401961656
1250363,32,False,0.49012039830225107
1250364,55,False,0.3870543179854065
1250365,36,False,0.859610515858179
1250369,134,False,0.18181558420860883
1250370,37,False,0.36252075116641946
1250371,3,False,0.3211564609622862
1250372,42,False,0.5959499044883433
1250373,18,False,0.18288840204315487
1250377,14,False,0.5107205592821413
1250378,20,False,0.12441606976019931
1250379,48,False,0.16849688505967408
1250380,5,False,0.5564357779676417
1250381,162,False,0.18718440538164377
1250382,304,False,0.13862537652063686
1250383,44,False,0.180878028145972
1250384,82,False,0.9384965010044974
1250386,64,False,0.176326823090506
1250387,3,False,0.25511630843405597
1250388,8,False,0.3985656745806501
1250389,25,False,0.40591208491120534
1250392,177,False,0.45656176345717947
1250395,45,False,0.28812506612395217
1250396,6,False,0.5586652267257137
1250397,4,False,0.892879571703429
1250398,91,False,0.33305350686866864
1250400,15,False,0.32439134445692286
1250402,302,False,0.04739625711960944
1250403,130,False,0.09289921040787469
1250404,43,False,0.2859263102663857
1250406,3,False,0.941774099241018
1250407,63,False,0.7761365534273246
1250408,53,False,0.24549565325960102
1250409,14,False,0.4708890056250852
1250410,34,False,0.30296904611497155
1250411,12,False,0.1608207403299598
1250412,6,False,0.22180439889067483
1250413,2,False,0.5611559804362947
1250414,1,False,0.0
1250415,68,False,0.115222096258889
1250416,2,False,0.32628309132533295
1250417,143,False,0.7647374014439061
1250419,7,False,0.40629390525785597
1250423,206,False,0.0
1250424,17,False,0.0
1250425,21,False,0.05865880619012528
1250426,8,False,0.02655242619613166
1250428,42,False,0.12637517630465445
1250430,1,False,0.47830314811260594
1250432,2,False,0.5912231880495373
1250434,92,False,0.9415211268075886
1250435,81,False,0.8189567254378893
1250436,10,False,0.8364305288048316
1250437,47,False,0.6681786658710491
1250438,25,False,0.876502138666764
1250440,3,False,0.14054542467553804
1250441,1,False,0.0
1250442,63,False,0.7323715987815205
1250443,88,False,0.43715449687573166
1250445,3,False,0.623593896950845
1250446,5,False,0.7254541129286676
1250447,45,False,0.3416669506746039
1250450,34,False,0.2563071841006247
1250452,3,False,0.8053649012176649
1250453,76,False,0.5312906152938349
1250454,37,False,0.33722505127919294
1250455,49,False,0.5213139294360972
1250456,99,False,0.15464400997878874
1250458,63,False,0.18428080885158335
1250461,36,False,0.24930447470415945
1250462,10,False,0.0
1250463,10,False,0.6717864574507469
1250466,46,False,0.4392198308115094
1250467,142,False,0.07972199509403106
1250468,48,False,0.13805791337496165
1250471,8,False,0.5440980596511391
1250472,172,False,0.6216317949141745
1250473,7,False,0.8782938765782025
1250474,62,False,0.17302756198107977
1250475,8,False,0.5636973753625608
1250478,15,False,0.30021493170055374
1250479,28,True,0.13297408630189417
1250480,63,False,0.3162060992121557
1250482,16,False,0.3628942341026478
1250485,42,False,0.30735883819226184
1250486,47,False,0.052598622417031934
1250487,37,False,0.4960617395168326
1250488,14,False,0.9718579754191766
1250491,120,False,0.1654062171835433
1250492,73,False,0.2563632874388978
1250493,11,False,0.4911971677693815
1250494,48,False,0.45155301205153875
1250495,23,False,0.14040260509177027
1250497,5,False,0.6452715914500546
1250499,3,False,0.5885900064928198
1250500,9,False,0.0
1250501,41,False,0.22703875460932357
1250502,14,False,0.5780320327366942
1250503,303,False,0.09705648369132856
1250505,246,False,0.15273592577682019
1250507,208,False,0.4235388310648519
1250509,115,False,0.15880843557187932
1250512,47,False,0.6563433045770671
1250513,1,False,0.7010216726339388
1250516,119,False,0.17883360543813753
1250517,44,False,0.236953548668289
1250521,41,False,0.5529732296639663
1250524,12,False,0.6965285352470374
1250525,51,False,0.59618266905599
1250529,31,False,0.6217530546958785
1250530,38,False,0.2552909734513082
1250531,115,True,0.1239829971782219
1250536,38,False,0.17678765692015622
1250537,47,False,0.3767091527651715
1250539,2,False,0.6386189786468809
1250540,44,False,0.831964847107749
1250541,19,False,0.4354509010792117
1250542,50,False,0.2526794716785603
1250543,5,False,0.5073343984177806
1250544,3,False,0.41879600748685947
1250545,7,False,0.0
1250546,0,False,0.0
1250547,301,False,0.08421937141802956
1250550,43,False,0.5959499044883433
1250552,10,False,0.2935550937454645
1250554,32,False,0.6727943602385674
1250555,10,False,0.8195267121052201
1250558,86,False,0.6281123454947453
1250559,17,False,0.6444552742821903
1250560,33,False,0.17274045540702432
1250561,62,False,0.24730601855624107
1250562,8,False,0.2214022910252019
1250563,22,False,0.14197875908328675
1250565,34,False,0.42035980855615485
1250566,302,False,0.2536431911580958
1250569,179,True,0.2719054774551564
1250571,89,False,0.2515219406300252
1250573,4,False,0.5657256724905697
1250575,112,False,0.38416702472481756
1250576,110,True,0.22981898300063003
1250577,12,False,0.5728245564509047
1250578,42,False,0.4816282276934808
1250580,99,False,0.16081817287702632
1250581,153,False,0.1934268491115421
1250584,52,False,0.3093512604188781
1250585,23,False,0.4249004827891326
1250588,34,False,0.0
1250589,13,False,0.6232907320042732
1250591,76,False,0.6324651154949699
1250593,101,False,0.19108496606907446
1250594,9,False,0.36370638407857325
1250597,22,False,0.007910323170489326
1250598,146,False,0.2837275558100689
1250599,44,False,0.23197287084473966
1250600,13,False,0.5282451038697017
1250601,1,False,0.0
1250602,77,False,0.11445210253391463
1250605,17,False,0.2534916576527399
1250606,44,False,0.40399676948275337
1250607,55,False,0.0
1250608,13,False,0.599000759424207
1250609,6,False,0.5360594186913261
1250610,47,False,0.507867020323146
1250611,117,False,0.22993312157398843
1250612,49,False,0.14196637345507182
1250613,12,False,0.2637758862861789
1250614,0,False,0.0
1250615,14,False,0.46955015577960674
1250616,10,False,0.1512546745087708
1250617,25,False,0.5619705664477429
1250619,87,False,0.20718450847133033
1250620,17,False,0.30605613420893685
1250623,61,False,0.21079459518424137
1250624,24,False,0.3694187533260315
1250625,69,False,0.41433378601433174
1250626,1,False,0.3601441522247493
1250627,13,False,0.41368945612643093
1250628,36,False,0.5001319082642862
1250629,12,False,0.44929773811834406
1250630,40,False,0.2356072926999191
1250631,17,False,0.3090991194400542
1250632,3,False,0.0
1250634,37,False,0.4383667136115435
1250635,29,False,0.7464570702413064
1250636,76,False,0.12157534246575342
1250639,9,False,0.30580594656175475
1250640,50,False,0.4385700539335392
1250641,33,False,0.3761452617972069
1250642,16,False,0.47752960313628146
1250644,52,False,0.14469171704591166
1250647,110,False,0.1305165418746739
1250649,145,False,0.15364870475657022
1250650,3,False,0.6188931848024068
1250651,23,False,0.3495553812835975
1250652,6,False,0.48417368309282544
1250654,43,False,0.1061081982372799
1250655,47,False,0.18954473881147188
1250656,42,False,0.30362699301641716
1250657,27,False,0.2603898472410583
1250658,30,False,0.12645730686801573
1250659,106,False,0.1492369320537176
1250660,3,False,0.6919964585459614
1250662,137,False,0.3227264493762316
1250667,1,False,0.8790227535539556
1250668,49,False,0.12355610561056106
1250670,3,False,0.0
1250673,113,False,0.27042963115081725
1250674,2,False,0.27916535628174705
1250675,2,False,0.0
1250676,23,False,0.4981318196050973
1250681,24,False,0.0
1250682,1,False,0.0
1250685,127,False,0.11498017447544381
1250686,32,False,0.21668472372697725
1250687,66,False,0.17450248756218906
1250688,17,False,0.07739255742985504
1250689,5,False,0.8287388331320111
1250690,14,False,0.3709516644606263
1250691,3,False,0.16492045831096971
1250692,14,False,0.24066510936878047
1250693,17,False,0.05161005734450816
1250694,5,False,0.5425957464372688
1250695,7,False,0.2568737759261097
1250696,11,False,0.372644259443696
1250697,208,True,0.3786223428211502
1250698,14,False,0.0
1250700,32,False,0.44557548606004266
1250702,142,False,0.41028374355928177
1250703,23,False,0.6529029151436051
1250704,36,False,0.6242620801255587
1250705,28,False,0.43262686014840196
1250706,19,False,0.44073989410805525
1250709,7,False,0.28929492597984363
1250710,13,False,0.24729216040256655
1250711,1,False,0.21948911238717628
1250712,1,False,0.19381270805562234
1250713,45,False,0.8957941230119576
1250714,8,False,0.1489017106994635
1250718,183,True,0.13466978231459845
1250719,206,False,0.2914282204669224
1250720,18,False,0.2824375547131648
1250721,110,False,0.2688117162012206
1250722,174,False,0.13030425806049187
1250723,48,False,0.1843443401632444
1250724,31,False,0.11253796064651839
1250725,301,False,0.07542542129445828
1250726,304,False,0.0032797914389033726
1250727,1,False,0.34866766652305264
1250728,16,False,0.2220161834120027
1250729,8,False,0.32633722401133747
1250730,34,False,0.38045784784917747
1250731,298,False,0.16249912694978433
1250733,66,False,0.045397283465013163
1250735,18,False,0.3512284114440647
1250736,72,False,0.05534607789705903
1250738,59,False,0.20966336622519638
1250739,51,False,0.18628094202769624
1250740,16,False,0.6507684346908542
1250742,13,False,0.26522532788655057
1250745,16,False,0.5453302508712167
1250746,5,False,0.6443008214938518
1250747,9,False,0.6486667225991882
1250748,7,False,0.8865184878870487
1250749,38,False,0.48701134026215753
1250750,9,False,0.8790729362966953
1250752,13,False,0.6218756960480057
1250754,116,False,0.2638593465185687
1250755,110,False,0.3752810961598054
1250756,115,False,0.2233826809977692
1250757,71,False,0.3067913566873088
1250758,21,False,0.30858137742287917
1250759,9,False,0.3687902383575139
1250760,40,False,0.46563632742595107
1250761,13,False,0.6273804475998227
1250763,14,False,0.3385223453961374
1250764,10,False,0.21177837652730602
1250766,9,False,0.5842387008894752
1250768,57,False,0.4558684726367604
1250769,27,False,0.25099615056541025
1250770,31,False,0.5378653539338276
1250771,3,False,0.6565939223896557
1250772,19,False,0.46260662318253454
1250773,2,False,0.9333908625492584
1250777,8,False,0.3011753432167473
1250778,46,False,0.3748758217076285
1250779,86,False,0.16591102976362004
1250780,34,False,0.16938208242116728
1250781,12,False,0.5038805132732612
1250782,0,False,0.0
1250783,18,False,0.40762851648783294
1250785,22,False,0.5004937514718655
1250786,170,False,0.6969614401169087
1250787,20,False,0.20749948773990848
1250788,40,False,0.37241845108175703
1250789,35,False,0.44158020237561046
1250791,8,False,0.9012155624798852
1250792,43,False,0.4448686178389632
1250793,31,False,0.7733210934934778
1250794,39,False,0.7378006506825414
1250797,0,False,0.0
1250798,63,False,0.7761365534273246
1250800,56,False,0.37728174362250905
1250802,299,False,0.27799779761432764
1250803,110,False,0.08207466514676547
1250806,181,False,0.22570216205294
1250807,4,False,0.6399670807111824
1250808,83,False,0.11984513852134915
1250809,98,False,0.33613235552670373
1250810,10,False,0.5159026229840624
1250811,39,False,0.3036406672815047
1250812,17,False,0.9484995351887907
1250813,40,False,0.12128967264288533
1250814,63,False,0.5348762528414275
1250816,69,True,0.33598164946303827
1250817,37,False,0.2957316207000782
1250818,304,True,0.24440692275221612
1250819,3,False,0.0
1250820,32,False,0.6398928412702146
1250821,16,False,0.558683296504198
1250822,10,False,0.5182268489095921
1250823,43,False,0.3364782549694513
1250826,48,False,0.3331894254187332
1250827,22,False,0.3223523348264702
1250831,82,False,0.18225205070842654
1250832,6,False,0.4125842394387741
1250833,165,False,0.31614475952065774
1250834,159,False,0.3639135332176156
1250835,30,False,0.3914847439899483
1250836,218,True,0.06867903627803933
1250837,43,False,0.028836754643206258
1250838,138,False,0.12403447889846636
1250841,94,False,0.2132132132132132
1250842,45,False,0.1822566272623888
1250843,47,False,0.29542036621874057
1250844,67,False,0.5025754149748316
1250845,295,False,0.0674802584350323
1250846,43,False,0.10143001076583742
1250848,12,False,0.4596530535472731
1250849,8,False,0.45927265202490736
1250850,20,False,0.49174069789464164
1250852,12,False,0.46943306992231926
1250853,4,False,0.05418627923353471
1250854,2,False,0.6388566868025344
1250855,18,False,0.1474792261147704
1250856,1,False,0.6075579122992695
1250857,5,False,0.9535174782383906
1250858,16,False,0.1662278662253279
1250859,4,False,0.8013576096115375
1250861,22,False,0.5192466894242979
1250862,10,False,0.0
1250863,54,False,0.11535856584995381
1250864,6,False,0.5415842152942593
1250865,10,False,0.31938826765005235
1250866,23,False,0.8532889068391891
1250867,11,False,0.3048720978791809
1250868,24,False,0.2049397590361446
1250869,67,False,0.3276992859030066
1250870,23,False,0.9075522405580513
1250871,19,False,0.2005188820599099
1250872,9,False,0.45394163882964067
1250873,23,False,0.4279001976295592
1250874,39,False,0.0027504342790966993
1250875,13,False,0.1821336310110306
1250876,8,False,0.929181971193991
1250877,5,False,0.0
1250878,9,False,0.4892267100491854
1250880,37,False,0.1743058756118262
1250882,28,False,0.14481409001956946
1250883,83,False,0.40632776824549816
1250886,14,False,0.3467200856530351
1250888,5,False,0.6739059447771959
1250890,52,False,0.3352871822324355
1250891,45,False,0.33494994805106243
1250892,36,False,0.18651902040915677
1250893,29,False,0.35785446362753315
1250894,63,False,0.16165285503462368
1250895,170,False,0.41889145511284737
1250896,61,False,0.8387317232048523
1250897,17,False,0.3512284114440647
1250898,21,False,0.44179462325670943
1250899,13,False,0.704257958606683
1250900,11,False,0.0
1250902,9,False,0.48101469265288244
1250904,5,False,0.5441421465614279
1250906,70,False,0.1593245857988989
1250908,29,False,0.14160728073459036
1250909,81,False,0.04588158182215425
1250910,13,False,0.5372721882095284
1250911,107,False,0.06492912665752172
1250912,53,False,0.24622658720084592
1250914,64,False,0.04191988093761627
1250917,12,False,0.4538610799480929
1250918,11,False,0.3226553657792992
1250919,46,False,0.9013723153300749
1250920,7,False,0.6841569944606893
1250921,10,False,0.6452656521846819
1250922,28,False,0.3770953689793328
1250923,11,False,0.2502021698516933
1250926,13,False,0.36712623754178597
1250927,10,False,0.6587079082519476
1250930,2,False,0.6386189786468809
1250931,45,False,0.2587809192245022
1250933,7,False,0.698938283152257
1250934,6,False,0.6875387232375849
1250935,16,False,0.40230693631818615
1250936,7,False,0.4537418665903801
1250937,68,False,0.34433621465328845
1250938,13,False,0.5893674781540437
1250939,12,False,0.4462271749784609
1250940,28,False,0.3844852330536921
1250943,158,False,0.449897754093622
1250944,19,False,0.12106199108476248
1250945,132,False,0.4886634844868735
1250946,158,False,0.3243338676693498
1250948,59,False,0.8770053994404217
1250949,40,False,0.454304682266393
1250951,10,False,0.2252565350916994
1250952,25,False,0.876502138666764
1250953,66,False,0.08418727761525446
1250954,1,False,0.40209537462067607
1250955,0,False,0.0
1250957,145,False,0.3454330862933112
1250958,54,False,0.4983964938077208
1250959,54,False,0.8816299684020397
1250961,53,False,0.01353429713934174
1250962,301,False,0.07858355052280105
1250964,101,False,0.5776258650200943
1250965,9,False,0.5378919346617742
1250966,12,False,0.47626503506159573
1250967,22,False,0.43130687677264545
1250969,44,False,0.8274796942505946
1250970,15,False,0.10624735759595752
1250971,169,False,0.2966002627771443
1250972,23,False,0.0
1250973,66,False,0.17732019112077244
1250974,19,False,0.5283020427886727
1250975,7,False,0.5581537306940707
1250976,59,False,0.2650209398536629
1250977,6,False,0.3053715983567052
1250978,7,False,0.0
1250979,6,False,0.32415520523323504
1250980,72,False,0.14379946264567559
1250984,71,False,0.09700785012704312
1250988,113,False,0.34367902576925824
1250989,5,False,0.6234937857115028
1250990,25,False,0.357993864073521
1250991,11,False,0.3881669699459967
1250992,111,True,0.04912140575079872
1250995,28,False,0.25497727483606686
1250996,104,False,0.44291557465121806
1250998,86,False,0.34250306076338294
1250999,91,False,0.4861545844637176
1251001,101,False,0.10621638818152278
1251002,9,False,0.8522259404498987
1251003,53,False,0.131707162734555
1251004,22,False,0.454275849255262
1251006,3,False,0.7502621460222029
1251007,28,False,0.15342167263258874
1251011,16,False,0.15043700208832855
1251012,102,False,0.6411154495342013
1251014,3,False,0.623593896950845
1251016,22,False,0.4049591619518327
1251018,5,False,0.4355143013375132
1251019,48,False,0.24622658720084592
1251020,26,False,0.33627303885924575
1251021,13,False,0.5060334380499154
1251022,303,False,0.08649855821169433
1251023,303,True,0.02729528535980149
1251024,70,False,0.2563411628072571
1251026,62,False,0.7443160013212399
1251027,1,False,0.22816818168210654
1251028,38,False,0.25698283701256064
1251029,58,False,0.21026903193227037
1251030,104,False,0.3140576713695797
1251031,170,False,0.6729799535671906
1251032,2,False,0.0
1251033,11,False,0.35341799288888903
1251034,16,False,0.5516142174760426
1251036,129,False,0.9916775843269091
1251037,37,False,0.22617312538762332
1251038,16,False,0.20814064167147753
1251039,12,False,0.19210760995092388
1251040,45,False,0.01552363299351251
1251041,39,False,0.2589944446528505
1251042,160,False,0.3629084598324417
1251043,6,False,0.43193362807947455
1251045,5,False,0.14188473755861442
1251046,20,False,0.4321215221206171
1251047,1,False,0.46034243731108554
1251048,57,False,0.21026903193227037
1251049,14,False,0.0
1251050,300,False,0.17563291139240506
1251052,47,False,0.19355513660141313
1251053,10,False,0.28900763663688406
1251054,24,False,0.0
1251056,5,False,0.19097758769835388
1251057,8,False,0.48202848981659013
1251058,46,False,0.49638187900854464
1251059,10,False,0.6222413430517281
1251060,20,False,0.3238293925460188
1251062,48,False,0.27698253462105304
1251063,21,False,0.39241386212496904
1251064,33,False,0.8173480228814493
1251065,4,False,0.7008820799389868
1251066,114,False,0.47245644279326215
1251067,23,False,0.4981318196050973
1251071,26,False,0.14995980044810142
1251072,14,False,0.5138342545966025
1251073,4,True,0.668888601844295
1251074,5,False,0.7774780350683312
1251076,91,False,0.19905801901388273
1251077,26,False,0.3791463189476224
1251078,4,False,0.6274087651592972
1251079,8,False,0.5664950302288401
1251080,22,False,0.0681755829903978
1251081,10,False,0.5248443019052748
1251082,10,False,0.3764850665358954
1251083,10,False,0.33545536388710634
1251084,33,False,0.5801094881759732
1251087,25,False,0.2806244293917334
1251089,18,False,0.15730235091222655
1251091,16,False,0.6564281414550883
1251092,10,False,0.6955378489949845
1251093,11,False,0.5695030525327861
1251094,2,False,0.511678398088083
1251095,77,False,0.27852259304664784
1251096,1,False,0.25786726821835965
1251097,6,False,0.15365389193049273
1251098,110,False,0.4360488265018023
1251099,109,False,0.2903591513052642
1251100,43,False,0.35379275833997864
1251103,3,False,0.4511087002290667
1251106,5,False,0.18521216733508877
1251108,0,False,0.0
1251109,55,False,0.29915816565047615
1251110,75,False,0.14215727153990962
1251111,8,False,0.4410286238593449
1251114,84,False,0.43612163144518484
1251115,169,False,0.18048792275579567
1251116,21,False,0.03711147274812131
1251117,7,False,0.5724292470733242
1251118,111,False,0.2492190443859075
1251119,3,False,0.4316124875459967
1251120,165,False,0.2684951393736605
1251121,24,False,0.32412863074443643
1251122,22,False,0.8525901858448731
1251123,113,False,0.3115537995231373
1251124,76,False,0.5709537348696708
1251125,1,False,0.0
1251127,29,False,0.2268924775275567
1251128,32,False,0.11729787486643714
1251129,0,False,0.0
1251130,139,False,0.32609000806246285
1251131,45,False,0.9711326459175168
1251132,5,False,0.32081526728363535
1251133,55,False,0.288314224776045
1251134,69,False,0.48662039216875197
1251135,30,False,0.0034319038034783507
1251136,0,False,0.0
1251137,121,False,0.1947447976330833
1251138,11,False,0.20383402233325396
1251139,54,False,0.11000344358551513
1251140,38,False,0.45189275657576417
1251143,18,False,0.39526259055814583
1251144,3,False,0.48379621599160993
1251146,23,False,0.6070853760903617
1251147,3,False,0.21909194878367255
1251148,47,False,0.23014488700636268
1251149,14,False,0.6235188391975929
1251150,26,False,0.6553446553446554
1251152,10,False,0.10441233893010543
1251153,19,False,0.6207289619729685
1251154,17,False,0.7461494780417912
1251155,119,False,0.25449101796407186
1251156,8,False,0.5421919073153901
1251157,33,False,0.22116318394601756
1251158,299,False,0.36436322101656193
1251159,28,False,0.8510352823299093
1251161,10,False,0.28134461878343964
1251164,88,False,0.06856187290969899
1251165,20,False,0.3787920026077462
1251166,57,False,0.6975974677859519
1251167,8,False,0.2833172068635429
1251168,16,False,0.196780801872988
1251169,55,False,0.3148218416431566
1251171,162,False,0.21208731457484922
1251172,9,False,0.6050425798837359
1251174,14,False,0.3301471967749265
1251175,24,False,0.4195046871651193
1251176,19,False,0.26889988403972476
1251177,22,False,0.3571752268547667
1251178,30,False,0.9857895865516181
1251179,15,False,0.6000237388121455
1251180,40,False,0.3862632384528585
1251181,15,False,0.3761799045950291
1251184,127,False,0.14664737095996142
1251185,84,False,0.32424313507724495
1251186,13,False,0.8067136210873356
1251189,3,False,0.3995174570982228
1251190,85,False,0.0719846432761011
1251191,47,False,0.18443408856366525
1251192,9,False,0.1654848609754832
1251194,36,False,0.4326464703673686
1251195,57,False,0.12716275549965986
1251197,70,False,0.40041935891211666
1251198,14,False,0.37029071805201813
1251199,22,False,0.18920699830452684
1251201,0,False,0.0
1251202,47,False,0.07851976365118174
1251204,3,False,0.5994006061082168
1251205,61,False,0.19060011979953873
1251206,91,True,0.2488271720773128
1251207,117,False,0.17796223059380956
1251208,19,False,0.5568653329317561
1251209,24,False,0.4691939051571408
1251210,54,False,0.906790510472938
1251211,52,False,0.15966386554621848
1251212,33,False,0.29980573677631794
1251214,16,False,0.5769734521390261
1251216,16,False,0.2765604861090739
1251217,172,False,0.25898133544610336
1251218,9,False,0.6756540167075396
1251219,123,False,0.28909245527407634
1251220,43,False,0.43903849855933563
1251221,13,False,0.0
1251222,105,False,0.23352978979781755
1251223,15,False,0.4939154035080063
1251224,46,False,0.8994094523471569
1251227,1,False,0.5885312344611893
1251229,67,False,0.32466652467995427
1251230,44,False,0.18898749581274735
1251231,11,False,0.4779020355048424
1251232,41,False,0.07096528042731783
1251233,53,False,0.37228458290251154
1251235,42,False,0.11734944838732345
1251236,46,False,0.23443806675553625
1251237,111,False,0.2667073584275731
1251238,112,False,0.48969441868054586
1251239,1,False,0.0
1251240,3,False,0.6577726029949834
1251241,26,False,0.34901985659128515
1251242,11,False,0.5501105351189459
1251243,25,False,0.1132029727474133
1251245,75,False,0.2736403439414446
1251246,35,False,0.627156225887638
1251247,46,False,0.32349976017786586
1251249,4,False,0.642364115341899
1251252,93,False,0.4696717627248499
1251253,26,False,0.05397196261682243
1251254,12,False,0.3823257872947104
1251255,149,False,0.21452709089589908
1251256,23,False,0.0
1251257,30,False,0.09516547201464083
1251258,151,False,0.3235883618063909
1251259,112,False,0.18457393959461516
1251260,2,False,0.2891380638534623
1251261,175,False,0.3907204920044329
1251262,27,False,0.5071909414428988
1251263,8,False,0.605831007415045
1251264,28,False,0.0
1251265,5,False,0.3713685408644218
1251267,167,False,0.16239684358271034
1251269,3,False,0.06822429906542056
1251270,91,False,0.26831054357229056
1251271,70,False,0.179289530878917
1251272,18,False,0.16327827191867852
1251273,69,False,0.27950585665658656
1251274,114,False,0.2764080041144412
1251275,64,False,0.14951810367283147
1251278,71,False,0.1889337787092438
1251280,22,False,0.28383386662069604
1251281,9,False,0.07577478500730164
1251282,15,False,0.5352243558266527
1251283,8,False,0.5316156524191608
1251284,194,False,0.12465819527103103
1251285,9,False,0.629569003294041
1251286,5,False,0.5594772939746657
1251287,31,False,0.24217573530910944
1251288,74,False,0.0746268656716418
1251289,43,False,0.2859263102663857
1251290,1,False,0.6459425182277589
1251292,67,False,0.42228940207208276
1251293,194,False,0.006727344677483181
1251296,25,False,0.0
1251297,26,False,0.5900749682717146
1251299,11,False,0.40239791537159325
1251300,5,False,0.5090863401935423
1251301,117,False,0.27321301058217
1251302,2,False,0.4493470733175397
1251303,3,False,0.0
1251304,47,False,0.0027112516945323093
1251305,3,False,0.0
1251306,5,False,0.41291324132558793
1251308,61,False,0.3516204813227207
1251310,32,False,0.07601880877742946
1251311,20,False,0.1378533900425319
1251312,12,False,0.5177092189709677
1251313,17,False,0.24892278606534204
1251314,12,False,0.28361408411647154
1251315,10,False,0.3337416337224552
1251316,4,False,0.0
1251317,11,False,0.41453691846729357
1251318,15,False,0.08959179112947398
1251319,3,False,0.37773212941375467
1251320,7,False,0.39862919425588067
1251321,23,False,0.10994375633912798
1251322,20,False,0.338670386488918
1251323,15,False,0.0
1251324,49,False,0.7936950099206658
1251325,100,False,0.16570860065052875
1251327,20,False,0.1567678087272775
1251328,13,False,0.6270485144619582
1251329,12,False,0.12532066867020397
1251330,4,False,0.4898218052832635
1251331,67,False,0.18831829219990737
1251332,21,False,0.7879522658519719
1251333,4,False,0.5115841179162074
1251334,17,False,0.8812666712510069
1251335,34,False,0.01650535776011061
1251336,7,False,0.27490662464111065
1251338,110,False,0.06740027510316368
1251339,37,False,0.22951623035678273
1251340,25,False,0.2932195230747674
1251342,52,False,0.20340203032312368
1251343,17,False,0.9484995351887907
1251344,26,False,0.47369143346346515
1251345,51,False,0.33502787636482045
1251346,12,False,0.45168893204664734
1251347,38,False,0.0762656147271532
1251348,35,False,0.21485789053514204
1251349,92,True,0.16721178101772083
1251350,87,False,0.12142064372918979
1251351,27,False,0.566579280179328
1251353,34,False,0.40875339433514063
1251354,24,False,0.5723537590722341
1251355,303,False,0.24241580311307076
1251356,1,False,0.3578485477687809
1251357,2,False,0.3304598769504122
1251358,40,False,0.4787109003211973
1251359,0,False,0.0
1251360,13,False,0.36263451291090104
1251363,15,False,0.7485804193474412
1251366,36,False,0.2186747820269494
1251367,29,False,0.1856471869793669
1251368,121,False,0.07033175355450237
1251370,10,False,0.882800995545677
1251372,63,False,0.7323715987815205
1251373,45,False,0.9711326459175168
1251374,0,False,0.0
1251375,306,False,0.11152219873150106
1251377,10,False,0.43130531708738756
1251378,13,False,0.6896101495267605
1251379,32,False,0.08832912204330166
1251380,3,False,0.4053580299963031
1251383,8,False,0.37946746304980744
1251384,12,False,0.4743985646031155
1251385,24,False,0.11491108071135431
1251386,35,False,0.3847629981937775
1251387,39,False,0.22035859471415492
1251390,76,False,0.2608376948372153
1251391,73,False,0.20430122019022284
1251392,19,False,0.46260662318253454
1251394,26,False,0.33494699342619094
1251395,4,False,0.7450201562450265
1251396,14,False,0.4222248250839193
1251397,34,False,0.5002252775404719
1251398,151,False,0.088139281828074
1251399,111,False,0.435806527383015
1251400,74,False,0.4457107069904474
1251402,94,False,0.3102730058344654
1251403,31,False,0.238299568498909
1251404,23,False,0.6214382737986012
1251405,65,False,0.11234647705235941
1251406,13,False,0.2242808857700075
1251407,84,True,0.18849286910139823
1251408,171,False,0.43996946321690267
1251409,28,False,0.2734702733979459
1251411,19,False,0.454794539491425
1251412,18,False,0.5277147819556905
1251413,1,False,0.4162628536961219
1251414,92,False,0.1966981178321396
1251415,81,False,0.30788034136293646
1251416,125,False,0.13617886178861788
1251417,35,False,0.30499036696921966
1251418,44,False,0.2902748215240067
1251419,29,False,0.42795403861959147
1251421,3,False,0.36807978156389803
1251422,10,False,0.3918408279844238
1251423,12,False,0.0
1251425,29,False,0.262429832908063
1251426,35,False,0.1185199702506583
1251430,146,False,0.2297782008899049
1251431,2,False,0.5148923381291585
1251432,29,False,0.1092066592642568
1251433,153,False,0.33801322740202994
1251434,144,False,0.274920156055607
1251436,40,False,0.0
1251437,149,False,0.9187584907603055
1251438,109,False,0.6107059399447662
1251439,84,False,0.6587312573818025
1251440,42,False,0.08971063212708458
1251441,46,False,0.2158056144145278
1251443,52,False,0.3138319075893316
1251444,117,False,0.30858492028913526
1251447,31,False,0.9022194965070002
1251448,78,False,0.15415125971101057
1251451,31,False,0.16538507689494353
1251453,149,False,0.9187584907603055
1251454,137,False,0.12209845649816883
1251456,31,False,0.26119456882854253
1251457,3,False,0.9252599501739472
1251458,171,False,0.14668522392404598
1251459,27,False,0.43546944359081385
1251460,44,False,0.34685256171217843
1251461,56,False,0.21458553971733466
1251462,51,False,0.48322996691476533
1251463,33,False,0.5443939366801703
1251464,4,False,0.24207054246350937
1251466,133,False,0.1705416520636198
1251468,0,False,0.0
1251469,48,False,0.22572931611669056
1251470,67,False,0.38527797061414903
1251471,8,False,0.534609307820917
1251473,55,False,0.15753669889008237
1251475,303,False,0.08660060318828092
1251476,95,False,0.23591919947371526
1251477,25,False,0.2554402927203574
1251478,99,False,0.150212143147897
1251480,5,False,0.23721990849117194
1251481,41,False,0.009600980525670707
1251482,102,False,0.19659786502390109
1251483,71,False,0.2582340908675051
1251484,30,False,0.45631031118665044
1251485,214,False,0.053408733898837574
1251486,53,False,0.2654058640649289
1251487,0,False,0.0
1251489,38,False,0.3351535238518278
1251490,82,False,0.10738769363868761
1251492,78,False,0.430644000800386
1251494,37,False,0.8303268557776817
1251495,19,False,0.5254242731600639
1251496,79,False,0.9526904339339932
1251497,33,False,0.23366690135933213
1251498,2,False,0.3914477624711218
1251499,9,False,0.5780320327366942
1251500,11,False,0.4905139603970741
1251501,21,False,0.45334456460481737
1251502,11,False,0.3446813817184188
1251503,192,False,0.22592268284210376
1251504,18,False,0.9566600632405741
1251505,168,False,0.2542407235142702
1251507,5,False,0.6757080309636913
1251508,58,False,0.20075755465398776
1251509,111,False,0.20797866885447647
1251510,4,False,0.5266836294113201
1251511,3,False,0.6788743234860644
1251512,2,False,0.5109869413280147
1251513,49,False,0.413893656618266
1251514,147,False,0.03752072968490879
1251515,7,False,0.3136285834212336
1251517,124,False,0.113997113997114
1251518,36,False,0.2599443565606693
1251519,71,False,0.08113013081004433
1251520,165,False,0.044414168937329704
1251524,5,False,0.3872956441362883
1251526,298,False,0.8930645209245845
1251527,84,False,0.020067516879219805
1251528,35,False,0.04254366323331841
1251529,5,False,0.03776088792375437
1251531,87,False,0.062969822420743
1251532,7,False,0.5581803742422071
1251534,13,False,0.38051116358936704
1251536,41,False,0.15338285002168045
1251538,18,False,0.46518877992120466
1251539,44,False,0.5477428442168399
1251540,4,False,0.6936831367126854
1251541,49,False,0.10939213890903533
1251542,46,False,0.3460722331108607
1251543,24,False,0.1552233068520382
1251545,23,False,0.4249004827891326
1251546,43,False,0.22834846469832398
1251547,40,False,0.21147941288520447
1251549,10,False,0.633349709882314
1251555,0,False,0.0
1251557,43,False,0.2232008653627182
1251558,3,False,0.49488687912944124
1251559,11,False,0.6836657953325873
1251560,50,False,0.21592517025793273
1251561,3,False,0.941774099241018
1251562,10,False,0.0
1251563,5,False,0.9535174782383906
1251567,46,False,0.42280864951531655
1251569,28,False,0.5473531332343573
1251570,24,False,0.1651199772822897
1251571,4,False,0.0
1251572,4,False,0.6303994954393113
1251574,47,False,0.3042034551076859
1251577,46,False,0.29885524626006194
1251578,46,False,0.23734361356544098
1251580,14,False,0.8485547500628696
1251581,32,False,0.31123016616059157
1251582,39,False,0.036931818181818184
1251583,0,False,0.0
1251584,3,False,0.0
1251585,31,False,0.31123016616059157
1251587,89,False,0.9386895627614844
1251588,88,False,0.2077864700028254
1251589,33,False,0.43861937966900266
1251591,27,False,0.32207601971752914
1251592,15,False,0.5344180849780736
1251595,9,False,0.6247704679288293
1251596,171,False,0.5326242773615782
1251599,16,False,0.32854020743884105
1251600,31,False,0.2692070407197519
1251601,6,False,0.4722063879167239
1251602,79,False,0.36196416431797235
1251604,13,False,0.2459254103590279
1251605,21,False,0.13845589583715387
1251606,2,False,0.0
1251607,22,False,0.5981517584414512
1251608,9,False,0.1252810235388236
1251609,166,False,0.08785399881290291
1251611,27,False,0.09265291349981904
1251612,47,False,0.237888768679547
1251613,41,False,0.16703757860790644
1251614,21,False,0.5071037137472877
1251615,35,False,0.18245050726157008
1251617,35,False,0.40082546719558676
1251618,31,False,0.28605530078024227
1251619,5,False,0.5566959625580248
1251620,98,False,0.15500520205669163
1251621,110,False,0.2206002482798129
1251622,23,False,0.2829307804765157
1251624,22,False,0.36692802023236876
1251625,11,False,0.16389653815893
1251626,2,False,0.745304809276072
1251627,3,False,0.0
1251630,39,False,0.19201722322916448
1251631,0,False,0.0
1251632,34,False,0.17843420533524593
1251633,2,False,0.46210017022656347
1251635,14,False,0.19444993099917843
1251636,6,False,0.29406563973407435
1251637,1,False,0.0
1251638,23,False,0.1285140562248996
1251639,41,False,0.23442523439209548
1251640,26,False,0.21016561964591662
1251641,22,True,0.5577146445464274
1251642,59,False,0.14605886194791412
1251643,1,False,0.0
1251644,17,False,0.4095726637878482
1251646,42,False,0.4804105792225508
1251647,7,False,0.0
1251649,290,True,0.07895431160651888
1251650,8,False,0.6057003067946621
1251651,45,False,0.8957941230119576
1251652,77,False,0.15712708267271033
1251653,73,False,0.2607990411491938
1251655,9,False,0.3571081659775776
1251656,5,False,0.6048241950284237
1251657,14,False,0.8318102820322607
1251658,53,False,0.24600657273644042
1251659,75,False,0.10871787465084191
1251660,43,False,0.756675742101255
1251661,151,False,0.10213567181284261
1251663,77,False,0.19490473569353922
1251664,3,False,0.8053649012176649
1251666,5,False,0.7237108053788602
1251667,19,False,0.4588431299243333
1251668,8,False,0.11630290660028812
1251669,95,False,0.46426811937924783
1251672,155,False,0.2988154043935041
1251673,163,False,0.2535328743761683
1251674,66,False,0.1371154737981141
1251675,0,False,0.0
1251677,85,False,0.34549367551476573
1251678,6,False,0.2605502687955558
1251680,16,False,0.29381407132672765
1251681,16,False,0.7318142002989056
1251682,28,False,0.6705481122425256
1251684,1,False,0.14705591302536639
1251686,108,False,0.0
1251687,51,False,0.3138319075893316
1251688,182,False,0.07267725215309401
1251690,28,False,0.1943614730369923
1251691,24,False,0.3114956786861502
1251692,16,False,0.1147434901899881
1251693,2,False,0.9576310012858806
1251694,30,False,0.031530632608261826
1251695,48,False,0.0879837210913464
1251696,46,False,0.03739316239316239
1251697,35,False,0.5195902404523813
1251699,35,False,0.627156225887638
1251700,31,False,0.4018778765898006
1251701,49,False,0.33081317883516603
1251702,14,False,0.42728206495190696
1251703,3,False,0.6051691742673807
1251704,56,False,0.26028300825066686
1251705,15,False,0.47907463371912884
1251708,17,False,0.7821955136787665
1251709,86,False,0.32440716581293655
1251710,2,False,0.0
1251711,34,False,0.5481859580129689
1251712,57,False,0.18577126058619886
1251714,3,False,0.2980856468880421
1251715,63,False,0.31938427133829794
1251716,65,False,0.039397590361445786
1251718,4,False,0.25405404035886753
1251719,19,False,0.3355879057210203
1251722,103,False,0.2781924970076805
1251723,14,False,0.19584295675897131
1251724,53,False,0.10970842882722465
1251725,34,False,0.22069884848269966
1251726,5,False,0.08868797761274351
1251727,30,False,0.4153969304177024
1251728,7,False,0.12550143266475644
1251731,11,False,0.9013211004583812
1251733,68,False,0.36575127318607525
1251737,8,False,0.21997737513196194
1251738,3,False,0.8118629820517662
1251739,11,False,0.46678370996047924
1251740,180,False,0.17485803798707655
1251742,59,False,0.28695451684809936
1251743,58,False,0.24456773233832363
1251744,147,False,0.34320796947164384
1251745,19,False,0.5240873809328547
1251746,166,False,0.31578089981268614
1251747,12,False,0.3250262479330738
1251748,63,False,0.41220660829468847
1251749,6,False,0.2054605882748888
1251753,9,False,0.0
1251754,40,False,0.6792441559258295
1251755,0,False,0.0
1251756,11,False,0.1548594427585727
1251757,48,False,0.936186147662097
1251758,195,False,0.17179483057265713
1251759,96,False,0.25692544459644323
1251760,24,False,0.1953861416893693
1251761,56,False,0.13499688385009487
1251763,217,False,0.3265976072366501
1251764,8,False,0.37459315963973217
1251765,12,False,0.3947643153615271
1251766,3,False,0.4849655842122121
1251768,4,False,0.8542573333563729
1251769,61,False,0.06420988158432013
1251771,102,False,0.21345273272731374
1251772,3,False,0.0
1251773,21,False,0.47308039803845736
1251775,33,False,0.0
1251776,198,False,0.2600020244994073
1251777,14,False,0.009625126646403243
1251779,14,False,0.0
1251780,27,False,0.3242357238834278
1251781,41,False,0.7763847270989209
1251782,125,False,0.12894509295287504
1251783,54,False,0.38338103210927643
1251784,48,False,0.23383709463558452
1251786,72,False,0.16348280715865673
1251787,112,False,0.8526693214193214
1251788,10,False,0.8288723628093959
1251789,2,False,0.7489632731334925
1251790,108,False,0.1528879553399502
1251791,16,False,0.40230897509158087
1251792,95,False,0.25138476037381635
1251793,5,False,0.03776088792375437
1251794,66,False,0.2730261800521923
1251796,5,False,0.11083540115798181
1251797,3,False,0.3940754012638251
1251800,47,False,0.531893073393633
1251802,78,False,0.24089863126210556
1251803,41,False,0.25494766082420445
1251804,35,False,0.4190347664010376
1251805,150,False,0.15284440623374032
1251807,40,False,0.499314140712207
1251808,57,False,0.3165767199600684
1251809,72,False,0.3057461584826197
1251811,24,False,0.23911629588095198
1251812,5,False,0.48081789483632476
1251813,115,False,0.02044907778668805
1251815,176,False,0.26396854393743385
1251816,36,False,0.4770379833973733
1251817,38,True,0.0779129208531641
1251818,13,False,0.4961793996831253
1251819,13,False,0.41922908824070604
1251823,0,False,0.0
1251824,2,False,0.0
1251826,19,False,0.3098862132005295
1251827,0,False,0.0
1251830,5,False,0.27206767596313
1251831,82,False,0.1401719008433741
1251832,43,False,0.1543943182646051
1251835,120,False,0.46422623693759657
1251837,79,False,0.09897122021096497
1251841,117,True,0.1423885759331736
1251842,1,False,0.553970764499211
1251844,11,False,0.18584372385195932
1251846,7,False,0.3518969912118954
1251847,38,False,0.5223708855140368
1251848,16,False,0.5525833007499069
1251850,32,False,0.3145434500510293
1251856,177,False,0.17627718765806777
1251863,82,False,0.2582026486762725
1251865,187,False,0.22986370463991812
1251866,33,False,0.6139805880818456
1251869,113,False,0.08722922512198707
1251870,9,False,0.34693060958281186
1251871,15,False,0.4591009785554232
1251872,8,False,0.44669599906557295
1251873,304,False,0.0674802584350323
1251875,11,False,0.0
1251876,43,False,0.43903849855933563
1251877,170,False,0.16787276984687852
1251878,11,False,0.4078286735774326
1251880,81,False,0.32562216048223963
1251881,4,False,0.44843419772519133
1251882,39,False,0.21319482241862864
1251883,29,True,0.19044706534246708
1251884,45,False,0.07649376231122784
1251885,16,False,0.558683296504198
1251886,82,False,0.46256382878671365
1251887,60,False,0.045474613686534215
1251888,25,False,0.3656404778090706
1251889,0,False,0.0
1251891,43,False,0.053103401058453625
1251892,41,False,0.23937509033334647
1251894,24,False,0.31286927724486413
1251897,9,False,0.8631706391088476
1251898,4,False,0.28603229280901293
1251899,21,False,0.4898100428108057
1251900,12,False,0.7446308899734551
1251901,12,False,0.5581793548161073
1251902,167,False,0.34907849236499733
1251906,0,False,0.0
1251907,125,True,0.10849784513231853
1251909,23,False,0.29096147372479003
1251911,0,False,0.0
1251913,38,False,0.5001319082642862
1251914,55,False,0.19935861919961492
1251915,11,False,0.5602337814849968
1251918,33,False,0.5838396380038332
1251919,8,False,0.20039239844565918
1251920,42,False,0.288207927325989
1251921,155,False,0.2869446962828649
1251923,109,True,0.20615092595384563
1251924,71,False,0.5164725050114176
1251926,12,False,0.9954176648539004
1251927,89,False,0.23429489301169565
1251928,21,False,0.5007476782474706
1251929,92,False,0.31995652429784166
1251932,24,False,0.49802022553485226
1251933,42,False,0.6039336988072965
1251935,38,False,0.27260495825895864
1251936,108,False,0.21417627157152505
1251937,305,False,0.16021912630958665
1251938,17,False,0.8115100599360334
1251941,172,False,0.22849130577486987
1251942,5,False,0.0
1251943,1,False,0.6129425013783871
1251944,3,False,0.5407635921474546
1251945,6,False,0.62446561176837
1251947,2,False,0.6226506258828114
1251949,16,False,0.13621799733857193
1251950,3,False,0.6692863516526022
1251952,34,False,0.28575141126404086
1251954,25,False,0.6010294894304261
1251955,37,False,0.1622364043776694
1251956,9,False,0.4544426771628231
1251957,44,False,0.11079545454545454
1251958,164,False,0.28234605918816447
1251959,0,False,0.0
1251961,3,False,0.6868096520019004
1251962,176,False,0.15365497670549966
1251963,48,False,0.6310241282627349
1251964,48,False,0.6681786658710491
1251967,62,False,0.29737987401712074
1251969,48,False,0.2324598732150488
1251973,106,False,0.2948942290163046
1251974,6,False,0.7244683156973777
1251975,192,False,0.05641228417029129
1251977,19,False,0.37465283782400505
1251978,46,False,0.35646108759460127
1251979,217,True,0.04085085810974136
1251981,18,False,0.4941182372723998
1251984,28,False,0.2553020341298934
1251985,27,False,0.5396781577450718
1251986,13,False,0.0
1251987,46,False,0.9013723153300749
1251989,51,False,0.4034546573006005
1251990,112,False,0.12820944560778935
1251991,167,False,0.4513241353152975
1251992,26,False,0.09909074039710522
1251993,3,False,0.32063886614129616
1251994,72,False,0.19379422972237345
1251995,46,False,0.16141396933560476
1251996,17,False,0.5428447865416192
1251997,32,False,0.19826941648435148
1251998,36,False,0.09411501485120144
1251999,69,False,0.577321756979409
1252000,69,False,0.15765309266209096
1252002,5,False,0.0
1252003,148,False,0.3083302915363984
1252004,17,True,0.2758580685023516
1252005,223,False,0.10315401240779468
1252006,96,False,0.17954721372696358
1252007,17,False,0.35587773325194544
1252008,8,False,0.0
1252010,171,False,0.22081281625306226
1252011,118,False,0.16728376829743746
1252013,70,False,0.19140000111407807
1252014,37,False,0.4960617395168326
1252016,171,False,0.25609297406976234
1252017,85,False,0.11355178840860257
1252018,135,False,0.30906430945098085
1252019,305,False,0.25272074553890955
1252020,1,False,0.9367363182230068
1252021,160,False,0.21536144578313254
1252022,12,False,0.3371560176807638
1252023,161,False,0.5174659853969903
1252024,27,False,0.09490809971079854
1252025,26,False,0.1974261982328188
1252026,56,False,0.0
1252027,13,False,0.4130663663762032
1252028,20,False,0.22618334196949558
1252029,62,False,0.392966119819389
1252030,32,False,0.28059603643685255
1252034,32,False,0.5338755973372648
1252041,172,False,0.3114306453523447
1252042,1,False,0.0
1252045,86,False,0.5098782022930629
1252046,3,False,0.5286592295619894
1252047,30,False,0.21398895483512367
1252048,5,False,0.5441421465614279
1252049,17,False,0.6160758348738554
1252050,53,False,0.17164577574783185
1252051,44,False,0.249990597567809
1252055,13,False,0.6076411868748861
1252056,44,False,0.3233092167575627
1252057,2,False,0.6125702611773618
1252058,18,False,0.6319623419985964
1252060,27,False,0.6501280000109255
1252062,33,False,0.29118458964020144
1252063,57,False,0.5798759816498537
1252064,129,False,0.21104275910141101
1252066,52,True,0.5241662177114281
1252068,35,False,0.34651833084382533
1252069,67,False,0.5603046467069384
1252071,7,False,0.6432489720302371
1252072,2,False,0.5288141001255184
1252073,10,False,0.6599258575196254
1252074,67,False,0.19929379571044695
1252075,181,False,0.12261336515513127
1252076,2,False,0.0
1252078,33,False,0.18816096866096865
1252079,40,False,0.4828518032360655
1252080,0,False,0.0
1252081,120,False,0.452476843807469
1252082,45,False,0.056533827618164965
1252083,20,False,0.153434063603953
1252085,20,False,0.4147383191416342
1252087,20,False,0.6193594850482887
1252088,12,False,0.4482694729903451
1252089,11,False,0.3301624858014312
1252091,139,False,0.34287268338599436
1252092,19,False,0.6333423519938451
1252093,0,False,0.0
1252094,47,False,0.9076054793841571
1252095,6,False,0.579692757431023
1252096,19,False,0.39285982745124637
1252098,15,False,0.0
1252099,24,False,0.599893604444245
1252100,169,False,0.3454330862933112
1252101,20,False,0.20029239183472755
1252102,45,False,0.10695491395249608
1252103,36,False,0.2066221671494234
1252105,16,False,0.31233998703190874
1252106,6,False,0.5814101417323433
1252107,6,False,0.19240237961616363
1252108,16,False,0.0
1252110,3,False,0.45710948589739625
1252111,169,False,0.40002405374293426
1252112,9,False,0.5518093130652676
1252113,35,False,0.876744469086385
1252115,44,False,0.22603703516075627
1252116,23,False,0.3973839155915462
1252117,45,False,0.4153492747096523
1252120,36,False,0.21017799175616683
1252121,9,False,0.18778489161070322
1252122,2,False,0.8993023939820513
1252123,11,False,0.38271996049239254
1252125,36,False,0.11330552734898275
1252126,33,False,0.3856560078633208
1252127,17,False,0.4941182372723998
1252128,40,False,0.11050985634212923
1252129,29,False,0.20527951650707704
1252131,1,False,0.31926157025989327
1252132,25,False,0.3289498570628732
1252133,49,False,0.24923890259846357
1252134,0,False,0.0
1252135,23,False,0.09121433912097646
1252136,11,False,0.0
1252137,53,False,0.25095103936445595
1252138,1,False,0.18821190758446665
1252139,0,False,0.0
1252141,17,False,0.6722581870015817
1252142,10,False,0.8364305288048316
1252143,1,False,0.48093738707334116
1252144,25,False,0.1643160741885626
1252145,33,False,0.27182399958111864
1252146,9,False,0.10119390103567319
1252147,19,False,0.187493498230309
1252148,46,False,0.1879610556575215
1252149,168,False,0.24663023679417123
1252151,69,False,0.3270059680720291
1252152,45,False,0.1388466185634449
1252153,26,False,0.5252894065972589
1252154,63,False,0.32462082414728854
1252155,99,False,0.20001969892638924
1252156,5,False,0.0
1252158,22,False,0.34433663647763146
1252159,25,False,0.17340151808754997
1252161,5,False,0.011304988940771688
1252162,0,False,0.0
1252163,301,False,0.18647670431491165
1252164,12,False,0.4596530535472731
1252167,106,False,0.21719274429732938
1252168,25,False,0.17090899683852034
1252171,58,False,0.28886268192133485
1252174,67,False,0.23914373111947657
1252175,68,False,0.09175766413508102
1252176,179,False,0.22986370463991812
1252177,22,False,0.3552050945807335
1252178,191,False,0.010354223433242507
1252179,11,False,0.0
1252180,44,True,0.21069354496150672
1252181,9,False,0.29690049141077496
1252184,0,False,0.0
1252185,40,False,0.3113882838196606
1252186,50,False,0.3019704839810186
1252188,25,False,0.36432226118802524
1252189,2,False,0.34001797418034435
1252190,36,False,0.264067361792359
1252191,20,False,0.3333838984340906
1252192,26,False,0.5333653232104589
1252193,51,False,0.1842284524649684
1252195,16,False,0.5236990573742024
1252197,1,False,0.27713706179625786
1252199,31,False,0.30858137742287917
1252200,8,False,0.521731975895436
1252201,16,False,0.3984813207953367
1252202,52,False,0.31152248711108793
1252204,54,False,0.2815286732363201
1252205,16,False,0.0
1252206,0,False,0.0
1252212,38,False,0.4775106975728562
1252215,26,False,0.3961846123694079
1252216,99,False,0.2560778492121937
1252217,99,False,0.2328891873205891
1252218,180,False,0.2977685937478509
1252220,66,False,0.2937921252362657
1252221,31,False,0.3686024996670359
1252222,18,False,0.9566600632405741
1252223,156,False,0.12661500916975024
1252224,287,False,0.04003595064956287
1252225,103,False,0.11498017447544381
1252226,17,False,0.10032605969400551
1252228,73,False,0.004695431472081219
1252237,43,False,0.38434333002188453
1252238,40,False,0.6792441559258295
1252239,97,False,0.36106931246628504
1252240,109,False,0.2911922119085352
1252241,38,False,0.41689143800970374
1252243,119,False,0.3617609066690352
1252244,142,False,0.26548431359957275
1252245,101,False,0.19456326755898992
1252247,0,False,0.0
1252248,69,False,0.42053195755514
1252249,6,False,0.2259672843633604
1252250,19,False,0.6248016266389284
1252251,34,False,0.33226625919627795
1252252,12,False,0.39464984697493727
1252254,0,False,0.0
1252256,39,False,0.46481021215462326
1252258,13,False,0.5275457636953785
1252259,19,False,0.612214217069599
1252260,8,False,0.5892667387000963
1252261,2,False,0.5126576798490596
1252262,145,False,0.23129830252916508
1252264,3,False,0.3323539643792806
1252266,32,False,0.3941029819013815
1252267,8,False,0.48198474670161096
1252268,9,False,0.02655242619613166
1252269,39,False,0.34078450295763024
1252271,16,False,0.6240331607690146
1252272,20,False,0.3355879057210203
1252274,43,False,0.28783441393179693
1252275,5,False,0.2004321945459717
1252276,15,False,0.37393557349045853
1252277,12,False,0.05524553571428571
1252279,43,False,0.10143001076583742
1252284,142,False,0.2527593818750876
1252285,48,False,0.21815782313794882
1252286,114,True,0.25653557902232127
1252287,39,False,0.3741539635278283
1252288,7,False,0.3778403159201712
1252289,25,False,0.12408563782337198
1252290,39,False,0.2926394421877533
1252291,67,False,0.5042248702415497
1252294,59,False,0.7544136221648894
1252295,28,False,0.09077179874413799
1252296,124,False,0.1887021664304515
1252297,46,False,0.1741883116883117
1252298,26,False,0.03986914741361685
1252299,71,False,0.30253475061324614
1252300,21,False,0.3469074434420716
1252301,19,False,0.0
1252303,110,False,0.49837347034070734
1252304,106,False,0.47245644279326215
1252305,10,False,0.5878294084356064
1252306,32,False,0.4704491645236673
1252307,69,False,0.3328435544778098
1252308,21,False,0.5867030945532253
1252310,53,False,0.504691650311729
1252311,300,False,0.40756733659580757
1252312,103,False,0.11385219954153476
1252313,2,False,0.7489632731334925
1252314,32,False,0.5270501971685098
1252315,74,False,0.4528106162790264
1252318,15,False,0.20814064167147753
1252319,237,False,0.34434305442759966
1252320,13,False,0.32037931014634013
1252321,14,False,0.24478663134354803
1252322,251,False,0.23216763213325847
1252324,79,False,0.19382236047501503
1252326,44,False,0.10462573591253153
1252327,8,False,0.47857791003725436
1252329,168,False,0.22063130637779904
1252330,14,True,0.5629606273216804
1252331,50,False,0.2636019345981792
1252332,36,False,0.03442945474985947
1252333,3,False,0.0
1252335,112,False,0.1866424225922202
1252337,50,False,0.11933632770534443
1252338,113,False,0.12892729849818796
1252339,33,False,0.30146217375970286
1252340,13,False,0.48712020287478525
1252341,54,False,0.3569955120321176
1252343,9,False,0.28227077489851504
1252345,0,False,0.0
1252347,20,False,0.3279737987816068
1252348,2,False,0.17786057249473844
1252350,4,False,0.0
1252351,12,False,0.5658791378208679
1252352,12,False,0.6020671887171377
1252353,8,False,0.605831007415045
1252356,6,False,0.1782614376080432
1252357,10,False,0.46011008877374265
1252360,171,False,0.2719054774551564
1252362,49,False,0.4967459199399576
1252363,18,False,0.3840729786188455
1252364,116,False,0.16818453343201295
1252365,159,False,0.2972162468834178
1252366,106,False,0.8501198338379216
1252367,19,False,0.17599826538074342
1252368,22,True,0.09210781462090363
1252370,41,True,0.21052752549172563
1252371,44,False,0.22460803675504518
1252372,80,False,0.18773112899717206
1252373,10,False,0.6129873149303263
1252374,2,False,0.0
1252376,27,False,0.5396781577450718
1252378,59,False,0.15796845403420354
1252380,102,False,0.6411154495342013
1252381,46,False,0.551521132806826
1252382,43,False,0.2857388090259664
1252384,51,False,0.3736041221755507
1252389,50,False,0.5090047937571778
1252391,70,False,0.09968602825745683
1252393,44,False,0.23475938161158494
1252395,45,False,0.31935272477641863
1252396,19,False,0.4312383649132484
1252398,22,False,0.40461126502025224
1252399,14,False,0.4008110169117673
1252401,52,False,0.40852471730610074
1252402,0,False,0.0
1252403,91,False,0.46155130098326896
1252405,129,False,0.5682315379685621
1252406,165,False,0.10466407551360354
1252407,72,False,0.32256144679554805
1252409,47,False,0.44244986602190184
1252411,33,False,0.08664627930682978
1252412,43,False,0.5369605156426014
1252413,17,False,0.4945723484001311
1252414,9,False,0.8195335666647099
1252415,13,False,0.28828685726602077
1252416,27,False,0.5343441556970133
1252417,11,False,0.9280661706655711
1252419,53,False,0.8120775085603343
1252420,18,False,0.0
1252421,20,False,0.50209876249324
1252422,5,False,0.6739059447771959
1252423,43,False,0.5514168551808191
1252424,6,False,0.568154805608649
1252425,48,False,0.20065168930972213
1252426,26,False,0.6415439197845731
1252427,5,False,0.6592197455569236
1252428,36,False,0.39194916703086347
1252429,23,False,0.5507872453751961
1252430,69,False,0.18354998219060603
1252431,15,False,0.30764868373516735
1252432,63,False,0.1860195905756659
1252433,28,False,0.2188562688127194
1252434,27,False,0.045099141585555585
1252435,89,False,0.23100342740465252
1252436,1,False,0.40970659747719523
1252438,115,False,0.07320717131474104
1252439,25,False,0.18277950158564754
1252440,105,False,0.26476971941699073
1252441,89,False,0.19190509420795535
1252442,11,False,0.9013211004583812
1252443,45,False,0.41465314698368516
1252445,14,False,0.6221522506712522
1252446,2,False,0.46957756029103564
1252447,20,False,0.24395890515409271
1252448,23,False,0.4563090195802413
1252449,0,False,0.0
1252450,160,False,0.1083605791686128
1252451,1,False,0.45142842193600446
1252452,119,False,0.5617458762991006
1252453,0,False,0.0
1252455,29,False,0.35785446362753315
1252456,22,False,0.4445393208171524
1252461,173,False,0.2307526014504168
1252462,27,False,0.5147359995546911
1252463,38,False,0.4679840480096339
1252464,69,False,0.6705261607777893
1252465,187,False,0.23770154178934896
1252466,25,False,0.5147359995546911
1252467,13,False,0.5893674781540437
1252468,72,False,0.40041935891211666
1252469,45,False,0.23425590397533408
1252471,36,False,0.22447955880785642
1252473,207,False,0.9487154295358186
1252474,46,False,0.2539537487106115
1252475,170,False,0.21351121424231642
1252478,2,False,0.6038619125870883
1252479,9,False,0.3023800384315878
1252480,19,False,0.23724231228668036
1252481,54,False,0.15009254843489905
1252483,51,False,0.133504755213044
1252484,15,False,0.40251334759180696
1252488,8,False,0.4186817913236761
1252489,8,False,0.5516210513354215
1252490,19,False,0.5723666906799649
1252491,113,False,0.1545632384895541
1252492,0,False,0.0
1252493,2,False,0.47033734212214745
1252494,114,False,0.2203647000466843
1252495,12,False,0.5673422000833486
1252496,118,False,0.08436080467229072
1252497,111,False,0.22981898300063003
1252498,113,False,0.1239829971782219
1252499,18,False,0.30184915469517254
1252501,30,False,0.12572599993970823
1252505,43,False,0.4359058434511137
1252506,10,False,0.25014080838091485
1252509,40,False,0.15406811686467048
1252510,9,False,0.3510004566798206
1252511,11,False,0.34522153057488103
1252513,89,False,0.1824670979254963
1252514,302,False,0.33982527568518195
1252516,113,True,0.31067334415033826
1252517,134,False,0.28228646151589815
1252518,15,False,0.4684901791527662
1252519,120,False,0.18433420365535247
1252520,127,False,0.1327674914673021
1252521,78,False,0.5175633244184458
1252522,74,False,0.5511507684061794
1252523,22,False,0.36601482670501767
1252524,37,False,0.1824264275774421
1252526,54,False,0.3091006451356643
1252527,38,False,0.28118740009413384
1252528,9,False,0.366566983593088
1252529,31,False,0.17856055706979435
1252531,38,False,0.2579737180008937
1252532,91,False,0.19460583125074377
1252534,18,False,0.4970082364137391
1252537,16,False,0.28620021081103364
1252538,28,False,0.33055409072756725
1252540,47,False,0.12352046081442639
1252541,28,False,0.5028725392388897
1252543,8,False,0.3572217677743747
1252544,46,False,0.24516531503431066
1252547,132,False,0.17267099276497352
1252548,62,False,0.31532606990908263
1252549,128,False,0.14038064209413986
1252553,1,False,0.06286122427323712
1252554,56,False,0.40582845655530686
1252555,99,False,0.15309263923873495
1252556,12,False,0.37208134104561447
1252558,40,False,0.33260153677277715
1252559,72,False,0.4399038744425963
1252561,13,False,0.026743364618024016
1252562,4,False,0.3957154758655996
1252563,127,True,0.38798021334995625
1252564,45,False,0.471460199723674
1252565,16,False,0.0
1252568,44,False,0.5438737662408812
1252572,294,True,0.08971553610503283
1252575,24,False,0.3279156992891628
1252576,0,False,0.0
1252577,137,False,0.12528331426465492
1252578,31,False,0.09170620236027463
1252581,24,False,0.5816528282578787
1252582,27,False,0.2951949705533155
1252583,2,False,0.4545986161513089
1252584,72,False,0.30100291167276777
1252586,20,False,0.49157151333228655
1252587,10,False,0.5295097031339611
1252588,189,True,0.11089089331758298
1252590,110,True,0.08805397306105615
1252593,157,False,0.3104937787719549
1252595,2,False,0.45846704778341063
1252596,57,False,0.4392584189446336
1252597,51,True,0.31865308631910155
1252598,35,False,0.4377194637853425
1252599,44,False,0.26287226585241574
1252600,36,False,0.36093845474943914
1252601,14,False,0.44992623882263805
1252602,40,False,0.5537722646957928
1252603,129,False,0.10068385133410032
1252604,79,False,0.0
1252605,304,False,0.25395979107766
1252606,81,False,0.09871793968615658
1252607,18,False,0.05517933283170304
1252609,187,False,0.22592268284210376
1252610,90,False,0.18599812930252413
1252611,112,False,0.050272465627949584
1252612,11,False,0.4365977815189063
1252613,24,False,0.33055409072756725
1252614,157,False,0.2239541802588759
1252615,33,False,0.32568889596810247
1252616,16,False,0.2567117210690692
1252617,48,False,0.48527044993352464
1252618,23,False,0.45334456460481737
1252619,48,False,0.3378087858380364
1252620,71,True,0.1022508038585209
1252621,37,False,0.258304047431208
1252624,59,False,0.2132409379299034
1252625,35,False,0.49249030119445136
1252627,67,False,0.8442614312425634
1252628,5,False,0.2038384741782131
1252629,7,False,0.29639629497350267
1252631,18,False,0.4387512262635042
1252632,37,False,0.20620616171213474
1252633,10,False,0.4750907812187662
1252634,35,False,0.0749619814612422
1252635,22,False,0.7078586275961353
1252636,8,False,0.80193716681325
1252637,0,False,0.0
1252638,62,False,0.06801889171553463
1252640,55,False,0.3387466106854374
1252641,155,False,0.345703962401395
1252642,31,False,0.9464839449158576
1252644,10,False,0.6005666936580485
1252646,144,False,0.3018832834891182
1252648,11,False,0.45052718979681927
1252649,81,False,0.3475112644279145
1252650,15,False,0.0
1252651,122,False,0.9594114678891522
1252652,71,False,0.24793577725486035
1252653,20,False,0.38712460485568784
1252654,62,False,0.0
1252655,52,False,0.16779239246356203
1252657,28,False,0.6004817441040351
1252658,70,False,0.144608526051825
1252659,6,False,0.6808276296958945
1252664,119,False,0.18588323969997225
1252665,39,False,0.18946135831381733
1252667,61,False,0.2921387595723414
1252668,15,False,0.395300555607851
1252669,5,False,0.0
1252671,35,False,0.876744469086385
1252674,25,False,0.37572207260906115
1252675,181,False,0.1986172272995845
1252676,12,False,0.4180865226260292
1252677,1,False,0.0
1252678,19,False,0.10491981516716499
1252679,166,False,0.3213511309020523
1252681,10,False,0.505041144263907
1252684,31,False,0.23804347826086955
1252685,13,False,0.41368945612643093
1252687,13,False,0.7249913012468729
1252688,1,False,0.0
1252689,175,True,0.10414259778841393
1252691,114,False,0.20281645580602287
1252692,15,False,0.5696687665722207
1252693,3,False,0.07033842070338421
1252694,165,True,0.06853352984524687
1252695,8,False,0.5440980596511391
1252698,38,False,0.24680030072400713
1252699,9,False,0.0
1252700,34,False,0.5287436857132793
1252701,34,False,0.3807062745299254
1252702,5,False,0.28636372640873875
1252704,35,False,0.03594397415212586
1252705,33,False,0.4214648868458529
1252707,71,False,0.3639973429369814
1252708,2,False,0.7363891171958594
1252709,53,False,0.4333959505562414
1252710,38,False,0.14095954532301383
1252711,21,False,0.0
1252712,44,False,0.16993130808644222
1252713,59,False,0.11687826736370426
1252714,13,False,0.5591294902156143
1252715,4,False,0.5342232224759629
1252716,33,False,0.21996224438162945
1252717,15,False,0.10288255136461208
1252718,10,False,0.6048810140765318
1252719,27,False,0.7919087133457154
1252720,28,False,0.08465302686069398
1252721,12,False,0.551893408689657
1252722,184,False,0.10465566161419257
1252724,198,False,0.14502064518799768
1252725,86,False,0.3595467595539517
1252726,21,False,0.41792745320429503
1252727,179,False,0.17144177449168208
1252728,18,False,0.3842900915368965
1252729,38,False,0.446209892302596
1252733,12,False,0.6327322819012643
1252736,3,False,0.486021228387128
1252737,0,False,0.0
1252739,301,False,0.22039450745767641
1252740,26,False,0.1016811581890793
1252742,41,False,0.1732427949931693
1252743,156,False,0.07950036737692873
1252744,65,False,0.30537731158800474
1252745,56,True,0.35961209397989313
1252747,50,False,0.3049083117815219
1252749,31,False,0.9464839449158576
1252751,6,False,0.5630256348308821
1252752,23,False,0.5762943084716874
1252754,16,False,0.18766966278578753
1252755,78,False,0.2583305240774836
1252759,7,False,0.308832945071636
1252763,23,False,0.3354511190971825
1252764,60,False,0.411765865574822
1252765,7,False,0.7003388185995306
1252766,31,False,0.3874388869295825
1252769,63,False,0.423272939192499
1252770,46,False,0.5250413177955549
1252771,36,False,0.36731634182908546
1252772,3,False,0.6385482340646766
1252773,36,False,0.3117577067626556
1252774,68,False,0.1773468857072932
1252777,7,False,0.0
1252779,25,False,0.18759683991047688
1252780,1,False,0.2561287197241123
1252782,39,False,0.23442523439209548
1252783,15,False,0.17801687429683882
1252784,14,False,0.26303053540522386
1252786,27,False,0.4098277247772852
1252787,14,False,0.6030223904820788
1252788,44,False,0.07420804171254382
1252789,16,False,0.17301205912411535
1252790,10,False,0.32278723444790636
1252794,100,False,0.10262420483364018
1252798,11,False,0.3787137346563576
1252799,32,False,0.0928472309827173
1252800,116,False,0.16818453343201295
1252803,3,False,0.21511738570426334
1252804,4,False,0.4300194268959663
1252807,13,False,0.599505363403176
1252809,4,False,0.33927278099133196
1252811,32,False,0.13664176865055663
1252814,30,True,0.4749677453679688
1252816,68,False,0.11708766716196137
1252817,33,False,0.8333028157491998
1252818,17,False,0.5662542526544373
1252819,48,False,0.13511422252050084
1252820,41,False,0.1082427536231884
1252822,2,False,0.6638314109583344
1252823,61,False,0.21038778733111074
1252824,27,False,0.3498605067717348
1252825,85,False,0.4207291658669528
1252827,27,False,0.40888362469478645
1252828,45,False,0.5416958118957635
1252829,74,False,0.6031363088057902
1252830,48,False,0.5090047937571778
1252832,269,False,0.09073117713181618
1252833,46,False,0.2300362367467454
1252835,20,False,0.0
1252836,6,False,0.39697390531757387
1252837,45,False,0.3030136024309034
1252838,3,False,0.40582245664481226
1252839,42,False,0.3130470332192683
1252840,44,False,0.1798629519181209
1252841,32,False,0.18429781234306483
1252843,8,False,0.06874831278682624
1252844,32,False,0.1495802053105762
1252847,8,False,0.5227168176164769
1252849,44,False,0.30356921147515287
1252850,19,False,0.3810083294173851
1252851,23,False,0.5638202298558779
1252852,1,False,0.6729729778348594
1252854,20,False,0.0
1252855,67,False,0.3968580152363103
1252856,3,False,0.4080594052664027
1252857,23,False,0.49033787610679735
1252859,0,False,0.0
1252860,0,False,0.0
1252861,20,False,0.06706683938491484
1252863,32,False,0.37582404927606555
1252864,46,False,0.4330069956426556
1252865,10,False,0.33999099003187827
1252866,47,False,0.4089603538469357
1252867,39,False,0.33780449264932083
1252868,70,False,0.2267275126509547
1252869,75,False,0.1583782093705747
1252870,28,False,0.41560907118461077
1252875,21,False,0.33920939617374724
1252876,207,False,0.0850642391566107
1252877,46,False,0.3065375058643638
1252878,10,False,0.35974946480663805
1252880,10,False,0.6734729900200329
1252882,5,False,0.2604314226529875
1252883,23,False,0.5494556976830733
1252888,20,False,0.4343575688367796
1252890,71,False,0.1906094527363184
1252891,41,False,0.2806031647076836
1252892,21,False,0.5462241749950073
1252893,40,False,0.5188603314529081
1252894,14,False,0.1266991692050343
1252896,20,False,0.6752115305404652
1252897,14,False,0.38913380526335334
1252898,13,False,0.753099615723447
1252899,7,False,0.4663460076921432
1252900,9,False,0.3216095501521431
1252901,10,False,0.45894877132513556
1252902,1,False,0.2209645530953965
1252903,53,False,0.19798153244032132
1252904,41,False,0.0
1252907,3,False,0.8997595919629898
1252908,144,False,0.2373721966477303
1252909,118,False,0.6155844482683429
1252910,49,False,0.44574275154847354
1252912,54,False,0.3201785579838589
1252914,0,False,0.0
1252915,7,False,0.5581803742422071
1252916,4,False,0.28603229280901293
1252917,16,False,0.03502485261819443
1252919,0,False,0.0
1252921,13,False,0.7442896978774363
1252922,22,False,0.1669518316279132
1252925,53,False,0.14847799577645043
1252926,4,False,0.5115841179162074
1252927,23,False,0.26589351699564123
1252928,96,False,0.2825077428332037
1252929,63,False,0.41220660829468847
1252930,40,False,0.24537403385060244
1252932,11,False,0.2117039586919105
1252933,1,False,0.0
1252935,39,False,0.3683007312745284
1252936,67,False,0.6096436871083625
1252937,3,False,0.7621345385604108
1252938,82,False,0.3551194500011497
1252941,3,False,0.39992116699458313
1252942,58,False,0.3801385058771229
1252943,27,False,0.22252322969409624
1252944,47,False,0.20108022651963448
1252946,15,False,0.12571744757474584
1252947,45,False,0.4711219709249288
1252948,72,False,0.3804067248438079
1252949,14,False,0.4698947234408422
1252952,3,False,0.45048948734675454
1252953,41,False,0.26481314992498745
1252954,40,False,0.22678562891942827
1252955,2,False,0.6490401939246023
1252956,25,False,0.06865042728972848
1252957,61,False,0.44461188907941174
1252961,5,False,0.07673871755449037
1252962,155,False,0.20581833546487743
1252966,6,False,0.0
1252967,9,True,0.22951009513363715
1252968,89,False,0.22973480902687432
1252969,12,False,0.5744533066208017
1252970,92,False,0.5501903517971541
1252971,0,False,0.0
1252974,15,False,0.03804347826086957
1252975,5,False,0.6331514954216124
1252976,14,False,0.46955015577960674
1252978,11,False,0.5407103194248432
1252979,1,False,0.5805842274084967
1252980,25,False,0.15401841254043294
1252981,55,False,0.6561561258056245
1252982,83,False,0.3339080033019669
1252983,17,False,0.4434719009748318
1252984,25,False,0.31845119161197505
1252988,1,False,0.2781866063402949
1252989,19,False,0.20851172965950487
1252990,8,False,0.30317653930601857
1252991,96,False,0.18267544538680883
1252992,99,False,0.14253718834460335
1252994,30,False,0.24495883287592085
1252996,52,False,0.2817766762159162
1252998,72,False,0.2869240669183563
1252999,10,False,0.2797233637567442
1253000,123,False,0.35594094856793085
1253001,32,False,0.7181981451587903
1253002,38,False,0.35293545738731713
1253003,7,False,0.5831867573115961
1253007,73,False,0.31926252446044645
1253009,6,False,0.48417368309282544
1253010,187,False,0.06252738311322525
1253014,69,False,0.7833971184364702
1253015,71,False,0.25208390533288866
1253018,48,False,0.936186147662097
1253020,22,False,0.44179462325670943
1253021,68,False,0.12740104549914152
1253024,60,False,0.46775338888497087
1253025,180,True,0.2955322898310355
1253026,171,False,0.34283960870263586
1253027,29,False,0.23468880990742275
1253028,28,False,0.27548340381700415
1253030,15,False,0.42613734733210656
1253031,83,False,0.30370391627589893
1253032,5,False,0.0
1253033,3,False,0.48238525740104365
1253039,39,False,0.23173849981629152
1253040,47,False,0.559095314297077
1253042,16,False,0.3757629596701214
1253043,19,False,0.5648476249770821
1253044,18,False,0.5673422000833486
1253045,33,False,0.6085093609276724
1253046,13,False,0.4782438959568919
1253050,40,False,0.299166723047856
1253051,0,False,0.0
1253052,18,False,0.4430810685343707
1253054,34,False,0.5196781592899967
1253055,4,False,0.0
1253056,13,False,0.339588712822342
1253057,39,False,0.5543232203683001
1253058,110,False,0.37374264212800834
1253059,10,False,0.6609111205628865
1253060,9,False,0.6194092481781068
1253061,54,False,0.17164577574783185
1253063,136,False,0.16162449128868348
1253065,36,False,0.40512797023906305
1253066,11,False,0.9280661706655711
1253067,7,False,0.5900995648485312
1253070,21,False,0.30580557593408386
1253075,13,False,0.3427793079339531
1253076,7,False,0.5382065649980603
1253077,40,False,0.14851217362666072
1253078,71,False,0.21178593848085372
1253079,46,False,0.2620393321792047
1253080,29,False,0.3064848489988643
1253082,87,False,0.5101165276165276
1253083,22,False,0.4253565174598973
1253085,0,False,0.0
1253086,27,False,0.39092250946219903
1253087,39,False,0.6675322983232644
1253090,26,False,0.7253214688973874
1253091,6,False,0.4383946572179509
1253093,0,False,0.0
1253094,9,False,0.46441580185452325
1253095,45,False,0.42280864951531655
1253096,22,False,0.2759294497089047
1253097,36,False,0.5804508710303301
1253098,4,False,0.3184512784723347
1253099,21,False,0.5893860148671374
1253100,37,False,0.30499036696921966
1253101,72,False,0.21634464498962072
1253102,15,False,0.0
1253103,19,False,0.48479373110041313
1253104,15,False,0.12345776455910641
1253105,0,False,0.0
1253106,63,False,0.45983338442411337
1253107,10,False,0.22030751007193097
1253108,4,False,0.4111628528729851
1253109,7,False,0.4325985902063327
1253110,119,False,0.47895879628390353
1253113,44,False,0.3376484414020037
1253115,1,False,0.8747486098011644
1253117,47,False,0.07706642171655495
1253120,43,False,0.1675867117693737
1253122,39,False,0.20348297262953485
1253125,67,False,0.5547885355463712
1253126,41,False,0.4434169916706217
1253132,96,False,0.3246157192824114
1253133,5,False,0.5589201666762028
1253134,25,False,0.46047634697806067
1253136,1,False,0.0
1253137,5,False,0.4992147006177377
1253138,175,False,0.20704498813725497
1253140,17,False,0.32144393998141346
1253141,8,False,0.0
1253143,21,False,0.4755910310477477
1253144,27,False,0.38307479152396123
1253145,76,False,0.12227574128735397
1253149,5,False,0.5291245348973214
1253153,6,False,0.9579868442699493
1253154,5,False,0.6302362222995708
1253155,4,False,0.5948091332108424
1253156,1,False,0.31926157025989327
1253157,9,False,0.4133443876306486
1253159,17,False,0.22244571249962572
1253160,17,False,0.01165245292577894
1253161,20,False,0.20784050154473974
1253165,1,False,0.0
1253168,21,False,0.0
1253170,3,False,0.24023816827876754
1253172,14,False,0.30342564699765634
1253175,24,False,0.16774467213496327
1253177,19,False,0.4587949922509596
1253182,6,False,0.5586652267257137
1253183,9,False,0.6410150900233751
1253184,122,False,0.1724137931034483
1253186,10,False,0.5544756452902194
1253188,21,False,0.11676147638773753
1253189,163,False,0.2647224995404456
1253190,22,False,0.15881939717993446
1253191,20,False,0.13608660056399527
1253192,29,False,0.3398860714873588
1253193,161,False,0.2695363458183996
1253194,41,False,0.49152196475802057
1253196,6,False,0.08505747126436781
1253198,81,False,0.25283185588250784
1253200,39,False,0.13360707683240827
1253201,38,False,0.3860922119123359
1253202,38,False,0.4775106975728562
1253204,51,False,0.6224237829636905
1253205,66,False,0.019841966637401228
1253207,19,False,0.3567635091298013
1253208,13,False,0.4426433665846425
1253209,44,False,0.5109629891749075
1253210,27,False,0.25264705188016234
1253211,41,False,0.128379731624274
1253212,67,False,0.20064225962339305
1253213,25,False,0.024767168150649884
1253215,2,False,0.0
1253216,122,False,0.09438342602533435
1253218,7,False,0.5831867573115961
1253219,10,False,0.0
1253221,18,False,0.3822813903357224
1253222,9,False,0.31339523462643293
1253224,114,False,0.1336440426254503
1253225,44,False,0.22657199751584883
1253230,114,False,0.17331456065139456
1253231,151,False,0.14577190054744074
1253233,143,False,0.4521911547108287
1253236,51,False,0.3870543179854065
1253237,40,False,0.26389953276856976
1253239,44,False,0.2911259979552255
1253242,15,False,0.25624711003461514
1253244,36,False,0.3512992717061473
1253245,23,False,0.26120841695476055
1253248,32,False,0.38045784784917747
1253249,2,False,0.0
1253250,20,False,0.49933498831246487
1253252,18,False,0.9991727472849525
1253254,10,False,0.01607575423915437
1253255,31,False,0.5706269821907782
1253256,0,False,0.0
1253257,24,False,0.4913466001689835
1253259,26,False,0.14813891658358258
1253260,37,False,0.5578871474440946
1253262,3,False,0.06822429906542056
1253263,114,False,0.30772842948168794
1253266,51,False,0.4153492747096523
1253267,65,False,0.23741382048618612
1253270,3,False,0.7074786518482593
1253274,8,False,0.6309347038251079
1253277,1,False,0.0
1253278,10,False,0.8853900514797981
1253281,224,False,0.14435479776667431
1253282,167,False,0.15234927234927234
1253285,83,False,0.2622375848686712
1253286,60,False,0.1503403120871889
1253287,74,False,0.5650443273538464
1253289,7,False,0.8472834908680215
1253290,28,False,0.5384290403514125
1253291,37,False,0.2232390777572639
1253295,119,True,0.09512794884848372
1253296,53,False,0.4120006427722512
1253297,19,False,0.6231068127825767
1253299,11,False,0.2926183273932533
1253301,0,False,0.0
1253302,22,False,0.14404693798117782
1253304,61,False,0.21494916619311943
1253306,116,False,0.2893200640593756
1253310,48,False,0.521228752450507
1253312,35,False,0.9041628150241361
1253313,61,True,0.21665208032571115
1253315,55,False,0.622832939805166
1253316,28,False,0.21650702994073784
1253317,22,False,0.0
1253319,9,False,0.0
1253320,33,False,0.0
1253322,0,False,0.0
1253323,9,False,0.46481954962201993
1253324,13,False,0.6076411868748861
1253325,18,False,0.5207809088830381
1253327,18,False,0.492026065975085
1253328,45,False,0.2087022539375861
1253329,22,False,0.4615727689602881
1253331,213,False,0.05281992556541655
1253333,52,False,0.18821642297719324
1253335,16,False,0.5071995922866795
1253336,24,False,0.8852815053368235
1253337,19,False,0.4304548795072202
1253338,3,False,0.1262787821532774
1253340,26,False,0.3114956786861502
1253342,7,False,0.5841704697838455
1253343,3,False,0.5686594693489385
1253345,173,False,0.7423485079012376
1253349,61,False,0.20920213290400502
1253350,11,True,0.11903908210828254
1253351,3,False,0.7319221369948157
1253352,158,False,0.2068620523829151
1253353,98,False,0.21859137907137907
1253355,35,False,0.13040308301218623
1253356,34,False,0.4570140522168498
1253357,9,False,0.5701206709015367
1253359,89,False,0.3824509496971695
1253360,50,False,0.41688685481305887
1253361,0,False,0.0
1253362,14,False,0.2109415648746005
1253363,50,False,0.28783441393179693
1253364,61,False,0.17534735701021625
1253365,21,False,0.2984605884669087
1253366,22,False,0.3197833954866148
1253368,31,False,0.8108261209384893
1253369,6,False,0.6334838107533645
1253371,10,False,0.5354049365135768
1253372,9,False,0.6903496391786755
1253373,49,False,0.22208640963263038
1253375,16,False,0.3045573287285654
1253376,22,False,0.45104753761044086
1253378,10,False,0.5184678994336206
1253379,58,False,0.3989840855960301
1253380,22,False,0.5176624891938413
1253382,18,False,0.5159448355342555
1253383,5,False,0.0
1253385,97,False,0.2444576673747547
1253386,0,False,0.0
1253387,31,False,0.36124600653295935
1253390,1,False,0.5989134429960374
1253392,53,False,0.8120775085603343
1253394,7,False,0.6545791528884423
1253395,5,False,0.4762653877236782
1253397,32,False,0.25497727483606686
1253398,113,True,0.13170782244460172
1253399,22,False,0.06243725069872195
1253400,95,False,0.2847690224655016
1253402,189,False,0.21312864390437314
1253403,19,False,0.45983163383633957
1253404,50,True,0.24409089220297672
1253406,118,False,0.31395208608139585
1253407,9,False,0.5500907886895479
1253408,79,False,0.12820053715308863
1253409,2,False,0.6695544445665311
1253430,62,False,0.3016686055241713
1253431,28,False,0.46046133675843204
1253432,113,True,0.07996662262707739
1253433,12,False,0.3733822181790193
1253437,20,False,0.19447627753294394
1253438,1,False,0.03729871837002958
1253441,18,False,0.41404671985496777
1253442,137,False,0.3227264493762316
1253443,5,False,0.39429550132114577
1253444,8,False,0.32688545756472404
1253445,22,False,0.41969729120392185
1253448,7,False,0.6451118723884571
1253450,5,False,0.3026639890294865
1253452,21,False,0.032520325203252036
1253456,16,False,0.456644684844024
1253460,64,False,0.05356842989084803
1253461,23,False,0.41513908947161676
1253462,23,False,0.3449846398902005
1253463,26,False,0.15922989996228448
1253464,22,False,0.24047206978615615
1253465,13,False,0.27767108255849865
1253466,39,False,0.14238287693830418
1253468,13,False,0.22710395059773572
1253469,92,False,0.42253529805451623
1253472,122,False,0.1218487637962744
1253473,117,False,0.2393965358629749
1253475,141,False,0.1983512855221603
1253479,64,True,0.15845232229331616
1253480,42,False,0.46066566349096333
1253482,113,False,0.017292490118577076
1253483,35,False,0.6146490141236047
1253484,135,False,0.32547494178570163
1253485,137,False,0.24955369866428906
1253493,9,False,0.7427358904818943
1253495,83,False,0.4052414007040386
1253499,53,False,0.18515409410572223
1253503,94,True,0.24846823574435514
1253504,26,False,0.22319312796208532
1253505,30,False,0.5608648785045287
1253507,82,False,0.1820876854689229
1253508,12,False,0.34929095899495655
1253509,105,False,0.22470838984479408
1253523,88,False,0.37668182821557233
1253526,57,False,0.14453297919433378
1253527,3,False,0.7677794086997939
1253529,89,True,0.3441613389477543
1253533,71,False,0.5409703076679151
1253534,89,False,0.20845771144278608
1253536,33,False,0.11217753536462881
1253539,135,False,0.04686279614683676
1253544,55,False,0.22475270301357259
1253546,23,False,0.5487153734796572
1253551,56,False,0.2717901650734673
1253554,30,False,0.18477043673012317
1253556,14,False,0.6580621838919178
1253559,11,False,0.9564662727218493
1253560,14,False,0.4009016369907954
1253561,31,False,0.3587146309504346
1253564,24,False,0.12877974558679522
1253567,61,False,0.3799409124692023
1253568,61,False,0.41360240396136067
1253569,73,False,0.25856953832401824
1253571,136,False,0.399696783981396
1253572,1,False,0.6645253890790186
1253575,109,False,0.32117507136967494
1253576,12,False,0.34840301992415507
1253578,3,False,0.29073704235184233
1253585,78,True,0.17972940318162847
1253587,113,True,0.7225202340047064
1253590,108,True,0.17379623425794374
1253596,11,False,0.5876510153978071
1253599,114,False,0.29454896562537924
1253600,130,False,0.6149511477056413
1253602,67,False,0.3792134831460674
1253603,135,False,0.21381707631322108
1253604,20,False,0.5982435873723543
1253606,91,False,0.011111111111111112
1253611,66,False,0.4065508235380129
1253612,125,False,0.09368993190635494
1253613,1,False,0.47343135831820216
1253614,7,False,0.470582565986106
1253616,37,False,0.18816096866096865
1253620,142,False,0.34277483876653414
1253622,122,False,0.0671008785216601
1253623,15,False,0.6146124920802587
1253624,75,True,0.19218464989268289
1253631,103,False,0.2709960797504123
1253633,33,False,0.8275482339303827
1253634,5,True,0.5962076804988683
1253635,10,False,0.593488007686061
1253637,86,False,0.4154405547099611
1253638,2,False,0.40952357761937436
1253639,104,True,0.22470838984479408
1253640,95,False,0.3103545390864624
1253641,6,False,0.9426644561909016
1253644,70,False,0.19328545628985835
1253647,74,False,0.3792134831460674
1253653,13,False,0.5475621279213714
1253657,5,False,0.5239379652116115
1253658,105,False,0.13453893818789933
1253659,70,False,0.31397183258623007
1253660,75,False,0.16593186372745491
1253663,114,False,0.1625530574449611
1253665,7,False,0.36554288220752945
1253668,56,False,0.32487629297787457
1253671,26,False,0.6599231869638024
1253674,92,False,0.9415211268075886
1253677,138,False,0.5960654927590253
1253678,138,False,0.2050632911392405
1253679,69,False,0.2563632874388978
1253680,67,False,0.36857339101080694
1253683,80,False,0.3052122480748683
1253687,45,False,0.8680809910311296
1253693,53,False,0.4200203469949529
1253695,131,False,0.42127001302520545
1253696,8,False,0.2865926420982568
1253699,14,False,0.9718579754191766
1253702,2,False,0.0
1253703,304,False,0.0425531914893617
1253704,0,False,0.0
1253706,133,False,0.384682954046368
1253707,170,False,0.1663511173264603
1253708,8,False,0.46533091946237415
1253709,7,False,0.20495679564125485
1253710,6,False,0.0
1253711,40,False,0.5910147458465794
1253712,22,False,0.40124494451010306
1253713,10,False,0.6194092481781068
1253716,12,True,0.45639241823017457
1253717,6,False,0.47738391364199323
1253718,66,False,0.12006661381789065
1253719,29,False,0.3767282851484763
1253722,11,False,0.43678387797581664
1253725,27,False,0.1857687003347997
1253726,7,False,0.5814101417323433
1253727,124,True,0.16293062981887244
1253729,24,True,0.2230561984934067
1253730,50,False,0.27428726833841227
1253735,117,False,0.09832792919506718
1253737,42,False,0.1834964358778698
1253738,124,True,0.21610378884368334
1253739,1,False,0.5415286373087314
1253740,102,False,0.6089754434033958
1253741,32,False,0.08215488215488216
1253742,55,False,0.26028300825066686
1253743,49,False,0.1447344754411786
1253745,8,False,0.22575959095200554
1253746,45,False,0.15992647058823528
1253748,56,False,0.33943462316718837
1253750,7,False,0.34721786548001166
1253751,14,False,0.3766130137036141
1253752,0,False,0.0
1253760,51,False,0.4459120080886754
1253761,90,False,0.4520039058944462
1253766,26,False,0.21315745837189362
1253772,22,False,0.5212309699332579
1253776,12,False,0.19578313253012047
1253777,2,False,0.13113362276893392
1253779,48,False,0.3726745713233938
1253781,11,False,0.47810680724585075
1253784,231,False,0.2561770151606812
1253785,113,False,0.7225202340047064
1253787,22,False,0.3738509385722018
1253788,18,False,0.6231068127825767
1253791,7,False,0.4645610936180868
1253793,8,False,0.6349349004181885
1253794,111,False,0.33496121120803013
1253796,136,False,0.17902493505651093
1253798,111,False,0.1387649680682043
1253800,73,True,0.12790697674418605
1253802,138,False,0.4108897364653146
1253804,80,False,0.2370961724311515
1253805,59,False,0.9916159950694614
1253806,2,False,0.36609093935102643
1253810,16,False,0.32465517966959545
1253811,116,False,0.14506191782447805
1253812,21,False,0.3288554017949581
1253813,16,False,0.44697823101931594
1253815,88,True,0.1630517503805175
1253817,79,False,0.2991794685972313
1253818,2,False,0.11357873835344433
1253820,22,False,0.40461126502025224
1253822,18,False,0.0
1253824,49,False,0.2196638857071277
1253826,21,False,0.07995312940745924
1253828,51,False,0.08741770299926847
1253831,5,False,0.20648368291545907
1253832,11,False,0.49389589419598956
1253833,8,False,0.3343994241102221
1253834,6,False,0.06026711185308848
1253836,5,False,0.0
1253837,280,False,0.09073117713181618
1253838,10,False,0.5905009767284196
1253839,14,False,0.41955483772003244
1253840,5,False,0.22133571417137085
1253841,6,False,0.704893633730903
1253842,19,False,0.41341329966329965
1253843,13,False,0.0
1253844,4,False,0.6936831367126854
1253845,53,False,0.29651976869676
1253846,4,False,0.2683297318927571
1253847,67,False,0.0
1253848,16,False,0.23444265742917234
1253849,68,False,0.24750299640431483
1253850,67,False,0.3339237438412692
1253851,37,False,0.629894927707033
1253852,3,False,0.1593388534405697
1253853,9,False,0.6324519480395385
1253854,3,False,0.44609846441906564
1253855,12,False,0.09318028359216746
1253858,26,False,0.266136281048472
1253859,54,False,0.1496442836758136
1253860,38,False,0.040345821325648415
1253861,121,False,0.13046774482419227
1253862,99,False,0.273041220891046
1253863,5,False,0.6570731566738651
1253865,23,False,0.23450810696602983
1253867,18,False,0.21892722114481056
1253869,17,False,0.0
1253872,3,False,0.21570051635953108
1253873,115,False,0.12481577164511938
1253876,37,False,0.33260153677277715
1253877,41,False,0.8662044728832113
1253879,12,False,0.009448966226962298
1253880,73,False,0.1486417221937468
1253881,176,False,0.3270822986545428
1253883,2,False,0.0
1253887,11,False,0.42869015419613704
1253888,22,False,0.3738509385722018
1253889,39,False,0.16291469194312796
1253890,52,False,0.286641160039763
1253892,145,False,0.16373991457047934
1253893,14,False,0.6653469790215792
1253894,27,False,0.37572207260906115
1253895,8,False,0.603496942871371
1253896,28,False,0.5789797880875291
1253897,24,False,0.0
1253898,102,False,0.2864538397542449
1253899,44,False,0.3113882838196606
1253901,10,False,0.4311762623366106
1253902,114,False,0.23247818037556203
1253904,57,False,0.4465769924639784
1253912,1,False,0.37144721207967724
1253913,115,False,0.09454949944382647
1253915,10,False,0.2540930230319391
1253917,122,False,0.19517677249476797
1253919,3,False,0.8013576096115375
1253923,43,False,0.6737335501150751
1253924,112,True,0.22322926826064543
1253928,11,False,0.2570038252827874
1253931,1,False,0.0
1253932,28,False,0.5193723016813447
1253933,16,False,0.4999693716635853
1253934,112,True,0.09284343016760709
1253939,111,False,0.08383961117861483
1253943,112,False,0.17572502065996579
1253944,99,False,0.810957162826392
1253945,109,False,0.8907497494995332
1253947,101,False,0.1784437148621653
1253949,78,True,0.4814380171667783
1253950,105,False,0.14288590604026846
1253951,10,False,0.5898865589035207
1253956,84,False,0.10891914420672409
1253958,23,False,0.311014302254057
1253959,113,True,0.047685834502103785
1253961,106,False,0.12592391846088755
1253965,6,True,0.2335418964110564
1253968,69,False,0.5965376596215327
1253972,103,False,0.603262587703889
1253973,98,False,0.25705437356414973
1253975,114,False,0.21132717125915593
1253976,115,False,0.0851895271590465
1253981,106,False,0.0985463456421088
1253984,76,False,0.48582837473613305
1253987,54,False,0.4061464448315387
1253988,64,False,0.15161725911805024
1254000,57,False,0.5390863264297416
1254001,8,False,0.6533140703314151
1254003,9,False,0.15317685729398353
1254005,66,False,0.2208184050934348
1254006,224,False,0.06394092219020173
1254008,16,False,0.40230693631818615
1254011,0,False,0.0
1254012,228,False,0.1524223214703536
1254013,128,False,0.18566555232600365
1254015,66,False,0.04254638515674984
1254016,104,False,0.4075279467949625
1254017,63,False,0.31948898284267047
1254018,31,False,0.3011020890166883
1254019,28,False,0.19940284477310025
1254021,17,False,0.25098458395282053
1254022,65,False,0.0
1254023,197,False,0.2587248322147651
1254024,17,False,0.6319623419985964
1254025,131,False,0.22924548811526
1254026,13,False,0.4165659182967888
1254027,6,False,0.17075517075517077
1254028,7,False,0.5581537306940707
1254029,10,False,0.42620108002299806
1254030,84,False,0.19120319883678663
1254031,61,False,0.09271249483399917
1254032,39,False,0.37254832333767246
1254033,13,False,0.05966186881759379
1254034,9,False,0.09150652195559096
1254035,94,False,0.0618028338860416
1254036,27,False,0.11808222339542866
1254037,99,False,0.6734753862834412
1254039,41,False,0.2490083471681373
1254042,6,False,0.1984880302393952
1254043,27,False,0.1998817903390468
1254044,41,False,0.3673352435530086
1254045,24,False,0.4033820947409902
1254047,34,False,0.04245283018867924
1254048,116,False,0.15224639837991616
1254049,87,False,0.16593186372745491
1254052,49,False,0.04998276456394347
1254054,113,False,0.32543324719799854
1254059,72,False,0.782372511617538
1254062,43,False,0.3956398914563244
1254065,185,False,0.08566013897662667
1254066,46,False,0.7045322486926205
1254068,99,True,0.3376901495158811
1254071,188,False,0.246296771017515
1254074,161,False,0.2602122304576949
1254075,136,True,0.2533759772565743
1254076,92,False,0.2579331247011955
1254079,107,True,0.7716035950288092
1254082,39,False,0.33745833972184364
1254088,78,False,0.16070290448875535
1254089,124,False,0.12085095476098937
1254090,56,False,0.0
1254092,16,False,0.5622187133974337
1254093,49,False,0.33897610911143616
1254097,85,False,0.06669244152329402
1254098,102,False,0.010303783975839403
1254100,14,True,0.30760476182110624
1254101,116,True,0.2619133314727069
1254102,168,False,0.6292891150878345
1254103,97,False,0.3218496192470293
1254104,50,False,0.35264100464418185
1254107,107,False,0.1402022249873279
1254110,11,False,0.31938826765005235
1254119,50,False,0.7644207036098242
1254120,23,False,0.32921619692952964
1254121,68,False,0.21888858517161613
1254122,49,False,0.16574678039805987
1254124,12,True,0.06662910269051979
1254125,75,False,0.1998816433581191
1254127,50,False,0.26901820470510746
1254128,68,True,0.30271801532059595
1254129,60,False,0.12856562025208107
1254130,40,False,0.5298115949135228
1254132,37,False,0.09806714140386572
1254133,134,False,0.030282111463942198
1254134,15,False,0.49349793503240563
1254137,36,False,0.5028630921395106
1254140,66,False,0.22284263959390865
1254143,62,False,0.16337320348280326
1254145,41,False,0.4937515541782694
1254150,208,True,0.18770226537216828
1254152,109,False,0.837848461885008
1254153,105,False,0.5691316981875493
1254154,74,False,0.16020551144325082
1254158,87,False,0.059207920792079205
1254160,155,False,0.2068620523829151
1254162,115,False,0.19060554235621824
1254165,133,False,0.3688046317729116
1254168,27,False,0.48132497544735303
1254169,60,False,0.3440470801267542
1254170,28,False,0.3914847439899483
1254172,61,False,0.10429790772991229
1254175,71,False,0.34268422805427073
1254176,91,False,0.6499794709710374
1254177,28,False,0.15259643177514204
1254181,73,False,0.33680910709497475
1254182,65,False,0.006939090208172706
1254184,71,False,0.5818361580926009
1254186,57,False,0.3380678877059113
1254189,29,False,0.2471437737261402
1254194,44,False,0.3143153481460472
1254198,91,True,0.6499794709710374
1254199,59,False,0.5900660250867054
1254201,115,False,0.23315522655509185
1254202,16,False,0.3899600198721825
1254203,62,False,0.18519671621173805
1254205,133,False,0.26126546812981555
1254207,115,False,0.17395182872435325
1254209,18,False,0.4198357640124845
1254211,96,False,0.18599812930252413
1254212,119,False,0.09562651856994099
1254213,14,False,0.5107205592821413
1254214,45,False,0.22767793373044953
1254215,48,True,0.20429440728353773
1254216,178,False,0.1723009814612868
1254217,11,False,0.49304422041506296
1254219,51,False,0.16354152659147583
1254221,51,False,0.4385700539335392
1254224,65,True,0.01984196663740123
1254227,58,False,0.4120571902883846
1254229,112,False,0.8526693214193214
1254230,207,True,0.22636896427219005
1254231,149,False,0.7459674074411589
1254232,135,False,0.11889491859891466
1254233,46,False,0.2762907906679485
1254243,5,False,0.4711747535220214
1254244,59,False,0.16953362669164837
1254245,90,False,0.16808011103298934
1254248,217,True,0.3556475730388774
1254254,69,False,0.3060259030135785
1254258,107,False,0.3187743042331998
1254262,122,False,0.11514855491467879
1254263,84,False,0.08333488835913393
1254264,38,False,0.35635944930770125
1254266,44,False,0.1706592142276636
1254270,119,False,0.03045977011494253
1254275,45,False,0.3502044922714264
1254277,11,False,0.21573328225524147
1254278,132,False,0.38708047782560057
1254279,108,True,0.11261554325636036
1254280,118,False,0.163121050264555
1254281,98,True,0.21136827757125154
1254284,120,False,0.20633808663885256
1254288,133,False,0.3638645418298426
1254290,184,True,0.22762119249865173
1254297,57,False,0.14843858967293055
1254298,64,False,0.11619044056814064
1254300,59,False,0.6118535369145305
1254303,58,False,0.2727902756006256
1254304,212,False,0.0764900125491996
1254306,28,False,0.27460413770731434
1254309,67,False,0.24020986527898325
1254311,47,False,0.19729971594132545
1254319,37,False,0.40696617629582765
1254320,5,False,0.05602626812699283
1254323,85,False,0.2928676862429826
1254324,35,False,0.22101441139990952
1254327,87,False,0.1865350089766607
1254329,96,False,0.5935038081778604
1254330,242,True,0.07509881422924901
1254332,40,False,0.45490356027332046
1254334,176,False,0.4824530757276603
1254336,103,False,0.08422791081750619
1254337,84,False,0.1612401582870752
1254339,54,False,0.48001766722074146
1254343,65,True,0.2809364548494983
1254345,118,False,0.22170672226080593
1254346,49,False,0.340789963340391
1254347,58,False,0.07487147851120707
1254354,44,False,0.7792640084349977
1254356,133,False,0.18617963417776875
1254357,129,False,0.831248260207986
1254358,121,False,0.18485952900193725
1254360,69,False,0.14104287986753822
1254362,51,False,0.6103297182550395
1254363,62,False,0.24980463662412086
1254365,36,False,0.2606495743555649
1254366,28,False,0.21618393817637496
1254368,167,False,0.20627656096763647
1254369,44,False,0.07322881524111927
1254370,57,False,0.3200686275776884
1254371,53,False,0.5407053688206587
1254372,39,False,0.2527546735556889
1254373,124,False,0.2269368839741465
1254374,76,False,0.22808410114961014
1254376,178,False,0.027762005191434132
1254377,81,False,0.33545042433376343
1254380,41,False,0.5962738085641838
1254384,112,False,0.11331354674581302
1254385,50,True,0.3172612768516845
1254388,8,False,0.42450541545613485
1254389,96,False,0.18092681406039693
1254391,54,False,0.2583933162584393
1254392,189,False,0.12200684150513112
1254395,45,False,0.4193377180606242
1254397,72,False,0.49130219640300965
1254398,44,False,0.18127250900360145
1254399,46,False,0.49638187900854464
1254403,42,False,0.1254012317931578
1254404,87,False,0.2808597397402522
1254405,78,False,0.21519848193693164
1254406,59,False,0.08090855106888362
1254410,40,False,0.3024210603518557
1254413,45,False,0.33921175495794964
1254418,43,False,0.3127983375693979
1254419,22,False,0.32892985845011286
1254420,81,False,0.26926148779869497
1254421,66,False,0.15591231861685706
1254422,42,False,0.2234097189757115
1254424,53,False,0.3992467043314501
1254425,128,False,0.1335988414192614
1254426,10,False,0.2803237070046492
1254429,165,False,0.3472530134646604
1254430,13,False,0.1906318338019369
1254432,110,False,0.17703479143682443
1254433,87,False,0.24260697497012654
1254434,120,False,0.12299647638256543
1254436,1,False,0.0
1254437,60,False,0.423272939192499
1254439,48,False,0.33317489529857425
1254449,73,False,0.2020481288248052
1254450,160,False,0.31761991020508057
1254451,67,False,0.11320617831947749
1254452,116,False,0.2724964739069111
1254453,56,False,0.19176548839761276
1254454,118,False,0.24012645974278796
1254456,176,False,0.1694522647192656
1254457,100,False,0.5776258650200943
1254463,141,True,0.153942112190787
1254465,128,False,0.41575591287743285
1254466,134,False,0.0901502079535449
1254469,43,False,0.22997229986653572
1254470,182,False,0.03499031633311814
1254473,86,False,0.3758899828911615
1254476,134,False,0.2617213138018016
1254478,71,False,0.15357163054373427
1254479,70,False,0.12426876427270644
1254480,127,False,0.03784119106699752
1254481,61,False,0.0011381631037212985
1254482,18,False,0.23921305611446458
1254483,91,False,0.23762909358299958
1254487,40,False,0.21490025496520865
1254488,134,False,0.3958818555439123
1254491,198,False,0.06484733855714672
1254495,108,False,0.17603563996934157
1254496,150,False,0.13454392909392293
1254499,15,False,0.4155665064293178
1254501,44,False,0.3606854397192391
1254503,49,False,0.06704438149197356
1254505,29,False,0.4203383117189579
1254507,3,False,0.4361776391071478
1254508,37,False,0.8303268557776817
1254511,120,False,0.46455066052455063
1254512,40,False,0.05226542989653942
1254513,96,False,0.33754913616249027
1254515,165,False,0.31935845082907804
1254518,11,False,0.9035433770720501
1254519,58,False,0.42595785838668676
1254521,108,False,0.3075383974153438
1254522,32,False,0.5446214583964406
1254523,137,False,0.3292153633892265
1254525,115,False,0.3075383974153438
1254528,127,False,0.4195418007053207
1254529,165,False,0.2391882138866364
1254533,43,False,0.556245656659694
1254536,121,False,0.08220141544683282
1254537,41,False,0.3159625600809512
1254538,27,False,0.32946904466133115
1254539,184,False,0.25151677896375046
1254540,10,True,0.16076362076362077
1254541,197,False,0.12493465760585468
1254543,35,False,0.17256582797806694
1254546,11,False,0.9588817529175808
1254547,113,False,0.38147401923756336
1254549,91,False,0.17773222933564306
1254552,112,False,0.07786032689450223
1254555,39,False,0.05486365486365487
1254559,33,False,0.41701048911918837
1254562,69,False,0.16117083912257957
1254563,240,True,0.09023684492551709
1254564,79,False,0.9477026090972062
1254569,10,False,0.4584007387337214
1254570,53,False,0.3419550204210372
1254571,47,False,0.12169201917066055
1254573,126,False,0.27116120699550517
1254574,205,False,0.13293526084223758
1254576,37,True,0.2283036805649871
1254577,130,False,0.13112527322758985
1254580,170,False,0.15478879291909958
1254582,68,False,0.6672085081397873
1254584,38,False,0.1251880507199656
1254585,16,False,0.44195785530536263
1254590,117,False,0.24019565889985764
1254593,129,False,0.5682315379685621
1254595,168,False,0.30849861079068774
1254596,97,False,0.11167372375306711
1254602,41,False,0.2406694882647172
1254604,64,False,0.2608490822139148
1254609,98,False,0.16511245200219418
1254610,116,False,0.11585587370785033
1254612,33,False,0.2825463205650313
1254613,124,False,0.289199977988039
1254614,181,False,0.2774951952984799
1254615,176,True,0.08634494698117291
1254622,122,True,0.16396429938324442
1254625,42,False,0.2442594901118027
1254626,131,True,0.4886634844868735
1254627,7,False,0.46687144605252134
1254630,33,False,0.578710272351132
1254631,7,False,0.44385646116027044
1254632,50,False,0.2758779380642191
1254633,94,False,0.30018544469301156
1254634,102,False,0.18995087774012098
1254635,139,False,0.16921384943617374
1254639,153,False,0.10130161251141745
1254640,140,False,0.11537303151477901
1254645,42,False,0.021843761569788966
1254646,37,False,0.17297027133533896
1254647,68,False,0.004202036837452621
1254650,33,False,0.398693805601897
1254653,83,True,0.14748373789342392
1254655,3,False,0.0
1254656,19,False,0.2869093141025024
1254657,58,False,0.15056416024307084
1254658,48,False,0.46772942586645644
1254660,107,False,0.20001969892638924
1254662,78,False,0.2787350561373967
1254663,18,False,0.2967872562759884
1254665,69,False,0.2056514651890643
1254666,33,False,0.3389616194279962
1254669,149,False,0.0845648604269294
1254670,237,False,0.1281477591172127
1254671,48,True,0.2971190382311651
1254672,86,False,0.07269345238095239
1254673,5,False,0.4411489638599801
1254675,7,False,0.7824799649699218
1254676,53,False,0.5618298689168651
1254678,139,False,0.14646731105514466
1254680,116,False,0.3592734539144821
1254681,29,False,0.7782149988487849
1254684,23,False,0.4535383548732249
1254685,78,False,0.2847690224655016
1254687,54,False,0.2654058640649289
1254688,50,False,0.2566938656028102
1254689,40,False,0.09820870651947511
1254691,71,False,0.3234015188983797
1254692,76,False,0.20036697123022065
1254693,107,False,0.13464591933947284
1254694,131,False,0.5406095495952266
1254695,82,False,0.19070620424330031
1254696,17,False,0.5691947936247544
1254698,82,False,0.2552730601017915
1254699,42,False,0.21842818428184282
1254700,48,False,0.7409750308658626
1254704,13,True,0.287416544826652
1254706,29,False,0.5146742271754347
1254707,62,False,0.6474918300725402
1254709,57,False,0.45940063804113657
1254710,121,False,0.09562651856994099
1254711,56,False,0.38539282194190905
1254712,84,False,0.10407510986815821
1254713,67,False,0.4036776620244779
1254714,10,False,0.6413703110413381
1254716,110,False,0.02883757803983748
1254717,3,False,0.7550735121217338
1254719,40,False,0.47852470021533206
1254720,22,False,0.5439690722469278
1254721,21,False,0.3272121390380548
1254723,59,False,0.07956765203802578
1254724,134,False,0.2896437448218724
1254725,8,False,0.2505463427175729
1254726,11,False,0.5739272158973419
1254727,9,False,0.191943385955362
1254729,11,False,0.5447767179960679
1254730,50,False,0.2373252048992324
1254731,148,False,0.22895661457061656
1254732,50,False,0.29177923130160066
1254735,33,False,0.4206962934558115
1254736,33,False,0.213764826743911
1254739,61,False,0.2534037152894378
1254740,150,False,0.39296235379003447
1254741,67,False,0.24281317848608033
1254744,148,False,0.1373153217367458
1254745,44,False,0.3050123856865265
1254747,31,False,0.5089307597906233
1254748,140,False,0.2683800449451713
1254751,101,True,0.21334310202059178
1254760,154,False,0.16896973744946997
1254762,56,False,0.31332930669846987
1254766,16,False,0.26059083367543967
1254768,51,False,0.19176548839761276
1254769,15,True,0.20953432284239
1254770,17,False,0.9514066331139502
1254771,92,False,0.08859379645228421
1254772,85,False,0.22223092678987
1254773,10,False,0.41815740189297373
1254774,143,False,0.7647374014439061
1254776,67,False,0.0656183265385362
1254777,7,False,0.7299626921998663
1254778,10,False,0.5847204375723372
1254782,9,False,0.13070231275196265
1254783,41,False,0.8368652310455915
1254785,161,False,0.032872323166774825
1254786,135,False,0.16780608609776296
1254788,15,False,0.30021493170055374
1254789,30,False,0.6045736276759371
1254790,100,False,0.024128686327077747
1254794,19,False,0.290558510830531
1254796,8,False,0.6256913656206847
1254797,149,False,0.3438562528210587
1254803,80,False,0.20636442174422343
1254804,44,False,0.35184989305976605
1254805,122,False,0.26377605281066224
1254806,61,True,0.0013363729266567094
1254807,10,False,0.35357571942214805
1254809,147,False,0.129365433937288
1254810,6,False,0.0
1254812,66,False,0.15791294986158105
1254813,64,False,0.07394831163931334
1254814,127,False,0.16405282707387536
1254816,37,False,0.01896958132225839
1254820,118,True,0.2502044396389564
1254822,60,False,0.11029375121958541
1254824,37,False,0.4090592939382341
1254825,32,False,0.4633824411044181
1254826,130,False,0.5061894752953975
1254827,81,True,0.8189567254378893
1254831,55,False,0.182212905496849
1254836,134,True,0.1860392496753389
1254837,49,False,0.11429096595424523
1254838,87,False,0.20086128350820734
1254839,98,False,0.15607373144747816
1254840,111,False,0.19255447295207864
1254841,39,False,0.20749015337076923
1254842,72,False,0.18838898552464517
1254843,42,False,0.18628464457120578
1254844,95,False,0.11929360716881443
1254846,52,False,0.0
1254848,92,False,0.2931250447654914
1254849,77,True,0.06055787451136288
1254851,238,False,0.17188573986157069
1254852,50,False,0.23361460265504652
1254853,102,False,0.2087320247071553
1254854,21,True,0.27454272341827696
1254855,97,False,0.020846765527616593
1254856,122,False,0.23179956810177602
1254861,106,False,0.3052425327633515
1254864,48,False,0.30117295826308277
1254866,22,False,0.5121016870522511
1254869,32,False,0.18028176186084408
1254870,88,True,0.24737631184407796
1254871,84,False,0.16711579650224423
1254874,39,False,0.2612806602358344
1254875,55,False,0.1521416557985931
1254878,69,True,0.8650066230779828
1254880,94,False,0.1622444911043201
1254882,72,False,0.27561319226458886
1254884,46,False,0.6061792957210715
1254885,28,True,0.102091199535289
1254886,48,False,0.4537446411322021
1254887,103,True,0.09691991786447639
1254894,84,False,0.224224386347435
1254895,161,False,0.2602122304576949
1254896,113,False,0.2516329704510109
1254897,27,False,0.11630153686474742
1254899,103,False,0.5189433218767214
1254900,46,False,0.15625920381183103
1254901,72,False,0.24801597146203327
1254906,95,False,0.18435695307205252
1254907,66,False,0.44808215824391545
1254908,23,True,0.11869849537037037
1254911,5,False,0.5065607376804001
1254913,85,False,0.13949098875537383
1254914,79,False,0.3333746104079191
1254916,100,False,0.18129291547315063
1254918,117,False,0.2057765884286959
1254920,96,True,0.2138394836953265
1254921,46,False,0.12597278905800782
1254923,47,False,0.19985751966138354
1254924,17,False,0.3672789892513915
1254926,73,False,0.4046128748176337
1254928,88,False,0.7100627645569118
1254929,92,False,0.7650616314340424
1254931,57,False,0.34388303749588717
1254932,93,False,0.2744891343436476
1254933,74,False,0.6540449951543575
1254935,48,False,0.18711589305528864
1254937,29,True,0.5755754715528739
1254938,86,True,0.16909831957697932
1254941,96,False,0.4381414198502171
1254942,39,False,0.3699448676172568
1254945,54,False,0.42246117190830673
1254946,88,False,0.32598282698699926
1254950,91,False,0.14548871747555756
1254951,29,False,0.19401738168397695
1254952,41,False,0.21842818428184282
1254953,10,False,0.882800995545677
1254954,51,False,0.4959319735452676
1254955,89,False,0.36972110710822603
1254956,97,True,0.17307167978266144
1254957,46,False,0.1670116970889907
1254959,120,False,0.24705729098916226
1254962,21,False,0.2947256515567484
1254963,67,False,0.35439229828656016
1254964,45,False,0.3044867286688298
1254965,22,False,0.8525901858448731
1254967,38,False,0.3033082123262428
1254970,48,False,0.25952614680391795
1254971,118,False,0.19514255543822598
1254975,42,False,0.1678049146689355
1254976,51,False,0.25056052506835286
1254977,115,False,0.30858492028913526
1254979,46,False,0.3162131051232157
1254981,89,False,0.1866463777081938
1254983,3,False,0.538184049200503
1254985,15,False,0.46358533393169704
1254986,33,False,0.28983160273821507
1254987,81,False,0.24063346136201322
1254990,97,False,0.27192934965935356
1254992,61,False,0.20430122019022284
1254994,73,False,0.23090500306781336
1254995,10,False,0.4311762623366106
1254999,38,False,0.2732947890646749
1255000,48,False,0.2058078714776623
1255001,13,False,0.4214273855606359
1255002,42,True,0.21825952069225502
1255003,34,False,0.3659167848385516
1255004,15,False,0.6150253925174111
1255005,38,False,0.26871184171609147
1255007,37,False,0.484721510174601
1255008,84,True,0.23542256484679436
1255009,78,False,0.3265128520765258
1255011,71,False,0.23846273820060243
1255012,110,False,0.46442442819154933
1255013,160,False,0.3093256287536057
1255016,44,False,0.522424359350764
1255019,31,False,0.48088280856991733
1255022,44,False,0.33722505127919294
1255026,57,False,0.40671510466550126
1255027,211,False,0.045462402765773555
1255029,83,False,0.11676753292986827
1255030,44,False,0.7703297210168929
1255032,15,False,0.4591009785554232
1255034,111,False,0.3771713068742772
1255035,79,False,0.07122169562927858
1255037,15,False,0.1392799473495261
1255038,46,False,0.022421307506053267
1255039,14,False,0.3005222185948021
1255040,150,False,0.12206610702449226
1255042,18,True,0.3313737364928481
1255046,51,False,0.3219904059271312
1255047,89,False,0.21684150384004738
1255048,135,True,0.31351869606903165
1255050,139,False,0.17687406940516373
1255051,76,False,0.44078847029106877
1255052,8,True,0.45927265202490736
1255054,81,False,0.09673544637271983
1255055,18,False,0.03736675647182851
1255058,84,False,0.20588615882638617
1255059,40,False,0.13402789282186267
1255060,105,False,0.29738259426441677
1255061,102,False,0.2987109282747409
1255062,18,False,0.4247283776599482
1255064,71,False,0.8828591693700097
1255065,64,False,0.4575336205306376
1255066,90,False,0.00979934671021932
1255068,24,False,0.3680769817896144
1255069,2,False,0.43763416029014673
1255071,44,False,0.5566674839928106
1255072,78,False,0.26157860404435745
1255073,26,False,0.4640347916147118
1255077,31,False,0.5509413652786924
1255079,153,False,0.17928247585255272
1255080,9,False,0.0
1255082,94,False,0.2746239828622484
1255083,7,False,0.8472834908680215
1255084,93,False,0.24832968172821474
1255086,137,False,0.07202281911100547
1255088,28,False,0.11453889071217592
1255091,164,False,0.06034801925212884
1255092,37,False,0.23615202050697343
1255093,55,False,0.28860183609155243
1255094,28,False,0.18261021083812512
1255096,85,False,0.18678750434339733
1255097,18,False,0.5169490577347537
1255098,0,False,0.0
1255099,20,False,0.4992099454227067
1255100,121,False,0.07125748502994012
1255103,124,False,0.14712861404874503
1255104,47,False,0.16817218690754993
1255107,26,False,0.579703903270845
1255109,125,False,0.14466556839136566
1255113,149,False,0.15521843059906446
1255114,27,False,0.15300988871703528
1255115,45,False,0.799398382841004
1255116,42,False,0.518906897083505
1255119,33,False,0.8195409047360959
1255120,13,False,0.5057514731698419
1255121,193,True,0.41589648798521256
1255122,69,False,0.23524950987076618
1255124,113,False,0.16003529883366277
1255126,38,False,0.01903376371461478
1255131,59,False,0.5524209333015082
1255134,136,False,0.23121987418870013
1255138,168,False,0.17633314465936809
1255140,11,False,0.3293016576791685
1255142,149,False,0.1934268491115421
1255143,6,False,0.9321655097693959
1255145,86,False,0.432628203750228
1255148,49,False,0.14914130762277794
1255149,7,False,0.5241111361438947
1255150,51,False,0.5822868198057467
1255151,89,False,0.19389968469777946
1255153,152,False,0.0866957470010905
1255154,226,False,0.03771246458923513
1255156,32,False,0.5263946230318338
1255157,31,False,0.17454125742918175
1255158,2,False,0.0
1255160,44,False,0.19354625861128727
1255163,151,False,0.048071548351034096
1255164,72,False,0.040632054176072234
1255166,120,False,0.058
1255167,199,False,0.011481218993621546
1255168,42,False,0.9452572366339574
1255170,4,False,0.45229345766068063
1255171,31,False,0.4395315489356674
1255175,4,False,0.0
1255176,51,False,0.2790751200088213
1255177,62,False,0.10110240789091963
1255180,92,False,0.2560778492121937
1255184,41,False,0.09624537281861449
1255185,13,False,0.5762322123551827
1255186,86,True,0.044032252409654395
1255189,21,False,0.30474408053397745
1255190,158,False,0.19542395350671624
1255191,11,False,0.0
1255192,78,False,0.22385957308484125
1255193,97,False,0.362828696206143
1255196,59,True,0.32836008563128716
1255197,7,False,0.5382065649980603
1255199,2,False,0.5792210013161883
1255201,25,False,0.08788714633113612
1255202,19,False,0.262562116064843
1255203,57,False,0.0965042155048324
1255205,39,True,0.21187773144871333
1255208,45,False,0.16655775716694773
1255209,128,False,0.20042389476510528
1255211,9,False,0.8607826310683118
1255213,94,False,0.1661392405063291
1255214,106,False,0.34866990836043277
1255216,38,False,0.4509650710808256
1255217,18,False,0.5245705473668838
1255219,18,False,0.13437685003281516
1255222,37,False,0.24744040400687148
1255224,173,False,0.2822416555455496
1255225,27,False,0.4633824411044181
1255226,110,False,0.4075279467949625
1255227,126,False,0.3350463945394936
1255228,56,False,0.06672025723472669
1255229,13,False,0.376760415206506
1255231,25,False,0.3984638598384703
1255232,55,False,0.39969303157437275
1255234,35,False,0.15743836759860835
1255236,27,False,0.4198357640124845
1255237,143,False,0.22456678558373475
1255238,85,False,0.22469641785545463
1255239,40,True,0.16551965521630174
1255241,2,False,0.0
1255244,207,False,0.33731396172927003
1255245,1,False,0.06286122427323712
1255246,46,False,0.2367714321003772
1255247,7,False,0.5694515091621899
1255248,35,False,0.441232967270811
1255250,46,False,0.08720532661508008
1255254,59,False,0.19045856895467275
1255255,38,False,0.521296809459639
1255256,121,False,0.21805500723779445
1255259,153,False,0.1728707200955058
1255260,128,False,0.22602223003043423
1255261,25,False,0.6047995443315757
1255262,71,False,0.2599570892200561
1255263,36,False,0.43264115544895887
1255264,73,False,0.3436186123086971
1255265,226,False,0.1698985006629526
1255267,59,False,0.07320554649265905
1255269,100,False,0.2722507936870624
1255271,43,True,0.1580544444390667
1255272,8,False,0.80193716681325
1255273,118,False,0.031087441169185038
1255277,8,False,0.268706136500076
1255279,224,False,0.29315638523056475
1255280,7,False,0.5292401583172699
1255281,14,False,0.3601138927309083
1255285,5,False,0.6085299988420775
1255286,23,False,0.2206396043586421
1255288,73,False,0.12758845052691695
1255290,111,False,0.12069218517514259
1255291,17,False,0.3497374255405794
1255292,20,False,0.5507431516876168
1255293,83,False,0.09706417842512517
1255294,100,False,0.21334310202059178
1255295,98,False,0.2214582364669446
1255296,86,False,0.2134910022264655
1255297,125,False,0.16346527365421995
1255300,155,False,0.0
1255302,73,False,0.4014586547633899
1255303,172,False,0.3044399089316609
1255304,74,False,0.37773576588216656
1255307,75,False,0.29177923130160066
1255309,33,False,0.4865949709022953
1255310,89,False,0.08634913373857936
1255311,38,False,0.3240507793863178
1255313,33,False,0.14243298269426535
1255316,32,False,0.16534788540245565
1255317,88,False,0.11303751241601176
1255318,7,False,0.5515126719970449
1255320,5,False,0.0
1255322,3,False,0.0
1255323,22,False,0.5099966292091681
1255325,40,False,0.16513940044448325
1255329,108,False,0.13143979533621986
1255330,113,False,0.3871460971582713
1255331,37,False,0.40384569157700884
1255332,38,False,0.23615202050697343
1255333,140,False,0.1697282614349052
1255334,102,False,0.10643824662810931
1255336,154,False,0.7416122563506083
1255340,28,False,0.22845076475448767
1255341,75,False,0.4482449295380228
1255343,1,False,0.0
1255345,117,False,0.31395208608139585
1255346,104,False,0.3138399169534688
1255349,32,False,0.07686033379344961
1255350,39,False,0.22858607161563568
1255351,6,False,0.4914743723680155
1255356,61,False,0.28357894807126977
1255357,54,False,0.3247446435111926
1255358,18,False,0.5616381495694441
1255360,57,False,0.503488773729615
1255361,4,False,0.5638135407836911
1255366,28,False,0.26757457816152275
1255369,145,False,0.5440132556222887
1255370,0,False,0.0
1255371,17,False,0.557584511020387
1255373,98,False,0.08842938847338319
1255375,74,False,0.3041971205564936
1255377,51,False,0.2641857881481188
1255380,29,False,0.3072433726141732
1255382,153,False,0.30295861712573907
1255384,42,False,0.35453362519771386
1255385,113,True,0.033527696793002916
1255386,43,False,0.00827912477823773
1255387,91,False,0.24585534651513138
1255388,7,False,0.5853878188650473
1255389,5,False,0.5545404272264468
1255390,38,False,0.18345402862055443
1255391,115,False,0.15933528836754643
1255392,18,False,0.3878723229238944
1255394,39,False,0.21490025496520865
1255396,106,False,0.30568818426012884
1255397,109,True,0.6107059399447662
1255398,108,False,0.18998366245395842
1255400,114,True,0.3752810961598054
1255401,30,False,0.24217573530910944
1255403,21,False,0.8917180914769507
1255404,43,False,0.0
1255407,48,False,0.45155301205153875
1255408,45,False,0.21848950685140045
1255409,60,False,0.4342779703754586
1255411,114,False,0.2627594182871227
1255412,165,False,0.1456609665600868
1255413,65,False,0.31928164871590253
1255418,8,False,0.2681301551584531
1255419,38,False,0.2504605174393048
1255420,106,False,0.17595280465928828
1255421,57,False,0.3055879930231011
1255423,59,False,0.34863838827311827
1255426,31,False,0.13630468105176277
1255427,57,False,0.38274907704833466
1255429,23,False,0.3219515487193906
1255432,22,False,0.3663561074935634
1255433,17,False,0.27829177921006626
1255434,98,False,0.3423172242874845
1255435,67,False,0.5511507684061794
1255436,30,False,0.4933647800965126
1255437,0,False,0.0
1255438,79,False,0.23104379842842726
1255439,11,False,0.3926566036002703
1255441,27,False,0.7842611849710829
1255442,48,False,0.06146988701150617
1255444,22,False,0.35471467582367444
1255445,78,False,0.5507888902426308
1255447,47,False,0.22800465878682752
1255448,11,False,0.38371732346480036
1255451,2,False,0.0
1255453,32,False,0.5767284239179692
1255456,12,False,0.4954337730515547
1255458,107,False,0.21819544368351554
1255459,4,False,0.40609986917522584
1255462,2,False,0.0
1255464,45,False,0.4630789318401527
1255465,78,False,0.2162590818731968
1255466,4,False,0.23726640314720773
1255467,47,False,0.21780099108703796
1255468,75,True,0.12161415146489774
1255471,1,False,0.7015123389960498
1255473,140,False,0.25188240753419444
1255474,114,False,0.2236612702366127
1255475,12,False,0.22131845190231897
1255476,7,False,0.6319694022948227
1255477,107,False,0.3497035156381794
1255482,130,False,0.26511293084883625
1255483,21,False,0.5684826252683831
1255484,14,False,0.32949745454059637
1255485,16,False,0.5183128264418726
1255487,97,False,0.48776006365420393
1255488,33,False,0.2868629225722734
1255490,49,False,0.42521044189007984
1255492,62,False,0.20428779039983966
1255494,62,True,0.23855621257806092
1255495,33,False,0.38877277078216477
1255497,31,False,0.41890889817922516
1255500,79,False,0.13744200390302425
1255503,57,False,0.9324193485922312
1255505,169,False,0.3280763941278996
1255506,162,False,0.09495412844036698
1255507,6,False,0.2601758642257924
1255508,81,False,0.5087921034607106
1255510,68,False,0.22003277979528932
1255511,85,False,0.4698063490780476
1255514,18,False,0.19417681511588514
1255515,74,False,0.35385146499313325
1255516,148,False,0.12274152091774532
1255517,81,False,0.26111707136757273
1255521,13,False,0.4461762717058217
1255524,5,False,0.011304988940771688
1255525,112,False,0.47954599717865326
1255538,1,False,0.21054503052806245
1255545,25,False,0.14083871580547114
1255546,165,False,0.2932982704134607
1255547,157,False,0.36956133954369735
1255549,7,False,0.5745171903532342
1255551,66,False,0.45152577205881944
1255555,143,False,0.461933716753502
1255557,75,False,0.2583305240774836
1255559,117,False,0.17420874961119287
1255561,4,False,0.0
1255569,42,False,0.4828518032360655
1255575,1,False,0.0
1255581,153,False,0.17004474570264044
1255582,94,False,0.21859137907137907
1255585,166,False,0.15689542878629173
1255588,1,False,0.25786726821835965
1255593,27,False,0.43546944359081385
1255594,26,False,0.5410412818781152
1255595,67,False,0.379306594003035
1255598,25,False,0.73896247981971
1255599,10,False,0.5180560762877466
1255600,99,True,0.010753570842226235
1255602,38,False,0.15756630265210608
1255607,38,False,0.39040220160647915
1255608,15,False,0.5239977223048805
1255609,1,False,0.25776540902111345
1255610,3,False,0.24469488076979418
1255613,110,False,0.23247818037556203
1255617,11,False,0.6587079082519476
1255618,30,False,0.479588362617384
1255619,9,False,0.8522259404498987
1255620,3,False,0.0818037616134149
1255621,16,False,0.02977848939094038
1255622,97,False,0.0
1255623,65,False,0.09120149294643347
1255624,48,False,0.5633703384805144
1255625,28,False,0.47369143346346515
1255626,14,False,0.8318102820322607
1255627,29,False,0.2603613620565473
1255628,15,False,0.5529632803719555
1255629,59,False,0.18090981585732485
1255630,14,False,0.40947949550705276
1255631,36,False,0.18424446869729139
1255632,61,False,0.41084752234476146
1255633,34,False,0.030211994104976762
1255634,73,False,0.3804067248438079
1255635,23,False,0.5333608255141632
1255637,6,False,0.24091022456210867
1255638,21,False,0.559440667701416
1255639,11,False,0.5501105351189459
1255642,0,False,0.0
1255644,2,False,0.0
1255646,16,False,0.0
1255650,30,False,0.6817397382010983
1255651,5,False,0.25357760981487565
1255652,72,False,0.0
1255654,50,False,0.07217898832684824
1255657,19,False,0.2795742086860508
1255658,71,False,0.11616683902102723
1255659,58,False,0.14059945504087193
1255664,43,False,0.14503222689036446
1255665,73,False,0.07844503107050771
1255668,35,False,0.3796312149521528
1255669,138,False,0.9552434403701403
1255671,7,False,0.2996195624002112
1255672,160,False,0.03252629004646613
1255677,51,False,0.16321527838279146
1255678,149,False,0.5011322708596334
1255680,164,False,0.11595273264401773
1255682,58,False,0.5466483277040594
1255684,121,False,0.22965142014501436
1255685,45,False,0.5659322102291326
1255686,17,False,0.04412309974045235
1255688,112,False,0.2765643225007626
1255689,172,False,0.6216317949141745
1255691,9,False,0.0
1255695,5,False,0.632158731302313
1255698,183,False,0.23646578140960164
1255699,64,False,0.15845232229331616
1255700,166,False,0.18663837060286195
1255702,44,False,0.18317401430639008
1255704,26,False,0.5121879902968086
1255706,38,False,0.361247140774209
1255707,13,False,0.4697020451050719
1255709,44,False,0.4283841501768715
1255710,290,False,0.14441468438540797
1255712,90,False,0.21093328538032727
1255713,87,False,0.7100627645569118
1255714,21,False,0.13297408630189417
1255715,52,False,0.017922077922077922
1255716,60,False,0.4615741650973953
1255717,21,False,0.7602690930187954
1255718,25,True,0.1684707641455694
1255719,92,False,0.5101165276165276
1255720,41,False,0.3091520676413485
1255723,143,False,0.18710008385873148
1255724,170,False,0.6969614401169087
1255729,302,False,0.14980953943637124
1255731,53,False,0.5166782475942782
1255732,1,False,0.5313769835812913
1255733,2,False,0.5156835182416849
1255734,101,False,0.322033356690841
1255735,22,False,0.6752115305404652
1255736,91,False,0.0880568108457069
1255737,298,False,0.8930645209245845
1255739,44,False,0.2762877111113534
1255741,116,False,0.26703392182828595
1255745,73,False,0.21525885558583105
1255746,29,False,0.06783674880243018
1255747,2,False,0.0
1255748,163,False,0.15689542878629173
1255753,16,False,0.19716739783625
1255761,163,False,0.06929701166166474
1255764,42,False,0.33111753804123933
1255765,102,False,0.47316813169597804
1255771,59,False,0.8037976015733221
1255776,45,False,0.3142381775027113
1255796,1,False,0.7733065388113589
1255797,53,False,0.20046620046620048
1255800,2,False,0.0
1255805,52,False,0.5725178276031694
1255817,51,True,0.41750358680057387
1255819,48,False,0.2468925665352744
1255821,63,False,0.14232325310149774
1255829,1,False,0.0
1255834,6,False,0.2661781385910888
1255837,9,False,0.6260726923646465
1255839,21,False,0.4000857278435378
1255841,55,False,0.5634457247996885
1255848,22,False,0.2850748053781242
1255849,26,False,0.562408960120686
1255850,20,False,0.261499779639652
1255851,2,False,0.5574391437214649
1255853,42,False,0.30735883819226184
1255854,300,False,0.08062772123064502
1255856,24,False,0.5723537590722341
1255857,101,False,0.48776006365420393
1255858,23,False,0.5834819244524632
1255862,20,False,0.5143667471171449
1255863,3,False,0.0
1255864,2,False,0.0
1255865,226,False,0.13117374667617873
1255866,2,False,0.3335512924409752
1255868,21,False,0.4615727689602881
1255869,18,False,0.21556149195285465
1255870,53,False,0.5466483277040594
1255871,89,False,0.4557306923027292
1255872,118,False,0.42253529805451623
1255877,11,False,0.4070702033557635
1255878,0,False,0.0
1255880,4,False,0.45168893204664734
1255881,19,False,0.400485847175312
1255882,16,False,0.4095726637878482
1255883,116,False,0.04841040462427745
1255886,2,False,0.5517853868440861
1255887,2,False,0.6523843728526987
1255888,54,False,0.04129942080080584
1255890,51,False,0.5655825430692608
1255891,8,False,0.47554506839443816
1255893,49,False,0.7936950099206658
1255894,69,False,0.11179002808619587
1255896,46,False,0.33372549371365245
1255897,9,False,0.5997540974616306
1255898,44,False,0.528702379722437
1255899,20,False,0.5723666906799649
1255900,39,False,0.23501949234315958
1255901,35,False,0.31898501313490873
1255902,45,False,0.4001933811577979
1255903,53,False,0.1765446666531036
1255904,43,False,0.756675742101255
1255905,14,False,0.29438911038767285
1255906,39,False,0.21244948824039112
1255907,37,False,0.24281804386200168
1255908,13,False,0.08918875329283371
1255909,16,False,0.5183128264418726
1255910,8,False,0.19953397105714987
1255911,5,False,0.28950879502284205
1255912,102,False,0.39437147055787913
1255919,5,False,0.07648385732412237
1255920,102,False,0.6089754434033958
1255921,43,False,0.5065016431561833
1255922,31,False,0.8108261209384893
1255923,30,False,0.3427537865891503
1255924,38,False,0.5613135761984134
1255925,78,False,0.30295803406717325
1255927,18,False,0.28358367482209307
1255928,6,False,0.24161337433005564
1255929,13,False,0.704257958606683
1255930,45,False,0.28257407428683523
1255932,8,False,0.6309347038251079
1255933,46,False,0.28236017081692744
1255935,27,False,0.43107498593794824
1255936,55,False,0.1522264798370724
1255937,35,False,0.512961107110577
1255938,53,False,0.24600657273644042
1255939,26,False,0.7253214688973874
1255940,58,False,0.3073767253992633
1255941,47,False,0.0013197876062735951
1255942,53,False,0.5900660250867054
1255943,14,False,0.31240565282240707
1255944,32,False,0.3775327603451491
1255945,19,False,0.41485546942423257
1255946,39,False,0.9806437319227749
1255947,11,False,0.3112831985076799
1255948,18,False,0.37346695338000235
1255949,21,False,0.8917180914769507
1255950,67,False,0.5547885355463712
1255951,21,False,0.40587927880088387
1255953,9,False,0.6496816238374231
1255954,24,False,0.13906879783554493
1255955,14,False,0.18196987367275644
1255957,16,False,0.10446320868516284
1255958,58,False,0.1916821819203948
1255959,18,False,0.11189062015234406
1255960,9,False,0.7873203915572858
1255961,5,False,0.5335838174572807
1255962,71,False,0.1317621064844145
1255963,26,False,0.055280461076386074
1255964,27,False,0.06676238334529792
1255966,12,False,0.3042472889031885
1255967,19,False,0.14692931633835457
1255968,15,False,0.039479537366548044
1255969,12,False,0.3226553657792992
1255970,6,False,0.1910984530716269
1255971,28,False,0.2845298515478509
1255972,17,False,0.2735909758697749
1255973,23,False,0.4998751855301271
1255974,34,False,0.35270279171632846
1255975,19,False,0.21737060758178986
1255976,31,False,0.32296072478726545
1255977,27,False,0.06438664097623635
1255979,10,False,0.46972780541579895
1255980,84,False,0.19460583125074377
1255981,65,False,0.20649120200927482
1255982,93,False,0.47010984530612
1255983,49,False,0.32153205199101265
1255984,47,False,0.28213990533605093
1255986,82,False,0.12780082987551866
1255987,104,False,0.34212775197396167
1255988,40,False,0.11974478751281759
1255989,59,False,0.3801385058771229
1255990,24,False,0.5462241749950073
1255991,19,False,0.45983163383633957
1255992,103,False,0.21525885558583105
1255994,60,False,0.09157457662947349
1255995,43,False,0.30521506627868356
1255996,5,False,0.44887978102082937
1255997,3,False,0.8293032088493129
1255999,7,False,0.0
1256000,43,False,0.2287610859068019
1256005,28,False,0.8510352823299093
1256007,23,False,0.42795403861959147
1256008,54,False,0.34345882317713905
1256009,26,False,0.4445393208171524
1256010,6,False,0.3053715983567052
1256012,21,False,0.22989855298213896
1256014,35,False,0.328360143016181
1256016,22,False,0.5192466894242979
1256019,30,False,0.423296312742121
1256020,81,True,0.4154405547099611
1256022,10,False,0.23573323984554537
1256023,17,False,0.0
1256024,2,False,0.0
1256026,101,False,0.13348812491818496
1256029,4,False,0.6453751772136678
1256030,17,False,0.5719709404229528
1256031,18,False,0.3804966613303726
1256032,11,False,0.0
1256033,19,False,0.5380745620197611
1256034,36,False,0.4816488641244599
1256036,30,False,0.40875339433514063
1256037,34,False,0.5184068039805455
1256038,54,False,0.03254914598775379
1256040,80,False,0.31594098641305784
1256042,8,False,0.0
1256044,3,False,0.49993797651970084
1256047,0,False,0.0
1256049,304,False,0.14533747864485966
1256050,46,False,0.19637617331985047
1256051,24,False,0.7131664138447209
1256052,6,False,0.763609586417484
1256053,21,False,0.46603034782901737
1256055,45,False,0.07905642333439591
1256056,5,False,0.5670933941465601
1256057,22,False,0.37008487605568546
1256058,33,False,0.12511675362090252
1256059,15,False,0.5728245564509047
1256060,46,False,0.5089280774550484
1256064,4,False,0.5342232224759629
1256066,4,False,0.6453751772136678
1256070,33,False,0.072006261414036
1256072,33,False,0.8333028157491998
1256073,26,False,0.4673355628477289
1256080,14,False,0.14127082048118447
1256085,2,False,0.0
1256087,45,False,0.2791538197486864
1256088,1,False,0.4990791446016255
1256089,1,False,0.0
1256090,1,False,0.5312713480661536
1256091,32,False,0.3341582643330805
1256093,50,False,0.27216730031989456
1256096,21,False,0.2768760251768912
1256097,122,False,0.14072900158478605
1256101,32,False,0.5378653539338276
1256105,18,False,0.669113213332071
1256106,21,False,0.2759294497089047
1256107,301,False,0.1240976280508766
1256110,68,False,0.7580290200655297
1256111,36,False,0.5613135761984134
1256112,71,False,0.454281239032922
1256114,2,False,0.532388385672352
1256117,16,False,0.3981592287923209
1256118,15,False,0.4939154035080063
1256119,6,False,0.47763301086120685
1256120,29,False,0.4378020595305921
1256122,6,False,0.33389795529821775
1256123,4,False,0.0
1256124,34,False,0.4064209206373314
1256125,24,False,0.3319620416458324
1256126,37,False,0.4064209206373314
1256127,18,False,0.24240588751930706
1256129,31,False,0.5678522357506662
1256130,9,False,0.537072657845488
1256131,12,False,0.5553773533923557
1256132,24,False,0.44399811916727966
1256133,42,False,0.5822297847050725
1256136,12,False,0.43627052020617324
1256137,46,False,0.48062219004123974
1256140,46,False,0.3162131051232157
1256141,14,False,0.08818738994093167
1256142,7,False,0.28055266504798243
1256143,7,False,0.6879220223511552
1256146,5,False,0.4711747535220214
1256150,72,False,0.20324665717216864
1256151,128,False,0.052231718898385564
1256152,92,False,0.2407104621624293
1256153,59,False,0.1165737184117166
1256154,18,False,0.4949787407754534
1256155,6,False,0.1749392764427142
1256156,13,False,0.6268499764961625
1256157,10,False,0.0
1256158,114,False,0.17924917491749176
1256161,22,False,0.3769047603570668
1256164,1,False,0.6509568808413211
1256167,0,False,0.0
1256169,5,False,0.38981447578502676
1256170,1,False,0.21376206793944355
1256175,32,False,0.4403478689037537
1256179,43,False,0.0
1256180,3,False,0.6154066253340633
1256181,0,False,0.0
1256182,31,False,0.7733210934934778
1256184,82,False,0.31977184106761636
1256185,5,False,0.6048241950284237
1256188,51,False,0.4527684687871049
1256189,113,False,0.12481577164511938
1256190,1,False,0.27428633820117376
1256191,56,False,0.2865954700091209
1256193,38,False,0.5598762978893322
1256194,39,False,0.25494766082420445
1256195,120,False,0.10979314118007055
1256196,24,False,0.5798595757949362
1256198,22,False,0.44815548537992533
1256200,24,False,0.5338674839142599
1256201,36,False,0.484721510174601
1256202,20,False,0.4090613384592289
1256203,5,False,0.6356155051249853
1256204,71,False,0.5409703076679151
1256210,26,False,0.023638666103841282
1256214,24,False,0.18668960225182807
1256216,49,False,0.412014576143436
1256217,20,False,0.4158638403989472
1256222,33,False,0.6346784485342172
1256223,30,False,0.17756573715477825
1256225,51,False,0.12034632034632034
1256226,40,False,0.20586832061068702
1256229,31,False,0.14376912775605896
1256230,41,False,0.3321872956481108
1256234,38,False,0.10612156931269842
1256236,43,False,0.26968426170723553
1256237,3,False,0.7596464826780076
1256238,53,False,0.14884646796554268
1256239,14,False,0.43737332677753626
1256241,52,False,0.59618266905599
1256242,24,False,0.4080657722866925
1256243,32,False,0.09052579365079366
1256245,20,False,0.17579983103316157
1256246,72,False,0.4333703292064843
1256247,30,False,0.2070893841757895
1256248,7,False,0.5900995648485312
1256249,300,False,0.16995574692022483
1256250,125,False,0.23157470906996785
1256254,23,False,0.5501117947623353
1256255,62,False,0.3488805362575989
1256259,14,False,0.5626735097511134
1256260,124,False,0.4083348440794533
1256261,22,False,0.47204214666740085
1256262,78,False,0.48582837473613305
1256263,61,False,0.4547071104782901
1256265,49,False,0.04653371320037987
1256267,43,False,0.21547391792807202
1256268,36,False,0.635582941512384
1256270,33,False,0.21603260869565216
1256274,12,True,0.25021456512488693
1256276,7,False,0.7579562041452307
1256278,10,False,0.6222413430517281
1256280,1,False,0.0
1256284,33,False,0.3660307915351226
1256286,8,False,0.47258848771239814
1256287,46,False,0.16287174701520188
1256291,2,False,0.7438813422697249
1256292,23,False,0.5762943084716874
1256293,72,False,0.3603876925974848
1256296,3,False,0.7621345385604108
1256297,73,False,0.355856022552984
1256298,23,False,0.19912434008841368
1256299,105,False,0.3737377860442727
1256300,17,False,0.10077524851511262
1256302,67,False,0.4312450877582854
1256303,152,False,0.2493434020895019
1256304,7,False,0.6742179417416543
1256312,17,False,0.557584511020387
1256314,37,False,0.3166074033992311
1256316,4,False,0.45229345766068063
1256317,14,False,0.49980322936491284
1256318,94,False,0.405876119966547
1256319,131,False,0.3008593626336114
1256323,37,False,0.5472787496899032
1256324,51,False,0.2641857881481188
1256326,23,False,0.648674493647541
1256329,9,False,0.5774404008380263
1256330,76,False,0.10515247108307045
1256334,50,False,0.28540238934748113
1256335,106,False,0.5954942279577999
1256336,10,False,0.593488007686061
1256337,22,False,0.3202212352055377
1256340,24,False,0.5712549129056048
1256341,119,False,0.4076011653203275
1256342,151,False,0.39296235379003447
1256343,64,False,0.2777718702764996
1256346,4,False,0.25405404035886753
1256347,67,False,0.5022096948144639
1256348,108,False,0.3771713068742772
1256353,48,False,0.46772942586645644
1256355,25,False,0.4881185789890173
1256358,100,False,0.36371897324794505
1256359,300,True,0.20731345789765016
1256361,107,False,0.3563071374414968
1256362,58,False,0.39074546175552965
1256366,1,False,0.4994080272249475
1256367,33,False,0.8195409047360959
1256368,29,False,0.6969476701220887
1256369,20,False,0.14633553559626702
1256371,124,False,0.5406095495952266
1256373,149,False,0.5905341712490181
1256374,0,False,0.0
1256375,1,False,0.7597209856097311
1256376,1,False,0.3868377954464171
1256378,47,False,0.43443140100109895
1256380,30,False,0.5446214583964406
1256381,17,False,0.527478880743239
1256382,69,False,0.9455465493705445
1256384,31,False,0.16157650045319108
1256386,2,False,0.7282441183810162
1256387,96,False,0.5030317925449791
1256389,8,False,0.8862356604131632
1256393,35,False,0.5294772714461672
1256398,34,False,0.5102255322148825
1256399,47,False,0.3635992156800209
1256400,1,False,0.0
1256401,20,False,0.17281732611881412
1256402,45,False,0.46484108927398604
1256405,12,False,0.4251249355022173
1256406,109,False,0.22965142014501436
1256407,38,False,0.5096093537451352
1256409,52,False,0.24339497971183227
1256410,4,False,0.46751894774897734
1256411,98,False,0.39553323660844114
1256412,78,False,0.20257126319878677
1256413,9,False,0.6248155877112093
1256415,165,False,0.3472530134646604
1256417,53,False,0.40320354511428425
1256419,22,False,0.5439690722469278
1256420,99,False,0.11424812648193547
1256421,1,False,0.7849921464471045
1256422,4,False,0.0
1256423,157,False,0.1228382691308543
1256424,5,False,0.6618405377219686
1256428,59,False,0.2393970753737681
1256430,49,False,0.3416669506746039
1256432,157,False,0.3227350143976816
1256433,9,False,0.467021928374057
1256434,31,False,0.47901770478449057
1256435,71,False,0.7198196235314084
1256438,58,False,0.47767185978999244
1256439,45,False,0.24306556970213758
1256440,305,False,0.07674785351322937
1256441,12,False,0.5641806794681998
1256442,13,False,0.560472769974353
1256444,8,False,0.28094957818324506
1256445,5,False,0.41067232441275786
1256446,291,False,0.21593778863042648
1256447,24,False,0.2797025599022283
1256448,12,False,0.42350500571902877
1256450,2,False,0.546147982974987
1256453,63,False,0.34680378753500696
1256454,14,False,0.4222248250839193
1256459,7,False,0.32081526728363535
1256460,15,False,0.6454609177259997
1256461,97,False,0.41766774935693946
1256464,4,False,0.3933595243988194
1256465,103,True,0.09384460141271443
1256466,11,False,0.515765623312713
1256467,31,False,0.2939802873520865
1256469,20,False,0.627519079605592
1256470,67,False,0.3292767732962448
1256472,302,False,0.5792661376092527
1256473,6,False,0.5598372220389214
1256474,2,False,0.5882819012181593
1256475,19,False,0.33494699342619094
1256476,8,False,0.3972771811143356
1256477,30,False,0.4873290440232863
1256479,19,False,0.40851808803102807
1256480,0,False,0.0
1256481,2,False,0.5832371722798936
1256483,13,False,0.4790178531382653
1256484,3,False,0.0
1256485,214,False,0.09433962264150944
1256488,53,False,0.28837991915199157
1256489,114,False,0.3017893505721421
1256491,303,False,0.10725033330686382
1256494,0,False,0.0
1256495,90,False,0.2623682910183042
1256496,0,False,0.0
1256497,136,False,0.25071302831801484
1256500,16,False,0.25834837068355865
1256501,106,False,0.5630544552612209
1256502,26,False,0.5722838009016331
1256503,27,False,0.27331821120659266
1256504,19,False,0.13238396624472573
1256506,0,False,0.0
1256507,9,False,0.5473377441663907
1256508,23,False,0.0
1256510,114,False,0.1545632384895541
1256513,3,False,0.6812559646249943
1256515,4,False,0.0
1256516,33,False,0.175273950696545
1256517,33,False,0.3207956687137406
1256518,2,False,0.6472387619464577
1256521,106,False,0.1407235882682676
1256523,63,False,0.28943937623302046
1256524,13,False,0.6552589320876819
1256525,7,False,0.0
1256526,101,False,0.45271773315199343
1256529,85,False,0.4081934164043073
1256530,1,False,0.5770647752286965
1256532,233,False,0.26118909172864546
1256533,34,False,0.14699570815450644
1256534,59,False,0.3048706110070972
1256535,19,False,0.27564136078556845
1256537,3,False,0.7699330913231678
1256540,10,False,0.5158510004720369
1256542,20,False,0.0
1256543,1,False,0.5598441402214988
1256545,8,False,0.49106455064589055
1256546,52,False,0.523673706094101
1256549,16,False,0.26243960775571573
1256550,12,False,0.5780014778217488
1256551,15,False,0.20625154139646892
1256552,1,False,0.4136049336668438
1256553,20,False,0.20697993659644254
1256554,18,False,0.6865894046241757
1256555,46,False,0.374285926426023
1256556,0,False,0.0
1256557,48,False,0.4500253038560014
1256558,39,False,0.3339047608795499
1256559,6,False,0.6980834085948976
1256560,163,True,0.19527110431724934
1256563,1,False,0.4366195281090146
1256565,21,False,0.35103877561224667
1256567,26,False,0.17580657635845642
1256568,17,False,0.4149393090569561
1256570,54,False,0.2814754738914849
1256571,13,False,0.07210514881598958
1256572,96,False,0.156900058534888
1256573,12,False,0.4954361069402723
1256574,9,False,0.6494525332477294
1256575,28,False,0.3352064855353864
1256578,17,False,0.03329052652375778
1256579,1,False,0.0
1256581,3,False,0.25865711624357063
1256582,6,False,0.2949001573746807
1256583,29,False,0.18319353055268547
1256584,10,False,0.5901194870197713
1256585,53,False,0.4046128748176337
1256586,304,False,0.3513205710200395
1256589,27,False,0.5099464461849033
1256590,1,False,0.0
1256592,5,False,0.0
1256594,45,False,0.19106978646608253
1256596,35,False,0.49701338342506307
1256597,2,False,0.8993023939820513
1256600,21,False,0.5351789174614157
1256601,136,False,0.32547494178570163
1256604,72,False,0.49130219640300965
1256607,15,False,0.29954668747255564
1256609,60,False,0.4342779703754586
1256610,47,False,0.30489549451694076
1256615,18,False,0.22564965848184051
1256616,60,False,0.1844833788735723
1256617,15,False,0.1538340248539342
1256618,38,False,0.08961960025789813
1256619,41,True,0.27687051410093405
1256620,299,False,0.07735161774158988
1256622,2,False,0.0
1256626,34,False,0.16958944962490036
1256629,78,False,0.5348762528414275
1256644,50,False,0.7644207036098242
1256646,47,False,0.34685256171217843
1256648,39,False,0.33745833972184364
1256649,15,False,0.0
1256650,140,False,0.15364870475657022
1256651,57,False,0.12393087798917787
1256654,67,False,0.435739686404674
1256657,61,False,0.1909850042340474
1256660,69,False,0.5818361580926009
1256663,44,False,0.02977941176470588
1256665,45,False,0.4193377180606242
1256667,67,False,0.19060011979953873
1256669,31,False,0.295801854490972
1256671,31,False,0.33925087724359354
1256672,7,False,0.0
1256673,49,True,0.3445619341977642
1256674,48,False,0.4838622567909936
1256675,127,False,0.42127001302520545
1256676,17,False,0.28891643425265984
1256677,161,False,0.3408395854913309
1256678,11,False,0.405982699636748
1256681,41,False,0.3127983375693979
1256682,11,False,0.5739272158973419
1256683,303,False,0.21488125315816067
1256684,105,False,0.16570860065052875
1256685,9,False,0.4860904152380252
1256687,34,False,0.1460716191073774
1256688,48,False,0.13419547016751493
1256690,59,False,0.33719413960861166
1256691,75,False,0.300189749887939
1256694,71,False,0.2390286402490226
1256697,33,False,0.7829456603246658
1256698,60,False,0.4090947125331459
1256700,48,False,0.7409750308658626
1256701,5,False,0.3902924358261353
1256703,111,False,0.1337561149729776
1256704,19,False,0.46486210711696374
1256706,25,False,0.1684707641455694
1256709,42,True,0.4551027442646325
1256710,30,False,0.14785745624725782
1256711,301,True,0.1240976280508766
1256713,44,False,0.6646956908639615
1256714,29,False,0.5416907422878579
1256715,52,False,0.3233916583379296
1256717,5,False,0.18361128403394383
1256718,3,False,0.5453141067321627
1256719,9,False,0.5136774186046486
1256720,111,False,0.17739489945961326
1256721,34,False,0.22913907773893136
1256723,12,False,0.6310878364123212
1256724,10,False,0.4753945100555113
1256728,49,False,0.521228752450507
1256729,10,False,0.6734729900200329
1256731,5,False,0.7067077707493118
1256735,41,False,0.15349071238482423
1256737,21,False,0.31402708993323714
1256738,23,False,0.4214625020853581
1256739,104,False,0.4943818962045405
1256740,11,False,0.6067607888604368
1256742,67,False,0.361431401045238
1256744,73,False,0.16710559850479992
1256745,5,False,0.6909396798864006
1256746,31,False,0.17093362005410287
1256748,85,False,0.2413793103448276
1256749,0,False,0.0
1256750,3,False,0.9330024154447099
1256751,22,False,0.4585573097316548
1256752,26,False,0.3014304110724431
1256754,26,False,0.4153796213664891
1256755,61,False,0.3293942627584641
1256757,1,False,0.6994088107714007
1256758,2,False,0.34025110348071147
1256760,43,False,0.5514168551808191
1256761,44,False,0.5977158233207697
1256762,97,False,0.38416702472481756
1256763,301,False,0.11848970886630991
1256764,21,False,0.37412564228493156
1256765,1,False,0.5071311932069237
1256766,63,False,0.48662039216875197
1256768,22,False,0.5621251269017614
1256772,15,False,0.6146124920802587
1256773,23,False,0.5487153734796572
1256774,2,False,0.6507714117600255
1256775,300,False,0.08353808353808354
1256777,21,False,0.5284501458613029
1256780,100,False,0.2562088279244009
1256781,85,False,0.5113717889852907
1256782,9,False,0.6666935051077875
1256783,39,False,0.5298115949135228
1256784,203,False,0.0752656886593441
1256786,1,False,0.7040145123759044
1256790,8,False,0.6007239939782973
1256791,8,False,0.6533140703314151
1256792,86,False,0.6281123454947453
1256793,6,False,0.6036187920688395
1256797,111,False,0.1903190318109216
1256799,21,False,0.15087545890991247
1256804,60,False,0.009893992932862191
1256805,5,False,0.5630256348308821
1256806,8,False,0.0
1256808,64,False,0.4301008908943654
1256809,15,False,0.23031323927381275
1256810,1,False,0.6347054405555888
1256811,42,False,0.2846418295583064
1256812,2,False,0.6454445823268262
1256814,19,False,0.6450054346815217
1256815,83,False,0.33992510195910597
1256816,2,False,0.6226506258828114
1256817,14,False,0.28961041549939254
1256818,3,False,0.5941729575052548
1256820,1,False,0.6110119516137607
1256822,62,False,0.5429991344585318
1256823,116,False,0.26998000159283403
1256826,7,False,0.7824799649699218
1256829,14,False,0.3035861121573909
1256830,3,False,0.5628326193075135
1256833,6,False,0.7070120492834842
1256835,5,False,0.3308046430567887
1256836,112,False,0.22149996171617004
1256839,50,False,0.2795221041659141
1256840,1,False,0.0
1256842,14,False,0.611939759981175
1256843,18,False,0.6688117259047026
1256844,1,False,0.7015123389960498
1256845,2,False,0.0
1256847,27,False,0.5722838009016331
1256848,41,False,0.4413623004203736
1256850,1,False,0.7256327561124675
1256852,22,False,0.4461803823608046
1256853,10,False,0.13634547490536186
1256857,150,False,0.5404668546000657
1256861,4,False,0.9445897951598088
1256862,57,False,0.20276598559403866
1256864,1,False,0.537958959998275
1256868,69,False,0.16342479955954625
1256871,70,False,0.3249506165899143
1256874,71,False,0.5650443273538464
1256876,34,False,0.521296809459639
1256878,28,False,0.2799936543243335
1256879,13,False,0.18285891386914147
1256881,70,False,0.160092268931136
1256882,42,False,0.8901838089976648
1256883,19,False,0.5069434043973692
1256884,3,False,0.7699330913231678
1256886,38,False,0.34122512624182555
1256891,32,False,0.6560094543442462
1256892,81,False,0.5087921034607106
1256893,50,False,0.15932203389830507
1256895,48,False,0.3236562147677579
1256896,3,False,0.5061660813511005
1256898,8,False,0.6354390046344084
1256899,73,False,0.20604778873168883
1256900,2,False,0.6547047897414564
1256902,18,False,0.4970082364137391
1256903,6,False,0.6652484247238466
1256909,19,False,0.5568653329317561
1256912,26,False,0.6448144454162915
1256915,11,False,0.6323900749168682
1256916,0,False,0.0
1256917,18,False,0.5008334810508926
1256918,2,False,0.7363891171958594
1256919,1,False,0.389031357102238
1256920,114,False,0.31067334415033826
1256921,48,False,0.33317489529857425
1256923,82,False,0.07888436677040939
1256924,7,False,0.5271671446536823
1256926,22,False,0.4605266867441261
1256928,2,False,0.4545986161513089
1256930,114,False,0.44266308556690137
1256932,79,False,0.4331128828731306
1256934,55,False,0.562958955815867
1256938,2,False,0.0
1256939,46,False,0.46602858050357443
1256944,58,False,0.4120571902883846
1256945,100,False,0.31987467857413815
1256947,5,False,0.7395415100333373
1256948,124,False,0.1359066674150718
1256949,14,False,0.5525833007499069
1256954,17,False,0.5794761430187972
1256956,2,False,0.787852290739098
1256957,28,False,0.2951949705533155
1256958,5,False,0.6570731566738651
1256959,83,False,0.32001670729334314
1256961,105,False,0.5550751230179899
1256962,67,False,0.36857339101080694
1256963,0,False,0.0
1256964,63,False,0.11546195464883866
1256968,48,False,0.5817407227179772
1256971,20,False,0.39148865815732903
1256972,75,False,0.0
1256973,22,False,0.13064838494766928
1256974,110,False,0.5063680089866398
1256977,126,False,0.07568187535854509
1256978,28,False,0.4933462828305335
1256979,2,False,0.7378905255325504
1256980,10,False,0.41083061622391737
1256981,49,False,0.09187759727993955
1256985,11,False,0.6410150900233751
1256986,20,False,0.4053960205535173
1256989,110,False,0.38362951768718084
1256992,43,False,0.3734614909074175
1256993,44,False,0.441232967270811
1256994,7,False,0.4319218830018396
1256996,51,False,0.4465769924639784
1256997,48,False,0.5195902404523813
1256999,40,False,0.9816705122584237
1257000,1,False,0.38631740175324597
1257002,14,False,0.3601138927309083
1257003,61,False,0.18317358892438765
1257005,91,False,0.4355147805057114
1257006,153,False,0.2722020787597514
1257007,63,False,0.6172482521626715
1257008,27,False,0.4640347916147118
1257012,61,False,0.20324665717216864
1257014,93,False,0.5292144111183025
1257015,6,False,0.7481796484443989
1257018,215,False,0.6061344156667358
1257019,57,False,0.3058839069169317
1257022,96,False,0.7751739052906945
1257024,20,False,0.2016076744708755
1257025,29,False,0.10373545889612884
1257026,57,False,0.3844183694166368
1257027,37,False,0.1792117570849357
1257029,38,False,0.43861937966900266
1257030,296,False,0.008960903455471675
1257031,12,False,0.3733822181790193
1257032,120,False,0.14462668950514393
1257035,177,False,0.2977685937478509
1257037,160,False,0.3408395854913309
1257038,73,False,0.2965400133575437
1257040,155,False,0.2988154043935041
1257042,220,False,0.5201021059349075
1257043,72,False,0.2599814517138852
1257044,22,False,0.5867030945532253
1257046,74,False,0.2608489935237839
1257048,57,False,0.503488773729615
1257051,89,False,0.23568583126013998
1257052,97,False,0.4917974452379163
1257053,1,False,0.7168210100603448
1257054,11,False,0.6254385461841458
1257057,3,False,0.6615381769396177
1257058,67,False,0.9163347045901957
1257060,118,False,0.452476843807469
1257062,35,False,0.3838121826868138
1257063,49,False,0.47292313745319925
1257064,52,False,0.5186855655392623
1257066,80,False,0.6898735125369532
1257067,27,False,0.35694025592544215
1257070,1,False,0.7617494939824814
1257071,145,False,0.3131274269455827
1257072,64,False,0.6031395307308767
1257074,93,False,0.522756147750073
1257075,101,False,0.44178444609997236
1257076,301,False,0.09874980825279951
1257079,108,False,0.2790295860523213
1257081,107,False,0.33394261785938406
1257082,48,False,0.30117295826308277
1257083,48,False,0.5323400833755985
1257084,38,False,0.4383667136115435
1257086,103,False,0.2667073584275731
1257088,112,False,0.6155844482683429
1257090,71,False,0.7546585599447434
1257091,85,False,0.25299515815327095
1257093,83,False,0.29361119078472325
1257095,107,False,0.48969441868054586
1257097,118,False,0.2393965358629749
1257100,29,False,0.6697838853935328
1257102,72,False,0.2900636777468567
1257103,51,False,0.1408515585409235
1257104,81,False,0.5175633244184458
1257105,180,False,0.2975235499885938
1257106,62,False,0.7443160013212399
1257107,202,False,0.15637022792681995
1257109,299,False,0.24468745709029188
1257111,76,False,0.2951855858750898
1257113,39,False,0.5805632747646946
1257114,66,False,0.6329610604924399
1257115,17,False,0.392769430828465
1257116,47,False,0.5213139294360972
1257117,19,False,0.15692400428215506
1257118,50,False,0.42521044189007984
1257119,8,False,0.6377831390946815
1257120,107,False,0.27346167622214046
1257121,18,False,0.5937950240896437
1257126,33,False,0.5437484851950584
1257127,123,False,0.4187086495498462
1257129,17,False,0.6171229918929487
1257131,3,False,0.7634422249199868
1257132,3,False,0.8293032088493129
1257134,59,False,0.44915255639215906
1257135,2,False,0.26509712243522626
1257136,10,False,0.0
1257137,184,False,0.25151677896375046
1257140,0,False,0.0
1257142,302,False,0.1181340435414081
1257143,244,False,0.2763607496207249
1257145,11,False,0.9169721784081003
1257146,89,False,0.335484054230201
1257147,98,False,0.3497035156381794
1257150,85,False,0.0470005986468183
1257152,49,False,0.12628945069990322
1257153,54,False,0.5618298689168651
1257154,183,False,0.2955322898310355
1257157,50,False,0.340789963340391
1257158,38,False,0.29275932937445487
1257161,96,False,0.10988244480608216
1257162,137,False,0.36945113926117784
1257163,137,False,0.35849002714724243
1257165,5,False,0.5886301332656151
1257166,6,False,0.6049727999984366
1257167,99,False,0.42861776549363656
1257168,99,False,0.3425170273448188
1257170,68,False,0.2495104447488599
1257171,16,False,0.43959589500680335
1257172,1,False,0.6645253890790186
1257175,89,False,0.49228049351165704
1257177,102,False,0.45688735573150685
1257180,8,False,0.6017495254552686
1257181,43,False,0.5678209099706495
1257184,52,False,0.36522936674324397
1257187,9,False,0.6700177712618983
1257188,35,False,0.6102385661612092
1257189,93,False,0.2928676862429826
1257190,132,False,0.3688046317729116
1257193,1,False,0.43421185735073264
1257195,38,False,0.2637756922226796
1257196,101,False,0.2206514984239702
1257197,119,False,0.44352083921679375
1257198,62,False,0.4731686343915736
1257199,83,False,0.2566361532011472
1257203,106,False,0.2884041046061952
1257206,40,False,0.06611217743655363
1257208,48,False,0.7975122511384832
1257210,118,False,0.04652996845425868
1257211,64,False,0.14392527483223014
1257213,6,False,0.763609586417484
1257214,28,False,0.600515370626526
1257216,158,False,0.2851482070027609
1257217,62,False,0.18554813507363024
1257218,8,False,0.0
1257221,2,False,0.6921164981471437
1257223,11,False,0.6700245330860541
1257224,186,False,0.4010899710466942
1257226,53,False,0.2958804761505872
1257227,10,False,0.09171344504496985
1257228,63,False,0.2814754738914849
1257233,10,False,0.0
1257234,85,False,0.2608376948372153
1257235,104,False,0.3433288061959518
1257237,3,False,0.5803506423484002
1257238,109,False,0.3249506165899143
1257240,28,False,0.5971924432620772
1257241,85,False,0.5054226554594188
1257242,0,False,0.0
1257243,25,False,0.5608648785045287
1257244,15,False,0.383547058847734
1257245,145,False,0.19772811483452182
1257249,48,False,0.22687593037044734
1257251,5,False,0.0
1257252,29,False,0.4827918014880034
1257253,27,False,0.32154191572996654
1257254,3,False,0.7596390073063922
1257258,15,False,0.44669599906557295
1257259,72,False,0.5507888902426308
1257260,298,False,0.1574875667710444
1257262,69,False,0.3074233641448998
1257265,43,False,0.556245656659694
1257266,158,False,0.21212267822204942
1257267,29,False,0.542518052065779
1257268,83,False,0.30977870833613075
1257270,23,False,0.36070605838330005
1257271,52,False,0.3372373031862674
1257273,1,False,0.3424457303800747
1257274,0,False,0.0
1257276,82,False,0.9384965010044974
1257279,127,False,0.3171593820666574
1257282,46,False,0.47580569793670974
1257283,45,False,0.17573796214572912
1257284,30,False,0.5274021788173934
1257285,129,False,0.05967595421414703
1257287,13,False,0.4961793996831253
1257288,13,False,0.45465206671114344
1257290,86,False,0.2744891343436476
1257291,25,False,0.3776729734788596
1257292,302,False,0.3343207372870049
1257293,3,False,0.695479420167223
1257294,37,False,0.51637745619448
1257295,37,False,0.2460994304933109
1257296,33,False,0.41701048911918837
1257298,77,False,0.35853333750288713
1257300,74,False,0.032158951249487915
1257301,19,False,0.290558510830531
1257302,55,False,0.09856083733100741
1257303,35,False,0.46415981378306964
1257304,2,False,0.6662969225354379
1257306,0,False,0.0
1257308,46,False,0.40579602528441333
1257309,2,False,0.9808351565261964
1257310,157,False,0.17935698936101677
1257311,21,False,0.560472769974353
1257312,69,False,0.3060259030135785
1257314,39,False,0.5910147458465794
1257315,8,False,0.41062647769976157
1257317,37,False,0.3372373031862674
1257318,70,False,0.2558546379827359
1257321,13,False,0.238506273977497
1257323,6,False,0.5652521204162635
1257327,303,False,0.16959364184078962
1257328,14,False,0.6580621838919178
1257330,32,False,0.5663337597959143
1257331,3,False,0.35255512213104473
1257332,2,False,0.638145125082204
1257333,1,False,0.149992308344569
1257334,37,False,0.2740803325069183
1257336,5,False,0.7774780350683312
1257337,2,False,0.9556844238788718
1257338,9,False,0.5447767179960679
1257339,87,False,0.18887986396311873
1257340,1,False,0.4974589351543308
1257341,112,False,0.4341482951972974
1257343,117,False,0.3017893505721421
1257344,111,False,0.5041148972148437
1257345,106,False,0.35320292760683947
1257348,81,False,0.47455724831378454
1257349,15,False,0.0
1257350,303,True,0.40756733659580757
1257352,31,False,0.21485789053514204
1257353,8,False,0.0
1257355,306,False,0.05144545137511468
1257356,14,False,0.0
1257358,123,False,0.0
1257361,116,False,0.28555624486751463
1257363,52,False,0.17336601421950149
1257373,79,False,0.28168767507002807
1257374,53,False,0.4689673100552247
1257378,145,False,0.08088798162796632
1257381,84,False,0.10608926817528908
1257382,31,False,0.1721272554605888
1257383,70,False,0.1094355509647224
1257384,120,False,0.8279469601192084
1257386,0,False,0.0
1257388,27,False,0.06154427034170285
1257394,302,False,0.03664223850766156
1257406,24,False,0.12326276713057345
1257407,2,False,0.0
1257408,69,False,0.10399200069332733
1257409,19,False,0.17129011169229896
1257413,6,False,0.34495502585296267
1257421,49,False,0.06901620628864895
1257422,45,False,0.02842226660812674
1257424,27,False,0.20681154551565303
1257426,2,False,0.44636193223338577
1257429,6,False,0.3902924358261353
1257439,160,False,0.06661928440820354
1257441,4,False,0.3719442196790941
1257442,64,False,0.22443091281584338
1257447,1,False,0.9387376635498136
1257448,121,False,0.31015678746055003
1257453,57,False,0.8103778373434315
1257454,120,False,0.8279469601192084
1257455,45,False,0.4465617851991148
1257456,34,False,0.43239978277666163
1257460,153,False,0.17739489945961326
1257462,10,False,0.15748699994281634
1257463,111,False,0.46442442819154933
1257465,80,False,0.0
1257468,38,False,0.19294243048494883
1257470,54,False,0.20218360415035774
1257471,112,True,0.15746872700515085
1257474,66,False,0.4439548659624846
1257475,22,False,0.05425723157378656
1257477,69,False,0.09479808350444902
1257481,118,False,0.2502044396389564
1257483,1,False,0.0
1257488,44,False,0.16650503284203189
1257490,54,False,0.18806656658012
1257493,5,False,0.1751819750461256
1257505,27,False,0.5560140195391486
1257506,1,False,0.22217151742554847
1257511,39,False,0.2841874074524525
1257513,114,False,0.16491833286398197
1257516,15,False,0.179102550493224
1257520,30,False,0.23358546999055546
1257522,98,False,0.18860744254509296
1257524,43,False,0.5416958118957635
1257532,20,False,0.20010495014867938
1257536,255,True,0.04696531791907514
1257538,7,False,0.05842525675161658
1257540,116,False,0.5617458762991006
1257543,46,False,0.25843871119484957
1257547,44,False,0.16521241885028087
1257550,33,False,0.08505727407512903
1257552,46,False,0.4500253038560014
1257559,10,False,0.0
1257563,2,False,0.8551740281292635
1257564,1,False,0.0
1257567,17,False,0.5603716293848677
1257573,11,False,0.0
1257576,9,False,0.6175017456978369
1257577,22,False,0.21424233511037113
1257578,22,False,0.2829307804765157
1257582,38,False,0.11992148737575509
1257584,40,False,0.3741018239201288
1257585,40,False,0.15479785515626016
1257586,14,False,0.16090268355787493
1257589,15,False,0.45284778704807116
1257590,304,False,0.12468373010911107
1257591,14,False,0.6221522506712522
1257592,7,False,0.017344248647148605
1257594,112,False,0.3288825915723247
1257601,6,False,0.3161205778880128
1257603,2,False,0.0
1257605,10,False,0.5908339042619392
1257614,63,False,0.04140888033875231
1257617,113,False,0.23640167364016737
1257619,114,False,0.2670238030877594
1257621,41,False,0.4929424403854568
1257624,27,False,0.11174205339077084
1257626,165,False,0.2491151081001454
1257627,2,False,0.34212927345949906
1257628,4,False,0.0
1257631,78,False,0.044859014525776134
1257638,8,False,0.13653814054414956
1257639,31,False,0.10441635199474635
1257642,37,False,0.44729086083886965
1257643,181,False,0.2759506875296349
1257646,48,False,0.10070850390712684
1257648,32,False,0.08832912204330166
1257656,0,False,0.0
1257658,7,False,0.15245156661085865
1257661,300,False,0.26483459890374755
1257664,61,False,0.21494916619311943
1257669,302,False,0.2001379589933433
1257670,17,False,0.42082046757829733
1257673,39,False,0.12711442786069652
1257675,231,False,0.23216763213325847
1257676,171,False,0.254521653279711
1257677,120,False,0.3427685384579234
1257681,1,False,0.0
1257682,11,False,0.2473741398044187
1257689,172,False,0.18186465861412357
1257690,172,False,0.4728565176623798
1257692,9,False,0.17466563052948972
1257693,15,False,0.09908536585365854
1257695,0,False,0.0
1257698,23,False,0.16005079060141225
1257699,164,False,0.3154430560180345
1257700,19,False,0.14158436997034377
1257703,86,False,0.1472245306508381
1257705,84,False,0.09439534763563892
1257706,33,False,0.14927517802913678
1257707,44,False,0.29326345174506147
1257712,9,False,0.03699226101907302
1257715,35,False,0.5202490190483063
1257716,307,False,0.25272074553890955
1257719,78,False,0.19210956132780238
1257734,21,False,0.4092080107069057
1257736,10,False,0.04752367079388201
1257737,0,False,0.0
1257739,7,False,0.0
1257740,26,False,0.7242159141629357
1257743,4,False,0.0
1257750,113,False,0.28555624486751463
1257755,43,False,0.05041827866352552
1257763,150,False,0.1954649514880628
1257764,5,False,0.2038384741782131
1257765,193,False,0.2184439817360292
1257769,45,False,0.152428320655354
1257779,123,False,0.13022400580389076
1257780,162,False,0.16712651723393362
1257781,0,False,0.0
1257785,83,False,0.4082877415644151
1257789,31,False,0.20708802939486345
1257806,30,False,0.23944284398939913
1257808,60,True,0.3108501348515619
1257809,46,False,0.1362158876324647
1257810,134,False,0.207369323050557
1257813,64,False,0.19333922565744155
1257817,21,False,0.08845026286625213
1257818,0,False,0.0
1257819,123,False,0.18646113722451557
1257823,14,False,0.0
1257827,15,False,0.1486867856034918
1257829,1,False,0.32524855470965586
1257835,43,False,0.10635154151346175
1257836,52,False,0.11874302511233208
1257837,152,False,0.5077887701585427
1257839,45,False,0.05933014354066986
1257842,1,False,0.7733065388113589
1257853,33,False,0.5443939366801703
1257854,51,False,0.22085517524737983
1257855,300,True,0.060455192034139404
1257860,4,False,0.0
1257861,45,False,0.23443806675553625
1257863,39,False,0.7456462166617008
1257864,64,False,0.19260485651214126
1257869,2,False,0.0
1257872,5,False,0.05732908472699772
1257874,269,False,0.11323238973008558
1257879,49,False,0.22572931611669056
1257884,21,False,0.1151919180220006
1257885,111,False,0.21113470158056144
1257890,4,False,0.0
1257891,79,False,0.10690022635559951
1257892,26,False,0.18212807856464905
1257893,14,False,0.007622830055729933
1257898,40,False,0.4740964395225916
1257901,90,False,0.05822867395204697
1257906,27,False,0.025494736692170873
1257909,4,False,0.17356902886422593
1257910,16,False,0.08147695887649678
1257917,11,False,0.6148743165015647
1257918,34,False,0.2171371352983963
1257920,9,False,0.15012538492376618
1257928,40,False,0.2173273246376948
1257929,163,False,0.3270822986545428
1257930,124,False,0.26377605281066224
1257931,31,False,0.5571010946415089
1257938,2,False,0.0
1257940,7,False,0.5373347334549229
1257941,53,False,0.28624119652054236
1257945,22,False,0.2153161718429046
1257946,303,False,0.23158856735075736
1257947,25,False,0.49174069789464164
1257950,9,False,0.6583975160270402
1257951,59,False,0.1503737930804107
1257952,8,False,0.628363074516939
1257953,70,False,0.09966358284272497
1257954,66,False,0.19454226400454575
1257955,27,False,0.8214949659769476
1257956,21,False,0.3602545818667314
1257957,8,False,0.1489017106994635
1257958,41,False,0.24221428012466048
1257959,25,False,0.5734517825864955
1257961,306,True,0.08859980230339533
1257962,32,False,0.037716843872411865
1257963,23,False,0.2127659574468085
1257964,25,False,0.022714681440443217
1257965,26,False,0.615611351561856
1257967,31,False,0.20625543006081667
1257969,36,False,0.8831901325621071
1257972,22,False,0.2947256515567484
1257973,115,False,0.28195548487336697
1257974,83,False,0.5501903517971541
1257975,11,False,0.5505306650370295
1257976,22,False,0.12926315789473683
1257977,15,False,0.11155349111553492
1257979,14,False,0.519610171984106
1257980,196,False,0.2058178777874269
1257981,26,False,0.579703903270845
1257982,36,False,0.05959773167574209
1257983,26,False,0.21597902954823267
1257984,10,False,0.5734824958289979
1257985,3,False,0.1714742522150423
1257986,48,False,0.30489549451694076
1257987,10,False,0.6085248640543128
1257988,112,False,0.0036247334754797443
1257989,61,False,0.22463590950358164
1257990,5,False,0.15289529835920831
1257991,34,False,0.14250472822958637
1257992,10,False,0.7068503313578037
1257993,6,False,0.5304351858449972
1257994,5,False,0.1914262476138489
1257995,16,False,0.4310713267417601
1257996,17,False,0.44913891875351114
1257997,3,False,0.11356360572872788
1257998,8,False,0.39760803887546764
1257999,19,False,0.16684064805421206
1258000,37,False,0.06093341210228711
1258001,23,False,0.2521302599979417
1258002,160,False,0.13917495416256637
1258004,18,False,0.1604271891550861
1258005,50,False,0.4967459199399576
1258006,92,False,0.27045922818788387
1258007,45,False,0.17888597952868365
1258008,8,False,0.6830626096575847
1258009,26,False,0.5607500818341399
1258010,35,False,0.3480439976548506
1258012,100,False,0.2546758853351832
1258013,20,False,0.7040296837050174
1258014,28,False,0.0
1258015,29,False,0.4026432648542496
1258016,38,False,0.4570140522168498
1258017,15,False,0.3344927536231884
1258018,98,False,0.4341482951972974
1258019,20,False,0.4929950494231742
1258020,9,False,0.6700177712618983
1258021,68,False,0.5253793226652785
1258022,12,False,0.38822455960895297
1258023,38,False,0.01811637672465507
1258024,15,False,0.338029726851671
1258025,5,False,0.684470612460219
1258026,69,False,0.3752209688960631
1258027,92,False,0.45271773315199343
1258029,25,False,0.2694243035847028
1258030,62,False,0.28522323161783375
1258031,166,False,0.3177185270503281
1258033,10,False,0.6599258575196254
1258035,33,False,0.6139805880818456
1258037,187,False,0.46404448475518345
1258038,5,False,0.6777402476119998
1258039,20,False,0.1869918699186992
1258040,44,False,0.4358974411171223
1258041,65,False,0.19798153244032132
1258043,88,False,0.5590745977766439
1258044,32,False,0.4395315489356674
1258045,107,False,0.00991945107398568
1258046,3,False,0.1988266391593063
1258047,6,False,0.637752350888418
1258048,10,False,0.25903944058252665
1258049,27,False,0.9314908867886359
1258050,67,False,0.5876706546955398
1258051,58,False,0.4333959505562414
1258052,44,False,0.4792609242272603
1258053,111,False,0.35849002714724243
1258054,26,False,0.1362054482179287
1258055,35,False,0.049370017999485726
1258056,22,False,0.5893860148671374
1258057,45,False,0.08586663832199547
1258058,53,False,0.06481550758385204
1258059,37,False,0.5737315144250457
1258060,17,False,0.17258702092207742
1258061,12,False,0.11513099269292462
1258062,36,False,0.11975471757311236
1258063,25,False,0.13201974088311025
1258064,40,False,0.15851119208745446
1258065,26,False,0.6877184067392614
1258066,22,False,0.6886567102718936
1258067,149,False,0.27893320748077205
1258069,27,False,0.2471437737261402
1258071,10,False,0.16516984038162144
1258072,12,False,0.5324129381992884
1258073,14,False,0.35148117158736825
1258074,29,False,0.5365118980894867
1258075,6,False,0.39697390531757387
1258076,40,False,0.4171723251011325
1258077,136,False,0.2085676494673023
1258078,17,False,0.28620021081103364
1258079,306,True,0.1911186059584036
1258080,8,False,0.5469659531738978
1258081,5,False,0.3833198215820101
1258082,1,False,0.2951224375963147
1258083,7,False,0.6223266081663396
1258084,118,False,0.11113803925882187
1258085,147,False,0.34287268338599436
1258086,4,False,0.5282762532694107
1258087,16,False,0.33698533508103495
1258089,17,False,0.5719709404229528
1258090,2,False,0.37002444544627566
1258091,6,False,0.4722063879167239
1258092,12,False,0.04441687344913151
1258093,291,False,0.260220650940504
1258094,299,False,0.13399568153731428
1258095,176,False,0.12661500916975024
1258097,15,False,0.45075284893821954
1258098,25,False,0.5171968406832876
1258099,64,False,0.1257836873351164
1258100,43,False,0.4704491645236673
1258101,48,False,0.10536007761915134
1258102,3,False,0.06302163174927611
1258103,70,False,0.26483093384385437
1258104,7,False,0.6451118723884571
1258105,22,False,0.18087947302830693
1258106,38,False,0.43641122809226557
1258107,34,False,0.5957287994886413
1258108,63,False,0.8120578968483116
1258109,52,False,0.23373592710547694
1258110,51,False,0.34707238282002345
1258111,15,False,0.5088187981625044
1258112,13,False,0.5251573518697045
1258113,33,False,0.6095277931824775
1258114,32,False,0.024612962477040146
1258115,21,False,0.3702060051048565
1258116,37,False,0.4525760316166745
1258117,59,False,0.9916159950694614
1258118,5,False,0.21257202723939234
1258119,47,False,0.6093100848650771
1258120,89,False,0.0
1258121,305,False,0.02074688796680498
1258122,11,False,0.41083061622391737
1258123,21,False,0.20118340220133835
1258125,84,False,0.4698063490780476
1258126,181,False,0.45656176345717947
1258127,54,False,0.026221905101676775
1258128,12,False,0.30342564699765634
1258129,17,False,0.2375312706449042
1258131,16,False,0.06271526011300453
1258132,67,False,0.17749622118741548
1258133,41,False,0.15659149522343271
1258134,19,False,0.5240873809328547
1258135,213,False,0.1387220098306936
1258136,165,False,0.13333333333333333
1258137,17,False,0.5922474340823422
1258138,17,False,0.4718964922855923
1258139,44,False,0.4569793674487641
1258141,70,False,0.2651644319361376
1258142,6,False,0.615704944329652
1258143,62,False,0.14898724612739278
1258144,43,False,0.21931567068784208
1258145,29,False,0.13426673846706158
1258146,58,False,0.21738787952500122
1258147,61,False,0.09989135743897803
1258148,25,False,0.2118043328215458
1258149,22,False,0.1720736434108527
1258150,16,False,0.48003259254542774
1258151,17,False,0.6066921220745224
1258154,18,False,0.9354816824275388
1258155,32,False,0.5972633736692339
1258157,154,False,0.17470506592643997
1258158,31,False,0.6346599432366636
1258159,58,False,0.32487629297787457
1258160,67,False,0.49518590129904916
1258161,68,False,0.3991322079912205
1258163,11,False,0.5663359478667461
1258164,77,False,0.1489639966171318
1258165,48,False,0.551521132806826
1258166,63,False,0.3032039287335437
1258167,39,False,0.5900749682717146
1258168,23,False,0.09093164646795068
1258169,17,False,0.07251972469363774
1258170,15,False,0.4058684806638612
1258171,33,False,0.41698887174294
1258172,11,False,0.3305157721531497
1258173,54,False,0.2143301818380834
1258174,47,False,0.20108022651963448
1258175,40,False,0.38371980946373035
1258176,4,False,0.7592744797257482
1258177,13,False,0.5132920632666159
1258178,100,False,0.15153452685421995
1258179,16,False,0.3810083294173851
1258180,4,False,0.6274087651592972
1258181,9,False,0.15077476399246723
1258182,62,False,0.3429691433121296
1258183,91,False,0.2931250447654914
1258184,26,False,0.46437150034266694
1258186,2,False,0.681885235735098
1258187,42,False,0.2749427855908292
1258188,27,False,0.5910799766854697
1258189,21,False,0.2926514181369759
1258190,9,False,0.5197840764454452
1258191,34,False,0.22088790081137324
1258192,197,False,0.06837349397590362
1258193,89,False,0.9386895627614844
1258195,5,False,0.5541956120710898
1258197,7,False,0.3779978776108242
1258198,17,False,0.4954828807308974
1258199,61,False,0.45984549310998407
1258200,13,False,0.29822165368130243
1258201,9,False,0.4134404870688277
1258203,29,False,0.5028725392388897
1258204,31,False,0.2068926943863764
1258205,20,False,0.14651958368364595
1258206,11,False,0.46810043827414216
1258207,54,False,0.11253583644869199
1258208,21,False,0.3702060051048565
1258209,35,False,0.04205514778813727
1258211,67,False,0.3436186123086971
1258212,54,False,0.36891470698214324
1258213,51,False,0.17294353724175113
1258214,62,False,0.3516204813227207
1258215,9,False,0.5518093130652676
1258218,25,False,0.4492985400970254
1258219,10,False,0.5797246565978279
1258220,47,False,0.529925669182176
1258221,32,False,0.16682481194126372
1258222,3,False,0.18785478547854786
1258223,66,False,0.16786811645455796
1258225,63,False,0.41207734264945234
1258227,113,False,0.38448681118665784
1258228,33,False,0.5592805852140544
1258229,12,False,0.05562609109665132
1258230,149,False,0.7459674074411589
1258231,7,False,0.5333776143414717
1258232,63,False,0.25899791981935105
1258233,4,False,0.3738239722915383
1258234,20,False,0.19133084009071433
1258235,45,False,0.3853690771285611
1258236,3,False,0.6692863516526022
1258237,124,False,0.2927342170852198
1258238,188,False,0.12935779816513762
1258239,1,False,0.27830939271758465
1258240,11,False,0.634490889079793
1258241,23,False,0.5284501458613029
1258242,15,False,0.32439134445692286
1258243,10,False,0.49287810437747687
1258244,22,False,0.6722581870015817
1258245,38,False,0.3033082123262428
1258246,12,False,0.2597526395964105
1258247,64,False,0.1140319071791153
1258248,19,False,0.24066510936878047
1258249,3,False,0.7319221369948157
1258250,3,False,0.6640495079100256
1258252,16,False,0.14981238931623236
1258253,42,False,0.4234432359402768
1258254,12,False,0.351669528108572
1258255,39,False,0.5570313251745527
1258257,68,False,0.6329610604924399
1258258,127,False,0.12963735493841191
1258259,48,False,0.3789617567087516
1258260,21,False,0.5176624891938413
1258261,43,False,0.3030136024309034
1258262,42,False,0.6670090320490906
1258263,238,False,0.053408733898837574
1258264,2,False,0.19823967671601056
1258265,25,False,0.04693140794223827
1258266,32,False,0.14809252027635925
1258267,31,False,0.2614862598541871
1258268,7,False,0.3672703213910831
1258269,63,False,0.05080588647512263
1258270,16,False,0.5000602563967904
1258271,36,False,0.19398401661123546
1258272,13,False,0.6063605219193646
1258273,28,False,0.36668480020826016
1258274,28,False,0.42781087473248425
1258275,12,False,0.5614061457380214
1258276,55,False,0.03785953177257525
1258277,34,False,0.4656874227340751
1258278,84,False,0.28516734389297727
1258279,39,False,0.13531450188004554
1258280,6,False,0.6635139622072824
1258282,14,False,0.5412539896550644
1258283,40,False,0.12986051104801877
1258284,36,False,0.6446469846529356
1258286,13,False,0.18097164052771011
1258287,33,False,0.398693805601897
1258289,64,False,0.19232663955743334
1258290,11,False,0.626338490234902
1258291,10,False,0.98669986964472
1258294,163,False,0.3280763941278996
1258295,121,False,0.47895879628390353
1258296,2,False,0.045293377559190204
1258297,8,False,0.20482850826634638
1258298,5,False,0.40105120730018423
1258299,33,False,0.5921633945367858
1258300,52,False,0.08589462129527992
1258301,18,False,0.2627519034188794
1258302,43,False,0.15128688010043942
1258303,60,False,0.1688425139367819
1258304,44,False,0.35589797016018054
1258305,37,False,0.26111229647505463
1258306,42,False,0.3227890172438956
1258307,46,False,0.2573418068521404
1258308,110,False,0.3692250131054939
1258309,115,False,0.4917974452379163
1258310,28,False,0.4079632741907969
1258311,23,False,0.46186950648546343
1258312,50,False,0.38367193265816946
1258313,13,False,0.07828724769571813
1258314,19,False,0.6583932380881642
1258315,21,False,0.19969039331282745
1258316,46,False,0.2719195279581753
1258317,8,False,0.3985656745806501
1258318,46,False,0.410676356316418
1258319,45,False,0.1294114978023833
1258320,155,False,0.11634988553714665
1258321,13,False,0.5038250990547823
1258322,42,False,0.3298045403772276
1258323,20,False,0.15463684394806965
1258324,5,False,0.5894399224527342
1258325,8,False,0.3443743347679208
1258326,137,False,0.2896437448218724
1258327,59,False,0.1681825698693567
1258329,81,False,0.30979039521450435
1258330,71,False,0.5727080310345496
1258332,22,False,0.5981517584414512
1258333,58,False,0.3840259999858472
1258334,104,False,0.14383837891174583
1258335,19,False,0.4015997305340054
1258336,30,False,0.06185415803527956
1258337,14,False,0.6156852807533832
1258338,32,False,0.004263191763191764
1258339,31,False,0.21436960248420547
1258340,9,False,0.3687902383575139
1258341,14,False,0.6786480332402166
1258342,13,False,0.4124859264049381
1258344,11,False,0.5293501739936038
1258345,4,False,0.668888601844295
1258346,102,False,0.45688735573150685
1258347,4,False,0.4898218052832635
1258348,22,False,0.1697123536935755
1258349,4,False,0.2957667646228686
1258350,2,False,0.770867912899534
1258352,75,False,0.3062977159422189
1258353,69,False,0.0
1258354,43,False,0.13334817453250222
1258355,31,False,0.4964477208591568
1258357,3,False,0.631847551779989
1258358,3,False,0.25266238127218654
1258359,82,False,0.14929759354848518
1258361,71,False,0.3855540920229754
1258364,48,False,0.0
1258365,46,False,0.4034546573006005
1258366,86,False,0.040566532610596256
1258368,28,False,0.17093429557386536
1258369,19,False,0.6076539792162322
1258370,50,False,0.06627500165027395
1258371,39,False,0.34078450295763024
1258372,3,False,0.3554858622062923
1258373,28,False,0.5764734493037182
1258374,39,False,0.2066221671494234
1258375,1,False,0.6105179463924396
1258377,42,False,0.44986319077016185
1258378,16,False,0.5120151696408021
1258379,88,False,0.3643779970234144
1258380,32,False,0.3438155218069962
1258381,31,False,0.5775953375809363
1258382,39,False,0.20395043655794845
1258383,81,False,0.05169018706924844
1258384,2,False,0.4460495026061315
1258385,91,False,0.2579331247011955
1258387,3,False,0.20304517102549804
1258388,36,False,0.2504752852304358
1258389,42,False,0.14021839591719412
1258390,2,False,0.3336064330561015
1258391,2,False,0.6131879542919032
1258392,6,False,0.8562939005014633
1258394,39,False,0.2872301310112255
1258395,10,False,0.5159026229840624
1258396,9,False,0.8817078347371555
1258397,17,False,0.1609870740305523
1258398,62,False,0.5817407227179772
1258399,121,False,0.9094126911172645
1258400,2,False,0.5525922092327836
1258401,3,False,0.24297378042125942
1258403,42,False,0.4770379833973733
1258404,1,False,0.20404761904761903
1258405,30,False,0.10254913154072819
1258406,34,False,0.24294947121034077
1258407,7,False,0.4689961340388007
1258408,32,False,0.5801094881759732
1258409,4,False,0.892879571703429
1258410,8,False,0.4125842394387741
1258412,17,False,0.5027691954267335
1258413,46,False,0.23386231698762236
1258414,2,False,0.5139235702690417
1258415,5,False,0.3504896271713463
1258416,43,False,0.30740425378770286
1258417,172,False,0.04080157008573494
1258419,2,False,0.5528975131415629
1258420,18,False,0.492026065975085
1258421,3,False,0.40582245664481226
1258422,1,False,0.28765359646471406
1258423,2,False,0.08553284381821791
1258424,5,False,0.435833097923872
1258425,100,False,0.20420718396507243
1258427,5,False,0.5771197646053436
1258428,6,False,0.49783965947866465
1258429,13,False,0.28828685726602077
1258430,73,False,0.5000721710605229
1258431,19,False,0.48479373110041313
1258433,1,False,0.17402239525915308
1258434,4,False,0.7008820799389868
1258435,34,False,0.19287829008224278
1258436,11,False,0.034522685294898714
1258437,3,False,0.3351854505171998
1258438,3,False,0.0
1258439,75,False,0.26973857283093716
1258440,95,False,0.1316634074395654
1258441,101,False,0.21631568186464936
1258442,9,False,0.9274185688102411
1258443,22,False,0.4436414408786591
1258444,15,False,0.15004436304721896
1258445,31,False,0.3692493903618248
1258446,24,False,0.3064848489988643
1258450,12,False,0.24544362132981187
1258451,37,False,0.18167867909287028
1258452,12,False,0.22852750025885712
1258453,1,False,0.5311067880585438
1258454,3,False,0.7344221108947165
1258455,22,False,0.5781150639142111
1258457,13,False,0.2929743990619504
1258459,13,False,0.1871856110865399
1258460,179,False,0.22570216205294
1258461,5,False,0.20345423042406313
1258462,1,False,0.17519262056698728
1258463,74,False,0.0699362868573122
1258464,9,False,0.6903496391786755
1258466,103,False,0.23534986500388855
1258467,106,False,0.8501198338379216
1258469,34,False,0.4802295417986169
1258470,2,False,0.8881302759861998
1258471,2,False,0.7136960294929616
1258472,2,False,0.5751968633039107
1258473,34,False,0.42013097760772594
1258475,33,False,0.7746998630521232
1258476,0,False,0.0
1258477,50,False,0.23406060099419496
1258478,43,False,0.1655391961798647
1258479,51,False,0.19932867145669694
1258480,47,False,0.020951810835079316
1258481,1,False,0.9367363182230068
1258482,10,False,0.8586800690898605
1258483,302,False,0.20185017710361988
1258484,1,False,0.5882560370791545
1258485,104,False,0.4964314557599667
1258486,67,False,0.17732019112077244
1258488,27,False,0.2934310781793901
1258489,1,False,0.29717073170731706
1258490,73,False,0.21228900604997847
1258492,4,False,0.6826177621028456
1258493,13,False,0.6552589320876819
1258494,1,False,0.6394676407155446
1258495,61,False,0.03630810994231422
1258496,19,False,0.38248163511439864
1258497,85,False,0.39762891954022694
1258498,62,False,0.10809948979591837
1258499,70,False,0.4404306063451829
1258500,43,False,0.22979287286368838
1258502,3,False,0.6564891056725402
1258503,0,False,0.0
1258504,8,False,0.426296342672568
1258505,16,False,0.5023149512368553
1258507,19,False,0.27594773472808787
1258508,11,False,0.6700245330860541
1258509,20,False,0.38248163511439864
1258510,19,False,0.09445430880891997
1258511,17,False,0.46006427330645455
1258513,3,False,0.5187344505365709
1258514,2,False,0.44309743855363126
1258515,17,False,0.0
1258516,12,False,0.0
1258517,2,False,0.41014608269678837
1258518,5,False,0.4992147006177377
1258519,3,False,0.4269963582189784
1258521,13,False,0.6261456504606299
1258522,3,False,0.5686594693489385
1258525,21,False,0.5118219109665916
1258526,27,False,0.2628877565247334
1258528,41,False,0.05447907891041842
1258531,12,False,0.5356096137670275
1258532,34,False,0.22331460674157305
1258533,22,False,0.9249340301208916
1258535,18,False,0.612214217069599
1258536,11,False,0.4658782084546683
1258537,27,False,0.5383964646464646
1258538,4,False,0.5312316213234226
1258539,4,False,0.2032794157221292
1258542,12,False,0.0650310988251555
1258543,47,False,0.40399676948275337
1258544,6,False,0.28636372640873875
1258545,39,False,0.4401549899323867
1258546,2,False,0.42468387776606953
1258547,89,False,0.22007453826330606
1258548,17,False,0.35308779521955336
1258549,17,False,0.16910588516175243
1258550,24,False,0.5236172858536646
1258551,72,False,0.14895935555074774
1258552,81,False,0.34309150385084647
1258553,46,False,0.10575296108291032
1258555,19,False,0.20321662892643558
1258556,19,False,0.10198971304818626
1258557,55,False,0.4354983506885771
1258558,24,False,0.16159052453468697
1258559,12,False,0.19110443228301496
1258560,27,False,0.2859419623726115
1258561,141,False,0.2342661926438196
1258562,65,False,0.16864328841015994
1258563,41,False,0.2859375792416467
1258564,3,False,0.17245005257623555
1258565,301,False,0.20409305557342666
1258566,5,False,0.6757080309636913
1258567,10,False,0.25014080838091485
1258569,21,False,0.23281807385145045
1258570,142,False,0.41028374355928177
1258571,3,False,0.3578000055103681
1258572,300,True,0.3150648362005055
1258573,41,False,0.9612968435316763
1258574,9,False,0.6006108826758328
1258575,9,False,0.17781244499912
1258576,20,False,0.18000380155863904
1258577,15,False,0.26039672202039665
1258578,54,False,0.17518058701615205
1258579,34,False,0.3389616194279962
1258581,2,False,0.7087883518840224
1258582,32,False,0.0864800378321057
1258583,1,False,0.768171208989373
1258584,4,False,0.6845129080821447
1258585,52,False,0.2867942689750786
1258586,78,False,0.17133346884697986
1258587,4,False,0.4457861716222996
1258588,57,False,0.9324193485922312
1258589,43,False,0.5369605156426014
1258590,2,False,0.4417381957398828
1258592,67,False,0.22019784054400798
1258593,12,False,0.24827232551540135
1258594,26,False,0.3787800085101969
1258595,45,False,0.3784351318561122
1258597,25,False,0.09394529249052351
1258598,20,False,0.4647922235295048
1258599,72,False,0.020846628376941078
1258600,12,False,0.46943306992231926
1258601,20,False,0.3314135410885103
1258602,20,False,0.4033919768067842
1258603,74,False,0.2951855858750898
1258604,6,False,0.62446561176837
1258605,152,False,0.12027597853296346
1258606,39,False,0.29973230456801087
1258607,11,False,0.2135444803345782
1258608,36,False,0.1055406043461993
1258609,13,False,0.3414810638966416
1258610,73,False,0.1583782093705747
1258611,33,False,0.4200053064871644
1258612,13,False,0.2988658700285766
1258613,120,False,0.3617609066690352
1258614,6,False,0.2579515611321856
1258615,65,False,0.1227500909730516
1258617,19,False,0.25976998713825417
1258618,43,False,0.529214042672017
1258620,13,False,0.4934390430924581
1258621,5,False,0.441159447075916
1258622,18,False,0.4354509010792117
1258623,24,False,0.2851061498711006
1258624,60,False,0.08258186995728524
1258625,20,False,0.0
1258626,12,False,0.33455498401897543
1258627,104,False,0.21860274533906987
1258628,35,False,0.2774663976159077
1258629,11,False,0.09684977870346265
1258631,8,False,0.6185077796970755
1258634,67,False,0.2608490822139148
1258635,9,False,0.2839703138480174
1258636,16,False,0.0
1258637,4,False,0.5108728559989264
1258638,45,False,0.2587976213971581
1258639,1,False,0.20811879430963806
1258640,1,False,0.02260969534393562
1258641,3,False,0.5303047719941839
1258642,3,False,0.9252599501739472
1258643,139,False,0.24662240133833455
1258644,5,False,0.9793453485835564
1258645,9,False,0.2888976023182383
1258646,19,False,0.5816528282578787
1258647,5,False,0.606370397231151
1258648,6,False,0.18795567821394735
1258649,3,False,0.6004346275292077
1258651,5,False,0.6987411830294982
1258652,110,False,0.4098984440525305
1258653,18,False,0.46987073086819975
1258654,39,False,0.06911684037301152
1258655,22,False,0.08524107878696753
1258656,35,False,0.3941029819013815
1258658,25,False,0.4045654863186316
1258659,3,False,0.0
1258660,8,False,0.1776266647009681
1258661,21,False,0.1349950149551346
1258662,20,False,0.334679599247418
1258663,67,False,0.04322678843226788
1258665,35,False,0.1589370259125388
1258666,14,False,0.6219276302083954
1258667,28,False,0.5635851728484749
1258668,36,False,0.4297352191761416
1258669,8,False,0.3792570113622718
1258670,29,False,0.4319243577863314
1258671,57,False,0.6527808615049725
1258672,300,False,0.07063253667667929
1258673,81,False,0.23601659751037343
1258674,39,False,0.13841418108481054
1258675,35,False,0.26492459829525905
1258676,56,False,0.2575452716297787
1258677,150,False,0.34320796947164384
1258679,22,False,0.6201483529186526
1258680,2,False,0.6565917101471919
1258681,55,False,0.16484584269582575
1258682,16,False,0.09756944745959933
1258683,49,False,0.28994305339347604
1258684,22,False,0.0
1258685,15,False,0.11589016680034754
1258686,2,False,0.24990305666548648
1258687,7,False,0.056694286960314
1258688,11,False,0.3370724438380662
1258689,53,False,0.14792899408284022
1258690,50,False,0.09473109473109473
1258691,20,False,0.4992099454227067
1258692,12,False,0.0
1258694,15,False,0.35507290557559346
1258695,6,False,0.6274973736983833
1258696,3,False,0.0973726308441211
1258697,4,False,0.4601583483448534
1258699,14,False,0.3710436824296479
1258701,2,False,0.2738676555420848
1258702,4,False,0.5827778138597247
1258703,81,False,0.1757101238164603
1258704,151,False,0.17105263157894735
1258705,2,False,0.5502508216037817
1258707,5,False,0.9357365671759865
1258708,34,False,0.5284361476637849
1258709,13,False,0.4698947234408422
1258710,93,False,0.0677710843373494
1258711,7,False,0.0
1258712,33,False,0.17023735786279662
1258716,10,False,0.09155821720603478
1258717,16,False,0.26300294878923863
1258718,47,False,0.2024341778440139
1258720,5,False,0.5585278536544316
1258721,15,False,0.3422187976814875
1258722,26,False,0.9117125459050706
1258723,16,False,0.10044197328749718
1258724,54,False,0.906790510472938
1258725,2,False,0.6851960529952296
1258726,42,False,0.7964118749762383
1258727,6,False,0.05760609683203825
1258729,4,False,0.4912207970566678
1258730,1,False,0.2209645530953965
1258731,233,False,0.010417846223530744
1258732,6,False,0.17324005247048535
1258733,21,False,0.10522732381809338
1258734,4,False,0.6399670807111824
1258735,152,False,0.1059880239520958
1258738,3,False,0.3968911949823396
1258739,15,False,0.0
1258741,10,False,0.0
1258742,9,False,0.2778831009306302
1258743,37,False,0.011265604384451436
1258744,26,False,0.13837649835413948
1258745,28,False,0.15130912162162163
1258746,24,False,0.5494556976830733
1258750,129,False,0.9916775843269091
1258751,20,False,0.28541706131418665
1258752,33,False,0.578710272351132
1258753,11,False,0.45180444172225065
1258754,82,False,0.1996730936682768
1258755,30,False,0.06776230569948187
1258756,20,False,0.6101704307688497
1258757,36,False,0.029193899782135078
1258758,34,False,0.40082546719558676
1258759,32,False,0.20086940586337543
1258761,27,False,0.7842611849710829
1258762,13,False,0.0
1258764,35,False,0.40122098122888994
1258765,8,False,0.6756540167075396
1258766,3,False,0.18707065774257664
1258768,10,False,0.16905615292712067
1258769,5,False,0.2654933171822974
1258772,6,False,0.2330633333408177
1258773,155,False,0.20419267412142017
1258776,16,False,0.520487933331017
1258777,31,False,0.4148485669694277
1258778,3,False,0.6627280114068421
1258779,9,False,0.3936087128411396
1258780,23,False,0.11676147638773753
1258781,32,False,0.4434169916706217
1258782,58,False,0.12382419721050925
1258783,54,False,0.15675722247650845
1258785,126,False,0.20330979324427806
1258786,12,False,0.5753737873266511
1258787,97,False,0.2488271720773128
1258788,5,False,0.25741786704350067
1258789,12,False,0.24704046500102736
1258791,24,False,0.24750430292598968
1258792,35,False,0.16647568208151592
1258794,53,False,0.25399740912298563
1258796,28,False,0.1232650373504007
1258797,12,False,0.35357571942214805
1258798,2,False,0.16220375980042764
1258799,11,False,0.9588817529175808
1258800,23,False,0.9075522405580513
1258803,60,False,0.15978543300222514
1258804,19,False,0.09017341040462427
1258805,25,False,0.4403478689037537
1258806,66,False,0.15613587239299914
1258808,6,False,0.5316156524191608
1258809,17,False,0.29493106310686085
1258810,58,False,0.032384113049994646
1258811,34,False,0.13105590062111802
1258812,13,False,0.8067136210873356
1258813,37,False,0.2154215421542154
1258814,11,False,0.06880389951256093
1258815,17,False,0.29700382269120074
1258816,1,False,0.06801974766867801
1258817,157,False,0.35500604707812716
1258818,17,False,0.08757791173783792
1258819,15,False,0.3897601351729434
1258820,2,False,0.5738921853098403
1258821,53,False,0.2131036007087512
1258822,107,False,0.7716035950288092
1258824,25,False,0.0
1258825,47,False,0.06294178794178795
1258826,20,False,0.054400455710623755
1258827,30,False,0.5176045709853786
1258829,15,False,0.5340111122718794
1258830,28,False,0.586464762008719
1258832,62,False,0.20344146737344054
1258833,75,False,0.1022508038585209
1258834,5,False,0.30648425483688174
1258835,24,False,0.39684373311471743
1258836,3,False,0.4511087002290667
1258837,9,False,0.6050425798837359
1258838,3,False,0.2756696236697784
1258839,8,False,0.6057003067946621
1258840,72,False,0.3435757587968738
1258841,39,False,0.4954217339585425
1258843,20,False,0.28721017202692595
1258846,3,False,0.8994252940881
1258847,50,False,0.16425280357570388
1258848,8,False,0.764688592909692
1258849,61,False,0.20920213290400502
1258850,14,False,0.08066361556064072
1258851,11,False,0.09008559001477012
1258853,33,False,0.303279546415019
1258854,301,False,0.04874551971326165
1258855,21,False,0.7078586275961353
1258856,5,False,0.24103455337840748
1258857,10,False,0.8858326858326858
1258858,8,False,0.21831574151416205
1258859,15,False,0.5390613215127623
1258860,51,False,0.3467507786827712
1258861,14,False,0.8485547500628696
1258862,48,False,0.06895184170546136
1258864,113,True,0.21095448789421375
1258869,166,False,0.06104523495827843
1258873,12,False,0.17332072320583045
1258876,10,False,0.03782749484839564
1258877,24,False,0.11795573807894136
1258879,4,False,0.0
1258880,39,False,0.14095954532301383
1258883,38,False,0.3535956320334414
1258884,31,False,0.36096950154850055
1258885,10,False,0.646875075406271
1258888,42,False,0.3091520676413485
1258890,71,False,0.26631966168610455
1258891,57,False,0.24216715668783045
1258893,32,False,0.25133728947559414
1258894,46,False,0.031351791530944625
1258896,57,False,0.17646486598732
1258897,31,False,0.05572021339656195
1258898,11,False,0.0
1258902,11,False,0.3693264451301251
1258908,11,False,0.06186160264710114
1258909,11,False,0.623171876929566
1258911,48,False,0.18806656658012
1258912,24,False,0.1744927536231884
1258914,66,False,0.38520830576327225
1258915,12,False,0.15897093514457075
1258919,48,False,0.32349976017786586
1258924,43,False,0.3648740448495666
1258927,39,False,0.14518002322880372
1258928,48,False,0.10550323719835197
1258929,14,False,0.12509315345716832
1258930,13,False,0.2019439765083394
1258934,303,False,0.24468745709029188
1258936,40,False,0.9816705122584237
1258939,53,False,0.005616224648985959
1258942,300,False,0.11582252757419637
1258944,12,False,0.3617294731051715
1258946,70,False,0.019696969696969695
1258947,22,False,0.24968561140474638
1258948,306,False,0.06664303438496988
1258950,45,False,0.21012637294627265
1258953,300,False,0.06573841588678384
1258956,71,False,0.7546585599447434
1258962,300,False,0.08365683229813664
1258963,49,False,0.22613549022002255
1258970,13,False,0.0677166364649341
1258974,116,False,0.26703392182828595
1258979,26,False,0.44769437782137583
1258983,13,False,0.4461762717058217
1258984,7,False,0.4526807868587177
1258986,17,False,0.08502993778597351
1258988,44,False,0.0034357316087308
1258989,63,False,0.30305304406570827
1258991,39,False,0.17336989298827485
1258992,26,False,0.0
1258997,111,False,0.0831720020820206
1258999,42,False,0.7040865569873257
1259000,9,False,0.28837936792224256
1259002,29,False,0.07933317205709782
1259004,30,False,0.4089423894808796
1259006,3,False,0.0
1259007,64,False,0.13248088584234116
1259009,43,False,0.4456667176787706
1259015,43,False,0.16850681033770037
1259016,163,False,0.1211758739289181
1259017,46,False,0.09347503142498001
1259019,7,False,0.6533091221575007
1259022,46,False,0.3820812486029086
1259023,17,False,0.36089733097018367
1259024,12,False,0.10688050243929793
1259030,6,False,0.0
1259034,33,False,0.243443054826974
1259036,17,False,0.3558763300917802
1259038,155,False,0.05656565656565657
1259041,18,False,0.2884986178894591
1259042,14,False,0.3736345149970861
1259046,13,False,0.24478663134354803
1259047,13,False,0.2459254103590279
1259051,73,False,0.11718955971526496
1259052,10,False,0.0
1259054,8,False,0.0
1259056,3,False,0.8118629820517662
1259057,16,False,0.1312192168733522
1259059,37,False,0.016216216216216217
1259062,64,False,0.7693945132442344
1259064,28,False,0.25198859234166354
1259065,50,False,0.23066888130083618
1259067,299,False,0.06262833675564682
1259068,42,False,0.2749859041214927
1259071,303,False,0.3343207372870049
1259072,51,False,0.38756856614454016
1259074,18,False,0.15651512656812758
1259075,21,False,0.6248016266389284
1259077,1,False,0.0
1259079,57,False,0.1942103519515264
1259080,127,False,0.09295962571059666
1259081,5,False,0.22062063900110174
1259086,39,False,0.15919360375843222
1259087,67,False,0.11202330570083888
1259091,4,False,0.4524452880048436
1259092,41,False,0.138982985425213
1259093,50,False,0.19924816296815073
1259094,130,True,0.15004106729332314
1259095,85,False,0.34549367551476573
1259099,306,False,0.12010975970233141
1259100,45,False,0.24471756016621882
1259101,2,False,0.0
1259104,4,False,0.2992055392706788
1259108,6,False,0.6808276296958945
1259110,3,False,0.4499222368624547
1259111,133,False,0.02376333656644035
1259112,138,False,0.5960654927590253
1259113,304,False,0.3321554770318021
1259114,12,False,0.18666757968502312
1259115,4,False,0.0
1259116,3,False,0.325715895259007
1259118,67,False,0.14019575754190264
1259121,70,False,0.30433432196298765
1259122,170,False,0.05146554259386335
1259123,43,False,0.6760584359619884
1259126,34,False,0.45656710094053427
1259132,75,False,0.28814955981928914
1259133,22,False,0.41969729120392185
1259134,46,False,0.13975903614457832
1259136,19,False,0.45838636866399035
1259139,24,False,0.3159448249853017
1259141,59,True,0.17293335600692195
1259142,7,False,0.2113615515868865
1259145,54,False,0.2583933162584393
1259147,27,False,0.39530605344610403
1259149,9,False,0.5082394159905531
1259150,5,False,0.7094499346327618
1259151,11,False,0.4860904152380252
1259153,31,False,0.40487689802814897
1259154,25,False,0.47278270537116773
1259155,12,False,0.5663359478667461
1259157,13,False,0.0
1259159,137,False,0.399696783981396
1259162,18,False,0.603676201461438
1259163,71,False,0.6540449951543575
1259165,9,False,0.8790729362966953
1259166,15,False,0.3761799045950291
1259168,42,False,0.5515919718114226
1259169,125,False,0.12735755737272486
1259171,63,False,0.7065074507392168
1259173,9,False,0.0
1259175,8,False,0.6830626096575847
1259176,23,False,0.5207214450497871
1259178,16,False,0.36389017784979577
1259181,17,False,0.376018333381814
1259182,10,False,0.4983462683544399
1259184,52,False,0.5633703384805144
1259186,51,False,0.5330928414992094
1259187,18,False,0.26599955333170144
1259191,7,False,0.14951889150594838
1259192,55,False,0.040558079169370535
1259195,48,False,0.15616728212327444
1259196,24,False,0.43026579766893147
1259197,63,False,0.23586158505786428
1259198,16,False,0.5198636065287864
1259199,27,False,0.3135741063381921
1259200,3,False,0.5639539753821505
1259201,0,False,0.0
1259202,14,False,0.4557451015578487
1259204,14,False,0.45281872613107277
1259206,66,False,0.5707771651627637
1259207,74,False,0.3183583408221115
1259209,37,False,0.4624161128516079
1259210,90,False,0.4520039058944462
1259211,5,False,0.792049478643519
1259212,83,False,0.5225045378635279
1259213,66,False,0.24056165997390777
1259214,5,False,0.38532856216125727
1259215,5,False,0.4825654597427727
1259216,5,False,0.9331629067151197
1259217,100,False,0.49820171303704114
1259219,26,False,0.5963760183800147
1259220,131,False,0.18566555232600365
1259221,129,False,0.6149511477056413
1259222,2,False,0.6238273528944528
1259226,12,False,0.4732780027775039
1259229,27,False,0.5783961436672967
1259231,32,False,0.3817050366667127
1259232,33,False,0.3952739609607822
1259234,14,False,0.34706285309301166
1259235,0,False,0.0
1259237,120,False,0.4108897364653146
1259238,41,False,0.3049083117815219
1259239,24,False,0.5564552948288373
1259240,53,False,0.2890299543741321
1259242,4,False,0.0
1259245,47,False,0.4672840344930737
1259246,26,False,0.09571064829927531
1259247,7,False,0.0
1259251,0,False,0.0
1259252,20,False,0.6193594850482887
1259253,1,False,0.5864076758839617
1259254,69,False,0.5965376596215327
1259256,46,False,0.0827996340347667
1259257,103,False,0.603262587703889
1259258,23,False,0.19468558559979654
1259261,3,False,0.0
1259262,41,False,0.4464171389554521
1259263,6,False,0.4507539532643411
1259264,7,False,0.4728412078113485
1259267,62,False,0.372548334904727
1259270,5,False,0.0
1259271,45,False,0.13047405788800853
1259272,4,False,0.4457861716222996
1259273,11,False,0.3881669699459967
1259274,20,False,0.4009412927392575
1259275,82,False,0.56485782113209
1259276,26,False,0.5392795850841516
1259277,22,False,0.25212301766368495
1259278,109,False,0.3032845927640873
1259279,5,False,0.6085299988420775
1259280,128,False,0.33662607028475566
1259281,46,False,0.5669576332151482
1259282,88,False,0.10690022635559951
1259283,22,False,0.25736692261354743
1259284,3,False,0.4268873551388534
1259287,1,False,0.4602719930441699
1259288,3,False,0.6615381769396177
1259290,61,False,0.21036567065966713
1259291,20,False,0.6101704307688497
1259293,10,False,0.0
1259294,3,False,0.735876037440026
1259295,17,False,0.10020914415862112
1259298,3,False,0.7596464826780076
1259301,1,False,0.603985375543307
1259302,19,False,0.3488327152031782
1259304,13,False,0.6507684346908542
1259307,44,False,0.11993583410130877
1259308,40,False,0.24863535303137468
1259310,3,False,0.49154442657097863
1259312,37,False,0.576424120020817
1259313,5,False,0.3850344103631272
1259314,28,False,0.25228351808732574
1259317,57,False,0.11740141778460932
1259319,12,False,0.2053652418274753
1259320,43,False,0.4234432359402768
1259322,138,False,0.9552434403701403
1259323,2,False,0.2596380798632144
1259326,19,False,0.22105674385019347
1259327,110,False,0.16553180955207625
1259328,126,False,0.5227381472121255
1259329,15,False,0.0
1259330,21,False,0.6243139272762913
1259332,51,False,0.3989867345711645
1259333,6,False,0.5700508894168317
1259334,13,False,0.2726587800824419
1259335,1,False,0.5515299693505243
1259336,108,False,0.3032845927640873
1259338,9,False,0.0
1259340,1,False,0.0
1259341,112,False,0.1814184607507102
1259342,97,False,0.7794886343650946
1259350,128,False,0.3752062172346003
1259356,110,False,0.1939341398912312
1259357,55,False,0.47292313745319925
1259358,10,False,0.8195267121052201
1259362,83,False,0.2546758853351832
1259363,61,False,0.5574128321472086
1259365,3,False,0.7094499346327618
1259366,60,False,0.12856562025208107
1259367,41,False,0.24566112294859385
1259368,0,False,0.0
1259369,10,False,0.8236177132142246
1259370,3,False,0.7550735121217338
1259373,94,False,0.34212775197396167
1259374,109,False,0.5691316981875493
1259375,0,False,0.0
1259376,57,False,0.4634214423244578
1259378,0,False,0.0
1259379,1,False,0.20765207557838194
1259380,43,False,0.6039336988072965
1259381,10,False,0.8236177132142246
1259382,12,False,0.551893408689657
1259383,0,False,0.0
1259384,31,False,0.1759879437374414
1259387,52,False,0.14591539797558578
1259388,31,False,0.48088280856991733
1259391,136,False,0.356946172788748
1259392,59,False,0.5341062183390307
1259395,66,False,0.5876706546955398
1259396,57,False,0.2505953048484169
1259397,24,False,0.1879804866016677
1259398,3,False,0.6720824820117643
1259399,79,False,0.44078847029106877
1259400,1,False,0.6716962218601658
1259403,0,False,0.0
1259404,78,False,0.520065876309637
1259407,20,False,0.5930011463112381
1259411,66,False,0.6036233981775583
1259412,190,False,0.42688431060865795
1259416,7,False,0.22078819618397877
1259417,115,False,0.3126402975532187
1259418,0,False,0.0
1259420,7,False,0.971107983937059
1259422,59,False,0.32514822439784685
1259423,57,False,0.43964661473143046
1259425,1,False,0.6242379714450887
1259426,18,False,0.5722592885856441
1259428,67,False,0.37541639200698684
1259429,70,False,0.430644000800386
1259430,13,False,0.5762322123551827
1259431,8,False,0.5062305088211824
1259433,19,False,0.400485847175312
1259434,22,False,0.7040296837050174
1259435,0,False,0.0
1259437,1,False,0.7105197051572673
1259438,9,False,0.22575959095200554
1259439,0,False,0.0
1259441,8,False,0.6500089538284578
1259442,21,False,0.24226552069835688
1259443,68,False,0.1410337697311386
1259444,50,False,0.2784305523900998
1259445,1,False,0.6226449080700661
1259450,105,False,0.30772842948168794
1259452,3,False,0.36627027309374993
1259455,1,False,0.5221959581825536
1259456,6,False,0.6240383431340591
1259457,19,False,0.46603034782901737
1259458,44,False,0.6025156172926864
1259459,107,False,0.544319479329214
1259461,1,False,0.6729729778348594
1259462,17,False,0.392769430828465
1259463,57,False,0.07055365017148457
1259464,53,False,0.15987718705802684
1259465,0,False,0.0
1259466,7,False,0.5619147421394545
1259467,100,False,0.2095715272978576
1259469,83,False,0.17247550248659646
1259471,40,False,0.6107434162405277
1259472,8,False,0.42450541545613485
1259474,51,False,0.48995379870393796
1259476,0,False,0.0
1259477,94,False,0.29829231088510927
1259478,17,False,0.9514066331139502
1259479,12,False,0.34750542225193776
1259480,30,False,0.3692493903618248
1259481,23,False,0.37886903193783295
1259483,5,False,0.24103455337840748
1259484,18,False,0.22645764354480322
1259486,33,False,0.3682677974057653
1259488,3,False,0.6009485631517241
1259490,149,False,0.1339470223558144
1259491,30,False,0.0
1259493,111,False,0.15689478360791545
1259494,76,False,0.6324651154949699
1259495,45,False,0.11405210784452698
1259496,55,False,0.3341155095911527
1259498,78,False,0.18849286910139823
1259500,109,False,0.26831054357229056
1259501,47,True,0.2527317655527173
1259502,5,False,0.36554288220752945
1259504,0,False,0.0
1259505,2,False,0.3904483098109862
1259507,1,False,0.7387548382272894
1259508,41,False,0.29871106749530985
1259509,0,False,0.0
1259510,1,False,0.4462211988345147
1259512,71,False,0.6672085081397873
1259513,95,False,0.42381722859796345
1259515,6,False,0.37047223996323797
1259516,36,False,0.05486365486365487
1259520,1,False,0.0
1259521,45,False,0.2790751200088213
1259524,0,False,0.0
1259527,56,False,0.3471211444519503
1259528,32,False,0.16537945354637765
1259529,1,False,0.5657744615752036
1259533,118,False,0.41824699098626783
1259534,91,False,0.16040909453158964
1259535,12,False,0.6327322819012643
1259536,58,False,0.18870994968041643
1259537,23,False,0.5159969341444488
1259539,15,False,0.13921675910956632
1259541,1,False,0.5810993911375599
1259542,32,False,0.6398928412702146
1259543,16,False,0.13055164943118666
1259544,37,False,0.5161680508582673
1259545,150,False,0.23231976798742357
1259546,0,False,0.0
1259550,49,False,0.3726745713233938
1259551,98,False,0.4737940183815251
1259555,47,False,0.1424971492527739
1259557,61,False,0.2828807168599371
1259559,1,False,0.0
1259561,19,False,0.31891863935443343
1259562,55,False,0.15668190620169015
1259563,76,False,0.31109131525653566
1259564,4,False,0.5162837671972417
1259565,14,False,0.23039389522377732
1259566,57,False,0.2464402320148416
1259568,15,False,0.22593610576636106
1259570,113,False,0.07104475245187102
1259571,45,False,0.3820812486029086
1259573,53,True,0.057013358778625955
1259575,15,False,0.18945753732340015
1259576,17,False,0.21017284991959928
1259580,147,False,0.1470444598935219
1259581,55,False,0.4148569230161684
1259583,120,False,0.17837613675815298
1259584,19,False,0.47034154202052597
1259585,90,False,0.19721862242248409
1259587,1,False,0.4366195281090146
1259588,4,False,0.9114509088502476
1259589,1,False,0.27028318795555023
1259590,54,False,0.5341062183390307
1259592,48,False,0.16849688505967408
1259593,35,False,0.08520179372197309
1259595,83,False,0.14799430334678376
1259597,48,False,0.20954450784205952
1259598,6,False,0.08549804650409057
1259599,51,False,0.3073845761326671
1259601,9,False,0.8023117457079721
1259602,51,False,0.3337882806457155
1259603,4,False,0.5990323825159899
1259604,6,False,0.5360594186913261
1259605,300,False,0.30975615787830807
1259609,81,False,0.06978800190250048
1259610,31,False,0.15589677969716356
1259611,28,False,0.5275645226726586
1259613,52,False,0.169464049714591
1259615,11,False,0.32278723444790636
1259616,49,False,0.10082578582844966
1259617,3,False,0.6640495079100256
1259618,8,False,0.023373863770511157
1259622,12,False,0.0
1259623,143,False,0.36945113926117784
1259625,301,False,0.07679948586118251
1259626,105,False,0.027634680869641142
1259627,64,False,0.05373965757352339
1259628,32,False,0.3485708897895806
1259629,302,True,0.18198063352140223
1259630,20,False,0.15809892544635293
1259631,32,False,0.5176045709853786
1259633,36,False,0.12480425931725651
1259637,45,False,0.28963987713199535
1259639,52,True,0.3428934433774744
1259640,57,False,0.6975974677859519
1259641,57,False,0.29915816565047615
1259642,301,False,0.08353808353808354
1259643,32,False,0.33289484753666765
1259645,64,False,0.3799114261626015
1259646,47,False,0.1798629519181209
1259647,48,False,0.4719851337183532
1259649,26,False,0.46047634697806067
1259650,112,False,0.1698517762412112
1259651,25,False,0.44805919762029395
1259653,33,False,0.12439082391155791
1259659,42,False,0.5669576332151482
1259663,62,False,0.60559047549524
1259664,58,False,0.1779892364654856
1259672,53,True,0.21918137990383477
1259674,26,False,0.44202286713832595
1259676,73,False,0.2736403439414446
1259677,26,False,0.32966402262823774
1259678,18,False,0.0959687135831243
1259679,50,False,0.3260611765235412
1259684,60,False,0.4679437050774236
1259686,38,False,0.24930447470415945
1259688,120,True,0.17837613675815298
1259694,36,False,0.2479241135043921
1259695,59,False,0.27341163792084777
1259696,40,False,0.377596803593776
1259698,25,False,0.4447676648418758
1259700,19,False,0.2851307293056947
1259703,54,False,0.29019861857059354
1259704,54,False,0.22654697486217895
1259705,30,False,0.4600555412908764
1259709,30,False,0.9857895865516181
1259710,63,False,0.18107370561181185
1259712,72,False,0.1441249260219303
1259714,32,True,0.3753101595719897
1259715,33,False,0.3928634054929661
1259718,51,False,0.13259028009190243
1259720,55,False,0.4804105792225508
1259721,30,False,0.004865193594161768
1259723,27,False,0.44612375355544254
1259726,42,False,0.18211321541008446
1259729,35,False,0.45656710094053427
1259731,39,False,0.28332109537983263
1259733,17,False,0.3660935884053417
1259734,33,False,0.1726455565643864
1259743,18,False,0.0
1259744,50,False,0.31135686529180207
1259745,40,False,0.4622684322910581
1259746,55,False,0.11655728356770564
1259749,51,False,0.13919251190044846
1259750,31,False,0.8672291474696284
1259751,12,False,0.6183020929372796
1259752,19,False,0.22636637022844688
1259753,16,False,0.5191141856418174
1259754,59,False,0.04837993786063027
1259755,97,False,0.08607480847228481
1259756,26,False,0.41520040064102565
1259757,17,False,0.07977742728791783
1259759,14,False,0.44573140404159434
1259760,33,False,0.2877473002623707
1259761,33,False,0.3584237226639028
1259763,16,False,0.23710348090435712
1259769,61,False,0.2074665623689619
1259771,32,False,0.27767815140852425
1259772,53,False,0.17294353724175113
1259774,43,False,0.22211162913852106
1259775,28,False,0.4378020595305921
1259776,60,False,0.14295564238106181
1259781,31,False,0.4549809812023204
1259783,57,False,0.0
1259786,20,False,0.44182911139658504
1259787,27,False,0.5121879902968086
1259789,298,True,0.06262833675564682
1259790,44,False,0.26575980113559305
1259791,55,False,0.4144144144144144
1259792,12,False,0.46810043827414216
1259793,24,False,0.15825225011589197
1259795,14,False,0.12939258051365676
1259797,2,False,0.9647264168205284
1259799,57,False,0.12258525509426844
1259800,28,False,0.4492985400970254
1259804,9,False,0.49841076787731026
1259806,20,False,0.3353999309130613
1259807,13,False,0.6273804475998227
1259809,54,False,0.26367824355255876
1259811,41,False,0.2339946326398864
1259812,32,True,0.24507319561544366
1259815,19,False,0.4213434133463623
1259816,55,False,0.45762723919122383
1259817,50,False,0.29347353525600023
1259819,33,False,0.8173480228814493
1259823,53,False,0.38367193265816946
1259824,22,False,0.3741142958874844
1259825,20,False,0.4618996305687998
1259827,22,False,0.3520560311079237
1259828,42,False,0.06863274673438033
1259829,44,False,0.3784351318561122
1259830,26,False,0.3103153057391195
1259833,12,False,0.31595861816450155
1259834,2,False,0.9647264168205284
1259835,26,False,0.30894574553130155
1259838,27,False,0.19680865249598356
1259841,18,False,0.2751567391307459
1259842,12,False,0.05182341650671785
1259843,21,False,0.16560533890318144
1259848,55,False,0.3148218416431566
1259849,127,False,0.07882280304589422
1259850,33,False,0.28605530078024227
1259852,6,False,0.0
1259854,31,False,0.28667308805278824
1259856,62,False,0.60559047549524
1259861,12,False,0.4891950026386739
1259864,27,False,0.1925751131919036
1259866,5,False,0.2933385821472464
1259868,30,False,0.43612678171946617
1259874,32,False,0.33289484753666765
1259881,38,False,0.22636842664645793
1259882,63,False,0.13606076467914896
1259883,66,False,0.15626143424189648
1259885,8,False,0.0
1259887,58,False,0.19643375619062
1259890,16,False,0.4229901093058897
1259891,15,False,0.22680124696292372
1259892,60,False,0.4679437050774236
1259898,25,False,0.4426068703897765
1259899,31,False,0.1925751131919036
1259900,24,False,0.2502980062783001
1259901,18,False,0.17449909038122005
1259902,30,False,0.4377220919461334
1259903,17,False,0.8812666712510069
1259904,36,False,0.3935811683211184
1259905,16,False,0.27827107223493575
1259906,23,False,0.18904007663384972
1259907,301,False,0.08390213221162951
1259908,8,False,0.4318490991778502
1259911,57,False,0.37204332387789524
1259913,25,False,0.2895571219938643
1259914,42,False,0.18717664976126341
1259916,23,False,0.028588098016336057
1259918,17,False,0.42465669089726454
1259919,39,False,0.4593631253381812
1259920,9,False,0.3993198479558979
1259923,8,False,0.30144977356641156
1259924,21,False,0.2863611302623442
1259925,21,False,0.32298078895708526
1259926,27,False,0.33279817419589675
1259929,14,False,0.351669528108572
1259931,40,False,0.299166723047856
1259932,5,False,0.70060221175973
1259933,1,False,0.0
1259934,37,False,0.5108294504703397
1259935,113,False,0.1282367447595561
1259936,57,False,0.32374580742580417
1259937,23,False,0.33652083479904826
1259939,9,False,0.7873203915572858
1259940,31,False,0.32663522872277134
1259941,36,False,0.34608734109293543
1259942,22,False,0.562408960120686
1259945,11,False,0.32591834453690627
1259946,51,False,0.10420499281541318
1259949,5,False,0.791020637529425
1259951,48,False,0.2951031012638152
1259952,27,False,0.1990061372871572
1259954,20,False,0.40587927880088387
1259955,9,False,0.41071263887737774
1259957,34,False,0.15065853438613971
1259958,25,False,0.33736909003136495
1259960,28,False,0.10587332708209019
1259961,21,False,0.5324129381992884
1259963,20,False,0.26599955333170144
1259966,13,False,0.5091887790805341
1259970,85,False,0.39762891954022694
1259972,75,False,0.2607990411491938
1259973,1,False,0.6459425182277589
1259976,41,False,0.5598762978893322
1259977,154,False,0.2493434020895019
1259978,299,False,0.1416517253175024
1259979,300,False,0.16493987748987288
1259980,10,False,0.3764850665358954
1259982,33,False,0.26891584448348876
1259983,45,False,0.4514539410639556
1259985,70,False,0.2698741863624341
1259986,5,False,0.4744752553516622
1259987,27,False,0.46046133675843204
1259988,71,False,0.08921644685802949
1259990,26,True,0.5117091868393046
1259991,25,False,0.1440079814846478
1259992,2,False,0.6446670977014046
1259994,42,False,0.19918831663240816
1259995,5,False,0.5531558187857899
1259996,8,False,0.24091022456210867
1259997,4,False,0.5197211251504902
1259998,161,False,0.1685668125549284
1259999,114,False,0.24783887018367487
1260002,111,False,0.25850398468351893
1260003,12,False,0.5616821467017313
1260004,10,False,0.3471455740201163
1260005,27,False,0.07695870002616775
1260007,19,False,0.0
1260008,35,False,0.29384550260832365
1260009,24,False,0.33833239323950415
1260012,39,False,0.20405352547634362
1260013,24,False,0.39166453324526973
1260018,22,False,0.4624239370133225
1260022,2,False,0.5517853868440861
1260024,150,False,0.4068484952120383
1260025,94,False,0.17357859531772576
1260026,6,False,0.20956305475967
1260027,17,False,0.33572184476217476
1260028,113,False,0.10965111010421387
1260029,12,False,0.20038320768894644
1260030,0,False,0.0
1260032,13,False,0.35771451064171217
1260034,9,False,0.3807696144814953
1260035,76,False,0.5709537348696708
1260039,1,False,0.5043058232683563
1260040,30,False,0.3076931107127664
1260041,25,False,0.40591208491120534
1260042,10,False,0.6048810140765318
1260043,39,False,0.9806437319227749
1260045,10,False,0.34315135286166165
1260046,3,False,0.0
1260047,7,False,0.6031961071297663
1260048,10,False,0.22157173289417642
1260049,29,False,0.47405800204760346
1260050,25,True,0.1938097832974876
1260051,36,False,0.5475906232656891
1260053,47,False,0.16993130808644222
1260055,64,False,0.7661411026634695
1260056,61,False,0.9997214484679666
1260059,119,False,0.35652212906421193
1260060,121,False,0.42872293478979406
1260062,22,False,0.3667439006870898
1260065,47,False,0.22800465878682752
1260066,6,False,0.0
1260068,15,False,0.2712806156892045
1260070,127,False,0.23865492822673326
1260073,66,False,0.14328899637243048
1260074,114,False,0.12846265838815252
1260076,21,False,0.19119577386203504
1260078,2,False,0.2310500295632127
1260079,27,False,0.15401692893153673
1260080,17,False,0.32097292279690914
1260081,3,False,0.5885900064928198
1260082,3,False,0.34603050465019436
1260083,29,False,0.2859280369799957
1260084,27,False,0.33700839525472154
1260086,3,False,0.5595389109602746
1260087,112,False,0.2055151371441429
1260088,18,False,0.5129759344828022
1260089,39,False,0.0
1260090,21,False,0.19178127023247005
1260094,52,False,0.22948080721984726
1260095,60,False,0.23042602786932728
1260096,37,False,0.5123240773519282
1260099,114,False,0.2688117162012206
1260102,7,False,0.8865184878870487
1260103,10,False,0.3817165101665233
1260104,41,False,0.36435023367731023
1260105,96,False,0.2976838618968966
1260107,150,False,0.4068484952120383
1260108,19,False,0.25212301766368495
1260109,7,False,0.4819553078063691
1260110,114,False,0.03217115689381934
1260111,1,False,0.19584442202432495
1260112,19,False,0.24406059164409385
1260114,9,False,0.6583975160270402
1260115,39,False,0.2957316207000782
1260120,10,False,0.6736248581938964
1260121,35,False,0.5206852491657418
1260123,37,False,0.37554415077334746
1260125,51,False,0.040239441303624876
1260126,126,False,0.14881439084219134
1260127,21,False,0.4211832303481282
1260130,61,False,0.17293335600692195
1260133,46,False,0.5007850464122601
1260142,75,False,0.21986669135345308
1260143,7,False,0.2718257387697285
1260144,114,False,0.35594094856793085
1260145,12,False,0.3235368457317204
1260146,49,False,0.42862524772460403
1260147,113,False,0.04157673982978377
1260149,31,False,0.40709697294326275
1260150,17,False,0.5489015940613262
1260151,17,False,0.2005188820599099
1260154,17,False,0.0
1260155,1,False,0.0
1260156,1,False,0.20404761904761903
1260157,22,False,0.0
1260158,303,False,0.10506802921350342
1260160,45,False,0.3590864196763979
1260161,58,False,0.4811643645777647
1260162,39,False,0.16494849253833885
1260163,188,False,0.17179483057265713
1260166,22,False,0.3532760245292806
1260167,1,False,0.7597209856097311
1260168,39,False,0.09839071373505373
1260169,34,False,0.37464907143526976
1260172,112,True,0.20446210268948656
1260173,35,False,0.23352349928076602
1260174,39,False,0.33283394383914533
1260175,35,False,0.6917971653996499
1260176,25,False,0.5383964646464646
1260177,3,False,0.004358830146231721
1260179,2,False,0.0
1260183,79,False,0.29361119078472325
1260184,1,False,0.5313769835812913
1260186,5,False,0.3713685408644218
1260187,0,False,0.0
1260188,67,True,0.1561983577524192
1260190,67,True,0.29470933649358155
1260191,27,False,0.03387839028688926
1260192,7,False,0.20899576755757893
1260193,20,False,0.19119577386203504
1260194,16,False,0.06280295047418336
1260196,5,False,0.7237108053788602
1260197,41,False,0.6670090320490906
1260200,45,False,0.26233828223470707
1260201,8,False,0.08672461477676807
1260202,58,False,0.12635267443058848
1260203,71,False,0.3430231981013698
1260204,6,False,0.2579515611321856
1260207,4,False,0.0
1260208,58,False,0.16484584269582575
1260210,27,False,0.21322188695668576
1260211,121,False,0.09964798266991606
1260212,5,False,0.19363418779448616
1260213,33,False,0.3468421409650536
1260214,12,False,0.44772631530002666
1260215,11,False,0.19202739922251943
1260216,31,False,0.28502012119656045
1260219,4,False,0.8542573333563729
1260220,30,False,0.38232537620459534
1260221,2,False,0.5148923381291585
1260222,39,False,0.3049419458297818
1260223,24,False,0.3406252801547673
1260231,60,False,0.4763468223793719
1260232,35,True,0.1868420086080554
1260233,26,False,0.3693418261478841
1260234,6,False,0.5169046434808914
1260235,50,False,0.3300303835702776
1260236,37,False,0.2637756922226796
1260237,64,False,0.15591231861685706
1260238,100,False,0.2871165767904067
1260239,86,False,0.8910677544422414
1260240,121,False,0.22563647863504244
1260241,17,False,0.5159448355342555
1260242,12,False,0.2642234985420891
1260243,52,False,0.5241662177114281
1260244,46,False,0.14872683135130355
1260245,2,False,0.521825645329152
1260246,4,False,0.474742241776549
1260247,25,False,0.19703045053785567
1260248,26,False,0.14804606752633134
1260250,5,False,0.05760609683203825
1260251,49,False,0.3742641983291791
1260255,19,False,0.34840301992415507
1260256,16,False,0.18349025342806644
1260258,174,False,0.06453499707545331
1260263,1,False,0.7256327561124675
1260264,78,False,0.21785549674542554
1260266,45,False,0.3853690771285611
1260267,6,False,0.9579868442699493
1260268,46,False,0.054299294253204664
1260269,195,False,0.08327159579196919
1260271,2,False,0.19823967671601056
1260272,4,False,0.4601583483448534
1260273,12,False,0.0
1260274,20,False,0.21737060758178986
1260275,10,False,0.5630254045887968
1260276,14,False,0.34706285309301166
1260277,8,False,0.5636973753625608
1260278,2,False,0.38289777290093646
1260284,4,False,0.2985771463316018
1260285,24,False,0.3412499024121192
1260286,120,False,0.14169119501253435
1260289,59,False,0.30564410695342076
1260290,91,False,0.31002813277650826
1260293,8,False,0.6887031965331077
1260294,22,False,0.17863298747459172
1260296,10,False,0.45952465087255606
1260299,3,False,0.0
1260300,2,False,0.0
1260301,117,False,0.1947447976330833
1260303,38,False,0.3699667512447092
1260304,146,False,0.2373721966477303
1260305,301,False,0.23200230233446348
1260307,16,False,0.22684789049342918
1260308,16,False,0.4847590983750331
1260309,21,False,0.5723270350283128
1260311,9,False,0.30022543251725514
1260312,9,False,0.4742589633859518
1260313,20,False,0.2861976189387357
1260314,51,False,0.1287384788326681
1260317,36,False,0.16758450436764147
1260318,37,False,0.4377194637853425
1260319,266,False,0.14366580708897012
1260320,46,False,0.10077519379844961
1260322,39,False,0.49701338342506307
1260323,15,False,0.5892667387000963
1260326,83,False,0.2682173464433981
1260328,129,False,0.22808438395814198
1260331,65,True,0.1597092974157455
1260343,202,False,0.29092211997061435
1260346,208,False,0.18770226537216828
1260347,302,False,0.5792661376092527
1260349,300,False,0.13238963415921146
1260355,69,False,0.9455465493705445
1260356,158,False,0.2869446962828649
1260358,41,False,0.13501037719078787
1260359,52,False,0.3093512604188781
1260360,3,False,0.5122942212255848
1260362,0,False,0.0
1260363,0,False,0.0
1260365,19,False,0.11995190374482129
1260366,21,False,0.7602690930187954
1260368,41,False,0.5374302001498898
1260369,45,False,0.219886561077294
1260371,0,False,0.0
1260372,46,False,0.20294144321739072
1260373,84,False,0.41847030461630025
1260374,165,True,0.15668361580413698
1260375,12,False,0.010238523852385238
1260376,80,False,0.31977184106761636
1260377,18,False,0.4494986495940764
1260378,108,False,0.16142368606250257
1260379,47,False,0.529925669182176
1260381,26,False,0.35471467582367444
1260382,26,False,0.5607500818341399
1260384,105,False,0.36028175203563045
1260385,35,False,0.5198495694054261
1260386,61,False,0.3461522557778181
1260387,5,False,0.3690915564606396
1260389,10,False,0.0
1260390,24,False,0.5816570689929328
1260391,1,False,0.5086784305673893
1260392,3,False,0.24297378042125942
1260394,55,False,0.14669130393767543
1260395,114,False,0.3515024886945078
1260397,46,False,0.35589449801700734
1260399,138,False,0.33153759344774997
1260400,57,False,0.07463069347558474
1260401,36,False,0.2504752852304358
1260406,40,False,0.39175125313272563
1260407,29,False,0.25577974565751677
1260408,17,False,0.3192363872333476
1260409,157,False,0.037956621004566204
1260412,50,False,0.127134724857685
1260416,18,False,0.30589071029961884
1260417,97,False,0.06322739480752014
1260418,151,False,0.20140365045452868
1260419,174,False,0.16239043442276502
1260420,104,False,0.12445480881565549
1260421,16,False,0.34848473234749344
1260422,45,False,0.0
1260424,4,False,0.3719442196790941
1260427,17,False,0.3497374255405794
1260428,75,False,0.2698741863624341
1260430,87,False,0.2595571016771671
1260431,13,False,0.3897964693755974
1260433,41,False,0.3685890758042307
1260434,103,False,0.04155485077661218
1260435,126,False,0.23261521679847286
1260436,20,False,0.37877386010608016
1260438,4,False,0.36030971276437657
1260439,101,False,0.10743801652892562
1260440,4,False,0.6308753339973361
1260441,55,False,0.1268230688092901
1260442,37,False,0.19285219195974262
1260443,41,False,0.3701158004486103
1260444,2,False,0.5189181320732549
1260446,30,False,0.37043065121336327
1260448,295,False,0.0466704610130905
1260449,14,False,0.18040979991305028
1260451,91,False,0.15314050904695323
1260452,57,False,0.2192234913118014
1260455,12,False,0.9954176648539004
1260456,10,False,0.4102444837542274
1260457,139,False,0.16674366149745007
1260458,105,False,0.0746043707611153
1260461,54,False,0.3623512859939336
1260462,9,False,0.5251210301529666
1260463,31,False,0.27274717458740955
1260464,46,False,0.33717126600185293
1260465,59,False,0.05198465700246219
1260467,39,False,0.35801101315004813
1260468,23,False,0.18015298379083192
1260469,94,False,0.43715449687573166
1260470,0,False,0.0
1260471,18,False,0.4774793883494557
1260472,22,False,0.15054071247202624
1260473,2,False,0.460385871685783
1260476,34,False,0.0928472309827173
1260477,34,False,0.1284225190731375
1260480,41,False,0.3708578399133747
1260481,152,False,0.2014359995169594
1260483,79,False,0.350399091040289
1260484,92,False,0.1873245555190084
1260485,40,False,0.2587091916241881
1260486,30,False,0.4708186549062144
1260488,130,False,0.3171593820666574
1260489,1,False,0.7617494939824814
1260490,43,False,0.5427014800692187
1260491,21,False,0.0
1260493,181,False,0.023968446601941747
1260494,5,False,0.6777402476119998
1260495,19,False,0.21445962710682104
1260496,4,False,0.5064842942633603
1260501,302,True,0.008726819386005922
1260502,5,False,0.3716364048142596
1260503,2,False,0.5139235702690417
1260504,110,False,0.33394261785938406
1260506,30,False,0.19633927507077864
1260507,101,False,0.10280151946818614
1260508,3,False,0.695479420167223
1260509,65,False,0.7335173880903114
1260510,52,False,0.2367714321003772
1260511,114,False,0.35207471774149957
1260512,52,False,0.3992467043314501
1260513,15,False,0.37161933094215166
1260514,112,False,0.23097157889461692
1260518,20,False,0.4847514168452937
1260519,112,False,0.001503194287861706
1260520,1,False,0.42119954518908503
1260521,30,False,0.23067742560103652
1260522,302,False,0.07030744978813415
1260523,14,False,0.18522634031149002
1260525,33,False,0.33768084358134337
1260526,1,False,0.7168210100603448
1260529,26,False,0.24474887243480165
1260531,16,False,0.612064470743173
1260533,7,False,0.39033075813596957
1260534,37,False,0.2825463205650313
1260535,9,False,0.07034144673088981
1260537,0,True,0.0
1260538,14,False,0.5516142174760426
1260539,30,False,0.3219515487193906
1260543,47,True,0.2460802590266876
1260546,32,False,0.6727943602385674
1260547,1,False,0.0
1260548,71,False,0.18354998219060603
1260549,23,False,0.39370876718861775
1260551,1,False,0.5776684936010736
1260555,65,False,0.31782915987079857
1260556,8,False,0.6332048800290968
1260562,61,False,0.18256905336551355
1260563,38,False,0.361247140774209
1260564,18,False,0.4755910310477477
1260565,0,False,0.0
1260567,108,False,0.24409460457451598
1260568,48,False,0.17642129194314743
1260569,2,False,0.9428515486585619
1260570,6,False,0.5975952498204532
1260571,3,False,0.3736281819713432
1260572,1,False,0.6347054405555888
1260573,4,False,0.6295683422556158
1260574,10,False,0.49389589419598956
1260576,67,False,0.16393564989389672
1260577,8,False,0.40690161013827486
1260578,2,False,0.4401956124011639
1260579,104,False,0.08956921149470543
1260582,14,False,0.39192311179272943
1260583,7,False,0.7003388185995306
1260585,140,False,0.31529357655993867
1260586,59,False,0.3466022698453724
1260587,54,False,0.2521123307658991
1260588,169,False,0.20627656096763647
1260589,48,False,0.025522932258683555
1260590,20,False,0.39148865815732903
1260591,58,False,0.3827092093342733
1260593,20,False,0.4149393090569561
1260594,2,False,0.5126576798490596
1260595,41,False,0.512961107110577
1260596,131,False,0.2927342170852198
1260599,31,False,0.3796312149521528
1260601,3,False,0.5367355241576011
1260602,14,False,0.24704046500102736
1260604,8,False,0.0
1260606,9,False,0.35573802777009017
1260607,31,False,0.22234744888745528
1260609,2,False,0.681885235735098
1260610,41,False,0.12986051104801877
1260612,5,False,0.6331514954216124
1260614,10,False,0.5797246565978279
1260615,157,False,0.24209529681218936
1260616,19,False,0.8738732759918775
1260620,75,False,0.44155615967210177
1260621,80,False,0.30788034136293646
1260622,88,False,0.15213855024658166
1260623,26,False,0.600515370626526
1260625,67,False,0.1388729379631663
1260626,10,True,0.3920958648118276
1260629,95,False,0.23716144588062527
1260630,66,False,0.38002075710566885
1260631,11,False,0.17965313877020056
1260632,6,False,0.3465597345646505
1260633,13,False,0.496546773017555
1260634,9,False,0.5415428364514498
1260639,44,False,0.5507898495138668
1260640,66,False,0.18483585974673583
1260641,11,False,0.438432663970448
1260642,27,False,0.16681973132596967
1260643,7,False,0.2797233637567442
1260644,5,False,0.7040457417032787
1260645,27,True,0.47235940514817193
1260647,116,False,0.29056697023611916
1260648,10,False,0.98669986964472
1260649,72,False,0.26904236983711266
1260651,76,False,0.17489731185205704
1260653,34,False,0.38056028886166665
1260654,145,True,0.5440132556222887
1260655,47,False,0.17704398652459094
1260656,100,False,0.44178444609997236
1260658,3,False,0.0
1260660,76,False,0.07798638332989478
1260661,8,False,0.0
1260664,41,False,0.5223708855140368
1260665,29,False,0.2794578612805756
1260666,0,False,0.0
1260667,48,False,0.4001933811577979
1260668,7,False,0.0
1260670,18,False,0.28541706131418665
1260671,8,False,0.4600209799849017
1260672,12,False,0.5223719838601094
1260674,46,False,0.471460199723674
1260676,110,False,0.10871530019367333
1260677,13,False,0.0
1260683,41,False,0.08272880947719374
1260684,94,False,0.6114829810980997
1260687,27,False,0.18028176186084408
1260688,0,False,0.0
1260691,12,False,0.44992623882263805
1260694,13,False,0.43029814801774524
1260695,12,False,0.2658017235499269
1260697,124,False,0.14255812881771165
1260699,26,False,0.30259307120407414
1260700,63,False,0.3440470801267542
1260702,47,False,0.4234085408110044
1260704,11,False,0.6067607888604368
1260705,13,False,0.2917334870009913
1260706,56,False,0.137612448334549
1260707,29,False,0.4079632741907969
1260708,31,False,0.2010829757165262
1260709,15,False,0.15489481220216025
1260710,37,False,0.33412412084254306
1260711,15,False,0.358057404781242
1260713,3,False,0.32792910039416423
1260714,4,False,0.4157368693014405
1260715,6,False,0.4194358154563546
1260717,31,False,0.31128461548730446
1260718,3,False,0.23725109503443845
1260719,3,False,0.37253865850126394
1260720,32,False,0.3966800872583299
1260723,23,True,0.18601464831014475
1260724,2,False,0.4090392123399512
1260726,241,False,0.04648974214191605
1260727,301,False,0.0840064620355412
1260728,29,False,0.18881962371226052
1260729,1,False,0.7105197051572673
1260732,25,False,0.5236172858536646
1260734,45,True,0.10056187869183114
1260737,115,False,0.21958160823826794
1260739,104,False,0.14080931229150107
1260740,51,False,0.12352046081442639
1260741,1,False,0.17519262056698728
1260743,30,False,0.16593398566441295
1260744,86,False,0.16623406205523902
1260748,148,False,0.3438562528210587
1260751,15,False,0.6708027439718693
1260752,24,False,0.45293625982084657
1260753,10,False,0.45894877132513556
1260755,17,False,0.5189381529990439
1260757,66,False,0.7547020697669654
1260758,0,False,0.0
1260759,20,False,0.21505150263506423
1260760,5,False,0.9331629067151197
1260761,47,False,0.30980377095608275
1260764,20,False,0.2759431656765184
1260765,7,False,0.2539315438159504
1260767,9,False,0.6486667225991882
1260768,42,False,0.5113831371320781
1260770,23,False,0.32275496604194653
1260772,33,False,0.3928634054929661
1260773,70,False,0.34433621465328845
1260778,141,False,0.16809701105556824
1260782,18,False,0.5438077154208989
1260784,8,False,0.6275861692365193
1260787,22,False,0.45829085254386376
1260788,16,False,0.37065903261263067
1260790,5,False,0.5631545059900288
1260791,12,False,0.19584295675897131
1260792,17,False,0.3942516676195953
1260793,4,False,0.5827778138597247
1260794,15,False,0.41955483772003244
1260795,9,False,0.31291855343961295
1260796,8,False,0.6223266081663396
1260797,8,False,0.9012155624798852
1260798,15,True,0.3235809841570805
1260799,68,False,0.37773829266164816
1260801,35,False,0.045134470179010774
1260803,92,False,0.22805805114029026
1260804,66,False,0.7547020697669654
1260805,15,False,0.33210475945018153
1260807,59,False,0.36001993777220986
1260812,9,False,0.16622348525863012
1260813,46,False,0.26968426170723553
1260815,0,False,0.0
1260816,2,False,0.5792058136171795
1260818,54,False,0.3569955120321176
1260819,68,False,0.40921647580023035
1260820,13,False,0.2503793051130329
1260822,28,False,0.30985449545112037
1260823,16,False,0.4535658367764803
1260824,37,False,0.23757732906491316
1260829,2,False,0.6598152938308979
1260833,52,False,0.14884646796554268
1260834,5,False,0.49567651293813364
1260835,30,False,0.09909074039710522
1260838,30,False,0.3384075701198229
1260842,10,False,0.30273079596733526
1260847,33,False,0.4879367843691606
1260848,17,False,0.4358832977831021
1260849,50,False,0.2883192219974347
1260852,36,False,0.00749063670411985
1260854,14,False,0.6324519480395385
1260855,36,False,0.1620715497791538
1260856,21,False,0.25200316612364815
1260857,63,False,0.3967197644499274
1260858,97,False,0.34117892698938923
1260863,13,False,0.3709516644606263
1260867,30,False,0.4200053064871644
1260868,0,False,0.0
1260869,15,False,0.3005222185948021
1260872,60,False,0.12052985702270816
1260874,22,False,0.34175064327048915
1260875,9,False,0.23050345183673876
1260876,188,False,0.3213511309020523
1260878,69,False,0.3057461584826197
1260879,35,False,0.3036406672815047
1260881,24,False,0.31929052196516683
1260883,116,False,0.37353973057193746
1260884,0,False,0.0
1260885,113,False,0.3860429989033003
1260887,29,False,0.3787697600685514
1260888,18,False,0.14885722782430966
1260889,13,False,0.7642246708748119
1260890,7,False,0.5363317990013575
1260891,7,False,0.3778403159201712
1260892,92,False,0.7650616314340424
1260893,45,False,0.39541751034588185
1260896,1,False,0.0
1260898,25,False,0.5734517825864955
1260901,72,False,0.25747858665744083
1260902,8,False,0.6240486058001845
1260904,42,False,0.8958394709596029
1260905,52,False,0.11513516835607049
1260906,44,False,0.2448258970283298
1260908,36,False,0.21322188695668576
1260909,2,False,0.6131879542919032
1260910,26,False,0.2662295448741085
1260912,5,False,0.49567651293813364
1260913,25,False,0.4217089728453365
1260915,18,False,0.38841148606100384
1260916,17,False,0.3126358524159034
1260917,24,False,0.23678451582648552
1260920,35,False,0.4214648868458529
1260924,38,False,0.20467349193942458
1260925,11,True,0.35974946480663805
1260926,3,False,0.0448763975792389
1260929,3,False,0.6564891056725402
1260931,10,False,0.5905009767284196
1260932,7,False,0.5937524497048606
1260933,35,False,0.23366690135933213
1260934,27,False,0.5343441556970133
1260935,39,False,0.0547523838818825
1260936,19,False,0.07582536682191225
1260937,13,False,0.28361408411647154
1260939,29,False,0.35162388309285386
1260940,13,False,0.0
1260941,2,False,0.5187344505365709
1260942,16,False,0.2552081078891059
1260943,104,False,0.33688790279342934
1260944,0,False,0.0
1260946,111,False,0.44735066261970174
1260949,19,False,0.08647396023905354
12904561,44,False,0.8543962968598419
12904562,44,False,0.8543962968598419
12904563,18,False,0.0
12904564,115,False,0.1691543175093102
12904566,36,False,0.893475311727531
12904567,52,False,0.08417143040808775
12904568,42,False,0.35589797016018054
12904569,11,False,0.11716280684923064
12904571,32,False,0.6906864706792579
12904572,0,False,0.0
12904573,48,False,0.48527044993352464
12904575,52,False,0.034688156972669935
12904577,9,False,0.6247704679288293
12904578,117,False,0.06428342377202469
12904579,145,False,0.14377583830960036
12904581,31,False,0.5706269821907782
12904582,51,False,0.006132879045996593
12904583,20,False,0.0
12904584,41,False,0.2698656429942418
12904585,8,False,0.37578198933039714
12904586,15,False,0.08783887843247219
12904587,306,False,0.10826103357223689
12904588,3,False,0.0
13143362,1,False,0.149992308344569
13143364,62,False,0.21509743539154283
13143365,5,False,0.08672461477676807
13143367,78,False,0.30283708665699355
13143368,149,False,0.1921646802401132
13143369,76,False,0.10589066533789247
13143371,39,False,0.07398521592530151
13143372,15,False,0.28374673709251885
13143373,76,False,0.2441173278493751
13143374,12,False,0.5062891074178631
13143375,30,False,0.09095178231870271
13143376,11,False,0.0
13143377,1,False,0.4877236659517067
13143378,13,False,0.09291075939803718
13143379,13,False,0.0
13143380,31,False,0.05572021339656195
13143383,21,False,0.11814268656347056
13143384,45,True,0.1414940021810251
13143385,117,False,0.07590759075907591
13143386,43,False,0.15343522898996625
13143387,104,False,0.16278047237831794
13143388,99,False,0.022232670607200432
13143389,24,False,0.052254393861167175
13143390,9,False,0.2535554639521408
13143391,0,False,0.0
13143393,18,False,0.22726146856749638
13143394,3,False,0.15155197301398238
13143395,2,False,0.12686662412252714
13143396,3,False,0.03216338510456158
13143398,17,False,0.1532936382204349
13143400,47,False,0.07842032653327555
13143401,46,False,0.0998756734355574
13143402,47,False,0.10961560682394428
13143403,28,False,0.25300293527914586
13143404,22,False,0.10503540519276161
13143405,5,False,0.08230714791224346
13143406,4,False,0.0
13143407,5,False,0.0
13143408,16,False,0.09950946040644709
13143409,3,False,0.08753267877609013
13143411,6,False,0.1773854536259348
13143412,146,False,0.32303200780176894
13143415,0,False,0.0
13143417,10,False,0.27768875118639685
13143418,42,False,0.1565704294889771
13143419,91,False,0.24009217584376366
13143420,120,False,0.17598967297762477
13143421,7,False,0.05340933080008445
13143422,1,False,0.4253782721431811
13143423,7,False,0.019948090470893586
13143424,0,False,0.0
13143426,1,False,0.0
13143427,2,False,0.0
13143428,14,False,0.032025509496741995
13143429,147,False,0.08932398508753128
13143430,4,False,0.0
13205360,28,False,0.1362054482179287
13205361,108,False,0.2232737469330529
13205362,71,False,0.3645574912891986
13205363,143,False,0.19003871516422216
13205364,3,False,0.02463235294117647
13205365,58,False,0.10272366458286211
13205367,30,False,0.14698057830635286
13205368,3,True,0.3508506299765143
13205369,13,False,0.14398800099991668
13205370,28,True,0.10686628807434176
13205371,86,False,0.16020551144325082
13205372,10,True,0.011430730716546218
13205373,46,False,0.22101441139990952
13205374,59,True,0.32514822439784685
13205375,62,False,0.22551893983816113
13205376,59,False,0.033335546849060364
13205377,3,False,0.19109137903007278
13205378,58,False,0.12004405286343613
13205379,12,False,0.11840228245363767
13205380,46,True,0.23043881638952857
13205381,22,False,0.28721017202692595
13205382,110,True,0.25087541659553375
13205383,138,False,0.12403447889846636
13205384,17,False,0.34627605890830354
13205385,4,True,0.07791349780636123
13205386,114,False,0.10012515644555695
13205387,125,False,0.2700078719496195
13205388,72,False,0.4103120814373899
13205389,78,False,0.21119629271927345
13205390,67,False,0.09264931087289434
13205391,79,False,0.13056255247691015
13205392,80,True,0.19824521934758155
13205393,81,True,0.19310487575748192
13205394,130,False,0.17234262125902994
13205395,155,False,0.3224400871459695
13205396,114,True,0.2132786465008972
13205397,184,False,0.0829155418434246
13205398,150,False,0.1121978061111822
13205399,136,False,0.006043138713276311
13205400,112,True,0.16172248803827752
13205401,135,False,0.18376697978367024
13205402,8,False,0.24425854174928732
13205403,3,False,0.7766518110942415
13205404,24,False,0.37728301951093646
13205405,15,False,0.5311160350023549
13205406,113,False,0.15300649490741342
13205407,3,False,0.36627027309374993
13205408,29,False,0.06554756195043965
13205409,24,False,0.0538890643090201
13205410,24,False,0.05359461692834376
13205411,22,False,0.06347766946270687
13205412,19,False,0.1324646427672827
13205413,7,False,0.0
13205414,26,False,0.2429976471898081
13205415,19,False,0.37052484849990064
13205416,5,False,0.5353973354914832
13205417,57,False,0.2559902093143227
13205418,11,False,0.031535960069575736
13205419,97,False,0.3423172242874845
13205420,11,False,0.18622234668160179
13205421,63,False,0.275041377815973
13205422,19,False,0.23678451582648552
13205423,4,False,0.0
13205424,0,False,0.0
13205425,16,False,0.0
13205426,0,False,0.0
13205427,46,False,0.21524964885147374
13205428,2,False,0.0
13205429,9,False,0.259448115531427
13205430,7,False,0.0
13205431,24,False,0.13776437054813825
13205432,11,False,0.0
13205433,25,False,0.16828343057774203
13205434,41,True,0.19543007799626497
13205435,4,False,0.4847854954660799
13205436,3,False,0.389325753620307
13205437,5,False,0.19363418779448616
13205438,4,False,0.21570051635953108
13205439,3,False,0.5313166390757337
13205440,21,False,0.19960711450882662
13205441,4,False,0.24023816827876754
13205442,1,False,0.5034062726916249
13205444,0,False,0.0
13205445,2,False,0.47288134677472976
13205446,30,False,0.10817630340536206
13205447,0,False,0.0
13205448,3,False,0.24915351022965282
13205449,0,False,0.0
13205450,6,False,0.2615481211254626
13205451,13,False,0.23194581682277401
13205452,11,False,0.19590416913695718
13205453,4,False,0.21524858916945003
13205454,19,False,0.2435728105958555
13205455,18,False,0.107004176532737
13205456,2,False,0.0
13205457,49,False,0.11789558773596893
13205458,17,False,0.19755509910504854
13205459,9,False,0.18436748864951483
13205460,7,False,0.0
13205461,19,False,0.16859422452306908
13205462,33,False,0.2883192219974347
13205463,26,False,0.32852480579911086
13205464,1,False,0.031044214487300093
13205465,8,False,0.1988471657412198
13205466,58,False,0.028452463566967384
13205468,0,False,0.0
13205469,28,False,0.22304699495957175
13205470,37,False,0.17706344968752985
13205472,48,False,0.13999207621232196
13205473,2,False,0.0
13205474,5,False,0.13106424623971866
13205475,27,False,0.2069387226182534
13205476,7,False,0.4342086271987102
13205477,0,False,0.0
13205478,3,False,0.39541144529820604
13205479,66,True,0.19345238095238096
13205480,8,False,0.0
13205481,24,False,0.0
13205482,3,False,0.20516009113247305
13205483,15,False,0.1913893356427069
13205484,1,False,0.34969793192469395
13205485,1,False,0.0
13205486,8,False,0.0
13205487,52,False,0.03183791606367583
13205488,0,False,0.0
13205490,29,False,0.13969728871122847
13205492,307,False,0.11259267640334625
13205493,234,False,0.09203951799783396
13205494,36,False,0.1690885496374107
13205495,16,False,0.09908536585365854
13205496,15,False,0.0
13205497,10,False,0.15897093514457075
13205498,21,False,0.12312958435207824
13205499,4,False,0.20648368291545907
13205500,6,False,0.0
13205501,1,True,0.18621454284420041
13205503,10,False,0.03782749484839564
13205504,21,False,0.0
13205505,5,False,0.0
13205506,34,False,0.19640206208825917
13205507,22,False,0.08750178138805757
13205508,48,False,0.2540716428009553
13205509,38,False,0.20156832002164304
13205511,24,False,0.3086924119342581
13205512,16,False,0.06155171271450341
13205513,25,False,0.1038535719660422
13205514,12,False,0.0
13205515,8,False,0.0
13205516,18,False,0.11284745794231983
13205517,18,False,0.10835103490897056
13205518,34,False,0.04661623389899816
13205519,35,False,0.42035980855615485
13205520,133,False,0.13678083725095141
13205521,0,False,0.0
13205522,58,False,0.10650596472713438
13205523,12,False,0.2649785340960755
13205524,4,False,0.0
13205526,18,False,0.23039389522377732
13205527,4,False,0.0
13205528,19,False,0.19877218040824982
13205530,65,False,0.2529474812433012
13205531,3,False,0.0
13205532,59,False,0.08634164495720134
13205533,22,False,0.0
13205534,8,False,0.21831574151416205
13205535,6,False,0.33389795529821775
13205536,5,False,0.0
13205537,27,False,0.1688018124335271
13205538,29,False,0.0
13205540,7,False,0.11756314281081964
13205541,31,False,0.05021171721804377
13205542,106,False,0.15153452685421995
13205543,53,False,0.1476233186966028
13284974,44,False,0.0696095076400679
13284975,72,False,0.31207564692858913
13284976,59,False,0.11357074109720885
13284977,53,False,0.1921604177442836
13284978,42,False,0.04736300194485757
13284981,120,False,0.09234626018833696
13284982,1,False,0.12914373480097274
13284983,30,False,0.019260129183793304
13284984,40,False,0.12533170047091927
13284985,45,False,0.06755753526354863
13284986,12,False,0.29136209157918047
13284988,34,False,0.23758000537076815
13284990,6,False,0.05244507441530829
13284991,13,False,0.256707246233821
13284992,2,False,0.3325682497067592
13284993,14,False,0.1172504763300601
13284994,8,False,0.28094957818324506
13284995,15,False,0.36744451092038505
13284996,2,False,0.6125702611773618
13284997,17,False,0.027436527436527438
13284998,23,False,0.36018807063583186
13285000,0,False,0.0
13285001,2,False,0.4549738945483068
13285002,3,False,0.14054542467553804
13285003,0,False,0.0
13285004,40,False,0.08619821155837823
13285005,3,False,0.0
13285007,302,False,0.13681775160374382
13285008,2,False,0.07973975668392276
13285010,16,False,0.7975809924224616
13285011,0,False,0.0
13368105,78,False,0.06779186870570683
13368106,126,False,0.046353101567825496
13368107,68,False,0.1304054054054054
13368108,13,False,0.026743364618024016
13368109,21,False,0.09986387151739654
13368110,0,False,0.0
13368111,17,False,0.4357735068613849
13368112,58,False,0.20158649397371553
13368113,47,False,0.1807587589107181
13368114,0,False,0.0
13368115,52,False,0.07897504460716966
13368116,0,False,0.0
13368117,8,False,0.2937072245813715
13368118,7,False,0.0
13368119,47,False,0.4330069956426556
13368120,1,False,0.7093775120945935
13368121,9,False,0.21335313953208523
13368122,69,False,0.08040645018776231
13368123,37,False,0.13162475604530854
13368124,4,False,0.10248041775456919
13368125,2,False,0.2831778936214937
13368126,7,False,0.0
13368128,5,False,0.2408337907764823
13368129,4,False,0.2850737314263022
13368130,15,False,0.09243147160632426
13368131,26,False,0.041079052917583125
13368132,65,False,0.15265318468585257
13368133,5,False,0.40863351144473703
13368134,74,False,0.16530505823048844
13368135,89,False,0.21014553534640062
13368136,5,False,0.29528459616652525
13368137,21,False,0.03875037548813458
13368138,7,False,0.29639629497350267
13368139,267,False,0.10031252656556021
13368140,13,False,0.0
13368141,24,False,0.479588362617384
13368143,30,False,0.04777196146571064
13368144,49,False,0.12971641924019175
13368145,303,False,0.22039450745767641
13368146,2,False,0.16496203316286998
13368147,31,False,0.07090464547677262
13368148,7,False,0.0
13368149,61,False,0.058482708672822736
13368151,0,False,0.0
13368152,6,False,0.16588298395209847
13368153,64,True,0.10996985597856426
13368154,81,False,0.0715203426124197
13368155,18,False,0.12486356046250154
13368156,74,False,0.16594793164031305
13368157,172,True,0.2322403230323254
13368158,21,False,0.12408563782337198
13368159,17,False,0.07369591431359684
13368160,8,False,0.20039239844565918
13368161,10,False,0.0
13368162,11,False,0.13274336283185842
13368163,16,False,0.20606388065291398
13368164,7,False,0.4594279925229043
13368165,3,False,0.34778493391365245
13368166,7,False,0.0
13368167,1,False,0.0
13368168,290,True,0.10031252656556021
13368169,33,False,0.13288229014883696
13368170,2,False,0.17786057249473844
13368171,36,False,0.08352151649120575
13368172,0,False,0.0
13368173,0,False,0.0
13368174,113,False,0.2332882309622713
13368175,7,False,0.08401618743729404
13368176,6,False,0.637752350888418
13368177,18,False,0.14365533457431176
13368178,3,False,0.0
13368179,3,False,0.3578000055103681
13368180,13,False,0.08393537602454106
13368181,0,False,0.0
13368182,29,False,0.2596830578660046
13368183,15,False,0.0
13368184,4,False,0.31006091857367113
13368185,35,False,0.19995622399610202
13368186,118,True,0.288925680647535
13368187,2,False,0.0
13368188,0,False,0.0
13368189,10,False,0.24810248630425621
13368190,16,False,0.24358816851076914
13368191,22,False,0.17081780741321828
13368192,49,False,0.23170647282796816
13368193,30,False,0.10551096479661552
13368194,15,False,0.0989339944835584
13368195,9,False,0.18626592743896508
13368196,76,False,0.1134350320703598
13368197,26,False,0.1597640452190308
13368198,66,False,0.002117314930991217
13368199,29,False,0.15827430348901517
13368200,8,False,0.5901194870197713
13368201,307,False,0.04716507777220271
13368202,8,False,0.23434965195375715
13368203,13,False,0.18218780251694094
13368204,3,False,0.0
13368205,17,False,0.0
13368206,1,False,0.22217151742554847
13368207,21,False,0.2773582596051326
13368208,41,False,0.2675590227595698
13368209,0,False,0.0
13368210,99,False,0.04090497737556561
13368211,4,False,0.1498779187595981
13368212,1,False,0.47439220195176446
13368213,27,False,0.1481615992928921
13368214,1,False,0.5570562967353245
13368215,0,False,0.0
13368216,48,False,0.40783268199093337
13368217,1,False,0.0
13368218,44,False,0.2116233285767137
13368219,0,False,0.0
13368220,0,False,0.0
13368221,1,False,0.37144721207967724
13368222,26,False,0.07992119239335274
13368223,24,False,0.16920274270218608
13368224,95,False,0.099915400320737
13368225,116,False,0.3687864469891778
13368226,17,False,0.19810485272263595
13368227,68,False,0.10743801652892562
13368228,154,False,0.1882202304737516
13368229,113,False,0.30678550891316847
13368230,17,False,0.17965313877020056
13368231,3,True,0.22364528281961876
13368232,21,False,0.15136916948563617
13368233,14,False,0.3467200856530351
13368234,2,False,0.0
13368235,4,False,0.0
13368236,78,True,0.05644870593324201
13368238,53,False,0.08180611543683783
13368239,25,False,0.23803508516946975
13368240,46,False,0.21752516540384742
13368241,6,False,0.0
13368242,22,False,0.07059524823298986
13368243,15,False,0.14453754670916183
13368244,2,False,0.0
13368245,84,False,0.043433722597828316
13368246,11,False,0.33212887470304175
13368247,0,False,0.0
13368248,1,False,0.0
13368249,13,False,0.032735321528424975
13368250,9,False,0.22758357372788826
13368251,1,False,0.32411883336507347
13368252,2,False,0.24464630188653397
13368253,45,False,0.08010747338043586
13368254,30,False,0.2476721357605928
13368255,9,False,0.08949137206271032
13368256,0,False,0.0
13368257,45,False,0.09643554959713027
13368258,2,False,0.31056160938809724
13368259,2,False,0.0
13368260,1,False,0.0
13368261,9,False,0.0
13368262,25,True,0.4253565174598973
13368263,0,False,0.0
13368265,19,False,0.32517440005745835
13368266,13,False,0.12532066867020397
13368267,19,False,0.25753231343979727
13368268,13,False,0.0
13368269,14,False,0.2693205097329648
13368270,64,False,0.14573643410852713
13368271,1,False,0.2561287197241123
13368272,0,False,0.0
13368273,4,False,0.0
13368274,55,False,0.12164691203992514
13368275,1,False,0.0
13368276,5,False,0.27809704308034777
13368277,24,False,0.0
13368278,8,False,0.3109990801523847
13368279,52,False,0.17225533490547904
13368280,89,False,0.38844620648819905
13368281,0,False,0.0
13368282,123,False,0.24874822591117776
13368283,20,False,0.0
13368284,10,False,0.0
13368285,0,False,0.0
13368286,3,False,0.2951224375963147
13368287,58,False,0.14780951871243678
13368288,6,False,0.0
13368289,8,False,0.0
13368290,0,False,0.0
13368291,4,False,0.0
13368292,16,False,0.06928610957387936
13368293,11,False,0.1351897030369311
13368294,16,False,0.22438108543304533
13368295,13,False,0.2249304723173881
13368296,0,False,0.0
13368297,7,False,0.3915576954029623
13368298,9,False,0.12252663622526636
13368299,20,False,0.0
13368300,4,False,0.0682330222079176
13368301,1,False,0.21376206793944355
13368302,0,False,0.0
13368303,37,False,0.04254366323331841
13368304,0,False,0.0
13368305,48,False,0.19700481084190144
13368307,47,False,0.16042863902079582
13368308,21,False,0.0
13368309,10,False,0.09113894954602919
13368310,0,False,0.0
13368311,5,False,0.007566124109867752
13368312,37,False,0.32286785172721527
13368313,3,False,0.0
13368314,3,False,0.004358830146231721
13368315,63,False,0.010037059913526868
13368316,17,False,0.0
13368317,0,False,0.0
13368318,0,False,0.0
13368319,4,False,0.0
13368320,34,False,0.3909247928855772
13368321,27,False,0.10387713288054513
13368322,1,False,0.0
13368323,4,False,0.5545444325269601
13368324,7,False,0.23177555831911734
13368326,32,False,0.08845659754083318
13368327,22,False,0.2302022958674977
13368328,11,False,0.3525769226589248
13368329,0,False,0.0
13368330,14,True,0.1476608187134503
13368331,7,False,0.028113244901999603
13368332,25,False,0.010014915832090347
13368334,10,False,0.2452848506351087
13368335,179,False,0.05694760820045558
13368336,5,True,0.3637461024554687
13368337,2,False,0.0
13368338,295,False,0.02700663850331925
13368339,5,False,0.5515126719970449
13368340,29,False,0.13747565903272468
13368341,1,False,0.0
13368343,298,False,0.04239839438033116
13368344,16,False,0.10043174342105263
13368345,4,False,0.21258659205861274
13368347,32,False,0.14317873957954158
13368348,8,False,0.16476894469493916
13368349,21,False,0.2947614151369082
13368350,112,True,0.11062448430528346
13368351,13,False,0.02020418362247448
13368352,31,False,0.0221825063078217
13368353,12,False,0.0
13368354,5,False,0.22894156533586224
13368355,24,False,0.14276280124607899
13368356,4,False,0.15020414878293012
13368357,0,False,0.0
13368358,13,False,0.3959596385458199
13368359,3,False,0.6502884647166663
13368360,21,False,0.014335622214191062
13368361,1,True,0.14244461749400106
13368362,16,False,0.3238688837104554
13368363,55,False,0.12765581330872383
13368364,32,False,0.1294578117147344
13368366,3,False,0.0
13368368,40,False,0.11509581979154992
13368369,58,False,0.022123088128186454
13368370,39,False,0.08277664827185593
13368371,62,False,0.15227639208261254
13368372,305,False,0.06827715897584262
13368373,39,False,0.0
13368374,1,False,0.43421185735073264
13368375,10,False,0.0
13368377,23,False,0.06547609877191318
13368378,10,False,0.040434865534999045
13368379,4,False,0.0
13368380,23,False,0.17900162974827444
13368381,20,False,0.20105460596877628
13368382,12,False,0.12920196775075157
13368383,17,False,0.1740570482352678
13368384,34,False,0.0878919308110332
13368385,9,False,0.1134445661276815
13368386,12,False,0.15660377261643296
13368387,1,False,0.0
13368389,32,False,0.04947661105659143
13368390,32,False,0.24551715449472988
13368391,29,False,0.09354932866316404
13368392,9,False,0.30701708880145884
13368393,40,False,0.17152640863339214
13368394,0,False,0.0
13368395,22,False,0.21055958621863718
13368396,1,False,0.0
13368397,2,False,0.04107473749227918
13368398,12,False,0.13102993121470569
13368399,0,False,0.0
13368400,1,False,0.4387410589094664
13368401,12,False,0.0
13368402,140,False,0.06407239819004525
13368403,0,False,0.0
13368404,4,True,0.42959407747878553
13368405,16,True,0.025042342124364868
13368406,50,False,0.3365206355413616
13368407,54,False,0.15668190620169015
13490780,144,False,0.25763935803100296
13490782,10,False,0.0
13490785,94,False,0.021152667075413856
13490786,12,False,0.22137547784453954
13490787,10,False,0.07039074622654817
13490788,1,False,0.27028318795555023
13490789,1,False,0.5108696554435491
13490792,7,False,0.2865926420982568
13490794,4,False,0.18804007002123643
13490796,12,False,0.0
13490799,18,False,0.08010426137514759
13490801,13,False,0.18685895430384783
13490803,46,False,0.12990867579908677
13490805,2,False,0.3904483098109862
13490806,42,False,0.04534804256565459
13490807,4,False,0.0
13490809,7,False,0.1757472757774426
13490810,29,False,0.4560102867454156
13490813,4,False,0.26918111298313324
13490814,20,False,0.38523191630282366
13490815,19,False,0.2932195230747674
13490816,8,False,0.33330027533830076
13490818,65,False,0.1698633644997669
13490819,5,False,0.1751819750461256
13490820,13,False,0.3823257872947104
13490821,68,False,0.14328899637243048
13490823,52,False,0.05550823395797842
13490826,65,False,0.258455447030064
13490830,78,False,0.08738631870304468
13490831,104,False,0.18298424640941788
13490832,8,False,0.13297411719426538
13490833,16,False,0.2490768812973388
13490834,26,False,0.2716512382615821
13490836,17,False,0.2039174985964758
13490837,0,False,0.0
13490838,2,False,0.0
13490839,2,False,0.0
13490841,10,False,0.18097033435856733
13490843,5,False,0.06874831278682624
13490845,1,False,0.0
13490847,1,False,0.3578485477687809
13490849,126,False,0.07808564231738035
13490852,1,False,0.06801974766867801
13490854,68,False,0.175795334172448
13490855,35,False,0.2882578104118563
13490856,0,False,0.0
13490857,14,False,0.25581573844656824
13490858,47,False,0.15492494795661224
13490859,113,False,0.286420201546954
13490860,26,False,0.03090717299578059
13490861,11,False,0.059993713693196865
13490862,4,False,0.0
13490864,22,False,0.08130931847880188
13490866,34,False,0.09517987962803089
13490867,11,False,0.03753145858409016
13490868,34,False,0.22234699986117593
13490870,6,False,0.07687051588657327
13490871,171,False,0.324377364956
13490873,224,False,0.0866519174041298
13490874,0,False,0.0
13490875,64,False,0.20276598559403866
13490877,4,False,0.0
13490881,18,False,0.22521720395993267
13490882,3,False,0.0
13490885,2,False,0.0
13490887,0,False,0.0
13490888,66,False,0.03183647628092073
13490890,15,False,0.08617497181529395
13490893,73,False,0.16802775612852552
13490895,14,False,0.37029071805201813
13490897,37,False,0.21593980287530826
13490899,86,False,0.2413793103448276
13490901,53,False,0.2857388090259664
13490902,3,False,0.0
13490903,57,False,0.14814125240489046
13490907,52,False,0.1437368687966384
13490908,8,False,0.2833172068635429
13490909,1,False,0.6985743980692684
13490914,2,False,0.2916684288261307
13490916,24,False,0.18832408522227875
13490917,70,False,0.19231641191481708
13490918,42,False,0.4628260787727546
13490922,10,False,0.14575228617786032
13490924,44,False,0.21172829571878266
13490927,19,False,0.27363689831461324
13490928,9,False,0.3603836177328074
13490929,17,False,0.11052082345128546
13490930,0,False,0.0
13490931,0,False,0.0
13490932,27,False,0.2541475467702083
13490937,12,False,0.26330594911600896
13490939,1,False,0.40728552310557414
13490940,18,False,0.3769047603570668
13490943,85,False,0.4081934164043073
13490944,0,False,0.0
13490946,14,False,0.19102964951381307
13490947,3,False,0.1714742522150423
13490950,0,False,0.0
13490952,62,False,0.0
13490953,48,False,0.22104721948265474
13490954,0,False,0.0
13490958,9,False,0.0
13490959,2,False,0.1635777598710717
13490960,11,False,0.2159278300514114
13490966,3,False,0.16492045831096971
13490967,82,False,0.18773112899717206
13490968,29,False,0.3480813081493702
13490969,26,False,0.07667064439140811
13490971,68,False,0.05763192545325635
13490972,31,False,0.12883186705767352
13490973,53,False,0.0746039856923863
13490975,0,False,0.0
13490976,5,False,0.40609986917522584
13490977,8,False,0.18617388502784554
13490978,50,False,0.12706888657300766
13490979,118,False,0.09541237259801309
13490980,3,False,0.15597667638483964
13490981,67,False,0.21797534572952815
13490982,16,False,0.19029356709126605
13641617,11,False,0.09723561854422222
13641618,0,False,0.0
13641619,55,False,0.4144144144144144
13641623,67,False,0.1140283843947048
13641626,19,False,0.452019765639231
13641636,0,False,0.0
13641641,27,False,0.022099447513812154
13641645,44,False,0.22603703516075627
13641651,7,False,0.13988109303666457
13641652,144,False,0.3571340206477393
13641658,2,False,0.176161246697833
13641666,35,False,0.11760370643467505
13641672,24,False,0.19153967419863374
13641674,138,False,0.32094905278646313
13641682,2,False,0.3862351798207047
13641693,38,False,0.13330337607831214
13641697,18,False,0.06400517213512204
13641701,69,False,0.04243162233046084
13641703,0,False,0.0
13641710,98,False,0.08264462809917356
13641711,0,False,0.0
13641714,67,False,0.14708009697926722
13641715,4,False,0.0
13641716,74,False,0.03494436717663421
13641720,13,False,0.17893914471759467
13641721,18,False,0.24236355550164757
13641722,165,False,0.306313130171475
13641727,2,False,0.32628309132533295
13641728,30,False,0.1857687003347997
13641729,91,False,0.3747661788746395
13641730,119,False,0.2700078719496195
13641734,88,False,0.19310036081294285
13641739,5,False,0.792049478643519
13641748,47,False,0.08381148862097866
2544069,67,False,0.17357859531772576
2544070,40,False,0.4539233923980461
2544072,6,False,0.3917936460935107
2544074,3,False,0.0
2544076,29,False,0.5755754715528739
2544077,16,False,0.24226835213377856
2544079,8,False,0.0
2544080,27,False,0.6501280000109255
2544082,30,False,0.42413447965381484
2544084,66,False,0.12790697674418605
2544085,43,False,0.21154261165181837
2544088,74,False,0.03212491026561378
2544089,68,False,0.5046365183672775
2544091,174,False,0.14014044490888175
2544092,1,False,0.47343135831820216
2544093,0,False,0.0
2544096,35,False,0.1994018864710241
2544100,2,False,0.0
2544101,17,False,0.2891423859263332
2544102,38,False,0.06063050052343218
2544103,25,False,0.10117552496734654
2544107,3,False,0.6243534712042567
2544115,33,False,0.3969936889773594
2544118,57,False,0.26122322541888676
2544119,48,False,0.23694631499068208
2544121,33,False,0.5804508710303301
2544126,23,False,0.3470083154947338
2544127,7,False,0.5680820544210824
2544128,74,False,0.4457107069904474
2544131,101,False,0.2959625090122567
2544132,111,False,0.21113470158056144
2544133,7,False,0.23719977843932732
2544134,38,False,0.41603585185258035
2544135,18,False,0.1995492763355069
2544138,149,False,0.20260747004933052
2544139,10,False,0.34203523616603004
2544140,7,False,0.5667786403664072
2544141,100,False,0.17595280465928828
2544143,59,False,0.02858317910754678
2544144,27,False,0.16695372403400902
2544147,55,False,0.5963753657966863
2544148,61,False,0.17351526409282683
2544149,96,False,0.13896279580559087
2544150,37,False,0.4378061721621373
2544151,37,False,0.2715592555916118
2544153,31,False,0.3587146309504346
2544155,11,False,0.39557123610423045
2544156,2,False,0.5942124742429932
2544157,76,False,0.18693271532861727
2544158,5,False,0.39566109298438595
2544159,26,False,0.12526510897751383
2544161,31,False,0.0
2544163,13,False,0.0
2544164,181,False,0.23025688529354493
2544165,150,False,0.10760156993363156
2544166,5,False,0.49137220931373893
2544168,32,False,0.5028630921395106
2544169,38,False,0.5373423474504616
2544170,66,False,0.5429937505737
2544171,13,False,0.19210760995092388
2544172,25,False,0.4112496731243732
2544173,27,False,0.1429470007019186
2544174,46,False,0.34707238282002345
2544177,171,False,0.34051421171169416
2544178,57,False,0.3303421184738649
2544180,6,False,0.36307112075507175
2544186,15,False,0.4008258573831543
2544187,17,False,0.5207809088830381
2544190,16,False,0.04225965727563172
2544191,38,False,0.1957891949310627
2544193,0,False,0.0
2544194,11,False,0.5062891074178631
2544195,81,False,0.26864053542682975
2544196,26,False,0.23098017130289633
2544197,48,True,0.2527317655527173
2544198,61,False,0.39553323660844114
2544199,110,False,0.1778328580270449
2544200,7,False,0.4864813052211752
2544202,115,False,0.042576823398741206
2544203,111,False,0.30678550891316847
2544205,34,False,0.5972633736692339
2544206,209,False,0.10402509147935181
2544207,33,False,0.41201491123318873
2544208,76,False,0.27336634249447755
2544209,2,False,0.0
2544211,1,False,0.0
2544212,49,False,0.18317401430639008
2544214,65,False,0.6096436871083625
2544215,47,False,0.26995803696246407
2544216,21,False,0.31691447596788214
2544218,47,False,0.14444996502115723
2544219,72,False,0.32466652467995427
2544220,19,False,0.2858467585022698
2544221,18,False,0.10101455668284076
2544222,38,False,0.10242408315380035
2544231,169,False,0.4446343779677113
2544237,40,False,0.03853989813242784
2544238,146,False,0.22179506925592063
2544241,59,False,0.18667115033851014
2544243,7,False,0.5988121503259433
2544247,48,False,0.411765865574822
2544250,127,False,0.07820974967214267
2544251,20,False,0.4929950494231742
2544252,167,False,0.547991894210573
2544253,7,False,0.41651361094421596
2544255,35,False,0.42139211995752784
2544263,3,False,0.3421508309833794
2544264,31,False,0.303279546415019
2544265,249,True,0.0
2544268,57,False,0.3321301876880053
2544271,52,False,0.6148245622347266
2544272,28,True,0.49270396906601105
2544273,24,False,0.26757457816152275
2544274,35,False,0.49347564272602423
2544275,30,False,0.615611351561856
2544276,83,False,0.24793577725486035
2544278,35,False,0.4018667323064271
2544284,26,False,0.0894165323656254
2544287,19,False,0.2095523885050289
2544290,38,False,0.5272303471840193
2544291,59,False,0.41207734264945234
2544292,1,False,0.5570562967353245
2544293,8,False,0.2985837313681443
2544295,27,False,0.46446972994809793
2544298,37,False,0.3564714502372275
2544300,34,False,0.2489590530811556
2544301,14,False,0.4618996305687998
2544305,38,False,0.355840778548036
2544306,11,False,0.2560112463892233
2544309,37,False,0.030724213606437453
2544310,16,False,0.3873802913282272
2544321,2,False,0.09981024667931689
2544323,2,False,0.4493470733175397
2544326,3,False,0.6004346275292077
2544327,30,False,0.5451507859733843
2544328,7,False,0.703941609235369
2544329,17,False,0.4383955897066527
2544332,115,True,0.21178066572568927
2544333,3,False,0.0
2544339,13,False,0.22271842617131002
2544340,309,False,0.05273409663166896
2544341,3,False,0.6843413855865552
2544343,41,False,0.7500210751576675
2544345,105,False,0.3062977159422189
2544352,30,False,0.08664627930682978
2544353,238,False,0.37700868799028886
2544354,34,False,0.1459589748361681
2544356,104,False,0.11221745766407443
2544362,10,False,0.5258081086551867
2544363,31,False,0.42013097760772594
2544366,20,False,0.038923395445134575
2544367,43,False,0.1231102031224278
2544368,65,False,0.30868871987064533
2544370,33,False,0.5003621452565918
2544373,12,False,0.3609233966984861
2544380,3,False,0.0
2544381,22,False,0.5333608255141632
2544382,184,True,0.23646578140960164
2544383,40,False,0.11136955108627546
2544384,57,False,0.12809740204064135
2544386,3,False,0.5941729575052548
2544389,86,False,0.17464916844443773
2544392,3,False,0.0
2544395,39,False,0.30418340714695846
2544396,156,False,0.05518763796909492
2544398,25,False,0.031211818282794623
2544400,40,False,0.5108294504703397
2544402,5,False,0.38343618585903844
2544403,163,False,0.08823926367368141
2544404,24,False,0.32545129129501116
2544406,91,False,0.2558463865924822
2544408,3,False,0.4962957368952879
2544410,133,False,0.17797004970574956
2544413,13,False,0.4426433665846425
2544414,4,True,0.0
2544415,4,False,0.7764352369583158
2544416,47,False,0.22058047974076145
2544419,169,False,0.34263550908375384
2544421,81,False,0.2488301396363256
2544422,26,False,0.07605070046697798
2544423,5,False,0.5504970629106993
2544424,303,False,0.3321554770318021
2544425,7,False,0.10134062562529181
2544426,69,False,0.22757160040936966
2544427,52,False,0.19404102446705232
2544429,18,False,0.6583932380881642
2544430,14,False,0.3502463638876898
2544431,43,False,0.3298045403772276
2544432,0,False,0.0
2544434,132,False,0.38708047782560057
2544436,16,False,0.5691947936247544
2544437,5,False,0.0
2544439,29,False,0.19232245703452905
2544440,7,False,0.33099442320552125
2544441,34,False,0.49103750576982
2544442,43,False,0.0
2544445,149,False,0.15932830581264515
2544446,42,False,0.17054450841884317
2544449,1,False,0.40960084040767264
2544451,16,False,0.4002731522270545
2544452,52,False,0.286614917550155
2544453,6,False,0.3722796574770259
2544460,116,False,0.2619133314727069
2544461,32,False,0.40801941910021416
2544464,79,False,0.154309234691114
2544465,17,False,0.0
2544468,61,False,0.6337311527319098
2544469,1,False,0.6978256900529469
2544470,3,False,0.5239379652116115
2544472,0,False,0.0
2544474,32,False,0.19791752070181193
2544475,60,False,0.00985837267425715
2544476,14,False,0.5173443337357275
2544478,1,False,0.0
2544480,4,False,0.5875966602739575
2544482,1,False,0.5776684936010736
2544485,1,False,0.6358909575401552
2544487,130,False,0.03838009528851244
2544489,13,False,0.43515069787636157
2544490,33,False,0.5003621452565918
2544491,1,False,0.6716962218601658
2544496,23,False,0.2937692788240892
2544497,40,False,0.39175125313272563
2544501,23,False,0.11421348105736699
2544503,40,False,0.29821860888961427
2544504,60,False,0.13988762035395835
2544505,19,False,0.2656846363288303
2544506,54,False,0.1290859020548219
2544507,22,False,0.41879083488703617
2544508,28,False,0.32966402262823774
2544509,106,False,0.2390497331558781
2544510,65,False,0.1889385091034009
2544513,33,False,0.5481859580129689
2544514,161,False,0.6574911291177448
2544518,9,True,0.5450191238828272
2544519,1,False,0.5870776061471508
2544521,115,False,0.19064893188230553
2544522,3,False,0.5595389109602746
2544523,27,False,0.5235125027956763
2544525,5,False,0.054749590008830576
2544526,58,False,0.596293623296768
2544527,10,False,0.4681579998814997
2544529,7,False,0.0
2544530,24,False,0.5275645226726586
2544531,90,False,0.10101765938341814
2544532,57,False,0.05751340595169342
2544534,33,False,0.14927517802913678
2544535,50,False,0.13214311304976648
2544536,32,False,0.6143080152923909
2544541,49,False,0.23066888130083618
2544543,10,False,0.508695412608134
2544549,58,False,0.18169381164498383
2544554,19,False,0.531007480892431
2544561,13,False,0.0677166364649341
2544563,36,False,0.9303709185828843
2544564,0,False,0.0
2544565,29,False,0.3084645538090364
2544566,86,False,0.432628203750228
2544568,30,False,0.34325448662724756
2544570,96,False,0.28401114951290507
2544577,37,False,0.2951147737127843
2544579,2,False,0.6509711807177992
2544583,17,False,0.5038250990547823
2544585,31,False,0.4028379732300661
2544588,17,False,0.4604994762204065
2544589,2,False,0.6334838107533645
2544590,67,False,0.3245716082605939
2544591,23,False,0.3055152945672859
2544592,0,False,0.0
2544593,71,False,0.05480210351508442
2544595,24,False,0.37022068329157726
2544596,31,False,0.0
2544597,48,False,0.12007787172322325
2544598,5,False,0.17480828144547156
2544600,3,False,0.4998689733953062
2544603,159,False,0.3234959985653183
2544604,18,False,0.0
2544605,19,False,0.3496029866495233
2544606,34,False,0.23133978467953123
2544607,16,False,0.42311515252175713
2544608,16,False,0.18650942687598587
2544610,10,False,0.4078286735774326
2544611,29,False,0.25512538722477857
2544612,23,False,0.36132538404017567
2544613,17,False,0.4242438761922138
2544614,1,False,0.5981294203796219
2544617,24,True,0.34654629359354666
2544618,61,False,0.5574128321472086
2544620,96,False,0.24232828911000553
2544621,7,False,0.0
2544622,45,False,0.4200599440116845
2544623,38,False,0.06652142338416847
2544624,36,False,0.49792617697844327
2544628,110,False,0.3708186856636822
2544631,156,False,0.1474638086110498
2544632,70,False,0.3266380062052603
2544634,13,False,0.4479027496754215
2544635,81,False,0.11488134081824174
2544636,47,False,0.2073221098319481
2544637,90,False,0.1952332835510146
2544640,300,False,0.19660566642678612
2544645,162,False,0.17792355728110126
2544647,149,False,0.19854847040574372
2544649,18,False,0.0
2544650,56,False,0.3840259999858472
2544654,127,False,0.13609228508076715
2544656,29,False,0.43262686014840196
2544660,43,False,0.1256572029442692
2544662,119,False,0.7623738213433907
2544664,248,False,0.17662337662337663
2544669,63,False,0.392966119819389
2544673,4,False,0.33194540500678793
2544674,35,False,0.6819510421696731
2544675,72,False,0.2172340075645453
2544678,176,False,0.044042700524053804
2544681,25,False,0.18911876809291348
2544682,28,False,0.22856119705030004
2544684,30,False,0.13465479471415448
2544685,11,False,0.573445264715382
2544687,10,False,0.0
2544689,138,False,0.08768533866587797
2544690,12,False,0.3356787241733415
2544693,39,False,0.3560373833523492
2544695,7,False,0.6635139622072824
2544696,16,False,0.13139138518748064
2544698,56,False,0.12222327260864085
2544706,54,False,0.0
2544708,214,False,0.012607626076260762
2544712,22,False,0.3313737364928481
2544714,83,False,0.3811040039476376
2544717,8,False,0.5865013045440706
2544718,33,False,0.4126192843744069
2544721,37,False,0.2522359434771258
2544725,131,False,0.13573212730900108
2544730,37,False,0.41669990829365
2544731,72,False,0.3819355410984559
2544738,41,False,0.2736797111372553
2544740,65,False,0.08021230973706861
2544742,22,False,0.33446027729655126
2544744,138,False,0.1489017648340903
2544748,174,False,0.10543369890329013
2544750,37,False,0.24744040400687148
2544752,141,False,0.19601656478012225
2544753,14,False,0.0
2544755,45,False,0.31097555510857217
2544757,85,False,0.1715412101256569
2544758,43,False,0.09374106887682195
2544760,21,False,0.24261585941698205
2544767,11,False,0.601489191341864
2544768,28,False,0.2604602510460251
2544777,95,False,0.27045922818788387
2544780,33,False,0.4609322607230669
2544781,110,False,0.07584672360644039
2544784,40,False,0.4107848955375594
2544785,151,False,0.26911136559406873
2544786,2,False,0.6298038821216377
2544787,2,False,0.787852290739098
2544796,13,False,0.6270485144619582
2544798,5,False,0.0
2544801,40,False,0.4937515541782694
2544802,13,False,0.5475621279213714
2544803,44,False,0.20693799819420694
2544804,39,False,0.2406694882647172
2544805,60,False,0.12662567982974698
2544806,2,False,0.3325682497067592
2544808,109,False,0.22532867132867132
2544810,52,False,0.26367824355255876
2544811,39,False,0.7456462166617008
2544814,12,False,0.4350692290570171
2544816,17,False,0.13014639263745173
2544819,65,False,0.7335173880903114
2544820,69,False,0.2910887502713087
2544824,15,False,0.2719434777438731
2544830,3,False,0.4275454563380736
2544831,10,False,0.2559432091677809
2544833,28,False,0.4472591027598573
2544834,9,False,0.5197840764454452
2544835,153,False,0.034674657534246575
2544836,79,False,0.20228729536963455
2544837,3,False,0.5316512612259033
2544841,13,False,0.1701270722843873
2544842,9,False,0.35907723115406787
2544843,22,False,0.20422473427588517
2544844,12,False,0.626338490234902
2544845,19,False,0.0
2544847,239,False,0.15575396825396826
2544848,17,False,0.1369047619047619
2544850,5,False,0.38599683340970337
2544855,36,False,0.2780351063475785
2544856,30,False,0.35098643046876715
2544857,18,False,0.4129063698199783
2544861,1,False,0.5180635190049476
2544865,77,False,0.3970867431772631
2544866,9,False,0.5335413420343559
2544867,11,False,0.5293501739936038
2544868,60,False,0.2799678592314391
2544870,7,False,0.44494973756403583
2544873,20,False,0.0
2544874,7,False,0.4729769039860884
2544876,16,False,0.5544831314584003
2544883,39,False,0.2654963312624816
2544885,10,False,0.349603033534779
2544886,28,False,0.01339770669885335
2544887,43,False,0.1964292464627049
2544888,65,False,0.009897927621404269
2544889,18,False,0.16327827191867852
2544891,0,False,0.0
2544892,3,False,0.48238525740104365
2544893,3,False,0.5313166390757337
2544895,38,False,0.16133661336613367
2544898,93,False,0.045454545454545456
2544899,1,False,0.5944364365583661
2544905,38,False,0.4034591459138953
2544906,79,False,0.37773576588216656
2544907,48,False,0.2583008402247697
2544911,16,False,0.0
2544913,21,False,0.49160337032507
2544914,51,False,0.25945899883958656
2544919,19,False,0.36977743699829063
2544920,29,False,0.14167565569458707
2544922,87,False,0.3357865141161564
2544925,33,False,0.5921633945367858
2544928,43,False,0.32507857891227737
2544933,133,False,0.08566348321251521
2544934,49,False,0.13466977502661542
2544947,17,False,0.4723247682753239
2544948,54,False,0.2703349963275704
2544953,60,False,0.13419547016751493
2544954,108,False,0.13566206336311942
2544957,6,False,0.7244683156973777
2544962,3,False,0.0
2544964,40,False,0.4464171389554521
2544965,9,False,0.20032680477705297
2544967,36,False,0.34335743963496645
2544972,3,False,0.5857560403935809
2544973,35,False,0.22478236344960179
2544976,113,False,0.15127479674356303
2544982,2,False,0.38289777290093646
2544983,8,False,0.6172646485329307
2544985,25,False,0.7479020892407402
2544988,11,False,0.3969936889773594
2544993,10,False,0.5318512147099813
2544994,41,False,0.4191807700197313
2544995,17,False,0.09649802921560327
2544998,2,False,0.8881302759861998
2544999,60,False,0.30129198966408266
2545001,62,False,0.3114944819291557
2545002,33,False,0.230111489339159
2545003,56,False,0.4323566177809046
2545004,135,False,0.31351869606903165
2545005,16,False,0.33745906276350307
2545006,15,False,0.3894641301155878
2545009,32,False,0.18939457315408906
2545010,0,False,0.0
2545011,44,False,0.4569793674487641
2545012,7,False,0.5406560679959044
2545013,28,False,0.49582745123128263
2545014,17,False,0.34433663647763146
2545015,64,False,0.3151554641925181
2545016,21,False,0.5118219109665916
2545017,20,False,0.35614751228613667
2545019,59,False,0.8770053994404217
2545022,96,False,0.17407185459587857
2545023,70,False,0.26483093384385437
2545024,2,False,0.0
2545026,40,False,0.15005229110365345
2545027,30,False,0.3669717993546672
2545028,21,False,0.0
2545030,89,False,0.21014553534640062
2545031,15,False,0.016709245322101773
2545032,36,False,0.13951783637398232
2545034,97,False,0.09160696008188332
2545036,45,False,0.5759424561268378
2545037,13,False,0.9310253634797152
2545038,42,True,0.31467596479167204
2545042,4,False,0.47444882161863294
2545043,1,False,0.6468097659100278
2545046,1,False,0.6994088107714007
2545048,13,True,0.3651923757743126
2545049,8,True,0.49017139091793027
2545051,47,False,0.2782495627956508
2545053,7,False,0.5496630276213577
2545062,0,False,0.0
2545063,9,False,0.4373823214659544
2545064,40,False,0.19157670641400967
2545065,128,False,0.11388362658097216
2545068,0,False,0.0
2545069,78,False,0.24516908212560387
2545070,20,False,0.10319547820247356
2545071,7,False,0.5937524497048606
2545072,49,False,0.3365206355413616
2545073,10,False,0.42620108002299806
2545074,22,False,0.2813620551193317
2545075,3,False,0.0
2545077,17,False,0.32949745454059637
2545078,5,False,0.408039308772273
2545079,9,False,0.5774404008380263
2545080,32,False,0.16537945354637765
2545081,50,False,0.13328304058910814
2545083,6,False,0.568154805608649
2545084,2,False,0.5792058136171795
2545085,8,False,0.17054247901276978
2545088,45,False,0.3498277610929349
2545089,7,False,0.6498078122988626
2545091,301,False,0.22897356689185341
2545092,12,False,0.08314258198717861
2545095,18,False,0.3189811117026105
2545103,20,False,0.5778490184324981
2545107,7,False,0.5643664287540945
2545109,10,False,0.31281494264170434
2545111,5,False,0.6626206482890559
2545112,12,False,0.5165100220643202
2545114,30,False,0.22894424890757614
2545115,27,False,0.32475318898830086
2545116,62,False,0.2158629157369684
2545118,60,False,0.1608977249209118
2545119,81,False,0.2050388069160174
2545120,115,False,0.021065675340768277
2545121,75,False,0.6031363088057902
2545125,38,False,0.35026084353064485
2545126,12,False,0.24034172983539187
2545127,0,False,0.0
2545128,11,False,0.4216093055955006
2545132,32,False,0.3699502841055642
2545136,52,False,0.1843666159971317
2545138,5,False,0.7341350226184431
2545140,1,False,0.44868612916836326
2545141,10,False,0.09674981103552532
2545146,48,False,0.39417535930872155
2545147,2,False,0.6298038821216377
2545148,2,False,0.0
2545150,50,False,0.3687395762132604
2545151,25,False,0.42109644821857917
2545152,5,False,0.11083540115798181
2545154,171,False,0.10587947951531505
2545155,8,False,0.3443743347679208
2545156,23,False,0.4207194266687853
2545157,1,False,0.8747486098011644
2545158,56,False,0.21062643020594965
2545161,68,False,0.5603046467069384
2545162,4,False,0.7131231095926948
2545163,13,False,0.018393030009680542
2545165,21,False,0.27486220796002075
2545171,4,False,0.22210645304542911
2545172,12,False,0.3695040658088227
2545174,3,False,0.24073193693560885
2545175,43,False,0.22460803675504518
2545177,3,False,0.0
2545178,34,False,0.5206852491657418
2545179,13,False,0.0
2545180,115,False,0.1567757572953281
2545181,3,False,0.20859070187940998
2545183,109,False,0.4228500546077656
2545184,144,False,0.3490120811391941
2545186,3,False,0.5545444325269601
2545187,21,False,0.5023149512368553
2545191,5,False,0.39566109298438595
2545194,19,False,0.16209931556372448
2545195,29,False,0.1347224222551902
2545196,66,False,0.30083220126043125
2545197,10,False,0.601648437580589
2545198,135,False,0.28713110000817854
2545199,85,False,0.4570110691949086
2545200,17,False,0.2430644028955723
2545202,15,False,0.2892766989943472
2545204,47,False,0.3014725986419304
2545207,51,False,0.3795416777478351
2545211,47,False,0.17889066738566037
2545213,39,False,0.2186747820269494
2545214,117,True,0.18588323969997225
2545215,111,False,0.06783689888462242
2545221,11,False,0.5553773533923557
2545222,24,False,0.4637161197235547
2545228,80,False,0.355856022552984
2545229,84,False,0.2233495186328089
2545231,196,False,0.20080043114434887
2545232,11,False,0.1398671402615795
2545233,84,False,0.22223092678987
2545234,49,False,0.13184176865522734
2545235,14,False,0.0
2545237,45,False,0.35379275833997864
2545238,70,False,0.18317358892438765
2545243,39,False,0.2774064530617129
2545244,29,False,0.21549677522450073
2545245,170,False,0.43363812386802725
2545247,10,False,0.26102102102102104
2545249,151,False,0.21651480378208166
2545252,65,False,0.24426907177752727
2545253,44,False,0.9627335611033075
2545255,51,False,0.16779239246356203
2545256,161,False,0.16595490042447672
2545258,71,False,0.12677238309273003
2545259,154,False,0.48798256471157725
2545260,123,False,0.4194006252696322
2545262,84,False,0.3772833885689422
2545264,2,False,0.0
2545267,153,False,0.0555052877457775
2545269,21,False,0.5723270350283128
2545271,121,False,0.009398829579712715
2545276,31,False,0.0
2545280,46,False,0.12761327576633455
2545282,30,False,0.45626237210677084
2545286,156,False,0.17435877739303765
2545287,3,False,0.4080594052664027
2545288,38,False,0.5472787496899032
2545291,147,False,0.2527593818750876
2545292,61,False,0.0011019439421338156
2545294,59,False,0.9121818619015772
2545295,107,False,0.32223569380990114
2545297,46,False,0.2884209417496661
2545299,56,False,0.2266201499473491
2545300,148,True,0.015513126491646777
2545301,19,False,0.5240546385574363
2545303,5,False,0.5845412192320045
2545304,8,False,0.5227168176164769
2545305,132,False,0.09411723074157617
2545306,10,False,0.8586800690898605
2545307,158,False,0.07157658659549229
2545311,118,False,0.23352592853629595
2545312,119,True,0.7623738213433907
2545316,299,False,0.19901158663656301
2545318,89,True,0.435318639033855
2545319,145,True,0.15286651320869082
2545320,142,False,0.9811043712198468
2545322,302,False,0.1437593962450331
2545323,61,False,0.38929627260106714
2545325,45,False,0.15798857133557515
2545326,67,False,0.29819483202747665
2545328,164,False,0.3962936046511628
2545330,33,False,0.6024038023026019
2545331,108,False,0.9979718434508982
2545334,17,False,0.21017284991959928
2545335,34,False,0.13091740124061377
2545336,16,False,0.21720746229721027
2545338,130,False,0.15004106729332314
2545339,18,False,0.39526259055814583
2545340,177,False,0.2975235499885938
2545343,16,False,0.4412656185825912
2545346,15,False,0.49349793503240563
2545347,39,False,0.2717509020280067
2545348,177,False,0.12177235755391858
2545350,171,True,0.38972487064047395
2545351,67,False,0.14846628223610445
2545355,9,False,0.3314576982967803
2545360,194,False,0.19284294234592445
2545361,40,False,0.34438220064896363
2545363,131,False,0.8991219588628865
2545365,168,False,0.2971336590203074
2545369,63,False,0.47153840844789185
2545371,7,False,0.5847158720787433
2545373,118,False,0.31811870773466216
2545374,57,False,0.23322432834715184
2545376,93,False,0.4692836290381474
2545378,32,False,0.23849294360354895
2545379,10,False,0.5588948920142759
2545384,119,False,0.021408138783796254
2545385,91,False,0.4612690323587642
2545387,44,False,0.41360240396136067
2545388,71,False,0.5727080310345496
2545389,2,False,0.41558385730701136
2545390,39,False,0.13530296737653175
2545391,66,False,0.13812908908596144
2545392,73,False,0.2456852545178677
2545393,215,False,0.11904761904761904
2545400,71,True,0.17169896349707076
2545401,70,False,0.09004501568275032
2545404,152,False,0.345703962401395
2545405,71,True,0.2869240669183563
2545408,64,False,0.2177815291155249
2545409,46,False,0.13282269278994516
2545411,168,False,0.22808566483807724
2545412,300,False,0.1287165920913204
2545413,18,False,0.6159947799350803
2545418,13,False,0.26444067296340024
2545419,12,False,0.265665226093981
2545421,303,False,0.20092378752886836
2545424,8,False,0.3895613950518443
2545428,54,False,0.040558079169370535
2545429,49,False,0.23328182100200515
2545431,164,False,0.6021660649819495
2545435,30,False,0.3931035671795918
2545438,67,False,0.39687418242886374
2545440,23,True,0.028017433069465445
2545441,103,False,0.3554707538135736
2545442,58,False,0.20327521590353592
2545447,41,False,0.8368652310455915
2545448,94,False,0.2764080041144412
2545449,13,False,0.5969687636161486
2545456,16,False,0.3260084508259105
2545458,171,False,0.21138429802154984
2545461,17,False,0.05251926324342305
2545462,14,False,0.1886733909000235
2545464,20,False,0.46518877992120466
2545471,49,False,0.20368287030528925
2545472,162,False,0.14505344836552547
2545473,97,False,0.15883299877742532
2545476,148,False,0.1882202304737516
2545477,56,False,0.30811328840511254
2545478,27,False,0.20004683248889693
2545479,116,False,0.09324803560253112
2545480,43,False,0.1678049146689355
2545481,306,False,0.11913357400722022
2545485,26,False,0.44157428816878247
2545487,62,False,0.5275119653242307
2545489,101,False,0.19310036081294285
2545494,33,False,0.5437484851950584
2545496,36,False,0.11997857499507082
2545497,99,True,0.13036554772754072
2545501,15,False,0.14038133995049068
2545502,54,False,0.5963753657966863
2545504,55,False,0.14026189782515386
2545506,36,False,0.31593719630713907
2545507,70,False,0.23939975571453498
2545508,1,False,0.7387548382272894
2545509,29,False,0.15589677969716356
2545510,22,False,0.0480294005829426
2545512,22,False,0.0828981103408983
2545513,15,False,0.0749004777183968
2545514,11,False,0.0049904030710172746
2545522,2,False,0.745304809276072
2545523,117,False,0.1319248687076186
2545525,0,False,0.0
2545527,67,False,0.14172815215609116
2545529,105,False,0.15813377374071017
2545531,9,False,0.450587852367369
2545532,4,False,0.46202601933503296
2545533,70,False,0.1333008961481825
2545536,1,False,0.08266302077399264
2545540,62,False,0.31047463593384755
2545545,147,False,0.2541912399686712
2545548,13,False,0.6232907320042732
2545549,60,False,0.2947280863556907
2545550,128,False,0.11511239764251813
2545552,143,False,0.2866349066402251
2545554,8,False,0.5364818454428066
2545556,53,False,0.437938721619936
2545558,37,False,0.384358205640684
2545560,8,False,0.0
2545561,19,False,0.3334023571304571
2545562,5,False,0.6396308213632037
2545568,29,False,0.4026432648542496
2545569,99,False,0.2387320107751201
2545575,23,False,0.27093802345058626
2545576,71,False,0.22729547160370278
2545579,18,False,0.17274045540702432
2545580,13,False,0.27840693167135366
2545581,24,False,0.5333653232104589
2545587,56,True,0.4982862196331366
2545588,196,False,0.2219134599724514
2545590,155,False,0.2186219648127452
2545591,54,False,0.24478382615906344
2545592,33,False,0.5536893236405589
2545595,14,False,0.34815646562576746
2545597,14,False,0.07852655625356939
2545598,140,False,0.2424642336527963
2545599,36,False,0.24659192678876982
2545600,296,False,0.19838197894475754
2545602,20,False,0.3232623019679387
2545603,2,False,0.0
2545604,57,False,0.45420734109006217
2545605,8,False,0.8862356604131632
2545606,41,False,0.16269193074158772
2545607,1,False,0.6129425013783871
2545609,42,False,0.8901838089976648
2545610,68,False,0.24303204992834637
2545611,49,False,0.3159889716492149
2545612,18,False,0.23390073210005463
2545613,59,False,0.08673554407598734
2545615,14,False,0.0
2545618,25,False,0.8736400637194164
2545619,19,False,0.23724231228668036
2545620,70,False,0.3639973429369814
2545623,21,False,0.07995312940745924
2545624,51,False,0.3428934433774744
2545626,26,False,0.2272357061410653
2545631,26,False,0.6445626324115207
2545638,45,False,0.1690408357075024
2545639,42,False,0.15715363339200403
2545641,19,False,0.24807598376339055
2545644,114,False,0.05862068965517241
2545645,41,False,0.21595657994296025
2545646,11,False,0.2815622526457741
2545647,5,False,0.40876309702000274
2545648,101,False,0.17407185459587857
2545649,84,False,0.16378908072795148
2545650,86,False,0.8910677544422414
2545673,26,False,0.7242159141629357
2545679,37,False,0.2886384675639108
2545680,65,False,0.4179689173338159
2545681,1,False,0.5061414421391136
2545683,106,False,0.5954942279577999
2545684,73,False,0.16369048130257643
2545686,40,False,0.45490356027332046
2545687,150,True,0.06743368488334932
2545688,216,False,0.11630558722919042
2545689,66,False,0.42595785838668676
2545692,33,False,0.07763238781066129
2545693,48,False,0.35018274997208193
2545694,216,False,0.1360630077539432
2545696,46,False,0.46602858050357443
2545699,36,False,0.39781036598304276
2545700,4,True,0.39717945257721887
2545701,63,False,0.07177024683863237
2545702,68,False,0.105212436472093
2545703,22,False,0.3272121390380548
2545708,169,False,0.3685114746739826
2545714,162,False,0.209954571049601
2545715,82,False,0.3266380062052603
2545717,48,False,0.4181678738389376
2545718,60,False,0.3114944819291557
2545719,3,False,0.24465510568920623
2545723,68,False,0.19447153694141645
2545726,50,False,0.10257535356262867
2545727,9,False,0.35771451064171217
2545728,147,False,0.06478310502283105
2545729,23,False,0.35757961908798436
2545730,47,False,0.10976823546139627
2545731,37,False,0.032131299121590386
2545733,16,False,0.0833236620959343
2545734,100,False,0.243782722513089
2545736,289,False,0.1738390469243861
2545737,18,False,0.2375312706449042
2545739,18,False,0.11291257990267067
2545740,113,False,0.22538323566088964
2545742,1,False,0.0
2545743,22,False,0.11874646885843189
2545746,52,False,0.122431548466394
2545748,112,True,0.2912836183850198
2545749,302,False,0.09959390862944162
2545750,13,False,0.4124859264049381
2545751,23,False,0.19826303389572883
2545752,14,False,0.21896766193647194
2545754,16,False,0.09122437654078706
2545756,112,False,0.20446210268948656
2545759,11,False,0.2649772082137685
2545760,50,False,0.9901362632589915
2545768,17,False,0.41485546942423257
2545769,32,False,0.3485708897895806
2545771,38,False,0.2781677922794321
2545772,67,False,0.16994074194333955
2545773,5,False,0.477241375859593
2545776,20,False,0.39856099255553706
2545777,18,False,0.4480602469513611
2545778,58,False,0.18817953520024425
2545781,104,False,0.39126086214038286
2545784,16,False,0.18040979991305028
2545786,19,False,0.23230843173973603
2545789,68,False,0.576455062697663
2545790,17,False,0.10636865347202905
2545792,45,False,0.10145711756083386
2545795,86,False,0.73315584529035
2545797,71,False,0.2114045513690915
2545799,28,False,0.12136105573826932
2545800,0,False,0.0
2545802,7,False,0.0
2545803,19,False,0.3721030530019294
2545804,25,False,0.37565027132223244
2545805,53,True,0.27670506169125003
2545806,18,False,0.4812004169086195
2545809,43,False,0.43773772796058136
2545811,10,False,0.4428541659739605
2545814,21,False,0.0
2545815,68,False,0.12900641025641027
2545816,34,False,0.5134402370386396
2545819,15,False,0.1312192168733522
2545821,1,False,0.6271040577884667
2545822,84,False,0.22884985419634857
2545823,38,False,0.5096093537451352
2545827,68,False,0.03945666235446313
2545828,146,True,0.06144742831133364
2545830,21,False,0.25509077580598605
2545832,20,False,0.1980811689420527
2545833,20,False,0.5531516681006452
2545834,304,False,0.08660060318828092
2545835,301,False,0.08696912906177139
2545836,69,False,0.5901463929313674
2545837,25,False,0.0836609873307121
2545838,45,False,0.5822297847050725
2545839,17,False,0.5794761430187972
2545843,49,False,0.33007148340543907
2545844,7,False,0.6498078122988626
2545845,50,False,0.38338103210927643
2545847,19,False,0.3187959597290728
2545848,3,False,0.0
2545849,41,True,0.06803218727139722
2545851,56,False,0.1721807267122429
2545852,109,False,0.291552014637782
2545854,10,False,0.6005666936580485
2545857,14,False,0.0
2545858,25,False,0.38237081535487255
2545862,2,False,0.378673429779458
2545867,55,False,0.3924584873595267
2545868,71,True,0.09350649350649351
2545870,99,False,0.49820171303704114
2545873,12,False,0.6874128431968828
2545874,39,False,0.5856218355453888
2545875,27,False,0.37127306038393787
2545876,78,True,0.3114470492949253
2545877,162,False,0.21119501193913526
2545879,127,False,0.6573110324573459
2545880,8,False,0.6484669318122184
2545881,143,False,0.2196521540615881
2545885,121,False,0.363101979978962
2545888,305,False,0.10115086621188187
2545889,7,False,0.4718852090346998
2545891,112,False,0.17012779552715654
2545892,31,False,0.6024038023026019
2545894,55,False,0.2820487595974427
2545897,64,False,0.3048546171414287
2545898,25,False,0.36457737584958355
2545899,126,False,0.15007656967840735
2545900,121,False,0.17954721372696358
2545901,18,False,0.0
2545902,30,False,0.15145620088450007
2545905,33,True,0.10532506415739948
2545908,56,False,0.20414048373736668
2545909,84,False,0.1559427084493704
2545910,35,False,0.9041628150241361
2545911,62,False,0.42507092422509585
2545912,15,False,0.4251249355022173
2545913,120,False,0.4077488509480945
2545914,45,False,0.2961210283407639
2545917,49,True,0.24565534035608433
2545918,56,False,0.14928563588287663
2545920,51,False,0.38839934193689385
2545921,71,False,0.10722920165812815
2545922,12,False,0.4509277672706894
2545923,13,False,0.4790178531382653
2545924,41,False,0.3708578399133747
2545925,9,False,0.7427358904818943
2545927,2,False,0.572258838828124
2545928,5,False,0.5670933941465601
2545933,13,False,0.3306576385042789
2545934,36,False,0.14312357736315484
2545936,61,False,0.1717770689855561
2545941,22,False,0.0
2545942,304,False,0.10558951993000369
2545943,220,False,0.0391304347826087
2545944,127,False,0.09699090272918125
2545945,0,False,0.0
2545946,86,False,0.46155130098326896
2545947,8,False,0.3431946482504223
2545952,26,False,0.8407705644091379
2545953,55,False,0.40671510466550126
2545954,52,False,0.40320354511428425
2545957,59,False,0.3382908469295758
2545959,103,False,0.5189433218767214
2545960,9,False,0.0
2545962,6,False,0.4197538318462667
2545964,16,False,0.42787989041352653
2545965,9,False,0.45574709031934496
2545966,5,False,0.0
2545967,31,False,0.44557548606004266
2545968,14,False,0.2697253781001188
2545970,131,False,0.02939175398013335
2545971,49,False,0.06277795560370535
2545972,79,False,0.21141843049372372
2545975,4,False,0.6428220570007005
2545978,90,False,0.17224990955988376
2545979,67,False,0.9851964791744573
2545980,72,False,0.782372511617538
2545982,41,False,0.24834437086092714
2545985,26,False,0.41460259751666284
2545987,41,False,0.4593631253381812
2545988,19,False,0.30121039997448473
2545989,68,False,0.08040645018776231
2545990,21,False,0.5451507859733843
2545991,59,False,0.48322996691476533
2545993,43,False,0.4835360257286804
2545994,28,False,0.8030349335053627
2545996,10,False,0.2004321945459717
2545997,79,False,0.21634464498962072
2545998,4,False,0.5147939014884377
2545999,165,True,0.43056587802964613
2546000,29,False,0.542518052065779
2546001,32,False,0.12480425931725651
2546002,40,False,0.07762724276821677
2546004,50,False,0.29744432588198416
2546006,114,False,0.28160789967057304
2546007,7,False,0.01514663229133097
2546009,4,False,0.0
2546010,55,False,0.050849818891056005
2546011,18,False,0.5937950240896437
2546013,127,False,0.3958818555439123
2546018,23,False,0.3881212627876794
2546020,40,False,0.6107434162405277
2546026,5,False,0.4411489638599801
2546029,63,False,0.4570110691949086
2546031,103,False,0.043980682994135906
2546034,107,False,0.15633553801748837
2546036,10,False,0.6254385461841458
2546037,0,False,0.0
2546038,162,False,0.15449182593889552
2546040,25,False,0.2799936543243335
2546041,93,False,0.19813408712578046
2546042,19,False,0.2412165705694639
2546048,46,False,0.6351030995983606
2546052,50,False,0.057024603357093584
2546054,87,False,0.19539211209146012
2546055,39,False,0.1491403734895357
2546057,39,True,0.045670995670995675
2546059,73,False,0.36021694360887546
2546063,51,False,0.6103297182550395
2546066,116,True,0.0
2546068,140,False,0.3104937787719549
2546070,2,False,0.9428515486585619
2546075,73,True,0.14422809457579971
2546076,117,False,0.17343557701410584
2546079,124,False,0.1927700002932751
2546080,87,False,0.09710204642219475
2546083,9,False,0.6006108826758328
2546085,20,False,0.5982435873723543
2546087,56,False,0.1007137192704203
2546088,10,False,0.18564759526652916
2546089,1,False,0.5325896711271847
2546094,26,False,0.4688170169025778
2546095,10,False,0.6413703110413381
2546099,8,True,0.15372325721243338
2546100,50,False,0.04907016721362713
2546101,15,False,0.6454609177259997
2546102,190,False,0.021158838223049422
2546104,79,False,0.23896902362015426
2546107,136,False,0.1697282614349052
2546109,26,False,0.3280731790554236
2546110,33,False,0.2648068838675775
2546112,20,False,0.0
2546113,2,False,0.9808351565261964
2546116,17,False,0.24680571249952246
2546117,33,False,0.27141589970591967
2546119,303,False,0.15448275862068966
2546120,19,False,0.27869600038564524
2546121,202,True,0.22636896427219005
2546122,122,False,0.9594114678891522
2546126,23,False,0.16376944987252326
2546129,38,False,0.658098340619806
2546131,36,False,0.07996825081853358
2546132,58,False,0.2665834794198328
2546133,70,False,0.2994585589337776
2546135,29,False,0.4055318776801059
2546137,40,False,0.3699448676172568
2546142,57,False,0.6561561258056245
2546143,86,False,0.20445441200034112
2546148,13,False,0.5955824376253666
2546150,106,False,0.25490486569180004
2546151,151,False,0.17739958265894992
2546152,124,False,0.1547327621379029
2546154,81,False,0.06241588156123822
2546157,46,False,0.24749883196105574
2546158,46,False,0.20426953206939089
2546159,95,False,0.6618935417036034
2546160,66,False,0.14054210656838448
2546165,7,False,0.3859029034915694
2546166,112,False,0.06617969709779786
2546169,102,False,0.07603479304139171
2546170,154,False,0.17105263157894735
2546171,51,False,0.3260611765235412
2546172,36,False,0.2839697168802688
2546176,58,False,0.11118206202707413
2546181,45,False,0.22636842664645793
2546186,41,False,0.0
2546187,35,False,0.1479930242247774
2546190,58,False,0.2058408811471123
2546191,35,False,0.21239249824852535
2546192,7,False,0.0
2546200,140,False,0.3055947209075687
2546202,97,False,0.09619206992786121
2546206,25,False,0.3021611341788731
2546207,45,False,0.565363602312238
2546208,37,False,0.16444133483618142
2546209,37,False,0.29031798851979157
2546210,98,False,0.2208583664488898
2546211,47,False,0.22700877754437873
2546212,15,False,0.4632692105980599
2546214,1,False,0.5504970629106993
2546215,43,False,0.2472977543337769
2546216,41,False,0.7763847270989209
2546217,12,False,0.5581793548161073
2546218,6,False,0.7070120492834842
2546219,28,False,0.21053668371039583
2546222,27,False,0.39077068004939564
2546223,49,False,0.286614917550155
2546225,17,False,0.24639851808701047
2546231,225,False,0.1118583277292087
2546232,118,False,0.25626182701989925
2546235,8,False,0.5140291903684723
2546239,74,False,0.07702458496388198
2546240,36,False,0.35405394267370865
2546242,48,False,0.43431990247184094
2546248,38,False,0.2376923076923077
2546249,23,False,0.17693947700412063
2546251,45,False,0.36230986285453337
2546252,32,False,0.5176343542323043
2546254,15,False,0.1640529541974395
2546255,3,False,0.8087128493163135
2546256,46,False,0.12731105821823122
2546260,10,False,0.2935550937454645
2546263,21,False,0.1088162103540438
2546271,44,False,0.07734194008276736
2546272,174,False,0.25665068578102695
2546274,25,False,0.3200482723577236
2546276,50,False,0.14482284838021695
2546277,54,False,0.17215654975728806
2546278,8,True,0.4410286238593449
2546279,12,False,0.4493137296212117
2546281,48,False,0.04644545412822984
2546282,23,False,0.11959499694378505
2546283,43,False,0.21134626157526817
2546284,120,False,0.31015678746055003
2546286,52,False,0.2749859041214927
2546287,10,False,0.30286832905901684
2546288,125,False,0.22669880865771075
2546289,64,False,0.0029200082253752827
2546291,66,False,0.17791818363339132
2546292,119,False,0.23089596096616363
2546299,21,False,0.4461803823608046
2546301,9,False,0.6496816238374231
2546304,33,False,0.23488719490105137
2546306,81,False,0.3843632324415692
2546309,12,False,0.4812828065343522
2546311,9,False,0.1992489224364347
2546312,96,True,0.25692544459644323
2546313,15,False,0.11795185084623043
2546316,106,False,0.24300354749704375
2546318,64,False,0.9256883641776411
2546319,36,False,0.6102385661612092
2546320,118,False,0.3764958601396584
2546323,66,False,0.09004501568275032
2546324,62,False,0.7065074507392168
2546327,46,False,0.06034376417807982
2546329,24,False,0.15642092270926133
2546332,19,False,0.0
2546334,5,False,0.5206220040312428
2546335,11,False,0.9169721784081003
2546336,23,False,0.5595120193450006
2546338,110,False,0.10956175391823736
2546339,41,False,0.24834437086092714
2546340,9,False,0.11837692286083024
2546344,15,False,0.1104114435927967
2546345,61,False,0.44341861853132974
2546346,188,False,0.13010898477469035
2546349,65,False,0.22443091281584338
2546351,15,False,0.10916341577731078
2546353,22,False,0.23363550036598246
2546355,305,False,0.1166647748918164
2546357,30,True,0.24438424446750362
2546359,21,False,0.22636637022844688
2546360,36,False,0.3072838954141758
2546361,33,False,0.25807416071679895
2546362,125,True,0.13880120882918942
2546365,68,False,0.22861127990986643
2546368,222,False,0.24539721453492633
2546369,54,False,0.22817122378493368
2546370,16,False,0.5636173563934869
2546372,5,False,0.5267426645916274
2546374,101,False,0.22214809000523286
2546376,34,False,0.320490568516269
2546377,100,False,0.5204892978027187
2546378,90,False,0.2671511328836545
2546382,35,False,0.2584927268547478
2546383,128,False,0.3008593626336114
2546386,17,False,0.5015126947862746
2546388,58,False,0.2267275126509547
2546390,71,False,0.8828591693700097
2546391,75,False,0.24262697274046122
2546392,5,False,0.14990649189979988
2546395,65,False,0.15517365727569377
2546396,54,False,0.16138422458435542
2546397,174,False,0.0830405621207282
2546398,56,False,0.1813157882388129
2546399,150,False,0.1059880239520958
2546401,16,False,0.5019695625661038
2546402,92,False,0.23049972340033192
2546407,118,False,0.14238827935801335
2546410,7,False,0.445265427849836
2546413,20,False,0.2905796160990916
2546414,100,False,0.21971845565073375
2546415,117,False,0.16382321751606263
2546416,48,True,0.29780573739603516
2546418,29,False,0.3341582643330805
2546419,35,False,0.3513575197165648
2546420,57,False,0.30366977897724073
2546421,42,False,0.1480140826223117
2546422,11,False,0.12681020741621654
2546425,21,False,0.4311624172829895
2546426,31,False,0.25159651760596413
2546429,25,False,0.3289498570628732
2546430,39,False,0.5570313251745527
2546432,39,False,0.32801118728450834
2546433,40,False,0.5970606150963284
2546437,16,False,0.2059481319091066
2546441,146,False,0.19532552141264747
2546442,61,False,0.10171064845511206
2546445,221,False,0.1698985006629526
2546453,23,False,0.041211207438120366
2546455,45,False,0.18573911783877742
2546457,23,False,0.2791751535472804
2546459,51,False,0.32424071118205194
2546460,43,False,0.5065016431561833
2546462,20,False,0.15120543497865688
2546464,20,False,0.4549809812023204
2546465,300,False,0.36436322101656193
2546466,15,False,0.0
2546468,153,False,0.1132623426911907
2546470,304,False,0.02431964114216683
2546476,23,False,0.32183418103943634
2546478,46,False,0.0894165323656254
2546479,96,False,0.45190304167996603
2546481,62,False,0.058719624053201885
2546485,34,False,0.2039382167630378
2546488,33,False,0.13922530810286268
2546491,27,False,0.18892863610435406
2546492,110,False,0.15641636887616356
2546494,8,False,0.5028982481991702
2546496,82,False,0.16562941084409213
2546498,13,False,0.41032261888066546
2546499,48,False,0.2300362367467454
2546503,189,False,0.16848236828155083
2546506,201,False,0.2521339358669392
2546507,128,False,0.19134632827743597
2546508,23,False,0.031055900621118012
2546513,68,False,0.5901463929313674
2546516,124,False,0.1788621465023408
2546517,44,False,0.45868132253720223
2546518,39,False,0.07013034697998899
2546519,15,False,0.2698985967673461
2546520,84,False,0.6587312573818025
2546522,124,False,0.2363174156600318
2546523,15,False,0.07210514881598958
2546524,4,False,0.0
2546525,60,False,0.6953364374381654
2546529,5,False,0.054749590008830576
2546532,95,False,0.24886596793142696
2546533,97,False,0.7794886343650946
2546535,59,False,0.7544136221648894
2546536,7,False,0.5406560679959044
2546537,28,False,0.4429001378686345
2546538,57,False,0.05377704496646703
2546543,90,False,0.25060403597516656
2546546,47,False,0.33251092606310007
2546548,63,False,0.3328435544778098
2546549,38,False,0.12746954770240468
2546550,49,False,0.3989867345711645
2546551,103,False,0.2923760018048659
2546552,3,False,0.6843413855865552
2546554,30,False,0.2268924775275567
2546555,26,False,0.5963760183800147
2546556,201,False,0.0646652628266238
2546558,9,False,0.6196499237005859
2546560,5,False,0.0
2546561,28,False,0.3767282851484763
2546562,37,False,0.219129390002551
2546563,43,False,0.34122512624182555
2546565,7,False,0.703941609235369
2546566,6,False,0.579692757431023
2546568,141,True,0.25693536968366293
2546570,52,False,0.30811328840511254
2546572,12,False,0.2917334870009913
2546573,55,False,0.17702188654280832
2546574,7,False,0.0
2546577,53,False,0.45420734109006217
2546578,42,False,0.7964118749762383
2546585,10,False,0.508695412608134
2546586,3,False,0.0
2546587,23,False,0.24625356540269824
2546589,0,False,0.0
2546591,14,False,0.6846771790913513
2546595,14,False,0.45638530696504476
2546596,9,False,0.5438599026007634
2546597,35,False,0.0
2546599,177,False,0.20442326599139407
2546600,69,False,0.6705261607777893
2546601,20,False,0.0
2546602,77,False,0.15415125971101057
2546603,23,False,0.3021611341788731
2546604,10,False,0.0
2546605,0,False,0.0
2546606,41,False,0.06995142262317836
2546607,24,False,0.26120841695476055
2546608,17,False,0.053833823136521505
2546610,32,False,0.43789340214244216
2546611,96,False,0.21937772857892265
2546613,24,False,0.1430745814307458
2546614,9,False,0.0
2546616,1,False,0.768171208989373
2546617,44,False,0.13282269278994516
2546619,16,False,0.23683597390493943
2546621,140,False,0.2677153583688271
2546623,28,False,0.5193723016813447
2546628,41,False,0.5743410509742629
2546630,106,False,0.1644504992070136
2546631,9,False,0.34573629723889004
2546632,62,False,0.42507092422509585
2546633,23,False,0.31089038674480574
2546634,173,False,0.4110989037818306
2546637,33,False,0.21863061407110362
2546638,2,False,0.0
2546639,53,False,0.5166782475942782
2546640,2,False,0.20861232956519693
2546641,108,False,0.9979718434508982
2546642,2,False,0.4460495026061315
2546645,1,False,0.7040145123759044
2546646,19,False,0.4921036670646963
2546652,18,False,0.0
2546653,33,False,0.49098525781376057
2546656,2,False,0.741301547901205
2546658,44,False,0.12765581330872383
2546659,40,False,0.737771007531102
2546662,14,False,0.6786480332402166
2546664,28,False,0.22892430879052378
2546665,58,False,0.20516469153815758
2546666,13,False,0.2897075125983544
2546667,48,False,0.041024860137204314
2546668,23,False,0.08587354119491378
2546672,49,False,0.21989649622498741
2546673,31,False,0.1526481125542705
2546674,49,False,0.35018274997208193
2546675,5,False,0.5451773114589906
2546676,37,False,0.4816488641244599
2546678,55,False,0.19654928512008957
2546686,12,False,0.31948142477705527
2546687,16,False,0.2795742086860508
2546688,112,False,0.2813800594712147
2546690,163,False,0.17066390321470581
2546692,136,False,0.0780662733592033
2546694,45,False,0.39646659520815775
2546695,23,False,0.5507872453751961
2546697,43,True,0.2672325484107001
2546700,105,False,0.21135990775535057
2546703,67,True,0.07129820812134079
2546704,99,False,0.2781924970076805
2546705,38,False,0.3502044922714264
2546707,11,False,0.2965310957055172
2546708,19,False,0.284172607964522
2546709,131,False,0.6155233943778529
2546712,90,False,0.09795689896445564
2546715,35,False,0.11021125112145955
2546716,52,False,0.2576116072177012
2546718,41,False,0.19918831663240816
2546720,18,False,0.4220503407478685
2546721,16,False,0.08388022869787998
2546724,2,False,0.3425835383055469
2546725,49,False,0.049932065217391304
2546728,60,False,0.09731364765505587
2546729,8,False,0.5788290070522356
2546734,26,False,0.4261764830817628
2546736,58,False,0.2791538197486864
2546737,30,False,0.2762293488937703
2546739,7,False,0.0
2546742,18,False,0.25678157574692734
2546743,21,False,0.42498512459665155
2546744,110,False,0.3126402975532187
2546746,16,False,0.5344180849780736
2546747,3,False,0.6385482340646766
2546748,121,False,0.13058905706624338
2546751,96,False,0.3843632324415692
2546752,241,False,0.37700868799028886
2546753,104,False,0.17242794436580763
2546754,42,False,0.2625351399105821
2546756,4,False,0.5064842942633603
2546758,13,False,0.9310253634797152
2546759,0,False,0.0
2546762,58,False,0.2108779771580842
2546764,48,False,0.4537446411322021
2546766,2,False,0.5969270407771724
2546768,1,False,0.4484459333705565
2546769,91,False,0.30472075378895475
2546770,33,False,0.16934805499543665
2546771,35,False,0.2874136073070712
2546774,23,False,0.5798595757949362
2546775,16,False,0.12276481800853226
2546780,10,False,0.8853900514797981
2546781,37,False,0.23784337783679885
2546782,98,False,0.21971845565073375
2546783,4,False,0.9445897951598088
2546784,61,False,0.4547071104782901
2546785,76,False,0.4301008908943654
2546787,66,False,0.31591994098160847
2546788,9,False,0.4983462683544399
2546789,26,False,0.44202286713832595
2546794,48,False,0.2324598732150488
2546798,37,False,0.2617977137555787
2546799,11,False,0.0
2546802,1,False,0.0
2546804,20,False,0.9313023479335438
2546805,37,False,0.28545216145535457
2546806,12,False,0.5151715818900212
2546807,53,False,0.17198636504493336
2546808,30,False,0.0
2546810,3,False,0.6720824820117643
2546811,19,False,0.362080729953231
2546812,62,False,0.0727441713039895
2546813,65,False,0.6036233981775583
2546814,10,False,0.8858326858326858
2546816,50,False,0.1914556976148474
2546817,60,False,0.24121746770872962
2546818,129,True,0.2617213138018016
2546821,29,False,0.0
2546823,2,False,0.3862351798207047
2546824,4,False,0.27052477912627837
2546826,111,False,0.3128147224372945
2546828,13,False,0.20728291316526612
2546830,2,False,0.367351293247528
2546831,54,False,0.17215654975728806
2546833,15,False,0.9171480173228478
2546835,108,False,0.9457890674514775
2546837,18,False,0.0
2546838,8,False,0.4942578947518121
2546839,86,False,0.1570767431680866
2546840,12,True,0.4841078233362569
2546841,19,False,0.2552081078891059
2546842,17,False,0.5076999703992008
2546843,303,False,0.1272577996715928
2546844,7,False,0.4836052433162509
2546846,57,False,0.18157567945307926
2546847,30,False,0.5449660066360286
2546848,107,True,0.0
2546849,7,False,0.6841569944606893
2546850,10,False,0.4656452575532627
2546852,16,False,0.0
2546853,134,False,0.17035330653050476
2546855,2,False,0.34025110348071147
2546856,3,False,0.8961380917425307
2546861,58,False,0.11138861138861139
2546863,33,False,0.23532543463346972
2546864,44,False,0.2607912133125998
2546868,60,False,0.17351526409282683
2546869,8,False,0.929181971193991
2546870,16,False,0.24281441538078707
2546871,112,False,0.0881104033970276
2546875,113,False,0.47954599717865326
2546876,70,False,0.4528756957328386
2546878,22,False,0.0
2546879,23,False,0.1850746686904
2546881,18,False,0.18288840204315487
2546882,44,False,0.410676356316418
2546883,53,False,0.5407053688206587
2546884,168,False,0.2535328743761683
2546890,17,False,0.18909716221474443
2546892,2,False,0.770867912899534
2546893,31,False,0.238299568498909
2546895,25,False,0.17287927106637652
2546899,33,False,0.4702479498380041
2546900,39,False,0.26409190275883176
2546902,100,False,0.31350408794116374
2546904,26,False,0.5279447443934898
2546906,41,False,0.4359058434511137
2546907,0,False,0.0
2546911,57,False,0.12283613115310814
2546912,2,False,0.0
2546913,21,False,0.5509413652786924
2546915,16,False,0.5428447865416192
2546916,96,False,0.2931485068543879
2546917,3,False,0.17086507182113675
2546918,126,False,0.6251593550806149
2546929,0,False,0.0
2546933,2,False,0.37928641524014867
2546936,49,False,0.05326506042457215
2546937,17,False,0.20727673649393605
2546938,1,False,0.0
2546939,26,False,0.5252894065972589
2546941,19,False,0.16448617138751534
2546943,82,False,0.34309150385084647
2546944,41,False,0.8662044728832113
2546945,84,False,0.06714728944094049
2546947,39,False,0.07224617214211387
2546948,94,False,0.24846823574435514
2546950,5,False,0.014857310973815829
2546953,7,False,0.01886648915937619
2546954,33,False,0.4702479498380041
2546955,55,False,0.12744507974721636
2546956,0,False,0.0
2546959,1,False,0.5034062726916249
2546961,1,False,0.2595408685480333
2546962,0,False,0.0
2546965,141,False,0.4222851798818493
2546966,8,False,0.5863771930378635
2546968,52,False,0.07269257460097155
2546969,0,False,0.0
2546971,175,False,0.1692376583675102
2546974,15,False,0.5944366591741758
2546976,22,False,0.44769437782137583
2546979,1,False,0.5764944912152303
2546981,302,False,0.10641068592721784
2546982,49,False,0.015278389892757456
2546983,11,False,0.23483668223486207
2546984,19,False,0.3820222313673923
2546986,55,False,0.0495340231458113
2546989,38,False,0.4657749857938271
2546996,0,False,0.0
2546999,116,False,0.34528945944093464
2547000,50,False,0.457261288578418
2547001,131,False,0.1302770125870489
2547004,95,False,0.1661392405063291
2547007,21,False,0.1985337346473842
2547009,99,False,0.1684119988772908
2547011,3,False,0.0
2547019,307,False,0.1557776387598591
2547020,192,False,0.12391045905476522
2547022,111,False,0.04040005263850507
2547023,113,False,0.20218978041369876
2547025,39,False,0.13583138173302106
2547027,125,False,0.13718834135063918
2547033,102,False,0.5030317925449791
2547036,4,False,0.3270519594507949
2547037,32,False,0.2629390111999721
2547038,23,False,0.23875256769374414
2547041,1,False,0.679457051734434
2547043,1,False,0.049494330370824395
2547045,114,False,0.40977592582855743
2547046,1,False,0.049494330370824395
2547047,24,False,0.059597119298611834
2547049,2,False,0.5969270407771724
2547052,20,False,0.32517440005745835
2547055,7,False,0.45890097711035666
2547057,0,False,0.0
2547063,42,False,0.6207123135791606
2547064,30,False,0.266136281048472
2547068,7,False,0.2281578983563818
2547069,48,False,0.48586617055021186
2547073,12,False,0.03471749489448604
2547074,15,False,0.5357217997201429
2547075,36,False,0.592076751543276
2547076,34,False,0.2127737803848751
2547077,11,False,0.4911971677693815
2547088,13,False,0.0
2547091,20,False,0.39606410353085836
2547092,101,False,0.16810802609619177
2547093,16,False,0.28891643425265984
2547096,119,False,0.0761402186204297
2547098,51,False,0.3565199575027246
2547101,3,False,0.47368420154074403
2547102,13,False,0.4637952029992736
2547104,300,False,0.12342057761732853
2547106,72,False,0.13328977458346944
2547116,111,False,0.18262092163397153
2547118,45,True,0.236953548668289
2547121,97,False,0.1691709973600757
2547126,161,False,0.28234605918816447
2547127,64,True,0.17693422074698292
2547131,118,True,0.16382321751606263
2547134,46,False,0.5092104974107957
2547139,0,False,0.0
2547142,0,False,0.0
2547143,44,False,0.11405210784452698
2547144,39,False,0.5391219972681964
2547145,1,False,0.7849921464471045
2547148,5,False,0.7416923077015402
2547152,72,False,0.15985467881812793
2547153,84,False,0.21393772505825037
2547155,116,False,0.3592734539144821
2547157,71,False,0.19105462748501909
2547160,146,False,0.15884290714432775
2547161,44,False,0.6351030995983606
2547163,90,True,0.2781599513313679
2547165,12,False,0.23888489702758964
2547167,63,False,0.11342493651283743
2547168,54,False,0.4160309195843037
2547169,50,False,0.27886570818905987
2547178,27,False,0.17901446562966758
2547182,45,False,0.565363602312238
2547188,2,False,0.5899161405170469
2547191,47,False,0.21217404300176587
2547195,21,False,0.14197875908328675
2547196,31,False,0.44696080075761824
2547198,62,False,0.4575336205306376
2547199,75,False,0.2172340075645453
2547200,21,False,0.30919387054726016
2547206,51,False,0.4392198308115094
2547211,64,False,0.45152577205881944
2547212,5,False,0.43674753248730397
2547213,93,False,0.1070818552095651
2547216,21,False,0.4584110171109889
2547217,84,False,0.25414265786691564
2547218,31,False,0.9022194965070002
2547219,70,False,0.533548410152026
2547220,166,False,0.3907204920044329
2547225,15,False,0.1310731988617922
2547226,165,False,0.6205203549730339
2547228,15,False,0.0
2547229,24,False,0.21571556923585564
2547230,56,False,0.45624341393795576
2547231,69,False,0.3876554105646655
2547233,46,False,0.5341973453406014
2547236,0,False,0.0
2547242,42,False,0.13561811868070742
2547245,27,False,0.5410412818781152
2547251,110,False,0.08607480847228481
2547252,53,False,0.5041275956196326
2547253,23,False,0.01900305576776165
2547254,48,False,0.3666995570797225
2547257,40,False,0.3535956320334414
2547263,60,False,0.4634214423244578
2547264,65,False,0.3417944163416612
2547265,14,False,0.4130663663762032
2547267,66,False,0.15613587239299914
2547269,17,False,0.4409677085746928
2547273,37,False,0.5856218355453888
2547277,7,False,0.75550318318082
2547278,5,False,0.40876309702000274
2547279,15,False,0.20118340220133835
2547280,304,False,0.2972849825597838
2547282,14,False,0.2561492790500424
2547283,107,False,0.37374264212800834
2547285,3,False,0.0
2547286,115,False,0.10663433368048823
2547287,301,False,0.30975615787830807
2547291,70,False,0.19105462748501909
2547292,92,False,0.3606733101704625
2547293,43,False,0.07052173107218979
2547294,1,False,0.0
2547295,4,False,0.16688230977355226
2547297,77,False,0.06513828238719069
2547298,56,False,0.30564410695342076
2547299,22,False,0.5621251269017614
2547301,25,False,0.0
2547302,5,False,0.482905858191633
2547305,35,False,0.39853608664712875
2547309,7,False,0.4645610936180868
2547313,24,False,0.10965409973448616
2547314,57,False,0.22185146411927775
2547315,37,False,0.36093845474943914
2547319,90,False,0.39067046100728525
2547320,72,False,0.0
2547321,0,False,0.0
2547322,42,False,0.1859943583705311
2547324,33,False,0.46343480672043463
2547325,30,False,0.28001843376750546
2547326,55,False,0.0794979079497908
2547327,1,False,0.1566307371782876
2547328,22,False,0.43130687677264545
2547329,38,False,0.13435970232918037
2547330,5,False,0.6592197455569236
2547331,43,False,0.3753101595719897
2547333,121,False,0.22134516391897988
2547334,20,False,0.4158638403989472
2547335,1,False,0.5822260558536144
2547339,46,False,0.2305404272620064
2547340,232,True,0.2763607496207249
2547341,75,False,0.20725180111681293
2547342,17,False,0.10198440664413823
2547343,302,False,0.33982527568518195
2547344,110,False,0.2608240140366142
2547345,35,False,0.2827847724836893
2547346,8,False,0.5718846669646849
2547347,53,False,0.14679418210525882
2547348,78,False,0.520065876309637
2547349,28,False,0.20105460596877628
2547350,177,False,0.14183519053514926
2547351,100,False,0.051818634778276036
2547352,164,False,0.6021660649819495
2547353,2,False,0.0
2547355,48,False,0.510964332719839
2547360,144,False,0.1636493609707404
2547361,122,False,0.38147401923756336
2547362,36,False,0.8140123804164322
2547364,175,False,0.09820329376256197
2547365,113,False,0.3128147224372945
2547367,110,False,0.44266308556690137
2547368,15,False,0.08818219438877262
2547369,16,False,0.0772459525237205
2547370,20,False,0.6713102445357012
2547372,112,False,0.12820944560778935
2547377,2,False,0.289343519614202
2547378,27,False,0.7418023389130933
2547381,48,False,0.06124031007751938
2547382,7,False,0.5841704697838455
2547383,8,False,0.11756314281081964
2547384,15,False,0.29767425845412193
2547385,69,True,0.0
2547387,12,False,0.3608046565579289
2547391,45,False,0.42905512532209833
2547392,55,False,0.29780573739603516
2547394,84,False,0.2695465757427505
2547395,57,False,0.2727266463612414
2547396,55,False,0.18361827471632852
2547397,6,False,0.5745171903532342
2547398,75,False,0.26330485032206496
2547399,154,False,0.2330143222811527
2547400,301,False,0.17563291139240506
2547403,22,False,0.39744203161373587
2547404,41,False,0.49152196475802057
2547405,24,False,0.32921619692952964
2547406,24,False,0.2521302599979417
2547407,86,False,0.12640767641767175
2547408,6,False,0.4962957368952879
2547409,10,False,0.0
2547410,24,False,0.6360977822142304
2547411,101,False,0.31350408794116374
2547413,5,False,0.5779861211839437
2547414,13,False,0.4146770529939424
2547415,0,False,0.0
2547417,69,False,0.21574576208097276
2547418,4,False,0.16542226396623433
2547419,17,False,0.5696687665722207
2547423,1,False,0.486021228387128
2547424,148,False,0.09085212543704
2547425,3,False,0.0
2547427,1,False,0.2145732201896433
2547428,36,False,0.9018814552255836
2547434,2,False,0.4167716476504882
2547436,45,False,0.8680809910311296
2547437,10,False,0.15365389193049273
2547438,1,False,0.3543416766450981
2547439,25,False,0.2772220625482764
2547441,30,False,0.21846720017327834
2547442,64,False,0.281552414712802
2547445,212,False,0.19186828102286418
2547447,7,False,0.21393486506526266
2547450,13,False,0.43515069787636157
2547451,126,False,0.16007628275258964
2547452,108,False,0.493924961711432
2547454,5,False,0.3308046430567887
2547455,166,False,0.11664834515262144
2547457,10,False,0.5898865589035207
2547458,72,False,0.4333703292064843
2547460,11,False,0.4644123171057377
2547463,19,False,0.3242865797931877
2547465,39,False,0.2781677922794321
2547468,5,False,0.3317570765423256
2547469,7,False,0.4923291571548016
2547470,22,False,0.22210871000701382
2547473,18,False,0.0772459525237205
2547475,31,False,0.210727105625606
2547476,38,False,0.16384522370012092
2547478,49,False,0.0209131584802116
2547482,20,False,0.7097293472082042
2547483,27,False,0.29781856882547997
2547486,62,False,0.6474918300725402
2547487,14,False,0.0333662876915472
2547488,3,False,0.6180403191707523
2547489,2,False,0.7772627722984772
2547490,114,False,0.16553180955207625
2547492,34,False,0.328360143016181
2547495,37,False,0.23804347826086955
2547498,9,False,0.5478461749268705
2547499,96,False,0.2970419714687842
2547500,123,False,0.3350463945394936
2547501,34,False,0.3807062745299254
2547502,20,False,0.1902768952662473
2547503,23,False,0.32436577019451474
2547505,1,False,0.6986049021280927
2547507,1,False,0.0
2547508,76,False,0.1190909090909091
2547509,46,False,0.27386426794262
2547510,23,False,0.29141976098108596
2547511,35,False,0.44986319077016185
2547512,18,False,0.43291136224369925
2547514,31,False,0.15949316432211683
2547515,98,True,0.15804178416527587
2547517,0,False,0.0
2547520,95,False,0.11848803029700818
2547521,114,False,0.18038348529753076
2547522,17,False,0.5529632803719555
2547524,68,False,0.16342479955954625
2547525,0,False,0.0
2547526,16,False,0.33698533508103495
2547527,50,False,0.504691650311729
2547528,64,False,0.12316404176251991
2547529,24,False,0.29781856882547997
2547530,98,False,0.25138476037381635
2547531,45,False,0.15054433009857632
2547532,165,False,0.36496350364963503
2547536,302,False,0.1774313001578907
2547540,52,False,0.19932867145669694
2547541,79,False,0.05371720570823207
2547544,71,False,0.3855540920229754
2547545,53,False,0.3736041221755507
2547546,156,False,0.2801069262227172
2547547,10,False,0.5644676947427264
2547548,17,False,0.27915058085418654
2547549,184,False,0.08342673536428652
2547550,117,False,0.2724964739069111
2547551,12,False,0.5038805132732612
2547555,26,False,0.14610330145658226
2547556,54,False,0.33994026373163033
2547557,98,False,0.2542129708144313
2547558,21,False,0.4703557467905272
2547560,3,False,0.16864917926995263
2547562,16,False,0.19446087070509926
2547563,53,False,0.38756856614454016
2547564,4,False,0.5705618360878238
2547565,30,False,0.4802295417986169
2547566,0,False,0.0
2547567,21,False,0.25774903869605387
2547568,9,False,0.537072657845488
2547569,22,False,0.39166453324526973
2547570,2,False,0.734728836193352
2547571,1,False,0.553970764499211
2547572,1,False,0.7169909549575514
2547573,76,False,0.21119629271927345
2547577,95,False,0.6618935417036034
2547578,36,False,0.8831901325621071
2547579,0,False,0.0
2547580,33,False,0.28545216145535457
2547581,22,False,0.18560922482757355
2547582,107,False,0.493924961711432
2547583,40,False,0.2800327646067782
2547584,32,False,0.21774180802769258
2547586,81,False,0.13949098875537383
2547587,55,False,0.04025630310628221
2547588,6,False,0.0
2547589,9,False,0.6874128431968828
2547590,13,False,0.4637952029992736
2547591,53,False,0.07444945407339676
2547592,48,False,0.22858403959182988
2547593,47,False,0.2464402320148416
2547594,53,False,0.009773166023166023
2547595,7,False,0.4319218830018396
2547596,71,False,0.44506069306714346
2547597,8,False,0.3285115114183808
2547598,89,False,0.19190509420795535
2547600,39,False,0.1646235800012836
2547601,119,False,0.2294241215920641
2547602,15,False,0.3316550856040579
2547603,168,False,0.6292891150878345
2547604,132,False,0.21422774978582199
2547605,13,False,0.2567117210690692
2547606,33,False,0.3297896152404609
2547610,48,False,0.2356072926999191
2547611,91,False,0.452012718347237
2547614,11,False,0.3235809841570805
2547615,129,False,0.22381872689955123
2547616,140,False,0.019515265974189486
2547617,15,False,0.5076999703992008
2547618,33,False,0.12046307876352896
2547619,30,False,0.6217530546958785
2547620,207,False,0.14056522473778915
2547622,100,False,0.1570160264580224
2547623,111,False,0.25653557902232127
2547625,29,False,0.02631578947368421
2547631,30,False,0.32661949231163684
2547633,2,False,0.12551365409622886
2547634,33,False,0.42607061056436557
2547635,31,False,0.28059603643685255
2547636,233,False,0.2561770151606812
2547637,83,False,0.30211522302999305
2547638,4,False,0.0
2547639,170,False,0.527243446425008
2547640,65,False,0.36005700972806237
2547642,50,False,0.3312040567945481
2547643,8,False,0.5062305088211824
2547644,30,False,0.0
2547645,29,False,0.33420927343594503
2547648,172,False,0.0608165501855405
2547650,9,False,0.24890574846804786
2547652,1,False,0.5032463677496097
2547655,4,False,0.8982219497240956
2547656,35,False,0.47580569793670974
2547659,68,False,0.07491446065189987
2547660,57,False,0.33041981700040335
2547661,76,False,0.3079561129839858
2547662,44,False,0.03891795329845604
2547663,41,False,0.3181980049978774
2547664,7,False,0.6545791528884423
2547665,14,False,0.4897449018190369
2547666,26,False,0.4598570374926068
2547667,100,False,0.1877273902305508
2547668,9,False,0.5160466989088919
2547669,6,False,0.5287716223462634
2547670,2,False,0.5109869413280147
2547672,95,False,0.2432346428563841
2547673,39,False,0.10008990318118949
2547674,99,False,0.11848803029700818
2547675,11,False,0.11716280684923064
2547676,6,False,0.0
2547677,39,False,0.6407280783446291
2547679,10,False,0.0
2547680,58,False,0.21494601570390984
2547681,19,False,0.4588431299243333
2547682,2,False,0.0
2547683,0,False,0.0
2547686,4,False,0.5743996425630926
2547687,19,False,0.334679599247418
2547688,9,False,0.48066870514527466
2547689,166,False,0.2532902065443198
2547690,37,False,0.332505115368593
2547691,18,False,0.08943164184487924
2547692,17,False,0.3636122724459356
2547693,82,False,0.29065352308950443
2547695,2,False,0.5138213606923164
2547696,17,False,0.5592571393700915
2547697,26,False,0.31206478960713024
2547698,0,False,0.0
2547699,44,False,0.22020555040776274
2547701,175,False,0.06266050333846944
2547702,2,False,0.1408001599268788
2547703,1,False,0.5043058232683563
2547704,2,False,0.7087883518840224
2547705,23,False,0.9124640330969876
2547706,5,False,0.5662391189323431
2547707,109,False,0.09889866944839294
2547708,2,False,0.6555089389728803
2547710,0,False,0.0
2547712,40,False,0.12643678160919541
2547713,8,False,0.6275861692365193
2547714,42,False,0.9452572366339574
2547715,46,False,0.309139497945432
2547716,79,False,0.48946907103835025
2547717,73,False,0.5312906152938349
2547718,70,False,0.45454177404598706
2547719,29,False,0.18255741436384842
2547720,302,False,0.10388931477097701
2547721,6,False,0.06026711185308848
2547722,15,False,0.40947949550705276
2547723,172,False,0.2027464860941612
2547724,25,False,0.4232008947682352
2547726,11,False,0.42869015419613704
2547729,0,False,0.0
2547730,2,False,0.4849655842122121
2547731,60,False,0.11957335570461246
2547734,23,False,0.4487017580194985
2547735,38,False,0.1640265313214925
2547736,46,False,0.21824155740950194
2547737,43,False,0.46066566349096333
2547738,112,False,0.5637487486970222
2547739,34,False,0.23893389047256977
2547740,244,False,0.17662337662337663
2547741,42,False,0.4224504480889362
2547743,87,False,0.2628237367411186
2547746,60,False,0.3799409124692023
2547748,49,False,0.013192612137203167
2547749,9,False,0.3509842366685925
2547752,1,False,0.0
2547753,63,False,0.25899791981935105
2547755,23,False,0.5435123059197974
2547756,7,False,0.304631610823711
2547757,28,False,0.11950081034347719
2547758,49,False,0.15616728212327444
2547759,90,False,0.2149303008661166
2547760,20,False,0.15730235091222655
2547761,72,False,0.017249363278536697
2547762,5,False,0.606370397231151
2547763,11,False,0.9564662727218493
2547767,35,False,0.3006443648513447
2547768,50,False,0.21119721536629582
2547769,3,False,0.0
2547770,23,False,0.17693947700412063
2547771,3,False,0.8961380917425307
2547773,16,False,0.32423999274352344
2547774,198,False,0.20362881189201007
2547775,32,False,0.25807416071679895
2547781,33,False,0.1425726802070888
2547782,3,False,0.1262787821532774
2547783,1,False,0.6971431349174732
2547784,1,False,0.430324838017212
2547786,86,False,0.4820714214403853
2547788,103,False,0.012611063341931785
2547790,32,False,0.24807427343049138
2547791,30,False,0.3874388869295825
2547792,42,False,0.3960425690334196
2547793,99,False,0.25610864762873425
2547794,4,False,0.47444882161863294
2547796,6,False,0.49052092140525677
2547797,3,False,0.35456986012189157
2547798,46,False,0.8896023942743628
2547800,117,False,0.0732310022232363
2547801,5,False,0.6018717107046105
2547802,43,False,0.5272303471840193
2547804,7,False,0.4923291571548016
2547805,104,False,0.21860274533906987
2547807,303,False,0.06243550051599587
2547809,102,False,0.2625623907605847
2547810,165,False,0.6002121461350577
2547811,86,False,0.31532606990908263
2547812,12,False,0.43858813703997374
2547813,8,False,0.12574791564492396
2547814,25,False,0.33736909003136495
2547815,8,False,0.2387551801409325
2547816,227,False,0.1510751886410479
2547817,65,False,0.4439548659624846
2547818,10,False,0.33999099003187827
2547819,47,False,0.3042042737036785
2547820,88,False,0.2077864700028254
2547821,29,False,0.298501902615037
2547823,5,False,0.6452715914500546
2547824,33,False,0.12420882604155678
2547825,37,False,0.13841418108481054
2547826,42,False,0.27892802179096976
2547828,1,False,0.557575937804981
2547829,81,False,0.28027152361305796
2547830,2,False,0.5912688578371565
2547833,49,False,0.4491225384342669
2547834,79,False,0.9526904339339932
2547836,5,False,0.3567447410143672
2547838,7,False,0.6084569710678572
2547839,14,False,0.3894641301155878
2547840,5,False,0.4421155153265476
2547841,84,False,0.5113717889852907
2547842,57,False,0.5172022694483142
2547843,4,False,0.0
2547844,33,False,0.4407992136123944
2547845,2,False,0.6189649707968022
2547846,8,False,0.588910295544097
2547847,14,False,0.17054209049459734
2547849,12,False,0.4677038944453945
2547850,12,False,0.417121183545313
2547852,22,False,0.4207194266687853
2547854,27,False,0.27813945890273156
2547855,4,False,0.5312316213234226
2547856,47,False,0.1959033613445378
2547857,70,False,0.30868871987064533
2547858,26,False,0.42140172185195784
2547859,8,False,0.27561280226742646
2547860,34,False,0.2165483360323997
2547861,72,False,0.416047144327689
2547862,40,False,0.5039988328327507
2547863,3,False,0.5453141067321627
2547864,59,False,0.07774558862259678
2547865,6,False,0.5880833251423034
2547866,8,False,0.4600209799849017
2547867,18,False,0.1895784971883531
2547870,44,False,0.2527301774152863
2547871,29,False,0.6086184078968129
2547872,64,False,0.36891470698214324
2547873,38,False,0.4080190338924543
2547874,33,False,0.35453362519771386
2547875,216,False,0.2535550309545128
2547876,76,False,0.2940930697727154
2547884,50,False,0.325039549102729
2547885,55,False,0.37204332387789524
2547886,11,False,0.36041380080939567
2547887,6,False,0.474742241776549
2547888,97,False,0.30819854817063497
2547889,91,False,0.2575011160865738
2547890,36,False,0.9303709185828843
2547892,85,False,0.15314050904695323
2547893,1,False,0.32411883336507347
2547894,1,False,0.20811879430963806
2547895,49,False,0.1938534278959811
2547897,10,False,0.0
2547898,82,False,0.14390088945362134
2547899,62,False,0.15777042985356637
2547900,27,False,0.5353055900434116
2547902,44,False,0.7703297210168929
2547903,63,False,0.24545806026793865
2547904,66,False,0.23929103075022953
2547905,1,False,0.4602719930441699
2547906,44,False,0.5566674839928106
2547908,61,False,0.29828139308478785
2547909,1,False,0.0
2547910,53,False,0.35407549926207493
2547911,66,False,0.21228900604997847
2547912,107,False,0.405876119966547
2547913,8,False,0.6354390046344084
2547914,1,False,0.0
2547916,10,False,0.45739039061930087
2547917,146,False,0.2600020244994073
2547919,12,False,0.4669375730347878
2547920,85,False,0.3563328617064581
2547921,12,False,0.4756422916638583
2547922,34,False,0.36203569950236636
2547923,22,False,0.2604602510460251
2547924,0,False,0.0
2547925,16,False,0.3254891029679715
2547926,51,False,0.6224237829636905
2547927,7,False,0.1358090976882923
2547928,6,False,0.6205517131567126
2547929,38,False,0.47003744739073294
2547930,10,False,0.37469248496870117
2547931,94,False,0.4355147805057114
2547932,10,False,0.6323910028490652
2547936,119,False,0.22234072961445553
2547938,47,False,0.4959319735452676
2547939,298,False,0.09292035398230089
2547940,55,False,0.45940063804113657
2547941,22,False,0.4436414408786591
2547942,8,False,0.49827178727781135
2547943,17,False,0.37890023257843747
2547944,14,False,0.1486867856034918
2547945,10,False,0.4656452575532627
2547946,115,False,0.3652098014214812
2547949,21,False,0.011123470522803115
2547950,136,False,0.11529850746268658
2547952,7,False,0.5661286418231894
2547953,1,False,0.1566307371782876
2547954,0,False,0.0
2547955,0,False,0.0
2547956,52,False,0.23196465566802102
2547957,5,False,0.632158731302313
2547962,40,False,0.23859113023199713
2547963,19,False,0.4681579907859921
2547965,132,False,0.45055487044638454
2547966,6,False,0.4819553078063691
2547967,31,False,0.09265291349981904
2547969,71,False,0.41529622691781226
2547970,19,False,0.47034154202052597
2547971,98,False,0.6734753862834412
2547972,46,False,0.36600646659138997
2547973,6,False,0.4836052433162509
2547974,14,False,0.0
2547975,56,False,0.413893656618266
2547976,4,False,0.5657256724905697
2547977,174,False,0.2170732542225535
2547978,41,False,0.0892758430071863
2547979,46,False,0.2296311803705906
2547980,70,False,0.05252442996742671
2547981,4,False,0.5990323825159899
2547983,38,False,0.19061792805092864
2547984,25,False,0.2012986157285579
2547985,22,False,0.5099966292091681
2547986,164,False,0.3049515182983333
2547987,33,False,0.3510772712837012
2547988,77,False,0.4324889825504813
2547990,152,False,0.5077887701585427
2547992,140,False,0.08535688005886681
2547993,38,False,0.4299385938478765
2547995,99,False,0.810957162826392
2547996,87,False,0.2865002265675133
2547997,89,False,0.49228049351165704
2547998,12,False,0.47534194624473347
2547999,12,False,0.45639241823017457
2548001,25,False,0.5365118980894867
2548004,32,False,0.03735480464625132
2548005,74,False,0.46447481327705337
2548006,66,False,0.2730261800521923
2548007,0,False,0.0
2548008,0,False,0.0
2548010,4,False,0.6826177621028456
2548011,36,False,0.08483046900735118
2548013,13,False,0.09510423006695069
2548014,21,False,0.37052484849990064
2548016,78,False,0.001973832618993909
2548017,30,False,0.28843208542377824
2548018,24,False,0.38237081535487255
2548019,31,False,0.04330472959489124
2548020,16,True,0.7318142002989056
2548021,120,False,0.5512300863056155
2548022,20,False,0.0
2548023,28,False,0.33232153731478414
2548025,29,False,0.33232153731478414
2548026,19,False,0.6450054346815217
2548027,84,False,0.1486985228634944
2548028,64,False,0.9256883641776411
2548029,19,False,0.39466576367468065
2548030,161,True,0.16945493945438658
2548031,81,False,0.34589249953324275
2548032,15,False,0.2792765754461945
2548033,58,False,0.19633357374675664
2548034,39,False,0.504468461331303
2548035,41,False,0.5427014800692187
2548036,9,False,0.5785086702566614
2548037,15,False,0.42368539737857197
2548038,7,False,0.7579562041452307
2548039,48,False,0.11573938794314817
2548040,300,False,0.26483459890374755
2548041,61,False,0.13868238459359955
2548043,11,False,0.6429827955235797
2548044,5,False,0.7116279069767442
2548046,81,False,0.2695465757427505
2548047,41,False,0.5109629891749075
2548048,2,False,0.0
2548049,142,False,0.2332369924309471
2548050,4,False,0.5530688873290974
2548052,16,False,0.16645823159250409
2548053,1,False,0.5577135754413959
2548054,0,False,0.0
2548055,32,False,0.39868465908840006
2548056,15,False,0.2798646229581562
2548058,15,False,0.41799595094812697
2548059,71,False,0.38527797061414903
2548060,49,False,0.29005433378305856
2548061,39,False,0.22989679357923468
2548062,7,False,0.3171710494765643
2548063,58,False,0.15060029266999253
2548064,38,False,0.20546332872408107
2548067,68,False,0.4763468223793719
2548068,5,False,0.0
2548069,43,False,0.45487774882579673
2548072,23,False,0.3314158502624525
2548074,25,False,0.0907249898744431
2548075,68,False,0.272317262799963
2548077,193,False,0.11045152212066703
2548078,6,False,0.0
2548081,10,False,0.6085248640543128
2548083,15,False,0.25433753915829943
2548087,10,False,0.6734507897934386
2548088,14,False,0.45122302037197437
2548089,2,False,0.29089673194194926
2548090,26,False,0.5775953375809363
2548091,14,False,0.5871297153170189
2548095,16,True,0.29381407132672765
2548096,25,False,0.14595898673100122
2548098,3,False,0.4401956124011639
2548099,31,False,0.6618173745743141
2548100,6,False,0.5145767603060858
2548101,12,False,0.4335354773559994
2548102,200,False,0.08130530973451328
2548103,67,False,0.26631966168610455
2548105,30,False,0.30617649030981575
2548107,18,False,0.5282451038697017
2548108,40,False,0.27025952629769373
2548109,44,False,0.3956398914563244
2548110,37,False,0.2241962536015915
2548111,31,False,0.1055406043461993
2548112,302,False,0.14964654929350993
2548113,0,False,0.0
2548114,2,False,0.9556844238788718
2548115,9,False,0.4216093055955006
2548116,52,False,0.024491045461503137
2548117,165,False,0.14795621374359272
2548118,13,False,0.16063308589508163
2548119,22,False,0.09156073186861635
2548120,29,False,0.3787800085101969
2548121,35,False,0.5350280621208244
2548122,116,False,0.18251062839472285
2548124,16,False,0.4582884059675477
2548125,277,False,0.1667844522968198
2548128,45,False,0.021273362710834222
2548129,49,False,0.860595285179483
2548131,6,False,0.0
2548132,12,False,0.450587852367369
2548133,110,False,0.14596921674773358
2548134,50,False,0.9901362632589915
2548135,24,False,0.3753228238638333
2548136,18,False,0.18861299222473038
2548138,9,False,0.39964844883751005
2548139,23,False,0.8532889068391891
2548142,10,False,0.33465124336184615
2548144,13,False,0.0
2548145,60,False,0.4031337081415237
2548146,25,False,0.4585573097316548
2548147,34,False,0.060941141468736054
2548148,4,False,0.1782614376080432
2548149,5,False,0.07687051588657327
2548150,156,False,0.26573573140010864
2548151,26,False,0.3006205166490976
2548152,0,False,0.0
2548153,24,False,0.4211832303481282
2548154,58,False,0.28829574636841143
2548155,40,False,0.31097555510857217
2548156,143,False,0.2677153583688271
2548157,21,False,0.5577146445464274
2548158,1,False,0.5761417035750257
2548159,1,False,0.5885312344611893
2548161,123,False,0.012534422182128952
2548162,75,False,0.56485782113209
2548163,137,False,0.2085676494673023
2548164,19,False,0.44073989410805525
2548165,64,False,0.176326823090506
2548167,36,False,0.47901770478449057
2548168,23,False,0.5337610060526612
2548169,1,False,0.44868612916836326
2548170,2,False,0.0
2548171,7,False,0.15072563659774618
2548172,11,False,0.17054209049459734
2548173,0,False,0.0
2548174,11,False,0.11457972630150674
2548175,6,False,0.0
2548178,7,False,0.8782938765782025
2548180,142,False,0.9811043712198468
2548181,30,False,0.3232335438643513
2548182,4,False,0.2996033692082528
2548183,118,False,0.35578411265543874
2548184,49,False,0.2817766762159162
2548186,30,False,0.0018062651597254478
2548188,62,False,0.05853418593212002
2548189,10,False,0.16798464140421449
2548190,6,False,0.3110839391048466
2548191,1,False,0.0
2548192,58,False,0.24403035576179427
2548193,24,False,0.4080657722866925
2548194,67,False,0.9851964791744573
2548195,6,False,0.38725032871597903
2548198,216,False,0.1534984632073766
2548199,42,False,0.18333043533384383
2548201,16,False,0.4999693716635853
2548202,22,False,0.3210432231505081
2548203,10,False,0.12693136902623067
2548204,9,False,0.0
2548206,88,False,0.12895482364135724
2548208,6,False,0.5304351858449972
2548211,27,False,0.5574276398660408
2548212,22,False,0.5712549129056048
2548213,10,False,0.6129873149303263
2548214,7,False,0.2039200204927945
2548215,38,False,0.5572685791771737
2548216,1,False,0.5944364365583661
2548217,25,False,0.13909269606570074
2548218,18,False,0.6096494956081809
2548219,81,False,0.08556768085567681
2548222,88,False,0.26112385321100917
2548223,31,False,0.1619862261590355
2548224,173,False,0.3114306453523447
2548225,4,False,0.0
2548227,59,False,0.350399091040289
2548229,14,False,0.38782873268694146
2548230,131,False,0.8991219588628865
2548232,42,False,0.17537773026482723
2548233,12,False,0.42079627542322107
2548234,139,False,0.31529357655993867
2548235,28,False,0.35308779521955336
2548238,44,True,0.18127250900360145
2548239,36,False,0.31898501313490873
2548240,23,False,0.4563090195802413
2548241,60,False,0.34335426857801504
2548242,18,False,0.9991727472849525
2548243,3,False,0.6180403191707523
2548244,106,False,0.41824699098626783
2548245,42,False,0.46484108927398604
2548247,55,False,0.3461522557778181
2548248,59,False,0.3176159914568445
2548250,4,False,0.46791949116762255
2548251,21,False,0.2331048155851111
2548252,34,False,0.6311180759943549
2548255,79,False,0.435739686404674
2548256,34,False,0.2905824400671295
2548258,4,False,0.0
2548259,305,True,0.25
2548260,60,False,0.17702188654280832
2548262,7,False,0.3398380236606813
2548264,80,False,0.10002825656965245
2548266,61,False,0.03638290356764394
2548268,21,False,0.6171734433481911
2548269,28,False,0.5209676495594754
2548270,3,False,0.7854621426272306
2548271,23,False,0.15692400428215506
2548272,8,False,0.603496942871371
2548273,51,False,0.4527684687871049
2548274,9,False,0.2819474850676207
2548276,4,False,0.6693366094899494
2548277,39,False,0.9570383326677645
2548279,18,False,0.05105908584169454
2548280,9,False,0.5089148982429716
2548281,109,False,0.8907497494995332
2548282,31,False,0.10657496133183236
2548283,30,False,0.33440316831304834
2548285,63,False,0.19569354778519985
2548286,18,False,0.40675884735208445
2548287,22,False,0.32411837017576106
2548289,31,False,0.08072405261052752
2548291,3,False,0.6650194391509978
2548292,22,False,0.1479214896360801
2548294,66,False,0.19629299494199307
2548295,63,False,0.14891597582226887
2548296,119,False,0.4194006252696322
2548297,30,False,0.28459481595770364
2548298,3,False,0.0
2548299,10,False,0.42632041473381466
2548300,89,False,0.5225045378635279
2548302,4,False,0.2233815854972287
2548303,24,False,0.31192401695131033
2548305,9,False,0.5544830737140206
2548307,167,False,0.09757754131763641
2548308,17,False,0.5695644956635394
2548309,51,False,0.5822868198057467
2548310,0,False,0.0
2548313,37,False,0.2762911998466846
2548314,43,False,0.5910775440148022
2548315,63,False,0.3222316593544181
2548316,22,False,0.4536452679610734
2548317,6,False,0.684470612460219
2548318,1,False,0.6985743980692684
2548319,19,False,0.26889988403972476
2548321,20,False,0.5283020427886727
2548323,18,False,0.11795185084623043
2548324,0,False,0.0
2548325,18,False,0.33048391973631935
2548328,85,False,0.5590745977766439
2548329,15,False,0.163391557496361
2548331,5,False,0.0
2548332,44,False,0.5963916909540461
2548333,26,False,0.4195046871651193
2548334,41,False,0.2873876070401024
2548335,44,False,0.2951031012638152
2548336,17,False,0.35142163931037174
2548337,39,False,0.41703632576345945
2548338,63,False,0.21038778733111074
2548339,6,False,0.29956609123170597
2548340,20,False,0.47326105219554804
2548341,1,False,0.0
2548342,0,False,0.0
2548343,6,False,0.46727147158493393
2548344,28,False,0.5143667471171449
2548345,308,False,0.08859980230339533
2548348,72,False,0.30422138836772983
2548349,49,False,0.1807587589107181
2548351,84,False,0.007884615384615384
2548352,64,False,0.19301897457909784
2548353,63,False,0.30545792873322214
2548354,64,False,0.06422504908561585
2548355,2,False,0.0
2548356,4,False,0.37115193964129833
2548358,105,False,0.1583153194642821
2548359,20,False,0.3151534026725925
2548360,7,False,0.0
2548361,4,False,0.5154562234480238
2548362,57,True,0.351104627957984
2548363,36,False,0.9018814552255836
2548365,13,False,0.2427577369971183
2548366,173,False,0.15346431980478556
2548370,13,False,0.0
2548371,17,False,0.3009569430285543
2548373,29,False,0.4000857278435378
2548375,45,False,0.11936468534359193
2548379,10,False,0.15921433372680174
2548382,23,False,0.29096147372479003
2548386,40,False,0.0
2548387,53,False,0.5186855655392623
2548389,82,False,0.268400339721912
2548390,40,False,0.5606976047858112
2548391,5,False,0.0
2548392,32,False,0.31128461548730446
2548393,71,False,0.20155160711886166
2548394,2,False,0.2022710933335905
2548395,98,False,0.16868865589083132
2548396,35,False,0.22441272373686255
2548397,86,False,0.73315584529035
2548398,17,False,0.4028486945833868
2548399,9,False,0.34265593561368207
2548400,15,False,0.49706885852833854
2548401,28,False,0.03753135077033321
2548402,35,False,0.20130309342978223
2548403,32,False,0.260667417930031
2548404,62,False,0.23058032092379918
2548405,5,False,0.20066847716756286
2548406,60,False,0.5275119653242307
2548407,201,False,0.07882280304589422
2548409,7,False,0.48202848981659013
2548412,63,False,0.23266605924058004
2548413,6,False,0.13809086033861948
2548414,20,False,0.38523191630282366
2548415,39,False,0.08483046900735118
2548416,123,False,0.4083348440794533
2548417,13,False,0.24462197534044888
2548418,24,False,0.14037445013057645
2548419,110,False,0.38362951768718084
2548422,87,False,0.2845579718679498
2548423,62,False,0.1702647891658105
2548424,34,False,0.32639852584584145
2548425,14,False,0.4847514168452937
2548426,12,False,0.0
2548429,53,False,0.2098956117299643
2548430,52,False,0.5561612672933695
2548431,18,False,0.25262043942753476
2548433,45,False,0.4881473811167448
2548434,4,False,0.43681191440827255
2548435,69,False,0.33598164946303827
2548438,133,False,0.0747991967871486
2548439,48,False,0.0036891679748822606
2548441,16,False,0.30238370859679825
2548442,45,False,0.24516531503431066
2548443,6,False,0.0
2548444,17,False,0.8115100599360334
2548445,27,False,0.3084645538090364
2548446,67,False,0.8442614312425634
2548448,7,False,0.028113244901999603
2548449,51,False,0.206946517650822
2548450,0,False,0.0
2548451,11,False,0.34522153057488103
2548452,184,True,0.18443905734349905
2548453,43,False,0.19821964007780335
2548454,16,False,0.0
2548455,24,False,0.3872210456765478
2548456,46,False,0.4838622567909936
2548457,5,False,0.5047968638100978
2548458,43,False,0.2818863726046654
2548459,24,False,0.0842013888888889
2548460,0,False,0.0
2548463,17,False,0.3058728081871871
2548464,38,False,0.1815482851824447
2548465,105,False,0.2206002482798129
2548466,25,False,0.73896247981971
2548467,1,False,0.7093775120945935
2548469,67,False,0.30083220126043125
2548470,12,False,0.1359322515021053
2548471,67,False,0.324047647269179
2548472,2,False,0.08533767011897629
2548473,32,False,0.2707300011519867
2548475,3,False,0.6360447010139624
2548476,24,False,0.20444945834027262
2548477,55,False,0.3321301876880053
2548480,187,False,0.46404448475518345
2548481,16,False,0.5668762575361552
2548482,5,False,0.5335838174572807
2548483,135,False,0.2327515283423747
2548484,6,False,0.5375937182804443
2548485,10,False,0.5158510004720369
2548487,70,False,0.17681409205811985
2548494,12,False,0.31948142477705527
2548497,18,False,0.3332921217738228
2548499,2,False,0.4688762576775877
2548504,5,False,0.28654829571085727
2548505,0,False,0.0
2548507,8,False,0.4249973334634444
2548510,21,False,0.830894209423348
2548512,14,False,0.2756299231199696
2548513,31,False,0.24438424446750362
2548514,32,False,0.35270279171632846
2548515,13,False,0.33879519662714896
2548518,24,False,0.24474887243480165
2548522,25,False,0.17341461866210775
2548523,39,False,0.28118740009413384
2548524,12,False,0.1345041998472783
2548525,0,False,0.0
2548526,36,False,0.24680030072400713
2548527,22,False,0.3547191513919272
2548528,15,False,0.37393557349045853
2548529,3,False,0.0
2548531,13,False,0.09650972124619349
2548533,0,False,0.0
2548535,15,False,0.0
2548536,0,False,0.0
2548539,20,False,0.527478880743239
2548541,66,False,0.31948898284267047
2548542,300,False,0.11913357400722022
2548543,9,False,0.0
2548545,1,False,0.45650546553828586
2548546,26,False,0.32626815897765177
2548547,11,False,0.4350192019768023
2548548,13,False,0.40478460582078124
2548552,29,False,0.3407375903865475
2551159,102,False,0.1972614208715395
5069759,13,False,0.6150257810237784
5069760,0,False,0.0
5069762,27,False,0.47118037526852163
5069763,29,False,0.3493611067483756
5069764,27,False,0.20878649112764738
5069767,3,False,0.45048948734675454
5069768,1,False,0.46412780892285554
5069769,6,False,0.0
5069770,0,False,0.0
5069771,0,False,0.0
5069772,2,False,0.47288134677472976
5069773,2,False,0.17541319821450116
5069774,13,False,0.6150257810237784
5069775,27,False,0.17352732434350604
5069776,28,False,0.24409486573277767
5069777,22,False,0.3335669958559264
5069779,28,False,0.13150854085202718
5069781,27,False,0.5560140195391486
5069782,27,False,0.23140530948209423
5069783,27,False,0.35853212613270086
5069784,0,False,0.0
5069785,1,False,0.603985375543307
5069786,7,False,0.4325985902063327
5069787,32,False,0.7181981451587903
5069788,4,False,0.2783344748211253
5069789,4,False,0.30540420008690694
5069790,81,False,0.15124995279634454
5069791,68,False,0.17575300771541985
5069792,3,False,0.21626947472134983
5069793,72,False,0.4399038744425963
5069794,70,False,0.13179158539983282
5069795,73,False,0.42560911335828205
5069796,0,False,0.0
5069797,16,False,0.3488317756117339
5069798,0,False,0.0
5069799,3,False,0.6135308848447709
5069800,38,False,0.3010043474977615
5069808,54,False,0.4763083293518076
5069809,30,False,0.6045736276759371
5069810,21,False,0.0
5069811,4,False,0.0
5069812,10,False,0.4954361069402723
5069813,35,False,0.2999871084182029
5069814,1,False,0.5226969320410624
5069815,48,False,0.5341509524211294
5069816,39,False,0.46282375316944274
5069817,4,False,0.6693366094899494
5069818,16,False,0.1905378469978009
5069819,28,False,0.6150728872759584
5069820,12,False,0.510718474932791
5069821,0,False,0.0
5069823,8,False,0.0
5069824,8,False,0.0
5069825,5,False,0.5450961588477004
5069826,12,False,0.0
5069827,13,False,0.3232206156408445
5069828,0,False,0.0
5069829,13,False,0.17542906520783447
5069830,13,False,0.5091887790805341
5069831,14,False,0.1446324940979525
5069832,19,False,0.2515293620355634
5069833,17,False,0.2633265465889621
5069834,18,False,0.08114157806379407
5069835,18,False,0.47752960313628146
5069836,14,False,0.0
5069837,26,False,0.22989550462839814
5069838,20,False,0.2905796160990916
5069839,5,False,0.3431948466189428
5069840,0,False,0.0
5069841,33,False,0.12531407893197272
5069842,33,False,0.10740131578947368
5069844,4,False,0.07661922824629952
5069845,8,False,0.0
5069846,1,False,0.3404614319280924
5069847,12,False,0.4669375730347878
5069849,16,False,0.27521162287785494
5069850,1,False,0.46034243731108554
5069851,33,False,0.12638554277335176
5069852,34,False,0.17854446854257852
5069854,31,False,0.26760883242972927
5069855,4,False,0.4357205616794359
5069856,11,False,0.49841076787731026
5069857,11,False,0.4663796335186845
5069858,3,False,0.6788743234860644
5069859,1,False,0.557575937804981
5069860,6,False,0.615704944329652
5069861,3,False,0.0
5069862,7,False,0.05842525675161658
5069863,8,False,0.07382839421088903
5069864,9,False,0.0
5069866,15,False,0.6234291561371896
5069867,20,False,0.5778490184324981
5069868,28,False,0.17713077414736708
5069869,22,False,0.2850748053781242
5069870,20,False,0.2331048155851111
5069872,30,False,0.294495375554221
5069873,34,False,0.23421633554083884
5069876,31,False,0.8672291474696284
5069877,1,False,0.3087060534492715
5069878,19,False,0.41702086756180695
5069880,22,False,0.28383386662069604
5069881,23,False,0.36457737584958355
5069882,6,False,0.0
5069885,1,False,0.3087060534492715
5069886,22,False,0.35847301516164043
5069887,50,False,0.28313708005773713
5069888,43,False,0.5438737662408812
5069889,1,False,0.27428633820117376
5069890,1,False,0.0
5069891,3,False,0.3749580695907663
5069892,32,False,0.2198060886565854
5069893,40,False,0.2603458530960188
5069894,39,False,0.15406811686467048
5069895,9,False,0.36032669045313254
5069896,10,False,0.36032669045313254
5069897,18,False,0.4419282777628586
5069898,21,False,0.3333838984340906
5069899,38,False,0.18627907573740374
5069900,44,False,0.3217214543695313
5069903,20,False,0.40675884735208445
5069904,4,False,0.5948091332108424
5069905,4,False,0.3882843176503706
5069907,3,False,0.025540275049115914
5069908,1,False,0.23725109503443845
5069909,2,False,0.0
5069910,17,False,0.0
5069911,7,False,0.46643134659528435
5069912,34,False,0.2859280369799957
5069913,4,False,0.0
5069914,21,False,0.6358995324439368
5069915,17,False,0.6710352555662479
5069916,38,False,0.4660366151783955
5069917,15,False,0.0
5069918,31,False,0.5578871474440946
5069919,21,False,0.39241386212496904
5069920,24,False,0.38307479152396123
5069921,21,False,0.19960711450882662
5069924,28,False,0.2188562688127194
5069925,18,False,0.5352243558266527
5069926,13,False,0.29445756658628564
5069929,30,False,0.0894842115950858
5069930,17,False,0.48003259254542774
5069931,18,False,0.47694022656756485
5069932,19,False,0.338670386488918
5069933,20,False,0.2976658994446439
5069934,0,False,0.0
5069935,2,False,0.4401239315755937
5069936,51,False,0.18439037814037815
5069937,53,False,0.381044099505983
5069938,18,False,0.0
5069939,31,False,0.13664176865055663
5069940,21,False,0.5366849914311
5069941,3,False,0.15597667638483964
5069942,0,False,0.0
5069943,17,False,0.376018333381814
5069944,0,False,0.0
5069945,5,False,0.3716364048142596
5069946,1,False,0.0
5069947,16,False,0.38913380526335334
5069948,27,False,0.14481409001956946
5069949,17,False,0.38846474985418483
5069950,13,False,0.39477818604884213
5069951,4,False,0.8213870592793491
5069952,30,False,0.5449660066360286
5069953,21,False,0.2331083058795688
5069954,14,False,0.6134889753566797
5069955,13,False,0.47478849766036435
5069956,15,False,0.6134889753566797
5069957,26,False,0.22980316329500428
5069958,24,False,0.8390793495849884
5069959,9,False,0.37890886029355125
5069960,11,False,0.0
5069961,6,False,0.1155368075257578
5069962,2,False,0.0
5069963,15,False,0.0
5069965,7,False,0.5670125055910963
5069966,40,False,0.4171723251011325
5069967,55,False,0.17139631303800273
5069968,34,False,0.29384550260832365
5069970,54,False,0.20340203032312368
5069971,83,False,0.7590832037372309
5069973,22,False,0.6201483529186526
5069974,49,False,0.011265604384451436
5069976,16,False,0.35230655425306057
5069978,42,False,0.6741070212954224
5069980,41,False,0.57679418205109
5069981,41,False,0.21815782313794882
5069982,57,False,0.2122693997448266
5069983,53,False,0.34436457872709675
5069984,59,False,0.2959603084121362
5069985,10,False,0.19200710360351173
5069987,2,False,0.08652361429103882
5069988,60,False,0.3803611821053657
5069990,38,False,0.0
5069991,38,False,0.658098340619806
5069992,59,False,0.19004524886877827
5069993,71,False,0.31292843758153654
5069995,79,False,0.10095598092239018
5070001,51,False,0.10905539772727273
5070002,40,False,0.9457197925419911
5070003,82,False,0.13044433659348015
5070004,67,False,0.1410337697311386
5070005,64,False,0.1102518880296658
5070006,76,False,0.21350526891334648
5070007,59,False,0.2814277526112118
5070008,64,False,0.3018284932889739
5070009,47,False,0.11970210498597399
5070010,46,False,0.0794979079497908
5070011,50,False,0.07187397440105021
5070012,64,False,0.22999400051232247
5070014,3,False,0.21345951629863302
5070015,21,False,0.029104477611940297
5070016,2,False,0.6851960529952296
5070017,5,False,0.14966431992151072
5070018,58,False,0.3165767199600684
5070019,13,False,0.5569624897972122
5070020,19,False,0.15881939717993446
5070021,7,False,0.4606161881079641
5070022,2,False,0.6638314109583344
5070023,0,False,0.0
5070024,9,False,0.6006813264877781
5070025,7,False,0.2106804655063097
5070026,9,False,0.0
5070027,5,False,0.2933385821472464
5070028,3,False,0.0
5070029,17,False,0.4883558809699477
5070031,14,False,0.377331545493739
5070032,34,False,0.28331096060940475
5070033,15,False,0.5592571393700915
5070034,33,False,0.39034414949436763
5070035,28,False,0.5110610577908947
5070036,58,False,0.2108779771580842
5070037,8,False,0.3249164978406059
5070038,8,False,0.30144977356641156
5070039,8,False,0.0
5070040,4,False,0.25020717596675773
5070042,14,False,0.41173605367153754
5070043,14,False,0.452872258224918
5070044,5,False,0.0
5070045,5,False,0.6987411830294982
5070046,4,False,0.09716132010154627
5070047,52,False,0.6594514795788069
5070048,51,False,0.20867830107182359
5070049,52,False,0.4883999660470249
5070050,52,False,0.2175490936440422
5070051,52,False,0.20516469153815758
5070052,8,False,0.5865013045440706
5070053,23,False,0.41330766842135974
5070054,49,False,0.3195678354260444
5070055,20,False,0.2863611302623442
5070056,12,False,0.0
5070057,0,False,0.0
5070058,14,False,0.16982004459334982
5070059,21,False,0.1553030303030303
5070060,7,False,0.0
5070061,6,False,0.5108728559989264
5070062,2,False,0.0
5070063,4,False,0.0
5070064,17,False,0.41412933990838785
5070065,4,False,0.3738239722915383
5070066,24,False,0.3009212708845782
5070067,27,False,0.21936089049635774
5070068,15,False,0.0
5070069,5,False,0.0
5070070,11,False,0.2656546275285181
5070071,4,False,0.0
5070072,6,False,0.0
5070073,29,False,0.4736275323833083
5070074,3,False,0.0
5070076,40,False,0.5113831371320781
5070077,7,False,0.6432489720302371
5070078,7,False,0.5661286418231894
5070080,13,False,0.6183020929372796
5070081,7,False,0.24946856596432262
5070082,15,False,0.4586819733221046
5070083,13,False,0.4891950026386739
5070084,16,False,0.5191141856418174
5070085,4,False,0.31006091857367113
5070086,4,False,0.6845129080821447
5070087,4,False,0.21524858916945003
5070088,8,False,0.5718948296530689
5070089,0,False,0.0
5070091,18,False,0.07299227001829232
5070092,4,False,0.0
5070093,13,False,0.20371145447750114
5070094,12,False,0.08790033720393776
5070095,19,False,0.0
5070096,22,False,0.0
5070097,26,False,0.1953861416893693
5070098,31,False,0.4159931226027279
5070101,49,False,0.15661251134817453
5070102,15,False,0.307589481989091
5070103,11,False,0.0
5070104,9,False,0.38200554887692406
5070105,1,False,0.0
5070106,53,False,0.07017982017982018
5070107,61,False,0.1397564849126522
5070108,57,False,0.1397564849126522
5070109,53,False,0.2074665623689619
5070110,11,False,0.573445264715382
5070111,19,False,0.44182911139658504
5070113,1,False,0.40209537462067607
5070114,9,False,0.2778831009306302
5070115,2,False,0.0
5070117,8,False,0.257432861517619
5070118,28,True,0.322957155385708
5070119,21,False,0.830894209423348
5070120,25,False,0.26725175478671426
5070121,15,False,0.2385193051672265
5070122,20,False,0.37365455329785807
5070125,23,False,0.11421348105736699
5070126,21,False,0.031055900621118012
5070127,33,False,0.23993201790769328
5070128,35,False,0.20568514400065133
5070134,24,False,0.0055617352614015575
5070135,22,False,0.25070642593653697
5070137,29,False,0.17658108954289292
5070138,19,False,0.35375042486159863
5070139,30,False,0.25512538722477857
5070140,39,False,0.2643526865475252
5070141,18,False,0.3009569430285543
5070142,34,False,0.15077302853923769
5070143,129,False,0.14765058919056334
5070144,53,False,0.1911161803385715
5070145,207,False,0.19114775439357778
5070147,60,False,0.30342452962206806
5070148,42,False,0.30740425378770286
5070149,75,False,0.05054490792934987
5070150,167,False,0.4446343779677113
5070152,66,False,0.34947700626667805
5070153,39,False,0.38371980946373035
5070154,55,False,0.4533522429756112
5070155,70,False,0.11184482047049113
5070156,35,False,0.6917971653996499
5070157,44,False,0.29838211570615136
5070158,76,False,0.16755571538265945
5070159,75,False,0.28934715814704615
5070160,23,False,0.2852410670512988
5070161,24,False,0.4839361821923366
5070162,83,False,0.014720709820528333
5070163,67,False,0.4114458614714969
5070164,63,False,0.3903067806398353
5070165,8,False,0.3603836177328074
5070166,3,False,0.5186952381366509
5070167,42,False,0.20492099355144391
5070168,71,False,0.40974465149003647
5070169,1,False,0.41374215514820323
5070170,5,False,0.022871819960861055
5070171,5,False,0.6396308213632037
5070172,6,False,0.47738391364199323
5070173,10,False,0.057321350284962734
5070174,10,False,0.1545476001205255
5070175,6,False,0.29647446977053116
5070176,6,False,0.11486169714017815
5070177,5,False,0.4685721521418745
5070179,6,False,0.16171236171236172
5070180,38,False,0.24495883287592085
5070181,55,False,0.2766819923018931
5070182,59,False,0.30456008765393633
5070183,14,False,0.3572217677743747
5070184,21,False,0.3921737574708369
5070185,95,False,0.2818576567090127
5070186,73,False,0.32256144679554805
5070187,77,True,0.1448634590377113
5070188,60,False,0.30506756880984087
5070189,94,False,0.19261365779120934
5070191,56,False,0.17309568743208817
5070192,55,False,0.2825831720287751
5070193,33,False,0.10297962420536959
5070194,49,False,0.18164596557225474
5070195,51,False,0.3419785511052747
5070196,124,False,0.29842772684719415
5070197,79,False,0.13595765795567316
5070198,20,False,0.14135356640601848
5070203,33,False,0.19460869655335356
5070205,36,False,0.04284037558685446
5070206,14,False,0.4684901791527662
5070207,13,False,0.4482994475553384
5070209,6,False,0.5168349782769496
5070210,15,False,0.5035695009861676
5070211,13,False,0.5428872180501992
5070212,0,False,0.0
5070213,0,False,0.0
5070214,33,False,0.21939426096266887
5070215,0,False,0.0
5070216,28,False,0.47405800204760346
5070217,31,False,0.4148485669694277
5070218,27,False,0.27548340381700415
5070219,32,False,0.2692070407197519
5070220,52,False,0.14695726902688896
5070221,48,False,0.041688095602514255
5070222,37,False,0.21969416297999647
5070223,18,False,0.4620681791551778
5070224,18,False,0.42482593712440814
5070225,26,False,0.3205616614942783
5070226,0,False,0.0
5070231,13,False,0.3261443673183468
5070233,19,False,0.4430810685343707
5070234,39,False,0.05675277740596975
5070235,9,False,0.5153237805382123
5070236,9,False,0.34222772577904614
5070237,3,False,0.14452865940312648
5070238,0,False,0.0
5070239,4,False,0.2466264401608588
5070240,172,False,0.16102451417977065
5070242,47,False,0.24004859795171396
5070243,176,True,0.017126036928017126
5070244,207,False,0.2862646317973033
5070251,172,True,0.14271303976938834
5070252,209,False,0.10542018896071606
5070254,123,False,0.18433420365535247
5070255,183,False,0.0024162695482918316
5070256,157,False,0.17747697624851144
5070257,152,False,0.17747697624851144
5070258,192,False,0.16365093010353346
5070259,145,False,0.3099085758440263
5070260,168,False,0.306313130171475
5070263,3,False,0.6565939223896557
5070264,10,False,0.06525336905981559
5070265,5,False,0.5749515338976763
5070266,1,False,0.0
5070267,8,False,0.49555487918232305
5070268,8,False,0.3356107133235376
5070269,10,False,0.6734507897934386
5070270,10,False,0.47793536567046396
5070272,5,False,0.3884603683676104
5070273,1,False,0.5577135754413959
5070274,9,False,0.45574709031934496
5070275,9,False,0.45033976655739927
5070276,9,False,0.019579193454120396
5070277,7,False,0.0
5070279,98,False,0.18267544538680883
5070280,1,False,0.0
5070281,0,False,0.0
5070282,5,False,0.76254009652836
5070283,5,False,0.3160896538829538
5070284,97,False,0.3342507437222383
5070287,102,False,0.47316813169597804
5070288,12,False,0.6218756960480057
5070289,2,False,0.5937738216433601
5070290,2,False,0.5937738216433601
5070291,19,False,0.6076539792162322
5070292,20,False,0.4343419327017612
5070293,17,False,0.2002344087348097
5070294,13,False,0.496546773017555
5070295,13,False,0.41627753045982036
5070296,10,False,0.20651223371514138
5070297,14,False,0.30070281124497994
5070298,5,False,0.0
5070299,5,False,0.0
5070300,7,False,0.14725100761938764
5070301,3,False,0.4383946572179509
5070302,18,False,0.3822813903357224
5070303,23,False,0.27580439019826725
5070304,1,False,0.2998351673599525
5070305,14,False,0.08769955646653094
5070306,7,False,0.0
5070307,8,False,0.26194034435735364
5070308,9,False,0.009398722737679239
5070309,9,False,0.09902730964462944
5070310,10,False,0.0
5070311,14,False,0.22946976373948758
5070312,18,False,0.030280317793434267
5070317,38,False,0.13834386431659462
5070318,18,False,0.3316550856040579
5070319,41,False,0.24537403385060244
5070320,18,False,0.5030519211765089
5070321,1,False,0.31056160938809724
5070322,11,False,0.5105738278921963
5070324,0,False,0.0
5070326,0,False,0.0
5070327,2,False,0.0
5070328,27,False,0.5235038658161475
5070329,44,False,0.18333043533384383
5070330,20,False,0.3306117729537682
5070331,19,False,0.27307315709495467
5070332,44,False,0.08891885010328499
5070333,31,False,0.5720181898616913
5070334,41,False,0.06526123520681913
5070335,4,False,0.4728806561675775
5070336,0,False,0.0
5070337,0,False,0.0
5070338,27,False,0.2850043119613877
5070339,27,False,0.21843418885220114
5070340,40,False,0.024203307785397338
5070341,4,False,0.4570061317701848
5070342,0,False,0.0
5070343,27,False,0.3619175977198448
5070344,21,False,0.3619175977198448
5070345,13,False,0.5922474340823422
5070346,13,False,0.5969687636161486
5070347,13,False,0.521549574103427
5070348,13,False,0.40931824151509755
5070349,4,False,0.11028240405503258
5070350,4,False,0.0
5070351,8,False,0.17480828144547156
5070352,7,False,0.6031961071297663
5070353,8,False,0.0
5070354,2,False,0.6770673244037995
5070355,20,False,0.4090613384592289
5070356,11,False,0.1823746174505028
5070357,9,False,0.4742589633859518
5070358,20,False,0.04533726502027276
5070359,0,False,0.0
5070362,1,False,0.254768096045654
5070363,13,False,0.4413015399444217
5070364,0,False,0.0
5070365,36,False,0.03742896335488928
5070366,9,False,0.0
5070368,9,False,0.7977011444929687
5070369,26,False,0.18598483353972348
5070370,12,False,0.18584372385195932
5070371,14,False,0.28408485154209623
5070373,20,False,0.028012279355333843
5070374,24,False,0.38198540523395347
5070375,37,False,0.09281236005373936
5070376,41,False,0.08552835450883173
5070377,40,False,0.0
5070378,24,False,0.23823392292770593
5070379,26,False,0.04226859283039058
5070380,31,False,0.14339113846880847
5070382,2,False,0.3304598769504122
5070383,28,False,0.3775327603451491
5070384,14,False,0.31240565282240707
5070385,44,False,0.26481314992498745
5070386,21,False,0.21701072927785087
5070390,32,False,0.17518058701615205
5070391,3,False,0.2756696236697784
5070392,18,False,0.2928359636537542
5070393,18,False,0.2928359636537542
5070394,18,False,0.05651203570859238
5070395,41,False,0.5436074709467732
5070396,38,False,0.12794216483842571
5070397,60,False,0.0
5070398,1,False,0.12292643142877799
5070399,1,False,0.19381270805562234
5070400,18,False,0.06057803468208092
5070401,16,False,0.612064470743173
5070402,38,False,0.02265478939843836
5070403,24,False,0.4998751855301271
5070404,46,False,0.057134174137669046
5070405,65,False,0.11156462585034013
5070406,64,False,0.24546108804686737
5070408,5,False,0.39781699248486196
5070409,0,False,0.0
5070410,1,False,0.5209872871315123
5070411,1,False,0.5209872871315123
5070412,0,False,0.0
5070413,5,False,0.4045725759091625
5070414,3,False,0.5405242264863986
5070415,71,False,0.35824253496048225
5070416,1,False,0.3601441522247493
5070417,24,False,0.8852815053368235
5070418,24,False,0.34394828917660125
5070419,24,False,0.17042386551731
5070420,1,False,0.4372032088995228
5070421,3,False,0.1520971501477185
5070422,1,False,0.21948911238717628
5070423,30,False,0.17707620576763272
5070424,60,False,0.2969309742245522
5070425,60,False,0.2969309742245522
5070426,58,False,0.1394972721253173
5070428,71,False,0.11616239705769844
5070430,72,False,0.09146417262525267
5070431,71,False,0.05227579990986931
5070433,53,False,0.045474613686534215
5070434,4,False,0.5476945080282297
5070435,30,False,0.0
5070436,0,False,0.0
5070437,4,False,0.2985771463316018
5070438,41,False,0.02097615880487056
5070439,41,False,0.2490083471681373
5070440,3,False,0.5762213295322016
5070441,2,False,0.5762213295322016
5070442,2,False,0.3323539643792806
5070443,12,False,0.2924831102597296
5070444,0,False,0.0
5070446,1,False,0.5805842274084967
5070447,5,False,0.4825654597427727
5070448,5,False,0.7714717202575122
5070449,24,False,0.06806822459560885
5070450,6,False,0.3465597345646505
5070451,0,False,0.0
5070452,9,False,0.45106386506863755
5070453,20,False,0.627519079605592
5070454,1,False,0.5882560370791545
5070455,0,False,0.0
5070456,0,False,0.0
5070458,9,False,0.5160466989088919
5070459,9,False,0.34027398338720094
5070460,13,False,0.13888663803581558
5070461,0,False,0.0
5070462,8,False,0.10134062562529181
5070463,12,False,0.44929773811834406
5070465,10,False,0.17967550660928971
5070466,10,False,0.4708474341898919
5070467,10,False,0.4102444837542274
5070468,4,False,0.4857456338063807
5070469,3,False,0.5959558072357864
5070470,5,False,0.45198857590017993
5070471,42,False,0.8958394709596029
5070472,35,False,0.5202490190483063
5070474,12,False,0.3015755328490873
5070475,26,False,0.32206656909257436
5070476,4,False,0.0
5070477,16,False,0.0
5070478,49,False,0.10855733021685496
5070479,44,False,0.21542357144013077
5070480,52,False,0.1497813651176296
5070481,18,False,0.603676201461438
5070483,54,False,0.0
5070484,51,False,0.3030868385345997
5070485,62,False,0.07148722871007306
5070486,62,False,0.0
5070487,143,False,0.32303200780176894
5070488,65,False,0.01010330343966398
5070489,57,False,0.12393087798917787
5070490,59,False,0.21230404839848618
5070491,70,False,0.3292767732962448
5070492,61,False,0.05590807751672097
5070493,306,False,0.0880115778646209
5070496,284,False,0.0533854470249429
5070497,279,False,0.1667844522968198
5070498,302,False,0.05279034690799397
5070499,291,False,0.07544378698224852
5070500,289,False,0.20700235611938694
5070501,304,False,0.19569486210953463
5070503,97,False,0.156900058534888
5070504,104,False,0.18520460037485711
5070505,133,False,0.18520460037485711
5070507,249,False,0.002285496619369584
5070508,167,False,0.24096154543160303
5070509,43,False,0.576424120020817
5070510,7,False,0.0
5070511,51,False,0.29347353525600023
5070512,58,False,0.21738787952500122
5070513,15,False,0.5409516993229185
5070514,24,False,0.08597339782345828
5070515,23,False,0.28478486771479716
5070516,37,False,0.25228351808732574
5070517,34,False,0.36668480020826016
5070519,30,False,0.19287829008224278
5070520,42,False,0.23516036868696372
5070521,34,False,0.43239978277666163
5070522,40,False,0.26389953276856976
5070524,46,False,0.3321872956481108
5070525,34,False,0.20643783222950676
5070526,28,False,0.19239817756581953
5070528,289,True,0.16853932584269662
5070529,252,False,0.06505372447816034
5070532,301,False,0.03496107572540694
5070533,300,False,0.25
5070534,31,False,0.0
5070535,56,False,0.11825039401843361
5070536,46,False,0.11791782968512805
5070537,32,False,0.04511784511784512
5070538,20,False,0.23968396123042685
5070539,5,False,0.0
5070542,307,True,0.07709181326496871
5070544,305,False,0.077941025907218
5070545,85,False,0.0076158940397350995
5070546,180,False,0.12470515327816185
5070549,204,False,0.09295962571059666
5070551,33,False,0.3512992717061473
5070552,8,False,0.25021456512488693
5070553,34,False,0.08215488215488216
5070554,102,False,0.18776627524265777
5070555,196,False,0.2050300385572717
5070556,0,False,0.0
5070557,14,True,0.044444444444444446
5070558,14,False,0.045968981416794744
5070559,14,False,0.2801336284177499
5070561,14,False,0.6744611831448695
5070564,10,False,0.6323910028490652
5070565,5,False,0.29017016424648884
5070566,4,False,0.29017016424648884
5070567,5,False,0.1926934511424899
5070568,1,False,0.4877236659517067
5070569,0,False,0.0
5070570,2,False,0.17173239363316606
5070571,10,False,0.20032680477705297
5070572,21,False,0.13378173604223575
5070573,18,False,0.1213941676653541
5070574,7,False,0.0288339222614841
5070575,7,False,0.7170606299923223
5070576,10,False,0.16534181240063595
5070577,9,False,0.1648152751004197
5070578,2,False,0.5611559804362947
5070579,1,False,0.22816818168210654
5070580,2,False,0.20861232956519693
5070582,19,False,0.2095523885050289
5070583,13,False,0.2242808857700075
5070584,68,False,0.03575592693354061
5070585,68,False,0.038840543301936356
5070586,61,False,0.2696279648182603
5070588,76,False,0.10330188679245284
5070590,66,False,0.09699723429474516
5070591,30,False,0.14518002322880372
5070592,24,False,0.0
5070593,25,False,0.357993864073521
5070594,32,False,0.24060668802272625
5070595,10,False,0.1757472757774426
5070597,16,False,0.13178697732473477
5070598,8,False,0.4524452880048436
5070599,42,False,0.3011020890166883
5070600,22,False,0.11413483656419142
5070601,27,False,0.3293913326309478
5070602,2,False,0.30661174770683547
5070603,2,False,0.30661174770683547
5070604,5,False,0.41291324132558793
5070605,22,False,0.24968561140474638
5070606,22,False,0.13238396624472573
5070607,15,False,0.39864129981293644
5070608,20,False,0.3242865797931877
5070609,18,False,0.28114755614755615
5070611,12,False,0.06998199819981998
5070612,11,False,0.2135444803345782
5070613,3,False,0.0
5070614,0,False,0.0
5070615,2,False,0.0
5070616,11,False,0.3370724438380662
5070617,13,False,0.25431731828157206
5070618,7,False,0.28929492597984363
5070619,9,False,0.25431731828157206
5070620,2,False,0.2611915928722748
5070622,25,False,0.4898100428108057
5070623,38,False,0.2589944446528505
5070624,45,False,0.39793510935297416
5070625,45,False,0.39793510935297416
5070626,7,False,0.33099442320552125
5070627,12,False,0.4948413963396431
5070628,13,False,0.4948413963396431
5070629,0,False,0.0
5070630,26,False,0.0
5070631,9,False,0.06738734458342588
5070632,21,False,0.3253934919050864
5070633,57,False,0.13416914950460823
5070634,49,False,0.029356060606060608
5070635,14,False,0.5132920632666159
5070636,5,False,0.0
5070637,16,False,0.10835103490897056
5070638,3,False,0.25511630843405597
5070639,11,False,0.3301624858014312
5070640,23,False,0.2982138158572261
5070641,23,False,0.0
5070643,20,False,0.34295423616002035
5070645,9,False,0.3329259235243436
5070646,114,False,0.2670238030877594
5070647,58,False,0.219886561077294
5070648,79,False,0.1407235882682676
5070649,11,False,0.33455498401897543
5070650,9,False,0.3510004566798206
5070651,31,False,0.0
5070652,7,False,0.3827651013903765
5070653,31,False,0.1721272554605888
5070654,6,False,0.0
5070655,3,False,0.23148035518793333
5070656,28,False,0.14721595193712403
5070659,3,False,0.15144661711957208
5070660,2,False,0.41014608269678837
5070661,3,False,0.0
5070662,1,False,0.0
5070663,4,False,0.2683297318927571
5070664,7,False,0.3534006565635519
5070665,2,False,0.4090392123399512
5070666,6,False,0.19995565513121577
5070668,11,False,0.20383402233325396
5070669,72,False,0.31109131525653566
5070670,16,False,0.3337416337224552
5070671,10,False,0.896199630376732
5070673,13,False,0.20227585655078797
5070674,77,False,0.27722105974423444
5070675,14,False,0.10333692209842905
5070676,46,False,0.18954473881147188
5070677,47,False,0.18245050726157008
5070690,15,False,0.3098862132005295
5070691,0,False,0.0
5070692,19,False,0.1783840503672613
5070694,5,False,0.27206767596313
5070695,15,False,0.16568171744904453
5070696,112,False,0.11574740759102488
5070705,105,False,0.0672579453067258
5070707,116,False,0.13095584491161708
5070708,115,False,0.22993312157398843
5070709,116,False,0.20628360997318992
5070710,6,False,0.5373347334549229
5070711,13,False,0.0
5070712,13,False,0.4041334854408719
5070714,32,False,0.22372729100855748
5070715,0,False,0.0
5070716,26,False,0.0
5070717,21,False,0.02644850386641264
5070718,112,False,0.08058340929808569
5070719,112,False,0.19795342272406494
5070720,7,False,0.21242835428427187
5070721,1,False,0.0
5070722,12,False,0.10968762827897616
5070724,12,False,0.0
5070725,12,False,0.0
5070728,7,False,0.3859029034915694
5070729,19,False,0.3488327152031782
5070730,25,False,0.15191023685881694
5070731,11,False,0.0
5070732,38,False,0.13319679082705746
5070733,29,False,0.1690885496374107
5070734,26,False,0.4217089728453365
5070735,8,False,0.25748575682163005
5070736,1,False,0.0
5070737,13,False,0.0
5070738,30,False,0.11783049337342688
5070739,11,False,0.4781327188756533
5070740,18,False,0.0
5070741,34,False,0.12645730686801573
5070742,29,False,0.18828238485858326
5070743,26,False,0.33627303885924575
5070744,62,False,0.07229662698412699
5070745,19,False,0.0
5070746,40,False,0.2158056144145278
5070747,41,False,0.02104349712550168
5070748,2,False,0.0
5070749,14,False,0.49364840752808675
5070750,40,False,0.24294947121034077
5070752,304,False,0.12603644455640928
5070753,303,False,0.24440692275221612
5070754,303,False,0.11162790697674418
5070755,303,False,0.2536431911580958
5070756,24,False,0.017350157728706624
5070757,24,False,0.09247331615752669
5070759,303,False,0.16843204535282708
5070760,26,False,0.5392795850841516
5070761,33,False,0.33440316831304834
5070762,33,False,0.15783247919626547
5070763,55,False,0.1165737184117166
5070764,43,False,0.5725178276031694
5070765,59,False,0.10456157514981045
5070766,156,False,0.1345594067940999
5070767,24,False,0.3207210563160737
5070768,20,False,0.20625154139646892
5070769,9,False,0.0171496698459281
5070770,9,False,0.33185646097890953
5070772,12,False,0.623171876929566
5070773,13,False,0.265665226093981
5070774,13,False,0.0
5070775,69,False,0.08286246753504234
5070779,33,False,0.2165483360323997
5070780,13,False,0.30673906166853404
5070781,34,False,0.056981044845122515
5070782,2,False,0.0
5070784,14,False,0.338029726851671
5070785,19,False,0.5069434043973692
5070786,11,False,0.30673906166853404
5070788,281,False,0.04568788501026694
5070791,104,False,0.4615114137440366
5070794,44,False,0.19413874019963853
5070795,38,False,0.16384522370012092
5070796,282,False,0.026984711733284213
5070797,21,False,0.27564136078556845
5070798,61,False,0.34335426857801504
5070799,28,False,0.37043065121336327
5070800,39,False,0.1491403734895357
5070801,61,False,0.2696279648182603
5070802,38,False,0.45723154329302385
5070803,46,False,0.2719195279581753
5070804,37,False,0.45723154329302385
5070805,44,False,0.5963916909540461
5070806,16,False,0.4229901093058897
5070807,5,False,0.08894276781726536
5070808,1,False,0.0
5070809,15,False,0.3818181618764765
5070810,12,False,0.5202424863373675
5070811,14,False,0.48712020287478525
5070812,14,False,0.36157041033761306
5070813,16,False,0.08700102354145343
5070814,1,False,0.14244461749400106
5070815,16,False,0.3161273525533445
5070822,45,False,0.21320736018675038
5070824,34,False,0.39868465908840006
5070825,2,False,0.0
5070828,56,False,0.050688050688050684
5070829,49,False,0.10934510669610008
5070830,29,False,0.5168413795766816
5070831,26,False,0.1415493319471087
5070832,56,False,0.13085102691583597
5070834,23,False,0.7310423795841753
5070835,10,False,0.37469248496870117
5070836,18,False,0.022573972479539527
5070837,0,False,0.0
5070838,12,False,0.45877270238868145
5070839,24,False,0.38515312584311356
5070840,1,False,0.0
5070841,21,False,0.3432004967753779
5070842,25,False,0.0675129832660127
5070843,8,False,0.04084616046091667
5070844,9,False,0.04084616046091667
5070845,14,False,0.5711906054065604
5070846,12,False,0.6429827955235797
5070847,14,False,0.4180865226260292
5070848,15,False,0.1632334615999124
5070849,14,False,0.42811345957576497
5070850,17,False,0.13841160748377243
5070851,1,False,0.4189581755058673
5070852,1,False,0.47830314811260594
5070853,16,False,0.5000602563967904
5070854,2,False,0.4542866729832498
5070855,0,False,0.0
5070856,20,False,0.1963543481080902
5070857,2,False,0.5189181320732549
5070858,1,False,0.7010216726339388
5070859,3,False,0.0
5070860,3,False,0.28069620502167775
5070861,2,False,0.8551740281292635
5070862,2,False,0.5824883330555947
5070863,22,False,0.10374146437033491
5070864,7,False,0.2886552306788128
5070865,7,False,0.401552576267355
5070866,3,False,0.18500110980933956
5070867,2,False,0.25865711624357063
5070868,1,False,0.4387410589094664
5070869,1,False,0.42119954518908503
5070870,17,False,0.3352191922562173
5070871,48,False,0.18778804443852884
5070872,49,False,0.32756050005734605
5070873,17,False,0.6070853760903617
5070874,15,False,0.18766966278578753
5070875,40,False,0.4191807700197313
5070876,16,False,0.36806734435846217
5070877,16,False,0.3045573287285654
5070878,0,False,0.0
5070879,12,False,0.358082478126421
5070880,0,False,0.0
5070881,1,False,0.0
5070882,9,False,0.4387901493886069
5070883,9,False,0.448496516602616
5070885,25,False,0.3377458458910705
5070886,33,False,0.37778875995773215
5070887,18,False,0.02777184818340947
5070888,5,False,0.5113572353007632
5070889,20,False,0.09184829700726521
5070890,17,False,0.43291136224369925
5070891,16,False,0.09184829700726521
5070892,1,False,0.0
5070893,8,False,0.46887042910888005
5070894,34,False,0.04143600067102835
5070895,1,False,0.18821190758446665
5070896,21,False,0.5493244220629985
5070897,8,False,0.2858019543058426
5070898,6,False,0.4438615375511576
5070899,15,False,0.456644684844024
5070900,35,False,0.22074575296532337
5070901,36,False,0.19740482018205188
5070902,47,False,0.14771843450407166
5070903,31,False,0.07601880877742946
5070904,12,False,0.4438615375511576
5070905,32,False,0.25994663185145944
5070907,1,False,0.28765359646471406
5070908,36,False,0.18319353055268547
5070909,34,False,0.3468421409650536
5070911,38,False,0.04906383938642003
5070912,23,False,0.2660957129998566
5070914,53,False,0.4689673100552247
5070915,50,False,0.0652783931472456
5070916,68,False,0.40921647580023035
5070917,56,False,0.1188074207579053
5070918,68,False,0.0726245428769796
5070919,28,False,0.0
5070920,62,True,0.1587513592984636
5070921,67,False,0.3504239800291973
5070926,36,False,0.3686024996670359
5070927,1,False,0.0
5070928,33,False,0.30258171875194784
5070930,1,False,0.5981294203796219
5070931,11,False,0.0
5070932,6,False,0.19097357549302363
5070934,8,False,0.6489235735617047
5070935,3,False,0.18705990672154885
5070936,7,False,0.0
5070937,2,False,0.5899161405170469
5070938,8,False,0.3792570113622718
5070939,14,False,0.0
5070940,15,False,0.010416666666666666
5070941,14,False,0.5871297153170189
5070942,8,False,0.3047686003262389
5070944,2,False,0.0
5070945,39,False,0.504468461331303
5070946,1,False,0.20824558670627782
5070947,1,False,0.6971431349174732
5070948,5,False,0.6980834085948976
5070949,1,False,0.21054503052806245
5070950,2,False,0.0
5070951,0,False,0.0
5070952,7,False,0.5680820544210824
5070953,8,False,0.5636364026462967
5070954,1,False,0.679457051734434
5070955,7,False,0.37387481587795723
5070956,0,False,0.0
5070957,2,False,0.47923151104442574
5070958,63,False,0.22861127990986643
5070959,9,False,0.3364095336969369
5070960,16,False,0.0
5070961,21,False,0.40124494451010306
5070962,1,False,0.46815247434434665
5070963,16,False,0.3364095336969369
5070964,1,False,0.4484459333705565
5070965,3,False,0.6650194391509978
5070966,2,False,0.6388566868025344
5070967,1,False,0.0
5070968,16,False,0.5291700365064025
5070969,27,False,0.27024914000301126
5070970,13,False,0.31622968295367265
5070971,7,False,0.75550318318082
5070972,6,False,0.0
5070973,6,False,0.2952698807640895
5070974,6,False,0.3224005445330574
5070975,6,False,0.29039610639602004
5070976,16,False,0.5291700365064025
5070977,26,False,0.3776110394607012
5070978,7,False,0.5421919073153901
5070979,9,False,0.487237065418006
5070980,9,False,0.5177092189709677
5070981,32,False,0.5916582173071454
5070982,15,False,0.0
5070983,19,False,0.5774033815482916
5070984,19,False,0.0
5070985,30,False,0.3722873110637075
5070987,7,False,0.4594279925229043
5070988,27,False,0.0
5070989,0,False,0.0
5070990,16,False,0.38172906096613857
5070991,0,False,0.0
5070992,12,False,0.3801468983291037
5070993,17,False,0.45104753761044086
5070994,4,False,0.482905858191633
5070995,9,False,0.3516931838417567
5070996,43,False,0.2118035919379656
5070997,3,False,0.5994006061082168
5070998,6,False,0.0
5070999,33,False,0.10982625318994517
5071000,21,False,0.45556753698447916
5071001,3,False,0.4237957035831526
5071002,37,False,0.23584355885759792
5071003,8,False,0.46407025679211766
5071004,31,False,0.7093628202479512
5071005,10,False,0.21606710099181714
5071006,22,False,0.45293625982084657
5071007,10,False,0.02020418362247448
5071008,6,False,0.0
5071009,2,False,0.0
5071010,33,False,0.290418410341836
5071011,2,False,0.0
5071012,147,True,0.08088798162796632
5071013,72,False,0.12157534246575342
5071014,72,False,0.1562343996032975
5071015,42,False,0.4733836447626213
5071016,83,False,0.0
5071017,151,False,0.08535688005886681
5071018,42,False,0.2651644319361376
5071020,12,False,0.06880389951256093
5071021,39,False,0.2872301310112255
5071022,33,False,0.290418410341836
5071023,34,False,0.3300167696088198
5071024,43,False,0.14199046534451396
5071026,2,False,0.4912621623808525
5071027,2,False,0.4912621623808525
5071028,45,False,0.1690408357075024
5071030,37,False,0.24464869765515673
5071031,43,False,0.22979710043003349
5071032,28,False,0.2934310781793901
5071033,8,False,0.3444795995190323
5071034,14,False,0.0
5071035,23,False,0.0
5071036,37,False,0.08907563025210084
5071037,45,True,0.02966507177033493
5071038,23,False,0.1430745814307458
5071039,39,False,0.0
5071040,21,False,0.1285140562248996
5071041,20,False,0.051643192488262914
5071042,7,False,0.0
5071043,15,False,0.29822165368130243
5071044,18,False,0.18861299222473038
5071045,20,False,0.08335787923416789
5071046,15,False,0.1315409259375589
5071047,1,False,0.5090910604383763
5071048,20,False,0.08113952612850178
5071049,20,False,0.23854224710091448
5071050,8,False,0.40690161013827486
5071051,3,False,0.3729021884777184
5071052,146,False,0.026053505857667424
5071053,0,False,0.0
5071055,4,False,0.325679637224099
5071056,4,False,0.20696271743131164
5071057,1,False,0.0
5071058,6,False,0.0
5071059,0,False,0.0
5071060,0,False,0.0
5071061,3,False,0.3729021884777184
5071062,8,False,0.3343994241102221
5071063,17,False,0.22593610576636106
5071064,9,False,0.12001115984934202
5071065,2,False,0.0
5071066,29,False,0.4344960454052164
5071067,0,False,0.0
5071068,11,False,0.3695040658088227
5071069,27,False,0.23092789290279286
5071070,30,False,0.21445201664705688
5071071,44,False,0.3594027694517231
5071072,32,False,0.3455718956194075
5071073,5,False,0.5425957464372688
5071074,23,False,0.42109644821857917
5071076,33,False,0.35419285013445223
5071077,51,False,0.29310826438066784
5071078,49,False,0.30175195942830796
5071081,39,False,0.40052882072977264
5071082,49,False,0.205646869191866
5071083,147,False,0.04126278545318836
5071084,1,False,0.0
5071085,39,False,0.23803795900674965
5071086,41,False,0.23859113023199713
5071088,35,False,0.05965102940288595
5071090,23,False,0.3262946894776832
5071091,22,False,0.39684373311471743
5071092,11,False,0.212310093350487
5071093,4,False,0.25536676432383487
5071094,50,False,0.197054963810996
5071098,30,False,0.5337146832514786
5071099,12,False,0.6310878364123212
5071100,24,False,0.1917245674471108
5071101,10,False,0.646875075406271
5071102,15,False,0.3228256645736935
5071103,9,False,0.44821896117365645
5071104,2,False,0.40728552310557414
5071105,5,False,0.6591639555248356
5071106,16,False,0.3228256645736935
5071107,3,False,0.6627280114068421
5071108,2,False,0.44309743855363126
5071109,6,False,0.4555110745386018
5071110,3,False,0.40694054342665403
5071111,1,False,0.36995435807108207
5071112,1,False,0.36995435807108207
5071113,3,False,0.44609846441906564
5071114,5,False,0.19189189189189187
5071115,13,False,0.4578804262507143
5071116,40,False,0.4740964395225916
5071117,37,False,0.06981303940892604
5071118,26,False,0.3823458282950423
5071119,24,False,0.17855441379572495
5071120,42,False,0.12572599993970823
5071122,33,False,0.06833919854694064
5071123,15,False,0.0
5071124,8,False,0.30461005628053683
5071125,19,False,0.41341329966329965
5071126,17,False,0.09778544722461892
5071127,19,False,0.40851808803102807
5071128,18,False,0.0
5071129,7,False,0.0
5071130,2,False,0.0
5071131,4,False,0.0
5071132,59,False,0.34345882317713905
5071133,58,False,0.09632440968949794
5071135,45,False,0.16913228253268062
5071136,22,False,0.1519817731372776
5071137,11,False,0.3693264451301251
5071138,11,False,0.1398671402615795
5071139,2,False,0.26509712243522626
5071140,0,False,0.0
5071141,3,False,0.4268873551388534
5071142,10,False,0.19604349415204678
5071143,110,False,0.07724628312863607
5071144,108,False,0.243782722513089
5071145,136,False,0.09379976153434216
5071147,6,False,0.6875387232375849
5071148,7,False,0.0
5071149,7,False,0.1323155659827177
5071150,7,False,0.0668107994094073
5071151,14,False,0.2561492790500424
5071152,0,False,0.0
5071154,25,False,0.31402708993323714
5071156,17,False,0.3187959597290728
5071157,108,False,0.18253461475053928
5071159,101,False,0.14095519864750633
5071161,167,False,0.12826155297076391
5071162,159,True,0.2239541802588759
5071163,146,False,0.15463407734109688
5071164,149,False,0.15463407734109688
5071166,163,False,0.19527110431724934
5071167,5,False,0.6092672012532181
5071168,6,False,0.6484669318122184
5071169,2,False,0.43763416029014673
5071170,1,False,0.5822260558536144
5071171,7,False,0.7299626921998663
5071173,1,True,0.38631740175324597
5071174,18,False,0.1877544867085374
5071175,18,False,0.3932079736483583
5071176,8,False,0.47258848771239814
5071177,1,False,0.0
5071178,38,False,0.28947718761526187
5071179,24,False,0.33469943672502045
5071180,24,False,0.11491108071135431
5071181,18,False,0.5507431516876168
5071182,1,False,0.8790227535539556
5071183,31,False,0.31543970123857373
5071184,44,False,0.307371962778863
5071185,41,False,0.33456499832045683
5071186,44,False,0.3673352435530086
5071187,22,False,0.015235322658903445
5071188,61,False,0.4295686871160015
5071190,15,False,0.22558590650224436
5071191,1,False,0.0
5071192,22,False,0.4518504923394038
5071193,56,False,0.18305340668710451
5071194,59,False,0.2721072798732181
5071195,6,False,0.38248743233585275
5071196,138,False,0.1727257636122178
5071197,129,False,0.831248260207986
5071199,60,False,0.44033429616915337
5071200,121,False,0.46455066052455063
5071201,48,False,0.41685167091027275
5071202,172,False,0.20345059399096888
5071203,170,False,0.16026643713863764
5071204,178,False,0.324377364956
5071206,136,False,0.048577376821651634
5071207,154,False,0.13835573306649185
5071211,154,False,0.30295861712573907
5071212,158,False,0.18320803800110583
5071213,157,False,0.2655116385204267
5071214,157,False,0.2589107069654051
5071215,114,False,0.5482980680772769
5071216,172,False,0.208322695940771
5071218,31,False,0.30228725614046986
5071219,14,False,0.10098140495867769
5071221,4,False,0.258957829644338
5071222,2,False,0.33836013325243985
5071223,0,False,0.0
5071224,10,False,0.4584007387337214
5071225,10,False,0.282774812277415
5071226,16,False,0.3628775466869867
5071227,16,False,0.3628775466869867
5071228,28,False,0.47235940514817193
5071229,29,False,0.4118062706201273
5071230,115,False,0.4076011653203275
5071232,28,False,0.5784463681830505
5071233,32,False,0.5571010946415089
5071234,15,False,0.2719434777438731
5071236,46,False,0.350844927205601
5071237,44,False,0.5977158233207697
5071238,18,False,0.5438077154208989
5071239,39,False,0.245128308280973
5071240,13,False,0.3523122321933867
5071241,41,False,0.20428018388579725
5071242,37,False,0.24750430292598968
5071245,34,False,0.2725945229279214
5071246,37,False,0.31631890550649777
5071247,38,False,0.3028329945432105
5071248,49,False,0.10823048360545502
5071249,52,False,0.23196465566802102
5071250,48,True,0.24355279687957124
5071252,51,False,0.32786885245901637
5071254,31,False,0.5274021788173934
5071255,17,False,0.6171229918929487
5071256,41,False,0.11186034004881479
5071260,62,False,0.10177223728741898
5071261,69,False,0.577321756979409
5071262,53,False,0.28101090596392886
5071263,105,False,0.30863467584518983
5071264,114,False,0.3871460971582713
5071265,117,False,0.2980259524163659
5071266,51,False,0.30891187523828545
5071267,20,False,0.0
5071268,86,False,0.05033803644914756
5071269,105,False,0.15036911946169118
5071270,77,False,0.2900636777468567
5071271,81,False,0.22884985419634857
5071273,47,False,0.16817218690754993
5071274,48,False,0.4043966990551527
5071275,46,False,0.4043966990551527
5071276,59,False,0.06097763048881524
5071277,68,False,0.20218446601941747
5071278,47,False,0.2344788013928598
5071279,4,False,0.697591038138985
5071280,71,False,0.7198196235314084
5071281,69,False,0.533548410152026
5071283,107,False,0.05672389017977253
5071284,39,False,0.2376923076923077
5071285,55,False,0.4331971354518383
5071286,59,False,0.3767836615773189
5071287,45,False,0.29679694202259693
5071288,128,False,0.2271466763979067
5071289,124,False,0.24783887018367487
5071290,27,False,0.566579280179328
5071291,140,False,0.15614381833933352
5071292,176,False,0.4010899710466942
5071293,92,False,0.19668557474905954
5071294,33,False,0.43599601438339136
5071295,120,False,0.3035410902255348
5071296,33,False,0.5536893236405589
5071297,100,False,0.18995087774012098
5071298,96,False,0.5935038081778604
5071299,35,False,0.4222885951288513
5071300,38,False,0.18179607080552884
5071301,37,False,0.4044335162743321
5071302,37,False,0.024732411929751636
5071303,76,False,0.3820484859576193
5071304,72,False,0.26440138091411636
5071305,118,False,0.08292880258899676
5071306,64,False,0.4404306063451829
5071307,67,False,0.5022096948144639
5071308,61,False,0.5429938460897004
5071309,145,False,0.3227350143976816
5071310,70,False,0.4103120814373899
5071312,76,False,0.07862905575667442
5071313,83,False,0.12133110195674562
5071314,86,False,0.16288112692390558
5071315,124,False,0.0
5071316,101,False,0.21374216651745748
5071319,153,False,0.31381957773512476
5071320,104,False,0.11795782403396565
5071321,76,False,0.29202480569031847
5071322,64,False,0.4179689173338159
5071324,121,False,0.24311393510618437
5071325,111,False,0.29819418036014883
5071326,26,False,0.49802451168617046
5071328,29,False,0.3553940504279473
5071330,132,False,0.1787760024118179
5071331,119,False,0.0
5071332,10,False,0.4827965083951541
5071333,39,False,0.1693674856246733
5071334,24,False,0.3984638598384703
5071335,44,False,0.2758074112079193
5071336,48,False,0.37690973655958376
5071337,50,False,0.20209545606648957
5071338,27,False,0.1481365167721482
5071339,15,False,0.5019695625661038
5071340,34,False,0.3794356851651552
5071341,23,False,0.27643955035558615
5071342,27,False,0.3223523348264702
5071343,12,False,0.38675070044323134
5071345,23,False,0.648674493647541
5071346,23,False,0.5694739932481268
5071348,145,False,0.3571340206477393
5071349,89,False,0.23542256484679436
5071350,96,False,0.4784795002090876
5071351,56,False,0.21373890650447694
5071352,24,False,0.39606410353085836
5071353,28,False,0.8030349335053627
5071354,127,False,0.6573110324573459
5071355,28,False,0.10983862571577303
5071356,121,False,0.24848532069013385
5071357,122,False,0.33706293706293705
5071358,29,False,0.14563499459151116
5071359,18,False,0.0
5071360,8,False,0.0
5071361,57,False,0.2691178302398599
5071362,55,False,0.28886268192133485
5071363,59,False,0.2988437461954743
5071364,26,False,0.20882497505598305
5071365,18,False,0.25499278554602917
5071366,45,False,0.355840778548036
5071367,31,False,0.5102255322148825
5071369,7,False,0.5433484067286536
5071370,0,False,0.0
5071371,24,False,0.3072433726141732
5071372,52,True,0.3352871822324355
5071373,16,False,0.4492620301988123
5071374,16,False,0.4492620301988123
5071375,106,False,0.5550751230179899
5071376,18,False,0.07926671830622256
5071377,72,False,0.2230185899650657
5071378,73,False,0.3183583408221115
5071379,70,False,0.22077748976914988
5071382,70,False,0.23338343745596318
5071383,112,False,0.08914728682170543
5071385,12,False,0.29439302561652836
5071386,12,False,0.38064849948258017
5071387,0,False,0.0
5071389,0,False,0.0
5071390,4,False,0.33009984971419853
5071391,23,False,0.4006688963210702
5071392,58,False,0.22475270301357259
5071393,139,False,0.025154457193292144
5071395,33,False,0.8275482339303827
5071397,1,False,0.0
5071398,13,False,0.2214021232051022
5071399,13,False,0.4782438959568919
5071400,0,False,0.0
5071401,6,False,0.43896138350412683
5071402,2,False,0.6662969225354379
5071403,3,False,0.735876037440026
5071404,24,False,0.41814676261325157
5071405,63,False,0.09232248757813752
5071406,71,False,0.38215504888189417
5071407,79,False,0.38215504888189417
5071408,6,False,0.31739845355595964
5071409,6,False,0.6652484247238466
5071410,22,False,0.4605266867441261
5071411,5,False,0.44887978102082937
5071412,5,False,0.7395415100333373
5071413,3,False,0.0
5071414,6,False,0.4075147428181815
5071415,16,False,0.3053579977215041
5071417,26,False,0.24498545398866942
5071419,16,False,0.32465517966959545
5071423,19,False,0.5174432939422725
5071424,13,False,0.4009016369907954
5071425,19,False,0.11774269578349955
5071426,27,False,0.5947373454384829
5071427,26,False,0.6445626324115207
5071428,17,False,0.2697177590440324
5071429,25,False,0.07832208858902903
5071430,20,False,0.4006783955005617
5071431,59,False,0.3983445735634058
5071435,8,False,0.5335827554840181
5071436,0,False,0.0
5071437,12,False,0.4812828065343522
5071438,54,False,0.1283881895759697
5071439,62,False,0.1721807267122429
5071440,43,False,0.23323466911226926
5071442,23,False,0.5595120193450006
5071443,46,False,0.31352563422929103
5071444,26,False,0.31837369639849245
5071445,40,False,0.1943614730369923
5071447,15,False,0.5622187133974337
5071448,10,False,0.43428175290327503
5071449,11,False,0.4165659182967888
5071450,0,False,0.0
5071451,13,True,0.4954337730515547
5071452,26,False,0.27829177921006626
5071453,1,False,0.5415286373087314
5071454,35,False,0.42030716619265873
5071455,69,False,0.30271801532059595
5071456,3,False,0.0
5071457,81,False,0.10102345745082052
5071459,15,False,0.3005747588780619
5071460,5,False,0.43183835900941164
5071461,58,False,0.031052385537118362
5071463,13,True,0.1831342694563718
5071464,107,False,0.1284796573875803
5071465,109,False,0.22149996171617004
5071466,112,False,0.0
5071467,106,False,0.00782451975911029
5071468,85,False,0.02846620581398859
5071470,11,False,0.34203523616603004
5071471,18,False,0.48659760526349727
5071472,16,False,0.0
5071473,19,False,0.48659760526349727
5071474,12,False,0.5753737873266511
5071475,26,False,0.05279299014238773
5071476,60,False,0.30126859836382053
5071477,100,False,0.2871165767904067
5071478,22,False,0.1640599139476003
5071479,109,False,0.20154949252082327
5071480,82,False,0.46256382878671365
5071482,119,False,0.936902386637447
5071483,68,False,0.08886054421768708
5071484,37,False,0.41703632576345945
5071485,2,False,0.43533101731135415
5071486,36,False,0.3823494594494041
5071487,43,False,0.6646956908639615
5071488,1,False,0.537958959998275
5071489,51,False,0.38839934193689385
5071490,66,False,0.26377680738170584
5071491,94,False,0.16794784288215894
5071492,18,False,0.19713885635429593
5071495,111,False,0.22322926826064543
5071496,12,False,0.039385414412464834
5071497,0,False,0.0
5071498,0,False,0.0
5071499,1,False,0.6226449080700661
5071500,1,False,0.0
5071501,85,False,0.15602884960813235
5071502,82,False,0.12693130496791064
5071503,83,False,0.9164012364168272
5071505,69,False,0.14713939238934648
5071506,76,False,0.25283185588250784
5071507,90,False,0.3824509496971695
5071508,49,False,0.018496420047732696
5071509,56,False,0.252931125448847
5071510,11,False,0.2515741270749857
5071511,45,False,0.882524213476624
5071512,46,False,0.31572244638549823
5071513,32,False,0.31539463162039505
5071517,61,False,0.49686527595955854
5071518,43,False,0.3467507786827712
5071523,45,False,0.882524213476624
5071527,18,False,0.49458130964305963
5071528,4,False,0.5960895892550653
5071529,13,False,0.7753512389675699
5071530,13,False,0.2928095526520723
5071531,1,False,0.0
5071532,10,False,0.6428220570007005
5071533,3,False,0.6051691742673807
5071534,110,False,0.008553757073299119
5071535,93,False,0.4692836290381474
5071536,16,False,0.6514924856778518
5071537,15,False,0.5769734521390261
5071538,7,False,0.112565445026178
5071539,51,False,0.08852056663296752
5071540,50,False,0.23361460265504652
5071541,7,False,0.6026401275842479
5071542,11,False,0.42163433336539585
5071543,25,False,0.3609620862359181
5071544,35,False,0.5737315144250457
5071545,29,False,0.7464570702413064
5071546,30,False,0.46444227852446357
5071547,18,False,0.2603898472410583
5071548,19,False,0.2784046604515093
5071549,0,False,0.0
5071552,29,False,0.25424687980844496
5071553,25,False,0.40838219265574194
5071554,24,False,0.46225123658708933
5071555,12,False,0.0
5071556,0,False,0.0
5071557,70,False,0.27700953083285884
5071558,17,False,0.44913891875351114
5071559,33,False,0.04374126868907125
5071560,45,False,0.24455714900786665
5071561,28,False,0.6235555555555555
5071562,22,False,0.40122098122888994
5071563,50,False,0.34844937306208607
5071564,27,False,0.6233618443085128
5071565,28,False,0.6235555555555555
5071566,39,False,0.5678911596772601
5071567,74,False,0.19431602808632878
5071568,47,False,0.45882086842320563
5071569,32,False,0.6311180759943549
5071570,5,False,0.5564357779676417
5071571,16,False,0.6150253925174111
5071572,58,False,0.3844183694166368
5071580,47,False,0.4672840344930737
5071581,45,False,0.4782856595725582
5071582,53,False,0.25019548386771656
5071583,41,False,0.24242972132434146
5071584,20,False,0.33553040077932755
5071585,20,False,0.1403612197866981
5071586,30,False,0.21648267515312733
5071587,0,False,0.0
5071588,28,False,0.2507600884466556
5071589,46,False,0.3906755252413827
5071590,28,False,0.15544911968414207
5071591,15,False,0.4269064830734097
5071592,1,False,0.0
5071593,23,False,0.5232202158533835
5071594,36,False,0.5606976047858112
5071595,29,False,0.3659167848385516
5071596,36,False,0.3580657417164615
5071597,39,False,0.3580657417164615
5071598,69,False,0.0749211356466877
5071599,87,False,0.548405272943713
5071600,5,False,0.3011753432167473
5071601,34,False,0.14891655913257698
5071602,54,False,0.4160309195843037
5071603,39,False,0.4107848955375594
5071604,71,False,0.4461056988828315
5071605,70,False,0.454281239032922
5071606,45,False,0.30271561105336975
5071607,56,False,0.2644696817982288
5071608,103,False,0.10435796161684732
5071609,10,False,0.3964178591283555
5071610,20,False,0.6713102445357012
5071611,21,False,0.5254242731600639
5071612,74,False,0.41427464974424155
5071613,83,False,0.44793094860060395
5071614,108,False,0.5041148972148437
5071615,24,False,0.24730485232067512
5071617,96,False,0.28771040250080226
5071618,90,False,0.28307923960097875
5071619,47,False,0.523673706094101
5071620,61,False,0.044951035479210144
5071621,108,False,0.15353052850756324
5071622,105,False,0.21917142565232733
5071623,91,False,0.45190304167996603
5071624,41,False,0.612523973347162
5071625,47,False,0.018482758620689654
5071626,42,False,0.0821917808219178
5071627,11,False,0.5440578020919442
5071628,22,False,0.581435490220302
5071629,22,False,0.588027244944295
5071630,1,False,0.5165711470425723
5071631,0,False,0.0
5071632,0,False,0.0
5071633,43,False,0.14986655717511804
5071634,22,False,0.5260039253280128
5071635,29,False,0.6697838853935328
5071636,13,False,0.0
5071638,29,False,0.12883552463664888
5071639,45,False,0.36226360531976
5071640,46,False,0.28600403392384144
5071641,22,False,0.5260039253280128
5071642,22,False,0.4536452679610734
5071643,65,False,0.3043355048859572
5071644,49,False,0.20597684845201336
5071645,109,False,0.837848461885008
5071646,69,False,0.31928164871590253
5071647,47,False,0.20597684845201336
5071648,59,False,0.14020154605245722
5071649,43,False,0.4177057834628116
5071651,22,False,0.8113219407024047
5071652,0,False,0.0
5071653,7,False,0.10579897632037798
5071654,22,False,0.46052498012219534
5071655,7,False,0.32994040003246183
5071656,26,False,0.24231299519775626
5071657,13,False,0.4031090405097998
5071660,25,False,0.223804444018237
5071662,15,False,0.5451656048039966
5071663,20,False,0.39370876718861775
5071664,19,False,0.170018281535649
5071665,26,False,0.16962647791969546
5071666,13,False,0.1134445661276815
5071667,0,False,0.0
5071668,10,False,0.18225693782942784
5071669,10,False,0.44298272334552496
5071670,8,False,0.0
5071671,28,False,0.3497130794675512
5071672,35,False,0.24986971212660114
5071673,8,False,0.2981523002040651
5071674,3,False,0.7427838849229177
5071675,3,False,0.6502884647166663
5071676,3,False,0.2463937473365431
5071677,7,False,0.5643664287540945
5071678,7,False,0.3484226149940563
5071679,14,False,0.6235188391975929
5071680,13,False,0.48449811124386927
5071684,79,False,0.621927219948535
5071685,86,False,0.06276901004304161
5071686,86,False,0.2062093918774262
5071687,79,False,0.621927219948535
5071688,82,False,0.27123116219156984
5071689,6,False,0.5774305059904714
5071690,6,False,0.410244920573757
5071691,60,False,0.2444749202939321
5071692,67,False,0.3866876414234917
5071693,42,False,0.6760584359619884
5071694,20,False,0.5619459744277944
5071696,60,False,1.0
5071697,58,False,0.6527808615049725
5071698,58,False,0.6090999975245612
5071699,21,False,0.0
5071700,25,False,0.36500106538503446
5071701,0,False,0.0
5071702,12,False,0.0
5071704,71,False,0.22522422131544328
5071705,74,False,0.23695033880197916
5071706,65,False,0.6953364374381654
5071707,104,False,0.011353397008469995
5071708,27,False,0.21738599032414727
5071709,3,False,0.6919964585459614
5071710,26,False,0.3990054034504556
5071711,2,False,0.6555089389728803
5071712,1,False,0.6899917629503494
5071713,24,False,0.1593392630241423
5071714,15,False,0.5088187981625044
5071715,27,False,0.23251509030132506
5071716,1,False,0.6509568808413211
5071717,33,False,0.11180260540726371
5071718,39,False,0.7378006506825414
5071719,52,False,0.11439514938601465
5071720,44,False,0.05689789555728761
5071721,20,False,0.2984605884669087
5071722,25,False,0.10059880239520957
5071723,1,False,0.19584442202432495
5071724,5,False,0.37894864850242144
5071725,5,False,0.7254541129286676
5071727,10,False,0.16389496822937413
5071728,5,False,0.1914262476138489
5071729,17,False,0.14309211360564172
5071730,19,False,0.2627519034188794
5071731,19,False,0.07131107638769818
5071732,19,False,0.37346695338000235
5071733,17,False,0.20292423571112095
5071734,16,False,0.04883635697269562
5071735,12,False,0.20984436666914885
5071736,12,False,0.12982453310422232
5071737,9,False,0.0687905280829585
5071738,8,False,0.5609058428579751
5071739,0,False,0.0
5071740,8,False,0.40105247693776175
5071741,4,False,0.11380488211280512
5071742,6,False,0.0
5071743,12,False,0.24711732772259154
5071744,10,False,0.5602337814849968
5071745,24,False,0.11638287830380482
5071746,12,False,0.33238051333268115
5071747,1,False,0.430324838017212
5071748,22,False,0.013971830985915493
5071749,24,False,0.11869849537037037
5071751,15,False,0.05738892426437833
5071754,17,False,0.10837327741162373
5071755,23,False,0.2825878507700452
5071756,23,False,0.3192266524480049
5071757,37,False,0.4657749857938271
5071758,5,False,0.0
5071759,5,False,0.0
5071760,38,False,0.25698283701256064
5071761,21,False,0.0
5071762,46,False,0.5681395747228845
5071763,45,False,0.5681395747228845
5071764,36,False,0.2339008045020709
5071765,45,False,0.05267745952677459
5071767,0,False,0.0
5071768,2,False,0.5767740518226344
5071769,60,False,0.27979809152775464
5071770,6,False,0.4255958112528374
5071771,22,False,0.5158539882830103
5071772,34,False,0.2874981253501162
5071773,42,False,0.4352564778185361
5071774,25,False,0.603421552488567
5071776,39,False,0.4996158665807384
5071777,85,False,0.23232840958577194
5071778,5,False,0.5662391189323431
5071779,80,False,0.26973857283093716
5071780,86,False,0.1733162651842361
5071781,87,False,0.14477166730170138
5071782,32,False,0.41001045353913157
5071783,1,False,0.5989134429960374
5071784,29,False,0.6817397382010983
5071785,15,False,0.49370573588836614
5071786,15,False,0.49370573588836614
5071787,60,False,0.30827595641361927
5071788,11,False,0.21794214573416332
5071789,4,False,0.0
5071790,5,False,0.0
5071791,37,False,0.396013247107938
5071792,0,False,0.0
5071793,33,False,0.613030253859901
5071794,36,False,0.613030253859901
5071795,27,False,0.9424330485169138
5071797,75,False,0.20302821633216894
5071798,75,False,0.11540880503144654
5071799,4,False,0.0
5071800,1,False,0.0
5071801,11,False,0.0
5071802,22,False,0.20749015337076923
5071803,1,False,0.0
5071804,94,False,0.6114829810980997
5071805,71,False,0.5164725050114176
5071806,59,False,0.033523738177732
5071807,44,False,0.06792926852836023
5071808,38,False,0.5161680508582673
5071809,38,False,0.3047981701634413
5071810,34,False,0.3543739399002557
5071811,99,False,0.00468187274909964
5071813,40,False,0.4856028303527967
5071814,57,False,0.275041377815973
5071817,60,False,1.0
5071818,62,False,1.0
5071821,57,False,0.27654904609150766
5071822,17,False,0.0958622109380361
5071823,115,False,0.2516329704510109
5071824,103,False,0.14772342039645142
5071825,62,False,0.281552414712802
5071828,34,False,0.27139359798389473
5071829,2,False,0.6238273528944528
5071830,11,False,0.44972304024518617
5071831,0,False,0.0
5071832,11,False,0.0
5071833,17,False,0.25916302643282707
5071834,87,False,0.116777323210946
5071835,82,False,0.1587843199492144
5071836,97,False,0.19550039847667328
5071837,110,False,0.20420718396507243
5071838,104,False,0.09445943431873621
5071839,107,False,0.14661458333333333
5071840,77,False,0.0671238570241064
5071841,83,False,0.20718450847133033
5071843,8,False,0.15012538492376618
5071844,45,False,0.4429761465235161
5071845,144,False,0.461933716753502
5071846,18,False,0.3973839155915462
5071847,37,False,0.184652239972363
5071848,38,False,0.4954217339585425
5071849,94,False,0.7208320518337673
5071850,97,False,0.7208320518337673
5071851,145,False,0.33153759344774997
5071859,169,True,0.3519530356498035
5071864,154,False,0.3639135332176156
5071865,225,False,0.051686606603355396
5071866,205,False,0.33731396172927003
5071867,208,False,0.19574972756821227
5071868,225,False,0.03896920175989944
5071869,89,False,0.3057187008025357
5071871,199,False,0.05374380380902687
5071872,180,False,0.5707455436534797
5071873,7,False,0.22259100927868036
5071874,208,False,0.40179415541365787
5071875,216,False,0.1373078812548249
5071877,5,False,0.6909396798864006
5071878,2,False,0.3648781267640755
5071879,18,False,0.2856866977303434
5071880,29,False,0.2856866977303434
5071881,26,False,0.5338755973372648
5071882,39,False,0.40830090313084877
5071883,1,False,0.7134718903538431
5071884,1,False,0.7134718903538431
5071885,2,False,0.734728836193352
5071886,8,False,0.5256489626530257
5071887,2,False,0.2899143184372029
5071888,1,False,0.4019811597131815
5071889,0,False,0.0
5071890,10,False,0.12026066350710901
5071891,6,False,0.6036187920688395
5071892,5,False,0.6601682599692699
5071893,1,False,0.6271040577884667
5071894,0,False,0.0
5071895,2,False,0.460385871685783
5071896,169,False,0.547991894210573
5071897,165,False,0.2722732625431966
5071898,116,False,0.27383093713394524
5071906,170,False,0.5107847448282399
5071907,1,False,0.12914373480097274
5071908,1,False,0.3868377954464171
5071909,148,False,0.14730329074817788
5071910,174,False,0.15363629712780122
5071911,139,False,0.11529850746268658
5071912,70,False,0.2803793199372316
5071913,58,False,0.4116120072397014
5071914,78,False,0.38593454366511715
5071915,158,False,0.3235883618063909
5071916,91,False,0.12361227035293282
5071917,143,False,0.2573355081892876
5071919,103,False,0.14038987688098495
5071920,129,False,0.2340549997223861
5071921,127,False,0.41575591287743285
5071922,102,False,0.20395932249073567
5071923,156,False,0.12896759104577346
5071924,133,False,0.2638750269107775
5071925,140,False,0.11422130377606612
5071926,160,False,0.3224400871459695
5071927,165,False,0.17633314465936809
5071928,124,False,0.13921038218979992
5071930,191,False,0.24803167725598066
5071931,95,False,0.1739818712442749
5071932,94,False,0.2132132132132132
5071933,94,False,0.09923415349519309
5071934,95,False,0.2115743759842561
5071935,117,False,0.3638645418298426
5071936,121,False,0.16494145503984642
5071937,86,False,0.34589249953324275
5071938,81,False,0.2578930115846432
5071940,106,False,0.544319479329214
5071941,111,False,0.17197644571946247
5071942,176,False,0.227058704411344
5071943,185,False,0.09885269412005737
5071944,211,False,0.34511545709753744
5071945,200,False,0.04581005586592179
5071946,198,False,0.2587248322147651
5071947,198,False,0.22860293633550596
5071950,126,False,0.3035452868885601
5071951,210,False,0.08026310037530678
5071954,153,False,0.33094450569643513
5071959,217,False,0.054878048780487805
5071960,147,False,0.23205722014699126
5071961,103,False,0.3246468758981626
5071962,118,False,0.23234650994287334
5071963,107,False,0.3246468758981626
5071964,121,False,0.15930239806509902
5071965,110,False,0.24874822591117776
5071966,122,True,0.10783132530120482
5071967,149,False,0.1663511173264603
5071968,146,False,0.13990992299869243
5071970,147,False,0.16524677810395788
5071971,14,False,0.20728291316526612
5071972,38,False,0.360968504951859
5071973,24,False,0.5816570689929328
5071974,31,False,0.2456948298241465
5071975,2,False,0.27152670195621414
5071976,8,False,0.27960285045198907
5071977,16,False,0.2157686762750824
5071978,5,False,0.5840550236562283
5071979,5,False,0.6385449736133103
5071980,0,False,0.0
5071981,30,False,0.3770953689793328
5071982,39,False,0.3860922119123359
5071983,0,False,0.0
5071984,11,False,0.5376839491618973
5071986,17,False,0.05921441228588305
5071987,7,False,0.27401212452862794
5071988,8,False,0.47857791003725436
5071989,15,False,0.24661785771128442
5071990,4,False,0.47437494101105465
5071991,43,False,0.23745439916729907
5071992,9,False,0.46674991891548556
5071993,9,False,0.4853011401887435
5071994,82,False,0.268400339721912
5071995,9,False,0.5500907886895479
5071996,23,False,0.194168410041841
5071997,40,False,0.3886573608780366
5071999,18,False,0.16591684900240125
5072000,15,False,0.29767425845412193
5072002,36,False,0.2348545829690917
5072003,45,False,0.07935289395519038
5072004,16,False,0.2249591694673749
5072005,1,False,0.08266302077399264
5072006,18,False,0.3630377635050166
5072007,11,False,0.46678370996047924
5072008,18,False,0.669113213332071
5072009,2,False,0.34212927345949906
5072010,4,False,0.4323052433918767
5072011,4,False,0.4323052433918767
5072012,2,False,0.6921164981471437
5072013,6,False,0.5598372220389214
5072014,1,False,0.3543416766450981
5072015,2,False,0.7378905255325504
5072016,2,False,0.5882819012181593
5072018,3,False,0.0
5072019,7,False,0.49271022565791545
5072020,44,False,0.049946628713751995
5072021,45,False,0.250792507160917
5072022,30,False,0.37083654732294524
5072023,37,False,0.3398396048989182
5072024,36,False,0.4933462828305335
5072025,45,False,0.3445619341977642
5072026,16,False,0.35129973537059483
5072027,102,False,0.23601659751037343
5072028,87,False,0.33184053230500876
5072029,78,False,0.15970352653508083
5072030,82,False,0.24333217891014347
5072031,63,False,0.2755480041557691
5072033,101,False,0.3475803417797035
5072034,50,False,0.4568955546674965
5072035,66,False,0.2849279583795526
5072036,0,False,0.0
5072037,2,False,0.6547047897414564
5072039,40,False,0.47852470021533206
5072040,3,False,0.7766518110942415
5072041,3,False,0.5628326193075135
5072042,2,False,0.7316624881783905
5072043,18,False,0.07267947421638019
5072044,36,False,0.4994110873270002
5072045,57,False,0.8938540573291348
5072046,57,False,0.8938540573291348
5072047,63,False,0.34680378753500696
5072048,65,False,0.3801125346912597
5072049,79,False,0.48946907103835025
5072050,21,False,0.883851546742485
5072051,21,False,0.883851546742485
5072052,21,False,0.23987782852447057
5072053,91,False,0.21994579824718172
5072054,76,False,0.2019793866064162
5072055,106,False,0.1527797525949097
5072057,89,False,0.46426811937924783
5072058,69,False,0.15673781199734868
5072059,68,False,0.2511119638739175
5072060,74,False,0.3876554105646655
5072061,69,False,0.16900850334882472
5072063,47,False,0.39784292027984025
5072064,113,False,0.25088529917082597
5072065,48,False,0.4711219709249288
5072066,60,False,0.38276079728094886
5072067,105,False,0.22952598932136012
5072068,78,False,0.25969059297915315
5428490,66,False,0.09646457068946412
5428491,4,False,0.0
5428492,67,False,0.0117601246105919
5428493,131,False,0.31583501947344533
5428494,20,False,0.23481722374994346
5428495,33,False,0.47278270537116773
5428496,33,False,0.42413447965381484
5428497,39,False,0.2583008402247697
5428498,8,False,0.46913620221645375
5428500,29,False,0.2244502391249529
5428501,44,False,0.3606854397192391
5428502,26,False,0.0461971290642284
5428504,5,False,0.11273935130910512
5428505,123,False,0.10641784251251707
5428506,37,False,0.22069516504806005
5428507,39,False,0.34630536248989524
5428508,19,False,0.08830731219782227
5428509,100,False,0.17231041075638048
5428511,43,False,0.2831260529710605
5428512,100,False,0.44899459282685605
5428513,39,False,0.36252075116641946
5428514,86,True,0.5054226554594188
5428515,43,False,0.26923967377327473
5428516,20,False,0.3232623019679387
5428517,103,False,0.3752062172346003
5428518,38,False,0.1638900933881306
5428519,1,False,0.4336923695715732
5428520,65,False,0.2957051056712082
5428521,299,False,0.0432937181663837
5428523,32,False,0.30228725614046986
5428524,87,False,0.13728129205921938
5428525,192,False,0.0730835734870317
5428527,67,False,0.12900641025641027
5428528,213,False,0.07509881422924901
5428530,74,False,0.3320867597373621
5428531,6,False,0.32415520523323504
5428532,43,False,0.2905099226621306
5428533,34,False,0.3470328783832582
5428535,90,False,0.2060800946710546
5428536,39,False,0.03884890437168766
5428537,96,False,0.2611664087271929
5428538,4,False,0.5350800171930084
5428539,112,False,0.22532867132867132
5428540,86,False,0.17773222933564306
5428541,75,False,0.3852183768774876
5428542,118,False,0.15007656967840735
5428543,91,False,0.2923760018048659
5428544,9,False,0.0
5428545,63,False,0.3245716082605939
5428546,34,False,0.16449589966232514
5428547,67,True,0.021345407503234153
5428548,22,False,0.24226552069835688
5428549,40,False,0.1303618997820076
5428550,199,False,0.2532902065443198
5428551,58,False,0.46775338888497087
5428552,150,False,0.21730703813631516
5428553,165,True,0.1075552476307695
5428554,9,False,0.5526355814991158
5428556,5,False,0.27866571525526107
5428558,21,False,0.4559585510074938
5428559,55,False,0.31135686529180207
5428560,5,False,0.0
5428561,53,False,0.5208763948600645
5428562,9,False,0.7481796484443989
5428563,13,False,0.1831342694563718
5428565,33,False,0.1541046567450792
5428566,22,False,0.3335669958559264
5428567,21,False,0.44283923261237046
5428568,1,False,0.0
5428570,11,False,0.06421389396709323
5428571,217,False,0.04839723444374607
5428573,48,False,0.48586617055021186
5428574,45,False,0.5323400833755985
5428575,36,False,0.06682681808255078
5428576,24,False,0.7310423795841753
5428577,50,False,0.07244647527248996
5428578,33,False,0.4609322607230669
5428579,45,True,0.4465617851991148
5428580,1,False,0.0
5428582,41,False,0.35419285013445223
5428583,14,False,0.6744611831448695
5428584,49,False,0.3484641844404439
5428585,47,False,0.28963987713199535
5428586,15,False,0.5636914686431037
5428587,41,False,0.4100710464220473
5428589,77,False,0.2050388069160174
5428590,92,False,0.3551194500011497
5428592,37,False,0.5572685791771737
5428593,43,False,0.37326537932332154
5428594,205,True,0.2
5428598,83,False,0.23139044068543388
5428599,101,False,0.33496121120803013
5428600,31,False,0.09504132231404959
5428601,18,False,0.4812004169086195
5428602,42,False,0.13495209199003172
5428603,21,False,0.4092080107069057
5428604,152,False,0.1146293822675044
5428608,9,False,0.6006813264877781
5428611,28,False,0.11447201593914147
5428672,49,False,0.245309892066318
5428678,45,False,0.5565555910023896
5428679,45,False,0.5565555910023896
5428681,45,False,0.12717380148702276
5428683,80,False,0.9996391001012581
5428686,80,False,0.9996391001012581
5428687,18,False,0.5616381495694441
5428688,60,False,0.27656592023151977
5428690,14,False,0.6219276302083954
5428692,120,False,0.3439828753044255
5428693,118,False,0.21688479792895152
5428694,26,False,0.5381832425933956
5428695,77,False,0.0842351564785025
5428696,99,False,0.053932896204071476
5428698,70,False,0.25382849763184934
5428699,209,False,0.6902039105267019
5428701,209,False,0.6902039105267019
5428702,165,False,0.6002121461350577
5428705,163,False,0.3058681479944677
5428707,149,False,0.3243338676693498
5428708,156,False,0.28774141798612607
5428711,152,False,0.6605941970066282
5428720,171,False,0.5016403936944867
5428724,35,False,0.2279847208666255
5428725,154,False,0.7416122563506083
5428726,71,False,0.30100291167276777
5428728,14,False,0.3608564832098145
5428729,33,False,0.29118458964020144
5428730,15,False,0.9171480173228478
5428731,31,False,0.38493876804971666
5428733,31,False,0.31697480808169776
5428734,31,False,0.38493876804971666
5428735,43,False,0.06063050052343218
5428736,35,False,0.0
5428737,46,False,0.8896023942743628
5428740,26,False,0.36195485165259444
5428763,24,False,0.32412863074443643
5428770,9,False,0.4038791655955163
5428777,13,False,0.1192017259978425
5428779,99,False,0.3342507437222383
5428781,103,False,0.1454877001556124
5428783,5,False,0.7714717202575122
5428784,29,False,0.2917940070084303
5428785,165,False,0.16399394856278365
5428788,6,False,0.18591126940844832
5428790,18,False,0.6444552742821903
5428791,11,False,0.022921655833048237
5428792,5,False,0.21193740578134665
5428794,7,False,0.15245156661085865
5428795,5,False,0.21193740578134665
5428797,35,False,0.2568942570576525
5428804,18,False,0.33017190278601066
5428805,18,False,0.33017190278601066
5428806,45,False,0.4317049415515322
5428808,45,False,0.6663870832459635
5428809,45,False,0.6663870832459635
5428810,45,False,0.7234873139375577
5428811,45,False,0.7234873139375577
5428812,45,False,0.4317049415515322
5428813,52,False,0.7046394315301878
5428816,52,False,0.7046394315301878
5428817,51,False,0.0978791825509009
5428818,14,False,0.42728206495190696
5428820,80,False,0.3832486772346762
5428823,16,False,0.1908883826879271
5428828,45,False,0.9755489159815177
5428830,19,False,0.8738732759918775
5428831,5,False,0.70060221175973
5428834,5,False,0.4355143013375132
5428835,45,False,0.971987917724738
5428842,156,False,0.2330143222811527
5428845,33,False,0.33925087724359354
5428846,15,False,0.26418080933183696
5428849,27,False,0.20569196818628893
5428851,51,False,0.233335861239613
5428853,148,False,0.1954649514880628
5428854,35,False,0.3594027694517231
5428855,15,False,0.2859082339147711
5428856,40,False,0.4929424403854568
5428866,194,False,0.12465819527103103
5428869,304,False,0.2972849825597838
5428873,62,False,0.10859584750737587
5428877,99,False,0.4311193111931119
5428878,11,False,0.006831767719897523
5428885,2,False,0.7772627722984772
5428886,116,False,0.15287846481876333
5428893,115,True,0.6143260128323094
5428896,38,False,0.37385739668039547
5428897,77,False,0.4331128828731306
5428899,24,False,0.2232770125063936
5428900,25,False,0.3354511190971825
5428901,42,False,0.531893073393633
5428902,71,False,0.27852259304664784
5428903,53,False,0.596293623296768
5428905,103,False,0.2189972906184528
5428906,36,False,0.4350110897842296
5428908,2,False,0.7282441183810162
5428910,42,False,0.3159625600809512
5428911,33,False,0.34518369747263367
5428912,149,False,0.2893009246677726
5428913,38,False,0.635582941512384
5428914,21,False,0.5365292585884706
5428916,182,False,0.11075133096281162
5428917,52,False,0.5330928414992094
5428918,3,False,0.025540275049115914
5428919,46,False,0.14728929400648477
5428920,8,False,0.2468999026374703
5428921,13,False,0.18096044752600063
5428922,28,False,0.10982625318994517
5428923,65,False,0.1289987056045657
5428924,46,False,0.15519062886805932
5428925,49,False,0.4881473811167448
5428926,10,False,0.896199630376732
5428927,23,False,0.22501371323337596
5428929,22,False,0.3571752268547667
5428930,46,False,0.40579602528441333
5428931,7,False,0.0916648870772366
5428932,1,False,0.6110119516137607
5428933,67,False,0.12497939354968088
5428934,10,False,0.49287810437747687
5428935,39,False,0.2509188155732862
5428936,30,False,0.3290944809807544
5428937,18,False,0.2937692788240892
5428938,77,False,0.04114285714285714
5428939,46,False,0.41465314698368516
5428940,28,False,0.43794120653958796
5428941,12,False,0.26423904077850247
5428942,42,False,0.017870819504723003
5428943,38,False,0.4928867405850943
5428945,70,False,0.592814284431711
5428947,81,False,0.12300895624358248
5428949,48,False,0.4719851337183532
5428950,206,False,0.4469914040114613
5428951,12,False,0.3610849772038882
5428952,185,False,0.157104235506158
5428953,137,False,0.07352160888944151
5428954,195,False,0.37708653182347424
5428955,33,False,0.225519819028167
5428956,45,False,0.364851926408995
5428957,89,False,0.2627594182871227
5428958,39,False,0.2873876070401024
5428959,15,False,0.5340111122718794
5428960,127,False,0.15983668531680023
5428961,302,False,0.1039336942759103
5428962,39,False,0.15894374268448871
5428963,42,False,0.3395985574505381
5428967,85,False,0.3441613389477543
5428968,30,False,0.40709697294326275
5428970,26,False,0.29697697554945746
5428971,33,False,0.41698887174294
5428972,38,False,0.03564547206165703
5428973,91,False,0.39067046100728525
5428975,32,False,0.29031798851979157
5428976,133,False,0.3188332806848042
5428977,28,False,0.6560094543442462
5428978,62,False,0.16594793164031305
5428979,88,False,0.20811068264242757
5428980,43,False,0.6737335501150751
5428981,127,False,0.03580034423407917
5428982,69,False,0.07496165644171779
5428983,57,False,0.3439136551455053
5428984,26,False,0.18598483353972348
5428985,299,False,0.02564935064935065
5428986,14,False,0.44573140404159434
5428987,54,False,0.44915255639215906
5428988,37,False,0.20882497505598305
5428990,13,False,0.0
5428991,27,False,0.22044260135358884
5428992,5,False,0.3136285834212336
5428995,7,False,0.6742179417416543
5428996,16,False,0.3136055433761353
5428997,28,False,0.5250413177955549
5428998,45,False,0.12919853674758897
5429000,66,False,0.4104368497521749
5429001,83,False,0.3811040039476376
5429002,28,False,0.23944284398939913
5429003,34,False,0.39590496643185236
5429004,212,False,0.6234612599565532
5429006,6,False,0.17794692585194555
5429007,27,False,0.3878627898750605
5429008,152,False,0.12266046121710598
5429009,213,False,0.6234612599565532
5429010,47,False,0.062451034240230865
5429011,30,False,0.38568298671129264
5429012,40,False,0.30824023911489734
5429013,32,False,0.3484971738939517
5429014,18,False,0.274831341370274
5429015,110,False,0.18998366245395842
5429016,16,False,0.26039672202039665
5429017,42,False,0.29871106749530985
5429018,81,False,0.18144848398717078
5429020,65,False,0.3799114261626015
5429021,129,False,0.1758585384246334
5429022,11,False,0.2965310957055172
5429023,113,False,0.06317964889019662
5429025,81,False,0.44793094860060395
5429026,41,False,0.13574613165486493
5429027,33,False,0.21241213131966274
5429028,14,False,0.2712806156892045
5429030,0,False,0.0
5429031,30,False,0.5337146832514786
5429035,60,False,0.6031395307308767
5429037,44,False,0.344412150135586
5429038,36,False,0.27193557961508463
5429039,9,False,0.7977011444929687
5429040,23,False,0.4661772343314016
5429041,66,False,0.49518590129904916
5429044,5,False,0.609204087783227
5429046,207,False,0.2
5429047,34,False,0.2785989193116287
5429052,5,False,0.6063806318929648
5429053,95,False,0.3676686079102555
5429054,172,True,0.346753214068072
5429055,38,False,0.21553124345254732
5429056,78,False,0.2060336103417353
5429057,109,False,0.19650267809704333
5429058,42,False,0.5485716622995618
5429059,111,False,0.4360488265018023
5429060,5,False,0.515964436907448
5429061,22,False,0.176026273234176
5429062,112,False,0.3737377860442727
5429064,8,False,0.40105247693776175
5429065,73,False,0.04845517474252912
5429066,79,False,0.4114458614714969
5429067,86,False,0.19738366648007077
5429068,64,False,0.19035280047837352
5429069,21,False,0.4721674295188183
5429070,50,False,0.1046626873998423
5429071,44,False,0.35359056936894184
5429072,241,False,0.043421052631578944
5429073,213,False,0.6061344156667358
5429074,78,False,0.1587843199492144
5429075,21,False,0.6171734433481911
5429076,116,False,0.3020931435614714
5429077,46,False,0.359727634742944
5429078,51,False,0.48995379870393796
5429079,114,False,0.0
5429080,58,False,0.3466022698453724
5429082,50,False,0.327495892005955
5429083,53,False,0.22041438952864037
5429084,28,False,0.20970730272211716
5429085,17,False,0.3103304075934445
5429086,29,False,0.1211291446778851
5429087,29,False,0.09804154302670623
5429088,3,False,0.5743996425630926
5429089,65,False,0.07741116751269035
5429092,18,False,0.6096494956081809
5429094,13,False,0.48066870514527466
5429095,51,False,0.510964332719839
5429096,51,False,0.6148245622347266
5429097,31,False,0.4656874227340751
5429098,299,False,0.12058620525866211
5429099,88,False,0.20310402294271515
5429100,133,False,0.32546993654265605
5429101,303,False,0.16771883539055873
5429103,27,False,0.02164830991264717
5429105,38,False,0.3288539753752428
5429106,97,False,0.23058032092379918
5429107,119,False,0.11113803925882187
5429109,37,False,0.4105915410827191
5429110,10,False,0.0
5429112,173,False,0.11400876054510059
5429113,37,False,0.4105915410827191
5429114,45,False,0.39541751034588185
5429116,33,False,0.8983293547045258
5429118,21,False,0.44591537468443
5429119,23,False,0.27093802345058626
5429120,45,False,0.3472762645914397
5429122,41,False,0.21812165659290614
5429123,8,False,0.45410033946426304
5429124,20,False,0.44381908136569015
5429125,5,False,0.30445555148614944
5429126,47,False,0.22979287286368838
5429127,84,False,0.08781505859688553
5429128,0,False,0.0
5429129,4,False,0.2912255279313293
5429130,63,False,0.3265128520765258
5429132,19,False,0.45196361958982195
5429133,37,False,0.5040024550106765
5429135,64,False,0.15870786516853932
5429137,52,False,0.2433176343830869
5429138,139,False,0.03428371523526325
5429139,59,False,0.036493971977842946
5429140,20,False,0.08358934971838197
5429142,6,False,0.5948879933516305
5429143,27,False,0.32112699899600594
5429144,111,False,0.3024633120946628
5429146,30,False,0.3232335438643513
5429147,24,False,0.347942358776652
5429148,22,False,0.38236358411865373
5429149,6,False,0.6281653112319328
5429151,5,False,0.39964844883751005
5429152,19,False,0.20010495014867938
5429153,11,False,0.39565840366860283
5429154,58,True,0.038441336886475413
5429155,74,False,0.14975202612797872
5429157,31,False,0.2988787771982362
5429159,223,True,0.1532113383566559
5429161,49,False,0.860595285179483
5429162,26,False,0.6553446553446554
5429163,80,False,0.30979039521450435
5429164,22,False,0.29543664056531704
5429165,44,False,0.13415829453565303
5429166,140,False,0.2332369924309471
5429172,165,False,0.6205203549730339
5429173,43,False,0.22997229986653572
5429174,55,False,0.45762723919122383
5429176,10,False,0.11630290660028812
5429180,20,False,0.34295423616002035
5429184,13,False,0.7642246708748119
5429187,15,False,0.5944366591741758
5429190,33,False,0.8983293547045258
5429191,32,False,0.205576268522114
5429193,26,False,0.7468083341864139
5429194,108,False,0.9457890674514775
5429195,106,False,0.2890995260663507
5429196,63,False,0.08282816447805227
5429197,26,False,0.7468083341864139
5429249,304,False,0.05865095805109828
5429251,5,False,0.2667431060457
5429252,78,False,0.41433378601433174
5429253,299,False,0.14970059880239522
5429254,66,False,0.25835580414769677
5429258,83,False,0.7590832037372309
5429260,162,False,0.6546582172942722
5429261,22,False,0.6886567102718936
5429262,1,False,0.9387376635498136
5429263,64,False,0.3700661403883081
5429267,57,False,0.32193024307460116
5429269,45,False,0.9755489159815177
5429271,56,False,0.2670651219982048
5429273,79,False,0.33305350686866864
5429275,119,False,0.936902386637447
5429277,67,False,0.23442397734023165
5429280,175,False,0.19127630872654044
5429283,68,True,0.15502253507066743
5429285,4,False,0.7764352369583158
5429288,57,False,0.45624341393795576
5429290,109,False,0.14285714285714285
5429292,144,False,0.12333604998641674
5429297,207,False,0.4235388310648519
5429298,35,False,0.592076751543276
5429302,55,False,0.5634457247996885
5429304,68,False,0.372548334904727
5429319,55,False,0.252931125448847
5429331,68,False,0.142115285093359
5429387,40,False,0.9457197925419911
5429390,90,False,0.21093328538032727
5429393,36,False,0.3064791981511328
5429395,67,False,0.9163347045901957
5429396,67,False,0.3866876414234917
5429399,80,False,0.6898735125369532
5429405,61,False,0.31938427133829794
5429408,15,False,0.26444067296340024
5429410,43,True,0.3734614909074175
5429412,85,False,0.435318639033855
5429421,63,False,0.30305304406570827
5429431,145,False,0.19601656478012225
5429433,121,False,0.29293381037567084
5429434,44,False,0.20065168930972213
5429461,17,False,0.5662542526544373
5429493,148,False,0.3933215258924497
5429502,149,False,0.3933215258924497
5429559,25,False,0.30882604711930983
5429727,303,False,0.16571673626701483
5429775,42,False,0.29821860888961427
5429794,40,False,0.21187773144871333
5429798,103,False,0.37983245934190946
5429804,124,False,0.19228154239262646
5429805,9,False,0.2945755676000516
5429809,52,False,0.4120006427722512
5429814,63,False,0.1934931506849315
5429816,63,False,0.19569354778519985
5429821,104,True,0.723099700711902
5429829,42,False,0.034272472252713744
5429834,157,False,0.20088647957170405
5429837,171,False,0.34881766498402916
5429845,13,False,0.5154078556980688
5429856,6,False,0.9321655097693959
5429874,16,False,0.07607361963190185
5429875,5,False,0.23554371516441105
5429877,165,False,0.26327768034122706
5429878,166,False,0.07815924032140248
5429881,166,False,0.38766603011762346
5429887,41,False,0.57679418205109
5429891,45,False,0.31707025527168065
5429894,99,False,0.322033356690841
5429897,66,False,0.3677474402730375
5429898,65,False,0.3677474402730375
5429903,24,False,0.24249625046869142
5429905,126,False,0.29293381037567084
5429907,3,False,0.21345951629863302
5429912,96,False,0.7751739052906945
5429915,54,False,0.099378437013567
5429921,27,False,0.4261764830817628
5429923,112,False,0.2813800594712147
5429927,69,False,0.013878180416345412
5429929,303,False,0.09283196239717979
5429933,29,False,0.040984585972039675
5429937,18,False,0.16595135908440628
5429942,27,False,0.44612375355544254
5429943,55,True,0.9583688440602011
5429948,302,False,0.2840782612134669
5429953,299,False,0.13238963415921146
5429954,289,False,0.1303095752339813
5429955,20,False,0.29755685875847426
5429956,299,False,0.06243550051599587
5429957,102,False,0.5204892978027187
5429960,303,False,0.07735161774158988
5429961,21,False,0.6243139272762913
5429963,14,False,0.6653469790215792
5429964,17,False,0.42082046757829733
5429965,7,False,0.42886530553638563
5429966,0,False,0.0
5429967,64,False,0.18577126058619886
5429969,5,False,0.22156719624781304
5429970,3,False,0.0
5429971,2,False,0.13113362276893392
5429972,5,False,0.31932346360290936
5429973,5,False,0.6018717107046105
5429974,28,False,0.006206206206206206
5429975,20,False,0.029244424214838416
5429976,12,False,0.5223719838601094
5429978,45,False,0.2390627596685588
5429979,46,False,0.2905362198559374
5429980,61,False,0.43612163144518484
5429981,78,False,0.24876882995263047
5429982,230,False,0.11335125448028674
5429983,164,False,0.2823219987171625
5429985,4,False,0.0
5429986,148,False,0.16007628275258964
5429987,126,False,0.19064893188230553
5429988,37,False,0.3300167696088198
5429989,19,False,0.4025731593327581
5429990,0,False,0.0
5429991,34,False,0.17933340687284627
5429992,0,False,0.0
5429993,24,False,0.3974365718636568
5429995,3,False,0.28632065322744993
5429996,17,False,0.0
5429997,5,False,0.2604314226529875
5429998,45,False,0.3654750883816099
5429999,28,False,0.5764734493037182
5430000,8,False,0.2468999026374703
5430001,28,False,0.5353055900434116
5430002,22,False,0.8113219407024047
5430003,10,False,0.6526222704796232
5430004,168,False,0.2643713392127158
5430006,129,False,0.286537561668833
5430007,136,False,0.2259933492476523
5430008,121,False,0.2363174156600318
5430009,55,False,0.622832939805166
5430010,37,True,0.08240081383519837
5430011,117,False,0.1913533081230328
5430014,8,False,0.534609307820917
5430016,15,False,0.685393017607945
5430017,71,False,0.2619638416737572
5430018,207,False,0.08130530973451328
5430019,62,False,0.3016686055241713
5430021,9,False,0.6260726923646465
5430023,22,False,0.37005620198943173
5430024,29,False,0.6150728872759584
5430025,164,False,0.24316335929435265
5430026,15,False,0.685393017607945
5430027,104,False,0.21917142565232733
5430028,92,False,0.18825004321058905
5430029,96,False,0.41766774935693946
5430030,138,False,0.18505919172676555
5430032,61,False,0.24730601855624107
5430035,8,False,0.5863771930378635
5430036,20,False,0.9313023479335438
5430037,25,False,0.19513085797580884
5430039,175,False,0.1692376583675102
5430041,45,False,0.24874104078940862
5430042,116,False,0.34528945944093464
5430043,36,False,0.36607035320369585
5430044,112,False,0.49837347034070734
5430046,307,False,0.11152219873150106
5430047,303,True,0.0829353187238559
5430048,36,False,0.19285219195974262
5430050,38,False,0.21553124345254732
5430051,173,False,0.7423485079012376
5430052,10,False,0.6520622263044012
5430053,9,False,0.5997540974616306
5430054,94,False,0.4381414198502171
5430055,109,False,0.435806527383015
5430056,10,False,0.8288723628093959
5430057,2,False,0.5592509170818158
5430058,119,False,0.2716212538523131
5430059,65,False,0.18667115033851014
5430060,106,False,0.16066646831300208
5430061,16,False,0.5720877232683746
5430066,289,True,0.1637775607756846
5430068,5,False,0.3317570765423256
5430069,162,False,0.16399394856278365
5430070,172,False,0.0010119181470654374
5430071,7,False,0.4081480070575467
5430072,5,False,0.7040457417032787
5430075,5,False,0.4376790746846904
5430083,302,False,0.0035720772537385726
5430084,117,False,0.04530976270106705
5430085,7,False,0.4718852090346998
5430087,49,False,0.09592988833540747
5430088,40,False,0.2603458530960188
5430089,12,False,0.37137530613581865
5430090,83,False,0.13719603414259904
5430091,173,False,0.43363812386802725
5430092,33,False,0.2688394418291317
5430093,111,False,0.12105920649579438
5430094,23,False,0.4503841749195997
5430097,8,False,0.09155821720603478
5430098,137,False,0.043272481406355645
5430099,45,False,0.10376443549144093
5430100,24,False,0.13387847351080437
5430101,55,False,0.12367595290809134
5430102,1,False,0.0
5430103,303,True,0.14809403770276194
5430104,7,False,0.1973457400923849
5430105,26,False,0.2694243035847028
5430106,54,False,0.19654928512008957
5430108,39,False,0.17195385724585435
5430110,42,False,0.422052493006603
5430112,16,False,0.5390613215127623
5430113,161,False,0.012567324955116697
5430114,66,False,0.13295476796553748
5430115,8,False,0.08505747126436781
5430118,13,False,0.0
5430119,117,True,0.5512300863056155
5430120,20,False,0.42907861856457813
5430122,106,False,0.15964547773886295
5430123,170,False,0.22849130577486987
5430124,156,False,0.25553930364863436
5430125,70,False,0.592814284431711
5430126,57,False,0.6118535369145305
5430127,208,False,0.14084994102903284
5430129,7,False,0.4994174088483253
5430132,22,False,0.08331141921937919
5430135,12,False,0.5748425336378347
5430136,59,False,0.498593415814338
5430137,24,False,0.8390793495849884
5430139,116,False,0.4187086495498462
5430140,71,False,0.33638742835680324
5430141,25,False,0.10555845185560121
5430142,17,False,0.08738095238095238
5430144,101,False,0.0971172049522669
5430145,41,False,0.44802397647944114
5430146,5,False,0.35341799288888903
5430147,24,False,0.6464277745023069
5430148,56,False,0.2609957538303425
5430149,14,False,0.4479027496754215
5430150,3,False,0.0
5430152,38,False,0.06735035851925272
5430153,74,False,0.424025577781994
5430154,63,False,0.1112091126224789
5430156,7,False,0.0
5430157,2,False,0.4067595710936112
5430159,217,False,0.24539721453492633
5430160,20,False,0.16990793733468182
5430161,300,False,0.23158856735075736
5430162,1,False,0.20765207557838194
5430164,108,False,0.4582603828145315
5430165,40,True,0.03374167203954438
5430166,27,False,0.9424330485169138
5430167,34,False,0.446209892302596
5430168,83,False,0.2206514984239702
5430169,16,False,0.2950946795599637
5430170,19,False,0.4921036670646963
5430171,178,False,0.016776512881965248
5430172,96,False,0.27137487175579433
5430173,40,False,0.24673337444063645
5430174,1,False,0.0
5430175,11,False,0.17484503799163706
5430176,24,False,0.0
5430178,44,False,0.24932105563224988
5430179,108,False,0.11071268489466607
5430180,27,False,0.39150131059496013
5430181,43,False,0.09374106887682195
5430182,18,False,0.37834543393017017
5430183,7,False,0.2502021698516933
5715137,31,False,0.45781984419013017
5715138,37,False,0.16534788540245565
5715139,48,False,0.26391224876416497
5715140,3,False,0.0
5715141,5,False,0.11534926470588235
5715142,25,False,0.1697633573673507
5715143,27,False,0.2272357061410653
5715144,26,False,0.13871001826249924
5715145,12,False,0.4591710441709718
5715146,28,False,0.20633648320548023
5715147,158,False,0.13843570057581575
5715148,185,False,0.2774951952984799
5715149,127,False,0.17234262125902994
5715150,8,False,0.0
5715151,1,False,0.18621454284420041
5715152,19,False,0.20475396795416836
5715153,66,False,0.23874569464505568
5715154,24,False,0.49921540645644674
5715155,27,False,0.4785264350856273
5715156,33,False,0.3537944082404877
5715157,33,False,0.1079704873739998
5715158,105,False,0.15682937439702888
5715159,225,False,0.13482238966630786
5715160,152,False,0.3074810901597482
5715161,13,True,0.2432428305990621
5715162,11,False,0.5184678994336206
5715163,38,False,0.25159473732434684
5715164,0,False,0.0
5715165,57,False,0.15659171167737596
5715166,30,False,0.38568298671129264
5715167,124,False,0.1972614208715395
5715168,2,False,0.3289568087243507
5715169,0,False,0.0
5715170,5,False,0.45198857590017993
5715171,0,False,0.0
5715172,49,False,0.20366872667381877
5715173,21,False,0.3876375509576194
5715174,3,False,0.0
5715175,99,False,0.15070160585403283
5715176,134,False,0.14664737095996142
5715177,11,False,0.0
5715178,28,False,0.42140172185195784
5715179,5,False,0.0
5715180,1,False,0.5180635190049476
5715181,0,False,0.0
5715182,34,False,0.2800327646067782
5715183,12,False,0.24138825029473607
5715184,13,False,0.25002066003388707
5715185,138,False,0.06133851572938176
5715186,133,False,0.31583501947344533
5715187,123,False,0.4521911547108287
5715188,5,False,0.6847613206671075
5715189,18,False,0.5071995922866795
5715190,0,False,0.0
5715191,20,False,0.0
5715192,5,False,0.3161205778880128
5715193,42,False,0.2749427855908292
5715194,15,False,0.26907891711201287
5715195,65,False,0.30129198966408266
5715196,13,False,0.0
5715197,0,False,0.0
5715198,16,False,0.4592791230595403
5715199,33,False,0.03251898316275999
5715200,12,False,0.16478610754728573
5715201,1,False,0.17402239525915308
5715202,67,False,0.042678387398903894
5715203,35,False,0.5657613911532239
5715204,16,False,0.40729141867077634
5715205,30,False,0.3669717993546672
5715206,8,False,0.2002770503319629
5715207,4,False,0.05778871570504056
5715208,1,False,0.5864076758839617
5715209,26,False,0.25102643631759125
5715210,31,False,0.3177243100802395
5715211,298,True,0.15519452757588714
5715212,62,False,0.12248236280729087
5715213,6,False,0.27869037760686843
5715214,179,False,0.15767275637247324
5715215,102,False,0.12256146829594881
5715216,25,False,0.06321631077331404
5715219,3,False,0.16864917926995263
5715220,19,False,0.010650887573964497
5715221,181,False,0.13466978231459845
5715222,167,False,0.10149630328178766
5715223,0,False,0.0
5715224,61,False,0.23586158505786428
5715225,26,False,0.3187642606987189
5715226,37,False,0.02290338260944157
5715227,10,False,0.11425435204542393
5715228,27,False,0.26533121892846373
5715229,60,False,0.2091698518791435
5715230,65,False,0.19035280047837352
5715231,0,False,0.0
5715232,34,False,0.6346784485342172
5715233,15,False,0.4578804262507143
5715234,85,False,0.1141641309496193
5715235,42,False,0.17130898611179618
5715236,21,False,0.5564552948288373
5715237,70,False,0.04013485310643763
5715238,13,False,0.2427577369971183
5715239,23,False,0.25638614170074286
5715240,20,False,0.29755685875847426
5715241,6,False,0.01437157042069506
5715242,13,False,0.5591294902156143
5715243,15,False,0.1980811689420527
5715244,67,False,0.30537731158800474
5715245,144,False,0.12593496194006645
5715246,14,False,0.5407103194248432
5715247,36,False,0.21445201664705688
5715248,14,False,0.08288057952487483
5715249,31,False,0.35059446252540577
5715250,12,False,0.0
5715251,12,True,0.2405790873590352
5715252,5,False,0.5206220040312428
5715253,9,False,0.6666935051077875
5715254,4,False,0.5493610136535203
5715255,50,False,0.2764723697305826
5715256,1,False,0.0
5715257,3,False,0.7596390073063922
5715259,70,False,0.006264236902050114
5715260,12,False,0.42350500571902877
5715261,0,False,0.0
5715262,0,False,0.0
5715263,6,False,0.24412025171198518
5715264,32,False,0.4060087793415749
5715265,8,False,0.07967060224228593
5715266,28,False,0.23133978467953123
5715267,31,False,0.1125728777846107
5715268,1,False,0.6978256900529469
5715269,105,False,0.2755048212147454
5715270,34,False,0.3543739399002557
5715271,0,False,0.0
5715272,14,False,0.06271526011300453
5715273,16,False,0.21430289542307346
5715274,27,False,0.3183683173508958
5715275,21,False,0.3062594793299437
5715276,31,False,0.011694510739856803
5715277,14,False,0.1658941210572932
5715278,42,False,0.10672199170124481
5715280,9,False,0.0
5715281,4,False,0.4159408979874187
5715282,9,False,0.18510381230770684
5715283,7,False,0.4090962798072809
5715284,4,False,0.3924703656658492
5715286,42,False,0.17878669462943098
5715287,48,False,0.3484641844404439
5715288,29,False,0.17289464090411957
5715289,85,False,0.25700399824763526
5715290,41,False,0.21842818428184282
5715291,71,False,0.4558684726367604
5715292,225,False,0.1431656896019747
5715293,208,False,0.021651716671821836
5715294,58,False,0.13016497781585873
5715295,39,False,0.35801101315004813
5715296,65,False,0.09507190309068582
5715297,7,False,0.0
5715298,1,False,0.0
5715299,9,False,0.3119006848826439
5715300,1,False,0.0
5715301,13,False,0.2929743990619504
5715302,23,False,0.0
5715303,12,False,0.2663928540688781
5715304,139,False,0.09939759036144578
5715305,65,False,0.8806146530006478
5715306,63,False,0.24426907177752727
5715307,20,False,0.168146919856576
5715308,23,False,0.3207210563160737
5715309,21,False,0.0
5715310,10,False,0.0
5715311,46,False,0.3073845761326671
5715312,24,True,0.29596215005807003
5715313,0,False,0.0
5715314,43,False,0.21542357144013077
5715315,52,False,0.17415730337078653
5715316,33,False,0.26065659268089486
5715317,37,False,0.6146490141236047
5715318,39,False,0.17598475222363405
5715320,39,False,0.4200599440116845
5715322,101,False,0.08878361368149332
5715323,20,False,0.06138688897309587
5715324,2,False,0.546147982974987
5715325,4,False,0.24129346802649718
5715326,3,False,0.19370775619070713
5715327,40,False,0.012757146673791077
5715328,18,False,0.12345706280930174
5715329,28,False,0.033915312061007424
5715330,24,False,0.24249625046869142
5715331,29,False,0.009286844800297924
5715332,17,False,0.5626735097511134
5715333,92,False,0.47010984530612
5715334,0,False,0.0
5715335,48,False,0.528702379722437
5715336,17,False,0.4482809362111226
5715337,99,False,0.06870821919146049
5715338,108,False,0.028713629402756506
5715339,13,False,0.49827178727781135
5715340,5,False,0.22180439889067483
5715341,3,False,0.7552991020136663
5715342,200,False,0.5237214284076721
5715343,6,False,0.1523583516087853
5715344,38,False,0.3068871835112865
5715346,38,False,0.40487689802814897
5715347,53,False,0.0
5715348,87,False,0.20049255034655897
5715350,1,False,0.0
5715351,10,False,0.0
5715352,290,True,0.1303095752339813
5715353,13,False,0.3182919967430223
5715354,14,False,0.022989860881867483
5715355,21,False,0.0
5715356,29,False,0.22819231308184554
5715357,15,False,0.4346129943736898
5715358,0,False,0.0
5715359,7,False,0.023407729994556342
5715360,24,False,0.16420782552918536
5715361,35,False,0.2667905665945701
5715362,47,False,0.2939324219590084
5715363,6,False,0.24207054246350937
5715364,46,False,0.300438318001626
5715365,81,False,0.12006661381789065
5715366,61,False,0.3470880533680492
5715367,6,False,0.0
5715368,56,False,0.2700591613267181
5715369,16,False,0.36089733097018367
5715370,8,False,0.23352459016393443
5715372,34,False,0.23515361307170277
5715373,74,False,0.0787734315743851
5715374,12,False,0.7446308899734551
5715375,31,False,0.27767815140852425
5715376,7,False,0.5189414370369881
5715377,2,False,0.0
5715378,27,False,0.26409612992298526
5715379,83,False,0.18678750434339733
5715380,176,False,0.026132116039826667
5715381,9,False,0.5444906272761988
5715382,0,False,0.0
5715383,1,False,0.4336923695715732
5715384,49,False,0.29622904508320136
5715385,12,False,0.20946423053733143
5715386,57,False,0.20782259901978686
5715387,73,False,0.03407601572739188
5715388,82,False,0.09673544637271983
5715389,20,False,0.16408702240502218
5715390,303,False,0.10653838031722056
5715391,93,False,0.0025974025974025974
5715392,10,False,0.4269064830734097
5715393,7,False,0.0
5715394,19,False,0.452019765639231
5715395,36,False,0.6675322983232644
5715396,9,False,0.09952142701762019
5715397,189,False,0.1455699601030691
5715398,57,False,0.2609145710912882
5715399,25,False,0.23577362657064213
5715400,85,False,0.4238822576390609
5715401,39,False,0.08312982319038781
5715402,52,False,0.4233174266833626
5715403,23,True,0.5159969341444488
5715404,33,False,0.3150955833882663
5715405,32,False,0.14339113846880847
5715406,37,False,0.10513162613441196
5715407,55,False,0.15844191849182146
5715408,1,False,0.48102534281939724
5715409,307,False,0.067794194498551
5715410,65,True,0.07496165644171779
5715411,6,False,0.0
5715412,141,False,0.19772811483452182
5715413,3,False,0.37253865850126394
5715414,31,False,0.3505793283517876
5715415,12,False,0.3197981659653349
5715416,0,False,0.0
5715417,4,False,0.5705618360878238
5715418,26,False,0.43612678171946617
5715419,0,False,0.0
5715420,47,False,0.06019332161687171
5715421,36,False,0.3660307915351226
5715422,291,False,0.14441468438540797
5715423,301,False,0.2840782612134669
5715424,19,False,0.29446198229056125
5715425,34,False,0.30921113332308164
5715426,24,False,0.6214382737986012
5715427,13,False,0.23888489702758964
5715428,1,False,0.552134721714591
5715429,38,False,0.15052358238145286
5715430,30,False,0.21986463780087645
5715431,46,False,0.16426401123652282
5715432,29,False,0.1755754632166359
5715433,28,False,0.0
5715434,39,False,0.2532199886183803
5715435,5,False,0.3957019731038101
5715436,17,False,0.06429672048153316
5715437,44,False,0.5341973453406014
5715438,166,False,0.05596772498829173
5715439,113,False,0.5811138278214559
5715440,0,False,0.0
5715441,2,False,0.0
5715443,0,False,0.0
5715444,1,False,0.45142842193600446
5715445,46,False,0.16204387775128282
5715446,39,False,0.2450796416288146
5715447,27,False,0.5197952423058513
5715448,37,False,0.6819510421696731
5715449,118,False,0.2925873542164205
5715450,77,False,0.11674501040302072
5715451,109,False,0.36081992026562354
5715452,65,False,0.22122245477673017
5715453,17,False,0.3103304075934445
5715454,6,False,0.5650120054673645
5715455,43,True,0.05800386132796105
5715456,91,False,0.12098380644019999
5715457,137,True,0.11480124904477766
5715458,310,True,0.14232143037628034
5715459,300,False,0.06617594799937486
5715460,11,False,0.09684977870346265
5715461,52,False,0.3968248864024746
5715462,16,False,0.5453302508712167
5715463,53,False,0.22408294459942577
5715464,1,False,0.5108696554435491
5715466,54,False,0.457261288578418
5715467,0,False,0.0
5715468,1,False,0.4323678398571496
5715469,5,False,0.4421155153265476
5715470,10,False,0.12599694770275174
5715471,13,False,0.44395323507339335
5715472,17,False,0.4604994762204065
5715473,35,False,0.04316611325495827
5715474,3,False,0.0
5715475,84,False,0.19587096017762884
5715476,24,False,0.4051716205868318
5715477,18,False,0.6159947799350803
5715478,47,False,0.3472762645914397
5715479,51,False,0.31411937534072326
5715480,82,False,0.4238822576390609
5715481,90,False,0.4737940183815251
5715482,91,False,0.522756147750073
5715483,1,True,0.4994080272249475
5715484,146,False,0.3018832834891182
5715485,12,False,0.3928877316686422
5715487,16,False,0.5328792421974845
5715488,5,False,0.7416923077015402
5715489,1,False,0.0
5715490,0,False,0.0
5715491,122,False,0.06320883109027672
5715492,1,False,0.5226969320410624
5715493,4,False,0.2549839152066881
5715494,0,False,0.0
5715495,9,False,0.0
5715496,43,False,0.12355324074074074
5715497,50,False,0.16343794127154257
5715498,10,False,0.26277109176550556
5715499,9,False,0.43627052020617324
5715500,3,False,0.17592711407673553
5715501,158,False,0.16574585635359115
5715502,0,False,0.0
5715503,0,False,0.0
5715505,17,False,0.31340770550821345
5715506,14,False,0.08114157806379407
5715507,31,False,0.14034165571616294
5715508,61,False,0.2959603084121362
5715509,38,False,0.41254429866842307
5715510,1,False,0.0
5715511,0,False,0.0
5715512,12,False,0.5780014778217488
5715513,3,False,0.39992116699458313
5715514,14,False,0.40968046731818347
5715515,4,False,0.5469419179744732
5715516,9,False,0.0
5715517,61,False,0.9997214484679666
5715518,43,False,0.1634228187919463
5715519,3,False,0.47368420154074403
5715520,61,True,0.23855621257806092
5715521,60,False,0.3040601888377261
5715522,41,False,0.31296269810285376
5715523,70,False,0.2924902920509552
5715524,35,False,0.4174940492778408
5715525,82,False,0.2162590818731968
5715527,35,False,0.51637745619448
5715528,104,False,0.4943818962045405
5715529,100,False,0.1866424225922202
5715530,48,False,0.19404102446705232
5715531,96,False,0.2569193165259465
5715533,28,False,0.2900062623261963
5715534,0,False,0.0
5715535,4,False,0.0
5715536,295,True,0.13517369132849352
5715537,21,False,0.168146919856576
5715538,20,False,0.0
5715539,7,False,0.09229754971981101
5715540,16,False,0.0
5715541,129,False,0.17352185089974292
5715542,3,False,0.4998689733953062
5715543,18,False,0.27571343332716086
5715544,66,False,0.08599854620660233
5715545,3,False,0.36807978156389803
5715546,3,False,0.0
5715547,0,False,0.0
5715548,5,False,0.27866571525526107
5715549,7,False,0.09229754971981101
5715550,8,False,0.35214561416202184
5715551,6,False,0.5880833251423034
5715552,30,False,0.3689364995537792
5715553,7,False,0.28111745844024655
5715554,24,False,0.5209213570775383
5715555,116,False,0.282965506402181
5715556,46,False,0.5678209099706495
5715557,13,False,0.417125680956996
5715558,37,False,0.2658679866829481
5715561,29,False,0.5705398489556567
5715562,53,False,0.32486675549633576
5715563,18,False,0.0
5715564,9,False,0.54226891494822
5715565,31,False,0.44696080075761824
5715566,94,False,0.5098782022930629
5715567,99,False,0.15404186213918195
5715568,12,False,0.452061041374366
5715569,51,False,0.16425280357570388
5715570,1,False,0.6986049021280927
5715571,100,False,0.09055579341665641
5715572,80,False,0.15028219062002218
5715573,29,False,0.4827918014880034
5715574,41,False,0.5436074709467732
5715576,24,False,0.5209213570775383
5715577,43,False,0.2824633561273453
5715578,124,False,0.1633471878528698
5715579,25,False,0.7479020892407402
5715580,56,False,0.04864652805021577
5715581,8,False,0.4457917304802039
5715583,0,False,0.0
5715584,0,False,0.0
5715585,23,False,0.37508322351341816
5715586,3,False,0.0
5715587,1,False,0.5086784305673893
5715588,3,False,0.5709703800242153
5715589,20,False,0.10503540519276161
5715590,20,False,0.20906257223625127
5715591,33,False,0.3076931107127664
5715592,3,False,0.0
5715593,21,False,0.312858866279181
5715594,123,False,0.1064948431348558
5715595,17,False,0.02644850386641264
5715597,61,False,0.3495297278424961
5715598,16,False,0.33261573964390445
5715599,43,False,0.13951989874451234
5715600,31,False,0.12525667351129363
5715601,25,False,0.14646654158849282
5715602,2,False,0.11357873835344433
5715603,8,False,0.12161187942806354
5715604,4,False,0.0
5715605,1,False,0.2145732201896433
5715606,45,False,0.5274001949089288
5715607,6,False,0.20921376614986553
5715608,12,False,0.36266755067411294
5715609,32,False,0.6446469846529356
5715610,21,False,0.2735909847148293
5715611,52,False,0.24474758863321192
5715612,31,False,0.5381952365314291
5715613,35,False,0.36846720952897716
5715614,14,False,0.5057514731698419
5715615,94,False,0.21120363518261542
5715616,71,False,0.3645574912891986
5715617,2,False,0.0
5715618,28,False,0.06649616368286446
5715619,30,False,0.24084963299291806
5715620,0,False,0.0
5715621,7,False,0.5363317990013575
5715622,12,False,0.031211818282794623
5715623,40,False,0.4856028303527967
5715624,48,False,0.4459120080886754
5715625,19,False,0.30121039997448473
5715626,10,False,0.5354049365135768
5715627,7,False,0.0
5715628,23,False,0.11903908210828254
5715629,28,False,0.5834819244524632
5715630,3,False,0.43208223226911696
5715631,22,False,0.0
5715632,9,False,0.0
5715633,5,False,0.2985837313681443
5715634,27,False,0.2620328600768066
5715635,21,False,0.28302226813086223
5715636,15,False,0.06908904810644831
5715637,27,False,0.3829433275871371
5715638,154,False,0.48798256471157725
5715639,12,False,0.14314209077951937
5715640,9,False,0.9274185688102411
5715642,15,False,0.09650972124619349
5715643,21,False,0.5072090674093224
5715644,14,False,0.39296404738297486
5715645,24,False,0.0
5715647,12,False,0.29433324915004777
5715648,47,False,0.09248671554449452
5715649,47,False,0.23384312060179568
5715651,25,False,0.08331141921937919
5715652,0,False,0.0
5715653,1,False,0.5764944912152303
5715654,28,False,0.5126326528450799
5715655,29,False,0.6969476701220887
5715656,0,False,0.0
5715657,45,False,0.40021913991742436
5715658,9,False,0.4157168864168194
5715659,0,False,0.0
5715660,2,False,0.521825645329152
5715661,0,False,0.0
5715662,27,False,0.5071909414428988
5715663,53,False,0.3557713095077819
5715664,30,False,0.41001045353913157
5715665,66,False,0.284588119742637
5715666,1,False,0.48102534281939724
5715668,0,False,0.0
5715669,2,False,0.43183835900941164
5715671,83,False,0.0722941055658246
5715672,65,False,0.0715208348851126
5715673,50,False,0.08890387208630321
5715674,14,False,0.5135569052531284
5715675,66,False,0.04802604802604803
5715676,39,False,0.3074905275429904
5715677,22,False,0.34909023802401945
5715678,38,False,0.384358205640684
5715679,26,False,0.3776110394607012
5715680,19,False,0.36977743699829063
5715681,1,False,0.6468097659100278
5715682,0,False,0.0
5715684,36,False,0.1622364043776694
5715685,51,False,0.2665834794198328
5715687,68,False,0.07041251778093884
5715688,10,False,0.0
5715689,6,False,0.4507539532643411
5715690,14,False,0.57996957996179
5715691,88,False,0.2595571016771671
5715692,111,False,0.06740027510316368
5715693,200,False,0.18847784763854364
5715694,33,False,0.3839036798056233
5715695,6,False,0.0
5715696,1,False,0.4323678398571496
5715697,14,False,0.0
5715699,19,False,0.0
5715701,14,False,0.3897601351729434
5715702,72,False,0.07097572299856744
5715703,33,False,0.39530605344610403
5715704,20,False,0.28302226813086223
5715705,40,False,0.18742969454437253
5715706,11,False,0.2185154099643388
5715707,4,False,0.22210645304542911
5715708,50,True,0.12539896642703266
5715709,82,False,0.0732030087561111
5715710,5,False,0.6261817909991186
5715711,18,False,0.028467485220554797
5715712,3,False,0.6297795207238325
5715713,0,False,0.0
5715714,18,False,0.0
5715715,142,False,0.07210039009222068
5715716,200,False,0.5237214284076721
5715717,92,False,0.2818576567090127
5715718,23,False,0.08385591391862358
5715719,14,False,0.27982839244518654
5715720,16,False,0.39192311179272943
5715721,16,False,0.16766440320491807
5715722,55,False,0.20786733335442487
5715723,53,False,0.3592189541680479
5715724,3,False,0.18705990672154885
5715725,15,False,0.3589592538462321
5715726,1,False,0.0
5715727,15,False,0.2746744416567628
5715728,0,False,0.0
5715729,19,False,0.05717213114754098
5715730,6,False,0.0
5715731,0,False,0.0
5715732,3,False,0.0
5715733,3,False,0.3736281819713432
5715734,90,False,0.0525691029336951
5715735,15,False,0.24462197534044888
5715736,223,False,0.09433962264150944
5715739,2,False,0.6189649707968022
5715740,19,False,0.3873802913282272
5715741,8,False,0.05140898705255141
5715742,11,False,0.49304422041506296
5715743,89,False,0.21374216651745748
5715746,2,False,0.2899143184372029
5715747,75,False,0.46519567777160903
5715748,9,False,0.22298512342651625
5715749,4,False,0.0
5715750,19,False,0.5183681203880292
5715751,7,False,0.46299162581225767
5715752,22,False,0.4399650862123918
5715753,22,False,0.43077630955714996
5715754,74,False,0.1999262642667427
5715755,3,False,0.5573890509843819
5715756,16,False,0.04076354679802956
5715757,1,False,0.0
5715758,0,False,0.0
5715759,16,False,0.7975809924224616
5715760,0,False,0.0
5715761,52,False,0.12265560165975103
5715762,1,False,0.5761417035750257
5715763,43,False,0.10635154151346175
5715764,14,False,0.6268499764961625
5715765,20,False,0.26589042353665776
5715766,8,False,0.2912407736203028
5715767,10,False,0.19866478799234258
5715768,31,False,0.1900194416448177
5715769,30,False,0.3301948298825821
5715770,118,False,0.27116120699550517
5715771,7,False,0.5988121503259433
6294102,33,False,0.1359912070343725
6294104,16,False,0.46681429257275747
6294105,12,False,0.5169218043299832
6294106,34,False,0.5116962880909035
6294107,39,False,0.25206153591848846
6294108,111,False,0.16345197423146712
6294109,67,False,0.08625498050164057
6294110,159,False,0.2781113158763791
6294111,208,False,0.09296241281267154
6294112,0,False,0.0
6294113,64,False,0.13444262964475295
6294114,81,False,0.27137487175579433
6294115,50,False,0.2085509665607668
6294116,130,False,0.22529233990741493
6294117,185,False,0.18074204946996467
6294119,99,False,0.19375336564351103
6294120,9,False,0.347796581352499
6294121,37,False,0.10788283002388892
6294122,10,False,0.0076620627079342675
6294124,13,False,0.2503457814661134
6294125,22,False,0.05279299014238773
6294128,23,False,0.11836403033586133
6294129,72,False,0.16916828248938723
6294130,3,False,0.0
6294131,7,False,0.0
6294132,11,False,0.17592711407673553
6294133,20,False,0.23847095452375924
6294134,37,False,0.13996853399591072
6294135,7,False,0.3825384670310383
6294136,0,False,0.0
6294137,37,False,0.14347117417622296
6294138,10,False,0.0
6294139,3,False,0.4157368693014405
6294140,1,False,0.6394676407155446
6294141,18,False,0.2691919570000929
6294142,31,False,0.40256536973226054
6294143,39,False,0.46282375316944274
6294144,171,False,0.21462866487105547
6294145,1,True,0.4462211988345147
6294146,10,False,0.37450687290285717
6294147,67,True,0.21574576208097276
6294148,29,False,0.07992119239335274
6294149,27,False,0.4577876218415798
6294150,52,True,0.15651170973007988
6294151,11,False,0.35846750391403076
6294152,58,False,0.12872096560631563
6294153,2,False,0.6210558813449031
6294154,25,False,0.28404540674758005
6294155,76,False,0.2787350561373967
6294156,115,True,0.21957252367873245
6294157,91,True,0.30211522302999305
6294158,83,False,0.135843484680694
6294159,12,False,0.5376839491618973
6294160,26,False,0.3705159224069772
6294161,27,False,0.3590503714741941
6294162,30,False,0.09110606568943187
6294163,35,False,0.32811921638477903
6294164,11,False,0.1620266438580869
6294165,301,False,0.18879576532862816
6294166,16,False,0.11261934255306744
6294167,15,False,0.21472630975991963
6294168,35,False,0.0031167264318509333
6294169,45,False,0.2131036007087512
6294170,153,False,0.1402898945837877
6294171,13,False,0.18658586499153101
6294172,293,False,0.20700235611938694
6294173,15,False,0.10968762827897616
6294174,64,False,0.23661942030239966
6294175,50,False,0.05783454197784753
6294176,1,False,0.0
6294177,20,False,0.2819574819848696
6294178,3,False,0.4308344383259161
6294179,3,False,0.6049766371406236
6294180,27,False,0.0
6294181,0,False,0.0
6294182,5,False,0.0
6294183,71,False,0.30253475061324614
6294184,1,False,0.5312713480661536
6294185,0,False,0.0
6294186,0,False,0.0
6294187,54,False,0.24034610466569978
6294188,37,False,0.12245476235752378
6294189,6,False,0.0
6294190,0,False,0.0
6294191,2,False,0.0
6294192,5,False,0.47167634712356155
6294193,69,False,0.02237240736425076
6294194,9,False,0.3761166252726491
6294195,22,False,0.4798817532989963
6294196,36,False,0.28338365632684664
6294197,47,False,0.047594278283485045
6294198,11,False,0.43586121421199653
6294200,22,False,0.07267947421638019
6294201,34,False,0.2379591742875244
6294202,26,False,0.3582446621110338
6294203,28,False,0.586464762008719
6294204,46,False,0.1716695607723206
6294205,38,False,0.42684253397862476
6294206,222,False,0.004394684524432353
6294207,1,False,0.0
6294208,14,False,0.1473081328751432
6294209,105,False,0.20154949252082327
6294210,16,False,0.09559571801978492
6294211,6,False,0.45410033946426304
6294212,0,False,0.0
6294213,15,False,0.0643349502170028
6294214,2,False,0.6237562153423588
6294215,22,False,0.35842838736656124
6294217,46,False,0.19525089931325168
6294218,0,False,0.0
6294219,4,False,0.3038244074452199
6294220,0,False,0.0
6294221,2,False,0.35642049696665007
6294222,19,False,0.4181148405725756
6294223,6,False,0.2259672843633604
6294224,4,False,0.41336365817782744
6294225,9,False,0.46987073086819975
6294226,20,False,0.19588399940651569
6294227,22,False,0.13776437054813825
6294228,13,False,0.28408485154209623
6294229,23,False,0.03959344660194175
6294230,10,False,0.0
6294231,3,False,0.0
6294232,175,False,0.12177235755391858
6294233,0,False,0.0
6294234,37,False,0.08160261651676207
6294235,23,False,0.01806822019587977
6294236,7,False,0.0
6294237,1,False,0.5325896711271847
6294238,46,False,0.08265198222481374
6294239,2,False,0.5832371722798936
6294240,104,False,0.2911922119085352
6294241,86,False,0.11538461538461539
6294242,48,False,0.6407280783446291
6294243,0,False,0.0
6294244,54,False,0.562958955815867
6294245,78,False,0.3294697753283751
6294246,16,False,0.3349948653235031
6294247,134,False,0.26511293084883625
6294248,70,False,0.3018094079509634
6294249,91,False,0.2562631422987439
6294250,9,False,0.41275909431027435
6294251,0,False,0.0
6294253,2,False,0.0
6294254,6,False,0.19995565513121577
6294255,16,False,0.12441606976019931
6294257,0,False,0.0
6294259,238,False,0.003510361227494055
6294260,9,False,0.24189951354744615
6294261,30,False,0.42022911127841955
6294262,45,False,0.06476679177797218
6294263,8,False,0.5147644329696712
6294264,53,False,0.3592189541680479
6294265,17,False,0.08217836749774025
6294266,0,False,0.0
6294267,0,False,0.0
6294268,0,False,0.0
6294269,170,False,0.18619986447559686
6294270,24,False,0.32358851407362205
6294271,12,False,0.09921313718782074
6294272,47,False,0.27096800572194346
6294273,12,False,0.1985906470211403
6294274,0,False,0.0
6294275,9,False,0.3004779470790698
6294276,171,False,0.254521653279711
6294277,166,False,0.15449833761062845
6294278,102,False,0.2142083326450945
6294279,63,False,0.26423132582942505
6294280,1,False,0.5221959581825536
6294281,66,False,0.22284263959390865
6294282,109,False,0.053403873528143214
6294283,29,False,0.7782149988487849
6294284,43,False,0.23702830188679244
6294285,10,False,0.319369009258447
6294286,10,False,0.1512546745087708
6294287,2,False,0.24990305666548648
6294288,22,False,0.32183418103943634
6294289,6,False,0.2053549503875767
6294290,5,False,0.03825136612021858
6294291,29,False,0.27027125816345854
6294292,44,False,0.21894154888604522
6294293,3,False,0.0
6294295,1,False,0.5311067880585438
6294296,20,False,0.36001182356710704
6294297,16,False,0.42311515252175713
6294298,18,False,0.441084516461788
6294299,28,False,0.1465097211990813
6294300,43,False,0.43641122809226557
6294301,33,True,0.08953658868490792
6294302,1,False,0.031044214487300093
6294303,0,False,0.0
6294304,10,False,0.42613734733210656
6294305,71,True,0.1177060692191941
6294306,35,False,0.0
6294307,13,False,0.5134092270427739
6294308,2,False,0.0
6294309,0,False,0.0
6294310,38,False,0.025165391101310157
6294311,4,False,0.7131231095926948
6294312,28,False,0.3497130794675512
6294313,12,False,0.31219128858720485
6294314,25,False,0.20784050154473974
6294315,3,False,0.7854621426272306
6294316,39,False,0.17642129194314743
6294317,28,False,0.6705481122425256
6294318,43,False,0.12383521333987249
6294319,0,False,0.0
6294320,50,False,0.27066363302160357
6294321,0,False,0.0
6294322,65,False,0.19305270943371453
6294323,33,False,0.5270501971685098
6294324,130,False,0.5061894752953975
6294325,23,False,0.5183681203880292
6294326,36,False,0.338299022146965
6294327,86,False,0.04308797127468582
6294328,196,False,0.12934362934362933
6294329,230,False,0.1118583277292087
6294330,23,False,0.21172688581651367
6294331,25,False,0.13022778192681106
6294332,18,False,0.1725804895840555
6294333,38,False,0.02120141342756184
6294334,4,False,0.14473750954073053
6294335,9,False,0.4170158883196592
6294336,128,False,0.45055487044638454
6294337,15,False,0.0989339944835584
6294338,18,False,0.3840729786188455
6294339,60,False,0.19643375619062
6294340,113,False,0.17883360543813753
6294342,3,False,0.0
6294343,0,False,0.0
6294344,41,False,0.22895575058156906
6294345,46,False,0.37275522780755294
6294346,6,False,0.0
6294347,1,False,0.33614567663382633
6294348,82,False,0.13901043419724
6294349,2,False,0.6210558813449031
6294350,0,False,0.0
6294352,10,False,0.3212144934578105
6294353,2,False,0.0
6294355,20,False,0.0
6294356,40,False,0.08245960843835226
6294357,12,False,0.3625815974758242
6294358,1,False,0.46412780892285554
6294359,11,False,0.3048720978791809
6294360,13,False,0.4511728057908962
6294361,10,False,0.0
6294362,5,False,0.0
6294363,48,False,0.10265486725663717
6294364,6,False,0.18436748864951483
6294365,45,False,0.11045754518278574
6294366,8,False,0.0
6294367,0,False,0.0
6294368,8,False,0.0
6294369,21,False,0.22230723344110745
6294370,1,False,0.6075579122992695
6294371,3,False,0.4308344383259161
6294372,24,False,0.17381461451389763
6294373,0,False,0.0
6294374,1,False,0.0
6294375,64,False,0.004776378636561007
6294376,293,False,0.061755336663181074
6294377,13,False,0.04238796311276492
6294378,23,True,0.9124640330969876
6294379,7,False,0.38203538219178684
6294380,7,False,0.2547212267783562
6294382,26,False,0.1365145830445787
6294383,8,False,0.2935198286295938
6294384,3,False,0.572986490048683
6294385,37,False,0.23480588437198532
6294386,72,False,0.22714931957323303
6294388,37,False,0.0
6294389,6,False,0.36822965396173296
6294390,0,False,0.0
6294391,2,False,0.3388637345190615
6294392,26,False,0.15734180307842657
6294393,99,True,0.09064924458962842
6294395,62,False,0.06390140615668603
6294396,216,False,0.3556475730388774
6294397,167,False,0.037535699714402286
6294398,30,False,0.49582745123128263
6294399,37,False,0.002175489485134155
6294400,163,True,0.13400833829660513
6294401,53,False,0.44419367990440184
6294402,111,False,0.3283851803926666
6294403,65,True,0.29782053859491353
6294404,26,False,0.4224504480889362
6294405,33,False,0.2954214467430074
6294406,133,False,0.16795740561471442
6294407,123,False,0.18447682062394316
6294408,1,False,0.7169909549575514
6294409,5,False,0.3917936460935107
6294410,2,False,0.0
6294411,13,False,0.08027773443594945
6294412,0,False,0.0
6294413,76,True,0.1393884170312801
6294414,33,False,0.13532041362559677
6294415,44,True,0.13561811868070742
6294416,0,False,0.0
6294417,75,True,0.11977053340785837
6294418,40,False,0.145623233587618
6294419,20,False,0.1967681053748584
6294420,74,False,0.18447420170427942
6294421,39,False,0.057396849937192004
6294422,83,False,0.4482449295380228
6294423,54,False,0.36976435421609244
6294424,6,False,0.410244920573757
6294425,4,False,0.2961596754510309
6294427,16,False,0.1591397745182184
6294428,0,False,0.0
6294429,7,False,0.1614799446749654
6294430,149,False,0.24400100597306504
6294431,177,False,0.05088378606458589
6294433,165,False,0.49611587725288525
6294434,74,False,0.08096303398316822
6294435,5,False,0.08955752212389381
6294436,24,False,0.17400591150882308
6294437,1,False,0.29717073170731706
6294438,71,False,0.061712846347607056
6294439,5,False,0.37158002520056954
6294440,19,False,0.24261585941698205
6294441,0,False,0.0
6294442,35,False,0.266468757441244
6294444,0,False,0.0
6294445,0,False,0.0
6294446,0,False,0.0
6294447,21,False,0.3583702208698809
6294448,5,False,0.0
6294449,6,False,0.408039308772273
6294450,1,False,0.0
6294451,13,False,0.15591796691230642
6294452,1,False,0.3404614319280924
6294453,6,False,0.0
6294454,1,False,0.0
6294455,2,False,0.0
6294456,3,False,0.18707065774257664
6294457,20,False,0.34259542696246914
6294458,29,False,0.26014780193533477
6294459,14,False,0.02894736842105263
6294460,29,False,0.1363564293641985
6294461,49,False,0.09741326239174437
6294462,33,False,0.26588565047475315
6294463,62,False,0.23661942030239966
6294464,1,False,0.552134721714591
6294465,1,False,0.46815247434434665
6294466,8,False,0.0
6294467,2,False,0.0
6294468,7,False,0.0
6294469,17,False,0.27024914000301126
6294470,7,False,0.0
6294471,9,False,0.18345724187481768
6294472,14,False,0.42811345957576497
6294473,9,False,0.30309983722279266
6294474,11,False,0.5202424863373675
6294475,0,False,0.0
6294476,2,False,0.47459666207509454
6294478,27,False,0.3823458282950423
6294479,26,False,0.4504785378722587
6294480,37,False,0.16291469194312796
6294482,2,False,0.0
6294483,2,False,0.0
6294484,1,False,0.0
6294485,16,False,0.0
6294486,19,False,0.10707183422793386
6294487,15,False,0.14220679530349553
6294488,35,False,0.07477802109807596
6294489,3,False,0.0
6294490,118,False,0.10412169145808316
6294493,52,False,0.0
6294494,9,False,0.0
6294495,10,False,0.29613886451936333
6294496,11,False,0.12140068666236777
6294497,22,False,0.2232770125063936
6294498,11,False,0.042387848816672555
6294499,3,True,0.7634422249199868
6294500,25,True,0.0676857994423613
6294501,126,False,0.38798021334995625
6294502,124,False,0.0
6294504,5,False,0.5885351508545404
6294506,118,False,0.23352592853629595
6294507,66,False,0.28107549793582726
6294508,30,False,0.2296524256333913
6294510,45,False,0.2308747164610078
6294511,0,False,0.0
6294512,31,False,0.4028379732300661
6294513,13,False,0.19682074879732273
6294514,6,False,0.9426644561909016
6294515,0,False,0.0
6294516,46,False,0.6061792957210715
6294517,48,False,0.3475450169438198
6294518,37,False,0.12180629827688652
6294519,20,False,0.17275143180901598
6294520,13,False,0.37208134104561447
6294521,172,False,0.196064772855109
6294523,0,False,0.0
6294524,1,False,0.2781866063402949
6294525,13,False,0.39477818604884213
6294526,65,False,0.3429691433121296
6294527,0,False,0.0
6294528,16,False,0.10767352771878287
6294529,0,False,0.0
6294530,4,False,0.0
6294531,39,False,0.15756630265210608
6294532,42,False,0.16170565139382256
6294533,1,False,0.5106667805160575
6294534,6,False,0.0
6294535,27,True,0.15049434018537564
6294536,1,False,0.14267015706806283
6294537,4,False,0.4159408979874187
6294539,24,False,0.028351417570878543
6294540,16,False,0.23854224710091448
6294541,76,False,0.1800614844093105
6294542,34,False,0.262429832908063
6294543,28,False,0.15909926260875148
6294544,19,False,0.31632145081548757
6294545,303,False,0.09705648369132856
6294546,5,False,0.0
6294547,114,False,0.04841040462427745
6294548,13,False,0.38979630922895325
6294549,0,False,0.0
6294550,0,False,0.0
6294551,77,False,0.13490243889930625
6294552,125,False,0.23261521679847286
6294553,103,False,0.2432346428563841
6294554,0,False,0.0
6294556,3,False,0.418919257310062
6294557,8,False,0.28900763663688406
6294558,16,False,0.37559243586543606
6294559,0,False,0.0
6294560,43,True,0.17699941519813633
6294561,0,False,0.0
6294562,5,False,0.23329812026836902
6294563,9,False,0.31607981990398626
6294564,0,False,0.0
6294565,14,False,0.1304700600421918
6294566,6,True,0.034020011771630373
6294567,12,False,0.19590416913695718
6294568,11,False,0.27561280226742646
6294569,46,False,0.177837448295606
6294570,54,True,0.20218360415035774
6294571,24,False,0.29141976098108596
6294572,0,False,0.0
6294573,34,False,0.07911147902869757
6294574,66,False,0.21595657994296025
6294575,25,False,0.9300644637942393
6294576,8,False,0.0385579332947754
6294577,0,False,0.0
6294578,99,False,0.017611791156632525
6294579,114,True,0.15746872700515085
6294580,22,False,0.18914777853725223
6294581,12,False,0.27006228861505327
6294582,22,False,0.2548969419203896
6294583,16,False,0.438146234280574
6294584,16,False,0.2824375547131648
6294585,52,False,0.11551019342806727
6294586,0,False,0.0
6294587,0,False,0.0
6294588,0,False,0.0
6294589,5,False,0.2468365401282718
6294590,123,False,0.03226773226773227
6294591,95,False,0.06374311047208243
6294592,44,False,0.057134174137669046
6294593,0,False,0.0
6294594,18,False,0.6746659009666719
6294595,7,False,0.27324129035730976
6294596,10,False,0.47786081841458833
6294597,28,False,0.4560102867454156
6294598,14,True,0.452872258224918
6294599,4,False,0.0032225888130131206
6294600,27,False,0.5168413795766816
6294601,0,False,0.0
6294602,67,False,0.0
6294603,10,False,0.2059901291017258
6294604,9,False,0.0
6294605,48,False,0.20634907896409319
6294606,300,False,0.12416666666666666
6294607,2,False,0.27713706179625786
6294608,3,False,0.0
6294610,14,False,0.3670169446628398
6294612,63,False,0.6337311527319098
6294613,183,True,0.03524952621604548
6294614,135,False,0.22891533007343262
6294615,203,True,0.17945167543616727
6294616,36,False,0.14761534456631958
6294617,42,False,0.22376679248111117
6294618,118,False,0.12745347929850143
6294619,26,False,0.142295866074479
6294620,14,False,0.1985906470211403
6294621,4,False,0.23726640314720773
6294622,0,False,0.0
6294623,25,False,0.37076690187269573
6294624,25,False,0.19703045053785567
6294625,0,False,0.0
6294626,11,False,0.0
6294627,4,False,0.29332634300910054
6294628,52,False,0.11560162897543488
6294629,39,False,0.09286674819369745
6294630,3,False,0.03003559774547612
6294631,9,False,0.15114007406801072
6294632,8,False,0.0
6294633,6,False,0.18137077138268662
6294634,0,False,0.0
6294635,59,False,0.18833742447703802
6294636,0,False,0.0
6294637,0,False,0.0
6294638,44,False,0.08442090988811847
6294639,51,True,0.2403572391884197
6294640,51,False,0.10185960401548072
6294642,18,False,0.17841906717504805
6294643,35,False,0.22347833149173632
6294644,8,False,0.25748575682163005
6294645,13,False,0.2503793051130329
6294646,103,False,0.022852639873916468
6294647,262,False,0.17775018374530968
6294648,64,False,0.1904403461991683
6294650,124,False,0.11398851663109712
6294651,16,False,0.3058728081871871
6294652,12,False,0.11815763118275656
6294653,19,False,0.06321112515802782
6294654,53,False,0.07527121222785599
6294656,10,False,0.5318512147099813
6294657,5,False,0.055835737106197825
6294658,5,False,0.529801969020619
6294659,13,False,0.2677799142604968
6294660,47,False,0.0926845813407331
6294661,17,False,0.13030888030888033
6294662,17,False,0.04247202441505595
6294663,60,False,0.0
6294664,2,False,0.0
6294665,8,False,0.2961745841558041
6294666,22,False,0.05359461692834376
6294667,47,False,0.1901358546830019
6294668,0,False,0.0
6294669,44,False,0.3876657602799276
6294670,16,False,0.12183037015447391
6294672,104,False,0.0
6294673,47,False,0.06729178157749587
6294674,1,False,0.0
6294675,62,False,0.16439314445610353
6294676,111,False,0.16511245200219418
6294677,43,False,0.015279953645084447
6294678,109,False,0.30863467584518983
6294679,157,False,0.15956424044658335
6294680,119,False,0.060366955033748455
6294681,191,True,0.0
6294683,153,False,0.24682269423331046
6294684,164,False,0.36496350364963503
6294686,19,False,0.29850818788989847
6294687,0,False,0.0
6294688,12,False,0.0
6294689,0,False,0.0
6294690,0,False,0.0
6294691,10,False,0.0
6294692,0,False,0.0
6294694,10,False,0.3080492891974875
6294696,18,False,0.24226835213377856
6294697,27,False,0.1141858072684828
6294698,1,True,0.14705591302536639
6294699,21,False,0.13922530810286268
6294700,1,False,0.0
6294701,21,False,0.14115686382934275
6294702,27,False,0.25000842455281724
6294703,22,False,0.21286664781444584
6294704,3,False,0.0
6294705,2,False,0.4595415625225923
6294706,0,False,0.0
6294707,1,False,0.0
6294708,16,False,0.2606003858207425
6294709,17,False,0.02894736842105263
6294710,16,False,0.0
6294711,6,False,0.0
6294712,19,False,0.13700774427418025
6294713,39,False,0.0
6294714,56,False,0.10934510669610008
6294715,53,False,0.22654697486217895
6294716,26,False,0.2922359654890791
6294717,15,False,0.12434933487565066
6294718,0,False,0.0
6294719,12,False,0.433474142415703
6294721,22,False,0.12526510897751383
6294722,307,True,0.10826103357223689
6294723,266,False,0.036656682356297245
6294724,60,False,0.0
6294725,12,False,0.1878909407457158
6294726,14,False,0.0
6294727,2,False,0.25573597369808077
6294728,0,False,0.0
6294729,109,False,0.10688989053444946
6294730,157,False,0.1355143131531475
6294732,77,False,0.158525214466904
6294733,2,False,0.15357909511228535
6294734,27,False,0.13172796262119146
6294735,24,False,0.24047206978615615
6294736,4,False,0.3394382954655703
6294737,0,False,0.0
6294738,5,False,0.0
6294739,19,False,0.09193085333822003
6294740,42,False,0.2692537606362107
6294741,5,False,0.14394025271527444
6294742,0,False,0.0
6294743,30,False,0.2935767761766022
6294744,44,False,0.17500944420045583
6294745,13,False,0.028012279355333843
6294747,3,False,0.3749580695907663
6294748,24,False,0.0
6294749,3,False,0.10111573140104574
6294750,0,False,0.0
6294751,48,False,0.2474275994043593
6294752,3,False,0.0818037616134149
6294753,8,False,0.17519068647129668
6294754,12,False,0.023746849621954634
6294755,44,False,0.2083699091666831
6294756,78,False,0.07250187828700225
6294757,12,False,0.0
6294759,30,False,0.25813379813953374
6294760,28,False,0.035188739603326934
6294761,12,False,0.3208416902215094
6294762,7,False,0.0
6294763,113,False,0.07240340787381684
6294764,1,False,0.5810993911375599
6294766,3,False,0.4081156355918586
6294767,84,True,0.08050456218565215
6294768,31,False,0.2419931056095268
6294769,58,False,0.17415730337078653
6294770,40,False,0.17017480443504274
6294771,1,False,0.0
6294772,0,False,0.0
6294773,21,False,0.3651495951639752
6294774,89,False,0.1865350089766607
6294775,116,False,0.17972333321181716
6294776,136,False,0.07987711213517665
6294777,122,False,0.002729925633060341
6294778,184,False,0.34283960870263586
6294779,28,False,0.4429001378686345
6294780,72,False,0.22757160040936966
6294781,60,False,0.14850726533912847
6294782,58,True,0.17129098830543452
6294783,86,True,0.2003632423953393
6294784,101,False,0.17783452033335917
6294785,0,False,0.0
6294786,9,False,0.0
6294787,4,False,0.0
6294788,25,False,0.03620509243111266
6294789,39,False,0.181949386802424
6294790,93,False,0.11612180229051239
6294792,2,False,0.4680625821225269
6294793,11,True,0.2942300554781382
6294794,88,False,0.24922171671438767
6294795,40,False,0.2817293996519511
6294796,13,False,0.417121183545313
6294797,16,False,0.03418241577649959
6294798,16,False,0.06400517213512204
6294799,3,False,0.43605251707624093
6294800,2,False,0.8696748104838351
6294801,0,False,0.0
6294802,6,False,0.6205517131567126
6294803,3,False,0.6812559646249943
6294804,2,False,0.28429849365626986
6294805,51,True,0.02502673796791444
6294806,6,False,0.1523583516087853
6294807,23,False,0.19241799908485302
6294808,24,False,0.10303209018909378
6294809,3,False,0.4499222368624547
6294810,8,False,0.16965894140269203
6294811,32,False,0.12762408179046608
6294812,33,False,0.07698995363214838
6294813,20,False,0.25752808323359266
6294814,0,False,0.0
6294815,3,False,0.2156832864234717
6294816,13,False,0.3651923757743126
6294817,4,False,0.16574726315105903
6294818,32,False,0.0
6294819,27,False,0.11253796064651839
6294821,26,False,0.12002338524051333
6294822,22,False,0.07924042636348803
6294823,33,False,0.06509392747924858
6294824,13,False,0.1871856110865399
6294825,25,False,0.031802566966637864
6294826,10,False,0.4527011079192117
6294827,52,False,0.2457845665542551
6294828,1,False,0.17931265870513297
6294829,8,False,0.20053783056985716
6294830,11,False,0.0
6294831,19,False,0.0720617453767385
6294832,4,False,0.4744712924003684
6294833,0,False,0.0
6294834,15,False,0.0
6294835,34,False,0.23014488700636268
6294836,3,False,0.3335953299911156
6294837,37,False,0.09901898045685477
6294838,9,False,0.21606710099181714
6294839,3,False,0.0
6294840,1,False,0.0
6294841,53,False,0.028001108954810092
6294842,69,False,0.08435619735258724
6294843,34,False,0.1691542288557214
6294844,19,False,0.16427931960608774
6294845,0,False,0.0
6294846,18,False,0.01058267716535433
6294847,11,False,0.2044486899377311
6294848,46,False,0.010361067503924647
6294849,11,False,0.16608693547855935
6294850,16,False,0.1894907930984108
6294851,59,False,0.18090981585732485
6294852,66,False,0.10602258469259725
6294853,45,False,0.157510749418368
6294854,294,False,0.4859174864646821
6294855,12,False,0.0
6294856,11,False,0.2094826684591457
6294857,0,False,0.0
6294858,4,False,0.0
6294859,122,True,0.1927700002932751
6294860,15,False,0.12509315345716832
6294861,0,False,0.0
6294862,82,False,0.11778618528934102
6294863,9,False,0.6915815243621763
6294864,66,False,0.003469545104086353
6294865,56,False,0.06023918499926177
6294866,45,False,0.20154977465011464
6294867,27,False,0.10900230828417543
6294868,13,False,0.04611176240719031
6294870,19,False,0.2830794271410435
6294871,0,False,0.0
6294872,31,False,0.17321876252769625
6294873,31,False,0.20749948773990848
6294874,5,False,0.112565445026178
6294875,7,False,0.0
6294876,37,False,0.10881814108070885
6294878,2,False,0.20881537431876854
6294879,10,False,0.0
6294880,12,False,0.4564915904872845
6294881,80,False,0.10054001738018718
6294882,12,False,0.0
6294883,25,False,0.05
6294884,24,False,0.06547609877191318
6294885,0,False,0.0
6294886,11,False,0.12240149968198707
6294887,19,False,0.5380745620197611
6294889,0,False,0.0
6294890,26,False,0.22319312796208532
6294891,1,False,0.02260969534393562
6294892,149,False,0.08018380241240666
6294893,29,False,0.14036293648611492
6294894,12,False,0.0103086014445174
6294895,13,False,0.18178274117773305
6294896,0,False,0.0
6294897,5,False,0.2856257840925247
6294898,28,False,0.1550437294320595
6294899,17,False,0.7821955136787665
6294901,8,False,0.2915284686068743
6294902,5,False,0.0
6294903,1,False,0.5106667805160575
6294904,14,False,0.0
6294905,7,False,0.3289261781317647
6294906,20,False,0.1309063346984929
6294907,28,False,0.0
6294908,0,False,0.0
6294909,29,False,0.455447155421749
6294910,3,False,0.0
6294911,19,False,0.09960245681776685
6294912,1,False,0.0
6294913,187,False,0.15021635611318265
6294914,304,False,0.25395979107766
6294916,302,False,0.18712950335916953
6294917,13,False,0.0
6294918,3,False,0.14371547733908138
6294919,16,False,0.15375084478486145
6294922,3,False,0.31209125743560545
6294923,18,False,0.15843622244714248
6294924,39,False,0.28220609122935086
6294927,39,False,0.17017480443504274
6294928,142,False,0.3289112564527803
6294929,68,False,0.056577086280056574
6294930,130,False,0.3111106730639769
6294931,8,False,0.1021965013810338
6294932,85,False,0.330881112050971
6294933,144,True,0.03899892522647014
6294934,2,False,0.43309891381870896
6294935,4,False,0.27094430847490164
6294936,0,False,0.0
6294938,13,False,0.11019857331737315
6294939,14,False,0.07577478500730164
6294940,0,False,0.0
6294941,11,False,0.3415412194456663
6294942,40,False,0.1610352750371672
6294943,7,False,0.2774806268432682
6294944,51,False,0.1937975588975052
6294946,35,False,0.07380359137382936
6294947,1,False,0.0
6294948,11,False,0.27366485872980406
6294949,0,False,0.0
6294950,0,False,0.0
6294951,6,False,0.13589916208347197
6294952,84,False,0.1440255132536058
6294953,25,False,0.2399883952498156
6294954,77,False,0.24801597146203327
6294955,7,False,0.19240237961616363
6294956,8,False,0.0
6294957,141,False,0.06500118399242245
6294958,33,False,0.24023811892997973
6294959,21,False,0.12941039766646537
6294960,51,False,0.12007787172322325
6294961,1,False,0.5844974761035665
6294962,1,False,0.4372032088995228
6294963,10,False,0.6717864574507469
6294964,5,False,0.07579617834394904
6294965,0,False,0.0
6294966,5,False,0.19803104006694533
6294967,43,False,0.12034333809177786
6294968,0,False,0.0
6294970,10,False,0.35250382852503986
6294971,0,False,0.0
6294972,7,False,0.15414222873900293
6294973,0,False,0.0
6294974,0,False,0.0
6294975,0,False,0.0
6294976,0,False,0.0
6294977,18,False,0.3238293925460188
6294978,15,False,0.6708027439718693
6294979,59,False,0.19004524886877827
6294980,21,False,0.4156756420851402
6294981,6,False,0.0
6294982,0,False,0.0
6294983,15,False,0.24614071949662364
6294984,4,False,0.0
6294985,3,False,0.0
6294986,43,False,0.5185744379006839
6294987,0,False,0.0
6294988,3,False,0.0
6294989,5,False,0.31687871822090524
6294990,4,False,0.2152997099528714
6294991,27,False,0.03927068723702665
6294992,0,False,0.0
6294993,64,False,0.7693945132442344
6294994,34,False,0.17093362005410287
6294996,149,False,0.11949845597228491
6294997,1,False,0.1822868913450527
6294998,299,False,0.10563459430736982
6294999,10,False,0.0
6295000,3,False,0.0
6295001,14,False,0.10730979148201708
7281731,5,False,0.22510021766796232
7281732,57,False,0.18870994968041643
7281733,56,False,0.4983964938077208
7281734,3,False,0.4563954866604695
7281735,18,False,0.3672789892513915
7281736,20,False,0.2895571219938643
7281737,21,False,0.30828700328588554
7281738,233,False,0.3355287669542321
7281739,45,False,0.18925948294197947
7281740,5,False,0.5065607376804001
7281741,22,False,0.367046163036098
7281742,7,False,0.4976253436364448
7281743,5,False,0.3309403420942845
7281744,6,False,0.8562939005014633
7281745,57,False,0.18581661054944765
7281747,14,False,0.5642853238951451
7281748,21,False,0.14194077707460095
7281749,6,False,0.0
7281750,3,False,0.9330024154447099
7281751,2,False,0.8522687347375609
7281752,0,False,0.0
7281753,5,False,0.8218231300341725
7281754,55,False,0.9583688440602011
7281755,40,False,0.10819415063417209
7281756,89,False,0.11130762881735645
7281758,78,False,0.045159919243438526
7281759,6,False,0.0
7281761,30,False,0.1548381694027458
7281762,48,False,0.2014083566947003
7281765,10,False,0.0
7281766,99,False,0.006237270875763748
7281768,180,False,0.5707455436534797
7281769,153,False,0.3973813404041662
7281771,155,False,0.23332824660460857
7281772,104,False,0.6935545730795004
7281773,157,False,0.32998453987199444
7281774,16,False,0.8940604236935797
7281775,16,False,0.8775023261714027
7281776,16,False,0.8940604236935797
7281778,5,False,0.3690915564606396
7281780,32,False,0.31539463162039505
7281781,11,False,0.4781327188756533
7281784,33,False,0.1541046567450792
7281785,28,False,0.21117804931573123
7281787,64,False,0.24027945353237617
7281790,28,False,0.23594054577721663
7281792,24,False,0.011797939514788965
7281793,2,False,0.45846704778341063
7281795,50,False,0.14196637345507182
7281798,48,False,0.14155612579813326
7281799,96,False,0.8101387217080727
7281800,96,False,0.8761897239681101
7281803,4,False,0.35573802777009017
7281806,78,False,0.03576171504458357
7281827,3,False,0.3748811748811749
7281838,89,False,0.5289357863721683
7281839,7,False,0.3244924794963177
7281840,67,False,0.04735781985465128
7281842,3,False,0.48379621599160993
7281844,18,False,0.4720140913843335
7281853,20,False,0.08586412977192341
7281858,49,False,0.32756050005734605
7281859,28,False,0.12475277909953543
7281863,1,False,0.0
7281865,38,False,0.0
7281866,56,False,0.0
7281867,109,False,0.3035410902255348
7281870,104,False,0.5147192787223441
7281871,104,False,0.5147192787223441
7281872,16,False,0.6514924856778518
7281874,57,False,0.1853445247290759
7281879,34,False,0.4222885951288513
7281881,42,False,0.06600181323662738
7281882,72,False,0.23406643947239303
7281887,107,False,0.5531732418524872
7281888,107,False,0.5531732418524872
7281889,104,False,0.723099700711902
7281890,104,False,0.6496539792387543
7281892,60,False,0.19615135206214204
7281894,24,False,0.08055682336832497
7281895,8,False,0.1812742382271468
7281897,136,False,0.0866796466253924
7281898,40,False,0.2286568003795183
7281900,62,False,1.0
7281902,11,False,0.22071490451765083
7281904,17,False,0.4409677085746928
7281905,2,False,0.2310500295632127
7281906,88,False,0.16906180048619376
7281908,88,False,0.07102541573938775
7281909,50,False,0.10595971366738804
7281911,37,False,0.3473434044352674
7281912,57,False,0.39969303157437275
7281914,24,False,0.07313784967981127
7281915,1,False,0.34866766652305264
7281917,15,False,0.10288255136461208
7281919,86,False,0.21684150384004738
7281920,107,False,0.2653742091242091
7281922,78,False,0.17360672087727144
7281924,104,False,0.4964314557599667
7281928,7,False,0.3672703213910831
7281930,12,False,0.07483912432114306
7281931,55,False,0.016305321626948574
7281932,39,False,0.2235170733959987
7281933,16,False,0.04113670218861006
7281936,162,False,0.7363476218438051
7281937,38,False,0.07297385065025438
7281938,0,False,0.0
7281939,0,False,0.0
7281942,14,False,0.11158779715015245
7281943,68,False,0.3234015188983797
7281944,15,False,0.1473961650377966
7281946,6,False,0.27869037760686843
7281947,138,False,0.11574074074074074
7281948,159,False,0.1685668125549284
7281949,55,False,0.0
7281950,2,False,0.0
7281951,16,False,0.032189212575713874
7281952,39,False,0.054299294253204664
7281953,31,False,0.0
7281955,93,False,0.14726677595198312
7281956,52,False,0.12034632034632034
7281957,17,False,0.0
7281958,35,False,0.18359087564385576
7281960,0,False,0.0
7281962,164,False,0.0018905191873589166
7281963,1,False,0.4019811597131815
7281965,11,False,0.1360652856952069
7281966,43,False,0.0
7281967,8,False,0.08224003887269193
7281968,9,False,0.16622348525863012
7281969,48,False,0.31352563422929103
7281970,9,False,0.14495548471954306
7281971,117,False,0.08333333333333333
7281972,9,False,0.26156146534230484
7281973,7,False,0.23009354141327187
7281974,107,False,0.28031772243094677
7281975,27,False,0.08076265028346655
7281976,1,False,0.0
7281977,32,False,0.16436749365721887
7281978,8,False,0.16701365774909233
7281979,61,False,0.3616508600978178
7281980,40,False,0.2028046675531291
7281981,16,True,0.23921305611446458
7281983,32,False,0.42032535049712777
7281984,7,False,0.2996195624002112
7281985,12,False,0.18666757968502312
7281986,17,False,0.04587588373919874
7281987,18,False,0.0
7281988,5,False,0.21460919236553958
7281989,49,False,0.1888831825498551
7281990,73,False,0.1527119469778099
7281991,0,False,0.0
7281992,158,False,0.16574585635359115
7281993,192,False,0.007400054146737659
7281994,133,False,0.1194596876319122
7281995,189,False,0.0910671216066194
7281996,12,False,0.21176142043493884
7281997,155,False,0.07818037860793206
7281998,46,False,0.07641996463731418
7281999,5,False,0.7116279069767442
7282000,56,False,0.08557902403495994
7282002,20,False,0.007120478496154941
7282003,1,False,0.0
7282004,0,False,0.0
7282005,14,False,0.13377442404425366
7282006,82,False,0.04065224776356019
7282007,19,False,0.0
7282008,167,False,0.06460463956098778
7282009,23,False,0.09334726331680761
7282010,13,False,0.17503432871863764
7282011,79,False,0.14944071588366892
7282013,0,False,0.0
7282014,49,False,0.13651071718431762
7282015,4,False,0.0
7282016,109,False,0.2890995260663507
7282017,0,False,0.0
7282018,5,False,0.0
7282019,161,False,0.1351637755870564
7282020,7,False,0.4689961340388007
7282021,68,False,0.05356842989084803
7282022,11,False,0.0
7282023,50,False,0.10619444466969158
7282025,29,False,0.0
7282026,97,False,0.05722343522561863
7282027,95,False,0.1903742821046799
7282028,16,False,0.09756944745959933
7282029,7,False,0.0
7282030,4,False,0.46086076108225094
7282031,19,False,0.1147434901899881
7282032,0,False,0.0
7282033,17,False,0.1311818317645301
7282034,26,False,0.2470296308689139
7282035,18,False,0.0062445541678768516
7282036,3,False,0.30143260863192994
7282037,27,False,0.08431823596641552
7282038,1,False,0.0
7282039,2,False,0.2738676555420848
7282040,32,False,0.16723362324443583
7282041,23,False,0.9492372126885579
7282042,23,False,0.9492372126885579
7282043,23,False,0.9434952398486525
7282045,123,False,0.08668930939673297
7282046,76,False,0.18270795301258247
7282047,131,False,0.26573305982651496
7282048,12,False,0.036605537576411364
7282049,76,False,0.06171685057041332
7282050,63,False,0.11932702748541985
7282051,2,False,0.16220375980042764
7282052,27,False,0.47999823862013735
7282053,33,False,0.003267380649845707
7282054,16,False,0.09053989527213695
7282055,20,False,0.2927103584919692
7282056,1,False,0.254768096045654
7282057,19,False,0.16209931556372448
7282058,48,False,0.13021701473107508
7282059,41,False,0.22186288742854587
7282060,18,False,0.1696230598669623
7282061,26,False,0.29750419414922225
7282062,11,False,0.0
7282063,43,False,0.13788988682485365
7282064,0,False,0.0
7282065,17,False,0.01956007000446107
7282066,76,False,0.18824510874023367
7282067,1,False,0.17931265870513297
7282068,3,False,0.1593388534405697
7282069,4,False,0.0
7282070,31,False,0.10369190274987879
7282072,56,False,0.10858846175562037
7282073,182,False,0.2521339358669392
7282074,25,False,0.2465741643567894
7282075,17,False,0.48648330461146366
7282076,6,False,0.4255958112528374
7282078,73,False,0.05493155493155493
7282079,130,False,0.2783228848878055
7282080,73,False,0.15627208509789395
7282081,0,False,0.0
7282082,9,False,0.44494973756403583
7282083,4,False,0.11617143819562147
7282084,14,False,0.0
7282085,0,False,0.0
7282086,18,False,0.2769277585112742
7282087,0,False,0.0
7282088,7,False,0.0
7282089,0,False,0.0
7282090,64,False,0.107135758298549
7282091,5,False,0.5196130157683679
7282092,10,False,0.5908339042619392
7282093,33,False,0.3197452730753006
7282094,42,False,0.6741070212954224
7282095,5,False,0.0
7282096,14,False,0.0
7282097,0,False,0.0
7282098,24,False,0.2778279705761631
7282099,1,False,0.0
7282100,21,False,0.06429672048153316
7282101,28,False,0.15825225011589197
7282102,0,False,0.0
7282104,0,False,0.0
7282105,33,False,0.10513162613441196
7282106,8,False,0.3161315669932841
7282107,3,False,0.32063886614129616
7282108,148,False,0.17928247585255272
7282109,5,False,0.00860783434162191
7282110,66,False,0.015734265734265736
7282111,3,False,0.15155197301398238
7282112,0,False,0.0
7282113,3,False,0.44843419772519133
7282114,41,False,0.17258394064506313
7282115,14,False,0.2479144396235511
7282116,31,False,0.1905630667988928
7282117,1,False,0.0
7282118,7,False,0.21242835428427187
7282119,26,False,0.2227017785441284
7282120,1,False,0.0
7282121,0,False,0.0
7282122,0,False,0.0
7282123,0,False,0.0
7282124,1,False,0.20824558670627782
7282125,8,False,0.0
7282126,5,False,0.1249624511865425
7282127,22,False,0.24026043643865988
7282128,209,False,0.34434305442759966
7282129,3,False,0.15144661711957208
7282130,10,False,0.21560893019052546
7282131,2,False,0.0
7282132,14,False,0.0
7282133,18,False,0.17490339682379347
7282134,1,False,0.2998351673599525
7282135,5,False,0.4830141132127764
7282136,5,False,0.0
7282137,5,False,0.3102012882596995
7282138,36,False,0.3308323991500326
7282140,64,False,0.24546108804686737
7282141,90,False,0.103915826011498
7282142,26,False,0.1604965724982776
7282143,18,False,0.20035124240375707
7282144,43,False,0.026016372970722908
7282145,8,False,0.2801411113410221
7282146,29,False,0.2245263508778529
7282147,13,False,0.0
7282148,0,False,0.0
7282149,7,False,0.2270797280143467
7282150,2,False,0.11797890605837626
7282151,105,True,0.1964776321561324
7282152,5,False,0.44816852918364763
7282153,17,False,0.2054301693216271
7282154,2,False,0.0
7282155,19,False,0.0
7282156,245,False,0.09820329376256197
7282157,10,False,0.24034172983539187
7282158,9,False,0.13501761459911335
7282159,4,False,0.0
7282160,0,False,0.0
7282161,18,False,0.0
7282162,34,True,0.08388157894736842
7282163,0,False,0.0
7282164,0,False,0.0
7282165,18,False,0.0
7282166,10,False,0.10580543320136998
7282167,22,False,0.034862206641347745
7282168,24,True,0.062342342342342344
7282169,3,False,0.32790679899114467
7282170,41,False,0.20618281142964257
7282171,15,False,0.0
7282172,21,False,0.1828970080552359
7282173,13,False,0.0
7282174,92,False,0.3055647001836685
7282175,40,False,0.0
7282176,147,False,0.14577190054744074
7282177,0,False,0.0
7282178,96,False,0.8761897239681101
7282179,294,False,0.4859174864646821
7282180,13,False,0.15591796691230642
7282181,6,False,0.0
7282182,25,False,0.05929005436520627
7282183,0,False,0.0
7282184,27,False,0.034639021664907815
7282185,9,False,0.0
7282186,113,False,0.05166821130676552
7282187,13,False,0.0
7282188,161,False,0.6574911291177448
7282189,27,False,0.13734651954029647
7282190,86,False,0.10225955967555041
7282191,5,False,0.0
7282192,1,False,0.0
7282193,21,False,0.2317154528637983
7282194,55,False,0.19086219602063376
7282195,125,False,0.2040487151848354
7282196,6,False,0.2039200204927945
7282197,12,False,0.252232733032044
7282198,38,False,0.027944474752985393
7282199,116,False,0.0
7282200,12,False,0.1359322515021053
7282203,10,False,0.2967069779810872
7282204,13,False,0.33735001696210576
7282205,2,False,0.4688762576775877
7282206,14,False,0.2660250457040538
7282207,6,False,0.4300194268959663
7282208,33,False,0.2947925051439087
7282209,9,False,0.23896470009608786
7282210,1,True,0.5515299693505243
7282211,10,False,0.0
7282212,6,False,0.295873685354569
7282213,0,False,0.0
7282214,38,False,0.19398401661123546
7282215,44,True,0.17381391167798935
7282216,19,False,0.01165245292577894
7282217,101,False,0.19711740319206006
7282218,85,False,0.20086128350820734
7282219,1,False,0.29014619591988833
7282220,0,False,0.0
7282221,12,False,0.1419018287843998
7282222,0,False,0.0
7282223,4,False,0.5002334189138752
7282224,24,False,0.1739957098086764
7282225,26,False,0.2529117490180878
7282226,22,False,0.016833356810818424
7282227,7,False,0.04920469748773599
7282228,21,False,0.1725804895840555
7282229,29,False,0.20569196818628893
7282230,18,False,0.2901311960962207
7282231,37,False,0.0018046469659372885
7282232,9,False,0.0
7282234,16,False,0.06464881240774073
7282236,45,False,0.3384105082266977
7282237,0,False,0.0
7282238,29,False,0.4749677453679688
7282239,3,False,0.35695284306867126
7282240,166,False,0.4873001808588121
7282241,37,False,0.059617801943118234
7282242,5,False,0.35140041055874105
7282243,3,False,0.4316124875459967
7282244,42,False,0.7040865569873257
7282245,1,False,0.0
7282246,3,False,0.0
7282247,0,False,0.0
7282248,1,False,0.19796510415989926
7282250,79,False,0.13418205581267165
7282251,3,False,0.2505756699307869
7282252,11,False,0.2652489639575191
7282253,3,False,0.22229022003457266
7282254,46,False,0.22660403783526298
7282255,58,False,0.26440138091411636
7282257,2,False,0.367351293247528
7282258,0,False,0.0
7282259,6,False,0.2731224208918309
7282260,4,False,0.31127602274466576
7282261,20,False,0.24395890515409271
7282262,3,False,0.2571237317853679
7282263,1,False,0.5032463677496097
7282264,1,False,0.5165711470425723
7282265,19,False,0.0
7282266,30,False,0.23705247158313436
7282267,57,False,0.8103778373434315
7282268,37,False,0.629894927707033
7282269,52,False,0.2958804761505872
7282270,3,False,0.0
7282271,0,False,0.0
7282272,0,False,0.0
7282273,65,False,0.3262011400974461
7282274,19,False,0.24487153336067566
7282275,0,False,0.0
7282277,41,False,0.27892802179096976
7282278,47,False,0.15555064539765237
7282279,0,False,0.0
7282280,0,False,0.0
7282281,5,False,0.2912255279313293
7282283,10,False,0.060499738366285576
7282284,11,False,0.33545536388710634
7282285,55,False,0.4763083293518076
7282286,31,False,0.4190347664010376
7282287,31,False,0.07653866386112572
7282288,4,False,0.1450134770889488
7282289,13,False,0.26313989482895267
7282291,3,False,0.36390388420231534
7282292,44,False,0.21197068426899834
7282293,12,False,0.0
7282294,28,False,0.26868187897071094
7282295,38,False,0.27649705630537635
7282296,38,False,0.5188603314529081
7282297,25,False,0.0
7282298,61,False,0.8387317232048523
7282299,0,False,0.0
7282300,17,False,0.1892650501630857
7282302,106,False,0.3288825915723247
7282303,5,False,0.0
7282304,7,False,0.03964564991524033
7282305,46,False,0.4864675194263018
7282306,25,False,0.10415321712933076
7282307,3,False,0.0
7282308,29,False,0.3398860714873588
7282309,3,False,0.0
7282312,7,False,0.0794098849595228
7282313,14,False,0.26546150365842763
7282314,21,False,0.33420838421791704
7282315,57,False,0.15016495879261263
7282316,0,False,0.0
7282317,71,False,0.21644393534427897
7282318,12,False,0.2803879911586086
7282319,1,False,0.0
7282320,5,False,0.44742862513413645
7282321,31,False,0.14034165571616294
7282322,165,False,0.24772794994040526
7282323,2,False,0.14291600601524573
7282325,0,False,0.0
7282326,0,False,0.0
7282327,35,False,0.040098922451863625
7282328,221,False,0.5201021059349075
7282329,171,False,0.1345594067940999
7282330,4,False,0.32792910039416423
7282331,55,False,0.11253583644869199
7282332,20,False,0.14626985756612143
7282333,0,False,0.0
7282334,3,False,0.05591694592285958
7282337,17,False,0.08549755721265107
7282338,18,False,0.3596046991936703
7282339,0,False,0.0
7282340,53,False,0.05248471424820948
7282341,71,False,0.032
7282343,20,False,0.06447684791799757
7282344,2,False,0.6446670977014046
7282345,2,False,0.19748594111809462
7282346,15,False,0.35296725120781436
7282347,18,False,0.07828724769571813
7282348,64,False,0.31863186318631864
7282349,52,False,0.16620557565439456
7282350,48,False,0.41750358680057387
7282351,98,False,0.46044337851510586
7282355,33,False,0.21907918633943568
7282356,33,False,0.37294243174489483
7282358,98,False,0.5673507555925181
7282362,14,False,0.6846771790913513
7282363,82,False,0.19210956132780238
7282364,10,False,0.0
7282365,47,False,0.197054963810996
7282366,22,False,0.25742965638164894
7282367,4,False,0.14473750954073053
7282368,57,False,0.11718108973925005
7282370,38,False,0.4658880935346578
7282371,36,False,0.35781924166685614
7282373,25,False,0.6904923731830559
7282374,46,False,0.228952449430338
7282375,5,False,0.3459742133929313
7282376,165,False,0.5802341093289072
7282377,162,False,0.8752794961958035
7282378,162,False,0.8752794961958035
7282379,178,False,0.04669703872437358
7282380,27,False,0.6233618443085128
7282381,13,False,0.7442896978774363
7282384,157,False,0.8972472943459228
7282386,33,False,0.37294243174489483
7282388,71,False,0.07383957896402991
7282390,157,False,0.8972472943459228
7282391,157,False,0.6995351113286029
7282392,152,False,0.6605941970066282
7282395,157,False,0.8870384749042743
7282396,10,False,0.5644676947427264
7282397,76,False,0.46519567777160903
7282398,235,False,0.032204396910279265
7282399,34,False,0.320490568516269
7282400,2,False,0.6509711807177992
7282401,7,False,0.46727147158493393
7282402,6,False,0.3766500282140839
7282403,31,False,0.1619862261590355
7282404,26,False,0.4930651764948366
7282405,10,False,0.2271888790930272
7282407,26,False,0.23363550036598246
7282408,6,False,0.0
7282409,51,False,0.0452831010224051
7282410,104,False,0.1513735665973788
7282411,9,False,0.0
7282413,142,False,0.15675151811986132
7282414,23,False,0.006836265829877844
7282415,12,False,0.08572653236176597
7282416,17,False,0.14812356812975017
7282417,3,False,0.0448763975792389
7282418,27,False,0.1133439555403597
7282419,1,False,0.389031357102238
7282420,2,False,0.14267015706806283
7282421,2,False,0.2891380638534623
7282422,30,False,0.048703573931324455
7282423,20,False,0.5405781710874275
7282425,8,False,0.6887031965331077
7282426,12,False,0.6965285352470374
7282427,9,False,0.2
7282428,34,False,0.1869536444785118
7282429,35,False,0.332505115368593
7282430,33,False,0.23421633554083884
7282432,14,False,0.1400764064612066
7282433,27,False,0.0074503311258278145
7282434,12,False,0.5744533066208017
7282435,7,False,0.43050997441168887
7282436,19,False,0.1745110745655948
7282437,27,False,0.8214949659769476
7282438,49,False,0.29092910923558846
7282439,32,False,0.3603058333745008
7282440,27,False,0.13426673846706158
7282441,11,False,0.45052718979681927
7282442,5,False,0.49800269470624386
7282444,18,False,0.9354816824275388
7282446,59,False,0.2988437461954743
7282447,11,False,0.4815687122077791
7282448,63,False,0.8120578968483116
7282449,29,False,0.14261412727827005
7282450,15,False,0.047878487700181604
