snapshot_date,job_id,job_url,job_title_raw,role_bucket,store_number,store_name,street_address,city,state,postal_code,country,posted_text,posted_ts_raw,posted_date,days_since_posted,fetched_date,creation_ts_raw,req_created_date,req_age_days,reposted_requisition,latitude,longitude,position_id,dedup_key,store_key,department,work_location_option,location_raw,n_locations,all_states,search_ids,n_searches
2026-10-01,260067617,https://apply.starbucks.com/careers/job/481080699276,"shift supervisor - Store# 25396, DAWSON BLVD & WESTOVER - ALBANY",SHIFT_SUPERVISOR,25396,DAWSON BLVD & WESTOVER - ALBANY,2700 Dawson Rd,Albany,GA,,US,,1788321600,2026-09-02,29,2026-10-01,1788456466,2026-09-03,28,False,31.6176024,-84.2238452,481080699276,id:260067617,store:25396,Shift Supervisor,onsite,"2700 Dawson Rd, Albany, Georgia, United States",1,GA,CONUS_L0_002_007,1
2026-10-01,260066219,https://apply.starbucks.com/careers/job/481080678972,"barista - Store# 25396, DAWSON BLVD & WESTOVER - ALBANY",BARISTA,25396,DAWSON BLVD & WESTOVER - ALBANY,2700 Dawson Rd,Albany,GA,,US,,1788321600,2026-09-02,29,2026-10-01,1788357782,2026-09-02,29,False,31.6176024,-84.2238452,481080678972,id:260066219,store:25396,Barista,onsite,"2700 Dawson Rd, Albany, Georgia, United States",1,GA,CONUS_L0_002_007,1
2026-10-01,260072793,https://apply.starbucks.com/careers/job/481080796400,"shift supervisor - Store# 63530, I-185 & MACON",SHIFT_SUPERVISOR,63530,I-185 & MACON,3172 Macon Rd,Columbus,GA,,US,,1789012800,2026-09-10,21,2026-10-01,1789135359,2026-09-11,20,False,32.48012,-84.94311,481080796400,id:260072793,store:63530,Shift Supervisor,onsite,"3172 Macon Rd, Columbus, Georgia, United States",1,GA,CONUS_L0_002_007;CONUS_L1_007_025,2
2026-10-01,260072352,https://apply.starbucks.com/careers/job/481080778547,"barista - Store# 63530, I-185 & MACON",BARISTA,63530,I-185 & MACON,3172 Macon Rd,Columbus,GA,,US,,1788926400,2026-09-09,22,2026-10-01,1789048130,2026-09-10,21,False,32.48012,-84.94311,481080778547,id:260072352,store:63530,Barista,onsite,"3172 Macon Rd, Columbus, Georgia, United States",1,GA,CONUS_L0_002_007;CONUS_L1_007_025,2
2026-10-01,260077548,https://apply.starbucks.com/careers/job/481080891182,"shift supervisor - Store# 13431, 17TH & MANCHESTER",SHIFT_SUPERVISOR,13431,17TH & MANCHESTER,1702 Manchester Expy,Columbus,GA,,US,,1789617600,2026-09-17,14,2026-10-01,1789739251,2026-09-18,13,False,32.50683,-84.96593,481080891182,id:260077548,store:13431,Shift Supervisor,onsite,"1702 Manchester Expy, Columbus, Georgia, United States",1,GA,CONUS_L0_002_007;CONUS_L1_007_025,2
2026-10-01,260053411,https://apply.starbucks.com/careers/job/481079320222,"barista - Store# 13431, 17TH & MANCHESTER",BARISTA,13431,17TH & MANCHESTER,1702 Manchester Expy,Columbus,GA,,US,,1783310400,2026-07-06,87,2026-10-01,1783432055,2026-07-07,86,False,32.50683,-84.96593,481079320222,id:260053411,store:13431,Barista,onsite,"1702 Manchester Expy, Columbus, Georgia, United States",1,GA,CONUS_L0_002_007;CONUS_L1_007_025,2
2026-10-01,260072104,https://apply.starbucks.com/careers/job/481080765149,"barista - Store# 14564, BRADLEY PARK AND BELFAST",BARISTA,14564,BRADLEY PARK AND BELFAST,1522 Bradley Park Dr,Columbus,GA,,US,,1788840000,2026-09-08,23,2026-10-01,1788961664,2026-09-09,22,False,32.53166,-84.96945,481080765149,id:260072104,store:14564,Barista,onsite,"1522 Bradley Park Dr, Columbus, Georgia, United States",1,GA,CONUS_L0_002_007;CONUS_L1_007_025,2
2026-10-01,260065145,https://apply.starbucks.com/careers/job/481080677265,"shift supervisor - Store# 14564, BRADLEY PARK AND BELFAST",SHIFT_SUPERVISOR,14564,BRADLEY PARK AND BELFAST,1522 Bradley Park Dr,Columbus,GA,,US,,1788321600,2026-09-02,29,2026-10-01,1788356825,2026-09-02,29,False,32.53166,-84.96945,481080677265,id:260065145,store:14564,Shift Supervisor,onsite,"1522 Bradley Park Dr, Columbus, Georgia, United States",1,GA,CONUS_L0_002_007;CONUS_L1_007_025,2
2026-10-01,260062255,https://apply.starbucks.com/careers/job/481080460502,"barista - Store# 10067, US 80 & VETERANS PKWY",BARISTA,10067,US 80 & VETERANS PKWY,6783 Veterans Pkwy,Columbus,GA,,US,,1787544000,2026-08-24,38,2026-10-01,1787665431,2026-08-25,37,False,32.54493,-84.95336,481080460502,id:260062255,store:10067,Barista,onsite,"6783 Veterans Pkwy, Columbus, Georgia, United States",1,GA,CONUS_L0_002_007;CONUS_L1_007_025,2
2026-10-01,260080279,https://apply.starbucks.com/careers/job/481081059132,"shift supervisor - Store# 10067, US 80 & VETERANS PKWY",SHIFT_SUPERVISOR,10067,US 80 & VETERANS PKWY,6783 Veterans Pkwy,Columbus,GA,,US,,1790568000,2026-09-28,3,2026-10-01,1790689687,2026-09-29,2,False,32.54493,-84.95336,481081059132,id:260080279,store:10067,Shift Supervisor,onsite,"6783 Veterans Pkwy, Columbus, Georgia, United States",1,GA,CONUS_L0_002_007;CONUS_L1_007_025,2
2026-10-01,260063623,https://apply.starbucks.com/careers/job/481080567661,"shift supervisor - Store# 26123, MIDLAND - 7026 RUFFIE WAY",SHIFT_SUPERVISOR,26123,MIDLAND - 7026 RUFFIE WAY,7026 Ruffie Way,Midland,GA,,US,,1787803200,2026-08-27,35,2026-10-01,1787925071,2026-08-28,34,False,32.53877,-84.86792,481080567661,id:260063623,store:26123,Shift Supervisor,onsite,"7026 Ruffie Way, Midland, Georgia, United States",1,GA,CONUS_L0_002_007;CONUS_L1_007_025,2
2026-10-01,260073574,https://apply.starbucks.com/careers/job/481080812911,"barista - Store# 26123, MIDLAND - 7026 RUFFIE WAY",BARISTA,26123,MIDLAND - 7026 RUFFIE WAY,7026 Ruffie Way,Midland,GA,,US,,1789185600,2026-09-12,19,2026-10-01,1789307032,2026-09-13,18,False,32.53877,-84.86792,481080812911,id:260073574,store:26123,Barista,onsite,"7026 Ruffie Way, Midland, Georgia, United States",1,GA,CONUS_L0_002_007;CONUS_L1_007_025,2
2026-10-01,260072212,https://apply.starbucks.com/careers/job/481080765365,"barista - Store# 78365, VETERANS PKWY & AMERICAN WAY",BARISTA,78365,VETERANS PKWY & AMERICAN WAY,"8132 Veterans Pkwy, Bldg 5",Columbus,GA,,US,,1788840000,2026-09-08,23,2026-10-01,1788961747,2026-09-09,22,False,32.566557,-84.933376,481080765365,id:260072212,store:78365,Barista,onsite,"8132 Veterans Pkwy, Bldg 5, Columbus, Georgia, United States",1,GA,CONUS_L0_002_007;CONUS_L1_007_025,2
2026-10-01,260071711,https://apply.starbucks.com/careers/job/481080764548,"shift supervisor - Store# 78365, VETERANS PKWY & AMERICAN WAY",SHIFT_SUPERVISOR,78365,VETERANS PKWY & AMERICAN WAY,"8132 Veterans Pkwy, Bldg 5",Columbus,GA,,US,,1788840000,2026-09-08,23,2026-10-01,1788961344,2026-09-09,22,False,32.566557,-84.933376,481080764548,id:260071711,store:78365,Shift Supervisor,onsite,"8132 Veterans Pkwy, Bldg 5, Columbus, Georgia, United States",1,GA,CONUS_L0_002_007;CONUS_L1_007_025,2
2026-10-01,260061878,https://apply.starbucks.com/careers/job/481080429697,"shift supervisor - Store# 56302, HIGHWAY 19 AND WILLIAMSBURG",SHIFT_SUPERVISOR,56302,HIGHWAY 19 AND WILLIAMSBURG,"31 Williamsburg Ave, 110",Thomasville,GA,,US,,1787457600,2026-08-23,39,2026-10-01,1787579217,2026-08-24,38,False,30.84227,-83.94391,481080429697,id:260061878,store:56302,Shift Supervisor,onsite,"31 Williamsburg Ave, 110, Thomasville, Georgia, United States",1,GA,CONUS_L0_002_007,1
2026-10-01,260071903,https://apply.starbucks.com/careers/job/481080764776,"barista - Store# 56302, HIGHWAY 19 AND WILLIAMSBURG",BARISTA,56302,HIGHWAY 19 AND WILLIAMSBURG,"31 Williamsburg Ave, 110",Thomasville,GA,,US,,1788840000,2026-09-08,23,2026-10-01,1788961497,2026-09-09,22,False,30.84227,-83.94391,481080764776,id:260071903,store:56302,Barista,onsite,"31 Williamsburg Ave, 110, Thomasville, Georgia, United States",1,GA,CONUS_L0_002_007,1
2026-10-01,260059132,https://apply.starbucks.com/careers/job/481079980428,"barista - Store# 47384, EAST BYPASS & DARBYSHIRE - MOULTRIE",BARISTA,47384,EAST BYPASS & DARBYSHIRE - MOULTRIE,511 Veterans Pkwy N,Moultrie,GA,,US,,1785643200,2026-08-02,60,2026-10-01,1785753034,2026-08-03,59,False,31.1912161,-83.7638135,481079980428,id:260059132,store:47384,Barista,onsite,"511 Veterans Pkwy N, Moultrie, Georgia, United States",1,GA,CONUS_L0_002_007,1
2026-10-01,260059133,https://apply.starbucks.com/careers/job/481079980437,"shift supervisor - Store# 47384, EAST BYPASS & DARBYSHIRE - MOULTRIE",SHIFT_SUPERVISOR,47384,EAST BYPASS & DARBYSHIRE - MOULTRIE,511 Veterans Pkwy N,Moultrie,GA,,US,,1785643200,2026-08-02,60,2026-10-01,1785753035,2026-08-03,59,False,31.1912161,-83.7638135,481079980437,id:260059133,store:47384,Shift Supervisor,onsite,"511 Veterans Pkwy N, Moultrie, Georgia, United States",1,GA,CONUS_L0_002_007,1
2026-10-01,260070555,https://apply.starbucks.com/careers/job/481080741623,"shift supervisor - Store# 65620, 16TH & PECAN",SHIFT_SUPERVISOR,65620,16TH & PECAN,"1211 E 16th Ave, A",Cordele,GA,,US,,1788667200,2026-09-06,25,2026-10-01,1788788511,2026-09-07,24,False,31.96275,-83.76289,481080741623,id:260070555,store:65620,Shift Supervisor,onsite,"1211 E 16th Ave, A, Cordele, Georgia, United States",1,GA,CONUS_L0_002_007;CONUS_L1_007_026,2
2026-10-01,260053000,https://apply.starbucks.com/careers/job/481079230096,"barista - Store# 65620, 16TH & PECAN",BARISTA,65620,16TH & PECAN,"1211 E 16th Ave, A",Cordele,GA,,US,,1783137600,2026-07-04,89,2026-10-01,1783258783,2026-07-05,88,False,31.96275,-83.76289,481079230096,id:260053000,store:65620,Barista,onsite,"1211 E 16th Ave, A, Cordele, Georgia, United States",1,GA,CONUS_L0_002_007,1
2026-10-01,260060937,https://apply.starbucks.com/careers/job/481080183445,"barista - Store# 02854, US HWY 82 @ I-75",BARISTA,02854,US HWY 82 @ I-75,1204 US-82,Tifton,GA,,US,,1786766400,2026-08-15,47,2026-10-01,1786887983,2026-08-16,46,False,31.4493801,-83.53252359999999,481080183445,id:260060937,store:02854,Barista,onsite,"1204 US-82, Tifton, Georgia, United States",1,GA,CONUS_L0_002_007;CONUS_L0_002_008,2
2026-10-01,260074879,https://apply.starbucks.com/careers/job/481080820847,"shift supervisor - Store# 02854, US HWY 82 @ I-75",SHIFT_SUPERVISOR,02854,US HWY 82 @ I-75,1204 US-82,Tifton,GA,,US,,1789272000,2026-09-13,18,2026-10-01,1789394445,2026-09-14,17,False,31.4493801,-83.53252359999999,481080820847,id:260074879,store:02854,Shift Supervisor,onsite,"1204 US-82, Tifton, Georgia, United States",1,GA,CONUS_L0_002_007;CONUS_L0_002_008,2
2026-10-01,260072613,https://apply.starbucks.com/careers/job/481080796025,"shift supervisor - Store# 81455, VERNON HILLS & DALES FARM",SHIFT_SUPERVISOR,81455,VERNON HILLS & DALES FARM,2100 Vernon Street,Lagrange,GA,,US,,1789012800,2026-09-10,21,2026-10-01,1789135200,2026-09-11,20,False,33.03508,-85.05851,481080796025,id:260072613,store:81455,Shift Supervisor,onsite,"2100 Vernon Street, Lagrange, Georgia, United States",1,GA,CONUS_L0_002_007;CONUS_L1_007_025,2
2026-10-01,260056902,https://apply.starbucks.com/careers/job/481079555966,"barista - Store# 81455, VERNON HILLS & DALES FARM",BARISTA,81455,VERNON HILLS & DALES FARM,2100 Vernon Street,Lagrange,GA,,US,,1784174400,2026-07-16,77,2026-10-01,1784295752,2026-07-17,76,False,33.03508,-85.05851,481079555966,id:260056902,store:81455,Barista,onsite,"2100 Vernon Street, Lagrange, Georgia, United States",1,GA,CONUS_L0_002_007;CONUS_L1_007_025,2
2026-10-01,260067338,https://apply.starbucks.com/careers/job/481080699009,"shift supervisor - Store# 13612, LAFAYETTE PKWY & S DAVIS RD",SHIFT_SUPERVISOR,13612,LAFAYETTE PKWY & S DAVIS RD,"1470 Lafayette Pkwy, Suite 200",Lagrange,GA,,US,,1788321600,2026-09-02,29,2026-10-01,1788456205,2026-09-03,28,False,33.04163,-84.98269,481080699009,id:260067338,store:13612,Shift Supervisor,onsite,"1470 Lafayette Pkwy, Suite 200, Lagrange, Georgia, United States",1,GA,CONUS_L0_002_007;CONUS_L1_007_025,2
2026-10-01,260064521,https://apply.starbucks.com/careers/job/481080613549,"barista - Store# 13612, LAFAYETTE PKWY & S DAVIS RD",BARISTA,13612,LAFAYETTE PKWY & S DAVIS RD,"1470 Lafayette Pkwy, Suite 200",Lagrange,GA,,US,,1788062400,2026-08-30,32,2026-10-01,1788183883,2026-08-31,31,False,33.04163,-84.98269,481080613549,id:260064521,store:13612,Barista,onsite,"1470 Lafayette Pkwy, Suite 200, Lagrange, Georgia, United States",1,GA,CONUS_L0_002_007;CONUS_L1_007_025,2
2026-10-01,260056779,https://apply.starbucks.com/careers/job/481079527760,"barista - Store# 83265, I-75 & 4TH ST",BARISTA,83265,I-75 & 4TH ST,110 Alabama Rd,Adel,GA,,US,,1784088000,2026-07-15,78,2026-10-01,1784209165,2026-07-16,77,False,31.13746,-83.44253,481079527760,id:260056779,store:83265,Barista,onsite,"110 Alabama Rd, Adel, Georgia, United States",1,GA,CONUS_L0_002_007;CONUS_L0_002_008,2
2026-10-01,260056763,https://apply.starbucks.com/careers/job/481079527723,"shift supervisor - Store# 83265, I-75 & 4TH ST",SHIFT_SUPERVISOR,83265,I-75 & 4TH ST,110 Alabama Rd,Adel,GA,,US,,1784088000,2026-07-15,78,2026-10-01,1784209152,2026-07-16,77,False,31.13746,-83.44253,481079527723,id:260056763,store:83265,Shift Supervisor,onsite,"110 Alabama Rd, Adel, Georgia, United States",1,GA,CONUS_L0_002_007;CONUS_L0_002_008,2
2026-10-01,260065982,https://apply.starbucks.com/careers/job/481080678601,"shift supervisor - Store# 09557, I-75 & ST AUGUSTINE ROAD",SHIFT_SUPERVISOR,09557,I-75 & ST AUGUSTINE ROAD,1305 N St Augustine Rd,Valdosta,GA,,US,,1788321600,2026-09-02,29,2026-10-01,1788357566,2026-09-02,29,False,30.8435136,-83.32839159999999,481080678601,id:260065982,store:09557,Shift Supervisor,onsite,"1305 N St Augustine Rd, Valdosta, Georgia, United States",1,GA,CONUS_L0_002_007;CONUS_L0_002_008,2
2026-10-01,260069939,https://apply.starbucks.com/careers/job/481080730867,"barista - Store# 09557, I-75 & ST AUGUSTINE ROAD",BARISTA,09557,I-75 & ST AUGUSTINE ROAD,1305 N St Augustine Rd,Valdosta,GA,,US,,1788580800,2026-09-05,26,2026-10-01,1788702497,2026-09-06,25,False,30.8435136,-83.32839159999999,481080730867,id:260069939,store:09557,Barista,onsite,"1305 N St Augustine Rd, Valdosta, Georgia, United States",1,GA,CONUS_L0_002_007;CONUS_L0_002_008,2
2026-10-01,260067985,https://apply.starbucks.com/careers/job/481080699762,"shift supervisor - Store# 23358, NORTH VALDOSTA",SHIFT_SUPERVISOR,23358,NORTH VALDOSTA,3316 N Valdosta Rd,Valdosta,GA,,US,,1788321600,2026-09-02,29,2026-10-01,1788456812,2026-09-03,28,False,30.8792,-83.29636,481080699762,id:260067985,store:23358,Shift Supervisor,onsite,"3316 N Valdosta Rd, Valdosta, Georgia, United States",1,GA,CONUS_L0_002_007;CONUS_L0_002_008,2
2026-10-01,260068713,https://apply.starbucks.com/careers/job/481080709927,"shift supervisor - Store# 48006, Perry and Houston Lake",SHIFT_SUPERVISOR,48006,Perry and Houston Lake,277 Perry Pkwy,Perry,GA,,US,,1788408000,2026-09-03,28,2026-10-01,1788529972,2026-09-04,27,False,32.47352,-83.7052,481080709927,id:260068713,store:48006,Shift Supervisor,onsite,"277 Perry Pkwy, Perry, Georgia, United States",1,GA,CONUS_L0_002_007;CONUS_L1_007_026,2
2026-10-01,260068498,https://apply.starbucks.com/careers/job/481080709673,"barista - Store# 48006, Perry and Houston Lake",BARISTA,48006,Perry and Houston Lake,277 Perry Pkwy,Perry,GA,,US,,1788408000,2026-09-03,28,2026-10-01,1788529787,2026-09-04,27,False,32.47352,-83.7052,481080709673,id:260068498,store:48006,Barista,onsite,"277 Perry Pkwy, Perry, Georgia, United States",1,GA,CONUS_L0_002_007;CONUS_L1_007_026,2
2026-10-01,260080812,https://apply.starbucks.com/careers/job/481081099899,"store manager- Valdosta, GA",STORE_MANAGER,,,,Valdosta,GA,,US,,1790868326,2026-10-01,0,2026-10-01,1790867470,2026-10-01,0,False,30.8327022,-83.2784851,481081099899,id:260080812,,Coffeehouse Leader,onsite,"Valdosta, Georgia, United States",1,GA,CONUS_L0_002_007;CONUS_L0_002_008,2
2026-10-01,260055511,https://apply.starbucks.com/careers/job/481079454368,"barista - Store# 78364, HWY 96 & HOUSTON LAKE RD",BARISTA,78364,HWY 96 & HOUSTON LAKE RD,758 Hwy 96,Bonaire,GA,,US,,1783828800,2026-07-12,81,2026-10-01,1783950648,2026-07-13,80,False,32.55402,-83.65687,481079454368,id:260055511,store:78364,Barista,onsite,"758 Hwy 96, Bonaire, Georgia, United States",1,GA,CONUS_L0_002_007;CONUS_L1_007_026,2
2026-10-01,260077490,https://apply.starbucks.com/careers/job/481080891162,"shift supervisor - Store# 78364, HWY 96 & HOUSTON LAKE RD",SHIFT_SUPERVISOR,78364,HWY 96 & HOUSTON LAKE RD,758 Hwy 96,Bonaire,GA,,US,,1789617600,2026-09-17,14,2026-10-01,1789739200,2026-09-18,13,False,32.55402,-83.65687,481080891162,id:260077490,store:78364,Shift Supervisor,onsite,"758 Hwy 96, Bonaire, Georgia, United States",1,GA,CONUS_L0_002_007;CONUS_L1_007_026,2
2026-10-01,260071611,https://apply.starbucks.com/careers/job/481080764412,"shift supervisor - Store# 71300, HWY 49 & PEACHTREE PKWY",SHIFT_SUPERVISOR,71300,HWY 49 & PEACHTREE PKWY,321 GA Highway 49 N,Byron,GA,,US,,1788840000,2026-09-08,23,2026-10-01,1788961265,2026-09-09,22,False,32.6635205,-83.73972739999999,481080764412,id:260071611,store:71300,Shift Supervisor,onsite,"321 GA Highway 49 N, Byron, Georgia, United States",1,GA,CONUS_L0_002_007;CONUS_L1_007_026,2
2026-10-01,260061109,https://apply.starbucks.com/careers/job/481080228896,"barista - Store# 71300, HWY 49 & PEACHTREE PKWY",BARISTA,71300,HWY 49 & PEACHTREE PKWY,321 GA Highway 49 N,Byron,GA,,US,,1786939200,2026-08-17,45,2026-10-01,1787060492,2026-08-18,44,False,32.6635205,-83.73972739999999,481080228896,id:260061109,store:71300,Barista,onsite,"321 GA Highway 49 N, Byron, Georgia, United States",1,GA,CONUS_L0_002_007;CONUS_L1_007_026,2
2026-10-01,260066338,https://apply.starbucks.com/careers/job/481080679290,"barista - Store# 10730, WATSON BLVD & CARL VINSON PKWY",BARISTA,10730,WATSON BLVD & CARL VINSON PKWY,2729 Watson Blvd,Warner Robins,GA,,US,,1788321600,2026-09-02,29,2026-10-01,1788357887,2026-09-02,29,False,32.61791,-83.67373,481080679290,id:260066338,store:10730,Barista,onsite,"2729 Watson Blvd, Warner Robins, Georgia, United States",1,GA,CONUS_L0_002_007;CONUS_L1_007_026,2
2026-10-01,260064389,https://apply.starbucks.com/careers/job/481080613149,"shift supervisor - Store# 10730, WATSON BLVD & CARL VINSON PKWY",SHIFT_SUPERVISOR,10730,WATSON BLVD & CARL VINSON PKWY,2729 Watson Blvd,Warner Robins,GA,,US,,1788062400,2026-08-30,32,2026-10-01,1788183774,2026-08-31,31,False,32.61791,-83.67373,481080613149,id:260064389,store:10730,Shift Supervisor,onsite,"2729 Watson Blvd, Warner Robins, Georgia, United States",1,GA,CONUS_L0_002_007;CONUS_L1_007_026,2
2026-10-01,260067860,https://apply.starbucks.com/careers/job/481080699554,"barista - Store# 10730, WATSON BLVD & CARL VINSON PKWY",BARISTA,10730,WATSON BLVD & CARL VINSON PKWY,2729 Watson Blvd,Warner Robins,GA,,US,,1788321600,2026-09-02,29,2026-10-01,1788456693,2026-09-03,28,False,32.61791,-83.67373,481080699554,id:260067860,store:10730,Barista,onsite,"2729 Watson Blvd, Warner Robins, Georgia, United States",1,GA,CONUS_L0_002_007;CONUS_L1_007_026,2
2026-10-01,260075208,https://apply.starbucks.com/careers/job/481080821405,"barista - Store# 08569, HWY 34 @ 1-85",BARISTA,08569,HWY 34 @ 1-85,"733 Bullsboro Dr, A",Newnan,GA,,US,,1789272000,2026-09-13,18,2026-10-01,1789394737,2026-09-14,17,False,33.3960484,-84.75356599999999,481080821405,id:260075208,store:08569,Barista,onsite,"733 Bullsboro Dr, A, Newnan, Georgia, United States",1,GA,CONUS_L0_002_007;CONUS_L1_007_025;CONUS_L1_008_026,3
2026-10-01,260062386,https://apply.starbucks.com/careers/job/481080494114,"shift supervisor - Store# 08569, HWY 34 @ 1-85",SHIFT_SUPERVISOR,08569,HWY 34 @ 1-85,"733 Bullsboro Dr, A",Newnan,GA,,US,,1787630400,2026-08-25,37,2026-10-01,1787752175,2026-08-26,36,False,33.3960484,-84.75356599999999,481080494114,id:260062386,store:08569,Shift Supervisor,onsite,"733 Bullsboro Dr, A, Newnan, Georgia, United States",1,GA,CONUS_L0_002_007;CONUS_L1_007_025;CONUS_L1_008_026,3
2026-10-01,260058320,https://apply.starbucks.com/careers/job/481079850029,"shift supervisor - Store# 56062, BULLSBORO AND OLD HIGHWAY 34",SHIFT_SUPERVISOR,56062,BULLSBORO AND OLD HIGHWAY 34,"1200 Bullsboro Dr, Ste A",Newnan,GA,,US,,1784952000,2026-07-25,68,2026-10-01,1785073562,2026-07-26,67,False,33.398232,-84.73993999999999,481079850029,id:260058320,store:56062,Shift Supervisor,onsite,"1200 Bullsboro Dr, Ste A, Newnan, Georgia, United States",1,GA,CONUS_L0_002_007;CONUS_L1_008_026,2
2026-10-01,260058057,https://apply.starbucks.com/careers/job/481079849221,"barista - Store# 56062, BULLSBORO AND OLD HIGHWAY 34",BARISTA,56062,BULLSBORO AND OLD HIGHWAY 34,"1200 Bullsboro Dr, Ste A",Newnan,GA,,US,,1784952000,2026-07-25,68,2026-10-01,1785073344,2026-07-26,67,False,33.398232,-84.73993999999999,481079849221,id:260058057,store:56062,Barista,onsite,"1200 Bullsboro Dr, Ste A, Newnan, Georgia, United States",1,GA,CONUS_L0_002_007;CONUS_L1_008_026,2
2026-10-01,260068890,https://apply.starbucks.com/careers/job/481080710232,"shift supervisor - Store# 28771, HWY 34 & SHARPSBURG MCCULLUM - NEWNAN",SHIFT_SUPERVISOR,28771,HWY 34 & SHARPSBURG MCCULLUM - NEWNAN,3151 Highway 34 E,Newnan,GA,,US,,1788408000,2026-09-03,28,2026-10-01,1788530121,2026-09-04,27,False,33.4069852,-84.6794223,481080710232,id:260068890,store:28771,Shift Supervisor,onsite,"3151 Highway 34 E, Newnan, Georgia, United States",1,GA,CONUS_L0_002_007;CONUS_L1_008_026,2
2026-10-01,260068636,https://apply.starbucks.com/careers/job/481080709817,"barista - Store# 28771, HWY 34 & SHARPSBURG MCCULLUM - NEWNAN",BARISTA,28771,HWY 34 & SHARPSBURG MCCULLUM - NEWNAN,3151 Highway 34 E,Newnan,GA,,US,,1788408000,2026-09-03,28,2026-10-01,1788529908,2026-09-04,27,False,33.4069852,-84.6794223,481080709817,id:260068636,store:28771,Barista,onsite,"3151 Highway 34 E, Newnan, Georgia, United States",1,GA,CONUS_L0_002_007;CONUS_L1_008_026,2
2026-10-01,260053185,https://apply.starbucks.com/careers/job/481079230282,"barista - Store# 66071, I-75 & N. LEE",BARISTA,66071,I-75 & N. LEE,318 Russell Pkwy,Forsyth,GA,,US,,1783137600,2026-07-04,89,2026-10-01,1783258929,2026-07-05,88,False,33.04216,-83.93908,481079230282,id:260053185,store:66071,Barista,onsite,"318 Russell Pkwy, Forsyth, Georgia, United States",1,GA,CONUS_L0_002_007,1
2026-10-01,260070834,https://apply.starbucks.com/careers/job/481080741953,"shift supervisor - Store# 66071, I-75 & N. LEE",SHIFT_SUPERVISOR,66071,I-75 & N. LEE,318 Russell Pkwy,Forsyth,GA,,US,,1788667200,2026-09-06,25,2026-10-01,1788788730,2026-09-07,24,False,33.04216,-83.93908,481080741953,id:260070834,store:66071,Shift Supervisor,onsite,"318 Russell Pkwy, Forsyth, Georgia, United States",1,GA,CONUS_L0_002_007;CONUS_L1_007_026;CONUS_L1_008_026,3
2026-10-01,260060208,https://apply.starbucks.com/careers/job/481080108593,"barista - Store# 10196, FORSYTH RD & TUCKER RD",BARISTA,10196,FORSYTH RD & TUCKER RD,4640 Forsyth Rd,Macon,GA,,US,,1786334400,2026-08-10,52,2026-10-01,1786455921,2026-08-11,51,False,32.8734082,-83.7082882,481080108593,id:260060208,store:10196,Barista,onsite,"4640 Forsyth Rd, Macon, Georgia, United States",1,GA,CONUS_L0_002_007;CONUS_L1_007_026,2
2026-10-01,260078136,https://apply.starbucks.com/careers/job/481080923734,"shift supervisor - Store# 10196, FORSYTH RD & TUCKER RD",SHIFT_SUPERVISOR,10196,FORSYTH RD & TUCKER RD,4640 Forsyth Rd,Macon,GA,,US,,1789790400,2026-09-19,12,2026-10-01,1789911770,2026-09-20,11,False,32.8734082,-83.7082882,481080923734,id:260078136,store:10196,Shift Supervisor,onsite,"4640 Forsyth Rd, Macon, Georgia, United States",1,GA,CONUS_L0_002_007;CONUS_L1_007_026,2
2026-10-01,260059888,https://apply.starbucks.com/careers/job/481080079056,"shift supervisor - Store# 08386, THE AVENUE PEACHTREE CITY",SHIFT_SUPERVISOR,08386,THE AVENUE PEACHTREE CITY,"101 City Cir, The Avenues of Peachtree City1300",Peachtree City,GA,,US,,1786161600,2026-08-08,54,2026-10-01,1786283182,2026-08-09,53,False,33.3963482,-84.59173779999999,481080079056,id:260059888,store:08386,Shift Supervisor,onsite,"101 City Cir, The Avenues of Peachtree City1300, Peachtree City, Georgia, United States",1,GA,CONUS_L0_002_007;CONUS_L1_008_026,2
2026-10-01,260077811,https://apply.starbucks.com/careers/job/481080891654,"barista - Store# 08386, THE AVENUE PEACHTREE CITY",BARISTA,08386,THE AVENUE PEACHTREE CITY,"101 City Cir, The Avenues of Peachtree City1300",Peachtree City,GA,,US,,1789617600,2026-09-17,14,2026-10-01,1789739474,2026-09-18,13,False,33.3963482,-84.59173779999999,481080891654,id:260077811,store:08386,Barista,onsite,"101 City Cir, The Avenues of Peachtree City1300, Peachtree City, Georgia, United States",1,GA,CONUS_L0_002_007;CONUS_L1_008_026,2
2026-10-01,260068941,https://apply.starbucks.com/careers/job/481080710279,"shift supervisor - Store# 48276, Highway 41 & Highway 92 - Griffin",SHIFT_SUPERVISOR,48276,Highway 41 & Highway 92 - Griffin,1633 1/2 N Expressway,Griffin,GA,,US,,1788408000,2026-09-03,28,2026-10-01,1788530164,2026-09-04,27,False,33.276458,-84.29205499999999,481080710279,id:260068941,store:48276,Shift Supervisor,onsite,"1633 1/2 N Expressway, Griffin, Georgia, United States",1,GA,CONUS_L0_002_007;CONUS_L1_008_026,2
2026-10-01,260068355,https://apply.starbucks.com/careers/job/481080709404,"barista - Store# 48276, Highway 41 & Highway 92 - Griffin",BARISTA,48276,Highway 41 & Highway 92 - Griffin,1633 1/2 N Expressway,Griffin,GA,,US,,1788408000,2026-09-03,28,2026-10-01,1788529664,2026-09-04,27,False,33.276458,-84.29205499999999,481080709404,id:260068355,store:48276,Barista,onsite,"1633 1/2 N Expressway, Griffin, Georgia, United States",1,GA,CONUS_L0_002_007;CONUS_L1_008_026,2
2026-10-01,260072766,https://apply.starbucks.com/careers/job/481080796433,"shift supervisor - Store# 08630, I-75 @ TOM HILL SR BLVD",SHIFT_SUPERVISOR,08630,I-75 @ TOM HILL SR BLVD,"121 Tom Hill Sr Blvd, Ste 107",Macon,GA,,US,,1789012800,2026-09-10,21,2026-10-01,1789135336,2026-09-11,20,False,32.9001335,-83.6872418,481080796433,id:260072766,store:08630,Shift Supervisor,onsite,"121 Tom Hill Sr Blvd, Ste 107, Macon, Georgia, United States",1,GA,CONUS_L0_002_007;CONUS_L1_007_026,2
2026-10-01,260077564,https://apply.starbucks.com/careers/job/481080891221,"barista - Store# 08630, I-75 @ TOM HILL SR BLVD",BARISTA,08630,I-75 @ TOM HILL SR BLVD,"121 Tom Hill Sr Blvd, Ste 107",Macon,GA,,US,,1789617600,2026-09-17,14,2026-10-01,1789739264,2026-09-18,13,False,32.9001335,-83.6872418,481080891221,id:260077564,store:08630,Barista,onsite,"121 Tom Hill Sr Blvd, Ste 107, Macon, Georgia, United States",1,GA,CONUS_L0_002_007;CONUS_L1_007_026,2
2026-10-01,260077011,https://apply.starbucks.com/careers/job/481080875294,"barista - Store# 13369, HWY 54 & BROKEN BOW CT",BARISTA,13369,HWY 54 & BROKEN BOW CT,"130 Peachtree East Shopping Ctr, Suite 200",Peachtree City,GA,,US,,1789531200,2026-09-16,15,2026-10-01,1789652651,2026-09-17,14,False,33.4234968,-84.55685919999999,481080875294,id:260077011,store:13369,Barista,onsite,"130 Peachtree East Shopping Ctr, Suite 200, Peachtree City, Georgia, United States",1,GA,CONUS_L0_002_007;CONUS_L1_008_026,2
2026-10-01,260077164,https://apply.starbucks.com/careers/job/481080890686,"shift supervisor - Store# 13369, HWY 54 & BROKEN BOW CT",SHIFT_SUPERVISOR,13369,HWY 54 & BROKEN BOW CT,"130 Peachtree East Shopping Ctr, Suite 200",Peachtree City,GA,,US,,1789617600,2026-09-17,14,2026-10-01,1789738918,2026-09-18,13,False,33.4234968,-84.55685919999999,481080890686,id:260077164,store:13369,Shift Supervisor,onsite,"130 Peachtree East Shopping Ctr, Suite 200, Peachtree City, Georgia, United States",1,GA,CONUS_L0_002_007;CONUS_L1_008_026,2
2026-10-01,260061117,https://apply.starbucks.com/careers/job/481080229013,"barista - Store# 51641, S. Park and Clinic",BARISTA,51641,S. Park and Clinic,804 S Park St,Carrollton,GA,,US,,1786939200,2026-08-17,45,2026-10-01,1787060502,2026-08-18,44,False,33.5683013,-85.07729619999999,481080229013,id:260061117,store:51641,Barista,onsite,"804 S Park St, Carrollton, Georgia, United States",1,GA,CONUS_L0_002_007;CONUS_L1_008_025;CONUS_L1_008_026,3
2026-10-01,260067851,https://apply.starbucks.com/careers/job/481080699562,"shift supervisor - Store# 51641, S. Park and Clinic",SHIFT_SUPERVISOR,51641,S. Park and Clinic,804 S Park St,Carrollton,GA,,US,,1788321600,2026-09-02,29,2026-10-01,1788456684,2026-09-03,28,False,33.5683013,-85.07729619999999,481080699562,id:260067851,store:51641,Shift Supervisor,onsite,"804 S Park St, Carrollton, Georgia, United States",1,GA,CONUS_L0_002_007;CONUS_L1_008_025;CONUS_L1_008_026,3
2026-10-01,260060644,https://apply.starbucks.com/careers/job/481080162954,"barista - Store# 65364, US 441 & BOWENS MILL RD",BARISTA,65364,US 441 & BOWENS MILL RD,"1301 Peterson Ave S, C",Douglas,GA,,US,,1786593600,2026-08-13,49,2026-10-01,1786715157,2026-08-14,48,False,31.49152,-82.85147,481080162954,id:260060644,store:65364,Barista,onsite,"1301 Peterson Ave S, C, Douglas, Georgia, United States",1,GA,CONUS_L0_002_007;CONUS_L0_002_008,2
2026-10-01,260074285,https://apply.starbucks.com/careers/job/481080814129,"shift supervisor - Store# 65364, US 441 & BOWENS MILL RD",SHIFT_SUPERVISOR,65364,US 441 & BOWENS MILL RD,"1301 Peterson Ave S, C",Douglas,GA,,US,,1789185600,2026-09-12,19,2026-10-01,1789307693,2026-09-13,18,False,31.49152,-82.85147,481080814129,id:260074285,store:65364,Shift Supervisor,onsite,"1301 Peterson Ave S, C, Douglas, Georgia, United States",1,GA,CONUS_L0_002_007;CONUS_L0_002_008,2
2026-10-01,260059950,https://apply.starbucks.com/careers/job/481080079146,"barista - Store# 09794, HWY 85 & HWY 92",BARISTA,09794,HWY 85 & HWY 92,856 Glynn St S,Fayetteville,GA,,US,,1786161600,2026-08-08,54,2026-10-01,1786283233,2026-08-09,53,False,33.4309547,-84.4569533,481080079146,id:260059950,store:09794,Barista,onsite,"856 Glynn St S, Fayetteville, Georgia, United States",1,GA,CONUS_L0_002_007;CONUS_L1_008_026,2
2026-10-01,260063222,https://apply.starbucks.com/careers/job/481080565727,"shift supervisor - Store# 09794, HWY 85 & HWY 92",SHIFT_SUPERVISOR,09794,HWY 85 & HWY 92,856 Glynn St S,Fayetteville,GA,,US,,1787803200,2026-08-27,35,2026-10-01,1787924749,2026-08-28,34,False,33.4309547,-84.4569533,481080565727,id:260063222,store:09794,Shift Supervisor,onsite,"856 Glynn St S, Fayetteville, Georgia, United States",1,GA,CONUS_L0_002_007;CONUS_L1_008_026,2
2026-10-01,260077350,https://apply.starbucks.com/careers/job/481080890950,"shift supervisor - Store# 08231, FAYETTEVILLE",SHIFT_SUPERVISOR,08231,FAYETTEVILLE,"140 Walker Pkwy, Fayette Pavilion Shopping Center",Fayetteville,GA,,US,,1789617600,2026-09-17,14,2026-10-01,1789739078,2026-09-18,13,False,33.4758176,-84.4386423,481080890950,id:260077350,store:08231,Shift Supervisor,onsite,"140 Walker Pkwy, Fayette Pavilion Shopping Center, Fayetteville, Georgia, United States",1,GA,CONUS_L0_002_007;CONUS_L1_008_026,2
2026-10-01,260077340,https://apply.starbucks.com/careers/job/481080890928,"barista - Store# 08231, FAYETTEVILLE",BARISTA,08231,FAYETTEVILLE,"140 Walker Pkwy, Fayette Pavilion Shopping Center",Fayetteville,GA,,US,,1789617600,2026-09-17,14,2026-10-01,1789739069,2026-09-18,13,False,33.4758176,-84.4386423,481080890928,id:260077340,store:08231,Barista,onsite,"140 Walker Pkwy, Fayette Pavilion Shopping Center, Fayetteville, Georgia, United States",1,GA,CONUS_L0_002_007;CONUS_L1_008_026,2
2026-10-01,260058844,https://apply.starbucks.com/careers/job/481079927782,"barista - Store# 25215, I-85 & SENOIA ROAD - FAIRBURN, GA",BARISTA,25215,"I-85 & SENOIA ROAD - FAIRBURN, GA","7920 Senoia Rd, 100",Fairburn,GA,,US,,1785211200,2026-07-28,65,2026-10-01,1785332780,2026-07-29,64,False,33.53875,-84.57627,481079927782,id:260058844,store:25215,Barista,onsite,"7920 Senoia Rd, 100, Fairburn, Georgia, United States",1,GA,CONUS_L0_002_007;CONUS_L1_008_026,2
2026-10-01,260078345,https://apply.starbucks.com/careers/job/481080936210,"shift supervisor - Store# 25215, I-85 & SENOIA ROAD - FAIRBURN, GA",SHIFT_SUPERVISOR,25215,"I-85 & SENOIA ROAD - FAIRBURN, GA","7920 Senoia Rd, 100",Fairburn,GA,,US,,1789876800,2026-09-20,11,2026-10-01,1789998193,2026-09-21,10,False,33.53875,-84.57627,481080936210,id:260078345,store:25215,Shift Supervisor,onsite,"7920 Senoia Rd, 100, Fairburn, Georgia, United States",1,GA,CONUS_L0_002_007;CONUS_L1_008_026,2
2026-10-01,260070377,https://apply.starbucks.com/careers/job/481080741375,"barista - Store# 59435, BILL GARDNER PARKWAY & I-75",BARISTA,59435,BILL GARDNER PARKWAY & I-75,4837 Bill Gardner Pkwy,Locust Grove,GA,,US,,1788667200,2026-09-06,25,2026-10-01,1788788370,2026-09-07,24,False,33.35392,-84.12276,481080741375,id:260070377,store:59435,Barista,onsite,"4837 Bill Gardner Pkwy, Locust Grove, Georgia, United States",1,GA,CONUS_L0_002_007;CONUS_L1_008_026,2
2026-10-01,260075797,https://apply.starbucks.com/careers/job/481080840619,"shift supervisor - Store# 59435, BILL GARDNER PARKWAY & I-75",SHIFT_SUPERVISOR,59435,BILL GARDNER PARKWAY & I-75,4837 Bill Gardner Pkwy,Locust Grove,GA,,US,,1789358400,2026-09-14,17,2026-10-01,1789480052,2026-09-15,16,False,33.35392,-84.12276,481080840619,id:260075797,store:59435,Shift Supervisor,onsite,"4837 Bill Gardner Pkwy, Locust Grove, Georgia, United States",1,GA,CONUS_L0_002_007;CONUS_L1_008_026,2
2026-10-01,260067615,https://apply.starbucks.com/careers/job/481080699240,"shift supervisor - Store# 10683, I-75 & HWY 20",SHIFT_SUPERVISOR,10683,I-75 & HWY 20,1479 Hwy 20 W,Mcdonough,GA,,US,,1788321600,2026-09-02,29,2026-10-01,1788456464,2026-09-03,28,False,33.42193,-84.18659,481080699240,id:260067615,store:10683,Shift Supervisor,onsite,"1479 Hwy 20 W, Mcdonough, Georgia, United States",1,GA,CONUS_L0_002_007;CONUS_L1_008_026,2
2026-10-01,260064054,https://apply.starbucks.com/careers/job/481080594474,"barista - Store# 10683, I-75 & HWY 20",BARISTA,10683,I-75 & HWY 20,1479 Hwy 20 W,Mcdonough,GA,,US,,1787976000,2026-08-29,33,2026-10-01,1788097390,2026-08-30,32,False,33.42193,-84.18659,481080594474,id:260064054,store:10683,Barista,onsite,"1479 Hwy 20 W, Mcdonough, Georgia, United States",1,GA,CONUS_L0_002_007;CONUS_L1_008_026,2
2026-10-01,260063802,https://apply.starbucks.com/careers/job/481080567717,"shift supervisor - Store# 10267, Henry Marketplace",SHIFT_SUPERVISOR,10267,Henry Marketplace,1865 Jonesboro Rd,Mcdonough,GA,,US,,1787803200,2026-08-27,35,2026-10-01,1787925213,2026-08-28,34,False,33.4637858,-84.2187196,481080567717,id:260063802,store:10267,Shift Supervisor,onsite,"1865 Jonesboro Rd, Mcdonough, Georgia, United States",1,GA,CONUS_L0_002_007;CONUS_L1_008_026,2
2026-10-01,260059770,https://apply.starbucks.com/careers/job/481080055691,"barista - Store# 83270, JONESBORO RD & MT. CARMEL RD",BARISTA,83270,JONESBORO RD & MT. CARMEL RD,1160 Jonesboro Rd,Mcdonough,GA,,US,,1785988800,2026-08-06,56,2026-10-01,1786110323,2026-08-07,55,False,33.45998,-84.1947,481080055691,id:260059770,store:83270,Barista,onsite,"1160 Jonesboro Rd, Mcdonough, Georgia, United States",1,GA,CONUS_L0_002_007;CONUS_L1_008_026,2
2026-10-01,260075163,https://apply.starbucks.com/careers/job/481080821351,"barista - Store# 50271, HIGHWAY 61 AND S. CARROLL",BARISTA,50271,HIGHWAY 61 AND S. CARROLL,700 Highway 61,Villa Rica,GA,,US,,1789272000,2026-09-13,18,2026-10-01,1789394698,2026-09-14,17,False,33.7125,-84.93597,481080821351,id:260075163,store:50271,Barista,onsite,"700 Highway 61, Villa Rica, Georgia, United States",1,GA,CONUS_L0_002_007;CONUS_L1_008_025;CONUS_L1_008_026,3
2026-10-01,260068649,https://apply.starbucks.com/careers/job/481080709824,"shift supervisor - Store# 50271, HIGHWAY 61 AND S. CARROLL",SHIFT_SUPERVISOR,50271,HIGHWAY 61 AND S. CARROLL,700 Highway 61,Villa Rica,GA,,US,,1788408000,2026-09-03,28,2026-10-01,1788529919,2026-09-04,27,False,33.7125,-84.93597,481080709824,id:260068649,store:50271,Shift Supervisor,onsite,"700 Highway 61, Villa Rica, Georgia, United States",1,GA,CONUS_L0_002_007;CONUS_L1_008_025;CONUS_L1_008_026,3
2026-10-01,260070983,https://apply.starbucks.com/careers/job/481080742188,"shift supervisor - Store# 67348, I-75 & JODECO",SHIFT_SUPERVISOR,67348,I-75 & JODECO,2145 Jodeco Rd,Mcdonough,GA,,US,,1788667200,2026-09-06,25,2026-10-01,1788788850,2026-09-07,24,False,33.4810609,-84.22372,481080742188,id:260070983,store:67348,Shift Supervisor,onsite,"2145 Jodeco Rd, Mcdonough, Georgia, United States",1,GA,CONUS_L0_002_007;CONUS_L1_008_026,2
2026-10-01,260054329,https://apply.starbucks.com/careers/job/481079405388,"barista - Store# 67348, I-75 & JODECO",BARISTA,67348,I-75 & JODECO,2145 Jodeco Rd,Mcdonough,GA,,US,,1783569600,2026-07-09,84,2026-10-01,1783691265,2026-07-10,83,False,33.4810609,-84.22372,481079405388,id:260054329,store:67348,Barista,onsite,"2145 Jodeco Rd, Mcdonough, Georgia, United States",1,GA,CONUS_L0_002_007;CONUS_L1_008_026,2
2026-10-01,260062925,https://apply.starbucks.com/careers/job/481080532505,"shift supervisor - Store# 69295, HWY 92 & S FULTON",SHIFT_SUPERVISOR,69295,HWY 92 & S FULTON,5385 Campbellton Fairburn Rd,Fairburn,GA,,US,,1787716800,2026-08-26,36,2026-10-01,1787838318,2026-08-27,35,False,33.6420903,-84.64496559999999,481080532505,id:260062925,store:69295,Shift Supervisor,onsite,"5385 Campbellton Fairburn Rd, Fairburn, Georgia, United States",1,GA,CONUS_L0_002_007;CONUS_L1_008_026,2
2026-10-01,260075859,https://apply.starbucks.com/careers/job/481080844451,"store manager- Stockbridge/McDonough, GA",STORE_MANAGER,,,,Mcdonough,GA,,US,,1790627444,2026-09-28,3,2026-10-01,1789489548,2026-09-15,16,True,33.4473361,-84.1468616,481080844451,id:260075859,,Coffeehouse Leader,onsite,"Mcdonough, Georgia, United States",1,GA,CONUS_L0_002_007;CONUS_L1_008_026,2
2026-10-01,260060257,https://apply.starbucks.com/careers/job/481080108650,"shift supervisor - Store# 59695, HWY 81 & LAKE DOW",SHIFT_SUPERVISOR,59695,HWY 81 & LAKE DOW,846 Hwy 81 E,Mcdonough,GA,,US,,1786334400,2026-08-10,52,2026-10-01,1786455972,2026-08-11,51,False,33.43972,-84.12355,481080108650,id:260060257,store:59695,Shift Supervisor,onsite,"846 Hwy 81 E, Mcdonough, Georgia, United States",1,GA,CONUS_L0_002_007;CONUS_L1_008_026,2
2026-10-01,260079031,https://apply.starbucks.com/careers/job/481080965219,"barista - Store# 59695, HWY 81 & LAKE DOW",BARISTA,59695,HWY 81 & LAKE DOW,846 Hwy 81 E,Mcdonough,GA,,US,,1790049600,2026-09-22,9,2026-10-01,1790171131,2026-09-23,8,False,33.43972,-84.12355,481080965219,id:260079031,store:59695,Barista,onsite,"846 Hwy 81 E, Mcdonough, Georgia, United States",1,GA,CONUS_L0_002_007;CONUS_L1_008_026,2
2026-10-01,260054729,https://apply.starbucks.com/careers/job/481079406242,"barista - Store# 08118, EAGLES LANDING PKWY & MEDICAL BLVD",BARISTA,08118,EAGLES LANDING PKWY & MEDICAL BLVD,1058 Eagles Landing Pkwy,Stockbridge,GA,,US,,1783569600,2026-07-09,84,2026-10-01,1783691550,2026-07-10,83,False,33.5113138,-84.22414599999999,481079406242,id:260054729,store:08118,Barista,onsite,"1058 Eagles Landing Pkwy, Stockbridge, Georgia, United States",1,GA,CONUS_L0_002_007;CONUS_L1_008_026,2
2026-10-01,260077406,https://apply.starbucks.com/careers/job/481080890988,"shift supervisor - Store# 08118, EAGLES LANDING PKWY & MEDICAL BLVD",SHIFT_SUPERVISOR,08118,EAGLES LANDING PKWY & MEDICAL BLVD,1058 Eagles Landing Pkwy,Stockbridge,GA,,US,,1789617600,2026-09-17,14,2026-10-01,1789739126,2026-09-18,13,False,33.5113138,-84.22414599999999,481080890988,id:260077406,store:08118,Shift Supervisor,onsite,"1058 Eagles Landing Pkwy, Stockbridge, Georgia, United States",1,GA,CONUS_L0_002_007;CONUS_L1_008_026,2
2026-10-01,260069937,https://apply.starbucks.com/careers/job/481080730870,"shift supervisor - Store# 54772, TARA BOULEVARD AND MT ZION",SHIFT_SUPERVISOR,54772,TARA BOULEVARD AND MT ZION,6564 Tara Blvd,Jonesboro,GA,,US,,1788580800,2026-09-05,26,2026-10-01,1788702496,2026-09-06,25,False,33.57521,-84.37137,481080730870,id:260069937,store:54772,Shift Supervisor,onsite,"6564 Tara Blvd, Jonesboro, Georgia, United States",1,GA,CONUS_L0_002_007;CONUS_L1_008_026,2
2026-10-01,260055325,https://apply.starbucks.com/careers/job/481079453844,"barista - Store# 54772, TARA BOULEVARD AND MT ZION",BARISTA,54772,TARA BOULEVARD AND MT ZION,6564 Tara Blvd,Jonesboro,GA,,US,,1783828800,2026-07-12,81,2026-10-01,1783950504,2026-07-13,80,False,33.57521,-84.37137,481079453844,id:260055325,store:54772,Barista,onsite,"6564 Tara Blvd, Jonesboro, Georgia, United States",1,GA,CONUS_L0_002_007;CONUS_L1_008_026,2
2026-10-01,260073560,https://apply.starbucks.com/careers/job/481080812903,"shift supervisor - Store# 58169, HIGHWAY 5 & DOUGLAS BLVD",SHIFT_SUPERVISOR,58169,HIGHWAY 5 & DOUGLAS BLVD,"9484 Highway 5, Ste A",Douglasville,GA,,US,,1789185600,2026-09-12,19,2026-10-01,1789307018,2026-09-13,18,False,33.72447,-84.762,481080812903,id:260073560,store:58169,Shift Supervisor,onsite,"9484 Highway 5, Ste A, Douglasville, Georgia, United States",1,GA,CONUS_L0_002_007;CONUS_L1_008_025;CONUS_L1_008_026,3
2026-10-01,260067463,https://apply.starbucks.com/careers/job/481080699216,"shift supervisor - Store# 14494, I-285 & CAMP CREEK PARKWAY",SHIFT_SUPERVISOR,14494,I-285 & CAMP CREEK PARKWAY,"3507 Camp Creek Pkwy, Ste 20",Atlanta,GA,,US,,1788321600,2026-09-02,29,2026-10-01,1788456324,2026-09-03,28,False,33.6543555,-84.5031819,481080699216,id:260067463,store:14494,Shift Supervisor,onsite,"3507 Camp Creek Pkwy, Ste 20, Atlanta, Georgia, United States",1,GA,CONUS_L0_002_007;CONUS_L1_008_026,2
2026-10-01,260062946,https://apply.starbucks.com/careers/job/481080532568,"barista - Store# 14494, I-285 & CAMP CREEK PARKWAY",BARISTA,14494,I-285 & CAMP CREEK PARKWAY,"3507 Camp Creek Pkwy, Ste 20",Atlanta,GA,,US,,1787716800,2026-08-26,36,2026-10-01,1787838336,2026-08-27,35,False,33.6543555,-84.5031819,481080532568,id:260062946,store:14494,Barista,onsite,"3507 Camp Creek Pkwy, Ste 20, Atlanta, Georgia, United States",1,GA,CONUS_L0_002_007;CONUS_L1_008_026,2
2026-10-01,260062956,https://apply.starbucks.com/careers/job/481080532567,"barista - Store# 84719, HWY 155 & EAST LAKE",BARISTA,84719,HWY 155 & EAST LAKE,"5915 East Lake Pkwy, Ste 100",Mcdonough,GA,,US,,1787716800,2026-08-26,36,2026-10-01,1787838345,2026-08-27,35,False,33.508161,-84.1433849,481080532567,id:260062956,store:84719,Barista,onsite,"5915 East Lake Pkwy, Ste 100, Mcdonough, Georgia, United States",1,GA,CONUS_L0_002_007;CONUS_L1_008_026,2
2026-10-01,260072705,https://apply.starbucks.com/careers/job/481080796173,"shift supervisor - Store# 84719, HWY 155 & EAST LAKE",SHIFT_SUPERVISOR,84719,HWY 155 & EAST LAKE,"5915 East Lake Pkwy, Ste 100",Mcdonough,GA,,US,,1789012800,2026-09-10,21,2026-10-01,1789135282,2026-09-11,20,False,33.508161,-84.1433849,481080796173,id:260072705,store:84719,Shift Supervisor,onsite,"5915 East Lake Pkwy, Ste 100, Mcdonough, Georgia, United States",1,GA,CONUS_L0_002_007;CONUS_L1_008_026,2
2026-10-01,260067866,https://apply.starbucks.com/careers/job/481080699574,"shift supervisor - Store# 09703, CHAPEL HILL RD @ I-20",SHIFT_SUPERVISOR,09703,CHAPEL HILL RD @ I-20,"2736 Chapel Hill Rd, Bldg C",Douglasville,GA,,US,,1788321600,2026-09-02,29,2026-10-01,1788456699,2026-09-03,28,False,33.7305866,-84.73651819999999,481080699574,id:260067866,store:09703,Shift Supervisor,onsite,"2736 Chapel Hill Rd, Bldg C, Douglasville, Georgia, United States",1,GA,CONUS_L0_002_007;CONUS_L1_008_025;CONUS_L1_008_026,3
2026-10-01,260063459,https://apply.starbucks.com/careers/job/481080566882,"barista - Store# 09703, CHAPEL HILL RD @ I-20",BARISTA,09703,CHAPEL HILL RD @ I-20,"2736 Chapel Hill Rd, Bldg C",Douglasville,GA,,US,,1787803200,2026-08-27,35,2026-10-01,1787924938,2026-08-28,34,False,33.7305866,-84.73651819999999,481080566882,id:260063459,store:09703,Barista,onsite,"2736 Chapel Hill Rd, Bldg C, Douglasville, Georgia, United States",1,GA,CONUS_L0_002_007;CONUS_L1_008_025;CONUS_L1_008_026,3
2026-10-01,260066344,https://apply.starbucks.com/careers/job/481080679281,"shift supervisor - Store# 09703, CHAPEL HILL RD @ I-20",SHIFT_SUPERVISOR,09703,CHAPEL HILL RD @ I-20,"2736 Chapel Hill Rd, Bldg C",Douglasville,GA,,US,,1788321600,2026-09-02,29,2026-10-01,1788357893,2026-09-02,29,False,33.7305866,-84.73651819999999,481080679281,id:260066344,store:09703,Shift Supervisor,onsite,"2736 Chapel Hill Rd, Bldg C, Douglasville, Georgia, United States",1,GA,CONUS_L0_002_007;CONUS_L1_008_025;CONUS_L1_008_026,3
2026-10-01,260079761,https://apply.starbucks.com/careers/job/481081018804,"barista - Store# 71757, CAMPBELLTON RD & RIVERSIDE DR",BARISTA,71757,CAMPBELLTON RD & RIVERSIDE DR,5847 Campbellton Rd SW,Atlanta,GA,,US,,1790395200,2026-09-26,5,2026-10-01,1790516471,2026-09-27,4,False,33.69933,-84.57938,481081018804,id:260079761,store:71757,Barista,onsite,"5847 Campbellton Rd SW, Atlanta, Georgia, United States",1,GA,CONUS_L0_002_007;CONUS_L1_008_026,2
2026-10-01,260071715,https://apply.starbucks.com/careers/job/481080764568,"shift supervisor - Store# 71757, CAMPBELLTON RD & RIVERSIDE DR",SHIFT_SUPERVISOR,71757,CAMPBELLTON RD & RIVERSIDE DR,5847 Campbellton Rd SW,Atlanta,GA,,US,,1788840000,2026-09-08,23,2026-10-01,1788961347,2026-09-09,22,False,33.69933,-84.57938,481080764568,id:260071715,store:71757,Shift Supervisor,onsite,"5847 Campbellton Rd SW, Atlanta, Georgia, United States",1,GA,CONUS_L0_002_007;CONUS_L1_008_026,2
2026-10-01,260058087,https://apply.starbucks.com/careers/job/481079849313,"barista - Store# 29209, VETERANS & MALL - DUBLIN",BARISTA,29209,VETERANS & MALL - DUBLIN,2005 Veterans Blvd,Dublin,GA,,US,,1784952000,2026-07-25,68,2026-10-01,1785073372,2026-07-26,67,False,32.5420201,-82.95200129999999,481079849313,id:260058087,store:29209,Barista,onsite,"2005 Veterans Blvd, Dublin, Georgia, United States",1,GA,CONUS_L0_002_007;CONUS_L0_002_008;CONUS_L1_007_026,3
2026-10-01,260068874,https://apply.starbucks.com/careers/job/481080710231,"shift supervisor - Store# 29209, VETERANS & MALL - DUBLIN",SHIFT_SUPERVISOR,29209,VETERANS & MALL - DUBLIN,2005 Veterans Blvd,Dublin,GA,,US,,1788408000,2026-09-03,28,2026-10-01,1788530108,2026-09-04,27,False,32.5420201,-82.95200129999999,481080710231,id:260068874,store:29209,Shift Supervisor,onsite,"2005 Veterans Blvd, Dublin, Georgia, United States",1,GA,CONUS_L0_002_007;CONUS_L0_002_008;CONUS_L1_007_026,3
2026-10-01,260053459,https://apply.starbucks.com/careers/job/481079320304,"barista - Store# 08291, CASCADE ROAD",BARISTA,08291,CASCADE ROAD,3660 Cascade Rd SW,Atlanta,GA,,US,,1783310400,2026-07-06,87,2026-10-01,1783432093,2026-07-07,86,False,33.7227818,-84.50705579999999,481079320304,id:260053459,store:08291,Barista,onsite,"3660 Cascade Rd SW, Atlanta, Georgia, United States",1,GA,CONUS_L0_002_007;CONUS_L1_008_026,2
2026-10-01,260079281,https://apply.starbucks.com/careers/job/481080978415,"shift supervisor - Store# 08291, CASCADE ROAD",SHIFT_SUPERVISOR,08291,CASCADE ROAD,3660 Cascade Rd SW,Atlanta,GA,,US,,1790136000,2026-09-23,8,2026-10-01,1790257547,2026-09-24,7,False,33.7227818,-84.50705579999999,481080978415,id:260079281,store:08291,Shift Supervisor,onsite,"3660 Cascade Rd SW, Atlanta, Georgia, United States",1,GA,CONUS_L0_002_007;CONUS_L1_008_026,2
2026-10-01,260060293,https://apply.starbucks.com/careers/job/481080167991,"store manager- West Midtown Atlanta, GA",STORE_MANAGER,,,,Atlanta,GA,,US,,1790627609,2026-09-28,3,2026-10-01,1786476508,2026-08-11,51,True,33.748752,-84.38768449999999,481080167991,id:260060293,,Coffeehouse Leader,onsite,"Atlanta, Georgia, United States",1,GA,CONUS_L0_002_007;CONUS_L1_008_026,2
2026-10-01,260055104,https://apply.starbucks.com/careers/job/481079453534,"shift supervisor - Store# 49980, SPRING AND 4TH ST NW",SHIFT_SUPERVISOR,49980,SPRING AND 4TH ST NW,"708 Spring St NW, A",Atlanta,GA,,US,,1783828800,2026-07-12,81,2026-10-01,1783950336,2026-07-13,80,False,33.77466,-84.38904,481079453534,id:260055104,store:49980,Shift Supervisor,onsite,"708 Spring St NW, A, Atlanta, Georgia, United States",1,GA,CONUS_L0_002_007;CONUS_L1_008_026,2
2026-10-01,260080551,https://apply.starbucks.com/careers/job/481081091667,"barista - Store# 49980, SPRING AND 4TH ST NW",BARISTA,49980,SPRING AND 4TH ST NW,"708 Spring St NW, A",Atlanta,GA,,US,,1790740800,2026-09-30,1,2026-10-01,1790836043,2026-10-01,0,False,33.77466,-84.38904,481081091667,id:260080551,store:49980,Barista,onsite,"708 Spring St NW, A, Atlanta, Georgia, United States",1,GA,CONUS_L0_002_007;CONUS_L1_008_026,2
2026-10-01,260071960,https://apply.starbucks.com/careers/job/481080764919,"shift supervisor - Store# 71759, NORTHSIDE & 11TH - INTERLOCK",SHIFT_SUPERVISOR,71759,NORTHSIDE & 11TH - INTERLOCK,1042 Northside Dr,Atlanta,GA,,US,,1788840000,2026-09-08,23,2026-10-01,1788961544,2026-09-09,22,False,33.78347,-84.40806,481080764919,id:260071960,store:71759,Shift Supervisor,onsite,"1042 Northside Dr, Atlanta, Georgia, United States",1,GA,CONUS_L0_002_007;CONUS_L1_008_026,2
2026-10-01,260056783,https://apply.starbucks.com/careers/job/481079527762,"shift supervisor - Store# 08287, 867 PEACHTREE",SHIFT_SUPERVISOR,08287,867 PEACHTREE,867 Peachtree St NE,Atlanta,GA,,US,,1784088000,2026-07-15,78,2026-10-01,1784209168,2026-07-16,77,False,33.77805,-84.38419,481079527762,id:260056783,store:08287,Shift Supervisor,onsite,"867 Peachtree St NE, Atlanta, Georgia, United States",1,GA,CONUS_L0_002_007;CONUS_L1_008_026,2
2026-10-01,260080620,https://apply.starbucks.com/careers/job/481081091751,"barista - Store# 08287, 867 PEACHTREE",BARISTA,08287,867 PEACHTREE,867 Peachtree St NE,Atlanta,GA,,US,,1790740800,2026-09-30,1,2026-10-01,1790836104,2026-10-01,0,False,33.77805,-84.38419,481081091751,id:260080620,store:08287,Barista,onsite,"867 Peachtree St NE, Atlanta, Georgia, United States",1,GA,CONUS_L0_002_007;CONUS_L1_008_026,2
2026-10-01,260062572,https://apply.starbucks.com/careers/job/481080494670,"shift supervisor - Store# 08575, HWY 278 & HWY 92",SHIFT_SUPERVISOR,08575,HWY 278 & HWY 92,4910 Jimmy Lee Smith Pkwy,Hiram,GA,,US,,1787630400,2026-08-25,37,2026-10-01,1787752327,2026-08-26,36,False,33.888235,-84.7466955,481080494670,id:260062572,store:08575,Shift Supervisor,onsite,"4910 Jimmy Lee Smith Pkwy, Hiram, Georgia, United States",1,GA,CONUS_L0_002_007;CONUS_L1_008_025;CONUS_L1_008_026,3
2026-10-01,260054427,https://apply.starbucks.com/careers/job/481079405469,"barista - Store# 08575, HWY 278 & HWY 92",BARISTA,08575,HWY 278 & HWY 92,4910 Jimmy Lee Smith Pkwy,Hiram,GA,,US,,1783569600,2026-07-09,84,2026-10-01,1783691335,2026-07-10,83,False,33.888235,-84.7466955,481079405469,id:260054427,store:08575,Barista,onsite,"4910 Jimmy Lee Smith Pkwy, Hiram, Georgia, United States",1,GA,CONUS_L0_002_007;CONUS_L1_008_025;CONUS_L1_008_026,3
2026-10-01,260077688,https://apply.starbucks.com/careers/job/481080891445,"barista - Store# 08340, LITTLE FIVE POINTS",BARISTA,08340,LITTLE FIVE POINTS,"506 Moreland Ave NE, Little Five Points Village",Atlanta,GA,,US,,1789617600,2026-09-17,14,2026-10-01,1789739370,2026-09-18,13,False,33.7681192,-84.34954429999999,481080891445,id:260077688,store:08340,Barista,onsite,"506 Moreland Ave NE, Little Five Points Village, Atlanta, Georgia, United States",1,GA,CONUS_L0_002_007;CONUS_L1_008_026,2
2026-10-01,260077472,https://apply.starbucks.com/careers/job/481080891145,"shift supervisor - Store# 08340, LITTLE FIVE POINTS",SHIFT_SUPERVISOR,08340,LITTLE FIVE POINTS,"506 Moreland Ave NE, Little Five Points Village",Atlanta,GA,,US,,1789617600,2026-09-17,14,2026-10-01,1789739184,2026-09-18,13,False,33.7681192,-84.34954429999999,481080891145,id:260077472,store:08340,Shift Supervisor,onsite,"506 Moreland Ave NE, Little Five Points Village, Atlanta, Georgia, United States",1,GA,CONUS_L0_002_007;CONUS_L1_008_026,2
2026-10-01,260065442,https://apply.starbucks.com/careers/job/481080677831,"shift supervisor - Store# 14135, MONROE DR & 8TH ST",SHIFT_SUPERVISOR,14135,MONROE DR & 8TH ST,931 Monroe Dr NE,Atlanta,GA,,US,,1788321600,2026-09-02,29,2026-10-01,1788357093,2026-09-02,29,False,33.7797376,-84.3675947,481080677831,id:260065442,store:14135,Shift Supervisor,onsite,"931 Monroe Dr NE, Atlanta, Georgia, United States",1,GA,CONUS_L0_002_007;CONUS_L1_008_026,2
2026-10-01,260079854,https://apply.starbucks.com/careers/job/481081018963,"barista - Store# 14135, MONROE DR & 8TH ST",BARISTA,14135,MONROE DR & 8TH ST,931 Monroe Dr NE,Atlanta,GA,,US,,1790395200,2026-09-26,5,2026-10-01,1790516555,2026-09-27,4,False,33.7797376,-84.3675947,481081018963,id:260079854,store:14135,Barista,onsite,"931 Monroe Dr NE, Atlanta, Georgia, United States",1,GA,CONUS_L0_002_007;CONUS_L1_008_026,2
2026-10-01,260065939,https://apply.starbucks.com/careers/job/481080678589,"shift supervisor - Store# 13318, 100 COLONY SQUARE",SHIFT_SUPERVISOR,13318,100 COLONY SQUARE,"1197 Peachtree Road, 5150",Atlanta,GA,,US,,1788321600,2026-09-02,29,2026-10-01,1788357529,2026-09-02,29,False,33.78704,-84.38294,481080678589,id:260065939,store:13318,Shift Supervisor,onsite,"1197 Peachtree Road, 5150, Atlanta, Georgia, United States",1,GA,CONUS_L0_002_007;CONUS_L1_008_026,2
2026-10-01,260067686,https://apply.starbucks.com/careers/job/481080699527,"barista - Store# 13318, 100 COLONY SQUARE",BARISTA,13318,100 COLONY SQUARE,"1197 Peachtree Road, 5150",Atlanta,GA,,US,,1788321600,2026-09-02,29,2026-10-01,1788456530,2026-09-03,28,False,33.78704,-84.38294,481080699527,id:260067686,store:13318,Barista,onsite,"1197 Peachtree Road, 5150, Atlanta, Georgia, United States",1,GA,CONUS_L0_002_007;CONUS_L1_008_026,2
2026-10-01,260058825,https://apply.starbucks.com/careers/job/481079927761,"barista - Store# 14137, US HWY 441 & ROBERSON MILL RD",BARISTA,14137,US HWY 441 & ROBERSON MILL RD,2400 N Columbia St,Milledgeville,GA,,US,,1785211200,2026-07-28,65,2026-10-01,1785332763,2026-07-29,64,False,33.10958,-83.25594,481079927761,id:260058825,store:14137,Barista,onsite,"2400 N Columbia St, Milledgeville, Georgia, United States",1,GA,CONUS_L0_002_007;CONUS_L1_007_026,2
2026-10-01,260061679,https://apply.starbucks.com/careers/job/481080415958,"shift supervisor - Store# 14137, US HWY 441 & ROBERSON MILL RD",SHIFT_SUPERVISOR,14137,US HWY 441 & ROBERSON MILL RD,2400 N Columbia St,Milledgeville,GA,,US,,1787371200,2026-08-22,40,2026-10-01,1787492361,2026-08-23,39,False,33.10958,-83.25594,481080415958,id:260061679,store:14137,Shift Supervisor,onsite,"2400 N Columbia St, Milledgeville, Georgia, United States",1,GA,CONUS_L0_002_007;CONUS_L1_007_026,2
2026-10-01,260064072,https://apply.starbucks.com/careers/job/481080594491,"barista - Store# 02968, E-W CONNECTOR & FLOYD RD",BARISTA,02968,E-W CONNECTOR & FLOYD RD,"1025 E West Connector, Ste 510",Austell,GA,,US,,1787976000,2026-08-29,33,2026-10-01,1788097404,2026-08-30,32,False,33.856096,-84.58205199999999,481080594491,id:260064072,store:02968,Barista,onsite,"1025 E West Connector, Ste 510, Austell, Georgia, United States",1,GA,CONUS_L0_002_007;CONUS_L1_008_026,2
2026-10-01,260056973,https://apply.starbucks.com/careers/job/481079556058,"barista - Store# 10903, I-75 & HOWELL MILL RD",BARISTA,10903,I-75 & HOWELL MILL RD,1801 Howell Mill Rd NW,Atlanta,GA,,US,,1784174400,2026-07-16,77,2026-10-01,1784295807,2026-07-17,76,False,33.8034755,-84.4114393,481079556058,id:260056973,store:10903,Barista,onsite,"1801 Howell Mill Rd NW, Atlanta, Georgia, United States",1,GA,CONUS_L0_002_007;CONUS_L1_008_026,2
2026-10-01,260067704,https://apply.starbucks.com/careers/job/481080699654,"shift supervisor - Store# 10903, I-75 & HOWELL MILL RD",SHIFT_SUPERVISOR,10903,I-75 & HOWELL MILL RD,1801 Howell Mill Rd NW,Atlanta,GA,,US,,1788321600,2026-09-02,29,2026-10-01,1788456547,2026-09-03,28,False,33.8034755,-84.4114393,481080699654,id:260067704,store:10903,Shift Supervisor,onsite,"1801 Howell Mill Rd NW, Atlanta, Georgia, United States",1,GA,CONUS_L0_002_007;CONUS_L1_008_026,2
2026-10-01,260071328,https://apply.starbucks.com/careers/job/481080742691,"shift supervisor - Store# 68261, BOLTON RD & MARIETTA BLVD",SHIFT_SUPERVISOR,68261,BOLTON RD & MARIETTA BLVD,2414 Marietta Blvd NW,Atlanta,GA,,US,,1788667200,2026-09-06,25,2026-10-01,1788789130,2026-09-07,24,False,33.8216366,-84.4564407,481080742691,id:260071328,store:68261,Shift Supervisor,onsite,"2414 Marietta Blvd NW, Atlanta, Georgia, United States",1,GA,CONUS_L0_002_007;CONUS_L1_008_026,2
2026-10-01,260063990,https://apply.starbucks.com/careers/job/481080594373,"barista - Store# 68261, BOLTON RD & MARIETTA BLVD",BARISTA,68261,BOLTON RD & MARIETTA BLVD,2414 Marietta Blvd NW,Atlanta,GA,,US,,1787976000,2026-08-29,33,2026-10-01,1788097338,2026-08-30,32,False,33.8216366,-84.4564407,481080594373,id:260063990,store:68261,Barista,onsite,"2414 Marietta Blvd NW, Atlanta, Georgia, United States",1,GA,CONUS_L0_002_007;CONUS_L1_008_026,2
2026-10-01,260074325,https://apply.starbucks.com/careers/job/481080814180,"shift supervisor - Store# 52165, SALEM AND ELLINGTON",SHIFT_SUPERVISOR,52165,SALEM AND ELLINGTON,2450 Salem Rd SE,Conyers,GA,,US,,1789185600,2026-09-12,19,2026-10-01,1789307731,2026-09-13,18,False,33.6248636,-83.97610039999999,481080814180,id:260074325,store:52165,Shift Supervisor,onsite,"2450 Salem Rd SE, Conyers, Georgia, United States",1,GA,CONUS_L0_002_007;CONUS_L1_008_026,2
2026-10-01,260072628,https://apply.starbucks.com/careers/job/481080796047,"barista - Store# 52165, SALEM AND ELLINGTON",BARISTA,52165,SALEM AND ELLINGTON,2450 Salem Rd SE,Conyers,GA,,US,,1789012800,2026-09-10,21,2026-10-01,1789135213,2026-09-11,20,False,33.6248636,-83.97610039999999,481080796047,id:260072628,store:52165,Barista,onsite,"2450 Salem Rd SE, Conyers, Georgia, United States",1,GA,CONUS_L0_002_007;CONUS_L1_008_026,2
2026-10-01,260060051,https://apply.starbucks.com/careers/job/481080079313,"barista - Store# 47045, 1861 Peachtree Rd - Atlanta",BARISTA,47045,1861 Peachtree Rd - Atlanta,1861 Peachtree Rd NE,Atlanta,GA,,US,,1786161600,2026-08-08,54,2026-10-01,1786283312,2026-08-09,53,False,33.805929,-84.3935119,481080079313,id:260060051,store:47045,Barista,onsite,"1861 Peachtree Rd NE, Atlanta, Georgia, United States",1,GA,CONUS_L0_002_007;CONUS_L1_008_026,2
2026-10-01,260059819,https://apply.starbucks.com/careers/job/481080078950,"shift supervisor - Store# 47045, 1861 Peachtree Rd - Atlanta",SHIFT_SUPERVISOR,47045,1861 Peachtree Rd - Atlanta,1861 Peachtree Rd NE,Atlanta,GA,,US,,1786161600,2026-08-08,54,2026-10-01,1786283123,2026-08-09,53,False,33.805929,-84.3935119,481080078950,id:260059819,store:47045,Shift Supervisor,onsite,"1861 Peachtree Rd NE, Atlanta, Georgia, United States",1,GA,CONUS_L0_002_007;CONUS_L1_008_026,2
2026-10-01,260075788,https://apply.starbucks.com/careers/job/481080840604,"shift supervisor - Store# 60165, PIEDMONT HOSPITAL AT PEACHTREE RD",SHIFT_SUPERVISOR,60165,PIEDMONT HOSPITAL AT PEACHTREE RD,1968 Peachtree Rd NW,Atlanta,GA,,US,,1789358400,2026-09-14,17,2026-10-01,1789480044,2026-09-15,16,False,33.808487,-84.39535049999999,481080840604,id:260075788,store:60165,Shift Supervisor,onsite,"1968 Peachtree Rd NW, Atlanta, Georgia, United States",1,GA,CONUS_L0_002_007;CONUS_L1_008_026,2
2026-10-01,260080317,https://apply.starbucks.com/careers/job/481081059186,"barista - Store# 60165, PIEDMONT HOSPITAL AT PEACHTREE RD",BARISTA,60165,PIEDMONT HOSPITAL AT PEACHTREE RD,1968 Peachtree Rd NW,Atlanta,GA,,US,,1790568000,2026-09-28,3,2026-10-01,1790689720,2026-09-29,2,False,33.808487,-84.39535049999999,481081059186,id:260080317,store:60165,Barista,onsite,"1968 Peachtree Rd NW, Atlanta, Georgia, United States",1,GA,CONUS_L0_002_007;CONUS_L1_008_026,2
2026-10-01,260066415,https://apply.starbucks.com/careers/job/481080679432,"barista - Store# 11046, I-285 & ATLANTA RD",BARISTA,11046,I-285 & ATLANTA RD,4515 W Village Way SE,Smyrna,GA,,US,,1788321600,2026-09-02,29,2026-10-01,1788357956,2026-09-02,29,False,33.8442225,-84.489871,481080679432,id:260066415,store:11046,Barista,onsite,"4515 W Village Way SE, Smyrna, Georgia, United States",1,GA,CONUS_L0_002_007;CONUS_L1_008_026,2
2026-10-01,260067937,https://apply.starbucks.com/careers/job/481080699620,"barista - Store# 11046, I-285 & ATLANTA RD",BARISTA,11046,I-285 & ATLANTA RD,4515 W Village Way SE,Smyrna,GA,,US,,1788321600,2026-09-02,29,2026-10-01,1788456766,2026-09-03,28,False,33.8442225,-84.489871,481080699620,id:260067937,store:11046,Barista,onsite,"4515 W Village Way SE, Smyrna, Georgia, United States",1,GA,CONUS_L0_002_007;CONUS_L1_008_026,2
2026-10-01,260068521,https://apply.starbucks.com/careers/job/481080709970,"shift supervisor - Store# 11046, I-285 & ATLANTA RD",SHIFT_SUPERVISOR,11046,I-285 & ATLANTA RD,4515 W Village Way SE,Smyrna,GA,,US,,1788408000,2026-09-03,28,2026-10-01,1788529807,2026-09-04,27,False,33.8442225,-84.489871,481080709970,id:260068521,store:11046,Shift Supervisor,onsite,"4515 W Village Way SE, Smyrna, Georgia, United States",1,GA,CONUS_L0_002_007;CONUS_L1_008_026,2
2026-10-01,260075148,https://apply.starbucks.com/careers/job/481080821333,"shift supervisor - Store# 02876, 1515 HWY 138",SHIFT_SUPERVISOR,02876,1515 HWY 138,1515 Highway 138 SE,Conyers,GA,,US,,1789272000,2026-09-13,18,2026-10-01,1789394685,2026-09-14,17,False,33.6502047,-84.01015300000002,481080821333,id:260075148,store:02876,Shift Supervisor,onsite,"1515 Highway 138 SE, Conyers, Georgia, United States",1,GA,CONUS_L0_002_007;CONUS_L1_008_026,2
2026-10-01,260059832,https://apply.starbucks.com/careers/job/481080078957,"barista - Store# 02876, 1515 HWY 138",BARISTA,02876,1515 HWY 138,1515 Highway 138 SE,Conyers,GA,,US,,1786161600,2026-08-08,54,2026-10-01,1786283134,2026-08-09,53,False,33.6502047,-84.01015300000002,481080078957,id:260059832,store:02876,Barista,onsite,"1515 Highway 138 SE, Conyers, Georgia, United States",1,GA,CONUS_L0_002_007;CONUS_L1_008_026,2
2026-10-01,260061087,https://apply.starbucks.com/careers/job/481080228868,"shift supervisor - Store# 69923, HWY 120 & HWY 92",SHIFT_SUPERVISOR,69923,HWY 120 & HWY 92,2650 Charles Hardy Pkwy,Dallas,GA,,US,,1786939200,2026-08-17,45,2026-10-01,1787060466,2026-08-18,44,False,33.92584,-84.74716,481080228868,id:260061087,store:69923,Shift Supervisor,onsite,"2650 Charles Hardy Pkwy, Dallas, Georgia, United States",1,GA,CONUS_L0_002_007;CONUS_L1_008_025;CONUS_L1_008_026,3
2026-10-01,260068957,https://apply.starbucks.com/careers/job/481080710348,"barista - Store# 69923, HWY 120 & HWY 92",BARISTA,69923,HWY 120 & HWY 92,2650 Charles Hardy Pkwy,Dallas,GA,,US,,1788408000,2026-09-03,28,2026-10-01,1788530177,2026-09-04,27,False,33.92584,-84.74716,481080710348,id:260068957,store:69923,Barista,onsite,"2650 Charles Hardy Pkwy, Dallas, Georgia, United States",1,GA,CONUS_L0_002_007;CONUS_L1_008_025;CONUS_L1_008_026,3
2026-10-01,260072898,https://apply.starbucks.com/careers/job/481080796762,"shift supervisor - Store# 00982, PEACHTREE BATTLE",SHIFT_SUPERVISOR,00982,PEACHTREE BATTLE,2333 Peachtree Road,Atlanta,GA,,US,,1789012800,2026-09-10,21,2026-10-01,1789135446,2026-09-11,20,False,33.8188423,-84.38837079999999,481080796762,id:260072898,store:00982,Shift Supervisor,onsite,"2333 Peachtree Road, Atlanta, Georgia, United States",1,GA,CONUS_L0_002_007;CONUS_L1_008_026,2
2026-10-01,260073947,https://apply.starbucks.com/careers/job/481080813585,"barista - Store# 00982, PEACHTREE BATTLE",BARISTA,00982,PEACHTREE BATTLE,2333 Peachtree Road,Atlanta,GA,,US,,1789185600,2026-09-12,19,2026-10-01,1789307379,2026-09-13,18,False,33.8188423,-84.38837079999999,481080813585,id:260073947,store:00982,Barista,onsite,"2333 Peachtree Road, Atlanta, Georgia, United States",1,GA,CONUS_L0_002_007;CONUS_L1_008_026,2
2026-10-01,260068549,https://apply.starbucks.com/careers/job/481080709864,"barista - Store# 27607, N DECATUR & CHURCH - DECATUR",BARISTA,27607,N DECATUR & CHURCH - DECATUR,2601 N Decatur Rd,Decatur,GA,,US,,1788408000,2026-09-03,28,2026-10-01,1788529832,2026-09-04,27,False,33.79199,-84.28609,481080709864,id:260068549,store:27607,Barista,onsite,"2601 N Decatur Rd, Decatur, Georgia, United States",1,GA,CONUS_L0_002_007;CONUS_L1_008_026,2
2026-10-01,260068833,https://apply.starbucks.com/careers/job/481080710180,"shift supervisor - Store# 27607, N DECATUR & CHURCH - DECATUR",SHIFT_SUPERVISOR,27607,N DECATUR & CHURCH - DECATUR,2601 N Decatur Rd,Decatur,GA,,US,,1788408000,2026-09-03,28,2026-10-01,1788530074,2026-09-04,27,False,33.79199,-84.28609,481080710180,id:260068833,store:27607,Shift Supervisor,onsite,"2601 N Decatur Rd, Decatur, Georgia, United States",1,GA,CONUS_L0_002_007;CONUS_L1_008_026,2
2026-10-01,260069327,https://apply.starbucks.com/careers/job/481080730132,"barista - Store# 51934, Northside Pkwy Drive Thru Only",BARISTA,51934,Northside Pkwy Drive Thru Only,3370 Northside Pkwy NW,Atlanta,GA,,US,,1788580800,2026-09-05,26,2026-10-01,1788702015,2026-09-06,25,False,33.847597,-84.42984249999999,481080730132,id:260069327,store:51934,Barista,onsite,"3370 Northside Pkwy NW, Atlanta, Georgia, United States",1,GA,CONUS_L0_002_007;CONUS_L1_008_026,2
2026-10-01,260068387,https://apply.starbucks.com/careers/job/481080709432,"shift supervisor - Store# 51934, Northside Pkwy Drive Thru Only",SHIFT_SUPERVISOR,51934,Northside Pkwy Drive Thru Only,3370 Northside Pkwy NW,Atlanta,GA,,US,,1788408000,2026-09-03,28,2026-10-01,1788529691,2026-09-04,27,False,33.847597,-84.42984249999999,481080709432,id:260068387,store:51934,Shift Supervisor,onsite,"3370 Northside Pkwy NW, Atlanta, Georgia, United States",1,GA,CONUS_L0_002_007;CONUS_L1_008_026,2
2026-10-01,260063341,https://apply.starbucks.com/careers/job/481080565980,"shift supervisor - Store# 10066, PIEDMONT & SIDNEY MARCUS",SHIFT_SUPERVISOR,10066,PIEDMONT & SIDNEY MARCUS,"2571 Piedmont Rd NE, Lindbergh Plaza",Atlanta,GA,,US,,1787803200,2026-08-27,35,2026-10-01,1787924845,2026-08-28,34,False,33.82564,-84.36557,481080565980,id:260063341,store:10066,Shift Supervisor,onsite,"2571 Piedmont Rd NE, Lindbergh Plaza, Atlanta, Georgia, United States",1,GA,CONUS_L0_002_007;CONUS_L1_008_026,2
2026-10-01,260056209,https://apply.starbucks.com/careers/job/481079497852,"barista - Store# 10066, PIEDMONT & SIDNEY MARCUS",BARISTA,10066,PIEDMONT & SIDNEY MARCUS,"2571 Piedmont Rd NE, Lindbergh Plaza",Atlanta,GA,,US,,1784001600,2026-07-14,79,2026-10-01,1784123024,2026-07-15,78,False,33.82564,-84.36557,481079497852,id:260056209,store:10066,Barista,onsite,"2571 Piedmont Rd NE, Lindbergh Plaza, Atlanta, Georgia, United States",1,GA,CONUS_L0_002_007;CONUS_L1_008_026,2
2026-10-01,260067900,https://apply.starbucks.com/careers/job/481080699655,"shift supervisor - Store# 11788, I-285 @ PACES FERRY RD",SHIFT_SUPERVISOR,11788,I-285 @ PACES FERRY RD,2495 Cumberland Pkwy SE,Atlanta,GA,,US,,1788321600,2026-09-02,29,2026-10-01,1788456731,2026-09-03,28,False,33.86489,-84.47738,481080699655,id:260067900,store:11788,Shift Supervisor,onsite,"2495 Cumberland Pkwy SE, Atlanta, Georgia, United States",1,GA,CONUS_L0_002_007;CONUS_L1_008_026,2
2026-10-01,260079730,https://apply.starbucks.com/careers/job/481081018777,"barista - Store# 11788, I-285 @ PACES FERRY RD",BARISTA,11788,I-285 @ PACES FERRY RD,2495 Cumberland Pkwy SE,Atlanta,GA,,US,,1790395200,2026-09-26,5,2026-10-01,1790516444,2026-09-27,4,False,33.86489,-84.47738,481081018777,id:260079730,store:11788,Barista,onsite,"2495 Cumberland Pkwy SE, Atlanta, Georgia, United States",1,GA,CONUS_L0_002_007;CONUS_L1_008_026,2
2026-10-01,260072749,https://apply.starbucks.com/careers/job/481080796299,"barista - Store# 00984, 1203 WEST PACES FERRY RD",BARISTA,00984,1203 WEST PACES FERRY RD,1228 W Paces Ferry Rd NW,Atlanta,GA,,US,,1789012800,2026-09-10,21,2026-10-01,1789135321,2026-09-11,20,False,33.84934,-84.42823,481080796299,id:260072749,store:00984,Barista,onsite,"1228 W Paces Ferry Rd NW, Atlanta, Georgia, United States",1,GA,CONUS_L0_002_007;CONUS_L1_008_026,2
2026-10-01,260073207,https://apply.starbucks.com/careers/job/481080797997,"shift supervisor - Store# 00984, 1203 WEST PACES FERRY RD",SHIFT_SUPERVISOR,00984,1203 WEST PACES FERRY RD,1228 W Paces Ferry Rd NW,Atlanta,GA,,US,,1789012800,2026-09-10,21,2026-10-01,1789135706,2026-09-11,20,False,33.84934,-84.42823,481080797997,id:260073207,store:00984,Shift Supervisor,onsite,"1228 W Paces Ferry Rd NW, Atlanta, Georgia, United States",1,GA,CONUS_L0_002_007;CONUS_L1_008_026,2
2026-10-01,260072624,https://apply.starbucks.com/careers/job/481080796035,"shift supervisor - Store# 00976, BUCKHEAD - B&N",SHIFT_SUPERVISOR,00976,BUCKHEAD - B&N,"2900 Peachtree Rd NW, Ste 310",Atlanta,GA,,US,,1789012800,2026-09-10,21,2026-10-01,1789135210,2026-09-11,20,False,33.8341534,-84.3828587,481080796035,id:260072624,store:00976,Shift Supervisor,onsite,"2900 Peachtree Rd NW, Ste 310, Atlanta, Georgia, United States",1,GA,CONUS_L0_002_007;CONUS_L1_008_026,2
2026-10-01,260079556,https://apply.starbucks.com/careers/job/481080998994,"barista - Store# 00976, BUCKHEAD - B&N",BARISTA,00976,BUCKHEAD - B&N,"2900 Peachtree Rd NW, Ste 310",Atlanta,GA,,US,,1790222400,2026-09-24,7,2026-10-01,1790344111,2026-09-25,6,False,33.8341534,-84.3828587,481080998994,id:260079556,store:00976,Barista,onsite,"2900 Peachtree Rd NW, Ste 310, Atlanta, Georgia, United States",1,GA,CONUS_L0_002_007;CONUS_L1_008_026,2
2026-10-01,260073034,https://apply.starbucks.com/careers/job/481080797643,"shift supervisor - Store# 09980, HWY 278 & PACE",SHIFT_SUPERVISOR,09980,HWY 278 & PACE,3130 Highway 278 NW,Covington,GA,,US,,1789012800,2026-09-10,21,2026-10-01,1789135560,2026-09-11,20,False,33.603235,-83.86168119999999,481080797643,id:260073034,store:09980,Shift Supervisor,onsite,"3130 Highway 278 NW, Covington, Georgia, United States",1,GA,CONUS_L0_002_007;CONUS_L1_008_026,2
2026-10-01,260080590,https://apply.starbucks.com/careers/job/481081091705,"barista - Store# 09980, HWY 278 & PACE",BARISTA,09980,HWY 278 & PACE,3130 Highway 278 NW,Covington,GA,,US,,1790740800,2026-09-30,1,2026-10-01,1790836078,2026-10-01,0,False,33.603235,-83.86168119999999,481081091705,id:260080590,store:09980,Barista,onsite,"3130 Highway 278 NW, Covington, Georgia, United States",1,GA,CONUS_L0_002_007;CONUS_L1_008_026,2
2026-10-01,260077263,https://apply.starbucks.com/careers/job/481080890819,"shift supervisor - Store# 08473, TOCO HILLS",SHIFT_SUPERVISOR,08473,TOCO HILLS,"2826 N Druid Hills Rd NE, Ste B",Atlanta,GA,,US,,1789617600,2026-09-17,14,2026-10-01,1789739002,2026-09-18,13,False,33.8185631,-84.31243099999999,481080890819,id:260077263,store:08473,Shift Supervisor,onsite,"2826 N Druid Hills Rd NE, Ste B, Atlanta, Georgia, United States",1,GA,CONUS_L0_002_007;CONUS_L1_008_026,2
2026-10-01,260077769,https://apply.starbucks.com/careers/job/481080891591,"barista - Store# 08473, TOCO HILLS",BARISTA,08473,TOCO HILLS,"2826 N Druid Hills Rd NE, Ste B",Atlanta,GA,,US,,1789617600,2026-09-17,14,2026-10-01,1789739438,2026-09-18,13,False,33.8185631,-84.31243099999999,481080891591,id:260077769,store:08473,Barista,onsite,"2826 N Druid Hills Rd NE, Ste B, Atlanta, Georgia, United States",1,GA,CONUS_L0_002_007;CONUS_L1_008_026,2
2026-10-01,260064130,https://apply.starbucks.com/careers/job/481080612685,"shift supervisor - Store# 13611, BRIGHTEN PARK",SHIFT_SUPERVISOR,13611,BRIGHTEN PARK,2321 N Druid Hills Rd NE,Atlanta,GA,,US,,1788062400,2026-08-30,32,2026-10-01,1788183558,2026-08-31,31,False,33.8274104,-84.3312873,481080612685,id:260064130,store:13611,Shift Supervisor,onsite,"2321 N Druid Hills Rd NE, Atlanta, Georgia, United States",1,GA,CONUS_L0_002_007;CONUS_L1_008_026,2
2026-10-01,260065241,https://apply.starbucks.com/careers/job/481080677450,"barista - Store# 13611, BRIGHTEN PARK",BARISTA,13611,BRIGHTEN PARK,2321 N Druid Hills Rd NE,Atlanta,GA,,US,,1788321600,2026-09-02,29,2026-10-01,1788356914,2026-09-02,29,False,33.8274104,-84.3312873,481080677450,id:260065241,store:13611,Barista,onsite,"2321 N Druid Hills Rd NE, Atlanta, Georgia, United States",1,GA,CONUS_L0_002_007;CONUS_L1_008_026,2
2026-10-01,260061310,https://apply.starbucks.com/careers/job/481080264861,"shift supervisor - Store# 78363, PIEDMONT RD & TOWER PL DR",SHIFT_SUPERVISOR,78363,PIEDMONT RD & TOWER PL DR,3330 Piedmont Rd NE,Atlanta,GA,,US,,1787025600,2026-08-18,44,2026-10-01,1787146961,2026-08-19,43,False,33.8455735,-84.3729032,481080264861,id:260061310,store:78363,Shift Supervisor,onsite,"3330 Piedmont Rd NE, Atlanta, Georgia, United States",1,GA,CONUS_L0_002_007;CONUS_L1_008_026,2
2026-10-01,260061309,https://apply.starbucks.com/careers/job/481080264856,"barista - Store# 78363, PIEDMONT RD & TOWER PL DR",BARISTA,78363,PIEDMONT RD & TOWER PL DR,3330 Piedmont Rd NE,Atlanta,GA,,US,,1787025600,2026-08-18,44,2026-10-01,1787146960,2026-08-19,43,False,33.8455735,-84.3729032,481080264856,id:260061309,store:78363,Barista,onsite,"3330 Piedmont Rd NE, Atlanta, Georgia, United States",1,GA,CONUS_L0_002_007;CONUS_L1_008_026,2
2026-10-01,260053583,https://apply.starbucks.com/careers/job/481079351663,"shift supervisor - Store# 08371, CUMBERLAND MARKET PLACE",SHIFT_SUPERVISOR,08371,CUMBERLAND MARKET PLACE,"2680 Cobb Pkwy SE, Cumberland Marketplace",Smyrna,GA,,US,,1783396800,2026-07-07,86,2026-10-01,1783518168,2026-07-08,85,False,33.8874358,-84.4740734,481079351663,id:260053583,store:08371,Shift Supervisor,onsite,"2680 Cobb Pkwy SE, Cumberland Marketplace, Smyrna, Georgia, United States",1,GA,CONUS_L0_002_007;CONUS_L1_008_026,2
2026-10-01,260059925,https://apply.starbucks.com/careers/job/481080079106,"barista - Store# 08371, CUMBERLAND MARKET PLACE",BARISTA,08371,CUMBERLAND MARKET PLACE,"2680 Cobb Pkwy SE, Cumberland Marketplace",Smyrna,GA,,US,,1786161600,2026-08-08,54,2026-10-01,1786283214,2026-08-09,53,False,33.8874358,-84.4740734,481080079106,id:260059925,store:08371,Barista,onsite,"2680 Cobb Pkwy SE, Cumberland Marketplace, Smyrna, Georgia, United States",1,GA,CONUS_L0_002_007;CONUS_L1_008_026,2
2026-10-01,260073297,https://apply.starbucks.com/careers/job/481080798370,"shift supervisor - Store# 83765, CLAIRMONT AND BRIARCLIFF",SHIFT_SUPERVISOR,83765,CLAIRMONT AND BRIARCLIFF,"3060 Briarcliff Rd NE, Suite 1101",Atlanta,GA,,US,,1789012800,2026-09-10,21,2026-10-01,1789135784,2026-09-11,20,False,33.83766,-84.31245,481080798370,id:260073297,store:83765,Shift Supervisor,onsite,"3060 Briarcliff Rd NE, Suite 1101, Atlanta, Georgia, United States",1,GA,CONUS_L0_002_007;CONUS_L1_008_026,2
2026-10-01,260078437,https://apply.starbucks.com/careers/job/481080936358,"barista - Store# 83765, CLAIRMONT AND BRIARCLIFF",BARISTA,83765,CLAIRMONT AND BRIARCLIFF,"3060 Briarcliff Rd NE, Suite 1101",Atlanta,GA,,US,,1789876800,2026-09-20,11,2026-10-01,1789998270,2026-09-21,10,False,33.83766,-84.31245,481080936358,id:260078437,store:83765,Barista,onsite,"3060 Briarcliff Rd NE, Suite 1101, Atlanta, Georgia, United States",1,GA,CONUS_L0_002_007;CONUS_L1_008_026,2
2026-10-01,260065557,https://apply.starbucks.com/careers/job/481080678011,"shift supervisor - Store# 11873, I-75 & WINDY HILL RD",SHIFT_SUPERVISOR,11873,I-75 & WINDY HILL RD,2580 Windy Hill Rd SE,Marietta,GA,,US,,1788321600,2026-09-02,29,2026-10-01,1788357193,2026-09-02,29,False,33.9006669,-84.4780061,481080678011,id:260065557,store:11873,Shift Supervisor,onsite,"2580 Windy Hill Rd SE, Marietta, Georgia, United States",1,GA,CONUS_L0_002_007;CONUS_L1_008_026,2
2026-10-01,260076971,https://apply.starbucks.com/careers/job/481080875241,"barista - Store# 11873, I-75 & WINDY HILL RD",BARISTA,11873,I-75 & WINDY HILL RD,2580 Windy Hill Rd SE,Marietta,GA,,US,,1789531200,2026-09-16,15,2026-10-01,1789652613,2026-09-17,14,False,33.9006669,-84.4780061,481080875241,id:260076971,store:11873,Barista,onsite,"2580 Windy Hill Rd SE, Marietta, Georgia, United States",1,GA,CONUS_L0_002_007;CONUS_L1_008_026,2
2026-10-01,260055992,https://apply.starbucks.com/careers/job/481079473342,"barista - Store# 08293, DALLAS HIGHWAY",BARISTA,08293,DALLAS HIGHWAY,"2535 Dallas Hwy SW, Ste B",Marietta,GA,,US,,1783915200,2026-07-13,80,2026-10-01,1784037196,2026-07-14,79,False,33.945865,-84.62704699999999,481079473342,id:260055992,store:08293,Barista,onsite,"2535 Dallas Hwy SW, Ste B, Marietta, Georgia, United States",1,GA,CONUS_L0_002_007;CONUS_L1_008_026,2
2026-10-01,260077760,https://apply.starbucks.com/careers/job/481080891579,"shift supervisor - Store# 08293, DALLAS HIGHWAY",SHIFT_SUPERVISOR,08293,DALLAS HIGHWAY,"2535 Dallas Hwy SW, Ste B",Marietta,GA,,US,,1789617600,2026-09-17,14,2026-10-01,1789739431,2026-09-18,13,False,33.945865,-84.62704699999999,481080891579,id:260077760,store:08293,Shift Supervisor,onsite,"2535 Dallas Hwy SW, Ste B, Marietta, Georgia, United States",1,GA,CONUS_L0_002_007;CONUS_L1_008_026,2
2026-10-01,260054677,https://apply.starbucks.com/careers/job/481079405741,"barista - Store# 08276, BROOKHAVEN",BARISTA,08276,BROOKHAVEN,3901 Peachtree Rd NE,Atlanta,GA,,US,,1783569600,2026-07-09,84,2026-10-01,1783691513,2026-07-10,83,False,33.8571489,-84.3437086,481079405741,id:260054677,store:08276,Barista,onsite,"3901 Peachtree Rd NE, Atlanta, Georgia, United States",1,GA,CONUS_L0_002_007;CONUS_L1_008_026,2
2026-10-01,260077445,https://apply.starbucks.com/careers/job/481080891064,"shift supervisor - Store# 08276, BROOKHAVEN",SHIFT_SUPERVISOR,08276,BROOKHAVEN,3901 Peachtree Rd NE,Atlanta,GA,,US,,1789617600,2026-09-17,14,2026-10-01,1789739161,2026-09-18,13,False,33.8571489,-84.3437086,481080891064,id:260077445,store:08276,Shift Supervisor,onsite,"3901 Peachtree Rd NE, Atlanta, Georgia, United States",1,GA,CONUS_L0_002_007;CONUS_L1_008_026,2
2026-10-01,260069664,https://apply.starbucks.com/careers/job/481080730530,"shift supervisor - Store# 62119, MEMORIAL DR & PALMETTO DR",SHIFT_SUPERVISOR,62119,MEMORIAL DR & PALMETTO DR,"1908 Memorial Dr, Ste B",Waycross,GA,,US,,1788580800,2026-09-05,26,2026-10-01,1788702281,2026-09-06,25,False,31.2029858,-82.3335872,481080730530,id:260069664,store:62119,Shift Supervisor,onsite,"1908 Memorial Dr, Ste B, Waycross, Georgia, United States",1,GA,CONUS_L0_002_007;CONUS_L0_002_008,2
2026-10-01,260069402,https://apply.starbucks.com/careers/job/481080730233,"barista - Store# 62119, MEMORIAL DR & PALMETTO DR",BARISTA,62119,MEMORIAL DR & PALMETTO DR,"1908 Memorial Dr, Ste B",Waycross,GA,,US,,1788580800,2026-09-05,26,2026-10-01,1788702074,2026-09-06,25,False,31.2029858,-82.3335872,481080730233,id:260069402,store:62119,Barista,onsite,"1908 Memorial Dr, Ste B, Waycross, Georgia, United States",1,GA,CONUS_L0_002_007;CONUS_L0_002_008,2
2026-10-01,260078124,https://apply.starbucks.com/careers/job/481080923702,"barista - Store# 08492, ROSWELL RD & WINDSOR",BARISTA,08492,ROSWELL RD & WINDSOR,"4520 Roswell Rd, Chastain Square IIUnit 6",Atlanta,GA,,US,,1789790400,2026-09-19,12,2026-10-01,1789911760,2026-09-20,11,False,33.8786379,-84.38020329999999,481080923702,id:260078124,store:08492,Barista,onsite,"4520 Roswell Rd, Chastain Square IIUnit 6, Atlanta, Georgia, United States",1,GA,CONUS_L0_002_007;CONUS_L1_008_026,2
2026-10-01,260077784,https://apply.starbucks.com/careers/job/481080891619,"shift supervisor - Store# 08492, ROSWELL RD & WINDSOR",SHIFT_SUPERVISOR,08492,ROSWELL RD & WINDSOR,"4520 Roswell Rd, Chastain Square IIUnit 6",Atlanta,GA,,US,,1789617600,2026-09-17,14,2026-10-01,1789739451,2026-09-18,13,False,33.8786379,-84.38020329999999,481080891619,id:260077784,store:08492,Shift Supervisor,onsite,"4520 Roswell Rd, Chastain Square IIUnit 6, Atlanta, Georgia, United States",1,GA,CONUS_L0_002_007;CONUS_L1_008_026,2
2026-10-01,260054738,https://apply.starbucks.com/careers/job/481079406150,"barista - Store# 18734, POWERS FERRY & TERRELL MILL",BARISTA,18734,POWERS FERRY & TERRELL MILL,"1453 Terrell Mill Rd SE, Ste 200",Marietta,GA,,US,,1783569600,2026-07-09,84,2026-10-01,1783691557,2026-07-10,83,False,33.9159574,-84.4673064,481079406150,id:260054738,store:18734,Barista,onsite,"1453 Terrell Mill Rd SE, Ste 200, Marietta, Georgia, United States",1,GA,CONUS_L0_002_007;CONUS_L1_008_026,2
2026-10-01,260080053,https://apply.starbucks.com/careers/job/481081029671,"shift supervisor - Store# 18734, POWERS FERRY & TERRELL MILL",SHIFT_SUPERVISOR,18734,POWERS FERRY & TERRELL MILL,"1453 Terrell Mill Rd SE, Ste 200",Marietta,GA,,US,,1790481600,2026-09-27,4,2026-10-01,1790603438,2026-09-28,3,False,33.9159574,-84.4673064,481081029671,id:260080053,store:18734,Shift Supervisor,onsite,"1453 Terrell Mill Rd SE, Ste 200, Marietta, Georgia, United States",1,GA,CONUS_L0_002_007;CONUS_L1_008_026,2
2026-10-01,260079654,https://apply.starbucks.com/careers/job/481081018689,"barista - Store# 47470, Northside Rd & Powers Ferry Rd - Atlanta",BARISTA,47470,Northside Rd & Powers Ferry Rd - Atlanta,6350 Powers Ferry Rd,Atlanta,GA,,US,,1790395200,2026-09-26,5,2026-10-01,1790516376,2026-09-27,4,False,33.9056,-84.42901,481081018689,id:260079654,store:47470,Barista,onsite,"6350 Powers Ferry Rd, Atlanta, Georgia, United States",1,GA,CONUS_L0_002_007;CONUS_L1_008_026,2
2026-10-01,260071469,https://apply.starbucks.com/careers/job/481080752192,"shift supervisor - Store# 47470, Northside Rd & Powers Ferry Rd - Atlanta",SHIFT_SUPERVISOR,47470,Northside Rd & Powers Ferry Rd - Atlanta,6350 Powers Ferry Rd,Atlanta,GA,,US,,1788753600,2026-09-07,24,2026-10-01,1788875105,2026-09-08,23,False,33.9056,-84.42901,481080752192,id:260071469,store:47470,Shift Supervisor,onsite,"6350 Powers Ferry Rd, Atlanta, Georgia, United States",1,GA,CONUS_L0_002_007;CONUS_L1_008_026,2
2026-10-01,260077783,https://apply.starbucks.com/careers/job/481080891602,"barista - Store# 08243, LAVISTA AND RANCHWOOD",BARISTA,08243,LAVISTA AND RANCHWOOD,"4070 LaVista Rd, Northlake Tower Festival",Tucker,GA,,US,,1789617600,2026-09-17,14,2026-10-01,1789739450,2026-09-18,13,False,33.8459563,-84.2536811,481080891602,id:260077783,store:08243,Barista,onsite,"4070 LaVista Rd, Northlake Tower Festival, Tucker, Georgia, United States",1,GA,CONUS_L0_002_007;CONUS_L1_008_026,2
2026-10-01,260077706,https://apply.starbucks.com/careers/job/481080891487,"shift supervisor - Store# 08243, LAVISTA AND RANCHWOOD",SHIFT_SUPERVISOR,08243,LAVISTA AND RANCHWOOD,"4070 LaVista Rd, Northlake Tower Festival",Tucker,GA,,US,,1789617600,2026-09-17,14,2026-10-01,1789739385,2026-09-18,13,False,33.8459563,-84.2536811,481080891487,id:260077706,store:08243,Shift Supervisor,onsite,"4070 LaVista Rd, Northlake Tower Festival, Tucker, Georgia, United States",1,GA,CONUS_L0_002_007;CONUS_L1_008_026,2
2026-10-01,260065917,https://apply.starbucks.com/careers/job/481080678471,"shift supervisor - Store# 18951, NORTH MARIETTA PKWY & WHITLOCK AVE",SHIFT_SUPERVISOR,18951,NORTH MARIETTA PKWY & WHITLOCK AVE,30 Whitlock Ave NW,Marietta,GA,,US,,1788321600,2026-09-02,29,2026-10-01,1788357510,2026-09-02,29,False,33.95259,-84.55176,481080678471,id:260065917,store:18951,Shift Supervisor,onsite,"30 Whitlock Ave NW, Marietta, Georgia, United States",1,GA,CONUS_L0_002_007;CONUS_L1_008_026,2
2026-10-01,260064533,https://apply.starbucks.com/careers/job/481080613643,"barista - Store# 18951, NORTH MARIETTA PKWY & WHITLOCK AVE",BARISTA,18951,NORTH MARIETTA PKWY & WHITLOCK AVE,30 Whitlock Ave NW,Marietta,GA,,US,,1788062400,2026-08-30,32,2026-10-01,1788183893,2026-08-31,31,False,33.95259,-84.55176,481080613643,id:260064533,store:18951,Barista,onsite,"30 Whitlock Ave NW, Marietta, Georgia, United States",1,GA,CONUS_L0_002_007;CONUS_L1_008_026,2
2026-10-01,260064293,https://apply.starbucks.com/careers/job/481080613004,"shift supervisor - Store# 14637, HWY 381 & HWY 92",SHIFT_SUPERVISOR,14637,HWY 381 & HWY 92,8655 Hiram Acworth Hwy,Dallas,GA,,US,,1788062400,2026-08-30,32,2026-10-01,1788183695,2026-08-31,31,False,34.00973,-84.75479,481080613004,id:260064293,store:14637,Shift Supervisor,onsite,"8655 Hiram Acworth Hwy, Dallas, Georgia, United States",1,GA,CONUS_L0_002_007;CONUS_L1_008_025;CONUS_L1_008_026,3
2026-10-01,260066733,https://apply.starbucks.com/careers/job/481080698256,"barista - Store# 14637, HWY 381 & HWY 92",BARISTA,14637,HWY 381 & HWY 92,8655 Hiram Acworth Hwy,Dallas,GA,,US,,1788321600,2026-09-02,29,2026-10-01,1788455630,2026-09-03,28,False,34.00973,-84.75479,481080698256,id:260066733,store:14637,Barista,onsite,"8655 Hiram Acworth Hwy, Dallas, Georgia, United States",1,GA,CONUS_L0_002_007;CONUS_L1_008_025;CONUS_L1_008_026,3
2026-10-01,260077344,https://apply.starbucks.com/careers/job/481080890927,"shift supervisor - Store# 55844, MARS HILL AND DENNIS KEMP",SHIFT_SUPERVISOR,55844,MARS HILL AND DENNIS KEMP,1805 Dennis Kemp Ln NW,Kennesaw,GA,,US,,1789617600,2026-09-17,14,2026-10-01,1789739072,2026-09-18,13,False,33.9991528,-84.70426379999999,481080890927,id:260077344,store:55844,Shift Supervisor,onsite,"1805 Dennis Kemp Ln NW, Kennesaw, Georgia, United States",1,GA,CONUS_L0_002_007;CONUS_L1_008_025;CONUS_L1_008_026,3
2026-10-01,260073728,https://apply.starbucks.com/careers/job/481080813154,"barista - Store# 55844, MARS HILL AND DENNIS KEMP",BARISTA,55844,MARS HILL AND DENNIS KEMP,1805 Dennis Kemp Ln NW,Kennesaw,GA,,US,,1789185600,2026-09-12,19,2026-10-01,1789307175,2026-09-13,18,False,33.9991528,-84.70426379999999,481080813154,id:260073728,store:55844,Barista,onsite,"1805 Dennis Kemp Ln NW, Kennesaw, Georgia, United States",1,GA,CONUS_L0_002_007;CONUS_L1_008_025;CONUS_L1_008_026,3
2026-10-01,260062441,https://apply.starbucks.com/careers/job/481080494250,"shift supervisor - Store# 49207, Peachtree Station PIB & Johnson Ferry",SHIFT_SUPERVISOR,49207,Peachtree Station PIB & Johnson Ferry,5001 Peachtree Blvd,Atlanta,GA,,US,,1787630400,2026-08-25,37,2026-10-01,1787752220,2026-08-26,36,False,33.88379,-84.31609,481080494250,id:260062441,store:49207,Shift Supervisor,onsite,"5001 Peachtree Blvd, Atlanta, Georgia, United States",1,GA,CONUS_L0_002_007;CONUS_L1_008_026,2
2026-10-01,260062580,https://apply.starbucks.com/careers/job/481080494649,"barista - Store# 49207, Peachtree Station PIB & Johnson Ferry",BARISTA,49207,Peachtree Station PIB & Johnson Ferry,5001 Peachtree Blvd,Atlanta,GA,,US,,1787630400,2026-08-25,37,2026-10-01,1787752334,2026-08-26,36,False,33.88379,-84.31609,481080494649,id:260062580,store:49207,Barista,onsite,"5001 Peachtree Blvd, Atlanta, Georgia, United States",1,GA,CONUS_L0_002_007;CONUS_L1_008_026,2
2026-10-01,260058780,https://apply.starbucks.com/careers/job/481079927672,"barista - Store# 00978, ROSWELL & CLIFTWOOD",BARISTA,00978,ROSWELL & CLIFTWOOD,"5840 Roswell Rd, C",Atlanta,GA,,US,,1785211200,2026-07-28,65,2026-10-01,1785332726,2026-07-29,64,False,33.9145409,-84.3802425,481079927672,id:260058780,store:00978,Barista,onsite,"5840 Roswell Rd, C, Atlanta, Georgia, United States",1,GA,CONUS_L0_002_007;CONUS_L1_008_026,2
2026-10-01,260072986,https://apply.starbucks.com/careers/job/481080797561,"shift supervisor - Store# 00978, ROSWELL & CLIFTWOOD",SHIFT_SUPERVISOR,00978,ROSWELL & CLIFTWOOD,"5840 Roswell Rd, C",Atlanta,GA,,US,,1789012800,2026-09-10,21,2026-10-01,1789135519,2026-09-11,20,False,33.9145409,-84.3802425,481080797561,id:260072986,store:00978,Shift Supervisor,onsite,"5840 Roswell Rd, C, Atlanta, Georgia, United States",1,GA,CONUS_L0_002_007;CONUS_L1_008_026,2
2026-10-01,260066071,https://apply.starbucks.com/careers/job/481080678893,"shift supervisor - Store# 13879, CHURCH ST & VANN ST",SHIFT_SUPERVISOR,13879,CHURCH ST & VANN ST,811 Church St NE,Marietta,GA,,US,,1788321600,2026-09-02,29,2026-10-01,1788357649,2026-09-02,29,False,33.9718339,-84.5513138,481080678893,id:260066071,store:13879,Shift Supervisor,onsite,"811 Church St NE, Marietta, Georgia, United States",1,GA,CONUS_L0_002_007;CONUS_L1_008_026,2
2026-10-01,260079011,https://apply.starbucks.com/careers/job/481080965146,"barista - Store# 13879, CHURCH ST & VANN ST",BARISTA,13879,CHURCH ST & VANN ST,811 Church St NE,Marietta,GA,,US,,1790049600,2026-09-22,9,2026-10-01,1790171113,2026-09-23,8,False,33.9718339,-84.5513138,481080965146,id:260079011,store:13879,Barista,onsite,"811 Church St NE, Marietta, Georgia, United States",1,GA,CONUS_L0_002_007;CONUS_L1_008_026,2
2026-10-01,260067827,https://apply.starbucks.com/careers/job/481080699694,"shift supervisor - Store# 13751, HWY 29 & LAVISTA RD",SHIFT_SUPERVISOR,13751,HWY 29 & LAVISTA RD,4294 Lawrenceville Hwy,Tucker,GA,,US,,1788321600,2026-09-02,29,2026-10-01,1788456661,2026-09-03,28,False,33.85499,-84.21,481080699694,id:260067827,store:13751,Shift Supervisor,onsite,"4294 Lawrenceville Hwy, Tucker, Georgia, United States",1,GA,CONUS_L0_002_007;CONUS_L1_008_026,2
2026-10-01,260071573,https://apply.starbucks.com/careers/job/481080764339,"barista - Store# 13751, HWY 29 & LAVISTA RD",BARISTA,13751,HWY 29 & LAVISTA RD,4294 Lawrenceville Hwy,Tucker,GA,,US,,1788840000,2026-09-08,23,2026-10-01,1788961234,2026-09-09,22,False,33.85499,-84.21,481080764339,id:260071573,store:13751,Barista,onsite,"4294 Lawrenceville Hwy, Tucker, Georgia, United States",1,GA,CONUS_L0_002_007;CONUS_L1_008_026,2
2026-10-01,260068496,https://apply.starbucks.com/careers/job/481080709681,"shift supervisor - Store# 27818, PEACHTREE DUNWOODY & HAMMOND DRIVE",SHIFT_SUPERVISOR,27818,PEACHTREE DUNWOODY & HAMMOND DRIVE,6001 Peachtree Dunwoody Rd,Atlanta,GA,,US,,1788408000,2026-09-03,28,2026-10-01,1788529785,2026-09-04,27,False,33.9181693,-84.3507013,481080709681,id:260068496,store:27818,Shift Supervisor,onsite,"6001 Peachtree Dunwoody Rd, Atlanta, Georgia, United States",1,GA,CONUS_L0_002_007;CONUS_L1_008_026,2
2026-10-01,260079165,https://apply.starbucks.com/careers/job/481080965559,"barista - Store# 65549, ROSWELL RD & ROBINSON RD",BARISTA,65549,ROSWELL RD & ROBINSON RD,2135 Roswell Rd,Marietta,GA,,US,,1790049600,2026-09-22,9,2026-10-01,1790171244,2026-09-23,8,False,33.9678,-84.49087,481080965559,id:260079165,store:65549,Barista,onsite,"2135 Roswell Rd, Marietta, Georgia, United States",1,GA,CONUS_L0_002_007;CONUS_L1_008_026,2
2026-10-01,260071037,https://apply.starbucks.com/careers/job/481080742253,"shift supervisor - Store# 65549, ROSWELL RD & ROBINSON RD",SHIFT_SUPERVISOR,65549,ROSWELL RD & ROBINSON RD,2135 Roswell Rd,Marietta,GA,,US,,1788667200,2026-09-06,25,2026-10-01,1788788893,2026-09-07,24,False,33.9678,-84.49087,481080742253,id:260071037,store:65549,Shift Supervisor,onsite,"2135 Roswell Rd, Marietta, Georgia, United States",1,GA,CONUS_L0_002_007;CONUS_L1_008_026,2
2026-10-01,260068229,https://apply.starbucks.com/careers/job/481080709141,"shift supervisor - Store# 26561, HWY 41 & BARRETT PARKWAY - KENNESAW",SHIFT_SUPERVISOR,26561,HWY 41 & BARRETT PARKWAY - KENNESAW,"1955 Cobb Pkwy NW, 100",Kennesaw,GA,,US,,1788408000,2026-09-03,28,2026-10-01,1788529554,2026-09-04,27,False,33.9994705,-84.5903572,481080709141,id:260068229,store:26561,Shift Supervisor,onsite,"1955 Cobb Pkwy NW, 100, Kennesaw, Georgia, United States",1,GA,CONUS_L0_002_007;CONUS_L1_008_026,2
2026-10-01,260079465,https://apply.starbucks.com/careers/job/481080998789,"barista - Store# 26561, HWY 41 & BARRETT PARKWAY - KENNESAW",BARISTA,26561,HWY 41 & BARRETT PARKWAY - KENNESAW,"1955 Cobb Pkwy NW, 100",Kennesaw,GA,,US,,1790222400,2026-09-24,7,2026-10-01,1790344034,2026-09-25,6,False,33.9994705,-84.5903572,481080998789,id:260079465,store:26561,Barista,onsite,"1955 Cobb Pkwy NW, 100, Kennesaw, Georgia, United States",1,GA,CONUS_L0_002_007;CONUS_L1_008_026,2
2026-10-01,260067815,https://apply.starbucks.com/careers/job/481080699621,"shift supervisor - Store# 17521, ASHFORD DUNWOODY & RAVINIA AVE NORTH",SHIFT_SUPERVISOR,17521,ASHFORD DUNWOODY & RAVINIA AVE NORTH,4441 Ashford Dunwoody Rd NE,Atlanta,GA,,US,,1788321600,2026-09-02,29,2026-10-01,1788456649,2026-09-03,28,False,33.9221424,-84.3386262,481080699621,id:260067815,store:17521,Shift Supervisor,onsite,"4441 Ashford Dunwoody Rd NE, Atlanta, Georgia, United States",1,GA,CONUS_L0_002_007;CONUS_L1_008_026,2
2026-10-01,260074093,https://apply.starbucks.com/careers/job/481080813828,"barista - Store# 17521, ASHFORD DUNWOODY & RAVINIA AVE NORTH",BARISTA,17521,ASHFORD DUNWOODY & RAVINIA AVE NORTH,4441 Ashford Dunwoody Rd NE,Atlanta,GA,,US,,1789185600,2026-09-12,19,2026-10-01,1789307515,2026-09-13,18,False,33.9221424,-84.3386262,481080813828,id:260074093,store:17521,Barista,onsite,"4441 Ashford Dunwoody Rd NE, Atlanta, Georgia, United States",1,GA,CONUS_L0_002_007;CONUS_L1_008_026,2
2026-10-01,260080661,https://apply.starbucks.com/careers/job/481081091799,"shift supervisor - Store# 08512, ABERNATHY SQUARE",SHIFT_SUPERVISOR,08512,ABERNATHY SQUARE,"6681 Roswell Rd, Abernathy Square, Ste K",Atlanta,GA,,US,,1790740800,2026-09-30,1,2026-10-01,1790836139,2026-10-01,0,False,33.9365698,-84.37783019999999,481081091799,id:260080661,store:08512,Shift Supervisor,onsite,"6681 Roswell Rd, Abernathy Square, Ste K, Atlanta, Georgia, United States",1,GA,CONUS_L0_002_007;CONUS_L1_008_026,2
2026-10-01,260077142,https://apply.starbucks.com/careers/job/481080890667,"barista - Store# 08512, ABERNATHY SQUARE",BARISTA,08512,ABERNATHY SQUARE,"6681 Roswell Rd, Abernathy Square, Ste K",Atlanta,GA,,US,,1789617600,2026-09-17,14,2026-10-01,1789738899,2026-09-18,13,False,33.9365698,-84.37783019999999,481080890667,id:260077142,store:08512,Barista,onsite,"6681 Roswell Rd, Abernathy Square, Ste K, Atlanta, Georgia, United States",1,GA,CONUS_L0_002_007;CONUS_L1_008_026,2
2026-10-01,260057883,https://apply.starbucks.com/careers/job/481079679772,"barista - Store# 08215, PAPER MILL & JOHNSON FERRY",BARISTA,08215,PAPER MILL & JOHNSON FERRY,31A Johnson Ferry Rd,Marietta,GA,,US,,1784692800,2026-07-22,71,2026-10-01,1784814317,2026-07-23,70,False,33.9500496,-84.4119114,481079679772,id:260057883,store:08215,Barista,onsite,"31A Johnson Ferry Rd, Marietta, Georgia, United States",1,GA,CONUS_L0_002_007;CONUS_L1_008_026,2
2026-10-01,260077699,https://apply.starbucks.com/careers/job/481080891475,"shift supervisor - Store# 08215, PAPER MILL & JOHNSON FERRY",SHIFT_SUPERVISOR,08215,PAPER MILL & JOHNSON FERRY,31A Johnson Ferry Rd,Marietta,GA,,US,,1789617600,2026-09-17,14,2026-10-01,1789739379,2026-09-18,13,False,33.9500496,-84.4119114,481080891475,id:260077699,store:08215,Shift Supervisor,onsite,"31A Johnson Ferry Rd, Marietta, Georgia, United States",1,GA,CONUS_L0_002_007;CONUS_L1_008_026,2
2026-10-01,260077257,https://apply.starbucks.com/careers/job/481080890818,"barista - Store# 08411, EAST PIEDMONT",BARISTA,08411,EAST PIEDMONT,"2424 Roswell Rd, Ste 1",Marietta,GA,,US,,1789617600,2026-09-17,14,2026-10-01,1789738997,2026-09-18,13,False,33.9735115,-84.4805981,481080890818,id:260077257,store:08411,Barista,onsite,"2424 Roswell Rd, Ste 1, Marietta, Georgia, United States",1,GA,CONUS_L0_002_007;CONUS_L1_008_026,2
2026-10-01,260077748,https://apply.starbucks.com/careers/job/481080891567,"shift supervisor - Store# 08411, EAST PIEDMONT",SHIFT_SUPERVISOR,08411,EAST PIEDMONT,"2424 Roswell Rd, Ste 1",Marietta,GA,,US,,1789617600,2026-09-17,14,2026-10-01,1789739421,2026-09-18,13,False,33.9735115,-84.4805981,481080891567,id:260077748,store:08411,Shift Supervisor,onsite,"2424 Roswell Rd, Ste 1, Marietta, Georgia, United States",1,GA,CONUS_L0_002_007;CONUS_L1_008_026,2
2026-10-01,260078392,https://apply.starbucks.com/careers/job/481080936249,"shift supervisor - Store# 00985, I-285 and Chamblee Dunwoody Rd",SHIFT_SUPERVISOR,00985,I-285 and Chamblee Dunwoody Rd,"4468 Chamblee Dunwoody Rd, Suite 24",Atlanta,GA,,US,,1789876800,2026-09-20,11,2026-10-01,1789998232,2026-09-21,10,False,33.920909,-84.3145991,481080936249,id:260078392,store:00985,Shift Supervisor,onsite,"4468 Chamblee Dunwoody Rd, Suite 24, Atlanta, Georgia, United States",1,GA,CONUS_L0_002_007;CONUS_L1_008_026,2
2026-10-01,260072907,https://apply.starbucks.com/careers/job/481080796564,"barista - Store# 00985, I-285 and Chamblee Dunwoody Rd",BARISTA,00985,I-285 and Chamblee Dunwoody Rd,"4468 Chamblee Dunwoody Rd, Suite 24",Atlanta,GA,,US,,1789012800,2026-09-10,21,2026-10-01,1789135453,2026-09-11,20,False,33.920909,-84.3145991,481080796564,id:260072907,store:00985,Barista,onsite,"4468 Chamblee Dunwoody Rd, Suite 24, Atlanta, Georgia, United States",1,GA,CONUS_L0_002_007;CONUS_L1_008_026,2
2026-10-01,260060943,https://apply.starbucks.com/careers/job/481080183444,"barista - Store# 08577, BARRETT PKWY & BARRETT LAKED BLVD",BARISTA,08577,BARRETT PKWY & BARRETT LAKED BLVD,815 Barrett Pkwy,Kennesaw,GA,,US,,1786766400,2026-08-15,47,2026-10-01,1786887988,2026-08-16,46,False,34.0054487,-84.5738058,481080183444,id:260060943,store:08577,Barista,onsite,"815 Barrett Pkwy, Kennesaw, Georgia, United States",1,GA,CONUS_L0_002_007;CONUS_L1_008_026,2
2026-10-01,260080047,https://apply.starbucks.com/careers/job/481081029667,"shift supervisor - Store# 08577, BARRETT PKWY & BARRETT LAKED BLVD",SHIFT_SUPERVISOR,08577,BARRETT PKWY & BARRETT LAKED BLVD,815 Barrett Pkwy,Kennesaw,GA,,US,,1790481600,2026-09-27,4,2026-10-01,1790603432,2026-09-28,3,False,34.0054487,-84.5738058,481081029667,id:260080047,store:08577,Shift Supervisor,onsite,"815 Barrett Pkwy, Kennesaw, Georgia, United States",1,GA,CONUS_L0_002_007;CONUS_L1_008_026,2
2026-10-01,260079797,https://apply.starbucks.com/careers/job/481081018871,"barista - Store# 08530, US 41 @ ACWORTH",BARISTA,08530,US 41 @ ACWORTH,3103 Cobb Parkway NW,Kennesaw,GA,,US,,1790395200,2026-09-26,5,2026-10-01,1790516504,2026-09-27,4,False,34.02985,-84.65545,481081018871,id:260079797,store:08530,Barista,onsite,"3103 Cobb Parkway NW, Kennesaw, Georgia, United States",1,GA,CONUS_L0_002_007;CONUS_L1_008_026,2
2026-10-01,260080069,https://apply.starbucks.com/careers/job/481081029721,"shift supervisor - Store# 08530, US 41 @ ACWORTH",SHIFT_SUPERVISOR,08530,US 41 @ ACWORTH,3103 Cobb Parkway NW,Kennesaw,GA,,US,,1790481600,2026-09-27,4,2026-10-01,1790603454,2026-09-28,3,False,34.02985,-84.65545,481081029721,id:260080069,store:08530,Shift Supervisor,onsite,"3103 Cobb Parkway NW, Kennesaw, Georgia, United States",1,GA,CONUS_L0_002_007;CONUS_L1_008_026,2
2026-10-01,260064191,https://apply.starbucks.com/careers/job/481080612805,"shift supervisor - Store# 11045, HWY 41 & MARS HILL RD",SHIFT_SUPERVISOR,11045,HWY 41 & MARS HILL RD,3622 Cobb Pkwy NW,Acworth,GA,,US,,1788062400,2026-08-30,32,2026-10-01,1788183608,2026-08-31,31,False,34.0444925,-84.6956271,481080612805,id:260064191,store:11045,Shift Supervisor,onsite,"3622 Cobb Pkwy NW, Acworth, Georgia, United States",1,GA,CONUS_L0_002_007;CONUS_L1_008_026,2
2026-10-01,260072640,https://apply.starbucks.com/careers/job/481080796059,"barista - Store# 11045, HWY 41 & MARS HILL RD",BARISTA,11045,HWY 41 & MARS HILL RD,3622 Cobb Pkwy NW,Acworth,GA,,US,,1789012800,2026-09-10,21,2026-10-01,1789135224,2026-09-11,20,False,34.0444925,-84.6956271,481080796059,id:260072640,store:11045,Barista,onsite,"3622 Cobb Pkwy NW, Acworth, Georgia, United States",1,GA,CONUS_L0_002_007;CONUS_L1_008_026,2
2026-10-01,260075412,https://apply.starbucks.com/careers/job/481080821633,"barista - Store# 71299, HWY 78 & PAXTON LN",BARISTA,71299,HWY 78 & PAXTON LN,4195 Stone Mountain Hwy,Lilburn,GA,,US,,1789272000,2026-09-13,18,2026-10-01,1789394916,2026-09-14,17,False,33.8356,-84.07525,481080821633,id:260075412,store:71299,Barista,onsite,"4195 Stone Mountain Hwy, Lilburn, Georgia, United States",1,GA,CONUS_L0_002_007;CONUS_L1_008_026,2
2026-10-01,260071972,https://apply.starbucks.com/careers/job/481080764945,"shift supervisor - Store# 71299, HWY 78 & PAXTON LN",SHIFT_SUPERVISOR,71299,HWY 78 & PAXTON LN,4195 Stone Mountain Hwy,Lilburn,GA,,US,,1788840000,2026-09-08,23,2026-10-01,1788961554,2026-09-09,22,False,33.8356,-84.07525,481080764945,id:260071972,store:71299,Shift Supervisor,onsite,"4195 Stone Mountain Hwy, Lilburn, Georgia, United States",1,GA,CONUS_L0_002_007;CONUS_L1_008_026,2
2026-10-01,260072327,https://apply.starbucks.com/careers/job/481080778502,"barista - Store# 00988, BARRETT & BUSBEE  TOWN CENTER",BARISTA,00988,BARRETT & BUSBEE  TOWN CENTER,"440 Ernest W Barrett Pkwy NW, Ste 3",Kennesaw,GA,,US,,1788926400,2026-09-09,22,2026-10-01,1789048109,2026-09-10,21,False,34.0135736,-84.5634039,481080778502,id:260072327,store:00988,Barista,onsite,"440 Ernest W Barrett Pkwy NW, Ste 3, Kennesaw, Georgia, United States",1,GA,CONUS_L0_002_007;CONUS_L1_008_026,2
2026-10-01,260054181,https://apply.starbucks.com/careers/job/481079404939,"shift supervisor - Store# 00988, BARRETT & BUSBEE  TOWN CENTER",SHIFT_SUPERVISOR,00988,BARRETT & BUSBEE  TOWN CENTER,"440 Ernest W Barrett Pkwy NW, Ste 3",Kennesaw,GA,,US,,1783569600,2026-07-09,84,2026-10-01,1783691161,2026-07-10,83,False,34.0135736,-84.5634039,481079404939,id:260054181,store:00988,Shift Supervisor,onsite,"440 Ernest W Barrett Pkwy NW, Ste 3, Kennesaw, Georgia, United States",1,GA,CONUS_L0_002_007;CONUS_L1_008_026,2
2026-10-01,260055917,https://apply.starbucks.com/careers/job/481079473255,"barista - Store# 00987, CHAMBLEE-DUNWOODY",BARISTA,00987,CHAMBLEE-DUNWOODY,5561 Chamblee Dunwoody Rd,Atlanta,GA,,US,,1783915200,2026-07-13,80,2026-10-01,1784037132,2026-07-14,79,False,33.9494059,-84.3356768,481079473255,id:260055917,store:00987,Barista,onsite,"5561 Chamblee Dunwoody Rd, Atlanta, Georgia, United States",1,GA,CONUS_L0_002_007;CONUS_L1_008_026,2
2026-10-01,260053441,https://apply.starbucks.com/careers/job/481079320274,"shift supervisor - Store# 00987, CHAMBLEE-DUNWOODY",SHIFT_SUPERVISOR,00987,CHAMBLEE-DUNWOODY,5561 Chamblee Dunwoody Rd,Atlanta,GA,,US,,1783310400,2026-07-06,87,2026-10-01,1783432079,2026-07-07,86,False,33.9494059,-84.3356768,481079320274,id:260053441,store:00987,Shift Supervisor,onsite,"5561 Chamblee Dunwoody Rd, Atlanta, Georgia, United States",1,GA,CONUS_L0_002_007;CONUS_L1_008_026,2
2026-10-01,260079021,https://apply.starbucks.com/careers/job/481080965207,"shift supervisor - Store# 08260, WOODLAWN SQUARE",SHIFT_SUPERVISOR,08260,WOODLAWN SQUARE,1207 Johnson Ferry Rd,Marietta,GA,,US,,1790049600,2026-09-22,9,2026-10-01,1790171122,2026-09-23,8,False,33.9782599,-84.4193798,481080965207,id:260079021,store:08260,Shift Supervisor,onsite,"1207 Johnson Ferry Rd, Marietta, Georgia, United States",1,GA,CONUS_L0_002_007;CONUS_L1_008_026,2
2026-10-01,260052987,https://apply.starbucks.com/careers/job/481079230076,"barista - Store# 08260, WOODLAWN SQUARE",BARISTA,08260,WOODLAWN SQUARE,1207 Johnson Ferry Rd,Marietta,GA,,US,,1783137600,2026-07-04,89,2026-10-01,1783258773,2026-07-05,88,False,33.9782599,-84.4193798,481079230076,id:260052987,store:08260,Barista,onsite,"1207 Johnson Ferry Rd, Marietta, Georgia, United States",1,GA,CONUS_L0_002_007,1
2026-10-01,260067696,https://apply.starbucks.com/careers/job/481080699582,"barista - Store# 54605, JIMMY CARTER AND LIVE OAK",BARISTA,54605,JIMMY CARTER AND LIVE OAK,5485 Jimmy Carter Blvd,Norcross,GA,,US,,1788321600,2026-09-02,29,2026-10-01,1788456539,2026-09-03,28,False,33.9083088,-84.2056668,481080699582,id:260067696,store:54605,Barista,onsite,"5485 Jimmy Carter Blvd, Norcross, Georgia, United States",1,GA,CONUS_L0_002_007;CONUS_L1_008_026,2
2026-10-01,260065180,https://apply.starbucks.com/careers/job/481080677365,"shift supervisor - Store# 54605, JIMMY CARTER AND LIVE OAK",SHIFT_SUPERVISOR,54605,JIMMY CARTER AND LIVE OAK,5485 Jimmy Carter Blvd,Norcross,GA,,US,,1788321600,2026-09-02,29,2026-10-01,1788356858,2026-09-02,29,False,33.9083088,-84.2056668,481080677365,id:260065180,store:54605,Shift Supervisor,onsite,"5485 Jimmy Carter Blvd, Norcross, Georgia, United States",1,GA,CONUS_L0_002_007;CONUS_L1_008_026,2
2026-10-01,260066174,https://apply.starbucks.com/careers/job/481080679016,"barista - Store# 54605, JIMMY CARTER AND LIVE OAK",BARISTA,54605,JIMMY CARTER AND LIVE OAK,5485 Jimmy Carter Blvd,Norcross,GA,,US,,1788321600,2026-09-02,29,2026-10-01,1788357742,2026-09-02,29,False,33.9083088,-84.2056668,481080679016,id:260066174,store:54605,Barista,onsite,"5485 Jimmy Carter Blvd, Norcross, Georgia, United States",1,GA,CONUS_L0_002_007;CONUS_L1_008_026,2
2026-10-01,260064499,https://apply.starbucks.com/careers/job/481080613506,"barista - Store# 11120, CHASTAIN & BUSBEE",BARISTA,11120,CHASTAIN & BUSBEE,745 Chastain Rd NW,Kennesaw,GA,,US,,1788062400,2026-08-30,32,2026-10-01,1788183865,2026-08-31,31,False,34.0354198,-84.57011299999999,481080613506,id:260064499,store:11120,Barista,onsite,"745 Chastain Rd NW, Kennesaw, Georgia, United States",1,GA,CONUS_L0_002_007;CONUS_L1_008_026,2
2026-10-01,260073493,https://apply.starbucks.com/careers/job/481080812794,"shift supervisor - Store# 11120, CHASTAIN & BUSBEE",SHIFT_SUPERVISOR,11120,CHASTAIN & BUSBEE,745 Chastain Rd NW,Kennesaw,GA,,US,,1789185600,2026-09-12,19,2026-10-01,1789306953,2026-09-13,18,False,34.0354198,-84.57011299999999,481080812794,id:260073493,store:11120,Shift Supervisor,onsite,"745 Chastain Rd NW, Kennesaw, Georgia, United States",1,GA,CONUS_L0_002_007;CONUS_L1_008_026,2
2026-10-01,260068988,https://apply.starbucks.com/careers/job/481080710411,"barista - Store# 10555, CHEROKEE & SHILOH",BARISTA,10555,CHEROKEE & SHILOH,"4069 Cherokee St NW, Ste A",Kennesaw,GA,,US,,1788408000,2026-09-03,28,2026-10-01,1788530204,2026-09-04,27,False,34.0502317,-84.5972195,481080710411,id:260068988,store:10555,Barista,onsite,"4069 Cherokee St NW, Ste A, Kennesaw, Georgia, United States",1,GA,CONUS_L0_002_007;CONUS_L1_008_026,2
2026-10-01,260064437,https://apply.starbucks.com/careers/job/481080613241,"shift supervisor - Store# 10555, CHEROKEE & SHILOH",SHIFT_SUPERVISOR,10555,CHEROKEE & SHILOH,"4069 Cherokee St NW, Ste A",Kennesaw,GA,,US,,1788062400,2026-08-30,32,2026-10-01,1788183814,2026-08-31,31,False,34.0502317,-84.5972195,481080613241,id:260064437,store:10555,Shift Supervisor,onsite,"4069 Cherokee St NW, Ste A, Kennesaw, Georgia, United States",1,GA,CONUS_L0_002_007;CONUS_L1_008_026,2
2026-10-01,260080697,https://apply.starbucks.com/careers/job/481081091840,"shift supervisor - Store# 52364, 1ST AND MCNATT",SHIFT_SUPERVISOR,52364,1ST AND MCNATT,"2109 E 1st St, Unit 1",Vidalia,GA,,US,,1790740800,2026-09-30,1,2026-10-01,1790836170,2026-10-01,0,False,32.2078273,-82.3832408,481081091840,id:260080697,store:52364,Shift Supervisor,onsite,"2109 E 1st St, Unit 1, Vidalia, Georgia, United States",1,GA,CONUS_L0_002_007;CONUS_L0_002_008;CONUS_L1_007_026;CONUS_L1_007_027,4
2026-10-01,260069544,https://apply.starbucks.com/careers/job/481080730456,"shift supervisor - Store# 56074, WADE GREEN AND HICKORY GROVE",SHIFT_SUPERVISOR,56074,WADE GREEN AND HICKORY GROVE,4383 Wade Green Rd NW,Kennesaw,GA,,US,,1788580800,2026-09-05,26,2026-10-01,1788702184,2026-09-06,25,False,34.05949,-84.5931,481080730456,id:260069544,store:56074,Shift Supervisor,onsite,"4383 Wade Green Rd NW, Kennesaw, Georgia, United States",1,GA,CONUS_L0_002_007;CONUS_L1_008_026,2
2026-10-01,260053559,https://apply.starbucks.com/careers/job/481079351653,"barista - Store# 56074, WADE GREEN AND HICKORY GROVE",BARISTA,56074,WADE GREEN AND HICKORY GROVE,4383 Wade Green Rd NW,Kennesaw,GA,,US,,1783396800,2026-07-07,86,2026-10-01,1783518150,2026-07-08,85,False,34.05949,-84.5931,481079351653,id:260053559,store:56074,Barista,onsite,"4383 Wade Green Rd NW, Kennesaw, Georgia, United States",1,GA,CONUS_L0_002_007;CONUS_L1_008_026,2
2026-10-01,260058309,https://apply.starbucks.com/careers/job/481079850018,"barista - Store# 08501, INDIAN TRAIL & OAKBROOK",BARISTA,08501,INDIAN TRAIL & OAKBROOK,1528 Indian Trail Rd,Norcross,GA,,US,,1784952000,2026-07-25,68,2026-10-01,1785073553,2026-07-26,67,False,33.9207583,-84.1683242,481079850018,id:260058309,store:08501,Barista,onsite,"1528 Indian Trail Rd, Norcross, Georgia, United States",1,GA,CONUS_L0_002_007;CONUS_L1_008_026,2
2026-10-01,260077543,https://apply.starbucks.com/careers/job/481080891263,"shift supervisor - Store# 08501, INDIAN TRAIL & OAKBROOK",SHIFT_SUPERVISOR,08501,INDIAN TRAIL & OAKBROOK,1528 Indian Trail Rd,Norcross,GA,,US,,1789617600,2026-09-17,14,2026-10-01,1789739246,2026-09-18,13,False,33.9207583,-84.1683242,481080891263,id:260077543,store:08501,Shift Supervisor,onsite,"1528 Indian Trail Rd, Norcross, Georgia, United States",1,GA,CONUS_L0_002_007;CONUS_L1_008_026,2
2026-10-01,260069781,https://apply.starbucks.com/careers/job/481080730686,"shift supervisor - Store# 52766, I-575 AND BELLS FERRY ROAD",SHIFT_SUPERVISOR,52766,I-575 AND BELLS FERRY ROAD,"4241 Bells Ferry Rd NW, Ste 115",Kennesaw,GA,,US,,1788580800,2026-09-05,26,2026-10-01,1788702373,2026-09-06,25,False,34.054488,-84.557178,481080730686,id:260069781,store:52766,Shift Supervisor,onsite,"4241 Bells Ferry Rd NW, Ste 115, Kennesaw, Georgia, United States",1,GA,CONUS_L0_002_007;CONUS_L1_008_026,2
2026-10-01,260057051,https://apply.starbucks.com/careers/job/481079556163,"barista - Store# 52766, I-575 AND BELLS FERRY ROAD",BARISTA,52766,I-575 AND BELLS FERRY ROAD,"4241 Bells Ferry Rd NW, Ste 115",Kennesaw,GA,,US,,1784174400,2026-07-16,77,2026-10-01,1784295866,2026-07-17,76,False,34.054488,-84.557178,481079556163,id:260057051,store:52766,Barista,onsite,"4241 Bells Ferry Rd NW, Ste 115, Kennesaw, Georgia, United States",1,GA,CONUS_L0_002_007;CONUS_L1_008_026,2
2026-10-01,260061961,https://apply.starbucks.com/careers/job/481080429784,"shift supervisor - Store# 67909, I- 20 & Hwy 441",SHIFT_SUPERVISOR,67909,I- 20 & Hwy 441,2011 Eatonton Rd,Madison,GA,,US,,1787457600,2026-08-23,39,2026-10-01,1787579290,2026-08-24,38,False,33.55704,-83.47574,481080429784,id:260061961,store:67909,Shift Supervisor,onsite,"2011 Eatonton Rd, Madison, Georgia, United States",1,GA,CONUS_L0_002_007;CONUS_L1_008_026;CONUS_L1_008_027,3
2026-10-01,260064104,https://apply.starbucks.com/careers/job/481080594559,"barista - Store# 67909, I- 20 & Hwy 441",BARISTA,67909,I- 20 & Hwy 441,2011 Eatonton Rd,Madison,GA,,US,,1787976000,2026-08-29,33,2026-10-01,1788097430,2026-08-30,32,False,33.55704,-83.47574,481080594559,id:260064104,store:67909,Barista,onsite,"2011 Eatonton Rd, Madison, Georgia, United States",1,GA,CONUS_L0_002_007;CONUS_L1_008_026;CONUS_L1_008_027,3
2026-10-01,260062731,https://apply.starbucks.com/careers/job/481080495191,"barista - Store# 08413, COLEMAN VILLAGE",BARISTA,08413,COLEMAN VILLAGE,"930 Marietta Hwy, Coleman Village, Ste 400",Roswell,GA,,US,,1787630400,2026-08-25,37,2026-10-01,1787752453,2026-08-26,36,False,34.0049457,-84.3898549,481080495191,id:260062731,store:08413,Barista,onsite,"930 Marietta Hwy, Coleman Village, Ste 400, Roswell, Georgia, United States",1,GA,CONUS_L0_002_007;CONUS_L1_008_026,2
2026-10-01,260062395,https://apply.starbucks.com/careers/job/481080494144,"shift supervisor - Store# 08413, COLEMAN VILLAGE",SHIFT_SUPERVISOR,08413,COLEMAN VILLAGE,"930 Marietta Hwy, Coleman Village, Ste 400",Roswell,GA,,US,,1787630400,2026-08-25,37,2026-10-01,1787752183,2026-08-26,36,False,34.0049457,-84.3898549,481080494144,id:260062395,store:08413,Shift Supervisor,onsite,"930 Marietta Hwy, Coleman Village, Ste 400, Roswell, Georgia, United States",1,GA,CONUS_L0_002_007;CONUS_L1_008_026,2
2026-10-01,260059914,https://apply.starbucks.com/careers/job/481080079094,"barista - Store# 08225, DUNWOODY PLACE",BARISTA,08225,DUNWOODY PLACE,"8725 Roswell Rd, Dunwoody Place Shopping Center, Ste 19",Atlanta,GA,,US,,1786161600,2026-08-08,54,2026-10-01,1786283205,2026-08-09,53,False,33.9957248,-84.3499172,481080079094,id:260059914,store:08225,Barista,onsite,"8725 Roswell Rd, Dunwoody Place Shopping Center, Ste 19, Atlanta, Georgia, United States",1,GA,CONUS_L0_002_007;CONUS_L1_008_026,2
2026-10-01,260077150,https://apply.starbucks.com/careers/job/481080890673,"shift supervisor - Store# 08225, DUNWOODY PLACE",SHIFT_SUPERVISOR,08225,DUNWOODY PLACE,"8725 Roswell Rd, Dunwoody Place Shopping Center, Ste 19",Atlanta,GA,,US,,1789617600,2026-09-17,14,2026-10-01,1789738906,2026-09-18,13,False,33.9957248,-84.3499172,481080890673,id:260077150,store:08225,Shift Supervisor,onsite,"8725 Roswell Rd, Dunwoody Place Shopping Center, Ste 19, Atlanta, Georgia, United States",1,GA,CONUS_L0_002_007;CONUS_L1_008_026,2
2026-10-01,260062237,https://apply.starbucks.com/careers/job/481080460471,"barista - Store# 08410, JAY BIRD ALLEY",BARISTA,08410,JAY BIRD ALLEY,"5975 Peachtree Pkwy, Walgreens Development",Peachtree Corners,GA,,US,,1787544000,2026-08-24,38,2026-10-01,1787665411,2026-08-25,37,False,33.95752,-84.23209,481080460471,id:260062237,store:08410,Barista,onsite,"5975 Peachtree Pkwy, Walgreens Development, Peachtree Corners, Georgia, United States",1,GA,CONUS_L0_002_007;CONUS_L1_008_026,2
2026-10-01,260077174,https://apply.starbucks.com/careers/job/481080890693,"shift supervisor - Store# 08410, JAY BIRD ALLEY",SHIFT_SUPERVISOR,08410,JAY BIRD ALLEY,"5975 Peachtree Pkwy, Walgreens Development",Peachtree Corners,GA,,US,,1789617600,2026-09-17,14,2026-10-01,1789738927,2026-09-18,13,False,33.95752,-84.23209,481080890693,id:260077174,store:08410,Shift Supervisor,onsite,"5975 Peachtree Pkwy, Walgreens Development, Peachtree Corners, Georgia, United States",1,GA,CONUS_L0_002_007;CONUS_L1_008_026,2
2026-10-01,260077208,https://apply.starbucks.com/careers/job/481080890745,"barista - Store# 08760, RONALD REAGAN & HWY 124",BARISTA,08760,RONALD REAGAN & HWY 124,1920 Scenic Hwy N,Snellville,GA,,US,,1789617600,2026-09-17,14,2026-10-01,1789738955,2026-09-18,13,False,33.8735106,-84.01341479999999,481080890745,id:260077208,store:08760,Barista,onsite,"1920 Scenic Hwy N, Snellville, Georgia, United States",1,GA,CONUS_L0_002_007;CONUS_L1_008_026,2
2026-10-01,260077352,https://apply.starbucks.com/careers/job/481080890943,"shift supervisor - Store# 08449, NESBIT FERRY AND HOLCOMB BRIDGE",SHIFT_SUPERVISOR,08449,NESBIT FERRY AND HOLCOMB BRIDGE,"8500 Holcomb Bridge Rd, Ellard Village#220",Alpharetta,GA,,US,,1789617600,2026-09-17,14,2026-10-01,1789739079,2026-09-18,13,False,33.9863039,-84.27116269999999,481080890943,id:260077352,store:08449,Shift Supervisor,onsite,"8500 Holcomb Bridge Rd, Ellard Village#220, Alpharetta, Georgia, United States",1,GA,CONUS_L0_002_007;CONUS_L1_008_026,2
2026-10-01,260077511,https://apply.starbucks.com/careers/job/481080891292,"barista - Store# 08449, NESBIT FERRY AND HOLCOMB BRIDGE",BARISTA,08449,NESBIT FERRY AND HOLCOMB BRIDGE,"8500 Holcomb Bridge Rd, Ellard Village#220",Alpharetta,GA,,US,,1789617600,2026-09-17,14,2026-10-01,1789739219,2026-09-18,13,False,33.9863039,-84.27116269999999,481080891292,id:260077511,store:08449,Barista,onsite,"8500 Holcomb Bridge Rd, Ellard Village#220, Alpharetta, Georgia, United States",1,GA,CONUS_L0_002_007;CONUS_L1_008_026,2
2026-10-01,260063612,https://apply.starbucks.com/careers/job/481080567478,"shift supervisor - Store# 09981, HWY 78 & HWY 20",SHIFT_SUPERVISOR,09981,HWY 78 & HWY 20,"4270 Atlanta Hwy, Suite 101",Loganville,GA,,US,,1787803200,2026-08-27,35,2026-10-01,1787925062,2026-08-28,34,False,33.8407771,-83.9064518,481080567478,id:260063612,store:09981,Shift Supervisor,onsite,"4270 Atlanta Hwy, Suite 101, Loganville, Georgia, United States",1,GA,CONUS_L0_002_007;CONUS_L1_008_026,2
2026-10-01,260067102,https://apply.starbucks.com/careers/job/481080698761,"barista - Store# 09981, HWY 78 & HWY 20",BARISTA,09981,HWY 78 & HWY 20,"4270 Atlanta Hwy, Suite 101",Loganville,GA,,US,,1788321600,2026-09-02,29,2026-10-01,1788455977,2026-09-03,28,False,33.8407771,-83.9064518,481080698761,id:260067102,store:09981,Barista,onsite,"4270 Atlanta Hwy, Suite 101, Loganville, Georgia, United States",1,GA,CONUS_L0_002_007;CONUS_L1_008_026,2
2026-10-01,260067320,https://apply.starbucks.com/careers/job/481080698904,"shift supervisor - Store# 14431, PEACHTREE IND BLVD & S OLD PEACHTREE",SHIFT_SUPERVISOR,14431,PEACHTREE IND BLVD & S OLD PEACHTREE,4895 Peachtree Industrial Blvd,Peachtree Corners,GA,,US,,1788321600,2026-09-02,29,2026-10-01,1788456187,2026-09-03,28,False,33.96879,-84.19521,481080698904,id:260067320,store:14431,Shift Supervisor,onsite,"4895 Peachtree Industrial Blvd, Peachtree Corners, Georgia, United States",1,GA,CONUS_L0_002_007;CONUS_L1_008_026,2
2026-10-01,260073797,https://apply.starbucks.com/careers/job/481080813361,"barista - Store# 14431, PEACHTREE IND BLVD & S OLD PEACHTREE",BARISTA,14431,PEACHTREE IND BLVD & S OLD PEACHTREE,4895 Peachtree Industrial Blvd,Peachtree Corners,GA,,US,,1789185600,2026-09-12,19,2026-10-01,1789307240,2026-09-13,18,False,33.96879,-84.19521,481080813361,id:260073797,store:14431,Barista,onsite,"4895 Peachtree Industrial Blvd, Peachtree Corners, Georgia, United States",1,GA,CONUS_L0_002_007;CONUS_L1_008_026,2
2026-10-01,260055887,https://apply.starbucks.com/careers/job/481079473207,"shift supervisor - Store# 27648, PLEASANT HILL ROAD &",SHIFT_SUPERVISOR,27648,PLEASANT HILL ROAD &,"1550 Pleasant Hill Rd, 101",Duluth,GA,,US,,1783915200,2026-07-13,80,2026-10-01,1784037104,2026-07-14,79,False,33.9432193,-84.12312519999999,481079473207,id:260055887,store:27648,Shift Supervisor,onsite,"1550 Pleasant Hill Rd, 101, Duluth, Georgia, United States",1,GA,CONUS_L0_002_007;CONUS_L1_008_026,2
2026-10-01,260072306,https://apply.starbucks.com/careers/job/481080778477,"barista - Store# 27648, PLEASANT HILL ROAD &",BARISTA,27648,PLEASANT HILL ROAD &,"1550 Pleasant Hill Rd, 101",Duluth,GA,,US,,1788926400,2026-09-09,22,2026-10-01,1789048089,2026-09-10,21,False,33.9432193,-84.12312519999999,481080778477,id:260072306,store:27648,Barista,onsite,"1550 Pleasant Hill Rd, 101, Duluth, Georgia, United States",1,GA,CONUS_L0_002_007;CONUS_L1_008_026,2
2026-10-01,260066275,https://apply.starbucks.com/careers/job/481080679181,"barista - Store# 23263, I-575 & GA-92 AT NOONDAY CREEK",BARISTA,23263,I-575 & GA-92 AT NOONDAY CREEK,9529 Georgia 92,Woodstock,GA,,US,,1788321600,2026-09-02,29,2026-10-01,1788357831,2026-09-02,29,False,34.08645,-84.53054,481080679181,id:260066275,store:23263,Barista,onsite,"9529 Georgia 92, Woodstock, Georgia, United States",1,GA,CONUS_L0_002_007;CONUS_L1_008_026,2
2026-10-01,260078382,https://apply.starbucks.com/careers/job/481080936239,"shift supervisor - Store# 23263, I-575 & GA-92 AT NOONDAY CREEK",SHIFT_SUPERVISOR,23263,I-575 & GA-92 AT NOONDAY CREEK,9529 Georgia 92,Woodstock,GA,,US,,1789876800,2026-09-20,11,2026-10-01,1789998224,2026-09-21,10,False,34.08645,-84.53054,481080936239,id:260078382,store:23263,Shift Supervisor,onsite,"9529 Georgia 92, Woodstock, Georgia, United States",1,GA,CONUS_L0_002_007;CONUS_L1_008_026,2
2026-10-01,260067797,https://apply.starbucks.com/careers/job/481080699739,"barista - Store# 23263, I-575 & GA-92 AT NOONDAY CREEK",BARISTA,23263,I-575 & GA-92 AT NOONDAY CREEK,9529 Georgia 92,Woodstock,GA,,US,,1788321600,2026-09-02,29,2026-10-01,1788456632,2026-09-03,28,False,34.08645,-84.53054,481080699739,id:260067797,store:23263,Barista,onsite,"9529 Georgia 92, Woodstock, Georgia, United States",1,GA,CONUS_L0_002_007;CONUS_L1_008_026,2
2026-10-01,260079775,https://apply.starbucks.com/careers/job/481081018837,"barista - Store# 08207, HOLCOMB WOODS AND HOLCOMB BRIDGE",BARISTA,08207,HOLCOMB WOODS AND HOLCOMB BRIDGE,"1570 Holcomb Bridge Rd, Ste 900",Roswell,GA,,US,,1790395200,2026-09-26,5,2026-10-01,1790516484,2026-09-27,4,False,34.0180853,-84.31190029999999,481081018837,id:260079775,store:08207,Barista,onsite,"1570 Holcomb Bridge Rd, Ste 900, Roswell, Georgia, United States",1,GA,CONUS_L0_002_007;CONUS_L1_008_026,2
2026-10-01,260077157,https://apply.starbucks.com/careers/job/481080890689,"shift supervisor - Store# 08207, HOLCOMB WOODS AND HOLCOMB BRIDGE",SHIFT_SUPERVISOR,08207,HOLCOMB WOODS AND HOLCOMB BRIDGE,"1570 Holcomb Bridge Rd, Ste 900",Roswell,GA,,US,,1789617600,2026-09-17,14,2026-10-01,1789738912,2026-09-18,13,False,34.0180853,-84.31190029999999,481080890689,id:260077157,store:08207,Shift Supervisor,onsite,"1570 Holcomb Bridge Rd, Ste 900, Roswell, Georgia, United States",1,GA,CONUS_L0_002_007;CONUS_L1_008_026,2
2026-10-01,260063519,https://apply.starbucks.com/careers/job/481080567141,"barista - Store# 10068, HWY 124 & WEBB GIN HOUSE RD",BARISTA,10068,HWY 124 & WEBB GIN HOUSE RD,1249 Scenic Hwy,Lawrenceville,GA,,US,,1787803200,2026-08-27,35,2026-10-01,1787924987,2026-08-28,34,False,33.900259,-84.00605,481080567141,id:260063519,store:10068,Barista,onsite,"1249 Scenic Hwy, Lawrenceville, Georgia, United States",1,GA,CONUS_L0_002_007;CONUS_L1_008_026,2
2026-10-01,260063512,https://apply.starbucks.com/careers/job/481080567025,"shift supervisor - Store# 10068, HWY 124 & WEBB GIN HOUSE RD",SHIFT_SUPERVISOR,10068,HWY 124 & WEBB GIN HOUSE RD,1249 Scenic Hwy,Lawrenceville,GA,,US,,1787803200,2026-08-27,35,2026-10-01,1787924981,2026-08-28,34,False,33.900259,-84.00605,481080567025,id:260063512,store:10068,Shift Supervisor,onsite,"1249 Scenic Hwy, Lawrenceville, Georgia, United States",1,GA,CONUS_L0_002_007;CONUS_L1_008_026,2
2026-10-01,260063825,https://apply.starbucks.com/careers/job/481080567912,"barista - Store# 56077, HIGHWAY 9 AND HOLCOMB BRIDGE",BARISTA,56077,HIGHWAY 9 AND HOLCOMB BRIDGE,609 Holcomb Bridge Rd,Roswell,GA,,US,,1787803200,2026-08-27,35,2026-10-01,1787925232,2026-08-28,34,False,34.03495,-84.34295,481080567912,id:260063825,store:56077,Barista,onsite,"609 Holcomb Bridge Rd, Roswell, Georgia, United States",1,GA,CONUS_L0_002_007;CONUS_L1_008_026,2
2026-10-01,260077821,https://apply.starbucks.com/careers/job/481080891696,"shift supervisor - Store# 08201, GWINNETT MARKETFAIR",SHIFT_SUPERVISOR,08201,GWINNETT MARKETFAIR,"3675 Satellite Blvd, Suite 900",Duluth,GA,,US,,1789617600,2026-09-17,14,2026-10-01,1789739483,2026-09-18,13,False,33.959559,-84.13556899999999,481080891696,id:260077821,store:08201,Shift Supervisor,onsite,"3675 Satellite Blvd, Suite 900, Duluth, Georgia, United States",1,GA,CONUS_L0_002_007;CONUS_L1_008_026,2
2026-10-01,260060258,https://apply.starbucks.com/careers/job/481080108655,"barista - Store# 08201, GWINNETT MARKETFAIR",BARISTA,08201,GWINNETT MARKETFAIR,"3675 Satellite Blvd, Suite 900",Duluth,GA,,US,,1786334400,2026-08-10,52,2026-10-01,1786455973,2026-08-11,51,False,33.959559,-84.13556899999999,481080108655,id:260060258,store:08201,Barista,onsite,"3675 Satellite Blvd, Suite 900, Duluth, Georgia, United States",1,GA,CONUS_L0_002_007;CONUS_L1_008_026,2
2026-10-01,260056787,https://apply.starbucks.com/careers/job/481079527792,"barista - Store# 13946, HWY 92 & MABRY RD",BARISTA,13946,HWY 92 & MABRY RD,"4646 Woodstock Rd, Suite 100",Roswell,GA,,US,,1784088000,2026-07-15,78,2026-10-01,1784209172,2026-07-16,77,False,34.06251,-84.42063,481079527792,id:260056787,store:13946,Barista,onsite,"4646 Woodstock Rd, Suite 100, Roswell, Georgia, United States",1,GA,CONUS_L0_002_007;CONUS_L1_008_026,2
2026-10-01,260065898,https://apply.starbucks.com/careers/job/481080678596,"shift supervisor - Store# 13409, HWY 92 & TRICKUM RD",SHIFT_SUPERVISOR,13409,HWY 92 & TRICKUM RD,12400 Highway 92,Woodstock,GA,,US,,1788321600,2026-09-02,29,2026-10-01,1788357493,2026-09-02,29,False,34.08656,-84.47877,481080678596,id:260065898,store:13409,Shift Supervisor,onsite,"12400 Highway 92, Woodstock, Georgia, United States",1,GA,CONUS_L0_002_007;CONUS_L1_008_026,2
2026-10-01,260056970,https://apply.starbucks.com/careers/job/481079556064,"shift supervisor - Store# 00980, ROSWELL MARKETPLACE",SHIFT_SUPERVISOR,00980,ROSWELL MARKETPLACE,"10800 Alpharetta Hwy, Ste 312",Roswell,GA,,US,,1784174400,2026-07-16,77,2026-10-01,1784295805,2026-07-17,76,False,34.0432708,-84.3416544,481079556064,id:260056970,store:00980,Shift Supervisor,onsite,"10800 Alpharetta Hwy, Ste 312, Roswell, Georgia, United States",1,GA,CONUS_L0_002_007;CONUS_L1_008_026,2
2026-10-01,260073357,https://apply.starbucks.com/careers/job/481080798362,"barista - Store# 00980, ROSWELL MARKETPLACE",BARISTA,00980,ROSWELL MARKETPLACE,"10800 Alpharetta Hwy, Ste 312",Roswell,GA,,US,,1789012800,2026-09-10,21,2026-10-01,1789135836,2026-09-11,20,False,34.0432708,-84.3416544,481080798362,id:260073357,store:00980,Barista,onsite,"10800 Alpharetta Hwy, Ste 312, Roswell, Georgia, United States",1,GA,CONUS_L0_002_007;CONUS_L1_008_026,2
2026-10-01,260059149,https://apply.starbucks.com/careers/job/481079980447,"barista - Store# 08253, TOWN LAKE PARKWAY & EAGLE",BARISTA,08253,TOWN LAKE PARKWAY & EAGLE,"2035 Towne Lake Pkwy, Ste 100",Woodstock,GA,,US,,1785643200,2026-08-02,60,2026-10-01,1785753049,2026-08-03,59,False,34.10818709999999,-84.5521736,481079980447,id:260059149,store:08253,Barista,onsite,"2035 Towne Lake Pkwy, Ste 100, Woodstock, Georgia, United States",1,GA,CONUS_L0_002_007;CONUS_L1_008_026,2
2026-10-01,260079714,https://apply.starbucks.com/careers/job/481081018768,"shift supervisor - Store# 08253, TOWN LAKE PARKWAY & EAGLE",SHIFT_SUPERVISOR,08253,TOWN LAKE PARKWAY & EAGLE,"2035 Towne Lake Pkwy, Ste 100",Woodstock,GA,,US,,1790395200,2026-09-26,5,2026-10-01,1790516429,2026-09-27,4,False,34.10818709999999,-84.5521736,481081018768,id:260079714,store:08253,Shift Supervisor,onsite,"2035 Towne Lake Pkwy, Ste 100, Woodstock, Georgia, United States",1,GA,CONUS_L0_002_007;CONUS_L1_008_026,2
2026-10-01,260063062,https://apply.starbucks.com/careers/job/481080565292,"barista - Store# 09518, HWY 92 & KING ROAD",BARISTA,09518,HWY 92 & KING ROAD,680 W Crossville Rd,Roswell,GA,,US,,1787803200,2026-08-27,35,2026-10-01,1787924622,2026-08-28,34,False,34.0581424,-84.3822749,481080565292,id:260063062,store:09518,Barista,onsite,"680 W Crossville Rd, Roswell, Georgia, United States",1,GA,CONUS_L0_002_007;CONUS_L1_008_026,2
2026-10-01,260062142,https://apply.starbucks.com/careers/job/481080430593,"shift supervisor - Store# 09518, HWY 92 & KING ROAD",SHIFT_SUPERVISOR,09518,HWY 92 & KING ROAD,680 W Crossville Rd,Roswell,GA,,US,,1787457600,2026-08-23,39,2026-10-01,1787579444,2026-08-24,38,False,34.0581424,-84.3822749,481080430593,id:260062142,store:09518,Shift Supervisor,onsite,"680 W Crossville Rd, Roswell, Georgia, United States",1,GA,CONUS_L0_002_007;CONUS_L1_008_026,2
2026-10-01,260076721,https://apply.starbucks.com/careers/job/481080862520,"barista - Store# 08202, HAYNES BRIDGE",BARISTA,08202,HAYNES BRIDGE,"9925 Haynes Bridge Rd, Ste 730",Alpharetta,GA,,US,,1789444800,2026-09-15,16,2026-10-01,1789567115,2026-09-16,15,False,34.02179,-84.26813,481080862520,id:260076721,store:08202,Barista,onsite,"9925 Haynes Bridge Rd, Ste 730, Alpharetta, Georgia, United States",1,GA,CONUS_L0_002_007;CONUS_L1_008_026,2
2026-10-01,260078353,https://apply.starbucks.com/careers/job/481080936207,"shift supervisor - Store# 08202, HAYNES BRIDGE",SHIFT_SUPERVISOR,08202,HAYNES BRIDGE,"9925 Haynes Bridge Rd, Ste 730",Alpharetta,GA,,US,,1789876800,2026-09-20,11,2026-10-01,1789998199,2026-09-21,10,False,34.02179,-84.26813,481080936207,id:260078353,store:08202,Shift Supervisor,onsite,"9925 Haynes Bridge Rd, Ste 730, Alpharetta, Georgia, United States",1,GA,CONUS_L0_002_007;CONUS_L1_008_026,2
2026-10-01,260071679,https://apply.starbucks.com/careers/job/481080764521,"shift supervisor - Store# 71753, GRAYSON HWY & ROSEBUD",SHIFT_SUPERVISOR,71753,GRAYSON HWY & ROSEBUD,1890 Grayson Hwy,Grayson,GA,,US,,1788840000,2026-09-08,23,2026-10-01,1788961319,2026-09-09,22,False,33.89976,-83.96088,481080764521,id:260071679,store:71753,Shift Supervisor,onsite,"1890 Grayson Hwy, Grayson, Georgia, United States",1,GA,CONUS_L0_002_007;CONUS_L1_008_026,2
2026-10-01,260080608,https://apply.starbucks.com/careers/job/481081091733,"barista - Store# 71753, GRAYSON HWY & ROSEBUD",BARISTA,71753,GRAYSON HWY & ROSEBUD,1890 Grayson Hwy,Grayson,GA,,US,,1790740800,2026-09-30,1,2026-10-01,1790836093,2026-10-01,0,False,33.89976,-83.96088,481081091733,id:260080608,store:71753,Barista,onsite,"1890 Grayson Hwy, Grayson, Georgia, United States",1,GA,CONUS_L0_002_007;CONUS_L1_008_026,2
2026-10-01,260067014,https://apply.starbucks.com/careers/job/481080698583,"shift supervisor - Store# 11871, HWY 113 & HWY 41 - CARTERSVILLE",SHIFT_SUPERVISOR,11871,HWY 113 & HWY 41 - CARTERSVILLE,605 E Main St,Cartersville,GA,,US,,1788321600,2026-09-02,29,2026-10-01,1788455894,2026-09-03,28,False,34.1720764,-84.78121639999999,481080698583,id:260067014,store:11871,Shift Supervisor,onsite,"605 E Main St, Cartersville, Georgia, United States",1,GA,CONUS_L0_002_007;CONUS_L1_008_025;CONUS_L1_008_026,3
2026-10-01,260057727,https://apply.starbucks.com/careers/job/481079649157,"barista - Store# 11871, HWY 113 & HWY 41 - CARTERSVILLE",BARISTA,11871,HWY 113 & HWY 41 - CARTERSVILLE,605 E Main St,Cartersville,GA,,US,,1784606400,2026-07-21,72,2026-10-01,1784727909,2026-07-22,71,False,34.1720764,-84.78121639999999,481079649157,id:260057727,store:11871,Barista,onsite,"605 E Main St, Cartersville, Georgia, United States",1,GA,CONUS_L0_002_007;CONUS_L1_008_025;CONUS_L1_008_026,3
2026-10-01,260073324,https://apply.starbucks.com/careers/job/481080798409,"barista - Store# 00979, ALPHARETTA - B&N",BARISTA,00979,ALPHARETTA - B&N,"7660 North Point Parkway, Suite 200",Alpharetta,GA,,US,,1789012800,2026-09-10,21,2026-10-01,1789135808,2026-09-11,20,False,34.0400223,-84.3036577,481080798409,id:260073324,store:00979,Barista,onsite,"7660 North Point Parkway, Suite 200, Alpharetta, Georgia, United States",1,GA,CONUS_L0_002_007;CONUS_L1_008_026,2
2026-10-01,260072912,https://apply.starbucks.com/careers/job/481080796575,"shift supervisor - Store# 00979, ALPHARETTA - B&N",SHIFT_SUPERVISOR,00979,ALPHARETTA - B&N,"7660 North Point Parkway, Suite 200",Alpharetta,GA,,US,,1789012800,2026-09-10,21,2026-10-01,1789135457,2026-09-11,20,False,34.0400223,-84.3036577,481080796575,id:260072912,store:00979,Shift Supervisor,onsite,"7660 North Point Parkway, Suite 200, Alpharetta, Georgia, United States",1,GA,CONUS_L0_002_007;CONUS_L1_008_026,2
2026-10-01,260068824,https://apply.starbucks.com/careers/job/481080710224,"shift supervisor - Store# 26013, NORTH POINT PKWY & HAYNES BRIDGE - ALPHA",SHIFT_SUPERVISOR,26013,NORTH POINT PKWY & HAYNES BRIDGE - ALPHA,10830 Haynes Bridge Rd,Alpharetta,GA,,US,,1788408000,2026-09-03,28,2026-10-01,1788530066,2026-09-04,27,False,34.0305643,-84.270956,481080710224,id:260068824,store:26013,Shift Supervisor,onsite,"10830 Haynes Bridge Rd, Alpharetta, Georgia, United States",1,GA,CONUS_L0_002_007;CONUS_L1_008_026,2
2026-10-01,260055007,https://apply.starbucks.com/careers/job/481079436513,"barista - Store# 26013, NORTH POINT PKWY & HAYNES BRIDGE - ALPHA",BARISTA,26013,NORTH POINT PKWY & HAYNES BRIDGE - ALPHA,10830 Haynes Bridge Rd,Alpharetta,GA,,US,,1783742400,2026-07-11,82,2026-10-01,1783863571,2026-07-12,81,False,34.0305643,-84.270956,481079436513,id:260055007,store:26013,Barista,onsite,"10830 Haynes Bridge Rd, Alpharetta, Georgia, United States",1,GA,CONUS_L0_002_007;CONUS_L1_008_026,2
2026-10-01,260071323,https://apply.starbucks.com/careers/job/481080742688,"shift supervisor - Store# 65184, HWY 138 & SPRING",SHIFT_SUPERVISOR,65184,HWY 138 & SPRING,730 GA-138,Monroe,GA,,US,,1788667200,2026-09-06,25,2026-10-01,1788789126,2026-09-07,24,False,33.79632,-83.74117,481080742688,id:260071323,store:65184,Shift Supervisor,onsite,"730 GA-138, Monroe, Georgia, United States",1,GA,CONUS_L0_002_007;CONUS_L1_008_026,2
2026-10-01,260074217,https://apply.starbucks.com/careers/job/481080814026,"barista - Store# 65184, HWY 138 & SPRING",BARISTA,65184,HWY 138 & SPRING,730 GA-138,Monroe,GA,,US,,1789185600,2026-09-12,19,2026-10-01,1789307629,2026-09-13,18,False,33.79632,-83.74117,481080814026,id:260074217,store:65184,Barista,onsite,"730 GA-138, Monroe, Georgia, United States",1,GA,CONUS_L0_002_007;CONUS_L1_008_026,2
2026-10-01,260077403,https://apply.starbucks.com/careers/job/481080891004,"shift supervisor - Store# 08451, SUGARLOAF PARKWAY @ OLD NORCROSS ROAD",SHIFT_SUPERVISOR,08451,SUGARLOAF PARKWAY @ OLD NORCROSS ROAD,"4825 Sugarloaf Pkwy, The Shoppes at SugarloafL",Lawrenceville,GA,,US,,1789617600,2026-09-17,14,2026-10-01,1789739124,2026-09-18,13,False,33.9548962,-84.0517888,481080891004,id:260077403,store:08451,Shift Supervisor,onsite,"4825 Sugarloaf Pkwy, The Shoppes at SugarloafL, Lawrenceville, Georgia, United States",1,GA,CONUS_L0_002_007;CONUS_L1_008_026,2
2026-10-01,260078324,https://apply.starbucks.com/careers/job/481080936179,"barista - Store# 08451, SUGARLOAF PARKWAY @ OLD NORCROSS ROAD",BARISTA,08451,SUGARLOAF PARKWAY @ OLD NORCROSS ROAD,"4825 Sugarloaf Pkwy, The Shoppes at SugarloafL",Lawrenceville,GA,,US,,1789876800,2026-09-20,11,2026-10-01,1789998175,2026-09-21,10,False,33.9548962,-84.0517888,481080936179,id:260078324,store:08451,Barista,onsite,"4825 Sugarloaf Pkwy, The Shoppes at SugarloafL, Lawrenceville, Georgia, United States",1,GA,CONUS_L0_002_007;CONUS_L1_008_026,2
2026-10-01,260068480,https://apply.starbucks.com/careers/job/481080709803,"shift supervisor - Store# 27829, PEACHTREE INDUSTRIAL BLVD & PLEASANT HIL",SHIFT_SUPERVISOR,27829,PEACHTREE INDUSTRIAL BLVD & PLEASANT HIL,3501 Peachtree Industrial Blvd,Duluth,GA,,US,,1788408000,2026-09-03,28,2026-10-01,1788529771,2026-09-04,27,False,34.00379,-84.17067,481080709803,id:260068480,store:27829,Shift Supervisor,onsite,"3501 Peachtree Industrial Blvd, Duluth, Georgia, United States",1,GA,CONUS_L0_002_007;CONUS_L1_008_026,2
2026-10-01,260080693,https://apply.starbucks.com/careers/job/481081091847,"barista - Store# 27829, PEACHTREE INDUSTRIAL BLVD & PLEASANT HIL",BARISTA,27829,PEACHTREE INDUSTRIAL BLVD & PLEASANT HIL,3501 Peachtree Industrial Blvd,Duluth,GA,,US,,1790740800,2026-09-30,1,2026-10-01,1790836166,2026-10-01,0,False,34.00379,-84.17067,481081091847,id:260080693,store:27829,Barista,onsite,"3501 Peachtree Industrial Blvd, Duluth, Georgia, United States",1,GA,CONUS_L0_002_007;CONUS_L1_008_026,2
2026-10-01,260077749,https://apply.starbucks.com/careers/job/481080891573,"shift supervisor - Store# 08319, MEDLOCK & STATE BRIDGE",SHIFT_SUPERVISOR,08319,MEDLOCK & STATE BRIDGE,"9700 Medlock Bridge Rd, Medlock Crossing Shopping Center, E5",Duluth,GA,,US,,1789617600,2026-09-17,14,2026-10-01,1789739422,2026-09-18,13,False,34.0166522,-84.1927809,481080891573,id:260077749,store:08319,Shift Supervisor,onsite,"9700 Medlock Bridge Rd, Medlock Crossing Shopping Center, E5, Duluth, Georgia, United States",1,GA,CONUS_L0_002_007;CONUS_L1_008_026,2
2026-10-01,260079500,https://apply.starbucks.com/careers/job/481080998840,"barista - Store# 08319, MEDLOCK & STATE BRIDGE",BARISTA,08319,MEDLOCK & STATE BRIDGE,"9700 Medlock Bridge Rd, Medlock Crossing Shopping Center, E5",Duluth,GA,,US,,1790222400,2026-09-24,7,2026-10-01,1790344063,2026-09-25,6,False,34.0166522,-84.1927809,481080998840,id:260079500,store:08319,Barista,onsite,"9700 Medlock Bridge Rd, Medlock Crossing Shopping Center, E5, Duluth, Georgia, United States",1,GA,CONUS_L0_002_007;CONUS_L1_008_026,2
2026-10-01,260063160,https://apply.starbucks.com/careers/job/481080565497,"shift supervisor - Store# 10238, CRABAPPLE RD & HOUZE RD",SHIFT_SUPERVISOR,10238,CRABAPPLE RD & HOUZE RD,12330 Crabapple Rd,Alpharetta,GA,,US,,1787803200,2026-08-27,35,2026-10-01,1787924699,2026-08-28,34,False,34.0817672,-84.35794290000001,481080565497,id:260063160,store:10238,Shift Supervisor,onsite,"12330 Crabapple Rd, Alpharetta, Georgia, United States",1,GA,CONUS_L0_002_007;CONUS_L1_008_026,2
2026-10-01,260067702,https://apply.starbucks.com/careers/job/481080699659,"shift supervisor - Store# 11487, TURNER MCCALL & RIVERSIDE",SHIFT_SUPERVISOR,11487,TURNER MCCALL & RIVERSIDE,795 Turner Mccall Blvd NE,Rome,GA,,US,,1788321600,2026-09-02,29,2026-10-01,1788456545,2026-09-03,28,False,34.2606849,-85.1696786,481080699659,id:260067702,store:11487,Shift Supervisor,onsite,"795 Turner Mccall Blvd NE, Rome, Georgia, United States",1,GA,CONUS_L0_002_007;CONUS_L1_008_025;CONUS_L1_009_025,3
2026-10-01,260065311,https://apply.starbucks.com/careers/job/481080677589,"barista - Store# 11487, TURNER MCCALL & RIVERSIDE",BARISTA,11487,TURNER MCCALL & RIVERSIDE,795 Turner Mccall Blvd NE,Rome,GA,,US,,1788321600,2026-09-02,29,2026-10-01,1788356976,2026-09-02,29,False,34.2606849,-85.1696786,481080677589,id:260065311,store:11487,Barista,onsite,"795 Turner Mccall Blvd NE, Rome, Georgia, United States",1,GA,CONUS_L0_002_007;CONUS_L1_008_025;CONUS_L1_009_025,3
2026-10-01,260066833,https://apply.starbucks.com/careers/job/481080698360,"barista - Store# 11487, TURNER MCCALL & RIVERSIDE",BARISTA,11487,TURNER MCCALL & RIVERSIDE,795 Turner Mccall Blvd NE,Rome,GA,,US,,1788321600,2026-09-02,29,2026-10-01,1788455724,2026-09-03,28,False,34.2606849,-85.1696786,481080698360,id:260066833,store:11487,Barista,onsite,"795 Turner Mccall Blvd NE, Rome, Georgia, United States",1,GA,CONUS_L0_002_007;CONUS_L1_008_025;CONUS_L1_009_025,3
2026-10-01,260070922,https://apply.starbucks.com/careers/job/481080742066,"barista - Store# 65852, SHORTER AVE & TAMASSEE LANE",BARISTA,65852,SHORTER AVE & TAMASSEE LANE,2300 Shorter Ave NW,Rome,GA,,US,,1788667200,2026-09-06,25,2026-10-01,1788788801,2026-09-07,24,False,34.27199,-85.23224,481080742066,id:260070922,store:65852,Barista,onsite,"2300 Shorter Ave NW, Rome, Georgia, United States",1,GA,CONUS_L0_002_007;CONUS_L1_008_025;CONUS_L1_009_025,3
2026-10-01,260054746,https://apply.starbucks.com/careers/job/481079406140,"shift supervisor - Store# 65852, SHORTER AVE & TAMASSEE LANE",SHIFT_SUPERVISOR,65852,SHORTER AVE & TAMASSEE LANE,2300 Shorter Ave NW,Rome,GA,,US,,1783569600,2026-07-09,84,2026-10-01,1783691564,2026-07-10,83,False,34.27199,-85.23224,481079406140,id:260054746,store:65852,Shift Supervisor,onsite,"2300 Shorter Ave NW, Rome, Georgia, United States",1,GA,CONUS_L0_002_007;CONUS_L1_008_025;CONUS_L1_009_025,3
2026-10-01,260078321,https://apply.starbucks.com/careers/job/481080936171,"barista - Store# 08318, DEVORE RD AND HAYNES BRIDGE",BARISTA,08318,DEVORE RD AND HAYNES BRIDGE,"11740 Haynes Bridge Rd, STE 100",Alpharetta,GA,,US,,1789876800,2026-09-20,11,2026-10-01,1789998173,2026-09-21,10,False,34.0680027,-84.2941688,481080936171,id:260078321,store:08318,Barista,onsite,"11740 Haynes Bridge Rd, STE 100, Alpharetta, Georgia, United States",1,GA,CONUS_L0_002_007;CONUS_L1_008_026,2
2026-10-01,260077634,https://apply.starbucks.com/careers/job/481080891329,"shift supervisor - Store# 08318, DEVORE RD AND HAYNES BRIDGE",SHIFT_SUPERVISOR,08318,DEVORE RD AND HAYNES BRIDGE,"11740 Haynes Bridge Rd, STE 100",Alpharetta,GA,,US,,1789617600,2026-09-17,14,2026-10-01,1789739324,2026-09-18,13,False,34.0680027,-84.2941688,481080891329,id:260077634,store:08318,Shift Supervisor,onsite,"11740 Haynes Bridge Rd, STE 100, Alpharetta, Georgia, United States",1,GA,CONUS_L0_002_007;CONUS_L1_008_026,2
2026-10-01,260072047,https://apply.starbucks.com/careers/job/481080765059,"shift supervisor - Store# 84721, S. CLAYTON & NASH",SHIFT_SUPERVISOR,84721,S. CLAYTON & NASH,92 S Clayton St,Lawrenceville,GA,,US,,1788840000,2026-09-08,23,2026-10-01,1788961617,2026-09-09,22,False,33.9499277,-83.9873432,481080765059,id:260072047,store:84721,Shift Supervisor,onsite,"92 S Clayton St, Lawrenceville, Georgia, United States",1,GA,CONUS_L0_002_007;CONUS_L1_008_026,2
2026-10-01,260072333,https://apply.starbucks.com/careers/job/481080778523,"barista - Store# 84721, S. CLAYTON & NASH",BARISTA,84721,S. CLAYTON & NASH,92 S Clayton St,Lawrenceville,GA,,US,,1788926400,2026-09-09,22,2026-10-01,1789048114,2026-09-10,21,False,33.9499277,-83.9873432,481080778523,id:260072333,store:84721,Barista,onsite,"92 S Clayton St, Lawrenceville, Georgia, United States",1,GA,CONUS_L0_002_007;CONUS_L1_008_026,2
2026-10-01,260062694,https://apply.starbucks.com/careers/job/481080495328,"shift supervisor - Store# 27647, AMBER PARK AND OLD MILTON",SHIFT_SUPERVISOR,27647,AMBER PARK AND OLD MILTON,"2705 Old Milton Pkwy, Ste 102",Alpharetta,GA,,US,,1787630400,2026-08-25,37,2026-10-01,1787752423,2026-08-26,36,False,34.06846,-84.28063999999999,481080495328,id:260062694,store:27647,Shift Supervisor,onsite,"2705 Old Milton Pkwy, Ste 102, Alpharetta, Georgia, United States",1,GA,CONUS_L0_002_007;CONUS_L1_008_026,2
2026-10-01,260059477,https://apply.starbucks.com/careers/job/481080000857,"barista - Store# 27647, AMBER PARK AND OLD MILTON",BARISTA,27647,AMBER PARK AND OLD MILTON,"2705 Old Milton Pkwy, Ste 102",Alpharetta,GA,,US,,1785729600,2026-08-03,59,2026-10-01,1785851129,2026-08-04,58,False,34.06846,-84.28063999999999,481080000857,id:260059477,store:27647,Barista,onsite,"2705 Old Milton Pkwy, Ste 102, Alpharetta, Georgia, United States",1,GA,CONUS_L0_002_007;CONUS_L1_008_026,2
2026-10-01,260063368,https://apply.starbucks.com/careers/job/481080566121,"shift supervisor - Store# 10026, HWY 120 & HWY 316",SHIFT_SUPERVISOR,10026,HWY 120 & HWY 316,860 Duluth hwy,Lawrenceville,GA,,US,,1787803200,2026-08-27,35,2026-10-01,1787924866,2026-08-28,34,False,33.96708,-84.01906,481080566121,id:260063368,store:10026,Shift Supervisor,onsite,"860 Duluth hwy, Lawrenceville, Georgia, United States",1,GA,CONUS_L0_002_007;CONUS_L1_008_026,2
2026-10-01,260068972,https://apply.starbucks.com/careers/job/481080710393,"barista - Store# 10026, HWY 120 & HWY 316",BARISTA,10026,HWY 120 & HWY 316,860 Duluth hwy,Lawrenceville,GA,,US,,1788408000,2026-09-03,28,2026-10-01,1788530190,2026-09-04,27,False,33.96708,-84.01906,481080710393,id:260068972,store:10026,Barista,onsite,"860 Duluth hwy, Lawrenceville, Georgia, United States",1,GA,CONUS_L0_002_007;CONUS_L1_008_026,2
2026-10-01,260061993,https://apply.starbucks.com/careers/job/481080429904,"barista - Store# 47415, SIXES RD at HOLLY SPRINGS",BARISTA,47415,SIXES RD at HOLLY SPRINGS,"4826 Holly Springs Pkwy, 100",Canton,GA,,US,,1787457600,2026-08-23,39,2026-10-01,1787579317,2026-08-24,38,False,34.14456,-84.51254,481080429904,id:260061993,store:47415,Barista,onsite,"4826 Holly Springs Pkwy, 100, Canton, Georgia, United States",1,GA,CONUS_L0_002_007;CONUS_L1_008_026,2
2026-10-01,260056911,https://apply.starbucks.com/careers/job/481079555982,"shift supervisor - Store# 47415, SIXES RD at HOLLY SPRINGS",SHIFT_SUPERVISOR,47415,SIXES RD at HOLLY SPRINGS,"4826 Holly Springs Pkwy, 100",Canton,GA,,US,,1784174400,2026-07-16,77,2026-10-01,1784295758,2026-07-17,76,False,34.14456,-84.51254,481079555982,id:260056911,store:47415,Shift Supervisor,onsite,"4826 Holly Springs Pkwy, 100, Canton, Georgia, United States",1,GA,CONUS_L0_002_007;CONUS_L1_008_026,2
2026-10-01,260078205,https://apply.starbucks.com/careers/job/481080923949,"barista - Store# 61619, HWY 120 & HURRICANE SHOALS",BARISTA,61619,HWY 120 & HURRICANE SHOALS,665 Duluth Highway,Lawrenceville,GA,,US,,1789790400,2026-09-19,12,2026-10-01,1789911828,2026-09-20,11,False,33.96619,-84.00901,481080923949,id:260078205,store:61619,Barista,onsite,"665 Duluth Highway, Lawrenceville, Georgia, United States",1,GA,CONUS_L0_002_007;CONUS_L1_008_026,2
2026-10-01,260069458,https://apply.starbucks.com/careers/job/481080730289,"shift supervisor - Store# 61619, HWY 120 & HURRICANE SHOALS",SHIFT_SUPERVISOR,61619,HWY 120 & HURRICANE SHOALS,665 Duluth Highway,Lawrenceville,GA,,US,,1788580800,2026-09-05,26,2026-10-01,1788702117,2026-09-06,25,False,33.96619,-84.00901,481080730289,id:260069458,store:61619,Shift Supervisor,onsite,"665 Duluth Highway, Lawrenceville, Georgia, United States",1,GA,CONUS_L0_002_007;CONUS_L1_008_026,2
2026-10-01,260061119,https://apply.starbucks.com/careers/job/481080229001,"barista - Store# 08571, STATE BRIDGE AND OLD MILTON",BARISTA,08571,STATE BRIDGE AND OLD MILTON,"4180 Old Milton Pkwy, 4190",Alpharetta,GA,,US,,1786939200,2026-08-17,45,2026-10-01,1787060505,2026-08-18,44,False,34.059618,-84.2349986,481080229001,id:260061119,store:08571,Barista,onsite,"4180 Old Milton Pkwy, 4190, Alpharetta, Georgia, United States",1,GA,CONUS_L0_002_007;CONUS_L1_008_026,2
2026-10-01,260078288,https://apply.starbucks.com/careers/job/481080936101,"shift supervisor - Store# 08571, STATE BRIDGE AND OLD MILTON",SHIFT_SUPERVISOR,08571,STATE BRIDGE AND OLD MILTON,"4180 Old Milton Pkwy, 4190",Alpharetta,GA,,US,,1789876800,2026-09-20,11,2026-10-01,1789998144,2026-09-21,10,False,34.059618,-84.2349986,481080936101,id:260078288,store:08571,Shift Supervisor,onsite,"4180 Old Milton Pkwy, 4190, Alpharetta, Georgia, United States",1,GA,CONUS_L0_002_007;CONUS_L1_008_026,2
2026-10-01,260069693,https://apply.starbucks.com/careers/job/481080730577,"shift supervisor - Store# 11175, SATELLITE BLVD & OLD PEACHTREE RD",SHIFT_SUPERVISOR,11175,SATELLITE BLVD & OLD PEACHTREE RD,1611 Satellite Blvd,Duluth,GA,,US,,1788580800,2026-09-05,26,2026-10-01,1788702304,2026-09-06,25,False,34.002,-84.08238,481080730577,id:260069693,store:11175,Shift Supervisor,onsite,"1611 Satellite Blvd, Duluth, Georgia, United States",1,GA,CONUS_L0_002_007;CONUS_L1_008_026,2
2026-10-01,260068401,https://apply.starbucks.com/careers/job/481080709413,"shift supervisor - Store# 26654, MEDLOCK BRIDGE AT ABBOTTS BRIDGE - ATLAN",SHIFT_SUPERVISOR,26654,MEDLOCK BRIDGE AT ABBOTTS BRIDGE - ATLAN,"10900 Medlock Bridge Rd, Ste 401",Duluth,GA,,US,,1788408000,2026-09-03,28,2026-10-01,1788529704,2026-09-04,27,False,34.04652,-84.17959599999999,481080709413,id:260068401,store:26654,Shift Supervisor,onsite,"10900 Medlock Bridge Rd, Ste 401, Duluth, Georgia, United States",1,GA,CONUS_L0_002_007;CONUS_L1_008_026,2
2026-10-01,260078225,https://apply.starbucks.com/careers/job/481080923868,"shift supervisor - Store# 14285, SIXES RD & RIDGE RD",SHIFT_SUPERVISOR,14285,SIXES RD & RIDGE RD,3241 Sixes Rd,Canton,GA,,US,,1789790400,2026-09-19,12,2026-10-01,1789911845,2026-09-20,11,False,34.17177,-84.54804,481080923868,id:260078225,store:14285,Shift Supervisor,onsite,"3241 Sixes Rd, Canton, Georgia, United States",1,GA,CONUS_L0_002_007;CONUS_L1_008_026,2
2026-10-01,260055261,https://apply.starbucks.com/careers/job/481079453789,"shift supervisor - Store# 08508, CINGULAR AND WINDWARD",SHIFT_SUPERVISOR,08508,CINGULAR AND WINDWARD,"5325 Windward Pkwy, Ste 103",Alpharetta,GA,,US,,1783828800,2026-07-12,81,2026-10-01,1783950455,2026-07-13,80,False,34.0890136,-84.27446359999999,481079453789,id:260055261,store:08508,Shift Supervisor,onsite,"5325 Windward Pkwy, Ste 103, Alpharetta, Georgia, United States",1,GA,CONUS_L0_002_007;CONUS_L1_008_026,2
2026-10-01,260075710,https://apply.starbucks.com/careers/job/481080840460,"barista - Store# 08508, CINGULAR AND WINDWARD",BARISTA,08508,CINGULAR AND WINDWARD,"5325 Windward Pkwy, Ste 103",Alpharetta,GA,,US,,1789358400,2026-09-14,17,2026-10-01,1789479975,2026-09-15,16,False,34.0890136,-84.27446359999999,481080840460,id:260075710,store:08508,Barista,onsite,"5325 Windward Pkwy, Ste 103, Alpharetta, Georgia, United States",1,GA,CONUS_L0_002_007;CONUS_L1_008_026,2
2026-10-01,260077728,https://apply.starbucks.com/careers/job/481080891555,"shift supervisor - Store# 08568, P'TREE PKWY @ MCGINNIS",SHIFT_SUPERVISOR,08568,P'TREE PKWY @ MCGINNIS,"11720 Medlock Bridge Rd, Suite 168",Duluth,GA,,US,,1789617600,2026-09-17,14,2026-10-01,1789739404,2026-09-18,13,False,34.066712,-84.169607,481080891555,id:260077728,store:08568,Shift Supervisor,onsite,"11720 Medlock Bridge Rd, Suite 168, Duluth, Georgia, United States",1,GA,CONUS_L0_002_007;CONUS_L1_008_026,2
2026-10-01,260060350,https://apply.starbucks.com/careers/job/481080125985,"barista - Store# 08568, P'TREE PKWY @ MCGINNIS",BARISTA,08568,P'TREE PKWY @ MCGINNIS,"11720 Medlock Bridge Rd, Suite 168",Duluth,GA,,US,,1786420800,2026-08-11,51,2026-10-01,1786542328,2026-08-12,50,False,34.066712,-84.169607,481080125985,id:260060350,store:08568,Barista,onsite,"11720 Medlock Bridge Rd, Suite 168, Duluth, Georgia, United States",1,GA,CONUS_L0_002_007;CONUS_L1_008_026,2
2026-10-01,260077547,https://apply.starbucks.com/careers/job/481080891191,"barista - Store# 08378, UNION HILL AND WINDWARD",BARISTA,08378,UNION HILL AND WINDWARD,"6197 Windward Pkwy, The Terraces at WindwardSuite O",Alpharetta,GA,,US,,1789617600,2026-09-17,14,2026-10-01,1789739250,2026-09-18,13,False,34.0933517,-84.23665059999999,481080891191,id:260077547,store:08378,Barista,onsite,"6197 Windward Pkwy, The Terraces at WindwardSuite O, Alpharetta, Georgia, United States",1,GA,CONUS_L0_002_007;CONUS_L1_008_026,2
2026-10-01,260077154,https://apply.starbucks.com/careers/job/481080890674,"shift supervisor - Store# 08378, UNION HILL AND WINDWARD",SHIFT_SUPERVISOR,08378,UNION HILL AND WINDWARD,"6197 Windward Pkwy, The Terraces at WindwardSuite O",Alpharetta,GA,,US,,1789617600,2026-09-17,14,2026-10-01,1789738909,2026-09-18,13,False,34.0933517,-84.23665059999999,481080890674,id:260077154,store:08378,Shift Supervisor,onsite,"6197 Windward Pkwy, The Terraces at WindwardSuite O, Alpharetta, Georgia, United States",1,GA,CONUS_L0_002_007;CONUS_L1_008_026,2
2026-10-01,260058387,https://apply.starbucks.com/careers/job/481079850095,"barista - Store# 71752, HWY 44 (LAKE OCONEE PKWY) & I-20",BARISTA,71752,HWY 44 (LAKE OCONEE PKWY) & I-20,2481 Towne Center Pkwy,Greensboro,GA,,US,,1784952000,2026-07-25,68,2026-10-01,1785073616,2026-07-26,67,False,33.54211,-83.20788,481079850095,id:260058387,store:71752,Barista,onsite,"2481 Towne Center Pkwy, Greensboro, Georgia, United States",1,GA,CONUS_L0_002_007;CONUS_L1_008_026;CONUS_L1_008_027,3
2026-10-01,260077396,https://apply.starbucks.com/careers/job/481080891001,"shift supervisor - Store# 71752, HWY 44 (LAKE OCONEE PKWY) & I-20",SHIFT_SUPERVISOR,71752,HWY 44 (LAKE OCONEE PKWY) & I-20,2481 Towne Center Pkwy,Greensboro,GA,,US,,1789617600,2026-09-17,14,2026-10-01,1789739117,2026-09-18,13,False,33.54211,-83.20788,481080891001,id:260077396,store:71752,Shift Supervisor,onsite,"2481 Towne Center Pkwy, Greensboro, Georgia, United States",1,GA,CONUS_L0_002_007;CONUS_L1_008_026;CONUS_L1_008_027,3
2026-10-01,260065505,https://apply.starbucks.com/careers/job/481080677766,"shift supervisor - Store# 25249, LAWRENCEVILLE SUWANEE AND SATELLITE BLVD",SHIFT_SUPERVISOR,25249,LAWRENCEVILLE SUWANEE AND SATELLITE BLVD,3206 Lawrenceville-Suwanee Rd,Suwanee,GA,,US,,1788321600,2026-09-02,29,2026-10-01,1788357148,2026-09-02,29,False,34.03475,-84.05257,481080677766,id:260065505,store:25249,Shift Supervisor,onsite,"3206 Lawrenceville-Suwanee Rd, Suwanee, Georgia, United States",1,GA,CONUS_L0_002_007;CONUS_L1_008_026,2
2026-10-01,260075695,https://apply.starbucks.com/careers/job/481080840424,"barista - Store# 25249, LAWRENCEVILLE SUWANEE AND SATELLITE BLVD",BARISTA,25249,LAWRENCEVILLE SUWANEE AND SATELLITE BLVD,3206 Lawrenceville-Suwanee Rd,Suwanee,GA,,US,,1789358400,2026-09-14,17,2026-10-01,1789479963,2026-09-15,16,False,34.03475,-84.05257,481080840424,id:260075695,store:25249,Barista,onsite,"3206 Lawrenceville-Suwanee Rd, Suwanee, Georgia, United States",1,GA,CONUS_L0_002_007;CONUS_L1_008_026,2
2026-10-01,260077672,https://apply.starbucks.com/careers/job/481080891497,"shift supervisor - Store# 66056, MARIETTA HWY & I-575",SHIFT_SUPERVISOR,66056,MARIETTA HWY & I-575,"4125 Marietta Hwy, 101",Canton,GA,,US,,1789617600,2026-09-17,14,2026-10-01,1789739356,2026-09-18,13,False,34.1919092,-84.50776839999999,481080891497,id:260077672,store:66056,Shift Supervisor,onsite,"4125 Marietta Hwy, 101, Canton, Georgia, United States",1,GA,CONUS_L0_002_007;CONUS_L1_008_026,2
2026-10-01,260071602,https://apply.starbucks.com/careers/job/481080764393,"shift supervisor - Store# 09830, BETHANY BEND VILLAGE",SHIFT_SUPERVISOR,09830,BETHANY BEND VILLAGE,"2955 Bethany Bend, Bethany Day Centre, Ste 100",Alpharetta,GA,,US,,1788840000,2026-09-08,23,2026-10-01,1788961258,2026-09-09,22,False,34.1181252,-84.2705527,481080764393,id:260071602,store:09830,Shift Supervisor,onsite,"2955 Bethany Bend, Bethany Day Centre, Ste 100, Alpharetta, Georgia, United States",1,GA,CONUS_L0_002_007;CONUS_L1_008_026,2
2026-10-01,260055997,https://apply.starbucks.com/careers/job/481079473358,"barista - Store# 11488, PEACHTREE IND BLVD & MOORE RD",BARISTA,11488,PEACHTREE IND BLVD & MOORE RD,1041 Peachtree Industrial Blvd,Suwanee,GA,,US,,1783915200,2026-07-13,80,2026-10-01,1784037201,2026-07-14,79,False,34.05131,-84.09081,481079473358,id:260055997,store:11488,Barista,onsite,"1041 Peachtree Industrial Blvd, Suwanee, Georgia, United States",1,GA,CONUS_L0_002_007;CONUS_L1_008_026,2
2026-10-01,260064378,https://apply.starbucks.com/careers/job/481080613282,"shift supervisor - Store# 11488, PEACHTREE IND BLVD & MOORE RD",SHIFT_SUPERVISOR,11488,PEACHTREE IND BLVD & MOORE RD,1041 Peachtree Industrial Blvd,Suwanee,GA,,US,,1788062400,2026-08-30,32,2026-10-01,1788183765,2026-08-31,31,False,34.05131,-84.09081,481080613282,id:260064378,store:11488,Shift Supervisor,onsite,"1041 Peachtree Industrial Blvd, Suwanee, Georgia, United States",1,GA,CONUS_L0_002_007;CONUS_L1_008_026,2
2026-10-01,260062391,https://apply.starbucks.com/careers/job/481080494136,"shift supervisor - Store# 81700, HWY 316 & HARBINS RD",SHIFT_SUPERVISOR,81700,HWY 316 & HARBINS RD,"952 Harbins Rd, Ste 400",Dacula,GA,,US,,1787630400,2026-08-25,37,2026-10-01,1787752179,2026-08-26,36,False,33.9688648,-83.88621,481080494136,id:260062391,store:81700,Shift Supervisor,onsite,"952 Harbins Rd, Ste 400, Dacula, Georgia, United States",1,GA,CONUS_L0_002_007;CONUS_L1_008_026,2
2026-10-01,260064056,https://apply.starbucks.com/careers/job/481080594475,"barista - Store# 81700, HWY 316 & HARBINS RD",BARISTA,81700,HWY 316 & HARBINS RD,"952 Harbins Rd, Ste 400",Dacula,GA,,US,,1787976000,2026-08-29,33,2026-10-01,1788097392,2026-08-30,32,False,33.9688648,-83.88621,481080594475,id:260064056,store:81700,Barista,onsite,"952 Harbins Rd, Ste 400, Dacula, Georgia, United States",1,GA,CONUS_L0_002_007;CONUS_L1_008_026,2
2026-10-01,260072217,https://apply.starbucks.com/careers/job/481080765369,"shift supervisor - Store# 71298, HWY 140 & E. CHEROKEE",SHIFT_SUPERVISOR,71298,HWY 140 & E. CHEROKEE,6041 Hickory Flat Hwy,Canton,GA,,US,,1788840000,2026-09-08,23,2026-10-01,1788961751,2026-09-09,22,False,34.17789,-84.42277,481080765369,id:260072217,store:71298,Shift Supervisor,onsite,"6041 Hickory Flat Hwy, Canton, Georgia, United States",1,GA,CONUS_L0_002_007;CONUS_L1_008_026,2
2026-10-01,260056197,https://apply.starbucks.com/careers/job/481079497827,"barista - Store# 71298, HWY 140 & E. CHEROKEE",BARISTA,71298,HWY 140 & E. CHEROKEE,6041 Hickory Flat Hwy,Canton,GA,,US,,1784001600,2026-07-14,79,2026-10-01,1784123015,2026-07-15,78,False,34.17789,-84.42277,481079497827,id:260056197,store:71298,Barista,onsite,"6041 Hickory Flat Hwy, Canton, Georgia, United States",1,GA,CONUS_L0_002_007;CONUS_L1_008_026,2
2026-10-01,260061981,https://apply.starbucks.com/careers/job/481080430203,"shift supervisor - Store# 10445, PEACHTREE PKWY & BROOKWOOD RD",SHIFT_SUPERVISOR,10445,PEACHTREE PKWY & BROOKWOOD RD,2609 Peachtree Pkwy,Suwanee,GA,,US,,1787457600,2026-08-23,39,2026-10-01,1787579306,2026-08-24,38,False,34.0949519,-84.1744026,481080430203,id:260061981,store:10445,Shift Supervisor,onsite,"2609 Peachtree Pkwy, Suwanee, Georgia, United States",1,GA,CONUS_L0_002_007;CONUS_L1_008_026,2
2026-10-01,260056771,https://apply.starbucks.com/careers/job/481079527757,"barista - Store# 10445, PEACHTREE PKWY & BROOKWOOD RD",BARISTA,10445,PEACHTREE PKWY & BROOKWOOD RD,2609 Peachtree Pkwy,Suwanee,GA,,US,,1784088000,2026-07-15,78,2026-10-01,1784209159,2026-07-16,77,False,34.0949519,-84.1744026,481079527757,id:260056771,store:10445,Barista,onsite,"2609 Peachtree Pkwy, Suwanee, Georgia, United States",1,GA,CONUS_L0_002_007;CONUS_L1_008_026,2
2026-10-01,260078362,https://apply.starbucks.com/careers/job/481080936218,"barista - Store# 62031, MCFARLAND PARKWAY & GA 400",BARISTA,62031,MCFARLAND PARKWAY & GA 400,1145 Bluegrass Ct,Alpharetta,GA,,US,,1789876800,2026-09-20,11,2026-10-01,1789998207,2026-09-21,10,False,34.11692,-84.22363,481080936218,id:260078362,store:62031,Barista,onsite,"1145 Bluegrass Ct, Alpharetta, Georgia, United States",1,GA,CONUS_L0_002_007;CONUS_L1_008_026,2
2026-10-01,260070122,https://apply.starbucks.com/careers/job/481080731085,"shift supervisor - Store# 62031, MCFARLAND PARKWAY & GA 400",SHIFT_SUPERVISOR,62031,MCFARLAND PARKWAY & GA 400,1145 Bluegrass Ct,Alpharetta,GA,,US,,1788580800,2026-09-05,26,2026-10-01,1788702642,2026-09-06,25,False,34.11692,-84.22363,481080731085,id:260070122,store:62031,Shift Supervisor,onsite,"1145 Bluegrass Ct, Alpharetta, Georgia, United States",1,GA,CONUS_L0_002_007;CONUS_L1_008_026,2
2026-10-01,260069603,https://apply.starbucks.com/careers/job/481080730498,"barista - Store# 55709, DACULA & FENCE",BARISTA,55709,DACULA & FENCE,485 Dacula Rd,Dacula,GA,,US,,1788580800,2026-09-05,26,2026-10-01,1788702232,2026-09-06,25,False,33.99939,-83.90568,481080730498,id:260069603,store:55709,Barista,onsite,"485 Dacula Rd, Dacula, Georgia, United States",1,GA,CONUS_L0_002_007;CONUS_L1_008_026,2
2026-10-01,260069828,https://apply.starbucks.com/careers/job/481080730723,"shift supervisor - Store# 55709, DACULA & FENCE",SHIFT_SUPERVISOR,55709,DACULA & FENCE,485 Dacula Rd,Dacula,GA,,US,,1788580800,2026-09-05,26,2026-10-01,1788702411,2026-09-06,25,False,33.99939,-83.90568,481080730723,id:260069828,store:55709,Shift Supervisor,onsite,"485 Dacula Rd, Dacula, Georgia, United States",1,GA,CONUS_L0_002_007;CONUS_L1_008_026,2
2026-10-01,260074384,https://apply.starbucks.com/careers/job/481080814322,"barista - Store# 61909, I-85 (THE EXHANGE)",BARISTA,61909,I-85 (THE EXHANGE),"2925 Buford Dr, Suite 620",Buford,GA,,US,,1789185600,2026-09-12,19,2026-10-01,1789307787,2026-09-13,18,False,34.05252,-83.99367,481080814322,id:260074384,store:61909,Barista,onsite,"2925 Buford Dr, Suite 620, Buford, Georgia, United States",1,GA,CONUS_L0_002_007;CONUS_L1_008_026,2
2026-10-01,260074268,https://apply.starbucks.com/careers/job/481080814107,"shift supervisor - Store# 61909, I-85 (THE EXHANGE)",SHIFT_SUPERVISOR,61909,I-85 (THE EXHANGE),"2925 Buford Dr, Suite 620",Buford,GA,,US,,1789185600,2026-09-12,19,2026-10-01,1789307677,2026-09-13,18,False,34.05252,-83.99367,481080814107,id:260074268,store:61909,Shift Supervisor,onsite,"2925 Buford Dr, Suite 620, Buford, Georgia, United States",1,GA,CONUS_L0_002_007;CONUS_L1_008_026,2
2026-10-01,260070644,https://apply.starbucks.com/careers/job/481080741745,"barista - Store# 63217, HWY 316 & HWY 81",BARISTA,63217,HWY 316 & HWY 81,851 Loganville Hwy,Bethlehem,GA,,US,,1788667200,2026-09-06,25,2026-10-01,1788788579,2026-09-07,24,False,33.94819,-83.75341,481080741745,id:260070644,store:63217,Barista,onsite,"851 Loganville Hwy, Bethlehem, Georgia, United States",1,GA,CONUS_L0_002_007;CONUS_L1_008_026,2
2026-10-01,260070868,https://apply.starbucks.com/careers/job/481080741990,"shift supervisor - Store# 63217, HWY 316 & HWY 81",SHIFT_SUPERVISOR,63217,HWY 316 & HWY 81,851 Loganville Hwy,Bethlehem,GA,,US,,1788667200,2026-09-06,25,2026-10-01,1788788758,2026-09-07,24,False,33.94819,-83.75341,481080741990,id:260070868,store:63217,Shift Supervisor,onsite,"851 Loganville Hwy, Bethlehem, Georgia, United States",1,GA,CONUS_L0_002_007;CONUS_L1_008_026,2
2026-10-01,260077631,https://apply.starbucks.com/careers/job/481080891328,"barista - Store# 08309, MALL OF GEORGIA",BARISTA,08309,MALL OF GEORGIA,3333 Buford Dr,Buford,GA,,US,,1789617600,2026-09-17,14,2026-10-01,1789739322,2026-09-18,13,False,34.064828,-83.98419919999999,481080891328,id:260077631,store:08309,Barista,onsite,"3333 Buford Dr, Buford, Georgia, United States",1,GA,CONUS_L0_002_007;CONUS_L1_008_026,2
2026-10-01,260077546,https://apply.starbucks.com/careers/job/481080891257,"shift supervisor - Store# 08309, MALL OF GEORGIA",SHIFT_SUPERVISOR,08309,MALL OF GEORGIA,3333 Buford Dr,Buford,GA,,US,,1789617600,2026-09-17,14,2026-10-01,1789739249,2026-09-18,13,False,34.064828,-83.98419919999999,481080891257,id:260077546,store:08309,Shift Supervisor,onsite,"3333 Buford Dr, Buford, Georgia, United States",1,GA,CONUS_L0_002_007;CONUS_L1_008_026,2
2026-10-01,260065559,https://apply.starbucks.com/careers/job/481080678008,"shift supervisor - Store# 18730, CANTON MARKETPLACE",SHIFT_SUPERVISOR,18730,CANTON MARKETPLACE,"2030 Cumming Hwy, The Shops at Canton MarketPlace, 100",Canton,GA,,US,,1788321600,2026-09-02,29,2026-10-01,1788357195,2026-09-02,29,False,34.2365377,-84.45549489999999,481080678008,id:260065559,store:18730,Shift Supervisor,onsite,"2030 Cumming Hwy, The Shops at Canton MarketPlace, 100, Canton, Georgia, United States",1,GA,CONUS_L0_002_007;CONUS_L1_008_026,2
2026-10-01,260079455,https://apply.starbucks.com/careers/job/481080998765,"barista - Store# 18730, CANTON MARKETPLACE",BARISTA,18730,CANTON MARKETPLACE,"2030 Cumming Hwy, The Shops at Canton MarketPlace, 100",Canton,GA,,US,,1790222400,2026-09-24,7,2026-10-01,1790344025,2026-09-25,6,False,34.2365377,-84.45549489999999,481080998765,id:260079455,store:18730,Barista,onsite,"2030 Cumming Hwy, The Shops at Canton MarketPlace, 100, Canton, Georgia, United States",1,GA,CONUS_L0_002_007;CONUS_L1_008_026,2
2026-10-01,260066290,https://apply.starbucks.com/careers/job/481080679163,"shift supervisor - Store# 13945, HWY 20 & GRAVEL SPRINGS RD",SHIFT_SUPERVISOR,13945,HWY 20 & GRAVEL SPRINGS RD,"3380 Buford Dr, Suite 300",Buford,GA,,US,,1788321600,2026-09-02,29,2026-10-01,1788357845,2026-09-02,29,False,34.07435,-83.98466,481080679163,id:260066290,store:13945,Shift Supervisor,onsite,"3380 Buford Dr, Suite 300, Buford, Georgia, United States",1,GA,CONUS_L0_002_007;CONUS_L1_008_026,2
2026-10-01,260078249,https://apply.starbucks.com/careers/job/481080924021,"barista - Store# 13945, HWY 20 & GRAVEL SPRINGS RD",BARISTA,13945,HWY 20 & GRAVEL SPRINGS RD,"3380 Buford Dr, Suite 300",Buford,GA,,US,,1789790400,2026-09-19,12,2026-10-01,1789911867,2026-09-20,11,False,34.07435,-83.98466,481080924021,id:260078249,store:13945,Barista,onsite,"3380 Buford Dr, Suite 300, Buford, Georgia, United States",1,GA,CONUS_L0_002_007;CONUS_L1_008_026,2
2026-10-01,260063109,https://apply.starbucks.com/careers/job/481080565413,"barista - Store# 08591, RIVERSTONE PARKWAY",BARISTA,08591,RIVERSTONE PARKWAY,"1353 Riverstone Pkwy, Ste 110",Canton,GA,,US,,1787803200,2026-08-27,35,2026-10-01,1787924659,2026-08-28,34,False,34.2485016,-84.4786414,481080565413,id:260063109,store:08591,Barista,onsite,"1353 Riverstone Pkwy, Ste 110, Canton, Georgia, United States",1,GA,CONUS_L0_002_007;CONUS_L1_008_026,2
2026-10-01,260079999,https://apply.starbucks.com/careers/job/481081029568,"barista - Store# 13994, PEACHTREE PKWY & RONALD REAGAN BLVD",BARISTA,13994,PEACHTREE PKWY & RONALD REAGAN BLVD,"435 Peachtree Pkwy, Ste 400",Cumming,GA,,US,,1790481600,2026-09-27,4,2026-10-01,1790603384,2026-09-28,3,False,34.15213,-84.1733,481081029568,id:260079999,store:13994,Barista,onsite,"435 Peachtree Pkwy, Ste 400, Cumming, Georgia, United States",1,GA,CONUS_L0_002_007;CONUS_L1_008_026,2
2026-10-01,260065265,https://apply.starbucks.com/careers/job/481080677478,"shift supervisor - Store# 13994, PEACHTREE PKWY & RONALD REAGAN BLVD",SHIFT_SUPERVISOR,13994,PEACHTREE PKWY & RONALD REAGAN BLVD,"435 Peachtree Pkwy, Ste 400",Cumming,GA,,US,,1788321600,2026-09-02,29,2026-10-01,1788356935,2026-09-02,29,False,34.15213,-84.1733,481080677478,id:260065265,store:13994,Shift Supervisor,onsite,"435 Peachtree Pkwy, Ste 400, Cumming, Georgia, United States",1,GA,CONUS_L0_002_007;CONUS_L1_008_026,2
2026-10-01,260077487,https://apply.starbucks.com/careers/job/481080891167,"barista - Store# 82922, BALL GROUND & RIVERSTONE PKWY",BARISTA,82922,BALL GROUND & RIVERSTONE PKWY,1478 Riverstone Pkwy,Canton,GA,,US,,1789617600,2026-09-17,14,2026-10-01,1789739198,2026-09-18,13,False,34.25157,-84.47145,481080891167,id:260077487,store:82922,Barista,onsite,"1478 Riverstone Pkwy, Canton, Georgia, United States",1,GA,CONUS_L0_002_007;CONUS_L1_008_026,2
2026-10-01,260072720,https://apply.starbucks.com/careers/job/481080796234,"shift supervisor - Store# 82922, BALL GROUND & RIVERSTONE PKWY",SHIFT_SUPERVISOR,82922,BALL GROUND & RIVERSTONE PKWY,1478 Riverstone Pkwy,Canton,GA,,US,,1789012800,2026-09-10,21,2026-10-01,1789135296,2026-09-11,20,False,34.25157,-84.47145,481080796234,id:260072720,store:82922,Shift Supervisor,onsite,"1478 Riverstone Pkwy, Canton, Georgia, United States",1,GA,CONUS_L0_002_007;CONUS_L1_008_026,2
2026-10-01,260057054,https://apply.starbucks.com/careers/job/481079556166,"barista - Store# 80438, HWY 20 & BUFORD HWY",BARISTA,80438,HWY 20 & BUFORD HWY,4394 Buford Dr,Buford,GA,,US,,1784174400,2026-07-16,77,2026-10-01,1784295869,2026-07-17,76,False,34.095142,-84.0131,481079556166,id:260057054,store:80438,Barista,onsite,"4394 Buford Dr, Buford, Georgia, United States",1,GA,CONUS_L0_002_007;CONUS_L1_008_026,2
2026-10-01,260057049,https://apply.starbucks.com/careers/job/481079556147,"shift supervisor - Store# 80438, HWY 20 & BUFORD HWY",SHIFT_SUPERVISOR,80438,HWY 20 & BUFORD HWY,4394 Buford Dr,Buford,GA,,US,,1784174400,2026-07-16,77,2026-10-01,1784295865,2026-07-17,76,False,34.095142,-84.0131,481079556147,id:260057049,store:80438,Shift Supervisor,onsite,"4394 Buford Dr, Buford, Georgia, United States",1,GA,CONUS_L0_002_007;CONUS_L1_008_026,2
2026-10-01,260069811,https://apply.starbucks.com/careers/job/481080730703,"barista - Store# 09754, HWY 9 & BETHELVIEW",BARISTA,09754,HWY 9 & BETHELVIEW,"2320 Atlanta Hwy, Suite 101",Cumming,GA,,US,,1788580800,2026-09-05,26,2026-10-01,1788702398,2026-09-06,25,False,34.1610221,-84.1748764,481080730703,id:260069811,store:09754,Barista,onsite,"2320 Atlanta Hwy, Suite 101, Cumming, Georgia, United States",1,GA,CONUS_L0_002_007;CONUS_L1_008_026,2
2026-10-01,260063486,https://apply.starbucks.com/careers/job/481080566755,"shift supervisor - Store# 09754, HWY 9 & BETHELVIEW",SHIFT_SUPERVISOR,09754,HWY 9 & BETHELVIEW,"2320 Atlanta Hwy, Suite 101",Cumming,GA,,US,,1787803200,2026-08-27,35,2026-10-01,1787924960,2026-08-28,34,False,34.1610221,-84.1748764,481080566755,id:260063486,store:09754,Shift Supervisor,onsite,"2320 Atlanta Hwy, Suite 101, Cumming, Georgia, United States",1,GA,CONUS_L0_002_007;CONUS_L1_008_026,2
2026-10-01,260057793,https://apply.starbucks.com/careers/job/481079649282,"shift supervisor - Store# 03430, HAMILTON MILL RD & BRASELTON HWY",SHIFT_SUPERVISOR,03430,HAMILTON MILL RD & BRASELTON HWY,"2085 Hamilton Creek Pkwy, Suite 110",Dacula,GA,,US,,1784606400,2026-07-21,72,2026-10-01,1784727969,2026-07-22,71,False,34.070026,-83.9129452,481079649282,id:260057793,store:03430,Shift Supervisor,onsite,"2085 Hamilton Creek Pkwy, Suite 110, Dacula, Georgia, United States",1,GA,CONUS_L0_002_007;CONUS_L1_008_026,2
2026-10-01,260061157,https://apply.starbucks.com/careers/job/481080229015,"barista - Store# 03430, HAMILTON MILL RD & BRASELTON HWY",BARISTA,03430,HAMILTON MILL RD & BRASELTON HWY,"2085 Hamilton Creek Pkwy, Suite 110",Dacula,GA,,US,,1786939200,2026-08-17,45,2026-10-01,1787060550,2026-08-18,44,False,34.070026,-83.9129452,481080229015,id:260061157,store:03430,Barista,onsite,"2085 Hamilton Creek Pkwy, Suite 110, Dacula, Georgia, United States",1,GA,CONUS_L0_002_007;CONUS_L1_008_026,2
2026-10-01,260080109,https://apply.starbucks.com/careers/job/481081029819,"barista - Store# 57609, HAMILTON MILL ROAD & SARDIS CHURCH",BARISTA,57609,HAMILTON MILL ROAD & SARDIS CHURCH,3265 Sardis Church Rd,Buford,GA,,US,,1790481600,2026-09-27,4,2026-10-01,1790603494,2026-09-28,3,False,34.07902,-83.91886,481081029819,id:260080109,store:57609,Barista,onsite,"3265 Sardis Church Rd, Buford, Georgia, United States",1,GA,CONUS_L0_002_007;CONUS_L1_008_026,2
2026-10-01,260069859,https://apply.starbucks.com/careers/job/481080730758,"shift supervisor - Store# 57609, HAMILTON MILL ROAD & SARDIS CHURCH",SHIFT_SUPERVISOR,57609,HAMILTON MILL ROAD & SARDIS CHURCH,3265 Sardis Church Rd,Buford,GA,,US,,1788580800,2026-09-05,26,2026-10-01,1788702435,2026-09-06,25,False,34.07902,-83.91886,481080730758,id:260069859,store:57609,Shift Supervisor,onsite,"3265 Sardis Church Rd, Buford, Georgia, United States",1,GA,CONUS_L0_002_007;CONUS_L1_008_026,2
2026-10-01,260061511,https://apply.starbucks.com/careers/job/481080386430,"store manager- Buford/Duluth, GA",STORE_MANAGER,,,,Buford,GA,,US,,1790868369,2026-10-01,0,2026-10-01,1787318469,2026-08-21,41,True,34.1206564,-84.0043513,481080386430,id:260061511,,Coffeehouse Leader,onsite,"Buford, Georgia, United States",1,GA,CONUS_L0_002_007;CONUS_L1_008_026,2
2026-10-01,260056390,https://apply.starbucks.com/careers/job/481079498252,"barista - Store# 08553, HWY 20 @ GA 400 CUMMING",BARISTA,08553,HWY 20 @ GA 400 CUMMING,906 Buford Hwy,Cumming,GA,,US,,1784001600,2026-07-14,79,2026-10-01,1784123156,2026-07-15,78,False,34.1800059,-84.132816,481079498252,id:260056390,store:08553,Barista,onsite,"906 Buford Hwy, Cumming, Georgia, United States",1,GA,CONUS_L0_002_007;CONUS_L1_008_026,2
2026-10-01,260062783,https://apply.starbucks.com/careers/job/481080495042,"shift supervisor - Store# 08553, HWY 20 @ GA 400 CUMMING",SHIFT_SUPERVISOR,08553,HWY 20 @ GA 400 CUMMING,906 Buford Hwy,Cumming,GA,,US,,1787630400,2026-08-25,37,2026-10-01,1787752494,2026-08-26,36,False,34.1800059,-84.132816,481080495042,id:260062783,store:08553,Shift Supervisor,onsite,"906 Buford Hwy, Cumming, Georgia, United States",1,GA,CONUS_L0_002_007;CONUS_L1_008_026,2
2026-10-01,260057223,https://apply.starbucks.com/careers/job/481079587588,"barista - Store# 54675, LANIER ISLAND AND BRISTOL INDUSTRIA",BARISTA,54675,LANIER ISLAND AND BRISTOL INDUSTRIA,4942 Bristol Industrial Way,Buford,GA,,US,,1784347200,2026-07-18,75,2026-10-01,1784468387,2026-07-19,74,False,34.1434,-83.95604,481079587588,id:260057223,store:54675,Barista,onsite,"4942 Bristol Industrial Way, Buford, Georgia, United States",1,GA,CONUS_L0_002_007;CONUS_L1_008_026,2
2026-10-01,260069347,https://apply.starbucks.com/careers/job/481080730167,"shift supervisor - Store# 54675, LANIER ISLAND AND BRISTOL INDUSTRIA",SHIFT_SUPERVISOR,54675,LANIER ISLAND AND BRISTOL INDUSTRIA,4942 Bristol Industrial Way,Buford,GA,,US,,1788580800,2026-09-05,26,2026-10-01,1788702030,2026-09-06,25,False,34.1434,-83.95604,481080730167,id:260069347,store:54675,Shift Supervisor,onsite,"4942 Bristol Industrial Way, Buford, Georgia, United States",1,GA,CONUS_L0_002_007;CONUS_L1_008_026,2
2026-10-01,260067711,https://apply.starbucks.com/careers/job/481080699504,"barista - Store# 11257, EPPS BRIDGE RD & HWY 316",BARISTA,11257,EPPS BRIDGE RD & HWY 316,1761 Epps Bridge Pkwy,Athens,GA,,US,,1788321600,2026-09-02,29,2026-10-01,1788456553,2026-09-03,28,False,33.9157,-83.44647,481080699504,id:260067711,store:11257,Barista,onsite,"1761 Epps Bridge Pkwy, Athens, Georgia, United States",1,GA,CONUS_L0_002_007;CONUS_L1_008_026;CONUS_L1_008_027,3
2026-10-01,260064205,https://apply.starbucks.com/careers/job/481080612836,"shift supervisor - Store# 11257, EPPS BRIDGE RD & HWY 316",SHIFT_SUPERVISOR,11257,EPPS BRIDGE RD & HWY 316,1761 Epps Bridge Pkwy,Athens,GA,,US,,1788062400,2026-08-30,32,2026-10-01,1788183620,2026-08-31,31,False,33.9157,-83.44647,481080612836,id:260064205,store:11257,Shift Supervisor,onsite,"1761 Epps Bridge Pkwy, Athens, Georgia, United States",1,GA,CONUS_L0_002_007;CONUS_L1_008_026;CONUS_L1_008_027,3
2026-10-01,260062512,https://apply.starbucks.com/careers/job/481080494378,"barista - Store# 56073, HIGHWAY 211 AND FRIENDSHIP RD",BARISTA,56073,HIGHWAY 211 AND FRIENDSHIP RD,"5748 Old Winder Hwy, 100",Braselton,GA,,US,,1787630400,2026-08-25,37,2026-10-01,1787752280,2026-08-26,36,False,34.12293,-83.82852,481080494378,id:260062512,store:56073,Barista,onsite,"5748 Old Winder Hwy, 100, Braselton, Georgia, United States",1,GA,CONUS_L0_002_007;CONUS_L1_008_026,2
2026-10-01,260061153,https://apply.starbucks.com/careers/job/481080228977,"shift supervisor - Store# 56073, HIGHWAY 211 AND FRIENDSHIP RD",SHIFT_SUPERVISOR,56073,HIGHWAY 211 AND FRIENDSHIP RD,"5748 Old Winder Hwy, 100",Braselton,GA,,US,,1786939200,2026-08-17,45,2026-10-01,1787060545,2026-08-18,44,False,34.12293,-83.82852,481080228977,id:260061153,store:56073,Shift Supervisor,onsite,"5748 Old Winder Hwy, 100, Braselton, Georgia, United States",1,GA,CONUS_L0_002_007;CONUS_L1_008_026,2
2026-10-01,260060920,https://apply.starbucks.com/careers/job/481080183426,"barista - Store# 11174, HWY 78 @ THE 10 LOOP",BARISTA,11174,HWY 78 @ THE 10 LOOP,10 Huntington Rd,Athens,GA,,US,,1786766400,2026-08-15,47,2026-10-01,1786887969,2026-08-16,46,False,33.94006,-83.46446,481080183426,id:260060920,store:11174,Barista,onsite,"10 Huntington Rd, Athens, Georgia, United States",1,GA,CONUS_L0_002_007;CONUS_L1_008_026;CONUS_L1_008_027,3
2026-10-01,260065151,https://apply.starbucks.com/careers/job/481080677266,"shift supervisor - Store# 11174, HWY 78 @ THE 10 LOOP",SHIFT_SUPERVISOR,11174,HWY 78 @ THE 10 LOOP,10 Huntington Rd,Athens,GA,,US,,1788321600,2026-09-02,29,2026-10-01,1788356832,2026-09-02,29,False,33.94006,-83.46446,481080677266,id:260065151,store:11174,Shift Supervisor,onsite,"10 Huntington Rd, Athens, Georgia, United States",1,GA,CONUS_L0_002_007;CONUS_L1_008_026;CONUS_L1_008_027,3
2026-10-01,260058061,https://apply.starbucks.com/careers/job/481079849218,"barista - Store# 13430, HWY 53 E & RICHARDSON",BARISTA,13430,HWY 53 E & RICHARDSON,605 Highway 53 East SE,Calhoun,GA,,US,,1784952000,2026-07-25,68,2026-10-01,1785073347,2026-07-26,67,False,34.4735021,-84.92520549999999,481079849218,id:260058061,store:13430,Barista,onsite,"605 Highway 53 East SE, Calhoun, Georgia, United States",1,GA,CONUS_L0_002_007;CONUS_L1_009_025,2
2026-10-01,260068167,https://apply.starbucks.com/careers/job/481080704394,"shift supervisor - Store# 13430, HWY 53 E & RICHARDSON",SHIFT_SUPERVISOR,13430,HWY 53 E & RICHARDSON,605 Highway 53 East SE,Calhoun,GA,,US,,1788408000,2026-09-03,28,2026-10-01,1788486066,2026-09-03,28,False,34.4735021,-84.92520549999999,481080704394,id:260068167,store:13430,Shift Supervisor,onsite,"605 Highway 53 East SE, Calhoun, Georgia, United States",1,GA,CONUS_L0_002_007;CONUS_L1_009_025,2
2026-10-01,260070954,https://apply.starbucks.com/careers/job/481080742110,"shift supervisor - Store# 63937, BROWNS BRIDGE RD & GA 400",SHIFT_SUPERVISOR,63937,BROWNS BRIDGE RD & GA 400,"3630 Browns Bridge Rd, A",Cumming,GA,,US,,1788667200,2026-09-06,25,2026-10-01,1788788827,2026-09-07,24,False,34.2661,-84.09193,481080742110,id:260070954,store:63937,Shift Supervisor,onsite,"3630 Browns Bridge Rd, A, Cumming, Georgia, United States",1,GA,CONUS_L0_002_007;CONUS_L1_008_026,2
2026-10-01,260079002,https://apply.starbucks.com/careers/job/481080965115,"barista - Store# 63937, BROWNS BRIDGE RD & GA 400",BARISTA,63937,BROWNS BRIDGE RD & GA 400,"3630 Browns Bridge Rd, A",Cumming,GA,,US,,1790049600,2026-09-22,9,2026-10-01,1790171106,2026-09-23,8,False,34.2661,-84.09193,481080965115,id:260079002,store:63937,Barista,onsite,"3630 Browns Bridge Rd, A, Cumming, Georgia, United States",1,GA,CONUS_L0_002_007;CONUS_L1_008_026,2
2026-10-01,260078027,https://apply.starbucks.com/careers/job/481080923443,"barista - Store# 29212, Alps and Baxter",BARISTA,29212,Alps and Baxter,"196 Alps Rd, Ste 45A",Athens,GA,,US,,1789790400,2026-09-19,12,2026-10-01,1789911680,2026-09-20,11,False,33.94613,-83.40934999999999,481080923443,id:260078027,store:29212,Barista,onsite,"196 Alps Rd, Ste 45A, Athens, Georgia, United States",1,GA,CONUS_L0_002_007;CONUS_L1_008_026;CONUS_L1_008_027,3
2026-10-01,260068293,https://apply.starbucks.com/careers/job/481080709224,"shift supervisor - Store# 29212, Alps and Baxter",SHIFT_SUPERVISOR,29212,Alps and Baxter,"196 Alps Rd, Ste 45A",Athens,GA,,US,,1788408000,2026-09-03,28,2026-10-01,1788529611,2026-09-04,27,False,33.94613,-83.40934999999999,481080709224,id:260068293,store:29212,Shift Supervisor,onsite,"196 Alps Rd, Ste 45A, Athens, Georgia, United States",1,GA,CONUS_L0_002_007;CONUS_L1_008_026;CONUS_L1_008_027,3
2026-10-01,260059216,https://apply.starbucks.com/careers/job/481079980525,"shift supervisor - Store# 71758, HWY 29 & HULL",SHIFT_SUPERVISOR,71758,HWY 29 & HULL,140 McClung Dr,Athens,GA,,US,,1785643200,2026-08-02,60,2026-10-01,1785753106,2026-08-03,59,False,33.9596643,-83.3764161,481079980525,id:260059216,store:71758,Shift Supervisor,onsite,"140 McClung Dr, Athens, Georgia, United States",1,GA,CONUS_L0_002_007;CONUS_L1_008_026;CONUS_L1_008_027,3
2026-10-01,260079161,https://apply.starbucks.com/careers/job/481080965558,"barista - Store# 71758, HWY 29 & HULL",BARISTA,71758,HWY 29 & HULL,140 McClung Dr,Athens,GA,,US,,1790049600,2026-09-22,9,2026-10-01,1790171241,2026-09-23,8,False,33.9596643,-83.3764161,481080965558,id:260079161,store:71758,Barista,onsite,"140 McClung Dr, Athens, Georgia, United States",1,GA,CONUS_L0_002_007;CONUS_L1_008_026;CONUS_L1_008_027,3
2026-10-01,260077851,https://apply.starbucks.com/careers/job/481080897631,"store manager- Athens, GA",STORE_MANAGER,,,,Athens,GA,,US,,1789755692,2026-09-18,13,2026-10-01,1789755586,2026-09-18,13,False,33.9519347,-83.357567,481080897631,id:260077851,,Coffeehouse Leader,onsite,"Athens, Georgia, United States",1,GA,CONUS_L0_002_007;CONUS_L1_008_026;CONUS_L1_008_027,3
2026-10-01,260069111,https://apply.starbucks.com/careers/job/481080710781,"shift supervisor - Store# 27463, MUNDY MILL RD & THURMOND TANNER - OAKWOO",SHIFT_SUPERVISOR,27463,MUNDY MILL RD & THURMOND TANNER - OAKWOO,3707 Mundy Mill Rd,Oakwood,GA,,US,,1788408000,2026-09-03,28,2026-10-01,1788530307,2026-09-04,27,False,34.2291865,-83.8692733,481080710781,id:260069111,store:27463,Shift Supervisor,onsite,"3707 Mundy Mill Rd, Oakwood, Georgia, United States",1,GA,CONUS_L0_002_007;CONUS_L1_008_026,2
2026-10-01,260068377,https://apply.starbucks.com/careers/job/481080709367,"barista - Store# 27463, MUNDY MILL RD & THURMOND TANNER - OAKWOO",BARISTA,27463,MUNDY MILL RD & THURMOND TANNER - OAKWOO,3707 Mundy Mill Rd,Oakwood,GA,,US,,1788408000,2026-09-03,28,2026-10-01,1788529683,2026-09-04,27,False,34.2291865,-83.8692733,481080709367,id:260068377,store:27463,Barista,onsite,"3707 Mundy Mill Rd, Oakwood, Georgia, United States",1,GA,CONUS_L0_002_007;CONUS_L1_008_026,2
2026-10-01,260068693,https://apply.starbucks.com/careers/job/481080710042,"shift supervisor - Store# 27692, DAWSONVILLE MARKETPLACE",SHIFT_SUPERVISOR,27692,DAWSONVILLE MARKETPLACE,"215 Marketplace Blvd, Ste 100",Dawsonville,GA,,US,,1788408000,2026-09-03,28,2026-10-01,1788529955,2026-09-04,27,False,34.34936,-84.049596,481080710042,id:260068693,store:27692,Shift Supervisor,onsite,"215 Marketplace Blvd, Ste 100, Dawsonville, Georgia, United States",1,GA,CONUS_L0_002_007;CONUS_L1_008_026,2
2026-10-01,260070320,https://apply.starbucks.com/careers/job/481080731323,"barista - Store# 27692, DAWSONVILLE MARKETPLACE",BARISTA,27692,DAWSONVILLE MARKETPLACE,"215 Marketplace Blvd, Ste 100",Dawsonville,GA,,US,,1788580800,2026-09-05,26,2026-10-01,1788702798,2026-09-06,25,False,34.34936,-84.049596,481080731323,id:260070320,store:27692,Barista,onsite,"215 Marketplace Blvd, Ste 100, Dawsonville, Georgia, United States",1,GA,CONUS_L0_002_007;CONUS_L1_008_026,2
2026-10-01,260077193,https://apply.starbucks.com/careers/job/481080890721,"shift supervisor - Store# 08761, DAWSONVILLE HWY",SHIFT_SUPERVISOR,08761,DAWSONVILLE HWY,821 Dawsonville Hwy,Gainesville,GA,,US,,1789617600,2026-09-17,14,2026-10-01,1789738943,2026-09-18,13,False,34.2971932,-83.85645559999999,481080890721,id:260077193,store:08761,Shift Supervisor,onsite,"821 Dawsonville Hwy, Gainesville, Georgia, United States",1,GA,CONUS_L0_002_007;CONUS_L1_008_026;CONUS_L1_009_026,3
2026-10-01,260077560,https://apply.starbucks.com/careers/job/481080891222,"barista - Store# 08761, DAWSONVILLE HWY",BARISTA,08761,DAWSONVILLE HWY,821 Dawsonville Hwy,Gainesville,GA,,US,,1789617600,2026-09-17,14,2026-10-01,1789739261,2026-09-18,13,False,34.2971932,-83.85645559999999,481080891222,id:260077560,store:08761,Barista,onsite,"821 Dawsonville Hwy, Gainesville, Georgia, United States",1,GA,CONUS_L0_002_007;CONUS_L1_008_026;CONUS_L1_009_026,3
2026-10-01,260059493,https://apply.starbucks.com/careers/job/481080000880,"barista - Store# 27260, THOMPSON BRIDGE ROAD & BRANDON - GAINESV",BARISTA,27260,THOMPSON BRIDGE ROAD & BRANDON - GAINESV,1429 Thompson Bridge Rd,Gainesville,GA,,US,,1785729600,2026-08-03,59,2026-10-01,1785851145,2026-08-04,58,False,34.3214576,-83.833534,481080000880,id:260059493,store:27260,Barista,onsite,"1429 Thompson Bridge Rd, Gainesville, Georgia, United States",1,GA,CONUS_L0_002_007;CONUS_L1_008_026;CONUS_L1_009_026,3
2026-10-01,260059182,https://apply.starbucks.com/careers/job/481079980490,"shift supervisor - Store# 27260, THOMPSON BRIDGE ROAD & BRANDON - GAINESV",SHIFT_SUPERVISOR,27260,THOMPSON BRIDGE ROAD & BRANDON - GAINESV,1429 Thompson Bridge Rd,Gainesville,GA,,US,,1785643200,2026-08-02,60,2026-10-01,1785753077,2026-08-03,59,False,34.3214576,-83.833534,481079980490,id:260059182,store:27260,Shift Supervisor,onsite,"1429 Thompson Bridge Rd, Gainesville, Georgia, United States",1,GA,CONUS_L0_002_007;CONUS_L1_008_026;CONUS_L1_009_026,3
2026-10-01,260079962,https://apply.starbucks.com/careers/job/481081029468,"shift supervisor - Store# 57418, BOONE AVE & HADDOCK RD",SHIFT_SUPERVISOR,57418,BOONE AVE & HADDOCK RD,1398 Boone St,Kingsland,GA,,US,,1790481600,2026-09-27,4,2026-10-01,1790603347,2026-09-28,3,False,30.7860806,-81.6472347,481081029468,id:260079962,store:57418,Shift Supervisor,onsite,"1398 Boone St, Kingsland, Georgia, United States",1,GA,CONUS_L0_002_007;CONUS_L0_002_008,2
2026-10-01,260079850,https://apply.starbucks.com/careers/job/481081018932,"barista - Store# 57418, BOONE AVE & HADDOCK RD",BARISTA,57418,BOONE AVE & HADDOCK RD,1398 Boone St,Kingsland,GA,,US,,1790395200,2026-09-26,5,2026-10-01,1790516551,2026-09-27,4,False,30.7860806,-81.6472347,481081018932,id:260079850,store:57418,Barista,onsite,"1398 Boone St, Kingsland, Georgia, United States",1,GA,CONUS_L0_002_007;CONUS_L0_002_008,2
2026-10-01,260073144,https://apply.starbucks.com/careers/job/481080797890,"shift supervisor - Store# 81625, VETERANS MEMORIAL PKWY",SHIFT_SUPERVISOR,81625,VETERANS MEMORIAL PKWY,151 Tormenta Way,Statesboro,GA,,US,,1789012800,2026-09-10,21,2026-10-01,1789135653,2026-09-11,20,False,32.411006,-81.7961938,481080797890,id:260073144,store:81625,Shift Supervisor,onsite,"151 Tormenta Way, Statesboro, Georgia, United States",1,GA,CONUS_L0_002_007;CONUS_L0_002_008;CONUS_L1_007_027,3
2026-10-01,260069017,https://apply.starbucks.com/careers/job/481080710439,"shift supervisor - Store# 29374, Olgethorpe Ave & Brantley - Hinesville",SHIFT_SUPERVISOR,29374,Olgethorpe Ave & Brantley - Hinesville,"849 W Oglethorpe Hwy, Ste 110",Hinesville,GA,,US,,1788408000,2026-09-03,28,2026-10-01,1788530228,2026-09-04,27,False,31.8220199,-81.6002089,481080710439,id:260069017,store:29374,Shift Supervisor,onsite,"849 W Oglethorpe Hwy, Ste 110, Hinesville, Georgia, United States",1,GA,CONUS_L0_002_007;CONUS_L0_002_008;CONUS_L1_007_027,3
2026-10-01,260078214,https://apply.starbucks.com/careers/job/481080924045,"barista - Store# 29374, Olgethorpe Ave & Brantley - Hinesville",BARISTA,29374,Olgethorpe Ave & Brantley - Hinesville,"849 W Oglethorpe Hwy, Ste 110",Hinesville,GA,,US,,1789790400,2026-09-19,12,2026-10-01,1789911835,2026-09-20,11,False,31.8220199,-81.6002089,481080924045,id:260078214,store:29374,Barista,onsite,"849 W Oglethorpe Hwy, Ste 110, Hinesville, Georgia, United States",1,GA,CONUS_L0_002_007;CONUS_L0_002_008;CONUS_L1_007_027,3
2026-10-01,260064194,https://apply.starbucks.com/careers/job/481080612817,"barista - Store# 13435, HWY 80 & BRANNEN ST",BARISTA,13435,HWY 80 & BRANNEN ST,341 Northside Dr E,Statesboro,GA,,US,,1788062400,2026-08-30,32,2026-10-01,1788183611,2026-08-31,31,False,32.4371821,-81.7615732,481080612817,id:260064194,store:13435,Barista,onsite,"341 Northside Dr E, Statesboro, Georgia, United States",1,GA,CONUS_L0_002_007;CONUS_L0_002_008;CONUS_L1_007_027,3
2026-10-01,260077048,https://apply.starbucks.com/careers/job/481080875355,"shift supervisor - Store# 13435, HWY 80 & BRANNEN ST",SHIFT_SUPERVISOR,13435,HWY 80 & BRANNEN ST,341 Northside Dr E,Statesboro,GA,,US,,1789531200,2026-09-16,15,2026-10-01,1789652685,2026-09-17,14,False,32.4371821,-81.7615732,481080875355,id:260077048,store:13435,Shift Supervisor,onsite,"341 Northside Dr E, Statesboro, Georgia, United States",1,GA,CONUS_L0_002_007;CONUS_L0_002_008;CONUS_L1_007_027,3
2026-10-01,260079944,https://apply.starbucks.com/careers/job/481081029538,"barista - Store# 10237, I-85 & US 441",BARISTA,10237,I-85 & US 441,30600 Hwy 441 S,Commerce,GA,,US,,1790481600,2026-09-27,4,2026-10-01,1790603330,2026-09-28,3,False,34.2562642,-83.4643263,481081029538,id:260079944,store:10237,Barista,onsite,"30600 Hwy 441 S, Commerce, Georgia, United States",1,GA,CONUS_L0_002_007;CONUS_L1_008_026;CONUS_L1_009_026,3
2026-10-01,260068578,https://apply.starbucks.com/careers/job/481080709885,"shift supervisor - Store# 10237, I-85 & US 441",SHIFT_SUPERVISOR,10237,I-85 & US 441,30600 Hwy 441 S,Commerce,GA,,US,,1788408000,2026-09-03,28,2026-10-01,1788529857,2026-09-04,27,False,34.2562642,-83.4643263,481080709885,id:260068578,store:10237,Shift Supervisor,onsite,"30600 Hwy 441 S, Commerce, Georgia, United States",1,GA,CONUS_L0_002_007;CONUS_L1_008_026;CONUS_L1_009_026,3
2026-10-01,260065403,https://apply.starbucks.com/careers/job/481080677899,"shift supervisor - Store# 13242, HWY 341 & I-95",SHIFT_SUPERVISOR,13242,HWY 341 & I-95,5043 New Jesup Highway,Brunswick,GA,,US,,1788321600,2026-09-02,29,2026-10-01,1788357059,2026-09-02,29,False,31.2180845,-81.5206353,481080677899,id:260065403,store:13242,Shift Supervisor,onsite,"5043 New Jesup Highway, Brunswick, Georgia, United States",1,GA,CONUS_L0_002_007;CONUS_L0_002_008,2
2026-10-01,260073265,https://apply.starbucks.com/careers/job/481080798137,"barista - Store# 13242, HWY 341 & I-95",BARISTA,13242,HWY 341 & I-95,5043 New Jesup Highway,Brunswick,GA,,US,,1789012800,2026-09-10,21,2026-10-01,1789135756,2026-09-11,20,False,31.2180845,-81.5206353,481080798137,id:260073265,store:13242,Barista,onsite,"5043 New Jesup Highway, Brunswick, Georgia, United States",1,GA,CONUS_L0_002_007;CONUS_L0_002_008,2
2026-10-01,260075004,https://apply.starbucks.com/careers/job/481080820881,"shift supervisor - Store# 11619, SR HWY 515 & HIGHLAND PKWY",SHIFT_SUPERVISOR,11619,SR HWY 515 & HIGHLAND PKWY,60 Highland Xing S,Ellijay,GA,,US,,1789272000,2026-09-13,18,2026-10-01,1789394558,2026-09-14,17,False,34.6554171,-84.49202869999999,481080820881,id:260075004,store:11619,Shift Supervisor,onsite,"60 Highland Xing S, Ellijay, Georgia, United States",1,GA,CONUS_L0_002_007;CONUS_L1_009_025,2
2026-10-01,260072095,https://apply.starbucks.com/careers/job/481080765127,"shift supervisor - Store# 69583, WALNUT & S. TIBBS",SHIFT_SUPERVISOR,69583,WALNUT & S. TIBBS,1302 W Walnut Ave,Dalton,GA,,US,,1788840000,2026-09-08,23,2026-10-01,1788961656,2026-09-09,22,False,34.7600725,-84.99175439999999,481080765127,id:260072095,store:69583,Shift Supervisor,onsite,"1302 W Walnut Ave, Dalton, Georgia, United States",1,GA,CONUS_L0_002_007;CONUS_L0_003_006;CONUS_L1_009_025,3
2026-10-01,260060098,https://apply.starbucks.com/careers/job/481080087856,"barista - Store# 69583, WALNUT & S. TIBBS",BARISTA,69583,WALNUT & S. TIBBS,1302 W Walnut Ave,Dalton,GA,,US,,1786248000,2026-08-09,53,2026-10-01,1786369542,2026-08-10,52,False,34.7600725,-84.99175439999999,481080087856,id:260060098,store:69583,Barista,onsite,"1302 W Walnut Ave, Dalton, Georgia, United States",1,GA,CONUS_L0_002_007;CONUS_L0_003_006;CONUS_L1_009_025,3
2026-10-01,260077516,https://apply.starbucks.com/careers/job/481080891300,"barista - Store# 14136, ALTAMA & GOLDEN ISLES PKWY",BARISTA,14136,ALTAMA & GOLDEN ISLES PKWY,650 Glynn Isle,Brunswick,GA,,US,,1789617600,2026-09-17,14,2026-10-01,1789739223,2026-09-18,13,False,31.2029455,-81.4827983,481080891300,id:260077516,store:14136,Barista,onsite,"650 Glynn Isle, Brunswick, Georgia, United States",1,GA,CONUS_L0_002_007;CONUS_L0_002_008,2
2026-10-01,260067801,https://apply.starbucks.com/careers/job/481080699748,"shift supervisor - Store# 14136, ALTAMA & GOLDEN ISLES PKWY",SHIFT_SUPERVISOR,14136,ALTAMA & GOLDEN ISLES PKWY,650 Glynn Isle,Brunswick,GA,,US,,1788321600,2026-09-02,29,2026-10-01,1788456635,2026-09-03,28,False,31.2029455,-81.4827983,481080699748,id:260067801,store:14136,Shift Supervisor,onsite,"650 Glynn Isle, Brunswick, Georgia, United States",1,GA,CONUS_L0_002_007;CONUS_L0_002_008,2
2026-10-01,260079411,https://apply.starbucks.com/careers/job/481080998643,"shift supervisor - Store# 14467, VICTORY DRIVE @ SKIDAWAY RD",SHIFT_SUPERVISOR,14467,VICTORY DRIVE @ SKIDAWAY RD,2106 E Victory Dr,Savannah,GA,,US,,1790222400,2026-09-24,7,2026-10-01,1790343985,2026-09-25,6,False,32.04133,-81.06378,481080998643,id:260079411,store:14467,Shift Supervisor,onsite,"2106 E Victory Dr, Savannah, Georgia, United States",1,GA,CONUS_L0_002_008;CONUS_L1_007_027,2
2026-10-01,260072724,https://apply.starbucks.com/careers/job/481080796247,"barista - Store# 14467, VICTORY DRIVE @ SKIDAWAY RD",BARISTA,14467,VICTORY DRIVE @ SKIDAWAY RD,2106 E Victory Dr,Savannah,GA,,US,,1789012800,2026-09-10,21,2026-10-01,1789135299,2026-09-11,20,False,32.04133,-81.06378,481080796247,id:260072724,store:14467,Barista,onsite,"2106 E Victory Dr, Savannah, Georgia, United States",1,GA,CONUS_L0_002_008;CONUS_L1_007_027,2
2026-10-01,260056550,https://apply.starbucks.com/careers/job/481079498458,"shift supervisor - Store# 08429, WHITE BLUFF AND ABERCORN",SHIFT_SUPERVISOR,08429,WHITE BLUFF AND ABERCORN,"7805 Abercorn St, Suite 29A",Savannah,GA,,US,,1784001600,2026-07-14,79,2026-10-01,1784123274,2026-07-15,78,False,32.0065602,-81.1184009,481079498458,id:260056550,store:08429,Shift Supervisor,onsite,"7805 Abercorn St, Suite 29A, Savannah, Georgia, United States",1,GA,CONUS_L0_002_008;CONUS_L1_007_027,2
2026-10-01,260062806,https://apply.starbucks.com/careers/job/481080495247,"barista - Store# 08429, WHITE BLUFF AND ABERCORN",BARISTA,08429,WHITE BLUFF AND ABERCORN,"7805 Abercorn St, Suite 29A",Savannah,GA,,US,,1787630400,2026-08-25,37,2026-10-01,1787752513,2026-08-26,36,False,32.0065602,-81.1184009,481080495247,id:260062806,store:08429,Barista,onsite,"7805 Abercorn St, Suite 29A, Savannah, Georgia, United States",1,GA,CONUS_L0_002_008;CONUS_L1_007_027,2
2026-10-01,260080009,https://apply.starbucks.com/careers/job/481081029593,"barista - Store# 08397, THE GLOBE @ DERENNE AVE",BARISTA,08397,THE GLOBE @ DERENNE AVE,"11 E DeRenne Ave, Suite 33",Savannah,GA,,US,,1790481600,2026-09-27,4,2026-10-01,1790603394,2026-09-28,3,False,32.0287497,-81.11048509999999,481081029593,id:260080009,store:08397,Barista,onsite,"11 E DeRenne Ave, Suite 33, Savannah, Georgia, United States",1,GA,CONUS_L0_002_008;CONUS_L1_007_027,2
2026-10-01,260077354,https://apply.starbucks.com/careers/job/481080890945,"shift supervisor - Store# 08397, THE GLOBE @ DERENNE AVE",SHIFT_SUPERVISOR,08397,THE GLOBE @ DERENNE AVE,"11 E DeRenne Ave, Suite 33",Savannah,GA,,US,,1789617600,2026-09-17,14,2026-10-01,1789739081,2026-09-18,13,False,32.0287497,-81.11048509999999,481080890945,id:260077354,store:08397,Shift Supervisor,onsite,"11 E DeRenne Ave, Suite 33, Savannah, Georgia, United States",1,GA,CONUS_L0_002_008;CONUS_L1_007_027,2
2026-10-01,260077550,https://apply.starbucks.com/careers/job/481080891184,"barista - Store# 08359, BULL & DRAYTON",BARISTA,08359,BULL & DRAYTON,25 E Broughton St,Savannah,GA,,US,,1789617600,2026-09-17,14,2026-10-01,1789739252,2026-09-18,13,False,32.0784796,-81.0910629,481080891184,id:260077550,store:08359,Barista,onsite,"25 E Broughton St, Savannah, Georgia, United States",1,GA,CONUS_L0_002_008;CONUS_L1_007_027,2
2026-10-01,260077248,https://apply.starbucks.com/careers/job/481080890807,"shift supervisor - Store# 08359, BULL & DRAYTON",SHIFT_SUPERVISOR,08359,BULL & DRAYTON,25 E Broughton St,Savannah,GA,,US,,1789617600,2026-09-17,14,2026-10-01,1789738989,2026-09-18,13,False,32.0784796,-81.0910629,481080890807,id:260077248,store:08359,Shift Supervisor,onsite,"25 E Broughton St, Savannah, Georgia, United States",1,GA,CONUS_L0_002_008;CONUS_L1_007_027,2
2026-10-01,260064420,https://apply.starbucks.com/careers/job/481080613602,"shift supervisor - Store# 13288, DEMERE & FREDERICA",SHIFT_SUPERVISOR,13288,DEMERE & FREDERICA,2209 Demere Rd,Saint Simons Island,GA,,US,,1788062400,2026-08-30,32,2026-10-01,1788183800,2026-08-31,31,False,31.1601,-81.39108,481080613602,id:260064420,store:13288,Shift Supervisor,onsite,"2209 Demere Rd, Saint Simons Island, Georgia, United States",1,GA,CONUS_L0_002_008,1
2026-10-01,260071463,https://apply.starbucks.com/careers/job/481080752180,"barista - Store# 13288, DEMERE & FREDERICA",BARISTA,13288,DEMERE & FREDERICA,2209 Demere Rd,Saint Simons Island,GA,,US,,1788753600,2026-09-07,24,2026-10-01,1788875099,2026-09-08,23,False,31.1601,-81.39108,481080752180,id:260071463,store:13288,Barista,onsite,"2209 Demere Rd, Saint Simons Island, Georgia, United States",1,GA,CONUS_L0_002_008,1
2026-10-01,260070313,https://apply.starbucks.com/careers/job/481080731340,"shift supervisor - Store# 53705, BERWICK SAVANNAH",SHIFT_SUPERVISOR,53705,BERWICK SAVANNAH,10 Berwick Blvd,Savannah,GA,,US,,1788580800,2026-09-05,26,2026-10-01,1788702792,2026-09-06,25,False,32.02434,-81.22614,481080731340,id:260070313,store:53705,Shift Supervisor,onsite,"10 Berwick Blvd, Savannah, Georgia, United States",1,GA,CONUS_L0_002_008;CONUS_L1_007_027,2
2026-10-01,260057337,https://apply.starbucks.com/careers/job/481079587749,"barista - Store# 53705, BERWICK SAVANNAH",BARISTA,53705,BERWICK SAVANNAH,10 Berwick Blvd,Savannah,GA,,US,,1784347200,2026-07-18,75,2026-10-01,1784468473,2026-07-19,74,False,32.02434,-81.22614,481079587749,id:260057337,store:53705,Barista,onsite,"10 Berwick Blvd, Savannah, Georgia, United States",1,GA,CONUS_L0_002_008;CONUS_L1_007_027,2
2026-10-01,260070683,https://apply.starbucks.com/careers/job/481080741795,"shift supervisor - Store# 47387, Ford and Rushing",SHIFT_SUPERVISOR,47387,Ford and Rushing,9124 Ford Ave,Richmond Hill,GA,,US,,1788667200,2026-09-06,25,2026-10-01,1788788611,2026-09-07,24,False,31.9557931,-81.3225009,481080741795,id:260070683,store:47387,Shift Supervisor,onsite,"9124 Ford Ave, Richmond Hill, Georgia, United States",1,GA,CONUS_L0_002_008;CONUS_L1_007_027,2
2026-10-01,260077527,https://apply.starbucks.com/careers/job/481080891209,"barista - Store# 47387, Ford and Rushing",BARISTA,47387,Ford and Rushing,9124 Ford Ave,Richmond Hill,GA,,US,,1789617600,2026-09-17,14,2026-10-01,1789739233,2026-09-18,13,False,31.9557931,-81.3225009,481080891209,id:260077527,store:47387,Barista,onsite,"9124 Ford Ave, Richmond Hill, Georgia, United States",1,GA,CONUS_L0_002_008;CONUS_L1_007_027,2
2026-10-01,260070653,https://apply.starbucks.com/careers/job/481080741767,"shift supervisor - Store# 62918, MOSAIC I-16 & POOLER PARKWAY",SHIFT_SUPERVISOR,62918,MOSAIC I-16 & POOLER PARKWAY,2011 Pooler Pkwy,Pooler,GA,,US,,1788667200,2026-09-06,25,2026-10-01,1788788586,2026-09-07,24,False,32.0807973,-81.28086739999999,481080741767,id:260070653,store:62918,Shift Supervisor,onsite,"2011 Pooler Pkwy, Pooler, Georgia, United States",1,GA,CONUS_L0_002_008;CONUS_L1_007_027,2
2026-10-01,260070888,https://apply.starbucks.com/careers/job/481080742130,"barista - Store# 62918, MOSAIC I-16 & POOLER PARKWAY",BARISTA,62918,MOSAIC I-16 & POOLER PARKWAY,2011 Pooler Pkwy,Pooler,GA,,US,,1788667200,2026-09-06,25,2026-10-01,1788788774,2026-09-07,24,False,32.0807973,-81.28086739999999,481080742130,id:260070888,store:62918,Barista,onsite,"2011 Pooler Pkwy, Pooler, Georgia, United States",1,GA,CONUS_L0_002_008;CONUS_L1_007_027,2
2026-10-01,260059933,https://apply.starbucks.com/careers/job/481080079118,"shift supervisor - Store# 19248, TANGER OUTLETS I-95 & POOLER PKWY",SHIFT_SUPERVISOR,19248,TANGER OUTLETS I-95 & POOLER PKWY,"405 Pooler Pkwy, Ste 100",Pooler,GA,,US,,1786161600,2026-08-08,54,2026-10-01,1786283220,2026-08-09,53,False,32.1376075,-81.25207929999999,481080079118,id:260059933,store:19248,Shift Supervisor,onsite,"405 Pooler Pkwy, Ste 100, Pooler, Georgia, United States",1,GA,CONUS_L0_002_008;CONUS_L1_007_027,2
2026-10-01,260060445,https://apply.starbucks.com/careers/job/481080149366,"barista - Store# 19248, TANGER OUTLETS I-95 & POOLER PKWY",BARISTA,19248,TANGER OUTLETS I-95 & POOLER PKWY,"405 Pooler Pkwy, Ste 100",Pooler,GA,,US,,1786507200,2026-08-12,50,2026-10-01,1786628905,2026-08-13,49,False,32.1376075,-81.25207929999999,481080149366,id:260060445,store:19248,Barista,onsite,"405 Pooler Pkwy, Ste 100, Pooler, Georgia, United States",1,GA,CONUS_L0_002_008;CONUS_L1_007_027,2
2026-10-01,260069496,https://apply.starbucks.com/careers/job/481080730345,"shift supervisor - Store# 52822, N COLUMBIA AND W. FORT HOWARD ROAD",SHIFT_SUPERVISOR,52822,N COLUMBIA AND W. FORT HOWARD ROAD,429 S Columbia Ave,Rincon,GA,,US,,1788580800,2026-09-05,26,2026-10-01,1788702147,2026-09-06,25,False,32.2768032,-81.2300897,481080730345,id:260069496,store:52822,Shift Supervisor,onsite,"429 S Columbia Ave, Rincon, Georgia, United States",1,GA,CONUS_L0_002_008;CONUS_L1_007_027,2
2026-10-01,260066620,https://apply.starbucks.com/careers/job/481080688259,"business analysis manager, Augusta Manufacturing Plant",NON_RETAIL,,,11 Valencia Way,Augusta,GA,,US,,1789407595,2026-09-14,17,2026-10-01,1788390170,2026-09-02,29,True,33.2802073,-81.95247599999999,481080688259,id:260066620,addr:11 valencia way|augusta|GA,Finance,onsite,"11 Valencia Way, Augusta, Georgia, United States",1,GA,CONUS_L0_002_008;CONUS_L1_007_027;CONUS_L1_008_027,3
2026-10-01,260058358,https://apply.starbucks.com/careers/job/481079849935,"barista - Store# 55371, I-520 AND PEACH ORCHARD",BARISTA,55371,I-520 AND PEACH ORCHARD,3120 Peach Orchard Rd,Augusta,GA,,US,,1784952000,2026-07-25,68,2026-10-01,1785073592,2026-07-26,67,False,33.41087,-82.02595,481079849935,id:260058358,store:55371,Barista,onsite,"3120 Peach Orchard Rd, Augusta, Georgia, United States",1,GA,CONUS_L0_002_008;CONUS_L1_008_027,2
2026-10-01,260070687,https://apply.starbucks.com/careers/job/481080741798,"shift supervisor - Store# 69333, 15TH ST & WALTON WAY",SHIFT_SUPERVISOR,69333,15TH ST & WALTON WAY,1531 Walton Way,Augusta,GA,,US,,1788667200,2026-09-06,25,2026-10-01,1788788614,2026-09-07,24,False,33.47561,-81.98945,481080741798,id:260070687,store:69333,Shift Supervisor,onsite,"1531 Walton Way, Augusta, Georgia, United States",1,GA,CONUS_L0_002_008;CONUS_L1_008_027,2
2026-10-01,260070647,https://apply.starbucks.com/careers/job/481080741753,"barista - Store# 69333, 15TH ST & WALTON WAY",BARISTA,69333,15TH ST & WALTON WAY,1531 Walton Way,Augusta,GA,,US,,1788667200,2026-09-06,25,2026-10-01,1788788582,2026-09-07,24,False,33.47561,-81.98945,481080741753,id:260070647,store:69333,Barista,onsite,"1531 Walton Way, Augusta, Georgia, United States",1,GA,CONUS_L0_002_008;CONUS_L1_008_027,2
2026-10-01,260066924,https://apply.starbucks.com/careers/job/481080698495,"barista - Store# 11350, WRIGHTSBORO RD & CAPPS ST",BARISTA,11350,WRIGHTSBORO RD & CAPPS ST,"3422 Wrightsboro Rd, Suite 100",Augusta,GA,,US,,1788321600,2026-09-02,29,2026-10-01,1788455810,2026-09-03,28,False,33.46757,-82.07743,481080698495,id:260066924,store:11350,Barista,onsite,"3422 Wrightsboro Rd, Suite 100, Augusta, Georgia, United States",1,GA,CONUS_L0_002_008;CONUS_L1_008_027,2
2026-10-01,260068419,https://apply.starbucks.com/careers/job/481080709488,"shift supervisor - Store# 11350, WRIGHTSBORO RD & CAPPS ST",SHIFT_SUPERVISOR,11350,WRIGHTSBORO RD & CAPPS ST,"3422 Wrightsboro Rd, Suite 100",Augusta,GA,,US,,1788408000,2026-09-03,28,2026-10-01,1788529719,2026-09-04,27,False,33.46757,-82.07743,481080709488,id:260068419,store:11350,Shift Supervisor,onsite,"3422 Wrightsboro Rd, Suite 100, Augusta, Georgia, United States",1,GA,CONUS_L0_002_008;CONUS_L1_008_027,2
2026-10-01,260062473,https://apply.starbucks.com/careers/job/481080494320,"barista - Store# 81532, I-20 & RIVER WATCH PKWY",BARISTA,81532,I-20 & RIVER WATCH PKWY,"814 Cabela Dr, Ste 106",Augusta,GA,,US,,1787630400,2026-08-25,37,2026-10-01,1787752248,2026-08-26,36,False,33.5228152,-82.0214398,481080494320,id:260062473,store:81532,Barista,onsite,"814 Cabela Dr, Ste 106, Augusta, Georgia, United States",1,GA,CONUS_L0_002_008;CONUS_L1_008_027,2
2026-10-01,260062594,https://apply.starbucks.com/careers/job/481080494890,"shift supervisor - Store# 81532, I-20 & RIVER WATCH PKWY",SHIFT_SUPERVISOR,81532,I-20 & RIVER WATCH PKWY,"814 Cabela Dr, Ste 106",Augusta,GA,,US,,1787630400,2026-08-25,37,2026-10-01,1787752345,2026-08-26,36,False,33.5228152,-82.0214398,481080494890,id:260062594,store:81532,Shift Supervisor,onsite,"814 Cabela Dr, Ste 106, Augusta, Georgia, United States",1,GA,CONUS_L0_002_008;CONUS_L1_008_027,2
2026-10-01,260063363,https://apply.starbucks.com/careers/job/481080566169,"shift supervisor - Store# 09556, I-20 & WASHINGTON",SHIFT_SUPERVISOR,09556,I-20 & WASHINGTON,3018 Washington Rd,Augusta,GA,,US,,1787803200,2026-08-27,35,2026-10-01,1787924862,2026-08-28,34,False,33.5120717,-82.04554499999999,481080566169,id:260063363,store:09556,Shift Supervisor,onsite,"3018 Washington Rd, Augusta, Georgia, United States",1,GA,CONUS_L0_002_008;CONUS_L1_008_027,2
2026-10-01,260059878,https://apply.starbucks.com/careers/job/481080079070,"barista - Store# 09556, I-20 & WASHINGTON",BARISTA,09556,I-20 & WASHINGTON,3018 Washington Rd,Augusta,GA,,US,,1786161600,2026-08-08,54,2026-10-01,1786283173,2026-08-09,53,False,33.5120717,-82.04554499999999,481080079070,id:260059878,store:09556,Barista,onsite,"3018 Washington Rd, Augusta, Georgia, United States",1,GA,CONUS_L0_002_008;CONUS_L1_008_027,2
2026-10-01,260073559,https://apply.starbucks.com/careers/job/481080812904,"barista - Store# 11118, AUGUSTA EXCHANGE",BARISTA,11118,AUGUSTA EXCHANGE,228 Robert C Daniel Jr Pkwy,Augusta,GA,,US,,1789185600,2026-09-12,19,2026-10-01,1789307018,2026-09-13,18,False,33.4900348,-82.0792262,481080812904,id:260073559,store:11118,Barista,onsite,"228 Robert C Daniel Jr Pkwy, Augusta, Georgia, United States",1,GA,CONUS_L0_002_008;CONUS_L1_008_027,2
2026-10-01,260066451,https://apply.starbucks.com/careers/job/481080679584,"shift supervisor - Store# 11118, AUGUSTA EXCHANGE",SHIFT_SUPERVISOR,11118,AUGUSTA EXCHANGE,228 Robert C Daniel Jr Pkwy,Augusta,GA,,US,,1788321600,2026-09-02,29,2026-10-01,1788357989,2026-09-02,29,False,33.4900348,-82.0792262,481080679584,id:260066451,store:11118,Shift Supervisor,onsite,"228 Robert C Daniel Jr Pkwy, Augusta, Georgia, United States",1,GA,CONUS_L0_002_008;CONUS_L1_008_027,2
2026-10-01,260070285,https://apply.starbucks.com/careers/job/481080731310,"barista - Store# 47388, Bobby Jones & Old Trail Rd - Augusta",BARISTA,47388,Bobby Jones & Old Trail Rd - Augusta,273 Bobby Jones Expy,Augusta,GA,,US,,1788580800,2026-09-05,26,2026-10-01,1788702770,2026-09-06,25,False,33.50131,-82.08815,481080731310,id:260070285,store:47388,Barista,onsite,"273 Bobby Jones Expy, Augusta, Georgia, United States",1,GA,CONUS_L0_002_008;CONUS_L1_008_027,2
2026-10-01,260068690,https://apply.starbucks.com/careers/job/481080709934,"shift supervisor - Store# 47388, Bobby Jones & Old Trail Rd - Augusta",SHIFT_SUPERVISOR,47388,Bobby Jones & Old Trail Rd - Augusta,273 Bobby Jones Expy,Augusta,GA,,US,,1788408000,2026-09-03,28,2026-10-01,1788529953,2026-09-04,27,False,33.50131,-82.08815,481080709934,id:260068690,store:47388,Shift Supervisor,onsite,"273 Bobby Jones Expy, Augusta, Georgia, United States",1,GA,CONUS_L0_002_008;CONUS_L1_008_027,2
2026-10-01,260055459,https://apply.starbucks.com/careers/job/481079454218,"barista - Store# 71529, S BELAIR RD & I-20",BARISTA,71529,S BELAIR RD & I-20,421 S Belair Rd,Augusta,GA,,US,,1783828800,2026-07-12,81,2026-10-01,1783950609,2026-07-13,80,False,33.48462,-82.13296,481079454218,id:260055459,store:71529,Barista,onsite,"421 S Belair Rd, Augusta, Georgia, United States",1,GA,CONUS_L0_002_008;CONUS_L1_008_027,2
2026-10-01,260063358,https://apply.starbucks.com/careers/job/481080566161,"shift supervisor - Store# 10195, WASHINGTON RD & OWENS RD",SHIFT_SUPERVISOR,10195,WASHINGTON RD & OWENS RD,"4237 Washington Rd, #1",Evans,GA,,US,,1787803200,2026-08-27,35,2026-10-01,1787924858,2026-08-28,34,False,33.5259463,-82.119974,481080566161,id:260063358,store:10195,Shift Supervisor,onsite,"4237 Washington Rd, #1, Evans, Georgia, United States",1,GA,CONUS_L0_002_008;CONUS_L1_008_027,2
2026-10-01,260063250,https://apply.starbucks.com/careers/job/481080565822,"barista - Store# 10195, WASHINGTON RD & OWENS RD",BARISTA,10195,WASHINGTON RD & OWENS RD,"4237 Washington Rd, #1",Evans,GA,,US,,1787803200,2026-08-27,35,2026-10-01,1787924772,2026-08-28,34,False,33.5259463,-82.119974,481080565822,id:260063250,store:10195,Barista,onsite,"4237 Washington Rd, #1, Evans, Georgia, United States",1,GA,CONUS_L0_002_008;CONUS_L1_008_027,2
2026-10-01,260069126,https://apply.starbucks.com/careers/job/481080710682,"shift supervisor - Store# 50269, Gateway Blvd & Horizon S Pkwy",SHIFT_SUPERVISOR,50269,Gateway Blvd & Horizon S Pkwy,222 Meridian Dr,Grovetown,GA,,US,,1788408000,2026-09-03,28,2026-10-01,1788530319,2026-09-04,27,False,33.47811,-82.19827,481080710682,id:260069126,store:50269,Shift Supervisor,onsite,"222 Meridian Dr, Grovetown, Georgia, United States",1,GA,CONUS_L0_002_008;CONUS_L1_008_027,2
2026-10-01,260055915,https://apply.starbucks.com/careers/job/481079473253,"barista - Store# 50269, Gateway Blvd & Horizon S Pkwy",BARISTA,50269,Gateway Blvd & Horizon S Pkwy,222 Meridian Dr,Grovetown,GA,,US,,1783915200,2026-07-13,80,2026-10-01,1784037130,2026-07-14,79,False,33.47811,-82.19827,481079473253,id:260055915,store:50269,Barista,onsite,"222 Meridian Dr, Grovetown, Georgia, United States",1,GA,CONUS_L0_002_008;CONUS_L1_008_027,2
2026-10-01,260070494,https://apply.starbucks.com/careers/job/481080741553,"barista - Store# 64929, WASHINGTON RD & WILLIAM FEW PKW",BARISTA,64929,WASHINGTON RD & WILLIAM FEW PKW,3104 William Few Pkwy,Evans,GA,,US,,1788667200,2026-09-06,25,2026-10-01,1788788463,2026-09-07,24,False,33.57236,-82.1918,481080741553,id:260070494,store:64929,Barista,onsite,"3104 William Few Pkwy, Evans, Georgia, United States",1,GA,CONUS_L0_002_008;CONUS_L1_008_027,2
2026-10-01,260071331,https://apply.starbucks.com/careers/job/481080742689,"shift supervisor - Store# 64929, WASHINGTON RD & WILLIAM FEW PKW",SHIFT_SUPERVISOR,64929,WASHINGTON RD & WILLIAM FEW PKW,3104 William Few Pkwy,Evans,GA,,US,,1788667200,2026-09-06,25,2026-10-01,1788789132,2026-09-07,24,False,33.57236,-82.1918,481080742689,id:260071331,store:64929,Shift Supervisor,onsite,"3104 William Few Pkwy, Evans, Georgia, United States",1,GA,CONUS_L0_002_008;CONUS_L1_008_027,2
2026-10-01,260070468,https://apply.starbucks.com/careers/job/481080741515,"shift supervisor - Store# 65271, BATTLEFIELD & KELLERHALS",SHIFT_SUPERVISOR,65271,BATTLEFIELD & KELLERHALS,"3008 Battlefield Parkway, Battlefield and Kellerhals",Fort Oglethorpe,GA,,US,,1788667200,2026-09-06,25,2026-10-01,1788788442,2026-09-07,24,False,34.93873,-85.21563,481080741515,id:260070468,store:65271,Shift Supervisor,onsite,"3008 Battlefield Parkway, Battlefield and Kellerhals, Fort Oglethorpe, Georgia, United States",1,GA,CONUS_L0_003_006;CONUS_L1_009_025,2
2026-10-01,260080542,https://apply.starbucks.com/careers/job/481081091659,"barista - Store# 65271, BATTLEFIELD & KELLERHALS",BARISTA,65271,BATTLEFIELD & KELLERHALS,"3008 Battlefield Parkway, Battlefield and Kellerhals",Fort Oglethorpe,GA,,US,,1790740800,2026-09-30,1,2026-10-01,1790836035,2026-10-01,0,False,34.93873,-85.21563,481081091659,id:260080542,store:65271,Barista,onsite,"3008 Battlefield Parkway, Battlefield and Kellerhals, Fort Oglethorpe, Georgia, United States",1,GA,CONUS_L0_003_006;CONUS_L1_009_025,2
2026-10-01,260053358,https://apply.starbucks.com/careers/job/481079320132,"shift supervisor - Store# 13407, CLEVELAND HWY & NORTH BYPASS",SHIFT_SUPERVISOR,13407,CLEVELAND HWY & NORTH BYPASS,1305 N Glenwood Ave,Dalton,GA,,US,,1783310400,2026-07-06,87,2026-10-01,1783432014,2026-07-07,86,False,34.797,-84.96268,481079320132,id:260053358,store:13407,Shift Supervisor,onsite,"1305 N Glenwood Ave, Dalton, Georgia, United States",1,GA,CONUS_L0_003_006;CONUS_L1_009_025,2
2026-10-01,260079395,https://apply.starbucks.com/careers/job/481080998577,"barista - Store# 13407, CLEVELAND HWY & NORTH BYPASS",BARISTA,13407,CLEVELAND HWY & NORTH BYPASS,1305 N Glenwood Ave,Dalton,GA,,US,,1790222400,2026-09-24,7,2026-10-01,1790343971,2026-09-25,6,False,34.797,-84.96268,481080998577,id:260079395,store:13407,Barista,onsite,"1305 N Glenwood Ave, Dalton, Georgia, United States",1,GA,CONUS_L0_003_006;CONUS_L1_009_025,2
2026-10-01,260060670,https://apply.starbucks.com/careers/job/481080162988,"barista - Store# 53631, HIGHWAY 441 AND CARPENTERS COVE",BARISTA,53631,HIGHWAY 441 AND CARPENTERS COVE,216 Carpenters Cove Ln,Cornelia,GA,,US,,1786593600,2026-08-13,50,2026-10-02,1786715177,2026-08-14,49,False,34.5412115,-83.5397079,481080162988,id:260060670,store:53631,Barista,onsite,"216 Carpenters Cove Ln, Cornelia, Georgia, United States",1,GA,CONUS_L1_008_026;CONUS_L1_009_026,2
2026-10-01,260074309,https://apply.starbucks.com/careers/job/481080814175,"shift supervisor - Store# 53631, HIGHWAY 441 AND CARPENTERS COVE",SHIFT_SUPERVISOR,53631,HIGHWAY 441 AND CARPENTERS COVE,216 Carpenters Cove Ln,Cornelia,GA,,US,,1789185600,2026-09-12,20,2026-10-02,1789307716,2026-09-13,19,False,34.5412115,-83.5397079,481080814175,id:260074309,store:53631,Shift Supervisor,onsite,"216 Carpenters Cove Ln, Cornelia, Georgia, United States",1,GA,CONUS_L1_008_026;CONUS_L1_009_026,2
2026-10-01,260070380,https://apply.starbucks.com/careers/job/481080741374,"barista - Store# 65458, FRANKLIN & COLLEGE",BARISTA,65458,FRANKLIN & COLLEGE,20 E Franklin St,Hartwell,GA,,US,,1788667200,2026-09-06,26,2026-10-02,1788788372,2026-09-07,25,False,34.35256,-82.92906,481080741374,id:260070380,store:65458,Barista,onsite,"20 E Franklin St, Hartwell, Georgia, United States",1,GA,CONUS_L1_008_027;CONUS_L1_009_026,2
2026-10-01,260071070,https://apply.starbucks.com/careers/job/481080742293,"shift supervisor - Store# 65458, FRANKLIN & COLLEGE",SHIFT_SUPERVISOR,65458,FRANKLIN & COLLEGE,20 E Franklin St,Hartwell,GA,,US,,1788667200,2026-09-06,26,2026-10-02,1788788922,2026-09-07,25,False,34.35256,-82.92906,481080742293,id:260071070,store:65458,Shift Supervisor,onsite,"20 E Franklin St, Hartwell, Georgia, United States",1,GA,CONUS_L1_008_027;CONUS_L1_009_026,2
2026-10-01,260073931,https://apply.starbucks.com/careers/job/481080813553,"barista - Store# 82908, HWY 17 & I-85",BARISTA,82908,HWY 17 & I-85,14461 HIGHWAY 17,Lavonia,GA,,US,,1789185600,2026-09-12,20,2026-10-02,1789307364,2026-09-13,19,False,34.4467659,-83.130618,481080813553,id:260073931,store:82908,Barista,onsite,"14461 HIGHWAY 17, Lavonia, Georgia, United States",1,GA,CONUS_L1_008_027;CONUS_L1_009_026,2
2026-10-01,260073579,https://apply.starbucks.com/careers/job/481080812931,"shift supervisor - Store# 82908, HWY 17 & I-85",SHIFT_SUPERVISOR,82908,HWY 17 & I-85,14461 HIGHWAY 17,Lavonia,GA,,US,,1789185600,2026-09-12,20,2026-10-02,1789307036,2026-09-13,19,False,34.4467659,-83.130618,481080812931,id:260073579,store:82908,Shift Supervisor,onsite,"14461 HIGHWAY 17, Lavonia, Georgia, United States",1,GA,CONUS_L1_008_027;CONUS_L1_009_026,2
2026-10-01,260057426,https://apply.starbucks.com/careers/job/481079604788,"barista - Store# 57562, BLUE RIDGE DR. & HIGHWAY 76",BARISTA,57562,BLUE RIDGE DR. & HIGHWAY 76,"330 Progress Cir, Ste A",Blue Ridge,GA,,US,,1784433600,2026-07-19,75,2026-10-02,1784554753,2026-07-20,74,False,34.8754852,-84.3227526,481079604788,id:260057426,store:57562,Barista,onsite,"330 Progress Cir, Ste A, Blue Ridge, Georgia, United States",1,GA,CONUS_L1_009_025;CONUS_L1_009_026,2
2026-10-01,260080031,https://apply.starbucks.com/careers/job/481081029649,"shift supervisor - Store# 57562, BLUE RIDGE DR. & HIGHWAY 76",SHIFT_SUPERVISOR,57562,BLUE RIDGE DR. & HIGHWAY 76,"330 Progress Cir, Ste A",Blue Ridge,GA,,US,,1790481600,2026-09-27,5,2026-10-02,1790603416,2026-09-28,4,False,34.8754852,-84.3227526,481081029649,id:260080031,store:57562,Shift Supervisor,onsite,"330 Progress Cir, Ste A, Blue Ridge, Georgia, United States",1,GA,CONUS_L1_009_025;CONUS_L1_009_026,2
2026-10-01,260075718,https://apply.starbucks.com/careers/job/481080840480,"shift supervisor - Store# 65073, BIG A & SKYLINE",SHIFT_SUPERVISOR,65073,BIG A & SKYLINE,"1112 Big A Rd, A",Toccoa,GA,,US,,1789358400,2026-09-14,18,2026-10-02,1789479983,2026-09-15,17,False,34.57008,-83.30625,481080840480,id:260075718,store:65073,Shift Supervisor,onsite,"1112 Big A Rd, A, Toccoa, Georgia, United States",1,GA,CONUS_L1_009_026,1
