snapshot_date,job_id,job_url,job_title_raw,role_bucket,store_number,store_name,street_address,city,state,postal_code,country,posted_text,posted_ts_raw,posted_date,days_since_posted,fetched_date,creation_ts_raw,req_created_date,req_age_days,reposted_requisition,latitude,longitude,position_id,dedup_key,store_key,department,work_location_option,location_raw,n_locations,all_states,search_ids,n_searches
2026-10-01,260067166,https://apply.starbucks.com/careers/job/481080698794,"shift supervisor - Store# 10965, MI-HWY 41 & HWY 492",SHIFT_SUPERVISOR,10965,MI-HWY 41 & HWY 492,3105 US 41 W,Marquette,MI,,US,,1788321600,2026-09-02,29,2026-10-01,1788456039,2026-09-03,28,False,46.5490232,-87.4564039,481080698794,id:260067166,store:10965,Shift Supervisor,onsite,"3105 US 41 W, Marquette, Michigan, United States",1,MI,AK_L0_001_005;CONUS_L0_005_006;CONUS_L0_005_007,3
2026-10-01,260064590,https://apply.starbucks.com/careers/job/481080613697,"barista - Store# 10965, MI-HWY 41 & HWY 492",BARISTA,10965,MI-HWY 41 & HWY 492,3105 US 41 W,Marquette,MI,,US,,1788062400,2026-08-30,32,2026-10-01,1788183940,2026-08-31,31,False,46.5490232,-87.4564039,481080613697,id:260064590,store:10965,Barista,onsite,"3105 US 41 W, Marquette, Michigan, United States",1,MI,AK_L0_001_005;CONUS_L0_005_006;CONUS_L0_005_007,3
2026-10-01,260052449,https://apply.starbucks.com/careers/job/481079177111,"store manager-Plymouth, MI.",STORE_MANAGER,,,15005 Beck Rd.,Plymouth,MI,,US,,1790606829,2026-09-28,3,2026-10-01,1782923127,2026-07-01,92,True,42.39134,-83.51089,481079177111,id:260052449,addr:15005 beck rd.|plymouth|MI,Coffeehouse Leader,onsite,"15005 Beck Rd., Plymouth, Michigan, United States",2,MI,CONUS_L0_003_003;CONUS_L0_004_004;CONUS_L1_015_026,3
2026-10-01,260078814,https://apply.starbucks.com/careers/job/481080953027,"store manager, Marysville, Port Huron, MI.",STORE_MANAGER,,,,Marysville,MI,,US,,1790101236,2026-09-22,9,2026-10-01,1790101048,2026-09-22,9,False,42.9125305,-82.4868599,481080953027,id:260078814,,Coffeehouse Leader,onsite,"Marysville, Michigan, United States",2,MI,CONUS_L0_003_003;CONUS_L0_004_004;CONUS_L1_015_026;CONUS_L1_015_027,4
2026-10-01,260078816,https://apply.starbucks.com/careers/job/481080953532,"store manager, Ann Arbor, MI.",STORE_MANAGER,,,,Ann Arbor,MI,,US,,1790102547,2026-09-22,9,2026-10-01,1790101948,2026-09-22,9,False,42.2808256,-83.7430378,481080953532,id:260078816,,Coffeehouse Leader,onsite,"Ann Arbor, Michigan, United States",2,MI,CONUS_L0_003_003;CONUS_L0_004_004;CONUS_L1_014_026;CONUS_L1_015_026,4
2026-10-01,260076011,https://apply.starbucks.com/careers/job/481080851410,"store manager, Lansing, MI.",STORE_MANAGER,,,,Lansing,MI,,US,,1789512453,2026-09-15,16,2026-10-01,1789512366,2026-09-15,16,False,42.732535,-84.5555347,481080851410,id:260076011,,Coffeehouse Leader,onsite,"Lansing, Michigan, United States",2,MI,CONUS_L0_003_003;CONUS_L0_004_004;CONUS_L1_015_025;CONUS_L1_015_026,4
2026-10-01,260046986,https://apply.starbucks.com/careers/job/481078813789,"store manager-Rochester/Clarkston, MI.",STORE_MANAGER,,,,Rochester,MI,,US,,1790278033,2026-09-24,7,2026-10-01,1781647008,2026-06-16,107,True,42.680588,-83.1338214,481078813789,id:260046986,,Coffeehouse Leader,onsite,"Rochester, Michigan, United States",2,MI,CONUS_L0_003_003;CONUS_L0_004_004;CONUS_L1_015_026,3
2026-10-01,260075968,https://apply.starbucks.com/careers/job/481080848158,"store manager, NSO, New Baltimore, MI.",STORE_MANAGER,,,,New Baltimore,MI,,US,,1789507594,2026-09-15,16,2026-10-01,1789507420,2026-09-15,16,False,42.6811436,-82.7368616,481080848158,id:260075968,,Coffeehouse Leader,onsite,"New Baltimore, Michigan, United States",2,MI,CONUS_L0_003_003;CONUS_L0_004_004;CONUS_L1_015_026;CONUS_L1_015_027,4
2026-10-01,260075965,https://apply.starbucks.com/careers/job/481080848164,"store manager, Redford, Romulus, MI.",STORE_MANAGER,,,,Redford,MI,,US,,1790789003,2026-09-30,1,2026-10-01,1789507076,2026-09-15,16,True,42.3944486,-83.2973732,481080848164,id:260075965,,Coffeehouse Leader,onsite,"Redford, Michigan, United States",3,MI,CONUS_L0_003_003;CONUS_L0_004_004;CONUS_L1_015_026,3
2026-10-01,260080832,https://apply.starbucks.com/careers/job/481081104188,"store manager, Adrian/Monroe, MI.",STORE_MANAGER,,,,Adrian,MI,,US,,1790892401,2026-10-01,0,2026-10-01,1790890902,2026-10-01,0,False,41.8975471,-84.03716589999999,481081104188,id:260080832,,Coffeehouse Leader,onsite,"Adrian, Michigan, United States",2,MI,CONUS_L0_003_003;CONUS_L0_004_004;CONUS_L1_014_026,3
2026-10-01,260073759,https://apply.starbucks.com/careers/job/481080813260,"barista - Store# 80414, IRON MOUNTAIN - HWY 2",BARISTA,80414,IRON MOUNTAIN - HWY 2,1950 S Stephenson Ave,Iron Mountain,MI,,US,,1789185600,2026-09-12,19,2026-10-01,1789307205,2026-09-13,18,False,45.8091432,-88.0367443,481080813260,id:260073759,store:80414,Barista,onsite,"1950 S Stephenson Ave, Iron Mountain, Michigan, United States",1,MI,CONUS_L0_005_006;CONUS_L1_017_023,2
2026-10-01,260073654,https://apply.starbucks.com/careers/job/481080813046,"shift supervisor - Store# 80414, IRON MOUNTAIN - HWY 2",SHIFT_SUPERVISOR,80414,IRON MOUNTAIN - HWY 2,1950 S Stephenson Ave,Iron Mountain,MI,,US,,1789185600,2026-09-12,19,2026-10-01,1789307107,2026-09-13,18,False,45.8091432,-88.0367443,481080813046,id:260073654,store:80414,Shift Supervisor,onsite,"1950 S Stephenson Ave, Iron Mountain, Michigan, United States",1,MI,CONUS_L0_005_006;CONUS_L1_017_023,2
2026-10-01,260069953,https://apply.starbucks.com/careers/job/481080730889,"shift supervisor - Store# 54443, LUDINGTON & N LINCOLN - ESCANABA",SHIFT_SUPERVISOR,54443,LUDINGTON & N LINCOLN - ESCANABA,319 N Lincoln Rd,Escanaba,MI,,US,,1788580800,2026-09-05,26,2026-10-01,1788702509,2026-09-06,25,False,45.748133,-87.079877,481080730889,id:260069953,store:54443,Shift Supervisor,onsite,"319 N Lincoln Rd, Escanaba, Michigan, United States",1,MI,CONUS_L0_005_006;CONUS_L0_005_007;CONUS_L1_017_023;CONUS_L1_017_024,4
2026-10-01,260079657,https://apply.starbucks.com/careers/job/481081018687,"barista - Store# 54443, LUDINGTON & N LINCOLN - ESCANABA",BARISTA,54443,LUDINGTON & N LINCOLN - ESCANABA,319 N Lincoln Rd,Escanaba,MI,,US,,1790395200,2026-09-26,5,2026-10-01,1790516378,2026-09-27,4,False,45.748133,-87.079877,481081018687,id:260079657,store:54443,Barista,onsite,"319 N Lincoln Rd, Escanaba, Michigan, United States",1,MI,CONUS_L0_005_006;CONUS_L0_005_007;CONUS_L1_017_023;CONUS_L1_017_024,4
2026-10-01,260068269,https://apply.starbucks.com/careers/job/481080709202,"shift supervisor - Store# 26196, FRONT & GARFIELD",SHIFT_SUPERVISOR,26196,FRONT & GARFIELD,1120 E Front St,Traverse City,MI,,US,,1788408000,2026-09-03,28,2026-10-01,1788529589,2026-09-04,27,False,44.7640404,-85.594073,481080709202,id:260068269,store:26196,Shift Supervisor,onsite,"1120 E Front St, Traverse City, Michigan, United States",1,MI,CONUS_L0_005_006;CONUS_L0_005_007;CONUS_L1_016_025;CONUS_L1_017_024;CONUS_L1_017_025,5
2026-10-01,260070917,https://apply.starbucks.com/careers/job/481080742086,"barista - Store# 26196, FRONT & GARFIELD",BARISTA,26196,FRONT & GARFIELD,1120 E Front St,Traverse City,MI,,US,,1788667200,2026-09-06,25,2026-10-01,1788788797,2026-09-07,24,False,44.7640404,-85.594073,481080742086,id:260070917,store:26196,Barista,onsite,"1120 E Front St, Traverse City, Michigan, United States",1,MI,CONUS_L0_005_006;CONUS_L0_005_007;CONUS_L1_016_025;CONUS_L1_017_024;CONUS_L1_017_025,5
2026-10-01,260068405,https://apply.starbucks.com/careers/job/481080709846,"shift supervisor - Store# 58414, S AIRPORT & US-31",SHIFT_SUPERVISOR,58414,S AIRPORT & US-31,3290 W South Airport Rd,Traverse City,MI,,US,,1788408000,2026-09-03,28,2026-10-01,1788529707,2026-09-04,27,False,44.72325,-85.63946,481080709846,id:260068405,store:58414,Shift Supervisor,onsite,"3290 W South Airport Rd, Traverse City, Michigan, United States",1,MI,CONUS_L0_005_006;CONUS_L0_005_007;CONUS_L1_016_025;CONUS_L1_017_024;CONUS_L1_017_025,5
2026-10-01,260055682,https://apply.starbucks.com/careers/job/481079454258,"barista - Store# 58414, S AIRPORT & US-31",BARISTA,58414,S AIRPORT & US-31,3290 W South Airport Rd,Traverse City,MI,,US,,1783828800,2026-07-12,81,2026-10-01,1783950782,2026-07-13,80,False,44.72325,-85.63946,481079454258,id:260055682,store:58414,Barista,onsite,"3290 W South Airport Rd, Traverse City, Michigan, United States",1,MI,CONUS_L0_005_006;CONUS_L0_005_007;CONUS_L1_016_025;CONUS_L1_017_024;CONUS_L1_017_025,5
2026-10-01,260073294,https://apply.starbucks.com/careers/job/481080798373,"shift supervisor - Store# 80413, Garfield & Airport",SHIFT_SUPERVISOR,80413,Garfield & Airport,1684 S Garfield Ave,Traverse City,MI,,US,,1789012800,2026-09-10,21,2026-10-01,1789135781,2026-09-11,20,False,44.73521,-85.59588,481080798373,id:260073294,store:80413,Shift Supervisor,onsite,"1684 S Garfield Ave, Traverse City, Michigan, United States",1,MI,CONUS_L0_005_006;CONUS_L0_005_007;CONUS_L1_016_025;CONUS_L1_017_025,4
2026-10-01,260058612,https://apply.starbucks.com/careers/job/481079907026,"barista - Store# 80413, Garfield & Airport",BARISTA,80413,Garfield & Airport,1684 S Garfield Ave,Traverse City,MI,,US,,1785124800,2026-07-27,66,2026-10-01,1785246131,2026-07-28,65,False,44.73521,-85.59588,481079907026,id:260058612,store:80413,Barista,onsite,"1684 S Garfield Ave, Traverse City, Michigan, United States",1,MI,CONUS_L0_005_006;CONUS_L0_005_007;CONUS_L1_016_025;CONUS_L1_017_025,4
2026-10-01,260058334,https://apply.starbucks.com/careers/job/481079849884,"shift supervisor - Store# 86309, US-31 & M-55",SHIFT_SUPERVISOR,86309,US-31 & M-55,200 E Parkdale Ave,Manistee,MI,,US,,1784952000,2026-07-25,68,2026-10-01,1785073573,2026-07-26,67,False,44.269611,-86.298856,481079849884,id:260058334,store:86309,Shift Supervisor,onsite,"200 E Parkdale Ave, Manistee, Michigan, United States",1,MI,CONUS_L0_005_006;CONUS_L0_005_007;CONUS_L1_016_024;CONUS_L1_016_025,4
2026-10-01,260079402,https://apply.starbucks.com/careers/job/481080998606,"barista - Store# 86309, US-31 & M-55",BARISTA,86309,US-31 & M-55,200 E Parkdale Ave,Manistee,MI,,US,,1790222400,2026-09-24,7,2026-10-01,1790343977,2026-09-25,6,False,44.269611,-86.298856,481080998606,id:260079402,store:86309,Barista,onsite,"200 E Parkdale Ave, Manistee, Michigan, United States",1,MI,CONUS_L0_005_006;CONUS_L0_005_007;CONUS_L1_016_024;CONUS_L1_016_025,4
2026-10-01,260068595,https://apply.starbucks.com/careers/job/481080709773,"shift supervisor - Store# 51210, US-131 & LEARS",SHIFT_SUPERVISOR,51210,US-131 & LEARS,1341 Victories Ln,Petoskey,MI,,US,,1788408000,2026-09-03,28,2026-10-01,1788529872,2026-09-04,27,False,45.34946,-84.9665,481080709773,id:260068595,store:51210,Shift Supervisor,onsite,"1341 Victories Ln, Petoskey, Michigan, United States",1,MI,CONUS_L0_005_006;CONUS_L0_005_007;CONUS_L1_017_025,3
2026-10-01,260058668,https://apply.starbucks.com/careers/job/481079907099,"barista - Store# 51210, US-131 & LEARS",BARISTA,51210,US-131 & LEARS,1341 Victories Ln,Petoskey,MI,,US,,1785124800,2026-07-27,66,2026-10-01,1785246178,2026-07-28,65,False,45.34946,-84.9665,481079907099,id:260058668,store:51210,Barista,onsite,"1341 Victories Ln, Petoskey, Michigan, United States",1,MI,CONUS_L0_005_006;CONUS_L0_005_007;CONUS_L1_017_025,3
2026-10-01,260069976,https://apply.starbucks.com/careers/job/481080730902,"shift supervisor - Store# 58411, US-10 & US-31",SHIFT_SUPERVISOR,58411,US-10 & US-31,4528 US-10,Ludington,MI,,US,,1788580800,2026-09-05,26,2026-10-01,1788702527,2026-09-06,25,False,43.95606,-86.39272,481080730902,id:260069976,store:58411,Shift Supervisor,onsite,"4528 US-10, Ludington, Michigan, United States",1,MI,CONUS_L0_005_006;CONUS_L1_016_024;CONUS_L1_016_025,3
2026-10-01,260057771,https://apply.starbucks.com/careers/job/481079649233,"barista - Store# 58411, US-10 & US-31",BARISTA,58411,US-10 & US-31,4528 US-10,Ludington,MI,,US,,1784606400,2026-07-21,72,2026-10-01,1784727950,2026-07-22,71,False,43.95606,-86.39272,481079649233,id:260057771,store:58411,Barista,onsite,"4528 US-10, Ludington, Michigan, United States",1,MI,CONUS_L0_005_006;CONUS_L1_016_024;CONUS_L1_016_025,3
2026-10-01,260058678,https://apply.starbucks.com/careers/job/481079907105,"shift supervisor - Store# 47016, GAYLORD-W MAIN STREET",SHIFT_SUPERVISOR,47016,GAYLORD-W MAIN STREET,1060 W Main St,Gaylord,MI,,US,,1785124800,2026-07-27,66,2026-10-01,1785246186,2026-07-28,65,False,45.0278866,-84.69248619999999,481079907105,id:260058678,store:47016,Shift Supervisor,onsite,"1060 W Main St, Gaylord, Michigan, United States",1,MI,CONUS_L0_005_006;CONUS_L0_005_007;CONUS_L1_017_025,3
2026-10-01,260058663,https://apply.starbucks.com/careers/job/481079907098,"barista - Store# 47016, GAYLORD-W MAIN STREET",BARISTA,47016,GAYLORD-W MAIN STREET,1060 W Main St,Gaylord,MI,,US,,1785124800,2026-07-27,66,2026-10-01,1785246173,2026-07-28,65,False,45.0278866,-84.69248619999999,481079907098,id:260058663,store:47016,Barista,onsite,"1060 W Main St, Gaylord, Michigan, United States",1,MI,CONUS_L0_005_006;CONUS_L0_005_007;CONUS_L1_017_025,3
2026-10-01,260070614,https://apply.starbucks.com/careers/job/481080741704,"barista - Store# 67985, W Washington & Bagley",BARISTA,67985,W Washington & Bagley,1125 M-32W,Alpena,MI,,US,,1788667200,2026-09-06,25,2026-10-01,1788788557,2026-09-07,24,False,45.06131,-83.4735,481080741704,id:260070614,store:67985,Barista,onsite,"1125 M-32W, Alpena, Michigan, United States",1,MI,CONUS_L0_005_007;CONUS_L1_017_026,2
2026-10-01,260070828,https://apply.starbucks.com/careers/job/481080742120,"shift supervisor - Store# 67985, W Washington & Bagley",SHIFT_SUPERVISOR,67985,W Washington & Bagley,1125 M-32W,Alpena,MI,,US,,1788667200,2026-09-06,25,2026-10-01,1788788726,2026-09-07,24,False,45.06131,-83.4735,481080742120,id:260070828,store:67985,Shift Supervisor,onsite,"1125 M-32W, Alpena, Michigan, United States",1,MI,CONUS_L0_005_007;CONUS_L1_017_026,2
2026-10-01,260079143,https://apply.starbucks.com/careers/job/481080965529,"barista - Store# 84485, US-23 & ROUNDHOUSE",BARISTA,84485,US-23 & ROUNDHOUSE,"826 W Bay St, Ste 101",East Tawas,MI,,US,,1790049600,2026-09-22,9,2026-10-01,1790171226,2026-09-23,8,False,44.2771228,-83.50072209999999,481080965529,id:260079143,store:84485,Barista,onsite,"826 W Bay St, Ste 101, East Tawas, Michigan, United States",1,MI,CONUS_L0_005_007;CONUS_L1_016_026;CONUS_L1_016_027,3
2026-10-01,260078150,https://apply.starbucks.com/careers/job/481080923768,"shift supervisor - Store# 84485, US-23 & ROUNDHOUSE",SHIFT_SUPERVISOR,84485,US-23 & ROUNDHOUSE,"826 W Bay St, Ste 101",East Tawas,MI,,US,,1789790400,2026-09-19,12,2026-10-01,1789911781,2026-09-20,11,False,44.2771228,-83.50072209999999,481080923768,id:260078150,store:84485,Shift Supervisor,onsite,"826 W Bay St, Ste 101, East Tawas, Michigan, United States",1,MI,CONUS_L0_005_007;CONUS_L1_016_026;CONUS_L1_016_027,3
2026-10-01,260053325,https://apply.starbucks.com/careers/job/481079320064,"barista - Store# 69803, COOK RD & I-75",BARISTA,69803,COOK RD & I-75,"2909 Cook Rd, Ste 101",West Branch,MI,,US,,1783310400,2026-07-06,87,2026-10-01,1783431987,2026-07-07,86,False,44.2518248,-84.2245373,481079320064,id:260053325,store:69803,Barista,onsite,"2909 Cook Rd, Ste 101, West Branch, Michigan, United States",1,MI,CONUS_L0_005_007;CONUS_L1_016_026,2
2026-10-01,260072020,https://apply.starbucks.com/careers/job/481080765038,"shift supervisor - Store# 69803, COOK RD & I-75",SHIFT_SUPERVISOR,69803,COOK RD & I-75,"2909 Cook Rd, Ste 101",West Branch,MI,,US,,1788840000,2026-09-08,23,2026-10-01,1788961595,2026-09-09,22,False,44.2518248,-84.2245373,481080765038,id:260072020,store:69803,Shift Supervisor,onsite,"2909 Cook Rd, Ste 101, West Branch, Michigan, United States",1,MI,CONUS_L0_005_007;CONUS_L1_016_026,2
2026-10-01,260059522,https://apply.starbucks.com/careers/job/481080000911,"barista - Store# 82307, W HOUGHTON LAKE DR",BARISTA,82307,W HOUGHTON LAKE DR,"1967 W Houghton Lake Dr, Ste 101",Prudenville,MI,,US,,1785729600,2026-08-03,59,2026-10-01,1785851171,2026-08-04,58,False,44.2986903,-84.6773953,481080000911,id:260059522,store:82307,Barista,onsite,"1967 W Houghton Lake Dr, Ste 101, Prudenville, Michigan, United States",1,MI,CONUS_L0_005_007;CONUS_L1_016_025;CONUS_L1_016_026,3
2026-10-01,260080519,https://apply.starbucks.com/careers/job/481081091633,"shift supervisor - Store# 82307, W HOUGHTON LAKE DR",SHIFT_SUPERVISOR,82307,W HOUGHTON LAKE DR,"1967 W Houghton Lake Dr, Ste 101",Prudenville,MI,,US,,1790740800,2026-09-30,1,2026-10-01,1790836015,2026-10-01,0,False,44.2986903,-84.6773953,481081091633,id:260080519,store:82307,Shift Supervisor,onsite,"1967 W Houghton Lake Dr, Ste 101, Prudenville, Michigan, United States",1,MI,CONUS_L0_005_007;CONUS_L1_016_025;CONUS_L1_016_026,3
2026-10-01,260061780,https://apply.starbucks.com/careers/job/481080429540,"barista - Store# 23156, STATE AND WILDER BAY CITY",BARISTA,23156,STATE AND WILDER BAY CITY,"4107 Wilder Rd, #2",Bay City,MI,,US,,1787457600,2026-08-23,39,2026-10-01,1787579129,2026-08-24,38,False,43.62449,-83.89358,481080429540,id:260061780,store:23156,Barista,onsite,"4107 Wilder Rd, #2, Bay City, Michigan, United States",1,MI,CONUS_L0_005_007;CONUS_L1_016_026,2
2026-10-01,260062138,https://apply.starbucks.com/careers/job/481080430611,"shift supervisor - Store# 23156, STATE AND WILDER BAY CITY",SHIFT_SUPERVISOR,23156,STATE AND WILDER BAY CITY,"4107 Wilder Rd, #2",Bay City,MI,,US,,1787457600,2026-08-23,39,2026-10-01,1787579441,2026-08-24,38,False,43.62449,-83.89358,481080430611,id:260062138,store:23156,Shift Supervisor,onsite,"4107 Wilder Rd, #2, Bay City, Michigan, United States",1,MI,CONUS_L0_005_007;CONUS_L1_016_026,2
2026-10-01,260060589,https://apply.starbucks.com/careers/job/481080162895,"shift supervisor - Store# 70725, MCKINLEY & SAGINAW",SHIFT_SUPERVISOR,70725,MCKINLEY & SAGINAW,198 Mckinley St,Bay City,MI,,US,,1786593600,2026-08-13,49,2026-10-01,1786715112,2026-08-14,48,False,43.59497,-83.8898,481080162895,id:260060589,store:70725,Shift Supervisor,onsite,"198 Mckinley St, Bay City, Michigan, United States",1,MI,CONUS_L0_005_007;CONUS_L1_016_026,2
2026-10-01,260079566,https://apply.starbucks.com/careers/job/481080999160,"barista - Store# 70725, MCKINLEY & SAGINAW",BARISTA,70725,MCKINLEY & SAGINAW,198 Mckinley St,Bay City,MI,,US,,1790222400,2026-09-24,7,2026-10-01,1790344119,2026-09-25,6,False,43.59497,-83.8898,481080999160,id:260079566,store:70725,Barista,onsite,"198 Mckinley St, Bay City, Michigan, United States",1,MI,CONUS_L0_005_007;CONUS_L1_016_026,2
2026-10-01,260067502,https://apply.starbucks.com/careers/job/481080699158,"barista - Store# 86067, E CARO & OAKRIDGE",BARISTA,86067,E CARO & OAKRIDGE,1079 E Caro Rd,Caro,MI,,US,,1788321600,2026-09-02,29,2026-10-01,1788456361,2026-09-03,28,False,43.4981794,-83.38489729999999,481080699158,id:260067502,store:86067,Barista,onsite,"1079 E Caro Rd, Caro, Michigan, United States",1,MI,CONUS_L0_005_007;CONUS_L1_015_026;CONUS_L1_016_026;CONUS_L1_016_027,4
2026-10-01,260079989,https://apply.starbucks.com/careers/job/481081029545,"shift supervisor - Store# 86067, E CARO & OAKRIDGE",SHIFT_SUPERVISOR,86067,E CARO & OAKRIDGE,1079 E Caro Rd,Caro,MI,,US,,1790481600,2026-09-27,4,2026-10-01,1790603374,2026-09-28,3,False,43.4981794,-83.38489729999999,481081029545,id:260079989,store:86067,Shift Supervisor,onsite,"1079 E Caro Rd, Caro, Michigan, United States",1,MI,CONUS_L0_005_007;CONUS_L1_015_026;CONUS_L1_016_026;CONUS_L1_016_027,4
2026-10-01,260063670,https://apply.starbucks.com/careers/job/481080567191,"barista - Store# 10033, M-10 & EASTMAN",BARISTA,10033,M-10 & EASTMAN,"7201 Eastman Ave, Eastman Shopping Center",Midland,MI,,US,,1787803200,2026-08-27,35,2026-10-01,1787925108,2026-08-28,34,False,43.6626918,-84.2480266,481080567191,id:260063670,store:10033,Barista,onsite,"7201 Eastman Ave, Eastman Shopping Center, Midland, Michigan, United States",1,MI,CONUS_L0_005_007;CONUS_L1_016_026,2
2026-10-01,260063033,https://apply.starbucks.com/careers/job/481080565218,"shift supervisor - Store# 10033, M-10 & EASTMAN",SHIFT_SUPERVISOR,10033,M-10 & EASTMAN,"7201 Eastman Ave, Eastman Shopping Center",Midland,MI,,US,,1787803200,2026-08-27,35,2026-10-01,1787924598,2026-08-28,34,False,43.6626918,-84.2480266,481080565218,id:260063033,store:10033,Shift Supervisor,onsite,"7201 Eastman Ave, Eastman Shopping Center, Midland, Michigan, United States",1,MI,CONUS_L0_005_007;CONUS_L1_016_026,2
2026-10-01,260064252,https://apply.starbucks.com/careers/job/481080612951,"shift supervisor - Store# 14436, SAGINAW, BAY ROAD & TITTABAWASSEE",SHIFT_SUPERVISOR,14436,"SAGINAW, BAY ROAD & TITTABAWASSEE",2685 Tittabawassee Rd,Saginaw,MI,,US,,1788062400,2026-08-30,32,2026-10-01,1788183661,2026-08-31,31,False,43.4794847,-83.9688461,481080612951,id:260064252,store:14436,Shift Supervisor,onsite,"2685 Tittabawassee Rd, Saginaw, Michigan, United States",1,MI,CONUS_L0_005_007;CONUS_L1_015_026;CONUS_L1_016_026,3
2026-10-01,260078427,https://apply.starbucks.com/careers/job/481080936331,"barista - Store# 14436, SAGINAW, BAY ROAD & TITTABAWASSEE",BARISTA,14436,"SAGINAW, BAY ROAD & TITTABAWASSEE",2685 Tittabawassee Rd,Saginaw,MI,,US,,1789876800,2026-09-20,11,2026-10-01,1789998262,2026-09-21,10,False,43.4794847,-83.9688461,481080936331,id:260078427,store:14436,Barista,onsite,"2685 Tittabawassee Rd, Saginaw, Michigan, United States",1,MI,CONUS_L0_005_007;CONUS_L1_015_026;CONUS_L1_016_026,3
2026-10-01,260079949,https://apply.starbucks.com/careers/job/481081029449,"barista - Store# 51497, State & Center",BARISTA,51497,State & Center,"4961 State St, Ste 100",Saginaw,MI,,US,,1790481600,2026-09-27,4,2026-10-01,1790603335,2026-09-28,3,False,43.436317,-84.0131706,481081029449,id:260079949,store:51497,Barista,onsite,"4961 State St, Ste 100, Saginaw, Michigan, United States",1,MI,CONUS_L0_005_007;CONUS_L1_015_026;CONUS_L1_016_026,3
2026-10-01,260069675,https://apply.starbucks.com/careers/job/481080730560,"shift supervisor - Store# 51497, State & Center",SHIFT_SUPERVISOR,51497,State & Center,"4961 State St, Ste 100",Saginaw,MI,,US,,1788580800,2026-09-05,26,2026-10-01,1788702289,2026-09-06,25,False,43.436317,-84.0131706,481080730560,id:260069675,store:51497,Shift Supervisor,onsite,"4961 State St, Ste 100, Saginaw, Michigan, United States",1,MI,CONUS_L0_005_007;CONUS_L1_015_026;CONUS_L1_016_026,3
2026-10-01,260072789,https://apply.starbucks.com/careers/job/481080796410,"shift supervisor - Store# 83046, M-46 & PRINGLE",SHIFT_SUPERVISOR,83046,M-46 & PRINGLE,7868 Gratiot Rd,Saginaw,MI,,US,,1789012800,2026-09-10,21,2026-10-01,1789135355,2026-09-11,20,False,43.41629,-84.06875,481080796410,id:260072789,store:83046,Shift Supervisor,onsite,"7868 Gratiot Rd, Saginaw, Michigan, United States",1,MI,CONUS_L0_005_007;CONUS_L1_015_026;CONUS_L1_016_026,3
2026-10-01,260073112,https://apply.starbucks.com/careers/job/481080797837,"barista - Store# 83046, M-46 & PRINGLE",BARISTA,83046,M-46 & PRINGLE,7868 Gratiot Rd,Saginaw,MI,,US,,1789012800,2026-09-10,21,2026-10-01,1789135625,2026-09-11,20,False,43.41629,-84.06875,481080797837,id:260073112,store:83046,Barista,onsite,"7868 Gratiot Rd, Saginaw, Michigan, United States",1,MI,CONUS_L0_005_007;CONUS_L1_015_026;CONUS_L1_016_026,3
2026-10-01,260055402,https://apply.starbucks.com/careers/job/481079454051,"barista - Store# 11728, MOUNT PLEASANT, MI",BARISTA,11728,"MOUNT PLEASANT, MI",5655 East Pickard St,Mount Pleasant,MI,,US,,1783828800,2026-07-12,81,2026-10-01,1783950565,2026-07-13,80,False,43.61193,-84.73536,481079454051,id:260055402,store:11728,Barista,onsite,"5655 East Pickard St, Mount Pleasant, Michigan, United States",1,MI,CONUS_L0_005_007;CONUS_L1_015_025;CONUS_L1_016_025;CONUS_L1_016_026,4
2026-10-01,260058176,https://apply.starbucks.com/careers/job/481079849655,"shift supervisor - Store# 11728, MOUNT PLEASANT, MI",SHIFT_SUPERVISOR,11728,"MOUNT PLEASANT, MI",5655 East Pickard St,Mount Pleasant,MI,,US,,1784952000,2026-07-25,68,2026-10-01,1785073444,2026-07-26,67,False,43.61193,-84.73536,481079849655,id:260058176,store:11728,Shift Supervisor,onsite,"5655 East Pickard St, Mount Pleasant, Michigan, United States",1,MI,CONUS_L0_005_007;CONUS_L1_015_025;CONUS_L1_016_025;CONUS_L1_016_026,4
2026-10-01,260072568,https://apply.starbucks.com/careers/job/481080795950,"shift supervisor - Store# 80740, DIXIE HWY & BEARCAT",SHIFT_SUPERVISOR,80740,DIXIE HWY & BEARCAT,6301 Dixie Hwy,Bridgeport,MI,,US,,1789012800,2026-09-10,21,2026-10-01,1789135163,2026-09-11,20,False,43.35468,-83.87194,481080795950,id:260072568,store:80740,Shift Supervisor,onsite,"6301 Dixie Hwy, Bridgeport, Michigan, United States",1,MI,CONUS_L0_005_007;CONUS_L1_015_026;CONUS_L1_016_026,3
2026-10-01,260072704,https://apply.starbucks.com/careers/job/481080796178,"barista - Store# 80740, DIXIE HWY & BEARCAT",BARISTA,80740,DIXIE HWY & BEARCAT,6301 Dixie Hwy,Bridgeport,MI,,US,,1789012800,2026-09-10,21,2026-10-01,1789135281,2026-09-11,20,False,43.35468,-83.87194,481080796178,id:260072704,store:80740,Barista,onsite,"6301 Dixie Hwy, Bridgeport, Michigan, United States",1,MI,CONUS_L0_005_007;CONUS_L1_015_026;CONUS_L1_016_026,3
2026-10-01,260075250,https://apply.starbucks.com/careers/job/481080821451,"barista - Store# 84486, S MISSION & APPIAN WAY",BARISTA,84486,S MISSION & APPIAN WAY,1723 S Mission St,Mount Pleasant,MI,,US,,1789272000,2026-09-13,18,2026-10-01,1789394774,2026-09-14,17,False,43.585125,-84.76684639999999,481080821451,id:260075250,store:84486,Barista,onsite,"1723 S Mission St, Mount Pleasant, Michigan, United States",1,MI,CONUS_L0_005_007;CONUS_L1_015_025;CONUS_L1_016_025;CONUS_L1_016_026,4
2026-10-01,260076306,https://apply.starbucks.com/careers/job/481080861752,"shift supervisor - Store# 84486, S MISSION & APPIAN WAY",SHIFT_SUPERVISOR,84486,S MISSION & APPIAN WAY,1723 S Mission St,Mount Pleasant,MI,,US,,1789444800,2026-09-15,16,2026-10-01,1789566757,2026-09-16,15,False,43.585125,-84.76684639999999,481080861752,id:260076306,store:84486,Shift Supervisor,onsite,"1723 S Mission St, Mount Pleasant, Michigan, United States",1,MI,CONUS_L0_005_007;CONUS_L1_015_025;CONUS_L1_016_025;CONUS_L1_016_026,4
2026-10-01,260074512,https://apply.starbucks.com/careers/job/481080820157,"barista - Store# 02740, BIRCH RUN",BARISTA,02740,BIRCH RUN,"8615 Main St, Suite A",Birch Run,MI,,US,,1789272000,2026-09-13,18,2026-10-01,1789394125,2026-09-14,17,False,43.25061669999999,-83.7822917,481080820157,id:260074512,store:02740,Barista,onsite,"8615 Main St, Suite A, Birch Run, Michigan, United States",1,MI,CONUS_L0_005_007;CONUS_L1_015_026;CONUS_L1_016_026,3
2026-10-01,260075437,https://apply.starbucks.com/careers/job/481080821658,"shift supervisor - Store# 02740, BIRCH RUN",SHIFT_SUPERVISOR,02740,BIRCH RUN,"8615 Main St, Suite A",Birch Run,MI,,US,,1789272000,2026-09-13,18,2026-10-01,1789394937,2026-09-14,17,False,43.25061669999999,-83.7822917,481080821658,id:260075437,store:02740,Shift Supervisor,onsite,"8615 Main St, Suite A, Birch Run, Michigan, United States",1,MI,CONUS_L0_005_007;CONUS_L1_015_026;CONUS_L1_016_026,3
2026-10-01,260073892,https://apply.starbucks.com/careers/job/481080813472,"barista - Store# 19852, PORT HURON",BARISTA,19852,PORT HURON,"4216 24th Ave, Ste 200",Fort Gratiot,MI,,US,,1789185600,2026-09-12,19,2026-10-01,1789307329,2026-09-13,18,False,43.0317017,-82.455365,481080813472,id:260073892,store:19852,Barista,onsite,"4216 24th Ave, Ste 200, Fort Gratiot, Michigan, United States",1,MI,CONUS_L0_005_007;CONUS_L1_015_026;CONUS_L1_015_027,3
2026-10-01,260067274,https://apply.starbucks.com/careers/job/481080699056,"shift supervisor - Store# 19852, PORT HURON",SHIFT_SUPERVISOR,19852,PORT HURON,"4216 24th Ave, Ste 200",Fort Gratiot,MI,,US,,1788321600,2026-09-02,29,2026-10-01,1788456143,2026-09-03,28,False,43.0317017,-82.455365,481080699056,id:260067274,store:19852,Shift Supervisor,onsite,"4216 24th Ave, Ste 200, Fort Gratiot, Michigan, United States",1,MI,CONUS_L0_005_007;CONUS_L1_015_026;CONUS_L1_015_027,3
2026-10-01,260069320,https://apply.starbucks.com/careers/job/481080730125,"shift supervisor - Store# 61500, RED ARROW HWY & I-94",SHIFT_SUPERVISOR,61500,RED ARROW HWY & I-94,4678 Red Arrow Hwy,Stevensville,MI,,US,,1788580800,2026-09-05,27,2026-10-02,1788702009,2026-09-06,26,False,42.0329,-86.51456,481080730125,id:260069320,store:61500,Shift Supervisor,onsite,"4678 Red Arrow Hwy, Stevensville, Michigan, United States",1,MI,CONUS_L1_014_024;CONUS_L1_014_025;CONUS_L1_015_024,3
2026-10-01,260062267,https://apply.starbucks.com/careers/job/481080460518,"barista - Store# 61500, RED ARROW HWY & I-94",BARISTA,61500,RED ARROW HWY & I-94,4678 Red Arrow Hwy,Stevensville,MI,,US,,1787544000,2026-08-24,39,2026-10-02,1787665442,2026-08-25,38,False,42.0329,-86.51456,481080460518,id:260062267,store:61500,Barista,onsite,"4678 Red Arrow Hwy, Stevensville, Michigan, United States",1,MI,CONUS_L1_014_024;CONUS_L1_014_025;CONUS_L1_015_024,3
2026-10-01,260057004,https://apply.starbucks.com/careers/job/481079556101,"barista - Store# 08668, HOLLAND",BARISTA,08668,HOLLAND,3259 West Shore Drive,Holland,MI,,US,,1784174400,2026-07-16,78,2026-10-02,1784295831,2026-07-17,77,False,42.8271998,-86.09330709999999,481079556101,id:260057004,store:08668,Barista,onsite,"3259 West Shore Drive, Holland, Michigan, United States",1,MI,CONUS_L1_015_024;CONUS_L1_015_025,2
2026-10-01,260077586,https://apply.starbucks.com/careers/job/481080891237,"shift supervisor - Store# 08668, HOLLAND",SHIFT_SUPERVISOR,08668,HOLLAND,3259 West Shore Drive,Holland,MI,,US,,1789617600,2026-09-17,15,2026-10-02,1789739283,2026-09-18,14,False,42.8271998,-86.09330709999999,481080891237,id:260077586,store:08668,Shift Supervisor,onsite,"3259 West Shore Drive, Holland, Michigan, United States",1,MI,CONUS_L1_015_024;CONUS_L1_015_025,2
2026-10-01,260071983,https://apply.starbucks.com/careers/job/481080764952,"barista - Store# 54307, 16TH & US-31",BARISTA,54307,16TH & US-31,"590 E 16th St, Ste 10",Holland,MI,,US,,1788840000,2026-09-08,24,2026-10-02,1788961564,2026-09-09,23,False,42.7828661,-86.08160889999999,481080764952,id:260071983,store:54307,Barista,onsite,"590 E 16th St, Ste 10, Holland, Michigan, United States",1,MI,CONUS_L1_015_024;CONUS_L1_015_025,2
2026-10-01,260059333,https://apply.starbucks.com/careers/job/481079982957,"shift supervisor - Store# 54307, 16TH & US-31",SHIFT_SUPERVISOR,54307,16TH & US-31,"590 E 16th St, Ste 10",Holland,MI,,US,,1785643200,2026-08-02,61,2026-10-02,1785764542,2026-08-03,60,False,42.7828661,-86.08160889999999,481079982957,id:260059333,store:54307,Shift Supervisor,onsite,"590 E 16th St, Ste 10, Holland, Michigan, United States",1,MI,CONUS_L1_015_024;CONUS_L1_015_025,2
2026-10-01,260065696,https://apply.starbucks.com/careers/job/481080678441,"barista - Store# 09357, GRAND HAVEN",BARISTA,09357,GRAND HAVEN,426 N Beacon Blvd,Grand Haven,MI,,US,,1788321600,2026-09-02,30,2026-10-02,1788357315,2026-09-02,30,False,43.065547,-86.2196215,481080678441,id:260065696,store:09357,Barista,onsite,"426 N Beacon Blvd, Grand Haven, Michigan, United States",1,MI,CONUS_L1_015_024,1
2026-10-01,260067219,https://apply.starbucks.com/careers/job/481080698895,"barista - Store# 09357, GRAND HAVEN",BARISTA,09357,GRAND HAVEN,426 N Beacon Blvd,Grand Haven,MI,,US,,1788321600,2026-09-02,30,2026-10-02,1788456091,2026-09-03,29,False,43.065547,-86.2196215,481080698895,id:260067219,store:09357,Barista,onsite,"426 N Beacon Blvd, Grand Haven, Michigan, United States",1,MI,CONUS_L1_015_024,1
2026-10-01,260060353,https://apply.starbucks.com/careers/job/481080125988,"shift supervisor - Store# 09357, GRAND HAVEN",SHIFT_SUPERVISOR,09357,GRAND HAVEN,426 N Beacon Blvd,Grand Haven,MI,,US,,1786420800,2026-08-11,52,2026-10-02,1786542330,2026-08-12,51,False,43.065547,-86.2196215,481080125988,id:260060353,store:09357,Shift Supervisor,onsite,"426 N Beacon Blvd, Grand Haven, Michigan, United States",1,MI,CONUS_L1_015_024,1
2026-10-01,260063169,https://apply.starbucks.com/careers/job/481080565538,"barista - Store# 08957, MUSKEGON",BARISTA,08957,MUSKEGON,5506 S. Harvey St,Muskegon,MI,,US,,1787803200,2026-08-27,36,2026-10-02,1787924707,2026-08-28,35,False,43.15252,-86.20447,481080565538,id:260063169,store:08957,Barista,onsite,"5506 S. Harvey St, Muskegon, Michigan, United States",1,MI,CONUS_L1_015_024,1
2026-10-01,260063541,https://apply.starbucks.com/careers/job/481080567171,"shift supervisor - Store# 08957, MUSKEGON",SHIFT_SUPERVISOR,08957,MUSKEGON,5506 S. Harvey St,Muskegon,MI,,US,,1787803200,2026-08-27,36,2026-10-02,1787925005,2026-08-28,35,False,43.15252,-86.20447,481080567171,id:260063541,store:08957,Shift Supervisor,onsite,"5506 S. Harvey St, Muskegon, Michigan, United States",1,MI,CONUS_L1_015_024,1
2026-10-01,260069542,https://apply.starbucks.com/careers/job/481080730440,"shift supervisor - Store# 58273, BALDWIN & MAIN",SHIFT_SUPERVISOR,58273,BALDWIN & MAIN,"180 Baldwin St, 103",Jenison,MI,,US,,1788580800,2026-09-05,27,2026-10-02,1788702183,2026-09-06,26,False,42.90682,-85.78744,481080730440,id:260069542,store:58273,Shift Supervisor,onsite,"180 Baldwin St, 103, Jenison, Michigan, United States",1,MI,CONUS_L1_015_024;CONUS_L1_015_025,2
2026-10-01,260073184,https://apply.starbucks.com/careers/job/481080798002,"barista - Store# 58273, BALDWIN & MAIN",BARISTA,58273,BALDWIN & MAIN,"180 Baldwin St, 103",Jenison,MI,,US,,1789012800,2026-09-10,22,2026-10-02,1789135686,2026-09-11,21,False,42.90682,-85.78744,481080798002,id:260073184,store:58273,Barista,onsite,"180 Baldwin St, 103, Jenison, Michigan, United States",1,MI,CONUS_L1_015_024;CONUS_L1_015_025,2
2026-10-01,260080028,https://apply.starbucks.com/careers/job/481081029643,"barista - Store# 66570, LAKE MICHIGAN & WILSON",BARISTA,66570,LAKE MICHIGAN & WILSON,4370 Lake Michigan Dr NW,Grand Rapids,MI,,US,,1790481600,2026-09-27,5,2026-10-02,1790603413,2026-09-28,4,False,42.971938,-85.7748945,481081029643,id:260080028,store:66570,Barista,onsite,"4370 Lake Michigan Dr NW, Grand Rapids, Michigan, United States",1,MI,CONUS_L1_015_024;CONUS_L1_015_025,2
2026-10-01,260074636,https://apply.starbucks.com/careers/job/481080820313,"shift supervisor - Store# 66570, LAKE MICHIGAN & WILSON",SHIFT_SUPERVISOR,66570,LAKE MICHIGAN & WILSON,4370 Lake Michigan Dr NW,Grand Rapids,MI,,US,,1789272000,2026-09-13,19,2026-10-02,1789394230,2026-09-14,18,False,42.971938,-85.7748945,481080820313,id:260074636,store:66570,Shift Supervisor,onsite,"4370 Lake Michigan Dr NW, Grand Rapids, Michigan, United States",1,MI,CONUS_L1_015_024;CONUS_L1_015_025,2
2026-10-01,260072706,https://apply.starbucks.com/careers/job/481080796169,"barista - Store# 10319, WYOMING, METRO HEALTH VILLAGE",BARISTA,10319,"WYOMING, METRO HEALTH VILLAGE","2355 Health Drive, A",Wyoming,MI,,US,,1789012800,2026-09-10,22,2026-10-02,1789135283,2026-09-11,21,False,42.8604232,-85.72223369999999,481080796169,id:260072706,store:10319,Barista,onsite,"2355 Health Drive, A, Wyoming, Michigan, United States",1,MI,CONUS_L1_015_024;CONUS_L1_015_025,2
2026-10-01,260067322,https://apply.starbucks.com/careers/job/481080698907,"shift supervisor - Store# 10319, WYOMING, METRO HEALTH VILLAGE",SHIFT_SUPERVISOR,10319,"WYOMING, METRO HEALTH VILLAGE","2355 Health Drive, A",Wyoming,MI,,US,,1788321600,2026-09-02,30,2026-10-02,1788456189,2026-09-03,29,False,42.8604232,-85.72223369999999,481080698907,id:260067322,store:10319,Shift Supervisor,onsite,"2355 Health Drive, A, Wyoming, Michigan, United States",1,MI,CONUS_L1_015_024;CONUS_L1_015_025,2
2026-10-01,260068981,https://apply.starbucks.com/careers/job/481080710382,"shift supervisor - Store# 27691, 84TH ST SW & PFEIFFER FARMS DR",SHIFT_SUPERVISOR,27691,84TH ST SW & PFEIFFER FARMS DR,"396 84th Street, Suite 1100",Byron Center,MI,,US,,1788408000,2026-09-03,29,2026-10-02,1788530198,2026-09-04,28,False,42.81138,-85.67283,481080710382,id:260068981,store:27691,Shift Supervisor,onsite,"396 84th Street, Suite 1100, Byron Center, Michigan, United States",1,MI,CONUS_L1_015_024;CONUS_L1_015_025,2
2026-10-01,260070990,https://apply.starbucks.com/careers/job/481080742208,"barista - Store# 27691, 84TH ST SW & PFEIFFER FARMS DR",BARISTA,27691,84TH ST SW & PFEIFFER FARMS DR,"396 84th Street, Suite 1100",Byron Center,MI,,US,,1788667200,2026-09-06,26,2026-10-02,1788788855,2026-09-07,25,False,42.81138,-85.67283,481080742208,id:260070990,store:27691,Barista,onsite,"396 84th Street, Suite 1100, Byron Center, Michigan, United States",1,MI,CONUS_L1_015_024;CONUS_L1_015_025,2
2026-10-01,260076154,https://apply.starbucks.com/careers/job/481080861480,"barista - Store# 55139, WALKER AVE & I-96",BARISTA,55139,WALKER AVE & I-96,2988 Walker Ave NW,Grand Rapids,MI,,US,,1789444800,2026-09-15,17,2026-10-02,1789566627,2026-09-16,16,False,43.01848,-85.72454,481080861480,id:260076154,store:55139,Barista,onsite,"2988 Walker Ave NW, Grand Rapids, Michigan, United States",1,MI,CONUS_L1_015_024;CONUS_L1_015_025,2
2026-10-01,260075756,https://apply.starbucks.com/careers/job/481080840551,"shift supervisor - Store# 55139, WALKER AVE & I-96",SHIFT_SUPERVISOR,55139,WALKER AVE & I-96,2988 Walker Ave NW,Grand Rapids,MI,,US,,1789358400,2026-09-14,18,2026-10-02,1789480017,2026-09-15,17,False,43.01848,-85.72454,481080840551,id:260075756,store:55139,Shift Supervisor,onsite,"2988 Walker Ave NW, Grand Rapids, Michigan, United States",1,MI,CONUS_L1_015_024;CONUS_L1_015_025,2
2026-10-01,260071008,https://apply.starbucks.com/careers/job/481080742171,"shift supervisor - Store# 66055, PICKUP - IONIA & OAKES",SHIFT_SUPERVISOR,66055,PICKUP - IONIA & OAKES,"121 Ionia, 105",Grand Rapids,MI,,US,,1788667200,2026-09-06,26,2026-10-02,1788788870,2026-09-07,25,False,42.96082,-85.67034,481080742171,id:260071008,store:66055,Shift Supervisor,onsite,"121 Ionia, 105, Grand Rapids, Michigan, United States",1,MI,CONUS_L1_015_024;CONUS_L1_015_025,2
2026-10-01,260075707,https://apply.starbucks.com/careers/job/481080840457,"barista - Store# 66055, PICKUP - IONIA & OAKES",BARISTA,66055,PICKUP - IONIA & OAKES,"121 Ionia, 105",Grand Rapids,MI,,US,,1789358400,2026-09-14,18,2026-10-02,1789479973,2026-09-15,17,False,42.96082,-85.67034,481080840457,id:260075707,store:66055,Barista,onsite,"121 Ionia, 105, Grand Rapids, Michigan, United States",1,MI,CONUS_L1_015_024;CONUS_L1_015_025,2
2026-10-01,260079268,https://apply.starbucks.com/careers/job/481080978405,"barista - Store# 13956, ALPINE AVE & COVENTRY",BARISTA,13956,ALPINE AVE & COVENTRY,3287 Alpine Ave NW,Grand Rapids,MI,,US,,1790136000,2026-09-23,9,2026-10-02,1790257536,2026-09-24,8,False,43.02305,-85.68968,481080978405,id:260079268,store:13956,Barista,onsite,"3287 Alpine Ave NW, Grand Rapids, Michigan, United States",1,MI,CONUS_L1_015_024;CONUS_L1_015_025,2
2026-10-01,260077945,https://apply.starbucks.com/careers/job/481080923135,"barista - Store# 17354, KENTWOOD - KALAMAZOO ST & M-6",BARISTA,17354,KENTWOOD - KALAMAZOO ST & M-6,"6333 Kalamazoo Ave SE, Ste 900",Grand Rapids,MI,,US,,1789790400,2026-09-19,13,2026-10-02,1789911611,2026-09-20,12,False,42.8487291,-85.62604189999999,481080923135,id:260077945,store:17354,Barista,onsite,"6333 Kalamazoo Ave SE, Ste 900, Grand Rapids, Michigan, United States",1,MI,CONUS_L1_015_024;CONUS_L1_015_025,2
2026-10-01,260064544,https://apply.starbucks.com/careers/job/481080613935,"shift supervisor - Store# 17354, KENTWOOD - KALAMAZOO ST & M-6",SHIFT_SUPERVISOR,17354,KENTWOOD - KALAMAZOO ST & M-6,"6333 Kalamazoo Ave SE, Ste 900",Grand Rapids,MI,,US,,1788062400,2026-08-30,33,2026-10-02,1788183902,2026-08-31,32,False,42.8487291,-85.62604189999999,481080613935,id:260064544,store:17354,Shift Supervisor,onsite,"6333 Kalamazoo Ave SE, Ste 900, Grand Rapids, Michigan, United States",1,MI,CONUS_L1_015_024;CONUS_L1_015_025,2
2026-10-01,260068708,https://apply.starbucks.com/careers/job/481080710070,"barista - Store# 85329, PIPESTONE & I-94",BARISTA,85329,PIPESTONE & I-94,2029 Pipestone Rd,Benton Harbor,MI,,US,,1788408000,2026-09-03,29,2026-10-02,1788529968,2026-09-04,28,False,42.0802387,-86.41718259999999,481080710070,id:260068708,store:85329,Barista,onsite,"2029 Pipestone Rd, Benton Harbor, Michigan, United States",1,MI,CONUS_L1_014_025;CONUS_L1_015_024,2
2026-10-01,260061561,https://apply.starbucks.com/careers/job/481080387307,"shift supervisor - Store# 85329, PIPESTONE & I-94",SHIFT_SUPERVISOR,85329,PIPESTONE & I-94,2029 Pipestone Rd,Benton Harbor,MI,,US,,1787198400,2026-08-20,43,2026-10-02,1787319587,2026-08-21,42,False,42.0802387,-86.41718259999999,481080387307,id:260061561,store:85329,Shift Supervisor,onsite,"2029 Pipestone Rd, Benton Harbor, Michigan, United States",1,MI,CONUS_L1_014_025;CONUS_L1_015_024,2
2026-10-01,260069364,https://apply.starbucks.com/careers/job/481080730188,"shift supervisor - Store# 54551, FULLER & I-196",SHIFT_SUPERVISOR,54551,FULLER & I-196,465 Fuller Ave NE,Grand Rapids,MI,,US,,1788580800,2026-09-05,27,2026-10-02,1788702044,2026-09-06,26,False,42.97189,-85.64022,481080730188,id:260069364,store:54551,Shift Supervisor,onsite,"465 Fuller Ave NE, Grand Rapids, Michigan, United States",1,MI,CONUS_L1_015_024;CONUS_L1_015_025,2
2026-10-01,260072834,https://apply.starbucks.com/careers/job/481080796558,"barista - Store# 54551, FULLER & I-196",BARISTA,54551,FULLER & I-196,465 Fuller Ave NE,Grand Rapids,MI,,US,,1789012800,2026-09-10,22,2026-10-02,1789135393,2026-09-11,21,False,42.97189,-85.64022,481080796558,id:260072834,store:54551,Barista,onsite,"465 Fuller Ave NE, Grand Rapids, Michigan, United States",1,MI,CONUS_L1_015_024;CONUS_L1_015_025,2
2026-10-01,260074450,https://apply.starbucks.com/careers/job/481080820067,"shift supervisor - Store# 02521, WEALTHY STREET",SHIFT_SUPERVISOR,02521,WEALTHY STREET,2172 Wealthy Street,Grand Rapids,MI,,US,,1789272000,2026-09-13,19,2026-10-02,1789394071,2026-09-14,18,False,42.9504901,-85.6148358,481080820067,id:260074450,store:02521,Shift Supervisor,onsite,"2172 Wealthy Street, Grand Rapids, Michigan, United States",1,MI,CONUS_L1_015_024;CONUS_L1_015_025,2
2026-10-01,260074532,https://apply.starbucks.com/careers/job/481080820170,"barista - Store# 02521, WEALTHY STREET",BARISTA,02521,WEALTHY STREET,2172 Wealthy Street,Grand Rapids,MI,,US,,1789272000,2026-09-13,19,2026-10-02,1789394142,2026-09-14,18,False,42.9504901,-85.6148358,481080820170,id:260074532,store:02521,Barista,onsite,"2172 Wealthy Street, Grand Rapids, Michigan, United States",1,MI,CONUS_L1_015_024;CONUS_L1_015_025,2
2026-10-01,260068518,https://apply.starbucks.com/careers/job/481080709992,"shift supervisor - Store# 48198, BURTON & ROSEMONT",SHIFT_SUPERVISOR,48198,BURTON & ROSEMONT,2480 Burton St SE,Grand Rapids,MI,,US,,1788408000,2026-09-03,29,2026-10-02,1788529804,2026-09-04,28,False,42.92684,-85.60577,481080709992,id:260068518,store:48198,Shift Supervisor,onsite,"2480 Burton St SE, Grand Rapids, Michigan, United States",1,MI,CONUS_L1_015_024;CONUS_L1_015_025,2
2026-10-01,260079537,https://apply.starbucks.com/careers/job/481080998913,"barista - Store# 48198, BURTON & ROSEMONT",BARISTA,48198,BURTON & ROSEMONT,2480 Burton St SE,Grand Rapids,MI,,US,,1790222400,2026-09-24,8,2026-10-02,1790344094,2026-09-25,7,False,42.92684,-85.60577,481080998913,id:260079537,store:48198,Barista,onsite,"2480 Burton St SE, Grand Rapids, Michigan, United States",1,MI,CONUS_L1_015_024;CONUS_L1_015_025,2
2026-10-01,260063234,https://apply.starbucks.com/careers/job/481080565758,"shift supervisor - Store# 10379, KENTWOOD, 28TH & M-37",SHIFT_SUPERVISOR,10379,"KENTWOOD, 28TH & M-37",2757 E Beltline Ave SE,Grand Rapids,MI,,US,,1787803200,2026-08-27,36,2026-10-02,1787924759,2026-08-28,35,False,42.9132203,-85.584102,481080565758,id:260063234,store:10379,Shift Supervisor,onsite,"2757 E Beltline Ave SE, Grand Rapids, Michigan, United States",1,MI,CONUS_L1_015_024;CONUS_L1_015_025,2
2026-10-01,260063206,https://apply.starbucks.com/careers/job/481080565672,"barista - Store# 10379, KENTWOOD, 28TH & M-37",BARISTA,10379,"KENTWOOD, 28TH & M-37",2757 E Beltline Ave SE,Grand Rapids,MI,,US,,1787803200,2026-08-27,36,2026-10-02,1787924736,2026-08-28,35,False,42.9132203,-85.584102,481080565672,id:260063206,store:10379,Barista,onsite,"2757 E Beltline Ave SE, Grand Rapids, Michigan, United States",1,MI,CONUS_L1_015_024;CONUS_L1_015_025,2
2026-10-01,260056018,https://apply.starbucks.com/careers/job/481079473385,"barista - Store# 61498, M-89 & RIVER RD",BARISTA,61498,M-89 & RIVER RD,"1175 M-89, A",Plainwell,MI,,US,,1783915200,2026-07-13,81,2026-10-02,1784037218,2026-07-14,80,False,42.45011,-85.65902,481079473385,id:260056018,store:61498,Barista,onsite,"1175 M-89, A, Plainwell, Michigan, United States",1,MI,CONUS_L1_015_024;CONUS_L1_015_025,2
2026-10-01,260056489,https://apply.starbucks.com/careers/job/481079498785,"shift supervisor - Store# 61498, M-89 & RIVER RD",SHIFT_SUPERVISOR,61498,M-89 & RIVER RD,"1175 M-89, A",Plainwell,MI,,US,,1784001600,2026-07-14,80,2026-10-02,1784123229,2026-07-15,79,False,42.45011,-85.65902,481079498785,id:260056489,store:61498,Shift Supervisor,onsite,"1175 M-89, A, Plainwell, Michigan, United States",1,MI,CONUS_L1_015_024;CONUS_L1_015_025,2
2026-10-01,260080226,https://apply.starbucks.com/careers/job/481081059041,"barista - Store# 02661, EAST BELTLINE & KNAPP RD",BARISTA,02661,EAST BELTLINE & KNAPP RD,"2135 E Beltline Ave NE, Celebration Village",Grand Rapids,MI,,US,,1790568000,2026-09-28,4,2026-10-02,1790689639,2026-09-29,3,False,43.0014639,-85.59124949999999,481081059041,id:260080226,store:02661,Barista,onsite,"2135 E Beltline Ave NE, Celebration Village, Grand Rapids, Michigan, United States",1,MI,CONUS_L1_015_024;CONUS_L1_015_025,2
2026-10-01,260074948,https://apply.starbucks.com/careers/job/481080820737,"shift supervisor - Store# 02661, EAST BELTLINE & KNAPP RD",SHIFT_SUPERVISOR,02661,EAST BELTLINE & KNAPP RD,"2135 E Beltline Ave NE, Celebration Village",Grand Rapids,MI,,US,,1789272000,2026-09-13,19,2026-10-02,1789394509,2026-09-14,18,False,43.0014639,-85.59124949999999,481080820737,id:260074948,store:02661,Shift Supervisor,onsite,"2135 E Beltline Ave NE, Celebration Village, Grand Rapids, Michigan, United States",1,MI,CONUS_L1_015_024;CONUS_L1_015_025,2
2026-10-01,260071115,https://apply.starbucks.com/careers/job/481080742379,"shift supervisor - Store# 67886, BROADMOOR & 68TH ST",SHIFT_SUPERVISOR,67886,BROADMOOR & 68TH ST,6700 Broadmoor Ave SE,Caledonia,MI,,US,,1788667200,2026-09-06,26,2026-10-02,1788788958,2026-09-07,25,False,42.84263,-85.53118,481080742379,id:260071115,store:67886,Shift Supervisor,onsite,"6700 Broadmoor Ave SE, Caledonia, Michigan, United States",1,MI,CONUS_L1_015_024;CONUS_L1_015_025,2
2026-10-01,260063447,https://apply.starbucks.com/careers/job/481080566417,"shift supervisor - Store# 09710, WATERFALL SHOPPES",SHIFT_SUPERVISOR,09710,WATERFALL SHOPPES,"5070 28th St SE, Ste D",Grand Rapids,MI,,US,,1787803200,2026-08-27,36,2026-10-02,1787924929,2026-08-28,35,False,42.912178,-85.543205,481080566417,id:260063447,store:09710,Shift Supervisor,onsite,"5070 28th St SE, Ste D, Grand Rapids, Michigan, United States",1,MI,CONUS_L1_015_024;CONUS_L1_015_025,2
2026-10-01,260065678,https://apply.starbucks.com/careers/job/481080678284,"barista - Store# 09710, WATERFALL SHOPPES",BARISTA,09710,WATERFALL SHOPPES,"5070 28th St SE, Ste D",Grand Rapids,MI,,US,,1788321600,2026-09-02,30,2026-10-02,1788357299,2026-09-02,30,False,42.912178,-85.543205,481080678284,id:260065678,store:09710,Barista,onsite,"5070 28th St SE, Ste D, Grand Rapids, Michigan, United States",1,MI,CONUS_L1_015_024;CONUS_L1_015_025,2
2026-10-01,260064833,https://apply.starbucks.com/careers/job/481080613960,"barista - Store# 11878, NORTHLAND DRIVE",BARISTA,11878,NORTHLAND DRIVE,"5221 Northland Dr NE, Family Fare Shopping Center",Grand Rapids,MI,,US,,1788062400,2026-08-30,33,2026-10-02,1788184147,2026-08-31,32,False,43.0578014,-85.58036349999999,481080613960,id:260064833,store:11878,Barista,onsite,"5221 Northland Dr NE, Family Fare Shopping Center, Grand Rapids, Michigan, United States",1,MI,CONUS_L1_015_024;CONUS_L1_015_025,2
2026-10-01,260064661,https://apply.starbucks.com/careers/job/481080614053,"shift supervisor - Store# 11878, NORTHLAND DRIVE",SHIFT_SUPERVISOR,11878,NORTHLAND DRIVE,"5221 Northland Dr NE, Family Fare Shopping Center",Grand Rapids,MI,,US,,1788062400,2026-08-30,33,2026-10-02,1788184000,2026-08-31,32,False,43.0578014,-85.58036349999999,481080614053,id:260064661,store:11878,Shift Supervisor,onsite,"5221 Northland Dr NE, Family Fare Shopping Center, Grand Rapids, Michigan, United States",1,MI,CONUS_L1_015_024;CONUS_L1_015_025,2
2026-10-01,260070062,https://apply.starbucks.com/careers/job/481080731013,"shift supervisor - Store# 54874, 28TH & CASCADE",SHIFT_SUPERVISOR,54874,28TH & CASCADE,6753 Cascade Rd SE,Grand Rapids,MI,,US,,1788580800,2026-09-05,27,2026-10-02,1788702594,2026-09-06,26,False,42.9162,-85.50091,481080731013,id:260070062,store:54874,Shift Supervisor,onsite,"6753 Cascade Rd SE, Grand Rapids, Michigan, United States",1,MI,CONUS_L1_015_024;CONUS_L1_015_025,2
2026-10-01,260071680,https://apply.starbucks.com/careers/job/481080764524,"barista - Store# 54874, 28TH & CASCADE",BARISTA,54874,28TH & CASCADE,6753 Cascade Rd SE,Grand Rapids,MI,,US,,1788840000,2026-09-08,24,2026-10-02,1788961320,2026-09-09,23,False,42.9162,-85.50091,481080764524,id:260071680,store:54874,Barista,onsite,"6753 Cascade Rd SE, Grand Rapids, Michigan, United States",1,MI,CONUS_L1_015_024;CONUS_L1_015_025,2
2026-10-01,260077796,https://apply.starbucks.com/careers/job/481080891637,"shift supervisor - Store# 08679, KALAMAZOO - WEST MAIN",SHIFT_SUPERVISOR,08679,KALAMAZOO - WEST MAIN,5370 W Main St,Kalamazoo,MI,,US,,1789617600,2026-09-17,15,2026-10-02,1789739462,2026-09-18,14,False,42.29660630000001,-85.6557644,481080891637,id:260077796,store:08679,Shift Supervisor,onsite,"5370 W Main St, Kalamazoo, Michigan, United States",1,MI,CONUS_L1_014_025;CONUS_L1_015_024;CONUS_L1_015_025,3
2026-10-01,260077139,https://apply.starbucks.com/careers/job/481080890663,"barista - Store# 08679, KALAMAZOO - WEST MAIN",BARISTA,08679,KALAMAZOO - WEST MAIN,5370 W Main St,Kalamazoo,MI,,US,,1789617600,2026-09-17,15,2026-10-02,1789738896,2026-09-18,14,False,42.29660630000001,-85.6557644,481080890663,id:260077139,store:08679,Barista,onsite,"5370 W Main St, Kalamazoo, Michigan, United States",1,MI,CONUS_L1_014_025;CONUS_L1_015_024;CONUS_L1_015_025,3
2026-10-01,260056000,https://apply.starbucks.com/careers/job/481079473348,"barista - Store# 11851, STADIUM & DRAKE",BARISTA,11851,STADIUM & DRAKE,4612 Stadium Dr,Kalamazoo,MI,,US,,1783915200,2026-07-13,81,2026-10-02,1784037203,2026-07-14,80,False,42.27055499999999,-85.6460963,481079473348,id:260056000,store:11851,Barista,onsite,"4612 Stadium Dr, Kalamazoo, Michigan, United States",1,MI,CONUS_L1_014_025;CONUS_L1_015_024;CONUS_L1_015_025,3
2026-10-01,260069188,https://apply.starbucks.com/careers/job/481080710817,"shift supervisor - Store# 11851, STADIUM & DRAKE",SHIFT_SUPERVISOR,11851,STADIUM & DRAKE,4612 Stadium Dr,Kalamazoo,MI,,US,,1788408000,2026-09-03,29,2026-10-02,1788530373,2026-09-04,28,False,42.27055499999999,-85.6460963,481080710817,id:260069188,store:11851,Shift Supervisor,onsite,"4612 Stadium Dr, Kalamazoo, Michigan, United States",1,MI,CONUS_L1_014_025;CONUS_L1_015_024;CONUS_L1_015_025,3
2026-10-01,260053199,https://apply.starbucks.com/careers/job/481079247439,"shift supervisor - Store# 49607, 9TH & I-94",SHIFT_SUPERVISOR,49607,9TH & I-94,5341 S 9th St,Kalamazoo,MI,,US,,1783224000,2026-07-05,89,2026-10-02,1783345147,2026-07-06,88,False,42.2403232,-85.6768558,481079247439,id:260053199,store:49607,Shift Supervisor,onsite,"5341 S 9th St, Kalamazoo, Michigan, United States",1,MI,CONUS_L1_014_025;CONUS_L1_015_024;CONUS_L1_015_025,3
2026-10-01,260078519,https://apply.starbucks.com/careers/job/481080936493,"barista - Store# 49607, 9TH & I-94",BARISTA,49607,9TH & I-94,5341 S 9th St,Kalamazoo,MI,,US,,1789876800,2026-09-20,12,2026-10-02,1789998339,2026-09-21,11,False,42.2403232,-85.6768558,481080936493,id:260078519,store:49607,Barista,onsite,"5341 S 9th St, Kalamazoo, Michigan, United States",1,MI,CONUS_L1_014_025;CONUS_L1_015_024;CONUS_L1_015_025,3
2026-10-01,260061808,https://apply.starbucks.com/careers/job/481080429589,"shift supervisor - Store# 66227, M-21 & ALDEN NASH",SHIFT_SUPERVISOR,66227,M-21 & ALDEN NASH,11921 Fulton St E,Lowell,MI,,US,,1787457600,2026-08-23,40,2026-10-02,1787579154,2026-08-24,39,False,42.931284,-85.373572,481080429589,id:260061808,store:66227,Shift Supervisor,onsite,"11921 Fulton St E, Lowell, Michigan, United States",1,MI,CONUS_L1_015_024;CONUS_L1_015_025,2
2026-10-01,260062808,https://apply.starbucks.com/careers/job/481080495081,"shift supervisor - Store# 51958, Gull & Sprinkle",SHIFT_SUPERVISOR,51958,Gull & Sprinkle,"5623 Gull Rd, Ste 100",Kalamazoo,MI,,US,,1787630400,2026-08-25,38,2026-10-02,1787752514,2026-08-26,37,False,42.3257376,-85.5184348,481080495081,id:260062808,store:51958,Shift Supervisor,onsite,"5623 Gull Rd, Ste 100, Kalamazoo, Michigan, United States",1,MI,CONUS_L1_014_025;CONUS_L1_015_024;CONUS_L1_015_025,3
2026-10-01,260076699,https://apply.starbucks.com/careers/job/481080862752,"barista - Store# 51958, Gull & Sprinkle",BARISTA,51958,Gull & Sprinkle,"5623 Gull Rd, Ste 100",Kalamazoo,MI,,US,,1789444800,2026-09-15,17,2026-10-02,1789567096,2026-09-16,16,False,42.3257376,-85.5184348,481080862752,id:260076699,store:51958,Barista,onsite,"5623 Gull Rd, Ste 100, Kalamazoo, Michigan, United States",1,MI,CONUS_L1_014_025;CONUS_L1_015_024;CONUS_L1_015_025,3
2026-10-01,260060900,https://apply.starbucks.com/careers/job/481080183394,"barista - Store# 67455, Centerville & South",BARISTA,67455,Centerville & South,1087 S Centerville Rd,Sturgis,MI,,US,,1786766400,2026-08-15,48,2026-10-02,1786887952,2026-08-16,47,False,41.7878439,-85.42907369999999,481080183394,id:260060900,store:67455,Barista,onsite,"1087 S Centerville Rd, Sturgis, Michigan, United States",1,MI,CONUS_L1_014_025,1
2026-10-01,260058049,https://apply.starbucks.com/careers/job/481079849210,"shift supervisor - Store# 67455, Centerville & South",SHIFT_SUPERVISOR,67455,Centerville & South,1087 S Centerville Rd,Sturgis,MI,,US,,1784952000,2026-07-25,69,2026-10-02,1785073337,2026-07-26,68,False,41.7878439,-85.42907369999999,481079849210,id:260058049,store:67455,Shift Supervisor,onsite,"1087 S Centerville Rd, Sturgis, Michigan, United States",1,MI,CONUS_L1_014_025,1
2026-10-01,260062837,https://apply.starbucks.com/careers/job/481080495316,"shift supervisor - Store# 61499, US-131 & MILLARD",SHIFT_SUPERVISOR,61499,US-131 & MILLARD,401 S US Hwy 131,Three Rivers,MI,,US,,1787630400,2026-08-25,38,2026-10-02,1787752538,2026-08-26,37,False,41.9381843,-85.6507665,481080495316,id:260062837,store:61499,Shift Supervisor,onsite,"401 S US Hwy 131, Three Rivers, Michigan, United States",1,MI,CONUS_L1_014_025,1
2026-10-01,260062742,https://apply.starbucks.com/careers/job/481080494978,"barista - Store# 61499, US-131 & MILLARD",BARISTA,61499,US-131 & MILLARD,401 S US Hwy 131,Three Rivers,MI,,US,,1787630400,2026-08-25,38,2026-10-02,1787752462,2026-08-26,37,False,41.9381843,-85.6507665,481080494978,id:260062742,store:61499,Barista,onsite,"401 S US Hwy 131, Three Rivers, Michigan, United States",1,MI,CONUS_L1_014_025,1
2026-10-01,260058441,https://apply.starbucks.com/careers/job/481079865480,"shift supervisor - Store# 69662, PORTAGE - SHAVER RD",SHIFT_SUPERVISOR,69662,PORTAGE - SHAVER RD,8980 Shaver Rd,Portage,MI,,US,,1785038400,2026-07-26,68,2026-10-02,1785159912,2026-07-27,67,False,42.18679,-85.60334,481079865480,id:260058441,store:69662,Shift Supervisor,onsite,"8980 Shaver Rd, Portage, Michigan, United States",1,MI,CONUS_L1_014_025;CONUS_L1_015_025,2
2026-10-01,260053720,https://apply.starbucks.com/careers/job/481079385342,"barista - Store# 49793, WESTNEDGE & RUTH",BARISTA,49793,WESTNEDGE & RUTH,6525 S Westnedge,Portage,MI,,US,,1783483200,2026-07-08,86,2026-10-02,1783604537,2026-07-09,85,False,42.22208,-85.58896,481079385342,id:260053720,store:49793,Barista,onsite,"6525 S Westnedge, Portage, Michigan, United States",1,MI,CONUS_L1_014_025;CONUS_L1_015_025,2
2026-10-01,260068885,https://apply.starbucks.com/careers/job/481080710238,"shift supervisor - Store# 49793, WESTNEDGE & RUTH",SHIFT_SUPERVISOR,49793,WESTNEDGE & RUTH,6525 S Westnedge,Portage,MI,,US,,1788408000,2026-09-03,29,2026-10-02,1788530117,2026-09-04,28,False,42.22208,-85.58896,481080710238,id:260068885,store:49793,Shift Supervisor,onsite,"6525 S Westnedge, Portage, Michigan, United States",1,MI,CONUS_L1_014_025;CONUS_L1_015_025,2
2026-10-01,260068039,https://apply.starbucks.com/careers/job/481080699898,"barista - Store# 10742, BECKLEY & I-94",BARISTA,10742,BECKLEY & I-94,"5997 Beckley Rd, Harper Village",Battle Creek,MI,,US,,1788321600,2026-09-02,30,2026-10-02,1788456864,2026-09-03,29,False,42.26226,-85.17944,481080699898,id:260068039,store:10742,Barista,onsite,"5997 Beckley Rd, Harper Village, Battle Creek, Michigan, United States",1,MI,CONUS_L1_014_025;CONUS_L1_015_025,2
2026-10-01,260067907,https://apply.starbucks.com/careers/job/481080699669,"shift supervisor - Store# 10742, BECKLEY & I-94",SHIFT_SUPERVISOR,10742,BECKLEY & I-94,"5997 Beckley Rd, Harper Village",Battle Creek,MI,,US,,1788321600,2026-09-02,30,2026-10-02,1788456738,2026-09-03,29,False,42.26226,-85.17944,481080699669,id:260067907,store:10742,Shift Supervisor,onsite,"5997 Beckley Rd, Harper Village, Battle Creek, Michigan, United States",1,MI,CONUS_L1_014_025;CONUS_L1_015_025,2
2026-10-01,260066385,https://apply.starbucks.com/careers/job/481080679359,"shift supervisor - Store# 10742, BECKLEY & I-94",SHIFT_SUPERVISOR,10742,BECKLEY & I-94,"5997 Beckley Rd, Harper Village",Battle Creek,MI,,US,,1788321600,2026-09-02,30,2026-10-02,1788357929,2026-09-02,30,False,42.26226,-85.17944,481080679359,id:260066385,store:10742,Shift Supervisor,onsite,"5997 Beckley Rd, Harper Village, Battle Creek, Michigan, United States",1,MI,CONUS_L1_014_025;CONUS_L1_015_025,2
2026-10-01,260066517,https://apply.starbucks.com/careers/job/481080679749,"barista - Store# 10742, BECKLEY & I-94",BARISTA,10742,BECKLEY & I-94,"5997 Beckley Rd, Harper Village",Battle Creek,MI,,US,,1788321600,2026-09-02,30,2026-10-02,1788358048,2026-09-02,30,False,42.26226,-85.17944,481080679749,id:260066517,store:10742,Barista,onsite,"5997 Beckley Rd, Harper Village, Battle Creek, Michigan, United States",1,MI,CONUS_L1_014_025;CONUS_L1_015_025,2
2026-10-01,260070535,https://apply.starbucks.com/careers/job/481080741598,"shift supervisor - Store# 14733, ADRIAN",SHIFT_SUPERVISOR,14733,ADRIAN,1515 E US 223,Adrian,MI,,US,,1788667200,2026-09-06,26,2026-10-02,1788788495,2026-09-07,25,False,41.87446,-84.03261,481080741598,id:260070535,store:14733,Shift Supervisor,onsite,"1515 E US 223, Adrian, Michigan, United States",1,MI,CONUS_L1_014_026,1
2026-10-01,260065795,https://apply.starbucks.com/careers/job/481080678200,"barista - Store# 24658, MONROE",BARISTA,24658,MONROE,2080 N Telegraph Rd,Monroe,MI,,US,,1788321600,2026-09-02,30,2026-10-02,1788357402,2026-09-02,30,False,41.95046,-83.39914,481080678200,id:260065795,store:24658,Barista,onsite,"2080 N Telegraph Rd, Monroe, Michigan, United States",1,MI,CONUS_L1_014_026;CONUS_L1_014_027;CONUS_L1_015_026,3
2026-10-01,260066945,https://apply.starbucks.com/careers/job/481080698527,"shift supervisor - Store# 24658, MONROE",SHIFT_SUPERVISOR,24658,MONROE,2080 N Telegraph Rd,Monroe,MI,,US,,1788321600,2026-09-02,30,2026-10-02,1788455829,2026-09-03,29,False,41.95046,-83.39914,481080698527,id:260066945,store:24658,Shift Supervisor,onsite,"2080 N Telegraph Rd, Monroe, Michigan, United States",1,MI,CONUS_L1_014_026;CONUS_L1_014_027;CONUS_L1_015_026,3
2026-10-01,260059494,https://apply.starbucks.com/careers/job/481080000871,"barista - Store# 85244, N DIXIE & TERNES",BARISTA,85244,N DIXIE & TERNES,1224 N Dixie Hwy,Monroe,MI,,US,,1785729600,2026-08-03,60,2026-10-02,1785851146,2026-08-04,59,False,41.9252255,-83.36472189999999,481080000871,id:260059494,store:85244,Barista,onsite,"1224 N Dixie Hwy, Monroe, Michigan, United States",1,MI,CONUS_L1_014_026;CONUS_L1_014_027;CONUS_L1_015_026,3
2026-10-01,260074690,https://apply.starbucks.com/careers/job/481080820424,"shift supervisor - Store# 85244, N DIXIE & TERNES",SHIFT_SUPERVISOR,85244,N DIXIE & TERNES,1224 N Dixie Hwy,Monroe,MI,,US,,1789272000,2026-09-13,19,2026-10-02,1789394277,2026-09-14,18,False,41.9252255,-83.36472189999999,481080820424,id:260074690,store:85244,Shift Supervisor,onsite,"1224 N Dixie Hwy, Monroe, Michigan, United States",1,MI,CONUS_L1_014_026;CONUS_L1_014_027;CONUS_L1_015_026,3
2026-10-01,260066153,https://apply.starbucks.com/careers/job/481080678969,"shift supervisor - Store# 23876, ANN ARBOR- SALINE & LOHR",SHIFT_SUPERVISOR,23876,ANN ARBOR- SALINE & LOHR,3141 Ann Arbor-Saline Rd,Ann Arbor,MI,,US,,1788321600,2026-09-02,30,2026-10-02,1788357723,2026-09-02,30,False,42.2413941,-83.76802579999999,481080678969,id:260066153,store:23876,Shift Supervisor,onsite,"3141 Ann Arbor-Saline Rd, Ann Arbor, Michigan, United States",1,MI,CONUS_L1_014_026;CONUS_L1_015_026,2
2026-10-01,260065216,https://apply.starbucks.com/careers/job/481080677409,"barista - Store# 10560, I-94 AND M50",BARISTA,10560,I-94 AND M50,1801 North West Ave.,Jackson,MI,,US,,1788321600,2026-09-02,30,2026-10-02,1788356891,2026-09-02,30,False,42.27019,-84.42494,481080677409,id:260065216,store:10560,Barista,onsite,"1801 North West Ave., Jackson, Michigan, United States",1,MI,CONUS_L1_014_026;CONUS_L1_015_025,2
2026-10-01,260056540,https://apply.starbucks.com/careers/job/481079498507,"shift supervisor - Store# 10560, I-94 AND M50",SHIFT_SUPERVISOR,10560,I-94 AND M50,1801 North West Ave.,Jackson,MI,,US,,1784001600,2026-07-14,80,2026-10-02,1784123266,2026-07-15,79,False,42.27019,-84.42494,481079498507,id:260056540,store:10560,Shift Supervisor,onsite,"1801 North West Ave., Jackson, Michigan, United States",1,MI,CONUS_L1_014_026;CONUS_L1_015_025,2
2026-10-01,260066738,https://apply.starbucks.com/careers/job/481080698262,"barista - Store# 10560, I-94 AND M50",BARISTA,10560,I-94 AND M50,1801 North West Ave.,Jackson,MI,,US,,1788321600,2026-09-02,30,2026-10-02,1788455634,2026-09-03,29,False,42.27019,-84.42494,481080698262,id:260066738,store:10560,Barista,onsite,"1801 North West Ave., Jackson, Michigan, United States",1,MI,CONUS_L1_014_026;CONUS_L1_015_025,2
2026-10-01,260057355,https://apply.starbucks.com/careers/job/481079587771,"shift supervisor - Store# 62729, CHELSEA, SOUTH MAIN & BROWN RD.",SHIFT_SUPERVISOR,62729,"CHELSEA, SOUTH MAIN & BROWN RD.",1620 S Main St,Chelsea,MI,,US,,1784347200,2026-07-18,76,2026-10-02,1784468487,2026-07-19,75,False,42.29754399999999,-84.026195,481079587771,id:260057355,store:62729,Shift Supervisor,onsite,"1620 S Main St, Chelsea, Michigan, United States",1,MI,CONUS_L1_014_026;CONUS_L1_015_025;CONUS_L1_015_026,3
2026-10-01,260054814,https://apply.starbucks.com/careers/job/481079406523,"barista - Store# 62729, CHELSEA, SOUTH MAIN & BROWN RD.",BARISTA,62729,"CHELSEA, SOUTH MAIN & BROWN RD.",1620 S Main St,Chelsea,MI,,US,,1783569600,2026-07-09,85,2026-10-02,1783691612,2026-07-10,84,False,42.29754399999999,-84.026195,481079406523,id:260054814,store:62729,Barista,onsite,"1620 S Main St, Chelsea, Michigan, United States",1,MI,CONUS_L1_014_026;CONUS_L1_015_025;CONUS_L1_015_026,3
2026-10-01,260064149,https://apply.starbucks.com/careers/job/481080612707,"shift supervisor - Store# 13531, CARPENTER RD.",SHIFT_SUPERVISOR,13531,CARPENTER RD.,3650 Carpenter Rd.,Ann Arbor,MI,,US,,1788062400,2026-08-30,33,2026-10-02,1788183574,2026-08-31,32,False,42.237162,-83.68117029999999,481080612707,id:260064149,store:13531,Shift Supervisor,onsite,"3650 Carpenter Rd., Ann Arbor, Michigan, United States",1,MI,CONUS_L1_014_026;CONUS_L1_015_026,2
2026-10-01,260078470,https://apply.starbucks.com/careers/job/481080936413,"barista - Store# 13531, CARPENTER RD.",BARISTA,13531,CARPENTER RD.,3650 Carpenter Rd.,Ann Arbor,MI,,US,,1789876800,2026-09-20,12,2026-10-02,1789998297,2026-09-21,11,False,42.237162,-83.68117029999999,481080936413,id:260078470,store:13531,Barista,onsite,"3650 Carpenter Rd., Ann Arbor, Michigan, United States",1,MI,CONUS_L1_014_026;CONUS_L1_015_026,2
2026-10-01,260062461,https://apply.starbucks.com/careers/job/481080494321,"shift supervisor - Store# 23127, JACKSON AND ZEEB",SHIFT_SUPERVISOR,23127,JACKSON AND ZEEB,"120 S. Zeeb Rd, Suite 101",Ann Arbor,MI,,US,,1787630400,2026-08-25,38,2026-10-02,1787752237,2026-08-26,37,False,42.28596,-83.83924,481080494321,id:260062461,store:23127,Shift Supervisor,onsite,"120 S. Zeeb Rd, Suite 101, Ann Arbor, Michigan, United States",1,MI,CONUS_L1_014_026;CONUS_L1_015_026,2
2026-10-01,260080554,https://apply.starbucks.com/careers/job/481081091674,"barista - Store# 23127, JACKSON AND ZEEB",BARISTA,23127,JACKSON AND ZEEB,"120 S. Zeeb Rd, Suite 101",Ann Arbor,MI,,US,,1790740800,2026-09-30,2,2026-10-02,1790836046,2026-10-01,1,False,42.28596,-83.83924,481081091674,id:260080554,store:23127,Barista,onsite,"120 S. Zeeb Rd, Suite 101, Ann Arbor, Michigan, United States",1,MI,CONUS_L1_014_026;CONUS_L1_015_026,2
2026-10-01,260061928,https://apply.starbucks.com/careers/job/481080429770,"barista - Store# 02342, ARBORLAND",BARISTA,02342,ARBORLAND,"3601 Washtenaw Ave, Arborland Shopping Center",Ann Arbor,MI,,US,,1787457600,2026-08-23,40,2026-10-02,1787579261,2026-08-24,39,False,42.2571543,-83.6876357,481080429770,id:260061928,store:02342,Barista,onsite,"3601 Washtenaw Ave, Arborland Shopping Center, Ann Arbor, Michigan, United States",1,MI,CONUS_L1_014_026;CONUS_L1_015_026,2
2026-10-01,260062013,https://apply.starbucks.com/careers/job/481080429867,"shift supervisor - Store# 02342, ARBORLAND",SHIFT_SUPERVISOR,02342,ARBORLAND,"3601 Washtenaw Ave, Arborland Shopping Center",Ann Arbor,MI,,US,,1787457600,2026-08-23,40,2026-10-02,1787579334,2026-08-24,39,False,42.2571543,-83.6876357,481080429867,id:260062013,store:02342,Shift Supervisor,onsite,"3601 Washtenaw Ave, Arborland Shopping Center, Ann Arbor, Michigan, United States",1,MI,CONUS_L1_014_026;CONUS_L1_015_026,2
2026-10-01,260064238,https://apply.starbucks.com/careers/job/481080612901,"shift supervisor - Store# 11966, GLENCOE CROSSING",SHIFT_SUPERVISOR,11966,GLENCOE CROSSING,"4585 Washtenaw Ave, Glencoe Crossing Shopping Center",Ann Arbor,MI,,US,,1788062400,2026-08-30,33,2026-10-02,1788183648,2026-08-31,32,False,42.25221,-83.669,481080612901,id:260064238,store:11966,Shift Supervisor,onsite,"4585 Washtenaw Ave, Glencoe Crossing Shopping Center, Ann Arbor, Michigan, United States",1,MI,CONUS_L1_014_026;CONUS_L1_015_026,2
2026-10-01,260074040,https://apply.starbucks.com/careers/job/481080813675,"barista - Store# 11966, GLENCOE CROSSING",BARISTA,11966,GLENCOE CROSSING,"4585 Washtenaw Ave, Glencoe Crossing Shopping Center",Ann Arbor,MI,,US,,1789185600,2026-09-12,20,2026-10-02,1789307466,2026-09-13,19,False,42.25221,-83.669,481080813675,id:260074040,store:11966,Barista,onsite,"4585 Washtenaw Ave, Glencoe Crossing Shopping Center, Ann Arbor, Michigan, United States",1,MI,CONUS_L1_014_026;CONUS_L1_015_026,2
2026-10-01,260073350,https://apply.starbucks.com/careers/job/481080798363,"shift supervisor - Store# 02359, STATE AND LIBERTY",SHIFT_SUPERVISOR,02359,STATE AND LIBERTY,222 S State St,Ann Arbor,MI,,US,,1789012800,2026-09-10,22,2026-10-02,1789135830,2026-09-11,21,False,42.27954099999999,-83.7410386,481080798363,id:260073350,store:02359,Shift Supervisor,onsite,"222 S State St, Ann Arbor, Michigan, United States",1,MI,CONUS_L1_014_026;CONUS_L1_015_026,2
2026-10-01,260075234,https://apply.starbucks.com/careers/job/481080821443,"barista - Store# 02359, STATE AND LIBERTY",BARISTA,02359,STATE AND LIBERTY,222 S State St,Ann Arbor,MI,,US,,1789272000,2026-09-13,19,2026-10-02,1789394760,2026-09-14,18,False,42.27954099999999,-83.7410386,481080821443,id:260075234,store:02359,Barista,onsite,"222 S State St, Ann Arbor, Michigan, United States",1,MI,CONUS_L1_014_026;CONUS_L1_015_026,2
2026-10-01,260062749,https://apply.starbucks.com/careers/job/481080495167,"shift supervisor - Store# 15010, PLYMOUTH & NIXON",SHIFT_SUPERVISOR,15010,PLYMOUTH & NIXON,2793 Plymouth Rd,Ann Arbor,MI,,US,,1787630400,2026-08-25,38,2026-10-02,1787752467,2026-08-26,37,False,42.3028097,-83.7058816,481080495167,id:260062749,store:15010,Shift Supervisor,onsite,"2793 Plymouth Rd, Ann Arbor, Michigan, United States",1,MI,CONUS_L1_014_026;CONUS_L1_015_026,2
2026-10-01,260071369,https://apply.starbucks.com/careers/job/481080752037,"barista - Store# 15010, PLYMOUTH & NIXON",BARISTA,15010,PLYMOUTH & NIXON,2793 Plymouth Rd,Ann Arbor,MI,,US,,1788753600,2026-09-07,25,2026-10-02,1788875006,2026-09-08,24,False,42.3028097,-83.7058816,481080752037,id:260071369,store:15010,Barista,onsite,"2793 Plymouth Rd, Ann Arbor, Michigan, United States",1,MI,CONUS_L1_014_026;CONUS_L1_015_026,2
2026-10-01,260067047,https://apply.starbucks.com/careers/job/481080698617,"shift supervisor - Store# 23882, BELLEVILLE",SHIFT_SUPERVISOR,23882,BELLEVILLE,10777 Belleville Rd,Belleville,MI,,US,,1788321600,2026-09-02,30,2026-10-02,1788455925,2026-09-03,29,False,42.2237389,-83.48433159999999,481080698617,id:260067047,store:23882,Shift Supervisor,onsite,"10777 Belleville Rd, Belleville, Michigan, United States",1,MI,CONUS_L1_014_026;CONUS_L1_015_026,2
2026-10-01,260074163,https://apply.starbucks.com/careers/job/481080813943,"barista - Store# 23882, BELLEVILLE",BARISTA,23882,BELLEVILLE,10777 Belleville Rd,Belleville,MI,,US,,1789185600,2026-09-12,20,2026-10-02,1789307579,2026-09-13,19,False,42.2237389,-83.48433159999999,481080813943,id:260074163,store:23882,Barista,onsite,"10777 Belleville Rd, Belleville, Michigan, United States",1,MI,CONUS_L1_014_026;CONUS_L1_015_026,2
2026-10-01,260065540,https://apply.starbucks.com/careers/job/481080677885,"shift supervisor - Store# 15748, ALLEN & WEST",SHIFT_SUPERVISOR,15748,ALLEN & WEST,22850 Allen Rd,Trenton,MI,,US,,1788321600,2026-09-02,30,2026-10-02,1788357178,2026-09-02,30,False,42.14104,-83.22647,481080677885,id:260065540,store:15748,Shift Supervisor,onsite,"22850 Allen Rd, Trenton, Michigan, United States",1,MI,CONUS_L1_014_027;CONUS_L1_015_026,2
2026-10-01,260072792,https://apply.starbucks.com/careers/job/481080796406,"barista - Store# 15748, ALLEN & WEST",BARISTA,15748,ALLEN & WEST,22850 Allen Rd,Trenton,MI,,US,,1789012800,2026-09-10,22,2026-10-02,1789135358,2026-09-11,21,False,42.14104,-83.22647,481080796406,id:260072792,store:15748,Barista,onsite,"22850 Allen Rd, Trenton, Michigan, United States",1,MI,CONUS_L1_014_027;CONUS_L1_015_026,2
2026-10-01,260068944,https://apply.starbucks.com/careers/job/481080710308,"shift supervisor - Store# 49998, FORT & PENNSYLVANIA AVE",SHIFT_SUPERVISOR,49998,FORT & PENNSYLVANIA AVE,17056 Fort Street,Riverview,MI,,US,,1788408000,2026-09-03,29,2026-10-02,1788530167,2026-09-04,28,False,42.18415,-83.19042,481080710308,id:260068944,store:49998,Shift Supervisor,onsite,"17056 Fort Street, Riverview, Michigan, United States",1,MI,CONUS_L1_014_027;CONUS_L1_015_026,2
2026-10-01,260072902,https://apply.starbucks.com/careers/job/481080796750,"barista - Store# 86379, BIDDLE & FORD",BARISTA,86379,BIDDLE & FORD,2003 Biddle Ave,Wyandotte,MI,,US,,1789012800,2026-09-10,22,2026-10-02,1789135449,2026-09-11,21,False,42.2140688,-83.14973789999999,481080796750,id:260072902,store:86379,Barista,onsite,"2003 Biddle Ave, Wyandotte, Michigan, United States",1,MI,CONUS_L1_014_027;CONUS_L1_015_026,2
2026-10-01,260075178,https://apply.starbucks.com/careers/job/481080821372,"shift supervisor - Store# 86379, BIDDLE & FORD",SHIFT_SUPERVISOR,86379,BIDDLE & FORD,2003 Biddle Ave,Wyandotte,MI,,US,,1789272000,2026-09-13,19,2026-10-02,1789394711,2026-09-14,18,False,42.2140688,-83.14973789999999,481080821372,id:260075178,store:86379,Shift Supervisor,onsite,"2003 Biddle Ave, Wyandotte, Michigan, United States",1,MI,CONUS_L1_014_027;CONUS_L1_015_026,2
2026-10-01,260074908,https://apply.starbucks.com/careers/job/481080820671,"barista - Store# 02872, PARDEE & EUREKA",BARISTA,02872,PARDEE & EUREKA,23402 Eureka Rd,Taylor,MI,,US,,1789272000,2026-09-13,19,2026-10-02,1789394471,2026-09-14,18,False,42.1984926,-83.26042729999999,481080820671,id:260074908,store:02872,Barista,onsite,"23402 Eureka Rd, Taylor, Michigan, United States",1,MI,CONUS_L1_014_027;CONUS_L1_015_026,2
2026-10-01,260075169,https://apply.starbucks.com/careers/job/481080821345,"shift supervisor - Store# 02872, PARDEE & EUREKA",SHIFT_SUPERVISOR,02872,PARDEE & EUREKA,23402 Eureka Rd,Taylor,MI,,US,,1789272000,2026-09-13,19,2026-10-02,1789394703,2026-09-14,18,False,42.1984926,-83.26042729999999,481080821345,id:260075169,store:02872,Shift Supervisor,onsite,"23402 Eureka Rd, Taylor, Michigan, United States",1,MI,CONUS_L1_014_027;CONUS_L1_015_026,2
2026-10-01,260059886,https://apply.starbucks.com/careers/job/481080079065,"barista - Store# 49157, SAGINAW AND CANAL",BARISTA,49157,SAGINAW AND CANAL,"609 N Canal Rd, Ste A",Lansing,MI,,US,,1786161600,2026-08-08,55,2026-10-02,1786283180,2026-08-09,54,False,42.74058,-84.66256,481080079065,id:260059886,store:49157,Barista,onsite,"609 N Canal Rd, Ste A, Lansing, Michigan, United States",1,MI,CONUS_L1_015_025,1
2026-10-01,260068399,https://apply.starbucks.com/careers/job/481080709407,"shift supervisor - Store# 49157, SAGINAW AND CANAL",SHIFT_SUPERVISOR,49157,SAGINAW AND CANAL,"609 N Canal Rd, Ste A",Lansing,MI,,US,,1788408000,2026-09-03,29,2026-10-02,1788529702,2026-09-04,28,False,42.74058,-84.66256,481080709407,id:260068399,store:49157,Shift Supervisor,onsite,"609 N Canal Rd, Ste A, Lansing, Michigan, United States",1,MI,CONUS_L1_015_025,1
2026-10-01,260056356,https://apply.starbucks.com/careers/job/481079498181,"barista - Store# 58412, SAGINAW & BARBARA",BARISTA,58412,SAGINAW & BARBARA,"5401 W Saginaw Hwy, A",Lansing,MI,,US,,1784001600,2026-07-14,80,2026-10-02,1784123131,2026-07-15,79,False,42.74047,-84.62585,481079498181,id:260056356,store:58412,Barista,onsite,"5401 W Saginaw Hwy, A, Lansing, Michigan, United States",1,MI,CONUS_L1_015_025,1
2026-10-01,260055059,https://apply.starbucks.com/careers/job/481079436590,"barista - Store# 67990, M-43 & HEATH",BARISTA,67990,M-43 & HEATH,1676 M-43 Hwy,Hastings,MI,,US,,1783742400,2026-07-11,83,2026-10-02,1783863610,2026-07-12,82,False,42.64662,-85.32182,481079436590,id:260055059,store:67990,Barista,onsite,"1676 M-43 Hwy, Hastings, Michigan, United States",1,MI,CONUS_L1_015_025,1
2026-10-01,260079706,https://apply.starbucks.com/careers/job/481081018754,"shift supervisor - Store# 67990, M-43 & HEATH",SHIFT_SUPERVISOR,67990,M-43 & HEATH,1676 M-43 Hwy,Hastings,MI,,US,,1790395200,2026-09-26,6,2026-10-02,1790516423,2026-09-27,5,False,42.64662,-85.32182,481081018754,id:260079706,store:67990,Shift Supervisor,onsite,"1676 M-43 Hwy, Hastings, Michigan, United States",1,MI,CONUS_L1_015_025,1
2026-10-01,260070228,https://apply.starbucks.com/careers/job/481080731225,"barista - Store# 61672, MICHIGAN AVE & PERE MARQUETTE",BARISTA,61672,MICHIGAN AVE & PERE MARQUETTE,637 E Michigan Ave,Lansing,MI,,US,,1788580800,2026-09-05,27,2026-10-02,1788702726,2026-09-06,26,False,42.73426,-84.54301,481080731225,id:260070228,store:61672,Barista,onsite,"637 E Michigan Ave, Lansing, Michigan, United States",1,MI,CONUS_L1_015_025;CONUS_L1_015_026,2
2026-10-01,260069630,https://apply.starbucks.com/careers/job/481080730494,"shift supervisor - Store# 61672, MICHIGAN AVE & PERE MARQUETTE",SHIFT_SUPERVISOR,61672,MICHIGAN AVE & PERE MARQUETTE,637 E Michigan Ave,Lansing,MI,,US,,1788580800,2026-09-05,27,2026-10-02,1788702254,2026-09-06,26,False,42.73426,-84.54301,481080730494,id:260069630,store:61672,Shift Supervisor,onsite,"637 E Michigan Ave, Lansing, Michigan, United States",1,MI,CONUS_L1_015_025;CONUS_L1_015_026,2
2026-10-01,260074727,https://apply.starbucks.com/careers/job/481080820460,"barista - Store# 79954, OLD US-27 & WEBB",BARISTA,79954,OLD US-27 & WEBB,12875 Old US 27,Dewitt,MI,,US,,1789272000,2026-09-13,19,2026-10-02,1789394310,2026-09-14,18,False,42.83008,-84.54187,481080820460,id:260074727,store:79954,Barista,onsite,"12875 Old US 27, Dewitt, Michigan, United States",1,MI,CONUS_L1_015_025;CONUS_L1_015_026,2
2026-10-01,260072461,https://apply.starbucks.com/careers/job/481080795682,"shift supervisor - Store# 79954, OLD US-27 & WEBB",SHIFT_SUPERVISOR,79954,OLD US-27 & WEBB,12875 Old US 27,Dewitt,MI,,US,,1789012800,2026-09-10,22,2026-10-02,1789135071,2026-09-11,21,False,42.83008,-84.54187,481080795682,id:260072461,store:79954,Shift Supervisor,onsite,"12875 Old US 27, Dewitt, Michigan, United States",1,MI,CONUS_L1_015_025;CONUS_L1_015_026,2
2026-10-01,260070035,https://apply.starbucks.com/careers/job/481080730986,"shift supervisor - Store# 58272, LK LANSING & KERRY ST",SHIFT_SUPERVISOR,58272,LK LANSING & KERRY ST,2624 Lake Lansing Rd,Lansing,MI,,US,,1788580800,2026-09-05,27,2026-10-02,1788702574,2026-09-06,26,False,42.76048,-84.51517,481080730986,id:260070035,store:58272,Shift Supervisor,onsite,"2624 Lake Lansing Rd, Lansing, Michigan, United States",1,MI,CONUS_L1_015_025;CONUS_L1_015_026,2
2026-10-01,260068436,https://apply.starbucks.com/careers/job/481080709479,"shift supervisor - Store# 26893, LANSING - CEDAR & I-96",SHIFT_SUPERVISOR,26893,LANSING - CEDAR & I-96,6715 S. Cedar Street,Lansing,MI,,US,,1788408000,2026-09-03,29,2026-10-02,1788529734,2026-09-04,28,False,42.65999,-84.53683,481080709479,id:260068436,store:26893,Shift Supervisor,onsite,"6715 S. Cedar Street, Lansing, Michigan, United States",1,MI,CONUS_L1_015_025;CONUS_L1_015_026,2
2026-10-01,260075731,https://apply.starbucks.com/careers/job/481080840509,"barista - Store# 26893, LANSING - CEDAR & I-96",BARISTA,26893,LANSING - CEDAR & I-96,6715 S. Cedar Street,Lansing,MI,,US,,1789358400,2026-09-14,18,2026-10-02,1789479995,2026-09-15,17,False,42.65999,-84.53683,481080840509,id:260075731,store:26893,Barista,onsite,"6715 S. Cedar Street, Lansing, Michigan, United States",1,MI,CONUS_L1_015_025;CONUS_L1_015_026,2
2026-10-01,260073159,https://apply.starbucks.com/careers/job/481080797920,"shift supervisor - Store# 79952, TROWBRIDGE & US-127",SHIFT_SUPERVISOR,79952,TROWBRIDGE & US-127,1100 Trowbridge Rd,East Lansing,MI,,US,,1789012800,2026-09-10,22,2026-10-02,1789135665,2026-09-11,21,False,42.72012,-84.49835,481080797920,id:260073159,store:79952,Shift Supervisor,onsite,"1100 Trowbridge Rd, East Lansing, Michigan, United States",1,MI,CONUS_L1_015_025;CONUS_L1_015_026,2
2026-10-01,260079168,https://apply.starbucks.com/careers/job/481080965554,"barista - Store# 79952, TROWBRIDGE & US-127",BARISTA,79952,TROWBRIDGE & US-127,1100 Trowbridge Rd,East Lansing,MI,,US,,1790049600,2026-09-22,10,2026-10-02,1790171247,2026-09-23,9,False,42.72012,-84.49835,481080965554,id:260079168,store:79952,Barista,onsite,"1100 Trowbridge Rd, East Lansing, Michigan, United States",1,MI,CONUS_L1_015_025;CONUS_L1_015_026,2
2026-10-01,260061706,https://apply.starbucks.com/careers/job/481080415982,"barista - Store# 11517, GRAND RIVER & STODDARD",BARISTA,11517,GRAND RIVER & STODDARD,1141 E. Grand River,East Lansing,MI,,US,,1787371200,2026-08-22,41,2026-10-02,1787492384,2026-08-23,40,False,42.73095,-84.4673,481080415982,id:260061706,store:11517,Barista,onsite,"1141 E. Grand River, East Lansing, Michigan, United States",1,MI,CONUS_L1_015_025;CONUS_L1_015_026,2
2026-10-01,260064374,https://apply.starbucks.com/careers/job/481080613318,"shift supervisor - Store# 11517, GRAND RIVER & STODDARD",SHIFT_SUPERVISOR,11517,GRAND RIVER & STODDARD,1141 E. Grand River,East Lansing,MI,,US,,1788062400,2026-08-30,33,2026-10-02,1788183762,2026-08-31,32,False,42.73095,-84.4673,481080613318,id:260064374,store:11517,Shift Supervisor,onsite,"1141 E. Grand River, East Lansing, Michigan, United States",1,MI,CONUS_L1_015_025;CONUS_L1_015_026,2
2026-10-01,260058226,https://apply.starbucks.com/careers/job/481079849741,"barista - Store# 82613, GRAND RIVER & NORTHWIND",BARISTA,82613,GRAND RIVER & NORTHWIND,2731 E Grand River Ave,East Lansing,MI,,US,,1784952000,2026-07-25,69,2026-10-02,1785073485,2026-07-26,68,False,42.7260715,-84.45202160000001,481079849741,id:260058226,store:82613,Barista,onsite,"2731 E Grand River Ave, East Lansing, Michigan, United States",1,MI,CONUS_L1_015_025;CONUS_L1_015_026,2
2026-10-01,260058299,https://apply.starbucks.com/careers/job/481079850001,"shift supervisor - Store# 82613, GRAND RIVER & NORTHWIND",SHIFT_SUPERVISOR,82613,GRAND RIVER & NORTHWIND,2731 E Grand River Ave,East Lansing,MI,,US,,1784952000,2026-07-25,69,2026-10-02,1785073545,2026-07-26,68,False,42.7260715,-84.45202160000001,481079850001,id:260058299,store:82613,Shift Supervisor,onsite,"2731 E Grand River Ave, East Lansing, Michigan, United States",1,MI,CONUS_L1_015_025;CONUS_L1_015_026,2
2026-10-01,260054993,https://apply.starbucks.com/careers/job/481079436494,"barista - Store# 02481, OKEMOS & JOLLY",BARISTA,02481,OKEMOS & JOLLY,"3552 Meridian Crossings, Meridian Crossing",Okemos,MI,,US,,1783742400,2026-07-11,83,2026-10-02,1783863560,2026-07-12,82,False,42.6845204,-84.4332675,481079436494,id:260054993,store:02481,Barista,onsite,"3552 Meridian Crossings, Meridian Crossing, Okemos, Michigan, United States",1,MI,CONUS_L1_015_025;CONUS_L1_015_026,2
2026-10-01,260073216,https://apply.starbucks.com/careers/job/481080798037,"shift supervisor - Store# 02481, OKEMOS & JOLLY",SHIFT_SUPERVISOR,02481,OKEMOS & JOLLY,"3552 Meridian Crossings, Meridian Crossing",Okemos,MI,,US,,1789012800,2026-09-10,22,2026-10-02,1789135714,2026-09-11,21,False,42.6845204,-84.4332675,481080798037,id:260073216,store:02481,Shift Supervisor,onsite,"3552 Meridian Crossings, Meridian Crossing, Okemos, Michigan, United States",1,MI,CONUS_L1_015_025;CONUS_L1_015_026,2
2026-10-01,260071954,https://apply.starbucks.com/careers/job/481080764930,"shift supervisor - Store# 61497, M-57 & S GREENVILLE",SHIFT_SUPERVISOR,61497,M-57 & S GREENVILLE,"1720 W Washington St, Suite",Greenville,MI,,US,,1788840000,2026-09-08,24,2026-10-02,1788961538,2026-09-09,23,False,43.17764,-85.28126,481080764930,id:260071954,store:61497,Shift Supervisor,onsite,"1720 W Washington St, Suite, Greenville, Michigan, United States",1,MI,CONUS_L1_015_025,1
2026-10-01,260074259,https://apply.starbucks.com/careers/job/481080814081,"barista - Store# 61497, M-57 & S GREENVILLE",BARISTA,61497,M-57 & S GREENVILLE,"1720 W Washington St, Suite",Greenville,MI,,US,,1789185600,2026-09-12,20,2026-10-02,1789307669,2026-09-13,19,False,43.17764,-85.28126,481080814081,id:260074259,store:61497,Barista,onsite,"1720 W Washington St, Suite, Greenville, Michigan, United States",1,MI,CONUS_L1_015_025,1
2026-10-01,260055285,https://apply.starbucks.com/careers/job/481079453806,"shift supervisor - Store# 66569, COLUMBIA & HELMER",SHIFT_SUPERVISOR,66569,COLUMBIA & HELMER,2151 W. Columbia Ave,Battle Creek,MI,,US,,1783828800,2026-07-12,82,2026-10-02,1783950474,2026-07-13,81,False,42.29691,-85.23258,481079453806,id:260055285,store:66569,Shift Supervisor,onsite,"2151 W. Columbia Ave, Battle Creek, Michigan, United States",1,MI,CONUS_L1_015_025,1
2026-10-01,260065627,https://apply.starbucks.com/careers/job/481080678022,"barista - Store# 66569, COLUMBIA & HELMER",BARISTA,66569,COLUMBIA & HELMER,2151 W. Columbia Ave,Battle Creek,MI,,US,,1788321600,2026-09-02,30,2026-10-02,1788357255,2026-09-02,30,False,42.29691,-85.23258,481080678022,id:260065627,store:66569,Barista,onsite,"2151 W. Columbia Ave, Battle Creek, Michigan, United States",1,MI,CONUS_L1_015_025,1
2026-10-01,260069571,https://apply.starbucks.com/careers/job/481080730460,"shift supervisor - Store# 60133, M-21 & N STATE RD",SHIFT_SUPERVISOR,60133,M-21 & N STATE RD,2275 E Main St,Owosso,MI,,US,,1788580800,2026-09-05,27,2026-10-02,1788702205,2026-09-06,26,False,42.99884549999999,-84.120486,481080730460,id:260069571,store:60133,Shift Supervisor,onsite,"2275 E Main St, Owosso, Michigan, United States",1,MI,CONUS_L1_015_025;CONUS_L1_015_026,2
2026-10-01,260079699,https://apply.starbucks.com/careers/job/481081018742,"barista - Store# 60133, M-21 & N STATE RD",BARISTA,60133,M-21 & N STATE RD,2275 E Main St,Owosso,MI,,US,,1790395200,2026-09-26,6,2026-10-02,1790516416,2026-09-27,5,False,42.99884549999999,-84.120486,481081018742,id:260079699,store:60133,Barista,onsite,"2275 E Main St, Owosso, Michigan, United States",1,MI,CONUS_L1_015_025;CONUS_L1_015_026,2
2026-10-01,260055008,https://apply.starbucks.com/careers/job/481079436516,"barista - Store# 14806, BRIGHTON",BARISTA,14806,BRIGHTON,8481 W Grand River Ave,Brighton,MI,,US,,1783742400,2026-07-11,83,2026-10-02,1783863572,2026-07-12,82,False,42.5447564,-83.7873889,481079436516,id:260055008,store:14806,Barista,onsite,"8481 W Grand River Ave, Brighton, Michigan, United States",1,MI,CONUS_L1_015_025;CONUS_L1_015_026,2
2026-10-01,260080544,https://apply.starbucks.com/careers/job/481081091668,"shift supervisor - Store# 14806, BRIGHTON",SHIFT_SUPERVISOR,14806,BRIGHTON,8481 W Grand River Ave,Brighton,MI,,US,,1790740800,2026-09-30,2,2026-10-02,1790836037,2026-10-01,1,False,42.5447564,-83.7873889,481081091668,id:260080544,store:14806,Shift Supervisor,onsite,"8481 W Grand River Ave, Brighton, Michigan, United States",1,MI,CONUS_L1_015_025;CONUS_L1_015_026,2
2026-10-01,260054799,https://apply.starbucks.com/careers/job/481079406400,"shift supervisor - Store# 52284, OWEN & US-23",SHIFT_SUPERVISOR,52284,OWEN & US-23,"3401 Owen Rd, Ste 100",Fenton,MI,,US,,1783569600,2026-07-09,85,2026-10-02,1783691601,2026-07-10,84,False,42.78927669999999,-83.7414536,481079406400,id:260054799,store:52284,Shift Supervisor,onsite,"3401 Owen Rd, Ste 100, Fenton, Michigan, United States",1,MI,CONUS_L1_015_025;CONUS_L1_015_026,2
2026-10-01,260080725,https://apply.starbucks.com/careers/job/481081091897,"barista - Store# 52284, OWEN & US-23",BARISTA,52284,OWEN & US-23,"3401 Owen Rd, Ste 100",Fenton,MI,,US,,1790740800,2026-09-30,2,2026-10-02,1790836194,2026-10-01,1,False,42.78927669999999,-83.7414536,481081091897,id:260080725,store:52284,Barista,onsite,"3401 Owen Rd, Ste 100, Fenton, Michigan, United States",1,MI,CONUS_L1_015_025;CONUS_L1_015_026,2
2026-10-01,260069408,https://apply.starbucks.com/careers/job/481080730236,"barista - Store# 60160, HIGHLAND & US-23",BARISTA,60160,HIGHLAND & US-23,10590 Hartland Square Drive,Hartland,MI,,US,,1788580800,2026-09-05,27,2026-10-02,1788702079,2026-09-06,26,False,42.63469,-83.74407,481080730236,id:260069408,store:60160,Barista,onsite,"10590 Hartland Square Drive, Hartland, Michigan, United States",1,MI,CONUS_L1_015_025;CONUS_L1_015_026,2
2026-10-01,260069555,https://apply.starbucks.com/careers/job/481080730383,"shift supervisor - Store# 60160, HIGHLAND & US-23",SHIFT_SUPERVISOR,60160,HIGHLAND & US-23,10590 Hartland Square Drive,Hartland,MI,,US,,1788580800,2026-09-05,27,2026-10-02,1788702193,2026-09-06,26,False,42.63469,-83.74407,481080730383,id:260069555,store:60160,Shift Supervisor,onsite,"10590 Hartland Square Drive, Hartland, Michigan, United States",1,MI,CONUS_L1_015_025;CONUS_L1_015_026,2
2026-10-01,260057332,https://apply.starbucks.com/careers/job/481079587743,"barista - Store# 82230, CORUNNA & T A MANSOUR BLVD",BARISTA,82230,CORUNNA & T A MANSOUR BLVD,4383 Corunna Rd,Flint,MI,,US,,1784347200,2026-07-18,76,2026-10-02,1784468470,2026-07-19,75,False,43.00165,-83.76729,481079587743,id:260057332,store:82230,Barista,onsite,"4383 Corunna Rd, Flint, Michigan, United States",1,MI,CONUS_L1_015_025;CONUS_L1_015_026,2
2026-10-01,260079853,https://apply.starbucks.com/careers/job/481081018933,"shift supervisor - Store# 82230, CORUNNA & T A MANSOUR BLVD",SHIFT_SUPERVISOR,82230,CORUNNA & T A MANSOUR BLVD,4383 Corunna Rd,Flint,MI,,US,,1790395200,2026-09-26,6,2026-10-02,1790516554,2026-09-27,5,False,43.00165,-83.76729,481081018933,id:260079853,store:82230,Shift Supervisor,onsite,"4383 Corunna Rd, Flint, Michigan, United States",1,MI,CONUS_L1_015_025;CONUS_L1_015_026,2
2026-10-01,260068830,https://apply.starbucks.com/careers/job/481080710211,"shift supervisor - Store# 23130, CLARKSTON- WALDEN AND SASHABAW",SHIFT_SUPERVISOR,23130,CLARKSTON- WALDEN AND SASHABAW,6320 Sashabaw Rd,Clarkston,MI,,US,,1788408000,2026-09-03,29,2026-10-02,1788530071,2026-09-04,28,False,42.73084069999999,-83.37894750000001,481080710211,id:260068830,store:23130,Shift Supervisor,onsite,"6320 Sashabaw Rd, Clarkston, Michigan, United States",1,MI,CONUS_L1_015_026,1
2026-10-01,260079873,https://apply.starbucks.com/careers/job/481081018969,"barista - Store# 23130, CLARKSTON- WALDEN AND SASHABAW",BARISTA,23130,CLARKSTON- WALDEN AND SASHABAW,6320 Sashabaw Rd,Clarkston,MI,,US,,1790395200,2026-09-26,6,2026-10-02,1790516571,2026-09-27,5,False,42.73084069999999,-83.37894750000001,481081018969,id:260079873,store:23130,Barista,onsite,"6320 Sashabaw Rd, Clarkston, Michigan, United States",1,MI,CONUS_L1_015_026,1
2026-10-01,260080216,https://apply.starbucks.com/careers/job/481081059088,"barista - Store# 02358, BALDWIN & I-75",BARISTA,02358,BALDWIN & I-75,"4960 S. Baldwin Road, TBD",Orion Township,MI,,US,,1790568000,2026-09-28,4,2026-10-02,1790689629,2026-09-29,3,False,42.70788,-83.30764,481081059088,id:260080216,store:02358,Barista,onsite,"4960 S. Baldwin Road, TBD, Orion Township, Michigan, United States",1,MI,CONUS_L1_015_026,1
2026-10-01,260078300,https://apply.starbucks.com/careers/job/481080936128,"shift supervisor - Store# 02358, BALDWIN & I-75",SHIFT_SUPERVISOR,02358,BALDWIN & I-75,"4960 S. Baldwin Road, TBD",Orion Township,MI,,US,,1789876800,2026-09-20,12,2026-10-02,1789998154,2026-09-21,11,False,42.70788,-83.30764,481080936128,id:260078300,store:02358,Shift Supervisor,onsite,"4960 S. Baldwin Road, TBD, Orion Township, Michigan, United States",1,MI,CONUS_L1_015_026,1
2026-10-01,260056361,https://apply.starbucks.com/careers/job/481079498176,"shift supervisor - Store# 02485, LAKE ORION",SHIFT_SUPERVISOR,02485,LAKE ORION,590 S Lapeer Rd,Lake Orion,MI,,US,,1784001600,2026-07-14,80,2026-10-02,1784123135,2026-07-15,79,False,42.77522,-83.23949,481079498176,id:260056361,store:02485,Shift Supervisor,onsite,"590 S Lapeer Rd, Lake Orion, Michigan, United States",1,MI,CONUS_L1_015_026,1
2026-10-01,260072543,https://apply.starbucks.com/careers/job/481080795917,"barista - Store# 02485, LAKE ORION",BARISTA,02485,LAKE ORION,590 S Lapeer Rd,Lake Orion,MI,,US,,1789012800,2026-09-10,22,2026-10-02,1789135142,2026-09-11,21,False,42.77522,-83.23949,481080795917,id:260072543,store:02485,Barista,onsite,"590 S Lapeer Rd, Lake Orion, Michigan, United States",1,MI,CONUS_L1_015_026,1
2026-10-01,260067080,https://apply.starbucks.com/careers/job/481080698684,"barista - Store# 11632, CLARKSTON",BARISTA,11632,CLARKSTON,6677 Dixie Hwy,Clarkston,MI,,US,,1788321600,2026-09-02,30,2026-10-02,1788455956,2026-09-03,29,False,42.7184,-83.41676,481080698684,id:260067080,store:11632,Barista,onsite,"6677 Dixie Hwy, Clarkston, Michigan, United States",1,MI,CONUS_L1_015_026,1
2026-10-01,260072665,https://apply.starbucks.com/careers/job/481080796102,"shift supervisor - Store# 11632, CLARKSTON",SHIFT_SUPERVISOR,11632,CLARKSTON,6677 Dixie Hwy,Clarkston,MI,,US,,1789012800,2026-09-10,22,2026-10-02,1789135247,2026-09-11,21,False,42.7184,-83.41676,481080796102,id:260072665,store:11632,Shift Supervisor,onsite,"6677 Dixie Hwy, Clarkston, Michigan, United States",1,MI,CONUS_L1_015_026,1
2026-10-01,260073901,https://apply.starbucks.com/careers/job/481080813491,"barista - Store# 02430, M-59 & CRESCENT LK RD",BARISTA,02430,M-59 & CRESCENT LK RD,"4972 Highland Rd, Waterford Town Center",Waterford,MI,,US,,1789185600,2026-09-12,20,2026-10-02,1789307337,2026-09-13,19,False,42.6602973,-83.38516249999999,481080813491,id:260073901,store:02430,Barista,onsite,"4972 Highland Rd, Waterford Town Center, Waterford, Michigan, United States",1,MI,CONUS_L1_015_026,1
2026-10-01,260075730,https://apply.starbucks.com/careers/job/481080840507,"shift supervisor - Store# 02430, M-59 & CRESCENT LK RD",SHIFT_SUPERVISOR,02430,M-59 & CRESCENT LK RD,"4972 Highland Rd, Waterford Town Center",Waterford,MI,,US,,1789358400,2026-09-14,18,2026-10-02,1789479994,2026-09-15,17,False,42.6602973,-83.38516249999999,481080840507,id:260075730,store:02430,Shift Supervisor,onsite,"4972 Highland Rd, Waterford Town Center, Waterford, Michigan, United States",1,MI,CONUS_L1_015_026,1
2026-10-01,260074511,https://apply.starbucks.com/careers/job/481080820152,"shift supervisor - Store# 02552, SQUIRREL & UNIVERSITY",SHIFT_SUPERVISOR,02552,SQUIRREL & UNIVERSITY,"2021 N Squirrel Rd, Auburn Square",Auburn Hills,MI,,US,,1789272000,2026-09-13,19,2026-10-02,1789394124,2026-09-14,18,False,42.6732142,-83.22136309999999,481080820152,id:260074511,store:02552,Shift Supervisor,onsite,"2021 N Squirrel Rd, Auburn Square, Auburn Hills, Michigan, United States",1,MI,CONUS_L1_015_026,1
2026-10-01,260054573,https://apply.starbucks.com/careers/job/481079405456,"barista - Store# 02552, SQUIRREL & UNIVERSITY",BARISTA,02552,SQUIRREL & UNIVERSITY,"2021 N Squirrel Rd, Auburn Square",Auburn Hills,MI,,US,,1783569600,2026-07-09,85,2026-10-02,1783691437,2026-07-10,84,False,42.6732142,-83.22136309999999,481079405456,id:260054573,store:02552,Barista,onsite,"2021 N Squirrel Rd, Auburn Square, Auburn Hills, Michigan, United States",1,MI,CONUS_L1_015_026,1
2026-10-01,260078195,https://apply.starbucks.com/careers/job/481080923857,"barista - Store# 02690, N ADAMS & WALTON BLVD",BARISTA,02690,N ADAMS & WALTON BLVD,398 N Adams Rd,Rochester,MI,,US,,1789790400,2026-09-19,13,2026-10-02,1789911820,2026-09-20,12,False,42.6852639,-83.193826,481080923857,id:260078195,store:02690,Barista,onsite,"398 N Adams Rd, Rochester, Michigan, United States",1,MI,CONUS_L1_015_026,1
2026-10-01,260078963,https://apply.starbucks.com/careers/job/481080964928,"shift supervisor - Store# 02690, N ADAMS & WALTON BLVD",SHIFT_SUPERVISOR,02690,N ADAMS & WALTON BLVD,398 N Adams Rd,Rochester,MI,,US,,1790049600,2026-09-22,10,2026-10-02,1790171074,2026-09-23,9,False,42.6852639,-83.193826,481080964928,id:260078963,store:02690,Shift Supervisor,onsite,"398 N Adams Rd, Rochester, Michigan, United States",1,MI,CONUS_L1_015_026,1
2026-10-01,260078722,https://apply.starbucks.com/careers/job/481080949738,"barista - Store# 67987, WALTON & LIVERNOIS",BARISTA,67987,WALTON & LIVERNOIS,1360 Walton Blvd,Rochester,MI,,US,,1789963200,2026-09-21,11,2026-10-02,1790084490,2026-09-22,10,False,42.68194,-83.15576,481080949738,id:260078722,store:67987,Barista,onsite,"1360 Walton Blvd, Rochester, Michigan, United States",1,MI,CONUS_L1_015_026,1
2026-10-01,260071274,https://apply.starbucks.com/careers/job/481080742637,"shift supervisor - Store# 67987, WALTON & LIVERNOIS",SHIFT_SUPERVISOR,67987,WALTON & LIVERNOIS,1360 Walton Blvd,Rochester,MI,,US,,1788667200,2026-09-06,26,2026-10-02,1788789087,2026-09-07,25,False,42.68194,-83.15576,481080742637,id:260071274,store:67987,Shift Supervisor,onsite,"1360 Walton Blvd, Rochester, Michigan, United States",1,MI,CONUS_L1_015_026,1
2026-10-01,260071888,https://apply.starbucks.com/careers/job/481080764909,"shift supervisor - Store# 23158, BLOOMFIELD PLACE & TELEGRAPH",SHIFT_SUPERVISOR,23158,BLOOMFIELD PLACE & TELEGRAPH,2116 S. Telegraph Road,Bloomfield Hills,MI,,US,,1788840000,2026-09-08,24,2026-10-02,1788961485,2026-09-09,23,False,42.60745,-83.30007,481080764909,id:260071888,store:23158,Shift Supervisor,onsite,"2116 S. Telegraph Road, Bloomfield Hills, Michigan, United States",1,MI,CONUS_L1_015_026,1
2026-10-01,260074346,https://apply.starbucks.com/careers/job/481080814223,"barista - Store# 23158, BLOOMFIELD PLACE & TELEGRAPH",BARISTA,23158,BLOOMFIELD PLACE & TELEGRAPH,2116 S. Telegraph Road,Bloomfield Hills,MI,,US,,1789185600,2026-09-12,20,2026-10-02,1789307751,2026-09-13,19,False,42.60745,-83.30007,481080814223,id:260074346,store:23158,Barista,onsite,"2116 S. Telegraph Road, Bloomfield Hills, Michigan, United States",1,MI,CONUS_L1_015_026,1
2026-10-01,260073235,https://apply.starbucks.com/careers/job/481080798081,"barista - Store# 09400, ROCHESTER RD. & TIENKEN",BARISTA,09400,ROCHESTER RD. & TIENKEN,"6950 Rochester Rd., Papa Joe's Market",Rochester,MI,,US,,1789012800,2026-09-10,22,2026-10-02,1789135730,2026-09-11,21,False,42.69731,-83.13539,481080798081,id:260073235,store:09400,Barista,onsite,"6950 Rochester Rd., Papa Joe's Market, Rochester, Michigan, United States",1,MI,CONUS_L1_015_026,1
2026-10-01,260071584,https://apply.starbucks.com/careers/job/481080764362,"shift supervisor - Store# 09400, ROCHESTER RD. & TIENKEN",SHIFT_SUPERVISOR,09400,ROCHESTER RD. & TIENKEN,"6950 Rochester Rd., Papa Joe's Market",Rochester,MI,,US,,1788840000,2026-09-08,24,2026-10-02,1788961243,2026-09-09,23,False,42.69731,-83.13539,481080764362,id:260071584,store:09400,Shift Supervisor,onsite,"6950 Rochester Rd., Papa Joe's Market, Rochester, Michigan, United States",1,MI,CONUS_L1_015_026,1
2026-10-01,260070734,https://apply.starbucks.com/careers/job/481080741890,"shift supervisor - Store# 67063, ROCHESTER & AVON RD",SHIFT_SUPERVISOR,67063,ROCHESTER & AVON RD,951 S Rochester Rd,Rochester,MI,,US,,1788667200,2026-09-06,26,2026-10-02,1788788651,2026-09-07,25,False,42.687813,-83.1344175,481080741890,id:260070734,store:67063,Shift Supervisor,onsite,"951 S Rochester Rd, Rochester, Michigan, United States",1,MI,CONUS_L1_015_026,1
2026-10-01,260079777,https://apply.starbucks.com/careers/job/481081018843,"barista - Store# 67063, ROCHESTER & AVON RD",BARISTA,67063,ROCHESTER & AVON RD,951 S Rochester Rd,Rochester,MI,,US,,1790395200,2026-09-26,6,2026-10-02,1790516485,2026-09-27,5,False,42.687813,-83.1344175,481081018843,id:260079777,store:67063,Barista,onsite,"951 S Rochester Rd, Rochester, Michigan, United States",1,MI,CONUS_L1_015_026,1
2026-10-01,260074869,https://apply.starbucks.com/careers/job/481080820799,"shift supervisor - Store# 02539, SQUARE LAKE & WOODWARD",SHIFT_SUPERVISOR,02539,SQUARE LAKE & WOODWARD,"42880 Woodward Ave, Woodward Square",Bloomfield Hills,MI,,US,,1789272000,2026-09-13,19,2026-10-02,1789394436,2026-09-14,18,False,42.60282350000001,-83.2622648,481080820799,id:260074869,store:02539,Shift Supervisor,onsite,"42880 Woodward Ave, Woodward Square, Bloomfield Hills, Michigan, United States",1,MI,CONUS_L1_015_026,1
2026-10-01,260077131,https://apply.starbucks.com/careers/job/481080882409,"barista - Store# 85242, M-59 & BOGIE LAKE RD",BARISTA,85242,M-59 & BOGIE LAKE RD,6350 Highland Rd,White Lake,MI,,US,,1789617600,2026-09-17,15,2026-10-02,1789695614,2026-09-17,15,False,42.647835,-83.527877,481080882409,id:260077131,store:85242,Barista,onsite,"6350 Highland Rd, White Lake, Michigan, United States",1,MI,CONUS_L1_015_026,1
2026-10-01,260077130,https://apply.starbucks.com/careers/job/481080882410,"shift supervisor - Store# 85242, M-59 & BOGIE LAKE RD",SHIFT_SUPERVISOR,85242,M-59 & BOGIE LAKE RD,6350 Highland Rd,White Lake,MI,,US,,1789617600,2026-09-17,15,2026-10-02,1789695613,2026-09-17,15,False,42.647835,-83.527877,481080882410,id:260077130,store:85242,Shift Supervisor,onsite,"6350 Highland Rd, White Lake, Michigan, United States",1,MI,CONUS_L1_015_026,1
2026-10-01,260053324,https://apply.starbucks.com/careers/job/481079320122,"barista - Store# 02686, LONG LAKE & TELEGRAPH",BARISTA,02686,LONG LAKE & TELEGRAPH,4036 Telegraph Rd,Bloomfield Hills,MI,,US,,1783310400,2026-07-06,88,2026-10-02,1783431986,2026-07-07,87,False,42.580815,-83.2817402,481079320122,id:260053324,store:02686,Barista,onsite,"4036 Telegraph Rd, Bloomfield Hills, Michigan, United States",1,MI,CONUS_L1_015_026,1
2026-10-01,260079107,https://apply.starbucks.com/careers/job/481080965394,"shift supervisor - Store# 02686, LONG LAKE & TELEGRAPH",SHIFT_SUPERVISOR,02686,LONG LAKE & TELEGRAPH,4036 Telegraph Rd,Bloomfield Hills,MI,,US,,1790049600,2026-09-22,10,2026-10-02,1790171195,2026-09-23,9,False,42.580815,-83.2817402,481080965394,id:260079107,store:02686,Shift Supervisor,onsite,"4036 Telegraph Rd, Bloomfield Hills, Michigan, United States",1,MI,CONUS_L1_015_026,1
2026-10-01,260078041,https://apply.starbucks.com/careers/job/481080923467,"barista - Store# 02340, HAMPTON CORNERS",BARISTA,02340,HAMPTON CORNERS,3088 S Rochester Rd,Rochester,MI,,US,,1789790400,2026-09-19,13,2026-10-02,1789911691,2026-09-20,12,False,42.635129,-83.1324609,481080923467,id:260078041,store:02340,Barista,onsite,"3088 S Rochester Rd, Rochester, Michigan, United States",1,MI,CONUS_L1_015_026,1
2026-10-01,260073063,https://apply.starbucks.com/careers/job/481080797730,"shift supervisor - Store# 02340, HAMPTON CORNERS",SHIFT_SUPERVISOR,02340,HAMPTON CORNERS,3088 S Rochester Rd,Rochester,MI,,US,,1789012800,2026-09-10,22,2026-10-02,1789135585,2026-09-11,21,False,42.635129,-83.1324609,481080797730,id:260073063,store:02340,Shift Supervisor,onsite,"3088 S Rochester Rd, Rochester, Michigan, United States",1,MI,CONUS_L1_015_026,1
2026-10-01,260054614,https://apply.starbucks.com/careers/job/481079405641,"barista - Store# 02285, Crooks & Corporate Drive",BARISTA,02285,Crooks & Corporate Drive,5531 Crooks Rd,Troy,MI,,US,,1783569600,2026-07-09,85,2026-10-02,1783691467,2026-07-10,84,False,42.599117,-83.1696307,481079405641,id:260054614,store:02285,Barista,onsite,"5531 Crooks Rd, Troy, Michigan, United States",1,MI,CONUS_L1_015_026,1
2026-10-01,260056483,https://apply.starbucks.com/careers/job/481079498772,"shift supervisor - Store# 02285, Crooks & Corporate Drive",SHIFT_SUPERVISOR,02285,Crooks & Corporate Drive,5531 Crooks Rd,Troy,MI,,US,,1784001600,2026-07-14,80,2026-10-02,1784123225,2026-07-15,79,False,42.599117,-83.1696307,481079498772,id:260056483,store:02285,Shift Supervisor,onsite,"5531 Crooks Rd, Troy, Michigan, United States",1,MI,CONUS_L1_015_026,1
2026-10-01,260064175,https://apply.starbucks.com/careers/job/481080612759,"shift supervisor - Store# 14214, ROCHESTER & SOUTH BLVD",SHIFT_SUPERVISOR,14214,ROCHESTER & SOUTH BLVD,6908 Rochester Rd,Troy,MI,,US,,1788062400,2026-08-30,33,2026-10-02,1788183595,2026-08-31,32,False,42.62174,-83.12977,481080612759,id:260064175,store:14214,Shift Supervisor,onsite,"6908 Rochester Rd, Troy, Michigan, United States",1,MI,CONUS_L1_015_026,1
2026-10-01,260057608,https://apply.starbucks.com/careers/job/481079627252,"barista - Store# 14214, ROCHESTER & SOUTH BLVD",BARISTA,14214,ROCHESTER & SOUTH BLVD,6908 Rochester Rd,Troy,MI,,US,,1784520000,2026-07-20,74,2026-10-02,1784642457,2026-07-21,73,False,42.62174,-83.12977,481079627252,id:260057608,store:14214,Barista,onsite,"6908 Rochester Rd, Troy, Michigan, United States",1,MI,CONUS_L1_015_026,1
2026-10-01,260061994,https://apply.starbucks.com/careers/job/481080429928,"barista - Store# 02517, Telegraph & Maple",BARISTA,02517,Telegraph & Maple,"6420 Telegraph Rd., Bloomfield Plaza",Bloomfield Hills,MI,,US,,1787457600,2026-08-23,40,2026-10-02,1787579318,2026-08-24,39,False,42.5459936,-83.2857385,481080429928,id:260061994,store:02517,Barista,onsite,"6420 Telegraph Rd., Bloomfield Plaza, Bloomfield Hills, Michigan, United States",1,MI,CONUS_L1_015_026,1
2026-10-01,260061893,https://apply.starbucks.com/careers/job/481080429735,"shift supervisor - Store# 02517, Telegraph & Maple",SHIFT_SUPERVISOR,02517,Telegraph & Maple,"6420 Telegraph Rd., Bloomfield Plaza",Bloomfield Hills,MI,,US,,1787457600,2026-08-23,40,2026-10-02,1787579231,2026-08-24,39,False,42.5459936,-83.2857385,481080429735,id:260061893,store:02517,Shift Supervisor,onsite,"6420 Telegraph Rd., Bloomfield Plaza, Bloomfield Hills, Michigan, United States",1,MI,CONUS_L1_015_026,1
2026-10-01,260074878,https://apply.starbucks.com/careers/job/481080820835,"shift supervisor - Store# 02505, MAPLE & LAHSER",SHIFT_SUPERVISOR,02505,MAPLE & LAHSER,"3584 W Maple Rd, Village Knoll Shopping Center, Spc 15",Bloomfield Hills,MI,,US,,1789272000,2026-09-13,19,2026-10-02,1789394444,2026-09-14,18,False,42.5442936,-83.2629778,481080820835,id:260074878,store:02505,Shift Supervisor,onsite,"3584 W Maple Rd, Village Knoll Shopping Center, Spc 15, Bloomfield Hills, Michigan, United States",1,MI,CONUS_L1_015_026,1
2026-10-01,260074570,https://apply.starbucks.com/careers/job/481080820224,"barista - Store# 02505, MAPLE & LAHSER",BARISTA,02505,MAPLE & LAHSER,"3584 W Maple Rd, Village Knoll Shopping Center, Spc 15",Bloomfield Hills,MI,,US,,1789272000,2026-09-13,19,2026-10-02,1789394175,2026-09-14,18,False,42.5442936,-83.2629778,481080820224,id:260074570,store:02505,Barista,onsite,"3584 W Maple Rd, Village Knoll Shopping Center, Spc 15, Bloomfield Hills, Michigan, United States",1,MI,CONUS_L1_015_026,1
2026-10-01,260055626,https://apply.starbucks.com/careers/job/481079454127,"barista - Store# 02250, SOMERSET COLLECTION - NORTH",BARISTA,02250,SOMERSET COLLECTION - NORTH,"2800 W Big Beaver Rd, Somerset North Mall, Ste N-122",Troy,MI,,US,,1783828800,2026-07-12,82,2026-10-02,1783950738,2026-07-13,81,False,42.5631265,-83.1843265,481079454127,id:260055626,store:02250,Barista,onsite,"2800 W Big Beaver Rd, Somerset North Mall, Ste N-122, Troy, Michigan, United States",1,MI,CONUS_L1_015_026,1
2026-10-01,260073736,https://apply.starbucks.com/careers/job/481080813176,"shift supervisor - Store# 02250, SOMERSET COLLECTION - NORTH",SHIFT_SUPERVISOR,02250,SOMERSET COLLECTION - NORTH,"2800 W Big Beaver Rd, Somerset North Mall, Ste N-122",Troy,MI,,US,,1789185600,2026-09-12,20,2026-10-02,1789307182,2026-09-13,19,False,42.5631265,-83.1843265,481080813176,id:260073736,store:02250,Shift Supervisor,onsite,"2800 W Big Beaver Rd, Somerset North Mall, Ste N-122, Troy, Michigan, United States",1,MI,CONUS_L1_015_026,1
2026-10-01,260053534,https://apply.starbucks.com/careers/job/481079351599,"barista - Store# 02282, OLD WOODWARD & MAPLE",BARISTA,02282,OLD WOODWARD & MAPLE,101 N. Old Woodward,Birmingham,MI,,US,,1783396800,2026-07-07,87,2026-10-02,1783518130,2026-07-08,86,False,42.5469,-83.21483,481079351599,id:260053534,store:02282,Barista,onsite,"101 N. Old Woodward, Birmingham, Michigan, United States",1,MI,CONUS_L1_015_026,1
2026-10-01,260073778,https://apply.starbucks.com/careers/job/481080813224,"shift supervisor - Store# 02282, OLD WOODWARD & MAPLE",SHIFT_SUPERVISOR,02282,OLD WOODWARD & MAPLE,101 N. Old Woodward,Birmingham,MI,,US,,1789185600,2026-09-12,20,2026-10-02,1789307222,2026-09-13,19,False,42.5469,-83.21483,481080813224,id:260073778,store:02282,Shift Supervisor,onsite,"101 N. Old Woodward, Birmingham, Michigan, United States",1,MI,CONUS_L1_015_026,1
2026-10-01,260055743,https://apply.starbucks.com/careers/job/481079454275,"barista - Store# 51865, ORCHARD LAKE & NW HWY",BARISTA,51865,ORCHARD LAKE & NW HWY,31209 W 14 Mile Rd,Farmington,MI,,US,,1783828800,2026-07-12,82,2026-10-02,1783950827,2026-07-13,81,False,42.5283282,-83.35924829999999,481079454275,id:260055743,store:51865,Barista,onsite,"31209 W 14 Mile Rd, Farmington, Michigan, United States",1,MI,CONUS_L1_015_026,1
2026-10-01,260073600,https://apply.starbucks.com/careers/job/481080812955,"shift supervisor - Store# 51865, ORCHARD LAKE & NW HWY",SHIFT_SUPERVISOR,51865,ORCHARD LAKE & NW HWY,31209 W 14 Mile Rd,Farmington,MI,,US,,1789185600,2026-09-12,20,2026-10-02,1789307056,2026-09-13,19,False,42.5283282,-83.35924829999999,481080812955,id:260073600,store:51865,Shift Supervisor,onsite,"31209 W 14 Mile Rd, Farmington, Michigan, United States",1,MI,CONUS_L1_015_026,1
2026-10-01,260077283,https://apply.starbucks.com/careers/job/481080890848,"barista - Store# 79951, 14 MILE & HAGGERTY",BARISTA,79951,14 MILE & HAGGERTY,251 Haggerty Rd,Commerce Township,MI,,US,,1789617600,2026-09-17,15,2026-10-02,1789739020,2026-09-18,14,False,42.52929,-83.43828,481080890848,id:260077283,store:79951,Barista,onsite,"251 Haggerty Rd, Commerce Township, Michigan, United States",1,MI,CONUS_L1_015_026,1
2026-10-01,260073316,https://apply.starbucks.com/careers/job/481080798434,"shift supervisor - Store# 79951, 14 MILE & HAGGERTY",SHIFT_SUPERVISOR,79951,14 MILE & HAGGERTY,251 Haggerty Rd,Commerce Township,MI,,US,,1789012800,2026-09-10,22,2026-10-02,1789135800,2026-09-11,21,False,42.52929,-83.43828,481080798434,id:260073316,store:79951,Shift Supervisor,onsite,"251 Haggerty Rd, Commerce Township, Michigan, United States",1,MI,CONUS_L1_015_026,1
2026-10-01,260071365,https://apply.starbucks.com/careers/job/481080752035,"barista - Store# 11358, TROY, MAPLE & CROOKS",BARISTA,11358,"TROY, MAPLE & CROOKS",1470 W Maple Rd,Troy,MI,,US,,1788753600,2026-09-07,25,2026-10-02,1788875002,2026-09-08,24,False,42.5483773,-83.1673951,481080752035,id:260071365,store:11358,Barista,onsite,"1470 W Maple Rd, Troy, Michigan, United States",1,MI,CONUS_L1_015_026,1
2026-10-01,260064733,https://apply.starbucks.com/careers/job/481080613844,"shift supervisor - Store# 11358, TROY, MAPLE & CROOKS",SHIFT_SUPERVISOR,11358,"TROY, MAPLE & CROOKS",1470 W Maple Rd,Troy,MI,,US,,1788062400,2026-08-30,33,2026-10-02,1788184063,2026-08-31,32,False,42.5483773,-83.1673951,481080613844,id:260064733,store:11358,Shift Supervisor,onsite,"1470 W Maple Rd, Troy, Michigan, United States",1,MI,CONUS_L1_015_026,1
2026-10-01,260060262,https://apply.starbucks.com/careers/job/481080108652,"barista - Store# 02722, SAGINAW & BELLA VISTA",BARISTA,02722,SAGINAW & BELLA VISTA,"12720 S Saginaw St, E-1",Grand Blanc,MI,,US,,1786334400,2026-08-10,53,2026-10-02,1786455976,2026-08-11,52,False,42.919097,-83.6206548,481080108652,id:260060262,store:02722,Barista,onsite,"12720 S Saginaw St, E-1, Grand Blanc, Michigan, United States",1,MI,CONUS_L1_015_026,1
2026-10-01,260074954,https://apply.starbucks.com/careers/job/481080820943,"shift supervisor - Store# 02722, SAGINAW & BELLA VISTA",SHIFT_SUPERVISOR,02722,SAGINAW & BELLA VISTA,"12720 S Saginaw St, E-1",Grand Blanc,MI,,US,,1789272000,2026-09-13,19,2026-10-02,1789394514,2026-09-14,18,False,42.919097,-83.6206548,481080820943,id:260074954,store:02722,Shift Supervisor,onsite,"12720 S Saginaw St, E-1, Grand Blanc, Michigan, United States",1,MI,CONUS_L1_015_026,1
2026-10-01,260057301,https://apply.starbucks.com/careers/job/481079587697,"shift supervisor - Store# 02873, 23 MILE RD & M-53",SHIFT_SUPERVISOR,02873,23 MILE RD & M-53,12129 23 Mile Rd,Utica,MI,,US,,1784347200,2026-07-18,76,2026-10-02,1784468447,2026-07-19,75,False,42.670351,-83.0102196,481079587697,id:260057301,store:02873,Shift Supervisor,onsite,"12129 23 Mile Rd, Utica, Michigan, United States",1,MI,CONUS_L1_015_026,1
2026-10-01,260062495,https://apply.starbucks.com/careers/job/481080494494,"barista - Store# 02424, MAPLES PLAZA",BARISTA,02424,MAPLES PLAZA,"42151 Fourteen Mile Road, Maples Place",Novi,MI,,US,,1787630400,2026-08-25,38,2026-10-02,1787752266,2026-08-26,37,False,42.52588,-83.46548,481080494494,id:260062495,store:02424,Barista,onsite,"42151 Fourteen Mile Road, Maples Place, Novi, Michigan, United States",1,MI,CONUS_L1_015_026,1
2026-10-01,260062466,https://apply.starbucks.com/careers/job/481080494323,"shift supervisor - Store# 02424, MAPLES PLAZA",SHIFT_SUPERVISOR,02424,MAPLES PLAZA,"42151 Fourteen Mile Road, Maples Place",Novi,MI,,US,,1787630400,2026-08-25,38,2026-10-02,1787752242,2026-08-26,37,False,42.52588,-83.46548,481080494323,id:260062466,store:02424,Shift Supervisor,onsite,"42151 Fourteen Mile Road, Maples Place, Novi, Michigan, United States",1,MI,CONUS_L1_015_026,1
2026-10-01,260073260,https://apply.starbucks.com/careers/job/481080798140,"shift supervisor - Store# 02276, SIXTEEN & JOHN R. ROADS",SHIFT_SUPERVISOR,02276,SIXTEEN & JOHN R. ROADS,1921 E Big Beaver Rd,Troy,MI,,US,,1789012800,2026-09-10,22,2026-10-02,1789135752,2026-09-11,21,False,42.5646667,-83.1098095,481080798140,id:260073260,store:02276,Shift Supervisor,onsite,"1921 E Big Beaver Rd, Troy, Michigan, United States",1,MI,CONUS_L1_015_026,1
2026-10-01,260078173,https://apply.starbucks.com/careers/job/481080923797,"barista - Store# 02276, SIXTEEN & JOHN R. ROADS",BARISTA,02276,SIXTEEN & JOHN R. ROADS,1921 E Big Beaver Rd,Troy,MI,,US,,1789790400,2026-09-19,13,2026-10-02,1789911801,2026-09-20,12,False,42.5646667,-83.1098095,481080923797,id:260078173,store:02276,Barista,onsite,"1921 E Big Beaver Rd, Troy, Michigan, United States",1,MI,CONUS_L1_015_026,1
2026-10-01,260072423,https://apply.starbucks.com/careers/job/481080795578,"shift supervisor - Store# 02288, 13 MILE & WOODWARD",SHIFT_SUPERVISOR,02288,13 MILE & WOODWARD,31901 Woodward Ave,Royal Oak,MI,,US,,1789012800,2026-09-10,22,2026-10-02,1789135040,2026-09-11,21,False,42.5239597,-83.1929703,481080795578,id:260072423,store:02288,Shift Supervisor,onsite,"31901 Woodward Ave, Royal Oak, Michigan, United States",1,MI,CONUS_L1_015_026,1
2026-10-01,260054777,https://apply.starbucks.com/careers/job/481079406133,"barista - Store# 02288, 13 MILE & WOODWARD",BARISTA,02288,13 MILE & WOODWARD,31901 Woodward Ave,Royal Oak,MI,,US,,1783569600,2026-07-09,85,2026-10-02,1783691587,2026-07-10,84,False,42.5239597,-83.1929703,481079406133,id:260054777,store:02288,Barista,onsite,"31901 Woodward Ave, Royal Oak, Michigan, United States",1,MI,CONUS_L1_015_026,1
2026-10-01,260055229,https://apply.starbucks.com/careers/job/481079453712,"shift supervisor - Store# 47905, Telegraph & 12 Mile Road",SHIFT_SUPERVISOR,47905,Telegraph & 12 Mile Road,29235 Telegraph Rd,Southfield,MI,,US,,1783828800,2026-07-12,82,2026-10-02,1783950431,2026-07-13,81,False,42.50338,-83.28595,481079453712,id:260055229,store:47905,Shift Supervisor,onsite,"29235 Telegraph Rd, Southfield, Michigan, United States",1,MI,CONUS_L1_015_026,1
2026-10-01,260055569,https://apply.starbucks.com/careers/job/481079454117,"barista - Store# 47905, Telegraph & 12 Mile Road",BARISTA,47905,Telegraph & 12 Mile Road,29235 Telegraph Rd,Southfield,MI,,US,,1783828800,2026-07-12,82,2026-10-02,1783950694,2026-07-13,81,False,42.50338,-83.28595,481079454117,id:260055569,store:47905,Barista,onsite,"29235 Telegraph Rd, Southfield, Michigan, United States",1,MI,CONUS_L1_015_026,1
2026-10-01,260075214,https://apply.starbucks.com/careers/job/481080821410,"shift supervisor - Store# 02593, ORCHARD-12 PLAZA",SHIFT_SUPERVISOR,02593,ORCHARD-12 PLAZA,27835 Orchard Lake Rd,Farmington,MI,,US,,1789272000,2026-09-13,19,2026-10-02,1789394742,2026-09-14,18,False,42.5000329,-83.35912189999999,481080821410,id:260075214,store:02593,Shift Supervisor,onsite,"27835 Orchard Lake Rd, Farmington, Michigan, United States",1,MI,CONUS_L1_015_026,1
2026-10-01,260080643,https://apply.starbucks.com/careers/job/481081091784,"barista - Store# 02593, ORCHARD-12 PLAZA",BARISTA,02593,ORCHARD-12 PLAZA,27835 Orchard Lake Rd,Farmington,MI,,US,,1790740800,2026-09-30,2,2026-10-02,1790836123,2026-10-01,1,False,42.5000329,-83.35912189999999,481081091784,id:260080643,store:02593,Barista,onsite,"27835 Orchard Lake Rd, Farmington, Michigan, United States",1,MI,CONUS_L1_015_026,1
2026-10-01,260073591,https://apply.starbucks.com/careers/job/481080812949,"barista - Store# 02273, NORTHWESTERN & 12 MILE",BARISTA,02273,NORTHWESTERN & 12 MILE,28875 Franklin Rd,Southfield,MI,,US,,1789185600,2026-09-12,20,2026-10-02,1789307048,2026-09-13,19,False,42.49998,-83.30817,481080812949,id:260073591,store:02273,Barista,onsite,"28875 Franklin Rd, Southfield, Michigan, United States",1,MI,CONUS_L1_015_026,1
2026-10-01,260077876,https://apply.starbucks.com/careers/job/481080922898,"barista - Store# 13380, SOUTHFIELD & WINDFLOWER",BARISTA,13380,SOUTHFIELD & WINDFLOWER,30160 Southfield Rd,Southfield,MI,,US,,1789790400,2026-09-19,13,2026-10-02,1789911552,2026-09-20,12,False,42.5108661,-83.22229399999999,481080922898,id:260077876,store:13380,Barista,onsite,"30160 Southfield Rd, Southfield, Michigan, United States",1,MI,CONUS_L1_015_026,1
2026-10-01,260064582,https://apply.starbucks.com/careers/job/481080613849,"shift supervisor - Store# 13380, SOUTHFIELD & WINDFLOWER",SHIFT_SUPERVISOR,13380,SOUTHFIELD & WINDFLOWER,30160 Southfield Rd,Southfield,MI,,US,,1788062400,2026-08-30,33,2026-10-02,1788183934,2026-08-31,32,False,42.5108661,-83.22229399999999,481080613849,id:260064582,store:13380,Shift Supervisor,onsite,"30160 Southfield Rd, Southfield, Michigan, United States",1,MI,CONUS_L1_015_026,1
2026-10-01,260073850,https://apply.starbucks.com/careers/job/481080813427,"shift supervisor - Store# 14453, LAPEER",SHIFT_SUPERVISOR,14453,LAPEER,1221 Demille Rd,Lapeer,MI,,US,,1789185600,2026-09-12,20,2026-10-02,1789307290,2026-09-13,19,False,43.0430828,-83.3213813,481080813427,id:260073850,store:14453,Shift Supervisor,onsite,"1221 Demille Rd, Lapeer, Michigan, United States",1,MI,CONUS_L1_015_026,1
2026-10-01,260065461,https://apply.starbucks.com/careers/job/481080677757,"barista - Store# 14453, LAPEER",BARISTA,14453,LAPEER,1221 Demille Rd,Lapeer,MI,,US,,1788321600,2026-09-02,30,2026-10-02,1788357110,2026-09-02,30,False,43.0430828,-83.3213813,481080677757,id:260065461,store:14453,Barista,onsite,"1221 Demille Rd, Lapeer, Michigan, United States",1,MI,CONUS_L1_015_026,1
2026-10-01,260070230,https://apply.starbucks.com/careers/job/481080731236,"shift supervisor - Store# 23872, 16 & DEQUINDRE",SHIFT_SUPERVISOR,23872,16 & DEQUINDRE,2148 Metropolitan Parkway,Sterling Heights,MI,,US,,1788580800,2026-09-05,27,2026-10-02,1788702727,2026-09-06,26,False,42.56353,-83.08691,481080731236,id:260070230,store:23872,Shift Supervisor,onsite,"2148 Metropolitan Parkway, Sterling Heights, Michigan, United States",1,MI,CONUS_L1_015_026,1
2026-10-01,260067064,https://apply.starbucks.com/careers/job/481080698703,"barista - Store# 23872, 16 & DEQUINDRE",BARISTA,23872,16 & DEQUINDRE,2148 Metropolitan Parkway,Sterling Heights,MI,,US,,1788321600,2026-09-02,30,2026-10-02,1788455941,2026-09-03,29,False,42.56353,-83.08691,481080698703,id:260067064,store:23872,Barista,onsite,"2148 Metropolitan Parkway, Sterling Heights, Michigan, United States",1,MI,CONUS_L1_015_026,1
2026-10-01,260065542,https://apply.starbucks.com/careers/job/481080677890,"barista - Store# 23872, 16 & DEQUINDRE",BARISTA,23872,16 & DEQUINDRE,2148 Metropolitan Parkway,Sterling Heights,MI,,US,,1788321600,2026-09-02,30,2026-10-02,1788357180,2026-09-02,30,False,42.56353,-83.08691,481080677890,id:260065542,store:23872,Barista,onsite,"2148 Metropolitan Parkway, Sterling Heights, Michigan, United States",1,MI,CONUS_L1_015_026,1
2026-10-01,260063532,https://apply.starbucks.com/careers/job/481080566458,"barista - Store# 02439, 166 S MILFORD RD",BARISTA,02439,166 S MILFORD RD,"166 S Milford Rd., 250",Milford,MI,,US,,1787803200,2026-08-27,36,2026-10-02,1787924997,2026-08-28,35,False,42.58034079999999,-83.6116054,481080566458,id:260063532,store:02439,Barista,onsite,"166 S Milford Rd., 250, Milford, Michigan, United States",1,MI,CONUS_L1_015_026,1
2026-10-01,260068232,https://apply.starbucks.com/careers/job/481080709139,"shift supervisor - Store# 23001, WOODWARD AND GUILFORD",SHIFT_SUPERVISOR,23001,WOODWARD AND GUILFORD,30734 Woodward Ave,Royal Oak,MI,,US,,1788408000,2026-09-03,29,2026-10-02,1788529556,2026-09-04,28,False,42.51568,-83.18336,481080709139,id:260068232,store:23001,Shift Supervisor,onsite,"30734 Woodward Ave, Royal Oak, Michigan, United States",1,MI,CONUS_L1_015_026,1
2026-10-01,260058092,https://apply.starbucks.com/careers/job/481079849379,"barista - Store# 23001, WOODWARD AND GUILFORD",BARISTA,23001,WOODWARD AND GUILFORD,30734 Woodward Ave,Royal Oak,MI,,US,,1784952000,2026-07-25,69,2026-10-02,1785073376,2026-07-26,68,False,42.51568,-83.18336,481079849379,id:260058092,store:23001,Barista,onsite,"30734 Woodward Ave, Royal Oak, Michigan, United States",1,MI,CONUS_L1_015_026,1
2026-10-01,260067863,https://apply.starbucks.com/careers/job/481080699581,"shift supervisor - Store# 20398, 12 MILE & CABOT",SHIFT_SUPERVISOR,20398,12 MILE & CABOT,"27855 Cabot Dr., TBD",Novi,MI,,US,,1788321600,2026-09-02,30,2026-10-02,1788456696,2026-09-03,29,False,42.4973549,-83.4410973,481080699581,id:260067863,store:20398,Shift Supervisor,onsite,"27855 Cabot Dr., TBD, Novi, Michigan, United States",1,MI,CONUS_L1_015_026,1
2026-10-01,260066341,https://apply.starbucks.com/careers/job/481080679285,"shift supervisor - Store# 20398, 12 MILE & CABOT",SHIFT_SUPERVISOR,20398,12 MILE & CABOT,"27855 Cabot Dr., TBD",Novi,MI,,US,,1788321600,2026-09-02,30,2026-10-02,1788357890,2026-09-02,30,False,42.4973549,-83.4410973,481080679285,id:260066341,store:20398,Shift Supervisor,onsite,"27855 Cabot Dr., TBD, Novi, Michigan, United States",1,MI,CONUS_L1_015_026,1
2026-10-01,260070566,https://apply.starbucks.com/careers/job/481080741637,"barista - Store# 20398, 12 MILE & CABOT",BARISTA,20398,12 MILE & CABOT,"27855 Cabot Dr., TBD",Novi,MI,,US,,1788667200,2026-09-06,26,2026-10-02,1788788519,2026-09-07,25,False,42.4973549,-83.4410973,481080741637,id:260070566,store:20398,Barista,onsite,"27855 Cabot Dr., TBD, Novi, Michigan, United States",1,MI,CONUS_L1_015_026,1
2026-10-01,260080001,https://apply.starbucks.com/careers/job/481081029569,"barista - Store# 19800, 14 MILE & JOHN R RD.",BARISTA,19800,14 MILE & JOHN R RD.,"398 W 14 Mile Road, Suite A",Troy,MI,,US,,1790481600,2026-09-27,5,2026-10-02,1790603386,2026-09-28,4,False,42.5345028,-83.11065119999999,481081029569,id:260080001,store:19800,Barista,onsite,"398 W 14 Mile Road, Suite A, Troy, Michigan, United States",1,MI,CONUS_L1_015_026,1
2026-10-01,260057435,https://apply.starbucks.com/careers/job/481079604797,"shift supervisor - Store# 19800, 14 MILE & JOHN R RD.",SHIFT_SUPERVISOR,19800,14 MILE & JOHN R RD.,"398 W 14 Mile Road, Suite A",Troy,MI,,US,,1784433600,2026-07-19,75,2026-10-02,1784554761,2026-07-20,74,False,42.5345028,-83.11065119999999,481079604797,id:260057435,store:19800,Shift Supervisor,onsite,"398 W 14 Mile Road, Suite A, Troy, Michigan, United States",1,MI,CONUS_L1_015_026,1
2026-10-01,260059255,https://apply.starbucks.com/careers/job/481079980571,"barista - Store# 49996, TELEGRAPH & I-696",BARISTA,49996,TELEGRAPH & I-696,26436 Telegraph Rd,Southfield,MI,,US,,1785643200,2026-08-02,61,2026-10-02,1785753139,2026-08-03,60,False,42.4828986,-83.28472599999999,481079980571,id:260059255,store:49996,Barista,onsite,"26436 Telegraph Rd, Southfield, Michigan, United States",1,MI,CONUS_L1_015_026,1
2026-10-01,260078072,https://apply.starbucks.com/careers/job/481080923566,"shift supervisor - Store# 49996, TELEGRAPH & I-696",SHIFT_SUPERVISOR,49996,TELEGRAPH & I-696,26436 Telegraph Rd,Southfield,MI,,US,,1789790400,2026-09-19,13,2026-10-02,1789911717,2026-09-20,12,False,42.4828986,-83.28472599999999,481080923566,id:260078072,store:49996,Shift Supervisor,onsite,"26436 Telegraph Rd, Southfield, Michigan, United States",1,MI,CONUS_L1_015_026,1
2026-10-01,260072339,https://apply.starbucks.com/careers/job/481080778536,"barista - Store# 80410, S IRISH & LAPEER RD",BARISTA,80410,S IRISH & LAPEER RD,"8079 Lapeer Rd., Suite A",Davison,MI,,US,,1788926400,2026-09-09,23,2026-10-02,1789048119,2026-09-10,22,False,43.01228,-83.55176,481080778536,id:260072339,store:80410,Barista,onsite,"8079 Lapeer Rd., Suite A, Davison, Michigan, United States",1,MI,CONUS_L1_015_026,1
2026-10-01,260077522,https://apply.starbucks.com/careers/job/481080891199,"shift supervisor - Store# 80410, S IRISH & LAPEER RD",SHIFT_SUPERVISOR,80410,S IRISH & LAPEER RD,"8079 Lapeer Rd., Suite A",Davison,MI,,US,,1789617600,2026-09-17,15,2026-10-02,1789739228,2026-09-18,14,False,43.01228,-83.55176,481080891199,id:260077522,store:80410,Shift Supervisor,onsite,"8079 Lapeer Rd., Suite A, Davison, Michigan, United States",1,MI,CONUS_L1_015_026,1
2026-10-01,260074830,https://apply.starbucks.com/careers/job/481080820782,"barista - Store# 02278, NOVI",BARISTA,02278,NOVI,"27795-B Novi Road, West Oaks II, Space F-102",Novi,MI,,US,,1789272000,2026-09-13,19,2026-10-02,1789394399,2026-09-14,18,False,42.493815,-83.4767907,481080820782,id:260074830,store:02278,Barista,onsite,"27795-B Novi Road, West Oaks II, Space F-102, Novi, Michigan, United States",1,MI,CONUS_L1_015_026,1
2026-10-01,260073026,https://apply.starbucks.com/careers/job/481080797614,"shift supervisor - Store# 02278, NOVI",SHIFT_SUPERVISOR,02278,NOVI,"27795-B Novi Road, West Oaks II, Space F-102",Novi,MI,,US,,1789012800,2026-09-10,22,2026-10-02,1789135553,2026-09-11,21,False,42.493815,-83.4767907,481080797614,id:260073026,store:02278,Shift Supervisor,onsite,"27795-B Novi Road, West Oaks II, Space F-102, Novi, Michigan, United States",1,MI,CONUS_L1_015_026,1
2026-10-01,260062620,https://apply.starbucks.com/careers/job/481080494675,"shift supervisor - Store# 02480, Hall Rd & Hayes",SHIFT_SUPERVISOR,02480,Hall Rd & Hayes,"15069 Hall Rd, Shelby Square, Ste A",Utica,MI,,US,,1787630400,2026-08-25,38,2026-10-02,1787752365,2026-08-26,37,False,42.6282259,-82.97672209999999,481080494675,id:260062620,store:02480,Shift Supervisor,onsite,"15069 Hall Rd, Shelby Square, Ste A, Utica, Michigan, United States",1,MI,CONUS_L1_015_026,1
2026-10-01,260079895,https://apply.starbucks.com/careers/job/481081019011,"barista - Store# 02480, Hall Rd & Hayes",BARISTA,02480,Hall Rd & Hayes,"15069 Hall Rd, Shelby Square, Ste A",Utica,MI,,US,,1790395200,2026-09-26,6,2026-10-02,1790516590,2026-09-27,5,False,42.6282259,-82.97672209999999,481081019011,id:260079895,store:02480,Barista,onsite,"15069 Hall Rd, Shelby Square, Ste A, Utica, Michigan, United States",1,MI,CONUS_L1_015_026,1
2026-10-01,260072558,https://apply.starbucks.com/careers/job/481080795934,"shift supervisor - Store# 02289, DT FARMINGTON",SHIFT_SUPERVISOR,02289,DT FARMINGTON,"33199 Grand River, Downtown Farmington Center F2",Farmington,MI,,US,,1789012800,2026-09-10,22,2026-10-02,1789135154,2026-09-11,21,False,42.46382,-83.37437,481080795934,id:260072558,store:02289,Shift Supervisor,onsite,"33199 Grand River, Downtown Farmington Center F2, Farmington, Michigan, United States",1,MI,CONUS_L1_015_026,1
2026-10-01,260069705,https://apply.starbucks.com/careers/job/481080730588,"shift supervisor - Store# 26894, GRAND RIVER & BECK",SHIFT_SUPERVISOR,26894,GRAND RIVER & BECK,27212 Beck Rd,Novi,MI,,US,,1788580800,2026-09-05,27,2026-10-02,1788702313,2026-09-06,26,False,42.49069,-83.51508,481080730588,id:260069705,store:26894,Shift Supervisor,onsite,"27212 Beck Rd, Novi, Michigan, United States",1,MI,CONUS_L1_015_026,1
2026-10-01,260062462,https://apply.starbucks.com/careers/job/481080494337,"barista - Store# 26894, GRAND RIVER & BECK",BARISTA,26894,GRAND RIVER & BECK,27212 Beck Rd,Novi,MI,,US,,1787630400,2026-08-25,38,2026-10-02,1787752238,2026-08-26,37,False,42.49069,-83.51508,481080494337,id:260062462,store:26894,Barista,onsite,"27212 Beck Rd, Novi, Michigan, United States",1,MI,CONUS_L1_015_026,1
2026-10-01,260074975,https://apply.starbucks.com/careers/job/481080820798,"shift supervisor - Store# 02771, VAN DYKE & 16 MILE ROAD",SHIFT_SUPERVISOR,02771,VAN DYKE & 16 MILE ROAD,36350 Van Dyke Ave,Sterling Heights,MI,,US,,1789272000,2026-09-13,19,2026-10-02,1789394533,2026-09-14,18,False,42.5612453,-83.02873199999999,481080820798,id:260074975,store:02771,Shift Supervisor,onsite,"36350 Van Dyke Ave, Sterling Heights, Michigan, United States",1,MI,CONUS_L1_015_026,1
2026-10-01,260078944,https://apply.starbucks.com/careers/job/481080964917,"barista - Store# 02771, VAN DYKE & 16 MILE ROAD",BARISTA,02771,VAN DYKE & 16 MILE ROAD,36350 Van Dyke Ave,Sterling Heights,MI,,US,,1790049600,2026-09-22,10,2026-10-02,1790171058,2026-09-23,9,False,42.5612453,-83.02873199999999,481080964917,id:260078944,store:02771,Barista,onsite,"36350 Van Dyke Ave, Sterling Heights, Michigan, United States",1,MI,CONUS_L1_015_026,1
2026-10-01,260067563,https://apply.starbucks.com/careers/job/481080699411,"barista - Store# 11519, MADISON HGTS, 12 MILE & DARTMOUTH",BARISTA,11519,"MADISON HGTS, 12 MILE & DARTMOUTH",600 W 12 Mile Rd,Madison Heights,MI,,US,,1788321600,2026-09-02,30,2026-10-02,1788456417,2026-09-03,29,False,42.50491,-83.11198,481080699411,id:260067563,store:11519,Barista,onsite,"600 W 12 Mile Rd, Madison Heights, Michigan, United States",1,MI,CONUS_L1_015_026,1
2026-10-01,260064475,https://apply.starbucks.com/careers/job/481080613367,"shift supervisor - Store# 11519, MADISON HGTS, 12 MILE & DARTMOUTH",SHIFT_SUPERVISOR,11519,"MADISON HGTS, 12 MILE & DARTMOUTH",600 W 12 Mile Rd,Madison Heights,MI,,US,,1788062400,2026-08-30,33,2026-10-02,1788183845,2026-08-31,32,False,42.50491,-83.11198,481080613367,id:260064475,store:11519,Shift Supervisor,onsite,"600 W 12 Mile Rd, Madison Heights, Michigan, United States",1,MI,CONUS_L1_015_026,1
2026-10-01,260054718,https://apply.starbucks.com/careers/job/481079406227,"barista - Store# 11879, OAK PARK, 10 MILE & GREENFIELD",BARISTA,11879,"OAK PARK, 10 MILE & GREENFIELD",24840 Greenfield Rd,Oak Park,MI,,US,,1783569600,2026-07-09,85,2026-10-02,1783691542,2026-07-10,84,False,42.4730506,-83.20083869999999,481079406227,id:260054718,store:11879,Barista,onsite,"24840 Greenfield Rd, Oak Park, Michigan, United States",1,MI,CONUS_L1_015_026,1
2026-10-01,260079139,https://apply.starbucks.com/careers/job/481080965496,"shift supervisor - Store# 11879, OAK PARK, 10 MILE & GREENFIELD",SHIFT_SUPERVISOR,11879,"OAK PARK, 10 MILE & GREENFIELD",24840 Greenfield Rd,Oak Park,MI,,US,,1790049600,2026-09-22,10,2026-10-02,1790171222,2026-09-23,9,False,42.4730506,-83.20083869999999,481080965496,id:260079139,store:11879,Shift Supervisor,onsite,"24840 Greenfield Rd, Oak Park, Michigan, United States",1,MI,CONUS_L1_015_026,1
2026-10-01,260068427,https://apply.starbucks.com/careers/job/481080709469,"shift supervisor - Store# 51498, FENTON & HILL",SHIFT_SUPERVISOR,51498,FENTON & HILL,1054 E Hill Rd,Grand Blanc,MI,,US,,1788408000,2026-09-03,29,2026-10-02,1788529726,2026-09-04,28,False,42.9437033,-83.6903099,481080709469,id:260068427,store:51498,Shift Supervisor,onsite,"1054 E Hill Rd, Grand Blanc, Michigan, United States",1,MI,CONUS_L1_015_026,1
2026-10-01,260068439,https://apply.starbucks.com/careers/job/481080709487,"barista - Store# 51498, FENTON & HILL",BARISTA,51498,FENTON & HILL,1054 E Hill Rd,Grand Blanc,MI,,US,,1788408000,2026-09-03,29,2026-10-02,1788529736,2026-09-04,28,False,42.9437033,-83.6903099,481080709487,id:260068439,store:51498,Barista,onsite,"1054 E Hill Rd, Grand Blanc, Michigan, United States",1,MI,CONUS_L1_015_026,1
2026-10-01,260073165,https://apply.starbucks.com/careers/job/481080797918,"shift supervisor - Store# 02296, ROYAL OAK",SHIFT_SUPERVISOR,02296,ROYAL OAK,300 S Main St,Royal Oak,MI,,US,,1789012800,2026-09-10,22,2026-10-02,1789135670,2026-09-11,21,False,42.4879866,-83.14460919999999,481080797918,id:260073165,store:02296,Shift Supervisor,onsite,"300 S Main St, Royal Oak, Michigan, United States",1,MI,CONUS_L1_015_026,1
2026-10-01,260078503,https://apply.starbucks.com/careers/job/481080936450,"barista - Store# 02296, ROYAL OAK",BARISTA,02296,ROYAL OAK,300 S Main St,Royal Oak,MI,,US,,1789876800,2026-09-20,12,2026-10-02,1789998325,2026-09-21,11,False,42.4879866,-83.14460919999999,481080936450,id:260078503,store:02296,Barista,onsite,"300 S Main St, Royal Oak, Michigan, United States",1,MI,CONUS_L1_015_026,1
2026-10-01,260054005,https://apply.starbucks.com/careers/job/481079404881,"barista - Store# 67456, GRAND RIVER & PURDUE AVE.",BARISTA,67456,GRAND RIVER & PURDUE AVE.,30000 Grand River Ave,Farmington,MI,,US,,1783569600,2026-07-09,85,2026-10-02,1783691037,2026-07-10,84,False,42.45116540000001,-83.3419701,481079404881,id:260054005,store:67456,Barista,onsite,"30000 Grand River Ave, Farmington, Michigan, United States",1,MI,CONUS_L1_015_026,1
2026-10-01,260054465,https://apply.starbucks.com/careers/job/481079405635,"shift supervisor - Store# 67456, GRAND RIVER & PURDUE AVE.",SHIFT_SUPERVISOR,67456,GRAND RIVER & PURDUE AVE.,30000 Grand River Ave,Farmington,MI,,US,,1783569600,2026-07-09,85,2026-10-02,1783691362,2026-07-10,84,False,42.45116540000001,-83.3419701,481079405635,id:260054465,store:67456,Shift Supervisor,onsite,"30000 Grand River Ave, Farmington, Michigan, United States",1,MI,CONUS_L1_015_026,1
2026-10-01,260054104,https://apply.starbucks.com/careers/job/481079405045,"barista - Store# 13788, THE MALL AT PARTRIDGE CREEK",BARISTA,13788,THE MALL AT PARTRIDGE CREEK,"17410 Hall Rd, The Mall at Partridge Creek, Ste 174",Clinton Township,MI,,US,,1783569600,2026-07-09,85,2026-10-02,1783691107,2026-07-10,84,False,42.6275714,-82.94782959999999,481079405045,id:260054104,store:13788,Barista,onsite,"17410 Hall Rd, The Mall at Partridge Creek, Ste 174, Clinton Township, Michigan, United States",1,MI,CONUS_L1_015_026,1
2026-10-01,260079705,https://apply.starbucks.com/careers/job/481081018751,"shift supervisor - Store# 13788, THE MALL AT PARTRIDGE CREEK",SHIFT_SUPERVISOR,13788,THE MALL AT PARTRIDGE CREEK,"17410 Hall Rd, The Mall at Partridge Creek, Ste 174",Clinton Township,MI,,US,,1790395200,2026-09-26,6,2026-10-02,1790516422,2026-09-27,5,False,42.6275714,-82.94782959999999,481081018751,id:260079705,store:13788,Shift Supervisor,onsite,"17410 Hall Rd, The Mall at Partridge Creek, Ste 174, Clinton Township, Michigan, United States",1,MI,CONUS_L1_015_026,1
2026-10-01,260056205,https://apply.starbucks.com/careers/job/481079497860,"barista - Store# 69764, DEQUINDRE & UNIVERSAL DR",BARISTA,69764,DEQUINDRE & UNIVERSAL DR,28550 Dequindre Rd,Warren,MI,,US,,1784001600,2026-07-14,80,2026-10-02,1784123021,2026-07-15,79,False,42.50181,-83.08486,481079497860,id:260056205,store:69764,Barista,onsite,"28550 Dequindre Rd, Warren, Michigan, United States",1,MI,CONUS_L1_015_026,1
2026-10-01,260078455,https://apply.starbucks.com/careers/job/481080936401,"shift supervisor - Store# 69764, DEQUINDRE & UNIVERSAL DR",SHIFT_SUPERVISOR,69764,DEQUINDRE & UNIVERSAL DR,28550 Dequindre Rd,Warren,MI,,US,,1789876800,2026-09-20,12,2026-10-02,1789998285,2026-09-21,11,False,42.50181,-83.08486,481080936401,id:260078455,store:69764,Shift Supervisor,onsite,"28550 Dequindre Rd, Warren, Michigan, United States",1,MI,CONUS_L1_015_026,1
2026-10-01,260064594,https://apply.starbucks.com/careers/job/481080613678,"barista - Store# 09955, LYON TOWN CENTER",BARISTA,09955,LYON TOWN CENTER,"30808 Lyon Center Dr E, Lyon Towne Center",New Hudson,MI,,US,,1788062400,2026-08-30,33,2026-10-02,1788183944,2026-08-31,32,False,42.5156181,-83.61532439999999,481080613678,id:260064594,store:09955,Barista,onsite,"30808 Lyon Center Dr E, Lyon Towne Center, New Hudson, Michigan, United States",1,MI,CONUS_L1_015_026,1
2026-10-01,260063756,https://apply.starbucks.com/careers/job/481080567431,"shift supervisor - Store# 09955, LYON TOWN CENTER",SHIFT_SUPERVISOR,09955,LYON TOWN CENTER,"30808 Lyon Center Dr E, Lyon Towne Center",New Hudson,MI,,US,,1787803200,2026-08-27,36,2026-10-02,1787925176,2026-08-28,35,False,42.5156181,-83.61532439999999,481080567431,id:260063756,store:09955,Shift Supervisor,onsite,"30808 Lyon Center Dr E, Lyon Towne Center, New Hudson, Michigan, United States",1,MI,CONUS_L1_015_026,1
2026-10-01,260063491,https://apply.starbucks.com/careers/job/481080567299,"barista - Store# 09650, FLINT, COURT AND CENTER",BARISTA,09650,"FLINT, COURT AND CENTER","3822 E. Court Street, Pro Clean Center",Flint,MI,,US,,1787803200,2026-08-27,36,2026-10-02,1787924964,2026-08-28,35,False,43.01837,-83.63557,481080567299,id:260063491,store:09650,Barista,onsite,"3822 E. Court Street, Pro Clean Center, Flint, Michigan, United States",1,MI,CONUS_L1_015_026,1
2026-10-01,260063158,https://apply.starbucks.com/careers/job/481080565485,"shift supervisor - Store# 09650, FLINT, COURT AND CENTER",SHIFT_SUPERVISOR,09650,"FLINT, COURT AND CENTER","3822 E. Court Street, Pro Clean Center",Flint,MI,,US,,1787803200,2026-08-27,36,2026-10-02,1787924698,2026-08-28,35,False,43.01837,-83.63557,481080565485,id:260063158,store:09650,Shift Supervisor,onsite,"3822 E. Court Street, Pro Clean Center, Flint, Michigan, United States",1,MI,CONUS_L1_015_026,1
2026-10-01,260063782,https://apply.starbucks.com/careers/job/481080567834,"shift supervisor - Store# 10076, 12 MILE & MOUND",SHIFT_SUPERVISOR,10076,12 MILE & MOUND,29215 Mound Rd,Warren,MI,,US,,1787803200,2026-08-27,36,2026-10-02,1787925197,2026-08-28,35,False,42.5076794,-83.0474648,481080567834,id:260063782,store:10076,Shift Supervisor,onsite,"29215 Mound Rd, Warren, Michigan, United States",1,MI,CONUS_L1_015_026,1
2026-10-01,260063865,https://apply.starbucks.com/careers/job/481080567727,"barista - Store# 10076, 12 MILE & MOUND",BARISTA,10076,12 MILE & MOUND,29215 Mound Rd,Warren,MI,,US,,1787803200,2026-08-27,36,2026-10-02,1787925264,2026-08-28,35,False,42.5076794,-83.0474648,481080567727,id:260063865,store:10076,Barista,onsite,"29215 Mound Rd, Warren, Michigan, United States",1,MI,CONUS_L1_015_026,1
2026-10-01,260071662,https://apply.starbucks.com/careers/job/481080764482,"shift supervisor - Store# 78668, HILL & TORREY",SHIFT_SUPERVISOR,78668,HILL & TORREY,"2489 W Hill Rd, Unit 2",Flint,MI,,US,,1788840000,2026-09-08,24,2026-10-02,1788961306,2026-09-09,23,False,42.943436,-83.730677,481080764482,id:260071662,store:78668,Shift Supervisor,onsite,"2489 W Hill Rd, Unit 2, Flint, Michigan, United States",1,MI,CONUS_L1_015_026,1
2026-10-01,260074696,https://apply.starbucks.com/careers/job/481080820416,"barista - Store# 78668, HILL & TORREY",BARISTA,78668,HILL & TORREY,"2489 W Hill Rd, Unit 2",Flint,MI,,US,,1789272000,2026-09-13,19,2026-10-02,1789394283,2026-09-14,18,False,42.943436,-83.730677,481080820416,id:260074696,store:78668,Barista,onsite,"2489 W Hill Rd, Unit 2, Flint, Michigan, United States",1,MI,CONUS_L1_015_026,1
2026-10-01,260057783,https://apply.starbucks.com/careers/job/481079649260,"shift supervisor - Store# 02398, 8 MILE & HAGGERTY",SHIFT_SUPERVISOR,02398,8 MILE & HAGGERTY,"20055 Haggerty Rd, North Ridge Grove Retail Center",Northville,MI,,US,,1784606400,2026-07-21,73,2026-10-02,1784727960,2026-07-22,72,False,42.4363365,-83.4366912,481079649260,id:260057783,store:02398,Shift Supervisor,onsite,"20055 Haggerty Rd, North Ridge Grove Retail Center, Northville, Michigan, United States",1,MI,CONUS_L1_015_026,1
2026-10-01,260064037,https://apply.starbucks.com/careers/job/481080594442,"barista - Store# 02398, 8 MILE & HAGGERTY",BARISTA,02398,8 MILE & HAGGERTY,"20055 Haggerty Rd, North Ridge Grove Retail Center",Northville,MI,,US,,1787976000,2026-08-29,34,2026-10-02,1788097377,2026-08-30,33,False,42.4363365,-83.4366912,481080594442,id:260064037,store:02398,Barista,onsite,"20055 Haggerty Rd, North Ridge Grove Retail Center, Northville, Michigan, United States",1,MI,CONUS_L1_015_026,1
2026-10-01,260062106,https://apply.starbucks.com/careers/job/481080430114,"shift supervisor - Store# 24574, HALL & HEYDENREICH",SHIFT_SUPERVISOR,24574,HALL & HEYDENREICH,20801 Hall Rd,Macomb,MI,,US,,1787457600,2026-08-23,40,2026-10-02,1787579413,2026-08-24,39,False,42.62961,-82.91382,481080430114,id:260062106,store:24574,Shift Supervisor,onsite,"20801 Hall Rd, Macomb, Michigan, United States",1,MI,CONUS_L1_015_026;CONUS_L1_015_027,2
2026-10-01,260064114,https://apply.starbucks.com/careers/job/481080594573,"barista - Store# 24574, HALL & HEYDENREICH",BARISTA,24574,HALL & HEYDENREICH,20801 Hall Rd,Macomb,MI,,US,,1787976000,2026-08-29,34,2026-10-02,1788097438,2026-08-30,33,False,42.62961,-82.91382,481080594573,id:260064114,store:24574,Barista,onsite,"20801 Hall Rd, Macomb, Michigan, United States",1,MI,CONUS_L1_015_026;CONUS_L1_015_027,2
2026-10-01,260079971,https://apply.starbucks.com/careers/job/481081029512,"shift supervisor - Store# 60134, 15 MILE & UTICA",SHIFT_SUPERVISOR,60134,15 MILE & UTICA,34725 Utica Rd,Fraser,MI,,US,,1790481600,2026-09-27,5,2026-10-02,1790603356,2026-09-28,4,False,42.55203,-82.96099,481081029512,id:260079971,store:60134,Shift Supervisor,onsite,"34725 Utica Rd, Fraser, Michigan, United States",1,MI,CONUS_L1_015_026,1
2026-10-01,260074156,https://apply.starbucks.com/careers/job/481080813942,"barista - Store# 60134, 15 MILE & UTICA",BARISTA,60134,15 MILE & UTICA,34725 Utica Rd,Fraser,MI,,US,,1789185600,2026-09-12,20,2026-10-02,1789307573,2026-09-13,19,False,42.55203,-82.96099,481080813942,id:260074156,store:60134,Barista,onsite,"34725 Utica Rd, Fraser, Michigan, United States",1,MI,CONUS_L1_015_026,1
2026-10-01,260057635,https://apply.starbucks.com/careers/job/481079627280,"barista - Store# 02486, DOWNTOWN NORTHVILLE",BARISTA,02486,DOWNTOWN NORTHVILLE,302 E Main St,Northville,MI,,US,,1784520000,2026-07-20,74,2026-10-02,1784642481,2026-07-21,73,False,42.4309428,-83.4801287,481079627280,id:260057635,store:02486,Barista,onsite,"302 E Main St, Northville, Michigan, United States",1,MI,CONUS_L1_015_026,1
2026-10-01,260073090,https://apply.starbucks.com/careers/job/481080797811,"shift supervisor - Store# 02486, DOWNTOWN NORTHVILLE",SHIFT_SUPERVISOR,02486,DOWNTOWN NORTHVILLE,302 E Main St,Northville,MI,,US,,1789012800,2026-09-10,22,2026-10-02,1789135607,2026-09-11,21,False,42.4309428,-83.4801287,481080797811,id:260073090,store:02486,Shift Supervisor,onsite,"302 E Main St, Northville, Michigan, United States",1,MI,CONUS_L1_015_026,1
2026-10-01,260066919,https://apply.starbucks.com/careers/job/481080698498,"shift supervisor - Store# 21894, WOODWARD AND 8 MILE",SHIFT_SUPERVISOR,21894,WOODWARD AND 8 MILE,1327 W 8 Mile Rd,Highland Park,MI,,US,,1788321600,2026-09-02,30,2026-10-02,1788455805,2026-09-03,29,False,42.44611,-83.12077,481080698498,id:260066919,store:21894,Shift Supervisor,onsite,"1327 W 8 Mile Rd, Highland Park, Michigan, United States",1,MI,CONUS_L1_015_026,1
2026-10-01,260066465,https://apply.starbucks.com/careers/job/481080679606,"barista - Store# 21894, WOODWARD AND 8 MILE",BARISTA,21894,WOODWARD AND 8 MILE,1327 W 8 Mile Rd,Highland Park,MI,,US,,1788321600,2026-09-02,30,2026-10-02,1788358001,2026-09-02,30,False,42.44611,-83.12077,481080679606,id:260066465,store:21894,Barista,onsite,"1327 W 8 Mile Rd, Highland Park, Michigan, United States",1,MI,CONUS_L1_015_026,1
2026-10-01,260067987,https://apply.starbucks.com/careers/job/481080699764,"barista - Store# 21894, WOODWARD AND 8 MILE",BARISTA,21894,WOODWARD AND 8 MILE,1327 W 8 Mile Rd,Highland Park,MI,,US,,1788321600,2026-09-02,30,2026-10-02,1788456814,2026-09-03,29,False,42.44611,-83.12077,481080699764,id:260067987,store:21894,Barista,onsite,"1327 W 8 Mile Rd, Highland Park, Michigan, United States",1,MI,CONUS_L1_015_026,1
2026-10-01,260059117,https://apply.starbucks.com/careers/job/481079980405,"barista - Store# 62730, GROESBECK & CASS",BARISTA,62730,GROESBECK & CASS,40451 S Groesbeck Hwy,Clinton Township,MI,,US,,1785643200,2026-08-02,61,2026-10-02,1785753021,2026-08-03,60,False,42.59643,-82.90099,481079980405,id:260059117,store:62730,Barista,onsite,"40451 S Groesbeck Hwy, Clinton Township, Michigan, United States",1,MI,CONUS_L1_015_026;CONUS_L1_015_027,2
2026-10-01,260070248,https://apply.starbucks.com/careers/job/481080731215,"shift supervisor - Store# 62730, GROESBECK & CASS",SHIFT_SUPERVISOR,62730,GROESBECK & CASS,40451 S Groesbeck Hwy,Clinton Township,MI,,US,,1788580800,2026-09-05,27,2026-10-02,1788702741,2026-09-06,26,False,42.59643,-82.90099,481080731215,id:260070248,store:62730,Shift Supervisor,onsite,"40451 S Groesbeck Hwy, Clinton Township, Michigan, United States",1,MI,CONUS_L1_015_026;CONUS_L1_015_027,2
2026-10-01,260076993,https://apply.starbucks.com/careers/job/481080875275,"shift supervisor - Store# 08874, FLINT, MILLER ROAD",SHIFT_SUPERVISOR,08874,"FLINT, MILLER ROAD",3243 Miller Rd,Flint,MI,,US,,1789531200,2026-09-16,16,2026-10-02,1789652635,2026-09-17,15,False,42.98839,-83.7405,481080875275,id:260076993,store:08874,Shift Supervisor,onsite,"3243 Miller Rd, Flint, Michigan, United States",1,MI,CONUS_L1_015_026,1
2026-10-01,260080762,https://apply.starbucks.com/careers/job/481081098001,"barista - Store# 08874, FLINT, MILLER ROAD",BARISTA,08874,"FLINT, MILLER ROAD",3243 Miller Rd,Flint,MI,,US,,1790740800,2026-09-30,2,2026-10-02,1790861972,2026-10-01,1,False,42.98839,-83.7405,481081098001,id:260080762,store:08874,Barista,onsite,"3243 Miller Rd, Flint, Michigan, United States",1,MI,CONUS_L1_015_026,1
2026-10-01,260069016,https://apply.starbucks.com/careers/job/481080710448,"shift supervisor - Store# 28933, HALL & I-94",SHIFT_SUPERVISOR,28933,HALL & I-94,24798 Rosso Hwy,Clinton Township,MI,,US,,1788408000,2026-09-03,29,2026-10-02,1788530227,2026-09-04,28,False,42.629387,-82.85777329999999,481080710448,id:260069016,store:28933,Shift Supervisor,onsite,"24798 Rosso Hwy, Clinton Township, Michigan, United States",1,MI,CONUS_L1_015_026;CONUS_L1_015_027,2
2026-10-01,260068695,https://apply.starbucks.com/careers/job/481080710054,"barista - Store# 28933, HALL & I-94",BARISTA,28933,HALL & I-94,24798 Rosso Hwy,Clinton Township,MI,,US,,1788408000,2026-09-03,29,2026-10-02,1788529957,2026-09-04,28,False,42.629387,-82.85777329999999,481080710054,id:260068695,store:28933,Barista,onsite,"24798 Rosso Hwy, Clinton Township, Michigan, United States",1,MI,CONUS_L1_015_026;CONUS_L1_015_027,2
2026-10-01,260077168,https://apply.starbucks.com/careers/job/481080890699,"shift supervisor - Store# 07953, CHESTERFIELD & I-94",SHIFT_SUPERVISOR,07953,CHESTERFIELD & I-94,27900 23 Mile Rd,New Baltimore,MI,,US,,1789617600,2026-09-17,15,2026-10-02,1789738922,2026-09-18,14,False,42.6741819,-82.8289499,481080890699,id:260077168,store:07953,Shift Supervisor,onsite,"27900 23 Mile Rd, New Baltimore, Michigan, United States",1,MI,CONUS_L1_015_026;CONUS_L1_015_027,2
2026-10-01,260071689,https://apply.starbucks.com/careers/job/481080764523,"shift supervisor - Store# 70783, 15 MILE & GRATIOT AVE",SHIFT_SUPERVISOR,70783,15 MILE & GRATIOT AVE,35101 S Gratiot Ave,Clinton Township,MI,,US,,1788840000,2026-09-08,24,2026-10-02,1788961327,2026-09-09,23,False,42.555195,-82.900301,481080764523,id:260071689,store:70783,Shift Supervisor,onsite,"35101 S Gratiot Ave, Clinton Township, Michigan, United States",1,MI,CONUS_L1_015_026;CONUS_L1_015_027,2
2026-10-01,260079546,https://apply.starbucks.com/careers/job/481080998968,"barista - Store# 70783, 15 MILE & GRATIOT AVE",BARISTA,70783,15 MILE & GRATIOT AVE,35101 S Gratiot Ave,Clinton Township,MI,,US,,1790222400,2026-09-24,8,2026-10-02,1790344102,2026-09-25,7,False,42.555195,-82.900301,481080998968,id:260079546,store:70783,Barista,onsite,"35101 S Gratiot Ave, Clinton Township, Michigan, United States",1,MI,CONUS_L1_015_026;CONUS_L1_015_027,2
2026-10-01,260058082,https://apply.starbucks.com/careers/job/481079849316,"barista - Store# 23871, LIVONIA-MIDDLEBELT & I-96",BARISTA,23871,LIVONIA-MIDDLEBELT & I-96,12679 Middlebelt Rd,Livonia,MI,,US,,1784952000,2026-07-25,69,2026-10-02,1785073367,2026-07-26,68,False,42.3784561,-83.334413,481079849316,id:260058082,store:23871,Barista,onsite,"12679 Middlebelt Rd, Livonia, Michigan, United States",1,MI,CONUS_L1_015_026,1
2026-10-01,260055015,https://apply.starbucks.com/careers/job/481079436531,"shift supervisor - Store# 23871, LIVONIA-MIDDLEBELT & I-96",SHIFT_SUPERVISOR,23871,LIVONIA-MIDDLEBELT & I-96,12679 Middlebelt Rd,Livonia,MI,,US,,1783742400,2026-07-11,83,2026-10-02,1783863577,2026-07-12,82,False,42.3784561,-83.334413,481079436531,id:260055015,store:23871,Shift Supervisor,onsite,"12679 Middlebelt Rd, Livonia, Michigan, United States",1,MI,CONUS_L1_015_026,1
2026-10-01,260077381,https://apply.starbucks.com/careers/job/481080891014,"shift supervisor - Store# 08653, MASONIC AND GRATIOT",SHIFT_SUPERVISOR,08653,MASONIC AND GRATIOT,31921 Gratiot Ave,Roseville,MI,,US,,1789617600,2026-09-17,15,2026-10-02,1789739104,2026-09-18,14,False,42.5316893,-82.91512019999999,481080891014,id:260077381,store:08653,Shift Supervisor,onsite,"31921 Gratiot Ave, Roseville, Michigan, United States",1,MI,CONUS_L1_015_026,1
2026-10-01,260059231,https://apply.starbucks.com/careers/job/481079980545,"barista - Store# 08653, MASONIC AND GRATIOT",BARISTA,08653,MASONIC AND GRATIOT,31921 Gratiot Ave,Roseville,MI,,US,,1785643200,2026-08-02,61,2026-10-02,1785753119,2026-08-03,60,False,42.5316893,-82.91512019999999,481079980545,id:260059231,store:08653,Barista,onsite,"31921 Gratiot Ave, Roseville, Michigan, United States",1,MI,CONUS_L1_015_026,1
2026-10-01,260058260,https://apply.starbucks.com/careers/job/481079849774,"barista - Store# 09954, 12 MILE & GRATIOT",BARISTA,09954,12 MILE & GRATIOT,29036 Gratiot Ave,Roseville,MI,,US,,1784952000,2026-07-25,69,2026-10-02,1785073513,2026-07-26,68,False,42.5104623,-82.92731049999999,481079849774,id:260058260,store:09954,Barista,onsite,"29036 Gratiot Ave, Roseville, Michigan, United States",1,MI,CONUS_L1_015_026,1
2026-10-01,260063259,https://apply.starbucks.com/careers/job/481080565826,"shift supervisor - Store# 09954, 12 MILE & GRATIOT",SHIFT_SUPERVISOR,09954,12 MILE & GRATIOT,29036 Gratiot Ave,Roseville,MI,,US,,1787803200,2026-08-27,36,2026-10-02,1787924779,2026-08-28,35,False,42.5104623,-82.92731049999999,481080565826,id:260063259,store:09954,Shift Supervisor,onsite,"29036 Gratiot Ave, Roseville, Michigan, United States",1,MI,CONUS_L1_015_026,1
2026-10-01,260080532,https://apply.starbucks.com/careers/job/481081091648,"shift supervisor - Store# 66318, BECK & 5 MILE",SHIFT_SUPERVISOR,66318,BECK & 5 MILE,15005 Beck Rd.,Plymouth,MI,,US,,1790740800,2026-09-30,2,2026-10-02,1790836026,2026-10-01,1,False,42.39134,-83.51089,481081091648,id:260080532,store:66318,Shift Supervisor,onsite,"15005 Beck Rd., Plymouth, Michigan, United States",1,MI,CONUS_L1_015_026,1
2026-10-01,260078192,https://apply.starbucks.com/careers/job/481080923801,"barista - Store# 66318, BECK & 5 MILE",BARISTA,66318,BECK & 5 MILE,15005 Beck Rd.,Plymouth,MI,,US,,1789790400,2026-09-19,13,2026-10-02,1789911817,2026-09-20,12,False,42.39134,-83.51089,481080923801,id:260078192,store:66318,Barista,onsite,"15005 Beck Rd., Plymouth, Michigan, United States",1,MI,CONUS_L1_015_026,1
2026-10-01,260061784,https://apply.starbucks.com/careers/job/481080429560,"shift supervisor - Store# 02742, TELEGRAPH & CHICAGO",SHIFT_SUPERVISOR,02742,TELEGRAPH & CHICAGO,9504 Telegraph Rd,Redford,MI,,US,,1787457600,2026-08-23,40,2026-10-02,1787579132,2026-08-24,39,False,42.3644166,-83.27491359999999,481080429560,id:260061784,store:02742,Shift Supervisor,onsite,"9504 Telegraph Rd, Redford, Michigan, United States",1,MI,CONUS_L1_015_026,1
2026-10-01,260074266,https://apply.starbucks.com/careers/job/481080814114,"barista - Store# 02742, TELEGRAPH & CHICAGO",BARISTA,02742,TELEGRAPH & CHICAGO,9504 Telegraph Rd,Redford,MI,,US,,1789185600,2026-09-12,20,2026-10-02,1789307675,2026-09-13,19,False,42.3644166,-83.27491359999999,481080814114,id:260074266,store:02742,Barista,onsite,"9504 Telegraph Rd, Redford, Michigan, United States",1,MI,CONUS_L1_015_026,1
2026-10-01,260075127,https://apply.starbucks.com/careers/job/481080821146,"shift supervisor - Store# 02653, MAYFLOWER CENTER",SHIFT_SUPERVISOR,02653,MAYFLOWER CENTER,"803 W Ann Arbor Tr., Mayflower Center",Plymouth,MI,,US,,1789272000,2026-09-13,19,2026-10-02,1789394666,2026-09-14,18,False,42.3697,-83.46988,481080821146,id:260075127,store:02653,Shift Supervisor,onsite,"803 W Ann Arbor Tr., Mayflower Center, Plymouth, Michigan, United States",1,MI,CONUS_L1_015_026,1
2026-10-01,260075048,https://apply.starbucks.com/careers/job/481080820924,"barista - Store# 02653, MAYFLOWER CENTER",BARISTA,02653,MAYFLOWER CENTER,"803 W Ann Arbor Tr., Mayflower Center",Plymouth,MI,,US,,1789272000,2026-09-13,19,2026-10-02,1789394597,2026-09-14,18,False,42.3697,-83.46988,481080820924,id:260075048,store:02653,Barista,onsite,"803 W Ann Arbor Tr., Mayflower Center, Plymouth, Michigan, United States",1,MI,CONUS_L1_015_026,1
2026-10-01,260078293,https://apply.starbucks.com/careers/job/481080936097,"barista - Store# 10561, CENTRAL CITY PKWY.",BARISTA,10561,CENTRAL CITY PKWY.,36545 Warren Rd,Westland,MI,,US,,1789876800,2026-09-20,12,2026-10-02,1789998148,2026-09-21,11,False,42.3378307,-83.4009069,481080936097,id:260078293,store:10561,Barista,onsite,"36545 Warren Rd, Westland, Michigan, United States",1,MI,CONUS_L1_015_026,1
2026-10-01,260065765,https://apply.starbucks.com/careers/job/481080678557,"shift supervisor - Store# 10561, CENTRAL CITY PKWY.",SHIFT_SUPERVISOR,10561,CENTRAL CITY PKWY.,36545 Warren Rd,Westland,MI,,US,,1788321600,2026-09-02,30,2026-10-02,1788357376,2026-09-02,30,False,42.3378307,-83.4009069,481080678557,id:260065765,store:10561,Shift Supervisor,onsite,"36545 Warren Rd, Westland, Michigan, United States",1,MI,CONUS_L1_015_026,1
2026-10-01,260079698,https://apply.starbucks.com/careers/job/481081018738,"shift supervisor - Store# 02435, FORD & JON DALY",SHIFT_SUPERVISOR,02435,FORD & JON DALY,"26615 Ford Rd, Fordview Plaza",Dearborn Heights,MI,,US,,1790395200,2026-09-26,6,2026-10-02,1790516415,2026-09-27,5,False,42.325864,-83.30205869999999,481081018738,id:260079698,store:02435,Shift Supervisor,onsite,"26615 Ford Rd, Fordview Plaza, Dearborn Heights, Michigan, United States",1,MI,CONUS_L1_015_026,1
2026-10-01,260059194,https://apply.starbucks.com/careers/job/481079980503,"barista - Store# 02435, FORD & JON DALY",BARISTA,02435,FORD & JON DALY,"26615 Ford Rd, Fordview Plaza",Dearborn Heights,MI,,US,,1785643200,2026-08-02,61,2026-10-02,1785753087,2026-08-03,60,False,42.325864,-83.30205869999999,481079980503,id:260059194,store:02435,Barista,onsite,"26615 Ford Rd, Fordview Plaza, Dearborn Heights, Michigan, United States",1,MI,CONUS_L1_015_026,1
2026-10-01,260072030,https://apply.starbucks.com/careers/job/481080765050,"barista - Store# 09989, LOTZ & FORD RD",BARISTA,09989,LOTZ & FORD RD,39940 Ford Rd,Canton,MI,,US,,1788840000,2026-09-08,24,2026-10-02,1788961603,2026-09-09,23,False,42.324349,-83.434472,481080765050,id:260072030,store:09989,Barista,onsite,"39940 Ford Rd, Canton, Michigan, United States",1,MI,CONUS_L1_015_026,1
2026-10-01,260075670,https://apply.starbucks.com/careers/job/481080840384,"shift supervisor - Store# 09989, LOTZ & FORD RD",SHIFT_SUPERVISOR,09989,LOTZ & FORD RD,39940 Ford Rd,Canton,MI,,US,,1789358400,2026-09-14,18,2026-10-02,1789479940,2026-09-15,17,False,42.324349,-83.434472,481080840384,id:260075670,store:09989,Shift Supervisor,onsite,"39940 Ford Rd, Canton, Michigan, United States",1,MI,CONUS_L1_015_026,1
2026-10-01,260057728,https://apply.starbucks.com/careers/job/481079649166,"barista - Store# 64759, MACK AVE. AND HOLLYWOOD AVE.",BARISTA,64759,MACK AVE. AND HOLLYWOOD AVE.,20861 Mack Ave,Grosse Pointe,MI,,US,,1784606400,2026-07-21,73,2026-10-02,1784727910,2026-07-22,72,False,42.44698,-82.90671,481079649166,id:260057728,store:64759,Barista,onsite,"20861 Mack Ave, Grosse Pointe, Michigan, United States",1,MI,CONUS_L1_015_026,1
2026-10-01,260062134,https://apply.starbucks.com/careers/job/481080430607,"shift supervisor - Store# 64759, MACK AVE. AND HOLLYWOOD AVE.",SHIFT_SUPERVISOR,64759,MACK AVE. AND HOLLYWOOD AVE.,20861 Mack Ave,Grosse Pointe,MI,,US,,1787457600,2026-08-23,40,2026-10-02,1787579437,2026-08-24,39,False,42.44698,-82.90671,481080430607,id:260062134,store:64759,Shift Supervisor,onsite,"20861 Mack Ave, Grosse Pointe, Michigan, United States",1,MI,CONUS_L1_015_026,1
2026-10-01,260069041,https://apply.starbucks.com/careers/job/481080710467,"shift supervisor - Store# 29717, CANTON - FORD RD",SHIFT_SUPERVISOR,29717,CANTON - FORD RD,41775 Ford Rd,Canton,MI,,US,,1788408000,2026-09-03,29,2026-10-02,1788530248,2026-09-04,28,False,42.3221815,-83.4534134,481080710467,id:260069041,store:29717,Shift Supervisor,onsite,"41775 Ford Rd, Canton, Michigan, United States",1,MI,CONUS_L1_015_026,1
2026-10-01,260076066,https://apply.starbucks.com/careers/job/481080861338,"barista - Store# 29717, CANTON - FORD RD",BARISTA,29717,CANTON - FORD RD,41775 Ford Rd,Canton,MI,,US,,1789444800,2026-09-15,17,2026-10-02,1789566547,2026-09-16,16,False,42.3221815,-83.4534134,481080861338,id:260076066,store:29717,Barista,onsite,"41775 Ford Rd, Canton, Michigan, United States",1,MI,CONUS_L1_015_026,1
2026-10-01,260069031,https://apply.starbucks.com/careers/job/481080710472,"barista - Store# 48171, Mack & Radnor",BARISTA,48171,Mack & Radnor,18051 Mack Ave,Detroit,MI,,US,,1788408000,2026-09-03,29,2026-10-02,1788530240,2026-09-04,28,False,42.40588,-82.91588,481080710472,id:260069031,store:48171,Barista,onsite,"18051 Mack Ave, Detroit, Michigan, United States",1,MI,CONUS_L1_015_026,1
2026-10-01,260069032,https://apply.starbucks.com/careers/job/481080710462,"shift supervisor - Store# 48171, Mack & Radnor",SHIFT_SUPERVISOR,48171,Mack & Radnor,18051 Mack Ave,Detroit,MI,,US,,1788408000,2026-09-03,29,2026-10-02,1788530240,2026-09-04,28,False,42.40588,-82.91588,481080710462,id:260069032,store:48171,Shift Supervisor,onsite,"18051 Mack Ave, Detroit, Michigan, United States",1,MI,CONUS_L1_015_026,1
2026-10-01,260072427,https://apply.starbucks.com/careers/job/481080795609,"shift supervisor - Store# 02291, KERCHEVAL & ST CLAIR",SHIFT_SUPERVISOR,02291,KERCHEVAL & ST CLAIR,"17030 Kercheval Ave, La Strega",Grosse Pointe,MI,,US,,1789012800,2026-09-10,22,2026-10-02,1789135043,2026-09-11,21,False,42.3900218,-82.9157402,481080795609,id:260072427,store:02291,Shift Supervisor,onsite,"17030 Kercheval Ave, La Strega, Grosse Pointe, Michigan, United States",1,MI,CONUS_L1_015_026,1
2026-10-01,260080498,https://apply.starbucks.com/careers/job/481081091605,"barista - Store# 02291, KERCHEVAL & ST CLAIR",BARISTA,02291,KERCHEVAL & ST CLAIR,"17030 Kercheval Ave, La Strega",Grosse Pointe,MI,,US,,1790740800,2026-09-30,2,2026-10-02,1790835994,2026-10-01,1,False,42.3900218,-82.9157402,481081091605,id:260080498,store:02291,Barista,onsite,"17030 Kercheval Ave, La Strega, Grosse Pointe, Michigan, United States",1,MI,CONUS_L1_015_026,1
2026-10-01,260069819,https://apply.starbucks.com/careers/job/481080730717,"shift supervisor - Store# 09435, ALLEN PARK",SHIFT_SUPERVISOR,09435,ALLEN PARK,23005 Outer Dr,Allen Park,MI,,US,,1788580800,2026-09-05,27,2026-10-02,1788702404,2026-09-06,26,False,42.2785435,-83.2155418,481080730717,id:260069819,store:09435,Shift Supervisor,onsite,"23005 Outer Dr, Allen Park, Michigan, United States",1,MI,CONUS_L1_015_026,1
2026-10-01,260071735,https://apply.starbucks.com/careers/job/481080764580,"barista - Store# 09435, ALLEN PARK",BARISTA,09435,ALLEN PARK,23005 Outer Dr,Allen Park,MI,,US,,1788840000,2026-09-08,24,2026-10-02,1788961362,2026-09-09,23,False,42.2785435,-83.2155418,481080764580,id:260071735,store:09435,Barista,onsite,"23005 Outer Dr, Allen Park, Michigan, United States",1,MI,CONUS_L1_015_026,1
2026-10-01,260055944,https://apply.starbucks.com/careers/job/481079473296,"barista - Store# 49997, MERRIMAN & WICKHAM",BARISTA,49997,MERRIMAN & WICKHAM,8330 Merriman Rd,Romulus,MI,,US,,1783915200,2026-07-13,81,2026-10-02,1784037155,2026-07-14,80,False,42.24391,-83.34798,481079473296,id:260055944,store:49997,Barista,onsite,"8330 Merriman Rd, Romulus, Michigan, United States",1,MI,CONUS_L1_015_026,1
2026-10-01,260068932,https://apply.starbucks.com/careers/job/481080710291,"shift supervisor - Store# 49997, MERRIMAN & WICKHAM",SHIFT_SUPERVISOR,49997,MERRIMAN & WICKHAM,8330 Merriman Rd,Romulus,MI,,US,,1788408000,2026-09-03,29,2026-10-02,1788530157,2026-09-04,28,False,42.24391,-83.34798,481080710291,id:260068932,store:49997,Shift Supervisor,onsite,"8330 Merriman Rd, Romulus, Michigan, United States",1,MI,CONUS_L1_015_026,1
2026-10-01,260064152,https://apply.starbucks.com/careers/job/481080612719,"shift supervisor - Store# 14476, LINCOLN PARK, SOUTHFIELD RD.",SHIFT_SUPERVISOR,14476,"LINCOLN PARK, SOUTHFIELD RD.",1845 Southfield Road,Lincoln Park,MI,,US,,1788062400,2026-08-30,33,2026-10-02,1788183576,2026-08-31,32,False,42.25398,-83.19098,481080612719,id:260064152,store:14476,Shift Supervisor,onsite,"1845 Southfield Road, Lincoln Park, Michigan, United States",1,MI,CONUS_L1_015_026,1
2026-10-01,260060343,https://apply.starbucks.com/careers/job/481080125972,"barista - Store# 14476, LINCOLN PARK, SOUTHFIELD RD.",BARISTA,14476,"LINCOLN PARK, SOUTHFIELD RD.",1845 Southfield Road,Lincoln Park,MI,,US,,1786420800,2026-08-11,52,2026-10-02,1786542322,2026-08-12,51,False,42.25398,-83.19098,481080125972,id:260060343,store:14476,Barista,onsite,"1845 Southfield Road, Lincoln Park, Michigan, United States",1,MI,CONUS_L1_015_026,1
2026-10-01,260070588,https://apply.starbucks.com/careers/job/481080741659,"barista - Store# 66732, Gratiot & Range Rd",BARISTA,66732,Gratiot & Range Rd,"3195 Gratiot Blvd, Ste 1",Marysville,MI,,US,,1788667200,2026-09-06,26,2026-10-02,1788788536,2026-09-07,25,False,42.9111758,-82.49642349999999,481080741659,id:260070588,store:66732,Barista,onsite,"3195 Gratiot Blvd, Ste 1, Marysville, Michigan, United States",1,MI,CONUS_L1_015_026;CONUS_L1_015_027,2
2026-10-01,260070551,https://apply.starbucks.com/careers/job/481080741609,"shift supervisor - Store# 66732, Gratiot & Range Rd",SHIFT_SUPERVISOR,66732,Gratiot & Range Rd,"3195 Gratiot Blvd, Ste 1",Marysville,MI,,US,,1788667200,2026-09-06,26,2026-10-02,1788788508,2026-09-07,25,False,42.9111758,-82.49642349999999,481080741609,id:260070551,store:66732,Shift Supervisor,onsite,"3195 Gratiot Blvd, Ste 1, Marysville, Michigan, United States",1,MI,CONUS_L1_015_026;CONUS_L1_015_027,2
