snapshot_date,job_id,job_url,job_title_raw,role_bucket,store_number,store_name,street_address,city,state,postal_code,country,posted_text,posted_ts_raw,posted_date,days_since_posted,fetched_date,creation_ts_raw,req_created_date,req_age_days,reposted_requisition,latitude,longitude,position_id,dedup_key,store_key,department,work_location_option,location_raw,n_locations,all_states,search_ids,n_searches
2026-10-01,260071867,https://apply.starbucks.com/careers/job/481080764753,"shift supervisor - Store# 70521, 7TH AND MAIDEN ST",SHIFT_SUPERVISOR,70521,7TH AND MAIDEN ST,"702 S Maiden Lane, 7th St and Maiden",Joplin,MO,,US,,1788840000,2026-09-08,23,2026-10-01,1788961468,2026-09-09,22,False,37.08444,-94.53157,481080764753,id:260071867,store:70521,Shift Supervisor,onsite,"702 S Maiden Lane, 7th St and Maiden, Joplin, Missouri, United States",1,MO,CONUS_L0_003_005;CONUS_L1_011_019,2
2026-10-01,260071753,https://apply.starbucks.com/careers/job/481080764584,"barista - Store# 70521, 7TH AND MAIDEN ST",BARISTA,70521,7TH AND MAIDEN ST,"702 S Maiden Lane, 7th St and Maiden",Joplin,MO,,US,,1788840000,2026-09-08,23,2026-10-01,1788961376,2026-09-09,22,False,37.08444,-94.53157,481080764584,id:260071753,store:70521,Barista,onsite,"702 S Maiden Lane, 7th St and Maiden, Joplin, Missouri, United States",1,MO,CONUS_L0_003_005;CONUS_L1_011_019,2
2026-10-01,260066315,https://apply.starbucks.com/careers/job/481080679221,"barista - Store# 13473, 32ND & RANGE LINE",BARISTA,13473,32ND & RANGE LINE,3324 S Range Line Rd,Joplin,MO,,US,,1788321600,2026-09-02,29,2026-10-01,1788357867,2026-09-02,29,False,37.05242,-94.47894,481080679221,id:260066315,store:13473,Barista,onsite,"3324 S Range Line Rd, Joplin, Missouri, United States",1,MO,CONUS_L0_003_005;CONUS_L1_011_019,2
2026-10-01,260067775,https://apply.starbucks.com/careers/job/481080699682,"shift supervisor - Store# 13473, 32ND & RANGE LINE",SHIFT_SUPERVISOR,13473,32ND & RANGE LINE,3324 S Range Line Rd,Joplin,MO,,US,,1788321600,2026-09-02,29,2026-10-01,1788456612,2026-09-03,28,False,37.05242,-94.47894,481080699682,id:260067775,store:13473,Shift Supervisor,onsite,"3324 S Range Line Rd, Joplin, Missouri, United States",1,MO,CONUS_L0_003_005;CONUS_L1_011_019,2
2026-10-01,260064066,https://apply.starbucks.com/careers/job/481080594487,"shift supervisor - Store# 09566, 3RD & RANGE LINE",SHIFT_SUPERVISOR,09566,3RD & RANGE LINE,"323 S Rangeline Rd, North Park Crossing, 100",Joplin,MO,,US,,1787976000,2026-08-29,33,2026-10-01,1788097400,2026-08-30,32,False,37.0877072,-94.47654759999999,481080594487,id:260064066,store:09566,Shift Supervisor,onsite,"323 S Rangeline Rd, North Park Crossing, 100, Joplin, Missouri, United States",1,MO,CONUS_L0_003_005;CONUS_L1_011_019,2
2026-10-01,260069832,https://apply.starbucks.com/careers/job/481080730736,"barista - Store# 09566, 3RD & RANGE LINE",BARISTA,09566,3RD & RANGE LINE,"323 S Rangeline Rd, North Park Crossing, 100",Joplin,MO,,US,,1788580800,2026-09-05,26,2026-10-01,1788702414,2026-09-06,25,False,37.0877072,-94.47654759999999,481080730736,id:260069832,store:09566,Barista,onsite,"323 S Rangeline Rd, North Park Crossing, 100, Joplin, Missouri, United States",1,MO,CONUS_L0_003_005;CONUS_L1_011_019,2
2026-10-01,260070761,https://apply.starbucks.com/careers/job/481080741933,"shift supervisor - Store# 68389, MADISON AND 14TH ST",SHIFT_SUPERVISOR,68389,MADISON AND 14TH ST,"1400 S Madison St, Madison and 14th St",Webb City,MO,,US,,1788667200,2026-09-06,25,2026-10-01,1788788672,2026-09-07,24,False,37.13145,-94.47565,481080741933,id:260070761,store:68389,Shift Supervisor,onsite,"1400 S Madison St, Madison and 14th St, Webb City, Missouri, United States",1,MO,CONUS_L0_003_005;CONUS_L1_011_019,2
2026-10-01,260071395,https://apply.starbucks.com/careers/job/481080752076,"barista - Store# 68389, MADISON AND 14TH ST",BARISTA,68389,MADISON AND 14TH ST,"1400 S Madison St, Madison and 14th St",Webb City,MO,,US,,1788753600,2026-09-07,24,2026-10-01,1788875032,2026-09-08,23,False,37.13145,-94.47565,481080752076,id:260071395,store:68389,Barista,onsite,"1400 S Madison St, Madison and 14th St, Webb City, Missouri, United States",1,MO,CONUS_L0_003_005;CONUS_L1_011_019,2
2026-10-01,260075451,https://apply.starbucks.com/careers/job/481080821670,"barista - Store# 84312, GRAND AVE & GEORGE PHELPS BLVD",BARISTA,84312,GRAND AVE & GEORGE PHELPS BLVD,2541 S. Grand Ave.,Carthage,MO,,US,,1789272000,2026-09-13,18,2026-10-01,1789394949,2026-09-14,17,False,37.14425,-94.31089,481080821670,id:260075451,store:84312,Barista,onsite,"2541 S. Grand Ave., Carthage, Missouri, United States",1,MO,CONUS_L0_003_005;CONUS_L1_011_019,2
2026-10-01,260072817,https://apply.starbucks.com/careers/job/481080796663,"shift supervisor - Store# 84312, GRAND AVE & GEORGE PHELPS BLVD",SHIFT_SUPERVISOR,84312,GRAND AVE & GEORGE PHELPS BLVD,2541 S. Grand Ave.,Carthage,MO,,US,,1789012800,2026-09-10,21,2026-10-01,1789135378,2026-09-11,20,False,37.14425,-94.31089,481080796663,id:260072817,store:84312,Shift Supervisor,onsite,"2541 S. Grand Ave., Carthage, Missouri, United States",1,MO,CONUS_L0_003_005;CONUS_L1_011_019,2
2026-10-01,260062510,https://apply.starbucks.com/careers/job/481080494389,"shift supervisor - Store# 66367, HWY 76 & FORSYTHE",SHIFT_SUPERVISOR,66367,HWY 76 & FORSYTHE,"1946 State Hwy 76, US 76 and Forsythe",Branson,MO,,US,,1787630400,2026-08-25,37,2026-10-01,1787752278,2026-08-26,36,False,36.64091,-93.25688,481080494389,id:260062510,store:66367,Shift Supervisor,onsite,"1946 State Hwy 76, US 76 and Forsythe, Branson, Missouri, United States",1,MO,CONUS_L0_003_005;CONUS_L0_003_006,2
2026-10-01,260059973,https://apply.starbucks.com/careers/job/481080079158,"barista - Store# 66367, HWY 76 & FORSYTHE",BARISTA,66367,HWY 76 & FORSYTHE,"1946 State Hwy 76, US 76 and Forsythe",Branson,MO,,US,,1786161600,2026-08-08,54,2026-10-01,1786283251,2026-08-09,53,False,36.64091,-93.25688,481080079158,id:260059973,store:66367,Barista,onsite,"1946 State Hwy 76, US 76 and Forsythe, Branson, Missouri, United States",1,MO,CONUS_L0_003_005;CONUS_L0_003_006,2
2026-10-01,260073016,https://apply.starbucks.com/careers/job/481080797612,"barista - Store# 11520, SYCAMORE & MAIN",BARISTA,11520,SYCAMORE & MAIN,201 E Main St,Branson,MO,,US,,1789012800,2026-09-10,21,2026-10-01,1789135545,2026-09-11,20,False,36.64411,-93.21574,481080797612,id:260073016,store:11520,Barista,onsite,"201 E Main St, Branson, Missouri, United States",1,MO,CONUS_L0_003_005;CONUS_L0_003_006,2
2026-10-01,260078496,https://apply.starbucks.com/careers/job/481080936445,"shift supervisor - Store# 11520, SYCAMORE & MAIN",SHIFT_SUPERVISOR,11520,SYCAMORE & MAIN,201 E Main St,Branson,MO,,US,,1789876800,2026-09-20,11,2026-10-01,1789998319,2026-09-21,10,False,36.64411,-93.21574,481080936445,id:260078496,store:11520,Shift Supervisor,onsite,"201 E Main St, Branson, Missouri, United States",1,MO,CONUS_L0_003_005;CONUS_L0_003_006,2
2026-10-01,260080333,https://apply.starbucks.com/careers/job/481081059231,"barista - Store# 63070, W REPUBLIC & S LEXINGTON",BARISTA,63070,W REPUBLIC & S LEXINGTON,"1644 W Republic Rd, W Republic and Lexington",Springfield,MO,,US,,1790568000,2026-09-28,3,2026-10-01,1790689734,2026-09-29,2,False,37.1382,-93.31635,481081059231,id:260080333,store:63070,Barista,onsite,"1644 W Republic Rd, W Republic and Lexington, Springfield, Missouri, United States",1,MO,CONUS_L0_003_005;CONUS_L1_011_020,2
2026-10-01,260079554,https://apply.starbucks.com/careers/job/481080998983,"shift supervisor - Store# 63070, W REPUBLIC & S LEXINGTON",SHIFT_SUPERVISOR,63070,W REPUBLIC & S LEXINGTON,"1644 W Republic Rd, W Republic and Lexington",Springfield,MO,,US,,1790222400,2026-09-24,7,2026-10-01,1790344109,2026-09-25,6,False,37.1382,-93.31635,481080998983,id:260079554,store:63070,Shift Supervisor,onsite,"1644 W Republic Rd, W Republic and Lexington, Springfield, Missouri, United States",1,MO,CONUS_L0_003_005;CONUS_L1_011_020,2
2026-10-01,260053995,https://apply.starbucks.com/careers/job/481079404713,"barista - Store# 66368, BUS 65 AND S 20TH",BARISTA,66368,BUS 65 AND S 20TH,"1951 W. Marler Lane, Bus 65 and S 20th",Ozark,MO,,US,,1783569600,2026-07-09,84,2026-10-01,1783691029,2026-07-10,83,False,37.00408,-93.22713,481079404713,id:260053995,store:66368,Barista,onsite,"1951 W. Marler Lane, Bus 65 and S 20th, Ozark, Missouri, United States",1,MO,CONUS_L0_003_005;CONUS_L0_003_006;CONUS_L1_011_020,3
2026-10-01,260054290,https://apply.starbucks.com/careers/job/481079405157,"shift supervisor - Store# 66368, BUS 65 AND S 20TH",SHIFT_SUPERVISOR,66368,BUS 65 AND S 20TH,"1951 W. Marler Lane, Bus 65 and S 20th",Ozark,MO,,US,,1783569600,2026-07-09,84,2026-10-01,1783691237,2026-07-10,83,False,37.00408,-93.22713,481079405157,id:260054290,store:66368,Shift Supervisor,onsite,"1951 W. Marler Lane, Bus 65 and S 20th, Ozark, Missouri, United States",1,MO,CONUS_L0_003_005;CONUS_L0_003_006;CONUS_L1_011_020,3
2026-10-01,260057739,https://apply.starbucks.com/careers/job/481079649171,"barista - Store# 02860, CAMPBELL & COWDEN",BARISTA,02860,CAMPBELL & COWDEN,3628 S Campbell Ave,Springfield,MO,,US,,1784606400,2026-07-21,72,2026-10-01,1784727920,2026-07-22,71,False,37.1478154,-93.2955563,481079649171,id:260057739,store:02860,Barista,onsite,"3628 S Campbell Ave, Springfield, Missouri, United States",1,MO,CONUS_L0_003_005;CONUS_L1_011_020,2
2026-10-01,260053056,https://apply.starbucks.com/careers/job/481079230141,"shift supervisor - Store# 02860, CAMPBELL & COWDEN",SHIFT_SUPERVISOR,02860,CAMPBELL & COWDEN,3628 S Campbell Ave,Springfield,MO,,US,,1783137600,2026-07-04,89,2026-10-01,1783258829,2026-07-05,88,False,37.1478154,-93.2955563,481079230141,id:260053056,store:02860,Shift Supervisor,onsite,"3628 S Campbell Ave, Springfield, Missouri, United States",1,MO,CONUS_L0_003_005,1
2026-10-01,260070832,https://apply.starbucks.com/careers/job/481080742123,"shift supervisor - Store# 50272, Battlefield & Maryland-Springfield",SHIFT_SUPERVISOR,50272,Battlefield & Maryland-Springfield,"1008 E Battlefield Rd, 116",Springfield,MO,,US,,1788667200,2026-09-06,25,2026-10-01,1788788729,2026-09-07,24,False,37.15925,-93.28184,481080742123,id:260070832,store:50272,Shift Supervisor,onsite,"1008 E Battlefield Rd, 116, Springfield, Missouri, United States",1,MO,CONUS_L0_003_005;CONUS_L1_011_020,2
2026-10-01,260056996,https://apply.starbucks.com/careers/job/481079556084,"barista - Store# 50272, Battlefield & Maryland-Springfield",BARISTA,50272,Battlefield & Maryland-Springfield,"1008 E Battlefield Rd, 116",Springfield,MO,,US,,1784174400,2026-07-16,77,2026-10-01,1784295825,2026-07-17,76,False,37.15925,-93.28184,481079556084,id:260056996,store:50272,Barista,onsite,"1008 E Battlefield Rd, 116, Springfield, Missouri, United States",1,MO,CONUS_L0_003_005;CONUS_L1_011_020,2
2026-10-01,260077196,https://apply.starbucks.com/careers/job/481080890718,"shift supervisor - Store# 08670, SUNSHINE & CAMPBELL",SHIFT_SUPERVISOR,08670,SUNSHINE & CAMPBELL,433 W. Sunshine,Springfield,MO,,US,,1789617600,2026-09-17,14,2026-10-01,1789738945,2026-09-18,13,False,37.18267,-93.29629,481080890718,id:260077196,store:08670,Shift Supervisor,onsite,"433 W. Sunshine, Springfield, Missouri, United States",1,MO,CONUS_L0_003_005;CONUS_L1_011_020,2
2026-10-01,260060073,https://apply.starbucks.com/careers/job/481080087823,"barista - Store# 08670, SUNSHINE & CAMPBELL",BARISTA,08670,SUNSHINE & CAMPBELL,433 W. Sunshine,Springfield,MO,,US,,1786248000,2026-08-09,53,2026-10-01,1786369519,2026-08-10,52,False,37.18267,-93.29629,481080087823,id:260060073,store:08670,Barista,onsite,"433 W. Sunshine, Springfield, Missouri, United States",1,MO,CONUS_L0_003_005;CONUS_L1_011_020,2
2026-10-01,260074191,https://apply.starbucks.com/careers/job/481080813975,"barista - Store# 62589, Kansas and I-44",BARISTA,62589,Kansas and I-44,"2817 N Kansas Expy, Kansas and I-44",Springfield,MO,,US,,1789185600,2026-09-12,19,2026-10-01,1789307605,2026-09-13,18,False,37.2275692,-93.31170949999999,481080813975,id:260074191,store:62589,Barista,onsite,"2817 N Kansas Expy, Kansas and I-44, Springfield, Missouri, United States",1,MO,CONUS_L0_003_005;CONUS_L1_011_020,2
2026-10-01,260071301,https://apply.starbucks.com/careers/job/481080742657,"shift supervisor - Store# 62589, Kansas and I-44",SHIFT_SUPERVISOR,62589,Kansas and I-44,"2817 N Kansas Expy, Kansas and I-44",Springfield,MO,,US,,1788667200,2026-09-06,25,2026-10-01,1788789108,2026-09-07,24,False,37.2275692,-93.31170949999999,481080742657,id:260071301,store:62589,Shift Supervisor,onsite,"2817 N Kansas Expy, Kansas and I-44, Springfield, Missouri, United States",1,MO,CONUS_L0_003_005;CONUS_L1_011_020,2
2026-10-01,260057575,https://apply.starbucks.com/careers/job/481079627211,"barista - Store# 29280, GLENSTONE AND E. EDGEWOOD",BARISTA,29280,GLENSTONE AND E. EDGEWOOD,2616 S Glenstone Ave,Springfield,MO,,US,,1784520000,2026-07-20,73,2026-10-01,1784642427,2026-07-21,72,False,37.16601,-93.26222,481079627211,id:260057575,store:29280,Barista,onsite,"2616 S Glenstone Ave, Springfield, Missouri, United States",1,MO,CONUS_L0_003_005;CONUS_L1_011_020,2
2026-10-01,260070470,https://apply.starbucks.com/careers/job/481080741505,"shift supervisor - Store# 29280, GLENSTONE AND E. EDGEWOOD",SHIFT_SUPERVISOR,29280,GLENSTONE AND E. EDGEWOOD,2616 S Glenstone Ave,Springfield,MO,,US,,1788667200,2026-09-06,25,2026-10-01,1788788443,2026-09-07,24,False,37.16601,-93.26222,481080741505,id:260070470,store:29280,Shift Supervisor,onsite,"2616 S Glenstone Ave, Springfield, Missouri, United States",1,MO,CONUS_L0_003_005;CONUS_L1_011_020,2
2026-10-01,260053077,https://apply.starbucks.com/careers/job/481079230169,"barista - Store# 13655, GLENSTONE & CHERRY",BARISTA,13655,GLENSTONE & CHERRY,631 S Glenstone Ave,Springfield,MO,,US,,1783137600,2026-07-04,89,2026-10-01,1783258846,2026-07-05,88,False,37.20269,-93.26235,481079230169,id:260053077,store:13655,Barista,onsite,"631 S Glenstone Ave, Springfield, Missouri, United States",1,MO,CONUS_L0_003_005,1
2026-10-01,260073925,https://apply.starbucks.com/careers/job/481080813532,"shift supervisor - Store# 13655, GLENSTONE & CHERRY",SHIFT_SUPERVISOR,13655,GLENSTONE & CHERRY,631 S Glenstone Ave,Springfield,MO,,US,,1789185600,2026-09-12,19,2026-10-01,1789307359,2026-09-13,18,False,37.20269,-93.26235,481080813532,id:260073925,store:13655,Shift Supervisor,onsite,"631 S Glenstone Ave, Springfield, Missouri, United States",1,MO,CONUS_L0_003_005;CONUS_L1_011_020,2
2026-10-01,260069157,https://apply.starbucks.com/careers/job/481080710710,"barista - Store# 28802, SUNSHINE AND MAYFAIR - SPRINGFIELD",BARISTA,28802,SUNSHINE AND MAYFAIR - SPRINGFIELD,3230 E E Sunshine St,Springfield,MO,,US,,1788408000,2026-09-03,28,2026-10-01,1788530346,2026-09-04,27,False,37.1800026,-93.22955300000001,481080710710,id:260069157,store:28802,Barista,onsite,"3230 E E Sunshine St, Springfield, Missouri, United States",1,MO,CONUS_L0_003_005;CONUS_L1_011_020,2
2026-10-01,260068231,https://apply.starbucks.com/careers/job/481080709129,"shift supervisor - Store# 28802, SUNSHINE AND MAYFAIR - SPRINGFIELD",SHIFT_SUPERVISOR,28802,SUNSHINE AND MAYFAIR - SPRINGFIELD,3230 E E Sunshine St,Springfield,MO,,US,,1788408000,2026-09-03,28,2026-10-01,1788529555,2026-09-04,27,False,37.1800026,-93.22955300000001,481080709129,id:260068231,store:28802,Shift Supervisor,onsite,"3230 E E Sunshine St, Springfield, Missouri, United States",1,MO,CONUS_L0_003_005;CONUS_L1_011_020,2
2026-10-01,260063675,https://apply.starbucks.com/careers/job/481080567402,"barista - Store# 67091, Rt 291 & Royal Street",BARISTA,67091,Rt 291 & Royal Street,"1703 N. State Rt. 291, NA",Harrisonville,MO,,US,,1787803200,2026-08-27,35,2026-10-01,1787925112,2026-08-28,34,False,38.66597,-94.36658,481080567402,id:260063675,store:67091,Barista,onsite,"1703 N. State Rt. 291, NA, Harrisonville, Missouri, United States",1,MO,CONUS_L0_003_005;CONUS_L1_012_019;CONUS_L1_012_020,3
2026-10-01,260071143,https://apply.starbucks.com/careers/job/481080742416,"shift supervisor - Store# 67091, Rt 291 & Royal Street",SHIFT_SUPERVISOR,67091,Rt 291 & Royal Street,"1703 N. State Rt. 291, NA",Harrisonville,MO,,US,,1788667200,2026-09-06,25,2026-10-01,1788788980,2026-09-07,24,False,38.66597,-94.36658,481080742416,id:260071143,store:67091,Shift Supervisor,onsite,"1703 N. State Rt. 291, NA, Harrisonville, Missouri, United States",1,MO,CONUS_L0_003_005;CONUS_L1_012_019;CONUS_L1_012_020,3
2026-10-01,260067738,https://apply.starbucks.com/careers/job/481080699513,"barista - Store# 13652, HWY 58 & TOWN CENTER",BARISTA,13652,HWY 58 & TOWN CENTER,"1113 E North Ave, Belton Marketplace",Belton,MO,,US,,1788321600,2026-09-02,29,2026-10-01,1788456578,2026-09-03,28,False,38.81337,-94.51663,481080699513,id:260067738,store:13652,Barista,onsite,"1113 E North Ave, Belton Marketplace, Belton, Missouri, United States",1,MO,CONUS_L0_003_005;CONUS_L1_012_019;CONUS_L1_012_020,3
2026-10-01,260067630,https://apply.starbucks.com/careers/job/481080699432,"shift supervisor - Store# 13652, HWY 58 & TOWN CENTER",SHIFT_SUPERVISOR,13652,HWY 58 & TOWN CENTER,"1113 E North Ave, Belton Marketplace",Belton,MO,,US,,1788321600,2026-09-02,29,2026-10-01,1788456478,2026-09-03,28,False,38.81337,-94.51663,481080699432,id:260067630,store:13652,Shift Supervisor,onsite,"1113 E North Ave, Belton Marketplace, Belton, Missouri, United States",1,MO,CONUS_L0_003_005;CONUS_L1_012_019;CONUS_L1_012_020,3
2026-10-01,260066216,https://apply.starbucks.com/careers/job/481080678985,"barista - Store# 13652, HWY 58 & TOWN CENTER",BARISTA,13652,HWY 58 & TOWN CENTER,"1113 E North Ave, Belton Marketplace",Belton,MO,,US,,1788321600,2026-09-02,29,2026-10-01,1788357779,2026-09-02,29,False,38.81337,-94.51663,481080678985,id:260066216,store:13652,Barista,onsite,"1113 E North Ave, Belton Marketplace, Belton, Missouri, United States",1,MO,CONUS_L0_003_005;CONUS_L1_012_019;CONUS_L1_012_020,3
2026-10-01,260066107,https://apply.starbucks.com/careers/job/481080678770,"shift supervisor - Store# 13652, HWY 58 & TOWN CENTER",SHIFT_SUPERVISOR,13652,HWY 58 & TOWN CENTER,"1113 E North Ave, Belton Marketplace",Belton,MO,,US,,1788321600,2026-09-02,29,2026-10-01,1788357682,2026-09-02,29,False,38.81337,-94.51663,481080678770,id:260066107,store:13652,Shift Supervisor,onsite,"1113 E North Ave, Belton Marketplace, Belton, Missouri, United States",1,MO,CONUS_L0_003_005;CONUS_L1_012_019;CONUS_L1_012_020,3
2026-10-01,260074805,https://apply.starbucks.com/careers/job/481080820563,"shift supervisor - Store# 63034, FOXWOOD DR & MOTT DR",SHIFT_SUPERVISOR,63034,FOXWOOD DR & MOTT DR,1631 W. Foxwood Dr.,Raymore,MO,,US,,1789272000,2026-09-13,18,2026-10-01,1789394378,2026-09-14,17,False,38.81197,-94.48495,481080820563,id:260074805,store:63034,Shift Supervisor,onsite,"1631 W. Foxwood Dr., Raymore, Missouri, United States",1,MO,CONUS_L0_003_005;CONUS_L1_012_019;CONUS_L1_012_020,3
2026-10-01,260072687,https://apply.starbucks.com/careers/job/481080796167,"barista - Store# 63034, FOXWOOD DR & MOTT DR",BARISTA,63034,FOXWOOD DR & MOTT DR,1631 W. Foxwood Dr.,Raymore,MO,,US,,1789012800,2026-09-10,21,2026-10-01,1789135266,2026-09-11,20,False,38.81197,-94.48495,481080796167,id:260072687,store:63034,Barista,onsite,"1631 W. Foxwood Dr., Raymore, Missouri, United States",1,MO,CONUS_L0_003_005;CONUS_L1_012_019;CONUS_L1_012_020,3
2026-10-01,260076557,https://apply.starbucks.com/careers/job/481080862124,"barista - Store# 10034, 135TH & STATE LINE",BARISTA,10034,135TH & STATE LINE,"13121 State Line Rd, Southmarket Shopping Center",Kansas City,MO,,US,,1789444800,2026-09-15,16,2026-10-01,1789566973,2026-09-16,15,False,38.88909,-94.60739,481080862124,id:260076557,store:10034,Barista,onsite,"13121 State Line Rd, Southmarket Shopping Center, Kansas City, Missouri, United States",1,MO,CONUS_L0_003_005;CONUS_L1_012_019;CONUS_L1_012_020,3
2026-10-01,260075739,https://apply.starbucks.com/careers/job/481080840518,"shift supervisor - Store# 10034, 135TH & STATE LINE",SHIFT_SUPERVISOR,10034,135TH & STATE LINE,"13121 State Line Rd, Southmarket Shopping Center",Kansas City,MO,,US,,1789358400,2026-09-14,17,2026-10-01,1789480002,2026-09-15,16,False,38.88909,-94.60739,481080840518,id:260075739,store:10034,Shift Supervisor,onsite,"13121 State Line Rd, Southmarket Shopping Center, Kansas City, Missouri, United States",1,MO,CONUS_L0_003_005;CONUS_L1_012_019;CONUS_L1_012_020,3
2026-10-01,260079880,https://apply.starbucks.com/careers/job/481081018981,"shift supervisor - Store# 63039, RT 291 & 150",SHIFT_SUPERVISOR,63039,RT 291 & 150,155 MO 150,Lees Summit,MO,,US,,1790395200,2026-09-26,5,2026-10-01,1790516577,2026-09-27,4,False,38.85214,-94.37874,481081018981,id:260079880,store:63039,Shift Supervisor,onsite,"155 MO 150, Lees Summit, Missouri, United States",1,MO,CONUS_L0_003_005;CONUS_L1_012_019;CONUS_L1_012_020,3
2026-10-01,260075693,https://apply.starbucks.com/careers/job/481080840435,"barista - Store# 63039, RT 291 & 150",BARISTA,63039,RT 291 & 150,155 MO 150,Lees Summit,MO,,US,,1789358400,2026-09-14,17,2026-10-01,1789479961,2026-09-15,16,False,38.85214,-94.37874,481080840435,id:260075693,store:63039,Barista,onsite,"155 MO 150, Lees Summit, Missouri, United States",1,MO,CONUS_L0_003_005;CONUS_L1_012_019;CONUS_L1_012_020,3
2026-10-01,260072526,https://apply.starbucks.com/careers/job/481080795875,"shift supervisor - Store# 02417, RT 291 & 3RD ST",SHIFT_SUPERVISOR,02417,RT 291 & 3RD ST,"125 SE State Route 291, Lee's Summit",Lees Summit,MO,,US,,1789012800,2026-09-10,21,2026-10-01,1789135128,2026-09-11,20,False,38.91554,-94.36132,481080795875,id:260072526,store:02417,Shift Supervisor,onsite,"125 SE State Route 291, Lee's Summit, Lees Summit, Missouri, United States",1,MO,CONUS_L0_003_005;CONUS_L1_012_019;CONUS_L1_012_020,3
2026-10-01,260079579,https://apply.starbucks.com/careers/job/481080999027,"barista - Store# 02417, RT 291 & 3RD ST",BARISTA,02417,RT 291 & 3RD ST,"125 SE State Route 291, Lee's Summit",Lees Summit,MO,,US,,1790222400,2026-09-24,7,2026-10-01,1790344131,2026-09-25,6,False,38.91554,-94.36132,481080999027,id:260079579,store:02417,Barista,onsite,"125 SE State Route 291, Lee's Summit, Lees Summit, Missouri, United States",1,MO,CONUS_L0_003_005;CONUS_L1_012_019;CONUS_L1_012_020,3
2026-10-01,260056218,https://apply.starbucks.com/careers/job/481079497870,"barista - Store# 62012, NW PRYOR RD & CHIPMAN",BARISTA,62012,NW PRYOR RD & CHIPMAN,"2050 NW Lowenstein Drive, Suite A",Lees Summit,MO,,US,,1784001600,2026-07-14,79,2026-10-01,1784123029,2026-07-15,78,False,38.92871,-94.41329,481079497870,id:260056218,store:62012,Barista,onsite,"2050 NW Lowenstein Drive, Suite A, Lees Summit, Missouri, United States",1,MO,CONUS_L0_003_005;CONUS_L1_012_019;CONUS_L1_012_020,3
2026-10-01,260069410,https://apply.starbucks.com/careers/job/481080730226,"shift supervisor - Store# 62012, NW PRYOR RD & CHIPMAN",SHIFT_SUPERVISOR,62012,NW PRYOR RD & CHIPMAN,"2050 NW Lowenstein Drive, Suite A",Lees Summit,MO,,US,,1788580800,2026-09-05,26,2026-10-01,1788702080,2026-09-06,25,False,38.92871,-94.41329,481080730226,id:260069410,store:62012,Shift Supervisor,onsite,"2050 NW Lowenstein Drive, Suite A, Lees Summit, Missouri, United States",1,MO,CONUS_L0_003_005;CONUS_L1_012_019;CONUS_L1_012_020,3
2026-10-01,260056961,https://apply.starbucks.com/careers/job/481079556050,"barista - Store# 69009, BANNISTER & HILLCREST",BARISTA,69009,BANNISTER & HILLCREST,5740 E Bannister Rd,Kansas City,MO,,US,,1784174400,2026-07-16,77,2026-10-01,1784295799,2026-07-17,76,False,38.9534403,-94.52230899999999,481079556050,id:260056961,store:69009,Barista,onsite,"5740 E Bannister Rd, Kansas City, Missouri, United States",1,MO,CONUS_L0_003_005;CONUS_L1_012_019;CONUS_L1_012_020,3
2026-10-01,260056969,https://apply.starbucks.com/careers/job/481079556056,"shift supervisor - Store# 69009, BANNISTER & HILLCREST",SHIFT_SUPERVISOR,69009,BANNISTER & HILLCREST,5740 E Bannister Rd,Kansas City,MO,,US,,1784174400,2026-07-16,77,2026-10-01,1784295804,2026-07-17,76,False,38.9534403,-94.52230899999999,481079556056,id:260056969,store:69009,Shift Supervisor,onsite,"5740 E Bannister Rd, Kansas City, Missouri, United States",1,MO,CONUS_L0_003_005;CONUS_L1_012_019;CONUS_L1_012_020,3
2026-10-01,260074887,https://apply.starbucks.com/careers/job/481080820586,"shift supervisor - Store# 02677, STATE LINE & 90TH",SHIFT_SUPERVISOR,02677,STATE LINE & 90TH,"9013 State Line Rd, Ward Parkway Shopping Center",Kansas City,MO,,US,,1789272000,2026-09-13,18,2026-10-01,1789394452,2026-09-14,17,False,38.9702627,-94.6071309,481080820586,id:260074887,store:02677,Shift Supervisor,onsite,"9013 State Line Rd, Ward Parkway Shopping Center, Kansas City, Missouri, United States",1,MO,CONUS_L0_003_005;CONUS_L1_012_019;CONUS_L1_012_020,3
2026-10-01,260065217,https://apply.starbucks.com/careers/job/481080677401,"shift supervisor - Store# 13654, DOUGLAS & TUDOR",SHIFT_SUPERVISOR,13654,DOUGLAS & TUDOR,"1130 NE Douglas Street, Douglas Station",Lees Summit,MO,,US,,1788321600,2026-09-02,29,2026-10-01,1788356892,2026-09-02,29,False,38.93297,-94.37924,481080677401,id:260065217,store:13654,Shift Supervisor,onsite,"1130 NE Douglas Street, Douglas Station, Lees Summit, Missouri, United States",1,MO,CONUS_L0_003_005;CONUS_L1_012_019;CONUS_L1_012_020,3
2026-10-01,260067951,https://apply.starbucks.com/careers/job/481080699850,"barista - Store# 13654, DOUGLAS & TUDOR",BARISTA,13654,DOUGLAS & TUDOR,"1130 NE Douglas Street, Douglas Station",Lees Summit,MO,,US,,1788321600,2026-09-02,29,2026-10-01,1788456779,2026-09-03,28,False,38.93297,-94.37924,481080699850,id:260067951,store:13654,Barista,onsite,"1130 NE Douglas Street, Douglas Station, Lees Summit, Missouri, United States",1,MO,CONUS_L0_003_005;CONUS_L1_012_019;CONUS_L1_012_020,3
2026-10-01,260066429,https://apply.starbucks.com/careers/job/481080679485,"barista - Store# 13654, DOUGLAS & TUDOR",BARISTA,13654,DOUGLAS & TUDOR,"1130 NE Douglas Street, Douglas Station",Lees Summit,MO,,US,,1788321600,2026-09-02,29,2026-10-01,1788357969,2026-09-02,29,False,38.93297,-94.37924,481080679485,id:260066429,store:13654,Barista,onsite,"1130 NE Douglas Street, Douglas Station, Lees Summit, Missouri, United States",1,MO,CONUS_L0_003_005;CONUS_L1_012_019;CONUS_L1_012_020,3
2026-10-01,260066739,https://apply.starbucks.com/careers/job/481080698266,"shift supervisor - Store# 13654, DOUGLAS & TUDOR",SHIFT_SUPERVISOR,13654,DOUGLAS & TUDOR,"1130 NE Douglas Street, Douglas Station",Lees Summit,MO,,US,,1788321600,2026-09-02,29,2026-10-01,1788455635,2026-09-03,28,False,38.93297,-94.37924,481080698266,id:260066739,store:13654,Shift Supervisor,onsite,"1130 NE Douglas Street, Douglas Station, Lees Summit, Missouri, United States",1,MO,CONUS_L0_003_005;CONUS_L1_012_019;CONUS_L1_012_020,3
2026-10-01,260070077,https://apply.starbucks.com/careers/job/481080731022,"shift supervisor - Store# 53814, MAGUIRE & RUSSELL",SHIFT_SUPERVISOR,53814,MAGUIRE & RUSSELL,"800 N Maguire St, Suite A",Warrensburg,MO,,US,,1788580800,2026-09-05,26,2026-10-01,1788702606,2026-09-06,25,False,38.77279,-93.73572,481080731022,id:260070077,store:53814,Shift Supervisor,onsite,"800 N Maguire St, Suite A, Warrensburg, Missouri, United States",1,MO,CONUS_L0_003_005;CONUS_L1_012_020,2
2026-10-01,260070269,https://apply.starbucks.com/careers/job/481080731275,"barista - Store# 53814, MAGUIRE & RUSSELL",BARISTA,53814,MAGUIRE & RUSSELL,"800 N Maguire St, Suite A",Warrensburg,MO,,US,,1788580800,2026-09-05,26,2026-10-01,1788702758,2026-09-06,25,False,38.77279,-93.73572,481080731275,id:260070269,store:53814,Barista,onsite,"800 N Maguire St, Suite A, Warrensburg, Missouri, United States",1,MO,CONUS_L0_003_005;CONUS_L1_012_020,2
2026-10-01,260068884,https://apply.starbucks.com/careers/job/481080710226,"shift supervisor - Store# 48527, 63RD & BROOKSIDE BLVD - KANSAS CITY",SHIFT_SUPERVISOR,48527,63RD & BROOKSIDE BLVD - KANSAS CITY,6304 Brookside Plz,Kansas City,MO,,US,,1788408000,2026-09-03,28,2026-10-01,1788530116,2026-09-04,27,False,39.0135991,-94.59083969999999,481080710226,id:260068884,store:48527,Shift Supervisor,onsite,"6304 Brookside Plz, Kansas City, Missouri, United States",1,MO,CONUS_L0_003_005;CONUS_L1_012_019;CONUS_L1_012_020,3
2026-10-01,260068473,https://apply.starbucks.com/careers/job/481080709569,"barista - Store# 48527, 63RD & BROOKSIDE BLVD - KANSAS CITY",BARISTA,48527,63RD & BROOKSIDE BLVD - KANSAS CITY,6304 Brookside Plz,Kansas City,MO,,US,,1788408000,2026-09-03,28,2026-10-01,1788529765,2026-09-04,27,False,39.0135991,-94.59083969999999,481080709569,id:260068473,store:48527,Barista,onsite,"6304 Brookside Plz, Kansas City, Missouri, United States",1,MO,CONUS_L0_003_005;CONUS_L1_012_019;CONUS_L1_012_020,3
2026-10-01,260063494,https://apply.starbucks.com/careers/job/481080567309,"shift supervisor - Store# 09527, US-54 & SR-42",SHIFT_SUPERVISOR,09527,US-54 & SR-42,"3815 Hwy 54, Suite B5",Osage Beach,MO,,US,,1787803200,2026-08-27,35,2026-10-01,1787924967,2026-08-28,34,False,38.1503113,-92.61796210000001,481080567309,id:260063494,store:09527,Shift Supervisor,onsite,"3815 Hwy 54, Suite B5, Osage Beach, Missouri, United States",1,MO,CONUS_L0_003_005;CONUS_L0_003_006;CONUS_L1_011_020;CONUS_L1_012_021,4
2026-10-01,260078768,https://apply.starbucks.com/careers/job/481080949835,"barista - Store# 09527, US-54 & SR-42",BARISTA,09527,US-54 & SR-42,"3815 Hwy 54, Suite B5",Osage Beach,MO,,US,,1789963200,2026-09-21,10,2026-10-01,1790084530,2026-09-22,9,False,38.1503113,-92.61796210000001,481080949835,id:260078768,store:09527,Barista,onsite,"3815 Hwy 54, Suite B5, Osage Beach, Missouri, United States",1,MO,CONUS_L0_003_005;CONUS_L0_003_006;CONUS_L1_011_020;CONUS_L1_012_021,4
2026-10-01,260078476,https://apply.starbucks.com/careers/job/481080936425,"shift supervisor - Store# 81150, HWY 7 & MORELAND SCHOOL RD",SHIFT_SUPERVISOR,81150,HWY 7 & MORELAND SCHOOL RD,3101 SW 7 Hwy.,Blue Springs,MO,,US,,1789876800,2026-09-20,11,2026-10-01,1789998302,2026-09-21,10,False,38.98929,-94.27428,481080936425,id:260078476,store:81150,Shift Supervisor,onsite,"3101 SW 7 Hwy., Blue Springs, Missouri, United States",1,MO,CONUS_L0_003_005;CONUS_L1_012_020,2
2026-10-01,260066476,https://apply.starbucks.com/careers/job/481080677212,"shift supervisor - Store# 10832, 41ST & MAIN",SHIFT_SUPERVISOR,10832,41ST & MAIN,4101 Main St,Kansas City,MO,,US,,1788321600,2026-09-02,29,2026-10-01,1788358011,2026-09-02,29,False,39.05125,-94.58603,481080677212,id:260066476,store:10832,Shift Supervisor,onsite,"4101 Main St, Kansas City, Missouri, United States",1,MO,CONUS_L0_003_005;CONUS_L1_012_019;CONUS_L1_012_020,3
2026-10-01,260066232,https://apply.starbucks.com/careers/job/481080679062,"barista - Store# 10832, 41ST & MAIN",BARISTA,10832,41ST & MAIN,4101 Main St,Kansas City,MO,,US,,1788321600,2026-09-02,29,2026-10-01,1788357793,2026-09-02,29,False,39.05125,-94.58603,481080679062,id:260066232,store:10832,Barista,onsite,"4101 Main St, Kansas City, Missouri, United States",1,MO,CONUS_L0_003_005;CONUS_L1_012_019;CONUS_L1_012_020,3
2026-10-01,260067998,https://apply.starbucks.com/careers/job/481080699870,"shift supervisor - Store# 10832, 41ST & MAIN",SHIFT_SUPERVISOR,10832,41ST & MAIN,4101 Main St,Kansas City,MO,,US,,1788321600,2026-09-02,29,2026-10-01,1788456824,2026-09-03,28,False,39.05125,-94.58603,481080699870,id:260067998,store:10832,Shift Supervisor,onsite,"4101 Main St, Kansas City, Missouri, United States",1,MO,CONUS_L0_003_005;CONUS_L1_012_019;CONUS_L1_012_020,3
2026-10-01,260067754,https://apply.starbucks.com/careers/job/481080699558,"barista - Store# 10832, 41ST & MAIN",BARISTA,10832,41ST & MAIN,4101 Main St,Kansas City,MO,,US,,1788321600,2026-09-02,29,2026-10-01,1788456592,2026-09-03,28,False,39.05125,-94.58603,481080699558,id:260067754,store:10832,Barista,onsite,"4101 Main St, Kansas City, Missouri, United States",1,MO,CONUS_L0_003_005;CONUS_L1_012_019;CONUS_L1_012_020,3
2026-10-01,260053118,https://apply.starbucks.com/careers/job/481079230225,"shift supervisor - Store# 02490, WEST 39TH STREET",SHIFT_SUPERVISOR,02490,WEST 39TH STREET,1701 W. 39th Street,Kansas City,MO,,US,,1783137600,2026-07-04,89,2026-10-01,1783258878,2026-07-05,88,False,39.05708250000001,-94.60519509999999,481079230225,id:260053118,store:02490,Shift Supervisor,onsite,"1701 W. 39th Street, Kansas City, Missouri, United States",1,MO,CONUS_L0_003_005,1
2026-10-01,260053010,https://apply.starbucks.com/careers/job/481079230110,"barista - Store# 02490, WEST 39TH STREET",BARISTA,02490,WEST 39TH STREET,1701 W. 39th Street,Kansas City,MO,,US,,1783137600,2026-07-04,89,2026-10-01,1783258791,2026-07-05,88,False,39.05708250000001,-94.60519509999999,481079230110,id:260053010,store:02490,Barista,onsite,"1701 W. 39th Street, Kansas City, Missouri, United States",1,MO,CONUS_L0_003_005,1
2026-10-01,260059387,https://apply.starbucks.com/careers/job/481079983023,"barista - Store# 11522, HWY 40 & BLUE RIDGE",BARISTA,11522,HWY 40 & BLUE RIDGE,"11815 E Highway 40, Blue Ridge Crossing",Independence,MO,,US,,1785643200,2026-08-02,60,2026-10-01,1785764589,2026-08-03,59,False,39.04552,-94.44019,481079983023,id:260059387,store:11522,Barista,onsite,"11815 E Highway 40, Blue Ridge Crossing, Independence, Missouri, United States",1,MO,CONUS_L0_003_005;CONUS_L1_012_019;CONUS_L1_012_020,3
2026-10-01,260077996,https://apply.starbucks.com/careers/job/481080923329,"shift supervisor - Store# 11522, HWY 40 & BLUE RIDGE",SHIFT_SUPERVISOR,11522,HWY 40 & BLUE RIDGE,"11815 E Highway 40, Blue Ridge Crossing",Independence,MO,,US,,1789790400,2026-09-19,12,2026-10-01,1789911654,2026-09-20,11,False,39.04552,-94.44019,481080923329,id:260077996,store:11522,Shift Supervisor,onsite,"11815 E Highway 40, Blue Ridge Crossing, Independence, Missouri, United States",1,MO,CONUS_L0_003_005;CONUS_L1_012_019;CONUS_L1_012_020,3
2026-10-01,260060360,https://apply.starbucks.com/careers/job/481080125998,"shift supervisor - Store# 09882, HWY 7 & I-70",SHIFT_SUPERVISOR,09882,HWY 7 & I-70,704 N Highway 7,Blue Springs,MO,,US,,1786420800,2026-08-11,51,2026-10-01,1786542336,2026-08-12,50,False,39.02489,-94.27144,481080125998,id:260060360,store:09882,Shift Supervisor,onsite,"704 N Highway 7, Blue Springs, Missouri, United States",1,MO,CONUS_L0_003_005;CONUS_L1_012_020,2
2026-10-01,260063217,https://apply.starbucks.com/careers/job/481080565742,"barista - Store# 09882, HWY 7 & I-70",BARISTA,09882,HWY 7 & I-70,704 N Highway 7,Blue Springs,MO,,US,,1787803200,2026-08-27,35,2026-10-01,1787924745,2026-08-28,34,False,39.02489,-94.27144,481080565742,id:260063217,store:09882,Barista,onsite,"704 N Highway 7, Blue Springs, Missouri, United States",1,MO,CONUS_L0_003_005;CONUS_L1_012_020,2
2026-10-01,260072605,https://apply.starbucks.com/careers/job/481080795991,"barista - Store# 02442, INDEPENDENCE",BARISTA,02442,INDEPENDENCE,"18710 E. 39th St, Independence CommonsUnit 0K007",Independence,MO,,US,,1789012800,2026-09-10,21,2026-10-01,1789135193,2026-09-11,20,False,39.04846,-94.36002,481080795991,id:260072605,store:02442,Barista,onsite,"18710 E. 39th St, Independence CommonsUnit 0K007, Independence, Missouri, United States",1,MO,CONUS_L0_003_005;CONUS_L1_012_019;CONUS_L1_012_020,3
2026-10-01,260070680,https://apply.starbucks.com/careers/job/481080741778,"shift supervisor - Store# 68752, BUCKNER & I70",SHIFT_SUPERVISOR,68752,BUCKNER & I70,1140 NW Buckner Tarsney Rd,Grain Valley,MO,,US,,1788667200,2026-09-06,25,2026-10-01,1788788608,2026-09-07,24,False,39.02482,-94.1984,481080741778,id:260070680,store:68752,Shift Supervisor,onsite,"1140 NW Buckner Tarsney Rd, Grain Valley, Missouri, United States",1,MO,CONUS_L0_003_005;CONUS_L1_012_020,2
2026-10-01,260063197,https://apply.starbucks.com/careers/job/481080565614,"shift supervisor - Store# 09654, 23RD & LEE'S SUMMIT",SHIFT_SUPERVISOR,09654,23RD & LEE'S SUMMIT,1516 A East 23rd Street,Independence,MO,,US,,1787803200,2026-08-27,35,2026-10-01,1787924729,2026-08-28,34,False,39.07889,-94.3938,481080565614,id:260063197,store:09654,Shift Supervisor,onsite,"1516 A East 23rd Street, Independence, Missouri, United States",1,MO,CONUS_L0_003_005;CONUS_L1_012_019;CONUS_L1_012_020,3
2026-10-01,260077426,https://apply.starbucks.com/careers/job/481080891045,"barista - Store# 09654, 23RD & LEE'S SUMMIT",BARISTA,09654,23RD & LEE'S SUMMIT,1516 A East 23rd Street,Independence,MO,,US,,1789617600,2026-09-17,14,2026-10-01,1789739144,2026-09-18,13,False,39.07889,-94.3938,481080891045,id:260077426,store:09654,Barista,onsite,"1516 A East 23rd Street, Independence, Missouri, United States",1,MO,CONUS_L0_003_005;CONUS_L1_012_019;CONUS_L1_012_020,3
2026-10-01,260053018,https://apply.starbucks.com/careers/job/481079230121,"barista - Store# 54504, I-29 AND ARMOUR RD",BARISTA,54504,I-29 AND ARMOUR RD,1930 Diamond Pkwy,Kansas City,MO,,US,,1783137600,2026-07-04,89,2026-10-01,1783258798,2026-07-05,88,False,39.14503,-94.55843,481079230121,id:260053018,store:54504,Barista,onsite,"1930 Diamond Pkwy, Kansas City, Missouri, United States",1,MO,CONUS_L0_003_005,1
2026-10-01,260073208,https://apply.starbucks.com/careers/job/481080798075,"shift supervisor - Store# 23041, ST. ROBERT",SHIFT_SUPERVISOR,23041,ST. ROBERT,322 Hwy Z,St. Robert,MO,,US,,1789012800,2026-09-10,21,2026-10-01,1789135707,2026-09-11,20,False,37.82279,-92.1416,481080798075,id:260073208,store:23041,Shift Supervisor,onsite,"322 Hwy Z, St. Robert, Missouri, United States",1,MO,CONUS_L0_003_005;CONUS_L0_003_006;CONUS_L1_011_020;CONUS_L1_011_021,4
2026-10-01,260078049,https://apply.starbucks.com/careers/job/481080923517,"barista - Store# 23041, ST. ROBERT",BARISTA,23041,ST. ROBERT,322 Hwy Z,St. Robert,MO,,US,,1789790400,2026-09-19,12,2026-10-01,1789911698,2026-09-20,11,False,37.82279,-92.1416,481080923517,id:260078049,store:23041,Barista,onsite,"322 Hwy Z, St. Robert, Missouri, United States",1,MO,CONUS_L0_003_005;CONUS_L0_003_006;CONUS_L1_011_020;CONUS_L1_011_021,4
2026-10-01,260055304,https://apply.starbucks.com/careers/job/481079453830,"barista - Store# 02416, NE 53RD AND ANTIOCH",BARISTA,02416,NE 53RD AND ANTIOCH,"5303 NE Antioch Rd, Prospect Plaza Shopping Center#408",Kansas City,MO,,US,,1783828800,2026-07-12,81,2026-10-01,1783950488,2026-07-13,80,False,39.1905429,-94.54836039999999,481079453830,id:260055304,store:02416,Barista,onsite,"5303 NE Antioch Rd, Prospect Plaza Shopping Center#408, Kansas City, Missouri, United States",1,MO,CONUS_L0_003_005;CONUS_L1_012_019;CONUS_L1_012_020,3
2026-10-01,260053045,https://apply.starbucks.com/careers/job/481079230133,"shift supervisor - Store# 02416, NE 53RD AND ANTIOCH",SHIFT_SUPERVISOR,02416,NE 53RD AND ANTIOCH,"5303 NE Antioch Rd, Prospect Plaza Shopping Center#408",Kansas City,MO,,US,,1783137600,2026-07-04,89,2026-10-01,1783258820,2026-07-05,88,False,39.1905429,-94.54836039999999,481079230133,id:260053045,store:02416,Shift Supervisor,onsite,"5303 NE Antioch Rd, Prospect Plaza Shopping Center#408, Kansas City, Missouri, United States",1,MO,CONUS_L0_003_005,1
2026-10-01,260073070,https://apply.starbucks.com/careers/job/481080797774,"shift supervisor - Store# 63261, BARRY RD & NW PRAIRIE VIEW DTO",SHIFT_SUPERVISOR,63261,BARRY RD & NW PRAIRIE VIEW DTO,6860 NW 83rd Ter,Kansas City,MO,,US,,1789012800,2026-09-10,21,2026-10-01,1789135591,2026-09-11,20,False,39.2460411,-94.660125,481080797774,id:260073070,store:63261,Shift Supervisor,onsite,"6860 NW 83rd Ter, Kansas City, Missouri, United States",1,MO,CONUS_L0_003_005;CONUS_L0_004_005;CONUS_L1_012_019;CONUS_L1_012_020,4
2026-10-01,260076179,https://apply.starbucks.com/careers/job/481080861525,"barista - Store# 63261, BARRY RD & NW PRAIRIE VIEW DTO",BARISTA,63261,BARRY RD & NW PRAIRIE VIEW DTO,6860 NW 83rd Ter,Kansas City,MO,,US,,1789444800,2026-09-15,16,2026-10-01,1789566648,2026-09-16,15,False,39.2460411,-94.660125,481080861525,id:260076179,store:63261,Barista,onsite,"6860 NW 83rd Ter, Kansas City, Missouri, United States",1,MO,CONUS_L0_003_005;CONUS_L0_004_005;CONUS_L1_012_019;CONUS_L1_012_020,4
2026-10-01,260072782,https://apply.starbucks.com/careers/job/481080796380,"shift supervisor - Store# 02432, I-29 & BARRY",SHIFT_SUPERVISOR,02432,I-29 & BARRY,"6234 W Barry Rd, Boardwalk Square",Kansas City,MO,,US,,1789012800,2026-09-10,21,2026-10-01,1789135349,2026-09-11,20,False,39.2482,-94.65241,481080796380,id:260072782,store:02432,Shift Supervisor,onsite,"6234 W Barry Rd, Boardwalk Square, Kansas City, Missouri, United States",1,MO,CONUS_L0_003_005;CONUS_L1_012_019;CONUS_L1_012_020,3
2026-10-01,260074289,https://apply.starbucks.com/careers/job/481080814150,"barista - Store# 02432, I-29 & BARRY",BARISTA,02432,I-29 & BARRY,"6234 W Barry Rd, Boardwalk Square",Kansas City,MO,,US,,1789185600,2026-09-12,19,2026-10-01,1789307697,2026-09-13,18,False,39.2482,-94.65241,481080814150,id:260074289,store:02432,Barista,onsite,"6234 W Barry Rd, Boardwalk Square, Kansas City, Missouri, United States",1,MO,CONUS_L0_003_005;CONUS_L1_012_019;CONUS_L1_012_020,3
2026-10-01,260073637,https://apply.starbucks.com/careers/job/481080813022,"shift supervisor - Store# 57462, BARRY RD & US 169",SHIFT_SUPERVISOR,57462,BARRY RD & US 169,909 NW 84th Terrace,Kansas City,MO,,US,,1789185600,2026-09-12,19,2026-10-01,1789307091,2026-09-13,18,False,39.24695,-94.5952,481080813022,id:260073637,store:57462,Shift Supervisor,onsite,"909 NW 84th Terrace, Kansas City, Missouri, United States",1,MO,CONUS_L0_003_005;CONUS_L1_012_019;CONUS_L1_012_020,3
2026-10-01,260072019,https://apply.starbucks.com/careers/job/481080765035,"barista - Store# 57462, BARRY RD & US 169",BARISTA,57462,BARRY RD & US 169,909 NW 84th Terrace,Kansas City,MO,,US,,1788840000,2026-09-08,23,2026-10-01,1788961594,2026-09-09,22,False,39.24695,-94.5952,481080765035,id:260072019,store:57462,Barista,onsite,"909 NW 84th Terrace, Kansas City, Missouri, United States",1,MO,CONUS_L0_003_005;CONUS_L1_012_019;CONUS_L1_012_020,3
2026-10-01,260071146,https://apply.starbucks.com/careers/job/481080742418,"shift supervisor - Store# 67095, RT 152 & INDIANA",SHIFT_SUPERVISOR,67095,RT 152 & INDIANA,"8430 N. Indiana Ave., NA",Kansas City,MO,,US,,1788667200,2026-09-06,25,2026-10-01,1788788983,2026-09-07,24,False,39.24872,-94.54056,481080742418,id:260071146,store:67095,Shift Supervisor,onsite,"8430 N. Indiana Ave., NA, Kansas City, Missouri, United States",1,MO,CONUS_L0_003_005;CONUS_L1_012_019;CONUS_L1_012_020,3
2026-10-01,260070635,https://apply.starbucks.com/careers/job/481080741736,"barista - Store# 67289, RT 152 & BOOTH",BARISTA,67289,RT 152 & BOOTH,8623 NE 85th St,Kansas City,MO,,US,,1788667200,2026-09-06,25,2026-10-01,1788788573,2026-09-07,24,False,39.24556,-94.47426,481080741736,id:260070635,store:67289,Barista,onsite,"8623 NE 85th St, Kansas City, Missouri, United States",1,MO,CONUS_L0_003_005;CONUS_L1_012_019;CONUS_L1_012_020,3
2026-10-01,260071024,https://apply.starbucks.com/careers/job/481080742233,"shift supervisor - Store# 67289, RT 152 & BOOTH",SHIFT_SUPERVISOR,67289,RT 152 & BOOTH,8623 NE 85th St,Kansas City,MO,,US,,1788667200,2026-09-06,25,2026-10-01,1788788883,2026-09-07,24,False,39.24556,-94.47426,481080742233,id:260071024,store:67289,Shift Supervisor,onsite,"8623 NE 85th St, Kansas City, Missouri, United States",1,MO,CONUS_L0_003_005;CONUS_L1_012_019;CONUS_L1_012_020,3
2026-10-01,260067618,https://apply.starbucks.com/careers/job/481080699249,"shift supervisor - Store# 09655, I-35 & SH-152",SHIFT_SUPERVISOR,09655,I-35 & SH-152,"1915 Star Dr, The Shoppes at Liberty Triangle",Liberty,MO,,US,,1788321600,2026-09-02,29,2026-10-01,1788456467,2026-09-03,28,False,39.2451178,-94.4499732,481080699249,id:260067618,store:09655,Shift Supervisor,onsite,"1915 Star Dr, The Shoppes at Liberty Triangle, Liberty, Missouri, United States",1,MO,CONUS_L0_003_005;CONUS_L1_012_019;CONUS_L1_012_020,3
2026-10-01,260072354,https://apply.starbucks.com/careers/job/481080778546,"barista - Store# 21366, 96TH AND NORTH OAK",BARISTA,21366,96TH AND NORTH OAK,9595 N McGee St,Kansas City,MO,,US,,1788926400,2026-09-09,22,2026-10-01,1789048132,2026-09-10,21,False,39.26712,-94.57649,481080778546,id:260072354,store:21366,Barista,onsite,"9595 N McGee St, Kansas City, Missouri, United States",1,MO,CONUS_L0_003_005;CONUS_L1_012_019;CONUS_L1_012_020,3
2026-10-01,260077303,https://apply.starbucks.com/careers/job/481080890876,"shift supervisor - Store# 21366, 96TH AND NORTH OAK",SHIFT_SUPERVISOR,21366,96TH AND NORTH OAK,9595 N McGee St,Kansas City,MO,,US,,1789617600,2026-09-17,14,2026-10-01,1789739037,2026-09-18,13,False,39.26712,-94.57649,481080890876,id:260077303,store:21366,Shift Supervisor,onsite,"9595 N McGee St, Kansas City, Missouri, United States",1,MO,CONUS_L0_003_005;CONUS_L1_012_019;CONUS_L1_012_020,3
2026-10-01,260062271,https://apply.starbucks.com/careers/job/481080460540,"barista - Store# 59340, I-35 & COOKINGHAM",BARISTA,59340,I-35 & COOKINGHAM,"10410 NE Cookingham Dr, 100",Kansas City,MO,,US,,1787544000,2026-08-24,38,2026-10-01,1787665446,2026-08-25,37,False,39.26731,-94.44971,481080460540,id:260062271,store:59340,Barista,onsite,"10410 NE Cookingham Dr, 100, Kansas City, Missouri, United States",1,MO,CONUS_L0_003_005;CONUS_L1_012_019;CONUS_L1_012_020,3
2026-10-01,260053599,https://apply.starbucks.com/careers/job/481079351706,"shift supervisor - Store# 59340, I-35 & COOKINGHAM",SHIFT_SUPERVISOR,59340,I-35 & COOKINGHAM,"10410 NE Cookingham Dr, 100",Kansas City,MO,,US,,1783396800,2026-07-07,86,2026-10-01,1783518180,2026-07-08,85,False,39.26731,-94.44971,481079351706,id:260053599,store:59340,Shift Supervisor,onsite,"10410 NE Cookingham Dr, 100, Kansas City, Missouri, United States",1,MO,CONUS_L0_003_005;CONUS_L1_012_019;CONUS_L1_012_020,3
2026-10-01,260056758,https://apply.starbucks.com/careers/job/481079527720,"barista - Store# 68751, I35 & 6TH STREET",BARISTA,68751,I35 & 6TH STREET,521 W 92 Hwy,Kearney,MO,,US,,1784088000,2026-07-15,78,2026-10-01,1784209147,2026-07-16,77,False,39.36739,-94.37103,481079527720,id:260056758,store:68751,Barista,onsite,"521 W 92 Hwy, Kearney, Missouri, United States",1,MO,CONUS_L0_003_005;CONUS_L1_012_020;CONUS_L1_013_019,3
2026-10-01,260072884,https://apply.starbucks.com/careers/job/481080796678,"shift supervisor - Store# 68751, I35 & 6TH STREET",SHIFT_SUPERVISOR,68751,I35 & 6TH STREET,521 W 92 Hwy,Kearney,MO,,US,,1789012800,2026-09-10,21,2026-10-01,1789135434,2026-09-11,20,False,39.36739,-94.37103,481080796678,id:260072884,store:68751,Shift Supervisor,onsite,"521 W 92 Hwy, Kearney, Missouri, United States",1,MO,CONUS_L0_003_005;CONUS_L1_012_020;CONUS_L1_013_019,3
2026-10-01,260060663,https://apply.starbucks.com/careers/job/481080162970,"barista - Store# 27235, BISHOP AND 44",BARISTA,27235,BISHOP AND 44,1900 N Bishop Ave,Rolla,MO,,US,,1786593600,2026-08-13,49,2026-10-01,1786715172,2026-08-14,48,False,37.9603,-91.76677,481080162970,id:260060663,store:27235,Barista,onsite,"1900 N Bishop Ave, Rolla, Missouri, United States",1,MO,CONUS_L0_003_005;CONUS_L0_003_006;CONUS_L1_011_021,3
2026-10-01,260079499,https://apply.starbucks.com/careers/job/481080998838,"shift supervisor - Store# 27235, BISHOP AND 44",SHIFT_SUPERVISOR,27235,BISHOP AND 44,1900 N Bishop Ave,Rolla,MO,,US,,1790222400,2026-09-24,7,2026-10-01,1790344062,2026-09-25,6,False,37.9603,-91.76677,481080998838,id:260079499,store:27235,Shift Supervisor,onsite,"1900 N Bishop Ave, Rolla, Missouri, United States",1,MO,CONUS_L0_003_005;CONUS_L0_003_006;CONUS_L1_011_021,3
2026-10-01,260070869,https://apply.starbucks.com/careers/job/481080742002,"shift supervisor - Store# 66302, W TRUMAN & COUNTRY CLUB",SHIFT_SUPERVISOR,66302,W TRUMAN & COUNTRY CLUB,3735 W Truman Blvd,Jefferson City,MO,,US,,1788667200,2026-09-06,25,2026-10-01,1788788758,2026-09-07,24,False,38.5860901,-92.2553696,481080742002,id:260070869,store:66302,Shift Supervisor,onsite,"3735 W Truman Blvd, Jefferson City, Missouri, United States",1,MO,CONUS_L0_003_005;CONUS_L0_003_006;CONUS_L1_012_021,3
2026-10-01,260075291,https://apply.starbucks.com/careers/job/481080821493,"shift supervisor - Store# 53376, MISSOURI BLVD & US 50",SHIFT_SUPERVISOR,53376,MISSOURI BLVD & US 50,505 Missouri Blvd,Jefferson City,MO,,US,,1789272000,2026-09-13,18,2026-10-01,1789394809,2026-09-14,17,False,38.57872,-92.18141,481080821493,id:260075291,store:53376,Shift Supervisor,onsite,"505 Missouri Blvd, Jefferson City, Missouri, United States",1,MO,CONUS_L0_003_005;CONUS_L0_003_006;CONUS_L1_012_021,3
2026-10-01,260062385,https://apply.starbucks.com/careers/job/481080494097,"barista - Store# 53376, MISSOURI BLVD & US 50",BARISTA,53376,MISSOURI BLVD & US 50,505 Missouri Blvd,Jefferson City,MO,,US,,1787630400,2026-08-25,37,2026-10-01,1787752175,2026-08-26,36,False,38.57872,-92.18141,481080494097,id:260062385,store:53376,Barista,onsite,"505 Missouri Blvd, Jefferson City, Missouri, United States",1,MO,CONUS_L0_003_005;CONUS_L0_003_006;CONUS_L1_012_021,3
2026-10-01,260059141,https://apply.starbucks.com/careers/job/481079980445,"barista - Store# 21370, ROCK BRIDGE SC",BARISTA,21370,ROCK BRIDGE SC,605 E Nifong Blvd,Columbia,MO,,US,,1785643200,2026-08-02,60,2026-10-01,1785753042,2026-08-03,59,False,38.91025,-92.33116,481079980445,id:260059141,store:21370,Barista,onsite,"605 E Nifong Blvd, Columbia, Missouri, United States",1,MO,CONUS_L0_003_005;CONUS_L1_012_021,2
2026-10-01,260071448,https://apply.starbucks.com/careers/job/481080752163,"shift supervisor - Store# 21370, ROCK BRIDGE SC",SHIFT_SUPERVISOR,21370,ROCK BRIDGE SC,605 E Nifong Blvd,Columbia,MO,,US,,1788753600,2026-09-07,24,2026-10-01,1788875085,2026-09-08,23,False,38.91025,-92.33116,481080752163,id:260071448,store:21370,Shift Supervisor,onsite,"605 E Nifong Blvd, Columbia, Missouri, United States",1,MO,CONUS_L0_003_005;CONUS_L1_012_021,2
2026-10-01,260066559,https://apply.starbucks.com/careers/job/481080679750,"barista - Store# 14088, BROADWAY & FAIRVIEW",BARISTA,14088,BROADWAY & FAIRVIEW,"2901 W. Broadway, Suite 117",Columbia,MO,,US,,1788321600,2026-09-02,29,2026-10-01,1788358085,2026-09-02,29,False,38.95541,-92.38113,481080679750,id:260066559,store:14088,Barista,onsite,"2901 W. Broadway, Suite 117, Columbia, Missouri, United States",1,MO,CONUS_L0_003_005;CONUS_L1_012_021,2
2026-10-01,260071182,https://apply.starbucks.com/careers/job/481080742494,"shift supervisor - Store# 14088, BROADWAY & FAIRVIEW",SHIFT_SUPERVISOR,14088,BROADWAY & FAIRVIEW,"2901 W. Broadway, Suite 117",Columbia,MO,,US,,1788667200,2026-09-06,25,2026-10-01,1788789012,2026-09-07,24,False,38.95541,-92.38113,481080742494,id:260071182,store:14088,Shift Supervisor,onsite,"2901 W. Broadway, Suite 117, Columbia, Missouri, United States",1,MO,CONUS_L0_003_005;CONUS_L1_012_021,2
2026-10-01,260059992,https://apply.starbucks.com/careers/job/481080079230,"barista - Store# 07993, BELT HWY & FARAON",BARISTA,07993,BELT HWY & FARAON,324 N. Belt Hwy,Saint Joseph,MO,,US,,1786161600,2026-08-08,54,2026-10-01,1786283266,2026-08-09,53,False,39.7693649,-94.8040582,481080079230,id:260059992,store:07993,Barista,onsite,"324 N. Belt Hwy, Saint Joseph, Missouri, United States",1,MO,CONUS_L0_003_005;CONUS_L0_004_005;CONUS_L1_013_019,3
2026-10-01,260077669,https://apply.starbucks.com/careers/job/481080891522,"shift supervisor - Store# 07993, BELT HWY & FARAON",SHIFT_SUPERVISOR,07993,BELT HWY & FARAON,324 N. Belt Hwy,Saint Joseph,MO,,US,,1789617600,2026-09-17,14,2026-10-01,1789739354,2026-09-18,13,False,39.7693649,-94.8040582,481080891522,id:260077669,store:07993,Shift Supervisor,onsite,"324 N. Belt Hwy, Saint Joseph, Missouri, United States",1,MO,CONUS_L0_003_005;CONUS_L0_004_005;CONUS_L1_013_019,3
2026-10-01,260063041,https://apply.starbucks.com/careers/job/481080565258,"barista - Store# 10322, 9TH & ELM",BARISTA,10322,9TH & ELM,304 S 9th St,Columbia,MO,,US,,1787803200,2026-08-27,35,2026-10-01,1787924605,2026-08-28,34,False,38.9482728,-92.3273947,481080565258,id:260063041,store:10322,Barista,onsite,"304 S 9th St, Columbia, Missouri, United States",1,MO,CONUS_L0_003_005;CONUS_L1_012_021,2
2026-10-01,260063542,https://apply.starbucks.com/careers/job/481080567177,"shift supervisor - Store# 10322, 9TH & ELM",SHIFT_SUPERVISOR,10322,9TH & ELM,304 S 9th St,Columbia,MO,,US,,1787803200,2026-08-27,35,2026-10-01,1787925006,2026-08-28,34,False,38.9482728,-92.3273947,481080567177,id:260063542,store:10322,Shift Supervisor,onsite,"304 S 9th St, Columbia, Missouri, United States",1,MO,CONUS_L0_003_005;CONUS_L1_012_021,2
2026-10-01,260065546,https://apply.starbucks.com/careers/job/481080677892,"shift supervisor - Store# 11521, BROADWAY & BRICKTON",SHIFT_SUPERVISOR,11521,BROADWAY & BRICKTON,"2500 Broadway Bluffs Drive, 100",Columbia,MO,,US,,1788321600,2026-09-02,29,2026-10-01,1788357183,2026-09-02,29,False,38.94759,-92.30076,481080677892,id:260065546,store:11521,Shift Supervisor,onsite,"2500 Broadway Bluffs Drive, 100, Columbia, Missouri, United States",1,MO,CONUS_L0_003_005;CONUS_L1_012_021,2
2026-10-01,260064649,https://apply.starbucks.com/careers/job/481080613667,"barista - Store# 11521, BROADWAY & BRICKTON",BARISTA,11521,BROADWAY & BRICKTON,"2500 Broadway Bluffs Drive, 100",Columbia,MO,,US,,1788062400,2026-08-30,32,2026-10-01,1788183990,2026-08-31,31,False,38.94759,-92.30076,481080613667,id:260064649,store:11521,Barista,onsite,"2500 Broadway Bluffs Drive, 100, Columbia, Missouri, United States",1,MO,CONUS_L0_003_005;CONUS_L1_012_021,2
2026-10-01,260055029,https://apply.starbucks.com/careers/job/481079436550,"barista - Store# 62951, RANGELINE AND VANDIVER",BARISTA,62951,RANGELINE AND VANDIVER,"900 Vandiver Dr, Rangeline and Vandiver",Columbia,MO,,US,,1783742400,2026-07-11,82,2026-10-01,1783863588,2026-07-12,81,False,38.97072,-92.32607,481079436550,id:260055029,store:62951,Barista,onsite,"900 Vandiver Dr, Rangeline and Vandiver, Columbia, Missouri, United States",1,MO,CONUS_L0_003_005;CONUS_L1_012_021,2
2026-10-01,260070511,https://apply.starbucks.com/careers/job/481080741569,"shift supervisor - Store# 62951, RANGELINE AND VANDIVER",SHIFT_SUPERVISOR,62951,RANGELINE AND VANDIVER,"900 Vandiver Dr, Rangeline and Vandiver",Columbia,MO,,US,,1788667200,2026-09-06,25,2026-10-01,1788788477,2026-09-07,24,False,38.97072,-92.32607,481080741569,id:260070511,store:62951,Shift Supervisor,onsite,"900 Vandiver Dr, Rangeline and Vandiver, Columbia, Missouri, United States",1,MO,CONUS_L0_003_005;CONUS_L1_012_021,2
2026-10-01,260066454,https://apply.starbucks.com/careers/job/481080679589,"shift supervisor - Store# 19163, ST. JOE - BELT HIGHWAY & COOK ROAD",SHIFT_SUPERVISOR,19163,ST. JOE - BELT HIGHWAY & COOK ROAD,"4114 N. Belt Highway, TBD",Saint Joseph,MO,,US,,1788321600,2026-09-02,29,2026-10-01,1788357991,2026-09-02,29,False,39.80693,-94.81567,481080679589,id:260066454,store:19163,Shift Supervisor,onsite,"4114 N. Belt Highway, TBD, Saint Joseph, Missouri, United States",1,MO,CONUS_L0_003_005;CONUS_L0_004_005;CONUS_L1_013_019,3
2026-10-01,260064424,https://apply.starbucks.com/careers/job/481080613594,"barista - Store# 19163, ST. JOE - BELT HIGHWAY & COOK ROAD",BARISTA,19163,ST. JOE - BELT HIGHWAY & COOK ROAD,"4114 N. Belt Highway, TBD",Saint Joseph,MO,,US,,1788062400,2026-08-30,32,2026-10-01,1788183803,2026-08-31,31,False,39.80693,-94.81567,481080613594,id:260064424,store:19163,Barista,onsite,"4114 N. Belt Highway, TBD, Saint Joseph, Missouri, United States",1,MO,CONUS_L0_003_005;CONUS_L0_004_005;CONUS_L1_013_019,3
2026-10-01,260068967,https://apply.starbucks.com/careers/job/481080710332,"shift supervisor - Store# 85010, BLUES HWY & S. KINGSHIGHWAY",SHIFT_SUPERVISOR,85010,BLUES HWY & S. KINGSHIGHWAY,1057 S Main St,Sikeston,MO,,US,,1788408000,2026-09-03,28,2026-10-01,1788530186,2026-09-04,27,False,36.8647603,-89.5825564,481080710332,id:260068967,store:85010,Shift Supervisor,onsite,"1057 S Main St, Sikeston, Missouri, United States",1,MO,CONUS_L0_003_006;CONUS_L1_011_022,2
2026-10-01,260053388,https://apply.starbucks.com/careers/job/481079320185,"barista - Store# 85010, BLUES HWY & S. KINGSHIGHWAY",BARISTA,85010,BLUES HWY & S. KINGSHIGHWAY,1057 S Main St,Sikeston,MO,,US,,1783310400,2026-07-06,87,2026-10-01,1783432038,2026-07-07,86,False,36.8647603,-89.5825564,481079320185,id:260053388,store:85010,Barista,onsite,"1057 S Main St, Sikeston, Missouri, United States",1,MO,CONUS_L0_003_006;CONUS_L1_011_022,2
2026-10-01,260067513,https://apply.starbucks.com/careers/job/481080699374,"shift supervisor - Store# 13714, I 55 & WILLIAM",SHIFT_SUPERVISOR,13714,I 55 & WILLIAM,"188 Vantage Dr., Suite 100",Cape Girardeau,MO,,US,,1788321600,2026-09-02,29,2026-10-01,1788456371,2026-09-03,28,False,37.30318,-89.57746,481080699374,id:260067513,store:13714,Shift Supervisor,onsite,"188 Vantage Dr., Suite 100, Cape Girardeau, Missouri, United States",1,MO,CONUS_L0_003_006;CONUS_L1_011_022,2
2026-10-01,260064091,https://apply.starbucks.com/careers/job/481080594524,"barista - Store# 13714, I 55 & WILLIAM",BARISTA,13714,I 55 & WILLIAM,"188 Vantage Dr., Suite 100",Cape Girardeau,MO,,US,,1787976000,2026-08-29,33,2026-10-01,1788097420,2026-08-30,32,False,37.30318,-89.57746,481080594524,id:260064091,store:13714,Barista,onsite,"188 Vantage Dr., Suite 100, Cape Girardeau, Missouri, United States",1,MO,CONUS_L0_003_006;CONUS_L1_011_022,2
2026-10-01,260069193,https://apply.starbucks.com/careers/job/481080710825,"shift supervisor - Store# 51255, WESTWOOD BLVD & HIGHLAND",SHIFT_SUPERVISOR,51255,WESTWOOD BLVD & HIGHLAND,1337 N Westwood Blvd,Poplar Bluff,MO,,US,,1788408000,2026-09-03,28,2026-10-01,1788530378,2026-09-04,27,False,36.7694,-90.41681,481080710825,id:260069193,store:51255,Shift Supervisor,onsite,"1337 N Westwood Blvd, Poplar Bluff, Missouri, United States",1,MO,CONUS_L0_003_006,1
2026-10-01,260066765,https://apply.starbucks.com/careers/job/481080698295,"barista - Store# 84547, S. PERRYVILLE RD & ALMA AVE",BARISTA,84547,S. PERRYVILLE RD & ALMA AVE,1111 S Perryville Blvd,Perryville,MO,,US,,1788321600,2026-09-02,29,2026-10-01,1788455660,2026-09-03,28,False,37.7132086,-89.8897205,481080698295,id:260066765,store:84547,Barista,onsite,"1111 S Perryville Blvd, Perryville, Missouri, United States",1,MO,CONUS_L0_003_006;CONUS_L1_011_022,2
2026-10-01,260069582,https://apply.starbucks.com/careers/job/481080730423,"shift supervisor - Store# 57214, KARSCH & MAPLE VALLEY",SHIFT_SUPERVISOR,57214,KARSCH & MAPLE VALLEY,901 Valley Creek Drive,Farmington,MO,,US,,1788580800,2026-09-05,26,2026-10-01,1788702214,2026-09-06,25,False,37.7935,-90.43819,481080730423,id:260069582,store:57214,Shift Supervisor,onsite,"901 Valley Creek Drive, Farmington, Missouri, United States",1,MO,CONUS_L0_003_006;CONUS_L1_011_021;CONUS_L1_011_022,3
2026-10-01,260078864,https://apply.starbucks.com/careers/job/481080964797,"barista - Store# 57214, KARSCH & MAPLE VALLEY",BARISTA,57214,KARSCH & MAPLE VALLEY,901 Valley Creek Drive,Farmington,MO,,US,,1790049600,2026-09-22,9,2026-10-01,1790170990,2026-09-23,8,False,37.7935,-90.43819,481080964797,id:260078864,store:57214,Barista,onsite,"901 Valley Creek Drive, Farmington, Missouri, United States",1,MO,CONUS_L0_003_006;CONUS_L1_011_021;CONUS_L1_011_022,3
2026-10-01,260073570,https://apply.starbucks.com/careers/job/481080812912,"shift supervisor - Store# 54866, I-55 & VETERANS BLVD - FESTUS",SHIFT_SUPERVISOR,54866,I-55 & VETERANS BLVD - FESTUS,1003 Gannon Dr,Festus,MO,,US,,1789185600,2026-09-12,19,2026-10-01,1789307028,2026-09-13,18,False,38.21266,-90.40281,481080812912,id:260073570,store:54866,Shift Supervisor,onsite,"1003 Gannon Dr, Festus, Missouri, United States",1,MO,CONUS_L0_003_006;CONUS_L1_011_022;CONUS_L1_012_022,3
2026-10-01,260073556,https://apply.starbucks.com/careers/job/481080812896,"barista - Store# 54866, I-55 & VETERANS BLVD - FESTUS",BARISTA,54866,I-55 & VETERANS BLVD - FESTUS,1003 Gannon Dr,Festus,MO,,US,,1789185600,2026-09-12,19,2026-10-01,1789307015,2026-09-13,18,False,38.21266,-90.40281,481080812896,id:260073556,store:54866,Barista,onsite,"1003 Gannon Dr, Festus, Missouri, United States",1,MO,CONUS_L0_003_006;CONUS_L1_011_022;CONUS_L1_012_022,3
2026-10-01,260073345,https://apply.starbucks.com/careers/job/481080798344,"barista - Store# 66369, TELEGRAPH AND TANZBERGER",BARISTA,66369,TELEGRAPH AND TANZBERGER,5620 Telegraph Rd,Saint Louis,MO,,US,,1789012800,2026-09-10,21,2026-10-01,1789135826,2026-09-11,20,False,38.4690234,-90.30496769999999,481080798344,id:260073345,store:66369,Barista,onsite,"5620 Telegraph Rd, Saint Louis, Missouri, United States",1,MO,CONUS_L0_003_006;CONUS_L1_012_022,2
2026-10-01,260070409,https://apply.starbucks.com/careers/job/481080741414,"shift supervisor - Store# 66369, TELEGRAPH AND TANZBERGER",SHIFT_SUPERVISOR,66369,TELEGRAPH AND TANZBERGER,5620 Telegraph Rd,Saint Louis,MO,,US,,1788667200,2026-09-06,25,2026-10-01,1788788394,2026-09-07,24,False,38.4690234,-90.30496769999999,481080741414,id:260070409,store:66369,Shift Supervisor,onsite,"5620 Telegraph Rd, Saint Louis, Missouri, United States",1,MO,CONUS_L0_003_006;CONUS_L1_012_022,2
2026-10-01,260064609,https://apply.starbucks.com/careers/job/481080613863,"shift supervisor - Store# 16249, ARNOLD CROSSROADS",SHIFT_SUPERVISOR,16249,ARNOLD CROSSROADS,3884 State Route 141,Arnold,MO,,US,,1788062400,2026-08-30,32,2026-10-01,1788183956,2026-08-31,31,False,38.44469,-90.37467,481080613863,id:260064609,store:16249,Shift Supervisor,onsite,"3884 State Route 141, Arnold, Missouri, United States",1,MO,CONUS_L0_003_006;CONUS_L1_012_022,2
2026-10-01,260076688,https://apply.starbucks.com/careers/job/481080862764,"barista - Store# 16249, ARNOLD CROSSROADS",BARISTA,16249,ARNOLD CROSSROADS,3884 State Route 141,Arnold,MO,,US,,1789444800,2026-09-15,16,2026-10-01,1789567086,2026-09-16,15,False,38.44469,-90.37467,481080862764,id:260076688,store:16249,Barista,onsite,"3884 State Route 141, Arnold, Missouri, United States",1,MO,CONUS_L0_003_006;CONUS_L1_012_022,2
2026-10-01,260070935,https://apply.starbucks.com/careers/job/481080742057,"shift supervisor - Store# 68103, BUTLER HILL AND I55",SHIFT_SUPERVISOR,68103,BUTLER HILL AND I55,"4319 Butler Hill Rd, Butler Hill and I-55",Saint Louis,MO,,US,,1788667200,2026-09-06,25,2026-10-01,1788788811,2026-09-07,24,False,38.48593,-90.35786,481080742057,id:260070935,store:68103,Shift Supervisor,onsite,"4319 Butler Hill Rd, Butler Hill and I-55, Saint Louis, Missouri, United States",1,MO,CONUS_L0_003_006;CONUS_L1_012_022,2
2026-10-01,260071095,https://apply.starbucks.com/careers/job/481080742347,"barista - Store# 68103, BUTLER HILL AND I55",BARISTA,68103,BUTLER HILL AND I55,"4319 Butler Hill Rd, Butler Hill and I-55",Saint Louis,MO,,US,,1788667200,2026-09-06,25,2026-10-01,1788788942,2026-09-07,24,False,38.48593,-90.35786,481080742347,id:260071095,store:68103,Barista,onsite,"4319 Butler Hill Rd, Butler Hill and I-55, Saint Louis, Missouri, United States",1,MO,CONUS_L0_003_006;CONUS_L1_012_022,2
2026-10-01,260078875,https://apply.starbucks.com/careers/job/481080964825,"barista - Store# 21140, LINDBERGH AND LEMAY FERRY",BARISTA,21140,LINDBERGH AND LEMAY FERRY,7333 Lindbergh,Saint Louis,MO,,US,,1790049600,2026-09-22,9,2026-10-01,1790170999,2026-09-23,8,False,38.50684,-90.3265,481080964825,id:260078875,store:21140,Barista,onsite,"7333 Lindbergh, Saint Louis, Missouri, United States",1,MO,CONUS_L0_003_006;CONUS_L1_012_022,2
2026-10-01,260078304,https://apply.starbucks.com/careers/job/481080936132,"shift supervisor - Store# 21140, LINDBERGH AND LEMAY FERRY",SHIFT_SUPERVISOR,21140,LINDBERGH AND LEMAY FERRY,7333 Lindbergh,Saint Louis,MO,,US,,1789876800,2026-09-20,11,2026-10-01,1789998158,2026-09-21,10,False,38.50684,-90.3265,481080936132,id:260078304,store:21140,Shift Supervisor,onsite,"7333 Lindbergh, Saint Louis, Missouri, United States",1,MO,CONUS_L0_003_006;CONUS_L1_012_022,2
2026-10-01,260072474,https://apply.starbucks.com/careers/job/481080795712,"shift supervisor - Store# 02441, TESSON FERRY",SHIFT_SUPERVISOR,02441,TESSON FERRY,12460 Tesson Ferry Road,Saint Louis,MO,,US,,1789012800,2026-09-10,21,2026-10-01,1789135082,2026-09-11,20,False,38.5081459,-90.37525839999999,481080795712,id:260072474,store:02441,Shift Supervisor,onsite,"12460 Tesson Ferry Road, Saint Louis, Missouri, United States",1,MO,CONUS_L0_003_006;CONUS_L1_012_022,2
2026-10-01,260078745,https://apply.starbucks.com/careers/job/481080949796,"barista - Store# 02441, TESSON FERRY",BARISTA,02441,TESSON FERRY,12460 Tesson Ferry Road,Saint Louis,MO,,US,,1789963200,2026-09-21,10,2026-10-01,1790084510,2026-09-22,9,False,38.5081459,-90.37525839999999,481080949796,id:260078745,store:02441,Barista,onsite,"12460 Tesson Ferry Road, Saint Louis, Missouri, United States",1,MO,CONUS_L0_003_006;CONUS_L1_012_022,2
2026-10-01,260077884,https://apply.starbucks.com/careers/job/481080922938,"shift supervisor - Store# 11760, LOUGHBOROUGH & I 55",SHIFT_SUPERVISOR,11760,LOUGHBOROUGH & I 55,1042-A Loughborough Ave,Saint Louis,MO,,US,,1789790400,2026-09-19,12,2026-10-01,1789911560,2026-09-20,11,False,38.55754,-90.26202,481080922938,id:260077884,store:11760,Shift Supervisor,onsite,"1042-A Loughborough Ave, Saint Louis, Missouri, United States",1,MO,CONUS_L0_003_006;CONUS_L1_012_022,2
2026-10-01,260066843,https://apply.starbucks.com/careers/job/481080698378,"barista - Store# 11760, LOUGHBOROUGH & I 55",BARISTA,11760,LOUGHBOROUGH & I 55,1042-A Loughborough Ave,Saint Louis,MO,,US,,1788321600,2026-09-02,29,2026-10-01,1788455734,2026-09-03,28,False,38.55754,-90.26202,481080698378,id:260066843,store:11760,Barista,onsite,"1042-A Loughborough Ave, Saint Louis, Missouri, United States",1,MO,CONUS_L0_003_006;CONUS_L1_012_022,2
2026-10-01,260055306,https://apply.starbucks.com/careers/job/481079453833,"barista - Store# 23826, AFFTON",BARISTA,23826,AFFTON,10015 Gravois Rd,Saint Louis,MO,,US,,1783828800,2026-07-12,81,2026-10-01,1783950490,2026-07-13,80,False,38.5511664,-90.3334393,481079453833,id:260055306,store:23826,Barista,onsite,"10015 Gravois Rd, Saint Louis, Missouri, United States",1,MO,CONUS_L0_003_006;CONUS_L1_012_022,2
2026-10-01,260077515,https://apply.starbucks.com/careers/job/481080891301,"barista - Store# 08695, HWY 141 & GRAVOIS",BARISTA,08695,HWY 141 & GRAVOIS,"699 Gravois Bluffs Blvd., 101",Fenton,MO,,US,,1789617600,2026-09-17,14,2026-10-01,1789739223,2026-09-18,13,False,38.508102,-90.4425723,481080891301,id:260077515,store:08695,Barista,onsite,"699 Gravois Bluffs Blvd., 101, Fenton, Missouri, United States",1,MO,CONUS_L0_003_006;CONUS_L1_012_022,2
2026-10-01,260077311,https://apply.starbucks.com/careers/job/481080890888,"shift supervisor - Store# 08695, HWY 141 & GRAVOIS",SHIFT_SUPERVISOR,08695,HWY 141 & GRAVOIS,"699 Gravois Bluffs Blvd., 101",Fenton,MO,,US,,1789617600,2026-09-17,14,2026-10-01,1789739044,2026-09-18,13,False,38.508102,-90.4425723,481080890888,id:260077311,store:08695,Shift Supervisor,onsite,"699 Gravois Bluffs Blvd., 101, Fenton, Missouri, United States",1,MO,CONUS_L0_003_006;CONUS_L1_012_022,2
2026-10-01,260061733,https://apply.starbucks.com/careers/job/481080416028,"shift supervisor - Store# 07945, KINGS & CHIPPEWA",SHIFT_SUPERVISOR,07945,KINGS & CHIPPEWA,3700 South Kingshighway Blvd,Saint Louis,MO,,US,,1787371200,2026-08-22,40,2026-10-01,1787492410,2026-08-23,39,False,38.59258,-90.27210819999999,481080416028,id:260061733,store:07945,Shift Supervisor,onsite,"3700 South Kingshighway Blvd, Saint Louis, Missouri, United States",1,MO,CONUS_L0_003_006;CONUS_L1_012_022,2
2026-10-01,260061165,https://apply.starbucks.com/careers/job/481080229025,"barista - Store# 24571, ST LOUIS - S GRAND AND SIDNEY",BARISTA,24571,ST LOUIS - S GRAND AND SIDNEY,2350 South Grand Ave,Saint Louis,MO,,US,,1786939200,2026-08-17,45,2026-10-01,1787060559,2026-08-18,44,False,38.60828,-90.24098,481080229025,id:260061165,store:24571,Barista,onsite,"2350 South Grand Ave, Saint Louis, Missouri, United States",1,MO,CONUS_L0_003_006;CONUS_L1_012_022,2
2026-10-01,260078047,https://apply.starbucks.com/careers/job/481080923506,"shift supervisor - Store# 24571, ST LOUIS - S GRAND AND SIDNEY",SHIFT_SUPERVISOR,24571,ST LOUIS - S GRAND AND SIDNEY,2350 South Grand Ave,Saint Louis,MO,,US,,1789790400,2026-09-19,12,2026-10-01,1789911696,2026-09-20,11,False,38.60828,-90.24098,481080923506,id:260078047,store:24571,Shift Supervisor,onsite,"2350 South Grand Ave, Saint Louis, Missouri, United States",1,MO,CONUS_L0_003_006;CONUS_L1_012_022,2
2026-10-01,260059097,https://apply.starbucks.com/careers/job/481079980383,"barista - Store# 83731, WATSON AND LACLEDE",BARISTA,83731,WATSON AND LACLEDE,"7901 Watson Rd, Watson and Laclede",Saint Louis,MO,,US,,1785643200,2026-08-02,60,2026-10-01,1785753004,2026-08-03,59,False,38.5696567,-90.33882059999999,481079980383,id:260059097,store:83731,Barista,onsite,"7901 Watson Rd, Watson and Laclede, Saint Louis, Missouri, United States",1,MO,CONUS_L0_003_006;CONUS_L1_012_022,2
2026-10-01,260058499,https://apply.starbucks.com/careers/job/481079865575,"shift supervisor - Store# 83731, WATSON AND LACLEDE",SHIFT_SUPERVISOR,83731,WATSON AND LACLEDE,"7901 Watson Rd, Watson and Laclede",Saint Louis,MO,,US,,1785038400,2026-07-26,67,2026-10-01,1785159959,2026-07-27,66,False,38.5696567,-90.33882059999999,481079865575,id:260058499,store:83731,Shift Supervisor,onsite,"7901 Watson Rd, Watson and Laclede, Saint Louis, Missouri, United States",1,MO,CONUS_L0_003_006;CONUS_L1_012_022,2
2026-10-01,260064696,https://apply.starbucks.com/careers/job/481080613768,"shift supervisor - Store# 10745, WATSON & OLD SAPPINGTON",SHIFT_SUPERVISOR,10745,WATSON & OLD SAPPINGTON,9590 Watson Road,Saint Louis,MO,,US,,1788062400,2026-08-30,32,2026-10-01,1788184031,2026-08-31,31,False,38.55701,-90.38116,481080613768,id:260064696,store:10745,Shift Supervisor,onsite,"9590 Watson Road, Saint Louis, Missouri, United States",1,MO,CONUS_L0_003_006;CONUS_L1_012_022,2
2026-10-01,260079006,https://apply.starbucks.com/careers/job/481080965147,"barista - Store# 10745, WATSON & OLD SAPPINGTON",BARISTA,10745,WATSON & OLD SAPPINGTON,9590 Watson Road,Saint Louis,MO,,US,,1790049600,2026-09-22,9,2026-10-01,1790171109,2026-09-23,8,False,38.55701,-90.38116,481080965147,id:260079006,store:10745,Barista,onsite,"9590 Watson Road, Saint Louis, Missouri, United States",1,MO,CONUS_L0_003_006;CONUS_L1_012_022,2
2026-10-01,260063481,https://apply.starbucks.com/careers/job/481080566768,"shift supervisor - Store# 10383, CHIPPEWA & LANSDOWNE",SHIFT_SUPERVISOR,10383,CHIPPEWA & LANSDOWNE,6622 Chippewa St.,Saint Louis,MO,,US,,1787803200,2026-08-27,35,2026-10-01,1787924956,2026-08-28,34,False,38.5907251,-90.3050477,481080566768,id:260063481,store:10383,Shift Supervisor,onsite,"6622 Chippewa St., Saint Louis, Missouri, United States",1,MO,CONUS_L0_003_006;CONUS_L1_012_022,2
2026-10-01,260053606,https://apply.starbucks.com/careers/job/481079351721,"barista - Store# 10383, CHIPPEWA & LANSDOWNE",BARISTA,10383,CHIPPEWA & LANSDOWNE,6622 Chippewa St.,Saint Louis,MO,,US,,1783396800,2026-07-07,86,2026-10-01,1783518186,2026-07-08,85,False,38.5907251,-90.3050477,481079351721,id:260053606,store:10383,Barista,onsite,"6622 Chippewa St., Saint Louis, Missouri, United States",1,MO,CONUS_L0_003_006;CONUS_L1_012_022,2
2026-10-01,260053020,https://apply.starbucks.com/careers/job/481079230117,"shift supervisor - Store# 62568, S JEFFERSON AND WALNUT",SHIFT_SUPERVISOR,62568,S JEFFERSON AND WALNUT,"201 South Jefferson Ave, S Jefferson and Walnut",Saint Louis,MO,,US,,1783137600,2026-07-04,89,2026-10-01,1783258800,2026-07-05,88,False,38.6298,-90.21675,481079230117,id:260053020,store:62568,Shift Supervisor,onsite,"201 South Jefferson Ave, S Jefferson and Walnut, Saint Louis, Missouri, United States",1,MO,CONUS_L0_003_006,1
2026-10-01,260053831,https://apply.starbucks.com/careers/job/481079404496,"barista - Store# 62568, S JEFFERSON AND WALNUT",BARISTA,62568,S JEFFERSON AND WALNUT,"201 South Jefferson Ave, S Jefferson and Walnut",Saint Louis,MO,,US,,1783569600,2026-07-09,84,2026-10-01,1783690910,2026-07-10,83,False,38.6298,-90.21675,481079404496,id:260053831,store:62568,Barista,onsite,"201 South Jefferson Ave, S Jefferson and Walnut, Saint Louis, Missouri, United States",1,MO,CONUS_L0_003_006;CONUS_L1_012_022,2
2026-10-01,260059157,https://apply.starbucks.com/careers/job/481079980450,"shift supervisor - Store# 28185, WATSON AND LINDBERGH",SHIFT_SUPERVISOR,28185,WATSON AND LINDBERGH,10779 Watson Rd,Saint Louis,MO,,US,,1785643200,2026-08-02,60,2026-10-01,1785753056,2026-08-03,59,False,38.5554342,-90.4111954,481079980450,id:260059157,store:28185,Shift Supervisor,onsite,"10779 Watson Rd, Saint Louis, Missouri, United States",1,MO,CONUS_L0_003_006;CONUS_L1_012_022,2
2026-10-01,260080493,https://apply.starbucks.com/careers/job/481081091607,"barista - Store# 28185, WATSON AND LINDBERGH",BARISTA,28185,WATSON AND LINDBERGH,10779 Watson Rd,Saint Louis,MO,,US,,1790740800,2026-09-30,1,2026-10-01,1790835989,2026-10-01,0,False,38.5554342,-90.4111954,481081091607,id:260080493,store:28185,Barista,onsite,"10779 Watson Rd, Saint Louis, Missouri, United States",1,MO,CONUS_L0_003_006;CONUS_L1_012_022,2
2026-10-01,260080313,https://apply.starbucks.com/careers/job/481081059192,"barista - Store# 18009, GRAND AVE & FOREST PARK",BARISTA,18009,GRAND AVE & FOREST PARK,212 South Grand Boulevard,Saint Louis,MO,,US,,1790568000,2026-09-28,3,2026-10-01,1790689717,2026-09-29,2,False,38.6326771,-90.23392059999999,481081059192,id:260080313,store:18009,Barista,onsite,"212 South Grand Boulevard, Saint Louis, Missouri, United States",1,MO,CONUS_L0_003_006;CONUS_L1_012_022,2
2026-10-01,260069724,https://apply.starbucks.com/careers/job/481080730612,"shift supervisor - Store# 18009, GRAND AVE & FOREST PARK",SHIFT_SUPERVISOR,18009,GRAND AVE & FOREST PARK,212 South Grand Boulevard,Saint Louis,MO,,US,,1788580800,2026-09-05,26,2026-10-01,1788702328,2026-09-06,25,False,38.6326771,-90.23392059999999,481080730612,id:260069724,store:18009,Shift Supervisor,onsite,"212 South Grand Boulevard, Saint Louis, Missouri, United States",1,MO,CONUS_L0_003_006;CONUS_L1_012_022,2
2026-10-01,260073367,https://apply.starbucks.com/careers/job/481080798397,"shift supervisor - Store# 02405, WEBSTER GROVES",SHIFT_SUPERVISOR,02405,WEBSTER GROVES,"1 South Old Orchard, #1",Saint Louis,MO,,US,,1789012800,2026-09-10,21,2026-10-01,1789135845,2026-09-11,20,False,38.5914795,-90.3387606,481080798397,id:260073367,store:02405,Shift Supervisor,onsite,"1 South Old Orchard, #1, Saint Louis, Missouri, United States",1,MO,CONUS_L0_003_006;CONUS_L1_012_022,2
2026-10-01,260071384,https://apply.starbucks.com/careers/job/481080752055,"barista - Store# 02405, WEBSTER GROVES",BARISTA,02405,WEBSTER GROVES,"1 South Old Orchard, #1",Saint Louis,MO,,US,,1788753600,2026-09-07,24,2026-10-01,1788875021,2026-09-08,23,False,38.5914795,-90.3387606,481080752055,id:260071384,store:02405,Barista,onsite,"1 South Old Orchard, #1, Saint Louis, Missouri, United States",1,MO,CONUS_L0_003_006;CONUS_L1_012_022,2
2026-10-01,260070352,https://apply.starbucks.com/careers/job/481080741338,"shift supervisor - Store# 63259, HAMPTON AND WISE",SHIFT_SUPERVISOR,63259,HAMPTON AND WISE,1216 Hampton Avenue,Saint Louis,MO,,US,,1788667200,2026-09-06,25,2026-10-01,1788788349,2026-09-07,24,False,38.62785,-90.28722,481080741338,id:260070352,store:63259,Shift Supervisor,onsite,"1216 Hampton Avenue, Saint Louis, Missouri, United States",1,MO,CONUS_L0_003_006;CONUS_L1_012_022,2
2026-10-01,260059238,https://apply.starbucks.com/careers/job/481079980551,"barista - Store# 02293, KIRKWOOD PIONEER PLACE",BARISTA,02293,KIRKWOOD PIONEER PLACE,343 S. Kirkwood,Saint Louis,MO,,US,,1785643200,2026-08-02,60,2026-10-01,1785753125,2026-08-03,59,False,38.5772775,-90.4069959,481079980551,id:260059238,store:02293,Barista,onsite,"343 S. Kirkwood, Saint Louis, Missouri, United States",1,MO,CONUS_L0_003_006;CONUS_L1_012_022,2
2026-10-01,260073258,https://apply.starbucks.com/careers/job/481080798133,"shift supervisor - Store# 02293, KIRKWOOD PIONEER PLACE",SHIFT_SUPERVISOR,02293,KIRKWOOD PIONEER PLACE,343 S. Kirkwood,Saint Louis,MO,,US,,1789012800,2026-09-10,21,2026-10-01,1789135750,2026-09-11,20,False,38.5772775,-90.4069959,481080798133,id:260073258,store:02293,Shift Supervisor,onsite,"343 S. Kirkwood, Saint Louis, Missouri, United States",1,MO,CONUS_L0_003_006;CONUS_L1_012_022,2
2026-10-01,260055125,https://apply.starbucks.com/careers/job/481079453591,"shift supervisor - Store# 10563, HWY 141 & I-44",SHIFT_SUPERVISOR,10563,HWY 141 & I-44,"922 South Meramec Station Rd., A",Valley Park,MO,,US,,1783828800,2026-07-12,81,2026-10-01,1783950352,2026-07-13,80,False,38.53653,-90.49653,481079453591,id:260055125,store:10563,Shift Supervisor,onsite,"922 South Meramec Station Rd.,, A, Valley Park, Missouri, United States",1,MO,CONUS_L0_003_006;CONUS_L1_012_022,2
2026-10-01,260069295,https://apply.starbucks.com/careers/job/481080730105,"barista - Store# 10563, HWY 141 & I-44",BARISTA,10563,HWY 141 & I-44,"922 South Meramec Station Rd., A",Valley Park,MO,,US,,1788580800,2026-09-05,26,2026-10-01,1788701989,2026-09-06,25,False,38.53653,-90.49653,481080730105,id:260069295,store:10563,Barista,onsite,"922 South Meramec Station Rd.,, A, Valley Park, Missouri, United States",1,MO,CONUS_L0_003_006;CONUS_L1_012_022,2
2026-10-01,260078083,https://apply.starbucks.com/careers/job/481080923588,"shift supervisor - Store# 02362, CENTRAL WEST END",SHIFT_SUPERVISOR,02362,CENTRAL WEST END,4656 Maryland Avenue,Saint Louis,MO,,US,,1789790400,2026-09-19,12,2026-10-01,1789911726,2026-09-20,11,False,38.644456,-90.2613291,481080923588,id:260078083,store:02362,Shift Supervisor,onsite,"4656 Maryland Avenue, Saint Louis, Missouri, United States",1,MO,CONUS_L0_003_006;CONUS_L1_012_022,2
2026-10-01,260058944,https://apply.starbucks.com/careers/job/481079944420,"barista - Store# 02362, CENTRAL WEST END",BARISTA,02362,CENTRAL WEST END,4656 Maryland Avenue,Saint Louis,MO,,US,,1785297600,2026-07-29,64,2026-10-01,1785418772,2026-07-30,63,False,38.644456,-90.2613291,481079944420,id:260058944,store:02362,Barista,onsite,"4656 Maryland Avenue, Saint Louis, Missouri, United States",1,MO,CONUS_L0_003_006;CONUS_L1_012_022,2
2026-10-01,260079379,https://apply.starbucks.com/careers/job/481080998550,"shift supervisor - Store# 13811, MANCHESTER & MCKNIGHT",SHIFT_SUPERVISOR,13811,MANCHESTER & MCKNIGHT,9616 Manchester Road,Saint Louis,MO,,US,,1790222400,2026-09-24,7,2026-10-01,1790343957,2026-09-25,6,False,38.60863,-90.36744,481080998550,id:260079379,store:13811,Shift Supervisor,onsite,"9616 Manchester Road, Saint Louis, Missouri, United States",1,MO,CONUS_L0_003_006;CONUS_L1_012_022,2
2026-10-01,260069063,https://apply.starbucks.com/careers/job/481080710505,"barista - Store# 13811, MANCHESTER & MCKNIGHT",BARISTA,13811,MANCHESTER & MCKNIGHT,9616 Manchester Road,Saint Louis,MO,,US,,1788408000,2026-09-03,28,2026-10-01,1788530266,2026-09-04,27,False,38.60863,-90.36744,481080710505,id:260069063,store:13811,Barista,onsite,"9616 Manchester Road, Saint Louis, Missouri, United States",1,MO,CONUS_L0_003_006;CONUS_L1_012_022,2
2026-10-01,260063746,https://apply.starbucks.com/careers/job/481080567646,"shift supervisor - Store# 09918, BRENTWOOD & WHITE",SHIFT_SUPERVISOR,09918,BRENTWOOD & WHITE,2300 S Brentwood Blvd,Saint Louis,MO,,US,,1787803200,2026-08-27,35,2026-10-01,1787925168,2026-08-28,34,False,38.6196299,-90.3480744,481080567646,id:260063746,store:09918,Shift Supervisor,onsite,"2300 S Brentwood Blvd, Saint Louis, Missouri, United States",1,MO,CONUS_L0_003_006;CONUS_L1_012_022,2
2026-10-01,260071982,https://apply.starbucks.com/careers/job/481080764953,"barista - Store# 09918, BRENTWOOD & WHITE",BARISTA,09918,BRENTWOOD & WHITE,2300 S Brentwood Blvd,Saint Louis,MO,,US,,1788840000,2026-09-08,23,2026-10-01,1788961563,2026-09-09,22,False,38.6196299,-90.3480744,481080764953,id:260071982,store:09918,Barista,onsite,"2300 S Brentwood Blvd, Saint Louis, Missouri, United States",1,MO,CONUS_L0_003_006;CONUS_L1_012_022,2
2026-10-01,260069385,https://apply.starbucks.com/careers/job/481080730206,"shift supervisor - Store# 53585, HANLEY & DALE",SHIFT_SUPERVISOR,53585,HANLEY & DALE,"8023 Dale Avenue, Hanley and Dale",Saint Louis,MO,,US,,1788580800,2026-09-05,26,2026-10-01,1788702061,2026-09-06,25,False,38.62831,-90.33283,481080730206,id:260069385,store:53585,Shift Supervisor,onsite,"8023 Dale Avenue, Hanley and Dale, Saint Louis, Missouri, United States",1,MO,CONUS_L0_003_006;CONUS_L1_012_022,2
2026-10-01,260073545,https://apply.starbucks.com/careers/job/481080812870,"barista - Store# 53585, HANLEY & DALE",BARISTA,53585,HANLEY & DALE,"8023 Dale Avenue, Hanley and Dale",Saint Louis,MO,,US,,1789185600,2026-09-12,19,2026-10-01,1789307004,2026-09-13,18,False,38.62831,-90.33283,481080812870,id:260073545,store:53585,Barista,onsite,"8023 Dale Avenue, Hanley and Dale, Saint Louis, Missouri, United States",1,MO,CONUS_L0_003_006;CONUS_L1_012_022,2
2026-10-01,260070707,https://apply.starbucks.com/careers/job/481080741844,"shift supervisor - Store# 11187, BIG BEND & DOUGHERTY FERRY",SHIFT_SUPERVISOR,11187,BIG BEND & DOUGHERTY FERRY,2934 Dougherty Ferry Rd,Saint Louis,MO,,US,,1788667200,2026-09-06,25,2026-10-01,1788788630,2026-09-07,24,False,38.56866,-90.47504,481080741844,id:260070707,store:11187,Shift Supervisor,onsite,"2934 Dougherty Ferry Rd, Saint Louis, Missouri, United States",1,MO,CONUS_L0_003_006;CONUS_L1_012_022,2
2026-10-01,260076803,https://apply.starbucks.com/careers/job/481080862717,"barista - Store# 11187, BIG BEND & DOUGHERTY FERRY",BARISTA,11187,BIG BEND & DOUGHERTY FERRY,2934 Dougherty Ferry Rd,Saint Louis,MO,,US,,1789444800,2026-09-15,16,2026-10-01,1789567188,2026-09-16,15,False,38.56866,-90.47504,481080862717,id:260076803,store:11187,Barista,onsite,"2934 Dougherty Ferry Rd, Saint Louis, Missouri, United States",1,MO,CONUS_L0_003_006;CONUS_L1_012_022,2
2026-10-01,260072633,https://apply.starbucks.com/careers/job/481080796049,"shift supervisor - Store# 81373, S LINDBERGH AND BAPTIST CHURCH",SHIFT_SUPERVISOR,81373,S LINDBERGH AND BAPTIST CHURCH,5266 S Lindbergh Blvd.,Saint Louis,MO,,US,,1789012800,2026-09-10,21,2026-10-01,1789135218,2026-09-11,20,False,38.6045438,-90.4061474,481080796049,id:260072633,store:81373,Shift Supervisor,onsite,"5266 S Lindbergh Blvd., Saint Louis, Missouri, United States",1,MO,CONUS_L0_003_006;CONUS_L1_012_022,2
2026-10-01,260072538,https://apply.starbucks.com/careers/job/481080795918,"barista - Store# 81373, S LINDBERGH AND BAPTIST CHURCH",BARISTA,81373,S LINDBERGH AND BAPTIST CHURCH,5266 S Lindbergh Blvd.,Saint Louis,MO,,US,,1789012800,2026-09-10,21,2026-10-01,1789135138,2026-09-11,20,False,38.6045438,-90.4061474,481080795918,id:260072538,store:81373,Barista,onsite,"5266 S Lindbergh Blvd., Saint Louis, Missouri, United States",1,MO,CONUS_L0_003_006;CONUS_L1_012_022,2
2026-10-01,260080082,https://apply.starbucks.com/careers/job/481081029756,"barista - Store# 02311, DELMAR LOOP",BARISTA,02311,DELMAR LOOP,6621 Delmar Blvd,Saint Louis,MO,,US,,1790481600,2026-09-27,4,2026-10-01,1790603467,2026-09-28,3,False,38.6562152,-90.3062362,481081029756,id:260080082,store:02311,Barista,onsite,"6621 Delmar Blvd, Saint Louis, Missouri, United States",1,MO,CONUS_L0_003_006;CONUS_L1_012_022,2
2026-10-01,260053743,https://apply.starbucks.com/careers/job/481079385352,"shift supervisor - Store# 02311, DELMAR LOOP",SHIFT_SUPERVISOR,02311,DELMAR LOOP,6621 Delmar Blvd,Saint Louis,MO,,US,,1783483200,2026-07-08,85,2026-10-01,1783604558,2026-07-09,84,False,38.6562152,-90.3062362,481079385352,id:260053743,store:02311,Shift Supervisor,onsite,"6621 Delmar Blvd, Saint Louis, Missouri, United States",1,MO,CONUS_L0_003_006;CONUS_L1_012_022,2
2026-10-01,260057440,https://apply.starbucks.com/careers/job/481079604813,"barista - Store# 02379, CLAYTON",BARISTA,02379,CLAYTON,2 North Central,Saint Louis,MO,,US,,1784433600,2026-07-19,74,2026-10-01,1784554765,2026-07-20,73,False,38.6503883,-90.3379789,481079604813,id:260057440,store:02379,Barista,onsite,"2 North Central, Saint Louis, Missouri, United States",1,MO,CONUS_L0_003_006;CONUS_L1_012_022,2
2026-10-01,260073120,https://apply.starbucks.com/careers/job/481080797852,"shift supervisor - Store# 02379, CLAYTON",SHIFT_SUPERVISOR,02379,CLAYTON,2 North Central,Saint Louis,MO,,US,,1789012800,2026-09-10,21,2026-10-01,1789135632,2026-09-11,20,False,38.6503883,-90.3379789,481080797852,id:260073120,store:02379,Shift Supervisor,onsite,"2 North Central, Saint Louis, Missouri, United States",1,MO,CONUS_L0_003_006;CONUS_L1_012_022,2
2026-10-01,260064101,https://apply.starbucks.com/careers/job/481080594551,"shift supervisor - Store# 11729, DELMAR & NORTH & SOUTH",SHIFT_SUPERVISOR,11729,DELMAR & NORTH & SOUTH,7640 Delmar,Saint Louis,MO,,US,,1787976000,2026-08-29,33,2026-10-01,1788097427,2026-08-30,32,False,38.65909,-90.33728,481080594551,id:260064101,store:11729,Shift Supervisor,onsite,"7640 Delmar, Saint Louis, Missouri, United States",1,MO,CONUS_L0_003_006;CONUS_L1_012_022,2
2026-10-01,260059203,https://apply.starbucks.com/careers/job/481079980516,"barista - Store# 11729, DELMAR & NORTH & SOUTH",BARISTA,11729,DELMAR & NORTH & SOUTH,7640 Delmar,Saint Louis,MO,,US,,1785643200,2026-08-02,60,2026-10-01,1785753095,2026-08-03,59,False,38.65909,-90.33728,481079980516,id:260059203,store:11729,Barista,onsite,"7640 Delmar, Saint Louis, Missouri, United States",1,MO,CONUS_L0_003_006;CONUS_L1_012_022,2
2026-10-01,260077259,https://apply.starbucks.com/careers/job/481080890815,"barista - Store# 07995, LINDBERGH & CLAYTON",BARISTA,07995,LINDBERGH & CLAYTON,1500 S. Lindbergh Blvd.,Saint Louis,MO,,US,,1789617600,2026-09-17,14,2026-10-01,1789738999,2026-09-18,13,False,38.6324503,-90.40488859999999,481080890815,id:260077259,store:07995,Barista,onsite,"1500 S. Lindbergh Blvd., Saint Louis, Missouri, United States",1,MO,CONUS_L0_003_006;CONUS_L1_012_022,2
2026-10-01,260077571,https://apply.starbucks.com/careers/job/481080891390,"shift supervisor - Store# 07995, LINDBERGH & CLAYTON",SHIFT_SUPERVISOR,07995,LINDBERGH & CLAYTON,1500 S. Lindbergh Blvd.,Saint Louis,MO,,US,,1789617600,2026-09-17,14,2026-10-01,1789739270,2026-09-18,13,False,38.6324503,-90.40488859999999,481080891390,id:260077571,store:07995,Shift Supervisor,onsite,"1500 S. Lindbergh Blvd., Saint Louis, Missouri, United States",1,MO,CONUS_L0_003_006;CONUS_L1_012_022,2
2026-10-01,260073065,https://apply.starbucks.com/careers/job/481080797744,"shift supervisor - Store# 02294, MANCHESTER ROAD",SHIFT_SUPERVISOR,02294,MANCHESTER ROAD,"14128 Manchester, Old Orchard Center",Ballwin,MO,,US,,1789012800,2026-09-10,21,2026-10-01,1789135587,2026-09-11,20,False,38.5942565,-90.4948538,481080797744,id:260073065,store:02294,Shift Supervisor,onsite,"14128 Manchester, Old Orchard Center, Ballwin, Missouri, United States",1,MO,CONUS_L0_003_006;CONUS_L1_012_022,2
2026-10-01,260080515,https://apply.starbucks.com/careers/job/481081091632,"barista - Store# 02294, MANCHESTER ROAD",BARISTA,02294,MANCHESTER ROAD,"14128 Manchester, Old Orchard Center",Ballwin,MO,,US,,1790740800,2026-09-30,1,2026-10-01,1790836011,2026-10-01,0,False,38.5942565,-90.4948538,481081091632,id:260080515,store:02294,Barista,onsite,"14128 Manchester, Old Orchard Center, Ballwin, Missouri, United States",1,MO,CONUS_L0_003_006;CONUS_L1_012_022,2
2026-10-01,260079929,https://apply.starbucks.com/careers/job/481081029413,"barista - Store# 83220, BALLAS AND CLAYTON",BARISTA,83220,BALLAS AND CLAYTON,12151 Clayton Rd,Saint Louis,MO,,US,,1790481600,2026-09-27,4,2026-10-01,1790603315,2026-09-28,3,False,38.6320551,-90.4431151,481081029413,id:260079929,store:83220,Barista,onsite,"12151 Clayton Rd, Saint Louis, Missouri, United States",1,MO,CONUS_L0_003_006;CONUS_L1_012_022,2
2026-10-01,260080043,https://apply.starbucks.com/careers/job/481081029652,"shift supervisor - Store# 83220, BALLAS AND CLAYTON",SHIFT_SUPERVISOR,83220,BALLAS AND CLAYTON,12151 Clayton Rd,Saint Louis,MO,,US,,1790481600,2026-09-27,4,2026-10-01,1790603428,2026-09-28,3,False,38.6320551,-90.4431151,481081029652,id:260080043,store:83220,Shift Supervisor,onsite,"12151 Clayton Rd, Saint Louis, Missouri, United States",1,MO,CONUS_L0_003_006;CONUS_L1_012_022,2
2026-10-01,260070418,https://apply.starbucks.com/careers/job/481080741431,"barista - Store# 70974, OLIVE AND WOODSON RD",BARISTA,70974,OLIVE AND WOODSON RD,"8603 Olive Blvd, Olive and 170",Saint Louis,MO,,US,,1788667200,2026-09-06,25,2026-10-01,1788788402,2026-09-07,24,False,38.6745009,-90.3567782,481080741431,id:260070418,store:70974,Barista,onsite,"8603 Olive Blvd, Olive and 170, Saint Louis, Missouri, United States",1,MO,CONUS_L0_003_006;CONUS_L1_012_022,2
2026-10-01,260064428,https://apply.starbucks.com/careers/job/481080613226,"shift supervisor - Store# 70974, OLIVE AND WOODSON RD",SHIFT_SUPERVISOR,70974,OLIVE AND WOODSON RD,"8603 Olive Blvd, Olive and 170",Saint Louis,MO,,US,,1788062400,2026-08-30,32,2026-10-01,1788183806,2026-08-31,31,False,38.6745009,-90.3567782,481080613226,id:260064428,store:70974,Shift Supervisor,onsite,"8603 Olive Blvd, Olive and 170, Saint Louis, Missouri, United States",1,MO,CONUS_L0_003_006;CONUS_L1_012_022,2
2026-10-01,260062641,https://apply.starbucks.com/careers/job/481080495101,"barista - Store# 02654, MANCHESTER & CLARKSON",BARISTA,02654,MANCHESTER & CLARKSON,"14900 Manchester Rd, Olde Towne Plaza",Ballwin,MO,,US,,1787630400,2026-08-25,37,2026-10-01,1787752381,2026-08-26,36,False,38.5927897,-90.5428525,481080495101,id:260062641,store:02654,Barista,onsite,"14900 Manchester Rd, Olde Towne Plaza, Ballwin, Missouri, United States",1,MO,CONUS_L0_003_006;CONUS_L1_012_022,2
2026-10-01,260064158,https://apply.starbucks.com/careers/job/481080612718,"shift supervisor - Store# 02654, MANCHESTER & CLARKSON",SHIFT_SUPERVISOR,02654,MANCHESTER & CLARKSON,"14900 Manchester Rd, Olde Towne Plaza",Ballwin,MO,,US,,1788062400,2026-08-30,32,2026-10-01,1788183581,2026-08-31,31,False,38.5927897,-90.5428525,481080612718,id:260064158,store:02654,Shift Supervisor,onsite,"14900 Manchester Rd, Olde Towne Plaza, Ballwin, Missouri, United States",1,MO,CONUS_L0_003_006;CONUS_L1_012_022,2
2026-10-01,260072836,https://apply.starbucks.com/careers/job/481080796551,"shift supervisor - Store# 02421, MASON WOODS",SHIFT_SUPERVISOR,02421,MASON WOODS,"13448 Clayton Road, Mason Woods Village",Saint Louis,MO,,US,,1789012800,2026-09-10,21,2026-10-01,1789135394,2026-09-11,20,False,38.62666,-90.48179,481080796551,id:260072836,store:02421,Shift Supervisor,onsite,"13448 Clayton Road, Mason Woods Village, Saint Louis, Missouri, United States",1,MO,CONUS_L0_003_006;CONUS_L1_012_022,2
2026-10-01,260068483,https://apply.starbucks.com/careers/job/481080709806,"barista - Store# 49191, HWY 185 & I-44 Ã¢â¬â SULLIVAN",BARISTA,49191,HWY 185 & I-44 Ã¢â¬â SULLIVAN,797 Eagles Court,Sullivan,MO,,US,,1788408000,2026-09-03,28,2026-10-01,1788529774,2026-09-04,27,False,38.22424,-91.15408,481080709806,id:260068483,store:49191,Barista,onsite,"797 Eagles Court, Sullivan, Missouri, United States",1,MO,CONUS_L0_003_006;CONUS_L1_011_021;CONUS_L1_012_022,3
2026-10-01,260068876,https://apply.starbucks.com/careers/job/481080710261,"shift supervisor - Store# 49191, HWY 185 & I-44 Ã¢â¬â SULLIVAN",SHIFT_SUPERVISOR,49191,HWY 185 & I-44 Ã¢â¬â SULLIVAN,797 Eagles Court,Sullivan,MO,,US,,1788408000,2026-09-03,28,2026-10-01,1788530109,2026-09-04,27,False,38.22424,-91.15408,481080710261,id:260068876,store:49191,Shift Supervisor,onsite,"797 Eagles Court, Sullivan, Missouri, United States",1,MO,CONUS_L0_003_006;CONUS_L1_011_021;CONUS_L1_012_022,3
2026-10-01,260079528,https://apply.starbucks.com/careers/job/481080998898,"shift supervisor - Store# 24258, TOWN AND COUNTRY CROSSING",SHIFT_SUPERVISOR,24258,TOWN AND COUNTRY CROSSING,"1024 Town & Country Crossing Dr, Town and Country, Unit B",Chesterfield,MO,,US,,1790222400,2026-09-24,7,2026-10-01,1790344087,2026-09-25,6,False,38.6219394,-90.5191791,481080998898,id:260079528,store:24258,Shift Supervisor,onsite,"1024 Town & Country Crossing Dr, Town and Country, Unit B, Chesterfield, Missouri, United States",1,MO,CONUS_L0_003_006;CONUS_L1_012_022,2
2026-10-01,260056799,https://apply.starbucks.com/careers/job/481079527794,"barista - Store# 24258, TOWN AND COUNTRY CROSSING",BARISTA,24258,TOWN AND COUNTRY CROSSING,"1024 Town & Country Crossing Dr, Town and Country, Unit B",Chesterfield,MO,,US,,1784088000,2026-07-15,78,2026-10-01,1784209182,2026-07-16,77,False,38.6219394,-90.5191791,481079527794,id:260056799,store:24258,Barista,onsite,"1024 Town & Country Crossing Dr, Town and Country, Unit B, Chesterfield, Missouri, United States",1,MO,CONUS_L0_003_006;CONUS_L1_012_022,2
2026-10-01,260061900,https://apply.starbucks.com/careers/job/481080429725,"shift supervisor - Store# 83732, MANCHESTER RD AND COVERT LANE",SHIFT_SUPERVISOR,83732,MANCHESTER RD AND COVERT LANE,15960 Manchester Road,Ballwin,MO,,US,,1787457600,2026-08-23,39,2026-10-01,1787579237,2026-08-24,38,False,38.59154,-90.59006,481080429725,id:260061900,store:83732,Shift Supervisor,onsite,"15960 Manchester Road, Ballwin, Missouri, United States",1,MO,CONUS_L0_003_006;CONUS_L1_012_022,2
2026-10-01,260076389,https://apply.starbucks.com/careers/job/481080861875,"barista - Store# 83732, MANCHESTER RD AND COVERT LANE",BARISTA,83732,MANCHESTER RD AND COVERT LANE,15960 Manchester Road,Ballwin,MO,,US,,1789444800,2026-09-15,16,2026-10-01,1789566828,2026-09-16,15,False,38.59154,-90.59006,481080861875,id:260076389,store:83732,Barista,onsite,"15960 Manchester Road, Ballwin, Missouri, United States",1,MO,CONUS_L0_003_006;CONUS_L1_012_022,2
2026-10-01,260075278,https://apply.starbucks.com/careers/job/481080821483,"shift supervisor - Store# 02304, OLIVE & CRAIG",SHIFT_SUPERVISOR,02304,OLIVE & CRAIG,11464 Olive Blvd,Saint Louis,MO,,US,,1789272000,2026-09-13,18,2026-10-01,1789394797,2026-09-14,17,False,38.6708408,-90.4351255,481080821483,id:260075278,store:02304,Shift Supervisor,onsite,"11464 Olive Blvd, Saint Louis, Missouri, United States",1,MO,CONUS_L0_003_006;CONUS_L1_012_022,2
2026-10-01,260073135,https://apply.starbucks.com/careers/job/481080797881,"barista - Store# 02304, OLIVE & CRAIG",BARISTA,02304,OLIVE & CRAIG,11464 Olive Blvd,Saint Louis,MO,,US,,1789012800,2026-09-10,21,2026-10-01,1789135645,2026-09-11,20,False,38.6708408,-90.4351255,481080797881,id:260073135,store:02304,Barista,onsite,"11464 Olive Blvd, Saint Louis, Missouri, United States",1,MO,CONUS_L0_003_006;CONUS_L1_012_022,2
2026-10-01,260054045,https://apply.starbucks.com/careers/job/481079404840,"barista - Store# 07994, TAYLOR & MANCHESTER",BARISTA,07994,TAYLOR & MANCHESTER,125 Plaza Drive,Grover,MO,,US,,1783569600,2026-07-09,84,2026-10-01,1783691065,2026-07-10,83,False,38.5820892,-90.6278418,481079404840,id:260054045,store:07994,Barista,onsite,"125 Plaza Drive, Grover, Missouri, United States",1,MO,CONUS_L0_003_006;CONUS_L1_012_022,2
2026-10-01,260077184,https://apply.starbucks.com/careers/job/481080890706,"shift supervisor - Store# 07994, TAYLOR & MANCHESTER",SHIFT_SUPERVISOR,07994,TAYLOR & MANCHESTER,125 Plaza Drive,Grover,MO,,US,,1789617600,2026-09-17,14,2026-10-01,1789738935,2026-09-18,13,False,38.5820892,-90.6278418,481080890706,id:260077184,store:07994,Shift Supervisor,onsite,"125 Plaza Drive, Grover, Missouri, United States",1,MO,CONUS_L0_003_006;CONUS_L1_012_022,2
2026-10-01,260068407,https://apply.starbucks.com/careers/job/481080709842,"barista - Store# 29445, PAGE & BALL",BARISTA,29445,PAGE & BALL,"11538 Page Service Dr, Page & Ball",Saint Louis,MO,,US,,1788408000,2026-09-03,28,2026-10-01,1788529709,2026-09-04,27,False,38.6996,-90.42118,481080709842,id:260068407,store:29445,Barista,onsite,"11538 Page Service Dr, Page & Ball, Saint Louis, Missouri, United States",1,MO,CONUS_L0_003_006;CONUS_L1_012_022,2
2026-10-01,260069020,https://apply.starbucks.com/careers/job/481080710447,"shift supervisor - Store# 29445, PAGE & BALL",SHIFT_SUPERVISOR,29445,PAGE & BALL,"11538 Page Service Dr, Page & Ball",Saint Louis,MO,,US,,1788408000,2026-09-03,28,2026-10-01,1788530230,2026-09-04,27,False,38.6996,-90.42118,481080710447,id:260069020,store:29445,Shift Supervisor,onsite,"11538 Page Service Dr, Page & Ball, Saint Louis, Missouri, United States",1,MO,CONUS_L0_003_006;CONUS_L1_012_022,2
2026-10-01,260074821,https://apply.starbucks.com/careers/job/481080820543,"shift supervisor - Store# 02522, CLARKSON AND BAXTER",SHIFT_SUPERVISOR,02522,CLARKSON AND BAXTER,"1720 Clarkson Rd, Dierbergs Market Place",Chesterfield,MO,,US,,1789272000,2026-09-13,18,2026-10-01,1789394392,2026-09-14,17,False,38.6418081,-90.5660628,481080820543,id:260074821,store:02522,Shift Supervisor,onsite,"1720 Clarkson Rd, Dierbergs Market Place, Chesterfield, Missouri, United States",1,MO,CONUS_L0_003_006;CONUS_L1_012_022,2
2026-10-01,260075196,https://apply.starbucks.com/careers/job/481080821390,"barista - Store# 02522, CLARKSON AND BAXTER",BARISTA,02522,CLARKSON AND BAXTER,"1720 Clarkson Rd, Dierbergs Market Place",Chesterfield,MO,,US,,1789272000,2026-09-13,18,2026-10-01,1789394726,2026-09-14,17,False,38.6418081,-90.5660628,481080821390,id:260075196,store:02522,Barista,onsite,"1720 Clarkson Rd, Dierbergs Market Place, Chesterfield, Missouri, United States",1,MO,CONUS_L0_003_006;CONUS_L1_012_022,2
2026-10-01,260068536,https://apply.starbucks.com/careers/job/481080709749,"shift supervisor - Store# 27777, W FLORISSANT & SOMERSET - FERGUSON",SHIFT_SUPERVISOR,27777,W FLORISSANT & SOMERSET - FERGUSON,"10776 W. Florissant Ave, W Florissant and Somerset",Saint Louis,MO,,US,,1788408000,2026-09-03,28,2026-10-01,1788529820,2026-09-04,27,False,38.76702,-90.27998,481080709749,id:260068536,store:27777,Shift Supervisor,onsite,"10776 W. Florissant Ave, W Florissant and Somerset, Saint Louis, Missouri, United States",1,MO,CONUS_L0_003_006;CONUS_L1_012_022,2
2026-10-01,260068607,https://apply.starbucks.com/careers/job/481080709911,"barista - Store# 27777, W FLORISSANT & SOMERSET - FERGUSON",BARISTA,27777,W FLORISSANT & SOMERSET - FERGUSON,"10776 W. Florissant Ave, W Florissant and Somerset",Saint Louis,MO,,US,,1788408000,2026-09-03,28,2026-10-01,1788529883,2026-09-04,27,False,38.76702,-90.27998,481080709911,id:260068607,store:27777,Barista,onsite,"10776 W. Florissant Ave, W Florissant and Somerset, Saint Louis, Missouri, United States",1,MO,CONUS_L0_003_006;CONUS_L1_012_022,2
2026-10-01,260068262,https://apply.starbucks.com/careers/job/481080709195,"barista - Store# 29096, OLIVE & WOODSMILL - CHESTERFIELD",BARISTA,29096,OLIVE & WOODSMILL - CHESTERFIELD,13506 Olive Blvd,Chesterfield,MO,,US,,1788408000,2026-09-03,28,2026-10-01,1788529583,2026-09-04,27,False,38.67946,-90.49976,481080709195,id:260068262,store:29096,Barista,onsite,"13506 Olive Blvd, Chesterfield, Missouri, United States",1,MO,CONUS_L0_003_006;CONUS_L1_012_022,2
2026-10-01,260068273,https://apply.starbucks.com/careers/job/481080709214,"shift supervisor - Store# 29096, OLIVE & WOODSMILL - CHESTERFIELD",SHIFT_SUPERVISOR,29096,OLIVE & WOODSMILL - CHESTERFIELD,13506 Olive Blvd,Chesterfield,MO,,US,,1788408000,2026-09-03,28,2026-10-01,1788529593,2026-09-04,27,False,38.67946,-90.49976,481080709214,id:260068273,store:29096,Shift Supervisor,onsite,"13506 Olive Blvd, Chesterfield, Missouri, United States",1,MO,CONUS_L0_003_006;CONUS_L1_012_022,2
2026-10-01,260057215,https://apply.starbucks.com/careers/job/481079587578,"barista - Store# 68518, OLIVE AND CHESTERFIELD PKWY",BARISTA,68518,OLIVE AND CHESTERFIELD PKWY,"15548 Olive Blvd, Olive and Chesterfield Pkwy",Chesterfield,MO,,US,,1784347200,2026-07-18,75,2026-10-01,1784468381,2026-07-19,74,False,38.65589,-90.55475,481079587578,id:260057215,store:68518,Barista,onsite,"15548 Olive Blvd, Olive and Chesterfield Pkwy, Chesterfield, Missouri, United States",1,MO,CONUS_L0_003_006;CONUS_L1_012_022,2
2026-10-01,260061829,https://apply.starbucks.com/careers/job/481080429604,"shift supervisor - Store# 68518, OLIVE AND CHESTERFIELD PKWY",SHIFT_SUPERVISOR,68518,OLIVE AND CHESTERFIELD PKWY,"15548 Olive Blvd, Olive and Chesterfield Pkwy",Chesterfield,MO,,US,,1787457600,2026-08-23,39,2026-10-01,1787579173,2026-08-24,38,False,38.65589,-90.55475,481080429604,id:260061829,store:68518,Shift Supervisor,onsite,"15548 Olive Blvd, Olive and Chesterfield Pkwy, Chesterfield, Missouri, United States",1,MO,CONUS_L0_003_006;CONUS_L1_012_022,2
2026-10-01,260068530,https://apply.starbucks.com/careers/job/481080709649,"shift supervisor - Store# 47442, LINDBERGH & ST CHARLES ROCK RD",SHIFT_SUPERVISOR,47442,LINDBERGH & ST CHARLES ROCK RD,995 Northwest Plaza Drive,Saint Ann,MO,,US,,1788408000,2026-09-03,28,2026-10-01,1788529815,2026-09-04,27,False,38.73647,-90.39829,481080709649,id:260068530,store:47442,Shift Supervisor,onsite,"995 Northwest Plaza Drive, Saint Ann, Missouri, United States",1,MO,CONUS_L0_003_006;CONUS_L1_012_022,2
2026-10-01,260068484,https://apply.starbucks.com/careers/job/481080709604,"barista - Store# 47442, LINDBERGH & ST CHARLES ROCK RD",BARISTA,47442,LINDBERGH & ST CHARLES ROCK RD,995 Northwest Plaza Drive,Saint Ann,MO,,US,,1788408000,2026-09-03,28,2026-10-01,1788529775,2026-09-04,27,False,38.73647,-90.39829,481080709604,id:260068484,store:47442,Barista,onsite,"995 Northwest Plaza Drive, Saint Ann, Missouri, United States",1,MO,CONUS_L0_003_006;CONUS_L1_012_022,2
2026-10-01,260065144,https://apply.starbucks.com/careers/job/481080677278,"shift supervisor - Store# 13511, GRAHAM & I 270",SHIFT_SUPERVISOR,13511,GRAHAM & I 270,1261 Graham Rd,Florissant,MO,,US,,1788321600,2026-09-02,29,2026-10-01,1788356824,2026-09-02,29,False,38.77735,-90.33555,481080677278,id:260065144,store:13511,Shift Supervisor,onsite,"1261 Graham Rd, Florissant, Missouri, United States",1,MO,CONUS_L0_003_006;CONUS_L1_012_022,2
2026-10-01,260063552,https://apply.starbucks.com/careers/job/481080567510,"barista - Store# 13511, GRAHAM & I 270",BARISTA,13511,GRAHAM & I 270,1261 Graham Rd,Florissant,MO,,US,,1787803200,2026-08-27,35,2026-10-01,1787925014,2026-08-28,34,False,38.77735,-90.33555,481080567510,id:260063552,store:13511,Barista,onsite,"1261 Graham Rd, Florissant, Missouri, United States",1,MO,CONUS_L0_003_006;CONUS_L1_012_022,2
2026-10-01,260073248,https://apply.starbucks.com/careers/job/481080798130,"shift supervisor - Store# 02475, CHESTERFIELD COMMONS",SHIFT_SUPERVISOR,02475,CHESTERFIELD COMMONS,"17293 Chesterfield Airport Rd, The Plaza at Boone's Crossing",Chesterfield,MO,,US,,1789012800,2026-09-10,21,2026-10-01,1789135742,2026-09-11,20,False,38.66889,-90.5987,481080798130,id:260073248,store:02475,Shift Supervisor,onsite,"17293 Chesterfield Airport Rd, The Plaza at Boone's Crossing, Chesterfield, Missouri, United States",1,MO,CONUS_L0_003_006;CONUS_L1_012_022,2
2026-10-01,260058609,https://apply.starbucks.com/careers/job/481079907018,"barista - Store# 02475, CHESTERFIELD COMMONS",BARISTA,02475,CHESTERFIELD COMMONS,"17293 Chesterfield Airport Rd, The Plaza at Boone's Crossing",Chesterfield,MO,,US,,1785124800,2026-07-27,66,2026-10-01,1785246128,2026-07-28,65,False,38.66889,-90.5987,481079907018,id:260058609,store:02475,Barista,onsite,"17293 Chesterfield Airport Rd, The Plaza at Boone's Crossing, Chesterfield, Missouri, United States",1,MO,CONUS_L0_003_006;CONUS_L1_012_022,2
2026-10-01,260060371,https://apply.starbucks.com/careers/job/481080126008,"barista - Store# 02952, I-270 & LINDBERGH",BARISTA,02952,I-270 & LINDBERGH,7537 N Lindbergh Blvd,Hazelwood,MO,,US,,1786420800,2026-08-11,51,2026-10-01,1786542345,2026-08-12,50,False,38.7856655,-90.3531953,481080126008,id:260060371,store:02952,Barista,onsite,"7537 N Lindbergh Blvd, Hazelwood, Missouri, United States",1,MO,CONUS_L0_003_006;CONUS_L1_012_022,2
2026-10-01,260075182,https://apply.starbucks.com/careers/job/481080821369,"shift supervisor - Store# 02952, I-270 & LINDBERGH",SHIFT_SUPERVISOR,02952,I-270 & LINDBERGH,7537 N Lindbergh Blvd,Hazelwood,MO,,US,,1789272000,2026-09-13,18,2026-10-01,1789394714,2026-09-14,17,False,38.7856655,-90.3531953,481080821369,id:260075182,store:02952,Shift Supervisor,onsite,"7537 N Lindbergh Blvd, Hazelwood, Missouri, United States",1,MO,CONUS_L0_003_006;CONUS_L1_012_022,2
2026-10-01,260069769,https://apply.starbucks.com/careers/job/481080730661,"shift supervisor - Store# 62677, NATURAL BRIDGE & ST CHARLES ROCK RD",SHIFT_SUPERVISOR,62677,NATURAL BRIDGE & ST CHARLES ROCK RD,12419 St. Charles Rock Road,Bridgeton,MO,,US,,1788580800,2026-09-05,26,2026-10-01,1788702363,2026-09-06,25,False,38.75552,-90.43006,481080730661,id:260069769,store:62677,Shift Supervisor,onsite,"12419 St. Charles Rock Road, Bridgeton, Missouri, United States",1,MO,CONUS_L0_003_006;CONUS_L1_012_022,2
2026-10-01,260057191,https://apply.starbucks.com/careers/job/481079587548,"barista - Store# 62677, NATURAL BRIDGE & ST CHARLES ROCK RD",BARISTA,62677,NATURAL BRIDGE & ST CHARLES ROCK RD,12419 St. Charles Rock Road,Bridgeton,MO,,US,,1784347200,2026-07-18,75,2026-10-01,1784468361,2026-07-19,74,False,38.75552,-90.43006,481079587548,id:260057191,store:62677,Barista,onsite,"12419 St. Charles Rock Road, Bridgeton, Missouri, United States",1,MO,CONUS_L0_003_006;CONUS_L1_012_022,2
2026-10-01,260072320,https://apply.starbucks.com/careers/job/481080778529,"shift supervisor - Store# 25746, N LINDBERGH AND NEW HALLS FERRY",SHIFT_SUPERVISOR,25746,N LINDBERGH AND NEW HALLS FERRY,"3025 N Lindbergh, N Lindbergh and New Halls Ferry",Florissant,MO,,US,,1788926400,2026-09-09,22,2026-10-01,1789048102,2026-09-10,21,False,38.80905,-90.29992,481080778529,id:260072320,store:25746,Shift Supervisor,onsite,"3025 N Lindbergh, N Lindbergh and New Halls Ferry, Florissant, Missouri, United States",1,MO,CONUS_L0_003_006;CONUS_L1_012_022,2
2026-10-01,260059912,https://apply.starbucks.com/careers/job/481080079097,"barista - Store# 25746, N LINDBERGH AND NEW HALLS FERRY",BARISTA,25746,N LINDBERGH AND NEW HALLS FERRY,"3025 N Lindbergh, N Lindbergh and New Halls Ferry",Florissant,MO,,US,,1786161600,2026-08-08,54,2026-10-01,1786283203,2026-08-09,53,False,38.80905,-90.29992,481080079097,id:260059912,store:25746,Barista,onsite,"3025 N Lindbergh, N Lindbergh and New Halls Ferry, Florissant, Missouri, United States",1,MO,CONUS_L0_003_006;CONUS_L1_012_022,2
2026-10-01,260079153,https://apply.starbucks.com/careers/job/481080965591,"barista - Store# 09917, 5TH & BOONSLICK",BARISTA,09917,5TH & BOONSLICK,1030 So. 5th Street,Saint Charles,MO,,US,,1790049600,2026-09-22,9,2026-10-01,1790171234,2026-09-23,8,False,38.7738027,-90.4906443,481080965591,id:260079153,store:09917,Barista,onsite,"1030 So. 5th Street, Saint Charles, Missouri, United States",1,MO,CONUS_L0_003_006;CONUS_L1_012_022,2
2026-10-01,260062701,https://apply.starbucks.com/careers/job/481080495139,"shift supervisor - Store# 09917, 5TH & BOONSLICK",SHIFT_SUPERVISOR,09917,5TH & BOONSLICK,1030 So. 5th Street,Saint Charles,MO,,US,,1787630400,2026-08-25,37,2026-10-01,1787752429,2026-08-26,36,False,38.7738027,-90.4906443,481080495139,id:260062701,store:09917,Shift Supervisor,onsite,"1030 So. 5th Street, Saint Charles, Missouri, United States",1,MO,CONUS_L0_003_006;CONUS_L1_012_022,2
2026-10-01,260072316,https://apply.starbucks.com/careers/job/481080778512,"shift supervisor - Store# 68715, 1ST CAPITOL & CLAY",SHIFT_SUPERVISOR,68715,1ST CAPITOL & CLAY,"2205 1st Capitol Drive, Capitol and W Clay",Saint Charles,MO,,US,,1788926400,2026-09-09,22,2026-10-01,1789048098,2026-09-10,21,False,38.78065,-90.50804,481080778512,id:260072316,store:68715,Shift Supervisor,onsite,"2205 1st Capitol Drive, Capitol and W Clay, Saint Charles, Missouri, United States",1,MO,CONUS_L0_003_006;CONUS_L1_012_022,2
2026-10-01,260080783,https://apply.starbucks.com/careers/job/481081098056,"barista - Store# 68715, 1ST CAPITOL & CLAY",BARISTA,68715,1ST CAPITOL & CLAY,"2205 1st Capitol Drive, Capitol and W Clay",Saint Charles,MO,,US,,1790740800,2026-09-30,1,2026-10-01,1790861989,2026-10-01,0,False,38.78065,-90.50804,481081098056,id:260080783,store:68715,Barista,onsite,"2205 1st Capitol Drive, Capitol and W Clay, Saint Charles, Missouri, United States",1,MO,CONUS_L0_003_006;CONUS_L1_012_022,2
2026-10-01,260056508,https://apply.starbucks.com/careers/job/481079498428,"barista - Store# 66505, HWY 100 & RABBIT TRAIL",BARISTA,66505,HWY 100 & RABBIT TRAIL,"1901 Rabbit Trail Dr, Hwy 100 and Rabbit Trail",Washington,MO,,US,,1784001600,2026-07-14,79,2026-10-01,1784123243,2026-07-15,78,False,38.53852,-90.98788,481079498428,id:260056508,store:66505,Barista,onsite,"1901 Rabbit Trail Dr, Hwy 100 and Rabbit Trail, Washington, Missouri, United States",1,MO,CONUS_L0_003_006;CONUS_L1_012_022,2
2026-10-01,260073222,https://apply.starbucks.com/careers/job/481080798032,"shift supervisor - Store# 66505, HWY 100 & RABBIT TRAIL",SHIFT_SUPERVISOR,66505,HWY 100 & RABBIT TRAIL,"1901 Rabbit Trail Dr, Hwy 100 and Rabbit Trail",Washington,MO,,US,,1789012800,2026-09-10,21,2026-10-01,1789135719,2026-09-11,20,False,38.53852,-90.98788,481080798032,id:260073222,store:66505,Shift Supervisor,onsite,"1901 Rabbit Trail Dr, Hwy 100 and Rabbit Trail, Washington, Missouri, United States",1,MO,CONUS_L0_003_006;CONUS_L1_012_022,2
2026-10-01,260057980,https://apply.starbucks.com/careers/job/481079710358,"barista - Store# 81372, ZUMBEHL & 70",BARISTA,81372,ZUMBEHL & 70,1992 Zumbehl Rd,Saint Charles,MO,,US,,1784779200,2026-07-23,70,2026-10-01,1784900732,2026-07-24,69,False,38.7844,-90.53223,481079710358,id:260057980,store:81372,Barista,onsite,"1992 Zumbehl Rd, Saint Charles, Missouri, United States",1,MO,CONUS_L0_003_006;CONUS_L1_012_022,2
2026-10-01,260073313,https://apply.starbucks.com/careers/job/481080798425,"shift supervisor - Store# 81372, ZUMBEHL & 70",SHIFT_SUPERVISOR,81372,ZUMBEHL & 70,1992 Zumbehl Rd,Saint Charles,MO,,US,,1789012800,2026-09-10,21,2026-10-01,1789135798,2026-09-11,20,False,38.7844,-90.53223,481080798425,id:260073313,store:81372,Shift Supervisor,onsite,"1992 Zumbehl Rd, Saint Charles, Missouri, United States",1,MO,CONUS_L0_003_006;CONUS_L1_012_022,2
2026-10-01,260075321,https://apply.starbucks.com/careers/job/481080821527,"shift supervisor - Store# 02731, HWY 94 & MID RIVERS",SHIFT_SUPERVISOR,02731,HWY 94 & MID RIVERS,"6187 Mid Rivers Mall Drive, Diebergs 94 Crossing",Saint Charles,MO,,US,,1789272000,2026-09-13,18,2026-10-01,1789394836,2026-09-14,17,False,38.74257,-90.63493,481080821527,id:260075321,store:02731,Shift Supervisor,onsite,"6187 Mid Rivers Mall Drive, Diebergs 94 Crossing, Saint Charles, Missouri, United States",1,MO,CONUS_L0_003_006;CONUS_L1_012_022,2
2026-10-01,260080618,https://apply.starbucks.com/careers/job/481081091747,"barista - Store# 02731, HWY 94 & MID RIVERS",BARISTA,02731,HWY 94 & MID RIVERS,"6187 Mid Rivers Mall Drive, Diebergs 94 Crossing",Saint Charles,MO,,US,,1790740800,2026-09-30,1,2026-10-01,1790836102,2026-10-01,0,False,38.74257,-90.63493,481081091747,id:260080618,store:02731,Barista,onsite,"6187 Mid Rivers Mall Drive, Diebergs 94 Crossing, Saint Charles, Missouri, United States",1,MO,CONUS_L0_003_006;CONUS_L1_012_022,2
2026-10-01,260066800,https://apply.starbucks.com/careers/job/481080698339,"shift supervisor - Store# 09990, SR-K & WELDON SPRING",SHIFT_SUPERVISOR,09990,SR-K & WELDON SPRING,"4581 Highway K, Laboure Centre",O Fallon,MO,,US,,1788321600,2026-09-02,29,2026-10-01,1788455692,2026-09-03,28,False,38.71916,-90.70212,481080698339,id:260066800,store:09990,Shift Supervisor,onsite,"4581 Highway K, Laboure Centre, O Fallon, Missouri, United States",1,MO,CONUS_L0_003_006;CONUS_L1_012_022,2
2026-10-01,260068445,https://apply.starbucks.com/careers/job/481080709959,"barista - Store# 09990, SR-K & WELDON SPRING",BARISTA,09990,SR-K & WELDON SPRING,"4581 Highway K, Laboure Centre",O Fallon,MO,,US,,1788408000,2026-09-03,28,2026-10-01,1788529741,2026-09-04,27,False,38.71916,-90.70212,481080709959,id:260068445,store:09990,Barista,onsite,"4581 Highway K, Laboure Centre, O Fallon, Missouri, United States",1,MO,CONUS_L0_003_006;CONUS_L1_012_022,2
2026-10-01,260079870,https://apply.starbucks.com/careers/job/481081018970,"barista - Store# 02697, MEXICO & MID RIVERS MALL DRIVE",BARISTA,02697,MEXICO & MID RIVERS MALL DRIVE,7098 Mexico Road,Saint Peters,MO,,US,,1790395200,2026-09-26,5,2026-10-01,1790516568,2026-09-27,4,False,38.7887807,-90.6255427,481081018970,id:260079870,store:02697,Barista,onsite,"7098 Mexico Road, Saint Peters, Missouri, United States",1,MO,CONUS_L0_003_006;CONUS_L1_012_022,2
2026-10-01,260075018,https://apply.starbucks.com/careers/job/481080821007,"shift supervisor - Store# 02697, MEXICO & MID RIVERS MALL DRIVE",SHIFT_SUPERVISOR,02697,MEXICO & MID RIVERS MALL DRIVE,7098 Mexico Road,Saint Peters,MO,,US,,1789272000,2026-09-13,18,2026-10-01,1789394570,2026-09-14,17,False,38.7887807,-90.6255427,481080821007,id:260075018,store:02697,Shift Supervisor,onsite,"7098 Mexico Road, Saint Peters, Missouri, United States",1,MO,CONUS_L0_003_006;CONUS_L1_012_022,2
2026-10-01,260076451,https://apply.starbucks.com/careers/job/481080861918,"barista - Store# 10382, SR-K & LAURA HILL RD",BARISTA,10382,SR-K & LAURA HILL RD,100 Laura K Road,O Fallon,MO,,US,,1789444800,2026-09-15,16,2026-10-01,1789566881,2026-09-16,15,False,38.7808964,-90.6989909,481080861918,id:260076451,store:10382,Barista,onsite,"100 Laura K Road, O Fallon, Missouri, United States",1,MO,CONUS_L0_003_006;CONUS_L1_012_022,2
2026-10-01,260063819,https://apply.starbucks.com/careers/job/481080567890,"shift supervisor - Store# 10382, SR-K & LAURA HILL RD",SHIFT_SUPERVISOR,10382,SR-K & LAURA HILL RD,100 Laura K Road,O Fallon,MO,,US,,1787803200,2026-08-27,35,2026-10-01,1787925227,2026-08-28,34,False,38.7808964,-90.6989909,481080567890,id:260063819,store:10382,Shift Supervisor,onsite,"100 Laura K Road, O Fallon, Missouri, United States",1,MO,CONUS_L0_003_006;CONUS_L1_012_022,2
2026-10-01,260057397,https://apply.starbucks.com/careers/job/481079587822,"barista - Store# 85355, BRYAN & FEISE",BARISTA,85355,BRYAN & FEISE,1561 Bryan Rd,O Fallon,MO,,US,,1784347200,2026-07-18,75,2026-10-01,1784468518,2026-07-19,74,False,38.7779899,-90.7374038,481079587822,id:260057397,store:85355,Barista,onsite,"1561 Bryan Rd, O Fallon, Missouri, United States",1,MO,CONUS_L0_003_006;CONUS_L1_012_022,2
2026-10-01,260072478,https://apply.starbucks.com/careers/job/481080795739,"shift supervisor - Store# 85355, BRYAN & FEISE",SHIFT_SUPERVISOR,85355,BRYAN & FEISE,1561 Bryan Rd,O Fallon,MO,,US,,1789012800,2026-09-10,21,2026-10-01,1789135085,2026-09-11,20,False,38.7779899,-90.7374038,481080795739,id:260072478,store:85355,Shift Supervisor,onsite,"1561 Bryan Rd, O Fallon, Missouri, United States",1,MO,CONUS_L0_003_006;CONUS_L1_012_022,2
2026-10-01,260054299,https://apply.starbucks.com/careers/job/481079405234,"shift supervisor - Store# 11804, SR-N & HAWK RIDGE",SHIFT_SUPERVISOR,11804,SR-N & HAWK RIDGE,6319 Ronald Reagan Drive,Lake Saint Louis,MO,,US,,1783569600,2026-07-09,84,2026-10-01,1783691244,2026-07-10,83,False,38.76831,-90.7843,481079405234,id:260054299,store:11804,Shift Supervisor,onsite,"6319 Ronald Reagan Drive, Lake Saint Louis, Missouri, United States",1,MO,CONUS_L0_003_006;CONUS_L1_012_022,2
2026-10-01,260060227,https://apply.starbucks.com/careers/job/481080108626,"barista - Store# 11804, SR-N & HAWK RIDGE",BARISTA,11804,SR-N & HAWK RIDGE,6319 Ronald Reagan Drive,Lake Saint Louis,MO,,US,,1786334400,2026-08-10,52,2026-10-01,1786455947,2026-08-11,51,False,38.76831,-90.7843,481080108626,id:260060227,store:11804,Barista,onsite,"6319 Ronald Reagan Drive, Lake Saint Louis, Missouri, United States",1,MO,CONUS_L0_003_006;CONUS_L1_012_022,2
2026-10-01,260070638,https://apply.starbucks.com/careers/job/481080741738,"shift supervisor - Store# 62953, BRYAN RD AND VETERANS PKWY",SHIFT_SUPERVISOR,62953,BRYAN RD AND VETERANS PKWY,950 Bryan Rd,O Fallon,MO,,US,,1788667200,2026-09-06,25,2026-10-01,1788788575,2026-09-07,24,False,38.79929,-90.73486,481080741738,id:260070638,store:62953,Shift Supervisor,onsite,"950 Bryan Rd, O Fallon, Missouri, United States",1,MO,CONUS_L0_003_006;CONUS_L1_012_022,2
2026-10-01,260070875,https://apply.starbucks.com/careers/job/481080742034,"barista - Store# 62953, BRYAN RD AND VETERANS PKWY",BARISTA,62953,BRYAN RD AND VETERANS PKWY,950 Bryan Rd,O Fallon,MO,,US,,1788667200,2026-09-06,25,2026-10-01,1788788763,2026-09-07,24,False,38.79929,-90.73486,481080742034,id:260070875,store:62953,Barista,onsite,"950 Bryan Rd, O Fallon, Missouri, United States",1,MO,CONUS_L0_003_006;CONUS_L1_012_022,2
2026-10-01,260066922,https://apply.starbucks.com/careers/job/481080698491,"shift supervisor - Store# 11052, WENTZVILLE & I 70",SHIFT_SUPERVISOR,11052,WENTZVILLE & I 70,1877 Wentzville Pkwy,Wentzville,MO,,US,,1788321600,2026-09-02,29,2026-10-01,1788455808,2026-09-03,28,False,38.8183804,-90.8783696,481080698491,id:260066922,store:11052,Shift Supervisor,onsite,"1877 Wentzville Pkwy, Wentzville, Missouri, United States",1,MO,CONUS_L0_003_006;CONUS_L1_012_022,2
2026-10-01,260058171,https://apply.starbucks.com/careers/job/481079849660,"barista - Store# 11052, WENTZVILLE & I 70",BARISTA,11052,WENTZVILLE & I 70,1877 Wentzville Pkwy,Wentzville,MO,,US,,1784952000,2026-07-25,68,2026-10-01,1785073440,2026-07-26,67,False,38.8183804,-90.8783696,481079849660,id:260058171,store:11052,Barista,onsite,"1877 Wentzville Pkwy, Wentzville, Missouri, United States",1,MO,CONUS_L0_003_006;CONUS_L1_012_022,2
2026-10-01,260054758,https://apply.starbucks.com/careers/job/481079406119,"barista - Store# 66118, MAIN & VOLUNTEER",BARISTA,66118,MAIN & VOLUNTEER,1621 S. Main Street,Maryville,MO,,US,,1783569600,2026-07-09,84,2026-10-01,1783691572,2026-07-10,83,False,40.32928,-94.87347,481079406119,id:260054758,store:66118,Barista,onsite,"1621 S. Main Street, Maryville, Missouri, United States",1,MO,CONUS_L0_004_005;CONUS_L1_013_019,2
2026-10-01,260073725,https://apply.starbucks.com/careers/job/481080813145,"shift supervisor - Store# 66118, MAIN & VOLUNTEER",SHIFT_SUPERVISOR,66118,MAIN & VOLUNTEER,1621 S. Main Street,Maryville,MO,,US,,1789185600,2026-09-12,19,2026-10-01,1789307172,2026-09-13,18,False,40.32928,-94.87347,481080813145,id:260073725,store:66118,Shift Supervisor,onsite,"1621 S. Main Street, Maryville, Missouri, United States",1,MO,CONUS_L0_004_005;CONUS_L1_013_019,2
2026-10-01,260070165,https://apply.starbucks.com/careers/job/481080731172,"barista - Store# 86820, HWY 24 & DONALD DR",BARISTA,86820,HWY 24 & DONALD DR,1328 E Highway 24,Moberly,MO,,US,,1788580800,2026-09-05,27,2026-10-02,1788702676,2026-09-06,26,False,39.445397,-92.418739,481080731172,id:260070165,store:86820,Barista,onsite,"1328 E Highway 24, Moberly, Missouri, United States",1,MO,CONUS_L1_012_021;CONUS_L1_013_020,2
2026-10-01,260070064,https://apply.starbucks.com/careers/job/481080731007,"shift supervisor - Store# 86820, HWY 24 & DONALD DR",SHIFT_SUPERVISOR,86820,HWY 24 & DONALD DR,1328 E Highway 24,Moberly,MO,,US,,1788580800,2026-09-05,27,2026-10-02,1788702596,2026-09-06,26,False,39.445397,-92.418739,481080731007,id:260070064,store:86820,Shift Supervisor,onsite,"1328 E Highway 24, Moberly, Missouri, United States",1,MO,CONUS_L1_012_021;CONUS_L1_013_020,2
2026-10-01,260078168,https://apply.starbucks.com/careers/job/481080923796,"shift supervisor - Store# 85354, N BALTIMORE & SR 6",SHIFT_SUPERVISOR,85354,N BALTIMORE & SR 6,2305 N Baltimore St,Kirksville,MO,,US,,1789790400,2026-09-19,13,2026-10-02,1789911797,2026-09-20,12,False,40.2178894,-92.5838443,481080923796,id:260078168,store:85354,Shift Supervisor,onsite,"2305 N Baltimore St, Kirksville, Missouri, United States",1,MO,CONUS_L1_013_020;CONUS_L1_013_021,2
