snapshot_date,job_id,job_url,job_title_raw,role_bucket,store_number,store_name,street_address,city,state,postal_code,country,posted_text,posted_ts_raw,posted_date,days_since_posted,fetched_date,creation_ts_raw,req_created_date,req_age_days,reposted_requisition,latitude,longitude,position_id,dedup_key,store_key,department,work_location_option,location_raw,n_locations,all_states,search_ids,n_searches
2026-10-01,260076927,https://apply.starbucks.com/careers/job/481080868661,"director, coffeehouse development - Mid Atlantic",NON_RETAIL,,,,,SC,,US,,1790726821,2026-09-29,2,2026-10-01,1789607722,2026-09-16,15,True,33.836081,-81.1637245,481080868661,id:260076927,,Real Estate,onsite,"South Carolina, United States",3,GA;NC;SC,CONUS_L0_002_007;CONUS_L0_002_008;CONUS_L0_003_008;CONUS_L1_007_026;CONUS_L1_008_028;CONUS_L1_009_029;CONUS_L1_010_029,7
2026-10-01,260054989,https://apply.starbucks.com/careers/job/481079436492,"barista - Store# 52767, SHELTER COVE",BARISTA,52767,SHELTER COVE,"24 Shelter Cove Ln, Unit 51",Hilton Head Island,SC,,US,,1783742400,2026-07-11,82,2026-10-01,1783863557,2026-07-12,81,False,32.18218,-80.72265,481079436492,id:260054989,store:52767,Barista,onsite,"24 Shelter Cove Ln, Unit 51, Hilton Head Island, South Carolina, United States",1,SC,CONUS_L0_002_008;CONUS_L1_007_028,2
2026-10-01,260070031,https://apply.starbucks.com/careers/job/481080730982,"shift supervisor - Store# 52767, SHELTER COVE",SHIFT_SUPERVISOR,52767,SHELTER COVE,"24 Shelter Cove Ln, Unit 51",Hilton Head Island,SC,,US,,1788580800,2026-09-05,26,2026-10-01,1788702571,2026-09-06,25,False,32.18218,-80.72265,481080730982,id:260070031,store:52767,Shift Supervisor,onsite,"24 Shelter Cove Ln, Unit 51, Hilton Head Island, South Carolina, United States",1,SC,CONUS_L0_002_008;CONUS_L1_007_028,2
2026-10-01,260059208,https://apply.starbucks.com/careers/job/481079980512,"barista - Store# 65239, 16 POPE AVE",BARISTA,65239,16 POPE AVE,16 Pope Ave,Hilton Head Island,SC,,US,,1785643200,2026-08-02,60,2026-10-01,1785753099,2026-08-03,59,False,32.15165,-80.76013,481079980512,id:260059208,store:65239,Barista,onsite,"16 Pope Ave, Hilton Head Island, South Carolina, United States",1,SC,CONUS_L0_002_008;CONUS_L1_007_027;CONUS_L1_007_028,3
2026-10-01,260054440,https://apply.starbucks.com/careers/job/481079405497,"shift supervisor - Store# 65239, 16 POPE AVE",SHIFT_SUPERVISOR,65239,16 POPE AVE,16 Pope Ave,Hilton Head Island,SC,,US,,1783569600,2026-07-09,84,2026-10-01,1783691345,2026-07-10,83,False,32.15165,-80.76013,481079405497,id:260054440,store:65239,Shift Supervisor,onsite,"16 Pope Ave, Hilton Head Island, South Carolina, United States",1,SC,CONUS_L0_002_008;CONUS_L1_007_027;CONUS_L1_007_028,3
2026-10-01,260070074,https://apply.starbucks.com/careers/job/481080731024,"shift supervisor - Store# 56987, HILTON PARKWAY AT MATTHEWS",SHIFT_SUPERVISOR,56987,HILTON PARKWAY AT MATTHEWS,416 William Hilton Pkwy,Hilton Head Island,SC,,US,,1788580800,2026-09-05,26,2026-10-01,1788702604,2026-09-06,25,False,32.21542,-80.70631,481080731024,id:260070074,store:56987,Shift Supervisor,onsite,"416 William Hilton Pkwy, Hilton Head Island, South Carolina, United States",1,SC,CONUS_L0_002_008;CONUS_L1_007_028,2
2026-10-01,260071932,https://apply.starbucks.com/careers/job/481080764839,"barista - Store# 56987, HILTON PARKWAY AT MATTHEWS",BARISTA,56987,HILTON PARKWAY AT MATTHEWS,416 William Hilton Pkwy,Hilton Head Island,SC,,US,,1788840000,2026-09-08,23,2026-10-01,1788961520,2026-09-09,22,False,32.21542,-80.70631,481080764839,id:260071932,store:56987,Barista,onsite,"416 William Hilton Pkwy, Hilton Head Island, South Carolina, United States",1,SC,CONUS_L0_002_008;CONUS_L1_007_028,2
2026-10-01,260079733,https://apply.starbucks.com/careers/job/481081018776,"barista - Store# 47583, Folly Road at Rivers Point",BARISTA,47583,Folly Road at Rivers Point,864 Folly Rd,Charleston,SC,,US,,1790395200,2026-09-26,5,2026-10-01,1790516447,2026-09-27,4,False,32.73627,-79.96708,481081018776,id:260079733,store:47583,Barista,onsite,"864 Folly Rd, Charleston, South Carolina, United States",1,SC,CONUS_L0_002_008;CONUS_L1_007_028,2
2026-10-01,260070486,https://apply.starbucks.com/careers/job/481080741537,"shift supervisor - Store# 47583, Folly Road at Rivers Point",SHIFT_SUPERVISOR,47583,Folly Road at Rivers Point,864 Folly Rd,Charleston,SC,,US,,1788667200,2026-09-06,25,2026-10-01,1788788456,2026-09-07,24,False,32.73627,-79.96708,481080741537,id:260070486,store:47583,Shift Supervisor,onsite,"864 Folly Rd, Charleston, South Carolina, United States",1,SC,CONUS_L0_002_008;CONUS_L1_007_028,2
2026-10-01,260078017,https://apply.starbucks.com/careers/job/481080923393,"barista - Store# 08405, COLEMAN AND VINCENT",BARISTA,08405,COLEMAN AND VINCENT,730 Coleman Blvd,Mount Pleasant,SC,,US,,1789790400,2026-09-19,12,2026-10-01,1789911671,2026-09-20,11,False,32.7929278,-79.8684248,481080923393,id:260078017,store:08405,Barista,onsite,"730 Coleman Blvd, Mount Pleasant, South Carolina, United States",1,SC,CONUS_L0_002_008;CONUS_L1_007_028,2
2026-10-01,260077902,https://apply.starbucks.com/careers/job/481080922986,"shift supervisor - Store# 08405, COLEMAN AND VINCENT",SHIFT_SUPERVISOR,08405,COLEMAN AND VINCENT,730 Coleman Blvd,Mount Pleasant,SC,,US,,1789790400,2026-09-19,12,2026-10-01,1789911576,2026-09-20,11,False,32.7929278,-79.8684248,481080922986,id:260077902,store:08405,Shift Supervisor,onsite,"730 Coleman Blvd, Mount Pleasant, South Carolina, United States",1,SC,CONUS_L0_002_008;CONUS_L1_007_028,2
2026-10-01,260066421,https://apply.starbucks.com/careers/job/481080679454,"shift supervisor - Store# 14120, MARION SQUARE",SHIFT_SUPERVISOR,14120,MARION SQUARE,387 King St,Charleston,SC,,US,,1788321600,2026-09-02,29,2026-10-01,1788357962,2026-09-02,29,False,32.78589,-79.93649,481080679454,id:260066421,store:14120,Shift Supervisor,onsite,"387 King St, Charleston, South Carolina, United States",1,SC,CONUS_L0_002_008;CONUS_L1_007_028,2
2026-10-01,260062234,https://apply.starbucks.com/careers/job/481080460481,"barista - Store# 08381, HOUSTON NORTHCUTT & HARBOR POINTE",BARISTA,08381,HOUSTON NORTHCUTT & HARBOR POINTE,"953 Houston Northcutt Blvd, Village Pointe Shopping CenterA1",Mount Pleasant,SC,,US,,1787544000,2026-08-24,38,2026-10-01,1787665408,2026-08-25,37,False,32.8002002,-79.8901186,481080460481,id:260062234,store:08381,Barista,onsite,"953 Houston Northcutt Blvd, Village Pointe Shopping CenterA1, Mount Pleasant, South Carolina, United States",1,SC,CONUS_L0_002_008;CONUS_L1_007_028,2
2026-10-01,260062088,https://apply.starbucks.com/careers/job/481080430286,"shift supervisor - Store# 08381, HOUSTON NORTHCUTT & HARBOR POINTE",SHIFT_SUPERVISOR,08381,HOUSTON NORTHCUTT & HARBOR POINTE,"953 Houston Northcutt Blvd, Village Pointe Shopping CenterA1",Mount Pleasant,SC,,US,,1787457600,2026-08-23,39,2026-10-01,1787579398,2026-08-24,38,False,32.8002002,-79.8901186,481080430286,id:260062088,store:08381,Shift Supervisor,onsite,"953 Houston Northcutt Blvd, Village Pointe Shopping CenterA1, Mount Pleasant, South Carolina, United States",1,SC,CONUS_L0_002_008;CONUS_L1_007_028,2
2026-10-01,260064723,https://apply.starbucks.com/careers/job/481080614063,"barista - Store# 28821, 502 UPPER KING STREET - CHARLESTON",BARISTA,28821,502 UPPER KING STREET - CHARLESTON,502 King St,Charleston,SC,,US,,1788062400,2026-08-30,32,2026-10-01,1788184054,2026-08-31,31,False,32.790889,-79.9394367,481080614063,id:260064723,store:28821,Barista,onsite,"502 King St, Charleston, South Carolina, United States",1,SC,CONUS_L0_002_008;CONUS_L1_007_028,2
2026-10-01,260054301,https://apply.starbucks.com/careers/job/481079405237,"shift supervisor - Store# 28821, 502 UPPER KING STREET - CHARLESTON",SHIFT_SUPERVISOR,28821,502 UPPER KING STREET - CHARLESTON,502 King St,Charleston,SC,,US,,1783569600,2026-07-09,84,2026-10-01,1783691245,2026-07-10,83,False,32.790889,-79.9394367,481079405237,id:260054301,store:28821,Shift Supervisor,onsite,"502 King St, Charleston, South Carolina, United States",1,SC,CONUS_L0_002_008;CONUS_L1_007_028,2
2026-10-01,260079407,https://apply.starbucks.com/careers/job/481080998626,"shift supervisor - Store# 82867, HWY 17 & BOWMAN",SHIFT_SUPERVISOR,82867,HWY 17 & BOWMAN,"1204 Hospital Dr, 101",Mount Pleasant,SC,,US,,1790222400,2026-09-24,7,2026-10-01,1790343982,2026-09-25,6,False,32.8140968,-79.8566632,481080998626,id:260079407,store:82867,Shift Supervisor,onsite,"1204 Hospital Dr, 101, Mount Pleasant, South Carolina, United States",1,SC,CONUS_L0_002_008;CONUS_L1_007_028,2
2026-10-01,260061517,https://apply.starbucks.com/careers/job/481080387207,"barista - Store# 82867, HWY 17 & BOWMAN",BARISTA,82867,HWY 17 & BOWMAN,"1204 Hospital Dr, 101",Mount Pleasant,SC,,US,,1787198400,2026-08-20,42,2026-10-01,1787319550,2026-08-21,41,False,32.8140968,-79.8566632,481080387207,id:260061517,store:82867,Barista,onsite,"1204 Hospital Dr, 101, Mount Pleasant, South Carolina, United States",1,SC,CONUS_L0_002_008;CONUS_L1_007_028,2
2026-10-01,260078333,https://apply.starbucks.com/careers/job/481080936178,"shift supervisor - Store# 08409, BLUFFTON",SHIFT_SUPERVISOR,08409,BLUFFTON,1060 Fording Island Rd,Bluffton,SC,,US,,1789876800,2026-09-20,11,2026-10-01,1789998183,2026-09-21,10,False,32.2544307,-80.8484891,481080936178,id:260078333,store:08409,Shift Supervisor,onsite,"1060 Fording Island Rd, Bluffton, South Carolina, United States",1,SC,CONUS_L0_002_008;CONUS_L1_007_027;CONUS_L1_007_028,3
2026-10-01,260056291,https://apply.starbucks.com/careers/job/481079498023,"barista - Store# 08409, BLUFFTON",BARISTA,08409,BLUFFTON,1060 Fording Island Rd,Bluffton,SC,,US,,1784001600,2026-07-14,79,2026-10-01,1784123084,2026-07-15,78,False,32.2544307,-80.8484891,481079498023,id:260056291,store:08409,Barista,onsite,"1060 Fording Island Rd, Bluffton, South Carolina, United States",1,SC,CONUS_L0_002_008;CONUS_L1_007_027;CONUS_L1_007_028,3
2026-10-01,260075658,https://apply.starbucks.com/careers/job/481080840364,"barista - Store# 21264, 1117 SAVANNAH HWY- CHARLESTON",BARISTA,21264,1117 SAVANNAH HWY- CHARLESTON,1117 Savannah HWY,Charleston,SC,,US,,1789358400,2026-09-14,17,2026-10-01,1789479929,2026-09-15,16,False,32.78329,-79.99543,481080840364,id:260075658,store:21264,Barista,onsite,"1117 Savannah HWY, Charleston, South Carolina, United States",1,SC,CONUS_L0_002_008;CONUS_L1_007_028,2
2026-10-01,260064198,https://apply.starbucks.com/careers/job/481080612798,"shift supervisor - Store# 21264, 1117 SAVANNAH HWY- CHARLESTON",SHIFT_SUPERVISOR,21264,1117 SAVANNAH HWY- CHARLESTON,1117 Savannah HWY,Charleston,SC,,US,,1788062400,2026-08-30,32,2026-10-01,1788183614,2026-08-31,31,False,32.78329,-79.99543,481080612798,id:260064198,store:21264,Shift Supervisor,onsite,"1117 Savannah HWY, Charleston, South Carolina, United States",1,SC,CONUS_L0_002_008;CONUS_L1_007_028,2
2026-10-01,260063698,https://apply.starbucks.com/careers/job/481080567543,"shift supervisor - Store# 08995, US 17 & JAMES NELSON",SHIFT_SUPERVISOR,08995,US 17 & JAMES NELSON,1824 Hwy 17 North,Mount Pleasant,SC,,US,,1787803200,2026-08-27,35,2026-10-01,1787925130,2026-08-28,34,False,32.8297583,-79.8343271,481080567543,id:260063698,store:08995,Shift Supervisor,onsite,"1824 Hwy 17 North, Mount Pleasant, South Carolina, United States",1,SC,CONUS_L0_002_008;CONUS_L1_007_028,2
2026-10-01,260063245,https://apply.starbucks.com/careers/job/481080565781,"barista - Store# 08995, US 17 & JAMES NELSON",BARISTA,08995,US 17 & JAMES NELSON,1824 Hwy 17 North,Mount Pleasant,SC,,US,,1787803200,2026-08-27,35,2026-10-01,1787924768,2026-08-28,34,False,32.8297583,-79.8343271,481080565781,id:260063245,store:08995,Barista,onsite,"1824 Hwy 17 North, Mount Pleasant, South Carolina, United States",1,SC,CONUS_L0_002_008;CONUS_L1_007_028,2
2026-10-01,260060211,https://apply.starbucks.com/careers/job/481080108606,"barista - Store# 22991, BOUNDARY ST & MARSH RD - BEAUFORT",BARISTA,22991,BOUNDARY ST & MARSH RD - BEAUFORT,2007 Boundary St,Beaufort,SC,,US,,1786334400,2026-08-10,52,2026-10-01,1786455923,2026-08-11,51,False,32.4406847,-80.68709489999999,481080108606,id:260060211,store:22991,Barista,onsite,"2007 Boundary St, Beaufort, South Carolina, United States",1,SC,CONUS_L0_002_008;CONUS_L1_007_027;CONUS_L1_007_028,3
2026-10-01,260065710,https://apply.starbucks.com/careers/job/481080678158,"shift supervisor - Store# 22991, BOUNDARY ST & MARSH RD - BEAUFORT",SHIFT_SUPERVISOR,22991,BOUNDARY ST & MARSH RD - BEAUFORT,2007 Boundary St,Beaufort,SC,,US,,1788321600,2026-09-02,29,2026-10-01,1788357327,2026-09-02,29,False,32.4406847,-80.68709489999999,481080678158,id:260065710,store:22991,Shift Supervisor,onsite,"2007 Boundary St, Beaufort, South Carolina, United States",1,SC,CONUS_L0_002_008;CONUS_L1_007_027;CONUS_L1_007_028,3
2026-10-01,260079041,https://apply.starbucks.com/careers/job/481080965234,"barista - Store# 08408, BELLE HALL",BARISTA,08408,BELLE HALL,"636-A Long Point Road, Belle Hall Shopping Center",Mount Pleasant,SC,,US,,1790049600,2026-09-22,9,2026-10-01,1790171139,2026-09-23,8,False,32.84089,-79.85652,481080965234,id:260079041,store:08408,Barista,onsite,"636-A Long Point Road, Belle Hall Shopping Center, Mount Pleasant, South Carolina, United States",1,SC,CONUS_L0_002_008;CONUS_L1_007_028,2
2026-10-01,260077510,https://apply.starbucks.com/careers/job/481080891294,"shift supervisor - Store# 08408, BELLE HALL",SHIFT_SUPERVISOR,08408,BELLE HALL,"636-A Long Point Road, Belle Hall Shopping Center",Mount Pleasant,SC,,US,,1789617600,2026-09-17,14,2026-10-01,1789739218,2026-09-18,13,False,32.84089,-79.85652,481080891294,id:260077510,store:08408,Shift Supervisor,onsite,"636-A Long Point Road, Belle Hall Shopping Center, Mount Pleasant, South Carolina, United States",1,SC,CONUS_L0_002_008;CONUS_L1_007_028,2
2026-10-01,260066724,https://apply.starbucks.com/careers/job/481080698250,"shift supervisor - Store# 23357, MARKET AT OAKLAND - MT PLEASANT",SHIFT_SUPERVISOR,23357,MARKET AT OAKLAND - MT PLEASANT,3051 Ironclad Alley,Mount Pleasant,SC,,US,,1788321600,2026-09-02,29,2026-10-01,1788455622,2026-09-03,28,False,32.86373,-79.78624,481080698250,id:260066724,store:23357,Shift Supervisor,onsite,"3051 Ironclad Alley, Mount Pleasant, South Carolina, United States",1,SC,CONUS_L0_002_008;CONUS_L1_007_028,2
2026-10-01,260068510,https://apply.starbucks.com/careers/job/481080709838,"barista - Store# 23357, MARKET AT OAKLAND - MT PLEASANT",BARISTA,23357,MARKET AT OAKLAND - MT PLEASANT,3051 Ironclad Alley,Mount Pleasant,SC,,US,,1788408000,2026-09-03,28,2026-10-01,1788529797,2026-09-04,27,False,32.86373,-79.78624,481080709838,id:260068510,store:23357,Barista,onsite,"3051 Ironclad Alley, Mount Pleasant, South Carolina, United States",1,SC,CONUS_L0_002_008;CONUS_L1_007_028,2
2026-10-01,260070912,https://apply.starbucks.com/careers/job/481080742029,"barista - Store# 24404, SAM RITTENBERG AND OLD TOWNE - CHARLESTO",BARISTA,24404,SAM RITTENBERG AND OLD TOWNE - CHARLESTO,1313 Sam Rittenberg Blvd,Charleston,SC,,US,,1788667200,2026-09-06,25,2026-10-01,1788788793,2026-09-07,24,False,32.8145326,-79.9966523,481080742029,id:260070912,store:24404,Barista,onsite,"1313 Sam Rittenberg Blvd, Charleston, South Carolina, United States",1,SC,CONUS_L0_002_008;CONUS_L1_007_028,2
2026-10-01,260062739,https://apply.starbucks.com/careers/job/481080494987,"shift supervisor - Store# 24404, SAM RITTENBERG AND OLD TOWNE - CHARLESTO",SHIFT_SUPERVISOR,24404,SAM RITTENBERG AND OLD TOWNE - CHARLESTO,1313 Sam Rittenberg Blvd,Charleston,SC,,US,,1787630400,2026-08-25,37,2026-10-01,1787752459,2026-08-26,36,False,32.8145326,-79.9966523,481080494987,id:260062739,store:24404,Shift Supervisor,onsite,"1313 Sam Rittenberg Blvd, Charleston, South Carolina, United States",1,SC,CONUS_L0_002_008;CONUS_L1_007_028,2
2026-10-01,260059512,https://apply.starbucks.com/careers/job/481080000902,"barista - Store# 78663, BUCKWALTER PKWY & BLUFFTON PKWY",BARISTA,78663,BUCKWALTER PKWY & BLUFFTON PKWY,379 Bleecker St S,Bluffton,SC,,US,,1785729600,2026-08-03,59,2026-10-01,1785851162,2026-08-04,58,False,32.2779486,-80.9142092,481080000902,id:260059512,store:78663,Barista,onsite,"379 Bleecker St S, Bluffton, South Carolina, United States",1,SC,CONUS_L0_002_008;CONUS_L1_007_027;CONUS_L1_007_028,3
2026-10-01,260073619,https://apply.starbucks.com/careers/job/481080812982,"shift supervisor - Store# 78663, BUCKWALTER PKWY & BLUFFTON PKWY",SHIFT_SUPERVISOR,78663,BUCKWALTER PKWY & BLUFFTON PKWY,379 Bleecker St S,Bluffton,SC,,US,,1789185600,2026-09-12,19,2026-10-01,1789307074,2026-09-13,18,False,32.2779486,-80.9142092,481080812982,id:260073619,store:78663,Shift Supervisor,onsite,"379 Bleecker St S, Bluffton, South Carolina, United States",1,SC,CONUS_L0_002_008;CONUS_L1_007_027;CONUS_L1_007_028,3
2026-10-01,260069925,https://apply.starbucks.com/careers/job/481080730835,"barista - Store# 49370, Daniel Island- Fairchild St",BARISTA,49370,Daniel Island- Fairchild St,"20 Fairchild Street, Suite 101",Charleston,SC,,US,,1788580800,2026-09-05,26,2026-10-01,1788702486,2026-09-06,25,False,32.86495,-79.90562,481080730835,id:260069925,store:49370,Barista,onsite,"20 Fairchild Street, Suite 101, Charleston, South Carolina, United States",1,SC,CONUS_L0_002_008;CONUS_L1_007_028,2
2026-10-01,260073716,https://apply.starbucks.com/careers/job/481080813148,"shift supervisor - Store# 49370, Daniel Island- Fairchild St",SHIFT_SUPERVISOR,49370,Daniel Island- Fairchild St,"20 Fairchild Street, Suite 101",Charleston,SC,,US,,1789185600,2026-09-12,19,2026-10-01,1789307164,2026-09-13,18,False,32.86495,-79.90562,481080813148,id:260073716,store:49370,Shift Supervisor,onsite,"20 Fairchild Street, Suite 101, Charleston, South Carolina, United States",1,SC,CONUS_L0_002_008;CONUS_L1_007_028,2
2026-10-01,260055906,https://apply.starbucks.com/careers/job/481079473241,"barista - Store# 61566, BEES FERRY RD & GRAND OAKS BLVD",BARISTA,61566,BEES FERRY RD & GRAND OAKS BLVD,"41 Grand Oaks Blvd, Unit D",Charleston,SC,,US,,1783915200,2026-07-13,80,2026-10-01,1784037122,2026-07-14,79,False,32.82484910000001,-80.08609899999999,481079473241,id:260055906,store:61566,Barista,onsite,"41 Grand Oaks Blvd, Unit D, Charleston, South Carolina, United States",1,SC,CONUS_L0_002_008;CONUS_L1_007_028,2
2026-10-01,260074627,https://apply.starbucks.com/careers/job/481080820296,"shift supervisor - Store# 61566, BEES FERRY RD & GRAND OAKS BLVD",SHIFT_SUPERVISOR,61566,BEES FERRY RD & GRAND OAKS BLVD,"41 Grand Oaks Blvd, Unit D",Charleston,SC,,US,,1789272000,2026-09-13,18,2026-10-01,1789394222,2026-09-14,17,False,32.82484910000001,-80.08609899999999,481080820296,id:260074627,store:61566,Shift Supervisor,onsite,"41 Grand Oaks Blvd, Unit D, Charleston, South Carolina, United States",1,SC,CONUS_L0_002_008;CONUS_L1_007_028,2
2026-10-01,260069641,https://apply.starbucks.com/careers/job/481080730520,"barista - Store# 56881, HWY 41 AND WOOD PARK DR",BARISTA,56881,HWY 41 AND WOOD PARK DR,"2118 Hwy 41, Suite 101",Mount Pleasant,SC,,US,,1788580800,2026-09-05,26,2026-10-01,1788702262,2026-09-06,25,False,32.90677,-79.82438,481080730520,id:260069641,store:56881,Barista,onsite,"2118 Hwy 41, Suite 101, Mount Pleasant, South Carolina, United States",1,SC,CONUS_L0_002_008;CONUS_L1_007_028,2
2026-10-01,260069297,https://apply.starbucks.com/careers/job/481080730090,"shift supervisor - Store# 56881, HWY 41 AND WOOD PARK DR",SHIFT_SUPERVISOR,56881,HWY 41 AND WOOD PARK DR,"2118 Hwy 41, Suite 101",Mount Pleasant,SC,,US,,1788580800,2026-09-05,26,2026-10-01,1788701991,2026-09-06,25,False,32.90677,-79.82438,481080730090,id:260069297,store:56881,Shift Supervisor,onsite,"2118 Hwy 41, Suite 101, Mount Pleasant, South Carolina, United States",1,SC,CONUS_L0_002_008;CONUS_L1_007_028,2
2026-10-01,260070383,https://apply.starbucks.com/careers/job/481080741378,"shift supervisor - Store# 63405, MayRiver Crossing",SHIFT_SUPERVISOR,63405,MayRiver Crossing,2400 May River Crossing,Bluffton,SC,,US,,1788667200,2026-09-06,25,2026-10-01,1788788374,2026-09-07,24,False,32.24355,-80.97993,481080741378,id:260070383,store:63405,Shift Supervisor,onsite,"2400 May River Crossing, Bluffton, South Carolina, United States",1,SC,CONUS_L0_002_008;CONUS_L1_007_027;CONUS_L1_007_028,3
2026-10-01,260079473,https://apply.starbucks.com/careers/job/481080998809,"barista - Store# 63405, MayRiver Crossing",BARISTA,63405,MayRiver Crossing,2400 May River Crossing,Bluffton,SC,,US,,1790222400,2026-09-24,7,2026-10-01,1790344040,2026-09-25,6,False,32.24355,-80.97993,481080998809,id:260079473,store:63405,Barista,onsite,"2400 May River Crossing, Bluffton, South Carolina, United States",1,SC,CONUS_L0_002_008;CONUS_L1_007_027;CONUS_L1_007_028,3
2026-10-01,260072349,https://apply.starbucks.com/careers/job/481080778555,"barista - Store# 11202, INT'L BLVD & BENTONVILLE PKWY",BARISTA,11202,INT'L BLVD & BENTONVILLE PKWY,"5060 International Blvd, Ste 101/102",North Charleston,SC,,US,,1788926400,2026-09-09,22,2026-10-01,1789048128,2026-09-10,21,False,32.8674078,-80.0169207,481080778555,id:260072349,store:11202,Barista,onsite,"5060 International Blvd, Ste 101/102, North Charleston, South Carolina, United States",1,SC,CONUS_L0_002_008;CONUS_L1_007_028,2
2026-10-01,260069628,https://apply.starbucks.com/careers/job/481080730509,"shift supervisor - Store# 11202, INT'L BLVD & BENTONVILLE PKWY",SHIFT_SUPERVISOR,11202,INT'L BLVD & BENTONVILLE PKWY,"5060 International Blvd, Ste 101/102",North Charleston,SC,,US,,1788580800,2026-09-05,26,2026-10-01,1788702252,2026-09-06,25,False,32.8674078,-80.0169207,481080730509,id:260069628,store:11202,Shift Supervisor,onsite,"5060 International Blvd, Ste 101/102, North Charleston, South Carolina, United States",1,SC,CONUS_L0_002_008;CONUS_L1_007_028,2
2026-10-01,260069943,https://apply.starbucks.com/careers/job/481080730879,"shift supervisor - Store# 58528, Hwy 278 Okatie-Sun City",SHIFT_SUPERVISOR,58528,Hwy 278 Okatie-Sun City,143 Okatie Center Blvd N,Okatie,SC,,US,,1788580800,2026-09-05,26,2026-10-01,1788702501,2026-09-06,25,False,32.2986,-80.94278,481080730879,id:260069943,store:58528,Shift Supervisor,onsite,"143 Okatie Center Blvd N, Okatie, South Carolina, United States",1,SC,CONUS_L0_002_008;CONUS_L1_007_027;CONUS_L1_007_028,3
2026-10-01,260061972,https://apply.starbucks.com/careers/job/481080429829,"shift supervisor - Store# 19636, TANGER OUTLET AT CHARLESTON",SHIFT_SUPERVISOR,19636,TANGER OUTLET AT CHARLESTON,"4840 Tanger Outlet Blvd, 902",North Charleston,SC,,US,,1787457600,2026-08-23,39,2026-10-01,1787579299,2026-08-24,38,False,32.8733733,-80.0184494,481080429829,id:260061972,store:19636,Shift Supervisor,onsite,"4840 Tanger Outlet Blvd, 902, North Charleston, South Carolina, United States",1,SC,CONUS_L0_002_008;CONUS_L1_007_028,2
2026-10-01,260061790,https://apply.starbucks.com/careers/job/481080429553,"barista - Store# 19636, TANGER OUTLET AT CHARLESTON",BARISTA,19636,TANGER OUTLET AT CHARLESTON,"4840 Tanger Outlet Blvd, 902",North Charleston,SC,,US,,1787457600,2026-08-23,39,2026-10-01,1787579138,2026-08-24,38,False,32.8733733,-80.0184494,481080429553,id:260061790,store:19636,Barista,onsite,"4840 Tanger Outlet Blvd, 902, North Charleston, South Carolina, United States",1,SC,CONUS_L0_002_008;CONUS_L1_007_028,2
2026-10-01,260063661,https://apply.starbucks.com/careers/job/481080567097,"shift supervisor - Store# 13476, N RIVER & ASHLEY PHOSPHATE",SHIFT_SUPERVISOR,13476,N RIVER & ASHLEY PHOSPHATE,"7381 Rivers Avenue, Suite 101",Charleston,SC,,US,,1787803200,2026-08-27,35,2026-10-01,1787925101,2026-08-28,34,False,32.93636,-80.03999,481080567097,id:260063661,store:13476,Shift Supervisor,onsite,"7381 Rivers Avenue, Suite 101, Charleston, South Carolina, United States",1,SC,CONUS_L0_002_008;CONUS_L1_007_028,2
2026-10-01,260057597,https://apply.starbucks.com/careers/job/481079627238,"barista - Store# 13476, N RIVER & ASHLEY PHOSPHATE",BARISTA,13476,N RIVER & ASHLEY PHOSPHATE,"7381 Rivers Avenue, Suite 101",Charleston,SC,,US,,1784520000,2026-07-20,73,2026-10-01,1784642447,2026-07-21,72,False,32.93636,-80.03999,481079627238,id:260057597,store:13476,Barista,onsite,"7381 Rivers Avenue, Suite 101, Charleston, South Carolina, United States",1,SC,CONUS_L0_002_008;CONUS_L1_007_028,2
2026-10-01,260059675,https://apply.starbucks.com/careers/job/481080029925,"barista - Store# 71341, DORCHESTER RD & NETHERBY LANE",BARISTA,71341,DORCHESTER RD & NETHERBY LANE,8611 Dorchester Rd,North Charleston,SC,,US,,1785902400,2026-08-05,57,2026-10-01,1785980414,2026-08-05,57,False,32.9197963,-80.1171598,481080029925,id:260059675,store:71341,Barista,onsite,"8611 Dorchester Rd, North Charleston, South Carolina, United States",1,SC,CONUS_L0_002_008;CONUS_L1_007_028,2
2026-10-01,260059676,https://apply.starbucks.com/careers/job/481080029924,"shift supervisor - Store# 71341, DORCHESTER RD & NETHERBY LANE",SHIFT_SUPERVISOR,71341,DORCHESTER RD & NETHERBY LANE,8611 Dorchester Rd,North Charleston,SC,,US,,1785902400,2026-08-05,57,2026-10-01,1785980415,2026-08-05,57,False,32.9197963,-80.1171598,481080029924,id:260059676,store:71341,Shift Supervisor,onsite,"8611 Dorchester Rd, North Charleston, South Carolina, United States",1,SC,CONUS_L0_002_008;CONUS_L1_007_028,2
2026-10-01,260070849,https://apply.starbucks.com/careers/job/481080742161,"shift supervisor - Store# 67191, I-95 AND HWY 278",SHIFT_SUPERVISOR,67191,I-95 AND HWY 278,131 Brooks Willis Drive,Hardeeville,SC,,US,,1788667200,2026-09-06,25,2026-10-01,1788788742,2026-09-07,24,False,32.31309,-81.05658,481080742161,id:260070849,store:67191,Shift Supervisor,onsite,"131 Brooks Willis Drive, Hardeeville, South Carolina, United States",1,SC,CONUS_L0_002_008;CONUS_L1_007_027;CONUS_L1_007_028,3
2026-10-01,260071585,https://apply.starbucks.com/careers/job/481080764354,"barista - Store# 67191, I-95 AND HWY 278",BARISTA,67191,I-95 AND HWY 278,131 Brooks Willis Drive,Hardeeville,SC,,US,,1788840000,2026-09-08,23,2026-10-01,1788961244,2026-09-09,22,False,32.31309,-81.05658,481080764354,id:260071585,store:67191,Barista,onsite,"131 Brooks Willis Drive, Hardeeville, South Carolina, United States",1,SC,CONUS_L0_002_008;CONUS_L1_007_027;CONUS_L1_007_028,3
2026-10-01,260074314,https://apply.starbucks.com/careers/job/481080814168,"barista - Store# 19906, Dorchester & Wescott",BARISTA,19906,Dorchester & Wescott,"9514 Dorchester Road, The Corner at Wescott, Suite 100",Summerville,SC,,US,,1789185600,2026-09-12,19,2026-10-01,1789307721,2026-09-13,18,False,32.9358378,-80.1404139,481080814168,id:260074314,store:19906,Barista,onsite,"9514 Dorchester Road, The Corner at Wescott, Suite 100, Summerville, South Carolina, United States",1,SC,CONUS_L0_002_008;CONUS_L1_007_028,2
2026-10-01,260067445,https://apply.starbucks.com/careers/job/481080699206,"shift supervisor - Store# 19906, Dorchester & Wescott",SHIFT_SUPERVISOR,19906,Dorchester & Wescott,"9514 Dorchester Road, The Corner at Wescott, Suite 100",Summerville,SC,,US,,1788321600,2026-09-02,29,2026-10-01,1788456307,2026-09-03,28,False,32.9358378,-80.1404139,481080699206,id:260067445,store:19906,Shift Supervisor,onsite,"9514 Dorchester Road, The Corner at Wescott, Suite 100, Summerville, South Carolina, United States",1,SC,CONUS_L0_002_008;CONUS_L1_007_028,2
2026-10-01,260079352,https://apply.starbucks.com/careers/job/481080998526,"shift supervisor - Store# 22093, UNIVERSITY BLVD SOUTHERN U",SHIFT_SUPERVISOR,22093,UNIVERSITY BLVD SOUTHERN U,8966 University Blvd,Charleston,SC,,US,,1790222400,2026-09-24,7,2026-10-01,1790343932,2026-09-25,6,False,32.97553,-80.06127,481080998526,id:260079352,store:22093,Shift Supervisor,onsite,"8966 University Blvd, Charleston, South Carolina, United States",1,SC,CONUS_L0_002_008;CONUS_L1_007_028,2
2026-10-01,260080609,https://apply.starbucks.com/careers/job/481081091741,"barista - Store# 22093, UNIVERSITY BLVD SOUTHERN U",BARISTA,22093,UNIVERSITY BLVD SOUTHERN U,8966 University Blvd,Charleston,SC,,US,,1790740800,2026-09-30,1,2026-10-01,1790836094,2026-10-01,0,False,32.97553,-80.06127,481081091741,id:260080609,store:22093,Barista,onsite,"8966 University Blvd, Charleston, South Carolina, United States",1,SC,CONUS_L0_002_008;CONUS_L1_007_028,2
2026-10-01,260068508,https://apply.starbucks.com/careers/job/481080709858,"shift supervisor - Store# 50495, ST JAMES & CENTRAL AVE",SHIFT_SUPERVISOR,50495,ST JAMES & CENTRAL AVE,210 Saint James Ave,Goose Creek,SC,,US,,1788408000,2026-09-03,28,2026-10-01,1788529795,2026-09-04,27,False,33.00747,-80.04497,481080709858,id:260068508,store:50495,Shift Supervisor,onsite,"210 Saint James Ave, Goose Creek, South Carolina, United States",1,SC,CONUS_L0_002_008;CONUS_L1_007_028,2
2026-10-01,260068861,https://apply.starbucks.com/careers/job/481080710202,"barista - Store# 50495, ST JAMES & CENTRAL AVE",BARISTA,50495,ST JAMES & CENTRAL AVE,210 Saint James Ave,Goose Creek,SC,,US,,1788408000,2026-09-03,28,2026-10-01,1788530097,2026-09-04,27,False,33.00747,-80.04497,481080710202,id:260068861,store:50495,Barista,onsite,"210 Saint James Ave, Goose Creek, South Carolina, United States",1,SC,CONUS_L0_002_008;CONUS_L1_007_028,2
2026-10-01,260068572,https://apply.starbucks.com/careers/job/481080709722,"shift supervisor - Store# 29387, HWY 17A & I-26 - SUMMERVILLE",SHIFT_SUPERVISOR,29387,HWY 17A & I-26 - SUMMERVILLE,101 Sigma Dr,Summerville,SC,,US,,1788408000,2026-09-03,28,2026-10-01,1788529852,2026-09-04,27,False,33.03954,-80.14358,481080709722,id:260068572,store:29387,Shift Supervisor,onsite,"101 Sigma Dr, Summerville, South Carolina, United States",1,SC,CONUS_L0_002_008;CONUS_L1_007_028,2
2026-10-01,260080704,https://apply.starbucks.com/careers/job/481081091858,"barista - Store# 29387, HWY 17A & I-26 - SUMMERVILLE",BARISTA,29387,HWY 17A & I-26 - SUMMERVILLE,101 Sigma Dr,Summerville,SC,,US,,1790740800,2026-09-30,1,2026-10-01,1790836176,2026-10-01,0,False,33.03954,-80.14358,481081091858,id:260080704,store:29387,Barista,onsite,"101 Sigma Dr, Summerville, South Carolina, United States",1,SC,CONUS_L0_002_008;CONUS_L1_007_028,2
2026-10-01,260061333,https://apply.starbucks.com/careers/job/481080264909,"barista - Store# 82795, HWY 17A AT CARNES CROSSROADS",BARISTA,82795,HWY 17A AT CARNES CROSSROADS,2503 N Main St,Summerville,SC,,US,,1787025600,2026-08-18,44,2026-10-01,1787146981,2026-08-19,43,False,33.05689,-80.09842,481080264909,id:260061333,store:82795,Barista,onsite,"2503 N Main St, Summerville, South Carolina, United States",1,SC,CONUS_L0_002_008;CONUS_L1_007_028,2
2026-10-01,260060941,https://apply.starbucks.com/careers/job/481080183443,"shift supervisor - Store# 82795, HWY 17A AT CARNES CROSSROADS",SHIFT_SUPERVISOR,82795,HWY 17A AT CARNES CROSSROADS,2503 N Main St,Summerville,SC,,US,,1786766400,2026-08-15,47,2026-10-01,1786887986,2026-08-16,46,False,33.05689,-80.09842,481080183443,id:260060941,store:82795,Shift Supervisor,onsite,"2503 N Main St, Summerville, South Carolina, United States",1,SC,CONUS_L0_002_008;CONUS_L1_007_028,2
2026-10-01,260059776,https://apply.starbucks.com/careers/job/481080055690,"shift supervisor - Store# 71593, CENTRAL AVE & ORANGEBURG RD",SHIFT_SUPERVISOR,71593,CENTRAL AVE & ORANGEBURG RD,"1554 Central Ave, Suite A",Summerville,SC,,US,,1785988800,2026-08-06,56,2026-10-01,1786110328,2026-08-07,55,False,33.0137,-80.2355051,481080055690,id:260059776,store:71593,Shift Supervisor,onsite,"1554 Central Ave, Suite A, Summerville, South Carolina, United States",1,SC,CONUS_L0_002_008;CONUS_L1_007_028,2
2026-10-01,260059757,https://apply.starbucks.com/careers/job/481080055665,"barista - Store# 71593, CENTRAL AVE & ORANGEBURG RD",BARISTA,71593,CENTRAL AVE & ORANGEBURG RD,"1554 Central Ave, Suite A",Summerville,SC,,US,,1785988800,2026-08-06,56,2026-10-01,1786110310,2026-08-07,55,False,33.0137,-80.2355051,481080055665,id:260059757,store:71593,Barista,onsite,"1554 Central Ave, Suite A, Summerville, South Carolina, United States",1,SC,CONUS_L0_002_008;CONUS_L1_007_028,2
2026-10-01,260059779,https://apply.starbucks.com/careers/job/481080055684,"barista - Store# 59282, HWY 176 & CANE BAY BLVD",BARISTA,59282,HWY 176 & CANE BAY BLVD,"1730 State Rd, Suite 100",Summerville,SC,,US,,1785988800,2026-08-06,56,2026-10-01,1786110331,2026-08-07,55,False,33.10568,-80.12732,481080055684,id:260059779,store:59282,Barista,onsite,"1730 State Rd, Suite 100, Summerville, South Carolina, United States",1,SC,CONUS_L0_002_008;CONUS_L1_007_028,2
2026-10-01,260069521,https://apply.starbucks.com/careers/job/481080730397,"shift supervisor - Store# 59282, HWY 176 & CANE BAY BLVD",SHIFT_SUPERVISOR,59282,HWY 176 & CANE BAY BLVD,"1730 State Rd, Suite 100",Summerville,SC,,US,,1788580800,2026-09-05,26,2026-10-01,1788702166,2026-09-06,25,False,33.10568,-80.12732,481080730397,id:260069521,store:59282,Shift Supervisor,onsite,"1730 State Rd, Suite 100, Summerville, South Carolina, United States",1,SC,CONUS_L0_002_008;CONUS_L1_007_028,2
2026-10-01,260069535,https://apply.starbucks.com/careers/job/481080730425,"barista - Store# 54058, BELLS HWY & MT. CARMEL RD",BARISTA,54058,BELLS HWY & MT. CARMEL RD,1588 Bells Hwy,Walterboro,SC,,US,,1788580800,2026-09-05,26,2026-10-01,1788702177,2026-09-06,25,False,32.9285,-80.68721,481080730425,id:260069535,store:54058,Barista,onsite,"1588 Bells Hwy, Walterboro, South Carolina, United States",1,SC,CONUS_L0_002_008;CONUS_L1_007_028;CONUS_L1_008_028,3
2026-10-01,260069665,https://apply.starbucks.com/careers/job/481080730526,"shift supervisor - Store# 54058, BELLS HWY & MT. CARMEL RD",SHIFT_SUPERVISOR,54058,BELLS HWY & MT. CARMEL RD,1588 Bells Hwy,Walterboro,SC,,US,,1788580800,2026-09-05,26,2026-10-01,1788702282,2026-09-06,25,False,32.9285,-80.68721,481080730526,id:260069665,store:54058,Shift Supervisor,onsite,"1588 Bells Hwy, Walterboro, South Carolina, United States",1,SC,CONUS_L0_002_008;CONUS_L1_007_028;CONUS_L1_008_028,3
2026-10-01,260072110,https://apply.starbucks.com/careers/job/481080765163,"shift supervisor - Store# 50831, Highway 52 and Ried Hill Road",SHIFT_SUPERVISOR,50831,Highway 52 and Ried Hill Road,"469 N Hwy 52, A",Moncks Corner,SC,,US,,1788840000,2026-09-08,23,2026-10-01,1788961669,2026-09-09,22,False,33.20734,-79.98489,481080765163,id:260072110,store:50831,Shift Supervisor,onsite,"469 N Hwy 52, A, Moncks Corner, South Carolina, United States",1,SC,CONUS_L0_002_008;CONUS_L1_007_028;CONUS_L1_008_029,3
2026-10-01,260072183,https://apply.starbucks.com/careers/job/481080765326,"barista - Store# 50831, Highway 52 and Ried Hill Road",BARISTA,50831,Highway 52 and Ried Hill Road,"469 N Hwy 52, A",Moncks Corner,SC,,US,,1788840000,2026-09-08,23,2026-10-01,1788961725,2026-09-09,22,False,33.20734,-79.98489,481080765326,id:260072183,store:50831,Barista,onsite,"469 N Hwy 52, A, Moncks Corner, South Carolina, United States",1,SC,CONUS_L0_002_008;CONUS_L1_007_028;CONUS_L1_008_029,3
2026-10-01,260077986,https://apply.starbucks.com/careers/job/481080923303,"barista - Store# 54057, PAWLEYS ISLAND",BARISTA,54057,PAWLEYS ISLAND,10172 Ocean Hwy,Pawleys Island,SC,,US,,1789790400,2026-09-19,12,2026-10-01,1789911645,2026-09-20,11,False,33.43594,-79.13152,481080923303,id:260077986,store:54057,Barista,onsite,"10172 Ocean Hwy, Pawleys Island, South Carolina, United States",1,SC,CONUS_L0_002_008;CONUS_L1_008_029,2
2026-10-01,260060027,https://apply.starbucks.com/careers/job/481080079256,"shift supervisor - Store# 54057, PAWLEYS ISLAND",SHIFT_SUPERVISOR,54057,PAWLEYS ISLAND,10172 Ocean Hwy,Pawleys Island,SC,,US,,1786161600,2026-08-08,54,2026-10-01,1786283293,2026-08-09,53,False,33.43594,-79.13152,481080079256,id:260060027,store:54057,Shift Supervisor,onsite,"10172 Ocean Hwy, Pawleys Island, South Carolina, United States",1,SC,CONUS_L0_002_008;CONUS_L1_008_029,2
2026-10-01,260057331,https://apply.starbucks.com/careers/job/481079587739,"shift supervisor - Store# 47828, MURRELLS INLET (HWY 17 BYPASS)",SHIFT_SUPERVISOR,47828,MURRELLS INLET (HWY 17 BYPASS),12182 Hwy 17 Bypass,Murrells Inlet,SC,,US,,1784347200,2026-07-18,75,2026-10-01,1784468469,2026-07-19,74,False,33.57784,-79.02946,481079587739,id:260057331,store:47828,Shift Supervisor,onsite,"12182 Hwy 17 Bypass, Murrells Inlet, South Carolina, United States",1,SC,CONUS_L0_002_008;CONUS_L1_008_029,2
2026-10-01,260059921,https://apply.starbucks.com/careers/job/481080079105,"barista - Store# 47828, MURRELLS INLET (HWY 17 BYPASS)",BARISTA,47828,MURRELLS INLET (HWY 17 BYPASS),12182 Hwy 17 Bypass,Murrells Inlet,SC,,US,,1786161600,2026-08-08,54,2026-10-01,1786283210,2026-08-09,53,False,33.57784,-79.02946,481080079105,id:260059921,store:47828,Barista,onsite,"12182 Hwy 17 Bypass, Murrells Inlet, South Carolina, United States",1,SC,CONUS_L0_002_008;CONUS_L1_008_029,2
2026-10-01,260078280,https://apply.starbucks.com/careers/job/481080936067,"barista - Store# 78865, PRINCE CREEK (SC-707)",BARISTA,78865,PRINCE CREEK (SC-707),11860 Hwy 707,Murrells Inlet,SC,,US,,1789876800,2026-09-20,11,2026-10-01,1789998137,2026-09-21,10,False,33.58804,-79.05548,481080936067,id:260078280,store:78865,Barista,onsite,"11860 Hwy 707, Murrells Inlet, South Carolina, United States",1,SC,CONUS_L0_002_008;CONUS_L1_008_029,2
2026-10-01,260074398,https://apply.starbucks.com/careers/job/481080814357,"shift supervisor - Store# 78865, PRINCE CREEK (SC-707)",SHIFT_SUPERVISOR,78865,PRINCE CREEK (SC-707),11860 Hwy 707,Murrells Inlet,SC,,US,,1789185600,2026-09-12,19,2026-10-01,1789307800,2026-09-13,18,False,33.58804,-79.05548,481080814357,id:260074398,store:78865,Shift Supervisor,onsite,"11860 Hwy 707, Murrells Inlet, South Carolina, United States",1,SC,CONUS_L0_002_008;CONUS_L1_008_029,2
2026-10-01,260058294,https://apply.starbucks.com/careers/job/481079850008,"barista - Store# 68717, OCEAN LAKES VILLAGE",BARISTA,68717,OCEAN LAKES VILLAGE,1160 Dick Pond Rd.,Myrtle Beach,SC,,US,,1784952000,2026-07-25,68,2026-10-01,1785073541,2026-07-26,67,False,33.63024,-78.96252,481079850008,id:260058294,store:68717,Barista,onsite,"1160 Dick Pond Rd., Myrtle Beach, South Carolina, United States",1,SC,CONUS_L0_002_008;CONUS_L0_003_008;CONUS_L1_008_029,3
2026-10-01,260071949,https://apply.starbucks.com/careers/job/481080764935,"shift supervisor - Store# 68717, OCEAN LAKES VILLAGE",SHIFT_SUPERVISOR,68717,OCEAN LAKES VILLAGE,1160 Dick Pond Rd.,Myrtle Beach,SC,,US,,1788840000,2026-09-08,23,2026-10-01,1788961534,2026-09-09,22,False,33.63024,-78.96252,481080764935,id:260071949,store:68717,Shift Supervisor,onsite,"1160 Dick Pond Rd., Myrtle Beach, South Carolina, United States",1,SC,CONUS_L0_002_008;CONUS_L0_003_008;CONUS_L1_008_029,3
2026-10-01,260065488,https://apply.starbucks.com/careers/job/481080677884,"shift supervisor - Store# 18021, SURFSIDE BEACH",SHIFT_SUPERVISOR,18021,SURFSIDE BEACH,"102 Loyola Drive, A",Myrtle Beach,SC,,US,,1788321600,2026-09-02,29,2026-10-01,1788357133,2026-09-02,29,False,33.64041,-78.98994,481080677884,id:260065488,store:18021,Shift Supervisor,onsite,"102 Loyola Drive, A, Myrtle Beach, South Carolina, United States",1,SC,CONUS_L0_002_008;CONUS_L0_003_008;CONUS_L1_008_029,3
2026-10-01,260059966,https://apply.starbucks.com/careers/job/481080079174,"barista - Store# 18021, SURFSIDE BEACH",BARISTA,18021,SURFSIDE BEACH,"102 Loyola Drive, A",Myrtle Beach,SC,,US,,1786161600,2026-08-08,54,2026-10-01,1786283246,2026-08-09,53,False,33.64041,-78.98994,481080079174,id:260059966,store:18021,Barista,onsite,"102 Loyola Drive, A, Myrtle Beach, South Carolina, United States",1,SC,CONUS_L0_002_008;CONUS_L0_003_008;CONUS_L1_008_029,3
2026-10-01,260069710,https://apply.starbucks.com/careers/job/481080730592,"barista - Store# 62164, I-95 AND HIGHWAY 6",BARISTA,62164,I-95 AND HIGHWAY 6,9033 Old Number 6 Hwy,Santee,SC,,US,,1788580800,2026-09-05,26,2026-10-01,1788702317,2026-09-06,25,False,33.48515,-80.46921,481080730592,id:260069710,store:62164,Barista,onsite,"9033 Old Number 6 Hwy, Santee, South Carolina, United States",1,SC,CONUS_L0_002_008;CONUS_L1_008_028,2
2026-10-01,260079612,https://apply.starbucks.com/careers/job/481081007581,"shift supervisor - Store# 62164, I-95 AND HIGHWAY 6",SHIFT_SUPERVISOR,62164,I-95 AND HIGHWAY 6,9033 Old Number 6 Hwy,Santee,SC,,US,,1790308800,2026-09-25,6,2026-10-01,1790371743,2026-09-25,6,False,33.48515,-80.46921,481081007581,id:260079612,store:62164,Shift Supervisor,onsite,"9033 Old Number 6 Hwy, Santee, South Carolina, United States",1,SC,CONUS_L0_002_008;CONUS_L1_008_028,2
2026-10-01,260078399,https://apply.starbucks.com/careers/job/481080936261,"shift supervisor - Store# 61616, HWY. 17 BYPASS & PALMETTO",SHIFT_SUPERVISOR,61616,HWY. 17 BYPASS & PALMETTO,4750 Hwy 17 Bypass S,Myrtle Beach,SC,,US,,1789876800,2026-09-20,11,2026-10-01,1789998238,2026-09-21,10,False,33.67906,-78.96573,481080936261,id:260078399,store:61616,Shift Supervisor,onsite,"4750 Hwy 17 Bypass S, Myrtle Beach, South Carolina, United States",1,SC,CONUS_L0_002_008;CONUS_L0_003_008;CONUS_L1_008_029,3
2026-10-01,260058835,https://apply.starbucks.com/careers/job/481079927770,"barista - Store# 72273, N KINGS HWY & 13TH AVE",BARISTA,72273,N KINGS HWY & 13TH AVE,1301 N Kings Hwy.,Myrtle Beach,SC,,US,,1785211200,2026-07-28,65,2026-10-01,1785332772,2026-07-29,64,False,33.69729,-78.87876,481079927770,id:260058835,store:72273,Barista,onsite,"1301 N Kings Hwy., Myrtle Beach, South Carolina, United States",1,SC,CONUS_L0_002_008;CONUS_L0_003_008;CONUS_L1_008_029,3
2026-10-01,260072151,https://apply.starbucks.com/careers/job/481080765248,"shift supervisor - Store# 72273, N KINGS HWY & 13TH AVE",SHIFT_SUPERVISOR,72273,N KINGS HWY & 13TH AVE,1301 N Kings Hwy.,Myrtle Beach,SC,,US,,1788840000,2026-09-08,23,2026-10-01,1788961700,2026-09-09,22,False,33.69729,-78.87876,481080765248,id:260072151,store:72273,Shift Supervisor,onsite,"1301 N Kings Hwy., Myrtle Beach, South Carolina, United States",1,SC,CONUS_L0_002_008;CONUS_L0_003_008;CONUS_L1_008_029,3
2026-10-01,260067015,https://apply.starbucks.com/careers/job/481080698598,"shift supervisor - Store# 22827, HWY 501 & CAROLINA FOREST - MYRTLE BEACH",SHIFT_SUPERVISOR,22827,HWY 501 & CAROLINA FOREST - MYRTLE BEACH,"100 Debo Drive, 100",Myrtle Beach,SC,,US,,1788321600,2026-09-02,29,2026-10-01,1788455895,2026-09-03,28,False,33.7586786,-78.9696105,481080698598,id:260067015,store:22827,Shift Supervisor,onsite,"100 Debo Drive, 100, Myrtle Beach, South Carolina, United States",1,SC,CONUS_L0_002_008;CONUS_L0_003_008;CONUS_L1_008_029,3
2026-10-01,260062633,https://apply.starbucks.com/careers/job/481080494769,"shift supervisor - Store# 27878, GRAND DUNES - MYRTLE BEACH",SHIFT_SUPERVISOR,27878,GRAND DUNES - MYRTLE BEACH,"7955 N Kings hwy, Unit D",Myrtle Beach,SC,,US,,1787630400,2026-08-25,37,2026-10-01,1787752375,2026-08-26,36,False,33.75115,-78.81451,481080494769,id:260062633,store:27878,Shift Supervisor,onsite,"7955 N Kings hwy, Unit D, Myrtle Beach, South Carolina, United States",1,SC,CONUS_L0_002_008;CONUS_L0_003_008;CONUS_L1_008_029,3
2026-10-01,260071092,https://apply.starbucks.com/careers/job/481080742338,"shift supervisor - Store# 68200, HWY 544 & SINGLETON RIDGE RD",SHIFT_SUPERVISOR,68200,HWY 544 & SINGLETON RIDGE RD,1478 Hwy 544,Conway,SC,,US,,1788667200,2026-09-06,25,2026-10-01,1788788940,2026-09-07,24,False,33.77782,-79.02209,481080742338,id:260071092,store:68200,Shift Supervisor,onsite,"1478 Hwy 544, Conway, South Carolina, United States",1,SC,CONUS_L0_002_008;CONUS_L0_003_008;CONUS_L1_008_029,3
2026-10-01,260073527,https://apply.starbucks.com/careers/job/481080812858,"barista - Store# 68200, HWY 544 & SINGLETON RIDGE RD",BARISTA,68200,HWY 544 & SINGLETON RIDGE RD,1478 Hwy 544,Conway,SC,,US,,1789185600,2026-09-12,19,2026-10-01,1789306986,2026-09-13,18,False,33.77782,-79.02209,481080812858,id:260073527,store:68200,Barista,onsite,"1478 Hwy 544, Conway, South Carolina, United States",1,SC,CONUS_L0_002_008;CONUS_L0_003_008;CONUS_L1_008_029,3
2026-10-01,260059958,https://apply.starbucks.com/careers/job/481080079168,"barista - Store# 18901, TANGER MYRTLE BEACH 17 OUTLET CENTER",BARISTA,18901,TANGER MYRTLE BEACH 17 OUTLET CENTER,"10835 Kings Rd, Ste 290, Tanger Myrtle Beach Hwy 17 Outlet Mall",Myrtle Beach,SC,,US,,1786161600,2026-08-08,54,2026-10-01,1786283240,2026-08-09,53,False,33.78367,-78.7745,481080079168,id:260059958,store:18901,Barista,onsite,"10835 Kings Rd, Ste 290, Tanger Myrtle Beach Hwy 17 Outlet Mall, Myrtle Beach, South Carolina, United States",1,SC,CONUS_L0_002_008;CONUS_L0_003_008;CONUS_L1_008_029,3
2026-10-01,260066149,https://apply.starbucks.com/careers/job/481080678987,"shift supervisor - Store# 18901, TANGER MYRTLE BEACH 17 OUTLET CENTER",SHIFT_SUPERVISOR,18901,TANGER MYRTLE BEACH 17 OUTLET CENTER,"10835 Kings Rd, Ste 290, Tanger Myrtle Beach Hwy 17 Outlet Mall",Myrtle Beach,SC,,US,,1788321600,2026-09-02,29,2026-10-01,1788357720,2026-09-02,29,False,33.78367,-78.7745,481080678987,id:260066149,store:18901,Shift Supervisor,onsite,"10835 Kings Rd, Ste 290, Tanger Myrtle Beach Hwy 17 Outlet Mall, Myrtle Beach, South Carolina, United States",1,SC,CONUS_L0_002_008;CONUS_L0_003_008;CONUS_L1_008_029,3
2026-10-01,260070315,https://apply.starbucks.com/careers/job/481080731329,"barista - Store# 56446, HWY 17 & 46TH AVE",BARISTA,56446,HWY 17 & 46TH AVE,4517 Hwy 17 South,North Myrtle Beach,SC,,US,,1788580800,2026-09-05,26,2026-10-01,1788702794,2026-09-06,25,False,33.79926,-78.73589,481080731329,id:260070315,store:56446,Barista,onsite,"4517 Hwy 17 South, North Myrtle Beach, South Carolina, United States",1,SC,CONUS_L0_002_008;CONUS_L0_003_008;CONUS_L1_008_029,3
2026-10-01,260078381,https://apply.starbucks.com/careers/job/481080936246,"shift supervisor - Store# 56446, HWY 17 & 46TH AVE",SHIFT_SUPERVISOR,56446,HWY 17 & 46TH AVE,4517 Hwy 17 South,North Myrtle Beach,SC,,US,,1789876800,2026-09-20,11,2026-10-01,1789998223,2026-09-21,10,False,33.79926,-78.73589,481080936246,id:260078381,store:56446,Shift Supervisor,onsite,"4517 Hwy 17 South, North Myrtle Beach, South Carolina, United States",1,SC,CONUS_L0_002_008;CONUS_L0_003_008;CONUS_L1_008_029,3
2026-10-01,260055904,https://apply.starbucks.com/careers/job/481079473240,"barista - Store# 67566, CHURCH ST & MILL POND RD",BARISTA,67566,CHURCH ST & MILL POND RD,1615 Church St,Conway,SC,,US,,1783915200,2026-07-13,80,2026-10-01,1784037121,2026-07-14,79,False,33.84627,-79.06491,481079473240,id:260055904,store:67566,Barista,onsite,"1615 Church St, Conway, South Carolina, United States",1,SC,CONUS_L0_002_008;CONUS_L0_003_008;CONUS_L1_008_029,3
2026-10-01,260070685,https://apply.starbucks.com/careers/job/481080741806,"shift supervisor - Store# 67566, CHURCH ST & MILL POND RD",SHIFT_SUPERVISOR,67566,CHURCH ST & MILL POND RD,1615 Church St,Conway,SC,,US,,1788667200,2026-09-06,25,2026-10-01,1788788612,2026-09-07,24,False,33.84627,-79.06491,481080741806,id:260070685,store:67566,Shift Supervisor,onsite,"1615 Church St, Conway, South Carolina, United States",1,SC,CONUS_L0_002_008;CONUS_L0_003_008;CONUS_L1_008_029,3
2026-10-01,260070076,https://apply.starbucks.com/careers/job/481080731021,"shift supervisor - Store# 62163, I-26 AND HWY 601",SHIFT_SUPERVISOR,62163,I-26 AND HWY 601,3251 St Matthews Rd,Orangeburg,SC,,US,,1788580800,2026-09-05,26,2026-10-01,1788702606,2026-09-06,25,False,33.54647,-80.83088,481080731021,id:260070076,store:62163,Shift Supervisor,onsite,"3251 St Matthews Rd, Orangeburg, South Carolina, United States",1,SC,CONUS_L0_002_008;CONUS_L1_008_028,2
2026-10-01,260079914,https://apply.starbucks.com/careers/job/481081029363,"shift supervisor - Store# 10756, NORTH MYRTLE BEACH",SHIFT_SUPERVISOR,10756,NORTH MYRTLE BEACH,549 Hwy 17 N,North Myrtle Beach,SC,,US,,1790481600,2026-09-27,4,2026-10-01,1790603299,2026-09-28,3,False,33.83335,-78.67437,481081029363,id:260079914,store:10756,Shift Supervisor,onsite,"549 Hwy 17 N, North Myrtle Beach, South Carolina, United States",1,SC,CONUS_L0_002_008;CONUS_L0_003_008;CONUS_L1_008_029,3
2026-10-01,260059974,https://apply.starbucks.com/careers/job/481080079156,"barista - Store# 10756, NORTH MYRTLE BEACH",BARISTA,10756,NORTH MYRTLE BEACH,549 Hwy 17 N,North Myrtle Beach,SC,,US,,1786161600,2026-08-08,54,2026-10-01,1786283252,2026-08-09,53,False,33.83335,-78.67437,481080079156,id:260059974,store:10756,Barista,onsite,"549 Hwy 17 N, North Myrtle Beach, South Carolina, United States",1,SC,CONUS_L0_002_008;CONUS_L0_003_008;CONUS_L1_008_029,3
2026-10-01,260057210,https://apply.starbucks.com/careers/job/481079587570,"barista - Store# 68201, HWY 17 & RIVER HILLS DR",BARISTA,68201,HWY 17 & RIVER HILLS DR,4751 River Hills Dr,Little River,SC,,US,,1784347200,2026-07-18,75,2026-10-01,1784468376,2026-07-19,74,False,33.86806,-78.63528,481079587570,id:260057210,store:68201,Barista,onsite,"4751 River Hills Dr, Little River, South Carolina, United States",1,SC,CONUS_L0_002_008;CONUS_L0_003_008;CONUS_L1_008_029,3
2026-10-01,260053985,https://apply.starbucks.com/careers/job/481079404847,"shift supervisor - Store# 68201, HWY 17 & RIVER HILLS DR",SHIFT_SUPERVISOR,68201,HWY 17 & RIVER HILLS DR,4751 River Hills Dr,Little River,SC,,US,,1783569600,2026-07-09,84,2026-10-01,1783691022,2026-07-10,83,False,33.86806,-78.63528,481079404847,id:260053985,store:68201,Shift Supervisor,onsite,"4751 River Hills Dr, Little River, South Carolina, United States",1,SC,CONUS_L0_002_008;CONUS_L0_003_008;CONUS_L1_008_029,3
2026-10-01,260070785,https://apply.starbucks.com/careers/job/481080741916,"barista - Store# 67835, MCCRAYS MILL RD & PINEWOOD RD",BARISTA,67835,MCCRAYS MILL RD & PINEWOOD RD,2032 McCrays Mill Rd,Sumter,SC,,US,,1788667200,2026-09-06,25,2026-10-01,1788788691,2026-09-07,24,False,33.90348,-80.38179,481080741916,id:260070785,store:67835,Barista,onsite,"2032 McCrays Mill Rd, Sumter, South Carolina, United States",1,SC,CONUS_L0_002_008;CONUS_L1_008_028,2
2026-10-01,260071054,https://apply.starbucks.com/careers/job/481080742275,"shift supervisor - Store# 67835, MCCRAYS MILL RD & PINEWOOD RD",SHIFT_SUPERVISOR,67835,MCCRAYS MILL RD & PINEWOOD RD,2032 McCrays Mill Rd,Sumter,SC,,US,,1788667200,2026-09-06,25,2026-10-01,1788788908,2026-09-07,24,False,33.90348,-80.38179,481080742275,id:260071054,store:67835,Shift Supervisor,onsite,"2032 McCrays Mill Rd, Sumter, South Carolina, United States",1,SC,CONUS_L0_002_008;CONUS_L1_008_028,2
2026-10-01,260078051,https://apply.starbucks.com/careers/job/481080923515,"barista - Store# 19804, ALICE & BROAD STREET",BARISTA,19804,ALICE & BROAD STREET,"1259 Broad St, Lowes Pad",Sumter,SC,,US,,1789790400,2026-09-19,12,2026-10-01,1789911700,2026-09-20,11,False,33.9573801,-80.3858284,481080923515,id:260078051,store:19804,Barista,onsite,"1259 Broad St, Lowes Pad, Sumter, South Carolina, United States",1,SC,CONUS_L0_002_008;CONUS_L1_008_028,2
2026-10-01,260068888,https://apply.starbucks.com/careers/job/481080710236,"shift supervisor - Store# 19804, ALICE & BROAD STREET",SHIFT_SUPERVISOR,19804,ALICE & BROAD STREET,"1259 Broad St, Lowes Pad",Sumter,SC,,US,,1788408000,2026-09-03,28,2026-10-01,1788530119,2026-09-04,27,False,33.9573801,-80.3858284,481080710236,id:260068888,store:19804,Shift Supervisor,onsite,"1259 Broad St, Lowes Pad, Sumter, South Carolina, United States",1,SC,CONUS_L0_002_008;CONUS_L1_008_028,2
2026-10-01,260079233,https://apply.starbucks.com/careers/job/481080977549,"maintenance mechanic sr, 2nd shift",NON_RETAIL,,,114 Siren Lane,Gaston,SC,,US,,1790264164,2026-09-24,7,2026-10-01,1790255729,2026-09-24,7,False,33.7955985,-81.00419280000001,481080977549,id:260079233,addr:114 siren lane|gaston|SC,Maintenance/Automation,onsite,"114 Siren Lane, Gaston, South Carolina, United States",1,SC,CONUS_L0_002_008;CONUS_L1_008_028,2
2026-10-01,260078844,https://apply.starbucks.com/careers/job/481080956855,"loader technician, 2nd shift",NON_RETAIL,,,114 Siren Lane,Gaston,SC,,US,,1790177238,2026-09-23,8,2026-10-01,1790126120,2026-09-22,9,False,33.7955985,-81.00419280000001,481080956855,id:260078844,addr:114 siren lane|gaston|SC,Manufacturing,onsite,"114 Siren Lane, Gaston, South Carolina, United States",1,SC,CONUS_L0_002_008;CONUS_L1_008_028,2
2026-10-01,260077992,https://apply.starbucks.com/careers/job/481080923305,"barista - Store# 55142, PAMPLICO & MOUNTAIN LAUREL",BARISTA,55142,PAMPLICO & MOUNTAIN LAUREL,"1925 Mountain Laurel Court, A",Florence,SC,,US,,1789790400,2026-09-19,12,2026-10-01,1789911650,2026-09-20,11,False,34.15904,-79.75497,481080923305,id:260077992,store:55142,Barista,onsite,"1925 Mountain Laurel Court, A, Florence, South Carolina, United States",1,SC,CONUS_L0_002_008;CONUS_L1_008_029,2
2026-10-01,260061727,https://apply.starbucks.com/careers/job/481080416024,"shift supervisor - Store# 55142, PAMPLICO & MOUNTAIN LAUREL",SHIFT_SUPERVISOR,55142,PAMPLICO & MOUNTAIN LAUREL,"1925 Mountain Laurel Court, A",Florence,SC,,US,,1787371200,2026-08-22,40,2026-10-01,1787492405,2026-08-23,39,False,34.15904,-79.75497,481080416024,id:260061727,store:55142,Shift Supervisor,onsite,"1925 Mountain Laurel Court, A, Florence, South Carolina, United States",1,SC,CONUS_L0_002_008;CONUS_L1_008_029,2
2026-10-01,260066786,https://apply.starbucks.com/careers/job/481080698315,"shift supervisor - Store# 10468, FLORENCE MALL OUTPARCEL",SHIFT_SUPERVISOR,10468,FLORENCE MALL OUTPARCEL,1911 W Palmetto St,Florence,SC,,US,,1788321600,2026-09-02,29,2026-10-01,1788455680,2026-09-03,28,False,34.189318,-79.8056336,481080698315,id:260066786,store:10468,Shift Supervisor,onsite,"1911 W Palmetto St, Florence, South Carolina, United States",1,SC,CONUS_L0_002_008;CONUS_L1_008_029,2
2026-10-01,260065264,https://apply.starbucks.com/careers/job/481080677475,"shift supervisor - Store# 10468, FLORENCE MALL OUTPARCEL",SHIFT_SUPERVISOR,10468,FLORENCE MALL OUTPARCEL,1911 W Palmetto St,Florence,SC,,US,,1788321600,2026-09-02,29,2026-10-01,1788356934,2026-09-02,29,False,34.189318,-79.8056336,481080677475,id:260065264,store:10468,Shift Supervisor,onsite,"1911 W Palmetto St, Florence, South Carolina, United States",1,SC,CONUS_L0_002_008;CONUS_L1_008_029,2
2026-10-01,260080633,https://apply.starbucks.com/careers/job/481081091773,"barista - Store# 10468, FLORENCE MALL OUTPARCEL",BARISTA,10468,FLORENCE MALL OUTPARCEL,1911 W Palmetto St,Florence,SC,,US,,1790740800,2026-09-30,1,2026-10-01,1790836115,2026-10-01,0,False,34.189318,-79.8056336,481081091773,id:260080633,store:10468,Barista,onsite,"1911 W Palmetto St, Florence, South Carolina, United States",1,SC,CONUS_L0_002_008;CONUS_L1_008_029,2
2026-10-01,260069714,https://apply.starbucks.com/careers/job/481080730610,"barista - Store# 59287, I-95 AND HWY 52",BARISTA,59287,I-95 AND HWY 52,"2106 W Lucas Street, Unit #10",Florence,SC,,US,,1788580800,2026-09-05,26,2026-10-01,1788702320,2026-09-06,25,False,34.23269,-79.80408,481080730610,id:260069714,store:59287,Barista,onsite,"2106 W Lucas Street, Unit #10, Florence, South Carolina, United States",1,SC,CONUS_L0_002_008;CONUS_L1_008_029;CONUS_L1_009_028,3
2026-10-01,260080115,https://apply.starbucks.com/careers/job/481081029835,"barista - Store# 67000, GARNERS FERRY & DAPHNE",BARISTA,67000,GARNERS FERRY & DAPHNE,7550 Garners Ferry Rd,Columbia,SC,,US,,1790481600,2026-09-27,4,2026-10-01,1790603499,2026-09-28,3,False,33.96131,-80.93958,481081029835,id:260080115,store:67000,Barista,onsite,"7550 Garners Ferry Rd, Columbia, South Carolina, United States",1,SC,CONUS_L0_002_008;CONUS_L1_008_028,2
2026-10-01,260071176,https://apply.starbucks.com/careers/job/481080742484,"shift supervisor - Store# 67000, GARNERS FERRY & DAPHNE",SHIFT_SUPERVISOR,67000,GARNERS FERRY & DAPHNE,7550 Garners Ferry Rd,Columbia,SC,,US,,1788667200,2026-09-06,25,2026-10-01,1788789007,2026-09-07,24,False,33.96131,-80.93958,481080742484,id:260071176,store:67000,Shift Supervisor,onsite,"7550 Garners Ferry Rd, Columbia, South Carolina, United States",1,SC,CONUS_L0_002_008;CONUS_L1_008_028,2
2026-10-01,260062602,https://apply.starbucks.com/careers/job/481080494855,"shift supervisor - Store# 26580, WHISKEY ROAD & MILLBROOK AVE",SHIFT_SUPERVISOR,26580,WHISKEY ROAD & MILLBROOK AVE,1943 Whiskey Rd,Aiken,SC,,US,,1787630400,2026-08-25,37,2026-10-01,1787752351,2026-08-26,36,False,33.52156,-81.71882,481080494855,id:260062602,store:26580,Shift Supervisor,onsite,"1943 Whiskey Rd, Aiken, South Carolina, United States",1,SC,CONUS_L0_002_008;CONUS_L1_008_027;CONUS_L1_008_028,3
2026-10-01,260071832,https://apply.starbucks.com/careers/job/481080764684,"barista - Store# 26580, WHISKEY ROAD & MILLBROOK AVE",BARISTA,26580,WHISKEY ROAD & MILLBROOK AVE,1943 Whiskey Rd,Aiken,SC,,US,,1788840000,2026-09-08,23,2026-10-01,1788961440,2026-09-09,22,False,33.52156,-81.71882,481080764684,id:260071832,store:26580,Barista,onsite,"1943 Whiskey Rd, Aiken, South Carolina, United States",1,SC,CONUS_L0_002_008;CONUS_L1_008_027;CONUS_L1_008_028,3
2026-10-01,260070949,https://apply.starbucks.com/careers/job/481080742095,"barista - Store# 66111, I-26 AND CHARLESTON HWY",BARISTA,66111,I-26 AND CHARLESTON HWY,3047 Charleston Hwy,West Columbia,SC,,US,,1788667200,2026-09-06,25,2026-10-01,1788788822,2026-09-07,24,False,33.9283,-81.07632,481080742095,id:260070949,store:66111,Barista,onsite,"3047 Charleston Hwy, West Columbia, South Carolina, United States",1,SC,CONUS_L0_002_008;CONUS_L1_008_028,2
2026-10-01,260070703,https://apply.starbucks.com/careers/job/481080741850,"shift supervisor - Store# 66111, I-26 AND CHARLESTON HWY",SHIFT_SUPERVISOR,66111,I-26 AND CHARLESTON HWY,3047 Charleston Hwy,West Columbia,SC,,US,,1788667200,2026-09-06,25,2026-10-01,1788788627,2026-09-07,24,False,33.9283,-81.07632,481080741850,id:260070703,store:66111,Shift Supervisor,onsite,"3047 Charleston Hwy, West Columbia, South Carolina, United States",1,SC,CONUS_L0_002_008;CONUS_L1_008_028,2
2026-10-01,260053872,https://apply.starbucks.com/careers/job/481079404563,"shift supervisor - Store# 09584, GARNERS FERRY & OLD WOODLANDS RD",SHIFT_SUPERVISOR,09584,GARNERS FERRY & OLD WOODLANDS RD,"6070 Garners Ferry Road, A",Columbia,SC,,US,,1783569600,2026-07-09,84,2026-10-01,1783690941,2026-07-10,83,False,33.9832395,-80.96771,481079404563,id:260053872,store:09584,Shift Supervisor,onsite,"6070 Garners Ferry Road, A, Columbia, South Carolina, United States",1,SC,CONUS_L0_002_008;CONUS_L1_008_028,2
2026-10-01,260079106,https://apply.starbucks.com/careers/job/481080965396,"barista - Store# 09584, GARNERS FERRY & OLD WOODLANDS RD",BARISTA,09584,GARNERS FERRY & OLD WOODLANDS RD,"6070 Garners Ferry Road, A",Columbia,SC,,US,,1790049600,2026-09-22,9,2026-10-01,1790171194,2026-09-23,8,False,33.9832395,-80.96771,481080965396,id:260079106,store:09584,Barista,onsite,"6070 Garners Ferry Road, A, Columbia, South Carolina, United States",1,SC,CONUS_L0_002_008;CONUS_L1_008_028,2
2026-10-01,260060033,https://apply.starbucks.com/careers/job/481080079267,"barista - Store# 78580, S MAIN ST & GOVERNOR WILLIAMS HWY",BARISTA,78580,S MAIN ST & GOVERNOR WILLIAMS HWY,1002 Lochend Dr,Darlington,SC,,US,,1786161600,2026-08-08,54,2026-10-01,1786283298,2026-08-09,53,False,34.2827399,-79.86083839999999,481080079267,id:260060033,store:78580,Barista,onsite,"1002 Lochend Dr, Darlington, South Carolina, United States",1,SC,CONUS_L0_002_008;CONUS_L1_008_029;CONUS_L1_009_028,3
2026-10-01,260076350,https://apply.starbucks.com/careers/job/481080861850,"shift supervisor - Store# 78580, S MAIN ST & GOVERNOR WILLIAMS HWY",SHIFT_SUPERVISOR,78580,S MAIN ST & GOVERNOR WILLIAMS HWY,1002 Lochend Dr,Darlington,SC,,US,,1789444800,2026-09-15,16,2026-10-01,1789566795,2026-09-16,15,False,34.2827399,-79.86083839999999,481080861850,id:260076350,store:78580,Shift Supervisor,onsite,"1002 Lochend Dr, Darlington, South Carolina, United States",1,SC,CONUS_L0_002_008;CONUS_L1_008_029;CONUS_L1_009_028,3
2026-10-01,260071324,https://apply.starbucks.com/careers/job/481080742686,"shift supervisor - Store# 65996, ROSEWOOD & SLOAN ST",SHIFT_SUPERVISOR,65996,ROSEWOOD & SLOAN ST,"2807 Rosewood Dr., Suite 101",Columbia,SC,,US,,1788667200,2026-09-06,25,2026-10-01,1788789127,2026-09-07,24,False,33.98799,-81.00341,481080742686,id:260071324,store:65996,Shift Supervisor,onsite,"2807 Rosewood Dr., Suite 101, Columbia, South Carolina, United States",1,SC,CONUS_L0_002_008;CONUS_L1_008_028,2
2026-10-01,260053816,https://apply.starbucks.com/careers/job/481079404454,"barista - Store# 65996, ROSEWOOD & SLOAN ST",BARISTA,65996,ROSEWOOD & SLOAN ST,"2807 Rosewood Dr., Suite 101",Columbia,SC,,US,,1783569600,2026-07-09,84,2026-10-01,1783690898,2026-07-10,83,False,33.98799,-81.00341,481079404454,id:260053816,store:65996,Barista,onsite,"2807 Rosewood Dr., Suite 101, Columbia, South Carolina, United States",1,SC,CONUS_L0_002_008;CONUS_L1_008_028,2
2026-10-01,260072337,https://apply.starbucks.com/careers/job/481080778537,"barista - Store# 63059, MILLWOOD AVE & BUTLER ST",BARISTA,63059,MILLWOOD AVE & BUTLER ST,"3009 Millwood Ave., Suite 100",Columbia,SC,,US,,1788926400,2026-09-09,22,2026-10-01,1789048117,2026-09-10,21,False,34.00168,-80.99779,481080778537,id:260072337,store:63059,Barista,onsite,"3009 Millwood Ave., Suite 100, Columbia, South Carolina, United States",1,SC,CONUS_L0_002_008;CONUS_L1_008_028,2
2026-10-01,260071012,https://apply.starbucks.com/careers/job/481080742198,"shift supervisor - Store# 63059, MILLWOOD AVE & BUTLER ST",SHIFT_SUPERVISOR,63059,MILLWOOD AVE & BUTLER ST,"3009 Millwood Ave., Suite 100",Columbia,SC,,US,,1788667200,2026-09-06,25,2026-10-01,1788788873,2026-09-07,24,False,34.00168,-80.99779,481080742198,id:260071012,store:63059,Shift Supervisor,onsite,"3009 Millwood Ave., Suite 100, Columbia, South Carolina, United States",1,SC,CONUS_L0_002_008;CONUS_L1_008_028,2
2026-10-01,260073167,https://apply.starbucks.com/careers/job/481080797916,"shift supervisor - Store# 83274, I-77 & FOREST DRIVE",SHIFT_SUPERVISOR,83274,I-77 & FOREST DRIVE,5400 Forest Dr,Columbia,SC,,US,,1789012800,2026-09-10,21,2026-10-01,1789135672,2026-09-11,20,False,34.02284,-80.95317,481080797916,id:260073167,store:83274,Shift Supervisor,onsite,"5400 Forest Dr, Columbia, South Carolina, United States",1,SC,CONUS_L0_002_008;CONUS_L1_008_028,2
2026-10-01,260060009,https://apply.starbucks.com/careers/job/481080079246,"barista - Store# 83274, I-77 & FOREST DRIVE",BARISTA,83274,I-77 & FOREST DRIVE,5400 Forest Dr,Columbia,SC,,US,,1786161600,2026-08-08,54,2026-10-01,1786283279,2026-08-09,53,False,34.02284,-80.95317,481080079246,id:260060009,store:83274,Barista,onsite,"5400 Forest Dr, Columbia, South Carolina, United States",1,SC,CONUS_L0_002_008;CONUS_L1_008_028,2
2026-10-01,260079258,https://apply.starbucks.com/careers/job/481080978338,"barista - Store# 08573, FOREST & TRENHOLM",BARISTA,08573,FOREST & TRENHOLM,4840 Forest Drive,Columbia,SC,,US,,1790136000,2026-09-23,8,2026-10-01,1790257527,2026-09-24,7,False,34.0181866,-80.96469019999999,481080978338,id:260079258,store:08573,Barista,onsite,"4840 Forest Drive, Columbia, South Carolina, United States",1,SC,CONUS_L0_002_008;CONUS_L1_008_028,2
2026-10-01,260079030,https://apply.starbucks.com/careers/job/481080965221,"shift supervisor - Store# 08573, FOREST & TRENHOLM",SHIFT_SUPERVISOR,08573,FOREST & TRENHOLM,4840 Forest Drive,Columbia,SC,,US,,1790049600,2026-09-22,9,2026-10-01,1790171130,2026-09-23,8,False,34.0181866,-80.96469019999999,481080965221,id:260079030,store:08573,Shift Supervisor,onsite,"4840 Forest Drive, Columbia, South Carolina, United States",1,SC,CONUS_L0_002_008;CONUS_L1_008_028,2
2026-10-01,260069825,https://apply.starbucks.com/careers/job/481080730724,"barista - Store# 57618, KNOX ABBOTT AND 7TH STREET",BARISTA,57618,KNOX ABBOTT AND 7TH STREET,727 Knox Abbott Dr,Cayce,SC,,US,,1788580800,2026-09-05,26,2026-10-01,1788702409,2026-09-06,25,False,33.982455,-81.0609341,481080730724,id:260069825,store:57618,Barista,onsite,"727 Knox Abbott Dr, Cayce, South Carolina, United States",1,SC,CONUS_L0_002_008;CONUS_L1_008_028,2
2026-10-01,260069777,https://apply.starbucks.com/careers/job/481080730670,"shift supervisor - Store# 57618, KNOX ABBOTT AND 7TH STREET",SHIFT_SUPERVISOR,57618,KNOX ABBOTT AND 7TH STREET,727 Knox Abbott Dr,Cayce,SC,,US,,1788580800,2026-09-05,26,2026-10-01,1788702370,2026-09-06,25,False,33.982455,-81.0609341,481080730670,id:260069777,store:57618,Shift Supervisor,onsite,"727 Knox Abbott Dr, Cayce, South Carolina, United States",1,SC,CONUS_L0_002_008;CONUS_L1_008_028,2
2026-10-01,260069357,https://apply.starbucks.com/careers/job/481080730183,"shift supervisor - Store# 61508, PLATT SPRINGS RD & S LAKE DR",SHIFT_SUPERVISOR,61508,PLATT SPRINGS RD & S LAKE DR,5556 Platt Springs Road,Lexington,SC,,US,,1788580800,2026-09-05,26,2026-10-01,1788702038,2026-09-06,25,False,33.90912,-81.2274,481080730183,id:260069357,store:61508,Shift Supervisor,onsite,"5556 Platt Springs Road, Lexington, South Carolina, United States",1,SC,CONUS_L0_002_008;CONUS_L1_008_028,2
2026-10-01,260077151,https://apply.starbucks.com/careers/job/481080890678,"barista - Store# 61508, PLATT SPRINGS RD & S LAKE DR",BARISTA,61508,PLATT SPRINGS RD & S LAKE DR,5556 Platt Springs Road,Lexington,SC,,US,,1789617600,2026-09-17,14,2026-10-01,1789738907,2026-09-18,13,False,33.90912,-81.2274,481080890678,id:260077151,store:61508,Barista,onsite,"5556 Platt Springs Road, Lexington, South Carolina, United States",1,SC,CONUS_L0_002_008;CONUS_L1_008_028,2
2026-10-01,260064852,https://apply.starbucks.com/careers/job/481080612652,store manager,STORE_MANAGER,,,,Columbia,SC,,US,,1790286901,2026-09-24,7,2026-10-01,1788183331,2026-08-31,31,True,34.0007104,-81.0348144,481080612652,id:260064852,,Coffeehouse Leader,onsite,"Columbia, South Carolina, United States",1,SC,CONUS_L0_002_008,1
2026-10-01,260056459,https://apply.starbucks.com/careers/job/481079498701,"barista - Store# 63554, PROVIDENCE STREET AND FOREST DRIVE",BARISTA,63554,PROVIDENCE STREET AND FOREST DRIVE,2509 Forest Dr,Columbia,SC,,US,,1784001600,2026-07-14,79,2026-10-01,1784123208,2026-07-15,78,False,34.01372,-81.01057,481079498701,id:260056459,store:63554,Barista,onsite,"2509 Forest Dr, Columbia, South Carolina, United States",1,SC,CONUS_L0_002_008;CONUS_L1_008_028,2
2026-10-01,260070574,https://apply.starbucks.com/careers/job/481080741646,"shift supervisor - Store# 63554, PROVIDENCE STREET AND FOREST DRIVE",SHIFT_SUPERVISOR,63554,PROVIDENCE STREET AND FOREST DRIVE,2509 Forest Dr,Columbia,SC,,US,,1788667200,2026-09-06,25,2026-10-01,1788788525,2026-09-07,24,False,34.01372,-81.01057,481080741646,id:260070574,store:63554,Shift Supervisor,onsite,"2509 Forest Dr, Columbia, South Carolina, United States",1,SC,CONUS_L0_002_008;CONUS_L1_008_028,2
2026-10-01,260077015,https://apply.starbucks.com/careers/job/481080875296,"shift supervisor - Store# 59281, HIGHWAY 1 AND DREHER",SHIFT_SUPERVISOR,59281,HIGHWAY 1 AND DREHER,2408 Augusta Rd,West Columbia,SC,,US,,1789531200,2026-09-16,15,2026-10-01,1789652655,2026-09-17,14,False,33.983118,-81.099372,481080875296,id:260077015,store:59281,Shift Supervisor,onsite,"2408 Augusta Rd, West Columbia, South Carolina, United States",1,SC,CONUS_L0_002_008;CONUS_L1_008_028,2
2026-10-01,260072326,https://apply.starbucks.com/careers/job/481080778504,"barista - Store# 59280, BULL STREET AND FREED STREET",BARISTA,59280,BULL STREET AND FREED STREET,1550 Freed St.,Columbia,SC,,US,,1788926400,2026-09-09,22,2026-10-01,1789048108,2026-09-10,21,False,34.01587,-81.03434,481080778504,id:260072326,store:59280,Barista,onsite,"1550 Freed St., Columbia, South Carolina, United States",1,SC,CONUS_L0_002_008;CONUS_L1_008_028,2
2026-10-01,260069729,https://apply.starbucks.com/careers/job/481080730618,"shift supervisor - Store# 59280, BULL STREET AND FREED STREET",SHIFT_SUPERVISOR,59280,BULL STREET AND FREED STREET,1550 Freed St.,Columbia,SC,,US,,1788580800,2026-09-05,26,2026-10-01,1788702332,2026-09-06,25,False,34.01587,-81.03434,481080730618,id:260069729,store:59280,Shift Supervisor,onsite,"1550 Freed St., Columbia, South Carolina, United States",1,SC,CONUS_L0_002_008;CONUS_L1_008_028,2
2026-10-01,260057983,https://apply.starbucks.com/careers/job/481079710379,"barista - Store# 65193, I-20 AND SPEARS CREEK CHURCH RD",BARISTA,65193,I-20 AND SPEARS CREEK CHURCH RD,901 Spears Creek Ct.,Elgin,SC,,US,,1784779200,2026-07-23,70,2026-10-01,1784900734,2026-07-24,69,False,34.10649,-80.8317,481079710379,id:260057983,store:65193,Barista,onsite,"901 Spears Creek Ct., Elgin, South Carolina, United States",1,SC,CONUS_L0_002_008;CONUS_L1_008_028,2
2026-10-01,260077465,https://apply.starbucks.com/careers/job/481080891107,"shift supervisor - Store# 65193, I-20 AND SPEARS CREEK CHURCH RD",SHIFT_SUPERVISOR,65193,I-20 AND SPEARS CREEK CHURCH RD,901 Spears Creek Ct.,Elgin,SC,,US,,1789617600,2026-09-17,14,2026-10-01,1789739178,2026-09-18,13,False,34.10649,-80.8317,481080891107,id:260077465,store:65193,Shift Supervisor,onsite,"901 Spears Creek Ct., Elgin, South Carolina, United States",1,SC,CONUS_L0_002_008;CONUS_L1_008_028,2
2026-10-01,260053319,https://apply.starbucks.com/careers/job/481079320067,"shift supervisor - Store# 27869, I-26 & HWY 378 - COLUMBIA, SC",SHIFT_SUPERVISOR,27869,"I-26 & HWY 378 - COLUMBIA, SC",2505 Sunset Blvd,West Columbia,SC,,US,,1783310400,2026-07-06,87,2026-10-01,1783431982,2026-07-07,86,False,34.00348,-81.10783,481079320067,id:260053319,store:27869,Shift Supervisor,onsite,"2505 Sunset Blvd, West Columbia, South Carolina, United States",1,SC,CONUS_L0_002_008;CONUS_L1_008_028,2
2026-10-01,260071444,https://apply.starbucks.com/careers/job/481080752156,"barista - Store# 27869, I-26 & HWY 378 - COLUMBIA, SC",BARISTA,27869,"I-26 & HWY 378 - COLUMBIA, SC",2505 Sunset Blvd,West Columbia,SC,,US,,1788753600,2026-09-07,24,2026-10-01,1788875081,2026-09-08,23,False,34.00348,-81.10783,481080752156,id:260071444,store:27869,Barista,onsite,"2505 Sunset Blvd, West Columbia, South Carolina, United States",1,SC,CONUS_L0_002_008;CONUS_L1_008_028,2
2026-10-01,260070529,https://apply.starbucks.com/careers/job/481080741581,"shift supervisor - Store# 66665, I-20 & Longs Pond Rd",SHIFT_SUPERVISOR,66665,I-20 & Longs Pond Rd,"356 Longs Pond Rd, A",Lexington,SC,,US,,1788667200,2026-09-06,25,2026-10-01,1788788491,2026-09-07,24,False,33.922452,-81.29036099999999,481080741581,id:260070529,store:66665,Shift Supervisor,onsite,"356 Longs Pond Rd, A, Lexington, South Carolina, United States",1,SC,CONUS_L0_002_008;CONUS_L1_008_028,2
2026-10-01,260070411,https://apply.starbucks.com/careers/job/481080741420,"barista - Store# 66665, I-20 & Longs Pond Rd",BARISTA,66665,I-20 & Longs Pond Rd,"356 Longs Pond Rd, A",Lexington,SC,,US,,1788667200,2026-09-06,25,2026-10-01,1788788396,2026-09-07,24,False,33.922452,-81.29036099999999,481080741420,id:260070411,store:66665,Barista,onsite,"356 Longs Pond Rd, A, Lexington, South Carolina, United States",1,SC,CONUS_L0_002_008;CONUS_L1_008_028,2
2026-10-01,260069369,https://apply.starbucks.com/careers/job/481080730189,"shift supervisor - Store# 56769, TWO NOTCH & RABON",SHIFT_SUPERVISOR,56769,TWO NOTCH & RABON,9007 Two Notch Rd,Columbia,SC,,US,,1788580800,2026-09-05,26,2026-10-01,1788702048,2026-09-06,25,False,34.0911642,-80.9267991,481080730189,id:260069369,store:56769,Shift Supervisor,onsite,"9007 Two Notch Rd, Columbia, South Carolina, United States",1,SC,CONUS_L0_002_008;CONUS_L1_008_028,2
2026-10-01,260071722,https://apply.starbucks.com/careers/job/481080764621,"shift supervisor - Store# 78511, I-20 & HWY 521",SHIFT_SUPERVISOR,78511,I-20 & HWY 521,449 Sumter Hwy,Camden,SC,,US,,1788840000,2026-09-08,23,2026-10-01,1788961352,2026-09-09,22,False,34.21842,-80.59478,481080764621,id:260071722,store:78511,Shift Supervisor,onsite,"449 Sumter Hwy, Camden, South Carolina, United States",1,SC,CONUS_L0_002_008;CONUS_L1_008_028,2
2026-10-01,260072992,https://apply.starbucks.com/careers/job/481080797577,"barista - Store# 78511, I-20 & HWY 521",BARISTA,78511,I-20 & HWY 521,449 Sumter Hwy,Camden,SC,,US,,1789012800,2026-09-10,21,2026-10-01,1789135525,2026-09-11,20,False,34.21842,-80.59478,481080797577,id:260072992,store:78511,Barista,onsite,"449 Sumter Hwy, Camden, South Carolina, United States",1,SC,CONUS_L0_002_008;CONUS_L1_008_028,2
2026-10-01,260053182,https://apply.starbucks.com/careers/job/481079230289,"barista - Store# 24423, I-20 & SALUDA POINTE COURT",BARISTA,24423,I-20 & SALUDA POINTE COURT,"105 Saluda Pointe Ct, A",Lexington,SC,,US,,1783137600,2026-07-04,89,2026-10-01,1783258927,2026-07-05,88,False,34.01285,-81.15156,481079230289,id:260053182,store:24423,Barista,onsite,"105 Saluda Pointe Ct, A, Lexington, South Carolina, United States",1,SC,CONUS_L0_002_008,1
2026-10-01,260070811,https://apply.starbucks.com/careers/job/481080742043,"shift supervisor - Store# 24423, I-20 & SALUDA POINTE COURT",SHIFT_SUPERVISOR,24423,I-20 & SALUDA POINTE COURT,"105 Saluda Pointe Ct, A",Lexington,SC,,US,,1788667200,2026-09-06,25,2026-10-01,1788788712,2026-09-07,24,False,34.01285,-81.15156,481080742043,id:260070811,store:24423,Shift Supervisor,onsite,"105 Saluda Pointe Ct, A, Lexington, South Carolina, United States",1,SC,CONUS_L0_002_008;CONUS_L1_008_028,2
2026-10-01,260064598,https://apply.starbucks.com/careers/job/481080613590,"barista - Store# 11552, E MARTINTOWN RD & OLD EDGEFIELD RD",BARISTA,11552,E MARTINTOWN RD & OLD EDGEFIELD RD,1234 Knox Ave,North Augusta,SC,,US,,1788062400,2026-08-30,32,2026-10-01,1788183947,2026-08-31,31,False,33.50375,-81.95962,481080613590,id:260064598,store:11552,Barista,onsite,"1234 Knox Ave, North Augusta, South Carolina, United States",1,SC,CONUS_L0_002_008;CONUS_L1_008_027,2
2026-10-01,260066887,https://apply.starbucks.com/careers/job/481080698443,"shift supervisor - Store# 11552, E MARTINTOWN RD & OLD EDGEFIELD RD",SHIFT_SUPERVISOR,11552,E MARTINTOWN RD & OLD EDGEFIELD RD,1234 Knox Ave,North Augusta,SC,,US,,1788321600,2026-09-02,29,2026-10-01,1788455775,2026-09-03,28,False,33.50375,-81.95962,481080698443,id:260066887,store:11552,Shift Supervisor,onsite,"1234 Knox Ave, North Augusta, South Carolina, United States",1,SC,CONUS_L0_002_008;CONUS_L1_008_027,2
2026-10-01,260073087,https://apply.starbucks.com/careers/job/481080797798,"shift supervisor - Store# 83285, I-20 & BETTIS ACADEMY RD",SHIFT_SUPERVISOR,83285,I-20 & BETTIS ACADEMY RD,8017 Slate Blue Bnd,Graniteville,SC,,US,,1789012800,2026-09-10,21,2026-10-01,1789135605,2026-09-11,20,False,33.6019693,-81.8422859,481080797798,id:260073087,store:83285,Shift Supervisor,onsite,"8017 Slate Blue Bnd, Graniteville, South Carolina, United States",1,SC,CONUS_L0_002_008;CONUS_L1_008_027;CONUS_L1_008_028,3
2026-10-01,260058943,https://apply.starbucks.com/careers/job/481079944434,"barista - Store# 83285, I-20 & BETTIS ACADEMY RD",BARISTA,83285,I-20 & BETTIS ACADEMY RD,8017 Slate Blue Bnd,Graniteville,SC,,US,,1785297600,2026-07-29,64,2026-10-01,1785418771,2026-07-30,63,False,33.6019693,-81.8422859,481079944434,id:260058943,store:83285,Barista,onsite,"8017 Slate Blue Bnd, Graniteville, South Carolina, United States",1,SC,CONUS_L0_002_008;CONUS_L1_008_027;CONUS_L1_008_028,3
2026-10-01,260065589,https://apply.starbucks.com/careers/job/481080677848,"shift supervisor - Store# 11292, Clemson Road & Village of Sandhill",SHIFT_SUPERVISOR,11292,Clemson Road & Village of Sandhill,163-8 Forum Dr,Columbia,SC,,US,,1788321600,2026-09-02,29,2026-10-01,1788357221,2026-09-02,29,False,34.1334,-80.87884,481080677848,id:260065589,store:11292,Shift Supervisor,onsite,"163-8 Forum Dr, Columbia, South Carolina, United States",1,SC,CONUS_L0_002_008;CONUS_L1_008_028,2
2026-10-01,260060914,https://apply.starbucks.com/careers/job/481080183405,"barista - Store# 11292, Clemson Road & Village of Sandhill",BARISTA,11292,Clemson Road & Village of Sandhill,163-8 Forum Dr,Columbia,SC,,US,,1786766400,2026-08-15,47,2026-10-01,1786887965,2026-08-16,46,False,34.1334,-80.87884,481080183405,id:260060914,store:11292,Barista,onsite,"163-8 Forum Dr, Columbia, South Carolina, United States",1,SC,CONUS_L0_002_008;CONUS_L1_008_028,2
2026-10-01,260069941,https://apply.starbucks.com/careers/job/481080730882,"shift supervisor - Store# 15730, 5555 SUNSET BLVD.",SHIFT_SUPERVISOR,15730,5555 SUNSET BLVD.,5555 Sunset Blvd,Lexington,SC,,US,,1788580800,2026-09-05,26,2026-10-01,1788702499,2026-09-06,25,False,33.99568,-81.22308,481080730882,id:260069941,store:15730,Shift Supervisor,onsite,"5555 Sunset Blvd, Lexington, South Carolina, United States",1,SC,CONUS_L0_002_008;CONUS_L1_008_028,2
2026-10-01,260071077,https://apply.starbucks.com/careers/job/481080742309,"barista - Store# 15730, 5555 SUNSET BLVD.",BARISTA,15730,5555 SUNSET BLVD.,5555 Sunset Blvd,Lexington,SC,,US,,1788667200,2026-09-06,25,2026-10-01,1788788927,2026-09-07,24,False,33.99568,-81.22308,481080742309,id:260071077,store:15730,Barista,onsite,"5555 Sunset Blvd, Lexington, South Carolina, United States",1,SC,CONUS_L0_002_008;CONUS_L1_008_028,2
2026-10-01,260077987,https://apply.starbucks.com/careers/job/481080923296,"shift supervisor - Store# 60583, 4TH AND WESTFIELD ST",SHIFT_SUPERVISOR,60583,4TH AND WESTFIELD ST,181 Westfield St,Hartsville,SC,,US,,1789790400,2026-09-19,12,2026-10-01,1789911646,2026-09-20,11,False,34.36168,-80.06344,481080923296,id:260077987,store:60583,Shift Supervisor,onsite,"181 Westfield St, Hartsville, South Carolina, United States",1,SC,CONUS_L0_002_008;CONUS_L1_008_029;CONUS_L1_009_028,3
2026-10-01,260053329,https://apply.starbucks.com/careers/job/481079320114,"barista - Store# 65994, HARD SCRABBLE RD AND LEE RD",BARISTA,65994,HARD SCRABBLE RD AND LEE RD,4551 Hard Scrabble Rd,Columbia,SC,,US,,1783310400,2026-07-06,87,2026-10-01,1783431990,2026-07-07,86,False,34.1498,-80.91225,481079320114,id:260053329,store:65994,Barista,onsite,"4551 Hard Scrabble Rd, Columbia, South Carolina, United States",1,SC,CONUS_L0_002_008;CONUS_L1_008_028,2
2026-10-01,260064411,https://apply.starbucks.com/careers/job/481080613197,"shift supervisor - Store# 65994, HARD SCRABBLE RD AND LEE RD",SHIFT_SUPERVISOR,65994,HARD SCRABBLE RD AND LEE RD,4551 Hard Scrabble Rd,Columbia,SC,,US,,1788062400,2026-08-30,32,2026-10-01,1788183792,2026-08-31,31,False,34.1498,-80.91225,481080613197,id:260064411,store:65994,Shift Supervisor,onsite,"4551 Hard Scrabble Rd, Columbia, South Carolina, United States",1,SC,CONUS_L0_002_008;CONUS_L1_008_028,2
2026-10-01,260069869,https://apply.starbucks.com/careers/job/481080730772,"shift supervisor - Store# 59764, I-95 & RADFORD",SHIFT_SUPERVISOR,59764,I-95 & RADFORD,709 Radford Blvd,Dillon,SC,,US,,1788580800,2026-09-05,26,2026-10-01,1788702443,2026-09-06,25,False,34.43789,-79.37117,481080730772,id:260069869,store:59764,Shift Supervisor,onsite,"709 Radford Blvd, Dillon, South Carolina, United States",1,SC,CONUS_L0_002_008;CONUS_L0_003_008;CONUS_L1_008_029;CONUS_L1_009_028,4
2026-10-01,260073652,https://apply.starbucks.com/careers/job/481080813042,"barista - Store# 59764, I-95 & RADFORD",BARISTA,59764,I-95 & RADFORD,709 Radford Blvd,Dillon,SC,,US,,1789185600,2026-09-12,19,2026-10-01,1789307105,2026-09-13,18,False,34.43789,-79.37117,481080813042,id:260073652,store:59764,Barista,onsite,"709 Radford Blvd, Dillon, South Carolina, United States",1,SC,CONUS_L0_002_008;CONUS_L0_003_008;CONUS_L1_008_029;CONUS_L1_009_028,4
2026-10-01,260063367,https://apply.starbucks.com/careers/job/481080566127,"barista - Store# 59632, US 1 & CHARTER OAK RD",BARISTA,59632,US 1 & CHARTER OAK RD,2418 Augusta Hwy,Lexington,SC,,US,,1787803200,2026-08-27,35,2026-10-01,1787924865,2026-08-28,34,False,33.98005,-81.30427,481080566127,id:260063367,store:59632,Barista,onsite,"2418 Augusta Hwy, Lexington, South Carolina, United States",1,SC,CONUS_L0_002_008;CONUS_L1_008_028,2
2026-10-01,260069737,https://apply.starbucks.com/careers/job/481080730627,"shift supervisor - Store# 55827, KILLIAN CROSSING AND ROBERTS BRANCH",SHIFT_SUPERVISOR,55827,KILLIAN CROSSING AND ROBERTS BRANCH,"1033 Roberts Branch Parkway, 201",Columbia,SC,,US,,1788580800,2026-09-05,26,2026-10-01,1788702338,2026-09-06,25,False,34.14042,-80.95168,481080730627,id:260069737,store:55827,Shift Supervisor,onsite,"1033 Roberts Branch Parkway, 201, Columbia, South Carolina, United States",1,SC,CONUS_L0_002_008;CONUS_L1_008_028,2
2026-10-01,260078650,https://apply.starbucks.com/careers/job/481080949590,"barista - Store# 55827, KILLIAN CROSSING AND ROBERTS BRANCH",BARISTA,55827,KILLIAN CROSSING AND ROBERTS BRANCH,"1033 Roberts Branch Parkway, 201",Columbia,SC,,US,,1789963200,2026-09-21,10,2026-10-01,1790084426,2026-09-22,9,False,34.14042,-80.95168,481080949590,id:260078650,store:55827,Barista,onsite,"1033 Roberts Branch Parkway, 201, Columbia, South Carolina, United States",1,SC,CONUS_L0_002_008;CONUS_L1_008_028,2
2026-10-01,260068954,https://apply.starbucks.com/careers/job/481080710361,"shift supervisor - Store# 52026, Highway 601 and Springdale Dr",SHIFT_SUPERVISOR,52026,Highway 601 and Springdale Dr,"2184 W Dekalb St, C",Camden,SC,,US,,1788408000,2026-09-03,28,2026-10-01,1788530175,2026-09-04,27,False,34.2502148,-80.64413379999999,481080710361,id:260068954,store:52026,Shift Supervisor,onsite,"2184 W Dekalb St, C, Camden, South Carolina, United States",1,SC,CONUS_L0_002_008;CONUS_L1_008_028,2
2026-10-01,260074034,https://apply.starbucks.com/careers/job/481080813661,"barista - Store# 52026, Highway 601 and Springdale Dr",BARISTA,52026,Highway 601 and Springdale Dr,"2184 W Dekalb St, C",Camden,SC,,US,,1789185600,2026-09-12,19,2026-10-01,1789307461,2026-09-13,18,False,34.2502148,-80.64413379999999,481080813661,id:260074034,store:52026,Barista,onsite,"2184 W Dekalb St, C, Camden, South Carolina, United States",1,SC,CONUS_L0_002_008;CONUS_L1_008_028,2
2026-10-01,260077485,https://apply.starbucks.com/careers/job/481080891128,"barista - Store# 65072, HWY 25 & WALNUT LANE",BARISTA,65072,HWY 25 & WALNUT LANE,1062 Edgefield Rd,North Augusta,SC,,US,,1789617600,2026-09-17,14,2026-10-01,1789739196,2026-09-18,13,False,33.57501,-81.93944,481080891128,id:260077485,store:65072,Barista,onsite,"1062 Edgefield Rd, North Augusta, South Carolina, United States",1,SC,CONUS_L0_002_008;CONUS_L1_008_027;CONUS_L1_008_028,3
2026-10-01,260070833,https://apply.starbucks.com/careers/job/481080741961,"shift supervisor - Store# 65072, HWY 25 & WALNUT LANE",SHIFT_SUPERVISOR,65072,HWY 25 & WALNUT LANE,1062 Edgefield Rd,North Augusta,SC,,US,,1788667200,2026-09-06,25,2026-10-01,1788788729,2026-09-07,24,False,33.57501,-81.93944,481080741961,id:260070833,store:65072,Shift Supervisor,onsite,"1062 Edgefield Rd, North Augusta, South Carolina, United States",1,SC,CONUS_L0_002_008;CONUS_L1_008_027;CONUS_L1_008_028,3
2026-10-01,260071275,https://apply.starbucks.com/careers/job/481080742627,"barista - Store# 62901, I-26 & PINEY GROVE",BARISTA,62901,I-26 & PINEY GROVE,475 Piney Grove Road,Columbia,SC,,US,,1788667200,2026-09-06,25,2026-10-01,1788789088,2026-09-07,24,False,34.06809399999999,-81.141346,481080742627,id:260071275,store:62901,Barista,onsite,"475 Piney Grove Road, Columbia, South Carolina, United States",1,SC,CONUS_L0_002_008;CONUS_L1_008_028,2
2026-10-01,260070831,https://apply.starbucks.com/careers/job/481080742114,"shift supervisor - Store# 62901, I-26 & PINEY GROVE",SHIFT_SUPERVISOR,62901,I-26 & PINEY GROVE,475 Piney Grove Road,Columbia,SC,,US,,1788667200,2026-09-06,25,2026-10-01,1788788728,2026-09-07,24,False,34.06809399999999,-81.141346,481080742114,id:260070831,store:62901,Shift Supervisor,onsite,"475 Piney Grove Road, Columbia, South Carolina, United States",1,SC,CONUS_L0_002_008;CONUS_L1_008_028,2
2026-10-01,260078315,https://apply.starbucks.com/careers/job/481080936163,"barista - Store# 62162, LAKE MURRAY BLVD & ST. ANDREWS RD",BARISTA,62162,LAKE MURRAY BLVD & ST. ANDREWS RD,1245 Lake Murray Blvd,Irmo,SC,,US,,1789876800,2026-09-20,11,2026-10-01,1789998167,2026-09-21,10,False,34.0862,-81.18229,481080936163,id:260078315,store:62162,Barista,onsite,"1245 Lake Murray Blvd, Irmo, South Carolina, United States",1,SC,CONUS_L0_002_008;CONUS_L1_008_028,2
2026-10-01,260077948,https://apply.starbucks.com/careers/job/481080923143,"shift supervisor - Store# 62162, LAKE MURRAY BLVD & ST. ANDREWS RD",SHIFT_SUPERVISOR,62162,LAKE MURRAY BLVD & ST. ANDREWS RD,1245 Lake Murray Blvd,Irmo,SC,,US,,1789790400,2026-09-19,12,2026-10-01,1789911613,2026-09-20,11,False,34.0862,-81.18229,481080923143,id:260077948,store:62162,Shift Supervisor,onsite,"1245 Lake Murray Blvd, Irmo, South Carolina, United States",1,SC,CONUS_L0_002_008;CONUS_L1_008_028,2
2026-10-01,260070595,https://apply.starbucks.com/careers/job/481080741678,"shift supervisor - Store# 65995, E CHURCH ST & HENDRIX",SHIFT_SUPERVISOR,65995,E CHURCH ST & HENDRIX,200 E Church St,Leesville,SC,,US,,1788667200,2026-09-06,25,2026-10-01,1788788542,2026-09-07,24,False,33.914871,-81.52494399999999,481080741678,id:260070595,store:65995,Shift Supervisor,onsite,"200 E Church St, Leesville, South Carolina, United States",1,SC,CONUS_L0_002_008;CONUS_L1_008_027;CONUS_L1_008_028,3
2026-10-01,260053125,https://apply.starbucks.com/careers/job/481079230217,"barista - Store# 56038, I-26 & BROAD RIVER",BARISTA,56038,I-26 & BROAD RIVER,7688 Broad River Road,Irmo,SC,,US,,1783137600,2026-07-04,89,2026-10-01,1783258884,2026-07-05,88,False,34.09989,-81.17757,481079230217,id:260053125,store:56038,Barista,onsite,"7688 Broad River Road, Irmo, South Carolina, United States",1,SC,CONUS_L0_002_008,1
2026-10-01,260070101,https://apply.starbucks.com/careers/job/481080731058,"shift supervisor - Store# 56038, I-26 & BROAD RIVER",SHIFT_SUPERVISOR,56038,I-26 & BROAD RIVER,7688 Broad River Road,Irmo,SC,,US,,1788580800,2026-09-05,26,2026-10-01,1788702626,2026-09-06,25,False,34.09989,-81.17757,481080731058,id:260070101,store:56038,Shift Supervisor,onsite,"7688 Broad River Road, Irmo, South Carolina, United States",1,SC,CONUS_L0_002_008;CONUS_L1_008_028,2
2026-10-01,260072365,https://apply.starbucks.com/careers/job/481080778569,"barista - Store# 69007, DUTCH FORK RD & BROAD RIVER RD",BARISTA,69007,DUTCH FORK RD & BROAD RIVER RD,1185 Dutch Fork Rd,Irmo,SC,,US,,1788926400,2026-09-09,22,2026-10-01,1789048141,2026-09-10,21,False,34.12536,-81.22428,481080778569,id:260072365,store:69007,Barista,onsite,"1185 Dutch Fork Rd, Irmo, South Carolina, United States",1,SC,CONUS_L0_002_008;CONUS_L1_008_028,2
2026-10-01,260071299,https://apply.starbucks.com/careers/job/481080742646,"shift supervisor - Store# 69007, DUTCH FORK RD & BROAD RIVER RD",SHIFT_SUPERVISOR,69007,DUTCH FORK RD & BROAD RIVER RD,1185 Dutch Fork Rd,Irmo,SC,,US,,1788667200,2026-09-06,25,2026-10-01,1788789107,2026-09-07,24,False,34.12536,-81.22428,481080742646,id:260071299,store:69007,Shift Supervisor,onsite,"1185 Dutch Fork Rd, Irmo, South Carolina, United States",1,SC,CONUS_L0_002_008;CONUS_L1_008_028,2
2026-10-01,260080346,https://apply.starbucks.com/careers/job/481081059240,"barista - Store# 56070, MAIN ST AND WILSON ROAD",BARISTA,56070,MAIN ST AND WILSON ROAD,1216 Wilson Rd,Newberry,SC,,US,,1790568000,2026-09-28,3,2026-10-01,1790689746,2026-09-29,2,False,34.28347,-81.59604,481081059240,id:260080346,store:56070,Barista,onsite,"1216 Wilson Rd, Newberry, South Carolina, United States",1,SC,CONUS_L0_002_008;CONUS_L1_008_028;CONUS_L1_009_027,3
2026-10-01,260070121,https://apply.starbucks.com/careers/job/481080731059,"shift supervisor - Store# 56070, MAIN ST AND WILSON ROAD",SHIFT_SUPERVISOR,56070,MAIN ST AND WILSON ROAD,1216 Wilson Rd,Newberry,SC,,US,,1788580800,2026-09-05,26,2026-10-01,1788702641,2026-09-06,25,False,34.28347,-81.59604,481080731059,id:260070121,store:56070,Shift Supervisor,onsite,"1216 Wilson Rd, Newberry, South Carolina, United States",1,SC,CONUS_L0_002_008;CONUS_L1_008_028;CONUS_L1_009_027,3
2026-10-01,260071642,https://apply.starbucks.com/careers/job/481080764498,"shift supervisor - Store# 71184, MAIN & E ALEXANDER",SHIFT_SUPERVISOR,71184,MAIN & E ALEXANDER,109 E Alexander Ave,Greenwood,SC,,US,,1788840000,2026-09-08,24,2026-10-02,1788961290,2026-09-09,23,False,34.17842,-82.15204,481080764498,id:260071642,store:71184,Shift Supervisor,onsite,"109 E Alexander Ave, Greenwood, South Carolina, United States",1,SC,CONUS_L1_008_027,1
2026-10-01,260080741,https://apply.starbucks.com/careers/job/481081097942,"barista - Store# 71184, MAIN & E ALEXANDER",BARISTA,71184,MAIN & E ALEXANDER,109 E Alexander Ave,Greenwood,SC,,US,,1790740800,2026-09-30,2,2026-10-02,1790861954,2026-10-01,1,False,34.17842,-82.15204,481081097942,id:260080741,store:71184,Barista,onsite,"109 E Alexander Ave, Greenwood, South Carolina, United States",1,SC,CONUS_L1_008_027,1
2026-10-01,260066866,https://apply.starbucks.com/careers/job/481080698399,"barista - Store# 11551, HWY 25 & HWY 72",BARISTA,11551,HWY 25 & HWY 72,310 Bypass 72 NW,Greenwood,SC,,US,,1788321600,2026-09-02,30,2026-10-02,1788455755,2026-09-03,29,False,34.21113,-82.17885,481080698399,id:260066866,store:11551,Barista,onsite,"310 Bypass 72 NW, Greenwood, South Carolina, United States",1,SC,CONUS_L1_008_027,1
2026-10-01,260066330,https://apply.starbucks.com/careers/job/481080679249,"shift supervisor - Store# 11551, HWY 25 & HWY 72",SHIFT_SUPERVISOR,11551,HWY 25 & HWY 72,310 Bypass 72 NW,Greenwood,SC,,US,,1788321600,2026-09-02,30,2026-10-02,1788357880,2026-09-02,30,False,34.21113,-82.17885,481080679249,id:260066330,store:11551,Shift Supervisor,onsite,"310 Bypass 72 NW, Greenwood, South Carolina, United States",1,SC,CONUS_L1_008_027,1
2026-10-01,260059541,https://apply.starbucks.com/careers/job/481080000924,"barista - Store# 70641, HWY 28 & BUS 29",BARISTA,70641,HWY 28 & BUS 29,414 Highway 28 Bypass,Anderson,SC,,US,,1785729600,2026-08-03,60,2026-10-02,1785851188,2026-08-04,59,False,34.48292,-82.66469,481080000924,id:260059541,store:70641,Barista,onsite,"414 Highway 28 Bypass, Anderson, South Carolina, United States",1,SC,CONUS_L1_008_027;CONUS_L1_009_026,2
2026-10-01,260071772,https://apply.starbucks.com/careers/job/481080764647,"shift supervisor - Store# 70641, HWY 28 & BUS 29",SHIFT_SUPERVISOR,70641,HWY 28 & BUS 29,414 Highway 28 Bypass,Anderson,SC,,US,,1788840000,2026-09-08,24,2026-10-02,1788961391,2026-09-09,23,False,34.48292,-82.66469,481080764647,id:260071772,store:70641,Shift Supervisor,onsite,"414 Highway 28 Bypass, Anderson, South Carolina, United States",1,SC,CONUS_L1_008_027;CONUS_L1_009_026,2
2026-10-01,260080198,https://apply.starbucks.com/careers/job/481081058987,"shift supervisor - Store# 26366, SC 81 AND CORNELIA - ANDERSON, SC",SHIFT_SUPERVISOR,26366,"SC 81 AND CORNELIA - ANDERSON, SC",1643 E Greenville St,Anderson,SC,,US,,1790568000,2026-09-28,4,2026-10-02,1790689611,2026-09-29,3,False,34.53097,-82.63439,481081058987,id:260080198,store:26366,Shift Supervisor,onsite,"1643 E Greenville St, Anderson, South Carolina, United States",1,SC,CONUS_L1_008_027;CONUS_L1_009_026,2
2026-10-01,260076982,https://apply.starbucks.com/careers/job/481080875260,"barista - Store# 26366, SC 81 AND CORNELIA - ANDERSON, SC",BARISTA,26366,"SC 81 AND CORNELIA - ANDERSON, SC",1643 E Greenville St,Anderson,SC,,US,,1789531200,2026-09-16,16,2026-10-02,1789652624,2026-09-17,15,False,34.53097,-82.63439,481080875260,id:260076982,store:26366,Barista,onsite,"1643 E Greenville St, Anderson, South Carolina, United States",1,SC,CONUS_L1_008_027;CONUS_L1_009_026,2
2026-10-01,260080103,https://apply.starbucks.com/careers/job/481081029811,"shift supervisor - Store# 81197, HWY 28 & WHITEHALL RD",SHIFT_SUPERVISOR,81197,HWY 28 & WHITEHALL RD,1430 Pearman Dairy Rd,Anderson,SC,,US,,1790481600,2026-09-27,5,2026-10-02,1790603488,2026-09-28,4,False,34.5265625,-82.694442,481081029811,id:260080103,store:81197,Shift Supervisor,onsite,"1430 Pearman Dairy Rd, Anderson, South Carolina, United States",1,SC,CONUS_L1_008_027;CONUS_L1_009_026,2
2026-10-01,260058159,https://apply.starbucks.com/careers/job/481079849606,"barista - Store# 81197, HWY 28 & WHITEHALL RD",BARISTA,81197,HWY 28 & WHITEHALL RD,1430 Pearman Dairy Rd,Anderson,SC,,US,,1784952000,2026-07-25,69,2026-10-02,1785073430,2026-07-26,68,False,34.5265625,-82.694442,481079849606,id:260058159,store:81197,Barista,onsite,"1430 Pearman Dairy Rd, Anderson, South Carolina, United States",1,SC,CONUS_L1_008_027;CONUS_L1_009_026,2
2026-10-01,260067794,https://apply.starbucks.com/careers/job/481080699719,"barista - Store# 17084, CLEMSON BLVD & LIBERTY HWY - ANDERSON",BARISTA,17084,CLEMSON BLVD & LIBERTY HWY - ANDERSON,3556 Clemson Blvd,Anderson,SC,,US,,1788321600,2026-09-02,30,2026-10-02,1788456629,2026-09-03,29,False,34.55243,-82.67827,481080699719,id:260067794,store:17084,Barista,onsite,"3556 Clemson Blvd, Anderson, South Carolina, United States",1,SC,CONUS_L1_008_027;CONUS_L1_009_026,2
2026-10-01,260072156,https://apply.starbucks.com/careers/job/481080765260,"shift supervisor - Store# 17084, CLEMSON BLVD & LIBERTY HWY - ANDERSON",SHIFT_SUPERVISOR,17084,CLEMSON BLVD & LIBERTY HWY - ANDERSON,3556 Clemson Blvd,Anderson,SC,,US,,1788840000,2026-09-08,24,2026-10-02,1788961704,2026-09-09,23,False,34.55243,-82.67827,481080765260,id:260072156,store:17084,Shift Supervisor,onsite,"3556 Clemson Blvd, Anderson, South Carolina, United States",1,SC,CONUS_L1_008_027;CONUS_L1_009_026,2
2026-10-01,260061159,https://apply.starbucks.com/careers/job/481080229031,"shift supervisor - Store# 56069, I-85 AND CLEMSON BOULEVARD",SHIFT_SUPERVISOR,56069,I-85 AND CLEMSON BOULEVARD,4686 Clemson Blvd,Anderson,SC,,US,,1786939200,2026-08-17,46,2026-10-02,1787060552,2026-08-18,45,False,34.5808794,-82.7158091,481080229031,id:260061159,store:56069,Shift Supervisor,onsite,"4686 Clemson Blvd, Anderson, South Carolina, United States",1,SC,CONUS_L1_008_027;CONUS_L1_009_026,2
2026-10-01,260070194,https://apply.starbucks.com/careers/job/481080731234,"barista - Store# 56069, I-85 AND CLEMSON BOULEVARD",BARISTA,56069,I-85 AND CLEMSON BOULEVARD,4686 Clemson Blvd,Anderson,SC,,US,,1788580800,2026-09-05,27,2026-10-02,1788702699,2026-09-06,26,False,34.5808794,-82.7158091,481080731234,id:260070194,store:56069,Barista,onsite,"4686 Clemson Blvd, Anderson, South Carolina, United States",1,SC,CONUS_L1_008_027;CONUS_L1_009_026,2
2026-10-01,260079558,https://apply.starbucks.com/careers/job/481080998990,"barista - Store# 68273, HWY 76 & WALMART DRIVE",BARISTA,68273,HWY 76 & WALMART DRIVE,914 E Main St,Laurens,SC,,US,,1790222400,2026-09-24,8,2026-10-02,1790344113,2026-09-25,7,False,34.49225,-81.98141,481080998990,id:260079558,store:68273,Barista,onsite,"914 E Main St, Laurens, South Carolina, United States",1,SC,CONUS_L1_008_027;CONUS_L1_009_027,2
2026-10-01,260064542,https://apply.starbucks.com/careers/job/481080613941,"barista - Store# 85378, I-85 & HWY 81",BARISTA,85378,I-85 & HWY 81,4498 SC-81 N,Anderson,SC,,US,,1788062400,2026-08-30,33,2026-10-02,1788183900,2026-08-31,32,False,34.6285325,-82.6011377,481080613941,id:260064542,store:85378,Barista,onsite,"4498 SC-81 N, Anderson, South Carolina, United States",1,SC,CONUS_L1_008_027;CONUS_L1_009_026;CONUS_L1_009_027,3
2026-10-01,260061574,https://apply.starbucks.com/careers/job/481080387316,"shift supervisor - Store# 85378, I-85 & HWY 81",SHIFT_SUPERVISOR,85378,I-85 & HWY 81,4498 SC-81 N,Anderson,SC,,US,,1787198400,2026-08-20,43,2026-10-02,1787319597,2026-08-21,42,False,34.6285325,-82.6011377,481080387316,id:260061574,store:85378,Shift Supervisor,onsite,"4498 SC-81 N, Anderson, South Carolina, United States",1,SC,CONUS_L1_008_027;CONUS_L1_009_026;CONUS_L1_009_027,3
2026-10-01,260071183,https://apply.starbucks.com/careers/job/481080742480,"shift supervisor - Store# 67957, I-26 & HWY 72",SHIFT_SUPERVISOR,67957,I-26 & HWY 72,40 E Corporate Center Dr,Clinton,SC,,US,,1788667200,2026-09-06,26,2026-10-02,1788789013,2026-09-07,25,False,34.49424,-81.84709,481080742480,id:260071183,store:67957,Shift Supervisor,onsite,"40 E Corporate Center Dr, Clinton, South Carolina, United States",1,SC,CONUS_L1_008_027;CONUS_L1_009_027,2
2026-10-01,260079541,https://apply.starbucks.com/careers/job/481080998922,"barista - Store# 67957, I-26 & HWY 72",BARISTA,67957,I-26 & HWY 72,40 E Corporate Center Dr,Clinton,SC,,US,,1790222400,2026-09-24,8,2026-10-02,1790344098,2026-09-25,7,False,34.49424,-81.84709,481080998922,id:260079541,store:67957,Barista,onsite,"40 E Corporate Center Dr, Clinton, South Carolina, United States",1,SC,CONUS_L1_008_027;CONUS_L1_009_027,2
2026-10-01,260069427,https://apply.starbucks.com/careers/job/481080730251,"shift supervisor - Store# 56888, HIGHWAY 123 AND BLUE RIDGE BLVD",SHIFT_SUPERVISOR,56888,HIGHWAY 123 AND BLUE RIDGE BLVD,1094 Bypass 123,Seneca,SC,,US,,1788580800,2026-09-05,27,2026-10-02,1788702093,2026-09-06,26,False,34.69351,-82.97864,481080730251,id:260069427,store:56888,Shift Supervisor,onsite,"1094 Bypass 123, Seneca, South Carolina, United States",1,SC,CONUS_L1_009_026,1
2026-10-01,260071121,https://apply.starbucks.com/careers/job/481080742378,"shift supervisor - Store# 66453, HARTWELL VILLAGE PENDLETON ROAD",SHIFT_SUPERVISOR,66453,HARTWELL VILLAGE PENDLETON ROAD,13010 Clemson Blvd,Seneca,SC,,US,,1788667200,2026-09-06,26,2026-10-02,1788788963,2026-09-07,25,False,34.69067,-82.86047,481080742378,id:260071121,store:66453,Shift Supervisor,onsite,"13010 Clemson Blvd, Seneca, South Carolina, United States",1,SC,CONUS_L1_009_026,1
2026-10-01,260064630,https://apply.starbucks.com/careers/job/481080613715,"shift supervisor - Store# 11768, TIGER BLVD & COLLEGE AVE",SHIFT_SUPERVISOR,11768,TIGER BLVD & COLLEGE AVE,1082 Tiger Blvd,Clemson,SC,,US,,1788062400,2026-08-30,33,2026-10-02,1788183974,2026-08-31,32,False,34.69058,-82.83442,481080613715,id:260064630,store:11768,Shift Supervisor,onsite,"1082 Tiger Blvd, Clemson, South Carolina, United States",1,SC,CONUS_L1_009_026,1
2026-10-01,260060904,https://apply.starbucks.com/careers/job/481080183402,"shift supervisor - Store# 68973, HWY 8 & IRELAND DR",SHIFT_SUPERVISOR,68973,HWY 8 & IRELAND DR,2702 Gentry Memorial Hwy,Pickens,SC,,US,,1786766400,2026-08-15,48,2026-10-02,1786887956,2026-08-16,47,False,34.8727146,-82.69281389999999,481080183402,id:260060904,store:68973,Shift Supervisor,onsite,"2702 Gentry Memorial Hwy, Pickens, South Carolina, United States",1,SC,CONUS_L1_009_026;CONUS_L1_009_027,2
2026-10-01,260059370,https://apply.starbucks.com/careers/job/481079983013,"barista - Store# 68973, HWY 8 & IRELAND DR",BARISTA,68973,HWY 8 & IRELAND DR,2702 Gentry Memorial Hwy,Pickens,SC,,US,,1785643200,2026-08-02,61,2026-10-02,1785764573,2026-08-03,60,False,34.8727146,-82.69281389999999,481079983013,id:260059370,store:68973,Barista,onsite,"2702 Gentry Memorial Hwy, Pickens, South Carolina, United States",1,SC,CONUS_L1_009_026;CONUS_L1_009_027,2
2026-10-01,260071102,https://apply.starbucks.com/careers/job/481080742348,"shift supervisor - Store# 68753, HWY 123 & BILTMORE RD",SHIFT_SUPERVISOR,68753,HWY 123 & BILTMORE RD,6212 Calhoun Memorial Hwy,Easley,SC,,US,,1788667200,2026-09-06,26,2026-10-02,1788788948,2026-09-07,25,False,34.82353,-82.58075,481080742348,id:260071102,store:68753,Shift Supervisor,onsite,"6212 Calhoun Memorial Hwy, Easley, South Carolina, United States",1,SC,CONUS_L1_009_026;CONUS_L1_009_027,2
2026-10-01,260055928,https://apply.starbucks.com/careers/job/481079473259,"barista - Store# 21139, CALHOUN MEMORIAL HWY",BARISTA,21139,CALHOUN MEMORIAL HWY,4839-A Calhoun Memorial Highway,Easley,SC,,US,,1783915200,2026-07-13,81,2026-10-02,1784037141,2026-07-14,80,False,34.82559,-82.54469,481079473259,id:260055928,store:21139,Barista,onsite,"4839-A Calhoun Memorial Highway, Easley, South Carolina, United States",1,SC,CONUS_L1_009_026;CONUS_L1_009_027,2
2026-10-01,260065374,https://apply.starbucks.com/careers/job/481080677704,"shift supervisor - Store# 21139, CALHOUN MEMORIAL HWY",SHIFT_SUPERVISOR,21139,CALHOUN MEMORIAL HWY,4839-A Calhoun Memorial Highway,Easley,SC,,US,,1788321600,2026-09-02,30,2026-10-02,1788357033,2026-09-02,30,False,34.82559,-82.54469,481080677704,id:260065374,store:21139,Shift Supervisor,onsite,"4839-A Calhoun Memorial Highway, Easley, South Carolina, United States",1,SC,CONUS_L1_009_026;CONUS_L1_009_027,2
2026-10-01,260071231,https://apply.starbucks.com/careers/job/481080742558,"barista - Store# 63945, HWY 25 & LITTLE TEXAS RD",BARISTA,63945,HWY 25 & LITTLE TEXAS RD,30 Krieger Ct.,Travelers Rest,SC,,US,,1788667200,2026-09-06,26,2026-10-02,1788789051,2026-09-07,25,False,34.95824,-82.43627,481080742558,id:260071231,store:63945,Barista,onsite,"30 Krieger Ct., Travelers Rest, South Carolina, United States",1,SC,CONUS_L1_009_026;CONUS_L1_009_027,2
2026-10-01,260078674,https://apply.starbucks.com/careers/job/481080949635,"shift supervisor - Store# 63945, HWY 25 & LITTLE TEXAS RD",SHIFT_SUPERVISOR,63945,HWY 25 & LITTLE TEXAS RD,30 Krieger Ct.,Travelers Rest,SC,,US,,1789963200,2026-09-21,11,2026-10-02,1790084447,2026-09-22,10,False,34.95824,-82.43627,481080949635,id:260078674,store:63945,Shift Supervisor,onsite,"30 Krieger Ct., Travelers Rest, South Carolina, United States",1,SC,CONUS_L1_009_026;CONUS_L1_009_027,2
2026-10-01,260070222,https://apply.starbucks.com/careers/job/481080731227,"barista - Store# 57818, HIGHWAY 153 AND 3 BRIDGES",BARISTA,57818,HIGHWAY 153 AND 3 BRIDGES,3635 Highway 153,Greenville,SC,,US,,1788580800,2026-09-05,27,2026-10-02,1788702721,2026-09-06,26,False,34.79021,-82.48975,481080731227,id:260070222,store:57818,Barista,onsite,"3635 Highway 153, Greenville, South Carolina, United States",1,SC,CONUS_L1_009_026;CONUS_L1_009_027,2
2026-10-01,260069703,https://apply.starbucks.com/careers/job/481080730596,"shift supervisor - Store# 57818, HIGHWAY 153 AND 3 BRIDGES",SHIFT_SUPERVISOR,57818,HIGHWAY 153 AND 3 BRIDGES,3635 Highway 153,Greenville,SC,,US,,1788580800,2026-09-05,27,2026-10-02,1788702312,2026-09-06,26,False,34.79021,-82.48975,481080730596,id:260069703,store:57818,Shift Supervisor,onsite,"3635 Highway 153, Greenville, South Carolina, United States",1,SC,CONUS_L1_009_026;CONUS_L1_009_027,2
2026-10-01,260057000,https://apply.starbucks.com/careers/job/481079556095,"shift supervisor - Store# 67565, I-85 & HWY 86",SHIFT_SUPERVISOR,67565,I-85 & HWY 86,1913 SC-86,Piedmont,SC,,US,,1784174400,2026-07-16,78,2026-10-02,1784295828,2026-07-17,77,False,34.70888,-82.49663,481079556095,id:260057000,store:67565,Shift Supervisor,onsite,"1913 SC-86, Piedmont, South Carolina, United States",1,SC,CONUS_L1_009_026;CONUS_L1_009_027,2
2026-10-01,260059081,https://apply.starbucks.com/careers/job/481079980371,"barista - Store# 67565, I-85 & HWY 86",BARISTA,67565,I-85 & HWY 86,1913 SC-86,Piedmont,SC,,US,,1785643200,2026-08-02,61,2026-10-02,1785752991,2026-08-03,60,False,34.70888,-82.49663,481079980371,id:260059081,store:67565,Barista,onsite,"1913 SC-86, Piedmont, South Carolina, United States",1,SC,CONUS_L1_009_026;CONUS_L1_009_027,2
2026-10-01,260080294,https://apply.starbucks.com/careers/job/481081059156,"shift supervisor - Store# 11377, N PLEASANTBURG & HWY 253",SHIFT_SUPERVISOR,11377,N PLEASANTBURG & HWY 253,3230 N Pleasantburg Dr,Greenville,SC,,US,,1790568000,2026-09-28,4,2026-10-02,1790689700,2026-09-29,3,False,34.89035,-82.40039,481081059156,id:260080294,store:11377,Shift Supervisor,onsite,"3230 N Pleasantburg Dr, Greenville, South Carolina, United States",1,SC,CONUS_L1_009_026;CONUS_L1_009_027,2
2026-10-01,260057283,https://apply.starbucks.com/careers/job/481079587659,"shift supervisor - Store# 58949, BUNCOMBE AND ECHOLS",SHIFT_SUPERVISOR,58949,BUNCOMBE AND ECHOLS,47 Pete Hollis Blvd,Greenville,SC,,US,,1784347200,2026-07-18,76,2026-10-02,1784468433,2026-07-19,75,False,34.85995,-82.40624,481079587659,id:260057283,store:58949,Shift Supervisor,onsite,"47 Pete Hollis Blvd, Greenville, South Carolina, United States",1,SC,CONUS_L1_009_026;CONUS_L1_009_027,2
2026-10-01,260073668,https://apply.starbucks.com/careers/job/481080813094,"barista - Store# 58949, BUNCOMBE AND ECHOLS",BARISTA,58949,BUNCOMBE AND ECHOLS,47 Pete Hollis Blvd,Greenville,SC,,US,,1789185600,2026-09-12,20,2026-10-02,1789307120,2026-09-13,19,False,34.85995,-82.40624,481080813094,id:260073668,store:58949,Barista,onsite,"47 Pete Hollis Blvd, Greenville, South Carolina, United States",1,SC,CONUS_L1_009_026;CONUS_L1_009_027,2
2026-10-01,260064507,https://apply.starbucks.com/careers/job/481080613642,"shift supervisor - Store# 10524, DOWNTOWN/WESTEND (RIVER PLACE)",SHIFT_SUPERVISOR,10524,DOWNTOWN/WESTEND (RIVER PLACE),"550 South Main, Suite 101",Greenville,SC,,US,,1788062400,2026-08-30,33,2026-10-02,1788183871,2026-08-31,32,False,34.8456537,-82.4020336,481080613642,id:260064507,store:10524,Shift Supervisor,onsite,"550 South Main, Suite 101, Greenville, South Carolina, United States",1,SC,CONUS_L1_009_026;CONUS_L1_009_027,2
2026-10-01,260077984,https://apply.starbucks.com/careers/job/481080923299,"barista - Store# 10524, DOWNTOWN/WESTEND (RIVER PLACE)",BARISTA,10524,DOWNTOWN/WESTEND (RIVER PLACE),"550 South Main, Suite 101",Greenville,SC,,US,,1789790400,2026-09-19,13,2026-10-02,1789911644,2026-09-20,12,False,34.8456537,-82.4020336,481080923299,id:260077984,store:10524,Barista,onsite,"550 South Main, Suite 101, Greenville, South Carolina, United States",1,SC,CONUS_L1_009_026;CONUS_L1_009_027,2
2026-10-01,260075793,https://apply.starbucks.com/careers/job/481080840618,"shift supervisor - Store# 11550, AUGUSTA ST & FARIS RD",SHIFT_SUPERVISOR,11550,AUGUSTA ST & FARIS RD,"2111 Augusta St, Suite A",Greenville,SC,,US,,1789358400,2026-09-14,18,2026-10-02,1789480049,2026-09-15,17,False,34.82449,-82.39372,481080840618,id:260075793,store:11550,Shift Supervisor,onsite,"2111 Augusta St, Suite A, Greenville, South Carolina, United States",1,SC,CONUS_L1_009_026;CONUS_L1_009_027,2
2026-10-01,260060430,https://apply.starbucks.com/careers/job/481080149356,"barista - Store# 11550, AUGUSTA ST & FARIS RD",BARISTA,11550,AUGUSTA ST & FARIS RD,"2111 Augusta St, Suite A",Greenville,SC,,US,,1786507200,2026-08-12,51,2026-10-02,1786628892,2026-08-13,50,False,34.82449,-82.39372,481080149356,id:260060430,store:11550,Barista,onsite,"2111 Augusta St, Suite A, Greenville, South Carolina, United States",1,SC,CONUS_L1_009_026;CONUS_L1_009_027,2
2026-10-01,260064264,https://apply.starbucks.com/careers/job/481080612952,"barista - Store# 10523, E NORTH ST & PLEASANTBURG",BARISTA,10523,E NORTH ST & PLEASANTBURG,2431 East North St,Greenville,SC,,US,,1788062400,2026-08-30,33,2026-10-02,1788183671,2026-08-31,32,False,34.8694,-82.35654,481080612952,id:260064264,store:10523,Barista,onsite,"2431 East North St, Greenville, South Carolina, United States",1,SC,CONUS_L1_009_026;CONUS_L1_009_027,2
2026-10-01,260079924,https://apply.starbucks.com/careers/job/481081029383,"shift supervisor - Store# 10523, E NORTH ST & PLEASANTBURG",SHIFT_SUPERVISOR,10523,E NORTH ST & PLEASANTBURG,2431 East North St,Greenville,SC,,US,,1790481600,2026-09-27,5,2026-10-02,1790603310,2026-09-28,4,False,34.8694,-82.35654,481081029383,id:260079924,store:10523,Shift Supervisor,onsite,"2431 East North St, Greenville, South Carolina, United States",1,SC,CONUS_L1_009_026;CONUS_L1_009_027,2
2026-10-01,260058418,https://apply.starbucks.com/careers/job/481079850119,"shift supervisor - Store# 82907, AUGUSTA ST & MAULDIN RD",SHIFT_SUPERVISOR,82907,AUGUSTA ST & MAULDIN RD,5 Waters Avenue,Greenville,SC,,US,,1784952000,2026-07-25,69,2026-10-02,1785073642,2026-07-26,68,False,34.807429,-82.379154,481079850119,id:260058418,store:82907,Shift Supervisor,onsite,"5 Waters Avenue, Greenville, South Carolina, United States",1,SC,CONUS_L1_009_026;CONUS_L1_009_027,2
2026-10-01,260068168,https://apply.starbucks.com/careers/job/481080704410,"barista - Store# 82907, AUGUSTA ST & MAULDIN RD",BARISTA,82907,AUGUSTA ST & MAULDIN RD,5 Waters Avenue,Greenville,SC,,US,,1788408000,2026-09-03,29,2026-10-02,1788486067,2026-09-03,29,False,34.807429,-82.379154,481080704410,id:260068168,store:82907,Barista,onsite,"5 Waters Avenue, Greenville, South Carolina, United States",1,SC,CONUS_L1_009_026;CONUS_L1_009_027,2
2026-10-01,260075748,https://apply.starbucks.com/careers/job/481080840536,"shift supervisor - Store# 29453, WADE HAMPTON & ARTILLERY RD - GREENVILLE",SHIFT_SUPERVISOR,29453,WADE HAMPTON & ARTILLERY RD - GREENVILLE,2801 Wade Hampton Boulevard,Greenville,SC,,US,,1789358400,2026-09-14,18,2026-10-02,1789480009,2026-09-15,17,False,34.90056,-82.33739,481080840536,id:260075748,store:29453,Shift Supervisor,onsite,"2801 Wade Hampton Boulevard, Greenville, South Carolina, United States",1,SC,CONUS_L1_009_026;CONUS_L1_009_027,2
2026-10-01,260062010,https://apply.starbucks.com/careers/job/481080430263,"shift supervisor - Store# 54059, LAURENS RD AND WOODRUFF RD",SHIFT_SUPERVISOR,54059,LAURENS RD AND WOODRUFF RD,2405 Laurens Rd,Greenville,SC,,US,,1787457600,2026-08-23,40,2026-10-02,1787579331,2026-08-24,39,False,34.83174,-82.34823,481080430263,id:260062010,store:54059,Shift Supervisor,onsite,"2405 Laurens Rd, Greenville, South Carolina, United States",1,SC,CONUS_L1_009_026;CONUS_L1_009_027,2
2026-10-01,260062107,https://apply.starbucks.com/careers/job/481080430100,"barista - Store# 54059, LAURENS RD AND WOODRUFF RD",BARISTA,54059,LAURENS RD AND WOODRUFF RD,2405 Laurens Rd,Greenville,SC,,US,,1787457600,2026-08-23,40,2026-10-02,1787579414,2026-08-24,39,False,34.83174,-82.34823,481080430100,id:260062107,store:54059,Barista,onsite,"2405 Laurens Rd, Greenville, South Carolina, United States",1,SC,CONUS_L1_009_026;CONUS_L1_009_027,2
2026-10-01,260079261,https://apply.starbucks.com/careers/job/481080978344,"shift supervisor - Store# 08595, HAYWOOD RD & WOODS CROSSING RD",SHIFT_SUPERVISOR,08595,HAYWOOD RD & WOODS CROSSING RD,649 Haywood Rd,Greenville,SC,,US,,1790136000,2026-09-23,9,2026-10-02,1790257530,2026-09-24,8,False,34.8493462,-82.338619,481080978344,id:260079261,store:08595,Shift Supervisor,onsite,"649 Haywood Rd, Greenville, South Carolina, United States",1,SC,CONUS_L1_009_026;CONUS_L1_009_027,2
2026-10-01,260068132,https://apply.starbucks.com/careers/job/481080704380,"barista - Store# 69854, I-185 & AUGUSTA RD",BARISTA,69854,I-185 & AUGUSTA RD,7417 Augusta Rd,Piedmont,SC,,US,,1788408000,2026-09-03,29,2026-10-02,1788486038,2026-09-03,29,False,34.73042,-82.389,481080704380,id:260068132,store:69854,Barista,onsite,"7417 Augusta Rd, Piedmont, South Carolina, United States",1,SC,CONUS_L1_009_026;CONUS_L1_009_027,2
2026-10-01,260071726,https://apply.starbucks.com/careers/job/481080764618,"shift supervisor - Store# 69854, I-185 & AUGUSTA RD",SHIFT_SUPERVISOR,69854,I-185 & AUGUSTA RD,7417 Augusta Rd,Piedmont,SC,,US,,1788840000,2026-09-08,24,2026-10-02,1788961355,2026-09-09,23,False,34.73042,-82.389,481080764618,id:260071726,store:69854,Shift Supervisor,onsite,"7417 Augusta Rd, Piedmont, South Carolina, United States",1,SC,CONUS_L1_009_026;CONUS_L1_009_027,2
2026-10-01,260072855,https://apply.starbucks.com/careers/job/481080796588,"barista - Store# 82866, OLD SPARTANBURG RD & BRUSHY CREEK R",BARISTA,82866,OLD SPARTANBURG RD & BRUSHY CREEK R,5008 Old Spartanburg Rd,Taylors,SC,,US,,1789012800,2026-09-10,22,2026-10-02,1789135411,2026-09-11,21,False,34.8913479,-82.29561609999999,481080796588,id:260072855,store:82866,Barista,onsite,"5008 Old Spartanburg Rd, Taylors, South Carolina, United States",1,SC,CONUS_L1_009_026;CONUS_L1_009_027,2
2026-10-01,260072671,https://apply.starbucks.com/careers/job/481080796112,"shift supervisor - Store# 82866, OLD SPARTANBURG RD & BRUSHY CREEK R",SHIFT_SUPERVISOR,82866,OLD SPARTANBURG RD & BRUSHY CREEK R,5008 Old Spartanburg Rd,Taylors,SC,,US,,1789012800,2026-09-10,22,2026-10-02,1789135252,2026-09-11,21,False,34.8913479,-82.29561609999999,481080796112,id:260072671,store:82866,Shift Supervisor,onsite,"5008 Old Spartanburg Rd, Taylors, South Carolina, United States",1,SC,CONUS_L1_009_026;CONUS_L1_009_027,2
2026-10-01,260076196,https://apply.starbucks.com/careers/job/481080861538,"shift supervisor - Store# 20544, I-85 & WOODRUFF RD",SHIFT_SUPERVISOR,20544,I-85 & WOODRUFF RD,1130 Woodruff Rd,Greenville,SC,,US,,1789444800,2026-09-15,17,2026-10-02,1789566663,2026-09-16,16,False,34.829198,-82.30469920000002,481080861538,id:260076196,store:20544,Shift Supervisor,onsite,"1130 Woodruff Rd, Greenville, South Carolina, United States",1,SC,CONUS_L1_009_026;CONUS_L1_009_027,2
2026-10-01,260079066,https://apply.starbucks.com/careers/job/481080965330,"barista - Store# 20544, I-85 & WOODRUFF RD",BARISTA,20544,I-85 & WOODRUFF RD,1130 Woodruff Rd,Greenville,SC,,US,,1790049600,2026-09-22,10,2026-10-02,1790171160,2026-09-23,9,False,34.829198,-82.30469920000002,481080965330,id:260079066,store:20544,Barista,onsite,"1130 Woodruff Rd, Greenville, South Carolina, United States",1,SC,CONUS_L1_009_026;CONUS_L1_009_027,2
2026-10-01,260064830,https://apply.starbucks.com/careers/job/481080613966,"barista - Store# 09727, WADE HAMPTON BLVD & BRANNON DR",BARISTA,09727,WADE HAMPTON BLVD & BRANNON DR,1378 W Wade Hampton Blvd,Greer,SC,,US,,1788062400,2026-08-30,33,2026-10-02,1788184145,2026-08-31,32,False,34.93925,-82.2684929,481080613966,id:260064830,store:09727,Barista,onsite,"1378 W Wade Hampton Blvd, Greer, South Carolina, United States",1,SC,CONUS_L1_009_026;CONUS_L1_009_027,2
2026-10-01,260063638,https://apply.starbucks.com/careers/job/481080567352,"shift supervisor - Store# 09727, WADE HAMPTON BLVD & BRANNON DR",SHIFT_SUPERVISOR,09727,WADE HAMPTON BLVD & BRANNON DR,1378 W Wade Hampton Blvd,Greer,SC,,US,,1787803200,2026-08-27,36,2026-10-02,1787925083,2026-08-28,35,False,34.93925,-82.2684929,481080567352,id:260063638,store:09727,Shift Supervisor,onsite,"1378 W Wade Hampton Blvd, Greer, South Carolina, United States",1,SC,CONUS_L1_009_026;CONUS_L1_009_027,2
2026-10-01,260059619,https://apply.starbucks.com/careers/job/481080017634,"barista - Store# 54127, MAULDIN S MAIN & BUTLER",BARISTA,54127,MAULDIN S MAIN & BUTLER,104 S Main St,Mauldin,SC,,US,,1785816000,2026-08-04,59,2026-10-02,1785937714,2026-08-05,58,False,34.77771,-82.30965,481080017634,id:260059619,store:54127,Barista,onsite,"104 S Main St, Mauldin, South Carolina, United States",1,SC,CONUS_L1_009_026;CONUS_L1_009_027,2
2026-10-01,260069373,https://apply.starbucks.com/careers/job/481080730203,"shift supervisor - Store# 54127, MAULDIN S MAIN & BUTLER",SHIFT_SUPERVISOR,54127,MAULDIN S MAIN & BUTLER,104 S Main St,Mauldin,SC,,US,,1788580800,2026-09-05,27,2026-10-02,1788702051,2026-09-06,26,False,34.77771,-82.30965,481080730203,id:260069373,store:54127,Shift Supervisor,onsite,"104 S Main St, Mauldin, South Carolina, United States",1,SC,CONUS_L1_009_026;CONUS_L1_009_027,2
2026-10-01,260062807,https://apply.starbucks.com/careers/job/481080495097,"shift supervisor - Store# 10469, GAFFNEY",SHIFT_SUPERVISOR,10469,GAFFNEY,102 Lemmons Ln,Gaffney,SC,,US,,1787630400,2026-08-25,38,2026-10-02,1787752514,2026-08-26,37,False,35.0807347,-81.7050354,481080495097,id:260062807,store:10469,Shift Supervisor,onsite,"102 Lemmons Ln, Gaffney, South Carolina, United States",1,SC,CONUS_L1_009_027,1
2026-10-01,260063602,https://apply.starbucks.com/careers/job/481080567379,"barista - Store# 10469, GAFFNEY",BARISTA,10469,GAFFNEY,102 Lemmons Ln,Gaffney,SC,,US,,1787803200,2026-08-27,36,2026-10-02,1787925054,2026-08-28,35,False,35.0807347,-81.7050354,481080567379,id:260063602,store:10469,Barista,onsite,"102 Lemmons Ln, Gaffney, South Carolina, United States",1,SC,CONUS_L1_009_027,1
2026-10-01,260058859,https://apply.starbucks.com/careers/job/481079927826,"barista - Store# 69407, I-85 & FLOYD BAKER BLVD",BARISTA,69407,I-85 & FLOYD BAKER BLVD,1501 W Floyd Baker Blvd,Gaffney,SC,,US,,1785211200,2026-07-28,66,2026-10-02,1785332792,2026-07-29,65,False,35.0879266,-81.6610907,481079927826,id:260058859,store:69407,Barista,onsite,"1501 W Floyd Baker Blvd, Gaffney, South Carolina, United States",1,SC,CONUS_L1_009_027,1
2026-10-01,260070798,https://apply.starbucks.com/careers/job/481080741979,"shift supervisor - Store# 69407, I-85 & FLOYD BAKER BLVD",SHIFT_SUPERVISOR,69407,I-85 & FLOYD BAKER BLVD,1501 W Floyd Baker Blvd,Gaffney,SC,,US,,1788667200,2026-09-06,26,2026-10-02,1788788701,2026-09-07,25,False,35.0879266,-81.6610907,481080741979,id:260070798,store:69407,Shift Supervisor,onsite,"1501 W Floyd Baker Blvd, Gaffney, South Carolina, United States",1,SC,CONUS_L1_009_027,1
2026-10-01,260073714,https://apply.starbucks.com/careers/job/481080813134,"shift supervisor - Store# 64728, I-85 & HWY 221",SHIFT_SUPERVISOR,64728,I-85 & HWY 221,2220 Chesnee Hwy,Spartanburg,SC,,US,,1789185600,2026-09-12,20,2026-10-02,1789307162,2026-09-13,19,False,35.02171,-81.89529,481080813134,id:260073714,store:64728,Shift Supervisor,onsite,"2220 Chesnee Hwy, Spartanburg, South Carolina, United States",1,SC,CONUS_L1_009_027,1
2026-10-01,260070565,https://apply.starbucks.com/careers/job/481080741642,"barista - Store# 64728, I-85 & HWY 221",BARISTA,64728,I-85 & HWY 221,2220 Chesnee Hwy,Spartanburg,SC,,US,,1788667200,2026-09-06,26,2026-10-02,1788788518,2026-09-07,25,False,35.02171,-81.89529,481080741642,id:260070565,store:64728,Barista,onsite,"2220 Chesnee Hwy, Spartanburg, South Carolina, United States",1,SC,CONUS_L1_009_027,1
2026-10-01,260063039,https://apply.starbucks.com/careers/job/481080565261,"barista - Store# 57789, MAIN AND MONTVIEW",BARISTA,57789,MAIN AND MONTVIEW,1544 E Main St,Spartanburg,SC,,US,,1787803200,2026-08-27,36,2026-10-02,1787924603,2026-08-28,35,False,34.96465,-81.89886,481080565261,id:260063039,store:57789,Barista,onsite,"1544 E Main St, Spartanburg, South Carolina, United States",1,SC,CONUS_L1_009_027,1
2026-10-01,260069365,https://apply.starbucks.com/careers/job/481080730186,"shift supervisor - Store# 57789, MAIN AND MONTVIEW",SHIFT_SUPERVISOR,57789,MAIN AND MONTVIEW,1544 E Main St,Spartanburg,SC,,US,,1788580800,2026-09-05,27,2026-10-02,1788702045,2026-09-06,26,False,34.96465,-81.89886,481080730186,id:260069365,store:57789,Shift Supervisor,onsite,"1544 E Main St, Spartanburg, South Carolina, United States",1,SC,CONUS_L1_009_027,1
2026-10-01,260055998,https://apply.starbucks.com/careers/job/481079473351,"barista - Store# 10876, N PINE STREET",BARISTA,10876,N PINE STREET,805 North Pine Street,Spartanburg,SC,,US,,1783915200,2026-07-13,81,2026-10-02,1784037201,2026-07-14,80,False,34.9652,-81.93145,481079473351,id:260055998,store:10876,Barista,onsite,"805 North Pine Street, Spartanburg, South Carolina, United States",1,SC,CONUS_L1_009_027,1
2026-10-01,260071732,https://apply.starbucks.com/careers/job/481080764582,"shift supervisor - Store# 10876, N PINE STREET",SHIFT_SUPERVISOR,10876,N PINE STREET,805 North Pine Street,Spartanburg,SC,,US,,1788840000,2026-09-08,24,2026-10-02,1788961360,2026-09-09,23,False,34.9652,-81.93145,481080764582,id:260071732,store:10876,Shift Supervisor,onsite,"805 North Pine Street, Spartanburg, South Carolina, United States",1,SC,CONUS_L1_009_027,1
2026-10-01,260071925,https://apply.starbucks.com/careers/job/481080764813,"shift supervisor - Store# 78420, SOUTHPORT & CEDAR SPRINGS RD",SHIFT_SUPERVISOR,78420,SOUTHPORT & CEDAR SPRINGS RD,202 Cedar Springs Rd,Spartanburg,SC,,US,,1788840000,2026-09-08,24,2026-10-02,1788961515,2026-09-09,23,False,34.91999,-81.88666,481080764813,id:260071925,store:78420,Shift Supervisor,onsite,"202 Cedar Springs Rd, Spartanburg, South Carolina, United States",1,SC,CONUS_L1_009_027,1
2026-10-01,260080604,https://apply.starbucks.com/careers/job/481081091735,"barista - Store# 78420, SOUTHPORT & CEDAR SPRINGS RD",BARISTA,78420,SOUTHPORT & CEDAR SPRINGS RD,202 Cedar Springs Rd,Spartanburg,SC,,US,,1790740800,2026-09-30,2,2026-10-02,1790836090,2026-10-01,1,False,34.91999,-81.88666,481081091735,id:260080604,store:78420,Barista,onsite,"202 Cedar Springs Rd, Spartanburg, South Carolina, United States",1,SC,CONUS_L1_009_027,1
2026-10-01,260079270,https://apply.starbucks.com/careers/job/481080978388,"shift supervisor - Store# 47846, HIGHWAY 9 AND RAINBOW LAKE",SHIFT_SUPERVISOR,47846,HIGHWAY 9 AND RAINBOW LAKE,107 McMillin Road,Boiling Springs,SC,,US,,1790136000,2026-09-23,9,2026-10-02,1790257538,2026-09-24,8,False,35.04753,-81.98446,481080978388,id:260079270,store:47846,Shift Supervisor,onsite,"107 McMillin Road, Boiling Springs, South Carolina, United States",1,SC,CONUS_L1_009_027,1
2026-10-01,260058114,https://apply.starbucks.com/careers/job/481079849405,"barista - Store# 22278, WO EZELL & BLACKSTOCK RD",BARISTA,22278,WO EZELL & BLACKSTOCK RD,210 W Blackstock Rd,Spartanburg,SC,,US,,1784952000,2026-07-25,69,2026-10-02,1785073394,2026-07-26,68,False,34.9393033,-81.99050799999999,481079849405,id:260058114,store:22278,Barista,onsite,"210 W Blackstock Rd, Spartanburg, South Carolina, United States",1,SC,CONUS_L1_009_027,1
2026-10-01,260067808,https://apply.starbucks.com/careers/job/481080699750,"shift supervisor - Store# 22278, WO EZELL & BLACKSTOCK RD",SHIFT_SUPERVISOR,22278,WO EZELL & BLACKSTOCK RD,210 W Blackstock Rd,Spartanburg,SC,,US,,1788321600,2026-09-02,30,2026-10-02,1788456643,2026-09-03,29,False,34.9393033,-81.99050799999999,481080699750,id:260067808,store:22278,Shift Supervisor,onsite,"210 W Blackstock Rd, Spartanburg, South Carolina, United States",1,SC,CONUS_L1_009_027,1
2026-10-01,260066286,https://apply.starbucks.com/careers/job/481080679155,"shift supervisor - Store# 22278, WO EZELL & BLACKSTOCK RD",SHIFT_SUPERVISOR,22278,WO EZELL & BLACKSTOCK RD,210 W Blackstock Rd,Spartanburg,SC,,US,,1788321600,2026-09-02,30,2026-10-02,1788357841,2026-09-02,30,False,34.9393033,-81.99050799999999,481080679155,id:260066286,store:22278,Shift Supervisor,onsite,"210 W Blackstock Rd, Spartanburg, South Carolina, United States",1,SC,CONUS_L1_009_027,1
2026-10-01,260079171,https://apply.starbucks.com/careers/job/481080965546,"shift supervisor - Store# 66201, I-26 & John B White Sr Blvd",SHIFT_SUPERVISOR,66201,I-26 & John B White Sr Blvd,1630 John B White Sr Blvd,Spartanburg,SC,,US,,1790049600,2026-09-22,10,2026-10-02,1790171249,2026-09-23,9,False,34.9236104,-81.9802716,481080965546,id:260079171,store:66201,Shift Supervisor,onsite,"1630 John B White Sr Blvd, Spartanburg, South Carolina, United States",1,SC,CONUS_L1_009_027,1
2026-10-01,260064801,https://apply.starbucks.com/careers/job/481080613683,"shift supervisor - Store# 86772, I-85 & WARREN ABERNATHY",SHIFT_SUPERVISOR,86772,I-85 & WARREN ABERNATHY,115 Exchange Village Dr W,Spartanburg,SC,,US,,1788062400,2026-08-30,33,2026-10-02,1788184120,2026-08-31,32,False,34.9382373,-82.0674216,481080613683,id:260064801,store:86772,Shift Supervisor,onsite,"115 Exchange Village Dr W, Spartanburg, South Carolina, United States",1,SC,CONUS_L1_009_027,1
2026-10-01,260069993,https://apply.starbucks.com/careers/job/481080730934,"barista - Store# 86772, I-85 & WARREN ABERNATHY",BARISTA,86772,I-85 & WARREN ABERNATHY,115 Exchange Village Dr W,Spartanburg,SC,,US,,1788580800,2026-09-05,27,2026-10-02,1788702540,2026-09-06,26,False,34.9382373,-82.0674216,481080730934,id:260069993,store:86772,Barista,onsite,"115 Exchange Village Dr W, Spartanburg, South Carolina, United States",1,SC,CONUS_L1_009_027,1
2026-10-01,260077874,https://apply.starbucks.com/careers/job/481080922880,"shift supervisor - Store# 47844, I-85 & Hwy 290 - Duncan",SHIFT_SUPERVISOR,47844,I-85 & Hwy 290 - Duncan,"1513 E Main St, A",Duncan,SC,,US,,1789790400,2026-09-19,13,2026-10-02,1789911548,2026-09-20,12,False,34.91218,-82.10455,481080922880,id:260077874,store:47844,Shift Supervisor,onsite,"1513 E Main St, A, Duncan, South Carolina, United States",1,SC,CONUS_L1_009_027,1
2026-10-01,260077924,https://apply.starbucks.com/careers/job/481080923079,"shift supervisor - Store# 69815, N DUNCAN BYPASS & KIRBY ST",SHIFT_SUPERVISOR,69815,N DUNCAN BYPASS & KIRBY ST,447 N Duncan Bypass,Union,SC,,US,,1789790400,2026-09-19,13,2026-10-02,1789911594,2026-09-20,12,False,34.72536,-81.63946,481080923079,id:260077924,store:69815,Shift Supervisor,onsite,"447 N Duncan Bypass, Union, South Carolina, United States",1,SC,CONUS_L1_009_027,1
2026-10-01,260061728,https://apply.starbucks.com/careers/job/481080416025,"barista - Store# 69815, N DUNCAN BYPASS & KIRBY ST",BARISTA,69815,N DUNCAN BYPASS & KIRBY ST,447 N Duncan Bypass,Union,SC,,US,,1787371200,2026-08-22,41,2026-10-02,1787492405,2026-08-23,40,False,34.72536,-81.63946,481080416025,id:260061728,store:69815,Barista,onsite,"447 N Duncan Bypass, Union, South Carolina, United States",1,SC,CONUS_L1_009_027,1
2026-10-01,260062449,https://apply.starbucks.com/careers/job/481080494292,"barista - Store# 68662, I-85 & HWY 101",BARISTA,68662,I-85 & HWY 101,1467 S Hwy 101,Greer,SC,,US,,1787630400,2026-08-25,38,2026-10-02,1787752227,2026-08-26,37,False,34.89706,-82.1641,481080494292,id:260062449,store:68662,Barista,onsite,"1467 S Hwy 101, Greer, South Carolina, United States",1,SC,CONUS_L1_009_027,1
2026-10-01,260062471,https://apply.starbucks.com/careers/job/481080494322,"shift supervisor - Store# 68662, I-85 & HWY 101",SHIFT_SUPERVISOR,68662,I-85 & HWY 101,1467 S Hwy 101,Greer,SC,,US,,1787630400,2026-08-25,38,2026-10-02,1787752246,2026-08-26,37,False,34.89706,-82.1641,481080494322,id:260062471,store:68662,Shift Supervisor,onsite,"1467 S Hwy 101, Greer, South Carolina, United States",1,SC,CONUS_L1_009_027,1
2026-10-01,260054974,https://apply.starbucks.com/careers/job/481079436471,"shift supervisor - Store# 67463, N MAIN ST & FAIRGROUND RD",SHIFT_SUPERVISOR,67463,N MAIN ST & FAIRGROUND RD,762 N Main St,Woodruff,SC,,US,,1783742400,2026-07-11,83,2026-10-02,1783863544,2026-07-12,82,False,34.74896,-82.04616,481079436471,id:260054974,store:67463,Shift Supervisor,onsite,"762 N Main St, Woodruff, South Carolina, United States",1,SC,CONUS_L1_009_027,1
2026-10-01,260055035,https://apply.starbucks.com/careers/job/481079436557,"barista - Store# 67463, N MAIN ST & FAIRGROUND RD",BARISTA,67463,N MAIN ST & FAIRGROUND RD,762 N Main St,Woodruff,SC,,US,,1783742400,2026-07-11,83,2026-10-02,1783863592,2026-07-12,82,False,34.74896,-82.04616,481079436557,id:260055035,store:67463,Barista,onsite,"762 N Main St, Woodruff, South Carolina, United States",1,SC,CONUS_L1_009_027,1
2026-10-01,260071639,https://apply.starbucks.com/careers/job/481080764502,"shift supervisor - Store# 68202, HAMMETT BRIDGE RD & SUBER RD",SHIFT_SUPERVISOR,68202,HAMMETT BRIDGE RD & SUBER RD,840 E Suber Rd,Greer,SC,,US,,1788840000,2026-09-08,24,2026-10-02,1788961288,2026-09-09,23,False,34.89998,-82.25521,481080764502,id:260071639,store:68202,Shift Supervisor,onsite,"840 E Suber Rd, Greer, South Carolina, United States",1,SC,CONUS_L1_009_027,1
2026-10-01,260075811,https://apply.starbucks.com/careers/job/481080840652,"barista - Store# 68202, HAMMETT BRIDGE RD & SUBER RD",BARISTA,68202,HAMMETT BRIDGE RD & SUBER RD,840 E Suber Rd,Greer,SC,,US,,1789358400,2026-09-14,18,2026-10-02,1789480065,2026-09-15,17,False,34.89998,-82.25521,481080840652,id:260075811,store:68202,Barista,onsite,"840 E Suber Rd, Greer, South Carolina, United States",1,SC,CONUS_L1_009_027,1
2026-10-01,260053557,https://apply.starbucks.com/careers/job/481079351631,"barista - Store# 58950, I-85 AND PELHAM #2",BARISTA,58950,I-85 AND PELHAM #2,5153 Pelham Rd,Greenville,SC,,US,,1783396800,2026-07-07,87,2026-10-02,1783518148,2026-07-08,86,False,34.85629,-82.25171,481079351631,id:260053557,store:58950,Barista,onsite,"5153 Pelham Rd, Greenville, South Carolina, United States",1,SC,CONUS_L1_009_027,1
2026-10-01,260071262,https://apply.starbucks.com/careers/job/481080742594,"shift supervisor - Store# 58950, I-85 AND PELHAM #2",SHIFT_SUPERVISOR,58950,I-85 AND PELHAM #2,5153 Pelham Rd,Greenville,SC,,US,,1788667200,2026-09-06,26,2026-10-02,1788789077,2026-09-07,25,False,34.85629,-82.25171,481080742594,id:260071262,store:58950,Shift Supervisor,onsite,"5153 Pelham Rd, Greenville, South Carolina, United States",1,SC,CONUS_L1_009_027,1
2026-10-01,260054992,https://apply.starbucks.com/careers/job/481079436491,"barista - Store# 49367, FIVE FORKS",BARISTA,49367,FIVE FORKS,2807 Woodruff Rd,Simpsonville,SC,,US,,1783742400,2026-07-11,83,2026-10-02,1783863559,2026-07-12,82,False,34.80658,-82.22449,481079436491,id:260054992,store:49367,Barista,onsite,"2807 Woodruff Rd, Simpsonville, South Carolina, United States",1,SC,CONUS_L1_009_027,1
2026-10-01,260055011,https://apply.starbucks.com/careers/job/481079436510,"shift supervisor - Store# 49367, FIVE FORKS",SHIFT_SUPERVISOR,49367,FIVE FORKS,2807 Woodruff Rd,Simpsonville,SC,,US,,1783742400,2026-07-11,83,2026-10-02,1783863574,2026-07-12,82,False,34.80658,-82.22449,481079436510,id:260055011,store:49367,Shift Supervisor,onsite,"2807 Woodruff Rd, Simpsonville, South Carolina, United States",1,SC,CONUS_L1_009_027,1
2026-10-01,260077572,https://apply.starbucks.com/careers/job/481080891399,"shift supervisor - Store# 10525, I-85 & PELHAM PKWY",SHIFT_SUPERVISOR,10525,I-85 & PELHAM PKWY,3905 Pelham Rd,Greenville,SC,,US,,1789617600,2026-09-17,15,2026-10-02,1789739271,2026-09-18,14,False,34.8599807,-82.264748,481080891399,id:260077572,store:10525,Shift Supervisor,onsite,"3905 Pelham Rd, Greenville, South Carolina, United States",1,SC,CONUS_L1_009_027,1
2026-10-01,260072930,https://apply.starbucks.com/careers/job/481080796782,"barista - Store# 10525, I-85 & PELHAM PKWY",BARISTA,10525,I-85 & PELHAM PKWY,3905 Pelham Rd,Greenville,SC,,US,,1789012800,2026-09-10,22,2026-10-02,1789135472,2026-09-11,21,False,34.8599807,-82.264748,481080796782,id:260072930,store:10525,Barista,onsite,"3905 Pelham Rd, Greenville, South Carolina, United States",1,SC,CONUS_L1_009_027,1
2026-10-01,260063578,https://apply.starbucks.com/careers/job/481080567238,"barista - Store# 08803, HENDRIX & WOODRUFF RD",BARISTA,08803,HENDRIX & WOODRUFF RD,1467 Woodruff Rd,Greenville,SC,,US,,1787803200,2026-08-27,36,2026-10-02,1787925034,2026-08-28,35,False,34.8210978,-82.28007579999999,481080567238,id:260063578,store:08803,Barista,onsite,"1467 Woodruff Rd, Greenville, South Carolina, United States",1,SC,CONUS_L1_009_027,1
2026-10-01,260059983,https://apply.starbucks.com/careers/job/481080079208,"shift supervisor - Store# 08803, HENDRIX & WOODRUFF RD",SHIFT_SUPERVISOR,08803,HENDRIX & WOODRUFF RD,1467 Woodruff Rd,Greenville,SC,,US,,1786161600,2026-08-08,55,2026-10-02,1786283259,2026-08-09,54,False,34.8210978,-82.28007579999999,481080079208,id:260059983,store:08803,Shift Supervisor,onsite,"1467 Woodruff Rd, Greenville, South Carolina, United States",1,SC,CONUS_L1_009_027,1
2026-10-01,260078910,https://apply.starbucks.com/careers/job/481080964850,"barista - Store# 55614, CHARLOTTE HWY AND VILLAGE HARBOR DR",BARISTA,55614,CHARLOTTE HWY AND VILLAGE HARBOR DR,"1201 Village Harbor Drive, 101",Clover,SC,,US,,1790049600,2026-09-22,10,2026-10-02,1790171030,2026-09-23,9,False,35.11594,-81.07464,481080964850,id:260078910,store:55614,Barista,onsite,"1201 Village Harbor Drive, 101, Clover, South Carolina, United States",1,SC,CONUS_L1_009_027;CONUS_L1_009_028,2
2026-10-01,260079082,https://apply.starbucks.com/careers/job/481080965351,"shift supervisor - Store# 55614, CHARLOTTE HWY AND VILLAGE HARBOR DR",SHIFT_SUPERVISOR,55614,CHARLOTTE HWY AND VILLAGE HARBOR DR,"1201 Village Harbor Drive, 101",Clover,SC,,US,,1790049600,2026-09-22,10,2026-10-02,1790171174,2026-09-23,9,False,35.11594,-81.07464,481080965351,id:260079082,store:55614,Shift Supervisor,onsite,"1201 Village Harbor Drive, 101, Clover, South Carolina, United States",1,SC,CONUS_L1_009_027;CONUS_L1_009_028,2
2026-10-01,260070918,https://apply.starbucks.com/careers/job/481080742089,"shift supervisor - Store# 63640, HWY 14 AND MAIN ST",SHIFT_SUPERVISOR,63640,HWY 14 AND MAIN ST,932 NE Main St,Simpsonville,SC,,US,,1788667200,2026-09-06,26,2026-10-02,1788788798,2026-09-07,25,False,34.75572390000001,-82.2678698,481080742089,id:260070918,store:63640,Shift Supervisor,onsite,"932 NE Main St, Simpsonville, South Carolina, United States",1,SC,CONUS_L1_009_027,1
2026-10-01,260059611,https://apply.starbucks.com/careers/job/481080017636,"barista - Store# 63640, HWY 14 AND MAIN ST",BARISTA,63640,HWY 14 AND MAIN ST,932 NE Main St,Simpsonville,SC,,US,,1785816000,2026-08-04,59,2026-10-02,1785937707,2026-08-05,58,False,34.75572390000001,-82.2678698,481080017636,id:260059611,store:63640,Barista,onsite,"932 NE Main St, Simpsonville, South Carolina, United States",1,SC,CONUS_L1_009_027,1
2026-10-01,260058453,https://apply.starbucks.com/careers/job/481079865509,"barista - Store# 65591, 385 AND MCCARTER RD",BARISTA,65591,385 AND MCCARTER RD,250 McCarter Rd,Fountain Inn,SC,,US,,1785038400,2026-07-26,68,2026-10-02,1785159922,2026-07-27,67,False,34.68757,-82.1967,481079865509,id:260058453,store:65591,Barista,onsite,"250 McCarter Rd, Fountain Inn, South Carolina, United States",1,SC,CONUS_L1_009_027,1
2026-10-01,260076986,https://apply.starbucks.com/careers/job/481080875265,"shift supervisor - Store# 65591, 385 AND MCCARTER RD",SHIFT_SUPERVISOR,65591,385 AND MCCARTER RD,250 McCarter Rd,Fountain Inn,SC,,US,,1789531200,2026-09-16,16,2026-10-02,1789652628,2026-09-17,15,False,34.68757,-82.1967,481080875265,id:260076986,store:65591,Shift Supervisor,onsite,"250 McCarter Rd, Fountain Inn, South Carolina, United States",1,SC,CONUS_L1_009_027,1
2026-10-01,260070142,https://apply.starbucks.com/careers/job/481080731114,"barista - Store# 58164, HERLONG AND EBENEZER",BARISTA,58164,HERLONG AND EBENEZER,"128 S. Herlong Ave, 101",Rock Hill,SC,,US,,1788580800,2026-09-05,27,2026-10-02,1788702658,2026-09-06,26,False,34.95704,-81.0474,481080731114,id:260070142,store:58164,Barista,onsite,"128 S. Herlong Ave, 101, Rock Hill, South Carolina, United States",1,SC,CONUS_L1_009_027;CONUS_L1_009_028,2
2026-10-01,260069901,https://apply.starbucks.com/careers/job/481080730826,"shift supervisor - Store# 58164, HERLONG AND EBENEZER",SHIFT_SUPERVISOR,58164,HERLONG AND EBENEZER,"128 S. Herlong Ave, 101",Rock Hill,SC,,US,,1788580800,2026-09-05,27,2026-10-02,1788702467,2026-09-06,26,False,34.95704,-81.0474,481080730826,id:260069901,store:58164,Shift Supervisor,onsite,"128 S. Herlong Ave, 101, Rock Hill, South Carolina, United States",1,SC,CONUS_L1_009_027;CONUS_L1_009_028,2
2026-10-01,260079101,https://apply.starbucks.com/careers/job/481080965372,"barista - Store# 13864, FAIRVIEW RD & HUNTERS WOOD DR",BARISTA,13864,FAIRVIEW RD & HUNTERS WOOD DR,657 Fairview Rd,Simpsonville,SC,,US,,1790049600,2026-09-22,10,2026-10-02,1790171190,2026-09-23,9,False,34.71156,-82.25597,481080965372,id:260079101,store:13864,Barista,onsite,"657 Fairview Rd, Simpsonville, South Carolina, United States",1,SC,CONUS_L1_009_027,1
2026-10-01,260077943,https://apply.starbucks.com/careers/job/481080923114,"shift supervisor - Store# 13864, FAIRVIEW RD & HUNTERS WOOD DR",SHIFT_SUPERVISOR,13864,FAIRVIEW RD & HUNTERS WOOD DR,657 Fairview Rd,Simpsonville,SC,,US,,1789790400,2026-09-19,13,2026-10-02,1789911609,2026-09-20,12,False,34.71156,-82.25597,481080923114,id:260077943,store:13864,Shift Supervisor,onsite,"657 Fairview Rd, Simpsonville, South Carolina, United States",1,SC,CONUS_L1_009_027,1
2026-10-01,260068910,https://apply.starbucks.com/careers/job/481080710272,"barista - Store# 48156, Cherry Rd & Charlotte Ave - Rock Hill",BARISTA,48156,Cherry Rd & Charlotte Ave - Rock Hill,610 N Cherry Rd,Rock Hill,SC,,US,,1788408000,2026-09-03,29,2026-10-02,1788530138,2026-09-04,28,False,34.94364,-81.02852,481080710272,id:260068910,store:48156,Barista,onsite,"610 N Cherry Rd, Rock Hill, South Carolina, United States",1,SC,CONUS_L1_009_027;CONUS_L1_009_028,2
2026-10-01,260057024,https://apply.starbucks.com/careers/job/481079556116,"shift supervisor - Store# 48156, Cherry Rd & Charlotte Ave - Rock Hill",SHIFT_SUPERVISOR,48156,Cherry Rd & Charlotte Ave - Rock Hill,610 N Cherry Rd,Rock Hill,SC,,US,,1784174400,2026-07-16,78,2026-10-02,1784295846,2026-07-17,77,False,34.94364,-81.02852,481079556116,id:260057024,store:48156,Shift Supervisor,onsite,"610 N Cherry Rd, Rock Hill, South Carolina, United States",1,SC,CONUS_L1_009_027;CONUS_L1_009_028,2
2026-10-01,260080248,https://apply.starbucks.com/careers/job/481081059104,"barista - Store# 09279, CELANESE ROAD",BARISTA,09279,CELANESE ROAD,1303 Riverchase Blvd,Rock Hill,SC,,US,,1790568000,2026-09-28,4,2026-10-02,1790689659,2026-09-29,3,False,34.9763374,-80.9896713,481081059104,id:260080248,store:09279,Barista,onsite,"1303 Riverchase Blvd, Rock Hill, South Carolina, United States",1,SC,CONUS_L1_009_027;CONUS_L1_009_028,2
2026-10-01,260063175,https://apply.starbucks.com/careers/job/481080565548,"shift supervisor - Store# 09279, CELANESE ROAD",SHIFT_SUPERVISOR,09279,CELANESE ROAD,1303 Riverchase Blvd,Rock Hill,SC,,US,,1787803200,2026-08-27,36,2026-10-02,1787924712,2026-08-28,35,False,34.9763374,-80.9896713,481080565548,id:260063175,store:09279,Shift Supervisor,onsite,"1303 Riverchase Blvd, Rock Hill, South Carolina, United States",1,SC,CONUS_L1_009_027;CONUS_L1_009_028,2
2026-10-01,260053447,https://apply.starbucks.com/careers/job/481079320289,"barista - Store# 09499, BAXTER TOWN CENTER",BARISTA,09499,BAXTER TOWN CENTER,"926 Market Street, Baxter Town Village",Fort Mill,SC,,US,,1783310400,2026-07-06,88,2026-10-02,1783432084,2026-07-07,87,False,35.02885,-80.96706,481079320289,id:260053447,store:09499,Barista,onsite,"926 Market Street, Baxter Town Village, Fort Mill, South Carolina, United States",1,SC,CONUS_L1_009_027;CONUS_L1_009_028,2
2026-10-01,260080312,https://apply.starbucks.com/careers/job/481081059189,"shift supervisor - Store# 09499, BAXTER TOWN CENTER",SHIFT_SUPERVISOR,09499,BAXTER TOWN CENTER,"926 Market Street, Baxter Town Village",Fort Mill,SC,,US,,1790568000,2026-09-28,4,2026-10-02,1790689716,2026-09-29,3,False,35.02885,-80.96706,481081059189,id:260080312,store:09499,Shift Supervisor,onsite,"926 Market Street, Baxter Town Village, Fort Mill, South Carolina, United States",1,SC,CONUS_L1_009_027;CONUS_L1_009_028,2
2026-10-01,260070950,https://apply.starbucks.com/careers/job/481080742097,"shift supervisor - Store# 49192, KINGSLEY",SHIFT_SUPERVISOR,49192,KINGSLEY,1343 Broadcloth Street,Fort Mill,SC,,US,,1788667200,2026-09-06,26,2026-10-02,1788788823,2026-09-07,25,False,35.02545,-80.96204,481080742097,id:260070950,store:49192,Shift Supervisor,onsite,"1343 Broadcloth Street, Fort Mill, South Carolina, United States",1,SC,CONUS_L1_009_027;CONUS_L1_009_028,2
2026-10-01,260076158,https://apply.starbucks.com/careers/job/481080861497,"barista - Store# 49192, KINGSLEY",BARISTA,49192,KINGSLEY,1343 Broadcloth Street,Fort Mill,SC,,US,,1789444800,2026-09-15,17,2026-10-02,1789566630,2026-09-16,16,False,35.02545,-80.96204,481080861497,id:260076158,store:49192,Barista,onsite,"1343 Broadcloth Street, Fort Mill, South Carolina, United States",1,SC,CONUS_L1_009_027;CONUS_L1_009_028,2
2026-10-01,260074002,https://apply.starbucks.com/careers/job/481080813630,"barista - Store# 60029, I-77 AND CAROWINDS",BARISTA,60029,I-77 AND CAROWINDS,3686 Foothills Way,Fort Mill,SC,,US,,1789185600,2026-09-12,20,2026-10-02,1789307431,2026-09-13,19,False,35.093,-80.93514,481080813630,id:260074002,store:60029,Barista,onsite,"3686 Foothills Way, Fort Mill, South Carolina, United States",1,SC,CONUS_L1_009_027;CONUS_L1_009_028,2
2026-10-01,260054584,https://apply.starbucks.com/careers/job/481079405513,"shift supervisor - Store# 50741, HIGHWAY 521 AND JIM WILSON",SHIFT_SUPERVISOR,50741,HIGHWAY 521 AND JIM WILSON,"7716 Charlotte Highway, 100",Fort Mill,SC,,US,,1783569600,2026-07-09,85,2026-10-02,1783691445,2026-07-10,84,False,34.93814,-80.83653,481079405513,id:260054584,store:50741,Shift Supervisor,onsite,"7716 Charlotte Highway, 100, Fort Mill, South Carolina, United States",1,SC,CONUS_L1_009_027;CONUS_L1_009_028,2
2026-10-01,260061868,https://apply.starbucks.com/careers/job/481080429675,"barista - Store# 50741, HIGHWAY 521 AND JIM WILSON",BARISTA,50741,HIGHWAY 521 AND JIM WILSON,"7716 Charlotte Highway, 100",Fort Mill,SC,,US,,1787457600,2026-08-23,40,2026-10-02,1787579208,2026-08-24,39,False,34.93814,-80.83653,481080429675,id:260061868,store:50741,Barista,onsite,"7716 Charlotte Highway, 100, Fort Mill, South Carolina, United States",1,SC,CONUS_L1_009_027;CONUS_L1_009_028,2
