snapshot_date,job_id,job_url,job_title_raw,role_bucket,store_number,store_name,street_address,city,state,postal_code,country,posted_text,posted_ts_raw,posted_date,days_since_posted,fetched_date,creation_ts_raw,req_created_date,req_age_days,reposted_requisition,latitude,longitude,position_id,dedup_key,store_key,department,work_location_option,location_raw,n_locations,all_states,search_ids,n_searches
2026-10-01,260071652,https://apply.starbucks.com/careers/job/481080764462,"shift supervisor - Store# 71981, RT 168 AND CARMICHAEL WAY",SHIFT_SUPERVISOR,71981,RT 168 AND CARMICHAEL WAY,201 Carmichael Way,Chesapeake,VA,,US,,1788840000,2026-09-08,23,2026-10-01,1788961298,2026-09-09,22,False,36.65901,-76.23193,481080764462,id:260071652,store:71981,Shift Supervisor,onsite,"201 Carmichael Way, Chesapeake, Virginia, United States",1,VA,CONUS_L0_003_008,1
2026-10-01,260079743,https://apply.starbucks.com/careers/job/481081018788,"barista - Store# 71981, RT 168 AND CARMICHAEL WAY",BARISTA,71981,RT 168 AND CARMICHAEL WAY,201 Carmichael Way,Chesapeake,VA,,US,,1790395200,2026-09-26,5,2026-10-01,1790516455,2026-09-27,4,False,36.65901,-76.23193,481081018788,id:260079743,store:71981,Barista,onsite,"201 Carmichael Way, Chesapeake, Virginia, United States",1,VA,CONUS_L0_003_008,1
2026-10-01,260058108,https://apply.starbucks.com/careers/job/481079849344,"barista - Store# 11573, Hanbury Rd and Chesapeake Expressway",BARISTA,11573,Hanbury Rd and Chesapeake Expressway,"249 Hanbury Rd, 100",Chesapeake,VA,,US,,1784952000,2026-07-25,68,2026-10-01,1785073389,2026-07-26,67,False,36.68693,-76.22636,481079849344,id:260058108,store:11573,Barista,onsite,"249 Hanbury Rd, 100, Chesapeake, Virginia, United States",1,VA,CONUS_L0_003_008,1
2026-10-01,260062012,https://apply.starbucks.com/careers/job/481080429883,"shift supervisor - Store# 11573, Hanbury Rd and Chesapeake Expressway",SHIFT_SUPERVISOR,11573,Hanbury Rd and Chesapeake Expressway,"249 Hanbury Rd, 100",Chesapeake,VA,,US,,1787457600,2026-08-23,39,2026-10-01,1787579333,2026-08-24,38,False,36.68693,-76.22636,481080429883,id:260062012,store:11573,Shift Supervisor,onsite,"249 Hanbury Rd, 100, Chesapeake, Virginia, United States",1,VA,CONUS_L0_003_008,1
2026-10-01,260080297,https://apply.starbucks.com/careers/job/481081059155,"barista - Store# 11659, COUNTRY CLUB SHOPS",BARISTA,11659,COUNTRY CLUB SHOPS,"940 Cedar Road, Country Club shops, Suite 101",Chesapeake,VA,,US,,1790568000,2026-09-28,3,2026-10-01,1790689703,2026-09-29,2,False,36.7121698,-76.276409,481081059155,id:260080297,store:11659,Barista,onsite,"940 Cedar Road, Country Club shops, Suite 101, Chesapeake, Virginia, United States",1,VA,CONUS_L0_003_008,1
2026-10-01,260056803,https://apply.starbucks.com/careers/job/481079527796,"shift supervisor - Store# 11659, COUNTRY CLUB SHOPS",SHIFT_SUPERVISOR,11659,COUNTRY CLUB SHOPS,"940 Cedar Road, Country Club shops, Suite 101",Chesapeake,VA,,US,,1784088000,2026-07-15,78,2026-10-01,1784209185,2026-07-16,77,False,36.7121698,-76.276409,481079527796,id:260056803,store:11659,Shift Supervisor,onsite,"940 Cedar Road, Country Club shops, Suite 101, Chesapeake, Virginia, United States",1,VA,CONUS_L0_003_008,1
2026-10-01,260071656,https://apply.starbucks.com/careers/job/481080764465,"barista - Store# 71893, GW HIGHWAY AND MOSES - DEEP CREEK",BARISTA,71893,GW HIGHWAY AND MOSES - DEEP CREEK,2621 Moses Grandy Trl,Chesapeake,VA,,US,,1788840000,2026-09-08,23,2026-10-01,1788961301,2026-09-09,22,False,36.739991,-76.342592,481080764465,id:260071656,store:71893,Barista,onsite,"2621 Moses Grandy Trl, Chesapeake, Virginia, United States",1,VA,CONUS_L0_003_008,1
2026-10-01,260059180,https://apply.starbucks.com/careers/job/481079980475,"shift supervisor - Store# 71893, GW HIGHWAY AND MOSES - DEEP CREEK",SHIFT_SUPERVISOR,71893,GW HIGHWAY AND MOSES - DEEP CREEK,2621 Moses Grandy Trl,Chesapeake,VA,,US,,1785643200,2026-08-02,60,2026-10-01,1785753075,2026-08-03,59,False,36.739991,-76.342592,481079980475,id:260059180,store:71893,Shift Supervisor,onsite,"2621 Moses Grandy Trl, Chesapeake, Virginia, United States",1,VA,CONUS_L0_003_008,1
2026-10-01,260067545,https://apply.starbucks.com/careers/job/481080699289,"barista - Store# 08774, BATTLEFIELD & VOLVO",BARISTA,08774,BATTLEFIELD & VOLVO,1217 N. Battlefield Blvd.,Chesapeake,VA,,US,,1788321600,2026-09-02,29,2026-10-01,1788456400,2026-09-03,28,False,36.76315,-76.25074,481080699289,id:260067545,store:08774,Barista,onsite,"1217 N. Battlefield Blvd., Chesapeake, Virginia, United States",1,VA,CONUS_L0_003_008,1
2026-10-01,260071085,https://apply.starbucks.com/careers/job/481080742319,"shift supervisor - Store# 08774, BATTLEFIELD & VOLVO",SHIFT_SUPERVISOR,08774,BATTLEFIELD & VOLVO,1217 N. Battlefield Blvd.,Chesapeake,VA,,US,,1788667200,2026-09-06,25,2026-10-01,1788788934,2026-09-07,24,False,36.76315,-76.25074,481080742319,id:260071085,store:08774,Shift Supervisor,onsite,"1217 N. Battlefield Blvd., Chesapeake, Virginia, United States",1,VA,CONUS_L0_003_008,1
2026-10-01,260066022,https://apply.starbucks.com/careers/job/481080678683,"barista - Store# 08774, BATTLEFIELD & VOLVO",BARISTA,08774,BATTLEFIELD & VOLVO,1217 N. Battlefield Blvd.,Chesapeake,VA,,US,,1788321600,2026-09-02,29,2026-10-01,1788357602,2026-09-02,29,False,36.76315,-76.25074,481080678683,id:260066022,store:08774,Barista,onsite,"1217 N. Battlefield Blvd., Chesapeake, Virginia, United States",1,VA,CONUS_L0_003_008,1
2026-10-01,260073878,https://apply.starbucks.com/careers/job/481080813461,"shift supervisor - Store# 07298, CROSSWAYS SHOPPING CENTER",SHIFT_SUPERVISOR,07298,CROSSWAYS SHOPPING CENTER,"809 Eden Way N., Suite 110",Chesapeake,VA,,US,,1789185600,2026-09-12,19,2026-10-01,1789307316,2026-09-13,18,False,36.7730021,-76.2340842,481080813461,id:260073878,store:07298,Shift Supervisor,onsite,"809 Eden Way N., Suite 110, Chesapeake, Virginia, United States",1,VA,CONUS_L0_003_008,1
2026-10-01,260079975,https://apply.starbucks.com/careers/job/481081029511,"barista - Store# 07298, CROSSWAYS SHOPPING CENTER",BARISTA,07298,CROSSWAYS SHOPPING CENTER,"809 Eden Way N., Suite 110",Chesapeake,VA,,US,,1790481600,2026-09-27,4,2026-10-01,1790603360,2026-09-28,3,False,36.7730021,-76.2340842,481081029511,id:260079975,store:07298,Barista,onsite,"809 Eden Way N., Suite 110, Chesapeake, Virginia, United States",1,VA,CONUS_L0_003_008,1
2026-10-01,260056919,https://apply.starbucks.com/careers/job/481079556015,"barista - Store# 62898, 1933 LANDSTOWN CENTER WAY",BARISTA,62898,1933 LANDSTOWN CENTER WAY,"1933 Landstown Center Way, 350",Virginia Beach,VA,,US,,1784174400,2026-07-16,77,2026-10-01,1784295765,2026-07-17,76,False,36.77254,-76.08923,481079556015,id:260056919,store:62898,Barista,onsite,"1933 Landstown Center Way, 350, Virginia Beach, Virginia, United States",1,VA,CONUS_L0_003_008,1
2026-10-01,260074310,https://apply.starbucks.com/careers/job/481080814164,"shift supervisor - Store# 62898, 1933 LANDSTOWN CENTER WAY",SHIFT_SUPERVISOR,62898,1933 LANDSTOWN CENTER WAY,"1933 Landstown Center Way, 350",Virginia Beach,VA,,US,,1789185600,2026-09-12,19,2026-10-01,1789307717,2026-09-13,18,False,36.77254,-76.08923,481080814164,id:260074310,store:62898,Shift Supervisor,onsite,"1933 Landstown Center Way, 350, Virginia Beach, Virginia, United States",1,VA,CONUS_L0_003_008,1
2026-10-01,260078964,https://apply.starbucks.com/careers/job/481080964930,"shift supervisor - Store# 07756, RED MILL COMMONS",SHIFT_SUPERVISOR,07756,RED MILL COMMONS,"1169 Nimmo Parkway, Red Mill Commons, Suite 250",Virginia Beach,VA,,US,,1790049600,2026-09-22,9,2026-10-01,1790171074,2026-09-23,8,False,36.7601474,-76.0081771,481080964930,id:260078964,store:07756,Shift Supervisor,onsite,"1169 Nimmo Parkway, Red Mill Commons, Suite 250, Virginia Beach, Virginia, United States",1,VA,CONUS_L0_003_008,1
2026-10-01,260057182,https://apply.starbucks.com/careers/job/481079587526,"barista - Store# 07756, RED MILL COMMONS",BARISTA,07756,RED MILL COMMONS,"1169 Nimmo Parkway, Red Mill Commons, Suite 250",Virginia Beach,VA,,US,,1784347200,2026-07-18,75,2026-10-01,1784468353,2026-07-19,74,False,36.7601474,-76.0081771,481079587526,id:260057182,store:07756,Barista,onsite,"1169 Nimmo Parkway, Red Mill Commons, Suite 250, Virginia Beach, Virginia, United States",1,VA,CONUS_L0_003_008,1
2026-10-01,260066718,https://apply.starbucks.com/careers/job/481080698241,"shift supervisor - Store# 14418, LANDSTOWN COMMONS",SHIFT_SUPERVISOR,14418,LANDSTOWN COMMONS,"3376 Princess Anne Rd, Landstown, Suite 209",Virginia Beach,VA,,US,,1788321600,2026-09-02,29,2026-10-01,1788455616,2026-09-03,28,False,36.7756212,-76.0881612,481080698241,id:260066718,store:14418,Shift Supervisor,onsite,"3376 Princess Anne Rd, Landstown, Suite 209, Virginia Beach, Virginia, United States",1,VA,CONUS_L0_003_008,1
2026-10-01,260075717,https://apply.starbucks.com/careers/job/481080840483,"barista - Store# 14418, LANDSTOWN COMMONS",BARISTA,14418,LANDSTOWN COMMONS,"3376 Princess Anne Rd, Landstown, Suite 209",Virginia Beach,VA,,US,,1789358400,2026-09-14,17,2026-10-01,1789479982,2026-09-15,16,False,36.7756212,-76.0881612,481080840483,id:260075717,store:14418,Barista,onsite,"3376 Princess Anne Rd, Landstown, Suite 209, Virginia Beach, Virginia, United States",1,VA,CONUS_L0_003_008,1
2026-10-01,260062453,https://apply.starbucks.com/careers/job/481080494299,"shift supervisor - Store# 62735, GENERAL BOOTH & NIMMO,HICKMAN PLACE",SHIFT_SUPERVISOR,62735,"GENERAL BOOTH & NIMMO,HICKMAN PLACE",2160 General Booth Blvd,Virginia Beach,VA,,US,,1787630400,2026-08-25,37,2026-10-01,1787752230,2026-08-26,36,False,36.76559,-76.01391,481080494299,id:260062453,store:62735,Shift Supervisor,onsite,"2160 General Booth Blvd, Virginia Beach, Virginia, United States",1,VA,CONUS_L0_003_008,1
2026-10-01,260078508,https://apply.starbucks.com/careers/job/481080936464,"barista - Store# 62735, GENERAL BOOTH & NIMMO,HICKMAN PLACE",BARISTA,62735,"GENERAL BOOTH & NIMMO,HICKMAN PLACE",2160 General Booth Blvd,Virginia Beach,VA,,US,,1789876800,2026-09-20,11,2026-10-01,1789998330,2026-09-21,10,False,36.76559,-76.01391,481080936464,id:260078508,store:62735,Barista,onsite,"2160 General Booth Blvd, Virginia Beach, Virginia, United States",1,VA,CONUS_L0_003_008,1
2026-10-01,260053750,https://apply.starbucks.com/careers/job/481079385370,"shift supervisor - Store# 55027, BATTLEFIELD BLVD AND WOODLAKE DR",SHIFT_SUPERVISOR,55027,BATTLEFIELD BLVD AND WOODLAKE DR,1746 Sentinel Dr,Chesapeake,VA,,US,,1783483200,2026-07-08,85,2026-10-01,1783604564,2026-07-09,84,False,36.77925,-76.25637,481079385370,id:260053750,store:55027,Shift Supervisor,onsite,"1746 Sentinel Dr, Chesapeake, Virginia, United States",1,VA,CONUS_L0_003_008,1
2026-10-01,260062773,https://apply.starbucks.com/careers/job/481080495001,"shift supervisor - Store# 07766, PRINCESS ANNE",SHIFT_SUPERVISOR,07766,PRINCESS ANNE,2005 Lynnhaven Parkway,Virginia Beach,VA,,US,,1787630400,2026-08-25,37,2026-10-01,1787752486,2026-08-26,36,False,36.792979,-76.11982640000001,481080495001,id:260062773,store:07766,Shift Supervisor,onsite,"2005 Lynnhaven Parkway, Virginia Beach, Virginia, United States",1,VA,CONUS_L0_003_008,1
2026-10-01,260059926,https://apply.starbucks.com/careers/job/481080079124,"barista - Store# 07766, PRINCESS ANNE",BARISTA,07766,PRINCESS ANNE,2005 Lynnhaven Parkway,Virginia Beach,VA,,US,,1786161600,2026-08-08,54,2026-10-01,1786283214,2026-08-09,53,False,36.792979,-76.11982640000001,481080079124,id:260059926,store:07766,Barista,onsite,"2005 Lynnhaven Parkway, Virginia Beach, Virginia, United States",1,VA,CONUS_L0_003_008,1
2026-10-01,260080636,https://apply.starbucks.com/careers/job/481081091767,"shift supervisor - Store# 07542, KEMPS RIVER II",SHIFT_SUPERVISOR,07542,KEMPS RIVER II,1390 Fordham Drive,Virginia Beach,VA,,US,,1790740800,2026-09-30,1,2026-10-01,1790836117,2026-10-01,0,False,36.7995029,-76.17788709999999,481081091767,id:260080636,store:07542,Shift Supervisor,onsite,"1390 Fordham Drive, Virginia Beach, Virginia, United States",1,VA,CONUS_L0_003_008,1
2026-10-01,260078127,https://apply.starbucks.com/careers/job/481080923691,"barista - Store# 07542, KEMPS RIVER II",BARISTA,07542,KEMPS RIVER II,1390 Fordham Drive,Virginia Beach,VA,,US,,1789790400,2026-09-19,12,2026-10-01,1789911762,2026-09-20,11,False,36.7995029,-76.17788709999999,481080923691,id:260078127,store:07542,Barista,onsite,"1390 Fordham Drive, Virginia Beach, Virginia, United States",1,VA,CONUS_L0_003_008,1
2026-10-01,260065789,https://apply.starbucks.com/careers/job/481080678209,"shift supervisor - Store# 18276, PROVIDENCE & KEMPSVILLE",SHIFT_SUPERVISOR,18276,PROVIDENCE & KEMPSVILLE,5232A Providence Road,Virginia Beach,VA,,US,,1788321600,2026-09-02,29,2026-10-01,1788357397,2026-09-02,29,False,36.81419,-76.16744,481080678209,id:260065789,store:18276,Shift Supervisor,onsite,"5232A Providence Road, Virginia Beach, Virginia, United States",1,VA,CONUS_L0_003_008,1
2026-10-01,260079529,https://apply.starbucks.com/careers/job/481080998897,"barista - Store# 18276, PROVIDENCE & KEMPSVILLE",BARISTA,18276,PROVIDENCE & KEMPSVILLE,5232A Providence Road,Virginia Beach,VA,,US,,1790222400,2026-09-24,7,2026-10-01,1790344088,2026-09-25,6,False,36.81419,-76.16744,481080998897,id:260079529,store:18276,Barista,onsite,"5232A Providence Road, Virginia Beach, Virginia, United States",1,VA,CONUS_L0_003_008,1
2026-10-01,260078703,https://apply.starbucks.com/careers/job/481080949699,"barista - Store# 22264, HOLLAND CENTURY SHOPPES - VA BEACH",BARISTA,22264,HOLLAND CENTURY SHOPPES - VA BEACH,"3917 Holland Rd, 101",Virginia Beach,VA,,US,,1789963200,2026-09-21,10,2026-10-01,1790084473,2026-09-22,9,False,36.81598,-76.1098,481080949699,id:260078703,store:22264,Barista,onsite,"3917 Holland Rd, 101, Virginia Beach, Virginia, United States",1,VA,CONUS_L0_003_008,1
2026-10-01,260053012,https://apply.starbucks.com/careers/job/481079230112,"shift supervisor - Store# 22264, HOLLAND CENTURY SHOPPES - VA BEACH",SHIFT_SUPERVISOR,22264,HOLLAND CENTURY SHOPPES - VA BEACH,"3917 Holland Rd, 101",Virginia Beach,VA,,US,,1783137600,2026-07-04,89,2026-10-01,1783258794,2026-07-05,88,False,36.81598,-76.1098,481079230112,id:260053012,store:22264,Shift Supervisor,onsite,"3917 Holland Rd, 101, Virginia Beach, Virginia, United States",1,VA,CONUS_L0_003_008,1
2026-10-01,260070718,https://apply.starbucks.com/careers/job/481080741822,"shift supervisor - Store# 60180, Witchduck & Princess Anne",SHIFT_SUPERVISOR,60180,Witchduck & Princess Anne,5152 Princess Anne Road,Virginia Beach,VA,,US,,1788667200,2026-09-06,25,2026-10-01,1788788638,2026-09-07,24,False,36.82682,-76.16168,481080741822,id:260070718,store:60180,Shift Supervisor,onsite,"5152 Princess Anne Road, Virginia Beach, Virginia, United States",1,VA,CONUS_L0_003_008,1
2026-10-01,260069959,https://apply.starbucks.com/careers/job/481080730891,"barista - Store# 07911, INDEPENDENCE BLVD & INVESTORS PLACE",BARISTA,07911,INDEPENDENCE BLVD & INVESTORS PLACE,465 INVESTORS PLACE,Virginia Beach,VA,,US,,1788580800,2026-09-05,26,2026-10-01,1788702513,2026-09-06,25,False,36.8286974,-76.1338516,481080730891,id:260069959,store:07911,Barista,onsite,"465 INVESTORS PLACE, Virginia Beach, Virginia, United States",1,VA,CONUS_L0_003_008,1
2026-10-01,260077715,https://apply.starbucks.com/careers/job/481080891531,"shift supervisor - Store# 07911, INDEPENDENCE BLVD & INVESTORS PLACE",SHIFT_SUPERVISOR,07911,INDEPENDENCE BLVD & INVESTORS PLACE,465 INVESTORS PLACE,Virginia Beach,VA,,US,,1789617600,2026-09-17,14,2026-10-01,1789739393,2026-09-18,13,False,36.8286974,-76.1338516,481080891531,id:260077715,store:07911,Shift Supervisor,onsite,"465 INVESTORS PLACE, Virginia Beach, Virginia, United States",1,VA,CONUS_L0_003_008,1
2026-10-01,260076544,https://apply.starbucks.com/careers/job/481080862370,"barista - Store# 09678, PHOENIX AVE AND LYNNHAVEN PARKWAY",BARISTA,09678,PHOENIX AVE AND LYNNHAVEN PARKWAY,660-101 Phoenix Avenue,Virginia Beach,VA,,US,,1789444800,2026-09-15,16,2026-10-01,1789566961,2026-09-16,15,False,36.82442,-76.06778,481080862370,id:260076544,store:09678,Barista,onsite,"660-101 Phoenix Avenue, Virginia Beach, Virginia, United States",1,VA,CONUS_L0_003_008,1
2026-10-01,260063576,https://apply.starbucks.com/careers/job/481080566858,"shift supervisor - Store# 09678, PHOENIX AVE AND LYNNHAVEN PARKWAY",SHIFT_SUPERVISOR,09678,PHOENIX AVE AND LYNNHAVEN PARKWAY,660-101 Phoenix Avenue,Virginia Beach,VA,,US,,1787803200,2026-08-27,35,2026-10-01,1787925033,2026-08-28,34,False,36.82442,-76.06778,481080566858,id:260063576,store:09678,Shift Supervisor,onsite,"660-101 Phoenix Avenue, Virginia Beach, Virginia, United States",1,VA,CONUS_L0_003_008,1
2026-10-01,260077037,https://apply.starbucks.com/careers/job/481080875340,"barista - Store# 68575, 4393 VIRGINIA BEACH BLVD",BARISTA,68575,4393 VIRGINIA BEACH BLVD,4393 Virginia Beach Blvd,Virginia Beach,VA,,US,,1789531200,2026-09-16,15,2026-10-01,1789652674,2026-09-17,14,False,36.84294,-76.12618,481080875340,id:260077037,store:68575,Barista,onsite,"4393 Virginia Beach Blvd, Virginia Beach, Virginia, United States",1,VA,CONUS_L0_003_008,1
2026-10-01,260079488,https://apply.starbucks.com/careers/job/481080998828,"shift supervisor - Store# 68575, 4393 VIRGINIA BEACH BLVD",SHIFT_SUPERVISOR,68575,4393 VIRGINIA BEACH BLVD,4393 Virginia Beach Blvd,Virginia Beach,VA,,US,,1790222400,2026-09-24,7,2026-10-01,1790344053,2026-09-25,6,False,36.84294,-76.12618,481080998828,id:260079488,store:68575,Shift Supervisor,onsite,"4393 Virginia Beach Blvd, Virginia Beach, Virginia, United States",1,VA,CONUS_L0_003_008,1
2026-10-01,260070886,https://apply.starbucks.com/careers/job/481080742135,"shift supervisor - Store# 65192, 264 & FREDERICK BLVD - PORTSMOUTH",SHIFT_SUPERVISOR,65192,264 & FREDERICK BLVD - PORTSMOUTH,1903 Frederick Blvd,Portsmouth,VA,,US,,1788667200,2026-09-06,25,2026-10-01,1788788772,2026-09-07,24,False,36.8241,-76.33737,481080742135,id:260070886,store:65192,Shift Supervisor,onsite,"1903 Frederick Blvd, Portsmouth, Virginia, United States",1,VA,CONUS_L0_003_008,1
2026-10-01,260080330,https://apply.starbucks.com/careers/job/481081059216,"barista - Store# 65192, 264 & FREDERICK BLVD - PORTSMOUTH",BARISTA,65192,264 & FREDERICK BLVD - PORTSMOUTH,1903 Frederick Blvd,Portsmouth,VA,,US,,1790568000,2026-09-28,3,2026-10-01,1790689731,2026-09-29,2,False,36.8241,-76.33737,481081059216,id:260080330,store:65192,Barista,onsite,"1903 Frederick Blvd, Portsmouth, Virginia, United States",1,VA,CONUS_L0_003_008,1
2026-10-01,260062422,https://apply.starbucks.com/careers/job/481080494215,"barista - Store# 07894, LITTLE NECK",BARISTA,07894,LITTLE NECK,3504 Virginia Beach Blvd,Virginia Beach,VA,,US,,1787630400,2026-08-25,37,2026-10-01,1787752205,2026-08-26,36,False,36.8414418,-76.0938706,481080494215,id:260062422,store:07894,Barista,onsite,"3504 Virginia Beach Blvd, Virginia Beach, Virginia, United States",1,VA,CONUS_L0_003_008,1
2026-10-01,260062686,https://apply.starbucks.com/careers/job/481080494836,"shift supervisor - Store# 07894, LITTLE NECK",SHIFT_SUPERVISOR,07894,LITTLE NECK,3504 Virginia Beach Blvd,Virginia Beach,VA,,US,,1787630400,2026-08-25,37,2026-10-01,1787752417,2026-08-26,36,False,36.8414418,-76.0938706,481080494836,id:260062686,store:07894,Shift Supervisor,onsite,"3504 Virginia Beach Blvd, Virginia Beach, Virginia, United States",1,VA,CONUS_L0_003_008,1
2026-10-01,260064312,https://apply.starbucks.com/careers/job/481080613054,"shift supervisor - Store# 19499, LONDON BRIDGE",SHIFT_SUPERVISOR,19499,LONDON BRIDGE,"2300 Virginia Beach Blvd., London Bridge Shopping Center",Virginia Beach,VA,,US,,1788062400,2026-08-30,32,2026-10-01,1788183711,2026-08-31,31,False,36.84207,-76.0486,481080613054,id:260064312,store:19499,Shift Supervisor,onsite,"2300 Virginia Beach Blvd., London Bridge Shopping Center, Virginia Beach, Virginia, United States",1,VA,CONUS_L0_003_008,1
2026-10-01,260077665,https://apply.starbucks.com/careers/job/481080891509,"barista - Store# 19499, LONDON BRIDGE",BARISTA,19499,LONDON BRIDGE,"2300 Virginia Beach Blvd., London Bridge Shopping Center",Virginia Beach,VA,,US,,1789617600,2026-09-17,14,2026-10-01,1789739350,2026-09-18,13,False,36.84207,-76.0486,481080891509,id:260077665,store:19499,Barista,onsite,"2300 Virginia Beach Blvd., London Bridge Shopping Center, Virginia Beach, Virginia, United States",1,VA,CONUS_L0_003_008,1
2026-10-01,260078919,https://apply.starbucks.com/careers/job/481080964864,"barista - Store# 14417, PORTSMOUTH",BARISTA,14417,PORTSMOUTH,361 Effingham Street,Portsmouth,VA,,US,,1790049600,2026-09-22,9,2026-10-01,1790171037,2026-09-23,8,False,36.83805,-76.30663,481080964864,id:260078919,store:14417,Barista,onsite,"361 Effingham Street, Portsmouth, Virginia, United States",1,VA,CONUS_L0_003_008,1
2026-10-01,260073944,https://apply.starbucks.com/careers/job/481080813564,"shift supervisor - Store# 07478, GRANBY & PLUME",SHIFT_SUPERVISOR,07478,GRANBY & PLUME,"141 Granby St, Selden Arcade #1",Norfolk,VA,,US,,1789185600,2026-09-12,19,2026-10-01,1789307376,2026-09-13,18,False,36.8474428,-76.2919355,481080813564,id:260073944,store:07478,Shift Supervisor,onsite,"141 Granby St, Selden Arcade #1, Norfolk, Virginia, United States",1,VA,CONUS_L0_003_008,1
2026-10-01,260077689,https://apply.starbucks.com/careers/job/481080891455,"barista - Store# 07478, GRANBY & PLUME",BARISTA,07478,GRANBY & PLUME,"141 Granby St, Selden Arcade #1",Norfolk,VA,,US,,1789617600,2026-09-17,14,2026-10-01,1789739371,2026-09-18,13,False,36.8474428,-76.2919355,481080891455,id:260077689,store:07478,Barista,onsite,"141 Granby St, Selden Arcade #1, Norfolk, Virginia, United States",1,VA,CONUS_L0_003_008,1
2026-10-01,260062481,https://apply.starbucks.com/careers/job/481080494349,"barista - Store# 62827, FIRST COLONIAL RD & DONNA DR.",BARISTA,62827,FIRST COLONIAL RD & DONNA DR.,"561 First Colonial Rd, 101",Virginia Beach,VA,,US,,1787630400,2026-08-25,37,2026-10-01,1787752254,2026-08-26,36,False,36.84801,-76.02227,481080494349,id:260062481,store:62827,Barista,onsite,"561 First Colonial Rd, 101, Virginia Beach, Virginia, United States",1,VA,CONUS_L0_003_008,1
2026-10-01,260062591,https://apply.starbucks.com/careers/job/481080494880,"shift supervisor - Store# 62827, FIRST COLONIAL RD & DONNA DR.",SHIFT_SUPERVISOR,62827,FIRST COLONIAL RD & DONNA DR.,"561 First Colonial Rd, 101",Virginia Beach,VA,,US,,1787630400,2026-08-25,37,2026-10-01,1787752342,2026-08-26,36,False,36.84801,-76.02227,481080494880,id:260062591,store:62827,Shift Supervisor,onsite,"561 First Colonial Rd, 101, Virginia Beach, Virginia, United States",1,VA,CONUS_L0_003_008,1
2026-10-01,260058153,https://apply.starbucks.com/careers/job/481079849608,"barista - Store# 07819, Military & Raby",BARISTA,07819,Military & Raby,"1119 N Military Hwy, Four Square Shopping Center, 100",Norfolk,VA,,US,,1784952000,2026-07-25,68,2026-10-01,1785073426,2026-07-26,67,False,36.8609225,-76.2108559,481079849608,id:260058153,store:07819,Barista,onsite,"1119 N Military Hwy, Four Square Shopping Center, 100, Norfolk, Virginia, United States",1,VA,CONUS_L0_003_008,1
2026-10-01,260058303,https://apply.starbucks.com/careers/job/481079850012,"shift supervisor - Store# 07819, Military & Raby",SHIFT_SUPERVISOR,07819,Military & Raby,"1119 N Military Hwy, Four Square Shopping Center, 100",Norfolk,VA,,US,,1784952000,2026-07-25,68,2026-10-01,1785073548,2026-07-26,67,False,36.8609225,-76.2108559,481079850012,id:260058303,store:07819,Shift Supervisor,onsite,"1119 N Military Hwy, Four Square Shopping Center, 100, Norfolk, Virginia, United States",1,VA,CONUS_L0_003_008,1
2026-10-01,260062383,https://apply.starbucks.com/careers/job/481080494094,"shift supervisor - Store# 07848, CHESAPEAKE SQUARE",SHIFT_SUPERVISOR,07848,CHESAPEAKE SQUARE,"2400 Chesapeake Square Ring Road, Suite 104",Chesapeake,VA,,US,,1787630400,2026-08-25,37,2026-10-01,1787752173,2026-08-26,36,False,36.8275021,-76.41059179999999,481080494094,id:260062383,store:07848,Shift Supervisor,onsite,"2400 Chesapeake Square Ring Road, Suite 104, Chesapeake, Virginia, United States",1,VA,CONUS_L0_003_008;CONUS_L1_011_030,2
2026-10-01,260064001,https://apply.starbucks.com/careers/job/481080594380,"barista - Store# 07848, CHESAPEAKE SQUARE",BARISTA,07848,CHESAPEAKE SQUARE,"2400 Chesapeake Square Ring Road, Suite 104",Chesapeake,VA,,US,,1787976000,2026-08-29,33,2026-10-01,1788097347,2026-08-30,32,False,36.8275021,-76.41059179999999,481080594380,id:260064001,store:07848,Barista,onsite,"2400 Chesapeake Square Ring Road, Suite 104, Chesapeake, Virginia, United States",1,VA,CONUS_L0_003_008;CONUS_L1_011_030,2
2026-10-01,260062619,https://apply.starbucks.com/careers/job/481080494679,"barista - Store# 71183, JOLLIFF LANDING @ PORTSMOUTH BLVD",BARISTA,71183,JOLLIFF LANDING @ PORTSMOUTH BLVD,5000 Portsmouth Blvd,Chesapeake,VA,,US,,1787630400,2026-08-25,37,2026-10-01,1787752364,2026-08-26,36,False,36.81642,-76.44923,481080494679,id:260062619,store:71183,Barista,onsite,"5000 Portsmouth Blvd, Chesapeake, Virginia, United States",1,VA,CONUS_L0_003_008;CONUS_L1_011_030,2
2026-10-01,260063372,https://apply.starbucks.com/careers/job/481080566142,"shift supervisor - Store# 71183, JOLLIFF LANDING @ PORTSMOUTH BLVD",SHIFT_SUPERVISOR,71183,JOLLIFF LANDING @ PORTSMOUTH BLVD,5000 Portsmouth Blvd,Chesapeake,VA,,US,,1787803200,2026-08-27,35,2026-10-01,1787924869,2026-08-28,34,False,36.81642,-76.44923,481080566142,id:260063372,store:71183,Shift Supervisor,onsite,"5000 Portsmouth Blvd, Chesapeake, Virginia, United States",1,VA,CONUS_L0_003_008;CONUS_L1_011_030,2
2026-10-01,260055913,https://apply.starbucks.com/careers/job/481079473247,"barista - Store# 10926, SUFFOLK, VA",BARISTA,10926,"SUFFOLK, VA","1202 North Main Street, Unit 100",Suffolk,VA,,US,,1783915200,2026-07-13,80,2026-10-01,1784037128,2026-07-14,79,False,36.74872,-76.58237,481079473247,id:260055913,store:10926,Barista,onsite,"1202 North Main Street, Unit 100, Suffolk, Virginia, United States",1,VA,CONUS_L0_003_008,1
2026-10-01,260073054,https://apply.starbucks.com/careers/job/481080797694,"shift supervisor - Store# 10926, SUFFOLK, VA",SHIFT_SUPERVISOR,10926,"SUFFOLK, VA","1202 North Main Street, Unit 100",Suffolk,VA,,US,,1789012800,2026-09-10,21,2026-10-01,1789135577,2026-09-11,20,False,36.74872,-76.58237,481080797694,id:260073054,store:10926,Shift Supervisor,onsite,"1202 North Main Street, Unit 100, Suffolk, Virginia, United States",1,VA,CONUS_L0_003_008,1
2026-10-01,260057030,https://apply.starbucks.com/careers/job/481079556132,"shift supervisor - Store# 17020, HAYGOOD ROAD AND INDEPENDENCE BLVD",SHIFT_SUPERVISOR,17020,HAYGOOD ROAD AND INDEPENDENCE BLVD,"1099 Independence Blvd, Haygood Shops, 100",Virginia Beach,VA,,US,,1784174400,2026-07-16,77,2026-10-01,1784295850,2026-07-17,76,False,36.8748057,-76.13512089999999,481079556132,id:260057030,store:17020,Shift Supervisor,onsite,"1099 Independence Blvd, Haygood Shops, 100, Virginia Beach, Virginia, United States",1,VA,CONUS_L0_003_008,1
2026-10-01,260055127,https://apply.starbucks.com/careers/job/481079453589,"barista - Store# 17020, HAYGOOD ROAD AND INDEPENDENCE BLVD",BARISTA,17020,HAYGOOD ROAD AND INDEPENDENCE BLVD,"1099 Independence Blvd, Haygood Shops, 100",Virginia Beach,VA,,US,,1783828800,2026-07-12,81,2026-10-01,1783950354,2026-07-13,80,False,36.8748057,-76.13512089999999,481079453589,id:260055127,store:17020,Barista,onsite,"1099 Independence Blvd, Haygood Shops, 100, Virginia Beach, Virginia, United States",1,VA,CONUS_L0_003_008,1
2026-10-01,260077422,https://apply.starbucks.com/careers/job/481080891108,"shift supervisor - Store# 07867, COLONIAL AVE AT W. 20TH ST",SHIFT_SUPERVISOR,07867,COLONIAL AVE AT W. 20TH ST,2000 Colonial Ave,Norfolk,VA,,US,,1789617600,2026-09-17,14,2026-10-01,1789739141,2026-09-18,13,False,36.8687068,-76.29117269999999,481080891108,id:260077422,store:07867,Shift Supervisor,onsite,"2000 Colonial Ave, Norfolk, Virginia, United States",1,VA,CONUS_L0_003_008,1
2026-10-01,260061318,https://apply.starbucks.com/careers/job/481080264864,"barista - Store# 07867, COLONIAL AVE AT W. 20TH ST",BARISTA,07867,COLONIAL AVE AT W. 20TH ST,2000 Colonial Ave,Norfolk,VA,,US,,1787025600,2026-08-18,44,2026-10-01,1787146968,2026-08-19,43,False,36.8687068,-76.29117269999999,481080264864,id:260061318,store:07867,Barista,onsite,"2000 Colonial Ave, Norfolk, Virginia, United States",1,VA,CONUS_L0_003_008,1
2026-10-01,260061301,https://apply.starbucks.com/careers/job/481080264845,"shift supervisor - Store# 08888, 31 OCEAN",SHIFT_SUPERVISOR,08888,31 OCEAN,"241 Laskin Road, 31 Ocean",Virginia Beach,VA,,US,,1787025600,2026-08-18,44,2026-10-01,1787146953,2026-08-19,43,False,36.85895,-75.97904,481080264845,id:260061301,store:08888,Shift Supervisor,onsite,"241 Laskin Road, 31 Ocean, Virginia Beach, Virginia, United States",1,VA,CONUS_L0_003_008,1
2026-10-01,260069715,https://apply.starbucks.com/careers/job/481080730609,"barista - Store# 08888, 31 OCEAN",BARISTA,08888,31 OCEAN,"241 Laskin Road, 31 Ocean",Virginia Beach,VA,,US,,1788580800,2026-09-05,26,2026-10-01,1788702321,2026-09-06,25,False,36.85895,-75.97904,481080730609,id:260069715,store:08888,Barista,onsite,"241 Laskin Road, 31 Ocean, Virginia Beach, Virginia, United States",1,VA,CONUS_L0_003_008,1
2026-10-01,260055508,https://apply.starbucks.com/careers/job/481079454101,"barista - Store# 10092, NORTHAMPTON BLVD.",BARISTA,10092,NORTHAMPTON BLVD.,"5824 Northampton Blvd., Suite 101",Virginia Beach,VA,,US,,1783828800,2026-07-12,81,2026-10-01,1783950646,2026-07-13,80,False,36.8817713,-76.1872266,481079454101,id:260055508,store:10092,Barista,onsite,"5824 Northampton Blvd., Suite 101, Virginia Beach, Virginia, United States",1,VA,CONUS_L0_003_008,1
2026-10-01,260063548,https://apply.starbucks.com/careers/job/481080567512,"shift supervisor - Store# 10092, NORTHAMPTON BLVD.",SHIFT_SUPERVISOR,10092,NORTHAMPTON BLVD.,"5824 Northampton Blvd., Suite 101",Virginia Beach,VA,,US,,1787803200,2026-08-27,35,2026-10-01,1787925010,2026-08-28,34,False,36.8817713,-76.1872266,481080567512,id:260063548,store:10092,Shift Supervisor,onsite,"5824 Northampton Blvd., Suite 101, Virginia Beach, Virginia, United States",1,VA,CONUS_L0_003_008,1
2026-10-01,260068341,https://apply.starbucks.com/careers/job/481080709311,"shift supervisor - Store# 49981, Norfolk Premium Outlets",SHIFT_SUPERVISOR,49981,Norfolk Premium Outlets,"1600 Premium Outlets Blvd, 856",Norfolk,VA,,US,,1788408000,2026-09-03,28,2026-10-01,1788529652,2026-09-04,27,False,36.88205,-76.1996,481080709311,id:260068341,store:49981,Shift Supervisor,onsite,"1600 Premium Outlets Blvd, 856, Norfolk, Virginia, United States",1,VA,CONUS_L0_003_008,1
2026-10-01,260079132,https://apply.starbucks.com/careers/job/481080965482,"barista - Store# 49981, Norfolk Premium Outlets",BARISTA,49981,Norfolk Premium Outlets,"1600 Premium Outlets Blvd, 856",Norfolk,VA,,US,,1790049600,2026-09-22,9,2026-10-01,1790171217,2026-09-23,8,False,36.88205,-76.1996,481080965482,id:260079132,store:49981,Barista,onsite,"1600 Premium Outlets Blvd, 856, Norfolk, Virginia, United States",1,VA,CONUS_L0_003_008,1
2026-10-01,260061677,https://apply.starbucks.com/careers/job/481080415950,"shift supervisor - Store# 21598, GREAT NECK & MILL DAM - VA BEACH",SHIFT_SUPERVISOR,21598,GREAT NECK & MILL DAM - VA BEACH,1416 North Great Neck,Virginia Beach,VA,,US,,1787371200,2026-08-22,40,2026-10-01,1787492359,2026-08-23,39,False,36.87951,-76.04229,481080415950,id:260061677,store:21598,Shift Supervisor,onsite,"1416 North Great Neck, Virginia Beach, Virginia, United States",1,VA,CONUS_L0_003_008,1
2026-10-01,260075675,https://apply.starbucks.com/careers/job/481080840393,"barista - Store# 21598, GREAT NECK & MILL DAM - VA BEACH",BARISTA,21598,GREAT NECK & MILL DAM - VA BEACH,1416 North Great Neck,Virginia Beach,VA,,US,,1789358400,2026-09-14,17,2026-10-01,1789479945,2026-09-15,16,False,36.87951,-76.04229,481080840393,id:260075675,store:21598,Barista,onsite,"1416 North Great Neck, Virginia Beach, Virginia, United States",1,VA,CONUS_L0_003_008,1
2026-10-01,260069574,https://apply.starbucks.com/careers/job/481080730462,"shift supervisor - Store# 53075, CENTERBROOKE & GODWIN",SHIFT_SUPERVISOR,53075,CENTERBROOKE & GODWIN,"1001 Centerbrooke Lane, Suite 107",Suffolk,VA,,US,,1788580800,2026-09-05,26,2026-10-01,1788702207,2026-09-06,25,False,36.76933,-76.58563,481080730462,id:260069574,store:53075,Shift Supervisor,onsite,"1001 Centerbrooke Lane, Suite 107, Suffolk, Virginia, United States",1,VA,CONUS_L0_003_008,1
2026-10-01,260080667,https://apply.starbucks.com/careers/job/481081091805,"barista - Store# 53075, CENTERBROOKE & GODWIN",BARISTA,53075,CENTERBROOKE & GODWIN,"1001 Centerbrooke Lane, Suite 107",Suffolk,VA,,US,,1790740800,2026-09-30,1,2026-10-01,1790836144,2026-10-01,0,False,36.76933,-76.58563,481081091805,id:260080667,store:53075,Barista,onsite,"1001 Centerbrooke Lane, Suite 107, Suffolk, Virginia, United States",1,VA,CONUS_L0_003_008,1
2026-10-01,260078140,https://apply.starbucks.com/careers/job/481080923735,"barista - Store# 59537, HIGH ST & TYRE NECK RD",BARISTA,59537,HIGH ST & TYRE NECK RD,5901 W. High St,Portsmouth,VA,,US,,1789790400,2026-09-19,12,2026-10-01,1789911773,2026-09-20,11,False,36.86052,-76.39595,481080923735,id:260078140,store:59537,Barista,onsite,"5901 W. High St, Portsmouth, Virginia, United States",1,VA,CONUS_L0_003_008;CONUS_L1_011_030,2
2026-10-01,260071649,https://apply.starbucks.com/careers/job/481080764456,"shift supervisor - Store# 59537, HIGH ST & TYRE NECK RD",SHIFT_SUPERVISOR,59537,HIGH ST & TYRE NECK RD,5901 W. High St,Portsmouth,VA,,US,,1788840000,2026-09-08,23,2026-10-01,1788961296,2026-09-09,22,False,36.86052,-76.39595,481080764456,id:260071649,store:59537,Shift Supervisor,onsite,"5901 W. High St, Portsmouth, Virginia, United States",1,VA,CONUS_L0_003_008;CONUS_L1_011_030,2
2026-10-01,260076506,https://apply.starbucks.com/careers/job/481080862102,"barista - Store# 56076, RT17 & SHOULDERS HILL RD",BARISTA,56076,RT17 & SHOULDERS HILL RD,"3565 Bridge Rd, 300",Suffolk,VA,,US,,1789444800,2026-09-15,16,2026-10-01,1789566928,2026-09-16,15,False,36.86187,-76.46803,481080862102,id:260076506,store:56076,Barista,onsite,"3565 Bridge Rd, 300, Suffolk, Virginia, United States",1,VA,CONUS_L0_003_008;CONUS_L1_011_030,2
2026-10-01,260076760,https://apply.starbucks.com/careers/job/481080862616,"shift supervisor - Store# 56076, RT17 & SHOULDERS HILL RD",SHIFT_SUPERVISOR,56076,RT17 & SHOULDERS HILL RD,"3565 Bridge Rd, 300",Suffolk,VA,,US,,1789444800,2026-09-15,16,2026-10-01,1789567150,2026-09-16,15,False,36.86187,-76.46803,481080862616,id:260076760,store:56076,Shift Supervisor,onsite,"3565 Bridge Rd, 300, Suffolk, Virginia, United States",1,VA,CONUS_L0_003_008;CONUS_L1_011_030,2
2026-10-01,260072680,https://apply.starbucks.com/careers/job/481080796138,"barista - Store# 24102, LITTLE CREEK & SHORE DRIVE - NORFOLK",BARISTA,24102,LITTLE CREEK & SHORE DRIVE - NORFOLK,"4231 E Little Creek Road, Suite 100",Norfolk,VA,,US,,1789012800,2026-09-10,21,2026-10-01,1789135260,2026-09-11,20,False,36.91759,-76.1937,481080796138,id:260072680,store:24102,Barista,onsite,"4231 E Little Creek Road, Suite 100, Norfolk, Virginia, United States",1,VA,CONUS_L0_003_008,1
2026-10-01,260071583,https://apply.starbucks.com/careers/job/481080764353,"shift supervisor - Store# 24102, LITTLE CREEK & SHORE DRIVE - NORFOLK",SHIFT_SUPERVISOR,24102,LITTLE CREEK & SHORE DRIVE - NORFOLK,"4231 E Little Creek Road, Suite 100",Norfolk,VA,,US,,1788840000,2026-09-08,23,2026-10-01,1788961242,2026-09-09,22,False,36.91759,-76.1937,481080764353,id:260071583,store:24102,Shift Supervisor,onsite,"4231 E Little Creek Road, Suite 100, Norfolk, Virginia, United States",1,VA,CONUS_L0_003_008,1
2026-10-01,260062698,https://apply.starbucks.com/careers/job/481080495153,"shift supervisor - Store# 14535, HARBOUR VIEW",SHIFT_SUPERVISOR,14535,HARBOUR VIEW,"5883 Harbour View Blvd, Shoppes at Harbour View",Suffolk,VA,,US,,1787630400,2026-08-25,37,2026-10-01,1787752426,2026-08-26,36,False,36.87545,-76.43951,481080495153,id:260062698,store:14535,Shift Supervisor,onsite,"5883 Harbour View Blvd, Shoppes at Harbour View, Suffolk, Virginia, United States",1,VA,CONUS_L0_003_008;CONUS_L1_011_030,2
2026-10-01,260069900,https://apply.starbucks.com/careers/job/481080730796,"barista - Store# 14535, HARBOUR VIEW",BARISTA,14535,HARBOUR VIEW,"5883 Harbour View Blvd, Shoppes at Harbour View",Suffolk,VA,,US,,1788580800,2026-09-05,26,2026-10-01,1788702467,2026-09-06,25,False,36.87545,-76.43951,481080730796,id:260069900,store:14535,Barista,onsite,"5883 Harbour View Blvd, Shoppes at Harbour View, Suffolk, Virginia, United States",1,VA,CONUS_L0_003_008;CONUS_L1_011_030,2
2026-10-01,260066307,https://apply.starbucks.com/careers/job/481080679210,"barista - Store# 20263, WARD'S CORNER - NORFOLK",BARISTA,20263,WARD'S CORNER - NORFOLK,"7550 granby street, Suburban Park Shopping Center, Unit 10",Norfolk,VA,,US,,1788321600,2026-09-02,29,2026-10-01,1788357860,2026-09-02,29,False,36.9144254,-76.2706534,481080679210,id:260066307,store:20263,Barista,onsite,"7550 granby street, Suburban Park Shopping Center, Unit 10, Norfolk, Virginia, United States",1,VA,CONUS_L0_003_008;CONUS_L1_011_030,2
2026-10-01,260067829,https://apply.starbucks.com/careers/job/481080699697,"barista - Store# 20263, WARD'S CORNER - NORFOLK",BARISTA,20263,WARD'S CORNER - NORFOLK,"7550 granby street, Suburban Park Shopping Center, Unit 10",Norfolk,VA,,US,,1788321600,2026-09-02,29,2026-10-01,1788456663,2026-09-03,28,False,36.9144254,-76.2706534,481080699697,id:260067829,store:20263,Barista,onsite,"7550 granby street, Suburban Park Shopping Center, Unit 10, Norfolk, Virginia, United States",1,VA,CONUS_L0_003_008;CONUS_L1_011_030,2
2026-10-01,260071465,https://apply.starbucks.com/careers/job/481080752193,"shift supervisor - Store# 20263, WARD'S CORNER - NORFOLK",SHIFT_SUPERVISOR,20263,WARD'S CORNER - NORFOLK,"7550 granby street, Suburban Park Shopping Center, Unit 10",Norfolk,VA,,US,,1788753600,2026-09-07,24,2026-10-01,1788875101,2026-09-08,23,False,36.9144254,-76.2706534,481080752193,id:260071465,store:20263,Shift Supervisor,onsite,"7550 granby street, Suburban Park Shopping Center, Unit 10, Norfolk, Virginia, United States",1,VA,CONUS_L0_003_008;CONUS_L1_011_030,2
2026-10-01,260068376,https://apply.starbucks.com/careers/job/481080709355,"shift supervisor - Store# 49087, Hampton Blvd. & West Little Creek",SHIFT_SUPERVISOR,49087,Hampton Blvd. & West Little Creek,7600 Hampton Blvd,Norfolk,VA,,US,,1788408000,2026-09-03,28,2026-10-01,1788529682,2026-09-04,27,False,36.91572,-76.30753,481080709355,id:260068376,store:49087,Shift Supervisor,onsite,"7600 Hampton Blvd, Norfolk, Virginia, United States",1,VA,CONUS_L0_003_008;CONUS_L1_011_030,2
2026-10-01,260057010,https://apply.starbucks.com/careers/job/481079556117,"barista - Store# 49087, Hampton Blvd. & West Little Creek",BARISTA,49087,Hampton Blvd. & West Little Creek,7600 Hampton Blvd,Norfolk,VA,,US,,1784174400,2026-07-16,77,2026-10-01,1784295835,2026-07-17,76,False,36.91572,-76.30753,481079556117,id:260057010,store:49087,Barista,onsite,"7600 Hampton Blvd, Norfolk, Virginia, United States",1,VA,CONUS_L0_003_008;CONUS_L1_011_030,2
2026-10-01,260057425,https://apply.starbucks.com/careers/job/481079604781,"barista - Store# 65179, NORFOLK NAVAL BASE - HAMPTON BLVD",BARISTA,65179,NORFOLK NAVAL BASE - HAMPTON BLVD,8506 Hampton Blvd,Norfolk,VA,,US,,1784433600,2026-07-19,74,2026-10-01,1784554752,2026-07-20,73,False,36.93032,-76.31748,481079604781,id:260057425,store:65179,Barista,onsite,"8506 Hampton Blvd, Norfolk, Virginia, United States",1,VA,CONUS_L0_003_008;CONUS_L1_011_030,2
2026-10-01,260074616,https://apply.starbucks.com/careers/job/481080820281,"shift supervisor - Store# 65179, NORFOLK NAVAL BASE - HAMPTON BLVD",SHIFT_SUPERVISOR,65179,NORFOLK NAVAL BASE - HAMPTON BLVD,8506 Hampton Blvd,Norfolk,VA,,US,,1789272000,2026-09-13,18,2026-10-01,1789394213,2026-09-14,17,False,36.93032,-76.31748,481080820281,id:260074616,store:65179,Shift Supervisor,onsite,"8506 Hampton Blvd, Norfolk, Virginia, United States",1,VA,CONUS_L0_003_008;CONUS_L1_011_030,2
2026-10-01,260069740,https://apply.starbucks.com/careers/job/481080730653,"shift supervisor - Store# 62071, I-64E & SETTLERS LANDING, HAMPTON U",SHIFT_SUPERVISOR,62071,"I-64E & SETTLERS LANDING, HAMPTON U",1000 Settlers Landing Rd,Hampton,VA,,US,,1788580800,2026-09-05,26,2026-10-01,1788702340,2026-09-06,25,False,37.02541,-76.33362,481080730653,id:260069740,store:62071,Shift Supervisor,onsite,"1000 Settlers Landing Rd, Hampton, Virginia, United States",1,VA,CONUS_L0_003_008;CONUS_L1_011_030,2
2026-10-01,260074001,https://apply.starbucks.com/careers/job/481080813632,"barista - Store# 62071, I-64E & SETTLERS LANDING, HAMPTON U",BARISTA,62071,"I-64E & SETTLERS LANDING, HAMPTON U",1000 Settlers Landing Rd,Hampton,VA,,US,,1789185600,2026-09-12,19,2026-10-01,1789307430,2026-09-13,18,False,37.02541,-76.33362,481080813632,id:260074001,store:62071,Barista,onsite,"1000 Settlers Landing Rd, Hampton, Virginia, United States",1,VA,CONUS_L0_003_008;CONUS_L1_011_030,2
2026-10-01,260057765,https://apply.starbucks.com/careers/job/481079649234,"barista - Store# 49896, W MERCURY BLVD AND JEFFERSON AVE",BARISTA,49896,W MERCURY BLVD AND JEFFERSON AVE,5030 Mercury Blvd,Newport News,VA,,US,,1784606400,2026-07-21,72,2026-10-01,1784727945,2026-07-22,71,False,37.0205773,-76.44363249999999,481079649234,id:260057765,store:49896,Barista,onsite,"5030 Mercury Blvd, Newport News, Virginia, United States",1,VA,CONUS_L0_003_008;CONUS_L1_011_030,2
2026-10-01,260061912,https://apply.starbucks.com/careers/job/481080429746,"shift supervisor - Store# 49896, W MERCURY BLVD AND JEFFERSON AVE",SHIFT_SUPERVISOR,49896,W MERCURY BLVD AND JEFFERSON AVE,5030 Mercury Blvd,Newport News,VA,,US,,1787457600,2026-08-23,39,2026-10-01,1787579248,2026-08-24,38,False,37.0205773,-76.44363249999999,481080429746,id:260061912,store:49896,Shift Supervisor,onsite,"5030 Mercury Blvd, Newport News, Virginia, United States",1,VA,CONUS_L0_003_008;CONUS_L1_011_030,2
2026-10-01,260057785,https://apply.starbucks.com/careers/job/481079649259,"barista - Store# 52765, W. MERCURY BLVD & RIVERDALE CT",BARISTA,52765,W. MERCURY BLVD & RIVERDALE CT,1068 W Mercury Blvd,Hampton,VA,,US,,1784606400,2026-07-21,72,2026-10-01,1784727962,2026-07-22,71,False,37.04265,-76.38595,481079649259,id:260057785,store:52765,Barista,onsite,"1068 W Mercury Blvd, Hampton, Virginia, United States",1,VA,CONUS_L0_003_008;CONUS_L1_011_030,2
2026-10-01,260071468,https://apply.starbucks.com/careers/job/481080752188,"shift supervisor - Store# 52765, W. MERCURY BLVD & RIVERDALE CT",SHIFT_SUPERVISOR,52765,W. MERCURY BLVD & RIVERDALE CT,1068 W Mercury Blvd,Hampton,VA,,US,,1788753600,2026-09-07,24,2026-10-01,1788875104,2026-09-08,23,False,37.04265,-76.38595,481080752188,id:260071468,store:52765,Shift Supervisor,onsite,"1068 W Mercury Blvd, Hampton, Virginia, United States",1,VA,CONUS_L0_003_008;CONUS_L1_011_030,2
2026-10-01,260054612,https://apply.starbucks.com/careers/job/481079405639,"barista - Store# 67490, Franklin, VA - US58 and SR 671",BARISTA,67490,"Franklin, VA - US58 and SR 671",1663 Armory Dr,Franklin,VA,,US,,1783569600,2026-07-09,84,2026-10-01,1783691465,2026-07-10,83,False,36.66607,-76.95697,481079405639,id:260054612,store:67490,Barista,onsite,"1663 Armory Dr, Franklin, Virginia, United States",1,VA,CONUS_L0_003_008;CONUS_L1_010_030,2
2026-10-01,260079973,https://apply.starbucks.com/careers/job/481081029504,"shift supervisor - Store# 67490, Franklin, VA - US58 and SR 671",SHIFT_SUPERVISOR,67490,"Franklin, VA - US58 and SR 671",1663 Armory Dr,Franklin,VA,,US,,1790481600,2026-09-27,4,2026-10-01,1790603358,2026-09-28,3,False,36.66607,-76.95697,481081029504,id:260079973,store:67490,Shift Supervisor,onsite,"1663 Armory Dr, Franklin, Virginia, United States",1,VA,CONUS_L0_003_008;CONUS_L1_010_030,2
2026-10-01,260053209,https://apply.starbucks.com/careers/job/481079247462,"barista - Store# 07763, COLISEUM CROSSING",BARISTA,07763,COLISEUM CROSSING,108 Coliseum Drive,Hampton,VA,,US,,1783224000,2026-07-05,88,2026-10-01,1783345155,2026-07-06,87,False,37.0488144,-76.39198069999999,481079247462,id:260053209,store:07763,Barista,onsite,"108 Coliseum Drive, Hampton, Virginia, United States",1,VA,CONUS_L0_003_008;CONUS_L1_011_030,2
2026-10-01,260079067,https://apply.starbucks.com/careers/job/481080965332,"shift supervisor - Store# 07763, COLISEUM CROSSING",SHIFT_SUPERVISOR,07763,COLISEUM CROSSING,108 Coliseum Drive,Hampton,VA,,US,,1790049600,2026-09-22,9,2026-10-01,1790171161,2026-09-23,8,False,37.0488144,-76.39198069999999,481080965332,id:260079067,store:07763,Shift Supervisor,onsite,"108 Coliseum Drive, Hampton, Virginia, United States",1,VA,CONUS_L0_003_008;CONUS_L1_011_030,2
2026-10-01,260057736,https://apply.starbucks.com/careers/job/481079649177,"shift supervisor - Store# 50034, WARWICK BLVD & UNIVERSITY PL. (CNU)",SHIFT_SUPERVISOR,50034,WARWICK BLVD & UNIVERSITY PL. (CNU),12386 Warwick Blvd,Newport News,VA,,US,,1784606400,2026-07-21,72,2026-10-01,1784727917,2026-07-22,71,False,37.06703,-76.49174,481079649177,id:260057736,store:50034,Shift Supervisor,onsite,"12386 Warwick Blvd, Newport News, Virginia, United States",1,VA,CONUS_L0_003_008;CONUS_L1_011_030,2
2026-10-01,260054105,https://apply.starbucks.com/careers/job/481079405037,"barista - Store# 50034, WARWICK BLVD & UNIVERSITY PL. (CNU)",BARISTA,50034,WARWICK BLVD & UNIVERSITY PL. (CNU),12386 Warwick Blvd,Newport News,VA,,US,,1783569600,2026-07-09,84,2026-10-01,1783691108,2026-07-10,83,False,37.06703,-76.49174,481079405037,id:260054105,store:50034,Barista,onsite,"12386 Warwick Blvd, Newport News, Virginia, United States",1,VA,CONUS_L0_003_008;CONUS_L1_011_030,2
2026-10-01,260067525,https://apply.starbucks.com/careers/job/481080699377,"barista - Store# 10705, J. CLYDE MORRIS",BARISTA,10705,J. CLYDE MORRIS,"762 J Clyde Morris Blvd, J Clyde Morris",Newport News,VA,,US,,1788321600,2026-09-02,29,2026-10-01,1788456382,2026-09-03,28,False,37.07973,-76.4609,481080699377,id:260067525,store:10705,Barista,onsite,"762 J Clyde Morris Blvd, J Clyde Morris, Newport News, Virginia, United States",1,VA,CONUS_L0_003_008;CONUS_L1_011_030,2
2026-10-01,260079213,https://apply.starbucks.com/careers/job/481080971800,"shift supervisor - Store# 10705, J. CLYDE MORRIS",SHIFT_SUPERVISOR,10705,J. CLYDE MORRIS,"762 J Clyde Morris Blvd, J Clyde Morris",Newport News,VA,,US,,1790136000,2026-09-23,8,2026-10-01,1790214195,2026-09-23,8,False,37.07973,-76.4609,481080971800,id:260079213,store:10705,Shift Supervisor,onsite,"762 J Clyde Morris Blvd, J Clyde Morris, Newport News, Virginia, United States",1,VA,CONUS_L0_003_008;CONUS_L1_011_030,2
2026-10-01,260062124,https://apply.starbucks.com/careers/job/481080430028,"shift supervisor - Store# 71530, J CLYDE MORRIS AND I-64",SHIFT_SUPERVISOR,71530,J CLYDE MORRIS AND I-64,955 J Clyde Morris Blvd,Newport News,VA,,US,,1787457600,2026-08-23,39,2026-10-01,1787579428,2026-08-24,38,False,37.09496,-76.45954,481080430028,id:260062124,store:71530,Shift Supervisor,onsite,"955 J Clyde Morris Blvd, Newport News, Virginia, United States",1,VA,CONUS_L0_003_008;CONUS_L1_011_030,2
2026-10-01,260068158,https://apply.starbucks.com/careers/job/481080704390,"barista - Store# 07467, MARKETPLACE AT TECH CENTER",BARISTA,07467,MARKETPLACE AT TECH CENTER,12082 Jefferson Ave,Newport News,VA,,US,,1788408000,2026-09-03,28,2026-10-01,1788486059,2026-09-03,28,False,37.102592,-76.4918903,481080704390,id:260068158,store:07467,Barista,onsite,"12082 Jefferson Ave, Newport News, Virginia, United States",1,VA,CONUS_L0_003_008;CONUS_L1_011_030,2
2026-10-01,260074089,https://apply.starbucks.com/careers/job/481080813819,"shift supervisor - Store# 07467, MARKETPLACE AT TECH CENTER",SHIFT_SUPERVISOR,07467,MARKETPLACE AT TECH CENTER,12082 Jefferson Ave,Newport News,VA,,US,,1789185600,2026-09-12,19,2026-10-01,1789307511,2026-09-13,18,False,37.102592,-76.4918903,481080813819,id:260074089,store:07467,Shift Supervisor,onsite,"12082 Jefferson Ave, Newport News, Virginia, United States",1,VA,CONUS_L0_003_008;CONUS_L1_011_030,2
2026-10-01,260073702,https://apply.starbucks.com/careers/job/481080813131,"shift supervisor - Store# 07440, KILN CREEK",SHIFT_SUPERVISOR,07440,KILN CREEK,120 Ottis St,Newport News,VA,,US,,1789185600,2026-09-12,19,2026-10-01,1789307151,2026-09-13,18,False,37.113919,-76.4707583,481080813131,id:260073702,store:07440,Shift Supervisor,onsite,"120 Ottis St, Newport News, Virginia, United States",1,VA,CONUS_L0_003_008;CONUS_L1_011_030,2
2026-10-01,260079279,https://apply.starbucks.com/careers/job/481080978407,"barista - Store# 07440, KILN CREEK",BARISTA,07440,KILN CREEK,120 Ottis St,Newport News,VA,,US,,1790136000,2026-09-23,8,2026-10-01,1790257546,2026-09-24,7,False,37.113919,-76.4707583,481080978407,id:260079279,store:07440,Barista,onsite,"120 Ottis St, Newport News, Virginia, United States",1,VA,CONUS_L0_003_008;CONUS_L1_011_030,2
2026-10-01,260058141,https://apply.starbucks.com/careers/job/481079849530,"barista - Store# 09316, OYSTER POINT SHOPPES",BARISTA,09316,OYSTER POINT SHOPPES,"340 Oyster Point Rd, Oyster Point Plaza",Newport News,VA,,US,,1784952000,2026-07-25,68,2026-10-01,1785073416,2026-07-26,67,False,37.1048624,-76.5086535,481079849530,id:260058141,store:09316,Barista,onsite,"340 Oyster Point Rd, Oyster Point Plaza, Newport News, Virginia, United States",1,VA,CONUS_L0_003_008;CONUS_L1_011_030,2
2026-10-01,260063470,https://apply.starbucks.com/careers/job/481080566996,"shift supervisor - Store# 09316, OYSTER POINT SHOPPES",SHIFT_SUPERVISOR,09316,OYSTER POINT SHOPPES,"340 Oyster Point Rd, Oyster Point Plaza",Newport News,VA,,US,,1787803200,2026-08-27,35,2026-10-01,1787924947,2026-08-28,34,False,37.1048624,-76.5086535,481080566996,id:260063470,store:09316,Shift Supervisor,onsite,"340 Oyster Point Rd, Oyster Point Plaza, Newport News, Virginia, United States",1,VA,CONUS_L0_003_008;CONUS_L1_011_030,2
2026-10-01,260057965,https://apply.starbucks.com/careers/job/481079710318,"barista - Store# 07966, JEFFERSON COMMONS",BARISTA,07966,JEFFERSON COMMONS,"12531 Jefferson Avenue, Jefferson Crossings, Suite 275",Newport News,VA,,US,,1784779200,2026-07-23,70,2026-10-01,1784900716,2026-07-24,69,False,37.1294641,-76.5136558,481079710318,id:260057965,store:07966,Barista,onsite,"12531 Jefferson Avenue, Jefferson Crossings, Suite 275, Newport News, Virginia, United States",1,VA,CONUS_L0_003_008;CONUS_L1_011_030,2
2026-10-01,260078106,https://apply.starbucks.com/careers/job/481080923628,"shift supervisor - Store# 07966, JEFFERSON COMMONS",SHIFT_SUPERVISOR,07966,JEFFERSON COMMONS,"12531 Jefferson Avenue, Jefferson Crossings, Suite 275",Newport News,VA,,US,,1789790400,2026-09-19,12,2026-10-01,1789911745,2026-09-20,11,False,37.1294641,-76.5136558,481080923628,id:260078106,store:07966,Shift Supervisor,onsite,"12531 Jefferson Avenue, Jefferson Crossings, Suite 275, Newport News, Virginia, United States",1,VA,CONUS_L0_003_008;CONUS_L1_011_030,2
2026-10-01,260071821,https://apply.starbucks.com/careers/job/481080764880,"barista - Store# 10093, GRAFTON",BARISTA,10093,GRAFTON,4433-A George Washington Memorial Hwy,Yorktown,VA,,US,,1788840000,2026-09-08,23,2026-10-01,1788961431,2026-09-09,22,False,37.1471,-76.45929,481080764880,id:260071821,store:10093,Barista,onsite,"4433-A George Washington Memorial Hwy, Yorktown, Virginia, United States",1,VA,CONUS_L0_003_008;CONUS_L1_011_030,2
2026-10-01,260075370,https://apply.starbucks.com/careers/job/481080821582,"shift supervisor - Store# 10093, GRAFTON",SHIFT_SUPERVISOR,10093,GRAFTON,4433-A George Washington Memorial Hwy,Yorktown,VA,,US,,1789272000,2026-09-13,18,2026-10-01,1789394879,2026-09-14,17,False,37.1471,-76.45929,481080821582,id:260075370,store:10093,Shift Supervisor,onsite,"4433-A George Washington Memorial Hwy, Yorktown, Virginia, United States",1,VA,CONUS_L0_003_008;CONUS_L1_011_030,2
2026-10-01,260068870,https://apply.starbucks.com/careers/job/481080710259,"barista - Store# 29970, ROUTE 17 AT FT EUSTIS - YORKTOWN",BARISTA,29970,ROUTE 17 AT FT EUSTIS - YORKTOWN,"8135 George Washington Memorial Hwy, A",Yorktown,VA,,US,,1788408000,2026-09-03,28,2026-10-01,1788530104,2026-09-04,27,False,37.19087,-76.48889,481080710259,id:260068870,store:29970,Barista,onsite,"8135 George Washington Memorial Hwy, A, Yorktown, Virginia, United States",1,VA,CONUS_L0_003_008;CONUS_L1_011_030,2
2026-10-01,260068758,https://apply.starbucks.com/careers/job/481080710049,"shift supervisor - Store# 29970, ROUTE 17 AT FT EUSTIS - YORKTOWN",SHIFT_SUPERVISOR,29970,ROUTE 17 AT FT EUSTIS - YORKTOWN,"8135 George Washington Memorial Hwy, A",Yorktown,VA,,US,,1788408000,2026-09-03,28,2026-10-01,1788530011,2026-09-04,27,False,37.19087,-76.48889,481080710049,id:260068758,store:29970,Shift Supervisor,onsite,"8135 George Washington Memorial Hwy, A, Yorktown, Virginia, United States",1,VA,CONUS_L0_003_008;CONUS_L1_011_030,2
2026-10-01,260080733,https://apply.starbucks.com/careers/job/481081097263,"store manager, Williamsburg/Yorktown",STORE_MANAGER,,,,Williamsburg,VA,,US,,1790860717,2026-10-01,0,2026-10-01,1790860181,2026-10-01,0,False,37.2707022,-76.7074571,481081097263,id:260080733,,Coffeehouse Leader,onsite,"Williamsburg, Virginia, United States",2,VA,CONUS_L0_003_008;CONUS_L1_011_030,2
2026-10-01,260072102,https://apply.starbucks.com/careers/job/481080765139,"shift supervisor - Store# 69857, HAYES - GW PARKWAY",SHIFT_SUPERVISOR,69857,HAYES - GW PARKWAY,3019 George Washington Memorial Hwy,Hayes,VA,,US,,1788840000,2026-09-08,23,2026-10-01,1788961662,2026-09-09,22,False,37.29043,-76.50829,481080765139,id:260072102,store:69857,Shift Supervisor,onsite,"3019 George Washington Memorial Hwy, Hayes, Virginia, United States",1,VA,CONUS_L0_003_008;CONUS_L1_011_030,2
2026-10-01,260079828,https://apply.starbucks.com/careers/job/481081018905,"barista - Store# 69857, HAYES - GW PARKWAY",BARISTA,69857,HAYES - GW PARKWAY,3019 George Washington Memorial Hwy,Hayes,VA,,US,,1790395200,2026-09-26,5,2026-10-01,1790516532,2026-09-27,4,False,37.29043,-76.50829,481081018905,id:260079828,store:69857,Barista,onsite,"3019 George Washington Memorial Hwy, Hayes, Virginia, United States",1,VA,CONUS_L0_003_008;CONUS_L1_011_030,2
2026-10-01,260056800,https://apply.starbucks.com/careers/job/481079527795,"barista - Store# 07487, WILLIAMSBURG MARKETPLACE",BARISTA,07487,WILLIAMSBURG MARKETPLACE,"240 McLaws Circle, Williamsburg Marketplace, 142",Williamsburg,VA,,US,,1784088000,2026-07-15,78,2026-10-01,1784209183,2026-07-16,77,False,37.2469112,-76.659455,481079527795,id:260056800,store:07487,Barista,onsite,"240 McLaws Circle, Williamsburg Marketplace, 142, Williamsburg, Virginia, United States",1,VA,CONUS_L0_003_008;CONUS_L1_011_030,2
2026-10-01,260073544,https://apply.starbucks.com/careers/job/481080812868,"shift supervisor - Store# 07487, WILLIAMSBURG MARKETPLACE",SHIFT_SUPERVISOR,07487,WILLIAMSBURG MARKETPLACE,"240 McLaws Circle, Williamsburg Marketplace, 142",Williamsburg,VA,,US,,1789185600,2026-09-12,19,2026-10-01,1789307003,2026-09-13,18,False,37.2469112,-76.659455,481080812868,id:260073544,store:07487,Shift Supervisor,onsite,"240 McLaws Circle, Williamsburg Marketplace, 142, Williamsburg, Virginia, United States",1,VA,CONUS_L0_003_008;CONUS_L1_011_030,2
2026-10-01,260070923,https://apply.starbucks.com/careers/job/481080742144,"barista - Store# 63947, DOWNTOWN WILLIAMSBURG",BARISTA,63947,DOWNTOWN WILLIAMSBURG,327 Richmond Rd,Williamsburg,VA,,US,,1788667200,2026-09-06,25,2026-10-01,1788788802,2026-09-07,24,False,37.27344,-76.7119,481080742144,id:260070923,store:63947,Barista,onsite,"327 Richmond Rd, Williamsburg, Virginia, United States",1,VA,CONUS_L0_003_008;CONUS_L1_011_030,2
2026-10-01,260074322,https://apply.starbucks.com/careers/job/481080814176,"shift supervisor - Store# 63947, DOWNTOWN WILLIAMSBURG",SHIFT_SUPERVISOR,63947,DOWNTOWN WILLIAMSBURG,327 Richmond Rd,Williamsburg,VA,,US,,1789185600,2026-09-12,19,2026-10-01,1789307728,2026-09-13,18,False,37.27344,-76.7119,481080814176,id:260074322,store:63947,Shift Supervisor,onsite,"327 Richmond Rd, Williamsburg, Virginia, United States",1,VA,CONUS_L0_003_008;CONUS_L1_011_030,2
2026-10-01,260059523,https://apply.starbucks.com/careers/job/481080000922,"barista - Store# 07724, Monticello Ave & Route 199",BARISTA,07724,Monticello Ave & Route 199,"5227 Monticello Ave., Ste. A",Williamsburg,VA,,US,,1785729600,2026-08-03,59,2026-10-01,1785851172,2026-08-04,58,False,37.2762505,-76.74686319999999,481080000922,id:260059523,store:07724,Barista,onsite,"5227 Monticello Ave., Ste. A, Williamsburg, Virginia, United States",1,VA,CONUS_L0_003_008;CONUS_L1_011_030,2
2026-10-01,260079351,https://apply.starbucks.com/careers/job/481080998503,"shift supervisor - Store# 07724, Monticello Ave & Route 199",SHIFT_SUPERVISOR,07724,Monticello Ave & Route 199,"5227 Monticello Ave., Ste. A",Williamsburg,VA,,US,,1790222400,2026-09-24,7,2026-10-01,1790343931,2026-09-25,6,False,37.2762505,-76.74686319999999,481080998503,id:260079351,store:07724,Shift Supervisor,onsite,"5227 Monticello Ave., Ste. A, Williamsburg, Virginia, United States",1,VA,CONUS_L0_003_008;CONUS_L1_011_030,2
2026-10-01,260064169,https://apply.starbucks.com/careers/job/481080612756,"barista - Store# 20189, RICHMOND RD & OLDE TOWNE RD",BARISTA,20189,RICHMOND RD & OLDE TOWNE RD,"5541 Richmond Rd, JW Crossing, Suite A",Williamsburg,VA,,US,,1788062400,2026-08-30,32,2026-10-01,1788183590,2026-08-31,31,False,37.316102,-76.734847,481080612756,id:260064169,store:20189,Barista,onsite,"5541 Richmond Rd, JW Crossing, Suite A, Williamsburg, Virginia, United States",1,VA,CONUS_L0_003_008;CONUS_L1_011_030,2
2026-10-01,260064842,https://apply.starbucks.com/careers/job/481080613997,"shift supervisor - Store# 20189, RICHMOND RD & OLDE TOWNE RD",SHIFT_SUPERVISOR,20189,RICHMOND RD & OLDE TOWNE RD,"5541 Richmond Rd, JW Crossing, Suite A",Williamsburg,VA,,US,,1788062400,2026-08-30,32,2026-10-01,1788184155,2026-08-31,31,False,37.316102,-76.734847,481080613997,id:260064842,store:20189,Shift Supervisor,onsite,"5541 Richmond Rd, JW Crossing, Suite A, Williamsburg, Virginia, United States",1,VA,CONUS_L0_003_008;CONUS_L1_011_030,2
2026-10-01,260078352,https://apply.starbucks.com/careers/job/481080936203,"barista - Store# 13663, GLOUCESTER, VA",BARISTA,13663,"GLOUCESTER, VA","6705 Fox Mill Center Parkway, Fox Mill",Gloucester,VA,,US,,1789876800,2026-09-20,11,2026-10-01,1789998199,2026-09-21,10,False,37.39656,-76.52647,481080936203,id:260078352,store:13663,Barista,onsite,"6705 Fox Mill Center Parkway, Fox Mill, Gloucester, Virginia, United States",1,VA,CONUS_L0_003_008;CONUS_L1_011_030,2
2026-10-01,260065847,https://apply.starbucks.com/careers/job/481080678313,"shift supervisor - Store# 13663, GLOUCESTER, VA",SHIFT_SUPERVISOR,13663,"GLOUCESTER, VA","6705 Fox Mill Center Parkway, Fox Mill",Gloucester,VA,,US,,1788321600,2026-09-02,29,2026-10-01,1788357448,2026-09-02,29,False,37.39656,-76.52647,481080678313,id:260065847,store:13663,Shift Supervisor,onsite,"6705 Fox Mill Center Parkway, Fox Mill, Gloucester, Virginia, United States",1,VA,CONUS_L0_003_008;CONUS_L1_011_030,2
2026-10-01,260072491,https://apply.starbucks.com/careers/job/481080795784,"barista - Store# 09936, CEDAR VALLEY",BARISTA,09936,CEDAR VALLEY,800-L East Rochambeau Drive,Williamsburg,VA,,US,,1789012800,2026-09-10,21,2026-10-01,1789135096,2026-09-11,20,False,37.3431754,-76.74072190000001,481080795784,id:260072491,store:09936,Barista,onsite,"800-L East Rochambeau Drive, Williamsburg, Virginia, United States",1,VA,CONUS_L0_003_008;CONUS_L1_011_030,2
2026-10-01,260063176,https://apply.starbucks.com/careers/job/481080565577,"shift supervisor - Store# 09936, CEDAR VALLEY",SHIFT_SUPERVISOR,09936,CEDAR VALLEY,800-L East Rochambeau Drive,Williamsburg,VA,,US,,1787803200,2026-08-27,35,2026-10-01,1787924712,2026-08-28,34,False,37.3431754,-76.74072190000001,481080565577,id:260063176,store:09936,Shift Supervisor,onsite,"800-L East Rochambeau Drive, Williamsburg, Virginia, United States",1,VA,CONUS_L0_003_008;CONUS_L1_011_030,2
2026-10-01,260072335,https://apply.starbucks.com/careers/job/481080778543,"barista - Store# 71594, 7504 RICHMOND RD",BARISTA,71594,7504 RICHMOND RD,7504 Richmond Rd,Williamsburg,VA,,US,,1788926400,2026-09-09,22,2026-10-01,1789048115,2026-09-10,21,False,37.37183,-76.77429,481080778543,id:260072335,store:71594,Barista,onsite,"7504 Richmond Rd, Williamsburg, Virginia, United States",1,VA,CONUS_L0_003_008;CONUS_L1_011_030,2
2026-10-01,260072323,https://apply.starbucks.com/careers/job/481080778508,"shift supervisor - Store# 71594, 7504 RICHMOND RD",SHIFT_SUPERVISOR,71594,7504 RICHMOND RD,7504 Richmond Rd,Williamsburg,VA,,US,,1788926400,2026-09-09,22,2026-10-01,1789048105,2026-09-10,21,False,37.37183,-76.77429,481080778508,id:260072323,store:71594,Shift Supervisor,onsite,"7504 Richmond Rd, Williamsburg, Virginia, United States",1,VA,CONUS_L0_003_008;CONUS_L1_011_030,2
2026-10-01,260071286,https://apply.starbucks.com/careers/job/481080742638,"barista - Store# 64980, I-95N & 53E, EMPORIA, VA",BARISTA,64980,"I-95N & 53E, EMPORIA, VA",105 E Cloverleaf,Emporia,VA,,US,,1788667200,2026-09-06,25,2026-10-01,1788789096,2026-09-07,24,False,36.70337,-77.54252,481080742638,id:260071286,store:64980,Barista,onsite,"105 E Cloverleaf, Emporia, Virginia, United States",1,VA,CONUS_L0_003_008;CONUS_L1_010_030,2
2026-10-01,260071049,https://apply.starbucks.com/careers/job/481080742265,"shift supervisor - Store# 64980, I-95N & 53E, EMPORIA, VA",SHIFT_SUPERVISOR,64980,"I-95N & 53E, EMPORIA, VA",105 E Cloverleaf,Emporia,VA,,US,,1788667200,2026-09-06,25,2026-10-01,1788788904,2026-09-07,24,False,36.70337,-77.54252,481080742265,id:260071049,store:64980,Shift Supervisor,onsite,"105 E Cloverleaf, Emporia, Virginia, United States",1,VA,CONUS_L0_003_008;CONUS_L1_010_030,2
2026-10-01,260075016,https://apply.starbucks.com/careers/job/481080820994,"shift supervisor - Store# 14534, HOPEWELL VA",SHIFT_SUPERVISOR,14534,HOPEWELL VA,"5320 Oaklawn Blvd, The Crossings",Hopewell,VA,,US,,1789272000,2026-09-13,18,2026-10-01,1789394568,2026-09-14,17,False,37.25897,-77.32741,481080820994,id:260075016,store:14534,Shift Supervisor,onsite,"5320 Oaklawn Blvd, The Crossings, Hopewell, Virginia, United States",1,VA,CONUS_L0_003_008;CONUS_L1_011_030,2
2026-10-01,260076989,https://apply.starbucks.com/careers/job/481080875277,"barista - Store# 14534, HOPEWELL VA",BARISTA,14534,HOPEWELL VA,"5320 Oaklawn Blvd, The Crossings",Hopewell,VA,,US,,1789531200,2026-09-16,15,2026-10-01,1789652631,2026-09-17,14,False,37.25897,-77.32741,481080875277,id:260076989,store:14534,Barista,onsite,"5320 Oaklawn Blvd, The Crossings, Hopewell, Virginia, United States",1,VA,CONUS_L0_003_008;CONUS_L1_011_030,2
2026-10-01,260067553,https://apply.starbucks.com/careers/job/481080699268,"shift supervisor - Store# 10925, COLONIAL HEIGHTS",SHIFT_SUPERVISOR,10925,COLONIAL HEIGHTS,"790 Southpark Blvd., Park South",Colonial Heights,VA,,US,,1788321600,2026-09-02,29,2026-10-01,1788456408,2026-09-03,28,False,37.24947,-77.3895,481080699268,id:260067553,store:10925,Shift Supervisor,onsite,"790 Southpark Blvd., Park South, Colonial Heights, Virginia, United States",1,VA,CONUS_L0_003_008;CONUS_L1_011_030,2
2026-10-01,260075766,https://apply.starbucks.com/careers/job/481080840570,"barista - Store# 10925, COLONIAL HEIGHTS",BARISTA,10925,COLONIAL HEIGHTS,"790 Southpark Blvd., Park South",Colonial Heights,VA,,US,,1789358400,2026-09-14,17,2026-10-01,1789480025,2026-09-15,16,False,37.24947,-77.3895,481080840570,id:260075766,store:10925,Barista,onsite,"790 Southpark Blvd., Park South, Colonial Heights, Virginia, United States",1,VA,CONUS_L0_003_008;CONUS_L1_011_030,2
2026-10-01,260055487,https://apply.starbucks.com/careers/job/481079454277,"shift supervisor - Store# 78981, RIVER BEND",SHIFT_SUPERVISOR,78981,RIVER BEND,13241 Rivers Bend Blvd,Chester,VA,,US,,1783828800,2026-07-12,81,2026-10-01,1783950629,2026-07-13,80,False,37.3490107,-77.3551276,481079454277,id:260055487,store:78981,Shift Supervisor,onsite,"13241 Rivers Bend Blvd, Chester, Virginia, United States",1,VA,CONUS_L0_003_008;CONUS_L1_011_030,2
2026-10-01,260059391,https://apply.starbucks.com/careers/job/481079983036,"barista - Store# 78981, RIVER BEND",BARISTA,78981,RIVER BEND,13241 Rivers Bend Blvd,Chester,VA,,US,,1785643200,2026-08-02,60,2026-10-01,1785764592,2026-08-03,59,False,37.3490107,-77.3551276,481079983036,id:260059391,store:78981,Barista,onsite,"13241 Rivers Bend Blvd, Chester, Virginia, United States",1,VA,CONUS_L0_003_008;CONUS_L1_011_030,2
2026-10-01,260061718,https://apply.starbucks.com/careers/job/481080416012,"barista - Store# 67641, KILMARNOCK",BARISTA,67641,KILMARNOCK,607 N Main St,Kilmarnock,VA,,US,,1787371200,2026-08-22,40,2026-10-01,1787492396,2026-08-23,39,False,37.7263609,-76.3900068,481080416012,id:260061718,store:67641,Barista,onsite,"607 N Main St, Kilmarnock, Virginia, United States",1,VA,CONUS_L0_003_008;CONUS_L1_011_030;CONUS_L1_011_031,3
2026-10-01,260057262,https://apply.starbucks.com/careers/job/481079587642,"shift supervisor - Store# 67641, KILMARNOCK",SHIFT_SUPERVISOR,67641,KILMARNOCK,607 N Main St,Kilmarnock,VA,,US,,1784347200,2026-07-18,75,2026-10-01,1784468417,2026-07-19,74,False,37.7263609,-76.3900068,481079587642,id:260057262,store:67641,Shift Supervisor,onsite,"607 N Main St, Kilmarnock, Virginia, United States",1,VA,CONUS_L0_003_008;CONUS_L1_011_030;CONUS_L1_011_031,3
2026-10-01,260078862,https://apply.starbucks.com/careers/job/481080964802,"barista - Store# 11076, BERMUDA SQUARE",BARISTA,11076,BERMUDA SQUARE,"12501 Jefferson Davis Hwy, Bermuda Square",Chester,VA,,US,,1790049600,2026-09-22,9,2026-10-01,1790170988,2026-09-23,8,False,37.35437,-77.41253,481080964802,id:260078862,store:11076,Barista,onsite,"12501 Jefferson Davis Hwy, Bermuda Square, Chester, Virginia, United States",1,VA,CONUS_L0_003_008;CONUS_L1_011_030,2
2026-10-01,260068102,https://apply.starbucks.com/careers/job/481080698137,"shift supervisor - Store# 11076, BERMUDA SQUARE",SHIFT_SUPERVISOR,11076,BERMUDA SQUARE,"12501 Jefferson Davis Hwy, Bermuda Square",Chester,VA,,US,,1788321600,2026-09-02,29,2026-10-01,1788456924,2026-09-03,28,False,37.35437,-77.41253,481080698137,id:260068102,store:11076,Shift Supervisor,onsite,"12501 Jefferson Davis Hwy, Bermuda Square, Chester, Virginia, United States",1,VA,CONUS_L0_003_008;CONUS_L1_011_030,2
2026-10-01,260066581,https://apply.starbucks.com/careers/job/481080679801,"shift supervisor - Store# 11076, BERMUDA SQUARE",SHIFT_SUPERVISOR,11076,BERMUDA SQUARE,"12501 Jefferson Davis Hwy, Bermuda Square",Chester,VA,,US,,1788321600,2026-09-02,29,2026-10-01,1788358104,2026-09-02,29,False,37.35437,-77.41253,481080679801,id:260066581,store:11076,Shift Supervisor,onsite,"12501 Jefferson Davis Hwy, Bermuda Square, Chester, Virginia, United States",1,VA,CONUS_L0_003_008;CONUS_L1_011_030,2
2026-10-01,260074131,https://apply.starbucks.com/careers/job/481080813904,"shift supervisor - Store# 71980, BOTTOMS BRIDGE",SHIFT_SUPERVISOR,71980,BOTTOMS BRIDGE,2151 Pocahontas Trl,Quinton,VA,,US,,1789185600,2026-09-12,19,2026-10-01,1789307550,2026-09-13,18,False,37.510662,-77.193991,481080813904,id:260074131,store:71980,Shift Supervisor,onsite,"2151 Pocahontas Trl, Quinton, Virginia, United States",1,VA,CONUS_L0_003_008;CONUS_L1_011_030,2
2026-10-01,260053202,https://apply.starbucks.com/careers/job/481079247442,"barista - Store# 67646, IRON BRIDGE AND S CHALKLEY RD",BARISTA,67646,IRON BRIDGE AND S CHALKLEY RD,12020 Iron Bridge Rd,Chester,VA,,US,,1783224000,2026-07-05,88,2026-10-01,1783345149,2026-07-06,87,False,37.35201,-77.48134,481079247442,id:260053202,store:67646,Barista,onsite,"12020 Iron Bridge Rd, Chester, Virginia, United States",1,VA,CONUS_L0_003_008;CONUS_L1_011_029;CONUS_L1_011_030,3
2026-10-01,260074753,https://apply.starbucks.com/careers/job/481080820556,"shift supervisor - Store# 02807, IRON BRIDGE & LORI",SHIFT_SUPERVISOR,02807,IRON BRIDGE & LORI,9865 Iron Bridge Rd,Chesterfield,VA,,US,,1789272000,2026-09-13,18,2026-10-01,1789394333,2026-09-14,17,False,37.3767146,-77.51132539999999,481080820556,id:260074753,store:02807,Shift Supervisor,onsite,"9865 Iron Bridge Rd, Chesterfield, Virginia, United States",1,VA,CONUS_L0_003_008;CONUS_L1_011_029;CONUS_L1_011_030,3
2026-10-01,260056797,https://apply.starbucks.com/careers/job/481079527806,"barista - Store# 62887, I-64 & LABURNUM, WHITE OAK VILLAGE",BARISTA,62887,"I-64 & LABURNUM, WHITE OAK VILLAGE",4511 S Laburnum Ave,Henrico,VA,,US,,1784088000,2026-07-15,78,2026-10-01,1784209180,2026-07-16,77,False,37.52947,-77.35635,481079527806,id:260056797,store:62887,Barista,onsite,"4511 S Laburnum Ave, Henrico, Virginia, United States",1,VA,CONUS_L0_003_008;CONUS_L1_011_030,2
2026-10-01,260070818,https://apply.starbucks.com/careers/job/481080741928,"shift supervisor - Store# 62887, I-64 & LABURNUM, WHITE OAK VILLAGE",SHIFT_SUPERVISOR,62887,"I-64 & LABURNUM, WHITE OAK VILLAGE",4511 S Laburnum Ave,Henrico,VA,,US,,1788667200,2026-09-06,25,2026-10-01,1788788717,2026-09-07,24,False,37.52947,-77.35635,481080741928,id:260070818,store:62887,Shift Supervisor,onsite,"4511 S Laburnum Ave, Henrico, Virginia, United States",1,VA,CONUS_L0_003_008;CONUS_L1_011_030,2
2026-10-01,260061724,https://apply.starbucks.com/careers/job/481080416021,"shift supervisor - Store# 67642, HULL AND CHIPPENHAM",SHIFT_SUPERVISOR,67642,HULL AND CHIPPENHAM,6548 Hull St,Richmond,VA,,US,,1787371200,2026-08-22,40,2026-10-01,1787492402,2026-08-23,39,False,37.4799,-77.51244,481080416021,id:260061724,store:67642,Shift Supervisor,onsite,"6548 Hull St, Richmond, Virginia, United States",1,VA,CONUS_L0_003_008;CONUS_L1_011_029;CONUS_L1_011_030,3
2026-10-01,260080218,https://apply.starbucks.com/careers/job/481081059098,"barista - Store# 67642, HULL AND CHIPPENHAM",BARISTA,67642,HULL AND CHIPPENHAM,6548 Hull St,Richmond,VA,,US,,1790568000,2026-09-28,3,2026-10-01,1790689631,2026-09-29,2,False,37.4799,-77.51244,481081059098,id:260080218,store:67642,Barista,onsite,"6548 Hull St, Richmond, Virginia, United States",1,VA,CONUS_L0_003_008;CONUS_L1_011_029;CONUS_L1_011_030,3
2026-10-01,260074194,https://apply.starbucks.com/careers/job/481080813979,"shift supervisor - Store# 10985, OXBRIDGE SQUARE",SHIFT_SUPERVISOR,10985,OXBRIDGE SQUARE,"10141 Hull Street Rd, Oxbridge Square",Midlothian,VA,,US,,1789185600,2026-09-12,19,2026-10-01,1789307608,2026-09-13,18,False,37.44229,-77.58375,481080813979,id:260074194,store:10985,Shift Supervisor,onsite,"10141 Hull Street Rd, Oxbridge Square, Midlothian, Virginia, United States",1,VA,CONUS_L0_003_008;CONUS_L1_011_029;CONUS_L1_011_030,3
2026-10-01,260059524,https://apply.starbucks.com/careers/job/481080000917,"barista - Store# 10985, OXBRIDGE SQUARE",BARISTA,10985,OXBRIDGE SQUARE,"10141 Hull Street Rd, Oxbridge Square",Midlothian,VA,,US,,1785729600,2026-08-03,59,2026-10-01,1785851173,2026-08-04,58,False,37.44229,-77.58375,481080000917,id:260059524,store:10985,Barista,onsite,"10141 Hull Street Rd, Oxbridge Square, Midlothian, Virginia, United States",1,VA,CONUS_L0_003_008;CONUS_L1_011_029;CONUS_L1_011_030,3
2026-10-01,260055963,https://apply.starbucks.com/careers/job/481079473318,"barista - Store# 14196, BELL CREEK",BARISTA,14196,BELL CREEK,"7291 Battle Hill Drive, Suite B",Mechanicsville,VA,,US,,1783915200,2026-07-13,80,2026-10-01,1784037171,2026-07-14,79,False,37.6072054,-77.3562963,481079473318,id:260055963,store:14196,Barista,onsite,"7291 Battle Hill Drive, Suite B, Mechanicsville, Virginia, United States",1,VA,CONUS_L0_003_008;CONUS_L1_011_030,2
2026-10-01,260069969,https://apply.starbucks.com/careers/job/481080730897,"shift supervisor - Store# 14196, BELL CREEK",SHIFT_SUPERVISOR,14196,BELL CREEK,"7291 Battle Hill Drive, Suite B",Mechanicsville,VA,,US,,1788580800,2026-09-05,26,2026-10-01,1788702521,2026-09-06,25,False,37.6072054,-77.3562963,481080730897,id:260069969,store:14196,Shift Supervisor,onsite,"7291 Battle Hill Drive, Suite B, Mechanicsville, Virginia, United States",1,VA,CONUS_L0_003_008;CONUS_L1_011_030,2
2026-10-01,260061343,https://apply.starbucks.com/careers/job/481080264941,"barista - Store# 22416, SPRING ROCK GREEN",BARISTA,22416,SPRING ROCK GREEN,"7106 Midlothian Turnpike, Suite C",Richmond,VA,,US,,1787025600,2026-08-18,44,2026-10-01,1787146990,2026-08-19,43,False,37.50131,-77.52838,481080264941,id:260061343,store:22416,Barista,onsite,"7106 Midlothian Turnpike, Suite C, Richmond, Virginia, United States",1,VA,CONUS_L0_003_008;CONUS_L1_011_029;CONUS_L1_011_030,3
2026-10-01,260078465,https://apply.starbucks.com/careers/job/481080936406,"shift supervisor - Store# 22416, SPRING ROCK GREEN",SHIFT_SUPERVISOR,22416,SPRING ROCK GREEN,"7106 Midlothian Turnpike, Suite C",Richmond,VA,,US,,1789876800,2026-09-20,11,2026-10-01,1789998293,2026-09-21,10,False,37.50131,-77.52838,481080936406,id:260078465,store:22416,Shift Supervisor,onsite,"7106 Midlothian Turnpike, Suite C, Richmond, Virginia, United States",1,VA,CONUS_L0_003_008;CONUS_L1_011_029;CONUS_L1_011_030,3
2026-10-01,260072796,https://apply.starbucks.com/careers/job/481080796409,"shift supervisor - Store# 07780, SWIFT CREEK",SHIFT_SUPERVISOR,07780,SWIFT CREEK,"13481 Hull Street Rd., Swift Creek Plaza",Midlothian,VA,,US,,1789012800,2026-09-10,21,2026-10-01,1789135361,2026-09-11,20,False,37.4115341,-77.64673959999999,481080796409,id:260072796,store:07780,Shift Supervisor,onsite,"13481 Hull Street Rd., Swift Creek Plaza, Midlothian, Virginia, United States",1,VA,CONUS_L0_003_008;CONUS_L1_011_029;CONUS_L1_011_030,3
2026-10-01,260079457,https://apply.starbucks.com/careers/job/481080998763,"barista - Store# 07780, SWIFT CREEK",BARISTA,07780,SWIFT CREEK,"13481 Hull Street Rd., Swift Creek Plaza",Midlothian,VA,,US,,1790222400,2026-09-24,7,2026-10-01,1790344027,2026-09-25,6,False,37.4115341,-77.64673959999999,481080998763,id:260079457,store:07780,Barista,onsite,"13481 Hull Street Rd., Swift Creek Plaza, Midlothian, Virginia, United States",1,VA,CONUS_L0_003_008;CONUS_L1_011_029;CONUS_L1_011_030,3
2026-10-01,260056778,https://apply.starbucks.com/careers/job/481079527768,"barista - Store# 65230, THE FAN - BROAD AND STRAWBERRY",BARISTA,65230,THE FAN - BROAD AND STRAWBERRY,2309 W Broad,Richmond,VA,,US,,1784088000,2026-07-15,78,2026-10-01,1784209164,2026-07-16,77,False,37.55886,-77.4649,481079527768,id:260056778,store:65230,Barista,onsite,"2309 W Broad, Richmond, Virginia, United States",1,VA,CONUS_L0_003_008;CONUS_L1_011_029;CONUS_L1_011_030,3
2026-10-01,260071250,https://apply.starbucks.com/careers/job/481080742592,"shift supervisor - Store# 65230, THE FAN - BROAD AND STRAWBERRY",SHIFT_SUPERVISOR,65230,THE FAN - BROAD AND STRAWBERRY,2309 W Broad,Richmond,VA,,US,,1788667200,2026-09-06,25,2026-10-01,1788789068,2026-09-07,24,False,37.55886,-77.4649,481080742592,id:260071250,store:65230,Shift Supervisor,onsite,"2309 W Broad, Richmond, Virginia, United States",1,VA,CONUS_L0_003_008;CONUS_L1_011_029;CONUS_L1_011_030,3
2026-10-01,260062843,https://apply.starbucks.com/careers/job/481080495108,"shift supervisor - Store# 10987, NORTH ROBINSON RD.",SHIFT_SUPERVISOR,10987,NORTH ROBINSON RD.,400 North Robinson Road,Richmond,VA,,US,,1787630400,2026-08-25,37,2026-10-01,1787752543,2026-08-26,36,False,37.5565,-77.47085,481080495108,id:260062843,store:10987,Shift Supervisor,onsite,"400 North Robinson Road, Richmond, Virginia, United States",1,VA,CONUS_L0_003_008;CONUS_L1_011_029;CONUS_L1_011_030,3
2026-10-01,260060857,https://apply.starbucks.com/careers/job/481080183348,"barista - Store# 67647, POLE GREEN",BARISTA,67647,POLE GREEN,8300 Bell Creek Rd,Mechanicsville,VA,,US,,1786766400,2026-08-15,47,2026-10-01,1786887915,2026-08-16,46,False,37.63401,-77.35607,481080183348,id:260060857,store:67647,Barista,onsite,"8300 Bell Creek Rd, Mechanicsville, Virginia, United States",1,VA,CONUS_L0_003_008;CONUS_L1_011_030,2
2026-10-01,260063866,https://apply.starbucks.com/careers/job/481080567747,"shift supervisor - Store# 67647, POLE GREEN",SHIFT_SUPERVISOR,67647,POLE GREEN,8300 Bell Creek Rd,Mechanicsville,VA,,US,,1787803200,2026-08-27,35,2026-10-01,1787925265,2026-08-28,34,False,37.63401,-77.35607,481080567747,id:260063866,store:67647,Shift Supervisor,onsite,"8300 Bell Creek Rd, Mechanicsville, Virginia, United States",1,VA,CONUS_L0_003_008;CONUS_L1_011_030,2
2026-10-01,260073492,https://apply.starbucks.com/careers/job/481080812803,"shift supervisor - Store# 07264, W Cary St",SHIFT_SUPERVISOR,07264,W Cary St,"3544 W Cary St, International Shopping Center",Richmond,VA,,US,,1789185600,2026-09-12,19,2026-10-01,1789306951,2026-09-13,18,False,37.5550068,-77.48794149999999,481080812803,id:260073492,store:07264,Shift Supervisor,onsite,"3544 W Cary St, International Shopping Center, Richmond, Virginia, United States",1,VA,CONUS_L0_003_008;CONUS_L1_011_029;CONUS_L1_011_030,3
2026-10-01,260073099,https://apply.starbucks.com/careers/job/481080797819,"barista - Store# 07264, W Cary St",BARISTA,07264,W Cary St,"3544 W Cary St, International Shopping Center",Richmond,VA,,US,,1789012800,2026-09-10,21,2026-10-01,1789135615,2026-09-11,20,False,37.5550068,-77.48794149999999,481080797819,id:260073099,store:07264,Barista,onsite,"3544 W Cary St, International Shopping Center, Richmond, Virginia, United States",1,VA,CONUS_L0_003_008;CONUS_L1_011_029;CONUS_L1_011_030,3
2026-10-01,260057374,https://apply.starbucks.com/careers/job/481079587854,"barista - Store# 17213, HULL & HANCOCK VILLAGE",BARISTA,17213,HULL & HANCOCK VILLAGE,14620 Hancock Village Street,Chesterfield,VA,,US,,1784347200,2026-07-18,75,2026-10-01,1784468501,2026-07-19,74,False,37.40295,-77.67612,481079587854,id:260057374,store:17213,Barista,onsite,"14620 Hancock Village Street, Chesterfield, Virginia, United States",1,VA,CONUS_L0_003_008;CONUS_L1_011_029;CONUS_L1_011_030,3
2026-10-01,260078542,https://apply.starbucks.com/careers/job/481080936562,"shift supervisor - Store# 17213, HULL & HANCOCK VILLAGE",SHIFT_SUPERVISOR,17213,HULL & HANCOCK VILLAGE,14620 Hancock Village Street,Chesterfield,VA,,US,,1789876800,2026-09-20,11,2026-10-01,1789998358,2026-09-21,10,False,37.40295,-77.67612,481080936562,id:260078542,store:17213,Shift Supervisor,onsite,"14620 Hancock Village Street, Chesterfield, Virginia, United States",1,VA,CONUS_L0_003_008;CONUS_L1_011_029;CONUS_L1_011_030,3
2026-10-01,260070862,https://apply.starbucks.com/careers/job/481080741958,"shift supervisor - Store# 67645, THE DIAMOND - ARTHUR ASHE AND ELLEN",SHIFT_SUPERVISOR,67645,THE DIAMOND - ARTHUR ASHE AND ELLEN,3024 N Arthur Ashe Blvd,Richmond,VA,,US,,1788667200,2026-09-06,25,2026-10-01,1788788753,2026-09-07,24,False,37.5731542,-77.46446980000002,481080741958,id:260070862,store:67645,Shift Supervisor,onsite,"3024 N Arthur Ashe Blvd, Richmond, Virginia, United States",1,VA,CONUS_L0_003_008;CONUS_L1_011_029;CONUS_L1_011_030,3
2026-10-01,260071610,https://apply.starbucks.com/careers/job/481080764408,"barista - Store# 67645, THE DIAMOND - ARTHUR ASHE AND ELLEN",BARISTA,67645,THE DIAMOND - ARTHUR ASHE AND ELLEN,3024 N Arthur Ashe Blvd,Richmond,VA,,US,,1788840000,2026-09-08,23,2026-10-01,1788961264,2026-09-09,22,False,37.5731542,-77.46446980000002,481080764408,id:260071610,store:67645,Barista,onsite,"3024 N Arthur Ashe Blvd, Richmond, Virginia, United States",1,VA,CONUS_L0_003_008;CONUS_L1_011_029;CONUS_L1_011_030,3
2026-10-01,260055180,https://apply.starbucks.com/careers/job/481079453663,"shift supervisor - Store# 00745, MIDLOTHIAN TPKE & ARBORETUM PLACE",SHIFT_SUPERVISOR,00745,MIDLOTHIAN TPKE & ARBORETUM PLACE,"9125 Midlothian Tpke, #300",Richmond,VA,,US,,1783828800,2026-07-12,81,2026-10-01,1783950395,2026-07-13,80,False,37.4967904,-77.56825359999999,481079453663,id:260055180,store:00745,Shift Supervisor,onsite,"9125 Midlothian Tpke, #300, Richmond, Virginia, United States",1,VA,CONUS_L0_003_008;CONUS_L1_011_029;CONUS_L1_011_030,3
2026-10-01,260078504,https://apply.starbucks.com/careers/job/481080936467,"barista - Store# 00745, MIDLOTHIAN TPKE & ARBORETUM PLACE",BARISTA,00745,MIDLOTHIAN TPKE & ARBORETUM PLACE,"9125 Midlothian Tpke, #300",Richmond,VA,,US,,1789876800,2026-09-20,11,2026-10-01,1789998326,2026-09-21,10,False,37.4967904,-77.56825359999999,481080936467,id:260078504,store:00745,Barista,onsite,"9125 Midlothian Tpke, #300, Richmond, Virginia, United States",1,VA,CONUS_L0_003_008;CONUS_L1_011_029;CONUS_L1_011_030,3
2026-10-01,260072113,https://apply.starbucks.com/careers/job/481080765150,"shift supervisor - Store# 77836, COURTHOUSE & POWHITE PKWAY",SHIFT_SUPERVISOR,77836,COURTHOUSE & POWHITE PKWAY,1118 Courthouse,Richmond,VA,,US,,1788840000,2026-09-08,23,2026-10-01,1788961671,2026-09-09,22,False,37.47471,-77.59737,481080765150,id:260072113,store:77836,Shift Supervisor,onsite,"1118 Courthouse, Richmond, Virginia, United States",1,VA,CONUS_L0_003_008;CONUS_L1_011_029;CONUS_L1_011_030,3
2026-10-01,260060442,https://apply.starbucks.com/careers/job/481080149360,"barista - Store# 77836, COURTHOUSE & POWHITE PKWAY",BARISTA,77836,COURTHOUSE & POWHITE PKWAY,1118 Courthouse,Richmond,VA,,US,,1786507200,2026-08-12,50,2026-10-01,1786628902,2026-08-13,49,False,37.47471,-77.59737,481080149360,id:260060442,store:77836,Barista,onsite,"1118 Courthouse, Richmond, Virginia, United States",1,VA,CONUS_L0_003_008;CONUS_L1_011_029;CONUS_L1_011_030,3
2026-10-01,260075228,https://apply.starbucks.com/careers/job/481080821423,"shift supervisor - Store# 67643, I85 AND US58 - SOUTH HILL",SHIFT_SUPERVISOR,67643,I85 AND US58 - SOUTH HILL,101 Peebles St,South Hill,VA,,US,,1789272000,2026-09-13,18,2026-10-01,1789394755,2026-09-14,17,False,36.71112,-78.10963,481080821423,id:260075228,store:67643,Shift Supervisor,onsite,"101 Peebles St, South Hill, Virginia, United States",1,VA,CONUS_L0_003_008;CONUS_L1_010_030,2
2026-10-01,260070626,https://apply.starbucks.com/careers/job/481080741713,"barista - Store# 67643, I85 AND US58 - SOUTH HILL",BARISTA,67643,I85 AND US58 - SOUTH HILL,101 Peebles St,South Hill,VA,,US,,1788667200,2026-09-06,25,2026-10-01,1788788566,2026-09-07,24,False,36.71112,-78.10963,481080741713,id:260070626,store:67643,Barista,onsite,"101 Peebles St, South Hill, Virginia, United States",1,VA,CONUS_L0_003_008;CONUS_L1_010_030,2
2026-10-01,260079697,https://apply.starbucks.com/careers/job/481081018735,"barista - Store# 07856, FOREST HILLS AND CHEROKEE",BARISTA,07856,FOREST HILLS AND CHEROKEE,6980 Forest Hill Ave,Richmond,VA,,US,,1790395200,2026-09-26,5,2026-10-01,1790516414,2026-09-27,4,False,37.53818,-77.52363,481081018735,id:260079697,store:07856,Barista,onsite,"6980 Forest Hill Ave, Richmond, Virginia, United States",1,VA,CONUS_L0_003_008;CONUS_L1_011_029;CONUS_L1_011_030,3
2026-10-01,260073988,https://apply.starbucks.com/careers/job/481080813608,"shift supervisor - Store# 07856, FOREST HILLS AND CHEROKEE",SHIFT_SUPERVISOR,07856,FOREST HILLS AND CHEROKEE,6980 Forest Hill Ave,Richmond,VA,,US,,1789185600,2026-09-12,19,2026-10-01,1789307417,2026-09-13,18,False,37.53818,-77.52363,481080813608,id:260073988,store:07856,Shift Supervisor,onsite,"6980 Forest Hill Ave, Richmond, Virginia, United States",1,VA,CONUS_L0_003_008;CONUS_L1_011_029;CONUS_L1_011_030,3
2026-10-01,260077756,https://apply.starbucks.com/careers/job/481080891578,"barista - Store# 83612, GENITO & 288 - THE LAKE",BARISTA,83612,GENITO & 288 - THE LAKE,13747 Lake Eloise Loop,Midlothian,VA,,US,,1789617600,2026-09-17,14,2026-10-01,1789739427,2026-09-18,13,False,37.4506587,-77.64165129999999,481080891578,id:260077756,store:83612,Barista,onsite,"13747 Lake Eloise Loop, Midlothian, Virginia, United States",1,VA,CONUS_L0_003_008;CONUS_L1_011_029;CONUS_L1_011_030,3
2026-10-01,260073372,https://apply.starbucks.com/careers/job/481080798441,"shift supervisor - Store# 83612, GENITO & 288 - THE LAKE",SHIFT_SUPERVISOR,83612,GENITO & 288 - THE LAKE,13747 Lake Eloise Loop,Midlothian,VA,,US,,1789012800,2026-09-10,21,2026-10-01,1789135849,2026-09-11,20,False,37.4506587,-77.64165129999999,481080798441,id:260073372,store:83612,Shift Supervisor,onsite,"13747 Lake Eloise Loop, Midlothian, Virginia, United States",1,VA,CONUS_L0_003_008;CONUS_L1_011_029;CONUS_L1_011_030,3
2026-10-01,260064992,https://apply.starbucks.com/careers/job/481080658350,"shift supervisor - Store# 77729, HULL AND OTTERDALE - COSBY VILLAGE",SHIFT_SUPERVISOR,77729,HULL AND OTTERDALE - COSBY VILLAGE,15800 Hull Street Rd,Chesterfield,VA,,US,,1788148800,2026-08-31,31,2026-10-01,1788270411,2026-09-01,30,False,37.40087,-77.70561,481080658350,id:260064992,store:77729,Shift Supervisor,onsite,"15800 Hull Street Rd, Chesterfield, Virginia, United States",1,VA,CONUS_L0_003_008;CONUS_L1_011_029;CONUS_L1_011_030,3
2026-10-01,260078738,https://apply.starbucks.com/careers/job/481080949781,"barista - Store# 77729, HULL AND OTTERDALE - COSBY VILLAGE",BARISTA,77729,HULL AND OTTERDALE - COSBY VILLAGE,15800 Hull Street Rd,Chesterfield,VA,,US,,1789963200,2026-09-21,10,2026-10-01,1790084504,2026-09-22,9,False,37.40087,-77.70561,481080949781,id:260078738,store:77729,Barista,onsite,"15800 Hull Street Rd, Chesterfield, Virginia, United States",1,VA,CONUS_L0_003_008;CONUS_L1_011_029;CONUS_L1_011_030,3
2026-10-01,260073259,https://apply.starbucks.com/careers/job/481080798139,"barista - Store# 00724, BROAD AND WILLOW LAWN",BARISTA,00724,BROAD AND WILLOW LAWN,"1601 Willow Lawn Dr., 700-P",Richmond,VA,,US,,1789012800,2026-09-10,21,2026-10-01,1789135751,2026-09-11,20,False,37.58262149999999,-77.49860869999999,481080798139,id:260073259,store:00724,Barista,onsite,"1601 Willow Lawn Dr., 700-P, Richmond, Virginia, United States",1,VA,CONUS_L0_003_008;CONUS_L1_011_029;CONUS_L1_011_030,3
2026-10-01,260073041,https://apply.starbucks.com/careers/job/481080797697,"shift supervisor - Store# 00724, BROAD AND WILLOW LAWN",SHIFT_SUPERVISOR,00724,BROAD AND WILLOW LAWN,"1601 Willow Lawn Dr., 700-P",Richmond,VA,,US,,1789012800,2026-09-10,21,2026-10-01,1789135566,2026-09-11,20,False,37.58262149999999,-77.49860869999999,481080797697,id:260073041,store:00724,Shift Supervisor,onsite,"1601 Willow Lawn Dr., 700-P, Richmond, Virginia, United States",1,VA,CONUS_L0_003_008;CONUS_L1_011_029;CONUS_L1_011_030,3
2026-10-01,260074025,https://apply.starbucks.com/careers/job/481080813649,"barista - Store# 07757, MIDLOTHIAN & COURTHOUSE",BARISTA,07757,MIDLOTHIAN & COURTHOUSE,"11136 Midlothian Tpke, Towne Plaza",Richmond,VA,,US,,1789185600,2026-09-12,19,2026-10-01,1789307452,2026-09-13,18,False,37.50654189999999,-77.60343019999999,481080813649,id:260074025,store:07757,Barista,onsite,"11136 Midlothian Tpke, Towne Plaza, Richmond, Virginia, United States",1,VA,CONUS_L0_003_008;CONUS_L1_011_029;CONUS_L1_011_030,3
2026-10-01,260073807,https://apply.starbucks.com/careers/job/481080813297,"shift supervisor - Store# 07757, MIDLOTHIAN & COURTHOUSE",SHIFT_SUPERVISOR,07757,MIDLOTHIAN & COURTHOUSE,"11136 Midlothian Tpke, Towne Plaza",Richmond,VA,,US,,1789185600,2026-09-12,19,2026-10-01,1789307250,2026-09-13,18,False,37.50654189999999,-77.60343019999999,481080813297,id:260073807,store:07757,Shift Supervisor,onsite,"11136 Midlothian Tpke, Towne Plaza, Richmond, Virginia, United States",1,VA,CONUS_L0_003_008;CONUS_L1_011_029;CONUS_L1_011_030,3
2026-10-01,260071887,https://apply.starbucks.com/careers/job/481080764905,"shift supervisor - Store# 69860, RUTLAND @ I 295 AND CHAMBERLAYNE",SHIFT_SUPERVISOR,69860,RUTLAND @ I 295 AND CHAMBERLAYNE,9329 Chamberlayne Road,Mechanicsville,VA,,US,,1788840000,2026-09-08,23,2026-10-01,1788961484,2026-09-09,22,False,37.65376,-77.39485,481080764905,id:260071887,store:69860,Shift Supervisor,onsite,"9329 Chamberlayne Road, Mechanicsville, Virginia, United States",1,VA,CONUS_L0_003_008;CONUS_L1_011_029;CONUS_L1_011_030,3
2026-10-01,260071811,https://apply.starbucks.com/careers/job/481080764858,"barista - Store# 69860, RUTLAND @ I 295 AND CHAMBERLAYNE",BARISTA,69860,RUTLAND @ I 295 AND CHAMBERLAYNE,9329 Chamberlayne Road,Mechanicsville,VA,,US,,1788840000,2026-09-08,23,2026-10-01,1788961423,2026-09-09,22,False,37.65376,-77.39485,481080764858,id:260071811,store:69860,Barista,onsite,"9329 Chamberlayne Road, Mechanicsville, Virginia, United States",1,VA,CONUS_L0_003_008;CONUS_L1_011_029;CONUS_L1_011_030,3
2026-10-01,260069707,https://apply.starbucks.com/careers/job/481080730603,"shift supervisor - Store# 61570, 64E & STAPLES MILL, LIBBIE MILL",SHIFT_SUPERVISOR,61570,"64E & STAPLES MILL, LIBBIE MILL","2363 Roux Street, 100",Richmond,VA,,US,,1788580800,2026-09-05,26,2026-10-01,1788702315,2026-09-06,25,False,37.59247,-77.49354,481080730603,id:260069707,store:61570,Shift Supervisor,onsite,"2363 Roux Street, 100, Richmond, Virginia, United States",1,VA,CONUS_L0_003_008;CONUS_L1_011_029;CONUS_L1_011_030,3
2026-10-01,260069989,https://apply.starbucks.com/careers/job/481080730917,"barista - Store# 61570, 64E & STAPLES MILL, LIBBIE MILL",BARISTA,61570,"64E & STAPLES MILL, LIBBIE MILL","2363 Roux Street, 100",Richmond,VA,,US,,1788580800,2026-09-05,26,2026-10-01,1788702537,2026-09-06,25,False,37.59247,-77.49354,481080730917,id:260069989,store:61570,Barista,onsite,"2363 Roux Street, 100, Richmond, Virginia, United States",1,VA,CONUS_L0_003_008;CONUS_L1_011_029;CONUS_L1_011_030,3
2026-10-01,260074141,https://apply.starbucks.com/careers/job/481080813921,"shift supervisor - Store# 07604, 6201 RIVER ROAD",SHIFT_SUPERVISOR,07604,6201 RIVER ROAD,6201 River Road,Henrico,VA,,US,,1789185600,2026-09-12,19,2026-10-01,1789307559,2026-09-13,18,False,37.5682413,-77.5363029,481080813921,id:260074141,store:07604,Shift Supervisor,onsite,"6201 River Road, Henrico, Virginia, United States",1,VA,CONUS_L0_003_008;CONUS_L1_011_029;CONUS_L1_011_030,3
2026-10-01,260068684,https://apply.starbucks.com/careers/job/481080709923,"shift supervisor - Store# 13912, BROOK ROAD & PARHAM ROAD",SHIFT_SUPERVISOR,13912,BROOK ROAD & PARHAM ROAD,"8137 Brook Road, North Park Shopping Center",Richmond,VA,,US,,1788408000,2026-09-03,28,2026-10-01,1788529948,2026-09-04,27,False,37.63401,-77.45615,481080709923,id:260068684,store:13912,Shift Supervisor,onsite,"8137 Brook Road, North Park Shopping Center, Richmond, Virginia, United States",1,VA,CONUS_L0_003_008;CONUS_L1_011_029;CONUS_L1_011_030,3
2026-10-01,260077500,https://apply.starbucks.com/careers/job/481080891273,"barista - Store# 13912, BROOK ROAD & PARHAM ROAD",BARISTA,13912,BROOK ROAD & PARHAM ROAD,"8137 Brook Road, North Park Shopping Center",Richmond,VA,,US,,1789617600,2026-09-17,14,2026-10-01,1789739209,2026-09-18,13,False,37.63401,-77.45615,481080891273,id:260077500,store:13912,Barista,onsite,"8137 Brook Road, North Park Shopping Center, Richmond, Virginia, United States",1,VA,CONUS_L0_003_008;CONUS_L1_011_029;CONUS_L1_011_030,3
2026-10-01,260056211,https://apply.starbucks.com/careers/job/481079497847,"barista - Store# 07857, HUGUENOT & ROBIOUS",BARISTA,07857,HUGUENOT & ROBIOUS,2059 Huguenot Rd,Richmond,VA,,US,,1784001600,2026-07-14,79,2026-10-01,1784123024,2026-07-15,78,False,37.5213682,-77.6122351,481079497847,id:260056211,store:07857,Barista,onsite,"2059 Huguenot Rd, Richmond, Virginia, United States",1,VA,CONUS_L0_003_008;CONUS_L1_011_029;CONUS_L1_011_030,3
2026-10-01,260075768,https://apply.starbucks.com/careers/job/481080840571,"shift supervisor - Store# 07857, HUGUENOT & ROBIOUS",SHIFT_SUPERVISOR,07857,HUGUENOT & ROBIOUS,2059 Huguenot Rd,Richmond,VA,,US,,1789358400,2026-09-14,17,2026-10-01,1789480027,2026-09-15,16,False,37.5213682,-77.6122351,481080840571,id:260075768,store:07857,Shift Supervisor,onsite,"2059 Huguenot Rd, Richmond, Virginia, United States",1,VA,CONUS_L0_003_008;CONUS_L1_011_029;CONUS_L1_011_030,3
2026-10-01,260072785,https://apply.starbucks.com/careers/job/481080796378,"shift supervisor - Store# 81328, TAPPAHANNOCK",SHIFT_SUPERVISOR,81328,TAPPAHANNOCK,1405 Tappahannock Blvd,Tappahannock,VA,,US,,1789012800,2026-09-10,21,2026-10-01,1789135352,2026-09-11,20,False,37.90743,-76.86469,481080796378,id:260072785,store:81328,Shift Supervisor,onsite,"1405 Tappahannock Blvd, Tappahannock, Virginia, United States",1,VA,CONUS_L0_003_008;CONUS_L1_011_030,2
2026-10-01,260080729,https://apply.starbucks.com/careers/job/481081091888,"barista - Store# 81328, TAPPAHANNOCK",BARISTA,81328,TAPPAHANNOCK,1405 Tappahannock Blvd,Tappahannock,VA,,US,,1790740800,2026-09-30,1,2026-10-01,1790836198,2026-10-01,0,False,37.90743,-76.86469,481081091888,id:260080729,store:81328,Barista,onsite,"1405 Tappahannock Blvd, Tappahannock, Virginia, United States",1,VA,CONUS_L0_003_008;CONUS_L1_011_030,2
2026-10-01,260072436,https://apply.starbucks.com/careers/job/481080795616,"shift supervisor - Store# 23643, REYNOLDS CROSSING - RICHMOND",SHIFT_SUPERVISOR,23643,REYNOLDS CROSSING - RICHMOND,"7000 Forest Ave, Suite 100",Richmond,VA,,US,,1789012800,2026-09-10,21,2026-10-01,1789135051,2026-09-11,20,False,37.60328,-77.52528,481080795616,id:260072436,store:23643,Shift Supervisor,onsite,"7000 Forest Ave, Suite 100, Richmond, Virginia, United States",1,VA,CONUS_L0_003_008;CONUS_L1_011_029;CONUS_L1_011_030,3
2026-10-01,260078882,https://apply.starbucks.com/careers/job/481080964822,"shift supervisor - Store# 78648, W BROAD AND EMERYWOOD",SHIFT_SUPERVISOR,78648,W BROAD AND EMERYWOOD,7101 W Broad St,Henrico,VA,,US,,1790049600,2026-09-22,9,2026-10-01,1790171006,2026-09-23,8,False,37.6107756,-77.5204213,481080964822,id:260078882,store:78648,Shift Supervisor,onsite,"7101 W Broad St, Henrico, Virginia, United States",1,VA,CONUS_L0_003_008;CONUS_L1_011_029;CONUS_L1_011_030,3
2026-10-01,260058669,https://apply.starbucks.com/careers/job/481079907112,"barista - Store# 78648, W BROAD AND EMERYWOOD",BARISTA,78648,W BROAD AND EMERYWOOD,7101 W Broad St,Henrico,VA,,US,,1785124800,2026-07-27,66,2026-10-01,1785246178,2026-07-28,65,False,37.6107756,-77.5204213,481079907112,id:260058669,store:78648,Barista,onsite,"7101 W Broad St, Henrico, Virginia, United States",1,VA,CONUS_L0_003_008;CONUS_L1_011_029;CONUS_L1_011_030,3
2026-10-01,260079972,https://apply.starbucks.com/careers/job/481081029510,"barista - Store# 57624, WINTERFIELD CROSSING",BARISTA,57624,WINTERFIELD CROSSING,14319 Winterview Pkwy,Midlothian,VA,,US,,1790481600,2026-09-27,4,2026-10-01,1790603357,2026-09-28,3,False,37.50669,-77.66638,481081029510,id:260079972,store:57624,Barista,onsite,"14319 Winterview Pkwy, Midlothian, Virginia, United States",1,VA,CONUS_L0_003_008;CONUS_L1_011_029;CONUS_L1_011_030,3
2026-10-01,260078161,https://apply.starbucks.com/careers/job/481080923787,"shift supervisor - Store# 57624, WINTERFIELD CROSSING",SHIFT_SUPERVISOR,57624,WINTERFIELD CROSSING,14319 Winterview Pkwy,Midlothian,VA,,US,,1789790400,2026-09-19,12,2026-10-01,1789911791,2026-09-20,11,False,37.50669,-77.66638,481080923787,id:260078161,store:57624,Shift Supervisor,onsite,"14319 Winterview Pkwy, Midlothian, Virginia, United States",1,VA,CONUS_L0_003_008;CONUS_L1_011_029;CONUS_L1_011_030,3
2026-10-01,260060345,https://apply.starbucks.com/careers/job/481080125979,"shift supervisor - Store# 13550, PARHAM & STAPLES",SHIFT_SUPERVISOR,13550,PARHAM & STAPLES,8800 Staples Mill Road,Henrico,VA,,US,,1786420800,2026-08-11,51,2026-10-01,1786542324,2026-08-12,50,False,37.63238,-77.50933,481080125979,id:260060345,store:13550,Shift Supervisor,onsite,"8800 Staples Mill Road, Henrico, Virginia, United States",1,VA,CONUS_L0_003_008;CONUS_L1_011_029;CONUS_L1_011_030,3
2026-10-01,260060376,https://apply.starbucks.com/careers/job/481080126023,"barista - Store# 13550, PARHAM & STAPLES",BARISTA,13550,PARHAM & STAPLES,8800 Staples Mill Road,Henrico,VA,,US,,1786420800,2026-08-11,51,2026-10-01,1786542349,2026-08-12,50,False,37.63238,-77.50933,481080126023,id:260060376,store:13550,Barista,onsite,"8800 Staples Mill Road, Henrico, Virginia, United States",1,VA,CONUS_L0_003_008;CONUS_L1_011_029;CONUS_L1_011_030,3
2026-10-01,260077520,https://apply.starbucks.com/careers/job/481080891201,"barista - Store# 07919, VIRGINIA CENTER",BARISTA,07919,VIRGINIA CENTER,1091 Virginia Center Parkway,Glen Allen,VA,,US,,1789617600,2026-09-17,14,2026-10-01,1789739227,2026-09-18,13,False,37.66518140000001,-77.4600013,481080891201,id:260077520,store:07919,Barista,onsite,"1091 Virginia Center Parkway, Glen Allen, Virginia, United States",1,VA,CONUS_L0_003_008;CONUS_L1_011_029;CONUS_L1_011_030,3
2026-10-01,260069118,https://apply.starbucks.com/careers/job/481080710784,"shift supervisor - Store# 49563, REGENCY SQUARE MALL",SHIFT_SUPERVISOR,49563,REGENCY SQUARE MALL,8631 Quioccasin Rd,Henrico,VA,,US,,1788408000,2026-09-03,28,2026-10-01,1788530312,2026-09-04,27,False,37.6023108,-77.5664421,481080710784,id:260069118,store:49563,Shift Supervisor,onsite,"8631 Quioccasin Rd, Henrico, Virginia, United States",1,VA,CONUS_L0_003_008;CONUS_L1_011_029;CONUS_L1_011_030,3
2026-10-01,260058650,https://apply.starbucks.com/careers/job/481079907087,"barista - Store# 49563, REGENCY SQUARE MALL",BARISTA,49563,REGENCY SQUARE MALL,8631 Quioccasin Rd,Henrico,VA,,US,,1785124800,2026-07-27,66,2026-10-01,1785246163,2026-07-28,65,False,37.6023108,-77.5664421,481079907087,id:260058650,store:49563,Barista,onsite,"8631 Quioccasin Rd, Henrico, Virginia, United States",1,VA,CONUS_L0_003_008;CONUS_L1_011_029;CONUS_L1_011_030,3
2026-10-01,260064159,https://apply.starbucks.com/careers/job/481080612712,"shift supervisor - Store# 13674, WESTCHESTER COMMONS",SHIFT_SUPERVISOR,13674,WESTCHESTER COMMONS,"15605 WC Commons Way, Westchester Commons, Bldg 10",Midlothian,VA,,US,,1788062400,2026-08-30,32,2026-10-01,1788183582,2026-08-31,31,False,37.5135936,-77.6945222,481080612712,id:260064159,store:13674,Shift Supervisor,onsite,"15605 WC Commons Way, Westchester Commons, Bldg 10, Midlothian, Virginia, United States",1,VA,CONUS_L0_003_008;CONUS_L1_011_029;CONUS_L1_011_030,3
2026-10-01,260060611,https://apply.starbucks.com/careers/job/481080162926,"barista - Store# 13674, WESTCHESTER COMMONS",BARISTA,13674,WESTCHESTER COMMONS,"15605 WC Commons Way, Westchester Commons, Bldg 10",Midlothian,VA,,US,,1786593600,2026-08-13,49,2026-10-01,1786715131,2026-08-14,48,False,37.5135936,-77.6945222,481080162926,id:260060611,store:13674,Barista,onsite,"15605 WC Commons Way, Westchester Commons, Bldg 10, Midlothian, Virginia, United States",1,VA,CONUS_L0_003_008;CONUS_L1_011_029;CONUS_L1_011_030,3
2026-10-01,260057329,https://apply.starbucks.com/careers/job/481079587746,"barista - Store# 07293, GASKINS & GAYTON",BARISTA,07293,GASKINS & GAYTON,"1302-B Gaskins Rd, Space #22",Henrico,VA,,US,,1784347200,2026-07-18,75,2026-10-01,1784468468,2026-07-19,74,False,37.6043431,-77.5913969,481079587746,id:260057329,store:07293,Barista,onsite,"1302-B Gaskins Rd, Space #22, Henrico, Virginia, United States",1,VA,CONUS_L0_003_008;CONUS_L1_011_029;CONUS_L1_011_030,3
2026-10-01,260069794,https://apply.starbucks.com/careers/job/481080730691,"shift supervisor - Store# 58840, BROAD & TUCKERNUCK",SHIFT_SUPERVISOR,58840,BROAD & TUCKERNUCK,9002 W. Broad Street,Henrico,VA,,US,,1788580800,2026-09-05,26,2026-10-01,1788702384,2026-09-06,25,False,37.63596,-77.54753,481080730691,id:260069794,store:58840,Shift Supervisor,onsite,"9002 W. Broad Street, Henrico, Virginia, United States",1,VA,CONUS_L0_003_008;CONUS_L1_011_029;CONUS_L1_011_030,3
2026-10-01,260059289,https://apply.starbucks.com/careers/job/481079980605,"barista - Store# 58840, BROAD & TUCKERNUCK",BARISTA,58840,BROAD & TUCKERNUCK,9002 W. Broad Street,Henrico,VA,,US,,1785643200,2026-08-02,60,2026-10-01,1785753166,2026-08-03,59,False,37.63596,-77.54753,481079980605,id:260059289,store:58840,Barista,onsite,"9002 W. Broad Street, Henrico, Virginia, United States",1,VA,CONUS_L0_003_008;CONUS_L1_011_029;CONUS_L1_011_030,3
2026-10-01,260074307,https://apply.starbucks.com/careers/job/481080814171,"shift supervisor - Store# 07293, GASKINS & GAYTON",SHIFT_SUPERVISOR,07293,GASKINS & GAYTON,"1314 Gaskins Rd, Space #22",Henrico,VA,,US,,1789185600,2026-09-12,19,2026-10-01,1789307714,2026-09-13,18,False,37.6048052,-77.59132629999999,481080814171,id:260074307,store:07293,Shift Supervisor,onsite,"1314 Gaskins Rd, Space #22, Henrico, Virginia, United States",1,VA,CONUS_L0_003_008;CONUS_L1_011_029;CONUS_L1_011_030,3
2026-10-01,260079940,https://apply.starbucks.com/careers/job/481081029530,"shift supervisor - Store# 14272, GASKINS & MAYLAND",SHIFT_SUPERVISOR,14272,GASKINS & MAYLAND,3820A Gaskins RD,Henrico,VA,,US,,1790481600,2026-09-27,4,2026-10-01,1790603326,2026-09-28,3,False,37.64134,-77.571,481081029530,id:260079940,store:14272,Shift Supervisor,onsite,"3820A Gaskins RD, Henrico, Virginia, United States",1,VA,CONUS_L0_003_008;CONUS_L1_011_029;CONUS_L1_011_030,3
2026-10-01,260072330,https://apply.starbucks.com/careers/job/481080778518,"barista - Store# 14272, GASKINS & MAYLAND",BARISTA,14272,GASKINS & MAYLAND,3820A Gaskins RD,Henrico,VA,,US,,1788926400,2026-09-09,22,2026-10-01,1789048111,2026-09-10,21,False,37.64134,-77.571,481080778518,id:260072330,store:14272,Barista,onsite,"3820A Gaskins RD, Henrico, Virginia, United States",1,VA,CONUS_L0_003_008;CONUS_L1_011_029;CONUS_L1_011_030,3
2026-10-01,260078107,https://apply.starbucks.com/careers/job/481080923621,"shift supervisor - Store# 67824, WINDING BROOK & I-95",SHIFT_SUPERVISOR,67824,WINDING BROOK & I-95,10237 Lewistown Rd,Ashland,VA,,US,,1789790400,2026-09-19,12,2026-10-01,1789911746,2026-09-20,11,False,37.71964,-77.45162,481080923621,id:260078107,store:67824,Shift Supervisor,onsite,"10237 Lewistown Rd, Ashland, Virginia, United States",1,VA,CONUS_L0_003_008;CONUS_L1_011_029;CONUS_L1_011_030,3
2026-10-01,260070958,https://apply.starbucks.com/careers/job/481080742104,"barista - Store# 67824, WINDING BROOK & I-95",BARISTA,67824,WINDING BROOK & I-95,10237 Lewistown Rd,Ashland,VA,,US,,1788667200,2026-09-06,25,2026-10-01,1788788830,2026-09-07,24,False,37.71964,-77.45162,481080742104,id:260070958,store:67824,Barista,onsite,"10237 Lewistown Rd, Ashland, Virginia, United States",1,VA,CONUS_L0_003_008;CONUS_L1_011_029;CONUS_L1_011_030,3
2026-10-01,260053451,https://apply.starbucks.com/careers/job/481079320281,"barista - Store# 00738, DOMINION AND BROAD",BARISTA,00738,DOMINION AND BROAD,"4101 Dominion Blvd, 100",Glen Allen,VA,,US,,1783310400,2026-07-06,87,2026-10-01,1783432087,2026-07-07,86,False,37.6479276,-77.58580669999999,481079320281,id:260053451,store:00738,Barista,onsite,"4101 Dominion Blvd, 100, Glen Allen, Virginia, United States",1,VA,CONUS_L0_003_008;CONUS_L1_011_029;CONUS_L1_011_030,3
2026-10-01,260072600,https://apply.starbucks.com/careers/job/481080795999,"shift supervisor - Store# 00738, DOMINION AND BROAD",SHIFT_SUPERVISOR,00738,DOMINION AND BROAD,"4101 Dominion Blvd, 100",Glen Allen,VA,,US,,1789012800,2026-09-10,21,2026-10-01,1789135189,2026-09-11,20,False,37.6479276,-77.58580669999999,481080795999,id:260072600,store:00738,Shift Supervisor,onsite,"4101 Dominion Blvd, 100, Glen Allen, Virginia, United States",1,VA,CONUS_L0_003_008;CONUS_L1_011_029;CONUS_L1_011_030,3
2026-10-01,260064546,https://apply.starbucks.com/careers/job/481080613911,"shift supervisor - Store# 13774, WEST BROAD ST & HAGEN DR",SHIFT_SUPERVISOR,13774,WEST BROAD ST & HAGEN DR,"11716 West Broad Street, Short Pump Town Center",Henrico,VA,,US,,1788062400,2026-08-30,32,2026-10-01,1788183903,2026-08-31,31,False,37.65335,-77.61658,481080613911,id:260064546,store:13774,Shift Supervisor,onsite,"11716 West Broad Street, Short Pump Town Center, Henrico, Virginia, United States",1,VA,CONUS_L0_003_008;CONUS_L1_011_029;CONUS_L1_011_030,3
2026-10-01,260070794,https://apply.starbucks.com/careers/job/481080741967,"barista - Store# 13774, WEST BROAD ST & HAGEN DR",BARISTA,13774,WEST BROAD ST & HAGEN DR,"11716 West Broad Street, Short Pump Town Center",Henrico,VA,,US,,1788667200,2026-09-06,25,2026-10-01,1788788698,2026-09-07,24,False,37.65335,-77.61658,481080741967,id:260070794,store:13774,Barista,onsite,"11716 West Broad Street, Short Pump Town Center, Henrico, Virginia, United States",1,VA,CONUS_L0_003_008;CONUS_L1_011_029;CONUS_L1_011_030,3
2026-10-01,260056442,https://apply.starbucks.com/careers/job/481079498672,"barista - Store# 09315, WEST BROAD & LAUDERDALE",BARISTA,09315,WEST BROAD & LAUDERDALE,11735 W Broad St,Henrico,VA,,US,,1784001600,2026-07-14,79,2026-10-01,1784123196,2026-07-15,78,False,37.6534088,-77.6165619,481079498672,id:260056442,store:09315,Barista,onsite,"11735 W Broad St, Henrico, Virginia, United States",1,VA,CONUS_L0_003_008;CONUS_L1_011_029;CONUS_L1_011_030,3
2026-10-01,260063804,https://apply.starbucks.com/careers/job/481080567707,"shift supervisor - Store# 09315, WEST BROAD & LAUDERDALE",SHIFT_SUPERVISOR,09315,WEST BROAD & LAUDERDALE,11735 W Broad St,Henrico,VA,,US,,1787803200,2026-08-27,35,2026-10-01,1787925215,2026-08-28,34,False,37.6534088,-77.6165619,481080567707,id:260063804,store:09315,Shift Supervisor,onsite,"11735 W Broad St, Henrico, Virginia, United States",1,VA,CONUS_L0_003_008;CONUS_L1_011_029;CONUS_L1_011_030,3
2026-10-01,260070593,https://apply.starbucks.com/careers/job/481080741677,"shift supervisor - Store# 69144, 2113 ANDERSON HIGHWAY - POWHATAN",SHIFT_SUPERVISOR,69144,2113 ANDERSON HIGHWAY - POWHATAN,2113 Anderson Hwy,Powhatan,VA,,US,,1788667200,2026-09-06,25,2026-10-01,1788788540,2026-09-07,24,False,37.5137929,-77.7917281,481080741677,id:260070593,store:69144,Shift Supervisor,onsite,"2113 Anderson Hwy, Powhatan, Virginia, United States",1,VA,CONUS_L0_003_008;CONUS_L1_011_029;CONUS_L1_011_030,3
2026-10-01,260074164,https://apply.starbucks.com/careers/job/481080813937,"barista - Store# 69144, 2113 ANDERSON HIGHWAY - POWHATAN",BARISTA,69144,2113 ANDERSON HIGHWAY - POWHATAN,2113 Anderson Hwy,Powhatan,VA,,US,,1789185600,2026-09-12,19,2026-10-01,1789307580,2026-09-13,18,False,37.5137929,-77.7917281,481080813937,id:260074164,store:69144,Barista,onsite,"2113 Anderson Hwy, Powhatan, Virginia, United States",1,VA,CONUS_L0_003_008;CONUS_L1_011_029;CONUS_L1_011_030,3
2026-10-01,260075791,https://apply.starbucks.com/careers/job/481080840601,"shift supervisor - Store# 07847, SHORT PUMP MALL",SHIFT_SUPERVISOR,07847,SHORT PUMP MALL,"11800 W Broad St, Ste 1120",Henrico,VA,,US,,1789358400,2026-09-14,17,2026-10-01,1789480047,2026-09-15,16,False,37.656208,-77.61922799999999,481080840601,id:260075791,store:07847,Shift Supervisor,onsite,"11800 W Broad St, Ste 1120, Henrico, Virginia, United States",1,VA,CONUS_L0_003_008;CONUS_L1_011_029;CONUS_L1_011_030,3
2026-10-01,260080522,https://apply.starbucks.com/careers/job/481081091639,"barista - Store# 07847, SHORT PUMP MALL",BARISTA,07847,SHORT PUMP MALL,"11800 W Broad St, Ste 1120",Henrico,VA,,US,,1790740800,2026-09-30,1,2026-10-01,1790836017,2026-10-01,0,False,37.656208,-77.61922799999999,481081091639,id:260080522,store:07847,Barista,onsite,"11800 W Broad St, Ste 1120, Henrico, Virginia, United States",1,VA,CONUS_L0_003_008;CONUS_L1_011_029;CONUS_L1_011_030,3
2026-10-01,260069375,https://apply.starbucks.com/careers/job/481080730198,"barista - Store# 09377, TWIN HICKORY",BARISTA,09377,TWIN HICKORY,"11332 Nuckols Rd, Suite A",Glen Allen,VA,,US,,1788580800,2026-09-05,26,2026-10-01,1788702053,2026-09-06,25,False,37.6826403,-77.5885758,481080730198,id:260069375,store:09377,Barista,onsite,"11332 Nuckols Rd, Suite A, Glen Allen, Virginia, United States",1,VA,CONUS_L0_003_008;CONUS_L1_011_029;CONUS_L1_011_030,3
2026-10-01,260063691,https://apply.starbucks.com/careers/job/481080567556,"shift supervisor - Store# 09377, TWIN HICKORY",SHIFT_SUPERVISOR,09377,TWIN HICKORY,"11332 Nuckols Rd, Suite A",Glen Allen,VA,,US,,1787803200,2026-08-27,35,2026-10-01,1787925124,2026-08-28,34,False,37.6826403,-77.5885758,481080567556,id:260063691,store:09377,Shift Supervisor,onsite,"11332 Nuckols Rd, Suite A, Glen Allen, Virginia, United States",1,VA,CONUS_L0_003_008;CONUS_L1_011_029;CONUS_L1_011_030,3
2026-10-01,260069331,https://apply.starbucks.com/careers/job/481080730153,"barista - Store# 10847, ASHLAND HANOVER",BARISTA,10847,ASHLAND HANOVER,"704 England St, Ahsland Hanover",Ashland,VA,,US,,1788580800,2026-09-05,26,2026-10-01,1788702018,2026-09-06,25,False,37.7589526,-77.4699418,481080730153,id:260069331,store:10847,Barista,onsite,"704 England St, Ahsland Hanover, Ashland, Virginia, United States",1,VA,CONUS_L0_003_008;CONUS_L1_011_029;CONUS_L1_011_030,3
2026-10-01,260066304,https://apply.starbucks.com/careers/job/481080679243,"shift supervisor - Store# 10847, ASHLAND HANOVER",SHIFT_SUPERVISOR,10847,ASHLAND HANOVER,"704 England St, Ahsland Hanover",Ashland,VA,,US,,1788321600,2026-09-02,29,2026-10-01,1788357857,2026-09-02,29,False,37.7589526,-77.4699418,481080679243,id:260066304,store:10847,Shift Supervisor,onsite,"704 England St, Ahsland Hanover, Ashland, Virginia, United States",1,VA,CONUS_L0_003_008;CONUS_L1_011_029;CONUS_L1_011_030,3
2026-10-01,260054350,https://apply.starbucks.com/careers/job/481079405315,"shift supervisor - Store# 28852, WEST BROAD & VINERY",SHIFT_SUPERVISOR,28852,WEST BROAD & VINERY,"12241 W Broad Street, Unit E",Henrico,VA,,US,,1783569600,2026-07-09,84,2026-10-01,1783691280,2026-07-10,83,False,37.6596473,-77.6375486,481079405315,id:260054350,store:28852,Shift Supervisor,onsite,"12241 W Broad Street, Unit E, Henrico, Virginia, United States",1,VA,CONUS_L0_003_008;CONUS_L1_011_029;CONUS_L1_011_030,3
2026-10-01,260055930,https://apply.starbucks.com/careers/job/481079473269,"barista - Store# 28852, WEST BROAD & VINERY",BARISTA,28852,WEST BROAD & VINERY,"12241 W Broad Street, Unit E",Henrico,VA,,US,,1783915200,2026-07-13,80,2026-10-01,1784037143,2026-07-14,79,False,37.6596473,-77.6375486,481079473269,id:260055930,store:28852,Barista,onsite,"12241 W Broad Street, Unit E, Henrico, Virginia, United States",1,VA,CONUS_L0_003_008;CONUS_L1_011_029;CONUS_L1_011_030,3
2026-10-01,260078445,https://apply.starbucks.com/careers/job/481080936380,"barista - Store# 61778, 2003 S. MAIN STREET, FARMVILLE",BARISTA,61778,"2003 S. MAIN STREET, FARMVILLE",2003 S. Main Street,Farmville,VA,,US,,1789876800,2026-09-20,11,2026-10-01,1789998276,2026-09-21,10,False,37.27458,-78.40149,481080936380,id:260078445,store:61778,Barista,onsite,"2003 S. Main Street, Farmville, Virginia, United States",1,VA,CONUS_L0_003_008;CONUS_L1_011_029,2
2026-10-01,260069476,https://apply.starbucks.com/careers/job/481080730316,"shift supervisor - Store# 61778, 2003 S. MAIN STREET, FARMVILLE",SHIFT_SUPERVISOR,61778,"2003 S. MAIN STREET, FARMVILLE",2003 S. Main Street,Farmville,VA,,US,,1788580800,2026-09-05,26,2026-10-01,1788702131,2026-09-06,25,False,37.27458,-78.40149,481080730316,id:260069476,store:61778,Shift Supervisor,onsite,"2003 S. Main Street, Farmville, Virginia, United States",1,VA,CONUS_L0_003_008;CONUS_L1_011_029,2
2026-10-01,260053449,https://apply.starbucks.com/careers/job/481079320287,"shift supervisor - Store# 29462, I-95 & MUDD TAVERN RD, THORNBURG",SHIFT_SUPERVISOR,29462,"I-95 & MUDD TAVERN RD, THORNBURG",5210 Mudd Tavern Rd,Woodford,VA,,US,,1783310400,2026-07-06,87,2026-10-01,1783432086,2026-07-07,86,False,38.131985,-77.5153093,481079320287,id:260053449,store:29462,Shift Supervisor,onsite,"5210 Mudd Tavern Rd, Woodford, Virginia, United States",1,VA,CONUS_L0_003_008;CONUS_L1_011_030;CONUS_L1_012_030,3
2026-10-01,260057214,https://apply.starbucks.com/careers/job/481079587569,"barista - Store# 29462, I-95 & MUDD TAVERN RD, THORNBURG",BARISTA,29462,"I-95 & MUDD TAVERN RD, THORNBURG",5210 Mudd Tavern Rd,Woodford,VA,,US,,1784347200,2026-07-18,75,2026-10-01,1784468379,2026-07-19,74,False,38.131985,-77.5153093,481079587569,id:260057214,store:29462,Barista,onsite,"5210 Mudd Tavern Rd, Woodford, Virginia, United States",1,VA,CONUS_L0_003_008;CONUS_L1_011_030;CONUS_L1_012_030,3
2026-10-01,260068593,https://apply.starbucks.com/careers/job/481080709761,"shift supervisor - Store# 26976, KING GEORGE",SHIFT_SUPERVISOR,26976,KING GEORGE,"16446 Consumer Row, Western End, Bldg E",King George,VA,,US,,1788408000,2026-09-03,28,2026-10-01,1788529870,2026-09-04,27,False,38.3503921,-77.0543588,481080709761,id:260068593,store:26976,Shift Supervisor,onsite,"16446 Consumer Row, Western End, Bldg E, King George, Virginia, United States",1,VA,CONUS_L0_003_008;CONUS_L1_011_030;CONUS_L1_012_030,3
2026-10-01,260059938,https://apply.starbucks.com/careers/job/481080079134,"barista - Store# 26976, KING GEORGE",BARISTA,26976,KING GEORGE,"16446 Consumer Row, Western End, Bldg E",King George,VA,,US,,1786161600,2026-08-08,54,2026-10-01,1786283224,2026-08-09,53,False,38.3503921,-77.0543588,481080079134,id:260059938,store:26976,Barista,onsite,"16446 Consumer Row, Western End, Bldg E, King George, Virginia, United States",1,VA,CONUS_L0_003_008;CONUS_L1_011_030;CONUS_L1_012_030,3
2026-10-01,260074712,https://apply.starbucks.com/careers/job/481080820433,"shift supervisor - Store# 56104, RT 1 N, COSNER'S CORNER",SHIFT_SUPERVISOR,56104,"RT 1 N, COSNER'S CORNER",9629 Jefferson Davis Highway,Fredericksburg,VA,,US,,1789272000,2026-09-13,18,2026-10-01,1789394297,2026-09-14,17,False,38.22043,-77.50677,481080820433,id:260074712,store:56104,Shift Supervisor,onsite,"9629 Jefferson Davis Highway, Fredericksburg, Virginia, United States",1,VA,CONUS_L0_003_008;CONUS_L1_011_030;CONUS_L1_012_030,3
2026-10-01,260070524,https://apply.starbucks.com/careers/job/481080741584,"barista - Store# 56104, RT 1 N, COSNER'S CORNER",BARISTA,56104,"RT 1 N, COSNER'S CORNER",9629 Jefferson Davis Highway,Fredericksburg,VA,,US,,1788667200,2026-09-06,25,2026-10-01,1788788487,2026-09-07,24,False,38.22043,-77.50677,481080741584,id:260070524,store:56104,Barista,onsite,"9629 Jefferson Davis Highway, Fredericksburg, Virginia, United States",1,VA,CONUS_L0_003_008;CONUS_L1_011_030;CONUS_L1_012_030,3
2026-10-01,260078736,https://apply.starbucks.com/careers/job/481080949780,"barista - Store# 69264, 10821 TIDEWATER TRAIL",BARISTA,69264,10821 TIDEWATER TRAIL,10821 tidewater trail,Fredericksburg,VA,,US,,1789963200,2026-09-21,10,2026-10-01,1790084502,2026-09-22,9,False,38.25583,-77.42824,481080949780,id:260078736,store:69264,Barista,onsite,"10821 tidewater trail, Fredericksburg, Virginia, United States",1,VA,CONUS_L0_003_008;CONUS_L1_011_030;CONUS_L1_012_030,3
2026-10-01,260070977,https://apply.starbucks.com/careers/job/481080742210,"shift supervisor - Store# 69264, 10821 TIDEWATER TRAIL",SHIFT_SUPERVISOR,69264,10821 TIDEWATER TRAIL,10821 tidewater trail,Fredericksburg,VA,,US,,1788667200,2026-09-06,25,2026-10-01,1788788845,2026-09-07,24,False,38.25583,-77.42824,481080742210,id:260070977,store:69264,Shift Supervisor,onsite,"10821 tidewater trail, Fredericksburg, Virginia, United States",1,VA,CONUS_L0_003_008;CONUS_L1_011_030;CONUS_L1_012_030,3
2026-10-01,260057993,https://apply.starbucks.com/careers/job/481079710386,"barista - Store# 02982, I-95 & ROUTE 1, FREDERICKSBURG",BARISTA,02982,"I-95 & ROUTE 1, FREDERICKSBURG","9907 Southpoint Parkway, The Shoppes at Fredericksburg Marketplac",Fredericksburg,VA,,US,,1784779200,2026-07-23,70,2026-10-01,1784900744,2026-07-24,69,False,38.23282,-77.50436,481079710386,id:260057993,store:02982,Barista,onsite,"9907 Southpoint Parkway, The Shoppes at Fredericksburg Marketplac, Fredericksburg, Virginia, United States",1,VA,CONUS_L0_003_008;CONUS_L1_011_030;CONUS_L1_012_030,3
2026-10-01,260065826,https://apply.starbucks.com/careers/job/481080678381,"shift supervisor - Store# 64841, 10693 COURTHOUSE RD, BREEZEWOOD SC",SHIFT_SUPERVISOR,64841,"10693 COURTHOUSE RD, BREEZEWOOD SC",10693 Courthouse Road,Fredericksburg,VA,,US,,1788321600,2026-09-02,29,2026-10-01,1788357430,2026-09-02,29,False,38.24641,-77.51512,481080678381,id:260065826,store:64841,Shift Supervisor,onsite,"10693 Courthouse Road, Fredericksburg, Virginia, United States",1,VA,CONUS_L0_003_008;CONUS_L1_011_030;CONUS_L1_012_030,3
2026-10-01,260078657,https://apply.starbucks.com/careers/job/481080949591,"barista - Store# 64841, 10693 COURTHOUSE RD, BREEZEWOOD SC",BARISTA,64841,"10693 COURTHOUSE RD, BREEZEWOOD SC",10693 Courthouse Road,Fredericksburg,VA,,US,,1789963200,2026-09-21,10,2026-10-01,1790084432,2026-09-22,9,False,38.24641,-77.51512,481080949591,id:260078657,store:64841,Barista,onsite,"10693 Courthouse Road, Fredericksburg, Virginia, United States",1,VA,CONUS_L0_003_008;CONUS_L1_011_030;CONUS_L1_012_030,3
2026-10-01,260067923,https://apply.starbucks.com/careers/job/481080699729,"shift supervisor - Store# 24478, COWAN CROSSING",SHIFT_SUPERVISOR,24478,COWAN CROSSING,1609 Jefferson Davis Highway,Fredericksburg,VA,,US,,1788321600,2026-09-02,29,2026-10-01,1788456752,2026-09-03,28,False,38.29917,-77.48392,481080699729,id:260067923,store:24478,Shift Supervisor,onsite,"1609 Jefferson Davis Highway, Fredericksburg, Virginia, United States",1,VA,CONUS_L0_003_008;CONUS_L1_011_030;CONUS_L1_012_030,3
2026-10-01,260056225,https://apply.starbucks.com/careers/job/481079497868,"barista - Store# 24478, COWAN CROSSING",BARISTA,24478,COWAN CROSSING,1609 Jefferson Davis Highway,Fredericksburg,VA,,US,,1784001600,2026-07-14,79,2026-10-01,1784123034,2026-07-15,78,False,38.29917,-77.48392,481079497868,id:260056225,store:24478,Barista,onsite,"1609 Jefferson Davis Highway, Fredericksburg, Virginia, United States",1,VA,CONUS_L0_003_008;CONUS_L1_011_030;CONUS_L1_012_030,3
2026-10-01,260069510,https://apply.starbucks.com/careers/job/481080730378,"barista - Store# 09677, WESTWOOD S.C.",BARISTA,09677,WESTWOOD S.C.,"2001 Plank Rd, Westwood S.C.",Fredericksburg,VA,,US,,1788580800,2026-09-05,26,2026-10-01,1788702158,2026-09-06,25,False,38.2959553,-77.4929071,481080730378,id:260069510,store:09677,Barista,onsite,"2001 Plank Rd, Westwood S.C., Fredericksburg, Virginia, United States",1,VA,CONUS_L0_003_008;CONUS_L1_011_030;CONUS_L1_012_030,3
2026-10-01,260074437,https://apply.starbucks.com/careers/job/481080820027,"barista - Store# 07265, 3406 PLANK RD",BARISTA,07265,3406 PLANK RD,"3406 Plank Rd, A",Fredericksburg,VA,,US,,1789272000,2026-09-13,18,2026-10-01,1789394059,2026-09-14,17,False,38.293808,-77.518265,481080820027,id:260074437,store:07265,Barista,onsite,"3406 Plank Rd, A, Fredericksburg, Virginia, United States",1,VA,CONUS_L0_003_008;CONUS_L1_011_030;CONUS_L1_012_030,3
2026-10-01,260077625,https://apply.starbucks.com/careers/job/481080891314,"shift supervisor - Store# 07265, 3406 PLANK RD",SHIFT_SUPERVISOR,07265,3406 PLANK RD,"3406 Plank Rd, A",Fredericksburg,VA,,US,,1789617600,2026-09-17,14,2026-10-01,1789739317,2026-09-18,13,False,38.293808,-77.518265,481080891314,id:260077625,store:07265,Shift Supervisor,onsite,"3406 Plank Rd, A, Fredericksburg, Virginia, United States",1,VA,CONUS_L0_003_008;CONUS_L1_011_030;CONUS_L1_012_030,3
2026-10-01,260060050,https://apply.starbucks.com/careers/job/481080079307,"barista - Store# 02803, CENTRAL PARK, FREDERICKSBURG",BARISTA,02803,"CENTRAL PARK, FREDERICKSBURG",1699 Carl D Silver Pkwy,Fredericksburg,VA,,US,,1786161600,2026-08-08,54,2026-10-01,1786283311,2026-08-09,53,False,38.3050773,-77.50869089999999,481080079307,id:260060050,store:02803,Barista,onsite,"1699 Carl D Silver Pkwy, Fredericksburg, Virginia, United States",1,VA,CONUS_L0_003_008;CONUS_L1_011_030;CONUS_L1_012_030,3
2026-10-01,260075027,https://apply.starbucks.com/careers/job/481080821008,"shift supervisor - Store# 02803, CENTRAL PARK, FREDERICKSBURG",SHIFT_SUPERVISOR,02803,"CENTRAL PARK, FREDERICKSBURG",1699 Carl D Silver Pkwy,Fredericksburg,VA,,US,,1789272000,2026-09-13,18,2026-10-01,1789394578,2026-09-14,17,False,38.3050773,-77.50869089999999,481080821008,id:260075027,store:02803,Shift Supervisor,onsite,"1699 Carl D Silver Pkwy, Fredericksburg, Virginia, United States",1,VA,CONUS_L0_003_008;CONUS_L1_011_030;CONUS_L1_012_030,3
2026-10-01,260068937,https://apply.starbucks.com/careers/job/481080710286,"barista - Store# 10621, HARRISON CROSSING",BARISTA,10621,HARRISON CROSSING,"5811 Plank Rd, Harrison Crossing",Fredericksburg,VA,,US,,1788408000,2026-09-03,28,2026-10-01,1788530161,2026-09-04,27,False,38.2921966,-77.56966609999999,481080710286,id:260068937,store:10621,Barista,onsite,"5811 Plank Rd, Harrison Crossing, Fredericksburg, Virginia, United States",1,VA,CONUS_L0_003_008;CONUS_L1_011_030;CONUS_L1_012_030,3
2026-10-01,260067654,https://apply.starbucks.com/careers/job/481080699451,"shift supervisor - Store# 10621, HARRISON CROSSING",SHIFT_SUPERVISOR,10621,HARRISON CROSSING,"5811 Plank Rd, Harrison Crossing",Fredericksburg,VA,,US,,1788321600,2026-09-02,29,2026-10-01,1788456500,2026-09-03,28,False,38.2921966,-77.56966609999999,481080699451,id:260067654,store:10621,Shift Supervisor,onsite,"5811 Plank Rd, Harrison Crossing, Fredericksburg, Virginia, United States",1,VA,CONUS_L0_003_008;CONUS_L1_011_030;CONUS_L1_012_030,3
2026-10-01,260071321,https://apply.starbucks.com/careers/job/481080742681,"shift supervisor - Store# 67477, OLD HALIFAX RD - SOUTH BOSTON",SHIFT_SUPERVISOR,67477,OLD HALIFAX RD - SOUTH BOSTON,3616 Old Halifax Rd,South Boston,VA,,US,,1788667200,2026-09-06,25,2026-10-01,1788789124,2026-09-07,24,False,36.73465,-78.91597,481080742681,id:260071321,store:67477,Shift Supervisor,onsite,"3616 Old Halifax Rd, South Boston, Virginia, United States",1,VA,CONUS_L0_003_008;CONUS_L1_010_029,2
2026-10-01,260075690,https://apply.starbucks.com/careers/job/481080840406,"barista - Store# 67477, OLD HALIFAX RD - SOUTH BOSTON",BARISTA,67477,OLD HALIFAX RD - SOUTH BOSTON,3616 Old Halifax Rd,South Boston,VA,,US,,1789358400,2026-09-14,17,2026-10-01,1789479958,2026-09-15,16,False,36.73465,-78.91597,481080840406,id:260075690,store:67477,Barista,onsite,"3616 Old Halifax Rd, South Boston, Virginia, United States",1,VA,CONUS_L0_003_008;CONUS_L1_010_029,2
2026-10-01,260080456,https://apply.starbucks.com/careers/job/481081085135,construction manager - North Atlantic & NY Metro,NON_RETAIL,,,,,VA,,US,,1790795205,2026-09-30,1,2026-10-01,1790794653,2026-09-30,1,False,37.4315734,-78.6568942,481081085135,id:260080456,,Construction,onsite,"Virginia, United States",7,DE;MD;NJ;NY;PA;VA;WV,CONUS_L0_003_008;CONUS_L1_011_029;CONUS_L1_012_028;CONUS_L1_012_030;CONUS_L1_012_031;CONUS_L1_012_032;CONUS_L1_013_031;CONUS_L1_013_032;CONUS_L1_014_032,9
2026-10-01,260068868,https://apply.starbucks.com/careers/job/481080710253,"shift supervisor - Store# 23175, FREDERICKSBURG, WARRENTON ROAD",SHIFT_SUPERVISOR,23175,"FREDERICKSBURG, WARRENTON ROAD",821 Warrenton Rd,Fredericksburg,VA,,US,,1788408000,2026-09-03,28,2026-10-01,1788530103,2026-09-04,27,False,38.3546953,-77.5113302,481080710253,id:260068868,store:23175,Shift Supervisor,onsite,"821 Warrenton Rd, Fredericksburg, Virginia, United States",1,VA,CONUS_L0_003_008;CONUS_L1_011_030;CONUS_L1_012_030,3
2026-10-01,260080359,https://apply.starbucks.com/careers/job/481081059245,"barista - Store# 23175, FREDERICKSBURG, WARRENTON ROAD",BARISTA,23175,"FREDERICKSBURG, WARRENTON ROAD",821 Warrenton Rd,Fredericksburg,VA,,US,,1790568000,2026-09-28,3,2026-10-01,1790689757,2026-09-29,2,False,38.3546953,-77.5113302,481081059245,id:260080359,store:23175,Barista,onsite,"821 Warrenton Rd, Fredericksburg, Virginia, United States",1,VA,CONUS_L0_003_008;CONUS_L1_011_030;CONUS_L1_012_030,3
2026-10-01,260059774,https://apply.starbucks.com/careers/job/481080055688,"barista - Store# 60640, I-95N & COURTHOUSE, BURNS CORNER",BARISTA,60640,"I-95N & COURTHOUSE, BURNS CORNER",910 Fidelity Ln,Stafford,VA,,US,,1785988800,2026-08-06,56,2026-10-01,1786110326,2026-08-07,55,False,38.41806,-77.41808,481080055688,id:260059774,store:60640,Barista,onsite,"910 Fidelity Ln, Stafford, Virginia, United States",1,VA,CONUS_L0_003_008;CONUS_L1_011_030;CONUS_L1_012_030,3
2026-10-01,260062089,https://apply.starbucks.com/careers/job/481080429978,"shift supervisor - Store# 67827, EMBREY MILL TOWN CENTER",SHIFT_SUPERVISOR,67827,EMBREY MILL TOWN CENTER,"830 Wonder Road, 100",Stafford,VA,,US,,1787457600,2026-08-23,39,2026-10-01,1787579399,2026-08-24,38,False,38.42352,-77.42971,481080429978,id:260062089,store:67827,Shift Supervisor,onsite,"830 Wonder Road, 100, Stafford, Virginia, United States",1,VA,CONUS_L0_003_008;CONUS_L1_011_030;CONUS_L1_012_030,3
2026-10-01,260062816,https://apply.starbucks.com/careers/job/481080495368,"shift supervisor - Store# 64969, I-64 & ROUTE 15, ZION CROSSROADS",SHIFT_SUPERVISOR,64969,"I-64 & ROUTE 15, ZION CROSSROADS",95 Wood Ridge Terrace,Gordonsville,VA,,US,,1787630400,2026-08-25,37,2026-10-01,1787752521,2026-08-26,36,False,37.97972,-78.2123,481080495368,id:260062816,store:64969,Shift Supervisor,onsite,"95 Wood Ridge Terrace, Gordonsville, Virginia, United States",1,VA,CONUS_L0_003_008;CONUS_L1_011_029,2
2026-10-01,260078695,https://apply.starbucks.com/careers/job/481080949672,"barista - Store# 64969, I-64 & ROUTE 15, ZION CROSSROADS",BARISTA,64969,"I-64 & ROUTE 15, ZION CROSSROADS",95 Wood Ridge Terrace,Gordonsville,VA,,US,,1789963200,2026-09-21,10,2026-10-01,1790084466,2026-09-22,9,False,37.97972,-78.2123,481080949672,id:260078695,store:64969,Barista,onsite,"95 Wood Ridge Terrace, Gordonsville, Virginia, United States",1,VA,CONUS_L0_003_008;CONUS_L1_011_029,2
2026-10-01,260078356,https://apply.starbucks.com/careers/job/481080936222,"shift supervisor - Store# 66300, AQUIA TOWN CENTER, I-95 & RT 1",SHIFT_SUPERVISOR,66300,"AQUIA TOWN CENTER, I-95 & RT 1",323 Town Center Blvd,Stafford,VA,,US,,1789876800,2026-09-20,11,2026-10-01,1789998202,2026-09-21,10,False,38.46144,-77.4051887,481080936222,id:260078356,store:66300,Shift Supervisor,onsite,"323 Town Center Blvd, Stafford, Virginia, United States",1,VA,CONUS_L0_003_008;CONUS_L1_012_030,2
2026-10-01,260078450,https://apply.starbucks.com/careers/job/481080936377,"barista - Store# 66300, AQUIA TOWN CENTER, I-95 & RT 1",BARISTA,66300,"AQUIA TOWN CENTER, I-95 & RT 1",323 Town Center Blvd,Stafford,VA,,US,,1789876800,2026-09-20,11,2026-10-01,1789998281,2026-09-21,10,False,38.46144,-77.4051887,481080936377,id:260078450,store:66300,Barista,onsite,"323 Town Center Blvd, Stafford, Virginia, United States",1,VA,CONUS_L0_003_008;CONUS_L1_012_030,2
2026-10-01,260056538,https://apply.starbucks.com/careers/job/481079498514,"barista - Store# 07918, STAFFORD MARKETPLACE GARRISONVILLE",BARISTA,07918,STAFFORD MARKETPLACE GARRISONVILLE,"1025 Stafford Market Pl, Suite 117",Stafford,VA,,US,,1784001600,2026-07-14,79,2026-10-01,1784123265,2026-07-15,78,False,38.4685746,-77.4097146,481079498514,id:260056538,store:07918,Barista,onsite,"1025 Stafford Market Pl, Suite 117, Stafford, Virginia, United States",1,VA,CONUS_L0_003_008;CONUS_L1_012_030,2
2026-10-01,260055528,https://apply.starbucks.com/careers/job/481079454075,"shift supervisor - Store# 07918, STAFFORD MARKETPLACE GARRISONVILLE",SHIFT_SUPERVISOR,07918,STAFFORD MARKETPLACE GARRISONVILLE,"1025 Stafford Market Pl, Suite 117",Stafford,VA,,US,,1783828800,2026-07-12,81,2026-10-01,1783950663,2026-07-13,80,False,38.4685746,-77.4097146,481079454075,id:260055528,store:07918,Shift Supervisor,onsite,"1025 Stafford Market Pl, Suite 117, Stafford, Virginia, United States",1,VA,CONUS_L0_003_008;CONUS_L1_012_030,2
2026-10-01,260055892,https://apply.starbucks.com/careers/job/481079473206,"shift supervisor - Store# 79928, GERMANNA HEIGHTS",SHIFT_SUPERVISOR,79928,GERMANNA HEIGHTS,"2222 A and K Blvd, A",Locust Grove,VA,,US,,1783915200,2026-07-13,80,2026-10-01,1784037110,2026-07-14,79,False,38.36929,-77.76762,481079473206,id:260055892,store:79928,Shift Supervisor,onsite,"2222 A and K Blvd, A, Locust Grove, Virginia, United States",1,VA,CONUS_L0_003_008;CONUS_L1_012_030,2
2026-10-01,260079637,https://apply.starbucks.com/careers/job/481081018663,"barista - Store# 79928, GERMANNA HEIGHTS",BARISTA,79928,GERMANNA HEIGHTS,"2222 A and K Blvd, A",Locust Grove,VA,,US,,1790395200,2026-09-26,5,2026-10-01,1790516361,2026-09-27,4,False,38.36929,-77.76762,481081018663,id:260079637,store:79928,Barista,onsite,"2222 A and K Blvd, A, Locust Grove, Virginia, United States",1,VA,CONUS_L0_003_008;CONUS_L1_012_030,2
2026-10-01,260078243,https://apply.starbucks.com/careers/job/481080923982,"shift supervisor - Store# 07965, DUMFRIES RD FORTUNA PLAZA",SHIFT_SUPERVISOR,07965,DUMFRIES RD FORTUNA PLAZA,"4380 Fortuna Center Plaza, Fortuna Village Center",Dumfries,VA,,US,,1789790400,2026-09-19,12,2026-10-01,1789911862,2026-09-20,11,False,38.59744,-77.33483,481080923982,id:260078243,store:07965,Shift Supervisor,onsite,"4380 Fortuna Center Plaza, Fortuna Village Center, Dumfries, Virginia, United States",1,VA,CONUS_L0_003_008;CONUS_L1_012_030,2
2026-10-01,260076453,https://apply.starbucks.com/careers/job/481080861926,"barista - Store# 07965, DUMFRIES RD FORTUNA PLAZA",BARISTA,07965,DUMFRIES RD FORTUNA PLAZA,"4380 Fortuna Center Plaza, Fortuna Village Center",Dumfries,VA,,US,,1789444800,2026-09-15,16,2026-10-01,1789566882,2026-09-16,15,False,38.59744,-77.33483,481080861926,id:260076453,store:07965,Barista,onsite,"4380 Fortuna Center Plaza, Fortuna Village Center, Dumfries, Virginia, United States",1,VA,CONUS_L0_003_008;CONUS_L1_012_030,2
2026-10-01,260059166,https://apply.starbucks.com/careers/job/481079980469,"barista - Store# 17294, STONEBRIDGE",BARISTA,17294,STONEBRIDGE,"15100 Potomac Town Place, Potomac Town Center, 120",Woodbridge,VA,,US,,1785643200,2026-08-02,60,2026-10-01,1785753064,2026-08-03,59,False,38.628094,-77.2879028,481079980469,id:260059166,store:17294,Barista,onsite,"15100 Potomac Town Place, Potomac Town Center, 120, Woodbridge, Virginia, United States",1,VA,CONUS_L0_003_008;CONUS_L1_012_030,2
2026-10-01,260063508,https://apply.starbucks.com/careers/job/481080567007,"shift supervisor - Store# 08773, PARKWAY CROSSINGS EAST",SHIFT_SUPERVISOR,08773,PARKWAY CROSSINGS EAST,2447 Prince William Pkwy,Woodbridge,VA,,US,,1787803200,2026-08-27,35,2026-10-01,1787924978,2026-08-28,34,False,38.6529823,-77.28597169999999,481080567007,id:260063508,store:08773,Shift Supervisor,onsite,"2447 Prince William Pkwy, Woodbridge, Virginia, United States",1,VA,CONUS_L0_003_008;CONUS_L1_012_030,2
2026-10-01,260079585,https://apply.starbucks.com/careers/job/481080999040,"shift supervisor - Store# 26975, Prince William and Worth",SHIFT_SUPERVISOR,26975,Prince William and Worth,13010 Worth Ave,Woodbridge,VA,,US,,1790222400,2026-09-24,7,2026-10-01,1790344136,2026-09-25,6,False,38.6508445,-77.29548729999999,481080999040,id:260079585,store:26975,Shift Supervisor,onsite,"13010 Worth Ave, Woodbridge, Virginia, United States",1,VA,CONUS_L0_003_008;CONUS_L1_012_030,2
2026-10-01,260080737,https://apply.starbucks.com/careers/job/481081097955,"barista - Store# 26975, Prince William and Worth",BARISTA,26975,Prince William and Worth,13010 Worth Ave,Woodbridge,VA,,US,,1790740800,2026-09-30,1,2026-10-01,1790861950,2026-10-01,0,False,38.6508445,-77.29548729999999,481081097955,id:260080737,store:26975,Barista,onsite,"13010 Worth Ave, Woodbridge, Virginia, United States",1,VA,CONUS_L0_003_008;CONUS_L1_012_030,2
2026-10-01,260062593,https://apply.starbucks.com/careers/job/481080494882,"shift supervisor - Store# 07828, ABBEY AND ROLKIN ROAD",SHIFT_SUPERVISOR,07828,ABBEY AND ROLKIN ROAD,"2040 Abbey Road, Suite 105",Charlottesville,VA,,US,,1787630400,2026-08-25,37,2026-10-01,1787752344,2026-08-26,36,False,38.028944,-78.4437322,481080494882,id:260062593,store:07828,Shift Supervisor,onsite,"2040 Abbey Road, Suite 105, Charlottesville, Virginia, United States",1,VA,CONUS_L0_003_008;CONUS_L1_011_029,2
2026-10-01,260072350,https://apply.starbucks.com/careers/job/481080778551,"barista - Store# 07828, ABBEY AND ROLKIN ROAD",BARISTA,07828,ABBEY AND ROLKIN ROAD,"2040 Abbey Road, Suite 105",Charlottesville,VA,,US,,1788926400,2026-09-09,22,2026-10-01,1789048129,2026-09-10,21,False,38.028944,-78.4437322,481080778551,id:260072350,store:07828,Barista,onsite,"2040 Abbey Road, Suite 105, Charlottesville, Virginia, United States",1,VA,CONUS_L0_003_008;CONUS_L1_011_029,2
2026-10-01,260059529,https://apply.starbucks.com/careers/job/481080000937,"barista - Store# 07677, CHESHIRE STATION SHOPPING CENTER",BARISTA,07677,CHESHIRE STATION SHOPPING CENTER,"4471 Cheshire Station Plaza, Cheshire Station Shopping Center, Space 15",Woodbridge,VA,,US,,1785729600,2026-08-03,59,2026-10-01,1785851178,2026-08-04,58,False,38.6465436,-77.3345288,481080000937,id:260059529,store:07677,Barista,onsite,"4471 Cheshire Station Plaza, Cheshire Station Shopping Center, Space 15, Woodbridge, Virginia, United States",1,VA,CONUS_L0_003_008;CONUS_L1_012_030,2
2026-10-01,260079155,https://apply.starbucks.com/careers/job/481080965593,"shift supervisor - Store# 07677, CHESHIRE STATION SHOPPING CENTER",SHIFT_SUPERVISOR,07677,CHESHIRE STATION SHOPPING CENTER,"4471 Cheshire Station Plaza, Cheshire Station Shopping Center, Space 15",Woodbridge,VA,,US,,1790049600,2026-09-22,9,2026-10-01,1790171236,2026-09-23,8,False,38.6465436,-77.3345288,481080965593,id:260079155,store:07677,Shift Supervisor,onsite,"4471 Cheshire Station Plaza, Cheshire Station Shopping Center, Space 15, Woodbridge, Virginia, United States",1,VA,CONUS_L0_003_008;CONUS_L1_012_030,2
2026-10-01,260053429,https://apply.starbucks.com/careers/job/481079320237,"barista - Store# 49086, FIFTH STREET AND I-64",BARISTA,49086,FIFTH STREET AND I-64,"601 Fifth Street, Suite 100",Charlottesville,VA,,US,,1783310400,2026-07-06,87,2026-10-01,1783432070,2026-07-07,86,False,38.00981,-78.50565,481079320237,id:260053429,store:49086,Barista,onsite,"601 Fifth Street, Suite 100, Charlottesville, Virginia, United States",1,VA,CONUS_L0_003_008;CONUS_L1_011_029,2
2026-10-01,260077004,https://apply.starbucks.com/careers/job/481080875284,"shift supervisor - Store# 49086, FIFTH STREET AND I-64",SHIFT_SUPERVISOR,49086,FIFTH STREET AND I-64,"601 Fifth Street, Suite 100",Charlottesville,VA,,US,,1789531200,2026-09-16,15,2026-10-01,1789652645,2026-09-17,14,False,38.00981,-78.50565,481080875284,id:260077004,store:49086,Shift Supervisor,onsite,"601 Fifth Street, Suite 100, Charlottesville, Virginia, United States",1,VA,CONUS_L0_003_008;CONUS_L1_011_029,2
2026-10-01,260057581,https://apply.starbucks.com/careers/job/481079627212,"barista - Store# 07286, 3300 OLD BRIDGE ROAD",BARISTA,07286,3300 OLD BRIDGE ROAD,"3300 Old Bridge Rd, Lake Ridge Commons#B-1",Woodbridge,VA,,US,,1784520000,2026-07-20,73,2026-10-01,1784642433,2026-07-21,72,False,38.6853031,-77.31364099999999,481079627212,id:260057581,store:07286,Barista,onsite,"3300 Old Bridge Rd, Lake Ridge Commons#B-1, Woodbridge, Virginia, United States",1,VA,CONUS_L0_003_008;CONUS_L1_012_030,2
2026-10-01,260068492,https://apply.starbucks.com/careers/job/481080709610,"barista - Store# 65136, PICKUP - 1001 W MAIN ST",BARISTA,65136,PICKUP - 1001 W MAIN ST,1001 W Main St,Charlottesville,VA,,US,,1788408000,2026-09-03,28,2026-10-01,1788529781,2026-09-04,27,False,38.03291,-78.49494,481080709610,id:260068492,store:65136,Barista,onsite,"1001 W Main St, Charlottesville, Virginia, United States",1,VA,CONUS_L0_003_008;CONUS_L1_011_029,2
2026-10-01,260078223,https://apply.starbucks.com/careers/job/481080924043,"shift supervisor - Store# 65136, PICKUP - 1001 W MAIN ST",SHIFT_SUPERVISOR,65136,PICKUP - 1001 W MAIN ST,1001 W Main St,Charlottesville,VA,,US,,1789790400,2026-09-19,12,2026-10-01,1789911843,2026-09-20,11,False,38.03291,-78.49494,481080924043,id:260078223,store:65136,Shift Supervisor,onsite,"1001 W Main St, Charlottesville, Virginia, United States",1,VA,CONUS_L0_003_008;CONUS_L1_011_029,2
2026-10-01,260062833,https://apply.starbucks.com/careers/job/481080495320,"barista - Store# 23464, HYBLA VALLEY DRIVE THRU",BARISTA,23464,HYBLA VALLEY DRIVE THRU,7511 Richmond Hwy,Alexandria,VA,,US,,1787630400,2026-08-25,37,2026-10-01,1787752535,2026-08-26,36,False,38.75374,-77.08283,481080495320,id:260062833,store:23464,Barista,onsite,"7511 Richmond Hwy, Alexandria, Virginia, United States",1,VA,CONUS_L0_003_008;CONUS_L1_012_030;CONUS_L1_012_031,3
2026-10-01,260078411,https://apply.starbucks.com/careers/job/481080936293,"barista - Store# 07422, CHARLOTTESVILLE",BARISTA,07422,CHARLOTTESVILLE,1601 University Ave,Charlottesville,VA,,US,,1789876800,2026-09-20,11,2026-10-01,1789998248,2026-09-21,10,False,38.0355384,-78.50087669999999,481080936293,id:260078411,store:07422,Barista,onsite,"1601 University Ave, Charlottesville, Virginia, United States",1,VA,CONUS_L0_003_008;CONUS_L1_011_029,2
2026-10-01,260076456,https://apply.starbucks.com/careers/job/481080861993,"shift supervisor - Store# 07422, CHARLOTTESVILLE",SHIFT_SUPERVISOR,07422,CHARLOTTESVILLE,1601 University Ave,Charlottesville,VA,,US,,1789444800,2026-09-15,16,2026-10-01,1789566885,2026-09-16,15,False,38.0355384,-78.50087669999999,481080861993,id:260076456,store:07422,Shift Supervisor,onsite,"1601 University Ave, Charlottesville, Virginia, United States",1,VA,CONUS_L0_003_008;CONUS_L1_011_029,2
2026-10-01,260059503,https://apply.starbucks.com/careers/job/481080000900,"barista - Store# 11574, RIDGEFIELD VILLAGE, HOADLY RD",BARISTA,11574,"RIDGEFIELD VILLAGE, HOADLY RD","12701 Ridgefield Village Dr, Suite 109",Woodbridge,VA,,US,,1785729600,2026-08-03,59,2026-10-01,1785851154,2026-08-04,58,False,38.6781,-77.36259,481080000900,id:260059503,store:11574,Barista,onsite,"12701 Ridgefield Village Dr, Suite 109, Woodbridge, Virginia, United States",1,VA,CONUS_L0_003_008;CONUS_L1_012_030,2
2026-10-01,260071056,https://apply.starbucks.com/careers/job/481080742269,"shift supervisor - Store# 11574, RIDGEFIELD VILLAGE, HOADLY RD",SHIFT_SUPERVISOR,11574,"RIDGEFIELD VILLAGE, HOADLY RD","12701 Ridgefield Village Dr, Suite 109",Woodbridge,VA,,US,,1788667200,2026-09-06,25,2026-10-01,1788788910,2026-09-07,24,False,38.6781,-77.36259,481080742269,id:260071056,store:11574,Shift Supervisor,onsite,"12701 Ridgefield Village Dr, Suite 109, Woodbridge, Virginia, United States",1,VA,CONUS_L0_003_008;CONUS_L1_012_030,2
2026-10-01,260077382,https://apply.starbucks.com/careers/job/481080891017,"shift supervisor - Store# 07866, LORTON VALLEY",SHIFT_SUPERVISOR,07866,LORTON VALLEY,8971-G Ox Road,Lorton,VA,,US,,1789617600,2026-09-17,14,2026-10-01,1789739105,2026-09-18,13,False,38.71461,-77.26203,481080891017,id:260077382,store:07866,Shift Supervisor,onsite,"8971-G Ox Road, Lorton, Virginia, United States",1,VA,CONUS_L0_003_008;CONUS_L1_012_030,2
2026-10-01,260062136,https://apply.starbucks.com/careers/job/481080430619,"barista - Store# 60871, Emmet and Angus Road",BARISTA,60871,Emmet and Angus Road,1617 Emmet St N,Charlottesville,VA,,US,,1787457600,2026-08-23,39,2026-10-01,1787579439,2026-08-24,38,False,38.05865,-78.49494,481080430619,id:260062136,store:60871,Barista,onsite,"1617 Emmet St N, Charlottesville, Virginia, United States",1,VA,CONUS_L0_003_008;CONUS_L1_011_029,2
2026-10-01,260061804,https://apply.starbucks.com/careers/job/481080429583,"shift supervisor - Store# 60871, Emmet and Angus Road",SHIFT_SUPERVISOR,60871,Emmet and Angus Road,1617 Emmet St N,Charlottesville,VA,,US,,1787457600,2026-08-23,39,2026-10-01,1787579150,2026-08-24,38,False,38.05865,-78.49494,481080429583,id:260061804,store:60871,Shift Supervisor,onsite,"1617 Emmet St N, Charlottesville, Virginia, United States",1,VA,CONUS_L0_003_008;CONUS_L1_011_029,2
2026-10-01,260068155,https://apply.starbucks.com/careers/job/481080704398,"barista - Store# 07794, ROUTE 29",BARISTA,07794,ROUTE 29,"1500 Seminole Trl, Shoppers World",Charlottesville,VA,,US,,1788408000,2026-09-03,28,2026-10-01,1788486057,2026-09-03,28,False,38.0782071,-78.4779022,481080704398,id:260068155,store:07794,Barista,onsite,"1500 Seminole Trl, Shoppers World, Charlottesville, Virginia, United States",1,VA,CONUS_L0_003_008;CONUS_L1_011_029,2
2026-10-01,260068674,https://apply.starbucks.com/careers/job/481080710006,"shift supervisor - Store# 07794, ROUTE 29",SHIFT_SUPERVISOR,07794,ROUTE 29,"1500 Seminole Trl, Shoppers World",Charlottesville,VA,,US,,1788408000,2026-09-03,28,2026-10-01,1788529940,2026-09-04,27,False,38.0782071,-78.4779022,481080710006,id:260068674,store:07794,Shift Supervisor,onsite,"1500 Seminole Trl, Shoppers World, Charlottesville, Virginia, United States",1,VA,CONUS_L0_003_008;CONUS_L1_011_029,2
2026-10-01,260074241,https://apply.starbucks.com/careers/job/481080814055,"shift supervisor - Store# 07334, BEACON MALL",SHIFT_SUPERVISOR,07334,BEACON MALL,"6754 Richmond Hwy, Beacon Mall Shopping Center, Unit 4",Alexandria,VA,,US,,1789185600,2026-09-12,19,2026-10-01,1789307652,2026-09-13,18,False,38.7713454,-77.0834948,481080814055,id:260074241,store:07334,Shift Supervisor,onsite,"6754 Richmond Hwy, Beacon Mall Shopping Center, Unit 4, Alexandria, Virginia, United States",1,VA,CONUS_L0_003_008;CONUS_L1_012_030;CONUS_L1_012_031,3
2026-10-01,260060263,https://apply.starbucks.com/careers/job/481080108654,"barista - Store# 07334, BEACON MALL",BARISTA,07334,BEACON MALL,"6754 Richmond Hwy, Beacon Mall Shopping Center, Unit 4",Alexandria,VA,,US,,1786334400,2026-08-10,52,2026-10-01,1786455977,2026-08-11,51,False,38.7713454,-77.0834948,481080108654,id:260060263,store:07334,Barista,onsite,"6754 Richmond Hwy, Beacon Mall Shopping Center, Unit 4, Alexandria, Virginia, United States",1,VA,CONUS_L0_003_008;CONUS_L1_012_030;CONUS_L1_012_031,3
2026-10-01,260059072,https://apply.starbucks.com/careers/job/481079980358,"shift supervisor - Store# 17388, SARATOGA SHOPPING CENTER",SHIFT_SUPERVISOR,17388,SARATOGA SHOPPING CENTER,"8098 Rolling Rd, Saratoga Shopping Center",Springfield,VA,,US,,1785643200,2026-08-02,60,2026-10-01,1785752983,2026-08-03,59,False,38.7393711,-77.2117671,481079980358,id:260059072,store:17388,Shift Supervisor,onsite,"8098 Rolling Rd, Saratoga Shopping Center, Springfield, Virginia, United States",1,VA,CONUS_L0_003_008;CONUS_L1_012_030,2
2026-10-01,260062949,https://apply.starbucks.com/careers/job/481080532570,"barista - Store# 17388, SARATOGA SHOPPING CENTER",BARISTA,17388,SARATOGA SHOPPING CENTER,"8098 Rolling Rd, Saratoga Shopping Center",Springfield,VA,,US,,1787716800,2026-08-26,36,2026-10-01,1787838339,2026-08-27,35,False,38.7393711,-77.2117671,481080532570,id:260062949,store:17388,Barista,onsite,"8098 Rolling Rd, Saratoga Shopping Center, Springfield, Virginia, United States",1,VA,CONUS_L0_003_008;CONUS_L1_012_030,2
2026-10-01,260070637,https://apply.starbucks.com/careers/job/481080741726,"barista - Store# 65465, DTO Seminole Lane",BARISTA,65465,DTO Seminole Lane,2231 Seminole Lane,Charlottesville,VA,,US,,1788667200,2026-09-06,25,2026-10-01,1788788574,2026-09-07,24,False,38.09661,-78.46426,481080741726,id:260070637,store:65465,Barista,onsite,"2231 Seminole Lane, Charlottesville, Virginia, United States",1,VA,CONUS_L0_003_008;CONUS_L1_011_029,2
2026-10-01,260070480,https://apply.starbucks.com/careers/job/481080741518,"shift supervisor - Store# 65465, DTO Seminole Lane",SHIFT_SUPERVISOR,65465,DTO Seminole Lane,2231 Seminole Lane,Charlottesville,VA,,US,,1788667200,2026-09-06,25,2026-10-01,1788788451,2026-09-07,24,False,38.09661,-78.46426,481080741518,id:260070480,store:65465,Shift Supervisor,onsite,"2231 Seminole Lane, Charlottesville, Virginia, United States",1,VA,CONUS_L0_003_008;CONUS_L1_011_029,2
2026-10-01,260057038,https://apply.starbucks.com/careers/job/481079556145,"barista - Store# 71714, 1815 FORTUNE PARK RD",BARISTA,71714,1815 FORTUNE PARK RD,1815 Fortune Park Rd,Charlottesville,VA,,US,,1784174400,2026-07-16,77,2026-10-01,1784295856,2026-07-17,76,False,38.12867,-78.43841,481079556145,id:260057038,store:71714,Barista,onsite,"1815 Fortune Park Rd, Charlottesville, Virginia, United States",1,VA,CONUS_L0_003_008;CONUS_L1_011_029,2
2026-10-01,260071906,https://apply.starbucks.com/careers/job/481080764780,"shift supervisor - Store# 71714, 1815 FORTUNE PARK RD",SHIFT_SUPERVISOR,71714,1815 FORTUNE PARK RD,1815 Fortune Park Rd,Charlottesville,VA,,US,,1788840000,2026-09-08,23,2026-10-01,1788961499,2026-09-09,22,False,38.12867,-78.43841,481080764780,id:260071906,store:71714,Shift Supervisor,onsite,"1815 Fortune Park Rd, Charlottesville, Virginia, United States",1,VA,CONUS_L0_003_008;CONUS_L1_011_029,2
2026-10-01,260074124,https://apply.starbucks.com/careers/job/481080813891,"shift supervisor - Store# 07242, Kingstowne Towne Center",SHIFT_SUPERVISOR,07242,Kingstowne Towne Center,"5890 Kingstowne Center, 120",Alexandria,VA,,US,,1789185600,2026-09-12,19,2026-10-01,1789307543,2026-09-13,18,False,38.771737,-77.13631490000002,481080813891,id:260074124,store:07242,Shift Supervisor,onsite,"5890 Kingstowne Center, 120, Alexandria, Virginia, United States",1,VA,CONUS_L0_003_008;CONUS_L1_012_030;CONUS_L1_012_031,3
2026-10-01,260079131,https://apply.starbucks.com/careers/job/481080965505,"barista - Store# 07242, Kingstowne Towne Center",BARISTA,07242,Kingstowne Towne Center,"5890 Kingstowne Center, 120",Alexandria,VA,,US,,1790049600,2026-09-22,9,2026-10-01,1790171216,2026-09-23,8,False,38.771737,-77.13631490000002,481080965505,id:260079131,store:07242,Barista,onsite,"5890 Kingstowne Center, 120, Alexandria, Virginia, United States",1,VA,CONUS_L0_003_008;CONUS_L1_012_030;CONUS_L1_012_031,3
2026-10-01,260072411,https://apply.starbucks.com/careers/job/481080795565,"shift supervisor - Store# 00701, ALEXANDRIA",SHIFT_SUPERVISOR,00701,ALEXANDRIA,532 King St,Alexandria,VA,,US,,1789012800,2026-09-10,21,2026-10-01,1789135029,2026-09-11,20,False,38.8047073,-77.0456846,481080795565,id:260072411,store:00701,Shift Supervisor,onsite,"532 King St, Alexandria, Virginia, United States",1,VA,CONUS_L0_003_008;CONUS_L1_012_030;CONUS_L1_012_031,3
2026-10-01,260072659,https://apply.starbucks.com/careers/job/481080796109,"barista - Store# 00701, ALEXANDRIA",BARISTA,00701,ALEXANDRIA,532 King St,Alexandria,VA,,US,,1789012800,2026-09-10,21,2026-10-01,1789135241,2026-09-11,20,False,38.8047073,-77.0456846,481080796109,id:260072659,store:00701,Barista,onsite,"532 King St, Alexandria, Virginia, United States",1,VA,CONUS_L0_003_008;CONUS_L1_012_030;CONUS_L1_012_031,3
2026-10-01,260058142,https://apply.starbucks.com/careers/job/481079849566,"barista - Store# 00737, SPRINGFIELD",BARISTA,00737,SPRINGFIELD,6525-B Frontier Drive,Springfield,VA,,US,,1784952000,2026-07-25,68,2026-10-01,1785073417,2026-07-26,67,False,38.77526,-77.17105,481079849566,id:260058142,store:00737,Barista,onsite,"6525-B Frontier Drive, Springfield, Virginia, United States",1,VA,CONUS_L0_003_008;CONUS_L1_012_030;CONUS_L1_012_031,3
2026-10-01,260072881,https://apply.starbucks.com/careers/job/481080796687,"shift supervisor - Store# 00737, SPRINGFIELD",SHIFT_SUPERVISOR,00737,SPRINGFIELD,6525-B Frontier Drive,Springfield,VA,,US,,1789012800,2026-09-10,21,2026-10-01,1789135432,2026-09-11,20,False,38.77526,-77.17105,481080796687,id:260072881,store:00737,Shift Supervisor,onsite,"6525-B Frontier Drive, Springfield, Virginia, United States",1,VA,CONUS_L0_003_008;CONUS_L1_012_030;CONUS_L1_012_031,3
2026-10-01,260069797,https://apply.starbucks.com/careers/job/481080730695,"barista - Store# 11824, CARLYLE CENTER",BARISTA,11824,CARLYLE CENTER,"1901 Ballenger Ave, Carlyle Center",Alexandria,VA,,US,,1788580800,2026-09-05,26,2026-10-01,1788702387,2026-09-06,25,False,38.80261,-77.06193,481080730695,id:260069797,store:11824,Barista,onsite,"1901 Ballenger Ave, Carlyle Center, Alexandria, Virginia, United States",1,VA,CONUS_L0_003_008;CONUS_L1_012_030;CONUS_L1_012_031,3
2026-10-01,260066114,https://apply.starbucks.com/careers/job/481080678740,"shift supervisor - Store# 11824, CARLYLE CENTER",SHIFT_SUPERVISOR,11824,CARLYLE CENTER,"1901 Ballenger Ave, Carlyle Center",Alexandria,VA,,US,,1788321600,2026-09-02,29,2026-10-01,1788357688,2026-09-02,29,False,38.80261,-77.06193,481080678740,id:260066114,store:11824,Shift Supervisor,onsite,"1901 Ballenger Ave, Carlyle Center, Alexandria, Virginia, United States",1,VA,CONUS_L0_003_008;CONUS_L1_012_030;CONUS_L1_012_031,3
2026-10-01,260053554,https://apply.starbucks.com/careers/job/481079351623,"barista - Store# 08136, HOFFMAN",BARISTA,08136,HOFFMAN,2459 Eisenhower Ave,Alexandria,VA,,US,,1783396800,2026-07-07,86,2026-10-01,1783518146,2026-07-08,85,False,38.8016629,-77.0720286,481079351623,id:260053554,store:08136,Barista,onsite,"2459 Eisenhower Ave, Alexandria, Virginia, United States",1,VA,CONUS_L0_003_008;CONUS_L1_012_030;CONUS_L1_012_031,3
2026-10-01,260080570,https://apply.starbucks.com/careers/job/481081091682,"shift supervisor - Store# 08136, HOFFMAN",SHIFT_SUPERVISOR,08136,HOFFMAN,2459 Eisenhower Ave,Alexandria,VA,,US,,1790740800,2026-09-30,1,2026-10-01,1790836060,2026-10-01,0,False,38.8016629,-77.0720286,481081091682,id:260080570,store:08136,Shift Supervisor,onsite,"2459 Eisenhower Ave, Alexandria, Virginia, United States",1,VA,CONUS_L0_003_008;CONUS_L1_012_030;CONUS_L1_012_031,3
2026-10-01,260079930,https://apply.starbucks.com/careers/job/481081029409,"barista - Store# 07814, HUNTSMAN SQUARE",BARISTA,07814,HUNTSMAN SQUARE,"7475 Huntsman Blvd, Huntsman Square",Springfield,VA,,US,,1790481600,2026-09-27,4,2026-10-01,1790603316,2026-09-28,3,False,38.7517365,-77.2647051,481081029409,id:260079930,store:07814,Barista,onsite,"7475 Huntsman Blvd, Huntsman Square, Springfield, Virginia, United States",1,VA,CONUS_L0_003_008;CONUS_L1_012_030,2
2026-10-01,260074038,https://apply.starbucks.com/careers/job/481080813682,"shift supervisor - Store# 07814, HUNTSMAN SQUARE",SHIFT_SUPERVISOR,07814,HUNTSMAN SQUARE,"7475 Huntsman Blvd, Huntsman Square",Springfield,VA,,US,,1789185600,2026-09-12,19,2026-10-01,1789307464,2026-09-13,18,False,38.7517365,-77.2647051,481080813682,id:260074038,store:07814,Shift Supervisor,onsite,"7475 Huntsman Blvd, Huntsman Square, Springfield, Virginia, United States",1,VA,CONUS_L0_003_008;CONUS_L1_012_030,2
2026-10-01,260070180,https://apply.starbucks.com/careers/job/481080731206,"barista - Store# 14482, THE MONARCH",BARISTA,14482,THE MONARCH,"540 N Henry St, The Monarch",Alexandria,VA,,US,,1788580800,2026-09-05,26,2026-10-01,1788702688,2026-09-06,25,False,38.81118,-77.0504,481080731206,id:260070180,store:14482,Barista,onsite,"540 N Henry St, The Monarch, Alexandria, Virginia, United States",1,VA,CONUS_L0_003_008;CONUS_L1_012_030;CONUS_L1_012_031,3
2026-10-01,260056920,https://apply.starbucks.com/careers/job/481079555992,"shift supervisor - Store# 14482, THE MONARCH",SHIFT_SUPERVISOR,14482,THE MONARCH,"540 N Henry St, The Monarch",Alexandria,VA,,US,,1784174400,2026-07-16,77,2026-10-01,1784295766,2026-07-17,76,False,38.81118,-77.0504,481079555992,id:260056920,store:14482,Shift Supervisor,onsite,"540 N Henry St, The Monarch, Alexandria, Virginia, United States",1,VA,CONUS_L0_003_008;CONUS_L1_012_030;CONUS_L1_012_031,3
2026-10-01,260064780,https://apply.starbucks.com/careers/job/481080614047,"barista - Store# 11153, SPRINGFIELD PLAZA",BARISTA,11153,SPRINGFIELD PLAZA,"7110 Old Keene Mill Road, Springfield Plaza",Springfield,VA,,US,,1788062400,2026-08-30,32,2026-10-01,1788184102,2026-08-31,31,False,38.77909,-77.18998,481080614047,id:260064780,store:11153,Barista,onsite,"7110 Old Keene Mill Road, Springfield Plaza, Springfield, Virginia, United States",1,VA,CONUS_L0_003_008;CONUS_L1_012_030;CONUS_L1_012_031,3
2026-10-01,260080332,https://apply.starbucks.com/careers/job/481081059223,"shift supervisor - Store# 11153, SPRINGFIELD PLAZA",SHIFT_SUPERVISOR,11153,SPRINGFIELD PLAZA,"7110 Old Keene Mill Road, Springfield Plaza",Springfield,VA,,US,,1790568000,2026-09-28,3,2026-10-01,1790689733,2026-09-29,2,False,38.77909,-77.18998,481081059223,id:260080332,store:11153,Shift Supervisor,onsite,"7110 Old Keene Mill Road, Springfield Plaza, Springfield, Virginia, United States",1,VA,CONUS_L0_003_008;CONUS_L1_012_030;CONUS_L1_012_031,3
2026-10-01,260063657,https://apply.starbucks.com/careers/job/481080567096,"shift supervisor - Store# 10090, ALEXANDRIA COMMONS",SHIFT_SUPERVISOR,10090,ALEXANDRIA COMMONS,"3113 Duke St, Alexandria Commons",Alexandria,VA,,US,,1787803200,2026-08-27,35,2026-10-01,1787925098,2026-08-28,34,False,38.8085982,-77.0834684,481080567096,id:260063657,store:10090,Shift Supervisor,onsite,"3113 Duke St, Alexandria Commons, Alexandria, Virginia, United States",1,VA,CONUS_L0_003_008;CONUS_L1_012_030;CONUS_L1_012_031,3
2026-10-01,260063752,https://apply.starbucks.com/careers/job/481080567644,"barista - Store# 10090, ALEXANDRIA COMMONS",BARISTA,10090,ALEXANDRIA COMMONS,"3113 Duke St, Alexandria Commons",Alexandria,VA,,US,,1787803200,2026-08-27,35,2026-10-01,1787925173,2026-08-28,34,False,38.8085982,-77.0834684,481080567644,id:260063752,store:10090,Barista,onsite,"3113 Duke St, Alexandria Commons, Alexandria, Virginia, United States",1,VA,CONUS_L0_003_008;CONUS_L1_012_030;CONUS_L1_012_031,3
2026-10-01,260069460,https://apply.starbucks.com/careers/job/481080730301,"barista - Store# 24482, LANDMARK GATEWAY",BARISTA,24482,LANDMARK GATEWAY,5782 Dow Ave,Alexandria,VA,,US,,1788580800,2026-09-05,26,2026-10-01,1788702119,2026-09-06,25,False,38.80468,-77.13327,481080730301,id:260069460,store:24482,Barista,onsite,"5782 Dow Ave, Alexandria, Virginia, United States",1,VA,CONUS_L0_003_008;CONUS_L1_012_030;CONUS_L1_012_031,3
2026-10-01,260067641,https://apply.starbucks.com/careers/job/481080699443,"shift supervisor - Store# 24482, LANDMARK GATEWAY",SHIFT_SUPERVISOR,24482,LANDMARK GATEWAY,5782 Dow Ave,Alexandria,VA,,US,,1788321600,2026-09-02,29,2026-10-01,1788456488,2026-09-03,28,False,38.80468,-77.13327,481080699443,id:260067641,store:24482,Shift Supervisor,onsite,"5782 Dow Ave, Alexandria, Virginia, United States",1,VA,CONUS_L0_003_008;CONUS_L1_012_030;CONUS_L1_012_031,3
2026-10-01,260066793,https://apply.starbucks.com/careers/job/481080698314,"shift supervisor - Store# 10882, CULPEPER",SHIFT_SUPERVISOR,10882,CULPEPER,"15185 Montanus Dr, Centre at Culpeper",Culpeper,VA,,US,,1788321600,2026-09-02,29,2026-10-01,1788455686,2026-09-03,28,False,38.4861815,-77.9691472,481080698314,id:260066793,store:10882,Shift Supervisor,onsite,"15185 Montanus Dr, Centre at Culpeper, Culpeper, Virginia, United States",1,VA,CONUS_L0_003_008;CONUS_L1_012_030,2
2026-10-01,260064150,https://apply.starbucks.com/careers/job/481080612721,"barista - Store# 10882, CULPEPER",BARISTA,10882,CULPEPER,"15185 Montanus Dr, Centre at Culpeper",Culpeper,VA,,US,,1788062400,2026-08-30,32,2026-10-01,1788183575,2026-08-31,31,False,38.4861815,-77.9691472,481080612721,id:260064150,store:10882,Barista,onsite,"15185 Montanus Dr, Centre at Culpeper, Culpeper, Virginia, United States",1,VA,CONUS_L0_003_008;CONUS_L1_012_030,2
2026-10-01,260054170,https://apply.starbucks.com/careers/job/481079404920,"barista - Store# 00718, OLD KEENE MILL",BARISTA,00718,OLD KEENE MILL,8408-A Old Keene Mill,Springfield,VA,,US,,1783569600,2026-07-09,84,2026-10-01,1783691153,2026-07-10,83,False,38.77994,-77.23545,481079404920,id:260054170,store:00718,Barista,onsite,"8408-A Old Keene Mill, Springfield, Virginia, United States",1,VA,CONUS_L0_003_008;CONUS_L1_012_030,2
2026-10-01,260074116,https://apply.starbucks.com/careers/job/481080813889,"shift supervisor - Store# 00718, OLD KEENE MILL",SHIFT_SUPERVISOR,00718,OLD KEENE MILL,8408-A Old Keene Mill,Springfield,VA,,US,,1789185600,2026-09-12,19,2026-10-01,1789307536,2026-09-13,18,False,38.77994,-77.23545,481080813889,id:260074116,store:00718,Shift Supervisor,onsite,"8408-A Old Keene Mill, Springfield, Virginia, United States",1,VA,CONUS_L0_003_008;CONUS_L1_012_030,2
2026-10-01,260075144,https://apply.starbucks.com/careers/job/481080820000,"shift supervisor - Store# 66416, MARSH & LAFAYETTE, BEALETON",SHIFT_SUPERVISOR,66416,"MARSH & LAFAYETTE, BEALETON",11830 Hall St,Bealeton,VA,,US,,1789272000,2026-09-13,18,2026-10-01,1789394681,2026-09-14,17,False,38.58995,-77.77052,481080820000,id:260075144,store:66416,Shift Supervisor,onsite,"11830 Hall St, Bealeton, Virginia, United States",1,VA,CONUS_L0_003_008;CONUS_L1_012_030,2
2026-10-01,260056777,https://apply.starbucks.com/careers/job/481079527775,"barista - Store# 66416, MARSH & LAFAYETTE, BEALETON",BARISTA,66416,"MARSH & LAFAYETTE, BEALETON",11830 Hall St,Bealeton,VA,,US,,1784088000,2026-07-15,78,2026-10-01,1784209164,2026-07-16,77,False,38.58995,-77.77052,481079527775,id:260056777,store:66416,Barista,onsite,"11830 Hall St, Bealeton, Virginia, United States",1,VA,CONUS_L0_003_008;CONUS_L1_012_030,2
2026-10-01,260071415,https://apply.starbucks.com/careers/job/481080752102,"shift supervisor - Store# 60868, 29 S & STONERIDGE, RUCKERSVILLE",SHIFT_SUPERVISOR,60868,"29 S & STONERIDGE, RUCKERSVILLE",244 Stoneridge place,Ruckersville,VA,,US,,1788753600,2026-09-07,24,2026-10-01,1788875052,2026-09-08,23,False,38.2386,-78.36752,481080752102,id:260071415,store:60868,Shift Supervisor,onsite,"244 Stoneridge place ,, Ruckersville, Virginia, United States",1,VA,CONUS_L0_003_008;CONUS_L1_011_029;CONUS_L1_012_030,3
2026-10-01,260073687,https://apply.starbucks.com/careers/job/481080813112,"barista - Store# 60868, 29 S & STONERIDGE, RUCKERSVILLE",BARISTA,60868,"29 S & STONERIDGE, RUCKERSVILLE",244 Stoneridge place,Ruckersville,VA,,US,,1789185600,2026-09-12,19,2026-10-01,1789307137,2026-09-13,18,False,38.2386,-78.36752,481080813112,id:260073687,store:60868,Barista,onsite,"244 Stoneridge place ,, Ruckersville, Virginia, United States",1,VA,CONUS_L0_003_008;CONUS_L1_011_029;CONUS_L1_012_030,3
2026-10-01,260076357,https://apply.starbucks.com/careers/job/481080861802,"barista - Store# 07412, POTOMAC YARDS",BARISTA,07412,POTOMAC YARDS,"3825 C Jefferson Davis Highway, Potomac Yard Center",Alexandria,VA,,US,,1789444800,2026-09-15,16,2026-10-01,1789566801,2026-09-16,15,False,38.8388,-77.05174,481080861802,id:260076357,store:07412,Barista,onsite,"3825 C Jefferson Davis Highway, Potomac Yard Center, Alexandria, Virginia, United States",1,VA,CONUS_L0_003_008;CONUS_L1_012_030;CONUS_L1_012_031,3
2026-10-01,260074173,https://apply.starbucks.com/careers/job/481080813949,"shift supervisor - Store# 07412, POTOMAC YARDS",SHIFT_SUPERVISOR,07412,POTOMAC YARDS,"3825 C Jefferson Davis Highway, Potomac Yard Center",Alexandria,VA,,US,,1789185600,2026-09-12,19,2026-10-01,1789307588,2026-09-13,18,False,38.8388,-77.05174,481080813949,id:260074173,store:07412,Shift Supervisor,onsite,"3825 C Jefferson Davis Highway, Potomac Yard Center, Alexandria, Virginia, United States",1,VA,CONUS_L0_003_008;CONUS_L1_012_030;CONUS_L1_012_031,3
2026-10-01,260074282,https://apply.starbucks.com/careers/job/481080814122,"barista - Store# 07305, BRADLEE CENTER",BARISTA,07305,BRADLEE CENTER,"3690 Q King Street, Bradlee Shopping Center",Alexandria,VA,,US,,1789185600,2026-09-12,19,2026-10-01,1789307691,2026-09-13,18,False,38.82985,-77.09192,481080814122,id:260074282,store:07305,Barista,onsite,"3690 Q King Street, Bradlee Shopping Center, Alexandria, Virginia, United States",1,VA,CONUS_L0_003_008;CONUS_L1_012_030;CONUS_L1_012_031,3
2026-10-01,260073497,https://apply.starbucks.com/careers/job/481080812820,"shift supervisor - Store# 07305, BRADLEE CENTER",SHIFT_SUPERVISOR,07305,BRADLEE CENTER,"3690 Q King Street, Bradlee Shopping Center",Alexandria,VA,,US,,1789185600,2026-09-12,19,2026-10-01,1789306958,2026-09-13,18,False,38.82985,-77.09192,481080812820,id:260073497,store:07305,Shift Supervisor,onsite,"3690 Q King Street, Bradlee Shopping Center, Alexandria, Virginia, United States",1,VA,CONUS_L0_003_008;CONUS_L1_012_030;CONUS_L1_012_031,3
2026-10-01,260063148,https://apply.starbucks.com/careers/job/481080565472,"shift supervisor - Store# 09280, BRADLICK SHOPPING CENTER",SHIFT_SUPERVISOR,09280,BRADLICK SHOPPING CENTER,6910-G Bradlick Shopping Center,Annandale,VA,,US,,1787803200,2026-08-27,35,2026-10-01,1787924690,2026-08-28,34,False,38.8128231,-77.1850548,481080565472,id:260063148,store:09280,Shift Supervisor,onsite,"6910-G Bradlick Shopping Center, Annandale, Virginia, United States",1,VA,CONUS_L0_003_008;CONUS_L1_012_030;CONUS_L1_012_031,3
2026-10-01,260059839,https://apply.starbucks.com/careers/job/481080078999,"barista - Store# 09280, BRADLICK SHOPPING CENTER",BARISTA,09280,BRADLICK SHOPPING CENTER,6910-G Bradlick Shopping Center,Annandale,VA,,US,,1786161600,2026-08-08,54,2026-10-01,1786283140,2026-08-09,53,False,38.8128231,-77.1850548,481080078999,id:260059839,store:09280,Barista,onsite,"6910-G Bradlick Shopping Center, Annandale, Virginia, United States",1,VA,CONUS_L0_003_008;CONUS_L1_012_030;CONUS_L1_012_031,3
2026-10-01,260073576,https://apply.starbucks.com/careers/job/481080812934,"shift supervisor - Store# 07368, MARK SHOPS",SHIFT_SUPERVISOR,07368,MARK SHOPS,"1462 N Beauregard St, B",Alexandria,VA,,US,,1789185600,2026-09-12,19,2026-10-01,1789307034,2026-09-13,18,False,38.83064359999999,-77.1257714,481080812934,id:260073576,store:07368,Shift Supervisor,onsite,"1462 N Beauregard St, B, Alexandria, Virginia, United States",1,VA,CONUS_L0_003_008;CONUS_L1_012_030;CONUS_L1_012_031,3
2026-10-01,260074298,https://apply.starbucks.com/careers/job/481080814161,"barista - Store# 07368, MARK SHOPS",BARISTA,07368,MARK SHOPS,"1462 N Beauregard St, B",Alexandria,VA,,US,,1789185600,2026-09-12,19,2026-10-01,1789307706,2026-09-13,18,False,38.83064359999999,-77.1257714,481080814161,id:260074298,store:07368,Barista,onsite,"1462 N Beauregard St, B, Alexandria, Virginia, United States",1,VA,CONUS_L0_003_008;CONUS_L1_012_030;CONUS_L1_012_031,3
2026-10-01,260065266,https://apply.starbucks.com/careers/job/481080677471,"shift supervisor - Store# 17055, ARLINGTON RIDGE",SHIFT_SUPERVISOR,17055,ARLINGTON RIDGE,2925 S Glebe Rd,Arlington,VA,,US,,1788321600,2026-09-02,29,2026-10-01,1788356936,2026-09-02,29,False,38.84556,-77.06805,481080677471,id:260065266,store:17055,Shift Supervisor,onsite,"2925 S Glebe Rd, Arlington, Virginia, United States",1,VA,CONUS_L0_003_008;CONUS_L1_012_030;CONUS_L1_012_031,3
2026-10-01,260064407,https://apply.starbucks.com/careers/job/481080613307,"barista - Store# 17055, ARLINGTON RIDGE",BARISTA,17055,ARLINGTON RIDGE,2925 S Glebe Rd,Arlington,VA,,US,,1788062400,2026-08-30,32,2026-10-01,1788183789,2026-08-31,31,False,38.84556,-77.06805,481080613307,id:260064407,store:17055,Barista,onsite,"2925 S Glebe Rd, Arlington, Virginia, United States",1,VA,CONUS_L0_003_008;CONUS_L1_012_030;CONUS_L1_012_031,3
2026-10-01,260058814,https://apply.starbucks.com/careers/job/481079927721,"barista - Store# 00730, PINECREST",BARISTA,00730,PINECREST,6552-B Little River Turnpike,Alexandria,VA,,US,,1785211200,2026-07-28,65,2026-10-01,1785332754,2026-07-29,64,False,38.8232107,-77.1620197,481079927721,id:260058814,store:00730,Barista,onsite,"6552-B Little River Turnpike, Alexandria, Virginia, United States",1,VA,CONUS_L0_003_008;CONUS_L1_012_030;CONUS_L1_012_031,3
2026-10-01,260072629,https://apply.starbucks.com/careers/job/481080796073,"shift supervisor - Store# 00730, PINECREST",SHIFT_SUPERVISOR,00730,PINECREST,6552-B Little River Turnpike,Alexandria,VA,,US,,1789012800,2026-09-10,21,2026-10-01,1789135214,2026-09-11,20,False,38.8232107,-77.1620197,481080796073,id:260072629,store:00730,Shift Supervisor,onsite,"6552-B Little River Turnpike, Alexandria, Virginia, United States",1,VA,CONUS_L0_003_008;CONUS_L1_012_030;CONUS_L1_012_031,3
2026-10-01,260072781,https://apply.starbucks.com/careers/job/481080796373,"barista - Store# 00727, BURKE COMMONS",BARISTA,00727,BURKE COMMONS,6003-A Burke Centre Pkwy,Burke,VA,,US,,1789012800,2026-09-10,21,2026-10-01,1789135348,2026-09-11,20,False,38.78698,-77.29681,481080796373,id:260072781,store:00727,Barista,onsite,"6003-A Burke Centre Pkwy, Burke, Virginia, United States",1,VA,CONUS_L0_003_008;CONUS_L1_012_030,2
2026-10-01,260080111,https://apply.starbucks.com/careers/job/481081029828,"shift supervisor - Store# 00727, BURKE COMMONS",SHIFT_SUPERVISOR,00727,BURKE COMMONS,6003-A Burke Centre Pkwy,Burke,VA,,US,,1790481600,2026-09-27,4,2026-10-01,1790603496,2026-09-28,3,False,38.78698,-77.29681,481081029828,id:260080111,store:00727,Shift Supervisor,onsite,"6003-A Burke Centre Pkwy, Burke, Virginia, United States",1,VA,CONUS_L0_003_008;CONUS_L1_012_030,2
2026-10-01,260074182,https://apply.starbucks.com/careers/job/481080813967,"shift supervisor - Store# 07460, CRYSTAL PARK III",SHIFT_SUPERVISOR,07460,CRYSTAL PARK III,"2231 Crystal Drive, Suite 160",Arlington,VA,,US,,1789185600,2026-09-12,19,2026-10-01,1789307597,2026-09-13,18,False,38.8538766,-77.04858089999999,481080813967,id:260074182,store:07460,Shift Supervisor,onsite,"2231 Crystal Drive, Suite 160, Arlington, Virginia, United States",1,VA,CONUS_L0_003_008;CONUS_L1_012_030;CONUS_L1_012_031,3
2026-10-01,260074348,https://apply.starbucks.com/careers/job/481080814234,"barista - Store# 07460, CRYSTAL PARK III",BARISTA,07460,CRYSTAL PARK III,"2231 Crystal Drive, Suite 160",Arlington,VA,,US,,1789185600,2026-09-12,19,2026-10-01,1789307753,2026-09-13,18,False,38.8538766,-77.04858089999999,481080814234,id:260074348,store:07460,Barista,onsite,"2231 Crystal Drive, Suite 160, Arlington, Virginia, United States",1,VA,CONUS_L0_003_008;CONUS_L1_012_030;CONUS_L1_012_031,3
2026-10-01,260069024,https://apply.starbucks.com/careers/job/481080710490,"barista - Store# 13334, LIBERIA AVE.",BARISTA,13334,LIBERIA AVE.,"9642 Liberia Ave, Signal Hill",Manassas,VA,,US,,1788408000,2026-09-03,28,2026-10-01,1788530234,2026-09-04,27,False,38.74801,-77.45116,481080710490,id:260069024,store:13334,Barista,onsite,"9642 Liberia Ave, Signal Hill, Manassas, Virginia, United States",1,VA,CONUS_L0_003_008;CONUS_L1_012_030,2
2026-10-01,260077734,https://apply.starbucks.com/careers/job/481080891553,"shift supervisor - Store# 13334, LIBERIA AVE.",SHIFT_SUPERVISOR,13334,LIBERIA AVE.,"9642 Liberia Ave, Signal Hill",Manassas,VA,,US,,1789617600,2026-09-17,14,2026-10-01,1789739409,2026-09-18,13,False,38.74801,-77.45116,481080891553,id:260077734,store:13334,Shift Supervisor,onsite,"9642 Liberia Ave, Signal Hill, Manassas, Virginia, United States",1,VA,CONUS_L0_003_008;CONUS_L1_012_030,2
2026-10-01,260055897,https://apply.starbucks.com/careers/job/481079473229,"barista - Store# 07529, BARCROFT PLAZA",BARISTA,07529,BARCROFT PLAZA,"6365 Columbia Pike, Barcroft Plaza",Falls Church,VA,,US,,1783915200,2026-07-13,80,2026-10-01,1784037114,2026-07-14,79,False,38.83609,-77.15648,481079473229,id:260055897,store:07529,Barista,onsite,"6365 Columbia Pike, Barcroft Plaza, Falls Church, Virginia, United States",1,VA,CONUS_L0_003_008;CONUS_L1_012_030;CONUS_L1_012_031,3
2026-10-01,260075472,https://apply.starbucks.com/careers/job/481080821687,"shift supervisor - Store# 07529, BARCROFT PLAZA",SHIFT_SUPERVISOR,07529,BARCROFT PLAZA,"6365 Columbia Pike, Barcroft Plaza",Falls Church,VA,,US,,1789272000,2026-09-13,18,2026-10-01,1789394968,2026-09-14,17,False,38.83609,-77.15648,481080821687,id:260075472,store:07529,Shift Supervisor,onsite,"6365 Columbia Pike, Barcroft Plaza, Falls Church, Virginia, United States",1,VA,CONUS_L0_003_008;CONUS_L1_012_030;CONUS_L1_012_031,3
2026-10-01,260070391,https://apply.starbucks.com/careers/job/481080741381,"shift supervisor - Store# 69299, 4744 S AMHERST HWY -MADISON HEIGHTS",SHIFT_SUPERVISOR,69299,4744 S AMHERST HWY -MADISON HEIGHTS,4744 S Amherst Hwy,Madison Heights,VA,,US,,1788667200,2026-09-06,25,2026-10-01,1788788380,2026-09-07,24,False,37.44335,-79.12027,481080741381,id:260070391,store:69299,Shift Supervisor,onsite,"4744 S Amherst Hwy, Madison Heights, Virginia, United States",1,VA,CONUS_L0_003_008;CONUS_L1_011_028;CONUS_L1_011_029,3
2026-10-01,260078082,https://apply.starbucks.com/careers/job/481080923584,"barista - Store# 69299, 4744 S AMHERST HWY -MADISON HEIGHTS",BARISTA,69299,4744 S AMHERST HWY -MADISON HEIGHTS,4744 S Amherst Hwy,Madison Heights,VA,,US,,1789790400,2026-09-19,12,2026-10-01,1789911725,2026-09-20,11,False,37.44335,-79.12027,481080923584,id:260078082,store:69299,Barista,onsite,"4744 S Amherst Hwy, Madison Heights, Virginia, United States",1,VA,CONUS_L0_003_008;CONUS_L1_011_028;CONUS_L1_011_029,3
2026-10-01,260067773,https://apply.starbucks.com/careers/job/481080699681,"barista - Store# 24476, THE ACADIA",BARISTA,24476,THE ACADIA,"1201 S. Fern Street, Space B3",Arlington,VA,,US,,1788321600,2026-09-02,29,2026-10-01,1788456610,2026-09-03,28,False,38.86255,-77.0565,481080699681,id:260067773,store:24476,Barista,onsite,"1201 S. Fern Street, Space B3, Arlington, Virginia, United States",1,VA,CONUS_L0_003_008;CONUS_L1_012_030;CONUS_L1_012_031,3
2026-10-01,260079290,https://apply.starbucks.com/careers/job/481080978434,"shift supervisor - Store# 24476, THE ACADIA",SHIFT_SUPERVISOR,24476,THE ACADIA,"1201 S. Fern Street, Space B3",Arlington,VA,,US,,1790136000,2026-09-23,8,2026-10-01,1790257556,2026-09-24,7,False,38.86255,-77.0565,481080978434,id:260079290,store:24476,Shift Supervisor,onsite,"1201 S. Fern Street, Space B3, Arlington, Virginia, United States",1,VA,CONUS_L0_003_008;CONUS_L1_012_030;CONUS_L1_012_031,3
2026-10-01,260080623,https://apply.starbucks.com/careers/job/481081091757,"shift supervisor - Store# 00749, BAILEYS CROSSROADS",SHIFT_SUPERVISOR,00749,BAILEYS CROSSROADS,"3544 South Jefferson Street, #7",Falls Church,VA,,US,,1790740800,2026-09-30,1,2026-10-01,1790836106,2026-10-01,0,False,38.847811,-77.120496,481081091757,id:260080623,store:00749,Shift Supervisor,onsite,"3544 South Jefferson Street, #7, Falls Church, Virginia, United States",1,VA,CONUS_L0_003_008;CONUS_L1_012_030;CONUS_L1_012_031,3
2026-10-01,260052986,https://apply.starbucks.com/careers/job/481079230077,"barista - Store# 00749, BAILEYS CROSSROADS",BARISTA,00749,BAILEYS CROSSROADS,"3544 South Jefferson Street, #7",Falls Church,VA,,US,,1783137600,2026-07-04,89,2026-10-01,1783258772,2026-07-05,88,False,38.847811,-77.120496,481079230077,id:260052986,store:00749,Barista,onsite,"3544 South Jefferson Street, #7, Falls Church, Virginia, United States",1,VA,CONUS_L0_003_008,1
2026-10-01,260080042,https://apply.starbucks.com/careers/job/481081029664,"barista - Store# 07671, FAIRFAX CITY",BARISTA,07671,FAIRFAX CITY,"10344 Main St, University Shopping Center",Fairfax,VA,,US,,1790481600,2026-09-27,4,2026-10-01,1790603427,2026-09-28,3,False,38.7762388,-77.3861084,481081029664,id:260080042,store:07671,Barista,onsite,"10344 Main St, University Shopping Center, Fairfax, Virginia, United States",1,VA,CONUS_L0_003_008;CONUS_L1_012_030,2
2026-10-01,260077232,https://apply.starbucks.com/careers/job/481080890777,"shift supervisor - Store# 07671, FAIRFAX CITY",SHIFT_SUPERVISOR,07671,FAIRFAX CITY,"10344 Main St, University Shopping Center",Fairfax,VA,,US,,1789617600,2026-09-17,14,2026-10-01,1789738976,2026-09-18,13,False,38.7762388,-77.3861084,481080890777,id:260077232,store:07671,Shift Supervisor,onsite,"10344 Main St, University Shopping Center, Fairfax, Virginia, United States",1,VA,CONUS_L0_003_008;CONUS_L1_012_030,2
2026-10-01,260053987,https://apply.starbucks.com/careers/job/481079404851,"shift supervisor - Store# 07662, BURKE CENTER",SHIFT_SUPERVISOR,07662,BURKE CENTER,5749 Burke Center Pkwy,Burke,VA,,US,,1783569600,2026-07-09,84,2026-10-01,1783691024,2026-07-10,83,False,38.79966,-77.31948,481079404851,id:260053987,store:07662,Shift Supervisor,onsite,"5749 Burke Center Pkwy, Burke, Virginia, United States",1,VA,CONUS_L0_003_008;CONUS_L1_012_030,2
2026-10-01,260055983,https://apply.starbucks.com/careers/job/481079473346,"barista - Store# 07662, BURKE CENTER",BARISTA,07662,BURKE CENTER,5749 Burke Center Pkwy,Burke,VA,,US,,1783915200,2026-07-13,80,2026-10-01,1784037189,2026-07-14,79,False,38.79966,-77.31948,481079473346,id:260055983,store:07662,Barista,onsite,"5749 Burke Center Pkwy, Burke, Virginia, United States",1,VA,CONUS_L0_003_008;CONUS_L1_012_030,2
2026-10-01,260067667,https://apply.starbucks.com/careers/job/481080699486,"shift supervisor - Store# 24498, PENROSE",SHIFT_SUPERVISOR,24498,PENROSE,2413 Columbia Pike,Arlington,VA,,US,,1788321600,2026-09-02,29,2026-10-01,1788456512,2026-09-03,28,False,38.86347,-77.08402,481080699486,id:260067667,store:24498,Shift Supervisor,onsite,"2413 Columbia Pike, Arlington, Virginia, United States",1,VA,CONUS_L0_003_008;CONUS_L1_012_030;CONUS_L1_012_031,3
2026-10-01,260066145,https://apply.starbucks.com/careers/job/481080678917,"shift supervisor - Store# 24498, PENROSE",SHIFT_SUPERVISOR,24498,PENROSE,2413 Columbia Pike,Arlington,VA,,US,,1788321600,2026-09-02,29,2026-10-01,1788357716,2026-09-02,29,False,38.86347,-77.08402,481080678917,id:260066145,store:24498,Shift Supervisor,onsite,"2413 Columbia Pike, Arlington, Virginia, United States",1,VA,CONUS_L0_003_008;CONUS_L1_012_030;CONUS_L1_012_031,3
2026-10-01,260064966,https://apply.starbucks.com/careers/job/481080658257,"barista - Store# 24498, PENROSE",BARISTA,24498,PENROSE,2413 Columbia Pike,Arlington,VA,,US,,1788148800,2026-08-31,31,2026-10-01,1788270384,2026-09-01,30,False,38.86347,-77.08402,481080658257,id:260064966,store:24498,Barista,onsite,"2413 Columbia Pike, Arlington, Virginia, United States",1,VA,CONUS_L0_003_008;CONUS_L1_012_030;CONUS_L1_012_031,3
2026-10-01,260073750,https://apply.starbucks.com/careers/job/481080813191,"barista - Store# 57606, RT 29 AND US460",BARISTA,57606,RT 29 AND US460,4012 Wards Rd,Lynchburg,VA,,US,,1789185600,2026-09-12,19,2026-10-01,1789307196,2026-09-13,18,False,37.3471546,-79.1875271,481080813191,id:260073750,store:57606,Barista,onsite,"4012 Wards Rd, Lynchburg, Virginia, United States",1,VA,CONUS_L0_003_008;CONUS_L1_011_028;CONUS_L1_011_029,3
2026-10-01,260072149,https://apply.starbucks.com/careers/job/481080765288,"shift supervisor - Store# 57606, RT 29 AND US460",SHIFT_SUPERVISOR,57606,RT 29 AND US460,4012 Wards Rd,Lynchburg,VA,,US,,1788840000,2026-09-08,23,2026-10-01,1788961699,2026-09-09,22,False,37.3471546,-79.1875271,481080765288,id:260072149,store:57606,Shift Supervisor,onsite,"4012 Wards Rd, Lynchburg, Virginia, United States",1,VA,CONUS_L0_003_008;CONUS_L1_011_028;CONUS_L1_011_029,3
2026-10-01,260072905,https://apply.starbucks.com/careers/job/481080796746,"barista - Store# 07809, MANASSAS JUNCTION",BARISTA,07809,MANASSAS JUNCTION,8809 Centerville Road,Manassas,VA,,US,,1789012800,2026-09-10,21,2026-10-01,1789135452,2026-09-11,20,False,38.76326,-77.45822,481080796746,id:260072905,store:07809,Barista,onsite,"8809 Centerville Road, Manassas, Virginia, United States",1,VA,CONUS_L0_003_008;CONUS_L1_012_030,2
2026-10-01,260074227,https://apply.starbucks.com/careers/job/481080814041,"shift supervisor - Store# 07809, MANASSAS JUNCTION",SHIFT_SUPERVISOR,07809,MANASSAS JUNCTION,8809 Centerville Road,Manassas,VA,,US,,1789185600,2026-09-12,19,2026-10-01,1789307638,2026-09-13,18,False,38.76326,-77.45822,481080814041,id:260074227,store:07809,Shift Supervisor,onsite,"8809 Centerville Road, Manassas, Virginia, United States",1,VA,CONUS_L0_003_008;CONUS_L1_012_030,2
2026-10-01,260057791,https://apply.starbucks.com/careers/job/481079649264,"shift supervisor - Store# 69601, 1011 PINEY FOREST RD - DANVILLE",SHIFT_SUPERVISOR,69601,1011 PINEY FOREST RD - DANVILLE,1011 Piney Forest Rd,Danville,VA,,US,,1784606400,2026-07-21,72,2026-10-01,1784727968,2026-07-22,71,False,36.62186,-79.40512,481079649264,id:260057791,store:69601,Shift Supervisor,onsite,"1011 Piney Forest Rd, Danville, Virginia, United States",1,VA,CONUS_L0_003_008;CONUS_L1_010_029,2
2026-10-01,260079572,https://apply.starbucks.com/careers/job/481080999025,"barista - Store# 69601, 1011 PINEY FOREST RD - DANVILLE",BARISTA,69601,1011 PINEY FOREST RD - DANVILLE,1011 Piney Forest Rd,Danville,VA,,US,,1790222400,2026-09-24,7,2026-10-01,1790344125,2026-09-25,6,False,36.62186,-79.40512,481080999025,id:260079572,store:69601,Barista,onsite,"1011 Piney Forest Rd, Danville, Virginia, United States",1,VA,CONUS_L0_003_008;CONUS_L1_010_029,2
2026-10-01,260080350,https://apply.starbucks.com/careers/job/481081059253,"shift supervisor - Store# 61781, CANTERBURY VILLAGE-SUDLEY ROAD",SHIFT_SUPERVISOR,61781,CANTERBURY VILLAGE-SUDLEY ROAD,8699 Sudley Rd,Manassas,VA,,US,,1790568000,2026-09-28,3,2026-10-01,1790689749,2026-09-29,2,False,38.7686249,-77.48549609999999,481081059253,id:260080350,store:61781,Shift Supervisor,onsite,"8699 Sudley Rd, Manassas, Virginia, United States",1,VA,CONUS_L0_003_008;CONUS_L1_012_030,2
2026-10-01,260079028,https://apply.starbucks.com/careers/job/481080965206,"barista - Store# 61781, CANTERBURY VILLAGE-SUDLEY ROAD",BARISTA,61781,CANTERBURY VILLAGE-SUDLEY ROAD,8699 Sudley Rd,Manassas,VA,,US,,1790049600,2026-09-22,9,2026-10-01,1790171128,2026-09-23,8,False,38.7686249,-77.48549609999999,481080965206,id:260079028,store:61781,Barista,onsite,"8699 Sudley Rd, Manassas, Virginia, United States",1,VA,CONUS_L0_003_008;CONUS_L1_012_030,2
2026-10-01,260072581,https://apply.starbucks.com/careers/job/481080795961,"shift supervisor - Store# 00741, SEVEN CORNERS",SHIFT_SUPERVISOR,00741,SEVEN CORNERS,6270 Seven Corners Circle,Falls Church,VA,,US,,1789012800,2026-09-10,21,2026-10-01,1789135173,2026-09-11,20,False,38.86939,-77.1516,481080795961,id:260072581,store:00741,Shift Supervisor,onsite,"6270 Seven Corners Circle, Falls Church, Virginia, United States",1,VA,CONUS_L0_003_008;CONUS_L1_012_030;CONUS_L1_012_031,3
2026-10-01,260078406,https://apply.starbucks.com/careers/job/481080936283,"barista - Store# 07820, VIRGINIA SQUARE METRO",BARISTA,07820,VIRGINIA SQUARE METRO,"901 North Nelson Street, 120",Arlington,VA,,US,,1789876800,2026-09-20,11,2026-10-01,1789998244,2026-09-21,10,False,38.883032,-77.103613,481080936283,id:260078406,store:07820,Barista,onsite,"901 North Nelson Street, 120, Arlington, Virginia, United States",1,VA,CONUS_L0_003_008;CONUS_L1_012_030;CONUS_L1_012_031,3
2026-10-01,260073825,https://apply.starbucks.com/careers/job/481080813372,"shift supervisor - Store# 07820, VIRGINIA SQUARE METRO",SHIFT_SUPERVISOR,07820,VIRGINIA SQUARE METRO,"901 North Nelson Street, 120",Arlington,VA,,US,,1789185600,2026-09-12,19,2026-10-01,1789307267,2026-09-13,18,False,38.883032,-77.103613,481080813372,id:260073825,store:07820,Shift Supervisor,onsite,"901 North Nelson Street, 120, Arlington, Virginia, United States",1,VA,CONUS_L0_003_008;CONUS_L1_012_030;CONUS_L1_012_031,3
2026-10-01,260059350,https://apply.starbucks.com/careers/job/481079982980,"shift supervisor - Store# 11077, DANVILLE MALL PAD",SHIFT_SUPERVISOR,11077,DANVILLE MALL PAD,"450 Mall Drive, Suite 100",Danville,VA,,US,,1785643200,2026-08-02,60,2026-10-01,1785764556,2026-08-03,59,False,36.59464,-79.42456,481079982980,id:260059350,store:11077,Shift Supervisor,onsite,"450 Mall Drive, Suite 100, Danville, Virginia, United States",1,VA,CONUS_L0_003_008;CONUS_L1_010_029,2
2026-10-01,260076761,https://apply.starbucks.com/careers/job/481080862613,"shift supervisor - Store# 49694, 1000 N. Glebe",SHIFT_SUPERVISOR,49694,1000 N. Glebe,1000 N. Glebe,Arlington,VA,,US,,1789444800,2026-09-15,16,2026-10-01,1789567151,2026-09-16,15,False,38.88231,-77.11627,481080862613,id:260076761,store:49694,Shift Supervisor,onsite,"1000 N. Glebe, Arlington, Virginia, United States",1,VA,CONUS_L0_003_008;CONUS_L1_012_030;CONUS_L1_012_031,3
2026-10-01,260068326,https://apply.starbucks.com/careers/job/481080709309,"barista - Store# 49694, 1000 N. Glebe",BARISTA,49694,1000 N. Glebe,1000 N. Glebe,Arlington,VA,,US,,1788408000,2026-09-03,28,2026-10-01,1788529639,2026-09-04,27,False,38.88231,-77.11627,481080709309,id:260068326,store:49694,Barista,onsite,"1000 N. Glebe, Arlington, Virginia, United States",1,VA,CONUS_L0_003_008;CONUS_L1_012_030;CONUS_L1_012_031,3
2026-10-01,260073970,https://apply.starbucks.com/careers/job/481080813595,"shift supervisor - Store# 07706, THE MARKET COMMONS",SHIFT_SUPERVISOR,07706,THE MARKET COMMONS,"2690 Clarendon Blvd, The Market Commons",Arlington,VA,,US,,1789185600,2026-09-12,19,2026-10-01,1789307400,2026-09-13,18,False,38.88844280000001,-77.0908879,481080813595,id:260073970,store:07706,Shift Supervisor,onsite,"2690 Clarendon Blvd, The Market Commons, Arlington, Virginia, United States",1,VA,CONUS_L0_003_008;CONUS_L1_012_030;CONUS_L1_012_031,3
2026-10-01,260073669,https://apply.starbucks.com/careers/job/481080813087,"barista - Store# 07706, THE MARKET COMMONS",BARISTA,07706,THE MARKET COMMONS,"2690 Clarendon Blvd, The Market Commons",Arlington,VA,,US,,1789185600,2026-09-12,19,2026-10-01,1789307121,2026-09-13,18,False,38.88844280000001,-77.0908879,481080813087,id:260073669,store:07706,Barista,onsite,"2690 Clarendon Blvd, The Market Commons, Arlington, Virginia, United States",1,VA,CONUS_L0_003_008;CONUS_L1_012_030;CONUS_L1_012_031,3
2026-10-01,260065570,https://apply.starbucks.com/careers/job/481080678059,"shift supervisor - Store# 13593, COURTHOUSE ARLINGTON",SHIFT_SUPERVISOR,13593,COURTHOUSE ARLINGTON,"2200 Clarendon Blvd, Courthouse Plaza",Arlington,VA,,US,,1788321600,2026-09-02,29,2026-10-01,1788357205,2026-09-02,29,False,38.89014,-77.08601,481080678059,id:260065570,store:13593,Shift Supervisor,onsite,"2200 Clarendon Blvd, Courthouse Plaza, Arlington, Virginia, United States",1,VA,CONUS_L0_003_008;CONUS_L1_012_030;CONUS_L1_012_031,3
2026-10-01,260057394,https://apply.starbucks.com/careers/job/481079587833,"barista - Store# 13593, COURTHOUSE ARLINGTON",BARISTA,13593,COURTHOUSE ARLINGTON,"2200 Clarendon Blvd, Courthouse Plaza",Arlington,VA,,US,,1784347200,2026-07-18,75,2026-10-01,1784468516,2026-07-19,74,False,38.89014,-77.08601,481079587833,id:260057394,store:13593,Barista,onsite,"2200 Clarendon Blvd, Courthouse Plaza, Arlington, Virginia, United States",1,VA,CONUS_L0_003_008;CONUS_L1_012_030;CONUS_L1_012_031,3
2026-10-01,260073685,https://apply.starbucks.com/careers/job/481080813099,"shift supervisor - Store# 07457, ROSLYN",SHIFT_SUPERVISOR,07457,ROSLYN,1501 North 17th Street,Arlington,VA,,US,,1789185600,2026-09-12,19,2026-10-01,1789307135,2026-09-13,18,False,38.8941766,-77.0739734,481080813099,id:260073685,store:07457,Shift Supervisor,onsite,"1501 North 17th Street, Arlington, Virginia, United States",1,VA,CONUS_L0_003_008;CONUS_L1_012_030;CONUS_L1_012_031,3
2026-10-01,260059527,https://apply.starbucks.com/careers/job/481080000919,"barista - Store# 07457, ROSLYN",BARISTA,07457,ROSLYN,1501 North 17th Street,Arlington,VA,,US,,1785729600,2026-08-03,59,2026-10-01,1785851176,2026-08-04,58,False,38.8941766,-77.0739734,481080000919,id:260059527,store:07457,Barista,onsite,"1501 North 17th Street, Arlington, Virginia, United States",1,VA,CONUS_L0_003_008;CONUS_L1_012_030;CONUS_L1_012_031,3
2026-10-01,260065028,https://apply.starbucks.com/careers/job/481080658440,"barista - Store# 00720, SPOUT RUN",BARISTA,00720,SPOUT RUN,3125 Lee Hwy,Arlington,VA,,US,,1788148800,2026-08-31,31,2026-10-01,1788270447,2026-09-01,30,False,38.89655,-77.09657,481080658440,id:260065028,store:00720,Barista,onsite,"3125 Lee Hwy, Arlington, Virginia, United States",1,VA,CONUS_L0_003_008;CONUS_L1_012_030;CONUS_L1_012_031,3
2026-10-01,260078410,https://apply.starbucks.com/careers/job/481080936286,"shift supervisor - Store# 00720, SPOUT RUN",SHIFT_SUPERVISOR,00720,SPOUT RUN,3125 Lee Hwy,Arlington,VA,,US,,1789876800,2026-09-20,11,2026-10-01,1789998247,2026-09-21,10,False,38.89655,-77.09657,481080936286,id:260078410,store:00720,Shift Supervisor,onsite,"3125 Lee Hwy, Arlington, Virginia, United States",1,VA,CONUS_L0_003_008;CONUS_L1_012_030;CONUS_L1_012_031,3
2026-10-01,260072472,https://apply.starbucks.com/careers/job/481080795691,"shift supervisor - Store# 07321, GALLOWS AND GATEHOUSE",SHIFT_SUPERVISOR,07321,GALLOWS AND GATEHOUSE,"3046 Gatehouse Plaza, Yorktowne Center",Falls Church,VA,,US,,1789012800,2026-09-10,21,2026-10-01,1789135080,2026-09-11,20,False,38.8664532,-77.2301196,481080795691,id:260072472,store:07321,Shift Supervisor,onsite,"3046 Gatehouse Plaza, Yorktowne Center, Falls Church, Virginia, United States",1,VA,CONUS_L0_003_008;CONUS_L1_012_030,2
2026-10-01,260056916,https://apply.starbucks.com/careers/job/481079555997,"barista - Store# 07321, GALLOWS AND GATEHOUSE",BARISTA,07321,GALLOWS AND GATEHOUSE,"3046 Gatehouse Plaza, Yorktowne Center",Falls Church,VA,,US,,1784174400,2026-07-16,77,2026-10-01,1784295762,2026-07-17,76,False,38.8664532,-77.2301196,481079555997,id:260056916,store:07321,Barista,onsite,"3046 Gatehouse Plaza, Yorktowne Center, Falls Church, Virginia, United States",1,VA,CONUS_L0_003_008;CONUS_L1_012_030,2
2026-10-01,260080375,https://apply.starbucks.com/careers/job/481081063427,store manager,STORE_MANAGER,,,,Fairfax,VA,,US,,1790702379,2026-09-29,2,2026-10-01,1790702224,2026-09-29,2,False,38.84622359999999,-77.30637329999999,481081063427,id:260080375,,Coffeehouse Leader,onsite,"Fairfax, Virginia, United States",1,VA,CONUS_L0_003_008;CONUS_L1_012_030,2
2026-10-01,260074815,https://apply.starbucks.com/careers/job/481080820533,"shift supervisor - Store# 58171, TIMBERLAKE & GREENVIEW",SHIFT_SUPERVISOR,58171,TIMBERLAKE & GREENVIEW,20186 Timberlake Rd,Lynchburg,VA,,US,,1789272000,2026-09-13,18,2026-10-01,1789394387,2026-09-14,17,False,37.34494,-79.23384,481080820533,id:260074815,store:58171,Shift Supervisor,onsite,"20186 Timberlake Rd, Lynchburg, Virginia, United States",1,VA,CONUS_L0_003_008;CONUS_L1_011_028;CONUS_L1_011_029,3
2026-10-01,260079047,https://apply.starbucks.com/careers/job/481080965251,"barista - Store# 58171, TIMBERLAKE & GREENVIEW",BARISTA,58171,TIMBERLAKE & GREENVIEW,20186 Timberlake Rd,Lynchburg,VA,,US,,1790049600,2026-09-22,9,2026-10-01,1790171144,2026-09-23,8,False,37.34494,-79.23384,481080965251,id:260079047,store:58171,Barista,onsite,"20186 Timberlake Rd, Lynchburg, Virginia, United States",1,VA,CONUS_L0_003_008;CONUS_L1_011_028;CONUS_L1_011_029,3
2026-10-01,260080012,https://apply.starbucks.com/careers/job/481081029599,"barista - Store# 07585, BROADDALE",BARISTA,07585,BROADDALE,"344 W Broad St, Broaddale Village Shopping Center",Falls Church,VA,,US,,1790481600,2026-09-27,4,2026-10-01,1790603397,2026-09-28,3,False,38.88473,-77.17413,481081029599,id:260080012,store:07585,Barista,onsite,"344 W Broad St, Broaddale Village Shopping Center, Falls Church, Virginia, United States",1,VA,CONUS_L0_003_008;CONUS_L1_012_030;CONUS_L1_012_031,3
2026-10-01,260074094,https://apply.starbucks.com/careers/job/481080813822,"shift supervisor - Store# 07585, BROADDALE",SHIFT_SUPERVISOR,07585,BROADDALE,"344 W Broad St, Broaddale Village Shopping Center",Falls Church,VA,,US,,1789185600,2026-09-12,19,2026-10-01,1789307516,2026-09-13,18,False,38.88473,-77.17413,481080813822,id:260074094,store:07585,Shift Supervisor,onsite,"344 W Broad St, Broaddale Village Shopping Center, Falls Church, Virginia, United States",1,VA,CONUS_L0_003_008;CONUS_L1_012_030;CONUS_L1_012_031,3
2026-10-01,260078883,https://apply.starbucks.com/careers/job/481080964819,"barista - Store# 14374, LEE HEIGHTS SHOPS",BARISTA,14374,LEE HEIGHTS SHOPS,"4526 Cherry Hill Rd, Lee Heights Shops",Arlington,VA,,US,,1790049600,2026-09-22,9,2026-10-01,1790171007,2026-09-23,8,False,38.89836,-77.119,481080964819,id:260078883,store:14374,Barista,onsite,"4526 Cherry Hill Rd, Lee Heights Shops, Arlington, Virginia, United States",1,VA,CONUS_L0_003_008;CONUS_L1_012_030;CONUS_L1_012_031,3
2026-10-01,260067932,https://apply.starbucks.com/careers/job/481080699625,"shift supervisor - Store# 14374, LEE HEIGHTS SHOPS",SHIFT_SUPERVISOR,14374,LEE HEIGHTS SHOPS,"4526 Cherry Hill Rd, Lee Heights Shops",Arlington,VA,,US,,1788321600,2026-09-02,29,2026-10-01,1788456761,2026-09-03,28,False,38.89836,-77.119,481080699625,id:260067932,store:14374,Shift Supervisor,onsite,"4526 Cherry Hill Rd, Lee Heights Shops, Arlington, Virginia, United States",1,VA,CONUS_L0_003_008;CONUS_L1_012_030;CONUS_L1_012_031,3
2026-10-01,260073078,https://apply.starbucks.com/careers/job/481080797779,"barista - Store# 07579, 5515 LANGSTON BOULEVARD",BARISTA,07579,5515 LANGSTON BOULEVARD,"5515 Langston Blvd, Lee Harrison Shopping Center",Arlington,VA,,US,,1789012800,2026-09-10,21,2026-10-01,1789135598,2026-09-11,20,False,38.8970142,-77.1374609,481080797779,id:260073078,store:07579,Barista,onsite,"5515 Langston Blvd, Lee Harrison Shopping Center, Arlington, Virginia, United States",1,VA,CONUS_L0_003_008;CONUS_L1_012_030;CONUS_L1_012_031,3
2026-10-01,260074340,https://apply.starbucks.com/careers/job/481080814198,"shift supervisor - Store# 07579, 5515 LANGSTON BOULEVARD",SHIFT_SUPERVISOR,07579,5515 LANGSTON BOULEVARD,"5515 Langston Blvd, Lee Harrison Shopping Center",Arlington,VA,,US,,1789185600,2026-09-12,19,2026-10-01,1789307745,2026-09-13,18,False,38.8970142,-77.1374609,481080814198,id:260074340,store:07579,Shift Supervisor,onsite,"5515 Langston Blvd, Lee Harrison Shopping Center, Arlington, Virginia, United States",1,VA,CONUS_L0_003_008;CONUS_L1_012_030;CONUS_L1_012_031,3
2026-10-01,260070692,https://apply.starbucks.com/careers/job/481080741792,"shift supervisor - Store# 13595, MANASSAS CROSSROADS",SHIFT_SUPERVISOR,13595,MANASSAS CROSSROADS,10683 Sudley Manor Dr,Manassas,VA,,US,,1788667200,2026-09-06,25,2026-10-01,1788788618,2026-09-07,24,False,38.78576,-77.51648,481080741792,id:260070692,store:13595,Shift Supervisor,onsite,"10683 Sudley Manor Dr, Manassas, Virginia, United States",1,VA,CONUS_L0_003_008;CONUS_L1_012_030,2
2026-10-01,260080221,https://apply.starbucks.com/careers/job/481081059084,"barista - Store# 13673, KAMP WASHINGTON",BARISTA,13673,KAMP WASHINGTON,10930 Fairfax Blvd,Fairfax,VA,,US,,1790568000,2026-09-28,3,2026-10-01,1790689633,2026-09-29,2,False,38.8536716,-77.32093549999999,481081059084,id:260080221,store:13673,Barista,onsite,"10930 Fairfax Blvd, Fairfax, Virginia, United States",1,VA,CONUS_L0_003_008;CONUS_L1_012_030,2
2026-10-01,260066901,https://apply.starbucks.com/careers/job/481080698446,"shift supervisor - Store# 13673, KAMP WASHINGTON",SHIFT_SUPERVISOR,13673,KAMP WASHINGTON,10930 Fairfax Blvd,Fairfax,VA,,US,,1788321600,2026-09-02,29,2026-10-01,1788455788,2026-09-03,28,False,38.8536716,-77.32093549999999,481080698446,id:260066901,store:13673,Shift Supervisor,onsite,"10930 Fairfax Blvd, Fairfax, Virginia, United States",1,VA,CONUS_L0_003_008;CONUS_L1_012_030,2
2026-10-01,260074299,https://apply.starbucks.com/careers/job/481080814158,"shift supervisor - Store# 07803, PAN AM SHOPPING CENTER",SHIFT_SUPERVISOR,07803,PAN AM SHOPPING CENTER,"3011 Nutley St, Pan Am Shopping Center, 5A",Fairfax,VA,,US,,1789185600,2026-09-12,19,2026-10-01,1789307706,2026-09-13,18,False,38.8706101,-77.2617659,481080814158,id:260074299,store:07803,Shift Supervisor,onsite,"3011 Nutley St, Pan Am Shopping Center, 5A, Fairfax, Virginia, United States",1,VA,CONUS_L0_003_008;CONUS_L1_012_030,2
2026-10-01,260059186,https://apply.starbucks.com/careers/job/481079980487,"barista - Store# 07803, PAN AM SHOPPING CENTER",BARISTA,07803,PAN AM SHOPPING CENTER,"3011 Nutley St, Pan Am Shopping Center, 5A",Fairfax,VA,,US,,1785643200,2026-08-02,60,2026-10-01,1785753080,2026-08-03,59,False,38.8706101,-77.2617659,481079980487,id:260059186,store:07803,Barista,onsite,"3011 Nutley St, Pan Am Shopping Center, 5A, Fairfax, Virginia, United States",1,VA,CONUS_L0_003_008;CONUS_L1_012_030,2
2026-10-01,260066830,https://apply.starbucks.com/careers/job/481080698373,"shift supervisor - Store# 22728, DUNN LORING",SHIFT_SUPERVISOR,22728,DUNN LORING,2672-A Avenir Place,Vienna,VA,,US,,1788321600,2026-09-02,29,2026-10-01,1788455721,2026-09-03,28,False,38.8820145,-77.2288172,481080698373,id:260066830,store:22728,Shift Supervisor,onsite,"2672-A Avenir Place, Vienna, Virginia, United States",1,VA,CONUS_L0_003_008;CONUS_L1_012_030,2
2026-10-01,260067336,https://apply.starbucks.com/careers/job/481080699032,"barista - Store# 22728, DUNN LORING",BARISTA,22728,DUNN LORING,2672-A Avenir Place,Vienna,VA,,US,,1788321600,2026-09-02,29,2026-10-01,1788456203,2026-09-03,28,False,38.8820145,-77.2288172,481080699032,id:260067336,store:22728,Barista,onsite,"2672-A Avenir Place, Vienna, Virginia, United States",1,VA,CONUS_L0_003_008;CONUS_L1_012_030,2
2026-10-01,260077763,https://apply.starbucks.com/careers/job/481080891580,"shift supervisor - Store# 02805, LEE PLAZA",SHIFT_SUPERVISOR,02805,LEE PLAZA,"11725 Lee Highway, Lee Plaza Center",Fairfax,VA,,US,,1789617600,2026-09-17,14,2026-10-01,1789739433,2026-09-18,13,False,38.84864,-77.35297,481080891580,id:260077763,store:02805,Shift Supervisor,onsite,"11725 Lee Highway, Lee Plaza Center, Fairfax, Virginia, United States",1,VA,CONUS_L0_003_008;CONUS_L1_012_030,2
2026-10-01,260057040,https://apply.starbucks.com/careers/job/481079556146,"barista - Store# 02805, LEE PLAZA",BARISTA,02805,LEE PLAZA,"11725 Lee Highway, Lee Plaza Center",Fairfax,VA,,US,,1784174400,2026-07-16,77,2026-10-01,1784295858,2026-07-17,76,False,38.84864,-77.35297,481079556146,id:260057040,store:02805,Barista,onsite,"11725 Lee Highway, Lee Plaza Center, Fairfax, Virginia, United States",1,VA,CONUS_L0_003_008;CONUS_L1_012_030,2
2026-10-01,260073172,https://apply.starbucks.com/careers/job/481080797943,"shift supervisor - Store# 00721, BIRCH AND BROAD",SHIFT_SUPERVISOR,00721,BIRCH AND BROAD,1218 W Broad St,Falls Church,VA,,US,,1789012800,2026-09-10,21,2026-10-01,1789135676,2026-09-11,20,False,38.8944746,-77.1882917,481080797943,id:260073172,store:00721,Shift Supervisor,onsite,"1218 W Broad St, Falls Church, Virginia, United States",1,VA,CONUS_L0_003_008;CONUS_L1_012_030;CONUS_L1_012_031,3
2026-10-01,260072514,https://apply.starbucks.com/careers/job/481080795847,"barista - Store# 00721, BIRCH AND BROAD",BARISTA,00721,BIRCH AND BROAD,1218 W Broad St,Falls Church,VA,,US,,1789012800,2026-09-10,21,2026-10-01,1789135117,2026-09-11,20,False,38.8944746,-77.1882917,481080795847,id:260072514,store:00721,Barista,onsite,"1218 W Broad St, Falls Church, Virginia, United States",1,VA,CONUS_L0_003_008;CONUS_L1_012_030;CONUS_L1_012_031,3
2026-10-01,260071658,https://apply.starbucks.com/careers/job/481080764464,"shift supervisor - Store# 50447, FOREST ROAD & PHILLIPS CIRCLE",SHIFT_SUPERVISOR,50447,FOREST ROAD & PHILLIPS CIRCLE,"19399 Forest Road, 1",Lynchburg,VA,,US,,1788840000,2026-09-08,23,2026-10-01,1788961303,2026-09-09,22,False,37.39346,-79.23376,481080764464,id:260071658,store:50447,Shift Supervisor,onsite,"19399 Forest Road, 1, Lynchburg, Virginia, United States",1,VA,CONUS_L0_003_008;CONUS_L1_011_028;CONUS_L1_011_029,3
2026-10-01,260056899,https://apply.starbucks.com/careers/job/481079555970,"barista - Store# 00707, CLIFTON",BARISTA,00707,CLIFTON,5748 Union Mill Road,Clifton,VA,,US,,1784174400,2026-07-16,77,2026-10-01,1784295749,2026-07-17,76,False,38.8345059,-77.4130211,481079555970,id:260056899,store:00707,Barista,onsite,"5748 Union Mill Road, Clifton, Virginia, United States",1,VA,CONUS_L0_003_008;CONUS_L1_012_030,2
2026-10-01,260072459,https://apply.starbucks.com/careers/job/481080795671,"shift supervisor - Store# 00707, CLIFTON",SHIFT_SUPERVISOR,00707,CLIFTON,5748 Union Mill Road,Clifton,VA,,US,,1789012800,2026-09-10,21,2026-10-01,1789135069,2026-09-11,20,False,38.8345059,-77.4130211,481080795671,id:260072459,store:00707,Shift Supervisor,onsite,"5748 Union Mill Road, Clifton, Virginia, United States",1,VA,CONUS_L0_003_008;CONUS_L1_012_030,2
2026-10-01,260077249,https://apply.starbucks.com/careers/job/481080890806,"barista - Store# 07893, BOONSBORO",BARISTA,07893,BOONSBORO,4925 Boonsboro Road,Lynchburg,VA,,US,,1789617600,2026-09-17,14,2026-10-01,1789738990,2026-09-18,13,False,37.4464229,-79.2177767,481080890806,id:260077249,store:07893,Barista,onsite,"4925 Boonsboro Road, Lynchburg, Virginia, United States",1,VA,CONUS_L0_003_008;CONUS_L1_011_028;CONUS_L1_011_029,3
2026-10-01,260077358,https://apply.starbucks.com/careers/job/481080890957,"shift supervisor - Store# 07893, BOONSBORO",SHIFT_SUPERVISOR,07893,BOONSBORO,4925 Boonsboro Road,Lynchburg,VA,,US,,1789617600,2026-09-17,14,2026-10-01,1789739084,2026-09-18,13,False,37.4464229,-79.2177767,481080890957,id:260077358,store:07893,Shift Supervisor,onsite,"4925 Boonsboro Road, Lynchburg, Virginia, United States",1,VA,CONUS_L0_003_008;CONUS_L1_011_028;CONUS_L1_011_029,3
2026-10-01,260061582,https://apply.starbucks.com/careers/job/481080387349,"barista - Store# 07578, IDYLWOOD PLAZA",BARISTA,07578,IDYLWOOD PLAZA,"7501 H Leesburg Pike, Idylwood Plaza",Falls Church,VA,,US,,1787198400,2026-08-20,42,2026-10-01,1787319604,2026-08-21,41,False,38.90256,-77.20389,481080387349,id:260061582,store:07578,Barista,onsite,"7501 H Leesburg Pike, Idylwood Plaza, Falls Church, Virginia, United States",1,VA,CONUS_L0_003_008;CONUS_L1_012_030;CONUS_L1_012_031,3
2026-10-01,260079545,https://apply.starbucks.com/careers/job/481080998963,"shift supervisor - Store# 07578, IDYLWOOD PLAZA",SHIFT_SUPERVISOR,07578,IDYLWOOD PLAZA,"7501 H Leesburg Pike, Idylwood Plaza",Falls Church,VA,,US,,1790222400,2026-09-24,7,2026-10-01,1790344101,2026-09-25,6,False,38.90256,-77.20389,481080998963,id:260079545,store:07578,Shift Supervisor,onsite,"7501 H Leesburg Pike, Idylwood Plaza, Falls Church, Virginia, United States",1,VA,CONUS_L0_003_008;CONUS_L1_012_030;CONUS_L1_012_031,3
2026-10-01,260062149,https://apply.starbucks.com/careers/job/481080430582,"shift supervisor - Store# 07734, CENTREWOOD PLAZA",SHIFT_SUPERVISOR,07734,CENTREWOOD PLAZA,14155 Saint Germain Dr,Centreville,VA,,US,,1787457600,2026-08-23,39,2026-10-01,1787579450,2026-08-24,38,False,38.83626,-77.43733170000002,481080430582,id:260062149,store:07734,Shift Supervisor,onsite,"14155 Saint Germain Dr, Centreville, Virginia, United States",1,VA,CONUS_L0_003_008;CONUS_L1_012_030,2
2026-10-01,260055388,https://apply.starbucks.com/careers/job/481079453937,"barista - Store# 07734, CENTREWOOD PLAZA",BARISTA,07734,CENTREWOOD PLAZA,14155 Saint Germain Dr,Centreville,VA,,US,,1783828800,2026-07-12,81,2026-10-01,1783950553,2026-07-13,80,False,38.83626,-77.43733170000002,481079453937,id:260055388,store:07734,Barista,onsite,"14155 Saint Germain Dr, Centreville, Virginia, United States",1,VA,CONUS_L0_003_008;CONUS_L1_012_030,2
2026-10-01,260062849,https://apply.starbucks.com/careers/job/481080495233,"shift supervisor - Store# 07452, CHESTERBROOK",SHIFT_SUPERVISOR,07452,CHESTERBROOK,"6214 Old Dominion Center, Chesterbrook Shopping Center",Mc Lean,VA,,US,,1787630400,2026-08-25,37,2026-10-01,1787752548,2026-08-26,36,False,38.91978,-77.15037,481080495233,id:260062849,store:07452,Shift Supervisor,onsite,"6214 Old Dominion Center, Chesterbrook Shopping Center, Mc Lean, Virginia, United States",1,VA,CONUS_L0_003_008;CONUS_L1_012_030;CONUS_L1_012_031,3
2026-10-01,260053946,https://apply.starbucks.com/careers/job/481079404601,"barista - Store# 00713, OAKTON",BARISTA,00713,OAKTON,2930 Chain Bridge Road,Oakton,VA,,US,,1783569600,2026-07-09,84,2026-10-01,1783690994,2026-07-10,83,False,38.88261019999999,-77.3002223,481079404601,id:260053946,store:00713,Barista,onsite,"2930 Chain Bridge Road, Oakton, Virginia, United States",1,VA,CONUS_L0_003_008;CONUS_L1_012_030,2
2026-10-01,260072799,https://apply.starbucks.com/careers/job/481080796411,"shift supervisor - Store# 00713, OAKTON",SHIFT_SUPERVISOR,00713,OAKTON,2930 Chain Bridge Road,Oakton,VA,,US,,1789012800,2026-09-10,21,2026-10-01,1789135364,2026-09-11,20,False,38.88261019999999,-77.3002223,481080796411,id:260072799,store:00713,Shift Supervisor,onsite,"2930 Chain Bridge Road, Oakton, Virginia, United States",1,VA,CONUS_L0_003_008;CONUS_L1_012_030,2
2026-10-01,260071433,https://apply.starbucks.com/careers/job/481080752144,"barista - Store# 22660, FAIR OAKS CIRCLE",BARISTA,22660,FAIR OAKS CIRCLE,12001 Lee Jackson Memorial Hwy,Fairfax,VA,,US,,1788753600,2026-09-07,24,2026-10-01,1788875070,2026-09-08,23,False,38.86611,-77.36052,481080752144,id:260071433,store:22660,Barista,onsite,"12001 Lee Jackson Memorial Hwy, Fairfax, Virginia, United States",1,VA,CONUS_L0_003_008;CONUS_L1_012_030,2
2026-10-01,260075808,https://apply.starbucks.com/careers/job/481080840645,"shift supervisor - Store# 22660, FAIR OAKS CIRCLE",SHIFT_SUPERVISOR,22660,FAIR OAKS CIRCLE,12001 Lee Jackson Memorial Hwy,Fairfax,VA,,US,,1789358400,2026-09-14,17,2026-10-01,1789480062,2026-09-15,16,False,38.86611,-77.36052,481080840645,id:260075808,store:22660,Shift Supervisor,onsite,"12001 Lee Jackson Memorial Hwy, Fairfax, Virginia, United States",1,VA,CONUS_L0_003_008;CONUS_L1_012_030,2
2026-10-01,260080086,https://apply.starbucks.com/careers/job/481081029763,"shift supervisor - Store# 07731, FAIR LAKES CENTER",SHIFT_SUPERVISOR,07731,FAIR LAKES CENTER,"12957 Fairlakes Shopping Center, Fair Lakes Center",Fairfax,VA,,US,,1790481600,2026-09-27,4,2026-10-01,1790603471,2026-09-28,3,False,38.85923,-77.38826,481081029763,id:260080086,store:07731,Shift Supervisor,onsite,"12957 Fairlakes Shopping Center, Fair Lakes Center, Fairfax, Virginia, United States",1,VA,CONUS_L0_003_008;CONUS_L1_012_030,2
2026-10-01,260055056,https://apply.starbucks.com/careers/job/481079436584,"barista - Store# 07731, FAIR LAKES CENTER",BARISTA,07731,FAIR LAKES CENTER,"12957 Fairlakes Shopping Center, Fair Lakes Center",Fairfax,VA,,US,,1783742400,2026-07-11,82,2026-10-01,1783863608,2026-07-12,81,False,38.85923,-77.38826,481079436584,id:260055056,store:07731,Barista,onsite,"12957 Fairlakes Shopping Center, Fair Lakes Center, Fairfax, Virginia, United States",1,VA,CONUS_L0_003_008;CONUS_L1_012_030,2
2026-10-01,260073083,https://apply.starbucks.com/careers/job/481080797781,"shift supervisor - Store# 00706, 362 MAPLE AVENUE, VIENNA, VA",SHIFT_SUPERVISOR,00706,"362 MAPLE AVENUE, VIENNA, VA",362 Maple Ave E,Vienna,VA,,US,,1789012800,2026-09-10,21,2026-10-01,1789135602,2026-09-11,20,False,38.9066025,-77.2595979,481080797781,id:260073083,store:00706,Shift Supervisor,onsite,"362 Maple Ave E, Vienna, Virginia, United States",1,VA,CONUS_L0_003_008;CONUS_L1_012_030,2
2026-10-01,260072591,https://apply.starbucks.com/careers/job/481080795987,"barista - Store# 00706, 362 MAPLE AVENUE, VIENNA, VA",BARISTA,00706,"362 MAPLE AVENUE, VIENNA, VA",362 Maple Ave E,Vienna,VA,,US,,1789012800,2026-09-10,21,2026-10-01,1789135182,2026-09-11,20,False,38.9066025,-77.2595979,481080795987,id:260072591,store:00706,Barista,onsite,"362 Maple Ave E, Vienna, Virginia, United States",1,VA,CONUS_L0_003_008;CONUS_L1_012_030,2
2026-10-01,260075476,https://apply.starbucks.com/careers/job/481080821692,"shift supervisor - Store# 02980, GAINESVILLE",SHIFT_SUPERVISOR,02980,GAINESVILLE,"7375 Atlas Walk Way, Virginia Gateway, Bldg. G",Gainesville,VA,,US,,1789272000,2026-09-13,18,2026-10-01,1789394972,2026-09-14,17,False,38.7957787,-77.6092748,481080821692,id:260075476,store:02980,Shift Supervisor,onsite,"7375 Atlas Walk Way, Virginia Gateway, Bldg. G, Gainesville, Virginia, United States",1,VA,CONUS_L0_003_008;CONUS_L1_012_030,2
2026-10-01,260058484,https://apply.starbucks.com/careers/job/481079865563,"barista - Store# 02980, GAINESVILLE",BARISTA,02980,GAINESVILLE,"7375 Atlas Walk Way, Virginia Gateway, Bldg. G",Gainesville,VA,,US,,1785038400,2026-07-26,67,2026-10-01,1785159947,2026-07-27,66,False,38.7957787,-77.6092748,481079865563,id:260058484,store:02980,Barista,onsite,"7375 Atlas Walk Way, Virginia Gateway, Bldg. G, Gainesville, Virginia, United States",1,VA,CONUS_L0_003_008;CONUS_L1_012_030,2
2026-10-01,260063857,https://apply.starbucks.com/careers/job/481080567723,"barista - Store# 11208, LEVEL 2-TYSONS CORNER ON THE PLAZA",BARISTA,11208,LEVEL 2-TYSONS CORNER ON THE PLAZA,7922 Tysons Corner Center,Mc Lean,VA,,US,,1787803200,2026-08-27,35,2026-10-01,1787925258,2026-08-28,34,False,38.9184,-77.22056,481080567723,id:260063857,store:11208,Barista,onsite,"7922 Tysons Corner Center, Mc Lean, Virginia, United States",1,VA,CONUS_L0_003_008;CONUS_L1_012_030;CONUS_L1_012_031,3
2026-10-01,260066361,https://apply.starbucks.com/careers/job/481080679323,"shift supervisor - Store# 11208, LEVEL 2-TYSONS CORNER ON THE PLAZA",SHIFT_SUPERVISOR,11208,LEVEL 2-TYSONS CORNER ON THE PLAZA,7922 Tysons Corner Center,Mc Lean,VA,,US,,1788321600,2026-09-02,29,2026-10-01,1788357908,2026-09-02,29,False,38.9184,-77.22056,481080679323,id:260066361,store:11208,Shift Supervisor,onsite,"7922 Tysons Corner Center, Mc Lean, Virginia, United States",1,VA,CONUS_L0_003_008;CONUS_L1_012_030;CONUS_L1_012_031,3
2026-10-01,260072950,https://apply.starbucks.com/careers/job/481080797526,"barista - Store# 07476, SULLY STATION",BARISTA,07476,SULLY STATION,5623 Stone Rd,Centreville,VA,,US,,1789012800,2026-09-10,21,2026-10-01,1789135489,2026-09-11,20,False,38.8534278,-77.44970359999999,481080797526,id:260072950,store:07476,Barista,onsite,"5623 Stone Rd, Centreville, Virginia, United States",1,VA,CONUS_L0_003_008;CONUS_L1_012_030,2
2026-10-01,260073651,https://apply.starbucks.com/careers/job/481080813036,"shift supervisor - Store# 07476, SULLY STATION",SHIFT_SUPERVISOR,07476,SULLY STATION,5623 Stone Rd,Centreville,VA,,US,,1789185600,2026-09-12,19,2026-10-01,1789307104,2026-09-13,18,False,38.8534278,-77.44970359999999,481080813036,id:260073651,store:07476,Shift Supervisor,onsite,"5623 Stone Rd, Centreville, Virginia, United States",1,VA,CONUS_L0_003_008;CONUS_L1_012_030,2
2026-10-01,260058688,https://apply.starbucks.com/careers/job/481079907136,"barista - Store# 08635, ROUTE 29 N- WARRENTON",BARISTA,08635,ROUTE 29 N- WARRENTON,6435 Lee Hwy,Warrenton,VA,,US,,1785124800,2026-07-27,66,2026-10-01,1785246194,2026-07-28,65,False,38.7333762,-77.7713357,481079907136,id:260058688,store:08635,Barista,onsite,"6435 Lee Hwy, Warrenton, Virginia, United States",1,VA,CONUS_L0_003_008;CONUS_L1_012_030,2
2026-10-01,260078509,https://apply.starbucks.com/careers/job/481080936462,"shift supervisor - Store# 08635, ROUTE 29 N- WARRENTON",SHIFT_SUPERVISOR,08635,ROUTE 29 N- WARRENTON,6435 Lee Hwy,Warrenton,VA,,US,,1789876800,2026-09-20,11,2026-10-01,1789998331,2026-09-21,10,False,38.7333762,-77.7713357,481080936462,id:260078509,store:08635,Shift Supervisor,onsite,"6435 Lee Hwy, Warrenton, Virginia, United States",1,VA,CONUS_L0_003_008;CONUS_L1_012_030,2
2026-10-01,260054250,https://apply.starbucks.com/careers/job/481079405231,"barista - Store# 00714, MCLEAN",BARISTA,00714,MCLEAN,1438 Chain Bridge Road,Mc Lean,VA,,US,,1783569600,2026-07-09,84,2026-10-01,1783691210,2026-07-10,83,False,38.9335503,-77.1784643,481079405231,id:260054250,store:00714,Barista,onsite,"1438 Chain Bridge Road, Mc Lean, Virginia, United States",1,VA,CONUS_L0_003_008;CONUS_L1_012_030;CONUS_L1_012_031,3
2026-10-01,260072811,https://apply.starbucks.com/careers/job/481080796480,"shift supervisor - Store# 00714, MCLEAN",SHIFT_SUPERVISOR,00714,MCLEAN,1438 Chain Bridge Road,Mc Lean,VA,,US,,1789012800,2026-09-10,21,2026-10-01,1789135373,2026-09-11,20,False,38.9335503,-77.1784643,481080796480,id:260072811,store:00714,Shift Supervisor,onsite,"1438 Chain Bridge Road, Mc Lean, Virginia, United States",1,VA,CONUS_L0_003_008;CONUS_L1_012_030;CONUS_L1_012_031,3
2026-10-01,260053456,https://apply.starbucks.com/careers/job/481079320302,"barista - Store# 07479, PIKE 7",BARISTA,07479,PIKE 7,8381 Leesburg Pike,Vienna,VA,,US,,1783310400,2026-07-06,87,2026-10-01,1783432091,2026-07-07,86,False,38.921677,-77.2363736,481079320302,id:260053456,store:07479,Barista,onsite,"8381 Leesburg Pike, Vienna, Virginia, United States",1,VA,CONUS_L0_003_008;CONUS_L1_012_030,2
2026-10-01,260072763,https://apply.starbucks.com/careers/job/481080796439,"shift supervisor - Store# 07479, PIKE 7",SHIFT_SUPERVISOR,07479,PIKE 7,8381 Leesburg Pike,Vienna,VA,,US,,1789012800,2026-09-10,21,2026-10-01,1789135333,2026-09-11,20,False,38.921677,-77.2363736,481080796439,id:260072763,store:07479,Shift Supervisor,onsite,"8381 Leesburg Pike, Vienna, Virginia, United States",1,VA,CONUS_L0_003_008;CONUS_L1_012_030,2
2026-10-01,260067981,https://apply.starbucks.com/careers/job/481080699751,"shift supervisor - Store# 10622, WARRENTON VILLAGE",SHIFT_SUPERVISOR,10622,WARRENTON VILLAGE,"127 West Lee Highway, Suite 200, Warrenton Village",Warrenton,VA,,US,,1788321600,2026-09-02,29,2026-10-01,1788456808,2026-09-03,28,False,38.72877,-77.79611,481080699751,id:260067981,store:10622,Shift Supervisor,onsite,"127 West Lee Highway, Suite 200, Warrenton Village, Warrenton, Virginia, United States",1,VA,CONUS_L0_003_008;CONUS_L1_012_030,2
2026-10-01,260079632,https://apply.starbucks.com/careers/job/481081018654,"barista - Store# 10622, WARRENTON VILLAGE",BARISTA,10622,WARRENTON VILLAGE,"127 West Lee Highway, Suite 200, Warrenton Village",Warrenton,VA,,US,,1790395200,2026-09-26,5,2026-10-01,1790516354,2026-09-27,4,False,38.72877,-77.79611,481081018654,id:260079632,store:10622,Barista,onsite,"127 West Lee Highway, Suite 200, Warrenton Village, Warrenton, Virginia, United States",1,VA,CONUS_L0_003_008;CONUS_L1_012_030,2
2026-10-01,260079460,https://apply.starbucks.com/careers/job/481080998767,"shift supervisor - Store# 00739, GREENBRIAR",SHIFT_SUPERVISOR,00739,GREENBRIAR,"13037-A Lee Jackson Memorial Hwy, Space #A",Fairfax,VA,,US,,1790222400,2026-09-24,7,2026-10-01,1790344029,2026-09-25,6,False,38.8795414,-77.3966879,481080998767,id:260079460,store:00739,Shift Supervisor,onsite,"13037-A Lee Jackson Memorial Hwy, Space #A, Fairfax, Virginia, United States",1,VA,CONUS_L0_003_008;CONUS_L1_012_030,2
2026-10-01,260076238,https://apply.starbucks.com/careers/job/481080861642,"barista - Store# 00739, GREENBRIAR",BARISTA,00739,GREENBRIAR,"13037-A Lee Jackson Memorial Hwy, Space #A",Fairfax,VA,,US,,1789444800,2026-09-15,16,2026-10-01,1789566698,2026-09-16,15,False,38.8795414,-77.3966879,481080861642,id:260076238,store:00739,Barista,onsite,"13037-A Lee Jackson Memorial Hwy, Space #A, Fairfax, Virginia, United States",1,VA,CONUS_L0_003_008;CONUS_L1_012_030,2
2026-10-01,260073907,https://apply.starbucks.com/careers/job/481080813515,"shift supervisor - Store# 07537, TYSONS 3 CENTER",SHIFT_SUPERVISOR,07537,TYSONS 3 CENTER,"8520 D Leesburg Pike, Tysons 3 Center",Vienna,VA,,US,,1789185600,2026-09-12,19,2026-10-01,1789307342,2026-09-13,18,False,38.92832,-77.23927,481080813515,id:260073907,store:07537,Shift Supervisor,onsite,"8520 D Leesburg Pike, Tysons 3 Center, Vienna, Virginia, United States",1,VA,CONUS_L0_003_008;CONUS_L1_012_030,2
2026-10-01,260073870,https://apply.starbucks.com/careers/job/481080813432,"barista - Store# 07537, TYSONS 3 CENTER",BARISTA,07537,TYSONS 3 CENTER,"8520 D Leesburg Pike, Tysons 3 Center",Vienna,VA,,US,,1789185600,2026-09-12,19,2026-10-01,1789307309,2026-09-13,18,False,38.92832,-77.23927,481080813432,id:260073870,store:07537,Barista,onsite,"8520 D Leesburg Pike, Tysons 3 Center, Vienna, Virginia, United States",1,VA,CONUS_L0_003_008;CONUS_L1_012_030,2
2026-10-01,260059329,https://apply.starbucks.com/careers/job/481079982963,"shift supervisor - Store# 18656, HAYMARKET VILLAGE CENTER",SHIFT_SUPERVISOR,18656,HAYMARKET VILLAGE CENTER,"6422 Trading Sq, Haymarket Village Center",Haymarket,VA,,US,,1785643200,2026-08-02,60,2026-10-01,1785764538,2026-08-03,59,False,38.81667,-77.64352,481079982963,id:260059329,store:18656,Shift Supervisor,onsite,"6422 Trading Sq, Haymarket Village Center, Haymarket, Virginia, United States",1,VA,CONUS_L0_003_008;CONUS_L1_012_030,2
2026-10-01,260053206,https://apply.starbucks.com/careers/job/481079247444,"barista - Store# 18656, HAYMARKET VILLAGE CENTER",BARISTA,18656,HAYMARKET VILLAGE CENTER,"6422 Trading Sq, Haymarket Village Center",Haymarket,VA,,US,,1783224000,2026-07-05,88,2026-10-01,1783345153,2026-07-06,87,False,38.81667,-77.64352,481079247444,id:260053206,store:18656,Barista,onsite,"6422 Trading Sq, Haymarket Village Center, Haymarket, Virginia, United States",1,VA,CONUS_L0_003_008;CONUS_L1_012_030,2
2026-10-01,260053007,https://apply.starbucks.com/careers/job/481079230092,"barista - Store# 52520, CHANTILLY PLACE",BARISTA,52520,CHANTILLY PLACE,4412 Chantilly Lace Ct,Chantilly,VA,,US,,1783137600,2026-07-04,89,2026-10-01,1783258789,2026-07-05,88,False,38.88658,-77.44484,481079230092,id:260053007,store:52520,Barista,onsite,"4412 Chantilly Lace Ct, Chantilly, Virginia, United States",1,VA,CONUS_L0_003_008,1
2026-10-01,260069754,https://apply.starbucks.com/careers/job/481080730648,"shift supervisor - Store# 52520, CHANTILLY PLACE",SHIFT_SUPERVISOR,52520,CHANTILLY PLACE,4412 Chantilly Lace Ct,Chantilly,VA,,US,,1788580800,2026-09-05,26,2026-10-01,1788702351,2026-09-06,25,False,38.88658,-77.44484,481080730648,id:260069754,store:52520,Shift Supervisor,onsite,"4412 Chantilly Lace Ct, Chantilly, Virginia, United States",1,VA,CONUS_L0_003_008;CONUS_L1_012_030,2
2026-10-01,260073942,https://apply.starbucks.com/careers/job/481080813559,"shift supervisor - Store# 07606, FRANKLIN FARMS",SHIFT_SUPERVISOR,07606,FRANKLIN FARMS,"13360 Franklin Farm Rd, Franklin Farms Village",Herndon,VA,,US,,1789185600,2026-09-12,19,2026-10-01,1789307374,2026-09-13,18,False,38.9078282,-77.40804399999999,481080813559,id:260073942,store:07606,Shift Supervisor,onsite,"13360 Franklin Farm Rd, Franklin Farms Village, Herndon, Virginia, United States",1,VA,CONUS_L0_003_008;CONUS_L1_012_030,2
2026-10-01,260074066,https://apply.starbucks.com/careers/job/481080813787,"barista - Store# 07606, FRANKLIN FARMS",BARISTA,07606,FRANKLIN FARMS,"13360 Franklin Farm Rd, Franklin Farms Village",Herndon,VA,,US,,1789185600,2026-09-12,19,2026-10-01,1789307490,2026-09-13,18,False,38.9078282,-77.40804399999999,481080813787,id:260074066,store:07606,Barista,onsite,"13360 Franklin Farm Rd, Franklin Farms Village, Herndon, Virginia, United States",1,VA,CONUS_L0_003_008;CONUS_L1_012_030,2
2026-10-01,260054736,https://apply.starbucks.com/careers/job/481079406249,"barista - Store# 07730, SOUTH LAKES",BARISTA,07730,SOUTH LAKES,"11170 South Lakes Dr, South Lakes Village",Reston,VA,,US,,1783569600,2026-07-09,84,2026-10-01,1783691555,2026-07-10,83,False,38.93823,-77.33008,481079406249,id:260054736,store:07730,Barista,onsite,"11170 South Lakes Dr, South Lakes Village, Reston, Virginia, United States",1,VA,CONUS_L0_003_008;CONUS_L1_012_030,2
2026-10-01,260073533,https://apply.starbucks.com/careers/job/481080812859,"shift supervisor - Store# 07730, SOUTH LAKES",SHIFT_SUPERVISOR,07730,SOUTH LAKES,"11170 South Lakes Dr, South Lakes Village",Reston,VA,,US,,1789185600,2026-09-12,19,2026-10-01,1789306993,2026-09-13,18,False,38.93823,-77.33008,481080812859,id:260073533,store:07730,Shift Supervisor,onsite,"11170 South Lakes Dr, South Lakes Village, Reston, Virginia, United States",1,VA,CONUS_L0_003_008;CONUS_L1_012_030,2
2026-10-01,260080278,https://apply.starbucks.com/careers/job/481081059128,"barista - Store# 07526, FOX MILL CENTER",BARISTA,07526,FOX MILL CENTER,2523 John Milton Dr,Herndon,VA,,US,,1790568000,2026-09-28,3,2026-10-01,1790689686,2026-09-29,2,False,38.927715,-77.3751608,481081059128,id:260080278,store:07526,Barista,onsite,"2523 John Milton Dr, Herndon, Virginia, United States",1,VA,CONUS_L0_003_008;CONUS_L1_012_030,2
2026-10-01,260074370,https://apply.starbucks.com/careers/job/481080814276,"shift supervisor - Store# 07526, FOX MILL CENTER",SHIFT_SUPERVISOR,07526,FOX MILL CENTER,2523 John Milton Dr,Herndon,VA,,US,,1789185600,2026-09-12,19,2026-10-01,1789307774,2026-09-13,18,False,38.927715,-77.3751608,481080814276,id:260074370,store:07526,Shift Supervisor,onsite,"2523 John Milton Dr, Herndon, Virginia, United States",1,VA,CONUS_L0_003_008;CONUS_L1_012_030,2
2026-10-01,260068770,https://apply.starbucks.com/careers/job/481080710014,"shift supervisor - Store# 29479, RESTON STATION",SHIFT_SUPERVISOR,29479,RESTON STATION,1908 Reston Metro Plaza,Reston,VA,,US,,1788408000,2026-09-03,28,2026-10-01,1788530021,2026-09-04,27,False,38.94843,-77.33832,481080710014,id:260068770,store:29479,Shift Supervisor,onsite,"1908 Reston Metro Plaza, Reston, Virginia, United States",1,VA,CONUS_L0_003_008;CONUS_L1_012_030,2
2026-10-01,260068709,https://apply.starbucks.com/careers/job/481080710056,"barista - Store# 29479, RESTON STATION",BARISTA,29479,RESTON STATION,1908 Reston Metro Plaza,Reston,VA,,US,,1788408000,2026-09-03,28,2026-10-01,1788529969,2026-09-04,27,False,38.94843,-77.33832,481080710056,id:260068709,store:29479,Barista,onsite,"1908 Reston Metro Plaza, Reston, Virginia, United States",1,VA,CONUS_L0_003_008;CONUS_L1_012_030,2
2026-10-01,260057801,https://apply.starbucks.com/careers/job/481079649274,"barista - Store# 07703, PLAZA AMERICA",BARISTA,07703,PLAZA AMERICA,"11610-A Plaza America Dr, Plaza America Shopping Center",Reston,VA,,US,,1784606400,2026-07-21,72,2026-10-01,1784727977,2026-07-22,71,False,38.9519,-77.34747,481079649274,id:260057801,store:07703,Barista,onsite,"11610-A Plaza America Dr, Plaza America Shopping Center, Reston, Virginia, United States",1,VA,CONUS_L0_003_008;CONUS_L1_012_030,2
2026-10-01,260074087,https://apply.starbucks.com/careers/job/481080813825,"shift supervisor - Store# 07703, PLAZA AMERICA",SHIFT_SUPERVISOR,07703,PLAZA AMERICA,"11610-A Plaza America Dr, Plaza America Shopping Center",Reston,VA,,US,,1789185600,2026-09-12,19,2026-10-01,1789307509,2026-09-13,18,False,38.9519,-77.34747,481080813825,id:260074087,store:07703,Shift Supervisor,onsite,"11610-A Plaza America Dr, Plaza America Shopping Center, Reston, Virginia, United States",1,VA,CONUS_L0_003_008;CONUS_L1_012_030,2
2026-10-01,260056972,https://apply.starbucks.com/careers/job/481079556065,"barista - Store# 19774, EAST GATE",BARISTA,19774,EAST GATE,"25360 Eastern Marketplace Plaza, East Gate Marketplace, Suite 100",Chantilly,VA,,US,,1784174400,2026-07-16,77,2026-10-01,1784295806,2026-07-17,76,False,38.9148823,-77.48863589999999,481079556065,id:260056972,store:19774,Barista,onsite,"25360 Eastern Marketplace Plaza, East Gate Marketplace, Suite 100, Chantilly, Virginia, United States",1,VA,CONUS_L0_003_008;CONUS_L1_012_030,2
2026-10-01,260068149,https://apply.starbucks.com/careers/job/481080704391,"shift supervisor - Store# 19774, EAST GATE",SHIFT_SUPERVISOR,19774,EAST GATE,"25360 Eastern Marketplace Plaza, East Gate Marketplace, Suite 100",Chantilly,VA,,US,,1788408000,2026-09-03,28,2026-10-01,1788486052,2026-09-03,28,False,38.9148823,-77.48863589999999,481080704391,id:260068149,store:19774,Shift Supervisor,onsite,"25360 Eastern Marketplace Plaza, East Gate Marketplace, Suite 100, Chantilly, Virginia, United States",1,VA,CONUS_L0_003_008;CONUS_L1_012_030,2
2026-10-01,260063880,https://apply.starbucks.com/careers/job/481080569610,"store manager, Waynesboro, Staunton, Stuarts Draft",STORE_MANAGER,,,,Waynesboro,VA,,US,,1790343683,2026-09-25,6,2026-10-01,1787927818,2026-08-28,34,True,38.0684692,-78.8894682,481080569610,id:260063880,,Coffeehouse Leader,onsite,"Waynesboro, Virginia, United States",1,VA,CONUS_L0_003_008;CONUS_L1_011_029,2
2026-10-01,260077967,https://apply.starbucks.com/careers/job/481080923202,"barista - Store# 07605, ONE FREEDOM SQUARE",BARISTA,07605,ONE FREEDOM SQUARE,"11951 Freedom Dr, One Freedom Square",Reston,VA,,US,,1789790400,2026-09-19,12,2026-10-01,1789911629,2026-09-20,11,False,38.9590456,-77.35928260000001,481080923202,id:260077967,store:07605,Barista,onsite,"11951 Freedom Dr, One Freedom Square, Reston, Virginia, United States",1,VA,CONUS_L0_003_008;CONUS_L1_012_030,2
2026-10-01,260078184,https://apply.starbucks.com/careers/job/481080923803,"shift supervisor - Store# 07605, ONE FREEDOM SQUARE",SHIFT_SUPERVISOR,07605,ONE FREEDOM SQUARE,"11951 Freedom Dr, One Freedom Square",Reston,VA,,US,,1789790400,2026-09-19,12,2026-10-01,1789911810,2026-09-20,11,False,38.9590456,-77.35928260000001,481080923803,id:260078184,store:07605,Shift Supervisor,onsite,"11951 Freedom Dr, One Freedom Square, Reston, Virginia, United States",1,VA,CONUS_L0_003_008;CONUS_L1_012_030,2
2026-10-01,260057180,https://apply.starbucks.com/careers/job/481079587536,"barista - Store# 07693, SOUTH RIDING",BARISTA,07693,SOUTH RIDING,"43114 Peacock Market #140, South Riding Shopping Center",Chantilly,VA,,US,,1784347200,2026-07-18,75,2026-10-01,1784468351,2026-07-19,74,False,38.91566,-77.51164,481079587536,id:260057180,store:07693,Barista,onsite,"43114 Peacock Market #140, South Riding Shopping Center, Chantilly, Virginia, United States",1,VA,CONUS_L0_003_008;CONUS_L1_012_030,2
2026-10-01,260079568,https://apply.starbucks.com/careers/job/481080999157,"shift supervisor - Store# 07693, SOUTH RIDING",SHIFT_SUPERVISOR,07693,SOUTH RIDING,"43114 Peacock Market #140, South Riding Shopping Center",Chantilly,VA,,US,,1790222400,2026-09-24,7,2026-10-01,1790344121,2026-09-25,6,False,38.91566,-77.51164,481080999157,id:260079568,store:07693,Shift Supervisor,onsite,"43114 Peacock Market #140, South Riding Shopping Center, Chantilly, Virginia, United States",1,VA,CONUS_L0_003_008;CONUS_L1_012_030,2
2026-10-01,260074109,https://apply.starbucks.com/careers/job/481080813873,"shift supervisor - Store# 07631, VILLAGE CENTER @ DULLES",SHIFT_SUPERVISOR,07631,VILLAGE CENTER @ DULLES,"2405 Centreville Rd, Ste 19",Herndon,VA,,US,,1789185600,2026-09-12,19,2026-10-01,1789307529,2026-09-13,18,False,38.9513759,-77.408627,481080813873,id:260074109,store:07631,Shift Supervisor,onsite,"2405 Centreville Rd, Ste 19, Herndon, Virginia, United States",1,VA,CONUS_L0_003_008;CONUS_L1_012_030,2
2026-10-01,260059102,https://apply.starbucks.com/careers/job/481079980394,"barista - Store# 07631, VILLAGE CENTER @ DULLES",BARISTA,07631,VILLAGE CENTER @ DULLES,"2405 Centreville Rd, Ste 19",Herndon,VA,,US,,1785643200,2026-08-02,60,2026-10-01,1785753009,2026-08-03,59,False,38.9513759,-77.408627,481079980394,id:260059102,store:07631,Barista,onsite,"2405 Centreville Rd, Ste 19, Herndon, Virginia, United States",1,VA,CONUS_L0_003_008;CONUS_L1_012_030,2
2026-10-01,260073742,https://apply.starbucks.com/careers/job/481080813170,"barista - Store# 07323, 1140 ELDEN ST",BARISTA,07323,1140 ELDEN ST,1140 Elden St,Herndon,VA,,US,,1789185600,2026-09-12,19,2026-10-01,1789307188,2026-09-13,18,False,38.963833,-77.3988516,481080813170,id:260073742,store:07323,Barista,onsite,"1140 Elden St, Herndon, Virginia, United States",1,VA,CONUS_L0_003_008;CONUS_L1_012_030,2
2026-10-01,260073813,https://apply.starbucks.com/careers/job/481080813303,"shift supervisor - Store# 07323, 1140 ELDEN ST",SHIFT_SUPERVISOR,07323,1140 ELDEN ST,1140 Elden St,Herndon,VA,,US,,1789185600,2026-09-12,19,2026-10-01,1789307256,2026-09-13,18,False,38.963833,-77.3988516,481080813303,id:260073813,store:07323,Shift Supervisor,onsite,"1140 Elden St, Herndon, Virginia, United States",1,VA,CONUS_L0_003_008;CONUS_L1_012_030,2
2026-10-01,260077245,https://apply.starbucks.com/careers/job/481080890780,"shift supervisor - Store# 16905, GREAT FALLS CENTER",SHIFT_SUPERVISOR,16905,GREAT FALLS CENTER,"9863 Georgetown Pike, Great Falls Center",Great Falls,VA,,US,,1789617600,2026-09-17,14,2026-10-01,1789738987,2026-09-18,13,False,38.99665,-77.28718,481080890780,id:260077245,store:16905,Shift Supervisor,onsite,"9863 Georgetown Pike, Great Falls Center, Great Falls, Virginia, United States",1,VA,CONUS_L0_003_008;CONUS_L1_012_030,2
2026-10-01,260079765,https://apply.starbucks.com/careers/job/481081018824,"barista - Store# 16905, GREAT FALLS CENTER",BARISTA,16905,GREAT FALLS CENTER,"9863 Georgetown Pike, Great Falls Center",Great Falls,VA,,US,,1790395200,2026-09-26,5,2026-10-01,1790516475,2026-09-27,4,False,38.99665,-77.28718,481081018824,id:260079765,store:16905,Barista,onsite,"9863 Georgetown Pike, Great Falls Center, Great Falls, Virginia, United States",1,VA,CONUS_L0_003_008;CONUS_L1_012_030,2
2026-10-01,260058853,https://apply.starbucks.com/careers/job/481079927797,"shift supervisor - Store# 00710, RESTON",SHIFT_SUPERVISOR,00710,RESTON,1444 North Point Village Center,Reston,VA,,US,,1785211200,2026-07-28,65,2026-10-01,1785332787,2026-07-29,64,False,38.9797818,-77.3497223,481079927797,id:260058853,store:00710,Shift Supervisor,onsite,"1444 North Point Village Center, Reston, Virginia, United States",1,VA,CONUS_L0_003_008;CONUS_L1_012_030,2
2026-10-01,260069836,https://apply.starbucks.com/careers/job/481080730733,"barista - Store# 09806, WAYNESBORO",BARISTA,09806,WAYNESBORO,2007 Rosser Ave,Waynesboro,VA,,US,,1788580800,2026-09-05,26,2026-10-01,1788702417,2026-09-06,25,False,38.0642144,-78.9361004,481080730733,id:260069836,store:09806,Barista,onsite,"2007 Rosser Ave, Waynesboro, Virginia, United States",1,VA,CONUS_L0_003_008;CONUS_L1_011_029,2
2026-10-01,260063384,https://apply.starbucks.com/careers/job/481080566216,"shift supervisor - Store# 09806, WAYNESBORO",SHIFT_SUPERVISOR,09806,WAYNESBORO,2007 Rosser Ave,Waynesboro,VA,,US,,1787803200,2026-08-27,35,2026-10-01,1787924879,2026-08-28,34,False,38.0642144,-78.9361004,481080566216,id:260063384,store:09806,Shift Supervisor,onsite,"2007 Rosser Ave, Waynesboro, Virginia, United States",1,VA,CONUS_L0_003_008;CONUS_L1_011_029,2
2026-10-01,260055057,https://apply.starbucks.com/careers/job/481079436582,"barista - Store# 07387, RTE 7 - CLOCK TOWER/STERLING",BARISTA,07387,RTE 7 - CLOCK TOWER/STERLING,"46900 Community Plz, Suite 210",Sterling,VA,,US,,1783742400,2026-07-11,82,2026-10-01,1783863609,2026-07-12,81,False,39.0166524,-77.3769749,481079436582,id:260055057,store:07387,Barista,onsite,"46900 Community Plz, Suite 210, Sterling, Virginia, United States",1,VA,CONUS_L0_003_008;CONUS_L1_012_030,2
2026-10-01,260055034,https://apply.starbucks.com/careers/job/481079436547,"shift supervisor - Store# 07387, RTE 7 - CLOCK TOWER/STERLING",SHIFT_SUPERVISOR,07387,RTE 7 - CLOCK TOWER/STERLING,"46900 Community Plz, Suite 210",Sterling,VA,,US,,1783742400,2026-07-11,82,2026-10-01,1783863592,2026-07-12,81,False,39.0166524,-77.3769749,481079436547,id:260055034,store:07387,Shift Supervisor,onsite,"46900 Community Plz, Suite 210, Sterling, Virginia, United States",1,VA,CONUS_L0_003_008;CONUS_L1_012_030,2
2026-10-01,260057795,https://apply.starbucks.com/careers/job/481079649270,"barista - Store# 50368, Greenway Crossing",BARISTA,50368,Greenway Crossing,"22420 Flagstaff Plz, unit 100",Ashburn,VA,,US,,1784606400,2026-07-21,72,2026-10-01,1784727971,2026-07-22,71,False,38.9964,-77.48133,481079649270,id:260057795,store:50368,Barista,onsite,"22420 Flagstaff Plz, unit 100, Ashburn, Virginia, United States",1,VA,CONUS_L0_003_008;CONUS_L1_012_030,2
2026-10-01,260071576,https://apply.starbucks.com/careers/job/481080764349,"shift supervisor - Store# 50368, Greenway Crossing",SHIFT_SUPERVISOR,50368,Greenway Crossing,"22420 Flagstaff Plz, unit 100",Ashburn,VA,,US,,1788840000,2026-09-08,23,2026-10-01,1788961237,2026-09-09,22,False,38.9964,-77.48133,481080764349,id:260071576,store:50368,Shift Supervisor,onsite,"22420 Flagstaff Plz, unit 100, Ashburn, Virginia, United States",1,VA,CONUS_L0_003_008;CONUS_L1_012_030,2
2026-10-01,260072018,https://apply.starbucks.com/careers/job/481080765021,"shift supervisor - Store# 77789, 2600 STUARTS DRAFT HIGHWAY",SHIFT_SUPERVISOR,77789,2600 STUARTS DRAFT HIGHWAY,2600 Stuarts Draft Highway,Stuarts Draft,VA,,US,,1788840000,2026-09-08,23,2026-10-01,1788961593,2026-09-09,22,False,38.03404,-79.03767,481080765021,id:260072018,store:77789,Shift Supervisor,onsite,"2600 Stuarts Draft Highway, Stuarts Draft, Virginia, United States",1,VA,CONUS_L0_003_008;CONUS_L1_011_029,2
2026-10-01,260077786,https://apply.starbucks.com/careers/job/481080891617,"barista - Store# 77789, 2600 STUARTS DRAFT HIGHWAY",BARISTA,77789,2600 STUARTS DRAFT HIGHWAY,2600 Stuarts Draft Highway,Stuarts Draft,VA,,US,,1789617600,2026-09-17,14,2026-10-01,1789739453,2026-09-18,13,False,38.03404,-79.03767,481080891617,id:260077786,store:77789,Barista,onsite,"2600 Stuarts Draft Highway, Stuarts Draft, Virginia, United States",1,VA,CONUS_L0_003_008;CONUS_L1_011_029,2
2026-10-01,260073151,https://apply.starbucks.com/careers/job/481080797905,"shift supervisor - Store# 00717, CASCADE MARKETPLACE",SHIFT_SUPERVISOR,00717,CASCADE MARKETPLACE,210-21 Southbank Street,Sterling,VA,,US,,1789012800,2026-09-10,21,2026-10-01,1789135658,2026-09-11,20,False,39.03449,-77.39816,481080797905,id:260073151,store:00717,Shift Supervisor,onsite,"210-21 Southbank Street, Sterling, Virginia, United States",1,VA,CONUS_L0_003_008;CONUS_L1_012_030,2
2026-10-01,260073008,https://apply.starbucks.com/careers/job/481080797607,"barista - Store# 00717, CASCADE MARKETPLACE",BARISTA,00717,CASCADE MARKETPLACE,210-21 Southbank Street,Sterling,VA,,US,,1789012800,2026-09-10,21,2026-10-01,1789135538,2026-09-11,20,False,39.03449,-77.39816,481080797607,id:260073008,store:00717,Barista,onsite,"210-21 Southbank Street, Sterling, Virginia, United States",1,VA,CONUS_L0_003_008;CONUS_L1_012_030,2
2026-10-01,260064744,https://apply.starbucks.com/careers/job/481080613922,"shift supervisor - Store# 11313, COUNTRYSIDE MARKETPLACE",SHIFT_SUPERVISOR,11313,COUNTRYSIDE MARKETPLACE,"3 Pidgeon Hill Drive, Countryside Marketplace",Sterling,VA,,US,,1788062400,2026-08-30,32,2026-10-01,1788184071,2026-08-31,31,False,39.03893,-77.41287,481080613922,id:260064744,store:11313,Shift Supervisor,onsite,"3 Pidgeon Hill Drive, Countryside Marketplace, Sterling, Virginia, United States",1,VA,CONUS_L0_003_008;CONUS_L1_012_030,2
2026-10-01,260070123,https://apply.starbucks.com/careers/job/481080731080,"barista - Store# 11313, COUNTRYSIDE MARKETPLACE",BARISTA,11313,COUNTRYSIDE MARKETPLACE,"3 Pidgeon Hill Drive, Countryside Marketplace",Sterling,VA,,US,,1788580800,2026-09-05,26,2026-10-01,1788702643,2026-09-06,25,False,39.03893,-77.41287,481080731080,id:260070123,store:11313,Barista,onsite,"3 Pidgeon Hill Drive, Countryside Marketplace, Sterling, Virginia, United States",1,VA,CONUS_L0_003_008;CONUS_L1_012_030,2
2026-10-01,260064795,https://apply.starbucks.com/careers/job/481080613747,"shift supervisor - Store# 11310, FARMWELL ROAD",SHIFT_SUPERVISOR,11310,FARMWELL ROAD,"44054 Pipeline Plz, Suite 100",Ashburn,VA,,US,,1788062400,2026-08-30,32,2026-10-01,1788184115,2026-08-31,31,False,39.0229007,-77.4772592,481080613747,id:260064795,store:11310,Shift Supervisor,onsite,"44054 Pipeline Plz, Suite 100, Ashburn, Virginia, United States",1,VA,CONUS_L0_003_008;CONUS_L1_012_030,2
2026-10-01,260076361,https://apply.starbucks.com/careers/job/481080861806,"barista - Store# 11310, FARMWELL ROAD",BARISTA,11310,FARMWELL ROAD,"44054 Pipeline Plz, Suite 100",Ashburn,VA,,US,,1789444800,2026-09-15,16,2026-10-01,1789566804,2026-09-16,15,False,39.0229007,-77.4772592,481080861806,id:260076361,store:11310,Barista,onsite,"44054 Pipeline Plz, Suite 100, Ashburn, Virginia, United States",1,VA,CONUS_L0_003_008;CONUS_L1_012_030,2
2026-10-01,260058139,https://apply.starbucks.com/careers/job/481079849481,"barista - Store# 07915, BROADLANDS VILLAGE",BARISTA,07915,BROADLANDS VILLAGE,"43155 Broadlands Center, Suite #114",Ashburn,VA,,US,,1784952000,2026-07-25,68,2026-10-01,1785073414,2026-07-26,67,False,39.0258849,-77.50973979999999,481079849481,id:260058139,store:07915,Barista,onsite,"43155 Broadlands Center, Suite #114, Ashburn, Virginia, United States",1,VA,CONUS_L0_003_008;CONUS_L1_012_030,2
2026-10-01,260077607,https://apply.starbucks.com/careers/job/481080891285,"shift supervisor - Store# 07915, BROADLANDS VILLAGE",SHIFT_SUPERVISOR,07915,BROADLANDS VILLAGE,"43155 Broadlands Center, Suite #114",Ashburn,VA,,US,,1789617600,2026-09-17,14,2026-10-01,1789739302,2026-09-18,13,False,39.0258849,-77.50973979999999,481080891285,id:260077607,store:07915,Shift Supervisor,onsite,"43155 Broadlands Center, Suite #114, Ashburn, Virginia, United States",1,VA,CONUS_L0_003_008;CONUS_L1_012_030,2
2026-10-01,260069393,https://apply.starbucks.com/careers/job/481080730216,"shift supervisor - Store# 29478, One Loudoun DT",SHIFT_SUPERVISOR,29478,One Loudoun DT,44735 Thorndike St,Ashburn,VA,,US,,1788580800,2026-09-05,26,2026-10-01,1788702067,2026-09-06,25,False,39.05208,-77.45255,481080730216,id:260069393,store:29478,Shift Supervisor,onsite,"44735 Thorndike St, Ashburn, Virginia, United States",1,VA,CONUS_L0_003_008;CONUS_L1_012_030,2
2026-10-01,260070998,https://apply.starbucks.com/careers/job/481080742227,"barista - Store# 29478, One Loudoun DT",BARISTA,29478,One Loudoun DT,44735 Thorndike St,Ashburn,VA,,US,,1788667200,2026-09-06,25,2026-10-01,1788788862,2026-09-07,24,False,39.05208,-77.45255,481080742227,id:260070998,store:29478,Barista,onsite,"44735 Thorndike St, Ashburn, Virginia, United States",1,VA,CONUS_L0_003_008;CONUS_L1_012_030,2
2026-10-01,260078704,https://apply.starbucks.com/careers/job/481080949693,"barista - Store# 09376, ASHBROOK MARKETPLACE",BARISTA,09376,ASHBROOK MARKETPLACE,"44185 Ashbrook Marketplace Plaza, 100",Ashburn,VA,,US,,1789963200,2026-09-21,10,2026-10-01,1790084474,2026-09-22,9,False,39.0614612,-77.47195049999999,481080949693,id:260078704,store:09376,Barista,onsite,"44185 Ashbrook Marketplace Plaza, 100, Ashburn, Virginia, United States",1,VA,CONUS_L0_003_008;CONUS_L1_012_030,2
2026-10-01,260063025,https://apply.starbucks.com/careers/job/481080565197,"shift supervisor - Store# 09376, ASHBROOK MARKETPLACE",SHIFT_SUPERVISOR,09376,ASHBROOK MARKETPLACE,"44185 Ashbrook Marketplace Plaza, 100",Ashburn,VA,,US,,1787803200,2026-08-27,35,2026-10-01,1787924592,2026-08-28,34,False,39.0614612,-77.47195049999999,481080565197,id:260063025,store:09376,Shift Supervisor,onsite,"44185 Ashbrook Marketplace Plaza, 100, Ashburn, Virginia, United States",1,VA,CONUS_L0_003_008;CONUS_L1_012_030,2
2026-10-01,260064705,https://apply.starbucks.com/careers/job/481080613744,"shift supervisor - Store# 11576, STAUNTON",SHIFT_SUPERVISOR,11576,STAUNTON,"1209 Richmond Ave, Staunton Shoppes, Suite 101",Staunton,VA,,US,,1788062400,2026-08-30,32,2026-10-01,1788184039,2026-08-31,31,False,38.1333633,-79.0417038,481080613744,id:260064705,store:11576,Shift Supervisor,onsite,"1209 Richmond Ave, Staunton Shoppes, Suite 101, Staunton, Virginia, United States",1,VA,CONUS_L0_003_008;CONUS_L1_011_029;CONUS_L1_012_029,3
2026-10-01,260066753,https://apply.starbucks.com/careers/job/481080698279,"barista - Store# 11576, STAUNTON",BARISTA,11576,STAUNTON,"1209 Richmond Ave, Staunton Shoppes, Suite 101",Staunton,VA,,US,,1788321600,2026-09-02,29,2026-10-01,1788455649,2026-09-03,28,False,38.1333633,-79.0417038,481080698279,id:260066753,store:11576,Barista,onsite,"1209 Richmond Ave, Staunton Shoppes, Suite 101, Staunton, Virginia, United States",1,VA,CONUS_L0_003_008;CONUS_L1_011_029;CONUS_L1_012_029,3
2026-10-01,260079670,https://apply.starbucks.com/careers/job/481081018696,"barista - Store# 69864, 115 LEE JACKSON HWY - STAUNTON, VA",BARISTA,69864,"115 LEE JACKSON HWY - STAUNTON, VA",115 Lee Jackson Hwy,Staunton,VA,,US,,1790395200,2026-09-26,5,2026-10-01,1790516390,2026-09-27,4,False,38.12389,-79.06589,481081018696,id:260079670,store:69864,Barista,onsite,"115 Lee Jackson Hwy, Staunton, Virginia, United States",1,VA,CONUS_L0_003_008;CONUS_L1_011_029;CONUS_L1_012_029,3
2026-10-01,260060600,https://apply.starbucks.com/careers/job/481080162909,"shift supervisor - Store# 82722, VERONA - LAUREL HILL RD & I-81",SHIFT_SUPERVISOR,82722,VERONA - LAUREL HILL RD & I-81,30 Lodge Ln,Verona,VA,,US,,1786593600,2026-08-13,49,2026-10-01,1786715122,2026-08-14,48,False,38.19500439999999,-78.9998434,481080162909,id:260060600,store:82722,Shift Supervisor,onsite,"30 Lodge Ln, Verona, Virginia, United States",1,VA,CONUS_L0_003_008;CONUS_L1_011_029;CONUS_L1_012_029,3
2026-10-01,260064005,https://apply.starbucks.com/careers/job/481080594403,"barista - Store# 82722, VERONA - LAUREL HILL RD & I-81",BARISTA,82722,VERONA - LAUREL HILL RD & I-81,30 Lodge Ln,Verona,VA,,US,,1787976000,2026-08-29,33,2026-10-01,1788097350,2026-08-30,32,False,38.19500439999999,-78.9998434,481080594403,id:260064005,store:82722,Barista,onsite,"30 Lodge Ln, Verona, Virginia, United States",1,VA,CONUS_L0_003_008;CONUS_L1_011_029;CONUS_L1_012_029,3
2026-10-01,260065303,https://apply.starbucks.com/careers/job/481080677525,"shift supervisor - Store# 11383, LANSDOWNE",SHIFT_SUPERVISOR,11383,LANSDOWNE,"19310 Front Street, Lansdowne Town Center",Leesburg,VA,,US,,1788321600,2026-09-02,29,2026-10-01,1788356969,2026-09-02,29,False,39.08143,-77.49768,481080677525,id:260065303,store:11383,Shift Supervisor,onsite,"19310 Front Street, Lansdowne Town Center, Leesburg, Virginia, United States",1,VA,CONUS_L0_003_008;CONUS_L1_012_030,2
2026-10-01,260066825,https://apply.starbucks.com/careers/job/481080698355,"shift supervisor - Store# 11383, LANSDOWNE",SHIFT_SUPERVISOR,11383,LANSDOWNE,"19310 Front Street, Lansdowne Town Center",Leesburg,VA,,US,,1788321600,2026-09-02,29,2026-10-01,1788455717,2026-09-03,28,False,39.08143,-77.49768,481080698355,id:260066825,store:11383,Shift Supervisor,onsite,"19310 Front Street, Lansdowne Town Center, Leesburg, Virginia, United States",1,VA,CONUS_L0_003_008;CONUS_L1_012_030,2
2026-10-01,260077926,https://apply.starbucks.com/careers/job/481080923083,"barista - Store# 11383, LANSDOWNE",BARISTA,11383,LANSDOWNE,"19310 Front Street, Lansdowne Town Center",Leesburg,VA,,US,,1789790400,2026-09-19,12,2026-10-01,1789911595,2026-09-20,11,False,39.08143,-77.49768,481080923083,id:260077926,store:11383,Barista,onsite,"19310 Front Street, Lansdowne Town Center, Leesburg, Virginia, United States",1,VA,CONUS_L0_003_008;CONUS_L1_012_030,2
2026-10-01,260062467,https://apply.starbucks.com/careers/job/481080494327,"shift supervisor - Store# 63946, COMPASS CREEK PKWY_LEESBURG",SHIFT_SUPERVISOR,63946,COMPASS CREEK PKWY_LEESBURG,500 Compass Point Plz SE,Leesburg,VA,,US,,1787630400,2026-08-25,37,2026-10-01,1787752243,2026-08-26,36,False,39.083582,-77.56269,481080494327,id:260062467,store:63946,Shift Supervisor,onsite,"500 Compass Point Plz SE, Leesburg, Virginia, United States",1,VA,CONUS_L0_003_008;CONUS_L1_012_030,2
2026-10-01,260072451,https://apply.starbucks.com/careers/job/481080795647,"barista - Store# 63946, COMPASS CREEK PKWY_LEESBURG",BARISTA,63946,COMPASS CREEK PKWY_LEESBURG,500 Compass Point Plz SE,Leesburg,VA,,US,,1789012800,2026-09-10,21,2026-10-01,1789135063,2026-09-11,20,False,39.083582,-77.56269,481080795647,id:260072451,store:63946,Barista,onsite,"500 Compass Point Plz SE, Leesburg, Virginia, United States",1,VA,CONUS_L0_003_008;CONUS_L1_012_030,2
2026-10-01,260079373,https://apply.starbucks.com/careers/job/481080998555,"barista - Store# 07827, BATTLEFIELD",BARISTA,07827,BATTLEFIELD,1011 Edwards Ferry Rd NE,Leesburg,VA,,US,,1790222400,2026-09-24,7,2026-10-01,1790343952,2026-09-25,6,False,39.1128392,-77.53518319999999,481080998555,id:260079373,store:07827,Barista,onsite,"1011 Edwards Ferry Rd NE, Leesburg, Virginia, United States",1,VA,CONUS_L0_003_008;CONUS_L1_012_030,2
2026-10-01,260076439,https://apply.starbucks.com/careers/job/481080861962,"shift supervisor - Store# 07827, BATTLEFIELD",SHIFT_SUPERVISOR,07827,BATTLEFIELD,1011 Edwards Ferry Rd NE,Leesburg,VA,,US,,1789444800,2026-09-15,16,2026-10-01,1789566870,2026-09-16,15,False,39.1128392,-77.53518319999999,481080861962,id:260076439,store:07827,Shift Supervisor,onsite,"1011 Edwards Ferry Rd NE, Leesburg, Virginia, United States",1,VA,CONUS_L0_003_008;CONUS_L1_012_030,2
2026-10-01,260059683,https://apply.starbucks.com/careers/job/481080037280,"barista - Store# 07423, LEESBURG",BARISTA,07423,LEESBURG,526 E. Market Street,Leesburg,VA,,US,,1785902400,2026-08-05,57,2026-10-01,1786023731,2026-08-06,56,False,39.10916,-77.55211,481080037280,id:260059683,store:07423,Barista,onsite,"526 E. Market Street, Leesburg, Virginia, United States",1,VA,CONUS_L0_003_008;CONUS_L1_012_030,2
2026-10-01,260077218,https://apply.starbucks.com/careers/job/481080890764,"shift supervisor - Store# 07423, LEESBURG",SHIFT_SUPERVISOR,07423,LEESBURG,526 E. Market Street,Leesburg,VA,,US,,1789617600,2026-09-17,14,2026-10-01,1789738964,2026-09-18,13,False,39.10916,-77.55211,481080890764,id:260077218,store:07423,Shift Supervisor,onsite,"526 E. Market Street, Leesburg, Virginia, United States",1,VA,CONUS_L0_003_008;CONUS_L1_012_030,2
2026-10-01,260075276,https://apply.starbucks.com/careers/job/481080821485,"barista - Store# 82863, STONE PORT",BARISTA,82863,STONE PORT,1926 Stone Port Blvd,Harrisonburg,VA,,US,,1789272000,2026-09-13,18,2026-10-01,1789394796,2026-09-14,17,False,38.4042084,-78.8691715,481080821485,id:260075276,store:82863,Barista,onsite,"1926 Stone Port Blvd, Harrisonburg, Virginia, United States",1,VA,CONUS_L0_003_008;CONUS_L1_011_029;CONUS_L1_012_029,3
2026-10-01,260073094,https://apply.starbucks.com/careers/job/481080797810,"shift supervisor - Store# 82863, STONE PORT",SHIFT_SUPERVISOR,82863,STONE PORT,1926 Stone Port Blvd,Harrisonburg,VA,,US,,1789012800,2026-09-10,21,2026-10-01,1789135611,2026-09-11,20,False,38.4042084,-78.8691715,481080797810,id:260073094,store:82863,Shift Supervisor,onsite,"1926 Stone Port Blvd, Harrisonburg, Virginia, United States",1,VA,CONUS_L0_003_008;CONUS_L1_011_029;CONUS_L1_012_029,3
2026-10-01,260054125,https://apply.starbucks.com/careers/job/481079405000,"barista - Store# 69861, LEXINGTON - NORTH LEE HIGHWAY",BARISTA,69861,LEXINGTON - NORTH LEE HIGHWAY,744 N Lee Hwy,Lexington,VA,,US,,1783569600,2026-07-09,84,2026-10-01,1783691123,2026-07-10,83,False,37.79604,-79.42223,481079405000,id:260054125,store:69861,Barista,onsite,"744 N Lee Hwy, Lexington, Virginia, United States",1,VA,CONUS_L0_003_008;CONUS_L1_011_028;CONUS_L1_011_029,3
2026-10-01,260072043,https://apply.starbucks.com/careers/job/481080765056,"shift supervisor - Store# 69861, LEXINGTON - NORTH LEE HIGHWAY",SHIFT_SUPERVISOR,69861,LEXINGTON - NORTH LEE HIGHWAY,744 N Lee Hwy,Lexington,VA,,US,,1788840000,2026-09-08,23,2026-10-01,1788961614,2026-09-09,22,False,37.79604,-79.42223,481080765056,id:260072043,store:69861,Shift Supervisor,onsite,"744 N Lee Hwy, Lexington, Virginia, United States",1,VA,CONUS_L0_003_008;CONUS_L1_011_028;CONUS_L1_011_029,3
2026-10-01,260069911,https://apply.starbucks.com/careers/job/481080730832,"shift supervisor - Store# 58772, MARKET STREET AND UNIVERSITY",SHIFT_SUPERVISOR,58772,MARKET STREET AND UNIVERSITY,1756 E Market St,Harrisonburg,VA,,US,,1788580800,2026-09-05,26,2026-10-01,1788702475,2026-09-06,25,False,38.43222,-78.84278,481080730832,id:260069911,store:58772,Shift Supervisor,onsite,"1756 E Market St, Harrisonburg, Virginia, United States",1,VA,CONUS_L0_003_008;CONUS_L1_011_029;CONUS_L1_012_029,3
2026-10-01,260077415,https://apply.starbucks.com/careers/job/481080891034,"shift supervisor - Store# 53566, PORT REPUBLIC AND I-81",SHIFT_SUPERVISOR,53566,PORT REPUBLIC AND I-81,715 Port Republic Rd,Harrisonburg,VA,,US,,1789617600,2026-09-17,14,2026-10-01,1789739135,2026-09-18,13,False,38.4270072,-78.8747334,481080891034,id:260077415,store:53566,Shift Supervisor,onsite,"715 Port Republic Rd, Harrisonburg, Virginia, United States",1,VA,CONUS_L0_003_008;CONUS_L1_011_029;CONUS_L1_012_029,3
2026-10-01,260079787,https://apply.starbucks.com/careers/job/481081018855,"barista - Store# 53566, PORT REPUBLIC AND I-81",BARISTA,53566,PORT REPUBLIC AND I-81,715 Port Republic Rd,Harrisonburg,VA,,US,,1790395200,2026-09-26,5,2026-10-01,1790516494,2026-09-27,4,False,38.4270072,-78.8747334,481081018855,id:260079787,store:53566,Barista,onsite,"715 Port Republic Rd, Harrisonburg, Virginia, United States",1,VA,CONUS_L0_003_008;CONUS_L1_011_029;CONUS_L1_012_029,3
2026-10-01,260064762,https://apply.starbucks.com/careers/job/481080614118,"barista - Store# 11575, JAMES MADISON SQUARE",BARISTA,11575,JAMES MADISON SQUARE,1306 Hillside Ave,Harrisonburg,VA,,US,,1788062400,2026-08-30,32,2026-10-01,1788184086,2026-08-31,31,False,38.4302673,-78.8762584,481080614118,id:260064762,store:11575,Barista,onsite,"1306 Hillside Ave, Harrisonburg, Virginia, United States",1,VA,CONUS_L0_003_008;CONUS_L1_011_029;CONUS_L1_012_029,3
2026-10-01,260064144,https://apply.starbucks.com/careers/job/481080612708,"shift supervisor - Store# 11575, JAMES MADISON SQUARE",SHIFT_SUPERVISOR,11575,JAMES MADISON SQUARE,1306 Hillside Ave,Harrisonburg,VA,,US,,1788062400,2026-08-30,32,2026-10-01,1788183570,2026-08-31,31,False,38.4302673,-78.8762584,481080612708,id:260064144,store:11575,Shift Supervisor,onsite,"1306 Hillside Ave, Harrisonburg, Virginia, United States",1,VA,CONUS_L0_003_008;CONUS_L1_011_029;CONUS_L1_012_029,3
2026-10-01,260063881,https://apply.starbucks.com/careers/job/481080569611,"store manager, Harrisonburg, Grottoes, Bridgewater",STORE_MANAGER,,,,Harrisonburg,VA,,US,,1790343696,2026-09-25,6,2026-10-01,1787928047,2026-08-28,34,True,38.4495688,-78.8689155,481080569611,id:260063881,,Coffeehouse Leader,onsite,"Harrisonburg, Virginia, United States",1,VA,CONUS_L0_003_008;CONUS_L1_011_029;CONUS_L1_012_029,3
2026-10-01,260070187,https://apply.starbucks.com/careers/job/481080731201,"shift supervisor - Store# 60629, MARTINSVILLE",SHIFT_SUPERVISOR,60629,MARTINSVILLE,"101 W Commonwealth Blvd, A",Martinsville,VA,,US,,1788580800,2026-09-05,26,2026-10-01,1788702694,2026-09-06,25,False,36.69509,-79.8742,481080731201,id:260070187,store:60629,Shift Supervisor,onsite,"101 W Commonwealth Blvd, A, Martinsville, Virginia, United States",1,VA,CONUS_L0_003_008;CONUS_L1_010_029,2
2026-10-01,260071313,https://apply.starbucks.com/careers/job/481080742673,"shift supervisor - Store# 63028, 200 REMOUNT ROAD, GATEWAY PLAZA",SHIFT_SUPERVISOR,63028,"200 REMOUNT ROAD, GATEWAY PLAZA",200 Remount Rd,Front Royal,VA,,US,,1788667200,2026-09-06,25,2026-10-01,1788789118,2026-09-07,24,False,38.90954,-78.1845,481080742673,id:260071313,store:63028,Shift Supervisor,onsite,"200 Remount Rd, Front Royal, Virginia, United States",1,VA,CONUS_L0_003_008;CONUS_L1_012_029;CONUS_L1_012_030,3
2026-10-01,260057431,https://apply.starbucks.com/careers/job/481079604800,"barista - Store# 63028, 200 REMOUNT ROAD, GATEWAY PLAZA",BARISTA,63028,"200 REMOUNT ROAD, GATEWAY PLAZA",200 Remount Rd,Front Royal,VA,,US,,1784433600,2026-07-19,74,2026-10-01,1784554758,2026-07-20,73,False,38.90954,-78.1845,481079604800,id:260057431,store:63028,Barista,onsite,"200 Remount Rd, Front Royal, Virginia, United States",1,VA,CONUS_L0_003_008;CONUS_L1_012_029;CONUS_L1_012_030,3
2026-10-01,260059697,https://apply.starbucks.com/careers/job/481080037297,"barista - Store# 20388, PURCELLVILLE GATEWAY SHOPPING CENTER",BARISTA,20388,PURCELLVILLE GATEWAY SHOPPING CENTER,140A Purcellville Gateway Dr,Purcellville,VA,,US,,1785902400,2026-08-05,57,2026-10-01,1786023745,2026-08-06,56,False,39.13639,-77.69323,481080037297,id:260059697,store:20388,Barista,onsite,"140A Purcellville Gateway Dr, Purcellville, Virginia, United States",1,VA,CONUS_L0_003_008;CONUS_L1_012_030,2
2026-10-01,260070506,https://apply.starbucks.com/careers/job/481080741574,"shift supervisor - Store# 20388, PURCELLVILLE GATEWAY SHOPPING CENTER",SHIFT_SUPERVISOR,20388,PURCELLVILLE GATEWAY SHOPPING CENTER,140A Purcellville Gateway Dr,Purcellville,VA,,US,,1788667200,2026-09-06,25,2026-10-01,1788788473,2026-09-07,24,False,39.13639,-77.69323,481080741574,id:260070506,store:20388,Shift Supervisor,onsite,"140A Purcellville Gateway Dr, Purcellville, Virginia, United States",1,VA,CONUS_L0_003_008;CONUS_L1_012_030,2
2026-10-01,260076738,https://apply.starbucks.com/careers/job/481080862583,"barista - Store# 67640, RT 220 & RT 40 - ROCKY MOUNT",BARISTA,67640,RT 220 & RT 40 - ROCKY MOUNT,591 Old Franklin Turnpike,Rocky Mount,VA,,US,,1789444800,2026-09-15,16,2026-10-01,1789567130,2026-09-16,15,False,37.01626,-79.86452,481080862583,id:260076738,store:67640,Barista,onsite,"591 Old Franklin Turnpike, Rocky Mount, Virginia, United States",1,VA,CONUS_L0_003_008;CONUS_L1_010_029;CONUS_L1_011_028,3
2026-10-01,260070864,https://apply.starbucks.com/careers/job/481080742005,"shift supervisor - Store# 67640, RT 220 & RT 40 - ROCKY MOUNT",SHIFT_SUPERVISOR,67640,RT 220 & RT 40 - ROCKY MOUNT,591 Old Franklin Turnpike,Rocky Mount,VA,,US,,1788667200,2026-09-06,25,2026-10-01,1788788754,2026-09-07,24,False,37.01626,-79.86452,481080742005,id:260070864,store:67640,Shift Supervisor,onsite,"591 Old Franklin Turnpike, Rocky Mount, Virginia, United States",1,VA,CONUS_L0_003_008;CONUS_L1_010_029;CONUS_L1_011_028,3
2026-10-01,260065148,https://apply.starbucks.com/careers/job/481080677286,"barista - Store# 11151, RIVERTON COMMONS I-66",BARISTA,11151,RIVERTON COMMONS I-66,"125 Riverton Commons Plaza, Riverton Commons Power Center",Front Royal,VA,,US,,1788321600,2026-09-02,29,2026-10-01,1788356829,2026-09-02,29,False,38.96466,-78.18933,481080677286,id:260065148,store:11151,Barista,onsite,"125 Riverton Commons Plaza, Riverton Commons Power Center, Front Royal, Virginia, United States",1,VA,CONUS_L0_003_008;CONUS_L1_012_029;CONUS_L1_012_030,3
2026-10-01,260064309,https://apply.starbucks.com/careers/job/481080613066,"shift supervisor - Store# 11151, RIVERTON COMMONS I-66",SHIFT_SUPERVISOR,11151,RIVERTON COMMONS I-66,"125 Riverton Commons Plaza, Riverton Commons Power Center",Front Royal,VA,,US,,1788062400,2026-08-30,32,2026-10-01,1788183708,2026-08-31,31,False,38.96466,-78.18933,481080613066,id:260064309,store:11151,Shift Supervisor,onsite,"125 Riverton Commons Plaza, Riverton Commons Power Center, Front Royal, Virginia, United States",1,VA,CONUS_L0_003_008;CONUS_L1_012_029;CONUS_L1_012_030,3
2026-10-01,260069698,https://apply.starbucks.com/careers/job/481080730578,"shift supervisor - Store# 56779, BLUE HILLS",SHIFT_SUPERVISOR,56779,BLUE HILLS,3601 Blue Hills Village Dr NE,Roanoke,VA,,US,,1788580800,2026-09-05,26,2026-10-01,1788702308,2026-09-06,25,False,37.30757,-79.88933,481080730578,id:260069698,store:56779,Shift Supervisor,onsite,"3601 Blue Hills Village Dr NE, Roanoke, Virginia, United States",1,VA,CONUS_L0_003_008;CONUS_L1_011_028,2
2026-10-01,260078068,https://apply.starbucks.com/careers/job/481080923559,"barista - Store# 56779, BLUE HILLS",BARISTA,56779,BLUE HILLS,3601 Blue Hills Village Dr NE,Roanoke,VA,,US,,1789790400,2026-09-19,12,2026-10-01,1789911714,2026-09-20,11,False,37.30757,-79.88933,481080923559,id:260078068,store:56779,Barista,onsite,"3601 Blue Hills Village Dr NE, Roanoke, Virginia, United States",1,VA,CONUS_L0_003_008;CONUS_L1_011_028,2
2026-10-01,260057047,https://apply.starbucks.com/careers/job/481079556154,"barista - Store# 60647, I-81 & WEST RESERVOIR RD, WOODSTOCK",BARISTA,60647,"I-81 & WEST RESERVOIR RD, WOODSTOCK","526 West Reservoir Road, 101",Woodstock,VA,,US,,1784174400,2026-07-16,77,2026-10-01,1784295863,2026-07-17,76,False,38.87315,-78.53157,481079556154,id:260057047,store:60647,Barista,onsite,"526 West Reservoir Road, 101, Woodstock, Virginia, United States",1,VA,CONUS_L0_003_008;CONUS_L1_012_029;CONUS_L1_012_030,3
2026-10-01,260069717,https://apply.starbucks.com/careers/job/481080730611,"shift supervisor - Store# 60647, I-81 & WEST RESERVOIR RD, WOODSTOCK",SHIFT_SUPERVISOR,60647,"I-81 & WEST RESERVOIR RD, WOODSTOCK","526 West Reservoir Road, 101",Woodstock,VA,,US,,1788580800,2026-09-05,26,2026-10-01,1788702323,2026-09-06,25,False,38.87315,-78.53157,481080730611,id:260069717,store:60647,Shift Supervisor,onsite,"526 West Reservoir Road, 101, Woodstock, Virginia, United States",1,VA,CONUS_L0_003_008;CONUS_L1_012_029;CONUS_L1_012_030,3
2026-10-01,260072142,https://apply.starbucks.com/careers/job/481080765270,"barista - Store# 22002, THE BRIDGES",BARISTA,22002,THE BRIDGES,8 Old Whitmore Ave,Roanoke,VA,,US,,1788840000,2026-09-08,23,2026-10-01,1788961693,2026-09-09,22,False,37.25659,-79.94121,481080765270,id:260072142,store:22002,Barista,onsite,"8 Old Whitmore Ave, Roanoke, Virginia, United States",1,VA,CONUS_L0_003_008;CONUS_L1_011_028,2
2026-10-01,260078176,https://apply.starbucks.com/careers/job/481080923815,"shift supervisor - Store# 22002, THE BRIDGES",SHIFT_SUPERVISOR,22002,THE BRIDGES,8 Old Whitmore Ave,Roanoke,VA,,US,,1789790400,2026-09-19,12,2026-10-01,1789911803,2026-09-20,11,False,37.25659,-79.94121,481080923815,id:260078176,store:22002,Shift Supervisor,onsite,"8 Old Whitmore Ave, Roanoke, Virginia, United States",1,VA,CONUS_L0_003_008;CONUS_L1_011_028,2
2026-10-01,260068947,https://apply.starbucks.com/careers/job/481080710321,"shift supervisor - Store# 49983, Orange Ave. & Williamson Rd.",SHIFT_SUPERVISOR,49983,Orange Ave. & Williamson Rd.,526 Orange Avenue,Roanoke,VA,,US,,1788408000,2026-09-03,28,2026-10-01,1788530169,2026-09-04,27,False,37.28279,-79.93225,481080710321,id:260068947,store:49983,Shift Supervisor,onsite,"526 Orange Avenue, Roanoke, Virginia, United States",1,VA,CONUS_L0_003_008;CONUS_L1_011_028,2
2026-10-01,260068686,https://apply.starbucks.com/careers/job/481080709916,"barista - Store# 49983, Orange Ave. & Williamson Rd.",BARISTA,49983,Orange Ave. & Williamson Rd.,526 Orange Avenue,Roanoke,VA,,US,,1788408000,2026-09-03,28,2026-10-01,1788529950,2026-09-04,27,False,37.28279,-79.93225,481080709916,id:260068686,store:49983,Barista,onsite,"526 Orange Avenue, Roanoke, Virginia, United States",1,VA,CONUS_L0_003_008;CONUS_L1_011_028,2
2026-10-01,260064839,https://apply.starbucks.com/careers/job/481080614009,"shift supervisor - Store# 11152, TOWERS, VA",SHIFT_SUPERVISOR,11152,"TOWERS, VA",2112 Colonial Ave SW,Roanoke,VA,,US,,1788062400,2026-08-30,32,2026-10-01,1788184152,2026-08-31,31,False,37.25489,-79.95516,481080614009,id:260064839,store:11152,Shift Supervisor,onsite,"2112 Colonial Ave SW, Roanoke, Virginia, United States",1,VA,CONUS_L0_003_008;CONUS_L1_011_028,2
2026-10-01,260075767,https://apply.starbucks.com/careers/job/481080840576,"barista - Store# 11152, TOWERS, VA",BARISTA,11152,"TOWERS, VA",2112 Colonial Ave SW,Roanoke,VA,,US,,1789358400,2026-09-14,17,2026-10-01,1789480026,2026-09-15,16,False,37.25489,-79.95516,481080840576,id:260075767,store:11152,Barista,onsite,"2112 Colonial Ave SW, Roanoke, Virginia, United States",1,VA,CONUS_L0_003_008;CONUS_L1_011_028,2
2026-10-01,260058455,https://apply.starbucks.com/careers/job/481079865515,"barista - Store# 57684, STEPHENS CITY-131 TOWN RUN LANE",BARISTA,57684,STEPHENS CITY-131 TOWN RUN LANE,131 Town Run Ln,Stephens City,VA,,US,,1785038400,2026-07-26,67,2026-10-01,1785159924,2026-07-27,66,False,39.08004,-78.21457,481079865515,id:260058455,store:57684,Barista,onsite,"131 Town Run Ln, Stephens City, Virginia, United States",1,VA,CONUS_L0_003_008;CONUS_L1_012_029;CONUS_L1_012_030,3
2026-10-01,260069926,https://apply.starbucks.com/careers/job/481080730839,"shift supervisor - Store# 57684, STEPHENS CITY-131 TOWN RUN LANE",SHIFT_SUPERVISOR,57684,STEPHENS CITY-131 TOWN RUN LANE,131 Town Run Ln,Stephens City,VA,,US,,1788580800,2026-09-05,26,2026-10-01,1788702487,2026-09-06,25,False,39.08004,-78.21457,481080730839,id:260069926,store:57684,Shift Supervisor,onsite,"131 Town Run Ln, Stephens City, Virginia, United States",1,VA,CONUS_L0_003_008;CONUS_L1_012_029;CONUS_L1_012_030,3
2026-10-01,260075716,https://apply.starbucks.com/careers/job/481080840486,"barista - Store# 11660, SOUTHERN HILLS",BARISTA,11660,SOUTHERN HILLS,"4109 SOUTHERN HILLS DR SW, Southern Hills",Roanoke,VA,,US,,1789358400,2026-09-14,17,2026-10-01,1789479981,2026-09-15,16,False,37.2259178,-79.9692185,481080840486,id:260075716,store:11660,Barista,onsite,"4109 SOUTHERN HILLS DR SW, Southern Hills, Roanoke, Virginia, United States",1,VA,CONUS_L0_003_008;CONUS_L1_011_028,2
2026-10-01,260064323,https://apply.starbucks.com/careers/job/481080613068,"shift supervisor - Store# 11660, SOUTHERN HILLS",SHIFT_SUPERVISOR,11660,SOUTHERN HILLS,"4109 SOUTHERN HILLS DR SW, Southern Hills",Roanoke,VA,,US,,1788062400,2026-08-30,32,2026-10-01,1788183720,2026-08-31,31,False,37.2259178,-79.9692185,481080613068,id:260064323,store:11660,Shift Supervisor,onsite,"4109 SOUTHERN HILLS DR SW, Southern Hills, Roanoke, Virginia, United States",1,VA,CONUS_L0_003_008;CONUS_L1_011_028,2
2026-10-01,260068345,https://apply.starbucks.com/careers/job/481080709340,"shift supervisor - Store# 09851, VALLEY VIEW",SHIFT_SUPERVISOR,09851,VALLEY VIEW,"4801 Valley View Blvd NW, Valley View, Suite G",Roanoke,VA,,US,,1788408000,2026-09-03,28,2026-10-01,1788529656,2026-09-04,27,False,37.3023921,-79.9585195,481080709340,id:260068345,store:09851,Shift Supervisor,onsite,"4801 Valley View Blvd NW, Valley View, Suite G, Roanoke, Virginia, United States",1,VA,CONUS_L0_003_008;CONUS_L1_011_028,2
2026-10-01,260063185,https://apply.starbucks.com/careers/job/481080565644,"barista - Store# 09851, VALLEY VIEW",BARISTA,09851,VALLEY VIEW,"4801 Valley View Blvd NW, Valley View, Suite G",Roanoke,VA,,US,,1787803200,2026-08-27,35,2026-10-01,1787924720,2026-08-28,34,False,37.3023921,-79.9585195,481080565644,id:260063185,store:09851,Barista,onsite,"4801 Valley View Blvd NW, Valley View, Suite G, Roanoke, Virginia, United States",1,VA,CONUS_L0_003_008;CONUS_L1_011_028,2
2026-10-01,260070670,https://apply.starbucks.com/careers/job/481080741818,"shift supervisor - Store# 63221, 1309 HERSHBERGER ROAD",SHIFT_SUPERVISOR,63221,1309 HERSHBERGER ROAD,1309 Hershberger Rd,Roanoke,VA,,US,,1788667200,2026-09-06,25,2026-10-01,1788788600,2026-09-07,24,False,37.31601,-79.95716,481080741818,id:260070670,store:63221,Shift Supervisor,onsite,"1309 Hershberger Rd, Roanoke, Virginia, United States",1,VA,CONUS_L0_003_008;CONUS_L1_011_028,2
2026-10-01,260076402,https://apply.starbucks.com/careers/job/481080861899,"barista - Store# 63221, 1309 HERSHBERGER ROAD",BARISTA,63221,1309 HERSHBERGER ROAD,1309 Hershberger Rd,Roanoke,VA,,US,,1789444800,2026-09-15,16,2026-10-01,1789566839,2026-09-16,15,False,37.31601,-79.95716,481080861899,id:260076402,store:63221,Barista,onsite,"1309 Hershberger Rd, Roanoke, Virginia, United States",1,VA,CONUS_L0_003_008;CONUS_L1_011_028,2
2026-10-01,260071654,https://apply.starbucks.com/careers/job/481080764463,"shift supervisor - Store# 78651, I-81 AND PLANTATION LANE - HOLLINS",SHIFT_SUPERVISOR,78651,I-81 AND PLANTATION LANE - HOLLINS,7515 Friendship Ln,Roanoke,VA,,US,,1788840000,2026-09-08,23,2026-10-01,1788961300,2026-09-09,22,False,37.35709,-79.95591,481080764463,id:260071654,store:78651,Shift Supervisor,onsite,"7515 Friendship Ln, Roanoke, Virginia, United States",1,VA,CONUS_L0_003_008;CONUS_L1_011_028,2
2026-10-01,260072032,https://apply.starbucks.com/careers/job/481080765051,"shift supervisor - Store# 78650, BRAMBLETON & ELECTRIC",SHIFT_SUPERVISOR,78650,BRAMBLETON & ELECTRIC,4021 Brambleton Ave,Roanoke,VA,,US,,1788840000,2026-09-08,23,2026-10-01,1788961605,2026-09-09,22,False,37.2320509,-80.00836489999999,481080765051,id:260072032,store:78650,Shift Supervisor,onsite,"4021 Brambleton Ave, Roanoke, Virginia, United States",1,VA,CONUS_L0_003_008;CONUS_L1_011_028,2
2026-10-01,260072127,https://apply.starbucks.com/careers/job/481080765179,"barista - Store# 78650, BRAMBLETON & ELECTRIC",BARISTA,78650,BRAMBLETON & ELECTRIC,4021 Brambleton Ave,Roanoke,VA,,US,,1788840000,2026-09-08,23,2026-10-01,1788961681,2026-09-09,22,False,37.2320509,-80.00836489999999,481080765179,id:260072127,store:78650,Barista,onsite,"4021 Brambleton Ave, Roanoke, Virginia, United States",1,VA,CONUS_L0_003_008;CONUS_L1_011_028,2
2026-10-01,260070393,https://apply.starbucks.com/careers/job/481080741401,"barista - Store# 25833, 1690 S PLEASANT VALLEY ROAD",BARISTA,25833,1690 S PLEASANT VALLEY ROAD,1690 S Pleasant Valley Rd,Winchester,VA,,US,,1788667200,2026-09-06,25,2026-10-01,1788788382,2026-09-07,24,False,39.1657468,-78.16418139999999,481080741401,id:260070393,store:25833,Barista,onsite,"1690 S Pleasant Valley Rd, Winchester, Virginia, United States",1,VA,CONUS_L0_003_008;CONUS_L1_012_030,2
2026-10-01,260067108,https://apply.starbucks.com/careers/job/481080698724,"shift supervisor - Store# 25833, 1690 S PLEASANT VALLEY ROAD",SHIFT_SUPERVISOR,25833,1690 S PLEASANT VALLEY ROAD,1690 S Pleasant Valley Rd,Winchester,VA,,US,,1788321600,2026-09-02,29,2026-10-01,1788455983,2026-09-03,28,False,39.1657468,-78.16418139999999,481080698724,id:260067108,store:25833,Shift Supervisor,onsite,"1690 S Pleasant Valley Rd, Winchester, Virginia, United States",1,VA,CONUS_L0_003_008;CONUS_L1_012_030,2
2026-10-01,260065586,https://apply.starbucks.com/careers/job/481080677985,"shift supervisor - Store# 25833, 1690 S PLEASANT VALLEY ROAD",SHIFT_SUPERVISOR,25833,1690 S PLEASANT VALLEY ROAD,1690 S Pleasant Valley Rd,Winchester,VA,,US,,1788321600,2026-09-02,29,2026-10-01,1788357219,2026-09-02,29,False,39.1657468,-78.16418139999999,481080677985,id:260065586,store:25833,Shift Supervisor,onsite,"1690 S Pleasant Valley Rd, Winchester, Virginia, United States",1,VA,CONUS_L0_003_008;CONUS_L1_012_030,2
2026-10-01,260073495,https://apply.starbucks.com/careers/job/481080812793,"barista - Store# 65181, 1828 ELECTRIC RD",BARISTA,65181,1828 ELECTRIC RD,1828 Electric Rd,Roanoke,VA,,US,,1789185600,2026-09-12,19,2026-10-01,1789306956,2026-09-13,18,False,37.24922,-80.03568,481080812793,id:260073495,store:65181,Barista,onsite,"1828 Electric Rd, Roanoke, Virginia, United States",1,VA,CONUS_L0_003_008;CONUS_L1_011_028,2
2026-10-01,260073906,https://apply.starbucks.com/careers/job/481080813517,"shift supervisor - Store# 65181, 1828 ELECTRIC RD",SHIFT_SUPERVISOR,65181,1828 ELECTRIC RD,1828 Electric Rd,Roanoke,VA,,US,,1789185600,2026-09-12,19,2026-10-01,1789307342,2026-09-13,18,False,37.24922,-80.03568,481080813517,id:260073906,store:65181,Shift Supervisor,onsite,"1828 Electric Rd, Roanoke, Virginia, United States",1,VA,CONUS_L0_003_008;CONUS_L1_011_028,2
2026-10-01,260074005,https://apply.starbucks.com/careers/job/481080813635,"barista - Store# 10417, WINCHESTER GATEWAY- BERRYVILLE PIKE",BARISTA,10417,WINCHESTER GATEWAY- BERRYVILLE PIKE,"161 Gateway Drive, Winchester Gateway, Suite 5",Winchester,VA,,US,,1789185600,2026-09-12,19,2026-10-01,1789307433,2026-09-13,18,False,39.1861362,-78.1314552,481080813635,id:260074005,store:10417,Barista,onsite,"161 Gateway Drive, Winchester Gateway, Suite 5, Winchester, Virginia, United States",1,VA,CONUS_L0_003_008;CONUS_L1_012_030,2
2026-10-01,260079060,https://apply.starbucks.com/careers/job/481080965265,"shift supervisor - Store# 10417, WINCHESTER GATEWAY- BERRYVILLE PIKE",SHIFT_SUPERVISOR,10417,WINCHESTER GATEWAY- BERRYVILLE PIKE,"161 Gateway Drive, Winchester Gateway, Suite 5",Winchester,VA,,US,,1790049600,2026-09-22,9,2026-10-01,1790171155,2026-09-23,8,False,39.1861362,-78.1314552,481080965265,id:260079060,store:10417,Shift Supervisor,onsite,"161 Gateway Drive, Winchester Gateway, Suite 5, Winchester, Virginia, United States",1,VA,CONUS_L0_003_008;CONUS_L1_012_030,2
2026-10-01,260067380,https://apply.starbucks.com/careers/job/481080698998,"shift supervisor - Store# 11080, S ELECTRIC RD AND E MAIN ST",SHIFT_SUPERVISOR,11080,S ELECTRIC RD AND E MAIN ST,"121 Electric Rd, Lakeside Plaza",Salem,VA,,US,,1788321600,2026-09-02,29,2026-10-01,1788456245,2026-09-03,28,False,37.29689,-80.02752,481080698998,id:260067380,store:11080,Shift Supervisor,onsite,"121 Electric Rd, Lakeside Plaza, Salem, Virginia, United States",1,VA,CONUS_L0_003_008;CONUS_L1_011_028,2
2026-10-01,260069414,https://apply.starbucks.com/careers/job/481080730225,"barista - Store# 11080, S ELECTRIC RD AND E MAIN ST",BARISTA,11080,S ELECTRIC RD AND E MAIN ST,"121 Electric Rd, Lakeside Plaza",Salem,VA,,US,,1788580800,2026-09-05,26,2026-10-01,1788702083,2026-09-06,25,False,37.29689,-80.02752,481080730225,id:260069414,store:11080,Barista,onsite,"121 Electric Rd, Lakeside Plaza, Salem, Virginia, United States",1,VA,CONUS_L0_003_008;CONUS_L1_011_028,2
2026-10-01,260069539,https://apply.starbucks.com/careers/job/481080730427,"shift supervisor - Store# 60459, RUTHERFORD CROSSING_MARKET STREET",SHIFT_SUPERVISOR,60459,RUTHERFORD CROSSING_MARKET STREET,109 Market St,Winchester,VA,,US,,1788580800,2026-09-05,26,2026-10-01,1788702180,2026-09-06,25,False,39.21907,-78.13547,481080730427,id:260069539,store:60459,Shift Supervisor,onsite,"109 Market St, Winchester, Virginia, United States",1,VA,CONUS_L0_003_008;CONUS_L1_012_030,2
2026-10-01,260078075,https://apply.starbucks.com/careers/job/481080923587,"barista - Store# 60459, RUTHERFORD CROSSING_MARKET STREET",BARISTA,60459,RUTHERFORD CROSSING_MARKET STREET,109 Market St,Winchester,VA,,US,,1789790400,2026-09-19,12,2026-10-01,1789911719,2026-09-20,11,False,39.21907,-78.13547,481080923587,id:260078075,store:60459,Barista,onsite,"109 Market St, Winchester, Virginia, United States",1,VA,CONUS_L0_003_008;CONUS_L1_012_030,2
2026-10-01,260064262,https://apply.starbucks.com/careers/job/481080612967,"shift supervisor - Store# 11209, SPARTAN SQUARE",SHIFT_SUPERVISOR,11209,SPARTAN SQUARE,"1499 W Main St, Spartan Square",Salem,VA,,US,,1788062400,2026-08-30,32,2026-10-01,1788183669,2026-08-31,31,False,37.28963,-80.08222,481080612967,id:260064262,store:11209,Shift Supervisor,onsite,"1499 W Main St, Spartan Square, Salem, Virginia, United States",1,VA,CONUS_L0_003_008;CONUS_L1_011_028,2
2026-10-01,260070166,https://apply.starbucks.com/careers/job/481080731166,"barista - Store# 11209, SPARTAN SQUARE",BARISTA,11209,SPARTAN SQUARE,"1499 W Main St, Spartan Square",Salem,VA,,US,,1788580800,2026-09-05,26,2026-10-01,1788702677,2026-09-06,25,False,37.28963,-80.08222,481080731166,id:260070166,store:11209,Barista,onsite,"1499 W Main St, Spartan Square, Salem, Virginia, United States",1,VA,CONUS_L0_003_008;CONUS_L1_011_028,2
2026-10-01,260070379,https://apply.starbucks.com/careers/job/481080741370,"shift supervisor - Store# 65030, I-81 & ROANOKE RD, CHRISTIANSBURG",SHIFT_SUPERVISOR,65030,"I-81 & ROANOKE RD, CHRISTIANSBURG",2355 Roanoke St,Christiansburg,VA,,US,,1788667200,2026-09-06,25,2026-10-01,1788788371,2026-09-07,24,False,37.13593,-80.36229,481080741370,id:260070379,store:65030,Shift Supervisor,onsite,"2355 Roanoke St, Christiansburg, Virginia, United States",1,VA,CONUS_L0_003_008;CONUS_L1_010_028;CONUS_L1_011_028,3
2026-10-01,260058615,https://apply.starbucks.com/careers/job/481079907020,"barista - Store# 65030, I-81 & ROANOKE RD, CHRISTIANSBURG",BARISTA,65030,"I-81 & ROANOKE RD, CHRISTIANSBURG",2355 Roanoke St,Christiansburg,VA,,US,,1785124800,2026-07-27,66,2026-10-01,1785246134,2026-07-28,65,False,37.13593,-80.36229,481079907020,id:260058615,store:65030,Barista,onsite,"2355 Roanoke St, Christiansburg, Virginia, United States",1,VA,CONUS_L0_003_008;CONUS_L1_010_028;CONUS_L1_011_028,3
2026-10-01,260065399,https://apply.starbucks.com/careers/job/481080677897,"shift supervisor - Store# 25094, FIRST AND MAIN - BLACKSBURG",SHIFT_SUPERVISOR,25094,FIRST AND MAIN - BLACKSBURG,"1450 S Main St, 108",Blacksburg,VA,,US,,1788321600,2026-09-02,29,2026-10-01,1788357055,2026-09-02,29,False,37.21411,-80.40095,481080677897,id:260065399,store:25094,Shift Supervisor,onsite,"1450 S Main St, 108, Blacksburg, Virginia, United States",1,VA,CONUS_L0_003_008;CONUS_L1_011_028,2
2026-10-01,260075777,https://apply.starbucks.com/careers/job/481080840595,"barista - Store# 09785, CHRISTIANSBURG",BARISTA,09785,CHRISTIANSBURG,2700 Market St,Christiansburg,VA,,US,,1789358400,2026-09-14,17,2026-10-01,1789480035,2026-09-15,16,False,37.16725,-80.42166,481080840595,id:260075777,store:09785,Barista,onsite,"2700 Market St, Christiansburg, Virginia, United States",1,VA,CONUS_L0_003_008;CONUS_L1_010_028;CONUS_L1_011_028,3
2026-10-01,260065890,https://apply.starbucks.com/careers/job/481080678588,"shift supervisor - Store# 09785, CHRISTIANSBURG",SHIFT_SUPERVISOR,09785,CHRISTIANSBURG,2700 Market St,Christiansburg,VA,,US,,1788321600,2026-09-02,29,2026-10-01,1788357486,2026-09-02,29,False,37.16725,-80.42166,481080678588,id:260065890,store:09785,Shift Supervisor,onsite,"2700 Market St, Christiansburg, Virginia, United States",1,VA,CONUS_L0_003_008;CONUS_L1_010_028;CONUS_L1_011_028,3
2026-10-01,260059845,https://apply.starbucks.com/careers/job/481080078997,"barista - Store# 03447, UNIVERSITY CITY BLVD",BARISTA,03447,UNIVERSITY CITY BLVD,880 University City Blvd,Blacksburg,VA,,US,,1786161600,2026-08-08,54,2026-10-01,1786283145,2026-08-09,53,False,37.2355685,-80.4332785,481080078997,id:260059845,store:03447,Barista,onsite,"880 University City Blvd, Blacksburg, Virginia, United States",1,VA,CONUS_L0_003_008;CONUS_L1_011_028,2
2026-10-01,260078683,https://apply.starbucks.com/careers/job/481080949644,"shift supervisor - Store# 03447, UNIVERSITY CITY BLVD",SHIFT_SUPERVISOR,03447,UNIVERSITY CITY BLVD,880 University City Blvd,Blacksburg,VA,,US,,1789963200,2026-09-21,10,2026-10-01,1790084455,2026-09-22,9,False,37.2355685,-80.4332785,481080949644,id:260078683,store:03447,Shift Supervisor,onsite,"880 University City Blvd, Blacksburg, Virginia, United States",1,VA,CONUS_L0_003_008;CONUS_L1_011_028,2
2026-10-01,260053425,https://apply.starbucks.com/careers/job/481079320253,"barista - Store# 10474, I-81 & EXIT 7",BARISTA,10474,I-81 & EXIT 7,3177 Lee Highway,Bristol,VA,,US,,1783310400,2026-07-06,88,2026-10-02,1783432067,2026-07-07,87,False,36.6318789,-82.1231418,481079320253,id:260053425,store:10474,Barista,onsite,"3177 Lee Highway, Bristol, Virginia, United States",1,VA,CONUS_L1_010_027,1
2026-10-01,260064316,https://apply.starbucks.com/careers/job/481080613045,"shift supervisor - Store# 10474, I-81 & EXIT 7",SHIFT_SUPERVISOR,10474,I-81 & EXIT 7,3177 Lee Highway,Bristol,VA,,US,,1788062400,2026-08-30,33,2026-10-02,1788183714,2026-08-31,32,False,36.6318789,-82.1231418,481080613045,id:260064316,store:10474,Shift Supervisor,onsite,"3177 Lee Highway, Bristol, Virginia, United States",1,VA,CONUS_L1_010_027,1
2026-10-01,260073199,https://apply.starbucks.com/careers/job/481080797988,"shift supervisor - Store# 82393, E MAIN & EXIT 19",SHIFT_SUPERVISOR,82393,E MAIN & EXIT 19,980 E Main St,Abingdon,VA,,US,,1789012800,2026-09-10,22,2026-10-02,1789135699,2026-09-11,21,False,36.7135348,-81.9367808,481080797988,id:260073199,store:82393,Shift Supervisor,onsite,"980 E Main St, Abingdon, Virginia, United States",1,VA,CONUS_L1_010_027;CONUS_L1_010_028,2
2026-10-01,260072846,https://apply.starbucks.com/careers/job/481080796709,"barista - Store# 82393, E MAIN & EXIT 19",BARISTA,82393,E MAIN & EXIT 19,980 E Main St,Abingdon,VA,,US,,1789012800,2026-09-10,22,2026-10-02,1789135403,2026-09-11,21,False,36.7135348,-81.9367808,481080796709,id:260072846,store:82393,Barista,onsite,"980 E Main St, Abingdon, Virginia, United States",1,VA,CONUS_L1_010_027;CONUS_L1_010_028,2
2026-10-01,260058958,https://apply.starbucks.com/careers/job/481079944441,"barista - Store# 78978, GALAX - EAST STUART DR - US58/221",BARISTA,78978,GALAX - EAST STUART DR - US58/221,85 Fiddlers Ridge Drive,Galax,VA,,US,,1785297600,2026-07-29,65,2026-10-02,1785418784,2026-07-30,64,False,36.5808712,-80.9856707,481079944441,id:260058958,store:78978,Barista,onsite,"85 Fiddlers Ridge Drive, Galax, Virginia, United States",1,VA,CONUS_L1_010_028,1
2026-10-01,260080635,https://apply.starbucks.com/careers/job/481081091766,"shift supervisor - Store# 78978, GALAX - EAST STUART DR - US58/221",SHIFT_SUPERVISOR,78978,GALAX - EAST STUART DR - US58/221,85 Fiddlers Ridge Drive,Galax,VA,,US,,1790740800,2026-09-30,2,2026-10-02,1790836116,2026-10-01,1,False,36.5808712,-80.9856707,481081091766,id:260080635,store:78978,Shift Supervisor,onsite,"85 Fiddlers Ridge Drive, Galax, Virginia, United States",1,VA,CONUS_L1_010_028,1
2026-10-01,260072132,https://apply.starbucks.com/careers/job/481080765202,"shift supervisor - Store# 78649, WYTHEVILLE - I-81 AND CHAPMAN RD",SHIFT_SUPERVISOR,78649,WYTHEVILLE - I-81 AND CHAPMAN RD,3153 Chapman Rd,Wytheville,VA,,US,,1788840000,2026-09-08,24,2026-10-02,1788961685,2026-09-09,23,False,36.93645,-80.99608,481080765202,id:260072132,store:78649,Shift Supervisor,onsite,"3153 Chapman Rd, Wytheville, Virginia, United States",1,VA,CONUS_L1_010_028,1
2026-10-01,260071228,https://apply.starbucks.com/careers/job/481080742552,"barista - Store# 14122, WYTHEVILLE COMMONS",BARISTA,14122,WYTHEVILLE COMMONS,"198 Commonwealth Dr, Wytheville Commons Shopping Center, # 240",Wytheville,VA,,US,,1788667200,2026-09-06,26,2026-10-02,1788789049,2026-09-07,25,False,36.9574106,-81.1000607,481080742552,id:260071228,store:14122,Barista,onsite,"198 Commonwealth Dr, Wytheville Commons Shopping Center, # 240, Wytheville, Virginia, United States",1,VA,CONUS_L1_010_028;CONUS_L1_011_027,2
2026-10-01,260075720,https://apply.starbucks.com/careers/job/481080840476,"shift supervisor - Store# 14122, WYTHEVILLE COMMONS",SHIFT_SUPERVISOR,14122,WYTHEVILLE COMMONS,"198 Commonwealth Dr, Wytheville Commons Shopping Center, # 240",Wytheville,VA,,US,,1789358400,2026-09-14,18,2026-10-02,1789479984,2026-09-15,17,False,36.9574106,-81.1000607,481080840476,id:260075720,store:14122,Shift Supervisor,onsite,"198 Commonwealth Dr, Wytheville Commons Shopping Center, # 240, Wytheville, Virginia, United States",1,VA,CONUS_L1_010_028;CONUS_L1_011_027,2
2026-10-01,260057731,https://apply.starbucks.com/careers/job/481079649159,"barista - Store# 67489, MARION - NORTH MAIN STREET",BARISTA,67489,MARION - NORTH MAIN STREET,1209 N Main St.,Marion,VA,,US,,1784606400,2026-07-21,73,2026-10-02,1784727912,2026-07-22,72,False,36.84511,-81.49989,481079649159,id:260057731,store:67489,Barista,onsite,"1209 N Main St., Marion, Virginia, United States",1,VA,CONUS_L1_010_028;CONUS_L1_011_027,2
2026-10-01,260079816,https://apply.starbucks.com/careers/job/481081018896,"barista - Store# 67588, 7438 Lee Highway - Radford",BARISTA,67588,7438 Lee Highway - Radford,7438 Lee Hwy,Radford,VA,,US,,1790395200,2026-09-26,6,2026-10-02,1790516520,2026-09-27,5,False,37.1431556,-80.58117109999999,481081018896,id:260079816,store:67588,Barista,onsite,"7438 Lee Hwy, Radford, Virginia, United States",1,VA,CONUS_L1_010_028;CONUS_L1_011_028,2
